,imbalanceRatio,Subset,Indicator,Sorted_Features
0,lr_shap_list_ir_5,lr_shap_list_ir_5_subset_19,orderMean,"['Wilderness_Area4', 'Wilderness_Area3', 'Hillshade_3pm', 'Hillshade_Noon', 'Elevation', 'Horizontal_Distance_To_Roadways', 'Horizontal_Distance_To_Hydrology', 'Horizontal_Distance_To_Fire_Points', 'Slope', 'Soil_Type10', 'Soil_Type2', 'Soil_Type4', 'Soil_Type6', 'Soil_Type1', 'Soil_Type17', 'Soil_Type3', 'Vertical_Distance_To_Hydrology', 'Hillshade_9am', 'Soil_Type14', 'Soil_Type5', 'Aspect', 'Soil_Type11', 'Soil_Type16', 'Soil_Type32', 'Soil_Type13']"
1,lr_shap_list_ir_5,lr_shap_list_ir_5_subset_19,orderStd,"['Hillshade_3pm', 'Hillshade_Noon', 'Wilderness_Area4', 'Wilderness_Area3', 'Horizontal_Distance_To_Roadways', 'Elevation', 'Horizontal_Distance_To_Hydrology', 'Horizontal_Distance_To_Fire_Points', 'Soil_Type1', 'Soil_Type2', 'Slope', 'Soil_Type10', 'Soil_Type14', 'Soil_Type17', 'Soil_Type3', 'Soil_Type6', 'Soil_Type5', 'Soil_Type11', 'Soil_Type4', 'Soil_Type16', 'Vertical_Distance_To_Hydrology', 'Hillshade_9am', 'Aspect', 'Soil_Type32', 'Soil_Type13']"
2,lr_shap_list_ir_5,lr_shap_list_ir_5_subset_19,orderSum,"['Wilderness_Area4', 'Wilderness_Area3', 'Hillshade_3pm', 'Hillshade_Noon', 'Elevation', 'Horizontal_Distance_To_Roadways', 'Horizontal_Distance_To_Hydrology', 'Horizontal_Distance_To_Fire_Points', 'Slope', 'Soil_Type10', 'Soil_Type2', 'Soil_Type4', 'Soil_Type6', 'Soil_Type1', 'Soil_Type17', 'Soil_Type3', 'Vertical_Distance_To_Hydrology', 'Hillshade_9am', 'Soil_Type14', 'Soil_Type5', 'Aspect', 'Soil_Type11', 'Soil_Type16', 'Soil_Type32', 'Soil_Type13']"
3,lr_shap_list_ir_3,lr_shap_list_ir_3_subset_39,orderMean,"['Wilderness_Area4', 'Wilderness_Area3', 'Hillshade_3pm', 'Hillshade_Noon', 'Horizontal_Distance_To_Roadways', 'Hillshade_9am', 'Elevation', 'Slope', 'Horizontal_Distance_To_Hydrology', 'Horizontal_Distance_To_Fire_Points', 'Soil_Type10', 'Aspect', 'Soil_Type3', 'Soil_Type2', 'Soil_Type6', 'Soil_Type1', 'Soil_Type4', 'Soil_Type17', 'Vertical_Distance_To_Hydrology', 'Soil_Type14', 'Soil_Type11', 'Soil_Type5', 'Soil_Type16', 'Soil_Type32', 'Soil_Type13']"
4,lr_shap_list_ir_3,lr_shap_list_ir_3_subset_39,orderStd,"['Hillshade_3pm', 'Hillshade_Noon', 'Horizontal_Distance_To_Roadways', 'Wilderness_Area4', 'Hillshade_9am', 'Elevation', 'Wilderness_Area3', 'Horizontal_Distance_To_Hydrology', 'Horizontal_Distance_To_Fire_Points', 'Slope', 'Soil_Type1', 'Soil_Type3', 'Soil_Type17', 'Soil_Type14', 'Soil_Type6', 'Soil_Type2', 'Soil_Type10', 'Aspect', 'Soil_Type5', 'Soil_Type11', 'Soil_Type16', 'Soil_Type4', 'Vertical_Distance_To_Hydrology', 'Soil_Type32', 'Soil_Type13']"
5,lr_shap_list_ir_3,lr_shap_list_ir_3_subset_39,orderSum,"['Wilderness_Area4', 'Wilderness_Area3', 'Hillshade_3pm', 'Hillshade_Noon', 'Horizontal_Distance_To_Roadways', 'Hillshade_9am', 'Elevation', 'Slope', 'Horizontal_Distance_To_Hydrology', 'Horizontal_Distance_To_Fire_Points', 'Soil_Type10', 'Aspect', 'Soil_Type3', 'Soil_Type2', 'Soil_Type6', 'Soil_Type1', 'Soil_Type4', 'Soil_Type17', 'Vertical_Distance_To_Hydrology', 'Soil_Type14', 'Soil_Type11', 'Soil_Type5', 'Soil_Type16', 'Soil_Type32', 'Soil_Type13']"
6,lr_shap_list_ir_1,lr_shap_list_ir_1_subset_100,orderMean,"['Wilderness_Area4', 'Hillshade_3pm', 'Wilderness_Area3', 'Hillshade_Noon', 'Hillshade_9am', 'Horizontal_Distance_To_Roadways', 'Slope', 'Elevation', 'Horizontal_Distance_To_Hydrology', 'Horizontal_Distance_To_Fire_Points', 'Soil_Type11', 'Soil_Type3', 'Soil_Type10', 'Soil_Type17', 'Soil_Type14', 'Soil_Type4', 'Soil_Type6', 'Soil_Type5', 'Soil_Type1', 'Vertical_Distance_To_Hydrology', 'Aspect', 'Soil_Type2', 'Soil_Type16', 'Soil_Type32', 'Soil_Type13']"
7,lr_shap_list_ir_1,lr_shap_list_ir_1_subset_100,orderStd,"['Hillshade_3pm', 'Hillshade_Noon', 'Soil_Type11', 'Hillshade_9am', 'Wilderness_Area4', 'Wilderness_Area3', 'Horizontal_Distance_To_Roadways', 'Horizontal_Distance_To_Hydrology', 'Slope', 'Elevation', 'Soil_Type17', 'Soil_Type3', 'Horizontal_Distance_To_Fire_Points', 'Soil_Type14', 'Soil_Type10', 'Soil_Type5', 'Soil_Type1', 'Soil_Type4', 'Soil_Type6', 'Vertical_Distance_To_Hydrology', 'Soil_Type16', 'Aspect', 'Soil_Type32', 'Soil_Type2', 'Soil_Type13']"
8,lr_shap_list_ir_1,lr_shap_list_ir_1_subset_100,orderSum,"['Wilderness_Area4', 'Hillshade_3pm', 'Wilderness_Area3', 'Hillshade_Noon', 'Hillshade_9am', 'Horizontal_Distance_To_Roadways', 'Slope', 'Elevation', 'Horizontal_Distance_To_Hydrology', 'Horizontal_Distance_To_Fire_Points', 'Soil_Type11', 'Soil_Type3', 'Soil_Type10', 'Soil_Type17', 'Soil_Type14', 'Soil_Type4', 'Soil_Type6', 'Soil_Type5', 'Soil_Type1', 'Vertical_Distance_To_Hydrology', 'Aspect', 'Soil_Type2', 'Soil_Type16', 'Soil_Type32', 'Soil_Type13']"
9,lr_shap_list_ir_4,lr_shap_list_ir_4_subset_55,orderMean,"['Wilderness_Area4', 'Wilderness_Area3', 'Hillshade_3pm', 'Hillshade_Noon', 'Horizontal_Distance_To_Roadways', 'Elevation', 'Horizontal_Distance_To_Hydrology', 'Horizontal_Distance_To_Fire_Points', 'Slope', 'Soil_Type10', 'Soil_Type2', 'Soil_Type4', 'Soil_Type6', 'Hillshade_9am', 'Soil_Type3', 'Soil_Type1', 'Soil_Type17', 'Vertical_Distance_To_Hydrology', 'Aspect', 'Soil_Type14', 'Soil_Type5', 'Soil_Type11', 'Soil_Type16', 'Soil_Type32', 'Soil_Type13']"
10,lr_shap_list_ir_4,lr_shap_list_ir_4_subset_55,orderStd,"['Hillshade_3pm', 'Hillshade_Noon', 'Wilderness_Area4', 'Wilderness_Area3', 'Horizontal_Distance_To_Roadways', 'Elevation', 'Horizontal_Distance_To_Hydrology', 'Horizontal_Distance_To_Fire_Points', 'Slope', 'Soil_Type1', 'Soil_Type2', 'Soil_Type3', 'Soil_Type17', 'Soil_Type10', 'Soil_Type14', 'Soil_Type4', 'Soil_Type6', 'Soil_Type5', 'Vertical_Distance_To_Hydrology', 'Hillshade_9am', 'Soil_Type16', 'Soil_Type11', 'Aspect', 'Soil_Type32', 'Soil_Type13']"
11,lr_shap_list_ir_4,lr_shap_list_ir_4_subset_55,orderSum,"['Wilderness_Area4', 'Wilderness_Area3', 'Hillshade_3pm', 'Hillshade_Noon', 'Horizontal_Distance_To_Roadways', 'Elevation', 'Horizontal_Distance_To_Hydrology', 'Horizontal_Distance_To_Fire_Points', 'Slope', 'Soil_Type10', 'Soil_Type2', 'Soil_Type4', 'Soil_Type6', 'Hillshade_9am', 'Soil_Type3', 'Soil_Type1', 'Soil_Type17', 'Vertical_Distance_To_Hydrology', 'Aspect', 'Soil_Type14', 'Soil_Type5', 'Soil_Type11', 'Soil_Type16', 'Soil_Type32', 'Soil_Type13']"
12,lr_shap_list_ir_1,lr_shap_list_ir_1_subset_68,orderMean,"['Wilderness_Area4', 'Wilderness_Area3', 'Hillshade_3pm', 'Hillshade_Noon', 'Hillshade_9am', 'Horizontal_Distance_To_Roadways', 'Elevation', 'Horizontal_Distance_To_Hydrology', 'Horizontal_Distance_To_Fire_Points', 'Slope', 'Soil_Type10', 'Soil_Type1', 'Soil_Type4', 'Soil_Type3', 'Soil_Type2', 'Soil_Type5', 'Aspect', 'Soil_Type6', 'Soil_Type17', 'Soil_Type11', 'Vertical_Distance_To_Hydrology', 'Soil_Type14', 'Soil_Type32', 'Soil_Type16', 'Soil_Type13']"
13,lr_shap_list_ir_1,lr_shap_list_ir_1_subset_68,orderStd,"['Hillshade_3pm', 'Hillshade_Noon', 'Horizontal_Distance_To_Roadways', 'Hillshade_9am', 'Wilderness_Area4', 'Wilderness_Area3', 'Elevation', 'Horizontal_Distance_To_Hydrology', 'Horizontal_Distance_To_Fire_Points', 'Soil_Type1', 'Soil_Type3', 'Slope', 'Soil_Type4', 'Soil_Type2', 'Soil_Type5', 'Soil_Type17', 'Soil_Type10', 'Soil_Type14', 'Soil_Type11', 'Soil_Type6', 'Aspect', 'Soil_Type16', 'Vertical_Distance_To_Hydrology', 'Soil_Type32', 'Soil_Type13']"
14,lr_shap_list_ir_1,lr_shap_list_ir_1_subset_68,orderSum,"['Wilderness_Area4', 'Wilderness_Area3', 'Hillshade_3pm', 'Hillshade_Noon', 'Hillshade_9am', 'Horizontal_Distance_To_Roadways', 'Elevation', 'Horizontal_Distance_To_Hydrology', 'Horizontal_Distance_To_Fire_Points', 'Slope', 'Soil_Type10', 'Soil_Type1', 'Soil_Type4', 'Soil_Type3', 'Soil_Type2', 'Soil_Type5', 'Aspect', 'Soil_Type6', 'Soil_Type17', 'Soil_Type11', 'Vertical_Distance_To_Hydrology', 'Soil_Type14', 'Soil_Type32', 'Soil_Type16', 'Soil_Type13']"
15,lr_shap_list_ir_1,lr_shap_list_ir_1_subset_99,orderMean,"['Wilderness_Area4', 'Hillshade_3pm', 'Hillshade_9am', 'Hillshade_Noon', 'Wilderness_Area3', 'Horizontal_Distance_To_Roadways', 'Elevation', 'Slope', 'Horizontal_Distance_To_Fire_Points', 'Horizontal_Distance_To_Hydrology', 'Soil_Type10', 'Soil_Type3', 'Soil_Type2', 'Aspect', 'Soil_Type11', 'Soil_Type17', 'Soil_Type1', 'Vertical_Distance_To_Hydrology', 'Soil_Type14', 'Soil_Type6', 'Soil_Type4', 'Soil_Type5', 'Soil_Type16', 'Soil_Type32', 'Soil_Type13']"
16,lr_shap_list_ir_1,lr_shap_list_ir_1_subset_99,orderStd,"['Hillshade_3pm', 'Hillshade_Noon', 'Hillshade_9am', 'Wilderness_Area4', 'Horizontal_Distance_To_Roadways', 'Elevation', 'Slope', 'Wilderness_Area3', 'Horizontal_Distance_To_Fire_Points', 'Soil_Type3', 'Horizontal_Distance_To_Hydrology', 'Soil_Type11', 'Soil_Type14', 'Soil_Type17', 'Soil_Type1', 'Soil_Type2', 'Soil_Type10', 'Aspect', 'Vertical_Distance_To_Hydrology', 'Soil_Type16', 'Soil_Type5', 'Soil_Type6', 'Soil_Type4', 'Soil_Type32', 'Soil_Type13']"
17,lr_shap_list_ir_1,lr_shap_list_ir_1_subset_99,orderSum,"['Wilderness_Area4', 'Hillshade_3pm', 'Hillshade_9am', 'Hillshade_Noon', 'Wilderness_Area3', 'Horizontal_Distance_To_Roadways', 'Elevation', 'Slope', 'Horizontal_Distance_To_Fire_Points', 'Horizontal_Distance_To_Hydrology', 'Soil_Type10', 'Soil_Type3', 'Soil_Type2', 'Aspect', 'Soil_Type11', 'Soil_Type17', 'Soil_Type1', 'Vertical_Distance_To_Hydrology', 'Soil_Type14', 'Soil_Type6', 'Soil_Type4', 'Soil_Type5', 'Soil_Type16', 'Soil_Type32', 'Soil_Type13']"
18,lr_shap_list_ir_1,lr_shap_list_ir_1_subset_61,orderMean,"['Wilderness_Area3', 'Wilderness_Area4', 'Horizontal_Distance_To_Roadways', 'Soil_Type10', 'Elevation', 'Hillshade_9am', 'Hillshade_Noon', 'Horizontal_Distance_To_Fire_Points', 'Soil_Type2', 'Horizontal_Distance_To_Hydrology', 'Hillshade_3pm', 'Soil_Type4', 'Soil_Type6', 'Soil_Type1', 'Vertical_Distance_To_Hydrology', 'Slope', 'Soil_Type11', 'Soil_Type5', 'Aspect', 'Soil_Type17', 'Soil_Type3', 'Soil_Type14', 'Soil_Type16', 'Soil_Type32', 'Soil_Type13']"
19,lr_shap_list_ir_1,lr_shap_list_ir_1_subset_61,orderStd,"['Wilderness_Area3', 'Horizontal_Distance_To_Roadways', 'Elevation', 'Wilderness_Area4', 'Hillshade_Noon', 'Hillshade_9am', 'Horizontal_Distance_To_Fire_Points', 'Soil_Type2', 'Soil_Type6', 'Soil_Type1', 'Horizontal_Distance_To_Hydrology', 'Soil_Type10', 'Hillshade_3pm', 'Soil_Type11', 'Soil_Type4', 'Soil_Type5', 'Vertical_Distance_To_Hydrology', 'Soil_Type14', 'Soil_Type17', 'Slope', 'Soil_Type16', 'Soil_Type3', 'Aspect', 'Soil_Type32', 'Soil_Type13']"
20,lr_shap_list_ir_1,lr_shap_list_ir_1_subset_61,orderSum,"['Wilderness_Area3', 'Wilderness_Area4', 'Horizontal_Distance_To_Roadways', 'Soil_Type10', 'Elevation', 'Hillshade_9am', 'Hillshade_Noon', 'Horizontal_Distance_To_Fire_Points', 'Soil_Type2', 'Horizontal_Distance_To_Hydrology', 'Hillshade_3pm', 'Soil_Type4', 'Soil_Type6', 'Soil_Type1', 'Vertical_Distance_To_Hydrology', 'Slope', 'Soil_Type11', 'Soil_Type5', 'Aspect', 'Soil_Type17', 'Soil_Type3', 'Soil_Type14', 'Soil_Type16', 'Soil_Type32', 'Soil_Type13']"
21,lr_shap_list_ir_5,lr_shap_list_ir_5_subset_96,orderMean,"['Wilderness_Area4', 'Wilderness_Area3', 'Hillshade_3pm', 'Hillshade_Noon', 'Horizontal_Distance_To_Roadways', 'Elevation', 'Horizontal_Distance_To_Hydrology', 'Horizontal_Distance_To_Fire_Points', 'Slope', 'Soil_Type10', 'Soil_Type2', 'Soil_Type4', 'Hillshade_9am', 'Soil_Type6', 'Soil_Type3', 'Soil_Type1', 'Vertical_Distance_To_Hydrology', 'Soil_Type17', 'Soil_Type5', 'Aspect', 'Soil_Type11', 'Soil_Type14', 'Soil_Type16', 'Soil_Type32', 'Soil_Type13']"
22,lr_shap_list_ir_5,lr_shap_list_ir_5_subset_96,orderStd,"['Hillshade_3pm', 'Hillshade_Noon', 'Horizontal_Distance_To_Roadways', 'Elevation', 'Wilderness_Area4', 'Wilderness_Area3', 'Horizontal_Distance_To_Hydrology', 'Horizontal_Distance_To_Fire_Points', 'Soil_Type1', 'Slope', 'Soil_Type14', 'Soil_Type17', 'Soil_Type3', 'Soil_Type2', 'Soil_Type4', 'Soil_Type5', 'Soil_Type10', 'Soil_Type6', 'Soil_Type11', 'Soil_Type16', 'Hillshade_9am', 'Vertical_Distance_To_Hydrology', 'Aspect', 'Soil_Type32', 'Soil_Type13']"
23,lr_shap_list_ir_5,lr_shap_list_ir_5_subset_96,orderSum,"['Wilderness_Area4', 'Wilderness_Area3', 'Hillshade_3pm', 'Hillshade_Noon', 'Horizontal_Distance_To_Roadways', 'Elevation', 'Horizontal_Distance_To_Hydrology', 'Horizontal_Distance_To_Fire_Points', 'Slope', 'Soil_Type10', 'Soil_Type2', 'Soil_Type4', 'Hillshade_9am', 'Soil_Type6', 'Soil_Type3', 'Soil_Type1', 'Vertical_Distance_To_Hydrology', 'Soil_Type17', 'Soil_Type5', 'Aspect', 'Soil_Type11', 'Soil_Type14', 'Soil_Type16', 'Soil_Type32', 'Soil_Type13']"
24,lr_shap_list_ir_1,lr_shap_list_ir_1_subset_12,orderMean,"['Wilderness_Area3', 'Wilderness_Area4', 'Hillshade_Noon', 'Elevation', 'Horizontal_Distance_To_Roadways', 'Hillshade_3pm', 'Horizontal_Distance_To_Fire_Points', 'Soil_Type10', 'Soil_Type2', 'Horizontal_Distance_To_Hydrology', 'Slope', 'Hillshade_9am', 'Soil_Type6', 'Soil_Type1', 'Soil_Type4', 'Aspect', 'Vertical_Distance_To_Hydrology', 'Soil_Type3', 'Soil_Type17', 'Soil_Type11', 'Soil_Type5', 'Soil_Type16', 'Soil_Type14', 'Soil_Type32', 'Soil_Type13']"
25,lr_shap_list_ir_1,lr_shap_list_ir_1_subset_12,orderStd,"['Wilderness_Area3', 'Wilderness_Area4', 'Horizontal_Distance_To_Roadways', 'Elevation', 'Hillshade_Noon', 'Hillshade_3pm', 'Soil_Type2', 'Horizontal_Distance_To_Fire_Points', 'Soil_Type1', 'Soil_Type6', 'Soil_Type17', 'Horizontal_Distance_To_Hydrology', 'Slope', 'Soil_Type11', 'Soil_Type5', 'Soil_Type4', 'Hillshade_9am', 'Soil_Type3', 'Soil_Type16', 'Soil_Type14', 'Vertical_Distance_To_Hydrology', 'Soil_Type10', 'Aspect', 'Soil_Type32', 'Soil_Type13']"
26,lr_shap_list_ir_1,lr_shap_list_ir_1_subset_12,orderSum,"['Wilderness_Area3', 'Wilderness_Area4', 'Hillshade_Noon', 'Elevation', 'Horizontal_Distance_To_Roadways', 'Hillshade_3pm', 'Horizontal_Distance_To_Fire_Points', 'Soil_Type10', 'Soil_Type2', 'Horizontal_Distance_To_Hydrology', 'Slope', 'Hillshade_9am', 'Soil_Type6', 'Soil_Type1', 'Soil_Type4', 'Aspect', 'Vertical_Distance_To_Hydrology', 'Soil_Type3', 'Soil_Type17', 'Soil_Type11', 'Soil_Type5', 'Soil_Type16', 'Soil_Type14', 'Soil_Type32', 'Soil_Type13']"
27,lr_shap_list_ir_3,lr_shap_list_ir_3_subset_36,orderMean,"['Wilderness_Area4', 'Wilderness_Area3', 'Hillshade_3pm', 'Hillshade_Noon', 'Elevation', 'Horizontal_Distance_To_Roadways', 'Hillshade_9am', 'Horizontal_Distance_To_Hydrology', 'Slope', 'Horizontal_Distance_To_Fire_Points', 'Soil_Type10', 'Vertical_Distance_To_Hydrology', 'Soil_Type2', 'Soil_Type4', 'Soil_Type3', 'Aspect', 'Soil_Type6', 'Soil_Type1', 'Soil_Type11', 'Soil_Type5', 'Soil_Type17', 'Soil_Type16', 'Soil_Type14', 'Soil_Type32', 'Soil_Type13']"
28,lr_shap_list_ir_3,lr_shap_list_ir_3_subset_36,orderStd,"['Hillshade_3pm', 'Hillshade_Noon', 'Wilderness_Area4', 'Horizontal_Distance_To_Roadways', 'Elevation', 'Wilderness_Area3', 'Hillshade_9am', 'Horizontal_Distance_To_Hydrology', 'Horizontal_Distance_To_Fire_Points', 'Slope', 'Soil_Type1', 'Soil_Type3', 'Soil_Type2', 'Soil_Type17', 'Soil_Type11', 'Soil_Type14', 'Vertical_Distance_To_Hydrology', 'Soil_Type5', 'Soil_Type6', 'Soil_Type16', 'Soil_Type4', 'Soil_Type10', 'Aspect', 'Soil_Type32', 'Soil_Type13']"
29,lr_shap_list_ir_3,lr_shap_list_ir_3_subset_36,orderSum,"['Wilderness_Area4', 'Wilderness_Area3', 'Hillshade_3pm', 'Hillshade_Noon', 'Elevation', 'Horizontal_Distance_To_Roadways', 'Hillshade_9am', 'Horizontal_Distance_To_Hydrology', 'Slope', 'Horizontal_Distance_To_Fire_Points', 'Soil_Type10', 'Vertical_Distance_To_Hydrology', 'Soil_Type2', 'Soil_Type4', 'Soil_Type3', 'Aspect', 'Soil_Type6', 'Soil_Type1', 'Soil_Type11', 'Soil_Type5', 'Soil_Type17', 'Soil_Type16', 'Soil_Type14', 'Soil_Type32', 'Soil_Type13']"
30,lr_shap_list_ir_1,lr_shap_list_ir_1_subset_18,orderMean,"['Wilderness_Area3', 'Wilderness_Area4', 'Hillshade_Noon', 'Horizontal_Distance_To_Roadways', 'Elevation', 'Hillshade_3pm', 'Soil_Type10', 'Horizontal_Distance_To_Hydrology', 'Horizontal_Distance_To_Fire_Points', 'Hillshade_9am', 'Soil_Type2', 'Soil_Type1', 'Slope', 'Soil_Type4', 'Soil_Type3', 'Soil_Type5', 'Aspect', 'Soil_Type17', 'Soil_Type6', 'Soil_Type14', 'Vertical_Distance_To_Hydrology', 'Soil_Type11', 'Soil_Type32', 'Soil_Type16', 'Soil_Type13']"
31,lr_shap_list_ir_1,lr_shap_list_ir_1_subset_18,orderStd,"['Hillshade_Noon', 'Horizontal_Distance_To_Roadways', 'Elevation', 'Hillshade_3pm', 'Soil_Type1', 'Wilderness_Area3', 'Wilderness_Area4', 'Horizontal_Distance_To_Hydrology', 'Horizontal_Distance_To_Fire_Points', 'Soil_Type10', 'Soil_Type2', 'Soil_Type3', 'Soil_Type14', 'Hillshade_9am', 'Soil_Type5', 'Soil_Type17', 'Slope', 'Soil_Type4', 'Soil_Type6', 'Soil_Type11', 'Aspect', 'Vertical_Distance_To_Hydrology', 'Soil_Type32', 'Soil_Type16', 'Soil_Type13']"
32,lr_shap_list_ir_1,lr_shap_list_ir_1_subset_18,orderSum,"['Wilderness_Area3', 'Wilderness_Area4', 'Hillshade_Noon', 'Horizontal_Distance_To_Roadways', 'Elevation', 'Hillshade_3pm', 'Soil_Type10', 'Horizontal_Distance_To_Hydrology', 'Horizontal_Distance_To_Fire_Points', 'Hillshade_9am', 'Soil_Type2', 'Soil_Type1', 'Slope', 'Soil_Type4', 'Soil_Type3', 'Soil_Type5', 'Aspect', 'Soil_Type17', 'Soil_Type6', 'Soil_Type14', 'Vertical_Distance_To_Hydrology', 'Soil_Type11', 'Soil_Type32', 'Soil_Type16', 'Soil_Type13']"
33,lr_shap_list_ir_2,lr_shap_list_ir_2_subset_39,orderMean,"['Wilderness_Area3', 'Wilderness_Area4', 'Hillshade_Noon', 'Hillshade_3pm', 'Horizontal_Distance_To_Roadways', 'Elevation', 'Horizontal_Distance_To_Fire_Points', 'Soil_Type10', 'Horizontal_Distance_To_Hydrology', 'Hillshade_9am', 'Aspect', 'Soil_Type1', 'Soil_Type2', 'Slope', 'Soil_Type4', 'Soil_Type6', 'Soil_Type3', 'Vertical_Distance_To_Hydrology', 'Soil_Type5', 'Soil_Type17', 'Soil_Type14', 'Soil_Type16', 'Soil_Type11', 'Soil_Type32', 'Soil_Type13']"
34,lr_shap_list_ir_2,lr_shap_list_ir_2_subset_39,orderStd,"['Wilderness_Area3', 'Wilderness_Area4', 'Hillshade_Noon', 'Hillshade_3pm', 'Horizontal_Distance_To_Roadways', 'Elevation', 'Horizontal_Distance_To_Fire_Points', 'Horizontal_Distance_To_Hydrology', 'Soil_Type1', 'Soil_Type2', 'Soil_Type4', 'Hillshade_9am', 'Soil_Type3', 'Soil_Type17', 'Soil_Type5', 'Aspect', 'Slope', 'Soil_Type6', 'Soil_Type10', 'Soil_Type16', 'Soil_Type14', 'Vertical_Distance_To_Hydrology', 'Soil_Type32', 'Soil_Type11', 'Soil_Type13']"
35,lr_shap_list_ir_2,lr_shap_list_ir_2_subset_39,orderSum,"['Wilderness_Area3', 'Wilderness_Area4', 'Hillshade_Noon', 'Hillshade_3pm', 'Horizontal_Distance_To_Roadways', 'Elevation', 'Horizontal_Distance_To_Fire_Points', 'Soil_Type10', 'Horizontal_Distance_To_Hydrology', 'Hillshade_9am', 'Aspect', 'Soil_Type1', 'Soil_Type2', 'Slope', 'Soil_Type4', 'Soil_Type6', 'Soil_Type3', 'Vertical_Distance_To_Hydrology', 'Soil_Type5', 'Soil_Type17', 'Soil_Type14', 'Soil_Type16', 'Soil_Type11', 'Soil_Type32', 'Soil_Type13']"
36,lr_shap_list_ir_1,lr_shap_list_ir_1_subset_73,orderMean,"['Wilderness_Area3', 'Hillshade_9am', 'Wilderness_Area4', 'Horizontal_Distance_To_Roadways', 'Elevation', 'Hillshade_Noon', 'Horizontal_Distance_To_Hydrology', 'Soil_Type4', 'Horizontal_Distance_To_Fire_Points', 'Soil_Type10', 'Soil_Type2', 'Soil_Type1', 'Hillshade_3pm', 'Soil_Type6', 'Vertical_Distance_To_Hydrology', 'Slope', 'Soil_Type3', 'Soil_Type11', 'Soil_Type5', 'Soil_Type16', 'Aspect', 'Soil_Type17', 'Soil_Type14', 'Soil_Type32', 'Soil_Type13']"
37,lr_shap_list_ir_1,lr_shap_list_ir_1_subset_73,orderStd,"['Hillshade_9am', 'Horizontal_Distance_To_Roadways', 'Elevation', 'Wilderness_Area3', 'Hillshade_Noon', 'Soil_Type4', 'Soil_Type2', 'Horizontal_Distance_To_Hydrology', 'Soil_Type1', 'Horizontal_Distance_To_Fire_Points', 'Soil_Type6', 'Soil_Type10', 'Wilderness_Area4', 'Soil_Type11', 'Soil_Type5', 'Hillshade_3pm', 'Soil_Type3', 'Vertical_Distance_To_Hydrology', 'Soil_Type16', 'Soil_Type14', 'Slope', 'Soil_Type17', 'Aspect', 'Soil_Type32', 'Soil_Type13']"
38,lr_shap_list_ir_1,lr_shap_list_ir_1_subset_73,orderSum,"['Wilderness_Area3', 'Hillshade_9am', 'Wilderness_Area4', 'Horizontal_Distance_To_Roadways', 'Elevation', 'Hillshade_Noon', 'Horizontal_Distance_To_Hydrology', 'Soil_Type4', 'Horizontal_Distance_To_Fire_Points', 'Soil_Type10', 'Soil_Type2', 'Soil_Type1', 'Hillshade_3pm', 'Soil_Type6', 'Vertical_Distance_To_Hydrology', 'Slope', 'Soil_Type3', 'Soil_Type11', 'Soil_Type5', 'Soil_Type16', 'Aspect', 'Soil_Type17', 'Soil_Type14', 'Soil_Type32', 'Soil_Type13']"
39,lr_shap_list_ir_3,lr_shap_list_ir_3_subset_21,orderMean,"['Wilderness_Area4', 'Wilderness_Area3', 'Hillshade_3pm', 'Hillshade_Noon', 'Horizontal_Distance_To_Roadways', 'Elevation', 'Hillshade_9am', 'Horizontal_Distance_To_Hydrology', 'Slope', 'Horizontal_Distance_To_Fire_Points', 'Soil_Type10', 'Soil_Type2', 'Vertical_Distance_To_Hydrology', 'Soil_Type4', 'Soil_Type1', 'Soil_Type6', 'Aspect', 'Soil_Type3', 'Soil_Type17', 'Soil_Type14', 'Soil_Type5', 'Soil_Type11', 'Soil_Type16', 'Soil_Type32', 'Soil_Type13']"
40,lr_shap_list_ir_3,lr_shap_list_ir_3_subset_21,orderStd,"['Hillshade_3pm', 'Hillshade_Noon', 'Wilderness_Area4', 'Horizontal_Distance_To_Roadways', 'Wilderness_Area3', 'Elevation', 'Hillshade_9am', 'Horizontal_Distance_To_Hydrology', 'Slope', 'Horizontal_Distance_To_Fire_Points', 'Soil_Type1', 'Soil_Type2', 'Soil_Type3', 'Soil_Type14', 'Soil_Type6', 'Soil_Type17', 'Soil_Type5', 'Vertical_Distance_To_Hydrology', 'Soil_Type4', 'Soil_Type10', 'Soil_Type16', 'Aspect', 'Soil_Type11', 'Soil_Type32', 'Soil_Type13']"
41,lr_shap_list_ir_3,lr_shap_list_ir_3_subset_21,orderSum,"['Wilderness_Area4', 'Wilderness_Area3', 'Hillshade_3pm', 'Hillshade_Noon', 'Horizontal_Distance_To_Roadways', 'Elevation', 'Hillshade_9am', 'Horizontal_Distance_To_Hydrology', 'Slope', 'Horizontal_Distance_To_Fire_Points', 'Soil_Type10', 'Soil_Type2', 'Vertical_Distance_To_Hydrology', 'Soil_Type4', 'Soil_Type1', 'Soil_Type6', 'Aspect', 'Soil_Type3', 'Soil_Type17', 'Soil_Type14', 'Soil_Type5', 'Soil_Type11', 'Soil_Type16', 'Soil_Type32', 'Soil_Type13']"
42,lr_shap_list_ir_1,lr_shap_list_ir_1_subset_44,orderMean,"['Wilderness_Area4', 'Wilderness_Area3', 'Hillshade_3pm', 'Hillshade_Noon', 'Horizontal_Distance_To_Roadways', 'Hillshade_9am', 'Elevation', 'Slope', 'Horizontal_Distance_To_Hydrology', 'Soil_Type10', 'Horizontal_Distance_To_Fire_Points', 'Soil_Type2', 'Soil_Type3', 'Soil_Type6', 'Aspect', 'Soil_Type4', 'Vertical_Distance_To_Hydrology', 'Soil_Type5', 'Soil_Type17', 'Soil_Type1', 'Soil_Type16', 'Soil_Type14', 'Soil_Type11', 'Soil_Type32', 'Soil_Type13']"
43,lr_shap_list_ir_1,lr_shap_list_ir_1_subset_44,orderStd,"['Hillshade_3pm', 'Hillshade_Noon', 'Wilderness_Area4', 'Wilderness_Area3', 'Horizontal_Distance_To_Roadways', 'Hillshade_9am', 'Elevation', 'Slope', 'Soil_Type5', 'Horizontal_Distance_To_Hydrology', 'Horizontal_Distance_To_Fire_Points', 'Soil_Type2', 'Soil_Type3', 'Soil_Type10', 'Soil_Type17', 'Soil_Type6', 'Soil_Type16', 'Soil_Type14', 'Soil_Type1', 'Soil_Type4', 'Vertical_Distance_To_Hydrology', 'Aspect', 'Soil_Type11', 'Soil_Type32', 'Soil_Type13']"
44,lr_shap_list_ir_1,lr_shap_list_ir_1_subset_44,orderSum,"['Wilderness_Area4', 'Wilderness_Area3', 'Hillshade_3pm', 'Hillshade_Noon', 'Horizontal_Distance_To_Roadways', 'Hillshade_9am', 'Elevation', 'Slope', 'Horizontal_Distance_To_Hydrology', 'Soil_Type10', 'Horizontal_Distance_To_Fire_Points', 'Soil_Type2', 'Soil_Type3', 'Soil_Type6', 'Aspect', 'Soil_Type4', 'Vertical_Distance_To_Hydrology', 'Soil_Type5', 'Soil_Type17', 'Soil_Type1', 'Soil_Type16', 'Soil_Type14', 'Soil_Type11', 'Soil_Type32', 'Soil_Type13']"
45,lr_shap_list_ir_4,lr_shap_list_ir_4_subset_93,orderMean,"['Wilderness_Area4', 'Hillshade_3pm', 'Wilderness_Area3', 'Hillshade_Noon', 'Horizontal_Distance_To_Roadways', 'Hillshade_9am', 'Elevation', 'Slope', 'Horizontal_Distance_To_Hydrology', 'Horizontal_Distance_To_Fire_Points', 'Soil_Type10', 'Soil_Type3', 'Soil_Type2', 'Vertical_Distance_To_Hydrology', 'Soil_Type1', 'Soil_Type6', 'Soil_Type17', 'Aspect', 'Soil_Type4', 'Soil_Type5', 'Soil_Type14', 'Soil_Type11', 'Soil_Type16', 'Soil_Type32', 'Soil_Type13']"
46,lr_shap_list_ir_4,lr_shap_list_ir_4_subset_93,orderStd,"['Hillshade_3pm', 'Hillshade_Noon', 'Horizontal_Distance_To_Roadways', 'Wilderness_Area4', 'Hillshade_9am', 'Elevation', 'Wilderness_Area3', 'Horizontal_Distance_To_Hydrology', 'Slope', 'Horizontal_Distance_To_Fire_Points', 'Soil_Type1', 'Soil_Type17', 'Soil_Type14', 'Soil_Type3', 'Soil_Type2', 'Soil_Type5', 'Soil_Type10', 'Soil_Type6', 'Soil_Type11', 'Soil_Type16', 'Vertical_Distance_To_Hydrology', 'Aspect', 'Soil_Type4', 'Soil_Type32', 'Soil_Type13']"
47,lr_shap_list_ir_4,lr_shap_list_ir_4_subset_93,orderSum,"['Wilderness_Area4', 'Hillshade_3pm', 'Wilderness_Area3', 'Hillshade_Noon', 'Horizontal_Distance_To_Roadways', 'Hillshade_9am', 'Elevation', 'Slope', 'Horizontal_Distance_To_Hydrology', 'Horizontal_Distance_To_Fire_Points', 'Soil_Type10', 'Soil_Type3', 'Soil_Type2', 'Vertical_Distance_To_Hydrology', 'Soil_Type1', 'Soil_Type6', 'Soil_Type17', 'Aspect', 'Soil_Type4', 'Soil_Type5', 'Soil_Type14', 'Soil_Type11', 'Soil_Type16', 'Soil_Type32', 'Soil_Type13']"
48,lr_shap_list_ir_2,lr_shap_list_ir_2_subset_101,orderMean,"['Wilderness_Area4', 'Wilderness_Area3', 'Elevation', 'Hillshade_Noon', 'Horizontal_Distance_To_Roadways', 'Hillshade_3pm', 'Hillshade_9am', 'Horizontal_Distance_To_Hydrology', 'Horizontal_Distance_To_Fire_Points', 'Slope', 'Soil_Type2', 'Soil_Type1', 'Soil_Type4', 'Soil_Type10', 'Soil_Type3', 'Soil_Type6', 'Vertical_Distance_To_Hydrology', 'Soil_Type5', 'Aspect', 'Soil_Type17', 'Soil_Type11', 'Soil_Type16', 'Soil_Type14', 'Soil_Type32', 'Soil_Type13']"
49,lr_shap_list_ir_2,lr_shap_list_ir_2_subset_101,orderStd,"['Wilderness_Area4', 'Wilderness_Area3', 'Elevation', 'Horizontal_Distance_To_Roadways', 'Hillshade_Noon', 'Hillshade_3pm', 'Hillshade_9am', 'Soil_Type1', 'Soil_Type5', 'Horizontal_Distance_To_Hydrology', 'Horizontal_Distance_To_Fire_Points', 'Soil_Type2', 'Soil_Type17', 'Slope', 'Soil_Type4', 'Soil_Type14', 'Soil_Type6', 'Soil_Type3', 'Soil_Type11', 'Vertical_Distance_To_Hydrology', 'Soil_Type10', 'Soil_Type16', 'Aspect', 'Soil_Type32', 'Soil_Type13']"
50,lr_shap_list_ir_2,lr_shap_list_ir_2_subset_101,orderSum,"['Wilderness_Area4', 'Wilderness_Area3', 'Elevation', 'Hillshade_Noon', 'Horizontal_Distance_To_Roadways', 'Hillshade_3pm', 'Hillshade_9am', 'Horizontal_Distance_To_Hydrology', 'Horizontal_Distance_To_Fire_Points', 'Slope', 'Soil_Type2', 'Soil_Type1', 'Soil_Type4', 'Soil_Type10', 'Soil_Type3', 'Soil_Type6', 'Vertical_Distance_To_Hydrology', 'Soil_Type5', 'Aspect', 'Soil_Type17', 'Soil_Type11', 'Soil_Type16', 'Soil_Type14', 'Soil_Type32', 'Soil_Type13']"
51,lr_shap_list_ir_4,lr_shap_list_ir_4_subset_64,orderMean,"['Wilderness_Area4', 'Wilderness_Area3', 'Hillshade_3pm', 'Hillshade_Noon', 'Horizontal_Distance_To_Roadways', 'Elevation', 'Horizontal_Distance_To_Hydrology', 'Horizontal_Distance_To_Fire_Points', 'Slope', 'Hillshade_9am', 'Soil_Type10', 'Soil_Type1', 'Vertical_Distance_To_Hydrology', 'Soil_Type3', 'Soil_Type2', 'Soil_Type4', 'Soil_Type6', 'Aspect', 'Soil_Type5', 'Soil_Type11', 'Soil_Type17', 'Soil_Type14', 'Soil_Type16', 'Soil_Type32', 'Soil_Type13']"
52,lr_shap_list_ir_4,lr_shap_list_ir_4_subset_64,orderStd,"['Hillshade_3pm', 'Hillshade_Noon', 'Wilderness_Area4', 'Wilderness_Area3', 'Horizontal_Distance_To_Roadways', 'Elevation', 'Horizontal_Distance_To_Hydrology', 'Horizontal_Distance_To_Fire_Points', 'Slope', 'Hillshade_9am', 'Soil_Type1', 'Soil_Type3', 'Soil_Type17', 'Soil_Type14', 'Soil_Type2', 'Soil_Type6', 'Soil_Type4', 'Soil_Type10', 'Vertical_Distance_To_Hydrology', 'Soil_Type11', 'Soil_Type5', 'Soil_Type16', 'Aspect', 'Soil_Type32', 'Soil_Type13']"
53,lr_shap_list_ir_4,lr_shap_list_ir_4_subset_64,orderSum,"['Wilderness_Area4', 'Wilderness_Area3', 'Hillshade_3pm', 'Hillshade_Noon', 'Horizontal_Distance_To_Roadways', 'Elevation', 'Horizontal_Distance_To_Hydrology', 'Horizontal_Distance_To_Fire_Points', 'Slope', 'Hillshade_9am', 'Soil_Type10', 'Soil_Type1', 'Vertical_Distance_To_Hydrology', 'Soil_Type3', 'Soil_Type2', 'Soil_Type4', 'Soil_Type6', 'Aspect', 'Soil_Type5', 'Soil_Type11', 'Soil_Type17', 'Soil_Type14', 'Soil_Type16', 'Soil_Type32', 'Soil_Type13']"
54,lr_shap_list_ir_2,lr_shap_list_ir_2_subset_75,orderMean,"['Wilderness_Area4', 'Hillshade_3pm', 'Wilderness_Area3', 'Hillshade_Noon', 'Hillshade_9am', 'Horizontal_Distance_To_Roadways', 'Elevation', 'Horizontal_Distance_To_Fire_Points', 'Horizontal_Distance_To_Hydrology', 'Slope', 'Soil_Type10', 'Soil_Type1', 'Soil_Type3', 'Aspect', 'Soil_Type2', 'Vertical_Distance_To_Hydrology', 'Soil_Type6', 'Soil_Type11', 'Soil_Type5', 'Soil_Type17', 'Soil_Type4', 'Soil_Type16', 'Soil_Type14', 'Soil_Type32', 'Soil_Type13']"
55,lr_shap_list_ir_2,lr_shap_list_ir_2_subset_75,orderStd,"['Hillshade_3pm', 'Hillshade_Noon', 'Wilderness_Area4', 'Horizontal_Distance_To_Roadways', 'Hillshade_9am', 'Elevation', 'Wilderness_Area3', 'Horizontal_Distance_To_Fire_Points', 'Horizontal_Distance_To_Hydrology', 'Soil_Type1', 'Slope', 'Soil_Type17', 'Soil_Type3', 'Soil_Type14', 'Soil_Type11', 'Soil_Type2', 'Soil_Type5', 'Soil_Type6', 'Vertical_Distance_To_Hydrology', 'Aspect', 'Soil_Type16', 'Soil_Type10', 'Soil_Type4', 'Soil_Type32', 'Soil_Type13']"
56,lr_shap_list_ir_2,lr_shap_list_ir_2_subset_75,orderSum,"['Wilderness_Area4', 'Hillshade_3pm', 'Wilderness_Area3', 'Hillshade_Noon', 'Hillshade_9am', 'Horizontal_Distance_To_Roadways', 'Elevation', 'Horizontal_Distance_To_Fire_Points', 'Horizontal_Distance_To_Hydrology', 'Slope', 'Soil_Type10', 'Soil_Type1', 'Soil_Type3', 'Aspect', 'Soil_Type2', 'Vertical_Distance_To_Hydrology', 'Soil_Type6', 'Soil_Type11', 'Soil_Type5', 'Soil_Type17', 'Soil_Type4', 'Soil_Type16', 'Soil_Type14', 'Soil_Type32', 'Soil_Type13']"
57,lr_shap_list_ir_5,lr_shap_list_ir_5_subset_45,orderMean,"['Wilderness_Area4', 'Wilderness_Area3', 'Elevation', 'Hillshade_Noon', 'Horizontal_Distance_To_Roadways', 'Hillshade_3pm', 'Horizontal_Distance_To_Fire_Points', 'Horizontal_Distance_To_Hydrology', 'Hillshade_9am', 'Slope', 'Soil_Type10', 'Soil_Type2', 'Soil_Type3', 'Soil_Type4', 'Soil_Type6', 'Soil_Type1', 'Soil_Type17', 'Soil_Type14', 'Aspect', 'Vertical_Distance_To_Hydrology', 'Soil_Type5', 'Soil_Type11', 'Soil_Type16', 'Soil_Type32', 'Soil_Type13']"
58,lr_shap_list_ir_5,lr_shap_list_ir_5_subset_45,orderStd,"['Wilderness_Area4', 'Hillshade_Noon', 'Wilderness_Area3', 'Elevation', 'Horizontal_Distance_To_Roadways', 'Hillshade_3pm', 'Horizontal_Distance_To_Fire_Points', 'Horizontal_Distance_To_Hydrology', 'Soil_Type1', 'Soil_Type14', 'Soil_Type2', 'Hillshade_9am', 'Slope', 'Soil_Type17', 'Soil_Type10', 'Soil_Type5', 'Soil_Type6', 'Soil_Type3', 'Soil_Type4', 'Soil_Type16', 'Soil_Type11', 'Aspect', 'Vertical_Distance_To_Hydrology', 'Soil_Type32', 'Soil_Type13']"
59,lr_shap_list_ir_5,lr_shap_list_ir_5_subset_45,orderSum,"['Wilderness_Area4', 'Wilderness_Area3', 'Elevation', 'Hillshade_Noon', 'Horizontal_Distance_To_Roadways', 'Hillshade_3pm', 'Horizontal_Distance_To_Fire_Points', 'Horizontal_Distance_To_Hydrology', 'Hillshade_9am', 'Slope', 'Soil_Type10', 'Soil_Type2', 'Soil_Type3', 'Soil_Type4', 'Soil_Type6', 'Soil_Type1', 'Soil_Type17', 'Soil_Type14', 'Aspect', 'Vertical_Distance_To_Hydrology', 'Soil_Type5', 'Soil_Type11', 'Soil_Type16', 'Soil_Type32', 'Soil_Type13']"
60,lr_shap_list_ir_4,lr_shap_list_ir_4_subset_39,orderMean,"['Wilderness_Area4', 'Hillshade_3pm', 'Wilderness_Area3', 'Hillshade_Noon', 'Hillshade_9am', 'Horizontal_Distance_To_Roadways', 'Elevation', 'Slope', 'Horizontal_Distance_To_Fire_Points', 'Horizontal_Distance_To_Hydrology', 'Soil_Type10', 'Soil_Type2', 'Soil_Type3', 'Soil_Type1', 'Soil_Type6', 'Vertical_Distance_To_Hydrology', 'Soil_Type4', 'Aspect', 'Soil_Type17', 'Soil_Type11', 'Soil_Type14', 'Soil_Type5', 'Soil_Type16', 'Soil_Type32', 'Soil_Type13']"
61,lr_shap_list_ir_4,lr_shap_list_ir_4_subset_39,orderStd,"['Hillshade_3pm', 'Wilderness_Area4', 'Hillshade_Noon', 'Wilderness_Area3', 'Hillshade_9am', 'Horizontal_Distance_To_Roadways', 'Elevation', 'Slope', 'Horizontal_Distance_To_Fire_Points', 'Horizontal_Distance_To_Hydrology', 'Soil_Type14', 'Soil_Type17', 'Soil_Type1', 'Soil_Type2', 'Soil_Type3', 'Soil_Type6', 'Soil_Type11', 'Soil_Type5', 'Soil_Type10', 'Soil_Type16', 'Soil_Type4', 'Vertical_Distance_To_Hydrology', 'Aspect', 'Soil_Type32', 'Soil_Type13']"
62,lr_shap_list_ir_4,lr_shap_list_ir_4_subset_39,orderSum,"['Wilderness_Area4', 'Hillshade_3pm', 'Wilderness_Area3', 'Hillshade_Noon', 'Hillshade_9am', 'Horizontal_Distance_To_Roadways', 'Elevation', 'Slope', 'Horizontal_Distance_To_Fire_Points', 'Horizontal_Distance_To_Hydrology', 'Soil_Type10', 'Soil_Type2', 'Soil_Type3', 'Soil_Type1', 'Soil_Type6', 'Vertical_Distance_To_Hydrology', 'Soil_Type4', 'Aspect', 'Soil_Type17', 'Soil_Type11', 'Soil_Type14', 'Soil_Type5', 'Soil_Type16', 'Soil_Type32', 'Soil_Type13']"
63,lr_shap_list_ir_5,lr_shap_list_ir_5_subset_72,orderMean,"['Wilderness_Area4', 'Wilderness_Area3', 'Hillshade_3pm', 'Hillshade_Noon', 'Horizontal_Distance_To_Roadways', 'Elevation', 'Horizontal_Distance_To_Hydrology', 'Slope', 'Horizontal_Distance_To_Fire_Points', 'Soil_Type10', 'Soil_Type2', 'Soil_Type1', 'Hillshade_9am', 'Soil_Type3', 'Soil_Type4', 'Soil_Type6', 'Soil_Type17', 'Vertical_Distance_To_Hydrology', 'Aspect', 'Soil_Type14', 'Soil_Type5', 'Soil_Type16', 'Soil_Type11', 'Soil_Type32', 'Soil_Type13']"
64,lr_shap_list_ir_5,lr_shap_list_ir_5_subset_72,orderStd,"['Wilderness_Area4', 'Hillshade_3pm', 'Wilderness_Area3', 'Hillshade_Noon', 'Horizontal_Distance_To_Roadways', 'Elevation', 'Horizontal_Distance_To_Hydrology', 'Soil_Type1', 'Horizontal_Distance_To_Fire_Points', 'Slope', 'Soil_Type17', 'Soil_Type14', 'Soil_Type2', 'Soil_Type6', 'Soil_Type3', 'Soil_Type4', 'Soil_Type5', 'Soil_Type10', 'Hillshade_9am', 'Soil_Type16', 'Soil_Type11', 'Vertical_Distance_To_Hydrology', 'Aspect', 'Soil_Type32', 'Soil_Type13']"
65,lr_shap_list_ir_5,lr_shap_list_ir_5_subset_72,orderSum,"['Wilderness_Area4', 'Wilderness_Area3', 'Hillshade_3pm', 'Hillshade_Noon', 'Horizontal_Distance_To_Roadways', 'Elevation', 'Horizontal_Distance_To_Hydrology', 'Slope', 'Horizontal_Distance_To_Fire_Points', 'Soil_Type10', 'Soil_Type2', 'Soil_Type1', 'Hillshade_9am', 'Soil_Type3', 'Soil_Type4', 'Soil_Type6', 'Soil_Type17', 'Vertical_Distance_To_Hydrology', 'Aspect', 'Soil_Type14', 'Soil_Type5', 'Soil_Type16', 'Soil_Type11', 'Soil_Type32', 'Soil_Type13']"
66,lr_shap_list_ir_3,lr_shap_list_ir_3_subset_72,orderMean,"['Wilderness_Area3', 'Wilderness_Area4', 'Hillshade_Noon', 'Horizontal_Distance_To_Roadways', 'Elevation', 'Hillshade_3pm', 'Horizontal_Distance_To_Hydrology', 'Hillshade_9am', 'Soil_Type10', 'Horizontal_Distance_To_Fire_Points', 'Slope', 'Soil_Type2', 'Soil_Type4', 'Vertical_Distance_To_Hydrology', 'Soil_Type1', 'Soil_Type6', 'Aspect', 'Soil_Type5', 'Soil_Type3', 'Soil_Type17', 'Soil_Type14', 'Soil_Type11', 'Soil_Type16', 'Soil_Type32', 'Soil_Type13']"
67,lr_shap_list_ir_3,lr_shap_list_ir_3_subset_72,orderStd,"['Wilderness_Area3', 'Wilderness_Area4', 'Horizontal_Distance_To_Roadways', 'Hillshade_Noon', 'Elevation', 'Hillshade_3pm', 'Horizontal_Distance_To_Hydrology', 'Soil_Type1', 'Horizontal_Distance_To_Fire_Points', 'Soil_Type2', 'Hillshade_9am', 'Soil_Type6', 'Soil_Type14', 'Soil_Type5', 'Soil_Type17', 'Slope', 'Soil_Type4', 'Soil_Type3', 'Vertical_Distance_To_Hydrology', 'Soil_Type10', 'Aspect', 'Soil_Type16', 'Soil_Type11', 'Soil_Type32', 'Soil_Type13']"
68,lr_shap_list_ir_3,lr_shap_list_ir_3_subset_72,orderSum,"['Wilderness_Area3', 'Wilderness_Area4', 'Hillshade_Noon', 'Horizontal_Distance_To_Roadways', 'Elevation', 'Hillshade_3pm', 'Horizontal_Distance_To_Hydrology', 'Hillshade_9am', 'Soil_Type10', 'Horizontal_Distance_To_Fire_Points', 'Slope', 'Soil_Type2', 'Soil_Type4', 'Vertical_Distance_To_Hydrology', 'Soil_Type1', 'Soil_Type6', 'Aspect', 'Soil_Type5', 'Soil_Type3', 'Soil_Type17', 'Soil_Type14', 'Soil_Type11', 'Soil_Type16', 'Soil_Type32', 'Soil_Type13']"
69,lr_shap_list_ir_2,lr_shap_list_ir_2_subset_37,orderMean,"['Wilderness_Area4', 'Wilderness_Area3', 'Horizontal_Distance_To_Roadways', 'Elevation', 'Hillshade_Noon', 'Hillshade_3pm', 'Horizontal_Distance_To_Hydrology', 'Soil_Type10', 'Horizontal_Distance_To_Fire_Points', 'Hillshade_9am', 'Soil_Type2', 'Slope', 'Vertical_Distance_To_Hydrology', 'Soil_Type1', 'Soil_Type4', 'Soil_Type11', 'Soil_Type3', 'Soil_Type6', 'Soil_Type5', 'Soil_Type17', 'Soil_Type14', 'Soil_Type16', 'Aspect', 'Soil_Type32', 'Soil_Type13']"
70,lr_shap_list_ir_2,lr_shap_list_ir_2_subset_37,orderStd,"['Horizontal_Distance_To_Roadways', 'Elevation', 'Hillshade_Noon', 'Hillshade_3pm', 'Horizontal_Distance_To_Hydrology', 'Horizontal_Distance_To_Fire_Points', 'Soil_Type1', 'Soil_Type2', 'Soil_Type10', 'Hillshade_9am', 'Soil_Type3', 'Soil_Type5', 'Soil_Type11', 'Wilderness_Area4', 'Wilderness_Area3', 'Slope', 'Soil_Type14', 'Vertical_Distance_To_Hydrology', 'Soil_Type6', 'Soil_Type17', 'Soil_Type16', 'Soil_Type4', 'Soil_Type32', 'Aspect', 'Soil_Type13']"
71,lr_shap_list_ir_2,lr_shap_list_ir_2_subset_37,orderSum,"['Wilderness_Area4', 'Wilderness_Area3', 'Horizontal_Distance_To_Roadways', 'Elevation', 'Hillshade_Noon', 'Hillshade_3pm', 'Horizontal_Distance_To_Hydrology', 'Soil_Type10', 'Horizontal_Distance_To_Fire_Points', 'Hillshade_9am', 'Soil_Type2', 'Slope', 'Vertical_Distance_To_Hydrology', 'Soil_Type1', 'Soil_Type4', 'Soil_Type11', 'Soil_Type3', 'Soil_Type6', 'Soil_Type5', 'Soil_Type17', 'Soil_Type14', 'Soil_Type16', 'Aspect', 'Soil_Type32', 'Soil_Type13']"
72,lr_shap_list_ir_5,lr_shap_list_ir_5_subset_74,orderMean,"['Wilderness_Area3', 'Wilderness_Area4', 'Hillshade_3pm', 'Hillshade_Noon', 'Elevation', 'Horizontal_Distance_To_Roadways', 'Horizontal_Distance_To_Hydrology', 'Horizontal_Distance_To_Fire_Points', 'Slope', 'Soil_Type10', 'Soil_Type2', 'Soil_Type4', 'Soil_Type1', 'Vertical_Distance_To_Hydrology', 'Soil_Type3', 'Soil_Type6', 'Hillshade_9am', 'Aspect', 'Soil_Type17', 'Soil_Type5', 'Soil_Type14', 'Soil_Type11', 'Soil_Type16', 'Soil_Type32', 'Soil_Type13']"
73,lr_shap_list_ir_5,lr_shap_list_ir_5_subset_74,orderStd,"['Hillshade_3pm', 'Hillshade_Noon', 'Horizontal_Distance_To_Roadways', 'Elevation', 'Wilderness_Area3', 'Wilderness_Area4', 'Horizontal_Distance_To_Hydrology', 'Horizontal_Distance_To_Fire_Points', 'Soil_Type1', 'Soil_Type17', 'Slope', 'Soil_Type14', 'Soil_Type2', 'Soil_Type6', 'Soil_Type5', 'Soil_Type4', 'Soil_Type3', 'Soil_Type10', 'Vertical_Distance_To_Hydrology', 'Soil_Type16', 'Soil_Type11', 'Hillshade_9am', 'Aspect', 'Soil_Type32', 'Soil_Type13']"
74,lr_shap_list_ir_5,lr_shap_list_ir_5_subset_74,orderSum,"['Wilderness_Area3', 'Wilderness_Area4', 'Hillshade_3pm', 'Hillshade_Noon', 'Elevation', 'Horizontal_Distance_To_Roadways', 'Horizontal_Distance_To_Hydrology', 'Horizontal_Distance_To_Fire_Points', 'Slope', 'Soil_Type10', 'Soil_Type2', 'Soil_Type4', 'Soil_Type1', 'Vertical_Distance_To_Hydrology', 'Soil_Type3', 'Soil_Type6', 'Hillshade_9am', 'Aspect', 'Soil_Type17', 'Soil_Type5', 'Soil_Type14', 'Soil_Type11', 'Soil_Type16', 'Soil_Type32', 'Soil_Type13']"
75,lr_shap_list_ir_2,lr_shap_list_ir_2_subset_48,orderMean,"['Wilderness_Area4', 'Wilderness_Area3', 'Hillshade_3pm', 'Hillshade_Noon', 'Horizontal_Distance_To_Roadways', 'Elevation', 'Hillshade_9am', 'Horizontal_Distance_To_Fire_Points', 'Slope', 'Horizontal_Distance_To_Hydrology', 'Soil_Type10', 'Soil_Type2', 'Soil_Type1', 'Soil_Type11', 'Soil_Type3', 'Soil_Type5', 'Aspect', 'Soil_Type4', 'Soil_Type6', 'Soil_Type17', 'Vertical_Distance_To_Hydrology', 'Soil_Type14', 'Soil_Type16', 'Soil_Type32', 'Soil_Type13']"
76,lr_shap_list_ir_2,lr_shap_list_ir_2_subset_48,orderStd,"['Hillshade_3pm', 'Wilderness_Area4', 'Hillshade_Noon', 'Horizontal_Distance_To_Roadways', 'Wilderness_Area3', 'Elevation', 'Hillshade_9am', 'Horizontal_Distance_To_Fire_Points', 'Slope', 'Horizontal_Distance_To_Hydrology', 'Soil_Type1', 'Soil_Type2', 'Soil_Type11', 'Soil_Type3', 'Soil_Type17', 'Soil_Type5', 'Soil_Type14', 'Soil_Type10', 'Soil_Type16', 'Soil_Type6', 'Aspect', 'Soil_Type4', 'Vertical_Distance_To_Hydrology', 'Soil_Type32', 'Soil_Type13']"
77,lr_shap_list_ir_2,lr_shap_list_ir_2_subset_48,orderSum,"['Wilderness_Area4', 'Wilderness_Area3', 'Hillshade_3pm', 'Hillshade_Noon', 'Horizontal_Distance_To_Roadways', 'Elevation', 'Hillshade_9am', 'Horizontal_Distance_To_Fire_Points', 'Slope', 'Horizontal_Distance_To_Hydrology', 'Soil_Type10', 'Soil_Type2', 'Soil_Type1', 'Soil_Type11', 'Soil_Type3', 'Soil_Type5', 'Aspect', 'Soil_Type4', 'Soil_Type6', 'Soil_Type17', 'Vertical_Distance_To_Hydrology', 'Soil_Type14', 'Soil_Type16', 'Soil_Type32', 'Soil_Type13']"
78,lr_shap_list_ir_4,lr_shap_list_ir_4_subset_87,orderMean,"['Wilderness_Area4', 'Hillshade_3pm', 'Wilderness_Area3', 'Hillshade_Noon', 'Elevation', 'Horizontal_Distance_To_Roadways', 'Hillshade_9am', 'Slope', 'Horizontal_Distance_To_Fire_Points', 'Horizontal_Distance_To_Hydrology', 'Soil_Type10', 'Soil_Type1', 'Soil_Type6', 'Soil_Type3', 'Soil_Type2', 'Aspect', 'Soil_Type4', 'Vertical_Distance_To_Hydrology', 'Soil_Type17', 'Soil_Type11', 'Soil_Type14', 'Soil_Type5', 'Soil_Type16', 'Soil_Type32', 'Soil_Type13']"
79,lr_shap_list_ir_4,lr_shap_list_ir_4_subset_87,orderStd,"['Hillshade_3pm', 'Wilderness_Area4', 'Hillshade_Noon', 'Wilderness_Area3', 'Horizontal_Distance_To_Roadways', 'Elevation', 'Hillshade_9am', 'Horizontal_Distance_To_Fire_Points', 'Slope', 'Horizontal_Distance_To_Hydrology', 'Soil_Type17', 'Soil_Type3', 'Soil_Type1', 'Soil_Type14', 'Soil_Type2', 'Soil_Type5', 'Soil_Type6', 'Soil_Type11', 'Soil_Type16', 'Soil_Type10', 'Vertical_Distance_To_Hydrology', 'Soil_Type4', 'Aspect', 'Soil_Type32', 'Soil_Type13']"
80,lr_shap_list_ir_4,lr_shap_list_ir_4_subset_87,orderSum,"['Wilderness_Area4', 'Hillshade_3pm', 'Wilderness_Area3', 'Hillshade_Noon', 'Elevation', 'Horizontal_Distance_To_Roadways', 'Hillshade_9am', 'Slope', 'Horizontal_Distance_To_Fire_Points', 'Horizontal_Distance_To_Hydrology', 'Soil_Type10', 'Soil_Type1', 'Soil_Type6', 'Soil_Type3', 'Soil_Type2', 'Aspect', 'Soil_Type4', 'Vertical_Distance_To_Hydrology', 'Soil_Type17', 'Soil_Type11', 'Soil_Type14', 'Soil_Type5', 'Soil_Type16', 'Soil_Type32', 'Soil_Type13']"
81,lr_shap_list_ir_3,lr_shap_list_ir_3_subset_47,orderMean,"['Wilderness_Area4', 'Wilderness_Area3', 'Hillshade_3pm', 'Hillshade_Noon', 'Horizontal_Distance_To_Roadways', 'Elevation', 'Hillshade_9am', 'Horizontal_Distance_To_Hydrology', 'Slope', 'Horizontal_Distance_To_Fire_Points', 'Soil_Type10', 'Soil_Type2', 'Soil_Type4', 'Soil_Type6', 'Vertical_Distance_To_Hydrology', 'Soil_Type1', 'Soil_Type3', 'Aspect', 'Soil_Type17', 'Soil_Type5', 'Soil_Type14', 'Soil_Type11', 'Soil_Type16', 'Soil_Type32', 'Soil_Type13']"
82,lr_shap_list_ir_3,lr_shap_list_ir_3_subset_47,orderStd,"['Hillshade_3pm', 'Hillshade_Noon', 'Horizontal_Distance_To_Roadways', 'Elevation', 'Hillshade_9am', 'Wilderness_Area4', 'Horizontal_Distance_To_Hydrology', 'Wilderness_Area3', 'Horizontal_Distance_To_Fire_Points', 'Soil_Type1', 'Slope', 'Soil_Type14', 'Soil_Type10', 'Soil_Type2', 'Soil_Type17', 'Soil_Type3', 'Soil_Type5', 'Soil_Type4', 'Soil_Type6', 'Vertical_Distance_To_Hydrology', 'Soil_Type16', 'Aspect', 'Soil_Type11', 'Soil_Type32', 'Soil_Type13']"
83,lr_shap_list_ir_3,lr_shap_list_ir_3_subset_47,orderSum,"['Wilderness_Area4', 'Wilderness_Area3', 'Hillshade_3pm', 'Hillshade_Noon', 'Horizontal_Distance_To_Roadways', 'Elevation', 'Hillshade_9am', 'Horizontal_Distance_To_Hydrology', 'Slope', 'Horizontal_Distance_To_Fire_Points', 'Soil_Type10', 'Soil_Type2', 'Soil_Type4', 'Soil_Type6', 'Vertical_Distance_To_Hydrology', 'Soil_Type1', 'Soil_Type3', 'Aspect', 'Soil_Type17', 'Soil_Type5', 'Soil_Type14', 'Soil_Type11', 'Soil_Type16', 'Soil_Type32', 'Soil_Type13']"
84,lr_shap_list_ir_1,lr_shap_list_ir_1_subset_80,orderMean,"['Wilderness_Area3', 'Wilderness_Area4', 'Hillshade_3pm', 'Hillshade_Noon', 'Horizontal_Distance_To_Hydrology', 'Horizontal_Distance_To_Roadways', 'Elevation', 'Horizontal_Distance_To_Fire_Points', 'Hillshade_9am', 'Slope', 'Soil_Type2', 'Soil_Type10', 'Vertical_Distance_To_Hydrology', 'Soil_Type1', 'Soil_Type4', 'Soil_Type6', 'Aspect', 'Soil_Type5', 'Soil_Type11', 'Soil_Type17', 'Soil_Type3', 'Soil_Type16', 'Soil_Type14', 'Soil_Type32', 'Soil_Type13']"
85,lr_shap_list_ir_1,lr_shap_list_ir_1_subset_80,orderStd,"['Hillshade_3pm', 'Hillshade_Noon', 'Wilderness_Area3', 'Wilderness_Area4', 'Horizontal_Distance_To_Roadways', 'Horizontal_Distance_To_Hydrology', 'Elevation', 'Soil_Type1', 'Horizontal_Distance_To_Fire_Points', 'Slope', 'Soil_Type2', 'Hillshade_9am', 'Soil_Type6', 'Soil_Type5', 'Soil_Type4', 'Soil_Type17', 'Vertical_Distance_To_Hydrology', 'Soil_Type10', 'Soil_Type11', 'Soil_Type16', 'Aspect', 'Soil_Type14', 'Soil_Type3', 'Soil_Type32', 'Soil_Type13']"
86,lr_shap_list_ir_1,lr_shap_list_ir_1_subset_80,orderSum,"['Wilderness_Area3', 'Wilderness_Area4', 'Hillshade_3pm', 'Hillshade_Noon', 'Horizontal_Distance_To_Hydrology', 'Horizontal_Distance_To_Roadways', 'Elevation', 'Horizontal_Distance_To_Fire_Points', 'Hillshade_9am', 'Slope', 'Soil_Type2', 'Soil_Type10', 'Vertical_Distance_To_Hydrology', 'Soil_Type1', 'Soil_Type4', 'Soil_Type6', 'Aspect', 'Soil_Type5', 'Soil_Type11', 'Soil_Type17', 'Soil_Type3', 'Soil_Type16', 'Soil_Type14', 'Soil_Type32', 'Soil_Type13']"
87,lr_shap_list_ir_4,lr_shap_list_ir_4_subset_26,orderMean,"['Wilderness_Area4', 'Wilderness_Area3', 'Hillshade_3pm', 'Hillshade_Noon', 'Elevation', 'Horizontal_Distance_To_Roadways', 'Horizontal_Distance_To_Hydrology', 'Horizontal_Distance_To_Fire_Points', 'Slope', 'Soil_Type2', 'Soil_Type10', 'Soil_Type4', 'Hillshade_9am', 'Soil_Type1', 'Soil_Type6', 'Soil_Type3', 'Soil_Type14', 'Aspect', 'Vertical_Distance_To_Hydrology', 'Soil_Type17', 'Soil_Type5', 'Soil_Type11', 'Soil_Type16', 'Soil_Type32', 'Soil_Type13']"
88,lr_shap_list_ir_4,lr_shap_list_ir_4_subset_26,orderStd,"['Hillshade_3pm', 'Hillshade_Noon', 'Horizontal_Distance_To_Roadways', 'Elevation', 'Horizontal_Distance_To_Fire_Points', 'Horizontal_Distance_To_Hydrology', 'Soil_Type1', 'Soil_Type14', 'Slope', 'Soil_Type2', 'Soil_Type17', 'Soil_Type6', 'Soil_Type5', 'Wilderness_Area4', 'Soil_Type4', 'Wilderness_Area3', 'Soil_Type10', 'Soil_Type3', 'Soil_Type16', 'Hillshade_9am', 'Soil_Type11', 'Aspect', 'Vertical_Distance_To_Hydrology', 'Soil_Type32', 'Soil_Type13']"
89,lr_shap_list_ir_4,lr_shap_list_ir_4_subset_26,orderSum,"['Wilderness_Area4', 'Wilderness_Area3', 'Hillshade_3pm', 'Hillshade_Noon', 'Elevation', 'Horizontal_Distance_To_Roadways', 'Horizontal_Distance_To_Hydrology', 'Horizontal_Distance_To_Fire_Points', 'Slope', 'Soil_Type2', 'Soil_Type10', 'Soil_Type4', 'Hillshade_9am', 'Soil_Type1', 'Soil_Type6', 'Soil_Type3', 'Soil_Type14', 'Aspect', 'Vertical_Distance_To_Hydrology', 'Soil_Type17', 'Soil_Type5', 'Soil_Type11', 'Soil_Type16', 'Soil_Type32', 'Soil_Type13']"
90,lr_shap_list_ir_5,lr_shap_list_ir_5_subset_86,orderMean,"['Wilderness_Area4', 'Wilderness_Area3', 'Hillshade_3pm', 'Hillshade_Noon', 'Elevation', 'Horizontal_Distance_To_Roadways', 'Horizontal_Distance_To_Hydrology', 'Slope', 'Horizontal_Distance_To_Fire_Points', 'Soil_Type10', 'Hillshade_9am', 'Soil_Type2', 'Soil_Type4', 'Vertical_Distance_To_Hydrology', 'Soil_Type1', 'Soil_Type17', 'Soil_Type6', 'Soil_Type3', 'Soil_Type14', 'Aspect', 'Soil_Type16', 'Soil_Type5', 'Soil_Type11', 'Soil_Type32', 'Soil_Type13']"
91,lr_shap_list_ir_5,lr_shap_list_ir_5_subset_86,orderStd,"['Hillshade_3pm', 'Hillshade_Noon', 'Wilderness_Area4', 'Wilderness_Area3', 'Horizontal_Distance_To_Roadways', 'Elevation', 'Horizontal_Distance_To_Hydrology', 'Horizontal_Distance_To_Fire_Points', 'Slope', 'Soil_Type1', 'Soil_Type17', 'Soil_Type14', 'Hillshade_9am', 'Soil_Type2', 'Soil_Type6', 'Soil_Type3', 'Soil_Type5', 'Soil_Type10', 'Soil_Type4', 'Vertical_Distance_To_Hydrology', 'Soil_Type16', 'Soil_Type11', 'Aspect', 'Soil_Type32', 'Soil_Type13']"
92,lr_shap_list_ir_5,lr_shap_list_ir_5_subset_86,orderSum,"['Wilderness_Area4', 'Wilderness_Area3', 'Hillshade_3pm', 'Hillshade_Noon', 'Elevation', 'Horizontal_Distance_To_Roadways', 'Horizontal_Distance_To_Hydrology', 'Slope', 'Horizontal_Distance_To_Fire_Points', 'Soil_Type10', 'Hillshade_9am', 'Soil_Type2', 'Soil_Type4', 'Vertical_Distance_To_Hydrology', 'Soil_Type1', 'Soil_Type17', 'Soil_Type6', 'Soil_Type3', 'Soil_Type14', 'Aspect', 'Soil_Type16', 'Soil_Type5', 'Soil_Type11', 'Soil_Type32', 'Soil_Type13']"
93,lr_shap_list_ir_2,lr_shap_list_ir_2_subset_22,orderMean,"['Wilderness_Area3', 'Wilderness_Area4', 'Hillshade_Noon', 'Elevation', 'Horizontal_Distance_To_Roadways', 'Hillshade_3pm', 'Horizontal_Distance_To_Fire_Points', 'Soil_Type10', 'Horizontal_Distance_To_Hydrology', 'Hillshade_9am', 'Soil_Type2', 'Soil_Type1', 'Soil_Type4', 'Slope', 'Soil_Type6', 'Aspect', 'Soil_Type5', 'Soil_Type17', 'Vertical_Distance_To_Hydrology', 'Soil_Type14', 'Soil_Type11', 'Soil_Type3', 'Soil_Type16', 'Soil_Type32', 'Soil_Type13']"
94,lr_shap_list_ir_2,lr_shap_list_ir_2_subset_22,orderStd,"['Wilderness_Area3', 'Wilderness_Area4', 'Hillshade_Noon', 'Horizontal_Distance_To_Roadways', 'Elevation', 'Hillshade_3pm', 'Soil_Type1', 'Horizontal_Distance_To_Fire_Points', 'Horizontal_Distance_To_Hydrology', 'Soil_Type2', 'Hillshade_9am', 'Soil_Type10', 'Soil_Type6', 'Soil_Type17', 'Soil_Type5', 'Soil_Type14', 'Slope', 'Soil_Type4', 'Soil_Type11', 'Soil_Type16', 'Aspect', 'Soil_Type3', 'Vertical_Distance_To_Hydrology', 'Soil_Type32', 'Soil_Type13']"
95,lr_shap_list_ir_2,lr_shap_list_ir_2_subset_22,orderSum,"['Wilderness_Area3', 'Wilderness_Area4', 'Hillshade_Noon', 'Elevation', 'Horizontal_Distance_To_Roadways', 'Hillshade_3pm', 'Horizontal_Distance_To_Fire_Points', 'Soil_Type10', 'Horizontal_Distance_To_Hydrology', 'Hillshade_9am', 'Soil_Type2', 'Soil_Type1', 'Soil_Type4', 'Slope', 'Soil_Type6', 'Aspect', 'Soil_Type5', 'Soil_Type17', 'Vertical_Distance_To_Hydrology', 'Soil_Type14', 'Soil_Type11', 'Soil_Type3', 'Soil_Type16', 'Soil_Type32', 'Soil_Type13']"
96,lr_shap_list_ir_4,lr_shap_list_ir_4_subset_105,orderMean,"['Wilderness_Area4', 'Wilderness_Area3', 'Hillshade_3pm', 'Hillshade_Noon', 'Horizontal_Distance_To_Roadways', 'Elevation', 'Horizontal_Distance_To_Hydrology', 'Horizontal_Distance_To_Fire_Points', 'Slope', 'Hillshade_9am', 'Soil_Type10', 'Soil_Type2', 'Soil_Type1', 'Soil_Type4', 'Soil_Type6', 'Soil_Type3', 'Aspect', 'Soil_Type17', 'Vertical_Distance_To_Hydrology', 'Soil_Type11', 'Soil_Type5', 'Soil_Type14', 'Soil_Type16', 'Soil_Type32', 'Soil_Type13']"
97,lr_shap_list_ir_4,lr_shap_list_ir_4_subset_105,orderStd,"['Hillshade_3pm', 'Hillshade_Noon', 'Wilderness_Area4', 'Wilderness_Area3', 'Horizontal_Distance_To_Roadways', 'Elevation', 'Horizontal_Distance_To_Fire_Points', 'Horizontal_Distance_To_Hydrology', 'Slope', 'Soil_Type2', 'Hillshade_9am', 'Soil_Type1', 'Soil_Type14', 'Soil_Type3', 'Soil_Type17', 'Soil_Type10', 'Soil_Type6', 'Soil_Type4', 'Soil_Type5', 'Soil_Type16', 'Soil_Type11', 'Aspect', 'Vertical_Distance_To_Hydrology', 'Soil_Type32', 'Soil_Type13']"
98,lr_shap_list_ir_4,lr_shap_list_ir_4_subset_105,orderSum,"['Wilderness_Area4', 'Wilderness_Area3', 'Hillshade_3pm', 'Hillshade_Noon', 'Horizontal_Distance_To_Roadways', 'Elevation', 'Horizontal_Distance_To_Hydrology', 'Horizontal_Distance_To_Fire_Points', 'Slope', 'Hillshade_9am', 'Soil_Type10', 'Soil_Type2', 'Soil_Type1', 'Soil_Type4', 'Soil_Type6', 'Soil_Type3', 'Aspect', 'Soil_Type17', 'Vertical_Distance_To_Hydrology', 'Soil_Type11', 'Soil_Type5', 'Soil_Type14', 'Soil_Type16', 'Soil_Type32', 'Soil_Type13']"
99,lr_shap_list_ir_2,lr_shap_list_ir_2_subset_54,orderMean,"['Wilderness_Area4', 'Wilderness_Area3', 'Hillshade_3pm', 'Hillshade_Noon', 'Horizontal_Distance_To_Roadways', 'Elevation', 'Horizontal_Distance_To_Hydrology', 'Slope', 'Horizontal_Distance_To_Fire_Points', 'Soil_Type10', 'Soil_Type2', 'Soil_Type4', 'Vertical_Distance_To_Hydrology', 'Soil_Type3', 'Soil_Type1', 'Soil_Type6', 'Hillshade_9am', 'Soil_Type11', 'Soil_Type17', 'Aspect', 'Soil_Type5', 'Soil_Type16', 'Soil_Type14', 'Soil_Type32', 'Soil_Type13']"
100,lr_shap_list_ir_2,lr_shap_list_ir_2_subset_54,orderStd,"['Hillshade_3pm', 'Hillshade_Noon', 'Horizontal_Distance_To_Roadways', 'Elevation', 'Wilderness_Area4', 'Wilderness_Area3', 'Horizontal_Distance_To_Fire_Points', 'Horizontal_Distance_To_Hydrology', 'Slope', 'Soil_Type2', 'Soil_Type6', 'Soil_Type3', 'Soil_Type1', 'Soil_Type5', 'Soil_Type17', 'Soil_Type11', 'Soil_Type10', 'Soil_Type4', 'Vertical_Distance_To_Hydrology', 'Soil_Type14', 'Soil_Type16', 'Hillshade_9am', 'Aspect', 'Soil_Type32', 'Soil_Type13']"
101,lr_shap_list_ir_2,lr_shap_list_ir_2_subset_54,orderSum,"['Wilderness_Area4', 'Wilderness_Area3', 'Hillshade_3pm', 'Hillshade_Noon', 'Horizontal_Distance_To_Roadways', 'Elevation', 'Horizontal_Distance_To_Hydrology', 'Slope', 'Horizontal_Distance_To_Fire_Points', 'Soil_Type10', 'Soil_Type2', 'Soil_Type4', 'Vertical_Distance_To_Hydrology', 'Soil_Type3', 'Soil_Type1', 'Soil_Type6', 'Hillshade_9am', 'Soil_Type11', 'Soil_Type17', 'Aspect', 'Soil_Type5', 'Soil_Type16', 'Soil_Type14', 'Soil_Type32', 'Soil_Type13']"
102,lr_shap_list_ir_3,lr_shap_list_ir_3_subset_57,orderMean,"['Wilderness_Area4', 'Wilderness_Area3', 'Hillshade_3pm', 'Hillshade_Noon', 'Horizontal_Distance_To_Roadways', 'Elevation', 'Horizontal_Distance_To_Hydrology', 'Slope', 'Horizontal_Distance_To_Fire_Points', 'Soil_Type10', 'Hillshade_9am', 'Soil_Type2', 'Aspect', 'Soil_Type4', 'Soil_Type1', 'Soil_Type3', 'Vertical_Distance_To_Hydrology', 'Soil_Type6', 'Soil_Type17', 'Soil_Type5', 'Soil_Type11', 'Soil_Type14', 'Soil_Type16', 'Soil_Type32', 'Soil_Type13']"
103,lr_shap_list_ir_3,lr_shap_list_ir_3_subset_57,orderStd,"['Hillshade_3pm', 'Hillshade_Noon', 'Wilderness_Area4', 'Wilderness_Area3', 'Horizontal_Distance_To_Roadways', 'Elevation', 'Horizontal_Distance_To_Hydrology', 'Horizontal_Distance_To_Fire_Points', 'Soil_Type1', 'Slope', 'Hillshade_9am', 'Soil_Type2', 'Soil_Type3', 'Soil_Type17', 'Soil_Type14', 'Soil_Type10', 'Soil_Type4', 'Soil_Type6', 'Soil_Type5', 'Aspect', 'Vertical_Distance_To_Hydrology', 'Soil_Type16', 'Soil_Type11', 'Soil_Type32', 'Soil_Type13']"
104,lr_shap_list_ir_3,lr_shap_list_ir_3_subset_57,orderSum,"['Wilderness_Area4', 'Wilderness_Area3', 'Hillshade_3pm', 'Hillshade_Noon', 'Horizontal_Distance_To_Roadways', 'Elevation', 'Horizontal_Distance_To_Hydrology', 'Slope', 'Horizontal_Distance_To_Fire_Points', 'Soil_Type10', 'Hillshade_9am', 'Soil_Type2', 'Aspect', 'Soil_Type4', 'Soil_Type1', 'Soil_Type3', 'Vertical_Distance_To_Hydrology', 'Soil_Type6', 'Soil_Type17', 'Soil_Type5', 'Soil_Type11', 'Soil_Type14', 'Soil_Type16', 'Soil_Type32', 'Soil_Type13']"
105,lr_shap_list_ir_4,lr_shap_list_ir_4_subset_83,orderMean,"['Wilderness_Area4', 'Wilderness_Area3', 'Hillshade_3pm', 'Hillshade_Noon', 'Horizontal_Distance_To_Roadways', 'Elevation', 'Horizontal_Distance_To_Hydrology', 'Horizontal_Distance_To_Fire_Points', 'Slope', 'Soil_Type10', 'Hillshade_9am', 'Soil_Type2', 'Soil_Type6', 'Soil_Type4', 'Soil_Type1', 'Vertical_Distance_To_Hydrology', 'Soil_Type3', 'Soil_Type17', 'Aspect', 'Soil_Type14', 'Soil_Type5', 'Soil_Type11', 'Soil_Type16', 'Soil_Type32', 'Soil_Type13']"
106,lr_shap_list_ir_4,lr_shap_list_ir_4_subset_83,orderStd,"['Hillshade_3pm', 'Hillshade_Noon', 'Wilderness_Area4', 'Wilderness_Area3', 'Horizontal_Distance_To_Roadways', 'Elevation', 'Horizontal_Distance_To_Hydrology', 'Horizontal_Distance_To_Fire_Points', 'Soil_Type1', 'Slope', 'Soil_Type17', 'Soil_Type6', 'Soil_Type2', 'Soil_Type4', 'Soil_Type14', 'Soil_Type10', 'Soil_Type5', 'Soil_Type3', 'Hillshade_9am', 'Soil_Type16', 'Vertical_Distance_To_Hydrology', 'Soil_Type11', 'Aspect', 'Soil_Type32', 'Soil_Type13']"
107,lr_shap_list_ir_4,lr_shap_list_ir_4_subset_83,orderSum,"['Wilderness_Area4', 'Wilderness_Area3', 'Hillshade_3pm', 'Hillshade_Noon', 'Horizontal_Distance_To_Roadways', 'Elevation', 'Horizontal_Distance_To_Hydrology', 'Horizontal_Distance_To_Fire_Points', 'Slope', 'Soil_Type10', 'Hillshade_9am', 'Soil_Type2', 'Soil_Type6', 'Soil_Type4', 'Soil_Type1', 'Vertical_Distance_To_Hydrology', 'Soil_Type3', 'Soil_Type17', 'Aspect', 'Soil_Type14', 'Soil_Type5', 'Soil_Type11', 'Soil_Type16', 'Soil_Type32', 'Soil_Type13']"
108,lr_shap_list_ir_1,lr_shap_list_ir_1_subset_89,orderMean,"['Wilderness_Area4', 'Hillshade_3pm', 'Wilderness_Area3', 'Hillshade_Noon', 'Hillshade_9am', 'Horizontal_Distance_To_Roadways', 'Slope', 'Elevation', 'Horizontal_Distance_To_Fire_Points', 'Soil_Type11', 'Horizontal_Distance_To_Hydrology', 'Soil_Type10', 'Soil_Type3', 'Soil_Type2', 'Soil_Type4', 'Vertical_Distance_To_Hydrology', 'Soil_Type17', 'Soil_Type6', 'Soil_Type16', 'Soil_Type5', 'Soil_Type14', 'Aspect', 'Soil_Type1', 'Soil_Type32', 'Soil_Type13']"
109,lr_shap_list_ir_1,lr_shap_list_ir_1_subset_89,orderStd,"['Hillshade_3pm', 'Hillshade_Noon', 'Hillshade_9am', 'Wilderness_Area4', 'Soil_Type11', 'Wilderness_Area3', 'Horizontal_Distance_To_Roadways', 'Slope', 'Elevation', 'Horizontal_Distance_To_Fire_Points', 'Soil_Type3', 'Soil_Type17', 'Soil_Type2', 'Horizontal_Distance_To_Hydrology', 'Soil_Type14', 'Soil_Type16', 'Soil_Type4', 'Vertical_Distance_To_Hydrology', 'Soil_Type5', 'Soil_Type10', 'Soil_Type6', 'Soil_Type32', 'Aspect', 'Soil_Type1', 'Soil_Type13']"
110,lr_shap_list_ir_1,lr_shap_list_ir_1_subset_89,orderSum,"['Wilderness_Area4', 'Hillshade_3pm', 'Wilderness_Area3', 'Hillshade_Noon', 'Hillshade_9am', 'Horizontal_Distance_To_Roadways', 'Slope', 'Elevation', 'Horizontal_Distance_To_Fire_Points', 'Soil_Type11', 'Horizontal_Distance_To_Hydrology', 'Soil_Type10', 'Soil_Type3', 'Soil_Type2', 'Soil_Type4', 'Vertical_Distance_To_Hydrology', 'Soil_Type17', 'Soil_Type6', 'Soil_Type16', 'Soil_Type5', 'Soil_Type14', 'Aspect', 'Soil_Type1', 'Soil_Type32', 'Soil_Type13']"
111,lr_shap_list_ir_2,lr_shap_list_ir_2_subset_71,orderMean,"['Wilderness_Area4', 'Wilderness_Area3', 'Hillshade_3pm', 'Hillshade_Noon', 'Horizontal_Distance_To_Roadways', 'Elevation', 'Slope', 'Hillshade_9am', 'Horizontal_Distance_To_Hydrology', 'Horizontal_Distance_To_Fire_Points', 'Soil_Type10', 'Soil_Type3', 'Soil_Type6', 'Soil_Type2', 'Soil_Type1', 'Soil_Type4', 'Soil_Type17', 'Aspect', 'Soil_Type5', 'Soil_Type11', 'Soil_Type14', 'Vertical_Distance_To_Hydrology', 'Soil_Type16', 'Soil_Type32', 'Soil_Type13']"
112,lr_shap_list_ir_2,lr_shap_list_ir_2_subset_71,orderStd,"['Hillshade_3pm', 'Hillshade_Noon', 'Horizontal_Distance_To_Roadways', 'Wilderness_Area4', 'Wilderness_Area3', 'Elevation', 'Horizontal_Distance_To_Fire_Points', 'Slope', 'Hillshade_9am', 'Horizontal_Distance_To_Hydrology', 'Soil_Type3', 'Soil_Type1', 'Soil_Type6', 'Soil_Type10', 'Soil_Type2', 'Soil_Type17', 'Soil_Type14', 'Soil_Type5', 'Soil_Type4', 'Soil_Type11', 'Soil_Type16', 'Aspect', 'Soil_Type32', 'Vertical_Distance_To_Hydrology', 'Soil_Type13']"
113,lr_shap_list_ir_2,lr_shap_list_ir_2_subset_71,orderSum,"['Wilderness_Area4', 'Wilderness_Area3', 'Hillshade_3pm', 'Hillshade_Noon', 'Horizontal_Distance_To_Roadways', 'Elevation', 'Slope', 'Hillshade_9am', 'Horizontal_Distance_To_Hydrology', 'Horizontal_Distance_To_Fire_Points', 'Soil_Type10', 'Soil_Type3', 'Soil_Type6', 'Soil_Type2', 'Soil_Type1', 'Soil_Type4', 'Soil_Type17', 'Aspect', 'Soil_Type5', 'Soil_Type11', 'Soil_Type14', 'Vertical_Distance_To_Hydrology', 'Soil_Type16', 'Soil_Type32', 'Soil_Type13']"
114,lr_shap_list_ir_5,lr_shap_list_ir_5_subset_93,orderMean,"['Wilderness_Area4', 'Wilderness_Area3', 'Hillshade_3pm', 'Hillshade_Noon', 'Horizontal_Distance_To_Roadways', 'Elevation', 'Horizontal_Distance_To_Hydrology', 'Slope', 'Horizontal_Distance_To_Fire_Points', 'Soil_Type10', 'Hillshade_9am', 'Soil_Type3', 'Soil_Type1', 'Soil_Type2', 'Soil_Type4', 'Soil_Type6', 'Soil_Type5', 'Soil_Type17', 'Vertical_Distance_To_Hydrology', 'Aspect', 'Soil_Type14', 'Soil_Type11', 'Soil_Type16', 'Soil_Type32', 'Soil_Type13']"
115,lr_shap_list_ir_5,lr_shap_list_ir_5_subset_93,orderStd,"['Hillshade_3pm', 'Wilderness_Area4', 'Hillshade_Noon', 'Wilderness_Area3', 'Horizontal_Distance_To_Roadways', 'Elevation', 'Horizontal_Distance_To_Fire_Points', 'Horizontal_Distance_To_Hydrology', 'Slope', 'Soil_Type2', 'Soil_Type1', 'Soil_Type17', 'Soil_Type14', 'Hillshade_9am', 'Soil_Type3', 'Soil_Type6', 'Soil_Type5', 'Soil_Type10', 'Soil_Type4', 'Soil_Type16', 'Soil_Type11', 'Vertical_Distance_To_Hydrology', 'Aspect', 'Soil_Type32', 'Soil_Type13']"
116,lr_shap_list_ir_5,lr_shap_list_ir_5_subset_93,orderSum,"['Wilderness_Area4', 'Wilderness_Area3', 'Hillshade_3pm', 'Hillshade_Noon', 'Horizontal_Distance_To_Roadways', 'Elevation', 'Horizontal_Distance_To_Hydrology', 'Slope', 'Horizontal_Distance_To_Fire_Points', 'Soil_Type10', 'Hillshade_9am', 'Soil_Type3', 'Soil_Type1', 'Soil_Type2', 'Soil_Type4', 'Soil_Type6', 'Soil_Type5', 'Soil_Type17', 'Vertical_Distance_To_Hydrology', 'Aspect', 'Soil_Type14', 'Soil_Type11', 'Soil_Type16', 'Soil_Type32', 'Soil_Type13']"
117,lr_shap_list_ir_2,lr_shap_list_ir_2_subset_84,orderMean,"['Wilderness_Area3', 'Wilderness_Area4', 'Hillshade_Noon', 'Hillshade_3pm', 'Horizontal_Distance_To_Roadways', 'Elevation', 'Horizontal_Distance_To_Fire_Points', 'Soil_Type10', 'Hillshade_9am', 'Horizontal_Distance_To_Hydrology', 'Soil_Type2', 'Soil_Type6', 'Soil_Type4', 'Soil_Type1', 'Slope', 'Aspect', 'Soil_Type17', 'Vertical_Distance_To_Hydrology', 'Soil_Type5', 'Soil_Type14', 'Soil_Type3', 'Soil_Type11', 'Soil_Type16', 'Soil_Type32', 'Soil_Type13']"
118,lr_shap_list_ir_2,lr_shap_list_ir_2_subset_84,orderStd,"['Wilderness_Area3', 'Hillshade_Noon', 'Horizontal_Distance_To_Roadways', 'Hillshade_3pm', 'Elevation', 'Wilderness_Area4', 'Soil_Type1', 'Horizontal_Distance_To_Fire_Points', 'Soil_Type2', 'Soil_Type6', 'Horizontal_Distance_To_Hydrology', 'Hillshade_9am', 'Soil_Type4', 'Soil_Type17', 'Soil_Type5', 'Soil_Type10', 'Slope', 'Soil_Type14', 'Soil_Type16', 'Aspect', 'Vertical_Distance_To_Hydrology', 'Soil_Type11', 'Soil_Type3', 'Soil_Type32', 'Soil_Type13']"
119,lr_shap_list_ir_2,lr_shap_list_ir_2_subset_84,orderSum,"['Wilderness_Area3', 'Wilderness_Area4', 'Hillshade_Noon', 'Hillshade_3pm', 'Horizontal_Distance_To_Roadways', 'Elevation', 'Horizontal_Distance_To_Fire_Points', 'Soil_Type10', 'Hillshade_9am', 'Horizontal_Distance_To_Hydrology', 'Soil_Type2', 'Soil_Type6', 'Soil_Type4', 'Soil_Type1', 'Slope', 'Aspect', 'Soil_Type17', 'Vertical_Distance_To_Hydrology', 'Soil_Type5', 'Soil_Type14', 'Soil_Type3', 'Soil_Type11', 'Soil_Type16', 'Soil_Type32', 'Soil_Type13']"
120,lr_shap_list_ir_1,lr_shap_list_ir_1_subset_50,orderMean,"['Wilderness_Area3', 'Wilderness_Area4', 'Elevation', 'Horizontal_Distance_To_Roadways', 'Hillshade_Noon', 'Hillshade_3pm', 'Horizontal_Distance_To_Fire_Points', 'Hillshade_9am', 'Soil_Type10', 'Horizontal_Distance_To_Hydrology', 'Soil_Type4', 'Soil_Type1', 'Aspect', 'Soil_Type6', 'Soil_Type2', 'Soil_Type3', 'Soil_Type11', 'Slope', 'Soil_Type5', 'Vertical_Distance_To_Hydrology', 'Soil_Type17', 'Soil_Type14', 'Soil_Type16', 'Soil_Type32', 'Soil_Type13']"
121,lr_shap_list_ir_1,lr_shap_list_ir_1_subset_50,orderStd,"['Horizontal_Distance_To_Roadways', 'Elevation', 'Hillshade_Noon', 'Wilderness_Area3', 'Wilderness_Area4', 'Hillshade_3pm', 'Soil_Type1', 'Horizontal_Distance_To_Fire_Points', 'Hillshade_9am', 'Horizontal_Distance_To_Hydrology', 'Soil_Type6', 'Soil_Type10', 'Soil_Type4', 'Soil_Type11', 'Soil_Type5', 'Soil_Type3', 'Soil_Type2', 'Soil_Type17', 'Aspect', 'Soil_Type14', 'Soil_Type16', 'Slope', 'Vertical_Distance_To_Hydrology', 'Soil_Type32', 'Soil_Type13']"
122,lr_shap_list_ir_1,lr_shap_list_ir_1_subset_50,orderSum,"['Wilderness_Area3', 'Wilderness_Area4', 'Elevation', 'Horizontal_Distance_To_Roadways', 'Hillshade_Noon', 'Hillshade_3pm', 'Horizontal_Distance_To_Fire_Points', 'Hillshade_9am', 'Soil_Type10', 'Horizontal_Distance_To_Hydrology', 'Soil_Type4', 'Soil_Type1', 'Aspect', 'Soil_Type6', 'Soil_Type2', 'Soil_Type3', 'Soil_Type11', 'Slope', 'Soil_Type5', 'Vertical_Distance_To_Hydrology', 'Soil_Type17', 'Soil_Type14', 'Soil_Type16', 'Soil_Type32', 'Soil_Type13']"
123,lr_shap_list_ir_1,lr_shap_list_ir_1_subset_92,orderMean,"['Wilderness_Area4', 'Hillshade_3pm', 'Hillshade_9am', 'Hillshade_Noon', 'Wilderness_Area3', 'Elevation', 'Horizontal_Distance_To_Roadways', 'Slope', 'Horizontal_Distance_To_Fire_Points', 'Horizontal_Distance_To_Hydrology', 'Aspect', 'Soil_Type2', 'Soil_Type3', 'Soil_Type4', 'Soil_Type1', 'Soil_Type5', 'Soil_Type11', 'Soil_Type6', 'Soil_Type17', 'Soil_Type10', 'Vertical_Distance_To_Hydrology', 'Soil_Type14', 'Soil_Type16', 'Soil_Type32', 'Soil_Type13']"
124,lr_shap_list_ir_1,lr_shap_list_ir_1_subset_92,orderStd,"['Hillshade_3pm', 'Hillshade_Noon', 'Hillshade_9am', 'Wilderness_Area4', 'Elevation', 'Horizontal_Distance_To_Roadways', 'Slope', 'Horizontal_Distance_To_Fire_Points', 'Soil_Type11', 'Horizontal_Distance_To_Hydrology', 'Wilderness_Area3', 'Aspect', 'Soil_Type17', 'Soil_Type1', 'Soil_Type14', 'Soil_Type2', 'Soil_Type5', 'Soil_Type16', 'Soil_Type3', 'Soil_Type6', 'Soil_Type4', 'Vertical_Distance_To_Hydrology', 'Soil_Type10', 'Soil_Type32', 'Soil_Type13']"
125,lr_shap_list_ir_1,lr_shap_list_ir_1_subset_92,orderSum,"['Wilderness_Area4', 'Hillshade_3pm', 'Hillshade_9am', 'Hillshade_Noon', 'Wilderness_Area3', 'Elevation', 'Horizontal_Distance_To_Roadways', 'Slope', 'Horizontal_Distance_To_Fire_Points', 'Horizontal_Distance_To_Hydrology', 'Aspect', 'Soil_Type2', 'Soil_Type3', 'Soil_Type4', 'Soil_Type1', 'Soil_Type5', 'Soil_Type11', 'Soil_Type6', 'Soil_Type17', 'Soil_Type10', 'Vertical_Distance_To_Hydrology', 'Soil_Type14', 'Soil_Type16', 'Soil_Type32', 'Soil_Type13']"
126,lr_shap_list_ir_3,lr_shap_list_ir_3_subset_32,orderMean,"['Wilderness_Area4', 'Wilderness_Area3', 'Hillshade_3pm', 'Hillshade_Noon', 'Hillshade_9am', 'Horizontal_Distance_To_Roadways', 'Elevation', 'Horizontal_Distance_To_Hydrology', 'Horizontal_Distance_To_Fire_Points', 'Slope', 'Soil_Type10', 'Soil_Type1', 'Soil_Type3', 'Soil_Type4', 'Aspect', 'Soil_Type2', 'Soil_Type17', 'Soil_Type6', 'Soil_Type11', 'Soil_Type5', 'Soil_Type14', 'Vertical_Distance_To_Hydrology', 'Soil_Type16', 'Soil_Type32', 'Soil_Type13']"
127,lr_shap_list_ir_3,lr_shap_list_ir_3_subset_32,orderStd,"['Hillshade_3pm', 'Hillshade_Noon', 'Wilderness_Area4', 'Wilderness_Area3', 'Hillshade_9am', 'Horizontal_Distance_To_Roadways', 'Elevation', 'Horizontal_Distance_To_Fire_Points', 'Horizontal_Distance_To_Hydrology', 'Slope', 'Soil_Type1', 'Soil_Type3', 'Soil_Type17', 'Soil_Type14', 'Soil_Type5', 'Soil_Type10', 'Soil_Type4', 'Soil_Type11', 'Soil_Type2', 'Soil_Type16', 'Aspect', 'Soil_Type6', 'Vertical_Distance_To_Hydrology', 'Soil_Type32', 'Soil_Type13']"
128,lr_shap_list_ir_3,lr_shap_list_ir_3_subset_32,orderSum,"['Wilderness_Area4', 'Wilderness_Area3', 'Hillshade_3pm', 'Hillshade_Noon', 'Hillshade_9am', 'Horizontal_Distance_To_Roadways', 'Elevation', 'Horizontal_Distance_To_Hydrology', 'Horizontal_Distance_To_Fire_Points', 'Slope', 'Soil_Type10', 'Soil_Type1', 'Soil_Type3', 'Soil_Type4', 'Aspect', 'Soil_Type2', 'Soil_Type17', 'Soil_Type6', 'Soil_Type11', 'Soil_Type5', 'Soil_Type14', 'Vertical_Distance_To_Hydrology', 'Soil_Type16', 'Soil_Type32', 'Soil_Type13']"
129,lr_shap_list_ir_1,lr_shap_list_ir_1_subset_55,orderMean,"['Wilderness_Area4', 'Wilderness_Area3', 'Hillshade_3pm', 'Hillshade_Noon', 'Horizontal_Distance_To_Roadways', 'Hillshade_9am', 'Elevation', 'Horizontal_Distance_To_Fire_Points', 'Soil_Type10', 'Slope', 'Horizontal_Distance_To_Hydrology', 'Aspect', 'Soil_Type3', 'Vertical_Distance_To_Hydrology', 'Soil_Type2', 'Soil_Type6', 'Soil_Type5', 'Soil_Type11', 'Soil_Type1', 'Soil_Type4', 'Soil_Type17', 'Soil_Type14', 'Soil_Type16', 'Soil_Type32', 'Soil_Type13']"
130,lr_shap_list_ir_1,lr_shap_list_ir_1_subset_55,orderStd,"['Hillshade_3pm', 'Hillshade_Noon', 'Horizontal_Distance_To_Roadways', 'Hillshade_9am', 'Elevation', 'Horizontal_Distance_To_Fire_Points', 'Wilderness_Area4', 'Wilderness_Area3', 'Slope', 'Horizontal_Distance_To_Hydrology', 'Soil_Type3', 'Soil_Type1', 'Aspect', 'Soil_Type11', 'Soil_Type10', 'Soil_Type5', 'Soil_Type17', 'Vertical_Distance_To_Hydrology', 'Soil_Type2', 'Soil_Type14', 'Soil_Type6', 'Soil_Type16', 'Soil_Type4', 'Soil_Type32', 'Soil_Type13']"
131,lr_shap_list_ir_1,lr_shap_list_ir_1_subset_55,orderSum,"['Wilderness_Area4', 'Wilderness_Area3', 'Hillshade_3pm', 'Hillshade_Noon', 'Horizontal_Distance_To_Roadways', 'Hillshade_9am', 'Elevation', 'Horizontal_Distance_To_Fire_Points', 'Soil_Type10', 'Slope', 'Horizontal_Distance_To_Hydrology', 'Aspect', 'Soil_Type3', 'Vertical_Distance_To_Hydrology', 'Soil_Type2', 'Soil_Type6', 'Soil_Type5', 'Soil_Type11', 'Soil_Type1', 'Soil_Type4', 'Soil_Type17', 'Soil_Type14', 'Soil_Type16', 'Soil_Type32', 'Soil_Type13']"
132,lr_shap_list_ir_3,lr_shap_list_ir_3_subset_19,orderMean,"['Wilderness_Area4', 'Wilderness_Area3', 'Hillshade_3pm', 'Hillshade_Noon', 'Elevation', 'Horizontal_Distance_To_Roadways', 'Hillshade_9am', 'Horizontal_Distance_To_Hydrology', 'Horizontal_Distance_To_Fire_Points', 'Slope', 'Soil_Type10', 'Soil_Type2', 'Soil_Type1', 'Aspect', 'Vertical_Distance_To_Hydrology', 'Soil_Type6', 'Soil_Type4', 'Soil_Type3', 'Soil_Type17', 'Soil_Type5', 'Soil_Type14', 'Soil_Type11', 'Soil_Type16', 'Soil_Type32', 'Soil_Type13']"
133,lr_shap_list_ir_3,lr_shap_list_ir_3_subset_19,orderStd,"['Hillshade_3pm', 'Wilderness_Area4', 'Hillshade_Noon', 'Wilderness_Area3', 'Horizontal_Distance_To_Roadways', 'Elevation', 'Hillshade_9am', 'Soil_Type1', 'Horizontal_Distance_To_Hydrology', 'Horizontal_Distance_To_Fire_Points', 'Slope', 'Soil_Type2', 'Soil_Type17', 'Soil_Type14', 'Soil_Type6', 'Soil_Type5', 'Soil_Type3', 'Soil_Type4', 'Vertical_Distance_To_Hydrology', 'Soil_Type11', 'Soil_Type16', 'Aspect', 'Soil_Type10', 'Soil_Type32', 'Soil_Type13']"
134,lr_shap_list_ir_3,lr_shap_list_ir_3_subset_19,orderSum,"['Wilderness_Area4', 'Wilderness_Area3', 'Hillshade_3pm', 'Hillshade_Noon', 'Elevation', 'Horizontal_Distance_To_Roadways', 'Hillshade_9am', 'Horizontal_Distance_To_Hydrology', 'Horizontal_Distance_To_Fire_Points', 'Slope', 'Soil_Type10', 'Soil_Type2', 'Soil_Type1', 'Aspect', 'Vertical_Distance_To_Hydrology', 'Soil_Type6', 'Soil_Type4', 'Soil_Type3', 'Soil_Type17', 'Soil_Type5', 'Soil_Type14', 'Soil_Type11', 'Soil_Type16', 'Soil_Type32', 'Soil_Type13']"
135,lr_shap_list_ir_2,lr_shap_list_ir_2_subset_70,orderMean,"['Wilderness_Area4', 'Wilderness_Area3', 'Hillshade_3pm', 'Hillshade_Noon', 'Elevation', 'Horizontal_Distance_To_Roadways', 'Slope', 'Horizontal_Distance_To_Hydrology', 'Horizontal_Distance_To_Fire_Points', 'Soil_Type10', 'Soil_Type2', 'Hillshade_9am', 'Soil_Type1', 'Soil_Type4', 'Soil_Type6', 'Vertical_Distance_To_Hydrology', 'Soil_Type3', 'Soil_Type5', 'Soil_Type11', 'Soil_Type17', 'Soil_Type14', 'Aspect', 'Soil_Type16', 'Soil_Type32', 'Soil_Type13']"
136,lr_shap_list_ir_2,lr_shap_list_ir_2_subset_70,orderStd,"['Hillshade_3pm', 'Hillshade_Noon', 'Wilderness_Area4', 'Wilderness_Area3', 'Horizontal_Distance_To_Roadways', 'Elevation', 'Horizontal_Distance_To_Fire_Points', 'Soil_Type1', 'Slope', 'Horizontal_Distance_To_Hydrology', 'Soil_Type2', 'Soil_Type14', 'Soil_Type17', 'Soil_Type3', 'Hillshade_9am', 'Soil_Type5', 'Soil_Type6', 'Soil_Type10', 'Soil_Type11', 'Soil_Type16', 'Soil_Type4', 'Vertical_Distance_To_Hydrology', 'Aspect', 'Soil_Type32', 'Soil_Type13']"
137,lr_shap_list_ir_2,lr_shap_list_ir_2_subset_70,orderSum,"['Wilderness_Area4', 'Wilderness_Area3', 'Hillshade_3pm', 'Hillshade_Noon', 'Elevation', 'Horizontal_Distance_To_Roadways', 'Slope', 'Horizontal_Distance_To_Hydrology', 'Horizontal_Distance_To_Fire_Points', 'Soil_Type10', 'Soil_Type2', 'Hillshade_9am', 'Soil_Type1', 'Soil_Type4', 'Soil_Type6', 'Vertical_Distance_To_Hydrology', 'Soil_Type3', 'Soil_Type5', 'Soil_Type11', 'Soil_Type17', 'Soil_Type14', 'Aspect', 'Soil_Type16', 'Soil_Type32', 'Soil_Type13']"
138,lr_shap_list_ir_2,lr_shap_list_ir_2_subset_20,orderMean,"['Wilderness_Area3', 'Wilderness_Area4', 'Horizontal_Distance_To_Roadways', 'Hillshade_Noon', 'Elevation', 'Hillshade_3pm', 'Hillshade_9am', 'Horizontal_Distance_To_Hydrology', 'Soil_Type10', 'Horizontal_Distance_To_Fire_Points', 'Slope', 'Soil_Type4', 'Soil_Type2', 'Soil_Type6', 'Soil_Type1', 'Soil_Type3', 'Soil_Type5', 'Aspect', 'Vertical_Distance_To_Hydrology', 'Soil_Type17', 'Soil_Type14', 'Soil_Type16', 'Soil_Type11', 'Soil_Type32', 'Soil_Type13']"
139,lr_shap_list_ir_2,lr_shap_list_ir_2_subset_20,orderStd,"['Wilderness_Area3', 'Horizontal_Distance_To_Roadways', 'Hillshade_Noon', 'Wilderness_Area4', 'Elevation', 'Hillshade_3pm', 'Horizontal_Distance_To_Hydrology', 'Soil_Type1', 'Hillshade_9am', 'Horizontal_Distance_To_Fire_Points', 'Soil_Type2', 'Soil_Type4', 'Soil_Type6', 'Soil_Type5', 'Slope', 'Soil_Type3', 'Soil_Type10', 'Soil_Type17', 'Soil_Type14', 'Soil_Type16', 'Vertical_Distance_To_Hydrology', 'Aspect', 'Soil_Type32', 'Soil_Type11', 'Soil_Type13']"
140,lr_shap_list_ir_2,lr_shap_list_ir_2_subset_20,orderSum,"['Wilderness_Area3', 'Wilderness_Area4', 'Horizontal_Distance_To_Roadways', 'Hillshade_Noon', 'Elevation', 'Hillshade_3pm', 'Hillshade_9am', 'Horizontal_Distance_To_Hydrology', 'Soil_Type10', 'Horizontal_Distance_To_Fire_Points', 'Slope', 'Soil_Type4', 'Soil_Type2', 'Soil_Type6', 'Soil_Type1', 'Soil_Type3', 'Soil_Type5', 'Aspect', 'Vertical_Distance_To_Hydrology', 'Soil_Type17', 'Soil_Type14', 'Soil_Type16', 'Soil_Type11', 'Soil_Type32', 'Soil_Type13']"
141,lr_shap_list_ir_1,lr_shap_list_ir_1_subset_40,orderMean,"['Wilderness_Area4', 'Wilderness_Area3', 'Hillshade_3pm', 'Hillshade_Noon', 'Horizontal_Distance_To_Roadways', 'Elevation', 'Hillshade_9am', 'Slope', 'Horizontal_Distance_To_Fire_Points', 'Horizontal_Distance_To_Hydrology', 'Soil_Type2', 'Aspect', 'Soil_Type1', 'Soil_Type6', 'Soil_Type10', 'Soil_Type3', 'Vertical_Distance_To_Hydrology', 'Soil_Type5', 'Soil_Type4', 'Soil_Type17', 'Soil_Type14', 'Soil_Type16', 'Soil_Type11', 'Soil_Type32', 'Soil_Type13']"
142,lr_shap_list_ir_1,lr_shap_list_ir_1_subset_40,orderStd,"['Hillshade_3pm', 'Hillshade_Noon', 'Horizontal_Distance_To_Roadways', 'Elevation', 'Hillshade_9am', 'Slope', 'Horizontal_Distance_To_Fire_Points', 'Soil_Type1', 'Horizontal_Distance_To_Hydrology', 'Soil_Type2', 'Soil_Type5', 'Soil_Type14', 'Soil_Type3', 'Soil_Type17', 'Soil_Type6', 'Aspect', 'Soil_Type16', 'Wilderness_Area4', 'Vertical_Distance_To_Hydrology', 'Wilderness_Area3', 'Soil_Type10', 'Soil_Type4', 'Soil_Type11', 'Soil_Type32', 'Soil_Type13']"
143,lr_shap_list_ir_1,lr_shap_list_ir_1_subset_40,orderSum,"['Wilderness_Area4', 'Wilderness_Area3', 'Hillshade_3pm', 'Hillshade_Noon', 'Horizontal_Distance_To_Roadways', 'Elevation', 'Hillshade_9am', 'Slope', 'Horizontal_Distance_To_Fire_Points', 'Horizontal_Distance_To_Hydrology', 'Soil_Type2', 'Aspect', 'Soil_Type1', 'Soil_Type6', 'Soil_Type10', 'Soil_Type3', 'Vertical_Distance_To_Hydrology', 'Soil_Type5', 'Soil_Type4', 'Soil_Type17', 'Soil_Type14', 'Soil_Type16', 'Soil_Type11', 'Soil_Type32', 'Soil_Type13']"
144,lr_shap_list_ir_4,lr_shap_list_ir_4_subset_69,orderMean,"['Wilderness_Area4', 'Wilderness_Area3', 'Hillshade_3pm', 'Hillshade_Noon', 'Horizontal_Distance_To_Roadways', 'Elevation', 'Horizontal_Distance_To_Hydrology', 'Horizontal_Distance_To_Fire_Points', 'Slope', 'Soil_Type10', 'Hillshade_9am', 'Soil_Type2', 'Soil_Type1', 'Soil_Type4', 'Aspect', 'Soil_Type3', 'Soil_Type6', 'Vertical_Distance_To_Hydrology', 'Soil_Type17', 'Soil_Type14', 'Soil_Type5', 'Soil_Type11', 'Soil_Type16', 'Soil_Type32', 'Soil_Type13']"
145,lr_shap_list_ir_4,lr_shap_list_ir_4_subset_69,orderStd,"['Hillshade_3pm', 'Hillshade_Noon', 'Horizontal_Distance_To_Roadways', 'Elevation', 'Wilderness_Area4', 'Wilderness_Area3', 'Horizontal_Distance_To_Fire_Points', 'Horizontal_Distance_To_Hydrology', 'Soil_Type2', 'Soil_Type1', 'Slope', 'Soil_Type3', 'Soil_Type17', 'Hillshade_9am', 'Soil_Type14', 'Soil_Type10', 'Soil_Type6', 'Soil_Type4', 'Soil_Type5', 'Soil_Type16', 'Aspect', 'Vertical_Distance_To_Hydrology', 'Soil_Type11', 'Soil_Type32', 'Soil_Type13']"
146,lr_shap_list_ir_4,lr_shap_list_ir_4_subset_69,orderSum,"['Wilderness_Area4', 'Wilderness_Area3', 'Hillshade_3pm', 'Hillshade_Noon', 'Horizontal_Distance_To_Roadways', 'Elevation', 'Horizontal_Distance_To_Hydrology', 'Horizontal_Distance_To_Fire_Points', 'Slope', 'Soil_Type10', 'Hillshade_9am', 'Soil_Type2', 'Soil_Type1', 'Soil_Type4', 'Aspect', 'Soil_Type3', 'Soil_Type6', 'Vertical_Distance_To_Hydrology', 'Soil_Type17', 'Soil_Type14', 'Soil_Type5', 'Soil_Type11', 'Soil_Type16', 'Soil_Type32', 'Soil_Type13']"
147,lr_shap_list_ir_4,lr_shap_list_ir_4_subset_67,orderMean,"['Wilderness_Area4', 'Hillshade_3pm', 'Wilderness_Area3', 'Hillshade_Noon', 'Horizontal_Distance_To_Roadways', 'Elevation', 'Hillshade_9am', 'Horizontal_Distance_To_Hydrology', 'Slope', 'Horizontal_Distance_To_Fire_Points', 'Soil_Type10', 'Soil_Type3', 'Vertical_Distance_To_Hydrology', 'Soil_Type2', 'Aspect', 'Soil_Type1', 'Soil_Type4', 'Soil_Type6', 'Soil_Type17', 'Soil_Type14', 'Soil_Type11', 'Soil_Type5', 'Soil_Type16', 'Soil_Type32', 'Soil_Type13']"
148,lr_shap_list_ir_4,lr_shap_list_ir_4_subset_67,orderStd,"['Hillshade_3pm', 'Hillshade_Noon', 'Horizontal_Distance_To_Roadways', 'Elevation', 'Hillshade_9am', 'Wilderness_Area4', 'Slope', 'Horizontal_Distance_To_Hydrology', 'Horizontal_Distance_To_Fire_Points', 'Wilderness_Area3', 'Soil_Type1', 'Soil_Type14', 'Soil_Type17', 'Soil_Type3', 'Soil_Type10', 'Soil_Type2', 'Soil_Type5', 'Vertical_Distance_To_Hydrology', 'Soil_Type6', 'Soil_Type16', 'Soil_Type4', 'Soil_Type11', 'Aspect', 'Soil_Type32', 'Soil_Type13']"
149,lr_shap_list_ir_4,lr_shap_list_ir_4_subset_67,orderSum,"['Wilderness_Area4', 'Hillshade_3pm', 'Wilderness_Area3', 'Hillshade_Noon', 'Horizontal_Distance_To_Roadways', 'Elevation', 'Hillshade_9am', 'Horizontal_Distance_To_Hydrology', 'Slope', 'Horizontal_Distance_To_Fire_Points', 'Soil_Type10', 'Soil_Type3', 'Vertical_Distance_To_Hydrology', 'Soil_Type2', 'Aspect', 'Soil_Type1', 'Soil_Type4', 'Soil_Type6', 'Soil_Type17', 'Soil_Type14', 'Soil_Type11', 'Soil_Type5', 'Soil_Type16', 'Soil_Type32', 'Soil_Type13']"
150,lr_shap_list_ir_5,lr_shap_list_ir_5_subset_23,orderMean,"['Wilderness_Area4', 'Wilderness_Area3', 'Hillshade_3pm', 'Hillshade_Noon', 'Horizontal_Distance_To_Roadways', 'Elevation', 'Horizontal_Distance_To_Hydrology', 'Horizontal_Distance_To_Fire_Points', 'Soil_Type10', 'Slope', 'Soil_Type1', 'Soil_Type2', 'Soil_Type4', 'Soil_Type3', 'Soil_Type6', 'Soil_Type17', 'Aspect', 'Vertical_Distance_To_Hydrology', 'Soil_Type14', 'Soil_Type5', 'Soil_Type11', 'Soil_Type16', 'Hillshade_9am', 'Soil_Type32', 'Soil_Type13']"
151,lr_shap_list_ir_5,lr_shap_list_ir_5_subset_23,orderStd,"['Wilderness_Area4', 'Wilderness_Area3', 'Hillshade_3pm', 'Hillshade_Noon', 'Horizontal_Distance_To_Roadways', 'Elevation', 'Horizontal_Distance_To_Hydrology', 'Horizontal_Distance_To_Fire_Points', 'Soil_Type1', 'Soil_Type2', 'Slope', 'Soil_Type14', 'Soil_Type17', 'Soil_Type6', 'Soil_Type3', 'Soil_Type5', 'Soil_Type4', 'Soil_Type10', 'Soil_Type16', 'Soil_Type11', 'Aspect', 'Vertical_Distance_To_Hydrology', 'Hillshade_9am', 'Soil_Type32', 'Soil_Type13']"
152,lr_shap_list_ir_5,lr_shap_list_ir_5_subset_23,orderSum,"['Wilderness_Area4', 'Wilderness_Area3', 'Hillshade_3pm', 'Hillshade_Noon', 'Horizontal_Distance_To_Roadways', 'Elevation', 'Horizontal_Distance_To_Hydrology', 'Horizontal_Distance_To_Fire_Points', 'Soil_Type10', 'Slope', 'Soil_Type1', 'Soil_Type2', 'Soil_Type4', 'Soil_Type3', 'Soil_Type6', 'Soil_Type17', 'Aspect', 'Vertical_Distance_To_Hydrology', 'Soil_Type14', 'Soil_Type5', 'Soil_Type11', 'Soil_Type16', 'Hillshade_9am', 'Soil_Type32', 'Soil_Type13']"
153,lr_shap_list_ir_1,lr_shap_list_ir_1_subset_106,orderMean,"['Wilderness_Area4', 'Hillshade_3pm', 'Wilderness_Area3', 'Hillshade_Noon', 'Hillshade_9am', 'Horizontal_Distance_To_Roadways', 'Elevation', 'Slope', 'Horizontal_Distance_To_Fire_Points', 'Horizontal_Distance_To_Hydrology', 'Soil_Type10', 'Soil_Type3', 'Soil_Type2', 'Soil_Type1', 'Soil_Type6', 'Soil_Type11', 'Soil_Type5', 'Aspect', 'Soil_Type17', 'Soil_Type14', 'Soil_Type4', 'Soil_Type16', 'Vertical_Distance_To_Hydrology', 'Soil_Type32', 'Soil_Type13']"
154,lr_shap_list_ir_1,lr_shap_list_ir_1_subset_106,orderStd,"['Hillshade_3pm', 'Hillshade_Noon', 'Wilderness_Area4', 'Hillshade_9am', 'Wilderness_Area3', 'Horizontal_Distance_To_Roadways', 'Elevation', 'Slope', 'Horizontal_Distance_To_Fire_Points', 'Horizontal_Distance_To_Hydrology', 'Soil_Type17', 'Soil_Type1', 'Soil_Type3', 'Soil_Type14', 'Soil_Type5', 'Soil_Type2', 'Soil_Type11', 'Soil_Type16', 'Soil_Type10', 'Soil_Type6', 'Soil_Type4', 'Aspect', 'Soil_Type32', 'Vertical_Distance_To_Hydrology', 'Soil_Type13']"
155,lr_shap_list_ir_1,lr_shap_list_ir_1_subset_106,orderSum,"['Wilderness_Area4', 'Hillshade_3pm', 'Wilderness_Area3', 'Hillshade_Noon', 'Hillshade_9am', 'Horizontal_Distance_To_Roadways', 'Elevation', 'Slope', 'Horizontal_Distance_To_Fire_Points', 'Horizontal_Distance_To_Hydrology', 'Soil_Type10', 'Soil_Type3', 'Soil_Type2', 'Soil_Type1', 'Soil_Type6', 'Soil_Type11', 'Soil_Type5', 'Aspect', 'Soil_Type17', 'Soil_Type14', 'Soil_Type4', 'Soil_Type16', 'Vertical_Distance_To_Hydrology', 'Soil_Type32', 'Soil_Type13']"
156,lr_shap_list_ir_5,lr_shap_list_ir_5_subset_12,orderMean,"['Wilderness_Area4', 'Wilderness_Area3', 'Hillshade_3pm', 'Hillshade_Noon', 'Horizontal_Distance_To_Roadways', 'Elevation', 'Horizontal_Distance_To_Hydrology', 'Slope', 'Hillshade_9am', 'Horizontal_Distance_To_Fire_Points', 'Soil_Type10', 'Soil_Type3', 'Soil_Type2', 'Soil_Type4', 'Soil_Type17', 'Vertical_Distance_To_Hydrology', 'Soil_Type6', 'Soil_Type1', 'Soil_Type14', 'Aspect', 'Soil_Type5', 'Soil_Type11', 'Soil_Type16', 'Soil_Type32', 'Soil_Type13']"
157,lr_shap_list_ir_5,lr_shap_list_ir_5_subset_12,orderStd,"['Hillshade_3pm', 'Hillshade_Noon', 'Wilderness_Area4', 'Wilderness_Area3', 'Horizontal_Distance_To_Roadways', 'Elevation', 'Horizontal_Distance_To_Hydrology', 'Slope', 'Horizontal_Distance_To_Fire_Points', 'Soil_Type1', 'Hillshade_9am', 'Soil_Type17', 'Soil_Type3', 'Soil_Type14', 'Soil_Type2', 'Soil_Type4', 'Soil_Type6', 'Soil_Type10', 'Soil_Type5', 'Vertical_Distance_To_Hydrology', 'Soil_Type11', 'Soil_Type16', 'Aspect', 'Soil_Type32', 'Soil_Type13']"
158,lr_shap_list_ir_5,lr_shap_list_ir_5_subset_12,orderSum,"['Wilderness_Area4', 'Wilderness_Area3', 'Hillshade_3pm', 'Hillshade_Noon', 'Horizontal_Distance_To_Roadways', 'Elevation', 'Horizontal_Distance_To_Hydrology', 'Slope', 'Hillshade_9am', 'Horizontal_Distance_To_Fire_Points', 'Soil_Type10', 'Soil_Type3', 'Soil_Type2', 'Soil_Type4', 'Soil_Type17', 'Vertical_Distance_To_Hydrology', 'Soil_Type6', 'Soil_Type1', 'Soil_Type14', 'Aspect', 'Soil_Type5', 'Soil_Type11', 'Soil_Type16', 'Soil_Type32', 'Soil_Type13']"
159,lr_shap_list_ir_3,lr_shap_list_ir_3_subset_44,orderMean,"['Wilderness_Area4', 'Wilderness_Area3', 'Hillshade_3pm', 'Hillshade_Noon', 'Horizontal_Distance_To_Roadways', 'Elevation', 'Hillshade_9am', 'Slope', 'Horizontal_Distance_To_Hydrology', 'Horizontal_Distance_To_Fire_Points', 'Soil_Type10', 'Soil_Type2', 'Vertical_Distance_To_Hydrology', 'Soil_Type6', 'Soil_Type3', 'Soil_Type4', 'Soil_Type17', 'Soil_Type1', 'Soil_Type5', 'Soil_Type11', 'Soil_Type14', 'Soil_Type16', 'Aspect', 'Soil_Type32', 'Soil_Type13']"
160,lr_shap_list_ir_3,lr_shap_list_ir_3_subset_44,orderStd,"['Hillshade_3pm', 'Hillshade_Noon', 'Wilderness_Area4', 'Horizontal_Distance_To_Roadways', 'Elevation', 'Wilderness_Area3', 'Hillshade_9am', 'Slope', 'Horizontal_Distance_To_Fire_Points', 'Horizontal_Distance_To_Hydrology', 'Soil_Type17', 'Soil_Type2', 'Soil_Type14', 'Soil_Type1', 'Soil_Type10', 'Soil_Type3', 'Soil_Type6', 'Soil_Type5', 'Soil_Type11', 'Vertical_Distance_To_Hydrology', 'Soil_Type4', 'Soil_Type16', 'Aspect', 'Soil_Type32', 'Soil_Type13']"
161,lr_shap_list_ir_3,lr_shap_list_ir_3_subset_44,orderSum,"['Wilderness_Area4', 'Wilderness_Area3', 'Hillshade_3pm', 'Hillshade_Noon', 'Horizontal_Distance_To_Roadways', 'Elevation', 'Hillshade_9am', 'Slope', 'Horizontal_Distance_To_Hydrology', 'Horizontal_Distance_To_Fire_Points', 'Soil_Type10', 'Soil_Type2', 'Vertical_Distance_To_Hydrology', 'Soil_Type6', 'Soil_Type3', 'Soil_Type4', 'Soil_Type17', 'Soil_Type1', 'Soil_Type5', 'Soil_Type11', 'Soil_Type14', 'Soil_Type16', 'Aspect', 'Soil_Type32', 'Soil_Type13']"
162,lr_shap_list_ir_3,lr_shap_list_ir_3_subset_54,orderMean,"['Wilderness_Area3', 'Wilderness_Area4', 'Hillshade_3pm', 'Hillshade_Noon', 'Horizontal_Distance_To_Roadways', 'Elevation', 'Horizontal_Distance_To_Hydrology', 'Horizontal_Distance_To_Fire_Points', 'Soil_Type10', 'Slope', 'Soil_Type4', 'Soil_Type6', 'Soil_Type2', 'Aspect', 'Hillshade_9am', 'Soil_Type1', 'Vertical_Distance_To_Hydrology', 'Soil_Type3', 'Soil_Type5', 'Soil_Type14', 'Soil_Type17', 'Soil_Type11', 'Soil_Type16', 'Soil_Type32', 'Soil_Type13']"
163,lr_shap_list_ir_3,lr_shap_list_ir_3_subset_54,orderStd,"['Wilderness_Area3', 'Wilderness_Area4', 'Hillshade_Noon', 'Hillshade_3pm', 'Horizontal_Distance_To_Roadways', 'Elevation', 'Soil_Type1', 'Horizontal_Distance_To_Hydrology', 'Horizontal_Distance_To_Fire_Points', 'Soil_Type10', 'Soil_Type2', 'Soil_Type4', 'Slope', 'Soil_Type6', 'Soil_Type5', 'Soil_Type14', 'Soil_Type17', 'Soil_Type3', 'Hillshade_9am', 'Aspect', 'Soil_Type11', 'Vertical_Distance_To_Hydrology', 'Soil_Type16', 'Soil_Type32', 'Soil_Type13']"
164,lr_shap_list_ir_3,lr_shap_list_ir_3_subset_54,orderSum,"['Wilderness_Area3', 'Wilderness_Area4', 'Hillshade_3pm', 'Hillshade_Noon', 'Horizontal_Distance_To_Roadways', 'Elevation', 'Horizontal_Distance_To_Hydrology', 'Horizontal_Distance_To_Fire_Points', 'Soil_Type10', 'Slope', 'Soil_Type4', 'Soil_Type6', 'Soil_Type2', 'Aspect', 'Hillshade_9am', 'Soil_Type1', 'Vertical_Distance_To_Hydrology', 'Soil_Type3', 'Soil_Type5', 'Soil_Type14', 'Soil_Type17', 'Soil_Type11', 'Soil_Type16', 'Soil_Type32', 'Soil_Type13']"
165,lr_shap_list_ir_5,lr_shap_list_ir_5_subset_39,orderMean,"['Wilderness_Area4', 'Hillshade_3pm', 'Wilderness_Area3', 'Hillshade_Noon', 'Elevation', 'Horizontal_Distance_To_Roadways', 'Hillshade_9am', 'Slope', 'Horizontal_Distance_To_Fire_Points', 'Horizontal_Distance_To_Hydrology', 'Soil_Type10', 'Soil_Type3', 'Soil_Type2', 'Soil_Type4', 'Soil_Type17', 'Soil_Type1', 'Aspect', 'Soil_Type6', 'Soil_Type11', 'Vertical_Distance_To_Hydrology', 'Soil_Type5', 'Soil_Type14', 'Soil_Type16', 'Soil_Type32', 'Soil_Type13']"
166,lr_shap_list_ir_5,lr_shap_list_ir_5_subset_39,orderStd,"['Hillshade_3pm', 'Hillshade_Noon', 'Wilderness_Area4', 'Horizontal_Distance_To_Roadways', 'Elevation', 'Wilderness_Area3', 'Hillshade_9am', 'Slope', 'Horizontal_Distance_To_Fire_Points', 'Horizontal_Distance_To_Hydrology', 'Soil_Type17', 'Soil_Type1', 'Soil_Type3', 'Soil_Type2', 'Soil_Type14', 'Soil_Type5', 'Soil_Type4', 'Soil_Type11', 'Soil_Type16', 'Soil_Type10', 'Soil_Type6', 'Aspect', 'Vertical_Distance_To_Hydrology', 'Soil_Type32', 'Soil_Type13']"
167,lr_shap_list_ir_5,lr_shap_list_ir_5_subset_39,orderSum,"['Wilderness_Area4', 'Hillshade_3pm', 'Wilderness_Area3', 'Hillshade_Noon', 'Elevation', 'Horizontal_Distance_To_Roadways', 'Hillshade_9am', 'Slope', 'Horizontal_Distance_To_Fire_Points', 'Horizontal_Distance_To_Hydrology', 'Soil_Type10', 'Soil_Type3', 'Soil_Type2', 'Soil_Type4', 'Soil_Type17', 'Soil_Type1', 'Aspect', 'Soil_Type6', 'Soil_Type11', 'Vertical_Distance_To_Hydrology', 'Soil_Type5', 'Soil_Type14', 'Soil_Type16', 'Soil_Type32', 'Soil_Type13']"
168,lr_shap_list_ir_4,lr_shap_list_ir_4_subset_53,orderMean,"['Wilderness_Area4', 'Hillshade_3pm', 'Wilderness_Area3', 'Hillshade_Noon', 'Elevation', 'Horizontal_Distance_To_Roadways', 'Hillshade_9am', 'Horizontal_Distance_To_Hydrology', 'Slope', 'Horizontal_Distance_To_Fire_Points', 'Soil_Type10', 'Vertical_Distance_To_Hydrology', 'Soil_Type1', 'Soil_Type4', 'Soil_Type2', 'Soil_Type3', 'Aspect', 'Soil_Type6', 'Soil_Type17', 'Soil_Type14', 'Soil_Type5', 'Soil_Type11', 'Soil_Type16', 'Soil_Type32', 'Soil_Type13']"
169,lr_shap_list_ir_4,lr_shap_list_ir_4_subset_53,orderStd,"['Hillshade_3pm', 'Hillshade_Noon', 'Wilderness_Area4', 'Wilderness_Area3', 'Horizontal_Distance_To_Roadways', 'Elevation', 'Hillshade_9am', 'Horizontal_Distance_To_Hydrology', 'Slope', 'Horizontal_Distance_To_Fire_Points', 'Soil_Type17', 'Soil_Type1', 'Soil_Type3', 'Soil_Type14', 'Soil_Type2', 'Soil_Type4', 'Vertical_Distance_To_Hydrology', 'Soil_Type6', 'Soil_Type5', 'Soil_Type11', 'Soil_Type16', 'Aspect', 'Soil_Type10', 'Soil_Type32', 'Soil_Type13']"
170,lr_shap_list_ir_4,lr_shap_list_ir_4_subset_53,orderSum,"['Wilderness_Area4', 'Hillshade_3pm', 'Wilderness_Area3', 'Hillshade_Noon', 'Elevation', 'Horizontal_Distance_To_Roadways', 'Hillshade_9am', 'Horizontal_Distance_To_Hydrology', 'Slope', 'Horizontal_Distance_To_Fire_Points', 'Soil_Type10', 'Vertical_Distance_To_Hydrology', 'Soil_Type1', 'Soil_Type4', 'Soil_Type2', 'Soil_Type3', 'Aspect', 'Soil_Type6', 'Soil_Type17', 'Soil_Type14', 'Soil_Type5', 'Soil_Type11', 'Soil_Type16', 'Soil_Type32', 'Soil_Type13']"
171,lr_shap_list_ir_1,lr_shap_list_ir_1_subset_39,orderMean,"['Wilderness_Area4', 'Hillshade_3pm', 'Wilderness_Area3', 'Hillshade_Noon', 'Hillshade_9am', 'Elevation', 'Horizontal_Distance_To_Roadways', 'Slope', 'Horizontal_Distance_To_Hydrology', 'Horizontal_Distance_To_Fire_Points', 'Soil_Type3', 'Aspect', 'Soil_Type11', 'Soil_Type4', 'Soil_Type1', 'Soil_Type14', 'Soil_Type17', 'Soil_Type10', 'Soil_Type5', 'Soil_Type2', 'Soil_Type6', 'Vertical_Distance_To_Hydrology', 'Soil_Type16', 'Soil_Type32', 'Soil_Type13']"
172,lr_shap_list_ir_1,lr_shap_list_ir_1_subset_39,orderStd,"['Hillshade_3pm', 'Hillshade_Noon', 'Hillshade_9am', 'Wilderness_Area4', 'Horizontal_Distance_To_Roadways', 'Elevation', 'Slope', 'Wilderness_Area3', 'Horizontal_Distance_To_Fire_Points', 'Horizontal_Distance_To_Hydrology', 'Soil_Type3', 'Soil_Type11', 'Soil_Type17', 'Soil_Type14', 'Soil_Type16', 'Soil_Type1', 'Soil_Type4', 'Aspect', 'Soil_Type5', 'Soil_Type2', 'Soil_Type6', 'Soil_Type10', 'Vertical_Distance_To_Hydrology', 'Soil_Type32', 'Soil_Type13']"
173,lr_shap_list_ir_1,lr_shap_list_ir_1_subset_39,orderSum,"['Wilderness_Area4', 'Hillshade_3pm', 'Wilderness_Area3', 'Hillshade_Noon', 'Hillshade_9am', 'Elevation', 'Horizontal_Distance_To_Roadways', 'Slope', 'Horizontal_Distance_To_Hydrology', 'Horizontal_Distance_To_Fire_Points', 'Soil_Type3', 'Aspect', 'Soil_Type11', 'Soil_Type4', 'Soil_Type1', 'Soil_Type14', 'Soil_Type17', 'Soil_Type10', 'Soil_Type5', 'Soil_Type2', 'Soil_Type6', 'Vertical_Distance_To_Hydrology', 'Soil_Type16', 'Soil_Type32', 'Soil_Type13']"
174,lr_shap_list_ir_3,lr_shap_list_ir_3_subset_46,orderMean,"['Wilderness_Area4', 'Wilderness_Area3', 'Hillshade_3pm', 'Hillshade_Noon', 'Hillshade_9am', 'Horizontal_Distance_To_Roadways', 'Elevation', 'Slope', 'Horizontal_Distance_To_Hydrology', 'Horizontal_Distance_To_Fire_Points', 'Soil_Type10', 'Soil_Type3', 'Soil_Type2', 'Soil_Type6', 'Vertical_Distance_To_Hydrology', 'Soil_Type4', 'Soil_Type1', 'Soil_Type17', 'Soil_Type5', 'Soil_Type11', 'Soil_Type14', 'Soil_Type16', 'Aspect', 'Soil_Type32', 'Soil_Type13']"
175,lr_shap_list_ir_3,lr_shap_list_ir_3_subset_46,orderStd,"['Hillshade_3pm', 'Hillshade_Noon', 'Wilderness_Area4', 'Horizontal_Distance_To_Roadways', 'Wilderness_Area3', 'Hillshade_9am', 'Elevation', 'Slope', 'Horizontal_Distance_To_Hydrology', 'Horizontal_Distance_To_Fire_Points', 'Soil_Type17', 'Soil_Type1', 'Soil_Type2', 'Soil_Type3', 'Soil_Type14', 'Soil_Type6', 'Soil_Type5', 'Vertical_Distance_To_Hydrology', 'Soil_Type4', 'Soil_Type16', 'Soil_Type10', 'Soil_Type11', 'Aspect', 'Soil_Type32', 'Soil_Type13']"
176,lr_shap_list_ir_3,lr_shap_list_ir_3_subset_46,orderSum,"['Wilderness_Area4', 'Wilderness_Area3', 'Hillshade_3pm', 'Hillshade_Noon', 'Hillshade_9am', 'Horizontal_Distance_To_Roadways', 'Elevation', 'Slope', 'Horizontal_Distance_To_Hydrology', 'Horizontal_Distance_To_Fire_Points', 'Soil_Type10', 'Soil_Type3', 'Soil_Type2', 'Soil_Type6', 'Vertical_Distance_To_Hydrology', 'Soil_Type4', 'Soil_Type1', 'Soil_Type17', 'Soil_Type5', 'Soil_Type11', 'Soil_Type14', 'Soil_Type16', 'Aspect', 'Soil_Type32', 'Soil_Type13']"
177,lr_shap_list_ir_5,lr_shap_list_ir_5_subset_90,orderMean,"['Wilderness_Area4', 'Wilderness_Area3', 'Hillshade_3pm', 'Hillshade_Noon', 'Horizontal_Distance_To_Roadways', 'Elevation', 'Hillshade_9am', 'Horizontal_Distance_To_Hydrology', 'Slope', 'Horizontal_Distance_To_Fire_Points', 'Soil_Type10', 'Soil_Type3', 'Soil_Type2', 'Soil_Type4', 'Soil_Type1', 'Soil_Type6', 'Soil_Type17', 'Vertical_Distance_To_Hydrology', 'Aspect', 'Soil_Type11', 'Soil_Type5', 'Soil_Type14', 'Soil_Type16', 'Soil_Type32', 'Soil_Type13']"
178,lr_shap_list_ir_5,lr_shap_list_ir_5_subset_90,orderStd,"['Hillshade_3pm', 'Hillshade_Noon', 'Wilderness_Area4', 'Horizontal_Distance_To_Roadways', 'Wilderness_Area3', 'Elevation', 'Hillshade_9am', 'Horizontal_Distance_To_Hydrology', 'Horizontal_Distance_To_Fire_Points', 'Slope', 'Soil_Type1', 'Soil_Type14', 'Soil_Type17', 'Soil_Type3', 'Soil_Type10', 'Soil_Type2', 'Soil_Type6', 'Soil_Type4', 'Soil_Type11', 'Soil_Type5', 'Soil_Type16', 'Vertical_Distance_To_Hydrology', 'Aspect', 'Soil_Type32', 'Soil_Type13']"
179,lr_shap_list_ir_5,lr_shap_list_ir_5_subset_90,orderSum,"['Wilderness_Area4', 'Wilderness_Area3', 'Hillshade_3pm', 'Hillshade_Noon', 'Horizontal_Distance_To_Roadways', 'Elevation', 'Hillshade_9am', 'Horizontal_Distance_To_Hydrology', 'Slope', 'Horizontal_Distance_To_Fire_Points', 'Soil_Type10', 'Soil_Type3', 'Soil_Type2', 'Soil_Type4', 'Soil_Type1', 'Soil_Type6', 'Soil_Type17', 'Vertical_Distance_To_Hydrology', 'Aspect', 'Soil_Type11', 'Soil_Type5', 'Soil_Type14', 'Soil_Type16', 'Soil_Type32', 'Soil_Type13']"
180,lr_shap_list_ir_4,lr_shap_list_ir_4_subset_25,orderMean,"['Wilderness_Area4', 'Wilderness_Area3', 'Hillshade_3pm', 'Hillshade_Noon', 'Horizontal_Distance_To_Roadways', 'Elevation', 'Horizontal_Distance_To_Hydrology', 'Slope', 'Horizontal_Distance_To_Fire_Points', 'Soil_Type10', 'Hillshade_9am', 'Soil_Type2', 'Soil_Type6', 'Soil_Type1', 'Soil_Type4', 'Soil_Type3', 'Vertical_Distance_To_Hydrology', 'Soil_Type17', 'Soil_Type5', 'Soil_Type11', 'Aspect', 'Soil_Type14', 'Soil_Type16', 'Soil_Type32', 'Soil_Type13']"
181,lr_shap_list_ir_4,lr_shap_list_ir_4_subset_25,orderStd,"['Wilderness_Area4', 'Wilderness_Area3', 'Hillshade_3pm', 'Hillshade_Noon', 'Horizontal_Distance_To_Roadways', 'Elevation', 'Horizontal_Distance_To_Hydrology', 'Horizontal_Distance_To_Fire_Points', 'Slope', 'Soil_Type1', 'Soil_Type17', 'Soil_Type3', 'Soil_Type14', 'Soil_Type2', 'Soil_Type6', 'Hillshade_9am', 'Soil_Type5', 'Soil_Type10', 'Soil_Type4', 'Soil_Type11', 'Soil_Type16', 'Vertical_Distance_To_Hydrology', 'Aspect', 'Soil_Type32', 'Soil_Type13']"
182,lr_shap_list_ir_4,lr_shap_list_ir_4_subset_25,orderSum,"['Wilderness_Area4', 'Wilderness_Area3', 'Hillshade_3pm', 'Hillshade_Noon', 'Horizontal_Distance_To_Roadways', 'Elevation', 'Horizontal_Distance_To_Hydrology', 'Slope', 'Horizontal_Distance_To_Fire_Points', 'Soil_Type10', 'Hillshade_9am', 'Soil_Type2', 'Soil_Type6', 'Soil_Type1', 'Soil_Type4', 'Soil_Type3', 'Vertical_Distance_To_Hydrology', 'Soil_Type17', 'Soil_Type5', 'Soil_Type11', 'Aspect', 'Soil_Type14', 'Soil_Type16', 'Soil_Type32', 'Soil_Type13']"
183,lr_shap_list_ir_5,lr_shap_list_ir_5_subset_35,orderMean,"['Wilderness_Area4', 'Wilderness_Area3', 'Hillshade_3pm', 'Hillshade_Noon', 'Horizontal_Distance_To_Roadways', 'Elevation', 'Horizontal_Distance_To_Hydrology', 'Horizontal_Distance_To_Fire_Points', 'Slope', 'Soil_Type10', 'Soil_Type2', 'Soil_Type3', 'Soil_Type1', 'Soil_Type6', 'Soil_Type17', 'Soil_Type4', 'Hillshade_9am', 'Vertical_Distance_To_Hydrology', 'Aspect', 'Soil_Type14', 'Soil_Type5', 'Soil_Type11', 'Soil_Type16', 'Soil_Type32', 'Soil_Type13']"
184,lr_shap_list_ir_5,lr_shap_list_ir_5_subset_35,orderStd,"['Hillshade_3pm', 'Hillshade_Noon', 'Horizontal_Distance_To_Roadways', 'Wilderness_Area4', 'Wilderness_Area3', 'Elevation', 'Horizontal_Distance_To_Hydrology', 'Horizontal_Distance_To_Fire_Points', 'Slope', 'Soil_Type2', 'Soil_Type17', 'Soil_Type1', 'Soil_Type3', 'Soil_Type14', 'Soil_Type6', 'Soil_Type10', 'Soil_Type5', 'Soil_Type4', 'Hillshade_9am', 'Vertical_Distance_To_Hydrology', 'Soil_Type16', 'Soil_Type11', 'Aspect', 'Soil_Type32', 'Soil_Type13']"
185,lr_shap_list_ir_5,lr_shap_list_ir_5_subset_35,orderSum,"['Wilderness_Area4', 'Wilderness_Area3', 'Hillshade_3pm', 'Hillshade_Noon', 'Horizontal_Distance_To_Roadways', 'Elevation', 'Horizontal_Distance_To_Hydrology', 'Horizontal_Distance_To_Fire_Points', 'Slope', 'Soil_Type10', 'Soil_Type2', 'Soil_Type3', 'Soil_Type1', 'Soil_Type6', 'Soil_Type17', 'Soil_Type4', 'Hillshade_9am', 'Vertical_Distance_To_Hydrology', 'Aspect', 'Soil_Type14', 'Soil_Type5', 'Soil_Type11', 'Soil_Type16', 'Soil_Type32', 'Soil_Type13']"
186,lr_shap_list_ir_3,lr_shap_list_ir_3_subset_65,orderMean,"['Wilderness_Area4', 'Wilderness_Area3', 'Hillshade_3pm', 'Hillshade_Noon', 'Elevation', 'Horizontal_Distance_To_Roadways', 'Hillshade_9am', 'Horizontal_Distance_To_Fire_Points', 'Horizontal_Distance_To_Hydrology', 'Slope', 'Soil_Type10', 'Soil_Type3', 'Soil_Type2', 'Soil_Type4', 'Soil_Type1', 'Aspect', 'Soil_Type6', 'Vertical_Distance_To_Hydrology', 'Soil_Type11', 'Soil_Type5', 'Soil_Type17', 'Soil_Type14', 'Soil_Type16', 'Soil_Type32', 'Soil_Type13']"
187,lr_shap_list_ir_3,lr_shap_list_ir_3_subset_65,orderStd,"['Hillshade_3pm', 'Hillshade_Noon', 'Horizontal_Distance_To_Roadways', 'Elevation', 'Wilderness_Area4', 'Hillshade_9am', 'Wilderness_Area3', 'Horizontal_Distance_To_Fire_Points', 'Slope', 'Horizontal_Distance_To_Hydrology', 'Soil_Type2', 'Soil_Type1', 'Soil_Type17', 'Soil_Type5', 'Soil_Type3', 'Soil_Type14', 'Soil_Type6', 'Soil_Type10', 'Soil_Type16', 'Soil_Type11', 'Soil_Type4', 'Vertical_Distance_To_Hydrology', 'Aspect', 'Soil_Type32', 'Soil_Type13']"
188,lr_shap_list_ir_3,lr_shap_list_ir_3_subset_65,orderSum,"['Wilderness_Area4', 'Wilderness_Area3', 'Hillshade_3pm', 'Hillshade_Noon', 'Elevation', 'Horizontal_Distance_To_Roadways', 'Hillshade_9am', 'Horizontal_Distance_To_Fire_Points', 'Horizontal_Distance_To_Hydrology', 'Slope', 'Soil_Type10', 'Soil_Type3', 'Soil_Type2', 'Soil_Type4', 'Soil_Type1', 'Aspect', 'Soil_Type6', 'Vertical_Distance_To_Hydrology', 'Soil_Type11', 'Soil_Type5', 'Soil_Type17', 'Soil_Type14', 'Soil_Type16', 'Soil_Type32', 'Soil_Type13']"
189,lr_shap_list_ir_3,lr_shap_list_ir_3_subset_95,orderMean,"['Wilderness_Area4', 'Wilderness_Area3', 'Hillshade_3pm', 'Hillshade_Noon', 'Horizontal_Distance_To_Roadways', 'Elevation', 'Horizontal_Distance_To_Hydrology', 'Slope', 'Horizontal_Distance_To_Fire_Points', 'Soil_Type10', 'Hillshade_9am', 'Soil_Type2', 'Soil_Type4', 'Soil_Type1', 'Soil_Type6', 'Vertical_Distance_To_Hydrology', 'Soil_Type3', 'Soil_Type5', 'Soil_Type17', 'Soil_Type11', 'Soil_Type14', 'Soil_Type16', 'Aspect', 'Soil_Type32', 'Soil_Type13']"
190,lr_shap_list_ir_3,lr_shap_list_ir_3_subset_95,orderStd,"['Hillshade_3pm', 'Wilderness_Area4', 'Wilderness_Area3', 'Hillshade_Noon', 'Horizontal_Distance_To_Roadways', 'Elevation', 'Horizontal_Distance_To_Hydrology', 'Slope', 'Soil_Type1', 'Horizontal_Distance_To_Fire_Points', 'Soil_Type6', 'Soil_Type2', 'Soil_Type17', 'Soil_Type11', 'Soil_Type5', 'Soil_Type3', 'Soil_Type4', 'Hillshade_9am', 'Soil_Type14', 'Soil_Type10', 'Soil_Type16', 'Vertical_Distance_To_Hydrology', 'Soil_Type32', 'Aspect', 'Soil_Type13']"
191,lr_shap_list_ir_3,lr_shap_list_ir_3_subset_95,orderSum,"['Wilderness_Area4', 'Wilderness_Area3', 'Hillshade_3pm', 'Hillshade_Noon', 'Horizontal_Distance_To_Roadways', 'Elevation', 'Horizontal_Distance_To_Hydrology', 'Slope', 'Horizontal_Distance_To_Fire_Points', 'Soil_Type10', 'Hillshade_9am', 'Soil_Type2', 'Soil_Type4', 'Soil_Type1', 'Soil_Type6', 'Vertical_Distance_To_Hydrology', 'Soil_Type3', 'Soil_Type5', 'Soil_Type17', 'Soil_Type11', 'Soil_Type14', 'Soil_Type16', 'Aspect', 'Soil_Type32', 'Soil_Type13']"
192,lr_shap_list_ir_1,lr_shap_list_ir_1_subset_14,orderMean,"['Wilderness_Area4', 'Wilderness_Area3', 'Hillshade_3pm', 'Hillshade_Noon', 'Horizontal_Distance_To_Roadways', 'Elevation', 'Horizontal_Distance_To_Hydrology', 'Slope', 'Hillshade_9am', 'Horizontal_Distance_To_Fire_Points', 'Soil_Type4', 'Soil_Type2', 'Soil_Type10', 'Vertical_Distance_To_Hydrology', 'Aspect', 'Soil_Type3', 'Soil_Type6', 'Soil_Type1', 'Soil_Type17', 'Soil_Type5', 'Soil_Type14', 'Soil_Type11', 'Soil_Type16', 'Soil_Type32', 'Soil_Type13']"
193,lr_shap_list_ir_1,lr_shap_list_ir_1_subset_14,orderStd,"['Hillshade_3pm', 'Hillshade_Noon', 'Horizontal_Distance_To_Roadways', 'Wilderness_Area4', 'Wilderness_Area3', 'Elevation', 'Horizontal_Distance_To_Hydrology', 'Slope', 'Horizontal_Distance_To_Fire_Points', 'Hillshade_9am', 'Soil_Type2', 'Soil_Type17', 'Soil_Type3', 'Soil_Type1', 'Soil_Type4', 'Vertical_Distance_To_Hydrology', 'Soil_Type5', 'Soil_Type6', 'Soil_Type10', 'Soil_Type14', 'Aspect', 'Soil_Type16', 'Soil_Type11', 'Soil_Type32', 'Soil_Type13']"
194,lr_shap_list_ir_1,lr_shap_list_ir_1_subset_14,orderSum,"['Wilderness_Area4', 'Wilderness_Area3', 'Hillshade_3pm', 'Hillshade_Noon', 'Horizontal_Distance_To_Roadways', 'Elevation', 'Horizontal_Distance_To_Hydrology', 'Slope', 'Hillshade_9am', 'Horizontal_Distance_To_Fire_Points', 'Soil_Type4', 'Soil_Type2', 'Soil_Type10', 'Vertical_Distance_To_Hydrology', 'Aspect', 'Soil_Type3', 'Soil_Type6', 'Soil_Type1', 'Soil_Type17', 'Soil_Type5', 'Soil_Type14', 'Soil_Type11', 'Soil_Type16', 'Soil_Type32', 'Soil_Type13']"
195,lr_shap_list_ir_2,lr_shap_list_ir_2_subset_19,orderMean,"['Wilderness_Area4', 'Hillshade_3pm', 'Wilderness_Area3', 'Hillshade_Noon', 'Hillshade_9am', 'Horizontal_Distance_To_Roadways', 'Elevation', 'Slope', 'Horizontal_Distance_To_Hydrology', 'Horizontal_Distance_To_Fire_Points', 'Soil_Type10', 'Soil_Type3', 'Vertical_Distance_To_Hydrology', 'Soil_Type6', 'Soil_Type1', 'Soil_Type4', 'Soil_Type2', 'Soil_Type5', 'Soil_Type17', 'Aspect', 'Soil_Type14', 'Soil_Type11', 'Soil_Type16', 'Soil_Type32', 'Soil_Type13']"
196,lr_shap_list_ir_2,lr_shap_list_ir_2_subset_19,orderStd,"['Hillshade_3pm', 'Hillshade_Noon', 'Wilderness_Area4', 'Hillshade_9am', 'Wilderness_Area3', 'Horizontal_Distance_To_Roadways', 'Elevation', 'Slope', 'Horizontal_Distance_To_Hydrology', 'Horizontal_Distance_To_Fire_Points', 'Soil_Type17', 'Soil_Type3', 'Soil_Type6', 'Soil_Type1', 'Soil_Type14', 'Soil_Type5', 'Soil_Type16', 'Vertical_Distance_To_Hydrology', 'Soil_Type4', 'Soil_Type2', 'Soil_Type10', 'Soil_Type11', 'Aspect', 'Soil_Type32', 'Soil_Type13']"
197,lr_shap_list_ir_2,lr_shap_list_ir_2_subset_19,orderSum,"['Wilderness_Area4', 'Hillshade_3pm', 'Wilderness_Area3', 'Hillshade_Noon', 'Hillshade_9am', 'Horizontal_Distance_To_Roadways', 'Elevation', 'Slope', 'Horizontal_Distance_To_Hydrology', 'Horizontal_Distance_To_Fire_Points', 'Soil_Type10', 'Soil_Type3', 'Vertical_Distance_To_Hydrology', 'Soil_Type6', 'Soil_Type1', 'Soil_Type4', 'Soil_Type2', 'Soil_Type5', 'Soil_Type17', 'Aspect', 'Soil_Type14', 'Soil_Type11', 'Soil_Type16', 'Soil_Type32', 'Soil_Type13']"
198,lr_shap_list_ir_4,lr_shap_list_ir_4_subset_7,orderMean,"['Wilderness_Area3', 'Wilderness_Area4', 'Hillshade_3pm', 'Hillshade_Noon', 'Horizontal_Distance_To_Roadways', 'Elevation', 'Horizontal_Distance_To_Hydrology', 'Horizontal_Distance_To_Fire_Points', 'Soil_Type10', 'Slope', 'Soil_Type2', 'Soil_Type6', 'Soil_Type4', 'Vertical_Distance_To_Hydrology', 'Soil_Type1', 'Soil_Type3', 'Aspect', 'Soil_Type17', 'Soil_Type5', 'Soil_Type11', 'Soil_Type14', 'Hillshade_9am', 'Soil_Type16', 'Soil_Type32', 'Soil_Type13']"
199,lr_shap_list_ir_4,lr_shap_list_ir_4_subset_7,orderStd,"['Hillshade_Noon', 'Hillshade_3pm', 'Horizontal_Distance_To_Roadways', 'Elevation', 'Wilderness_Area3', 'Wilderness_Area4', 'Horizontal_Distance_To_Hydrology', 'Horizontal_Distance_To_Fire_Points', 'Soil_Type1', 'Slope', 'Soil_Type2', 'Soil_Type10', 'Soil_Type17', 'Soil_Type3', 'Soil_Type14', 'Soil_Type5', 'Soil_Type6', 'Soil_Type11', 'Soil_Type4', 'Vertical_Distance_To_Hydrology', 'Soil_Type16', 'Aspect', 'Hillshade_9am', 'Soil_Type32', 'Soil_Type13']"
200,lr_shap_list_ir_4,lr_shap_list_ir_4_subset_7,orderSum,"['Wilderness_Area3', 'Wilderness_Area4', 'Hillshade_3pm', 'Hillshade_Noon', 'Horizontal_Distance_To_Roadways', 'Elevation', 'Horizontal_Distance_To_Hydrology', 'Horizontal_Distance_To_Fire_Points', 'Soil_Type10', 'Slope', 'Soil_Type2', 'Soil_Type6', 'Soil_Type4', 'Vertical_Distance_To_Hydrology', 'Soil_Type1', 'Soil_Type3', 'Aspect', 'Soil_Type17', 'Soil_Type5', 'Soil_Type11', 'Soil_Type14', 'Hillshade_9am', 'Soil_Type16', 'Soil_Type32', 'Soil_Type13']"
201,lr_shap_list_ir_3,lr_shap_list_ir_3_subset_2,orderMean,"['Wilderness_Area4', 'Wilderness_Area3', 'Hillshade_3pm', 'Hillshade_Noon', 'Horizontal_Distance_To_Roadways', 'Elevation', 'Horizontal_Distance_To_Hydrology', 'Slope', 'Horizontal_Distance_To_Fire_Points', 'Soil_Type10', 'Soil_Type2', 'Soil_Type4', 'Soil_Type6', 'Vertical_Distance_To_Hydrology', 'Hillshade_9am', 'Soil_Type1', 'Soil_Type3', 'Soil_Type17', 'Aspect', 'Soil_Type5', 'Soil_Type14', 'Soil_Type11', 'Soil_Type16', 'Soil_Type32', 'Soil_Type13']"
202,lr_shap_list_ir_3,lr_shap_list_ir_3_subset_2,orderStd,"['Hillshade_3pm', 'Hillshade_Noon', 'Horizontal_Distance_To_Roadways', 'Elevation', 'Wilderness_Area4', 'Wilderness_Area3', 'Soil_Type1', 'Horizontal_Distance_To_Hydrology', 'Horizontal_Distance_To_Fire_Points', 'Slope', 'Soil_Type2', 'Soil_Type6', 'Soil_Type14', 'Soil_Type17', 'Soil_Type10', 'Soil_Type5', 'Soil_Type4', 'Soil_Type3', 'Vertical_Distance_To_Hydrology', 'Hillshade_9am', 'Soil_Type11', 'Soil_Type16', 'Aspect', 'Soil_Type32', 'Soil_Type13']"
203,lr_shap_list_ir_3,lr_shap_list_ir_3_subset_2,orderSum,"['Wilderness_Area4', 'Wilderness_Area3', 'Hillshade_3pm', 'Hillshade_Noon', 'Horizontal_Distance_To_Roadways', 'Elevation', 'Horizontal_Distance_To_Hydrology', 'Slope', 'Horizontal_Distance_To_Fire_Points', 'Soil_Type10', 'Soil_Type2', 'Soil_Type4', 'Soil_Type6', 'Vertical_Distance_To_Hydrology', 'Hillshade_9am', 'Soil_Type1', 'Soil_Type3', 'Soil_Type17', 'Aspect', 'Soil_Type5', 'Soil_Type14', 'Soil_Type11', 'Soil_Type16', 'Soil_Type32', 'Soil_Type13']"
204,lr_shap_list_ir_3,lr_shap_list_ir_3_subset_103,orderMean,"['Wilderness_Area4', 'Wilderness_Area3', 'Hillshade_Noon', 'Hillshade_3pm', 'Elevation', 'Horizontal_Distance_To_Roadways', 'Horizontal_Distance_To_Hydrology', 'Horizontal_Distance_To_Fire_Points', 'Soil_Type10', 'Soil_Type2', 'Slope', 'Soil_Type1', 'Aspect', 'Soil_Type3', 'Soil_Type4', 'Soil_Type6', 'Soil_Type17', 'Soil_Type11', 'Soil_Type14', 'Hillshade_9am', 'Vertical_Distance_To_Hydrology', 'Soil_Type5', 'Soil_Type16', 'Soil_Type32', 'Soil_Type13']"
205,lr_shap_list_ir_3,lr_shap_list_ir_3_subset_103,orderStd,"['Hillshade_Noon', 'Hillshade_3pm', 'Horizontal_Distance_To_Roadways', 'Elevation', 'Wilderness_Area4', 'Wilderness_Area3', 'Horizontal_Distance_To_Fire_Points', 'Soil_Type1', 'Horizontal_Distance_To_Hydrology', 'Soil_Type2', 'Soil_Type17', 'Soil_Type10', 'Slope', 'Soil_Type6', 'Soil_Type3', 'Soil_Type14', 'Soil_Type5', 'Soil_Type11', 'Soil_Type16', 'Aspect', 'Soil_Type4', 'Vertical_Distance_To_Hydrology', 'Hillshade_9am', 'Soil_Type32', 'Soil_Type13']"
206,lr_shap_list_ir_3,lr_shap_list_ir_3_subset_103,orderSum,"['Wilderness_Area4', 'Wilderness_Area3', 'Hillshade_Noon', 'Hillshade_3pm', 'Elevation', 'Horizontal_Distance_To_Roadways', 'Horizontal_Distance_To_Hydrology', 'Horizontal_Distance_To_Fire_Points', 'Soil_Type10', 'Soil_Type2', 'Slope', 'Soil_Type1', 'Aspect', 'Soil_Type3', 'Soil_Type4', 'Soil_Type6', 'Soil_Type17', 'Soil_Type11', 'Soil_Type14', 'Hillshade_9am', 'Vertical_Distance_To_Hydrology', 'Soil_Type5', 'Soil_Type16', 'Soil_Type32', 'Soil_Type13']"
207,lr_shap_list_ir_4,lr_shap_list_ir_4_subset_41,orderMean,"['Wilderness_Area3', 'Wilderness_Area4', 'Hillshade_3pm', 'Hillshade_Noon', 'Horizontal_Distance_To_Roadways', 'Elevation', 'Horizontal_Distance_To_Hydrology', 'Horizontal_Distance_To_Fire_Points', 'Soil_Type10', 'Slope', 'Aspect', 'Soil_Type2', 'Soil_Type1', 'Hillshade_9am', 'Soil_Type6', 'Soil_Type4', 'Soil_Type3', 'Soil_Type14', 'Soil_Type5', 'Vertical_Distance_To_Hydrology', 'Soil_Type11', 'Soil_Type17', 'Soil_Type16', 'Soil_Type32', 'Soil_Type13']"
208,lr_shap_list_ir_4,lr_shap_list_ir_4_subset_41,orderStd,"['Wilderness_Area3', 'Wilderness_Area4', 'Hillshade_Noon', 'Hillshade_3pm', 'Horizontal_Distance_To_Roadways', 'Elevation', 'Soil_Type1', 'Horizontal_Distance_To_Fire_Points', 'Horizontal_Distance_To_Hydrology', 'Soil_Type2', 'Soil_Type17', 'Soil_Type5', 'Soil_Type14', 'Slope', 'Soil_Type3', 'Soil_Type10', 'Soil_Type4', 'Soil_Type11', 'Aspect', 'Soil_Type6', 'Hillshade_9am', 'Soil_Type16', 'Vertical_Distance_To_Hydrology', 'Soil_Type32', 'Soil_Type13']"
209,lr_shap_list_ir_4,lr_shap_list_ir_4_subset_41,orderSum,"['Wilderness_Area3', 'Wilderness_Area4', 'Hillshade_3pm', 'Hillshade_Noon', 'Horizontal_Distance_To_Roadways', 'Elevation', 'Horizontal_Distance_To_Hydrology', 'Horizontal_Distance_To_Fire_Points', 'Soil_Type10', 'Slope', 'Aspect', 'Soil_Type2', 'Soil_Type1', 'Hillshade_9am', 'Soil_Type6', 'Soil_Type4', 'Soil_Type3', 'Soil_Type14', 'Soil_Type5', 'Vertical_Distance_To_Hydrology', 'Soil_Type11', 'Soil_Type17', 'Soil_Type16', 'Soil_Type32', 'Soil_Type13']"
210,lr_shap_list_ir_2,lr_shap_list_ir_2_subset_9,orderMean,"['Wilderness_Area3', 'Wilderness_Area4', 'Horizontal_Distance_To_Roadways', 'Hillshade_Noon', 'Hillshade_3pm', 'Elevation', 'Horizontal_Distance_To_Hydrology', 'Horizontal_Distance_To_Fire_Points', 'Soil_Type10', 'Slope', 'Soil_Type2', 'Soil_Type1', 'Soil_Type3', 'Soil_Type4', 'Soil_Type5', 'Soil_Type6', 'Soil_Type11', 'Hillshade_9am', 'Soil_Type17', 'Aspect', 'Soil_Type14', 'Vertical_Distance_To_Hydrology', 'Soil_Type16', 'Soil_Type32', 'Soil_Type13']"
211,lr_shap_list_ir_2,lr_shap_list_ir_2_subset_9,orderStd,"['Hillshade_Noon', 'Horizontal_Distance_To_Roadways', 'Hillshade_3pm', 'Elevation', 'Horizontal_Distance_To_Fire_Points', 'Horizontal_Distance_To_Hydrology', 'Soil_Type1', 'Soil_Type5', 'Soil_Type10', 'Soil_Type17', 'Soil_Type14', 'Slope', 'Soil_Type11', 'Soil_Type2', 'Soil_Type3', 'Wilderness_Area3', 'Wilderness_Area4', 'Soil_Type6', 'Soil_Type4', 'Hillshade_9am', 'Soil_Type16', 'Aspect', 'Vertical_Distance_To_Hydrology', 'Soil_Type32', 'Soil_Type13']"
212,lr_shap_list_ir_2,lr_shap_list_ir_2_subset_9,orderSum,"['Wilderness_Area3', 'Wilderness_Area4', 'Horizontal_Distance_To_Roadways', 'Hillshade_Noon', 'Hillshade_3pm', 'Elevation', 'Horizontal_Distance_To_Hydrology', 'Horizontal_Distance_To_Fire_Points', 'Soil_Type10', 'Slope', 'Soil_Type2', 'Soil_Type1', 'Soil_Type3', 'Soil_Type4', 'Soil_Type5', 'Soil_Type6', 'Soil_Type11', 'Hillshade_9am', 'Soil_Type17', 'Aspect', 'Soil_Type14', 'Vertical_Distance_To_Hydrology', 'Soil_Type16', 'Soil_Type32', 'Soil_Type13']"
213,lr_shap_list_ir_4,lr_shap_list_ir_4_subset_54,orderMean,"['Wilderness_Area4', 'Wilderness_Area3', 'Hillshade_3pm', 'Hillshade_Noon', 'Horizontal_Distance_To_Roadways', 'Elevation', 'Hillshade_9am', 'Horizontal_Distance_To_Hydrology', 'Slope', 'Horizontal_Distance_To_Fire_Points', 'Soil_Type10', 'Soil_Type3', 'Soil_Type2', 'Soil_Type1', 'Soil_Type6', 'Soil_Type4', 'Soil_Type14', 'Soil_Type17', 'Vertical_Distance_To_Hydrology', 'Soil_Type5', 'Aspect', 'Soil_Type11', 'Soil_Type16', 'Soil_Type32', 'Soil_Type13']"
214,lr_shap_list_ir_4,lr_shap_list_ir_4_subset_54,orderStd,"['Hillshade_3pm', 'Hillshade_Noon', 'Wilderness_Area4', 'Wilderness_Area3', 'Horizontal_Distance_To_Roadways', 'Elevation', 'Hillshade_9am', 'Horizontal_Distance_To_Hydrology', 'Slope', 'Horizontal_Distance_To_Fire_Points', 'Soil_Type1', 'Soil_Type2', 'Soil_Type17', 'Soil_Type14', 'Soil_Type6', 'Soil_Type5', 'Soil_Type3', 'Soil_Type10', 'Soil_Type4', 'Soil_Type16', 'Soil_Type11', 'Vertical_Distance_To_Hydrology', 'Aspect', 'Soil_Type32', 'Soil_Type13']"
215,lr_shap_list_ir_4,lr_shap_list_ir_4_subset_54,orderSum,"['Wilderness_Area4', 'Wilderness_Area3', 'Hillshade_3pm', 'Hillshade_Noon', 'Horizontal_Distance_To_Roadways', 'Elevation', 'Hillshade_9am', 'Horizontal_Distance_To_Hydrology', 'Slope', 'Horizontal_Distance_To_Fire_Points', 'Soil_Type10', 'Soil_Type3', 'Soil_Type2', 'Soil_Type1', 'Soil_Type6', 'Soil_Type4', 'Soil_Type14', 'Soil_Type17', 'Vertical_Distance_To_Hydrology', 'Soil_Type5', 'Aspect', 'Soil_Type11', 'Soil_Type16', 'Soil_Type32', 'Soil_Type13']"
216,lr_shap_list_ir_1,lr_shap_list_ir_1_subset_49,orderMean,"['Wilderness_Area4', 'Hillshade_3pm', 'Wilderness_Area3', 'Hillshade_Noon', 'Hillshade_9am', 'Horizontal_Distance_To_Roadways', 'Elevation', 'Slope', 'Horizontal_Distance_To_Fire_Points', 'Aspect', 'Horizontal_Distance_To_Hydrology', 'Soil_Type1', 'Vertical_Distance_To_Hydrology', 'Soil_Type10', 'Soil_Type2', 'Soil_Type6', 'Soil_Type4', 'Soil_Type17', 'Soil_Type3', 'Soil_Type11', 'Soil_Type14', 'Soil_Type5', 'Soil_Type16', 'Soil_Type32', 'Soil_Type13']"
217,lr_shap_list_ir_1,lr_shap_list_ir_1_subset_49,orderStd,"['Hillshade_3pm', 'Hillshade_Noon', 'Hillshade_9am', 'Horizontal_Distance_To_Roadways', 'Wilderness_Area4', 'Elevation', 'Wilderness_Area3', 'Slope', 'Horizontal_Distance_To_Fire_Points', 'Soil_Type1', 'Soil_Type17', 'Soil_Type11', 'Soil_Type2', 'Soil_Type14', 'Soil_Type3', 'Soil_Type6', 'Horizontal_Distance_To_Hydrology', 'Vertical_Distance_To_Hydrology', 'Aspect', 'Soil_Type16', 'Soil_Type10', 'Soil_Type4', 'Soil_Type5', 'Soil_Type32', 'Soil_Type13']"
218,lr_shap_list_ir_1,lr_shap_list_ir_1_subset_49,orderSum,"['Wilderness_Area4', 'Hillshade_3pm', 'Wilderness_Area3', 'Hillshade_Noon', 'Hillshade_9am', 'Horizontal_Distance_To_Roadways', 'Elevation', 'Slope', 'Horizontal_Distance_To_Fire_Points', 'Aspect', 'Horizontal_Distance_To_Hydrology', 'Soil_Type1', 'Vertical_Distance_To_Hydrology', 'Soil_Type10', 'Soil_Type2', 'Soil_Type6', 'Soil_Type4', 'Soil_Type17', 'Soil_Type3', 'Soil_Type11', 'Soil_Type14', 'Soil_Type5', 'Soil_Type16', 'Soil_Type32', 'Soil_Type13']"
219,lr_shap_list_ir_2,lr_shap_list_ir_2_subset_17,orderMean,"['Wilderness_Area4', 'Wilderness_Area3', 'Hillshade_3pm', 'Hillshade_Noon', 'Horizontal_Distance_To_Roadways', 'Horizontal_Distance_To_Hydrology', 'Elevation', 'Slope', 'Vertical_Distance_To_Hydrology', 'Horizontal_Distance_To_Fire_Points', 'Soil_Type10', 'Hillshade_9am', 'Soil_Type3', 'Soil_Type4', 'Soil_Type2', 'Soil_Type6', 'Soil_Type1', 'Soil_Type5', 'Aspect', 'Soil_Type17', 'Soil_Type11', 'Soil_Type14', 'Soil_Type16', 'Soil_Type32', 'Soil_Type13']"
220,lr_shap_list_ir_2,lr_shap_list_ir_2_subset_17,orderStd,"['Wilderness_Area4', 'Wilderness_Area3', 'Hillshade_3pm', 'Horizontal_Distance_To_Roadways', 'Hillshade_Noon', 'Horizontal_Distance_To_Hydrology', 'Elevation', 'Slope', 'Vertical_Distance_To_Hydrology', 'Horizontal_Distance_To_Fire_Points', 'Soil_Type2', 'Soil_Type3', 'Soil_Type5', 'Soil_Type1', 'Soil_Type6', 'Soil_Type4', 'Soil_Type14', 'Soil_Type17', 'Hillshade_9am', 'Soil_Type10', 'Soil_Type11', 'Soil_Type16', 'Aspect', 'Soil_Type32', 'Soil_Type13']"
221,lr_shap_list_ir_2,lr_shap_list_ir_2_subset_17,orderSum,"['Wilderness_Area4', 'Wilderness_Area3', 'Hillshade_3pm', 'Hillshade_Noon', 'Horizontal_Distance_To_Roadways', 'Horizontal_Distance_To_Hydrology', 'Elevation', 'Slope', 'Vertical_Distance_To_Hydrology', 'Horizontal_Distance_To_Fire_Points', 'Soil_Type10', 'Hillshade_9am', 'Soil_Type3', 'Soil_Type4', 'Soil_Type2', 'Soil_Type6', 'Soil_Type1', 'Soil_Type5', 'Aspect', 'Soil_Type17', 'Soil_Type11', 'Soil_Type14', 'Soil_Type16', 'Soil_Type32', 'Soil_Type13']"
222,lr_shap_list_ir_1,lr_shap_list_ir_1_subset_63,orderMean,"['Wilderness_Area4', 'Wilderness_Area3', 'Hillshade_Noon', 'Elevation', 'Hillshade_3pm', 'Horizontal_Distance_To_Roadways', 'Horizontal_Distance_To_Fire_Points', 'Horizontal_Distance_To_Hydrology', 'Slope', 'Hillshade_9am', 'Soil_Type2', 'Soil_Type1', 'Soil_Type6', 'Soil_Type4', 'Soil_Type10', 'Aspect', 'Vertical_Distance_To_Hydrology', 'Soil_Type3', 'Soil_Type17', 'Soil_Type5', 'Soil_Type16', 'Soil_Type14', 'Soil_Type11', 'Soil_Type32', 'Soil_Type13']"
223,lr_shap_list_ir_1,lr_shap_list_ir_1_subset_63,orderStd,"['Hillshade_Noon', 'Elevation', 'Hillshade_3pm', 'Wilderness_Area4', 'Wilderness_Area3', 'Horizontal_Distance_To_Roadways', 'Horizontal_Distance_To_Fire_Points', 'Soil_Type1', 'Soil_Type2', 'Horizontal_Distance_To_Hydrology', 'Soil_Type6', 'Slope', 'Soil_Type3', 'Hillshade_9am', 'Soil_Type16', 'Soil_Type17', 'Soil_Type14', 'Soil_Type4', 'Soil_Type5', 'Soil_Type11', 'Vertical_Distance_To_Hydrology', 'Aspect', 'Soil_Type10', 'Soil_Type32', 'Soil_Type13']"
224,lr_shap_list_ir_1,lr_shap_list_ir_1_subset_63,orderSum,"['Wilderness_Area4', 'Wilderness_Area3', 'Hillshade_Noon', 'Elevation', 'Hillshade_3pm', 'Horizontal_Distance_To_Roadways', 'Horizontal_Distance_To_Fire_Points', 'Horizontal_Distance_To_Hydrology', 'Slope', 'Hillshade_9am', 'Soil_Type2', 'Soil_Type1', 'Soil_Type6', 'Soil_Type4', 'Soil_Type10', 'Aspect', 'Vertical_Distance_To_Hydrology', 'Soil_Type3', 'Soil_Type17', 'Soil_Type5', 'Soil_Type16', 'Soil_Type14', 'Soil_Type11', 'Soil_Type32', 'Soil_Type13']"
225,lr_shap_list_ir_1,lr_shap_list_ir_1_subset_10,orderMean,"['Wilderness_Area3', 'Wilderness_Area4', 'Hillshade_3pm', 'Hillshade_Noon', 'Horizontal_Distance_To_Roadways', 'Elevation', 'Horizontal_Distance_To_Fire_Points', 'Horizontal_Distance_To_Hydrology', 'Soil_Type11', 'Slope', 'Soil_Type2', 'Soil_Type3', 'Hillshade_9am', 'Soil_Type1', 'Aspect', 'Soil_Type5', 'Soil_Type4', 'Soil_Type17', 'Soil_Type10', 'Soil_Type6', 'Soil_Type14', 'Vertical_Distance_To_Hydrology', 'Soil_Type16', 'Soil_Type32', 'Soil_Type13']"
226,lr_shap_list_ir_1,lr_shap_list_ir_1_subset_10,orderStd,"['Wilderness_Area3', 'Soil_Type11', 'Hillshade_3pm', 'Wilderness_Area4', 'Hillshade_Noon', 'Horizontal_Distance_To_Roadways', 'Elevation', 'Horizontal_Distance_To_Fire_Points', 'Horizontal_Distance_To_Hydrology', 'Soil_Type3', 'Soil_Type5', 'Soil_Type17', 'Soil_Type1', 'Soil_Type16', 'Soil_Type2', 'Slope', 'Soil_Type14', 'Hillshade_9am', 'Aspect', 'Soil_Type6', 'Soil_Type4', 'Soil_Type10', 'Vertical_Distance_To_Hydrology', 'Soil_Type32', 'Soil_Type13']"
227,lr_shap_list_ir_1,lr_shap_list_ir_1_subset_10,orderSum,"['Wilderness_Area3', 'Wilderness_Area4', 'Hillshade_3pm', 'Hillshade_Noon', 'Horizontal_Distance_To_Roadways', 'Elevation', 'Horizontal_Distance_To_Fire_Points', 'Horizontal_Distance_To_Hydrology', 'Soil_Type11', 'Slope', 'Soil_Type2', 'Soil_Type3', 'Hillshade_9am', 'Soil_Type1', 'Aspect', 'Soil_Type5', 'Soil_Type4', 'Soil_Type17', 'Soil_Type10', 'Soil_Type6', 'Soil_Type14', 'Vertical_Distance_To_Hydrology', 'Soil_Type16', 'Soil_Type32', 'Soil_Type13']"
228,lr_shap_list_ir_2,lr_shap_list_ir_2_subset_7,orderMean,"['Wilderness_Area4', 'Hillshade_3pm', 'Wilderness_Area3', 'Hillshade_Noon', 'Hillshade_9am', 'Horizontal_Distance_To_Roadways', 'Elevation', 'Slope', 'Horizontal_Distance_To_Fire_Points', 'Horizontal_Distance_To_Hydrology', 'Soil_Type10', 'Soil_Type3', 'Soil_Type6', 'Vertical_Distance_To_Hydrology', 'Soil_Type2', 'Aspect', 'Soil_Type4', 'Soil_Type11', 'Soil_Type17', 'Soil_Type1', 'Soil_Type5', 'Soil_Type14', 'Soil_Type16', 'Soil_Type32', 'Soil_Type13']"
229,lr_shap_list_ir_2,lr_shap_list_ir_2_subset_7,orderStd,"['Hillshade_3pm', 'Wilderness_Area4', 'Hillshade_Noon', 'Hillshade_9am', 'Wilderness_Area3', 'Horizontal_Distance_To_Roadways', 'Elevation', 'Slope', 'Horizontal_Distance_To_Fire_Points', 'Horizontal_Distance_To_Hydrology', 'Soil_Type3', 'Soil_Type11', 'Soil_Type17', 'Soil_Type1', 'Soil_Type14', 'Soil_Type6', 'Soil_Type2', 'Soil_Type16', 'Soil_Type10', 'Soil_Type5', 'Vertical_Distance_To_Hydrology', 'Aspect', 'Soil_Type4', 'Soil_Type32', 'Soil_Type13']"
230,lr_shap_list_ir_2,lr_shap_list_ir_2_subset_7,orderSum,"['Wilderness_Area4', 'Hillshade_3pm', 'Wilderness_Area3', 'Hillshade_Noon', 'Hillshade_9am', 'Horizontal_Distance_To_Roadways', 'Elevation', 'Slope', 'Horizontal_Distance_To_Fire_Points', 'Horizontal_Distance_To_Hydrology', 'Soil_Type10', 'Soil_Type3', 'Soil_Type6', 'Vertical_Distance_To_Hydrology', 'Soil_Type2', 'Aspect', 'Soil_Type4', 'Soil_Type11', 'Soil_Type17', 'Soil_Type1', 'Soil_Type5', 'Soil_Type14', 'Soil_Type16', 'Soil_Type32', 'Soil_Type13']"
231,lr_shap_list_ir_1,lr_shap_list_ir_1_subset_79,orderMean,"['Wilderness_Area4', 'Hillshade_3pm', 'Wilderness_Area3', 'Hillshade_Noon', 'Hillshade_9am', 'Elevation', 'Horizontal_Distance_To_Roadways', 'Slope', 'Horizontal_Distance_To_Fire_Points', 'Horizontal_Distance_To_Hydrology', 'Soil_Type4', 'Soil_Type10', 'Soil_Type1', 'Aspect', 'Soil_Type6', 'Soil_Type3', 'Soil_Type11', 'Soil_Type2', 'Soil_Type17', 'Vertical_Distance_To_Hydrology', 'Soil_Type5', 'Soil_Type14', 'Soil_Type16', 'Soil_Type32', 'Soil_Type13']"
232,lr_shap_list_ir_1,lr_shap_list_ir_1_subset_79,orderStd,"['Hillshade_3pm', 'Hillshade_Noon', 'Wilderness_Area4', 'Hillshade_9am', 'Elevation', 'Horizontal_Distance_To_Roadways', 'Wilderness_Area3', 'Horizontal_Distance_To_Fire_Points', 'Slope', 'Soil_Type1', 'Horizontal_Distance_To_Hydrology', 'Soil_Type4', 'Soil_Type3', 'Soil_Type17', 'Soil_Type14', 'Soil_Type11', 'Soil_Type16', 'Soil_Type6', 'Aspect', 'Soil_Type5', 'Soil_Type10', 'Soil_Type2', 'Vertical_Distance_To_Hydrology', 'Soil_Type32', 'Soil_Type13']"
233,lr_shap_list_ir_1,lr_shap_list_ir_1_subset_79,orderSum,"['Wilderness_Area4', 'Hillshade_3pm', 'Wilderness_Area3', 'Hillshade_Noon', 'Hillshade_9am', 'Elevation', 'Horizontal_Distance_To_Roadways', 'Slope', 'Horizontal_Distance_To_Fire_Points', 'Horizontal_Distance_To_Hydrology', 'Soil_Type4', 'Soil_Type10', 'Soil_Type1', 'Aspect', 'Soil_Type6', 'Soil_Type3', 'Soil_Type11', 'Soil_Type2', 'Soil_Type17', 'Vertical_Distance_To_Hydrology', 'Soil_Type5', 'Soil_Type14', 'Soil_Type16', 'Soil_Type32', 'Soil_Type13']"
234,lr_shap_list_ir_2,lr_shap_list_ir_2_subset_82,orderMean,"['Wilderness_Area4', 'Wilderness_Area3', 'Hillshade_3pm', 'Hillshade_Noon', 'Horizontal_Distance_To_Roadways', 'Elevation', 'Horizontal_Distance_To_Hydrology', 'Slope', 'Horizontal_Distance_To_Fire_Points', 'Soil_Type10', 'Hillshade_9am', 'Vertical_Distance_To_Hydrology', 'Soil_Type3', 'Soil_Type2', 'Soil_Type4', 'Aspect', 'Soil_Type6', 'Soil_Type1', 'Soil_Type17', 'Soil_Type5', 'Soil_Type14', 'Soil_Type11', 'Soil_Type16', 'Soil_Type32', 'Soil_Type13']"
235,lr_shap_list_ir_2,lr_shap_list_ir_2_subset_82,orderStd,"['Hillshade_Noon', 'Hillshade_3pm', 'Horizontal_Distance_To_Roadways', 'Elevation', 'Wilderness_Area4', 'Wilderness_Area3', 'Horizontal_Distance_To_Hydrology', 'Slope', 'Horizontal_Distance_To_Fire_Points', 'Soil_Type1', 'Hillshade_9am', 'Soil_Type3', 'Soil_Type17', 'Soil_Type2', 'Vertical_Distance_To_Hydrology', 'Soil_Type14', 'Soil_Type6', 'Soil_Type10', 'Soil_Type5', 'Soil_Type4', 'Aspect', 'Soil_Type16', 'Soil_Type11', 'Soil_Type32', 'Soil_Type13']"
236,lr_shap_list_ir_2,lr_shap_list_ir_2_subset_82,orderSum,"['Wilderness_Area4', 'Wilderness_Area3', 'Hillshade_3pm', 'Hillshade_Noon', 'Horizontal_Distance_To_Roadways', 'Elevation', 'Horizontal_Distance_To_Hydrology', 'Slope', 'Horizontal_Distance_To_Fire_Points', 'Soil_Type10', 'Hillshade_9am', 'Vertical_Distance_To_Hydrology', 'Soil_Type3', 'Soil_Type2', 'Soil_Type4', 'Aspect', 'Soil_Type6', 'Soil_Type1', 'Soil_Type17', 'Soil_Type5', 'Soil_Type14', 'Soil_Type11', 'Soil_Type16', 'Soil_Type32', 'Soil_Type13']"
237,lr_shap_list_ir_3,lr_shap_list_ir_3_subset_50,orderMean,"['Wilderness_Area4', 'Wilderness_Area3', 'Hillshade_3pm', 'Hillshade_Noon', 'Horizontal_Distance_To_Roadways', 'Elevation', 'Hillshade_9am', 'Slope', 'Horizontal_Distance_To_Hydrology', 'Horizontal_Distance_To_Fire_Points', 'Soil_Type10', 'Soil_Type2', 'Soil_Type3', 'Soil_Type1', 'Soil_Type4', 'Soil_Type6', 'Vertical_Distance_To_Hydrology', 'Aspect', 'Soil_Type17', 'Soil_Type5', 'Soil_Type11', 'Soil_Type14', 'Soil_Type16', 'Soil_Type32', 'Soil_Type13']"
238,lr_shap_list_ir_3,lr_shap_list_ir_3_subset_50,orderStd,"['Hillshade_3pm', 'Wilderness_Area4', 'Hillshade_Noon', 'Wilderness_Area3', 'Horizontal_Distance_To_Roadways', 'Elevation', 'Hillshade_9am', 'Slope', 'Horizontal_Distance_To_Hydrology', 'Horizontal_Distance_To_Fire_Points', 'Soil_Type2', 'Soil_Type1', 'Soil_Type6', 'Soil_Type17', 'Soil_Type3', 'Soil_Type14', 'Soil_Type4', 'Soil_Type5', 'Soil_Type10', 'Soil_Type16', 'Vertical_Distance_To_Hydrology', 'Soil_Type11', 'Aspect', 'Soil_Type32', 'Soil_Type13']"
239,lr_shap_list_ir_3,lr_shap_list_ir_3_subset_50,orderSum,"['Wilderness_Area4', 'Wilderness_Area3', 'Hillshade_3pm', 'Hillshade_Noon', 'Horizontal_Distance_To_Roadways', 'Elevation', 'Hillshade_9am', 'Slope', 'Horizontal_Distance_To_Hydrology', 'Horizontal_Distance_To_Fire_Points', 'Soil_Type10', 'Soil_Type2', 'Soil_Type3', 'Soil_Type1', 'Soil_Type4', 'Soil_Type6', 'Vertical_Distance_To_Hydrology', 'Aspect', 'Soil_Type17', 'Soil_Type5', 'Soil_Type11', 'Soil_Type14', 'Soil_Type16', 'Soil_Type32', 'Soil_Type13']"
240,lr_shap_list_ir_1,lr_shap_list_ir_1_subset_17,orderMean,"['Wilderness_Area4', 'Hillshade_3pm', 'Hillshade_Noon', 'Hillshade_9am', 'Wilderness_Area3', 'Elevation', 'Slope', 'Horizontal_Distance_To_Roadways', 'Horizontal_Distance_To_Fire_Points', 'Horizontal_Distance_To_Hydrology', 'Soil_Type2', 'Aspect', 'Soil_Type1', 'Soil_Type10', 'Soil_Type3', 'Soil_Type4', 'Soil_Type17', 'Vertical_Distance_To_Hydrology', 'Soil_Type5', 'Soil_Type11', 'Soil_Type16', 'Soil_Type14', 'Soil_Type6', 'Soil_Type32', 'Soil_Type13']"
241,lr_shap_list_ir_1,lr_shap_list_ir_1_subset_17,orderStd,"['Hillshade_3pm', 'Hillshade_Noon', 'Hillshade_9am', 'Wilderness_Area4', 'Elevation', 'Horizontal_Distance_To_Roadways', 'Slope', 'Horizontal_Distance_To_Fire_Points', 'Wilderness_Area3', 'Horizontal_Distance_To_Hydrology', 'Soil_Type2', 'Soil_Type1', 'Soil_Type17', 'Soil_Type3', 'Soil_Type5', 'Soil_Type14', 'Aspect', 'Soil_Type11', 'Soil_Type16', 'Soil_Type10', 'Soil_Type4', 'Vertical_Distance_To_Hydrology', 'Soil_Type32', 'Soil_Type6', 'Soil_Type13']"
242,lr_shap_list_ir_1,lr_shap_list_ir_1_subset_17,orderSum,"['Wilderness_Area4', 'Hillshade_3pm', 'Hillshade_Noon', 'Hillshade_9am', 'Wilderness_Area3', 'Elevation', 'Slope', 'Horizontal_Distance_To_Roadways', 'Horizontal_Distance_To_Fire_Points', 'Horizontal_Distance_To_Hydrology', 'Soil_Type2', 'Aspect', 'Soil_Type1', 'Soil_Type10', 'Soil_Type3', 'Soil_Type4', 'Soil_Type17', 'Vertical_Distance_To_Hydrology', 'Soil_Type5', 'Soil_Type11', 'Soil_Type16', 'Soil_Type14', 'Soil_Type6', 'Soil_Type32', 'Soil_Type13']"
243,lr_shap_list_ir_3,lr_shap_list_ir_3_subset_17,orderMean,"['Wilderness_Area4', 'Wilderness_Area3', 'Hillshade_3pm', 'Hillshade_Noon', 'Horizontal_Distance_To_Roadways', 'Hillshade_9am', 'Elevation', 'Slope', 'Horizontal_Distance_To_Fire_Points', 'Horizontal_Distance_To_Hydrology', 'Soil_Type10', 'Soil_Type2', 'Aspect', 'Soil_Type3', 'Soil_Type1', 'Soil_Type17', 'Soil_Type6', 'Soil_Type4', 'Soil_Type5', 'Vertical_Distance_To_Hydrology', 'Soil_Type11', 'Soil_Type14', 'Soil_Type16', 'Soil_Type32', 'Soil_Type13']"
244,lr_shap_list_ir_3,lr_shap_list_ir_3_subset_17,orderStd,"['Hillshade_3pm', 'Hillshade_Noon', 'Wilderness_Area4', 'Horizontal_Distance_To_Roadways', 'Hillshade_9am', 'Wilderness_Area3', 'Elevation', 'Slope', 'Horizontal_Distance_To_Fire_Points', 'Soil_Type1', 'Horizontal_Distance_To_Hydrology', 'Soil_Type17', 'Soil_Type3', 'Soil_Type14', 'Soil_Type2', 'Soil_Type5', 'Soil_Type10', 'Soil_Type6', 'Aspect', 'Soil_Type11', 'Soil_Type16', 'Soil_Type4', 'Vertical_Distance_To_Hydrology', 'Soil_Type32', 'Soil_Type13']"
245,lr_shap_list_ir_3,lr_shap_list_ir_3_subset_17,orderSum,"['Wilderness_Area4', 'Wilderness_Area3', 'Hillshade_3pm', 'Hillshade_Noon', 'Horizontal_Distance_To_Roadways', 'Hillshade_9am', 'Elevation', 'Slope', 'Horizontal_Distance_To_Fire_Points', 'Horizontal_Distance_To_Hydrology', 'Soil_Type10', 'Soil_Type2', 'Aspect', 'Soil_Type3', 'Soil_Type1', 'Soil_Type17', 'Soil_Type6', 'Soil_Type4', 'Soil_Type5', 'Vertical_Distance_To_Hydrology', 'Soil_Type11', 'Soil_Type14', 'Soil_Type16', 'Soil_Type32', 'Soil_Type13']"
246,lr_shap_list_ir_4,lr_shap_list_ir_4_subset_66,orderMean,"['Wilderness_Area4', 'Wilderness_Area3', 'Hillshade_3pm', 'Hillshade_Noon', 'Horizontal_Distance_To_Roadways', 'Elevation', 'Horizontal_Distance_To_Hydrology', 'Slope', 'Hillshade_9am', 'Horizontal_Distance_To_Fire_Points', 'Soil_Type10', 'Soil_Type1', 'Soil_Type6', 'Soil_Type2', 'Soil_Type3', 'Vertical_Distance_To_Hydrology', 'Soil_Type4', 'Soil_Type17', 'Aspect', 'Soil_Type11', 'Soil_Type5', 'Soil_Type16', 'Soil_Type14', 'Soil_Type32', 'Soil_Type13']"
247,lr_shap_list_ir_4,lr_shap_list_ir_4_subset_66,orderStd,"['Hillshade_3pm', 'Hillshade_Noon', 'Horizontal_Distance_To_Roadways', 'Wilderness_Area4', 'Wilderness_Area3', 'Elevation', 'Horizontal_Distance_To_Hydrology', 'Horizontal_Distance_To_Fire_Points', 'Slope', 'Hillshade_9am', 'Soil_Type1', 'Soil_Type2', 'Soil_Type17', 'Soil_Type10', 'Soil_Type3', 'Soil_Type5', 'Soil_Type14', 'Soil_Type6', 'Soil_Type11', 'Soil_Type16', 'Vertical_Distance_To_Hydrology', 'Soil_Type4', 'Aspect', 'Soil_Type32', 'Soil_Type13']"
248,lr_shap_list_ir_4,lr_shap_list_ir_4_subset_66,orderSum,"['Wilderness_Area4', 'Wilderness_Area3', 'Hillshade_3pm', 'Hillshade_Noon', 'Horizontal_Distance_To_Roadways', 'Elevation', 'Horizontal_Distance_To_Hydrology', 'Slope', 'Hillshade_9am', 'Horizontal_Distance_To_Fire_Points', 'Soil_Type10', 'Soil_Type1', 'Soil_Type6', 'Soil_Type2', 'Soil_Type3', 'Vertical_Distance_To_Hydrology', 'Soil_Type4', 'Soil_Type17', 'Aspect', 'Soil_Type11', 'Soil_Type5', 'Soil_Type16', 'Soil_Type14', 'Soil_Type32', 'Soil_Type13']"
249,lr_shap_list_ir_5,lr_shap_list_ir_5_subset_75,orderMean,"['Wilderness_Area4', 'Wilderness_Area3', 'Hillshade_3pm', 'Hillshade_Noon', 'Horizontal_Distance_To_Roadways', 'Elevation', 'Horizontal_Distance_To_Hydrology', 'Horizontal_Distance_To_Fire_Points', 'Slope', 'Soil_Type10', 'Soil_Type2', 'Soil_Type3', 'Soil_Type1', 'Soil_Type4', 'Vertical_Distance_To_Hydrology', 'Soil_Type6', 'Soil_Type17', 'Soil_Type5', 'Soil_Type14', 'Aspect', 'Soil_Type11', 'Soil_Type16', 'Hillshade_9am', 'Soil_Type32', 'Soil_Type13']"
250,lr_shap_list_ir_5,lr_shap_list_ir_5_subset_75,orderStd,"['Hillshade_3pm', 'Hillshade_Noon', 'Wilderness_Area4', 'Horizontal_Distance_To_Roadways', 'Wilderness_Area3', 'Elevation', 'Horizontal_Distance_To_Hydrology', 'Horizontal_Distance_To_Fire_Points', 'Soil_Type1', 'Slope', 'Soil_Type17', 'Soil_Type2', 'Soil_Type3', 'Soil_Type14', 'Soil_Type10', 'Soil_Type4', 'Soil_Type6', 'Soil_Type5', 'Vertical_Distance_To_Hydrology', 'Soil_Type16', 'Soil_Type11', 'Aspect', 'Hillshade_9am', 'Soil_Type32', 'Soil_Type13']"
251,lr_shap_list_ir_5,lr_shap_list_ir_5_subset_75,orderSum,"['Wilderness_Area4', 'Wilderness_Area3', 'Hillshade_3pm', 'Hillshade_Noon', 'Horizontal_Distance_To_Roadways', 'Elevation', 'Horizontal_Distance_To_Hydrology', 'Horizontal_Distance_To_Fire_Points', 'Slope', 'Soil_Type10', 'Soil_Type2', 'Soil_Type3', 'Soil_Type1', 'Soil_Type4', 'Vertical_Distance_To_Hydrology', 'Soil_Type6', 'Soil_Type17', 'Soil_Type5', 'Soil_Type14', 'Aspect', 'Soil_Type11', 'Soil_Type16', 'Hillshade_9am', 'Soil_Type32', 'Soil_Type13']"
252,lr_shap_list_ir_3,lr_shap_list_ir_3_subset_66,orderMean,"['Wilderness_Area4', 'Wilderness_Area3', 'Hillshade_3pm', 'Hillshade_Noon', 'Elevation', 'Horizontal_Distance_To_Roadways', 'Horizontal_Distance_To_Fire_Points', 'Horizontal_Distance_To_Hydrology', 'Soil_Type10', 'Slope', 'Soil_Type2', 'Soil_Type4', 'Soil_Type1', 'Soil_Type6', 'Hillshade_9am', 'Aspect', 'Soil_Type3', 'Soil_Type17', 'Vertical_Distance_To_Hydrology', 'Soil_Type14', 'Soil_Type5', 'Soil_Type11', 'Soil_Type16', 'Soil_Type32', 'Soil_Type13']"
253,lr_shap_list_ir_3,lr_shap_list_ir_3_subset_66,orderStd,"['Hillshade_Noon', 'Hillshade_3pm', 'Wilderness_Area4', 'Wilderness_Area3', 'Horizontal_Distance_To_Roadways', 'Elevation', 'Soil_Type1', 'Horizontal_Distance_To_Fire_Points', 'Horizontal_Distance_To_Hydrology', 'Soil_Type2', 'Soil_Type17', 'Slope', 'Soil_Type5', 'Soil_Type14', 'Soil_Type6', 'Soil_Type16', 'Soil_Type4', 'Soil_Type10', 'Soil_Type11', 'Soil_Type3', 'Hillshade_9am', 'Vertical_Distance_To_Hydrology', 'Aspect', 'Soil_Type32', 'Soil_Type13']"
254,lr_shap_list_ir_3,lr_shap_list_ir_3_subset_66,orderSum,"['Wilderness_Area4', 'Wilderness_Area3', 'Hillshade_3pm', 'Hillshade_Noon', 'Elevation', 'Horizontal_Distance_To_Roadways', 'Horizontal_Distance_To_Fire_Points', 'Horizontal_Distance_To_Hydrology', 'Soil_Type10', 'Slope', 'Soil_Type2', 'Soil_Type4', 'Soil_Type1', 'Soil_Type6', 'Hillshade_9am', 'Aspect', 'Soil_Type3', 'Soil_Type17', 'Vertical_Distance_To_Hydrology', 'Soil_Type14', 'Soil_Type5', 'Soil_Type11', 'Soil_Type16', 'Soil_Type32', 'Soil_Type13']"
255,lr_shap_list_ir_1,lr_shap_list_ir_1_subset_47,orderMean,"['Wilderness_Area4', 'Hillshade_3pm', 'Hillshade_Noon', 'Hillshade_9am', 'Wilderness_Area3', 'Elevation', 'Slope', 'Horizontal_Distance_To_Roadways', 'Horizontal_Distance_To_Fire_Points', 'Horizontal_Distance_To_Hydrology', 'Soil_Type10', 'Soil_Type2', 'Soil_Type11', 'Soil_Type1', 'Soil_Type3', 'Vertical_Distance_To_Hydrology', 'Soil_Type17', 'Aspect', 'Soil_Type5', 'Soil_Type14', 'Soil_Type6', 'Soil_Type4', 'Soil_Type16', 'Soil_Type32', 'Soil_Type13']"
256,lr_shap_list_ir_1,lr_shap_list_ir_1_subset_47,orderStd,"['Hillshade_3pm', 'Wilderness_Area4', 'Hillshade_Noon', 'Hillshade_9am', 'Wilderness_Area3', 'Horizontal_Distance_To_Roadways', 'Elevation', 'Slope', 'Horizontal_Distance_To_Fire_Points', 'Soil_Type11', 'Horizontal_Distance_To_Hydrology', 'Soil_Type17', 'Soil_Type2', 'Soil_Type1', 'Soil_Type14', 'Soil_Type3', 'Soil_Type5', 'Vertical_Distance_To_Hydrology', 'Soil_Type10', 'Soil_Type6', 'Soil_Type4', 'Aspect', 'Soil_Type16', 'Soil_Type32', 'Soil_Type13']"
257,lr_shap_list_ir_1,lr_shap_list_ir_1_subset_47,orderSum,"['Wilderness_Area4', 'Hillshade_3pm', 'Hillshade_Noon', 'Hillshade_9am', 'Wilderness_Area3', 'Elevation', 'Slope', 'Horizontal_Distance_To_Roadways', 'Horizontal_Distance_To_Fire_Points', 'Horizontal_Distance_To_Hydrology', 'Soil_Type10', 'Soil_Type2', 'Soil_Type11', 'Soil_Type1', 'Soil_Type3', 'Vertical_Distance_To_Hydrology', 'Soil_Type17', 'Aspect', 'Soil_Type5', 'Soil_Type14', 'Soil_Type6', 'Soil_Type4', 'Soil_Type16', 'Soil_Type32', 'Soil_Type13']"
258,lr_shap_list_ir_3,lr_shap_list_ir_3_subset_77,orderMean,"['Wilderness_Area4', 'Wilderness_Area3', 'Hillshade_3pm', 'Hillshade_Noon', 'Horizontal_Distance_To_Roadways', 'Elevation', 'Hillshade_9am', 'Slope', 'Horizontal_Distance_To_Hydrology', 'Horizontal_Distance_To_Fire_Points', 'Soil_Type10', 'Soil_Type2', 'Soil_Type3', 'Soil_Type4', 'Vertical_Distance_To_Hydrology', 'Soil_Type1', 'Soil_Type6', 'Soil_Type17', 'Aspect', 'Soil_Type14', 'Soil_Type11', 'Soil_Type5', 'Soil_Type16', 'Soil_Type32', 'Soil_Type13']"
259,lr_shap_list_ir_3,lr_shap_list_ir_3_subset_77,orderStd,"['Hillshade_3pm', 'Hillshade_Noon', 'Wilderness_Area4', 'Horizontal_Distance_To_Roadways', 'Wilderness_Area3', 'Elevation', 'Hillshade_9am', 'Slope', 'Horizontal_Distance_To_Hydrology', 'Horizontal_Distance_To_Fire_Points', 'Soil_Type17', 'Soil_Type3', 'Soil_Type2', 'Soil_Type1', 'Soil_Type6', 'Soil_Type14', 'Soil_Type4', 'Soil_Type5', 'Vertical_Distance_To_Hydrology', 'Soil_Type10', 'Soil_Type11', 'Soil_Type16', 'Aspect', 'Soil_Type32', 'Soil_Type13']"
260,lr_shap_list_ir_3,lr_shap_list_ir_3_subset_77,orderSum,"['Wilderness_Area4', 'Wilderness_Area3', 'Hillshade_3pm', 'Hillshade_Noon', 'Horizontal_Distance_To_Roadways', 'Elevation', 'Hillshade_9am', 'Slope', 'Horizontal_Distance_To_Hydrology', 'Horizontal_Distance_To_Fire_Points', 'Soil_Type10', 'Soil_Type2', 'Soil_Type3', 'Soil_Type4', 'Vertical_Distance_To_Hydrology', 'Soil_Type1', 'Soil_Type6', 'Soil_Type17', 'Aspect', 'Soil_Type14', 'Soil_Type11', 'Soil_Type5', 'Soil_Type16', 'Soil_Type32', 'Soil_Type13']"
261,lr_shap_list_ir_3,lr_shap_list_ir_3_subset_60,orderMean,"['Wilderness_Area4', 'Wilderness_Area3', 'Hillshade_3pm', 'Hillshade_Noon', 'Hillshade_9am', 'Horizontal_Distance_To_Roadways', 'Elevation', 'Horizontal_Distance_To_Hydrology', 'Slope', 'Horizontal_Distance_To_Fire_Points', 'Soil_Type10', 'Soil_Type2', 'Vertical_Distance_To_Hydrology', 'Soil_Type6', 'Soil_Type1', 'Soil_Type4', 'Aspect', 'Soil_Type3', 'Soil_Type17', 'Soil_Type11', 'Soil_Type5', 'Soil_Type14', 'Soil_Type16', 'Soil_Type32', 'Soil_Type13']"
262,lr_shap_list_ir_3,lr_shap_list_ir_3_subset_60,orderStd,"['Hillshade_3pm', 'Hillshade_Noon', 'Horizontal_Distance_To_Roadways', 'Wilderness_Area4', 'Hillshade_9am', 'Elevation', 'Wilderness_Area3', 'Horizontal_Distance_To_Hydrology', 'Slope', 'Horizontal_Distance_To_Fire_Points', 'Soil_Type1', 'Soil_Type14', 'Soil_Type2', 'Soil_Type17', 'Soil_Type6', 'Soil_Type5', 'Soil_Type11', 'Vertical_Distance_To_Hydrology', 'Soil_Type3', 'Soil_Type10', 'Soil_Type4', 'Soil_Type16', 'Aspect', 'Soil_Type32', 'Soil_Type13']"
263,lr_shap_list_ir_3,lr_shap_list_ir_3_subset_60,orderSum,"['Wilderness_Area4', 'Wilderness_Area3', 'Hillshade_3pm', 'Hillshade_Noon', 'Hillshade_9am', 'Horizontal_Distance_To_Roadways', 'Elevation', 'Horizontal_Distance_To_Hydrology', 'Slope', 'Horizontal_Distance_To_Fire_Points', 'Soil_Type10', 'Soil_Type2', 'Vertical_Distance_To_Hydrology', 'Soil_Type6', 'Soil_Type1', 'Soil_Type4', 'Aspect', 'Soil_Type3', 'Soil_Type17', 'Soil_Type11', 'Soil_Type5', 'Soil_Type14', 'Soil_Type16', 'Soil_Type32', 'Soil_Type13']"
264,lr_shap_list_ir_1,lr_shap_list_ir_1_subset_46,orderMean,"['Wilderness_Area3', 'Hillshade_9am', 'Wilderness_Area4', 'Horizontal_Distance_To_Roadways', 'Elevation', 'Hillshade_3pm', 'Horizontal_Distance_To_Fire_Points', 'Soil_Type11', 'Horizontal_Distance_To_Hydrology', 'Soil_Type10', 'Soil_Type4', 'Soil_Type2', 'Hillshade_Noon', 'Soil_Type6', 'Slope', 'Soil_Type1', 'Vertical_Distance_To_Hydrology', 'Aspect', 'Soil_Type5', 'Soil_Type3', 'Soil_Type17', 'Soil_Type14', 'Soil_Type16', 'Soil_Type32', 'Soil_Type13']"
265,lr_shap_list_ir_1,lr_shap_list_ir_1_subset_46,orderStd,"['Hillshade_9am', 'Soil_Type11', 'Horizontal_Distance_To_Roadways', 'Elevation', 'Hillshade_3pm', 'Horizontal_Distance_To_Fire_Points', 'Horizontal_Distance_To_Hydrology', 'Soil_Type1', 'Wilderness_Area3', 'Soil_Type6', 'Soil_Type2', 'Hillshade_Noon', 'Soil_Type5', 'Soil_Type4', 'Soil_Type10', 'Soil_Type14', 'Soil_Type16', 'Slope', 'Soil_Type17', 'Vertical_Distance_To_Hydrology', 'Wilderness_Area4', 'Soil_Type3', 'Aspect', 'Soil_Type32', 'Soil_Type13']"
266,lr_shap_list_ir_1,lr_shap_list_ir_1_subset_46,orderSum,"['Wilderness_Area3', 'Hillshade_9am', 'Wilderness_Area4', 'Horizontal_Distance_To_Roadways', 'Elevation', 'Hillshade_3pm', 'Horizontal_Distance_To_Fire_Points', 'Soil_Type11', 'Horizontal_Distance_To_Hydrology', 'Soil_Type10', 'Soil_Type4', 'Soil_Type2', 'Hillshade_Noon', 'Soil_Type6', 'Slope', 'Soil_Type1', 'Vertical_Distance_To_Hydrology', 'Aspect', 'Soil_Type5', 'Soil_Type3', 'Soil_Type17', 'Soil_Type14', 'Soil_Type16', 'Soil_Type32', 'Soil_Type13']"
267,lr_shap_list_ir_1,lr_shap_list_ir_1_subset_37,orderMean,"['Wilderness_Area4', 'Wilderness_Area3', 'Hillshade_3pm', 'Hillshade_Noon', 'Elevation', 'Horizontal_Distance_To_Roadways', 'Horizontal_Distance_To_Fire_Points', 'Horizontal_Distance_To_Hydrology', 'Slope', 'Vertical_Distance_To_Hydrology', 'Hillshade_9am', 'Soil_Type2', 'Soil_Type6', 'Soil_Type3', 'Soil_Type10', 'Soil_Type4', 'Soil_Type1', 'Soil_Type5', 'Soil_Type17', 'Aspect', 'Soil_Type11', 'Soil_Type14', 'Soil_Type16', 'Soil_Type32', 'Soil_Type13']"
268,lr_shap_list_ir_1,lr_shap_list_ir_1_subset_37,orderStd,"['Wilderness_Area4', 'Hillshade_3pm', 'Hillshade_Noon', 'Wilderness_Area3', 'Horizontal_Distance_To_Roadways', 'Elevation', 'Horizontal_Distance_To_Fire_Points', 'Horizontal_Distance_To_Hydrology', 'Vertical_Distance_To_Hydrology', 'Slope', 'Soil_Type3', 'Soil_Type2', 'Hillshade_9am', 'Soil_Type17', 'Soil_Type1', 'Soil_Type6', 'Soil_Type14', 'Soil_Type5', 'Soil_Type4', 'Soil_Type11', 'Soil_Type16', 'Soil_Type10', 'Aspect', 'Soil_Type32', 'Soil_Type13']"
269,lr_shap_list_ir_1,lr_shap_list_ir_1_subset_37,orderSum,"['Wilderness_Area4', 'Wilderness_Area3', 'Hillshade_3pm', 'Hillshade_Noon', 'Elevation', 'Horizontal_Distance_To_Roadways', 'Horizontal_Distance_To_Fire_Points', 'Horizontal_Distance_To_Hydrology', 'Slope', 'Vertical_Distance_To_Hydrology', 'Hillshade_9am', 'Soil_Type2', 'Soil_Type6', 'Soil_Type3', 'Soil_Type10', 'Soil_Type4', 'Soil_Type1', 'Soil_Type5', 'Soil_Type17', 'Aspect', 'Soil_Type11', 'Soil_Type14', 'Soil_Type16', 'Soil_Type32', 'Soil_Type13']"
270,lr_shap_list_ir_5,lr_shap_list_ir_5_subset_8,orderMean,"['Wilderness_Area4', 'Wilderness_Area3', 'Hillshade_3pm', 'Hillshade_Noon', 'Elevation', 'Horizontal_Distance_To_Roadways', 'Horizontal_Distance_To_Hydrology', 'Slope', 'Horizontal_Distance_To_Fire_Points', 'Soil_Type10', 'Soil_Type2', 'Soil_Type3', 'Soil_Type4', 'Soil_Type1', 'Hillshade_9am', 'Soil_Type6', 'Vertical_Distance_To_Hydrology', 'Soil_Type17', 'Aspect', 'Soil_Type5', 'Soil_Type11', 'Soil_Type14', 'Soil_Type16', 'Soil_Type32', 'Soil_Type13']"
271,lr_shap_list_ir_5,lr_shap_list_ir_5_subset_8,orderStd,"['Hillshade_3pm', 'Wilderness_Area4', 'Hillshade_Noon', 'Wilderness_Area3', 'Horizontal_Distance_To_Roadways', 'Elevation', 'Horizontal_Distance_To_Fire_Points', 'Horizontal_Distance_To_Hydrology', 'Slope', 'Soil_Type1', 'Soil_Type14', 'Soil_Type2', 'Soil_Type6', 'Soil_Type17', 'Soil_Type10', 'Soil_Type3', 'Soil_Type5', 'Hillshade_9am', 'Soil_Type4', 'Soil_Type16', 'Vertical_Distance_To_Hydrology', 'Soil_Type11', 'Aspect', 'Soil_Type32', 'Soil_Type13']"
272,lr_shap_list_ir_5,lr_shap_list_ir_5_subset_8,orderSum,"['Wilderness_Area4', 'Wilderness_Area3', 'Hillshade_3pm', 'Hillshade_Noon', 'Elevation', 'Horizontal_Distance_To_Roadways', 'Horizontal_Distance_To_Hydrology', 'Slope', 'Horizontal_Distance_To_Fire_Points', 'Soil_Type10', 'Soil_Type2', 'Soil_Type3', 'Soil_Type4', 'Soil_Type1', 'Hillshade_9am', 'Soil_Type6', 'Vertical_Distance_To_Hydrology', 'Soil_Type17', 'Aspect', 'Soil_Type5', 'Soil_Type11', 'Soil_Type14', 'Soil_Type16', 'Soil_Type32', 'Soil_Type13']"
273,lr_shap_list_ir_5,lr_shap_list_ir_5_subset_43,orderMean,"['Wilderness_Area4', 'Wilderness_Area3', 'Hillshade_3pm', 'Hillshade_Noon', 'Horizontal_Distance_To_Roadways', 'Elevation', 'Horizontal_Distance_To_Hydrology', 'Slope', 'Horizontal_Distance_To_Fire_Points', 'Hillshade_9am', 'Soil_Type10', 'Soil_Type4', 'Soil_Type1', 'Soil_Type3', 'Soil_Type6', 'Soil_Type2', 'Vertical_Distance_To_Hydrology', 'Soil_Type17', 'Soil_Type5', 'Aspect', 'Soil_Type11', 'Soil_Type14', 'Soil_Type16', 'Soil_Type32', 'Soil_Type13']"
274,lr_shap_list_ir_5,lr_shap_list_ir_5_subset_43,orderStd,"['Hillshade_3pm', 'Hillshade_Noon', 'Horizontal_Distance_To_Roadways', 'Wilderness_Area4', 'Wilderness_Area3', 'Elevation', 'Horizontal_Distance_To_Hydrology', 'Horizontal_Distance_To_Fire_Points', 'Slope', 'Soil_Type1', 'Soil_Type14', 'Hillshade_9am', 'Soil_Type2', 'Soil_Type3', 'Soil_Type17', 'Soil_Type6', 'Soil_Type10', 'Soil_Type5', 'Soil_Type11', 'Soil_Type4', 'Vertical_Distance_To_Hydrology', 'Soil_Type16', 'Aspect', 'Soil_Type32', 'Soil_Type13']"
275,lr_shap_list_ir_5,lr_shap_list_ir_5_subset_43,orderSum,"['Wilderness_Area4', 'Wilderness_Area3', 'Hillshade_3pm', 'Hillshade_Noon', 'Horizontal_Distance_To_Roadways', 'Elevation', 'Horizontal_Distance_To_Hydrology', 'Slope', 'Horizontal_Distance_To_Fire_Points', 'Hillshade_9am', 'Soil_Type10', 'Soil_Type4', 'Soil_Type1', 'Soil_Type3', 'Soil_Type6', 'Soil_Type2', 'Vertical_Distance_To_Hydrology', 'Soil_Type17', 'Soil_Type5', 'Aspect', 'Soil_Type11', 'Soil_Type14', 'Soil_Type16', 'Soil_Type32', 'Soil_Type13']"
276,lr_shap_list_ir_5,lr_shap_list_ir_5_subset_41,orderMean,"['Wilderness_Area4', 'Wilderness_Area3', 'Hillshade_3pm', 'Hillshade_Noon', 'Hillshade_9am', 'Horizontal_Distance_To_Roadways', 'Elevation', 'Horizontal_Distance_To_Hydrology', 'Slope', 'Horizontal_Distance_To_Fire_Points', 'Soil_Type10', 'Soil_Type2', 'Soil_Type4', 'Soil_Type17', 'Soil_Type1', 'Soil_Type3', 'Soil_Type6', 'Soil_Type14', 'Aspect', 'Soil_Type5', 'Vertical_Distance_To_Hydrology', 'Soil_Type11', 'Soil_Type16', 'Soil_Type32', 'Soil_Type13']"
277,lr_shap_list_ir_5,lr_shap_list_ir_5_subset_41,orderStd,"['Hillshade_3pm', 'Hillshade_Noon', 'Wilderness_Area4', 'Wilderness_Area3', 'Horizontal_Distance_To_Roadways', 'Elevation', 'Hillshade_9am', 'Horizontal_Distance_To_Fire_Points', 'Horizontal_Distance_To_Hydrology', 'Slope', 'Soil_Type1', 'Soil_Type3', 'Soil_Type17', 'Soil_Type14', 'Soil_Type2', 'Soil_Type4', 'Soil_Type11', 'Soil_Type6', 'Soil_Type10', 'Soil_Type5', 'Soil_Type16', 'Vertical_Distance_To_Hydrology', 'Aspect', 'Soil_Type32', 'Soil_Type13']"
278,lr_shap_list_ir_5,lr_shap_list_ir_5_subset_41,orderSum,"['Wilderness_Area4', 'Wilderness_Area3', 'Hillshade_3pm', 'Hillshade_Noon', 'Hillshade_9am', 'Horizontal_Distance_To_Roadways', 'Elevation', 'Horizontal_Distance_To_Hydrology', 'Slope', 'Horizontal_Distance_To_Fire_Points', 'Soil_Type10', 'Soil_Type2', 'Soil_Type4', 'Soil_Type17', 'Soil_Type1', 'Soil_Type3', 'Soil_Type6', 'Soil_Type14', 'Aspect', 'Soil_Type5', 'Vertical_Distance_To_Hydrology', 'Soil_Type11', 'Soil_Type16', 'Soil_Type32', 'Soil_Type13']"
279,lr_shap_list_ir_4,lr_shap_list_ir_4_subset_46,orderMean,"['Wilderness_Area4', 'Wilderness_Area3', 'Hillshade_3pm', 'Hillshade_Noon', 'Horizontal_Distance_To_Roadways', 'Elevation', 'Horizontal_Distance_To_Hydrology', 'Slope', 'Hillshade_9am', 'Horizontal_Distance_To_Fire_Points', 'Soil_Type10', 'Soil_Type2', 'Soil_Type4', 'Soil_Type1', 'Soil_Type3', 'Vertical_Distance_To_Hydrology', 'Soil_Type6', 'Aspect', 'Soil_Type17', 'Soil_Type5', 'Soil_Type14', 'Soil_Type11', 'Soil_Type16', 'Soil_Type32', 'Soil_Type13']"
280,lr_shap_list_ir_4,lr_shap_list_ir_4_subset_46,orderStd,"['Hillshade_3pm', 'Hillshade_Noon', 'Horizontal_Distance_To_Roadways', 'Elevation', 'Wilderness_Area4', 'Wilderness_Area3', 'Horizontal_Distance_To_Hydrology', 'Hillshade_9am', 'Horizontal_Distance_To_Fire_Points', 'Slope', 'Soil_Type1', 'Soil_Type17', 'Soil_Type2', 'Soil_Type14', 'Soil_Type10', 'Soil_Type4', 'Soil_Type3', 'Soil_Type6', 'Soil_Type5', 'Soil_Type16', 'Vertical_Distance_To_Hydrology', 'Aspect', 'Soil_Type11', 'Soil_Type32', 'Soil_Type13']"
281,lr_shap_list_ir_4,lr_shap_list_ir_4_subset_46,orderSum,"['Wilderness_Area4', 'Wilderness_Area3', 'Hillshade_3pm', 'Hillshade_Noon', 'Horizontal_Distance_To_Roadways', 'Elevation', 'Horizontal_Distance_To_Hydrology', 'Slope', 'Hillshade_9am', 'Horizontal_Distance_To_Fire_Points', 'Soil_Type10', 'Soil_Type2', 'Soil_Type4', 'Soil_Type1', 'Soil_Type3', 'Vertical_Distance_To_Hydrology', 'Soil_Type6', 'Aspect', 'Soil_Type17', 'Soil_Type5', 'Soil_Type14', 'Soil_Type11', 'Soil_Type16', 'Soil_Type32', 'Soil_Type13']"
282,lr_shap_list_ir_4,lr_shap_list_ir_4_subset_85,orderMean,"['Wilderness_Area4', 'Wilderness_Area3', 'Hillshade_3pm', 'Hillshade_Noon', 'Horizontal_Distance_To_Roadways', 'Elevation', 'Horizontal_Distance_To_Hydrology', 'Horizontal_Distance_To_Fire_Points', 'Hillshade_9am', 'Slope', 'Soil_Type10', 'Soil_Type2', 'Soil_Type3', 'Soil_Type4', 'Aspect', 'Soil_Type1', 'Soil_Type6', 'Soil_Type17', 'Soil_Type5', 'Vertical_Distance_To_Hydrology', 'Soil_Type14', 'Soil_Type11', 'Soil_Type16', 'Soil_Type32', 'Soil_Type13']"
283,lr_shap_list_ir_4,lr_shap_list_ir_4_subset_85,orderStd,"['Hillshade_3pm', 'Hillshade_Noon', 'Wilderness_Area4', 'Wilderness_Area3', 'Horizontal_Distance_To_Roadways', 'Elevation', 'Horizontal_Distance_To_Hydrology', 'Horizontal_Distance_To_Fire_Points', 'Hillshade_9am', 'Slope', 'Soil_Type17', 'Soil_Type1', 'Soil_Type10', 'Soil_Type4', 'Soil_Type2', 'Soil_Type6', 'Soil_Type3', 'Soil_Type14', 'Soil_Type5', 'Aspect', 'Soil_Type16', 'Soil_Type11', 'Vertical_Distance_To_Hydrology', 'Soil_Type32', 'Soil_Type13']"
284,lr_shap_list_ir_4,lr_shap_list_ir_4_subset_85,orderSum,"['Wilderness_Area4', 'Wilderness_Area3', 'Hillshade_3pm', 'Hillshade_Noon', 'Horizontal_Distance_To_Roadways', 'Elevation', 'Horizontal_Distance_To_Hydrology', 'Horizontal_Distance_To_Fire_Points', 'Hillshade_9am', 'Slope', 'Soil_Type10', 'Soil_Type2', 'Soil_Type3', 'Soil_Type4', 'Aspect', 'Soil_Type1', 'Soil_Type6', 'Soil_Type17', 'Soil_Type5', 'Vertical_Distance_To_Hydrology', 'Soil_Type14', 'Soil_Type11', 'Soil_Type16', 'Soil_Type32', 'Soil_Type13']"
285,lr_shap_list_ir_1,lr_shap_list_ir_1_subset_15,orderMean,"['Wilderness_Area3', 'Wilderness_Area4', 'Hillshade_3pm', 'Hillshade_Noon', 'Horizontal_Distance_To_Roadways', 'Elevation', 'Horizontal_Distance_To_Hydrology', 'Soil_Type10', 'Slope', 'Horizontal_Distance_To_Fire_Points', 'Soil_Type1', 'Soil_Type3', 'Soil_Type6', 'Hillshade_9am', 'Soil_Type4', 'Soil_Type2', 'Soil_Type14', 'Vertical_Distance_To_Hydrology', 'Soil_Type17', 'Soil_Type11', 'Soil_Type5', 'Aspect', 'Soil_Type16', 'Soil_Type32', 'Soil_Type13']"
286,lr_shap_list_ir_1,lr_shap_list_ir_1_subset_15,orderStd,"['Wilderness_Area3', 'Wilderness_Area4', 'Hillshade_3pm', 'Hillshade_Noon', 'Horizontal_Distance_To_Roadways', 'Elevation', 'Horizontal_Distance_To_Hydrology', 'Soil_Type1', 'Horizontal_Distance_To_Fire_Points', 'Soil_Type3', 'Slope', 'Soil_Type6', 'Soil_Type17', 'Soil_Type10', 'Soil_Type2', 'Soil_Type14', 'Soil_Type5', 'Soil_Type11', 'Soil_Type4', 'Hillshade_9am', 'Vertical_Distance_To_Hydrology', 'Soil_Type16', 'Soil_Type32', 'Aspect', 'Soil_Type13']"
287,lr_shap_list_ir_1,lr_shap_list_ir_1_subset_15,orderSum,"['Wilderness_Area3', 'Wilderness_Area4', 'Hillshade_3pm', 'Hillshade_Noon', 'Horizontal_Distance_To_Roadways', 'Elevation', 'Horizontal_Distance_To_Hydrology', 'Soil_Type10', 'Slope', 'Horizontal_Distance_To_Fire_Points', 'Soil_Type1', 'Soil_Type3', 'Soil_Type6', 'Hillshade_9am', 'Soil_Type4', 'Soil_Type2', 'Soil_Type14', 'Vertical_Distance_To_Hydrology', 'Soil_Type17', 'Soil_Type11', 'Soil_Type5', 'Aspect', 'Soil_Type16', 'Soil_Type32', 'Soil_Type13']"
288,lr_shap_list_ir_5,lr_shap_list_ir_5_subset_42,orderMean,"['Wilderness_Area4', 'Wilderness_Area3', 'Hillshade_3pm', 'Hillshade_Noon', 'Horizontal_Distance_To_Roadways', 'Hillshade_9am', 'Elevation', 'Horizontal_Distance_To_Hydrology', 'Slope', 'Horizontal_Distance_To_Fire_Points', 'Soil_Type10', 'Soil_Type2', 'Soil_Type4', 'Soil_Type3', 'Soil_Type6', 'Vertical_Distance_To_Hydrology', 'Soil_Type1', 'Soil_Type17', 'Aspect', 'Soil_Type14', 'Soil_Type5', 'Soil_Type11', 'Soil_Type16', 'Soil_Type32', 'Soil_Type13']"
289,lr_shap_list_ir_5,lr_shap_list_ir_5_subset_42,orderStd,"['Hillshade_3pm', 'Wilderness_Area4', 'Hillshade_Noon', 'Wilderness_Area3', 'Horizontal_Distance_To_Roadways', 'Elevation', 'Hillshade_9am', 'Horizontal_Distance_To_Hydrology', 'Slope', 'Horizontal_Distance_To_Fire_Points', 'Soil_Type1', 'Soil_Type17', 'Soil_Type14', 'Soil_Type6', 'Soil_Type2', 'Soil_Type3', 'Soil_Type4', 'Soil_Type16', 'Soil_Type5', 'Soil_Type10', 'Soil_Type11', 'Vertical_Distance_To_Hydrology', 'Aspect', 'Soil_Type32', 'Soil_Type13']"
290,lr_shap_list_ir_5,lr_shap_list_ir_5_subset_42,orderSum,"['Wilderness_Area4', 'Wilderness_Area3', 'Hillshade_3pm', 'Hillshade_Noon', 'Horizontal_Distance_To_Roadways', 'Hillshade_9am', 'Elevation', 'Horizontal_Distance_To_Hydrology', 'Slope', 'Horizontal_Distance_To_Fire_Points', 'Soil_Type10', 'Soil_Type2', 'Soil_Type4', 'Soil_Type3', 'Soil_Type6', 'Vertical_Distance_To_Hydrology', 'Soil_Type1', 'Soil_Type17', 'Aspect', 'Soil_Type14', 'Soil_Type5', 'Soil_Type11', 'Soil_Type16', 'Soil_Type32', 'Soil_Type13']"
291,lr_shap_list_ir_2,lr_shap_list_ir_2_subset_28,orderMean,"['Wilderness_Area4', 'Wilderness_Area3', 'Hillshade_3pm', 'Hillshade_Noon', 'Horizontal_Distance_To_Roadways', 'Elevation', 'Horizontal_Distance_To_Fire_Points', 'Horizontal_Distance_To_Hydrology', 'Slope', 'Hillshade_9am', 'Soil_Type10', 'Soil_Type2', 'Soil_Type3', 'Soil_Type11', 'Soil_Type1', 'Vertical_Distance_To_Hydrology', 'Soil_Type4', 'Soil_Type6', 'Soil_Type14', 'Soil_Type17', 'Soil_Type5', 'Aspect', 'Soil_Type16', 'Soil_Type32', 'Soil_Type13']"
292,lr_shap_list_ir_2,lr_shap_list_ir_2_subset_28,orderStd,"['Hillshade_3pm', 'Hillshade_Noon', 'Horizontal_Distance_To_Roadways', 'Elevation', 'Horizontal_Distance_To_Fire_Points', 'Horizontal_Distance_To_Hydrology', 'Hillshade_9am', 'Soil_Type1', 'Slope', 'Soil_Type3', 'Soil_Type11', 'Soil_Type2', 'Soil_Type10', 'Wilderness_Area4', 'Soil_Type14', 'Soil_Type16', 'Soil_Type17', 'Soil_Type6', 'Wilderness_Area3', 'Vertical_Distance_To_Hydrology', 'Soil_Type5', 'Soil_Type4', 'Aspect', 'Soil_Type32', 'Soil_Type13']"
293,lr_shap_list_ir_2,lr_shap_list_ir_2_subset_28,orderSum,"['Wilderness_Area4', 'Wilderness_Area3', 'Hillshade_3pm', 'Hillshade_Noon', 'Horizontal_Distance_To_Roadways', 'Elevation', 'Horizontal_Distance_To_Fire_Points', 'Horizontal_Distance_To_Hydrology', 'Slope', 'Hillshade_9am', 'Soil_Type10', 'Soil_Type2', 'Soil_Type3', 'Soil_Type11', 'Soil_Type1', 'Vertical_Distance_To_Hydrology', 'Soil_Type4', 'Soil_Type6', 'Soil_Type14', 'Soil_Type17', 'Soil_Type5', 'Aspect', 'Soil_Type16', 'Soil_Type32', 'Soil_Type13']"
294,lr_shap_list_ir_5,lr_shap_list_ir_5_subset_68,orderMean,"['Wilderness_Area4', 'Wilderness_Area3', 'Hillshade_3pm', 'Hillshade_Noon', 'Horizontal_Distance_To_Roadways', 'Elevation', 'Horizontal_Distance_To_Hydrology', 'Hillshade_9am', 'Horizontal_Distance_To_Fire_Points', 'Slope', 'Soil_Type10', 'Soil_Type2', 'Soil_Type3', 'Soil_Type1', 'Soil_Type4', 'Soil_Type6', 'Vertical_Distance_To_Hydrology', 'Soil_Type17', 'Soil_Type5', 'Soil_Type14', 'Aspect', 'Soil_Type11', 'Soil_Type16', 'Soil_Type32', 'Soil_Type13']"
295,lr_shap_list_ir_5,lr_shap_list_ir_5_subset_68,orderStd,"['Wilderness_Area4', 'Wilderness_Area3', 'Hillshade_3pm', 'Hillshade_Noon', 'Horizontal_Distance_To_Roadways', 'Elevation', 'Horizontal_Distance_To_Hydrology', 'Horizontal_Distance_To_Fire_Points', 'Hillshade_9am', 'Soil_Type1', 'Slope', 'Soil_Type14', 'Soil_Type2', 'Soil_Type17', 'Soil_Type4', 'Soil_Type6', 'Soil_Type3', 'Soil_Type5', 'Soil_Type16', 'Soil_Type10', 'Vertical_Distance_To_Hydrology', 'Soil_Type11', 'Aspect', 'Soil_Type32', 'Soil_Type13']"
296,lr_shap_list_ir_5,lr_shap_list_ir_5_subset_68,orderSum,"['Wilderness_Area4', 'Wilderness_Area3', 'Hillshade_3pm', 'Hillshade_Noon', 'Horizontal_Distance_To_Roadways', 'Elevation', 'Horizontal_Distance_To_Hydrology', 'Hillshade_9am', 'Horizontal_Distance_To_Fire_Points', 'Slope', 'Soil_Type10', 'Soil_Type2', 'Soil_Type3', 'Soil_Type1', 'Soil_Type4', 'Soil_Type6', 'Vertical_Distance_To_Hydrology', 'Soil_Type17', 'Soil_Type5', 'Soil_Type14', 'Aspect', 'Soil_Type11', 'Soil_Type16', 'Soil_Type32', 'Soil_Type13']"
297,lr_shap_list_ir_2,lr_shap_list_ir_2_subset_103,orderMean,"['Wilderness_Area4', 'Wilderness_Area3', 'Hillshade_3pm', 'Hillshade_Noon', 'Horizontal_Distance_To_Roadways', 'Elevation', 'Hillshade_9am', 'Horizontal_Distance_To_Hydrology', 'Slope', 'Horizontal_Distance_To_Fire_Points', 'Soil_Type1', 'Soil_Type2', 'Vertical_Distance_To_Hydrology', 'Soil_Type10', 'Soil_Type3', 'Soil_Type4', 'Soil_Type6', 'Soil_Type17', 'Soil_Type5', 'Aspect', 'Soil_Type11', 'Soil_Type14', 'Soil_Type16', 'Soil_Type32', 'Soil_Type13']"
298,lr_shap_list_ir_2,lr_shap_list_ir_2_subset_103,orderStd,"['Hillshade_3pm', 'Hillshade_Noon', 'Horizontal_Distance_To_Roadways', 'Elevation', 'Wilderness_Area4', 'Hillshade_9am', 'Wilderness_Area3', 'Horizontal_Distance_To_Hydrology', 'Soil_Type1', 'Horizontal_Distance_To_Fire_Points', 'Soil_Type2', 'Slope', 'Soil_Type17', 'Soil_Type14', 'Vertical_Distance_To_Hydrology', 'Soil_Type3', 'Soil_Type6', 'Soil_Type10', 'Soil_Type16', 'Soil_Type5', 'Soil_Type4', 'Soil_Type11', 'Aspect', 'Soil_Type32', 'Soil_Type13']"
299,lr_shap_list_ir_2,lr_shap_list_ir_2_subset_103,orderSum,"['Wilderness_Area4', 'Wilderness_Area3', 'Hillshade_3pm', 'Hillshade_Noon', 'Horizontal_Distance_To_Roadways', 'Elevation', 'Hillshade_9am', 'Horizontal_Distance_To_Hydrology', 'Slope', 'Horizontal_Distance_To_Fire_Points', 'Soil_Type1', 'Soil_Type2', 'Vertical_Distance_To_Hydrology', 'Soil_Type10', 'Soil_Type3', 'Soil_Type4', 'Soil_Type6', 'Soil_Type17', 'Soil_Type5', 'Aspect', 'Soil_Type11', 'Soil_Type14', 'Soil_Type16', 'Soil_Type32', 'Soil_Type13']"
300,lr_shap_list_ir_3,lr_shap_list_ir_3_subset_18,orderMean,"['Wilderness_Area4', 'Wilderness_Area3', 'Hillshade_3pm', 'Hillshade_Noon', 'Horizontal_Distance_To_Roadways', 'Elevation', 'Hillshade_9am', 'Horizontal_Distance_To_Hydrology', 'Horizontal_Distance_To_Fire_Points', 'Slope', 'Soil_Type10', 'Soil_Type2', 'Soil_Type3', 'Aspect', 'Soil_Type6', 'Soil_Type1', 'Soil_Type17', 'Soil_Type4', 'Vertical_Distance_To_Hydrology', 'Soil_Type11', 'Soil_Type5', 'Soil_Type14', 'Soil_Type16', 'Soil_Type32', 'Soil_Type13']"
301,lr_shap_list_ir_3,lr_shap_list_ir_3_subset_18,orderStd,"['Hillshade_3pm', 'Hillshade_Noon', 'Horizontal_Distance_To_Roadways', 'Elevation', 'Wilderness_Area4', 'Hillshade_9am', 'Horizontal_Distance_To_Hydrology', 'Horizontal_Distance_To_Fire_Points', 'Wilderness_Area3', 'Slope', 'Soil_Type3', 'Soil_Type17', 'Soil_Type1', 'Soil_Type10', 'Soil_Type14', 'Soil_Type2', 'Soil_Type11', 'Soil_Type6', 'Soil_Type5', 'Aspect', 'Soil_Type4', 'Vertical_Distance_To_Hydrology', 'Soil_Type16', 'Soil_Type32', 'Soil_Type13']"
302,lr_shap_list_ir_3,lr_shap_list_ir_3_subset_18,orderSum,"['Wilderness_Area4', 'Wilderness_Area3', 'Hillshade_3pm', 'Hillshade_Noon', 'Horizontal_Distance_To_Roadways', 'Elevation', 'Hillshade_9am', 'Horizontal_Distance_To_Hydrology', 'Horizontal_Distance_To_Fire_Points', 'Slope', 'Soil_Type10', 'Soil_Type2', 'Soil_Type3', 'Aspect', 'Soil_Type6', 'Soil_Type1', 'Soil_Type17', 'Soil_Type4', 'Vertical_Distance_To_Hydrology', 'Soil_Type11', 'Soil_Type5', 'Soil_Type14', 'Soil_Type16', 'Soil_Type32', 'Soil_Type13']"
303,lr_shap_list_ir_3,lr_shap_list_ir_3_subset_74,orderMean,"['Wilderness_Area4', 'Wilderness_Area3', 'Hillshade_3pm', 'Hillshade_Noon', 'Horizontal_Distance_To_Roadways', 'Elevation', 'Horizontal_Distance_To_Hydrology', 'Slope', 'Hillshade_9am', 'Horizontal_Distance_To_Fire_Points', 'Soil_Type3', 'Vertical_Distance_To_Hydrology', 'Soil_Type10', 'Soil_Type6', 'Soil_Type2', 'Soil_Type4', 'Soil_Type11', 'Soil_Type1', 'Soil_Type17', 'Soil_Type5', 'Soil_Type14', 'Aspect', 'Soil_Type16', 'Soil_Type32', 'Soil_Type13']"
304,lr_shap_list_ir_3,lr_shap_list_ir_3_subset_74,orderStd,"['Hillshade_3pm', 'Hillshade_Noon', 'Horizontal_Distance_To_Roadways', 'Elevation', 'Wilderness_Area4', 'Wilderness_Area3', 'Horizontal_Distance_To_Fire_Points', 'Hillshade_9am', 'Slope', 'Horizontal_Distance_To_Hydrology', 'Soil_Type3', 'Soil_Type11', 'Soil_Type1', 'Soil_Type17', 'Soil_Type14', 'Soil_Type6', 'Soil_Type2', 'Vertical_Distance_To_Hydrology', 'Soil_Type5', 'Soil_Type10', 'Soil_Type4', 'Soil_Type16', 'Aspect', 'Soil_Type32', 'Soil_Type13']"
305,lr_shap_list_ir_3,lr_shap_list_ir_3_subset_74,orderSum,"['Wilderness_Area4', 'Wilderness_Area3', 'Hillshade_3pm', 'Hillshade_Noon', 'Horizontal_Distance_To_Roadways', 'Elevation', 'Horizontal_Distance_To_Hydrology', 'Slope', 'Hillshade_9am', 'Horizontal_Distance_To_Fire_Points', 'Soil_Type3', 'Vertical_Distance_To_Hydrology', 'Soil_Type10', 'Soil_Type6', 'Soil_Type2', 'Soil_Type4', 'Soil_Type11', 'Soil_Type1', 'Soil_Type17', 'Soil_Type5', 'Soil_Type14', 'Aspect', 'Soil_Type16', 'Soil_Type32', 'Soil_Type13']"
306,lr_shap_list_ir_5,lr_shap_list_ir_5_subset_84,orderMean,"['Wilderness_Area4', 'Wilderness_Area3', 'Hillshade_3pm', 'Hillshade_Noon', 'Horizontal_Distance_To_Roadways', 'Elevation', 'Slope', 'Horizontal_Distance_To_Hydrology', 'Hillshade_9am', 'Horizontal_Distance_To_Fire_Points', 'Soil_Type10', 'Soil_Type4', 'Soil_Type2', 'Soil_Type3', 'Soil_Type1', 'Soil_Type6', 'Soil_Type17', 'Aspect', 'Vertical_Distance_To_Hydrology', 'Soil_Type5', 'Soil_Type14', 'Soil_Type11', 'Soil_Type16', 'Soil_Type32', 'Soil_Type13']"
307,lr_shap_list_ir_5,lr_shap_list_ir_5_subset_84,orderStd,"['Hillshade_3pm', 'Hillshade_Noon', 'Wilderness_Area4', 'Horizontal_Distance_To_Roadways', 'Wilderness_Area3', 'Elevation', 'Hillshade_9am', 'Slope', 'Horizontal_Distance_To_Hydrology', 'Horizontal_Distance_To_Fire_Points', 'Soil_Type2', 'Soil_Type1', 'Soil_Type17', 'Soil_Type14', 'Soil_Type3', 'Soil_Type6', 'Soil_Type10', 'Soil_Type16', 'Soil_Type5', 'Soil_Type4', 'Vertical_Distance_To_Hydrology', 'Aspect', 'Soil_Type11', 'Soil_Type32', 'Soil_Type13']"
308,lr_shap_list_ir_5,lr_shap_list_ir_5_subset_84,orderSum,"['Wilderness_Area4', 'Wilderness_Area3', 'Hillshade_3pm', 'Hillshade_Noon', 'Horizontal_Distance_To_Roadways', 'Elevation', 'Slope', 'Horizontal_Distance_To_Hydrology', 'Hillshade_9am', 'Horizontal_Distance_To_Fire_Points', 'Soil_Type10', 'Soil_Type4', 'Soil_Type2', 'Soil_Type3', 'Soil_Type1', 'Soil_Type6', 'Soil_Type17', 'Aspect', 'Vertical_Distance_To_Hydrology', 'Soil_Type5', 'Soil_Type14', 'Soil_Type11', 'Soil_Type16', 'Soil_Type32', 'Soil_Type13']"
309,lr_shap_list_ir_5,lr_shap_list_ir_5_subset_92,orderMean,"['Wilderness_Area4', 'Wilderness_Area3', 'Hillshade_3pm', 'Hillshade_Noon', 'Elevation', 'Horizontal_Distance_To_Roadways', 'Horizontal_Distance_To_Hydrology', 'Horizontal_Distance_To_Fire_Points', 'Slope', 'Soil_Type10', 'Soil_Type2', 'Soil_Type3', 'Soil_Type4', 'Soil_Type1', 'Hillshade_9am', 'Soil_Type6', 'Vertical_Distance_To_Hydrology', 'Soil_Type17', 'Aspect', 'Soil_Type11', 'Soil_Type14', 'Soil_Type5', 'Soil_Type16', 'Soil_Type32', 'Soil_Type13']"
310,lr_shap_list_ir_5,lr_shap_list_ir_5_subset_92,orderStd,"['Wilderness_Area4', 'Wilderness_Area3', 'Hillshade_3pm', 'Hillshade_Noon', 'Horizontal_Distance_To_Roadways', 'Elevation', 'Horizontal_Distance_To_Hydrology', 'Horizontal_Distance_To_Fire_Points', 'Soil_Type1', 'Soil_Type2', 'Soil_Type17', 'Slope', 'Soil_Type14', 'Soil_Type10', 'Soil_Type5', 'Soil_Type3', 'Soil_Type4', 'Soil_Type6', 'Soil_Type11', 'Hillshade_9am', 'Soil_Type16', 'Vertical_Distance_To_Hydrology', 'Aspect', 'Soil_Type32', 'Soil_Type13']"
311,lr_shap_list_ir_5,lr_shap_list_ir_5_subset_92,orderSum,"['Wilderness_Area4', 'Wilderness_Area3', 'Hillshade_3pm', 'Hillshade_Noon', 'Elevation', 'Horizontal_Distance_To_Roadways', 'Horizontal_Distance_To_Hydrology', 'Horizontal_Distance_To_Fire_Points', 'Slope', 'Soil_Type10', 'Soil_Type2', 'Soil_Type3', 'Soil_Type4', 'Soil_Type1', 'Hillshade_9am', 'Soil_Type6', 'Vertical_Distance_To_Hydrology', 'Soil_Type17', 'Aspect', 'Soil_Type11', 'Soil_Type14', 'Soil_Type5', 'Soil_Type16', 'Soil_Type32', 'Soil_Type13']"
312,lr_shap_list_ir_1,lr_shap_list_ir_1_subset_32,orderMean,"['Wilderness_Area4', 'Wilderness_Area3', 'Elevation', 'Horizontal_Distance_To_Roadways', 'Hillshade_3pm', 'Hillshade_Noon', 'Horizontal_Distance_To_Hydrology', 'Slope', 'Horizontal_Distance_To_Fire_Points', 'Soil_Type10', 'Soil_Type3', 'Vertical_Distance_To_Hydrology', 'Soil_Type4', 'Hillshade_9am', 'Aspect', 'Soil_Type1', 'Soil_Type5', 'Soil_Type2', 'Soil_Type14', 'Soil_Type11', 'Soil_Type6', 'Soil_Type17', 'Soil_Type16', 'Soil_Type32', 'Soil_Type13']"
313,lr_shap_list_ir_1,lr_shap_list_ir_1_subset_32,orderStd,"['Wilderness_Area4', 'Horizontal_Distance_To_Roadways', 'Elevation', 'Wilderness_Area3', 'Hillshade_3pm', 'Hillshade_Noon', 'Horizontal_Distance_To_Hydrology', 'Horizontal_Distance_To_Fire_Points', 'Soil_Type3', 'Slope', 'Soil_Type1', 'Soil_Type5', 'Soil_Type4', 'Soil_Type17', 'Soil_Type11', 'Soil_Type14', 'Vertical_Distance_To_Hydrology', 'Soil_Type10', 'Hillshade_9am', 'Aspect', 'Soil_Type2', 'Soil_Type6', 'Soil_Type16', 'Soil_Type32', 'Soil_Type13']"
314,lr_shap_list_ir_1,lr_shap_list_ir_1_subset_32,orderSum,"['Wilderness_Area4', 'Wilderness_Area3', 'Elevation', 'Horizontal_Distance_To_Roadways', 'Hillshade_3pm', 'Hillshade_Noon', 'Horizontal_Distance_To_Hydrology', 'Slope', 'Horizontal_Distance_To_Fire_Points', 'Soil_Type10', 'Soil_Type3', 'Vertical_Distance_To_Hydrology', 'Soil_Type4', 'Hillshade_9am', 'Aspect', 'Soil_Type1', 'Soil_Type5', 'Soil_Type2', 'Soil_Type14', 'Soil_Type11', 'Soil_Type6', 'Soil_Type17', 'Soil_Type16', 'Soil_Type32', 'Soil_Type13']"
315,lr_shap_list_ir_3,lr_shap_list_ir_3_subset_81,orderMean,"['Wilderness_Area4', 'Hillshade_3pm', 'Wilderness_Area3', 'Hillshade_Noon', 'Horizontal_Distance_To_Roadways', 'Hillshade_9am', 'Elevation', 'Slope', 'Horizontal_Distance_To_Fire_Points', 'Horizontal_Distance_To_Hydrology', 'Soil_Type10', 'Aspect', 'Soil_Type1', 'Soil_Type3', 'Soil_Type4', 'Soil_Type2', 'Soil_Type17', 'Soil_Type6', 'Vertical_Distance_To_Hydrology', 'Soil_Type14', 'Soil_Type11', 'Soil_Type5', 'Soil_Type16', 'Soil_Type32', 'Soil_Type13']"
316,lr_shap_list_ir_3,lr_shap_list_ir_3_subset_81,orderStd,"['Hillshade_3pm', 'Wilderness_Area4', 'Hillshade_Noon', 'Wilderness_Area3', 'Horizontal_Distance_To_Roadways', 'Elevation', 'Hillshade_9am', 'Slope', 'Horizontal_Distance_To_Fire_Points', 'Horizontal_Distance_To_Hydrology', 'Soil_Type17', 'Soil_Type1', 'Soil_Type3', 'Soil_Type2', 'Soil_Type14', 'Soil_Type4', 'Aspect', 'Soil_Type6', 'Soil_Type11', 'Soil_Type5', 'Soil_Type16', 'Soil_Type10', 'Vertical_Distance_To_Hydrology', 'Soil_Type32', 'Soil_Type13']"
317,lr_shap_list_ir_3,lr_shap_list_ir_3_subset_81,orderSum,"['Wilderness_Area4', 'Hillshade_3pm', 'Wilderness_Area3', 'Hillshade_Noon', 'Horizontal_Distance_To_Roadways', 'Hillshade_9am', 'Elevation', 'Slope', 'Horizontal_Distance_To_Fire_Points', 'Horizontal_Distance_To_Hydrology', 'Soil_Type10', 'Aspect', 'Soil_Type1', 'Soil_Type3', 'Soil_Type4', 'Soil_Type2', 'Soil_Type17', 'Soil_Type6', 'Vertical_Distance_To_Hydrology', 'Soil_Type14', 'Soil_Type11', 'Soil_Type5', 'Soil_Type16', 'Soil_Type32', 'Soil_Type13']"
318,lr_shap_list_ir_1,lr_shap_list_ir_1_subset_56,orderMean,"['Wilderness_Area4', 'Wilderness_Area3', 'Hillshade_3pm', 'Hillshade_Noon', 'Horizontal_Distance_To_Roadways', 'Hillshade_9am', 'Elevation', 'Slope', 'Horizontal_Distance_To_Hydrology', 'Horizontal_Distance_To_Fire_Points', 'Soil_Type10', 'Aspect', 'Soil_Type2', 'Soil_Type6', 'Vertical_Distance_To_Hydrology', 'Soil_Type3', 'Soil_Type1', 'Soil_Type11', 'Soil_Type17', 'Soil_Type4', 'Soil_Type5', 'Soil_Type14', 'Soil_Type16', 'Soil_Type32', 'Soil_Type13']"
319,lr_shap_list_ir_1,lr_shap_list_ir_1_subset_56,orderStd,"['Hillshade_3pm', 'Hillshade_Noon', 'Horizontal_Distance_To_Roadways', 'Hillshade_9am', 'Elevation', 'Wilderness_Area4', 'Slope', 'Horizontal_Distance_To_Fire_Points', 'Horizontal_Distance_To_Hydrology', 'Wilderness_Area3', 'Soil_Type3', 'Soil_Type6', 'Soil_Type1', 'Soil_Type17', 'Soil_Type14', 'Soil_Type5', 'Aspect', 'Soil_Type2', 'Soil_Type11', 'Vertical_Distance_To_Hydrology', 'Soil_Type10', 'Soil_Type4', 'Soil_Type16', 'Soil_Type32', 'Soil_Type13']"
320,lr_shap_list_ir_1,lr_shap_list_ir_1_subset_56,orderSum,"['Wilderness_Area4', 'Wilderness_Area3', 'Hillshade_3pm', 'Hillshade_Noon', 'Horizontal_Distance_To_Roadways', 'Hillshade_9am', 'Elevation', 'Slope', 'Horizontal_Distance_To_Hydrology', 'Horizontal_Distance_To_Fire_Points', 'Soil_Type10', 'Aspect', 'Soil_Type2', 'Soil_Type6', 'Vertical_Distance_To_Hydrology', 'Soil_Type3', 'Soil_Type1', 'Soil_Type11', 'Soil_Type17', 'Soil_Type4', 'Soil_Type5', 'Soil_Type14', 'Soil_Type16', 'Soil_Type32', 'Soil_Type13']"
321,lr_shap_list_ir_2,lr_shap_list_ir_2_subset_80,orderMean,"['Wilderness_Area4', 'Wilderness_Area3', 'Hillshade_3pm', 'Hillshade_Noon', 'Horizontal_Distance_To_Roadways', 'Elevation', 'Horizontal_Distance_To_Hydrology', 'Slope', 'Horizontal_Distance_To_Fire_Points', 'Soil_Type10', 'Soil_Type6', 'Vertical_Distance_To_Hydrology', 'Soil_Type2', 'Hillshade_9am', 'Soil_Type4', 'Aspect', 'Soil_Type1', 'Soil_Type3', 'Soil_Type11', 'Soil_Type5', 'Soil_Type17', 'Soil_Type16', 'Soil_Type14', 'Soil_Type32', 'Soil_Type13']"
322,lr_shap_list_ir_2,lr_shap_list_ir_2_subset_80,orderStd,"['Hillshade_3pm', 'Hillshade_Noon', 'Horizontal_Distance_To_Roadways', 'Wilderness_Area4', 'Wilderness_Area3', 'Elevation', 'Horizontal_Distance_To_Hydrology', 'Horizontal_Distance_To_Fire_Points', 'Slope', 'Soil_Type6', 'Soil_Type1', 'Soil_Type10', 'Soil_Type17', 'Vertical_Distance_To_Hydrology', 'Soil_Type2', 'Soil_Type3', 'Soil_Type11', 'Soil_Type5', 'Soil_Type14', 'Hillshade_9am', 'Soil_Type4', 'Aspect', 'Soil_Type16', 'Soil_Type32', 'Soil_Type13']"
323,lr_shap_list_ir_2,lr_shap_list_ir_2_subset_80,orderSum,"['Wilderness_Area4', 'Wilderness_Area3', 'Hillshade_3pm', 'Hillshade_Noon', 'Horizontal_Distance_To_Roadways', 'Elevation', 'Horizontal_Distance_To_Hydrology', 'Slope', 'Horizontal_Distance_To_Fire_Points', 'Soil_Type10', 'Soil_Type6', 'Vertical_Distance_To_Hydrology', 'Soil_Type2', 'Hillshade_9am', 'Soil_Type4', 'Aspect', 'Soil_Type1', 'Soil_Type3', 'Soil_Type11', 'Soil_Type5', 'Soil_Type17', 'Soil_Type16', 'Soil_Type14', 'Soil_Type32', 'Soil_Type13']"
324,lr_shap_list_ir_4,lr_shap_list_ir_4_subset_42,orderMean,"['Wilderness_Area4', 'Wilderness_Area3', 'Hillshade_3pm', 'Hillshade_Noon', 'Horizontal_Distance_To_Roadways', 'Elevation', 'Horizontal_Distance_To_Hydrology', 'Slope', 'Horizontal_Distance_To_Fire_Points', 'Hillshade_9am', 'Soil_Type10', 'Soil_Type2', 'Soil_Type3', 'Soil_Type4', 'Soil_Type6', 'Soil_Type17', 'Soil_Type1', 'Vertical_Distance_To_Hydrology', 'Aspect', 'Soil_Type5', 'Soil_Type11', 'Soil_Type16', 'Soil_Type14', 'Soil_Type32', 'Soil_Type13']"
325,lr_shap_list_ir_4,lr_shap_list_ir_4_subset_42,orderStd,"['Hillshade_3pm', 'Hillshade_Noon', 'Horizontal_Distance_To_Roadways', 'Elevation', 'Wilderness_Area4', 'Wilderness_Area3', 'Horizontal_Distance_To_Hydrology', 'Slope', 'Horizontal_Distance_To_Fire_Points', 'Soil_Type1', 'Soil_Type3', 'Hillshade_9am', 'Soil_Type14', 'Soil_Type17', 'Soil_Type6', 'Soil_Type10', 'Soil_Type5', 'Soil_Type2', 'Soil_Type4', 'Soil_Type11', 'Vertical_Distance_To_Hydrology', 'Soil_Type16', 'Aspect', 'Soil_Type32', 'Soil_Type13']"
326,lr_shap_list_ir_4,lr_shap_list_ir_4_subset_42,orderSum,"['Wilderness_Area4', 'Wilderness_Area3', 'Hillshade_3pm', 'Hillshade_Noon', 'Horizontal_Distance_To_Roadways', 'Elevation', 'Horizontal_Distance_To_Hydrology', 'Slope', 'Horizontal_Distance_To_Fire_Points', 'Hillshade_9am', 'Soil_Type10', 'Soil_Type2', 'Soil_Type3', 'Soil_Type4', 'Soil_Type6', 'Soil_Type17', 'Soil_Type1', 'Vertical_Distance_To_Hydrology', 'Aspect', 'Soil_Type5', 'Soil_Type11', 'Soil_Type16', 'Soil_Type14', 'Soil_Type32', 'Soil_Type13']"
327,lr_shap_list_ir_3,lr_shap_list_ir_3_subset_101,orderMean,"['Wilderness_Area3', 'Wilderness_Area4', 'Hillshade_3pm', 'Hillshade_Noon', 'Horizontal_Distance_To_Roadways', 'Elevation', 'Horizontal_Distance_To_Hydrology', 'Horizontal_Distance_To_Fire_Points', 'Slope', 'Soil_Type10', 'Soil_Type2', 'Soil_Type4', 'Hillshade_9am', 'Soil_Type6', 'Aspect', 'Soil_Type1', 'Soil_Type3', 'Vertical_Distance_To_Hydrology', 'Soil_Type14', 'Soil_Type17', 'Soil_Type11', 'Soil_Type16', 'Soil_Type5', 'Soil_Type32', 'Soil_Type13']"
328,lr_shap_list_ir_3,lr_shap_list_ir_3_subset_101,orderStd,"['Hillshade_3pm', 'Hillshade_Noon', 'Horizontal_Distance_To_Roadways', 'Wilderness_Area3', 'Wilderness_Area4', 'Elevation', 'Horizontal_Distance_To_Fire_Points', 'Horizontal_Distance_To_Hydrology', 'Soil_Type1', 'Slope', 'Soil_Type2', 'Soil_Type17', 'Soil_Type14', 'Soil_Type6', 'Soil_Type10', 'Soil_Type5', 'Soil_Type4', 'Hillshade_9am', 'Soil_Type3', 'Soil_Type11', 'Soil_Type16', 'Aspect', 'Vertical_Distance_To_Hydrology', 'Soil_Type32', 'Soil_Type13']"
329,lr_shap_list_ir_3,lr_shap_list_ir_3_subset_101,orderSum,"['Wilderness_Area3', 'Wilderness_Area4', 'Hillshade_3pm', 'Hillshade_Noon', 'Horizontal_Distance_To_Roadways', 'Elevation', 'Horizontal_Distance_To_Hydrology', 'Horizontal_Distance_To_Fire_Points', 'Slope', 'Soil_Type10', 'Soil_Type2', 'Soil_Type4', 'Hillshade_9am', 'Soil_Type6', 'Aspect', 'Soil_Type1', 'Soil_Type3', 'Vertical_Distance_To_Hydrology', 'Soil_Type14', 'Soil_Type17', 'Soil_Type11', 'Soil_Type16', 'Soil_Type5', 'Soil_Type32', 'Soil_Type13']"
330,lr_shap_list_ir_5,lr_shap_list_ir_5_subset_94,orderMean,"['Wilderness_Area4', 'Wilderness_Area3', 'Hillshade_3pm', 'Hillshade_Noon', 'Horizontal_Distance_To_Roadways', 'Elevation', 'Horizontal_Distance_To_Hydrology', 'Horizontal_Distance_To_Fire_Points', 'Slope', 'Soil_Type10', 'Soil_Type3', 'Hillshade_9am', 'Soil_Type2', 'Vertical_Distance_To_Hydrology', 'Soil_Type1', 'Soil_Type4', 'Soil_Type6', 'Aspect', 'Soil_Type17', 'Soil_Type5', 'Soil_Type14', 'Soil_Type16', 'Soil_Type11', 'Soil_Type32', 'Soil_Type13']"
331,lr_shap_list_ir_5,lr_shap_list_ir_5_subset_94,orderStd,"['Hillshade_3pm', 'Hillshade_Noon', 'Horizontal_Distance_To_Roadways', 'Elevation', 'Wilderness_Area4', 'Wilderness_Area3', 'Horizontal_Distance_To_Hydrology', 'Horizontal_Distance_To_Fire_Points', 'Soil_Type1', 'Slope', 'Soil_Type17', 'Soil_Type2', 'Soil_Type6', 'Soil_Type14', 'Soil_Type3', 'Soil_Type10', 'Soil_Type5', 'Hillshade_9am', 'Vertical_Distance_To_Hydrology', 'Soil_Type16', 'Soil_Type4', 'Aspect', 'Soil_Type11', 'Soil_Type32', 'Soil_Type13']"
332,lr_shap_list_ir_5,lr_shap_list_ir_5_subset_94,orderSum,"['Wilderness_Area4', 'Wilderness_Area3', 'Hillshade_3pm', 'Hillshade_Noon', 'Horizontal_Distance_To_Roadways', 'Elevation', 'Horizontal_Distance_To_Hydrology', 'Horizontal_Distance_To_Fire_Points', 'Slope', 'Soil_Type10', 'Soil_Type3', 'Hillshade_9am', 'Soil_Type2', 'Vertical_Distance_To_Hydrology', 'Soil_Type1', 'Soil_Type4', 'Soil_Type6', 'Aspect', 'Soil_Type17', 'Soil_Type5', 'Soil_Type14', 'Soil_Type16', 'Soil_Type11', 'Soil_Type32', 'Soil_Type13']"
333,lr_shap_list_ir_4,lr_shap_list_ir_4_subset_35,orderMean,"['Wilderness_Area4', 'Hillshade_3pm', 'Wilderness_Area3', 'Hillshade_Noon', 'Hillshade_9am', 'Horizontal_Distance_To_Roadways', 'Elevation', 'Slope', 'Horizontal_Distance_To_Hydrology', 'Horizontal_Distance_To_Fire_Points', 'Soil_Type1', 'Soil_Type3', 'Soil_Type10', 'Soil_Type2', 'Soil_Type4', 'Soil_Type17', 'Vertical_Distance_To_Hydrology', 'Soil_Type6', 'Soil_Type14', 'Soil_Type5', 'Aspect', 'Soil_Type11', 'Soil_Type16', 'Soil_Type32', 'Soil_Type13']"
334,lr_shap_list_ir_4,lr_shap_list_ir_4_subset_35,orderStd,"['Hillshade_3pm', 'Hillshade_Noon', 'Horizontal_Distance_To_Roadways', 'Hillshade_9am', 'Elevation', 'Wilderness_Area4', 'Slope', 'Horizontal_Distance_To_Hydrology', 'Wilderness_Area3', 'Horizontal_Distance_To_Fire_Points', 'Soil_Type1', 'Soil_Type17', 'Soil_Type14', 'Soil_Type3', 'Soil_Type2', 'Soil_Type6', 'Soil_Type16', 'Soil_Type5', 'Soil_Type4', 'Soil_Type10', 'Vertical_Distance_To_Hydrology', 'Soil_Type11', 'Aspect', 'Soil_Type32', 'Soil_Type13']"
335,lr_shap_list_ir_4,lr_shap_list_ir_4_subset_35,orderSum,"['Wilderness_Area4', 'Hillshade_3pm', 'Wilderness_Area3', 'Hillshade_Noon', 'Hillshade_9am', 'Horizontal_Distance_To_Roadways', 'Elevation', 'Slope', 'Horizontal_Distance_To_Hydrology', 'Horizontal_Distance_To_Fire_Points', 'Soil_Type1', 'Soil_Type3', 'Soil_Type10', 'Soil_Type2', 'Soil_Type4', 'Soil_Type17', 'Vertical_Distance_To_Hydrology', 'Soil_Type6', 'Soil_Type14', 'Soil_Type5', 'Aspect', 'Soil_Type11', 'Soil_Type16', 'Soil_Type32', 'Soil_Type13']"
336,lr_shap_list_ir_2,lr_shap_list_ir_2_subset_14,orderMean,"['Wilderness_Area4', 'Wilderness_Area3', 'Hillshade_3pm', 'Hillshade_Noon', 'Hillshade_9am', 'Horizontal_Distance_To_Roadways', 'Elevation', 'Slope', 'Horizontal_Distance_To_Hydrology', 'Horizontal_Distance_To_Fire_Points', 'Soil_Type2', 'Soil_Type10', 'Soil_Type4', 'Soil_Type3', 'Aspect', 'Soil_Type1', 'Soil_Type6', 'Soil_Type17', 'Vertical_Distance_To_Hydrology', 'Soil_Type5', 'Soil_Type16', 'Soil_Type14', 'Soil_Type11', 'Soil_Type32', 'Soil_Type13']"
337,lr_shap_list_ir_2,lr_shap_list_ir_2_subset_14,orderStd,"['Hillshade_3pm', 'Hillshade_Noon', 'Hillshade_9am', 'Wilderness_Area4', 'Horizontal_Distance_To_Roadways', 'Wilderness_Area3', 'Elevation', 'Slope', 'Horizontal_Distance_To_Fire_Points', 'Horizontal_Distance_To_Hydrology', 'Soil_Type2', 'Soil_Type1', 'Soil_Type3', 'Soil_Type14', 'Soil_Type17', 'Soil_Type6', 'Soil_Type4', 'Soil_Type10', 'Soil_Type16', 'Soil_Type5', 'Aspect', 'Vertical_Distance_To_Hydrology', 'Soil_Type11', 'Soil_Type32', 'Soil_Type13']"
338,lr_shap_list_ir_2,lr_shap_list_ir_2_subset_14,orderSum,"['Wilderness_Area4', 'Wilderness_Area3', 'Hillshade_3pm', 'Hillshade_Noon', 'Hillshade_9am', 'Horizontal_Distance_To_Roadways', 'Elevation', 'Slope', 'Horizontal_Distance_To_Hydrology', 'Horizontal_Distance_To_Fire_Points', 'Soil_Type2', 'Soil_Type10', 'Soil_Type4', 'Soil_Type3', 'Aspect', 'Soil_Type1', 'Soil_Type6', 'Soil_Type17', 'Vertical_Distance_To_Hydrology', 'Soil_Type5', 'Soil_Type16', 'Soil_Type14', 'Soil_Type11', 'Soil_Type32', 'Soil_Type13']"
339,lr_shap_list_ir_3,lr_shap_list_ir_3_subset_20,orderMean,"['Wilderness_Area3', 'Wilderness_Area4', 'Hillshade_Noon', 'Horizontal_Distance_To_Roadways', 'Hillshade_3pm', 'Elevation', 'Horizontal_Distance_To_Hydrology', 'Soil_Type10', 'Horizontal_Distance_To_Fire_Points', 'Hillshade_9am', 'Soil_Type2', 'Soil_Type4', 'Soil_Type1', 'Slope', 'Aspect', 'Soil_Type6', 'Vertical_Distance_To_Hydrology', 'Soil_Type5', 'Soil_Type17', 'Soil_Type3', 'Soil_Type11', 'Soil_Type16', 'Soil_Type14', 'Soil_Type32', 'Soil_Type13']"
340,lr_shap_list_ir_3,lr_shap_list_ir_3_subset_20,orderStd,"['Wilderness_Area3', 'Hillshade_Noon', 'Horizontal_Distance_To_Roadways', 'Hillshade_3pm', 'Elevation', 'Wilderness_Area4', 'Horizontal_Distance_To_Hydrology', 'Soil_Type2', 'Horizontal_Distance_To_Fire_Points', 'Soil_Type1', 'Soil_Type5', 'Soil_Type6', 'Soil_Type17', 'Hillshade_9am', 'Soil_Type10', 'Soil_Type4', 'Soil_Type14', 'Slope', 'Soil_Type3', 'Aspect', 'Vertical_Distance_To_Hydrology', 'Soil_Type16', 'Soil_Type11', 'Soil_Type32', 'Soil_Type13']"
341,lr_shap_list_ir_3,lr_shap_list_ir_3_subset_20,orderSum,"['Wilderness_Area3', 'Wilderness_Area4', 'Hillshade_Noon', 'Horizontal_Distance_To_Roadways', 'Hillshade_3pm', 'Elevation', 'Horizontal_Distance_To_Hydrology', 'Soil_Type10', 'Horizontal_Distance_To_Fire_Points', 'Hillshade_9am', 'Soil_Type2', 'Soil_Type4', 'Soil_Type1', 'Slope', 'Aspect', 'Soil_Type6', 'Vertical_Distance_To_Hydrology', 'Soil_Type5', 'Soil_Type17', 'Soil_Type3', 'Soil_Type11', 'Soil_Type16', 'Soil_Type14', 'Soil_Type32', 'Soil_Type13']"
342,lr_shap_list_ir_2,lr_shap_list_ir_2_subset_67,orderMean,"['Wilderness_Area4', 'Wilderness_Area3', 'Hillshade_3pm', 'Hillshade_Noon', 'Elevation', 'Horizontal_Distance_To_Roadways', 'Hillshade_9am', 'Horizontal_Distance_To_Hydrology', 'Horizontal_Distance_To_Fire_Points', 'Slope', 'Soil_Type4', 'Vertical_Distance_To_Hydrology', 'Soil_Type2', 'Aspect', 'Soil_Type10', 'Soil_Type1', 'Soil_Type6', 'Soil_Type5', 'Soil_Type3', 'Soil_Type14', 'Soil_Type17', 'Soil_Type11', 'Soil_Type16', 'Soil_Type32', 'Soil_Type13']"
343,lr_shap_list_ir_2,lr_shap_list_ir_2_subset_67,orderStd,"['Hillshade_3pm', 'Hillshade_Noon', 'Horizontal_Distance_To_Roadways', 'Elevation', 'Hillshade_9am', 'Horizontal_Distance_To_Hydrology', 'Horizontal_Distance_To_Fire_Points', 'Soil_Type1', 'Slope', 'Wilderness_Area4', 'Wilderness_Area3', 'Soil_Type4', 'Vertical_Distance_To_Hydrology', 'Soil_Type2', 'Soil_Type14', 'Soil_Type17', 'Soil_Type6', 'Aspect', 'Soil_Type5', 'Soil_Type11', 'Soil_Type3', 'Soil_Type10', 'Soil_Type16', 'Soil_Type32', 'Soil_Type13']"
344,lr_shap_list_ir_2,lr_shap_list_ir_2_subset_67,orderSum,"['Wilderness_Area4', 'Wilderness_Area3', 'Hillshade_3pm', 'Hillshade_Noon', 'Elevation', 'Horizontal_Distance_To_Roadways', 'Hillshade_9am', 'Horizontal_Distance_To_Hydrology', 'Horizontal_Distance_To_Fire_Points', 'Slope', 'Soil_Type4', 'Vertical_Distance_To_Hydrology', 'Soil_Type2', 'Aspect', 'Soil_Type10', 'Soil_Type1', 'Soil_Type6', 'Soil_Type5', 'Soil_Type3', 'Soil_Type14', 'Soil_Type17', 'Soil_Type11', 'Soil_Type16', 'Soil_Type32', 'Soil_Type13']"
345,lr_shap_list_ir_1,lr_shap_list_ir_1_subset_4,orderMean,"['Wilderness_Area4', 'Hillshade_3pm', 'Hillshade_Noon', 'Wilderness_Area3', 'Elevation', 'Hillshade_9am', 'Horizontal_Distance_To_Roadways', 'Horizontal_Distance_To_Fire_Points', 'Slope', 'Horizontal_Distance_To_Hydrology', 'Soil_Type1', 'Vertical_Distance_To_Hydrology', 'Soil_Type2', 'Soil_Type3', 'Soil_Type11', 'Soil_Type6', 'Soil_Type17', 'Soil_Type14', 'Aspect', 'Soil_Type10', 'Soil_Type5', 'Soil_Type4', 'Soil_Type16', 'Soil_Type32', 'Soil_Type13']"
346,lr_shap_list_ir_1,lr_shap_list_ir_1_subset_4,orderStd,"['Hillshade_3pm', 'Wilderness_Area4', 'Hillshade_Noon', 'Elevation', 'Horizontal_Distance_To_Roadways', 'Hillshade_9am', 'Wilderness_Area3', 'Horizontal_Distance_To_Fire_Points', 'Slope', 'Soil_Type11', 'Horizontal_Distance_To_Hydrology', 'Soil_Type1', 'Soil_Type17', 'Soil_Type3', 'Soil_Type14', 'Soil_Type2', 'Soil_Type5', 'Soil_Type16', 'Vertical_Distance_To_Hydrology', 'Soil_Type6', 'Aspect', 'Soil_Type4', 'Soil_Type10', 'Soil_Type32', 'Soil_Type13']"
347,lr_shap_list_ir_1,lr_shap_list_ir_1_subset_4,orderSum,"['Wilderness_Area4', 'Hillshade_3pm', 'Hillshade_Noon', 'Wilderness_Area3', 'Elevation', 'Hillshade_9am', 'Horizontal_Distance_To_Roadways', 'Horizontal_Distance_To_Fire_Points', 'Slope', 'Horizontal_Distance_To_Hydrology', 'Soil_Type1', 'Vertical_Distance_To_Hydrology', 'Soil_Type2', 'Soil_Type3', 'Soil_Type11', 'Soil_Type6', 'Soil_Type17', 'Soil_Type14', 'Aspect', 'Soil_Type10', 'Soil_Type5', 'Soil_Type4', 'Soil_Type16', 'Soil_Type32', 'Soil_Type13']"
348,lr_shap_list_ir_4,lr_shap_list_ir_4_subset_60,orderMean,"['Wilderness_Area4', 'Wilderness_Area3', 'Hillshade_3pm', 'Hillshade_Noon', 'Horizontal_Distance_To_Roadways', 'Elevation', 'Horizontal_Distance_To_Hydrology', 'Hillshade_9am', 'Slope', 'Horizontal_Distance_To_Fire_Points', 'Soil_Type10', 'Soil_Type2', 'Soil_Type3', 'Soil_Type4', 'Soil_Type1', 'Soil_Type6', 'Vertical_Distance_To_Hydrology', 'Soil_Type17', 'Aspect', 'Soil_Type5', 'Soil_Type14', 'Soil_Type11', 'Soil_Type16', 'Soil_Type32', 'Soil_Type13']"
349,lr_shap_list_ir_4,lr_shap_list_ir_4_subset_60,orderStd,"['Hillshade_3pm', 'Hillshade_Noon', 'Horizontal_Distance_To_Roadways', 'Wilderness_Area4', 'Wilderness_Area3', 'Elevation', 'Horizontal_Distance_To_Fire_Points', 'Horizontal_Distance_To_Hydrology', 'Slope', 'Hillshade_9am', 'Soil_Type1', 'Soil_Type17', 'Soil_Type2', 'Soil_Type3', 'Soil_Type14', 'Soil_Type6', 'Soil_Type5', 'Soil_Type10', 'Soil_Type4', 'Vertical_Distance_To_Hydrology', 'Soil_Type16', 'Soil_Type11', 'Aspect', 'Soil_Type32', 'Soil_Type13']"
350,lr_shap_list_ir_4,lr_shap_list_ir_4_subset_60,orderSum,"['Wilderness_Area4', 'Wilderness_Area3', 'Hillshade_3pm', 'Hillshade_Noon', 'Horizontal_Distance_To_Roadways', 'Elevation', 'Horizontal_Distance_To_Hydrology', 'Hillshade_9am', 'Slope', 'Horizontal_Distance_To_Fire_Points', 'Soil_Type10', 'Soil_Type2', 'Soil_Type3', 'Soil_Type4', 'Soil_Type1', 'Soil_Type6', 'Vertical_Distance_To_Hydrology', 'Soil_Type17', 'Aspect', 'Soil_Type5', 'Soil_Type14', 'Soil_Type11', 'Soil_Type16', 'Soil_Type32', 'Soil_Type13']"
351,lr_shap_list_ir_2,lr_shap_list_ir_2_subset_81,orderMean,"['Wilderness_Area4', 'Wilderness_Area3', 'Hillshade_3pm', 'Hillshade_Noon', 'Horizontal_Distance_To_Roadways', 'Elevation', 'Hillshade_9am', 'Horizontal_Distance_To_Hydrology', 'Slope', 'Horizontal_Distance_To_Fire_Points', 'Soil_Type10', 'Soil_Type4', 'Soil_Type1', 'Soil_Type3', 'Soil_Type2', 'Vertical_Distance_To_Hydrology', 'Soil_Type6', 'Soil_Type17', 'Soil_Type5', 'Soil_Type11', 'Aspect', 'Soil_Type14', 'Soil_Type16', 'Soil_Type32', 'Soil_Type13']"
352,lr_shap_list_ir_2,lr_shap_list_ir_2_subset_81,orderStd,"['Hillshade_3pm', 'Hillshade_Noon', 'Horizontal_Distance_To_Roadways', 'Wilderness_Area4', 'Elevation', 'Wilderness_Area3', 'Hillshade_9am', 'Horizontal_Distance_To_Hydrology', 'Slope', 'Horizontal_Distance_To_Fire_Points', 'Soil_Type1', 'Soil_Type2', 'Soil_Type17', 'Soil_Type3', 'Soil_Type6', 'Soil_Type14', 'Soil_Type5', 'Soil_Type4', 'Soil_Type10', 'Soil_Type11', 'Vertical_Distance_To_Hydrology', 'Soil_Type16', 'Aspect', 'Soil_Type32', 'Soil_Type13']"
353,lr_shap_list_ir_2,lr_shap_list_ir_2_subset_81,orderSum,"['Wilderness_Area4', 'Wilderness_Area3', 'Hillshade_3pm', 'Hillshade_Noon', 'Horizontal_Distance_To_Roadways', 'Elevation', 'Hillshade_9am', 'Horizontal_Distance_To_Hydrology', 'Slope', 'Horizontal_Distance_To_Fire_Points', 'Soil_Type10', 'Soil_Type4', 'Soil_Type1', 'Soil_Type3', 'Soil_Type2', 'Vertical_Distance_To_Hydrology', 'Soil_Type6', 'Soil_Type17', 'Soil_Type5', 'Soil_Type11', 'Aspect', 'Soil_Type14', 'Soil_Type16', 'Soil_Type32', 'Soil_Type13']"
354,lr_shap_list_ir_1,lr_shap_list_ir_1_subset_9,orderMean,"['Wilderness_Area3', 'Wilderness_Area4', 'Hillshade_9am', 'Horizontal_Distance_To_Roadways', 'Horizontal_Distance_To_Hydrology', 'Elevation', 'Soil_Type10', 'Hillshade_Noon', 'Soil_Type2', 'Soil_Type4', 'Horizontal_Distance_To_Fire_Points', 'Soil_Type6', 'Soil_Type1', 'Soil_Type5', 'Vertical_Distance_To_Hydrology', 'Aspect', 'Slope', 'Soil_Type17', 'Hillshade_3pm', 'Soil_Type3', 'Soil_Type16', 'Soil_Type11', 'Soil_Type14', 'Soil_Type32', 'Soil_Type13']"
355,lr_shap_list_ir_1,lr_shap_list_ir_1_subset_9,orderStd,"['Wilderness_Area3', 'Hillshade_9am', 'Horizontal_Distance_To_Roadways', 'Horizontal_Distance_To_Hydrology', 'Elevation', 'Soil_Type2', 'Soil_Type1', 'Soil_Type6', 'Wilderness_Area4', 'Hillshade_Noon', 'Soil_Type5', 'Soil_Type10', 'Horizontal_Distance_To_Fire_Points', 'Soil_Type4', 'Soil_Type17', 'Vertical_Distance_To_Hydrology', 'Aspect', 'Slope', 'Soil_Type3', 'Soil_Type16', 'Soil_Type14', 'Hillshade_3pm', 'Soil_Type32', 'Soil_Type11', 'Soil_Type13']"
356,lr_shap_list_ir_1,lr_shap_list_ir_1_subset_9,orderSum,"['Wilderness_Area3', 'Wilderness_Area4', 'Hillshade_9am', 'Horizontal_Distance_To_Roadways', 'Horizontal_Distance_To_Hydrology', 'Elevation', 'Soil_Type10', 'Hillshade_Noon', 'Soil_Type2', 'Soil_Type4', 'Horizontal_Distance_To_Fire_Points', 'Soil_Type6', 'Soil_Type1', 'Soil_Type5', 'Vertical_Distance_To_Hydrology', 'Aspect', 'Slope', 'Soil_Type17', 'Hillshade_3pm', 'Soil_Type3', 'Soil_Type16', 'Soil_Type11', 'Soil_Type14', 'Soil_Type32', 'Soil_Type13']"
357,lr_shap_list_ir_5,lr_shap_list_ir_5_subset_52,orderMean,"['Wilderness_Area4', 'Wilderness_Area3', 'Hillshade_3pm', 'Hillshade_Noon', 'Elevation', 'Horizontal_Distance_To_Roadways', 'Horizontal_Distance_To_Hydrology', 'Horizontal_Distance_To_Fire_Points', 'Soil_Type10', 'Slope', 'Soil_Type4', 'Soil_Type1', 'Soil_Type2', 'Hillshade_9am', 'Soil_Type3', 'Vertical_Distance_To_Hydrology', 'Soil_Type6', 'Aspect', 'Soil_Type17', 'Soil_Type5', 'Soil_Type14', 'Soil_Type11', 'Soil_Type16', 'Soil_Type32', 'Soil_Type13']"
358,lr_shap_list_ir_5,lr_shap_list_ir_5_subset_52,orderStd,"['Hillshade_3pm', 'Hillshade_Noon', 'Wilderness_Area4', 'Wilderness_Area3', 'Horizontal_Distance_To_Roadways', 'Elevation', 'Horizontal_Distance_To_Hydrology', 'Horizontal_Distance_To_Fire_Points', 'Soil_Type1', 'Soil_Type17', 'Soil_Type2', 'Slope', 'Soil_Type14', 'Soil_Type3', 'Soil_Type6', 'Soil_Type4', 'Soil_Type5', 'Soil_Type10', 'Hillshade_9am', 'Soil_Type16', 'Vertical_Distance_To_Hydrology', 'Soil_Type11', 'Aspect', 'Soil_Type32', 'Soil_Type13']"
359,lr_shap_list_ir_5,lr_shap_list_ir_5_subset_52,orderSum,"['Wilderness_Area4', 'Wilderness_Area3', 'Hillshade_3pm', 'Hillshade_Noon', 'Elevation', 'Horizontal_Distance_To_Roadways', 'Horizontal_Distance_To_Hydrology', 'Horizontal_Distance_To_Fire_Points', 'Soil_Type10', 'Slope', 'Soil_Type4', 'Soil_Type1', 'Soil_Type2', 'Hillshade_9am', 'Soil_Type3', 'Vertical_Distance_To_Hydrology', 'Soil_Type6', 'Aspect', 'Soil_Type17', 'Soil_Type5', 'Soil_Type14', 'Soil_Type11', 'Soil_Type16', 'Soil_Type32', 'Soil_Type13']"
360,lr_shap_list_ir_2,lr_shap_list_ir_2_subset_23,orderMean,"['Wilderness_Area4', 'Wilderness_Area3', 'Hillshade_3pm', 'Hillshade_Noon', 'Elevation', 'Horizontal_Distance_To_Roadways', 'Horizontal_Distance_To_Hydrology', 'Horizontal_Distance_To_Fire_Points', 'Slope', 'Vertical_Distance_To_Hydrology', 'Soil_Type10', 'Soil_Type2', 'Soil_Type4', 'Soil_Type1', 'Soil_Type6', 'Aspect', 'Soil_Type17', 'Soil_Type3', 'Soil_Type11', 'Soil_Type5', 'Soil_Type16', 'Soil_Type14', 'Hillshade_9am', 'Soil_Type32', 'Soil_Type13']"
361,lr_shap_list_ir_2,lr_shap_list_ir_2_subset_23,orderStd,"['Hillshade_3pm', 'Hillshade_Noon', 'Horizontal_Distance_To_Roadways', 'Wilderness_Area4', 'Elevation', 'Wilderness_Area3', 'Horizontal_Distance_To_Fire_Points', 'Horizontal_Distance_To_Hydrology', 'Slope', 'Soil_Type1', 'Vertical_Distance_To_Hydrology', 'Soil_Type2', 'Soil_Type6', 'Soil_Type17', 'Soil_Type5', 'Soil_Type14', 'Soil_Type3', 'Soil_Type11', 'Soil_Type4', 'Soil_Type10', 'Soil_Type16', 'Aspect', 'Soil_Type32', 'Hillshade_9am', 'Soil_Type13']"
362,lr_shap_list_ir_2,lr_shap_list_ir_2_subset_23,orderSum,"['Wilderness_Area4', 'Wilderness_Area3', 'Hillshade_3pm', 'Hillshade_Noon', 'Elevation', 'Horizontal_Distance_To_Roadways', 'Horizontal_Distance_To_Hydrology', 'Horizontal_Distance_To_Fire_Points', 'Slope', 'Vertical_Distance_To_Hydrology', 'Soil_Type10', 'Soil_Type2', 'Soil_Type4', 'Soil_Type1', 'Soil_Type6', 'Aspect', 'Soil_Type17', 'Soil_Type3', 'Soil_Type11', 'Soil_Type5', 'Soil_Type16', 'Soil_Type14', 'Hillshade_9am', 'Soil_Type32', 'Soil_Type13']"
363,lr_shap_list_ir_4,lr_shap_list_ir_4_subset_68,orderMean,"['Wilderness_Area4', 'Wilderness_Area3', 'Hillshade_3pm', 'Hillshade_Noon', 'Horizontal_Distance_To_Roadways', 'Elevation', 'Hillshade_9am', 'Horizontal_Distance_To_Hydrology', 'Slope', 'Horizontal_Distance_To_Fire_Points', 'Soil_Type10', 'Soil_Type4', 'Soil_Type2', 'Soil_Type6', 'Soil_Type1', 'Vertical_Distance_To_Hydrology', 'Soil_Type17', 'Soil_Type3', 'Aspect', 'Soil_Type11', 'Soil_Type5', 'Soil_Type16', 'Soil_Type14', 'Soil_Type32', 'Soil_Type13']"
364,lr_shap_list_ir_4,lr_shap_list_ir_4_subset_68,orderStd,"['Hillshade_3pm', 'Hillshade_Noon', 'Wilderness_Area4', 'Horizontal_Distance_To_Roadways', 'Wilderness_Area3', 'Elevation', 'Horizontal_Distance_To_Hydrology', 'Hillshade_9am', 'Horizontal_Distance_To_Fire_Points', 'Slope', 'Soil_Type1', 'Soil_Type17', 'Soil_Type2', 'Soil_Type14', 'Soil_Type3', 'Soil_Type5', 'Soil_Type6', 'Soil_Type4', 'Soil_Type11', 'Soil_Type10', 'Vertical_Distance_To_Hydrology', 'Soil_Type16', 'Aspect', 'Soil_Type32', 'Soil_Type13']"
365,lr_shap_list_ir_4,lr_shap_list_ir_4_subset_68,orderSum,"['Wilderness_Area4', 'Wilderness_Area3', 'Hillshade_3pm', 'Hillshade_Noon', 'Horizontal_Distance_To_Roadways', 'Elevation', 'Hillshade_9am', 'Horizontal_Distance_To_Hydrology', 'Slope', 'Horizontal_Distance_To_Fire_Points', 'Soil_Type10', 'Soil_Type4', 'Soil_Type2', 'Soil_Type6', 'Soil_Type1', 'Vertical_Distance_To_Hydrology', 'Soil_Type17', 'Soil_Type3', 'Aspect', 'Soil_Type11', 'Soil_Type5', 'Soil_Type16', 'Soil_Type14', 'Soil_Type32', 'Soil_Type13']"
366,lr_shap_list_ir_1,lr_shap_list_ir_1_subset_20,orderMean,"['Wilderness_Area4', 'Hillshade_3pm', 'Wilderness_Area3', 'Hillshade_Noon', 'Hillshade_9am', 'Horizontal_Distance_To_Roadways', 'Elevation', 'Horizontal_Distance_To_Fire_Points', 'Slope', 'Soil_Type10', 'Horizontal_Distance_To_Hydrology', 'Soil_Type2', 'Soil_Type11', 'Vertical_Distance_To_Hydrology', 'Soil_Type6', 'Aspect', 'Soil_Type3', 'Soil_Type4', 'Soil_Type1', 'Soil_Type17', 'Soil_Type5', 'Soil_Type14', 'Soil_Type32', 'Soil_Type16', 'Soil_Type13']"
367,lr_shap_list_ir_1,lr_shap_list_ir_1_subset_20,orderStd,"['Hillshade_3pm', 'Hillshade_Noon', 'Wilderness_Area4', 'Horizontal_Distance_To_Roadways', 'Hillshade_9am', 'Elevation', 'Wilderness_Area3', 'Horizontal_Distance_To_Fire_Points', 'Slope', 'Soil_Type2', 'Horizontal_Distance_To_Hydrology', 'Soil_Type11', 'Soil_Type3', 'Soil_Type17', 'Soil_Type14', 'Soil_Type6', 'Soil_Type1', 'Soil_Type10', 'Vertical_Distance_To_Hydrology', 'Soil_Type5', 'Aspect', 'Soil_Type4', 'Soil_Type32', 'Soil_Type16', 'Soil_Type13']"
368,lr_shap_list_ir_1,lr_shap_list_ir_1_subset_20,orderSum,"['Wilderness_Area4', 'Hillshade_3pm', 'Wilderness_Area3', 'Hillshade_Noon', 'Hillshade_9am', 'Horizontal_Distance_To_Roadways', 'Elevation', 'Horizontal_Distance_To_Fire_Points', 'Slope', 'Soil_Type10', 'Horizontal_Distance_To_Hydrology', 'Soil_Type2', 'Soil_Type11', 'Vertical_Distance_To_Hydrology', 'Soil_Type6', 'Aspect', 'Soil_Type3', 'Soil_Type4', 'Soil_Type1', 'Soil_Type17', 'Soil_Type5', 'Soil_Type14', 'Soil_Type32', 'Soil_Type16', 'Soil_Type13']"
369,lr_shap_list_ir_3,lr_shap_list_ir_3_subset_70,orderMean,"['Wilderness_Area4', 'Wilderness_Area3', 'Hillshade_3pm', 'Hillshade_Noon', 'Horizontal_Distance_To_Roadways', 'Elevation', 'Horizontal_Distance_To_Hydrology', 'Horizontal_Distance_To_Fire_Points', 'Soil_Type10', 'Slope', 'Soil_Type2', 'Soil_Type4', 'Vertical_Distance_To_Hydrology', 'Soil_Type6', 'Soil_Type1', 'Soil_Type3', 'Soil_Type14', 'Soil_Type11', 'Aspect', 'Soil_Type17', 'Soil_Type5', 'Hillshade_9am', 'Soil_Type16', 'Soil_Type32', 'Soil_Type13']"
370,lr_shap_list_ir_3,lr_shap_list_ir_3_subset_70,orderStd,"['Hillshade_Noon', 'Hillshade_3pm', 'Horizontal_Distance_To_Roadways', 'Elevation', 'Horizontal_Distance_To_Hydrology', 'Wilderness_Area4', 'Wilderness_Area3', 'Horizontal_Distance_To_Fire_Points', 'Soil_Type1', 'Soil_Type2', 'Slope', 'Soil_Type10', 'Soil_Type17', 'Soil_Type3', 'Soil_Type6', 'Soil_Type5', 'Soil_Type14', 'Vertical_Distance_To_Hydrology', 'Soil_Type4', 'Soil_Type11', 'Soil_Type16', 'Aspect', 'Hillshade_9am', 'Soil_Type32', 'Soil_Type13']"
371,lr_shap_list_ir_3,lr_shap_list_ir_3_subset_70,orderSum,"['Wilderness_Area4', 'Wilderness_Area3', 'Hillshade_3pm', 'Hillshade_Noon', 'Horizontal_Distance_To_Roadways', 'Elevation', 'Horizontal_Distance_To_Hydrology', 'Horizontal_Distance_To_Fire_Points', 'Soil_Type10', 'Slope', 'Soil_Type2', 'Soil_Type4', 'Vertical_Distance_To_Hydrology', 'Soil_Type6', 'Soil_Type1', 'Soil_Type3', 'Soil_Type14', 'Soil_Type11', 'Aspect', 'Soil_Type17', 'Soil_Type5', 'Hillshade_9am', 'Soil_Type16', 'Soil_Type32', 'Soil_Type13']"
372,lr_shap_list_ir_5,lr_shap_list_ir_5_subset_105,orderMean,"['Wilderness_Area4', 'Wilderness_Area3', 'Hillshade_3pm', 'Hillshade_Noon', 'Horizontal_Distance_To_Roadways', 'Elevation', 'Horizontal_Distance_To_Hydrology', 'Horizontal_Distance_To_Fire_Points', 'Slope', 'Soil_Type10', 'Soil_Type3', 'Soil_Type2', 'Soil_Type1', 'Soil_Type4', 'Soil_Type6', 'Hillshade_9am', 'Soil_Type14', 'Aspect', 'Vertical_Distance_To_Hydrology', 'Soil_Type17', 'Soil_Type5', 'Soil_Type11', 'Soil_Type16', 'Soil_Type32', 'Soil_Type13']"
373,lr_shap_list_ir_5,lr_shap_list_ir_5_subset_105,orderStd,"['Wilderness_Area4', 'Hillshade_3pm', 'Hillshade_Noon', 'Wilderness_Area3', 'Horizontal_Distance_To_Roadways', 'Elevation', 'Horizontal_Distance_To_Hydrology', 'Horizontal_Distance_To_Fire_Points', 'Slope', 'Soil_Type2', 'Soil_Type1', 'Soil_Type6', 'Soil_Type14', 'Soil_Type17', 'Soil_Type3', 'Soil_Type5', 'Soil_Type10', 'Soil_Type4', 'Soil_Type16', 'Soil_Type11', 'Hillshade_9am', 'Vertical_Distance_To_Hydrology', 'Aspect', 'Soil_Type32', 'Soil_Type13']"
374,lr_shap_list_ir_5,lr_shap_list_ir_5_subset_105,orderSum,"['Wilderness_Area4', 'Wilderness_Area3', 'Hillshade_3pm', 'Hillshade_Noon', 'Horizontal_Distance_To_Roadways', 'Elevation', 'Horizontal_Distance_To_Hydrology', 'Horizontal_Distance_To_Fire_Points', 'Slope', 'Soil_Type10', 'Soil_Type3', 'Soil_Type2', 'Soil_Type1', 'Soil_Type4', 'Soil_Type6', 'Hillshade_9am', 'Soil_Type14', 'Aspect', 'Vertical_Distance_To_Hydrology', 'Soil_Type17', 'Soil_Type5', 'Soil_Type11', 'Soil_Type16', 'Soil_Type32', 'Soil_Type13']"
375,lr_shap_list_ir_2,lr_shap_list_ir_2_subset_65,orderMean,"['Wilderness_Area3', 'Wilderness_Area4', 'Hillshade_Noon', 'Hillshade_3pm', 'Horizontal_Distance_To_Roadways', 'Elevation', 'Horizontal_Distance_To_Hydrology', 'Horizontal_Distance_To_Fire_Points', 'Soil_Type10', 'Vertical_Distance_To_Hydrology', 'Soil_Type4', 'Slope', 'Soil_Type2', 'Hillshade_9am', 'Aspect', 'Soil_Type1', 'Soil_Type6', 'Soil_Type3', 'Soil_Type5', 'Soil_Type17', 'Soil_Type11', 'Soil_Type14', 'Soil_Type16', 'Soil_Type32', 'Soil_Type13']"
376,lr_shap_list_ir_2,lr_shap_list_ir_2_subset_65,orderStd,"['Hillshade_Noon', 'Horizontal_Distance_To_Roadways', 'Wilderness_Area3', 'Hillshade_3pm', 'Elevation', 'Horizontal_Distance_To_Hydrology', 'Wilderness_Area4', 'Horizontal_Distance_To_Fire_Points', 'Soil_Type2', 'Soil_Type1', 'Vertical_Distance_To_Hydrology', 'Soil_Type10', 'Slope', 'Soil_Type6', 'Soil_Type4', 'Soil_Type5', 'Soil_Type17', 'Hillshade_9am', 'Soil_Type3', 'Soil_Type14', 'Aspect', 'Soil_Type11', 'Soil_Type16', 'Soil_Type32', 'Soil_Type13']"
377,lr_shap_list_ir_2,lr_shap_list_ir_2_subset_65,orderSum,"['Wilderness_Area3', 'Wilderness_Area4', 'Hillshade_Noon', 'Hillshade_3pm', 'Horizontal_Distance_To_Roadways', 'Elevation', 'Horizontal_Distance_To_Hydrology', 'Horizontal_Distance_To_Fire_Points', 'Soil_Type10', 'Vertical_Distance_To_Hydrology', 'Soil_Type4', 'Slope', 'Soil_Type2', 'Hillshade_9am', 'Aspect', 'Soil_Type1', 'Soil_Type6', 'Soil_Type3', 'Soil_Type5', 'Soil_Type17', 'Soil_Type11', 'Soil_Type14', 'Soil_Type16', 'Soil_Type32', 'Soil_Type13']"
378,lr_shap_list_ir_3,lr_shap_list_ir_3_subset_104,orderMean,"['Wilderness_Area4', 'Wilderness_Area3', 'Hillshade_3pm', 'Hillshade_Noon', 'Horizontal_Distance_To_Roadways', 'Elevation', 'Horizontal_Distance_To_Hydrology', 'Horizontal_Distance_To_Fire_Points', 'Slope', 'Soil_Type10', 'Hillshade_9am', 'Soil_Type2', 'Soil_Type1', 'Soil_Type4', 'Vertical_Distance_To_Hydrology', 'Soil_Type3', 'Soil_Type6', 'Soil_Type17', 'Soil_Type5', 'Soil_Type11', 'Soil_Type14', 'Aspect', 'Soil_Type16', 'Soil_Type32', 'Soil_Type13']"
379,lr_shap_list_ir_3,lr_shap_list_ir_3_subset_104,orderStd,"['Hillshade_3pm', 'Hillshade_Noon', 'Wilderness_Area4', 'Wilderness_Area3', 'Horizontal_Distance_To_Roadways', 'Elevation', 'Horizontal_Distance_To_Hydrology', 'Horizontal_Distance_To_Fire_Points', 'Soil_Type2', 'Soil_Type1', 'Slope', 'Hillshade_9am', 'Soil_Type6', 'Soil_Type14', 'Soil_Type5', 'Soil_Type17', 'Soil_Type3', 'Soil_Type4', 'Soil_Type10', 'Soil_Type11', 'Vertical_Distance_To_Hydrology', 'Soil_Type16', 'Aspect', 'Soil_Type32', 'Soil_Type13']"
380,lr_shap_list_ir_3,lr_shap_list_ir_3_subset_104,orderSum,"['Wilderness_Area4', 'Wilderness_Area3', 'Hillshade_3pm', 'Hillshade_Noon', 'Horizontal_Distance_To_Roadways', 'Elevation', 'Horizontal_Distance_To_Hydrology', 'Horizontal_Distance_To_Fire_Points', 'Slope', 'Soil_Type10', 'Hillshade_9am', 'Soil_Type2', 'Soil_Type1', 'Soil_Type4', 'Vertical_Distance_To_Hydrology', 'Soil_Type3', 'Soil_Type6', 'Soil_Type17', 'Soil_Type5', 'Soil_Type11', 'Soil_Type14', 'Aspect', 'Soil_Type16', 'Soil_Type32', 'Soil_Type13']"
381,lr_shap_list_ir_4,lr_shap_list_ir_4_subset_80,orderMean,"['Wilderness_Area4', 'Wilderness_Area3', 'Hillshade_3pm', 'Hillshade_Noon', 'Horizontal_Distance_To_Roadways', 'Elevation', 'Horizontal_Distance_To_Hydrology', 'Slope', 'Horizontal_Distance_To_Fire_Points', 'Hillshade_9am', 'Soil_Type10', 'Soil_Type2', 'Soil_Type3', 'Soil_Type1', 'Soil_Type6', 'Soil_Type4', 'Soil_Type5', 'Soil_Type14', 'Soil_Type17', 'Vertical_Distance_To_Hydrology', 'Aspect', 'Soil_Type11', 'Soil_Type16', 'Soil_Type32', 'Soil_Type13']"
382,lr_shap_list_ir_4,lr_shap_list_ir_4_subset_80,orderStd,"['Hillshade_3pm', 'Hillshade_Noon', 'Wilderness_Area4', 'Wilderness_Area3', 'Horizontal_Distance_To_Roadways', 'Elevation', 'Horizontal_Distance_To_Fire_Points', 'Horizontal_Distance_To_Hydrology', 'Slope', 'Soil_Type17', 'Soil_Type1', 'Hillshade_9am', 'Soil_Type2', 'Soil_Type14', 'Soil_Type3', 'Soil_Type5', 'Soil_Type6', 'Soil_Type10', 'Soil_Type4', 'Soil_Type11', 'Soil_Type16', 'Vertical_Distance_To_Hydrology', 'Aspect', 'Soil_Type32', 'Soil_Type13']"
383,lr_shap_list_ir_4,lr_shap_list_ir_4_subset_80,orderSum,"['Wilderness_Area4', 'Wilderness_Area3', 'Hillshade_3pm', 'Hillshade_Noon', 'Horizontal_Distance_To_Roadways', 'Elevation', 'Horizontal_Distance_To_Hydrology', 'Slope', 'Horizontal_Distance_To_Fire_Points', 'Hillshade_9am', 'Soil_Type10', 'Soil_Type2', 'Soil_Type3', 'Soil_Type1', 'Soil_Type6', 'Soil_Type4', 'Soil_Type5', 'Soil_Type14', 'Soil_Type17', 'Vertical_Distance_To_Hydrology', 'Aspect', 'Soil_Type11', 'Soil_Type16', 'Soil_Type32', 'Soil_Type13']"
384,lr_shap_list_ir_4,lr_shap_list_ir_4_subset_45,orderMean,"['Wilderness_Area4', 'Wilderness_Area3', 'Hillshade_3pm', 'Hillshade_Noon', 'Elevation', 'Horizontal_Distance_To_Roadways', 'Horizontal_Distance_To_Hydrology', 'Horizontal_Distance_To_Fire_Points', 'Slope', 'Soil_Type10', 'Soil_Type2', 'Soil_Type3', 'Soil_Type4', 'Soil_Type1', 'Soil_Type6', 'Soil_Type17', 'Soil_Type5', 'Aspect', 'Vertical_Distance_To_Hydrology', 'Soil_Type14', 'Hillshade_9am', 'Soil_Type11', 'Soil_Type16', 'Soil_Type32', 'Soil_Type13']"
385,lr_shap_list_ir_4,lr_shap_list_ir_4_subset_45,orderStd,"['Hillshade_3pm', 'Hillshade_Noon', 'Wilderness_Area4', 'Wilderness_Area3', 'Horizontal_Distance_To_Roadways', 'Elevation', 'Horizontal_Distance_To_Fire_Points', 'Horizontal_Distance_To_Hydrology', 'Soil_Type1', 'Soil_Type2', 'Slope', 'Soil_Type17', 'Soil_Type5', 'Soil_Type14', 'Soil_Type6', 'Soil_Type10', 'Soil_Type3', 'Soil_Type16', 'Soil_Type4', 'Vertical_Distance_To_Hydrology', 'Aspect', 'Soil_Type11', 'Hillshade_9am', 'Soil_Type32', 'Soil_Type13']"
386,lr_shap_list_ir_4,lr_shap_list_ir_4_subset_45,orderSum,"['Wilderness_Area4', 'Wilderness_Area3', 'Hillshade_3pm', 'Hillshade_Noon', 'Elevation', 'Horizontal_Distance_To_Roadways', 'Horizontal_Distance_To_Hydrology', 'Horizontal_Distance_To_Fire_Points', 'Slope', 'Soil_Type10', 'Soil_Type2', 'Soil_Type3', 'Soil_Type4', 'Soil_Type1', 'Soil_Type6', 'Soil_Type17', 'Soil_Type5', 'Aspect', 'Vertical_Distance_To_Hydrology', 'Soil_Type14', 'Hillshade_9am', 'Soil_Type11', 'Soil_Type16', 'Soil_Type32', 'Soil_Type13']"
387,lr_shap_list_ir_3,lr_shap_list_ir_3_subset_79,orderMean,"['Wilderness_Area4', 'Hillshade_3pm', 'Wilderness_Area3', 'Hillshade_Noon', 'Hillshade_9am', 'Horizontal_Distance_To_Roadways', 'Elevation', 'Slope', 'Horizontal_Distance_To_Hydrology', 'Horizontal_Distance_To_Fire_Points', 'Soil_Type10', 'Soil_Type3', 'Soil_Type4', 'Soil_Type2', 'Vertical_Distance_To_Hydrology', 'Aspect', 'Soil_Type6', 'Soil_Type1', 'Soil_Type17', 'Soil_Type11', 'Soil_Type5', 'Soil_Type14', 'Soil_Type16', 'Soil_Type32', 'Soil_Type13']"
388,lr_shap_list_ir_3,lr_shap_list_ir_3_subset_79,orderStd,"['Hillshade_3pm', 'Hillshade_Noon', 'Hillshade_9am', 'Horizontal_Distance_To_Roadways', 'Elevation', 'Wilderness_Area4', 'Slope', 'Horizontal_Distance_To_Fire_Points', 'Horizontal_Distance_To_Hydrology', 'Wilderness_Area3', 'Soil_Type17', 'Soil_Type1', 'Soil_Type3', 'Soil_Type2', 'Soil_Type14', 'Soil_Type6', 'Soil_Type11', 'Soil_Type5', 'Soil_Type10', 'Vertical_Distance_To_Hydrology', 'Soil_Type16', 'Aspect', 'Soil_Type4', 'Soil_Type32', 'Soil_Type13']"
389,lr_shap_list_ir_3,lr_shap_list_ir_3_subset_79,orderSum,"['Wilderness_Area4', 'Hillshade_3pm', 'Wilderness_Area3', 'Hillshade_Noon', 'Hillshade_9am', 'Horizontal_Distance_To_Roadways', 'Elevation', 'Slope', 'Horizontal_Distance_To_Hydrology', 'Horizontal_Distance_To_Fire_Points', 'Soil_Type10', 'Soil_Type3', 'Soil_Type4', 'Soil_Type2', 'Vertical_Distance_To_Hydrology', 'Aspect', 'Soil_Type6', 'Soil_Type1', 'Soil_Type17', 'Soil_Type11', 'Soil_Type5', 'Soil_Type14', 'Soil_Type16', 'Soil_Type32', 'Soil_Type13']"
390,lr_shap_list_ir_2,lr_shap_list_ir_2_subset_3,orderMean,"['Wilderness_Area4', 'Wilderness_Area3', 'Hillshade_3pm', 'Hillshade_Noon', 'Elevation', 'Horizontal_Distance_To_Roadways', 'Horizontal_Distance_To_Hydrology', 'Horizontal_Distance_To_Fire_Points', 'Slope', 'Soil_Type2', 'Soil_Type4', 'Soil_Type10', 'Soil_Type5', 'Soil_Type3', 'Soil_Type1', 'Aspect', 'Soil_Type6', 'Soil_Type17', 'Hillshade_9am', 'Vertical_Distance_To_Hydrology', 'Soil_Type11', 'Soil_Type14', 'Soil_Type16', 'Soil_Type32', 'Soil_Type13']"
391,lr_shap_list_ir_2,lr_shap_list_ir_2_subset_3,orderStd,"['Hillshade_Noon', 'Hillshade_3pm', 'Horizontal_Distance_To_Roadways', 'Elevation', 'Wilderness_Area4', 'Wilderness_Area3', 'Horizontal_Distance_To_Fire_Points', 'Horizontal_Distance_To_Hydrology', 'Slope', 'Soil_Type1', 'Soil_Type3', 'Soil_Type17', 'Soil_Type2', 'Soil_Type6', 'Soil_Type5', 'Soil_Type4', 'Soil_Type14', 'Aspect', 'Soil_Type10', 'Soil_Type16', 'Hillshade_9am', 'Vertical_Distance_To_Hydrology', 'Soil_Type11', 'Soil_Type32', 'Soil_Type13']"
392,lr_shap_list_ir_2,lr_shap_list_ir_2_subset_3,orderSum,"['Wilderness_Area4', 'Wilderness_Area3', 'Hillshade_3pm', 'Hillshade_Noon', 'Elevation', 'Horizontal_Distance_To_Roadways', 'Horizontal_Distance_To_Hydrology', 'Horizontal_Distance_To_Fire_Points', 'Slope', 'Soil_Type2', 'Soil_Type4', 'Soil_Type10', 'Soil_Type5', 'Soil_Type3', 'Soil_Type1', 'Aspect', 'Soil_Type6', 'Soil_Type17', 'Hillshade_9am', 'Vertical_Distance_To_Hydrology', 'Soil_Type11', 'Soil_Type14', 'Soil_Type16', 'Soil_Type32', 'Soil_Type13']"
393,lr_shap_list_ir_4,lr_shap_list_ir_4_subset_94,orderMean,"['Wilderness_Area3', 'Wilderness_Area4', 'Hillshade_3pm', 'Hillshade_Noon', 'Horizontal_Distance_To_Roadways', 'Elevation', 'Horizontal_Distance_To_Hydrology', 'Horizontal_Distance_To_Fire_Points', 'Slope', 'Soil_Type10', 'Soil_Type2', 'Soil_Type1', 'Soil_Type4', 'Soil_Type6', 'Vertical_Distance_To_Hydrology', 'Soil_Type3', 'Soil_Type5', 'Soil_Type11', 'Aspect', 'Soil_Type17', 'Soil_Type14', 'Hillshade_9am', 'Soil_Type16', 'Soil_Type32', 'Soil_Type13']"
394,lr_shap_list_ir_4,lr_shap_list_ir_4_subset_94,orderStd,"['Wilderness_Area3', 'Wilderness_Area4', 'Hillshade_3pm', 'Horizontal_Distance_To_Roadways', 'Hillshade_Noon', 'Elevation', 'Horizontal_Distance_To_Hydrology', 'Horizontal_Distance_To_Fire_Points', 'Soil_Type1', 'Slope', 'Soil_Type17', 'Soil_Type2', 'Soil_Type10', 'Soil_Type14', 'Soil_Type6', 'Soil_Type5', 'Soil_Type3', 'Soil_Type4', 'Soil_Type11', 'Soil_Type16', 'Vertical_Distance_To_Hydrology', 'Aspect', 'Hillshade_9am', 'Soil_Type32', 'Soil_Type13']"
395,lr_shap_list_ir_4,lr_shap_list_ir_4_subset_94,orderSum,"['Wilderness_Area3', 'Wilderness_Area4', 'Hillshade_3pm', 'Hillshade_Noon', 'Horizontal_Distance_To_Roadways', 'Elevation', 'Horizontal_Distance_To_Hydrology', 'Horizontal_Distance_To_Fire_Points', 'Slope', 'Soil_Type10', 'Soil_Type2', 'Soil_Type1', 'Soil_Type4', 'Soil_Type6', 'Vertical_Distance_To_Hydrology', 'Soil_Type3', 'Soil_Type5', 'Soil_Type11', 'Aspect', 'Soil_Type17', 'Soil_Type14', 'Hillshade_9am', 'Soil_Type16', 'Soil_Type32', 'Soil_Type13']"
396,lr_shap_list_ir_3,lr_shap_list_ir_3_subset_48,orderMean,"['Wilderness_Area4', 'Wilderness_Area3', 'Hillshade_3pm', 'Hillshade_Noon', 'Horizontal_Distance_To_Roadways', 'Elevation', 'Horizontal_Distance_To_Hydrology', 'Hillshade_9am', 'Horizontal_Distance_To_Fire_Points', 'Slope', 'Soil_Type10', 'Soil_Type2', 'Soil_Type3', 'Soil_Type4', 'Soil_Type1', 'Soil_Type6', 'Aspect', 'Vertical_Distance_To_Hydrology', 'Soil_Type17', 'Soil_Type5', 'Soil_Type14', 'Soil_Type11', 'Soil_Type16', 'Soil_Type32', 'Soil_Type13']"
397,lr_shap_list_ir_3,lr_shap_list_ir_3_subset_48,orderStd,"['Hillshade_3pm', 'Hillshade_Noon', 'Horizontal_Distance_To_Roadways', 'Wilderness_Area4', 'Wilderness_Area3', 'Elevation', 'Hillshade_9am', 'Horizontal_Distance_To_Fire_Points', 'Horizontal_Distance_To_Hydrology', 'Soil_Type1', 'Slope', 'Soil_Type14', 'Soil_Type10', 'Soil_Type2', 'Soil_Type17', 'Soil_Type5', 'Soil_Type3', 'Soil_Type6', 'Soil_Type4', 'Soil_Type16', 'Aspect', 'Soil_Type11', 'Vertical_Distance_To_Hydrology', 'Soil_Type32', 'Soil_Type13']"
398,lr_shap_list_ir_3,lr_shap_list_ir_3_subset_48,orderSum,"['Wilderness_Area4', 'Wilderness_Area3', 'Hillshade_3pm', 'Hillshade_Noon', 'Horizontal_Distance_To_Roadways', 'Elevation', 'Horizontal_Distance_To_Hydrology', 'Hillshade_9am', 'Horizontal_Distance_To_Fire_Points', 'Slope', 'Soil_Type10', 'Soil_Type2', 'Soil_Type3', 'Soil_Type4', 'Soil_Type1', 'Soil_Type6', 'Aspect', 'Vertical_Distance_To_Hydrology', 'Soil_Type17', 'Soil_Type5', 'Soil_Type14', 'Soil_Type11', 'Soil_Type16', 'Soil_Type32', 'Soil_Type13']"
399,lr_shap_list_ir_5,lr_shap_list_ir_5_subset_56,orderMean,"['Wilderness_Area4', 'Wilderness_Area3', 'Hillshade_3pm', 'Hillshade_Noon', 'Horizontal_Distance_To_Roadways', 'Elevation', 'Horizontal_Distance_To_Hydrology', 'Horizontal_Distance_To_Fire_Points', 'Slope', 'Soil_Type10', 'Soil_Type2', 'Soil_Type3', 'Vertical_Distance_To_Hydrology', 'Soil_Type1', 'Soil_Type4', 'Soil_Type6', 'Soil_Type17', 'Aspect', 'Soil_Type5', 'Soil_Type14', 'Soil_Type11', 'Hillshade_9am', 'Soil_Type16', 'Soil_Type32', 'Soil_Type13']"
400,lr_shap_list_ir_5,lr_shap_list_ir_5_subset_56,orderStd,"['Wilderness_Area4', 'Hillshade_3pm', 'Wilderness_Area3', 'Hillshade_Noon', 'Horizontal_Distance_To_Roadways', 'Elevation', 'Horizontal_Distance_To_Hydrology', 'Horizontal_Distance_To_Fire_Points', 'Soil_Type1', 'Soil_Type17', 'Slope', 'Soil_Type14', 'Soil_Type2', 'Soil_Type3', 'Soil_Type6', 'Soil_Type5', 'Soil_Type4', 'Soil_Type10', 'Soil_Type16', 'Vertical_Distance_To_Hydrology', 'Soil_Type11', 'Aspect', 'Hillshade_9am', 'Soil_Type32', 'Soil_Type13']"
401,lr_shap_list_ir_5,lr_shap_list_ir_5_subset_56,orderSum,"['Wilderness_Area4', 'Wilderness_Area3', 'Hillshade_3pm', 'Hillshade_Noon', 'Horizontal_Distance_To_Roadways', 'Elevation', 'Horizontal_Distance_To_Hydrology', 'Horizontal_Distance_To_Fire_Points', 'Slope', 'Soil_Type10', 'Soil_Type2', 'Soil_Type3', 'Vertical_Distance_To_Hydrology', 'Soil_Type1', 'Soil_Type4', 'Soil_Type6', 'Soil_Type17', 'Aspect', 'Soil_Type5', 'Soil_Type14', 'Soil_Type11', 'Hillshade_9am', 'Soil_Type16', 'Soil_Type32', 'Soil_Type13']"
402,lr_shap_list_ir_1,lr_shap_list_ir_1_subset_69,orderMean,"['Wilderness_Area4', 'Wilderness_Area3', 'Hillshade_3pm', 'Hillshade_Noon', 'Horizontal_Distance_To_Roadways', 'Hillshade_9am', 'Elevation', 'Horizontal_Distance_To_Fire_Points', 'Slope', 'Horizontal_Distance_To_Hydrology', 'Aspect', 'Soil_Type10', 'Soil_Type4', 'Soil_Type6', 'Soil_Type3', 'Soil_Type2', 'Soil_Type5', 'Soil_Type1', 'Soil_Type17', 'Soil_Type11', 'Vertical_Distance_To_Hydrology', 'Soil_Type14', 'Soil_Type16', 'Soil_Type32', 'Soil_Type13']"
403,lr_shap_list_ir_1,lr_shap_list_ir_1_subset_69,orderStd,"['Hillshade_3pm', 'Hillshade_Noon', 'Wilderness_Area4', 'Horizontal_Distance_To_Roadways', 'Wilderness_Area3', 'Elevation', 'Hillshade_9am', 'Horizontal_Distance_To_Fire_Points', 'Slope', 'Soil_Type5', 'Soil_Type3', 'Soil_Type11', 'Horizontal_Distance_To_Hydrology', 'Soil_Type6', 'Soil_Type17', 'Soil_Type1', 'Soil_Type14', 'Aspect', 'Soil_Type4', 'Soil_Type2', 'Soil_Type10', 'Soil_Type16', 'Vertical_Distance_To_Hydrology', 'Soil_Type32', 'Soil_Type13']"
404,lr_shap_list_ir_1,lr_shap_list_ir_1_subset_69,orderSum,"['Wilderness_Area4', 'Wilderness_Area3', 'Hillshade_3pm', 'Hillshade_Noon', 'Horizontal_Distance_To_Roadways', 'Hillshade_9am', 'Elevation', 'Horizontal_Distance_To_Fire_Points', 'Slope', 'Horizontal_Distance_To_Hydrology', 'Aspect', 'Soil_Type10', 'Soil_Type4', 'Soil_Type6', 'Soil_Type3', 'Soil_Type2', 'Soil_Type5', 'Soil_Type1', 'Soil_Type17', 'Soil_Type11', 'Vertical_Distance_To_Hydrology', 'Soil_Type14', 'Soil_Type16', 'Soil_Type32', 'Soil_Type13']"
405,lr_shap_list_ir_2,lr_shap_list_ir_2_subset_56,orderMean,"['Wilderness_Area4', 'Wilderness_Area3', 'Hillshade_3pm', 'Hillshade_Noon', 'Horizontal_Distance_To_Roadways', 'Elevation', 'Hillshade_9am', 'Horizontal_Distance_To_Hydrology', 'Slope', 'Horizontal_Distance_To_Fire_Points', 'Vertical_Distance_To_Hydrology', 'Soil_Type10', 'Aspect', 'Soil_Type3', 'Soil_Type1', 'Soil_Type2', 'Soil_Type4', 'Soil_Type6', 'Soil_Type17', 'Soil_Type5', 'Soil_Type14', 'Soil_Type11', 'Soil_Type16', 'Soil_Type32', 'Soil_Type13']"
406,lr_shap_list_ir_2,lr_shap_list_ir_2_subset_56,orderStd,"['Hillshade_3pm', 'Hillshade_Noon', 'Horizontal_Distance_To_Roadways', 'Wilderness_Area4', 'Elevation', 'Hillshade_9am', 'Wilderness_Area3', 'Horizontal_Distance_To_Hydrology', 'Slope', 'Horizontal_Distance_To_Fire_Points', 'Soil_Type5', 'Soil_Type1', 'Soil_Type17', 'Vertical_Distance_To_Hydrology', 'Soil_Type3', 'Soil_Type2', 'Soil_Type14', 'Soil_Type6', 'Soil_Type16', 'Soil_Type11', 'Aspect', 'Soil_Type10', 'Soil_Type4', 'Soil_Type32', 'Soil_Type13']"
407,lr_shap_list_ir_2,lr_shap_list_ir_2_subset_56,orderSum,"['Wilderness_Area4', 'Wilderness_Area3', 'Hillshade_3pm', 'Hillshade_Noon', 'Horizontal_Distance_To_Roadways', 'Elevation', 'Hillshade_9am', 'Horizontal_Distance_To_Hydrology', 'Slope', 'Horizontal_Distance_To_Fire_Points', 'Vertical_Distance_To_Hydrology', 'Soil_Type10', 'Aspect', 'Soil_Type3', 'Soil_Type1', 'Soil_Type2', 'Soil_Type4', 'Soil_Type6', 'Soil_Type17', 'Soil_Type5', 'Soil_Type14', 'Soil_Type11', 'Soil_Type16', 'Soil_Type32', 'Soil_Type13']"
408,lr_shap_list_ir_1,lr_shap_list_ir_1_subset_95,orderMean,"['Wilderness_Area4', 'Wilderness_Area3', 'Hillshade_3pm', 'Hillshade_Noon', 'Elevation', 'Horizontal_Distance_To_Roadways', 'Slope', 'Horizontal_Distance_To_Hydrology', 'Horizontal_Distance_To_Fire_Points', 'Vertical_Distance_To_Hydrology', 'Soil_Type1', 'Hillshade_9am', 'Soil_Type5', 'Soil_Type10', 'Soil_Type3', 'Soil_Type6', 'Aspect', 'Soil_Type11', 'Soil_Type4', 'Soil_Type2', 'Soil_Type17', 'Soil_Type14', 'Soil_Type16', 'Soil_Type32', 'Soil_Type13']"
409,lr_shap_list_ir_1,lr_shap_list_ir_1_subset_95,orderStd,"['Hillshade_3pm', 'Wilderness_Area4', 'Hillshade_Noon', 'Elevation', 'Horizontal_Distance_To_Roadways', 'Wilderness_Area3', 'Horizontal_Distance_To_Hydrology', 'Slope', 'Soil_Type1', 'Horizontal_Distance_To_Fire_Points', 'Soil_Type5', 'Soil_Type3', 'Vertical_Distance_To_Hydrology', 'Soil_Type17', 'Soil_Type14', 'Soil_Type11', 'Hillshade_9am', 'Soil_Type6', 'Soil_Type16', 'Aspect', 'Soil_Type10', 'Soil_Type4', 'Soil_Type2', 'Soil_Type32', 'Soil_Type13']"
410,lr_shap_list_ir_1,lr_shap_list_ir_1_subset_95,orderSum,"['Wilderness_Area4', 'Wilderness_Area3', 'Hillshade_3pm', 'Hillshade_Noon', 'Elevation', 'Horizontal_Distance_To_Roadways', 'Slope', 'Horizontal_Distance_To_Hydrology', 'Horizontal_Distance_To_Fire_Points', 'Vertical_Distance_To_Hydrology', 'Soil_Type1', 'Hillshade_9am', 'Soil_Type5', 'Soil_Type10', 'Soil_Type3', 'Soil_Type6', 'Aspect', 'Soil_Type11', 'Soil_Type4', 'Soil_Type2', 'Soil_Type17', 'Soil_Type14', 'Soil_Type16', 'Soil_Type32', 'Soil_Type13']"
411,lr_shap_list_ir_3,lr_shap_list_ir_3_subset_22,orderMean,"['Wilderness_Area4', 'Hillshade_3pm', 'Wilderness_Area3', 'Hillshade_Noon', 'Horizontal_Distance_To_Roadways', 'Elevation', 'Hillshade_9am', 'Slope', 'Horizontal_Distance_To_Hydrology', 'Horizontal_Distance_To_Fire_Points', 'Soil_Type10', 'Vertical_Distance_To_Hydrology', 'Soil_Type2', 'Soil_Type1', 'Soil_Type4', 'Soil_Type3', 'Soil_Type6', 'Aspect', 'Soil_Type17', 'Soil_Type5', 'Soil_Type11', 'Soil_Type14', 'Soil_Type16', 'Soil_Type32', 'Soil_Type13']"
412,lr_shap_list_ir_3,lr_shap_list_ir_3_subset_22,orderStd,"['Hillshade_3pm', 'Hillshade_Noon', 'Wilderness_Area4', 'Horizontal_Distance_To_Roadways', 'Elevation', 'Wilderness_Area3', 'Hillshade_9am', 'Slope', 'Horizontal_Distance_To_Hydrology', 'Horizontal_Distance_To_Fire_Points', 'Soil_Type3', 'Soil_Type1', 'Soil_Type17', 'Soil_Type2', 'Soil_Type14', 'Soil_Type5', 'Soil_Type6', 'Vertical_Distance_To_Hydrology', 'Soil_Type4', 'Soil_Type16', 'Soil_Type11', 'Soil_Type10', 'Aspect', 'Soil_Type32', 'Soil_Type13']"
413,lr_shap_list_ir_3,lr_shap_list_ir_3_subset_22,orderSum,"['Wilderness_Area4', 'Hillshade_3pm', 'Wilderness_Area3', 'Hillshade_Noon', 'Horizontal_Distance_To_Roadways', 'Elevation', 'Hillshade_9am', 'Slope', 'Horizontal_Distance_To_Hydrology', 'Horizontal_Distance_To_Fire_Points', 'Soil_Type10', 'Vertical_Distance_To_Hydrology', 'Soil_Type2', 'Soil_Type1', 'Soil_Type4', 'Soil_Type3', 'Soil_Type6', 'Aspect', 'Soil_Type17', 'Soil_Type5', 'Soil_Type11', 'Soil_Type14', 'Soil_Type16', 'Soil_Type32', 'Soil_Type13']"
414,lr_shap_list_ir_1,lr_shap_list_ir_1_subset_27,orderMean,"['Wilderness_Area3', 'Wilderness_Area4', 'Hillshade_9am', 'Horizontal_Distance_To_Roadways', 'Elevation', 'Horizontal_Distance_To_Hydrology', 'Soil_Type10', 'Horizontal_Distance_To_Fire_Points', 'Hillshade_Noon', 'Soil_Type2', 'Slope', 'Soil_Type4', 'Vertical_Distance_To_Hydrology', 'Hillshade_3pm', 'Soil_Type1', 'Soil_Type6', 'Aspect', 'Soil_Type5', 'Soil_Type3', 'Soil_Type17', 'Soil_Type14', 'Soil_Type11', 'Soil_Type16', 'Soil_Type32', 'Soil_Type13']"
415,lr_shap_list_ir_1,lr_shap_list_ir_1_subset_27,orderStd,"['Hillshade_9am', 'Horizontal_Distance_To_Roadways', 'Elevation', 'Wilderness_Area3', 'Horizontal_Distance_To_Hydrology', 'Soil_Type5', 'Horizontal_Distance_To_Fire_Points', 'Soil_Type1', 'Soil_Type2', 'Hillshade_Noon', 'Wilderness_Area4', 'Soil_Type4', 'Soil_Type6', 'Slope', 'Vertical_Distance_To_Hydrology', 'Soil_Type10', 'Soil_Type14', 'Hillshade_3pm', 'Soil_Type17', 'Soil_Type16', 'Soil_Type3', 'Aspect', 'Soil_Type11', 'Soil_Type32', 'Soil_Type13']"
416,lr_shap_list_ir_1,lr_shap_list_ir_1_subset_27,orderSum,"['Wilderness_Area3', 'Wilderness_Area4', 'Hillshade_9am', 'Horizontal_Distance_To_Roadways', 'Elevation', 'Horizontal_Distance_To_Hydrology', 'Soil_Type10', 'Horizontal_Distance_To_Fire_Points', 'Hillshade_Noon', 'Soil_Type2', 'Slope', 'Soil_Type4', 'Vertical_Distance_To_Hydrology', 'Hillshade_3pm', 'Soil_Type1', 'Soil_Type6', 'Aspect', 'Soil_Type5', 'Soil_Type3', 'Soil_Type17', 'Soil_Type14', 'Soil_Type11', 'Soil_Type16', 'Soil_Type32', 'Soil_Type13']"
417,lr_shap_list_ir_4,lr_shap_list_ir_4_subset_8,orderMean,"['Wilderness_Area4', 'Wilderness_Area3', 'Hillshade_3pm', 'Hillshade_Noon', 'Horizontal_Distance_To_Roadways', 'Elevation', 'Horizontal_Distance_To_Hydrology', 'Horizontal_Distance_To_Fire_Points', 'Slope', 'Soil_Type10', 'Soil_Type2', 'Soil_Type1', 'Soil_Type4', 'Hillshade_9am', 'Soil_Type6', 'Soil_Type3', 'Soil_Type17', 'Vertical_Distance_To_Hydrology', 'Soil_Type14', 'Soil_Type5', 'Aspect', 'Soil_Type16', 'Soil_Type11', 'Soil_Type32', 'Soil_Type13']"
418,lr_shap_list_ir_4,lr_shap_list_ir_4_subset_8,orderStd,"['Hillshade_3pm', 'Hillshade_Noon', 'Wilderness_Area4', 'Wilderness_Area3', 'Horizontal_Distance_To_Roadways', 'Elevation', 'Horizontal_Distance_To_Hydrology', 'Horizontal_Distance_To_Fire_Points', 'Soil_Type1', 'Slope', 'Soil_Type10', 'Soil_Type2', 'Soil_Type17', 'Soil_Type5', 'Soil_Type14', 'Soil_Type16', 'Soil_Type6', 'Soil_Type4', 'Soil_Type3', 'Hillshade_9am', 'Soil_Type11', 'Vertical_Distance_To_Hydrology', 'Aspect', 'Soil_Type32', 'Soil_Type13']"
419,lr_shap_list_ir_4,lr_shap_list_ir_4_subset_8,orderSum,"['Wilderness_Area4', 'Wilderness_Area3', 'Hillshade_3pm', 'Hillshade_Noon', 'Horizontal_Distance_To_Roadways', 'Elevation', 'Horizontal_Distance_To_Hydrology', 'Horizontal_Distance_To_Fire_Points', 'Slope', 'Soil_Type10', 'Soil_Type2', 'Soil_Type1', 'Soil_Type4', 'Hillshade_9am', 'Soil_Type6', 'Soil_Type3', 'Soil_Type17', 'Vertical_Distance_To_Hydrology', 'Soil_Type14', 'Soil_Type5', 'Aspect', 'Soil_Type16', 'Soil_Type11', 'Soil_Type32', 'Soil_Type13']"
420,lr_shap_list_ir_4,lr_shap_list_ir_4_subset_88,orderMean,"['Wilderness_Area4', 'Hillshade_3pm', 'Wilderness_Area3', 'Hillshade_Noon', 'Elevation', 'Horizontal_Distance_To_Roadways', 'Hillshade_9am', 'Horizontal_Distance_To_Fire_Points', 'Slope', 'Horizontal_Distance_To_Hydrology', 'Soil_Type10', 'Soil_Type2', 'Soil_Type3', 'Soil_Type1', 'Soil_Type17', 'Aspect', 'Soil_Type6', 'Soil_Type4', 'Soil_Type5', 'Soil_Type11', 'Soil_Type14', 'Vertical_Distance_To_Hydrology', 'Soil_Type16', 'Soil_Type32', 'Soil_Type13']"
421,lr_shap_list_ir_4,lr_shap_list_ir_4_subset_88,orderStd,"['Hillshade_3pm', 'Wilderness_Area4', 'Hillshade_Noon', 'Wilderness_Area3', 'Horizontal_Distance_To_Roadways', 'Elevation', 'Hillshade_9am', 'Horizontal_Distance_To_Fire_Points', 'Slope', 'Horizontal_Distance_To_Hydrology', 'Soil_Type1', 'Soil_Type14', 'Soil_Type17', 'Soil_Type3', 'Soil_Type11', 'Soil_Type2', 'Soil_Type5', 'Soil_Type6', 'Soil_Type4', 'Soil_Type10', 'Soil_Type16', 'Aspect', 'Vertical_Distance_To_Hydrology', 'Soil_Type32', 'Soil_Type13']"
422,lr_shap_list_ir_4,lr_shap_list_ir_4_subset_88,orderSum,"['Wilderness_Area4', 'Hillshade_3pm', 'Wilderness_Area3', 'Hillshade_Noon', 'Elevation', 'Horizontal_Distance_To_Roadways', 'Hillshade_9am', 'Horizontal_Distance_To_Fire_Points', 'Slope', 'Horizontal_Distance_To_Hydrology', 'Soil_Type10', 'Soil_Type2', 'Soil_Type3', 'Soil_Type1', 'Soil_Type17', 'Aspect', 'Soil_Type6', 'Soil_Type4', 'Soil_Type5', 'Soil_Type11', 'Soil_Type14', 'Vertical_Distance_To_Hydrology', 'Soil_Type16', 'Soil_Type32', 'Soil_Type13']"
423,lr_shap_list_ir_3,lr_shap_list_ir_3_subset_84,orderMean,"['Wilderness_Area4', 'Wilderness_Area3', 'Hillshade_3pm', 'Hillshade_Noon', 'Elevation', 'Horizontal_Distance_To_Roadways', 'Horizontal_Distance_To_Hydrology', 'Horizontal_Distance_To_Fire_Points', 'Slope', 'Soil_Type10', 'Vertical_Distance_To_Hydrology', 'Soil_Type4', 'Soil_Type3', 'Soil_Type6', 'Soil_Type2', 'Soil_Type1', 'Aspect', 'Hillshade_9am', 'Soil_Type5', 'Soil_Type17', 'Soil_Type14', 'Soil_Type11', 'Soil_Type16', 'Soil_Type32', 'Soil_Type13']"
424,lr_shap_list_ir_3,lr_shap_list_ir_3_subset_84,orderStd,"['Wilderness_Area4', 'Wilderness_Area3', 'Hillshade_3pm', 'Hillshade_Noon', 'Horizontal_Distance_To_Roadways', 'Elevation', 'Horizontal_Distance_To_Hydrology', 'Horizontal_Distance_To_Fire_Points', 'Soil_Type1', 'Slope', 'Soil_Type4', 'Soil_Type17', 'Soil_Type5', 'Soil_Type14', 'Vertical_Distance_To_Hydrology', 'Soil_Type2', 'Soil_Type3', 'Soil_Type6', 'Soil_Type10', 'Soil_Type16', 'Soil_Type11', 'Hillshade_9am', 'Aspect', 'Soil_Type32', 'Soil_Type13']"
425,lr_shap_list_ir_3,lr_shap_list_ir_3_subset_84,orderSum,"['Wilderness_Area4', 'Wilderness_Area3', 'Hillshade_3pm', 'Hillshade_Noon', 'Elevation', 'Horizontal_Distance_To_Roadways', 'Horizontal_Distance_To_Hydrology', 'Horizontal_Distance_To_Fire_Points', 'Slope', 'Soil_Type10', 'Vertical_Distance_To_Hydrology', 'Soil_Type4', 'Soil_Type3', 'Soil_Type6', 'Soil_Type2', 'Soil_Type1', 'Aspect', 'Hillshade_9am', 'Soil_Type5', 'Soil_Type17', 'Soil_Type14', 'Soil_Type11', 'Soil_Type16', 'Soil_Type32', 'Soil_Type13']"
426,lr_shap_list_ir_4,lr_shap_list_ir_4_subset_91,orderMean,"['Wilderness_Area4', 'Wilderness_Area3', 'Hillshade_3pm', 'Hillshade_Noon', 'Horizontal_Distance_To_Roadways', 'Elevation', 'Horizontal_Distance_To_Hydrology', 'Slope', 'Horizontal_Distance_To_Fire_Points', 'Soil_Type10', 'Soil_Type4', 'Soil_Type2', 'Soil_Type1', 'Soil_Type3', 'Soil_Type6', 'Vertical_Distance_To_Hydrology', 'Hillshade_9am', 'Soil_Type17', 'Soil_Type5', 'Soil_Type14', 'Soil_Type11', 'Aspect', 'Soil_Type16', 'Soil_Type32', 'Soil_Type13']"
427,lr_shap_list_ir_4,lr_shap_list_ir_4_subset_91,orderStd,"['Hillshade_3pm', 'Hillshade_Noon', 'Wilderness_Area4', 'Wilderness_Area3', 'Horizontal_Distance_To_Roadways', 'Elevation', 'Horizontal_Distance_To_Hydrology', 'Horizontal_Distance_To_Fire_Points', 'Slope', 'Soil_Type2', 'Soil_Type1', 'Soil_Type6', 'Soil_Type17', 'Soil_Type14', 'Soil_Type3', 'Soil_Type11', 'Soil_Type10', 'Soil_Type5', 'Soil_Type4', 'Soil_Type16', 'Hillshade_9am', 'Vertical_Distance_To_Hydrology', 'Aspect', 'Soil_Type32', 'Soil_Type13']"
428,lr_shap_list_ir_4,lr_shap_list_ir_4_subset_91,orderSum,"['Wilderness_Area4', 'Wilderness_Area3', 'Hillshade_3pm', 'Hillshade_Noon', 'Horizontal_Distance_To_Roadways', 'Elevation', 'Horizontal_Distance_To_Hydrology', 'Slope', 'Horizontal_Distance_To_Fire_Points', 'Soil_Type10', 'Soil_Type4', 'Soil_Type2', 'Soil_Type1', 'Soil_Type3', 'Soil_Type6', 'Vertical_Distance_To_Hydrology', 'Hillshade_9am', 'Soil_Type17', 'Soil_Type5', 'Soil_Type14', 'Soil_Type11', 'Aspect', 'Soil_Type16', 'Soil_Type32', 'Soil_Type13']"
429,lr_shap_list_ir_1,lr_shap_list_ir_1_subset_25,orderMean,"['Wilderness_Area3', 'Wilderness_Area4', 'Hillshade_3pm', 'Hillshade_Noon', 'Horizontal_Distance_To_Roadways', 'Elevation', 'Hillshade_9am', 'Soil_Type4', 'Horizontal_Distance_To_Hydrology', 'Horizontal_Distance_To_Fire_Points', 'Soil_Type10', 'Slope', 'Soil_Type2', 'Soil_Type1', 'Soil_Type3', 'Aspect', 'Soil_Type6', 'Soil_Type5', 'Soil_Type17', 'Vertical_Distance_To_Hydrology', 'Soil_Type11', 'Soil_Type14', 'Soil_Type16', 'Soil_Type32', 'Soil_Type13']"
430,lr_shap_list_ir_1,lr_shap_list_ir_1_subset_25,orderStd,"['Hillshade_3pm', 'Hillshade_Noon', 'Horizontal_Distance_To_Roadways', 'Elevation', 'Hillshade_9am', 'Horizontal_Distance_To_Hydrology', 'Soil_Type4', 'Soil_Type5', 'Horizontal_Distance_To_Fire_Points', 'Soil_Type2', 'Slope', 'Wilderness_Area3', 'Soil_Type1', 'Soil_Type3', 'Soil_Type10', 'Wilderness_Area4', 'Soil_Type17', 'Soil_Type6', 'Soil_Type14', 'Aspect', 'Soil_Type16', 'Vertical_Distance_To_Hydrology', 'Soil_Type11', 'Soil_Type32', 'Soil_Type13']"
431,lr_shap_list_ir_1,lr_shap_list_ir_1_subset_25,orderSum,"['Wilderness_Area3', 'Wilderness_Area4', 'Hillshade_3pm', 'Hillshade_Noon', 'Horizontal_Distance_To_Roadways', 'Elevation', 'Hillshade_9am', 'Soil_Type4', 'Horizontal_Distance_To_Hydrology', 'Horizontal_Distance_To_Fire_Points', 'Soil_Type10', 'Slope', 'Soil_Type2', 'Soil_Type1', 'Soil_Type3', 'Aspect', 'Soil_Type6', 'Soil_Type5', 'Soil_Type17', 'Vertical_Distance_To_Hydrology', 'Soil_Type11', 'Soil_Type14', 'Soil_Type16', 'Soil_Type32', 'Soil_Type13']"
432,lr_shap_list_ir_4,lr_shap_list_ir_4_subset_36,orderMean,"['Wilderness_Area4', 'Wilderness_Area3', 'Hillshade_3pm', 'Hillshade_Noon', 'Horizontal_Distance_To_Roadways', 'Elevation', 'Horizontal_Distance_To_Hydrology', 'Horizontal_Distance_To_Fire_Points', 'Soil_Type10', 'Slope', 'Hillshade_9am', 'Soil_Type4', 'Soil_Type2', 'Soil_Type1', 'Soil_Type6', 'Soil_Type3', 'Aspect', 'Vertical_Distance_To_Hydrology', 'Soil_Type17', 'Soil_Type5', 'Soil_Type14', 'Soil_Type11', 'Soil_Type16', 'Soil_Type32', 'Soil_Type13']"
433,lr_shap_list_ir_4,lr_shap_list_ir_4_subset_36,orderStd,"['Hillshade_Noon', 'Hillshade_3pm', 'Horizontal_Distance_To_Roadways', 'Elevation', 'Wilderness_Area4', 'Wilderness_Area3', 'Horizontal_Distance_To_Hydrology', 'Horizontal_Distance_To_Fire_Points', 'Soil_Type1', 'Soil_Type2', 'Slope', 'Soil_Type17', 'Soil_Type14', 'Soil_Type6', 'Soil_Type3', 'Soil_Type10', 'Hillshade_9am', 'Soil_Type11', 'Soil_Type4', 'Soil_Type5', 'Vertical_Distance_To_Hydrology', 'Soil_Type16', 'Aspect', 'Soil_Type32', 'Soil_Type13']"
434,lr_shap_list_ir_4,lr_shap_list_ir_4_subset_36,orderSum,"['Wilderness_Area4', 'Wilderness_Area3', 'Hillshade_3pm', 'Hillshade_Noon', 'Horizontal_Distance_To_Roadways', 'Elevation', 'Horizontal_Distance_To_Hydrology', 'Horizontal_Distance_To_Fire_Points', 'Soil_Type10', 'Slope', 'Hillshade_9am', 'Soil_Type4', 'Soil_Type2', 'Soil_Type1', 'Soil_Type6', 'Soil_Type3', 'Aspect', 'Vertical_Distance_To_Hydrology', 'Soil_Type17', 'Soil_Type5', 'Soil_Type14', 'Soil_Type11', 'Soil_Type16', 'Soil_Type32', 'Soil_Type13']"
435,lr_shap_list_ir_5,lr_shap_list_ir_5_subset_18,orderMean,"['Wilderness_Area4', 'Wilderness_Area3', 'Hillshade_3pm', 'Hillshade_Noon', 'Horizontal_Distance_To_Roadways', 'Elevation', 'Horizontal_Distance_To_Hydrology', 'Horizontal_Distance_To_Fire_Points', 'Slope', 'Hillshade_9am', 'Soil_Type10', 'Soil_Type2', 'Soil_Type4', 'Vertical_Distance_To_Hydrology', 'Soil_Type1', 'Soil_Type3', 'Soil_Type17', 'Soil_Type6', 'Soil_Type5', 'Aspect', 'Soil_Type14', 'Soil_Type11', 'Soil_Type16', 'Soil_Type32', 'Soil_Type13']"
436,lr_shap_list_ir_5,lr_shap_list_ir_5_subset_18,orderStd,"['Hillshade_3pm', 'Hillshade_Noon', 'Wilderness_Area4', 'Wilderness_Area3', 'Horizontal_Distance_To_Roadways', 'Elevation', 'Horizontal_Distance_To_Hydrology', 'Horizontal_Distance_To_Fire_Points', 'Soil_Type1', 'Slope', 'Soil_Type14', 'Soil_Type17', 'Hillshade_9am', 'Soil_Type6', 'Soil_Type2', 'Soil_Type5', 'Soil_Type4', 'Soil_Type3', 'Soil_Type10', 'Soil_Type11', 'Vertical_Distance_To_Hydrology', 'Soil_Type16', 'Aspect', 'Soil_Type32', 'Soil_Type13']"
437,lr_shap_list_ir_5,lr_shap_list_ir_5_subset_18,orderSum,"['Wilderness_Area4', 'Wilderness_Area3', 'Hillshade_3pm', 'Hillshade_Noon', 'Horizontal_Distance_To_Roadways', 'Elevation', 'Horizontal_Distance_To_Hydrology', 'Horizontal_Distance_To_Fire_Points', 'Slope', 'Hillshade_9am', 'Soil_Type10', 'Soil_Type2', 'Soil_Type4', 'Vertical_Distance_To_Hydrology', 'Soil_Type1', 'Soil_Type3', 'Soil_Type17', 'Soil_Type6', 'Soil_Type5', 'Aspect', 'Soil_Type14', 'Soil_Type11', 'Soil_Type16', 'Soil_Type32', 'Soil_Type13']"
438,lr_shap_list_ir_3,lr_shap_list_ir_3_subset_52,orderMean,"['Wilderness_Area3', 'Wilderness_Area4', 'Hillshade_Noon', 'Hillshade_3pm', 'Horizontal_Distance_To_Roadways', 'Elevation', 'Horizontal_Distance_To_Hydrology', 'Horizontal_Distance_To_Fire_Points', 'Soil_Type10', 'Slope', 'Soil_Type2', 'Soil_Type1', 'Hillshade_9am', 'Aspect', 'Soil_Type4', 'Soil_Type6', 'Soil_Type3', 'Vertical_Distance_To_Hydrology', 'Soil_Type17', 'Soil_Type5', 'Soil_Type14', 'Soil_Type11', 'Soil_Type16', 'Soil_Type32', 'Soil_Type13']"
439,lr_shap_list_ir_3,lr_shap_list_ir_3_subset_52,orderStd,"['Hillshade_Noon', 'Hillshade_3pm', 'Horizontal_Distance_To_Roadways', 'Wilderness_Area3', 'Wilderness_Area4', 'Elevation', 'Horizontal_Distance_To_Fire_Points', 'Soil_Type1', 'Horizontal_Distance_To_Hydrology', 'Soil_Type2', 'Slope', 'Soil_Type3', 'Soil_Type6', 'Soil_Type17', 'Soil_Type14', 'Soil_Type5', 'Soil_Type10', 'Hillshade_9am', 'Soil_Type4', 'Soil_Type16', 'Aspect', 'Vertical_Distance_To_Hydrology', 'Soil_Type11', 'Soil_Type32', 'Soil_Type13']"
440,lr_shap_list_ir_3,lr_shap_list_ir_3_subset_52,orderSum,"['Wilderness_Area3', 'Wilderness_Area4', 'Hillshade_Noon', 'Hillshade_3pm', 'Horizontal_Distance_To_Roadways', 'Elevation', 'Horizontal_Distance_To_Hydrology', 'Horizontal_Distance_To_Fire_Points', 'Soil_Type10', 'Slope', 'Soil_Type2', 'Soil_Type1', 'Hillshade_9am', 'Aspect', 'Soil_Type4', 'Soil_Type6', 'Soil_Type3', 'Vertical_Distance_To_Hydrology', 'Soil_Type17', 'Soil_Type5', 'Soil_Type14', 'Soil_Type11', 'Soil_Type16', 'Soil_Type32', 'Soil_Type13']"
441,lr_shap_list_ir_5,lr_shap_list_ir_5_subset_81,orderMean,"['Wilderness_Area3', 'Wilderness_Area4', 'Hillshade_3pm', 'Hillshade_Noon', 'Horizontal_Distance_To_Roadways', 'Elevation', 'Horizontal_Distance_To_Hydrology', 'Horizontal_Distance_To_Fire_Points', 'Soil_Type10', 'Slope', 'Soil_Type2', 'Soil_Type4', 'Hillshade_9am', 'Soil_Type1', 'Soil_Type6', 'Soil_Type3', 'Vertical_Distance_To_Hydrology', 'Soil_Type17', 'Aspect', 'Soil_Type14', 'Soil_Type5', 'Soil_Type11', 'Soil_Type16', 'Soil_Type32', 'Soil_Type13']"
442,lr_shap_list_ir_5,lr_shap_list_ir_5_subset_81,orderStd,"['Wilderness_Area3', 'Hillshade_Noon', 'Wilderness_Area4', 'Hillshade_3pm', 'Horizontal_Distance_To_Roadways', 'Elevation', 'Horizontal_Distance_To_Hydrology', 'Soil_Type1', 'Horizontal_Distance_To_Fire_Points', 'Soil_Type2', 'Soil_Type6', 'Soil_Type17', 'Slope', 'Soil_Type14', 'Soil_Type4', 'Soil_Type10', 'Soil_Type5', 'Hillshade_9am', 'Soil_Type3', 'Soil_Type16', 'Soil_Type11', 'Vertical_Distance_To_Hydrology', 'Aspect', 'Soil_Type32', 'Soil_Type13']"
443,lr_shap_list_ir_5,lr_shap_list_ir_5_subset_81,orderSum,"['Wilderness_Area3', 'Wilderness_Area4', 'Hillshade_3pm', 'Hillshade_Noon', 'Horizontal_Distance_To_Roadways', 'Elevation', 'Horizontal_Distance_To_Hydrology', 'Horizontal_Distance_To_Fire_Points', 'Soil_Type10', 'Slope', 'Soil_Type2', 'Soil_Type4', 'Hillshade_9am', 'Soil_Type1', 'Soil_Type6', 'Soil_Type3', 'Vertical_Distance_To_Hydrology', 'Soil_Type17', 'Aspect', 'Soil_Type14', 'Soil_Type5', 'Soil_Type11', 'Soil_Type16', 'Soil_Type32', 'Soil_Type13']"
444,lr_shap_list_ir_3,lr_shap_list_ir_3_subset_3,orderMean,"['Wilderness_Area4', 'Wilderness_Area3', 'Hillshade_Noon', 'Hillshade_3pm', 'Elevation', 'Horizontal_Distance_To_Roadways', 'Horizontal_Distance_To_Hydrology', 'Horizontal_Distance_To_Fire_Points', 'Slope', 'Soil_Type10', 'Soil_Type2', 'Soil_Type1', 'Soil_Type3', 'Hillshade_9am', 'Vertical_Distance_To_Hydrology', 'Soil_Type4', 'Soil_Type6', 'Soil_Type5', 'Aspect', 'Soil_Type17', 'Soil_Type11', 'Soil_Type14', 'Soil_Type16', 'Soil_Type32', 'Soil_Type13']"
445,lr_shap_list_ir_3,lr_shap_list_ir_3_subset_3,orderStd,"['Wilderness_Area4', 'Horizontal_Distance_To_Roadways', 'Wilderness_Area3', 'Hillshade_Noon', 'Hillshade_3pm', 'Elevation', 'Horizontal_Distance_To_Hydrology', 'Horizontal_Distance_To_Fire_Points', 'Soil_Type1', 'Soil_Type2', 'Soil_Type5', 'Soil_Type3', 'Slope', 'Soil_Type17', 'Soil_Type14', 'Soil_Type11', 'Soil_Type10', 'Soil_Type6', 'Soil_Type4', 'Vertical_Distance_To_Hydrology', 'Soil_Type16', 'Hillshade_9am', 'Aspect', 'Soil_Type32', 'Soil_Type13']"
446,lr_shap_list_ir_3,lr_shap_list_ir_3_subset_3,orderSum,"['Wilderness_Area4', 'Wilderness_Area3', 'Hillshade_Noon', 'Hillshade_3pm', 'Elevation', 'Horizontal_Distance_To_Roadways', 'Horizontal_Distance_To_Hydrology', 'Horizontal_Distance_To_Fire_Points', 'Slope', 'Soil_Type10', 'Soil_Type2', 'Soil_Type1', 'Soil_Type3', 'Hillshade_9am', 'Vertical_Distance_To_Hydrology', 'Soil_Type4', 'Soil_Type6', 'Soil_Type5', 'Aspect', 'Soil_Type17', 'Soil_Type11', 'Soil_Type14', 'Soil_Type16', 'Soil_Type32', 'Soil_Type13']"
447,lr_shap_list_ir_5,lr_shap_list_ir_5_subset_13,orderMean,"['Wilderness_Area4', 'Wilderness_Area3', 'Hillshade_3pm', 'Hillshade_Noon', 'Horizontal_Distance_To_Roadways', 'Elevation', 'Horizontal_Distance_To_Hydrology', 'Horizontal_Distance_To_Fire_Points', 'Slope', 'Soil_Type10', 'Hillshade_9am', 'Soil_Type4', 'Soil_Type2', 'Soil_Type6', 'Soil_Type3', 'Soil_Type1', 'Vertical_Distance_To_Hydrology', 'Soil_Type17', 'Aspect', 'Soil_Type14', 'Soil_Type5', 'Soil_Type11', 'Soil_Type16', 'Soil_Type32', 'Soil_Type13']"
448,lr_shap_list_ir_5,lr_shap_list_ir_5_subset_13,orderStd,"['Hillshade_3pm', 'Hillshade_Noon', 'Wilderness_Area4', 'Wilderness_Area3', 'Horizontal_Distance_To_Roadways', 'Elevation', 'Horizontal_Distance_To_Hydrology', 'Horizontal_Distance_To_Fire_Points', 'Soil_Type1', 'Slope', 'Soil_Type2', 'Soil_Type14', 'Soil_Type17', 'Soil_Type10', 'Hillshade_9am', 'Soil_Type6', 'Soil_Type3', 'Soil_Type5', 'Soil_Type4', 'Soil_Type16', 'Soil_Type11', 'Vertical_Distance_To_Hydrology', 'Aspect', 'Soil_Type32', 'Soil_Type13']"
449,lr_shap_list_ir_5,lr_shap_list_ir_5_subset_13,orderSum,"['Wilderness_Area4', 'Wilderness_Area3', 'Hillshade_3pm', 'Hillshade_Noon', 'Horizontal_Distance_To_Roadways', 'Elevation', 'Horizontal_Distance_To_Hydrology', 'Horizontal_Distance_To_Fire_Points', 'Slope', 'Soil_Type10', 'Hillshade_9am', 'Soil_Type4', 'Soil_Type2', 'Soil_Type6', 'Soil_Type3', 'Soil_Type1', 'Vertical_Distance_To_Hydrology', 'Soil_Type17', 'Aspect', 'Soil_Type14', 'Soil_Type5', 'Soil_Type11', 'Soil_Type16', 'Soil_Type32', 'Soil_Type13']"
450,lr_shap_list_ir_2,lr_shap_list_ir_2_subset_91,orderMean,"['Wilderness_Area4', 'Hillshade_3pm', 'Wilderness_Area3', 'Hillshade_Noon', 'Hillshade_9am', 'Horizontal_Distance_To_Roadways', 'Elevation', 'Slope', 'Horizontal_Distance_To_Hydrology', 'Soil_Type10', 'Horizontal_Distance_To_Fire_Points', 'Soil_Type2', 'Soil_Type4', 'Soil_Type6', 'Soil_Type3', 'Aspect', 'Vertical_Distance_To_Hydrology', 'Soil_Type11', 'Soil_Type1', 'Soil_Type17', 'Soil_Type5', 'Soil_Type16', 'Soil_Type14', 'Soil_Type32', 'Soil_Type13']"
451,lr_shap_list_ir_2,lr_shap_list_ir_2_subset_91,orderStd,"['Hillshade_3pm', 'Wilderness_Area4', 'Hillshade_Noon', 'Wilderness_Area3', 'Horizontal_Distance_To_Roadways', 'Hillshade_9am', 'Elevation', 'Slope', 'Horizontal_Distance_To_Hydrology', 'Horizontal_Distance_To_Fire_Points', 'Soil_Type3', 'Soil_Type2', 'Soil_Type11', 'Soil_Type17', 'Soil_Type1', 'Soil_Type6', 'Soil_Type4', 'Soil_Type14', 'Soil_Type16', 'Soil_Type10', 'Soil_Type5', 'Vertical_Distance_To_Hydrology', 'Aspect', 'Soil_Type32', 'Soil_Type13']"
452,lr_shap_list_ir_2,lr_shap_list_ir_2_subset_91,orderSum,"['Wilderness_Area4', 'Hillshade_3pm', 'Wilderness_Area3', 'Hillshade_Noon', 'Hillshade_9am', 'Horizontal_Distance_To_Roadways', 'Elevation', 'Slope', 'Horizontal_Distance_To_Hydrology', 'Soil_Type10', 'Horizontal_Distance_To_Fire_Points', 'Soil_Type2', 'Soil_Type4', 'Soil_Type6', 'Soil_Type3', 'Aspect', 'Vertical_Distance_To_Hydrology', 'Soil_Type11', 'Soil_Type1', 'Soil_Type17', 'Soil_Type5', 'Soil_Type16', 'Soil_Type14', 'Soil_Type32', 'Soil_Type13']"
453,lr_shap_list_ir_5,lr_shap_list_ir_5_subset_91,orderMean,"['Wilderness_Area4', 'Wilderness_Area3', 'Hillshade_3pm', 'Hillshade_Noon', 'Horizontal_Distance_To_Roadways', 'Elevation', 'Horizontal_Distance_To_Hydrology', 'Horizontal_Distance_To_Fire_Points', 'Slope', 'Soil_Type10', 'Soil_Type2', 'Soil_Type1', 'Soil_Type3', 'Soil_Type6', 'Soil_Type4', 'Vertical_Distance_To_Hydrology', 'Soil_Type17', 'Aspect', 'Hillshade_9am', 'Soil_Type5', 'Soil_Type14', 'Soil_Type11', 'Soil_Type16', 'Soil_Type32', 'Soil_Type13']"
454,lr_shap_list_ir_5,lr_shap_list_ir_5_subset_91,orderStd,"['Hillshade_3pm', 'Hillshade_Noon', 'Wilderness_Area4', 'Wilderness_Area3', 'Horizontal_Distance_To_Roadways', 'Elevation', 'Horizontal_Distance_To_Hydrology', 'Horizontal_Distance_To_Fire_Points', 'Slope', 'Soil_Type17', 'Soil_Type1', 'Soil_Type2', 'Soil_Type14', 'Soil_Type6', 'Soil_Type3', 'Soil_Type10', 'Soil_Type5', 'Soil_Type4', 'Vertical_Distance_To_Hydrology', 'Soil_Type11', 'Soil_Type16', 'Aspect', 'Hillshade_9am', 'Soil_Type32', 'Soil_Type13']"
455,lr_shap_list_ir_5,lr_shap_list_ir_5_subset_91,orderSum,"['Wilderness_Area4', 'Wilderness_Area3', 'Hillshade_3pm', 'Hillshade_Noon', 'Horizontal_Distance_To_Roadways', 'Elevation', 'Horizontal_Distance_To_Hydrology', 'Horizontal_Distance_To_Fire_Points', 'Slope', 'Soil_Type10', 'Soil_Type2', 'Soil_Type1', 'Soil_Type3', 'Soil_Type6', 'Soil_Type4', 'Vertical_Distance_To_Hydrology', 'Soil_Type17', 'Aspect', 'Hillshade_9am', 'Soil_Type5', 'Soil_Type14', 'Soil_Type11', 'Soil_Type16', 'Soil_Type32', 'Soil_Type13']"
456,lr_shap_list_ir_2,lr_shap_list_ir_2_subset_21,orderMean,"['Wilderness_Area3', 'Wilderness_Area4', 'Horizontal_Distance_To_Roadways', 'Elevation', 'Hillshade_9am', 'Hillshade_Noon', 'Horizontal_Distance_To_Fire_Points', 'Soil_Type2', 'Horizontal_Distance_To_Hydrology', 'Soil_Type10', 'Hillshade_3pm', 'Soil_Type4', 'Soil_Type1', 'Soil_Type6', 'Slope', 'Soil_Type3', 'Soil_Type5', 'Vertical_Distance_To_Hydrology', 'Soil_Type11', 'Aspect', 'Soil_Type17', 'Soil_Type14', 'Soil_Type16', 'Soil_Type32', 'Soil_Type13']"
457,lr_shap_list_ir_2,lr_shap_list_ir_2_subset_21,orderStd,"['Horizontal_Distance_To_Roadways', 'Elevation', 'Hillshade_9am', 'Hillshade_Noon', 'Soil_Type1', 'Horizontal_Distance_To_Fire_Points', 'Horizontal_Distance_To_Hydrology', 'Soil_Type2', 'Hillshade_3pm', 'Soil_Type6', 'Soil_Type5', 'Soil_Type17', 'Soil_Type11', 'Soil_Type10', 'Wilderness_Area3', 'Soil_Type4', 'Soil_Type3', 'Wilderness_Area4', 'Slope', 'Soil_Type14', 'Soil_Type16', 'Vertical_Distance_To_Hydrology', 'Aspect', 'Soil_Type32', 'Soil_Type13']"
458,lr_shap_list_ir_2,lr_shap_list_ir_2_subset_21,orderSum,"['Wilderness_Area3', 'Wilderness_Area4', 'Horizontal_Distance_To_Roadways', 'Elevation', 'Hillshade_9am', 'Hillshade_Noon', 'Horizontal_Distance_To_Fire_Points', 'Soil_Type2', 'Horizontal_Distance_To_Hydrology', 'Soil_Type10', 'Hillshade_3pm', 'Soil_Type4', 'Soil_Type1', 'Soil_Type6', 'Slope', 'Soil_Type3', 'Soil_Type5', 'Vertical_Distance_To_Hydrology', 'Soil_Type11', 'Aspect', 'Soil_Type17', 'Soil_Type14', 'Soil_Type16', 'Soil_Type32', 'Soil_Type13']"
459,lr_shap_list_ir_5,lr_shap_list_ir_5_subset_25,orderMean,"['Wilderness_Area4', 'Wilderness_Area3', 'Hillshade_3pm', 'Hillshade_Noon', 'Elevation', 'Horizontal_Distance_To_Roadways', 'Horizontal_Distance_To_Hydrology', 'Horizontal_Distance_To_Fire_Points', 'Slope', 'Soil_Type10', 'Soil_Type1', 'Soil_Type2', 'Soil_Type3', 'Vertical_Distance_To_Hydrology', 'Soil_Type4', 'Soil_Type6', 'Hillshade_9am', 'Soil_Type17', 'Soil_Type5', 'Soil_Type14', 'Soil_Type11', 'Aspect', 'Soil_Type16', 'Soil_Type32', 'Soil_Type13']"
460,lr_shap_list_ir_5,lr_shap_list_ir_5_subset_25,orderStd,"['Wilderness_Area4', 'Wilderness_Area3', 'Hillshade_3pm', 'Hillshade_Noon', 'Horizontal_Distance_To_Roadways', 'Elevation', 'Horizontal_Distance_To_Hydrology', 'Horizontal_Distance_To_Fire_Points', 'Soil_Type1', 'Slope', 'Soil_Type17', 'Soil_Type2', 'Soil_Type14', 'Soil_Type4', 'Soil_Type3', 'Soil_Type6', 'Soil_Type5', 'Soil_Type10', 'Soil_Type16', 'Vertical_Distance_To_Hydrology', 'Soil_Type11', 'Hillshade_9am', 'Aspect', 'Soil_Type32', 'Soil_Type13']"
461,lr_shap_list_ir_5,lr_shap_list_ir_5_subset_25,orderSum,"['Wilderness_Area4', 'Wilderness_Area3', 'Hillshade_3pm', 'Hillshade_Noon', 'Elevation', 'Horizontal_Distance_To_Roadways', 'Horizontal_Distance_To_Hydrology', 'Horizontal_Distance_To_Fire_Points', 'Slope', 'Soil_Type10', 'Soil_Type1', 'Soil_Type2', 'Soil_Type3', 'Vertical_Distance_To_Hydrology', 'Soil_Type4', 'Soil_Type6', 'Hillshade_9am', 'Soil_Type17', 'Soil_Type5', 'Soil_Type14', 'Soil_Type11', 'Aspect', 'Soil_Type16', 'Soil_Type32', 'Soil_Type13']"
462,lr_shap_list_ir_4,lr_shap_list_ir_4_subset_81,orderMean,"['Wilderness_Area4', 'Hillshade_3pm', 'Wilderness_Area3', 'Hillshade_Noon', 'Hillshade_9am', 'Horizontal_Distance_To_Roadways', 'Elevation', 'Slope', 'Horizontal_Distance_To_Fire_Points', 'Horizontal_Distance_To_Hydrology', 'Soil_Type10', 'Soil_Type2', 'Soil_Type17', 'Soil_Type3', 'Soil_Type1', 'Soil_Type6', 'Soil_Type4', 'Aspect', 'Soil_Type11', 'Soil_Type5', 'Soil_Type14', 'Soil_Type16', 'Vertical_Distance_To_Hydrology', 'Soil_Type32', 'Soil_Type13']"
463,lr_shap_list_ir_4,lr_shap_list_ir_4_subset_81,orderStd,"['Hillshade_3pm', 'Hillshade_Noon', 'Wilderness_Area4', 'Wilderness_Area3', 'Hillshade_9am', 'Horizontal_Distance_To_Roadways', 'Elevation', 'Slope', 'Horizontal_Distance_To_Fire_Points', 'Horizontal_Distance_To_Hydrology', 'Soil_Type1', 'Soil_Type17', 'Soil_Type14', 'Soil_Type2', 'Soil_Type11', 'Soil_Type3', 'Soil_Type5', 'Soil_Type6', 'Soil_Type16', 'Soil_Type4', 'Soil_Type10', 'Aspect', 'Vertical_Distance_To_Hydrology', 'Soil_Type32', 'Soil_Type13']"
464,lr_shap_list_ir_4,lr_shap_list_ir_4_subset_81,orderSum,"['Wilderness_Area4', 'Hillshade_3pm', 'Wilderness_Area3', 'Hillshade_Noon', 'Hillshade_9am', 'Horizontal_Distance_To_Roadways', 'Elevation', 'Slope', 'Horizontal_Distance_To_Fire_Points', 'Horizontal_Distance_To_Hydrology', 'Soil_Type10', 'Soil_Type2', 'Soil_Type17', 'Soil_Type3', 'Soil_Type1', 'Soil_Type6', 'Soil_Type4', 'Aspect', 'Soil_Type11', 'Soil_Type5', 'Soil_Type14', 'Soil_Type16', 'Vertical_Distance_To_Hydrology', 'Soil_Type32', 'Soil_Type13']"
465,lr_shap_list_ir_4,lr_shap_list_ir_4_subset_43,orderMean,"['Wilderness_Area3', 'Wilderness_Area4', 'Hillshade_3pm', 'Hillshade_Noon', 'Horizontal_Distance_To_Roadways', 'Elevation', 'Horizontal_Distance_To_Fire_Points', 'Horizontal_Distance_To_Hydrology', 'Soil_Type10', 'Slope', 'Soil_Type2', 'Soil_Type4', 'Soil_Type3', 'Soil_Type6', 'Soil_Type1', 'Hillshade_9am', 'Aspect', 'Soil_Type17', 'Vertical_Distance_To_Hydrology', 'Soil_Type11', 'Soil_Type5', 'Soil_Type14', 'Soil_Type16', 'Soil_Type32', 'Soil_Type13']"
466,lr_shap_list_ir_4,lr_shap_list_ir_4_subset_43,orderStd,"['Hillshade_Noon', 'Hillshade_3pm', 'Horizontal_Distance_To_Roadways', 'Elevation', 'Wilderness_Area3', 'Wilderness_Area4', 'Horizontal_Distance_To_Fire_Points', 'Soil_Type1', 'Horizontal_Distance_To_Hydrology', 'Soil_Type2', 'Soil_Type10', 'Slope', 'Soil_Type6', 'Soil_Type17', 'Soil_Type4', 'Soil_Type5', 'Soil_Type14', 'Soil_Type3', 'Hillshade_9am', 'Soil_Type11', 'Soil_Type16', 'Aspect', 'Vertical_Distance_To_Hydrology', 'Soil_Type32', 'Soil_Type13']"
467,lr_shap_list_ir_4,lr_shap_list_ir_4_subset_43,orderSum,"['Wilderness_Area3', 'Wilderness_Area4', 'Hillshade_3pm', 'Hillshade_Noon', 'Horizontal_Distance_To_Roadways', 'Elevation', 'Horizontal_Distance_To_Fire_Points', 'Horizontal_Distance_To_Hydrology', 'Soil_Type10', 'Slope', 'Soil_Type2', 'Soil_Type4', 'Soil_Type3', 'Soil_Type6', 'Soil_Type1', 'Hillshade_9am', 'Aspect', 'Soil_Type17', 'Vertical_Distance_To_Hydrology', 'Soil_Type11', 'Soil_Type5', 'Soil_Type14', 'Soil_Type16', 'Soil_Type32', 'Soil_Type13']"
468,lr_shap_list_ir_2,lr_shap_list_ir_2_subset_4,orderMean,"['Wilderness_Area3', 'Wilderness_Area4', 'Hillshade_3pm', 'Hillshade_Noon', 'Horizontal_Distance_To_Roadways', 'Elevation', 'Hillshade_9am', 'Slope', 'Horizontal_Distance_To_Hydrology', 'Horizontal_Distance_To_Fire_Points', 'Soil_Type10', 'Soil_Type2', 'Soil_Type3', 'Soil_Type6', 'Soil_Type1', 'Soil_Type4', 'Aspect', 'Soil_Type5', 'Soil_Type17', 'Vertical_Distance_To_Hydrology', 'Soil_Type11', 'Soil_Type14', 'Soil_Type16', 'Soil_Type32', 'Soil_Type13']"
469,lr_shap_list_ir_2,lr_shap_list_ir_2_subset_4,orderStd,"['Hillshade_3pm', 'Hillshade_Noon', 'Horizontal_Distance_To_Roadways', 'Wilderness_Area3', 'Wilderness_Area4', 'Elevation', 'Hillshade_9am', 'Horizontal_Distance_To_Fire_Points', 'Slope', 'Horizontal_Distance_To_Hydrology', 'Soil_Type1', 'Soil_Type2', 'Soil_Type3', 'Soil_Type17', 'Soil_Type6', 'Soil_Type5', 'Soil_Type10', 'Soil_Type14', 'Soil_Type4', 'Soil_Type16', 'Aspect', 'Soil_Type11', 'Vertical_Distance_To_Hydrology', 'Soil_Type32', 'Soil_Type13']"
470,lr_shap_list_ir_2,lr_shap_list_ir_2_subset_4,orderSum,"['Wilderness_Area3', 'Wilderness_Area4', 'Hillshade_3pm', 'Hillshade_Noon', 'Horizontal_Distance_To_Roadways', 'Elevation', 'Hillshade_9am', 'Slope', 'Horizontal_Distance_To_Hydrology', 'Horizontal_Distance_To_Fire_Points', 'Soil_Type10', 'Soil_Type2', 'Soil_Type3', 'Soil_Type6', 'Soil_Type1', 'Soil_Type4', 'Aspect', 'Soil_Type5', 'Soil_Type17', 'Vertical_Distance_To_Hydrology', 'Soil_Type11', 'Soil_Type14', 'Soil_Type16', 'Soil_Type32', 'Soil_Type13']"
471,lr_shap_list_ir_1,lr_shap_list_ir_1_subset_76,orderMean,"['Wilderness_Area4', 'Wilderness_Area3', 'Hillshade_3pm', 'Hillshade_Noon', 'Elevation', 'Horizontal_Distance_To_Roadways', 'Slope', 'Horizontal_Distance_To_Fire_Points', 'Horizontal_Distance_To_Hydrology', 'Soil_Type1', 'Hillshade_9am', 'Soil_Type2', 'Soil_Type6', 'Soil_Type17', 'Soil_Type5', 'Vertical_Distance_To_Hydrology', 'Soil_Type4', 'Soil_Type11', 'Soil_Type3', 'Soil_Type14', 'Aspect', 'Soil_Type10', 'Soil_Type16', 'Soil_Type32', 'Soil_Type13']"
472,lr_shap_list_ir_1,lr_shap_list_ir_1_subset_76,orderStd,"['Wilderness_Area4', 'Hillshade_3pm', 'Wilderness_Area3', 'Hillshade_Noon', 'Horizontal_Distance_To_Roadways', 'Elevation', 'Soil_Type1', 'Horizontal_Distance_To_Fire_Points', 'Slope', 'Horizontal_Distance_To_Hydrology', 'Soil_Type17', 'Soil_Type5', 'Soil_Type2', 'Hillshade_9am', 'Soil_Type11', 'Soil_Type14', 'Soil_Type16', 'Soil_Type6', 'Soil_Type3', 'Vertical_Distance_To_Hydrology', 'Soil_Type4', 'Aspect', 'Soil_Type10', 'Soil_Type32', 'Soil_Type13']"
473,lr_shap_list_ir_1,lr_shap_list_ir_1_subset_76,orderSum,"['Wilderness_Area4', 'Wilderness_Area3', 'Hillshade_3pm', 'Hillshade_Noon', 'Elevation', 'Horizontal_Distance_To_Roadways', 'Slope', 'Horizontal_Distance_To_Fire_Points', 'Horizontal_Distance_To_Hydrology', 'Soil_Type1', 'Hillshade_9am', 'Soil_Type2', 'Soil_Type6', 'Soil_Type17', 'Soil_Type5', 'Vertical_Distance_To_Hydrology', 'Soil_Type4', 'Soil_Type11', 'Soil_Type3', 'Soil_Type14', 'Aspect', 'Soil_Type10', 'Soil_Type16', 'Soil_Type32', 'Soil_Type13']"
474,lr_shap_list_ir_1,lr_shap_list_ir_1_subset_1,orderMean,"['Wilderness_Area3', 'Wilderness_Area4', 'Horizontal_Distance_To_Roadways', 'Hillshade_Noon', 'Elevation', 'Hillshade_3pm', 'Soil_Type10', 'Soil_Type2', 'Hillshade_9am', 'Horizontal_Distance_To_Fire_Points', 'Horizontal_Distance_To_Hydrology', 'Soil_Type4', 'Soil_Type1', 'Slope', 'Aspect', 'Soil_Type6', 'Soil_Type5', 'Soil_Type3', 'Soil_Type11', 'Soil_Type17', 'Vertical_Distance_To_Hydrology', 'Soil_Type16', 'Soil_Type14', 'Soil_Type32', 'Soil_Type13']"
475,lr_shap_list_ir_1,lr_shap_list_ir_1_subset_1,orderStd,"['Wilderness_Area3', 'Wilderness_Area4', 'Horizontal_Distance_To_Roadways', 'Hillshade_Noon', 'Soil_Type2', 'Elevation', 'Hillshade_3pm', 'Horizontal_Distance_To_Fire_Points', 'Soil_Type1', 'Hillshade_9am', 'Horizontal_Distance_To_Hydrology', 'Soil_Type11', 'Soil_Type4', 'Soil_Type6', 'Soil_Type5', 'Soil_Type3', 'Soil_Type10', 'Slope', 'Soil_Type17', 'Soil_Type14', 'Aspect', 'Soil_Type16', 'Vertical_Distance_To_Hydrology', 'Soil_Type32', 'Soil_Type13']"
476,lr_shap_list_ir_1,lr_shap_list_ir_1_subset_1,orderSum,"['Wilderness_Area3', 'Wilderness_Area4', 'Horizontal_Distance_To_Roadways', 'Hillshade_Noon', 'Elevation', 'Hillshade_3pm', 'Soil_Type10', 'Soil_Type2', 'Hillshade_9am', 'Horizontal_Distance_To_Fire_Points', 'Horizontal_Distance_To_Hydrology', 'Soil_Type4', 'Soil_Type1', 'Slope', 'Aspect', 'Soil_Type6', 'Soil_Type5', 'Soil_Type3', 'Soil_Type11', 'Soil_Type17', 'Vertical_Distance_To_Hydrology', 'Soil_Type16', 'Soil_Type14', 'Soil_Type32', 'Soil_Type13']"
477,lr_shap_list_ir_1,lr_shap_list_ir_1_subset_21,orderMean,"['Wilderness_Area4', 'Hillshade_3pm', 'Wilderness_Area3', 'Hillshade_Noon', 'Hillshade_9am', 'Horizontal_Distance_To_Roadways', 'Elevation', 'Horizontal_Distance_To_Fire_Points', 'Soil_Type10', 'Horizontal_Distance_To_Hydrology', 'Slope', 'Soil_Type4', 'Soil_Type1', 'Soil_Type2', 'Aspect', 'Soil_Type6', 'Soil_Type3', 'Soil_Type11', 'Soil_Type17', 'Soil_Type16', 'Soil_Type14', 'Soil_Type5', 'Vertical_Distance_To_Hydrology', 'Soil_Type32', 'Soil_Type13']"
478,lr_shap_list_ir_1,lr_shap_list_ir_1_subset_21,orderStd,"['Hillshade_3pm', 'Hillshade_Noon', 'Hillshade_9am', 'Horizontal_Distance_To_Roadways', 'Horizontal_Distance_To_Fire_Points', 'Elevation', 'Wilderness_Area4', 'Soil_Type1', 'Wilderness_Area3', 'Horizontal_Distance_To_Hydrology', 'Soil_Type2', 'Slope', 'Soil_Type11', 'Soil_Type10', 'Soil_Type3', 'Soil_Type17', 'Soil_Type6', 'Soil_Type4', 'Soil_Type16', 'Soil_Type14', 'Aspect', 'Soil_Type5', 'Soil_Type32', 'Vertical_Distance_To_Hydrology', 'Soil_Type13']"
479,lr_shap_list_ir_1,lr_shap_list_ir_1_subset_21,orderSum,"['Wilderness_Area4', 'Hillshade_3pm', 'Wilderness_Area3', 'Hillshade_Noon', 'Hillshade_9am', 'Horizontal_Distance_To_Roadways', 'Elevation', 'Horizontal_Distance_To_Fire_Points', 'Soil_Type10', 'Horizontal_Distance_To_Hydrology', 'Slope', 'Soil_Type4', 'Soil_Type1', 'Soil_Type2', 'Aspect', 'Soil_Type6', 'Soil_Type3', 'Soil_Type11', 'Soil_Type17', 'Soil_Type16', 'Soil_Type14', 'Soil_Type5', 'Vertical_Distance_To_Hydrology', 'Soil_Type32', 'Soil_Type13']"
480,lr_shap_list_ir_3,lr_shap_list_ir_3_subset_53,orderMean,"['Wilderness_Area4', 'Wilderness_Area3', 'Hillshade_3pm', 'Hillshade_Noon', 'Elevation', 'Horizontal_Distance_To_Roadways', 'Horizontal_Distance_To_Hydrology', 'Horizontal_Distance_To_Fire_Points', 'Soil_Type10', 'Slope', 'Soil_Type2', 'Hillshade_9am', 'Soil_Type4', 'Aspect', 'Soil_Type6', 'Soil_Type1', 'Vertical_Distance_To_Hydrology', 'Soil_Type3', 'Soil_Type5', 'Soil_Type17', 'Soil_Type11', 'Soil_Type14', 'Soil_Type16', 'Soil_Type32', 'Soil_Type13']"
481,lr_shap_list_ir_3,lr_shap_list_ir_3_subset_53,orderStd,"['Hillshade_Noon', 'Wilderness_Area4', 'Wilderness_Area3', 'Hillshade_3pm', 'Horizontal_Distance_To_Roadways', 'Elevation', 'Horizontal_Distance_To_Hydrology', 'Horizontal_Distance_To_Fire_Points', 'Soil_Type1', 'Soil_Type2', 'Soil_Type5', 'Soil_Type17', 'Soil_Type10', 'Slope', 'Soil_Type3', 'Soil_Type14', 'Hillshade_9am', 'Soil_Type4', 'Soil_Type6', 'Soil_Type16', 'Soil_Type11', 'Aspect', 'Vertical_Distance_To_Hydrology', 'Soil_Type32', 'Soil_Type13']"
482,lr_shap_list_ir_3,lr_shap_list_ir_3_subset_53,orderSum,"['Wilderness_Area4', 'Wilderness_Area3', 'Hillshade_3pm', 'Hillshade_Noon', 'Elevation', 'Horizontal_Distance_To_Roadways', 'Horizontal_Distance_To_Hydrology', 'Horizontal_Distance_To_Fire_Points', 'Soil_Type10', 'Slope', 'Soil_Type2', 'Hillshade_9am', 'Soil_Type4', 'Aspect', 'Soil_Type6', 'Soil_Type1', 'Vertical_Distance_To_Hydrology', 'Soil_Type3', 'Soil_Type5', 'Soil_Type17', 'Soil_Type11', 'Soil_Type14', 'Soil_Type16', 'Soil_Type32', 'Soil_Type13']"
483,lr_shap_list_ir_2,lr_shap_list_ir_2_subset_106,orderMean,"['Wilderness_Area3', 'Wilderness_Area4', 'Hillshade_3pm', 'Hillshade_Noon', 'Horizontal_Distance_To_Roadways', 'Elevation', 'Horizontal_Distance_To_Hydrology', 'Horizontal_Distance_To_Fire_Points', 'Soil_Type10', 'Slope', 'Soil_Type2', 'Soil_Type1', 'Soil_Type4', 'Soil_Type6', 'Vertical_Distance_To_Hydrology', 'Soil_Type5', 'Soil_Type3', 'Soil_Type14', 'Soil_Type11', 'Soil_Type17', 'Hillshade_9am', 'Soil_Type16', 'Aspect', 'Soil_Type32', 'Soil_Type13']"
484,lr_shap_list_ir_2,lr_shap_list_ir_2_subset_106,orderStd,"['Hillshade_3pm', 'Hillshade_Noon', 'Horizontal_Distance_To_Roadways', 'Wilderness_Area3', 'Wilderness_Area4', 'Elevation', 'Horizontal_Distance_To_Hydrology', 'Horizontal_Distance_To_Fire_Points', 'Soil_Type6', 'Soil_Type2', 'Soil_Type1', 'Soil_Type10', 'Soil_Type5', 'Slope', 'Soil_Type17', 'Soil_Type14', 'Soil_Type4', 'Vertical_Distance_To_Hydrology', 'Soil_Type11', 'Soil_Type3', 'Soil_Type16', 'Hillshade_9am', 'Soil_Type32', 'Aspect', 'Soil_Type13']"
485,lr_shap_list_ir_2,lr_shap_list_ir_2_subset_106,orderSum,"['Wilderness_Area3', 'Wilderness_Area4', 'Hillshade_3pm', 'Hillshade_Noon', 'Horizontal_Distance_To_Roadways', 'Elevation', 'Horizontal_Distance_To_Hydrology', 'Horizontal_Distance_To_Fire_Points', 'Soil_Type10', 'Slope', 'Soil_Type2', 'Soil_Type1', 'Soil_Type4', 'Soil_Type6', 'Vertical_Distance_To_Hydrology', 'Soil_Type5', 'Soil_Type3', 'Soil_Type14', 'Soil_Type11', 'Soil_Type17', 'Hillshade_9am', 'Soil_Type16', 'Aspect', 'Soil_Type32', 'Soil_Type13']"
486,lr_shap_list_ir_4,lr_shap_list_ir_4_subset_11,orderMean,"['Wilderness_Area3', 'Wilderness_Area4', 'Hillshade_3pm', 'Hillshade_Noon', 'Horizontal_Distance_To_Roadways', 'Elevation', 'Horizontal_Distance_To_Fire_Points', 'Horizontal_Distance_To_Hydrology', 'Soil_Type10', 'Slope', 'Soil_Type2', 'Hillshade_9am', 'Soil_Type6', 'Soil_Type4', 'Soil_Type17', 'Soil_Type1', 'Vertical_Distance_To_Hydrology', 'Soil_Type3', 'Aspect', 'Soil_Type5', 'Soil_Type11', 'Soil_Type14', 'Soil_Type16', 'Soil_Type32', 'Soil_Type13']"
487,lr_shap_list_ir_4,lr_shap_list_ir_4_subset_11,orderStd,"['Wilderness_Area3', 'Wilderness_Area4', 'Hillshade_Noon', 'Horizontal_Distance_To_Roadways', 'Hillshade_3pm', 'Elevation', 'Horizontal_Distance_To_Fire_Points', 'Horizontal_Distance_To_Hydrology', 'Soil_Type1', 'Soil_Type2', 'Slope', 'Soil_Type6', 'Soil_Type14', 'Soil_Type17', 'Soil_Type10', 'Soil_Type4', 'Soil_Type5', 'Hillshade_9am', 'Soil_Type3', 'Soil_Type16', 'Vertical_Distance_To_Hydrology', 'Soil_Type11', 'Aspect', 'Soil_Type32', 'Soil_Type13']"
488,lr_shap_list_ir_4,lr_shap_list_ir_4_subset_11,orderSum,"['Wilderness_Area3', 'Wilderness_Area4', 'Hillshade_3pm', 'Hillshade_Noon', 'Horizontal_Distance_To_Roadways', 'Elevation', 'Horizontal_Distance_To_Fire_Points', 'Horizontal_Distance_To_Hydrology', 'Soil_Type10', 'Slope', 'Soil_Type2', 'Hillshade_9am', 'Soil_Type6', 'Soil_Type4', 'Soil_Type17', 'Soil_Type1', 'Vertical_Distance_To_Hydrology', 'Soil_Type3', 'Aspect', 'Soil_Type5', 'Soil_Type11', 'Soil_Type14', 'Soil_Type16', 'Soil_Type32', 'Soil_Type13']"
489,lr_shap_list_ir_2,lr_shap_list_ir_2_subset_42,orderMean,"['Wilderness_Area4', 'Hillshade_3pm', 'Wilderness_Area3', 'Hillshade_Noon', 'Horizontal_Distance_To_Roadways', 'Elevation', 'Hillshade_9am', 'Slope', 'Horizontal_Distance_To_Hydrology', 'Horizontal_Distance_To_Fire_Points', 'Soil_Type10', 'Vertical_Distance_To_Hydrology', 'Soil_Type2', 'Soil_Type1', 'Soil_Type3', 'Soil_Type4', 'Soil_Type6', 'Aspect', 'Soil_Type11', 'Soil_Type17', 'Soil_Type5', 'Soil_Type14', 'Soil_Type16', 'Soil_Type32', 'Soil_Type13']"
490,lr_shap_list_ir_2,lr_shap_list_ir_2_subset_42,orderStd,"['Hillshade_3pm', 'Hillshade_Noon', 'Wilderness_Area4', 'Horizontal_Distance_To_Roadways', 'Wilderness_Area3', 'Elevation', 'Hillshade_9am', 'Slope', 'Horizontal_Distance_To_Hydrology', 'Horizontal_Distance_To_Fire_Points', 'Soil_Type2', 'Soil_Type3', 'Soil_Type17', 'Soil_Type1', 'Vertical_Distance_To_Hydrology', 'Soil_Type11', 'Soil_Type14', 'Soil_Type6', 'Soil_Type16', 'Soil_Type10', 'Soil_Type5', 'Soil_Type4', 'Aspect', 'Soil_Type32', 'Soil_Type13']"
491,lr_shap_list_ir_2,lr_shap_list_ir_2_subset_42,orderSum,"['Wilderness_Area4', 'Hillshade_3pm', 'Wilderness_Area3', 'Hillshade_Noon', 'Horizontal_Distance_To_Roadways', 'Elevation', 'Hillshade_9am', 'Slope', 'Horizontal_Distance_To_Hydrology', 'Horizontal_Distance_To_Fire_Points', 'Soil_Type10', 'Vertical_Distance_To_Hydrology', 'Soil_Type2', 'Soil_Type1', 'Soil_Type3', 'Soil_Type4', 'Soil_Type6', 'Aspect', 'Soil_Type11', 'Soil_Type17', 'Soil_Type5', 'Soil_Type14', 'Soil_Type16', 'Soil_Type32', 'Soil_Type13']"
492,lr_shap_list_ir_3,lr_shap_list_ir_3_subset_27,orderMean,"['Wilderness_Area4', 'Wilderness_Area3', 'Hillshade_3pm', 'Hillshade_Noon', 'Horizontal_Distance_To_Roadways', 'Elevation', 'Slope', 'Horizontal_Distance_To_Hydrology', 'Hillshade_9am', 'Horizontal_Distance_To_Fire_Points', 'Soil_Type2', 'Soil_Type10', 'Soil_Type3', 'Soil_Type6', 'Soil_Type4', 'Soil_Type1', 'Vertical_Distance_To_Hydrology', 'Soil_Type17', 'Soil_Type5', 'Aspect', 'Soil_Type11', 'Soil_Type14', 'Soil_Type16', 'Soil_Type32', 'Soil_Type13']"
493,lr_shap_list_ir_3,lr_shap_list_ir_3_subset_27,orderStd,"['Hillshade_3pm', 'Wilderness_Area4', 'Wilderness_Area3', 'Hillshade_Noon', 'Horizontal_Distance_To_Roadways', 'Elevation', 'Slope', 'Horizontal_Distance_To_Hydrology', 'Horizontal_Distance_To_Fire_Points', 'Soil_Type1', 'Hillshade_9am', 'Soil_Type2', 'Soil_Type17', 'Soil_Type6', 'Soil_Type3', 'Soil_Type14', 'Soil_Type5', 'Soil_Type4', 'Soil_Type10', 'Vertical_Distance_To_Hydrology', 'Soil_Type16', 'Soil_Type11', 'Aspect', 'Soil_Type32', 'Soil_Type13']"
494,lr_shap_list_ir_3,lr_shap_list_ir_3_subset_27,orderSum,"['Wilderness_Area4', 'Wilderness_Area3', 'Hillshade_3pm', 'Hillshade_Noon', 'Horizontal_Distance_To_Roadways', 'Elevation', 'Slope', 'Horizontal_Distance_To_Hydrology', 'Hillshade_9am', 'Horizontal_Distance_To_Fire_Points', 'Soil_Type2', 'Soil_Type10', 'Soil_Type3', 'Soil_Type6', 'Soil_Type4', 'Soil_Type1', 'Vertical_Distance_To_Hydrology', 'Soil_Type17', 'Soil_Type5', 'Aspect', 'Soil_Type11', 'Soil_Type14', 'Soil_Type16', 'Soil_Type32', 'Soil_Type13']"
495,lr_shap_list_ir_5,lr_shap_list_ir_5_subset_37,orderMean,"['Wilderness_Area4', 'Wilderness_Area3', 'Hillshade_3pm', 'Hillshade_Noon', 'Horizontal_Distance_To_Roadways', 'Elevation', 'Horizontal_Distance_To_Hydrology', 'Horizontal_Distance_To_Fire_Points', 'Slope', 'Soil_Type10', 'Hillshade_9am', 'Soil_Type2', 'Soil_Type3', 'Soil_Type1', 'Soil_Type17', 'Soil_Type6', 'Soil_Type4', 'Vertical_Distance_To_Hydrology', 'Aspect', 'Soil_Type14', 'Soil_Type11', 'Soil_Type5', 'Soil_Type16', 'Soil_Type32', 'Soil_Type13']"
496,lr_shap_list_ir_5,lr_shap_list_ir_5_subset_37,orderStd,"['Hillshade_3pm', 'Wilderness_Area4', 'Wilderness_Area3', 'Hillshade_Noon', 'Horizontal_Distance_To_Roadways', 'Elevation', 'Horizontal_Distance_To_Hydrology', 'Horizontal_Distance_To_Fire_Points', 'Soil_Type1', 'Slope', 'Soil_Type2', 'Soil_Type17', 'Soil_Type14', 'Soil_Type6', 'Soil_Type5', 'Hillshade_9am', 'Soil_Type3', 'Soil_Type10', 'Soil_Type4', 'Soil_Type11', 'Soil_Type16', 'Vertical_Distance_To_Hydrology', 'Aspect', 'Soil_Type32', 'Soil_Type13']"
497,lr_shap_list_ir_5,lr_shap_list_ir_5_subset_37,orderSum,"['Wilderness_Area4', 'Wilderness_Area3', 'Hillshade_3pm', 'Hillshade_Noon', 'Horizontal_Distance_To_Roadways', 'Elevation', 'Horizontal_Distance_To_Hydrology', 'Horizontal_Distance_To_Fire_Points', 'Slope', 'Soil_Type10', 'Hillshade_9am', 'Soil_Type2', 'Soil_Type3', 'Soil_Type1', 'Soil_Type17', 'Soil_Type6', 'Soil_Type4', 'Vertical_Distance_To_Hydrology', 'Aspect', 'Soil_Type14', 'Soil_Type11', 'Soil_Type5', 'Soil_Type16', 'Soil_Type32', 'Soil_Type13']"
498,lr_shap_list_ir_1,lr_shap_list_ir_1_subset_81,orderMean,"['Wilderness_Area3', 'Wilderness_Area4', 'Hillshade_3pm', 'Hillshade_Noon', 'Horizontal_Distance_To_Roadways', 'Horizontal_Distance_To_Hydrology', 'Elevation', 'Slope', 'Soil_Type2', 'Vertical_Distance_To_Hydrology', 'Soil_Type10', 'Horizontal_Distance_To_Fire_Points', 'Hillshade_9am', 'Soil_Type6', 'Soil_Type1', 'Aspect', 'Soil_Type3', 'Soil_Type5', 'Soil_Type4', 'Soil_Type17', 'Soil_Type16', 'Soil_Type11', 'Soil_Type14', 'Soil_Type32', 'Soil_Type13']"
499,lr_shap_list_ir_1,lr_shap_list_ir_1_subset_81,orderStd,"['Hillshade_3pm', 'Hillshade_Noon', 'Horizontal_Distance_To_Roadways', 'Horizontal_Distance_To_Hydrology', 'Soil_Type2', 'Elevation', 'Slope', 'Wilderness_Area3', 'Vertical_Distance_To_Hydrology', 'Soil_Type6', 'Soil_Type1', 'Wilderness_Area4', 'Horizontal_Distance_To_Fire_Points', 'Hillshade_9am', 'Soil_Type5', 'Soil_Type17', 'Soil_Type10', 'Soil_Type3', 'Soil_Type14', 'Soil_Type16', 'Aspect', 'Soil_Type4', 'Soil_Type11', 'Soil_Type32', 'Soil_Type13']"
500,lr_shap_list_ir_1,lr_shap_list_ir_1_subset_81,orderSum,"['Wilderness_Area3', 'Wilderness_Area4', 'Hillshade_3pm', 'Hillshade_Noon', 'Horizontal_Distance_To_Roadways', 'Horizontal_Distance_To_Hydrology', 'Elevation', 'Slope', 'Soil_Type2', 'Vertical_Distance_To_Hydrology', 'Soil_Type10', 'Horizontal_Distance_To_Fire_Points', 'Hillshade_9am', 'Soil_Type6', 'Soil_Type1', 'Aspect', 'Soil_Type3', 'Soil_Type5', 'Soil_Type4', 'Soil_Type17', 'Soil_Type16', 'Soil_Type11', 'Soil_Type14', 'Soil_Type32', 'Soil_Type13']"
501,lr_shap_list_ir_4,lr_shap_list_ir_4_subset_86,orderMean,"['Wilderness_Area4', 'Wilderness_Area3', 'Hillshade_3pm', 'Hillshade_Noon', 'Horizontal_Distance_To_Roadways', 'Elevation', 'Horizontal_Distance_To_Hydrology', 'Horizontal_Distance_To_Fire_Points', 'Slope', 'Soil_Type10', 'Soil_Type2', 'Hillshade_9am', 'Soil_Type1', 'Soil_Type17', 'Soil_Type3', 'Soil_Type6', 'Vertical_Distance_To_Hydrology', 'Soil_Type4', 'Aspect', 'Soil_Type11', 'Soil_Type14', 'Soil_Type5', 'Soil_Type16', 'Soil_Type32', 'Soil_Type13']"
502,lr_shap_list_ir_4,lr_shap_list_ir_4_subset_86,orderStd,"['Wilderness_Area4', 'Wilderness_Area3', 'Hillshade_3pm', 'Hillshade_Noon', 'Horizontal_Distance_To_Roadways', 'Elevation', 'Horizontal_Distance_To_Hydrology', 'Horizontal_Distance_To_Fire_Points', 'Soil_Type1', 'Slope', 'Soil_Type17', 'Soil_Type2', 'Soil_Type14', 'Soil_Type3', 'Soil_Type6', 'Soil_Type10', 'Soil_Type5', 'Soil_Type11', 'Soil_Type4', 'Hillshade_9am', 'Vertical_Distance_To_Hydrology', 'Soil_Type16', 'Aspect', 'Soil_Type32', 'Soil_Type13']"
503,lr_shap_list_ir_4,lr_shap_list_ir_4_subset_86,orderSum,"['Wilderness_Area4', 'Wilderness_Area3', 'Hillshade_3pm', 'Hillshade_Noon', 'Horizontal_Distance_To_Roadways', 'Elevation', 'Horizontal_Distance_To_Hydrology', 'Horizontal_Distance_To_Fire_Points', 'Slope', 'Soil_Type10', 'Soil_Type2', 'Hillshade_9am', 'Soil_Type1', 'Soil_Type17', 'Soil_Type3', 'Soil_Type6', 'Vertical_Distance_To_Hydrology', 'Soil_Type4', 'Aspect', 'Soil_Type11', 'Soil_Type14', 'Soil_Type5', 'Soil_Type16', 'Soil_Type32', 'Soil_Type13']"
504,lr_shap_list_ir_2,lr_shap_list_ir_2_subset_89,orderMean,"['Wilderness_Area4', 'Wilderness_Area3', 'Hillshade_3pm', 'Hillshade_Noon', 'Elevation', 'Horizontal_Distance_To_Roadways', 'Horizontal_Distance_To_Hydrology', 'Slope', 'Horizontal_Distance_To_Fire_Points', 'Soil_Type10', 'Vertical_Distance_To_Hydrology', 'Soil_Type2', 'Soil_Type4', 'Soil_Type1', 'Soil_Type3', 'Soil_Type6', 'Hillshade_9am', 'Aspect', 'Soil_Type11', 'Soil_Type14', 'Soil_Type5', 'Soil_Type17', 'Soil_Type16', 'Soil_Type32', 'Soil_Type13']"
505,lr_shap_list_ir_2,lr_shap_list_ir_2_subset_89,orderStd,"['Hillshade_3pm', 'Hillshade_Noon', 'Horizontal_Distance_To_Roadways', 'Elevation', 'Horizontal_Distance_To_Hydrology', 'Horizontal_Distance_To_Fire_Points', 'Slope', 'Soil_Type1', 'Soil_Type2', 'Soil_Type3', 'Soil_Type6', 'Vertical_Distance_To_Hydrology', 'Soil_Type14', 'Soil_Type10', 'Soil_Type11', 'Soil_Type5', 'Soil_Type17', 'Hillshade_9am', 'Soil_Type4', 'Soil_Type16', 'Wilderness_Area4', 'Wilderness_Area3', 'Aspect', 'Soil_Type32', 'Soil_Type13']"
506,lr_shap_list_ir_2,lr_shap_list_ir_2_subset_89,orderSum,"['Wilderness_Area4', 'Wilderness_Area3', 'Hillshade_3pm', 'Hillshade_Noon', 'Elevation', 'Horizontal_Distance_To_Roadways', 'Horizontal_Distance_To_Hydrology', 'Slope', 'Horizontal_Distance_To_Fire_Points', 'Soil_Type10', 'Vertical_Distance_To_Hydrology', 'Soil_Type2', 'Soil_Type4', 'Soil_Type1', 'Soil_Type3', 'Soil_Type6', 'Hillshade_9am', 'Aspect', 'Soil_Type11', 'Soil_Type14', 'Soil_Type5', 'Soil_Type17', 'Soil_Type16', 'Soil_Type32', 'Soil_Type13']"
507,lr_shap_list_ir_5,lr_shap_list_ir_5_subset_22,orderMean,"['Wilderness_Area4', 'Hillshade_3pm', 'Hillshade_Noon', 'Wilderness_Area3', 'Hillshade_9am', 'Horizontal_Distance_To_Roadways', 'Elevation', 'Slope', 'Horizontal_Distance_To_Hydrology', 'Horizontal_Distance_To_Fire_Points', 'Soil_Type10', 'Soil_Type3', 'Soil_Type2', 'Soil_Type17', 'Soil_Type6', 'Aspect', 'Soil_Type1', 'Vertical_Distance_To_Hydrology', 'Soil_Type4', 'Soil_Type11', 'Soil_Type14', 'Soil_Type16', 'Soil_Type5', 'Soil_Type32', 'Soil_Type13']"
508,lr_shap_list_ir_5,lr_shap_list_ir_5_subset_22,orderStd,"['Wilderness_Area4', 'Hillshade_3pm', 'Hillshade_Noon', 'Wilderness_Area3', 'Horizontal_Distance_To_Roadways', 'Hillshade_9am', 'Elevation', 'Slope', 'Horizontal_Distance_To_Fire_Points', 'Horizontal_Distance_To_Hydrology', 'Soil_Type1', 'Soil_Type17', 'Soil_Type14', 'Soil_Type3', 'Soil_Type2', 'Soil_Type6', 'Soil_Type16', 'Soil_Type5', 'Soil_Type10', 'Soil_Type11', 'Soil_Type4', 'Vertical_Distance_To_Hydrology', 'Aspect', 'Soil_Type32', 'Soil_Type13']"
509,lr_shap_list_ir_5,lr_shap_list_ir_5_subset_22,orderSum,"['Wilderness_Area4', 'Hillshade_3pm', 'Hillshade_Noon', 'Wilderness_Area3', 'Hillshade_9am', 'Horizontal_Distance_To_Roadways', 'Elevation', 'Slope', 'Horizontal_Distance_To_Hydrology', 'Horizontal_Distance_To_Fire_Points', 'Soil_Type10', 'Soil_Type3', 'Soil_Type2', 'Soil_Type17', 'Soil_Type6', 'Aspect', 'Soil_Type1', 'Vertical_Distance_To_Hydrology', 'Soil_Type4', 'Soil_Type11', 'Soil_Type14', 'Soil_Type16', 'Soil_Type5', 'Soil_Type32', 'Soil_Type13']"
510,lr_shap_list_ir_3,lr_shap_list_ir_3_subset_6,orderMean,"['Wilderness_Area4', 'Wilderness_Area3', 'Hillshade_3pm', 'Hillshade_Noon', 'Elevation', 'Horizontal_Distance_To_Roadways', 'Horizontal_Distance_To_Fire_Points', 'Soil_Type10', 'Hillshade_9am', 'Horizontal_Distance_To_Hydrology', 'Slope', 'Soil_Type2', 'Soil_Type1', 'Soil_Type6', 'Aspect', 'Soil_Type3', 'Soil_Type4', 'Soil_Type5', 'Soil_Type17', 'Soil_Type11', 'Vertical_Distance_To_Hydrology', 'Soil_Type14', 'Soil_Type16', 'Soil_Type32', 'Soil_Type13']"
511,lr_shap_list_ir_3,lr_shap_list_ir_3_subset_6,orderStd,"['Wilderness_Area4', 'Wilderness_Area3', 'Hillshade_3pm', 'Hillshade_Noon', 'Horizontal_Distance_To_Roadways', 'Elevation', 'Horizontal_Distance_To_Fire_Points', 'Soil_Type1', 'Horizontal_Distance_To_Hydrology', 'Soil_Type2', 'Hillshade_9am', 'Slope', 'Soil_Type3', 'Soil_Type17', 'Soil_Type6', 'Soil_Type10', 'Soil_Type11', 'Soil_Type5', 'Soil_Type14', 'Soil_Type4', 'Aspect', 'Soil_Type16', 'Vertical_Distance_To_Hydrology', 'Soil_Type32', 'Soil_Type13']"
512,lr_shap_list_ir_3,lr_shap_list_ir_3_subset_6,orderSum,"['Wilderness_Area4', 'Wilderness_Area3', 'Hillshade_3pm', 'Hillshade_Noon', 'Elevation', 'Horizontal_Distance_To_Roadways', 'Horizontal_Distance_To_Fire_Points', 'Soil_Type10', 'Hillshade_9am', 'Horizontal_Distance_To_Hydrology', 'Slope', 'Soil_Type2', 'Soil_Type1', 'Soil_Type6', 'Aspect', 'Soil_Type3', 'Soil_Type4', 'Soil_Type5', 'Soil_Type17', 'Soil_Type11', 'Vertical_Distance_To_Hydrology', 'Soil_Type14', 'Soil_Type16', 'Soil_Type32', 'Soil_Type13']"
513,lr_shap_list_ir_1,lr_shap_list_ir_1_subset_98,orderMean,"['Wilderness_Area4', 'Hillshade_3pm', 'Hillshade_9am', 'Hillshade_Noon', 'Wilderness_Area3', 'Slope', 'Horizontal_Distance_To_Roadways', 'Elevation', 'Horizontal_Distance_To_Fire_Points', 'Soil_Type2', 'Soil_Type3', 'Vertical_Distance_To_Hydrology', 'Soil_Type11', 'Soil_Type4', 'Aspect', 'Soil_Type17', 'Soil_Type10', 'Soil_Type1', 'Soil_Type6', 'Horizontal_Distance_To_Hydrology', 'Soil_Type16', 'Soil_Type14', 'Soil_Type5', 'Soil_Type32', 'Soil_Type13']"
514,lr_shap_list_ir_1,lr_shap_list_ir_1_subset_98,orderStd,"['Hillshade_3pm', 'Hillshade_Noon', 'Hillshade_9am', 'Wilderness_Area4', 'Horizontal_Distance_To_Roadways', 'Slope', 'Elevation', 'Wilderness_Area3', 'Soil_Type3', 'Soil_Type2', 'Horizontal_Distance_To_Fire_Points', 'Soil_Type11', 'Soil_Type17', 'Soil_Type14', 'Vertical_Distance_To_Hydrology', 'Soil_Type4', 'Soil_Type16', 'Soil_Type1', 'Soil_Type6', 'Aspect', 'Soil_Type5', 'Horizontal_Distance_To_Hydrology', 'Soil_Type10', 'Soil_Type32', 'Soil_Type13']"
515,lr_shap_list_ir_1,lr_shap_list_ir_1_subset_98,orderSum,"['Wilderness_Area4', 'Hillshade_3pm', 'Hillshade_9am', 'Hillshade_Noon', 'Wilderness_Area3', 'Slope', 'Horizontal_Distance_To_Roadways', 'Elevation', 'Horizontal_Distance_To_Fire_Points', 'Soil_Type2', 'Soil_Type3', 'Vertical_Distance_To_Hydrology', 'Soil_Type11', 'Soil_Type4', 'Aspect', 'Soil_Type17', 'Soil_Type10', 'Soil_Type1', 'Soil_Type6', 'Horizontal_Distance_To_Hydrology', 'Soil_Type16', 'Soil_Type14', 'Soil_Type5', 'Soil_Type32', 'Soil_Type13']"
516,lr_shap_list_ir_3,lr_shap_list_ir_3_subset_41,orderMean,"['Wilderness_Area4', 'Hillshade_3pm', 'Hillshade_Noon', 'Hillshade_9am', 'Wilderness_Area3', 'Horizontal_Distance_To_Roadways', 'Elevation', 'Slope', 'Horizontal_Distance_To_Hydrology', 'Horizontal_Distance_To_Fire_Points', 'Soil_Type10', 'Soil_Type3', 'Soil_Type2', 'Soil_Type17', 'Soil_Type1', 'Soil_Type4', 'Vertical_Distance_To_Hydrology', 'Soil_Type11', 'Aspect', 'Soil_Type5', 'Soil_Type6', 'Soil_Type14', 'Soil_Type16', 'Soil_Type32', 'Soil_Type13']"
517,lr_shap_list_ir_3,lr_shap_list_ir_3_subset_41,orderStd,"['Hillshade_3pm', 'Hillshade_Noon', 'Hillshade_9am', 'Horizontal_Distance_To_Roadways', 'Wilderness_Area4', 'Elevation', 'Slope', 'Horizontal_Distance_To_Hydrology', 'Horizontal_Distance_To_Fire_Points', 'Soil_Type17', 'Soil_Type3', 'Wilderness_Area3', 'Soil_Type14', 'Soil_Type2', 'Soil_Type1', 'Soil_Type11', 'Soil_Type5', 'Soil_Type16', 'Soil_Type10', 'Vertical_Distance_To_Hydrology', 'Soil_Type4', 'Soil_Type6', 'Aspect', 'Soil_Type32', 'Soil_Type13']"
518,lr_shap_list_ir_3,lr_shap_list_ir_3_subset_41,orderSum,"['Wilderness_Area4', 'Hillshade_3pm', 'Hillshade_Noon', 'Hillshade_9am', 'Wilderness_Area3', 'Horizontal_Distance_To_Roadways', 'Elevation', 'Slope', 'Horizontal_Distance_To_Hydrology', 'Horizontal_Distance_To_Fire_Points', 'Soil_Type10', 'Soil_Type3', 'Soil_Type2', 'Soil_Type17', 'Soil_Type1', 'Soil_Type4', 'Vertical_Distance_To_Hydrology', 'Soil_Type11', 'Aspect', 'Soil_Type5', 'Soil_Type6', 'Soil_Type14', 'Soil_Type16', 'Soil_Type32', 'Soil_Type13']"
519,lr_shap_list_ir_3,lr_shap_list_ir_3_subset_73,orderMean,"['Wilderness_Area4', 'Wilderness_Area3', 'Hillshade_3pm', 'Hillshade_Noon', 'Elevation', 'Horizontal_Distance_To_Roadways', 'Horizontal_Distance_To_Hydrology', 'Horizontal_Distance_To_Fire_Points', 'Slope', 'Soil_Type10', 'Soil_Type2', 'Soil_Type1', 'Soil_Type4', 'Soil_Type3', 'Vertical_Distance_To_Hydrology', 'Soil_Type6', 'Soil_Type17', 'Aspect', 'Hillshade_9am', 'Soil_Type5', 'Soil_Type14', 'Soil_Type16', 'Soil_Type11', 'Soil_Type32', 'Soil_Type13']"
520,lr_shap_list_ir_3,lr_shap_list_ir_3_subset_73,orderStd,"['Hillshade_Noon', 'Hillshade_3pm', 'Wilderness_Area4', 'Wilderness_Area3', 'Horizontal_Distance_To_Roadways', 'Elevation', 'Horizontal_Distance_To_Hydrology', 'Soil_Type1', 'Horizontal_Distance_To_Fire_Points', 'Soil_Type2', 'Slope', 'Soil_Type3', 'Soil_Type14', 'Soil_Type17', 'Soil_Type4', 'Soil_Type5', 'Soil_Type10', 'Soil_Type6', 'Soil_Type16', 'Vertical_Distance_To_Hydrology', 'Aspect', 'Hillshade_9am', 'Soil_Type11', 'Soil_Type32', 'Soil_Type13']"
521,lr_shap_list_ir_3,lr_shap_list_ir_3_subset_73,orderSum,"['Wilderness_Area4', 'Wilderness_Area3', 'Hillshade_3pm', 'Hillshade_Noon', 'Elevation', 'Horizontal_Distance_To_Roadways', 'Horizontal_Distance_To_Hydrology', 'Horizontal_Distance_To_Fire_Points', 'Slope', 'Soil_Type10', 'Soil_Type2', 'Soil_Type1', 'Soil_Type4', 'Soil_Type3', 'Vertical_Distance_To_Hydrology', 'Soil_Type6', 'Soil_Type17', 'Aspect', 'Hillshade_9am', 'Soil_Type5', 'Soil_Type14', 'Soil_Type16', 'Soil_Type11', 'Soil_Type32', 'Soil_Type13']"
522,lr_shap_list_ir_2,lr_shap_list_ir_2_subset_46,orderMean,"['Wilderness_Area4', 'Wilderness_Area3', 'Hillshade_3pm', 'Hillshade_Noon', 'Horizontal_Distance_To_Roadways', 'Elevation', 'Horizontal_Distance_To_Hydrology', 'Slope', 'Horizontal_Distance_To_Fire_Points', 'Hillshade_9am', 'Soil_Type10', 'Vertical_Distance_To_Hydrology', 'Soil_Type2', 'Soil_Type1', 'Soil_Type4', 'Soil_Type6', 'Aspect', 'Soil_Type3', 'Soil_Type5', 'Soil_Type16', 'Soil_Type11', 'Soil_Type17', 'Soil_Type14', 'Soil_Type32', 'Soil_Type13']"
523,lr_shap_list_ir_2,lr_shap_list_ir_2_subset_46,orderStd,"['Hillshade_3pm', 'Hillshade_Noon', 'Horizontal_Distance_To_Roadways', 'Elevation', 'Wilderness_Area4', 'Wilderness_Area3', 'Horizontal_Distance_To_Hydrology', 'Horizontal_Distance_To_Fire_Points', 'Slope', 'Hillshade_9am', 'Soil_Type2', 'Soil_Type6', 'Soil_Type1', 'Vertical_Distance_To_Hydrology', 'Soil_Type17', 'Soil_Type3', 'Soil_Type11', 'Soil_Type10', 'Soil_Type14', 'Soil_Type16', 'Soil_Type5', 'Soil_Type4', 'Aspect', 'Soil_Type32', 'Soil_Type13']"
524,lr_shap_list_ir_2,lr_shap_list_ir_2_subset_46,orderSum,"['Wilderness_Area4', 'Wilderness_Area3', 'Hillshade_3pm', 'Hillshade_Noon', 'Horizontal_Distance_To_Roadways', 'Elevation', 'Horizontal_Distance_To_Hydrology', 'Slope', 'Horizontal_Distance_To_Fire_Points', 'Hillshade_9am', 'Soil_Type10', 'Vertical_Distance_To_Hydrology', 'Soil_Type2', 'Soil_Type1', 'Soil_Type4', 'Soil_Type6', 'Aspect', 'Soil_Type3', 'Soil_Type5', 'Soil_Type16', 'Soil_Type11', 'Soil_Type17', 'Soil_Type14', 'Soil_Type32', 'Soil_Type13']"
525,lr_shap_list_ir_5,lr_shap_list_ir_5_subset_99,orderMean,"['Wilderness_Area4', 'Wilderness_Area3', 'Hillshade_3pm', 'Hillshade_Noon', 'Horizontal_Distance_To_Roadways', 'Elevation', 'Horizontal_Distance_To_Hydrology', 'Slope', 'Horizontal_Distance_To_Fire_Points', 'Soil_Type10', 'Hillshade_9am', 'Soil_Type2', 'Soil_Type1', 'Soil_Type4', 'Soil_Type3', 'Soil_Type17', 'Soil_Type6', 'Aspect', 'Soil_Type5', 'Vertical_Distance_To_Hydrology', 'Soil_Type14', 'Soil_Type11', 'Soil_Type16', 'Soil_Type32', 'Soil_Type13']"
526,lr_shap_list_ir_5,lr_shap_list_ir_5_subset_99,orderStd,"['Hillshade_3pm', 'Hillshade_Noon', 'Horizontal_Distance_To_Roadways', 'Wilderness_Area4', 'Wilderness_Area3', 'Elevation', 'Horizontal_Distance_To_Hydrology', 'Soil_Type1', 'Horizontal_Distance_To_Fire_Points', 'Slope', 'Soil_Type17', 'Soil_Type14', 'Soil_Type2', 'Hillshade_9am', 'Soil_Type6', 'Soil_Type10', 'Soil_Type3', 'Soil_Type5', 'Soil_Type4', 'Soil_Type11', 'Soil_Type16', 'Aspect', 'Vertical_Distance_To_Hydrology', 'Soil_Type32', 'Soil_Type13']"
527,lr_shap_list_ir_5,lr_shap_list_ir_5_subset_99,orderSum,"['Wilderness_Area4', 'Wilderness_Area3', 'Hillshade_3pm', 'Hillshade_Noon', 'Horizontal_Distance_To_Roadways', 'Elevation', 'Horizontal_Distance_To_Hydrology', 'Slope', 'Horizontal_Distance_To_Fire_Points', 'Soil_Type10', 'Hillshade_9am', 'Soil_Type2', 'Soil_Type1', 'Soil_Type4', 'Soil_Type3', 'Soil_Type17', 'Soil_Type6', 'Aspect', 'Soil_Type5', 'Vertical_Distance_To_Hydrology', 'Soil_Type14', 'Soil_Type11', 'Soil_Type16', 'Soil_Type32', 'Soil_Type13']"
528,lr_shap_list_ir_4,lr_shap_list_ir_4_subset_4,orderMean,"['Wilderness_Area4', 'Hillshade_3pm', 'Wilderness_Area3', 'Hillshade_Noon', 'Hillshade_9am', 'Horizontal_Distance_To_Roadways', 'Elevation', 'Slope', 'Horizontal_Distance_To_Hydrology', 'Horizontal_Distance_To_Fire_Points', 'Soil_Type10', 'Soil_Type3', 'Soil_Type17', 'Soil_Type1', 'Soil_Type2', 'Soil_Type4', 'Aspect', 'Soil_Type6', 'Vertical_Distance_To_Hydrology', 'Soil_Type14', 'Soil_Type11', 'Soil_Type5', 'Soil_Type16', 'Soil_Type32', 'Soil_Type13']"
529,lr_shap_list_ir_4,lr_shap_list_ir_4_subset_4,orderStd,"['Hillshade_3pm', 'Wilderness_Area4', 'Hillshade_Noon', 'Hillshade_9am', 'Wilderness_Area3', 'Horizontal_Distance_To_Roadways', 'Elevation', 'Slope', 'Horizontal_Distance_To_Fire_Points', 'Horizontal_Distance_To_Hydrology', 'Soil_Type3', 'Soil_Type14', 'Soil_Type17', 'Soil_Type1', 'Soil_Type10', 'Soil_Type2', 'Soil_Type4', 'Soil_Type11', 'Soil_Type16', 'Soil_Type6', 'Soil_Type5', 'Vertical_Distance_To_Hydrology', 'Aspect', 'Soil_Type32', 'Soil_Type13']"
530,lr_shap_list_ir_4,lr_shap_list_ir_4_subset_4,orderSum,"['Wilderness_Area4', 'Hillshade_3pm', 'Wilderness_Area3', 'Hillshade_Noon', 'Hillshade_9am', 'Horizontal_Distance_To_Roadways', 'Elevation', 'Slope', 'Horizontal_Distance_To_Hydrology', 'Horizontal_Distance_To_Fire_Points', 'Soil_Type10', 'Soil_Type3', 'Soil_Type17', 'Soil_Type1', 'Soil_Type2', 'Soil_Type4', 'Aspect', 'Soil_Type6', 'Vertical_Distance_To_Hydrology', 'Soil_Type14', 'Soil_Type11', 'Soil_Type5', 'Soil_Type16', 'Soil_Type32', 'Soil_Type13']"
531,lr_shap_list_ir_4,lr_shap_list_ir_4_subset_106,orderMean,"['Wilderness_Area4', 'Wilderness_Area3', 'Hillshade_3pm', 'Hillshade_Noon', 'Elevation', 'Horizontal_Distance_To_Roadways', 'Hillshade_9am', 'Horizontal_Distance_To_Hydrology', 'Slope', 'Horizontal_Distance_To_Fire_Points', 'Soil_Type10', 'Soil_Type3', 'Soil_Type4', 'Soil_Type2', 'Vertical_Distance_To_Hydrology', 'Soil_Type6', 'Soil_Type17', 'Soil_Type1', 'Soil_Type11', 'Aspect', 'Soil_Type14', 'Soil_Type5', 'Soil_Type16', 'Soil_Type32', 'Soil_Type13']"
532,lr_shap_list_ir_4,lr_shap_list_ir_4_subset_106,orderStd,"['Hillshade_3pm', 'Hillshade_Noon', 'Horizontal_Distance_To_Roadways', 'Elevation', 'Hillshade_9am', 'Wilderness_Area4', 'Horizontal_Distance_To_Fire_Points', 'Horizontal_Distance_To_Hydrology', 'Slope', 'Soil_Type1', 'Wilderness_Area3', 'Soil_Type3', 'Soil_Type17', 'Soil_Type14', 'Soil_Type2', 'Soil_Type6', 'Soil_Type11', 'Soil_Type10', 'Soil_Type4', 'Soil_Type16', 'Soil_Type5', 'Vertical_Distance_To_Hydrology', 'Aspect', 'Soil_Type32', 'Soil_Type13']"
533,lr_shap_list_ir_4,lr_shap_list_ir_4_subset_106,orderSum,"['Wilderness_Area4', 'Wilderness_Area3', 'Hillshade_3pm', 'Hillshade_Noon', 'Elevation', 'Horizontal_Distance_To_Roadways', 'Hillshade_9am', 'Horizontal_Distance_To_Hydrology', 'Slope', 'Horizontal_Distance_To_Fire_Points', 'Soil_Type10', 'Soil_Type3', 'Soil_Type4', 'Soil_Type2', 'Vertical_Distance_To_Hydrology', 'Soil_Type6', 'Soil_Type17', 'Soil_Type1', 'Soil_Type11', 'Aspect', 'Soil_Type14', 'Soil_Type5', 'Soil_Type16', 'Soil_Type32', 'Soil_Type13']"
534,lr_shap_list_ir_1,lr_shap_list_ir_1_subset_94,orderMean,"['Wilderness_Area3', 'Wilderness_Area4', 'Horizontal_Distance_To_Roadways', 'Hillshade_Noon', 'Elevation', 'Horizontal_Distance_To_Hydrology', 'Hillshade_3pm', 'Soil_Type10', 'Hillshade_9am', 'Horizontal_Distance_To_Fire_Points', 'Soil_Type2', 'Slope', 'Soil_Type4', 'Aspect', 'Soil_Type6', 'Vertical_Distance_To_Hydrology', 'Soil_Type1', 'Soil_Type3', 'Soil_Type5', 'Soil_Type14', 'Soil_Type17', 'Soil_Type11', 'Soil_Type16', 'Soil_Type32', 'Soil_Type13']"
535,lr_shap_list_ir_1,lr_shap_list_ir_1_subset_94,orderStd,"['Horizontal_Distance_To_Roadways', 'Hillshade_Noon', 'Elevation', 'Soil_Type2', 'Horizontal_Distance_To_Hydrology', 'Hillshade_3pm', 'Horizontal_Distance_To_Fire_Points', 'Hillshade_9am', 'Soil_Type6', 'Soil_Type1', 'Slope', 'Soil_Type17', 'Soil_Type10', 'Wilderness_Area3', 'Aspect', 'Soil_Type4', 'Soil_Type3', 'Soil_Type14', 'Soil_Type5', 'Wilderness_Area4', 'Vertical_Distance_To_Hydrology', 'Soil_Type11', 'Soil_Type16', 'Soil_Type32', 'Soil_Type13']"
536,lr_shap_list_ir_1,lr_shap_list_ir_1_subset_94,orderSum,"['Wilderness_Area3', 'Wilderness_Area4', 'Horizontal_Distance_To_Roadways', 'Hillshade_Noon', 'Elevation', 'Horizontal_Distance_To_Hydrology', 'Hillshade_3pm', 'Soil_Type10', 'Hillshade_9am', 'Horizontal_Distance_To_Fire_Points', 'Soil_Type2', 'Slope', 'Soil_Type4', 'Aspect', 'Soil_Type6', 'Vertical_Distance_To_Hydrology', 'Soil_Type1', 'Soil_Type3', 'Soil_Type5', 'Soil_Type14', 'Soil_Type17', 'Soil_Type11', 'Soil_Type16', 'Soil_Type32', 'Soil_Type13']"
537,lr_shap_list_ir_2,lr_shap_list_ir_2_subset_61,orderMean,"['Wilderness_Area4', 'Wilderness_Area3', 'Hillshade_3pm', 'Hillshade_Noon', 'Elevation', 'Horizontal_Distance_To_Roadways', 'Horizontal_Distance_To_Hydrology', 'Slope', 'Horizontal_Distance_To_Fire_Points', 'Hillshade_9am', 'Soil_Type10', 'Soil_Type2', 'Soil_Type4', 'Soil_Type1', 'Soil_Type6', 'Soil_Type3', 'Aspect', 'Soil_Type5', 'Soil_Type17', 'Soil_Type14', 'Vertical_Distance_To_Hydrology', 'Soil_Type11', 'Soil_Type16', 'Soil_Type32', 'Soil_Type13']"
538,lr_shap_list_ir_2,lr_shap_list_ir_2_subset_61,orderStd,"['Hillshade_3pm', 'Hillshade_Noon', 'Horizontal_Distance_To_Roadways', 'Elevation', 'Wilderness_Area4', 'Wilderness_Area3', 'Soil_Type1', 'Horizontal_Distance_To_Fire_Points', 'Horizontal_Distance_To_Hydrology', 'Slope', 'Soil_Type5', 'Hillshade_9am', 'Soil_Type14', 'Soil_Type3', 'Soil_Type2', 'Soil_Type17', 'Soil_Type4', 'Soil_Type6', 'Soil_Type10', 'Soil_Type16', 'Soil_Type11', 'Aspect', 'Vertical_Distance_To_Hydrology', 'Soil_Type32', 'Soil_Type13']"
539,lr_shap_list_ir_2,lr_shap_list_ir_2_subset_61,orderSum,"['Wilderness_Area4', 'Wilderness_Area3', 'Hillshade_3pm', 'Hillshade_Noon', 'Elevation', 'Horizontal_Distance_To_Roadways', 'Horizontal_Distance_To_Hydrology', 'Slope', 'Horizontal_Distance_To_Fire_Points', 'Hillshade_9am', 'Soil_Type10', 'Soil_Type2', 'Soil_Type4', 'Soil_Type1', 'Soil_Type6', 'Soil_Type3', 'Aspect', 'Soil_Type5', 'Soil_Type17', 'Soil_Type14', 'Vertical_Distance_To_Hydrology', 'Soil_Type11', 'Soil_Type16', 'Soil_Type32', 'Soil_Type13']"
540,lr_shap_list_ir_5,lr_shap_list_ir_5_subset_34,orderMean,"['Wilderness_Area4', 'Wilderness_Area3', 'Hillshade_3pm', 'Hillshade_Noon', 'Horizontal_Distance_To_Roadways', 'Elevation', 'Horizontal_Distance_To_Hydrology', 'Horizontal_Distance_To_Fire_Points', 'Slope', 'Soil_Type10', 'Soil_Type1', 'Soil_Type6', 'Soil_Type2', 'Hillshade_9am', 'Soil_Type4', 'Soil_Type3', 'Soil_Type17', 'Vertical_Distance_To_Hydrology', 'Aspect', 'Soil_Type5', 'Soil_Type11', 'Soil_Type14', 'Soil_Type16', 'Soil_Type32', 'Soil_Type13']"
541,lr_shap_list_ir_5,lr_shap_list_ir_5_subset_34,orderStd,"['Hillshade_3pm', 'Hillshade_Noon', 'Wilderness_Area4', 'Wilderness_Area3', 'Horizontal_Distance_To_Roadways', 'Elevation', 'Horizontal_Distance_To_Fire_Points', 'Horizontal_Distance_To_Hydrology', 'Slope', 'Soil_Type17', 'Soil_Type1', 'Soil_Type14', 'Soil_Type3', 'Soil_Type2', 'Soil_Type6', 'Soil_Type5', 'Soil_Type4', 'Soil_Type10', 'Hillshade_9am', 'Soil_Type16', 'Soil_Type11', 'Vertical_Distance_To_Hydrology', 'Aspect', 'Soil_Type32', 'Soil_Type13']"
542,lr_shap_list_ir_5,lr_shap_list_ir_5_subset_34,orderSum,"['Wilderness_Area4', 'Wilderness_Area3', 'Hillshade_3pm', 'Hillshade_Noon', 'Horizontal_Distance_To_Roadways', 'Elevation', 'Horizontal_Distance_To_Hydrology', 'Horizontal_Distance_To_Fire_Points', 'Slope', 'Soil_Type10', 'Soil_Type1', 'Soil_Type6', 'Soil_Type2', 'Hillshade_9am', 'Soil_Type4', 'Soil_Type3', 'Soil_Type17', 'Vertical_Distance_To_Hydrology', 'Aspect', 'Soil_Type5', 'Soil_Type11', 'Soil_Type14', 'Soil_Type16', 'Soil_Type32', 'Soil_Type13']"
543,lr_shap_list_ir_4,lr_shap_list_ir_4_subset_12,orderMean,"['Wilderness_Area3', 'Wilderness_Area4', 'Hillshade_3pm', 'Hillshade_Noon', 'Horizontal_Distance_To_Roadways', 'Elevation', 'Horizontal_Distance_To_Hydrology', 'Horizontal_Distance_To_Fire_Points', 'Slope', 'Soil_Type10', 'Soil_Type2', 'Soil_Type4', 'Hillshade_9am', 'Soil_Type6', 'Vertical_Distance_To_Hydrology', 'Soil_Type3', 'Soil_Type1', 'Soil_Type17', 'Aspect', 'Soil_Type11', 'Soil_Type5', 'Soil_Type14', 'Soil_Type16', 'Soil_Type32', 'Soil_Type13']"
544,lr_shap_list_ir_4,lr_shap_list_ir_4_subset_12,orderStd,"['Hillshade_3pm', 'Wilderness_Area3', 'Wilderness_Area4', 'Hillshade_Noon', 'Horizontal_Distance_To_Roadways', 'Elevation', 'Horizontal_Distance_To_Hydrology', 'Horizontal_Distance_To_Fire_Points', 'Soil_Type1', 'Slope', 'Soil_Type2', 'Soil_Type17', 'Soil_Type6', 'Soil_Type14', 'Soil_Type5', 'Soil_Type4', 'Soil_Type3', 'Soil_Type11', 'Hillshade_9am', 'Soil_Type10', 'Vertical_Distance_To_Hydrology', 'Soil_Type16', 'Aspect', 'Soil_Type32', 'Soil_Type13']"
545,lr_shap_list_ir_4,lr_shap_list_ir_4_subset_12,orderSum,"['Wilderness_Area3', 'Wilderness_Area4', 'Hillshade_3pm', 'Hillshade_Noon', 'Horizontal_Distance_To_Roadways', 'Elevation', 'Horizontal_Distance_To_Hydrology', 'Horizontal_Distance_To_Fire_Points', 'Slope', 'Soil_Type10', 'Soil_Type2', 'Soil_Type4', 'Hillshade_9am', 'Soil_Type6', 'Vertical_Distance_To_Hydrology', 'Soil_Type3', 'Soil_Type1', 'Soil_Type17', 'Aspect', 'Soil_Type11', 'Soil_Type5', 'Soil_Type14', 'Soil_Type16', 'Soil_Type32', 'Soil_Type13']"
546,lr_shap_list_ir_5,lr_shap_list_ir_5_subset_62,orderMean,"['Wilderness_Area4', 'Wilderness_Area3', 'Hillshade_3pm', 'Hillshade_Noon', 'Elevation', 'Horizontal_Distance_To_Roadways', 'Hillshade_9am', 'Horizontal_Distance_To_Hydrology', 'Slope', 'Horizontal_Distance_To_Fire_Points', 'Soil_Type10', 'Soil_Type4', 'Soil_Type3', 'Aspect', 'Vertical_Distance_To_Hydrology', 'Soil_Type6', 'Soil_Type1', 'Soil_Type2', 'Soil_Type17', 'Soil_Type14', 'Soil_Type11', 'Soil_Type5', 'Soil_Type16', 'Soil_Type32', 'Soil_Type13']"
547,lr_shap_list_ir_5,lr_shap_list_ir_5_subset_62,orderStd,"['Hillshade_3pm', 'Wilderness_Area4', 'Hillshade_Noon', 'Wilderness_Area3', 'Horizontal_Distance_To_Roadways', 'Elevation', 'Hillshade_9am', 'Horizontal_Distance_To_Hydrology', 'Horizontal_Distance_To_Fire_Points', 'Slope', 'Soil_Type17', 'Soil_Type1', 'Soil_Type14', 'Soil_Type2', 'Soil_Type3', 'Soil_Type4', 'Soil_Type11', 'Soil_Type6', 'Soil_Type5', 'Soil_Type10', 'Soil_Type16', 'Vertical_Distance_To_Hydrology', 'Aspect', 'Soil_Type32', 'Soil_Type13']"
548,lr_shap_list_ir_5,lr_shap_list_ir_5_subset_62,orderSum,"['Wilderness_Area4', 'Wilderness_Area3', 'Hillshade_3pm', 'Hillshade_Noon', 'Elevation', 'Horizontal_Distance_To_Roadways', 'Hillshade_9am', 'Horizontal_Distance_To_Hydrology', 'Slope', 'Horizontal_Distance_To_Fire_Points', 'Soil_Type10', 'Soil_Type4', 'Soil_Type3', 'Aspect', 'Vertical_Distance_To_Hydrology', 'Soil_Type6', 'Soil_Type1', 'Soil_Type2', 'Soil_Type17', 'Soil_Type14', 'Soil_Type11', 'Soil_Type5', 'Soil_Type16', 'Soil_Type32', 'Soil_Type13']"
549,lr_shap_list_ir_3,lr_shap_list_ir_3_subset_33,orderMean,"['Wilderness_Area4', 'Wilderness_Area3', 'Hillshade_3pm', 'Hillshade_Noon', 'Horizontal_Distance_To_Roadways', 'Elevation', 'Horizontal_Distance_To_Hydrology', 'Horizontal_Distance_To_Fire_Points', 'Slope', 'Soil_Type10', 'Hillshade_9am', 'Soil_Type2', 'Vertical_Distance_To_Hydrology', 'Soil_Type4', 'Soil_Type3', 'Soil_Type17', 'Soil_Type6', 'Soil_Type1', 'Aspect', 'Soil_Type5', 'Soil_Type14', 'Soil_Type11', 'Soil_Type16', 'Soil_Type32', 'Soil_Type13']"
550,lr_shap_list_ir_3,lr_shap_list_ir_3_subset_33,orderStd,"['Hillshade_3pm', 'Hillshade_Noon', 'Horizontal_Distance_To_Roadways', 'Elevation', 'Horizontal_Distance_To_Hydrology', 'Soil_Type1', 'Wilderness_Area4', 'Wilderness_Area3', 'Horizontal_Distance_To_Fire_Points', 'Slope', 'Soil_Type2', 'Hillshade_9am', 'Soil_Type17', 'Soil_Type3', 'Soil_Type5', 'Soil_Type6', 'Soil_Type14', 'Soil_Type10', 'Vertical_Distance_To_Hydrology', 'Soil_Type16', 'Soil_Type4', 'Soil_Type11', 'Aspect', 'Soil_Type32', 'Soil_Type13']"
551,lr_shap_list_ir_3,lr_shap_list_ir_3_subset_33,orderSum,"['Wilderness_Area4', 'Wilderness_Area3', 'Hillshade_3pm', 'Hillshade_Noon', 'Horizontal_Distance_To_Roadways', 'Elevation', 'Horizontal_Distance_To_Hydrology', 'Horizontal_Distance_To_Fire_Points', 'Slope', 'Soil_Type10', 'Hillshade_9am', 'Soil_Type2', 'Vertical_Distance_To_Hydrology', 'Soil_Type4', 'Soil_Type3', 'Soil_Type17', 'Soil_Type6', 'Soil_Type1', 'Aspect', 'Soil_Type5', 'Soil_Type14', 'Soil_Type11', 'Soil_Type16', 'Soil_Type32', 'Soil_Type13']"
552,lr_shap_list_ir_5,lr_shap_list_ir_5_subset_79,orderMean,"['Wilderness_Area4', 'Wilderness_Area3', 'Hillshade_3pm', 'Hillshade_Noon', 'Hillshade_9am', 'Horizontal_Distance_To_Roadways', 'Elevation', 'Slope', 'Horizontal_Distance_To_Hydrology', 'Horizontal_Distance_To_Fire_Points', 'Soil_Type10', 'Soil_Type2', 'Soil_Type3', 'Soil_Type4', 'Soil_Type6', 'Soil_Type1', 'Soil_Type17', 'Vertical_Distance_To_Hydrology', 'Aspect', 'Soil_Type5', 'Soil_Type14', 'Soil_Type11', 'Soil_Type16', 'Soil_Type32', 'Soil_Type13']"
553,lr_shap_list_ir_5,lr_shap_list_ir_5_subset_79,orderStd,"['Hillshade_3pm', 'Hillshade_Noon', 'Hillshade_9am', 'Horizontal_Distance_To_Roadways', 'Elevation', 'Wilderness_Area4', 'Slope', 'Horizontal_Distance_To_Fire_Points', 'Wilderness_Area3', 'Horizontal_Distance_To_Hydrology', 'Soil_Type17', 'Soil_Type1', 'Soil_Type2', 'Soil_Type14', 'Soil_Type3', 'Soil_Type6', 'Soil_Type10', 'Soil_Type5', 'Soil_Type16', 'Soil_Type11', 'Soil_Type4', 'Vertical_Distance_To_Hydrology', 'Aspect', 'Soil_Type32', 'Soil_Type13']"
554,lr_shap_list_ir_5,lr_shap_list_ir_5_subset_79,orderSum,"['Wilderness_Area4', 'Wilderness_Area3', 'Hillshade_3pm', 'Hillshade_Noon', 'Hillshade_9am', 'Horizontal_Distance_To_Roadways', 'Elevation', 'Slope', 'Horizontal_Distance_To_Hydrology', 'Horizontal_Distance_To_Fire_Points', 'Soil_Type10', 'Soil_Type2', 'Soil_Type3', 'Soil_Type4', 'Soil_Type6', 'Soil_Type1', 'Soil_Type17', 'Vertical_Distance_To_Hydrology', 'Aspect', 'Soil_Type5', 'Soil_Type14', 'Soil_Type11', 'Soil_Type16', 'Soil_Type32', 'Soil_Type13']"
555,lr_shap_list_ir_4,lr_shap_list_ir_4_subset_49,orderMean,"['Wilderness_Area4', 'Wilderness_Area3', 'Hillshade_3pm', 'Hillshade_Noon', 'Horizontal_Distance_To_Roadways', 'Elevation', 'Hillshade_9am', 'Slope', 'Horizontal_Distance_To_Fire_Points', 'Horizontal_Distance_To_Hydrology', 'Soil_Type10', 'Soil_Type2', 'Soil_Type4', 'Soil_Type6', 'Soil_Type3', 'Soil_Type1', 'Soil_Type17', 'Aspect', 'Soil_Type5', 'Soil_Type11', 'Vertical_Distance_To_Hydrology', 'Soil_Type14', 'Soil_Type16', 'Soil_Type32', 'Soil_Type13']"
556,lr_shap_list_ir_4,lr_shap_list_ir_4_subset_49,orderStd,"['Hillshade_3pm', 'Hillshade_Noon', 'Wilderness_Area4', 'Wilderness_Area3', 'Horizontal_Distance_To_Roadways', 'Elevation', 'Horizontal_Distance_To_Fire_Points', 'Hillshade_9am', 'Slope', 'Horizontal_Distance_To_Hydrology', 'Soil_Type1', 'Soil_Type3', 'Soil_Type2', 'Soil_Type17', 'Soil_Type11', 'Soil_Type14', 'Soil_Type6', 'Soil_Type5', 'Soil_Type10', 'Soil_Type4', 'Soil_Type16', 'Aspect', 'Vertical_Distance_To_Hydrology', 'Soil_Type32', 'Soil_Type13']"
557,lr_shap_list_ir_4,lr_shap_list_ir_4_subset_49,orderSum,"['Wilderness_Area4', 'Wilderness_Area3', 'Hillshade_3pm', 'Hillshade_Noon', 'Horizontal_Distance_To_Roadways', 'Elevation', 'Hillshade_9am', 'Slope', 'Horizontal_Distance_To_Fire_Points', 'Horizontal_Distance_To_Hydrology', 'Soil_Type10', 'Soil_Type2', 'Soil_Type4', 'Soil_Type6', 'Soil_Type3', 'Soil_Type1', 'Soil_Type17', 'Aspect', 'Soil_Type5', 'Soil_Type11', 'Vertical_Distance_To_Hydrology', 'Soil_Type14', 'Soil_Type16', 'Soil_Type32', 'Soil_Type13']"
558,lr_shap_list_ir_4,lr_shap_list_ir_4_subset_51,orderMean,"['Wilderness_Area4', 'Wilderness_Area3', 'Hillshade_3pm', 'Hillshade_Noon', 'Hillshade_9am', 'Horizontal_Distance_To_Roadways', 'Elevation', 'Slope', 'Horizontal_Distance_To_Hydrology', 'Horizontal_Distance_To_Fire_Points', 'Soil_Type2', 'Soil_Type10', 'Soil_Type4', 'Soil_Type3', 'Soil_Type1', 'Soil_Type6', 'Soil_Type17', 'Aspect', 'Vertical_Distance_To_Hydrology', 'Soil_Type5', 'Soil_Type11', 'Soil_Type14', 'Soil_Type16', 'Soil_Type32', 'Soil_Type13']"
559,lr_shap_list_ir_4,lr_shap_list_ir_4_subset_51,orderStd,"['Hillshade_3pm', 'Hillshade_Noon', 'Wilderness_Area4', 'Horizontal_Distance_To_Roadways', 'Wilderness_Area3', 'Hillshade_9am', 'Elevation', 'Slope', 'Horizontal_Distance_To_Fire_Points', 'Horizontal_Distance_To_Hydrology', 'Soil_Type1', 'Soil_Type14', 'Soil_Type17', 'Soil_Type2', 'Soil_Type6', 'Soil_Type3', 'Soil_Type4', 'Soil_Type11', 'Soil_Type5', 'Soil_Type16', 'Soil_Type10', 'Vertical_Distance_To_Hydrology', 'Aspect', 'Soil_Type32', 'Soil_Type13']"
560,lr_shap_list_ir_4,lr_shap_list_ir_4_subset_51,orderSum,"['Wilderness_Area4', 'Wilderness_Area3', 'Hillshade_3pm', 'Hillshade_Noon', 'Hillshade_9am', 'Horizontal_Distance_To_Roadways', 'Elevation', 'Slope', 'Horizontal_Distance_To_Hydrology', 'Horizontal_Distance_To_Fire_Points', 'Soil_Type2', 'Soil_Type10', 'Soil_Type4', 'Soil_Type3', 'Soil_Type1', 'Soil_Type6', 'Soil_Type17', 'Aspect', 'Vertical_Distance_To_Hydrology', 'Soil_Type5', 'Soil_Type11', 'Soil_Type14', 'Soil_Type16', 'Soil_Type32', 'Soil_Type13']"
561,lr_shap_list_ir_2,lr_shap_list_ir_2_subset_97,orderMean,"['Wilderness_Area4', 'Wilderness_Area3', 'Hillshade_3pm', 'Hillshade_Noon', 'Horizontal_Distance_To_Roadways', 'Elevation', 'Hillshade_9am', 'Horizontal_Distance_To_Hydrology', 'Slope', 'Horizontal_Distance_To_Fire_Points', 'Soil_Type4', 'Soil_Type10', 'Soil_Type1', 'Soil_Type2', 'Soil_Type6', 'Vertical_Distance_To_Hydrology', 'Soil_Type17', 'Soil_Type11', 'Aspect', 'Soil_Type5', 'Soil_Type3', 'Soil_Type16', 'Soil_Type14', 'Soil_Type32', 'Soil_Type13']"
562,lr_shap_list_ir_2,lr_shap_list_ir_2_subset_97,orderStd,"['Hillshade_3pm', 'Hillshade_Noon', 'Horizontal_Distance_To_Roadways', 'Elevation', 'Wilderness_Area4', 'Wilderness_Area3', 'Hillshade_9am', 'Horizontal_Distance_To_Hydrology', 'Horizontal_Distance_To_Fire_Points', 'Slope', 'Soil_Type1', 'Soil_Type6', 'Soil_Type4', 'Soil_Type17', 'Soil_Type14', 'Soil_Type5', 'Soil_Type10', 'Soil_Type2', 'Soil_Type11', 'Soil_Type16', 'Vertical_Distance_To_Hydrology', 'Soil_Type3', 'Aspect', 'Soil_Type32', 'Soil_Type13']"
563,lr_shap_list_ir_2,lr_shap_list_ir_2_subset_97,orderSum,"['Wilderness_Area4', 'Wilderness_Area3', 'Hillshade_3pm', 'Hillshade_Noon', 'Horizontal_Distance_To_Roadways', 'Elevation', 'Hillshade_9am', 'Horizontal_Distance_To_Hydrology', 'Slope', 'Horizontal_Distance_To_Fire_Points', 'Soil_Type4', 'Soil_Type10', 'Soil_Type1', 'Soil_Type2', 'Soil_Type6', 'Vertical_Distance_To_Hydrology', 'Soil_Type17', 'Soil_Type11', 'Aspect', 'Soil_Type5', 'Soil_Type3', 'Soil_Type16', 'Soil_Type14', 'Soil_Type32', 'Soil_Type13']"
564,lr_shap_list_ir_5,lr_shap_list_ir_5_subset_47,orderMean,"['Wilderness_Area4', 'Wilderness_Area3', 'Hillshade_3pm', 'Hillshade_Noon', 'Horizontal_Distance_To_Roadways', 'Elevation', 'Horizontal_Distance_To_Hydrology', 'Horizontal_Distance_To_Fire_Points', 'Slope', 'Soil_Type10', 'Soil_Type2', 'Soil_Type3', 'Hillshade_9am', 'Soil_Type4', 'Soil_Type1', 'Soil_Type17', 'Aspect', 'Soil_Type6', 'Vertical_Distance_To_Hydrology', 'Soil_Type5', 'Soil_Type14', 'Soil_Type11', 'Soil_Type16', 'Soil_Type32', 'Soil_Type13']"
565,lr_shap_list_ir_5,lr_shap_list_ir_5_subset_47,orderStd,"['Wilderness_Area4', 'Wilderness_Area3', 'Hillshade_3pm', 'Hillshade_Noon', 'Horizontal_Distance_To_Roadways', 'Elevation', 'Horizontal_Distance_To_Hydrology', 'Horizontal_Distance_To_Fire_Points', 'Soil_Type2', 'Soil_Type1', 'Slope', 'Soil_Type14', 'Soil_Type17', 'Soil_Type3', 'Soil_Type10', 'Soil_Type6', 'Soil_Type5', 'Soil_Type11', 'Hillshade_9am', 'Soil_Type4', 'Soil_Type16', 'Vertical_Distance_To_Hydrology', 'Aspect', 'Soil_Type32', 'Soil_Type13']"
566,lr_shap_list_ir_5,lr_shap_list_ir_5_subset_47,orderSum,"['Wilderness_Area4', 'Wilderness_Area3', 'Hillshade_3pm', 'Hillshade_Noon', 'Horizontal_Distance_To_Roadways', 'Elevation', 'Horizontal_Distance_To_Hydrology', 'Horizontal_Distance_To_Fire_Points', 'Slope', 'Soil_Type10', 'Soil_Type2', 'Soil_Type3', 'Hillshade_9am', 'Soil_Type4', 'Soil_Type1', 'Soil_Type17', 'Aspect', 'Soil_Type6', 'Vertical_Distance_To_Hydrology', 'Soil_Type5', 'Soil_Type14', 'Soil_Type11', 'Soil_Type16', 'Soil_Type32', 'Soil_Type13']"
567,lr_shap_list_ir_2,lr_shap_list_ir_2_subset_1,orderMean,"['Wilderness_Area4', 'Wilderness_Area3', 'Hillshade_3pm', 'Hillshade_Noon', 'Horizontal_Distance_To_Roadways', 'Elevation', 'Horizontal_Distance_To_Hydrology', 'Horizontal_Distance_To_Fire_Points', 'Slope', 'Soil_Type2', 'Soil_Type10', 'Soil_Type6', 'Soil_Type4', 'Soil_Type1', 'Vertical_Distance_To_Hydrology', 'Hillshade_9am', 'Soil_Type3', 'Soil_Type17', 'Soil_Type11', 'Aspect', 'Soil_Type14', 'Soil_Type5', 'Soil_Type16', 'Soil_Type32', 'Soil_Type13']"
568,lr_shap_list_ir_2,lr_shap_list_ir_2_subset_1,orderStd,"['Hillshade_3pm', 'Hillshade_Noon', 'Horizontal_Distance_To_Roadways', 'Elevation', 'Wilderness_Area4', 'Wilderness_Area3', 'Horizontal_Distance_To_Hydrology', 'Soil_Type1', 'Horizontal_Distance_To_Fire_Points', 'Soil_Type2', 'Slope', 'Soil_Type6', 'Soil_Type17', 'Soil_Type14', 'Soil_Type11', 'Soil_Type5', 'Soil_Type10', 'Soil_Type3', 'Vertical_Distance_To_Hydrology', 'Soil_Type4', 'Hillshade_9am', 'Soil_Type16', 'Aspect', 'Soil_Type32', 'Soil_Type13']"
569,lr_shap_list_ir_2,lr_shap_list_ir_2_subset_1,orderSum,"['Wilderness_Area4', 'Wilderness_Area3', 'Hillshade_3pm', 'Hillshade_Noon', 'Horizontal_Distance_To_Roadways', 'Elevation', 'Horizontal_Distance_To_Hydrology', 'Horizontal_Distance_To_Fire_Points', 'Slope', 'Soil_Type2', 'Soil_Type10', 'Soil_Type6', 'Soil_Type4', 'Soil_Type1', 'Vertical_Distance_To_Hydrology', 'Hillshade_9am', 'Soil_Type3', 'Soil_Type17', 'Soil_Type11', 'Aspect', 'Soil_Type14', 'Soil_Type5', 'Soil_Type16', 'Soil_Type32', 'Soil_Type13']"
570,lr_shap_list_ir_2,lr_shap_list_ir_2_subset_16,orderMean,"['Wilderness_Area4', 'Hillshade_3pm', 'Wilderness_Area3', 'Hillshade_Noon', 'Hillshade_9am', 'Horizontal_Distance_To_Roadways', 'Elevation', 'Slope', 'Horizontal_Distance_To_Hydrology', 'Horizontal_Distance_To_Fire_Points', 'Vertical_Distance_To_Hydrology', 'Soil_Type10', 'Soil_Type3', 'Soil_Type2', 'Soil_Type4', 'Soil_Type17', 'Soil_Type1', 'Aspect', 'Soil_Type6', 'Soil_Type5', 'Soil_Type14', 'Soil_Type11', 'Soil_Type16', 'Soil_Type32', 'Soil_Type13']"
571,lr_shap_list_ir_2,lr_shap_list_ir_2_subset_16,orderStd,"['Hillshade_3pm', 'Hillshade_Noon', 'Hillshade_9am', 'Horizontal_Distance_To_Roadways', 'Elevation', 'Wilderness_Area4', 'Slope', 'Horizontal_Distance_To_Hydrology', 'Horizontal_Distance_To_Fire_Points', 'Wilderness_Area3', 'Soil_Type3', 'Soil_Type1', 'Soil_Type17', 'Soil_Type14', 'Vertical_Distance_To_Hydrology', 'Soil_Type5', 'Soil_Type11', 'Soil_Type2', 'Soil_Type6', 'Soil_Type4', 'Soil_Type10', 'Soil_Type16', 'Aspect', 'Soil_Type32', 'Soil_Type13']"
572,lr_shap_list_ir_2,lr_shap_list_ir_2_subset_16,orderSum,"['Wilderness_Area4', 'Hillshade_3pm', 'Wilderness_Area3', 'Hillshade_Noon', 'Hillshade_9am', 'Horizontal_Distance_To_Roadways', 'Elevation', 'Slope', 'Horizontal_Distance_To_Hydrology', 'Horizontal_Distance_To_Fire_Points', 'Vertical_Distance_To_Hydrology', 'Soil_Type10', 'Soil_Type3', 'Soil_Type2', 'Soil_Type4', 'Soil_Type17', 'Soil_Type1', 'Aspect', 'Soil_Type6', 'Soil_Type5', 'Soil_Type14', 'Soil_Type11', 'Soil_Type16', 'Soil_Type32', 'Soil_Type13']"
573,lr_shap_list_ir_1,lr_shap_list_ir_1_subset_60,orderMean,"['Wilderness_Area4', 'Wilderness_Area3', 'Hillshade_3pm', 'Hillshade_Noon', 'Elevation', 'Hillshade_9am', 'Horizontal_Distance_To_Roadways', 'Horizontal_Distance_To_Fire_Points', 'Aspect', 'Horizontal_Distance_To_Hydrology', 'Soil_Type4', 'Soil_Type11', 'Slope', 'Soil_Type3', 'Soil_Type10', 'Soil_Type5', 'Soil_Type6', 'Soil_Type17', 'Vertical_Distance_To_Hydrology', 'Soil_Type1', 'Soil_Type14', 'Soil_Type16', 'Soil_Type2', 'Soil_Type32', 'Soil_Type13']"
574,lr_shap_list_ir_1,lr_shap_list_ir_1_subset_60,orderStd,"['Hillshade_3pm', 'Hillshade_Noon', 'Soil_Type11', 'Elevation', 'Horizontal_Distance_To_Roadways', 'Hillshade_9am', 'Wilderness_Area4', 'Horizontal_Distance_To_Fire_Points', 'Wilderness_Area3', 'Soil_Type3', 'Horizontal_Distance_To_Hydrology', 'Soil_Type4', 'Soil_Type17', 'Aspect', 'Soil_Type5', 'Slope', 'Soil_Type14', 'Soil_Type6', 'Soil_Type16', 'Soil_Type1', 'Soil_Type10', 'Vertical_Distance_To_Hydrology', 'Soil_Type32', 'Soil_Type2', 'Soil_Type13']"
575,lr_shap_list_ir_1,lr_shap_list_ir_1_subset_60,orderSum,"['Wilderness_Area4', 'Wilderness_Area3', 'Hillshade_3pm', 'Hillshade_Noon', 'Elevation', 'Hillshade_9am', 'Horizontal_Distance_To_Roadways', 'Horizontal_Distance_To_Fire_Points', 'Aspect', 'Horizontal_Distance_To_Hydrology', 'Soil_Type4', 'Soil_Type11', 'Slope', 'Soil_Type3', 'Soil_Type10', 'Soil_Type5', 'Soil_Type6', 'Soil_Type17', 'Vertical_Distance_To_Hydrology', 'Soil_Type1', 'Soil_Type14', 'Soil_Type16', 'Soil_Type2', 'Soil_Type32', 'Soil_Type13']"
576,lr_shap_list_ir_4,lr_shap_list_ir_4_subset_73,orderMean,"['Wilderness_Area4', 'Wilderness_Area3', 'Hillshade_3pm', 'Hillshade_Noon', 'Elevation', 'Horizontal_Distance_To_Roadways', 'Horizontal_Distance_To_Hydrology', 'Horizontal_Distance_To_Fire_Points', 'Slope', 'Soil_Type10', 'Soil_Type4', 'Soil_Type3', 'Soil_Type2', 'Soil_Type6', 'Soil_Type17', 'Soil_Type1', 'Vertical_Distance_To_Hydrology', 'Hillshade_9am', 'Soil_Type14', 'Soil_Type11', 'Soil_Type5', 'Aspect', 'Soil_Type16', 'Soil_Type32', 'Soil_Type13']"
577,lr_shap_list_ir_4,lr_shap_list_ir_4_subset_73,orderStd,"['Hillshade_Noon', 'Hillshade_3pm', 'Horizontal_Distance_To_Roadways', 'Elevation', 'Wilderness_Area4', 'Wilderness_Area3', 'Horizontal_Distance_To_Hydrology', 'Horizontal_Distance_To_Fire_Points', 'Soil_Type1', 'Slope', 'Soil_Type3', 'Soil_Type17', 'Soil_Type4', 'Soil_Type10', 'Soil_Type2', 'Soil_Type5', 'Soil_Type14', 'Soil_Type6', 'Soil_Type11', 'Soil_Type16', 'Vertical_Distance_To_Hydrology', 'Hillshade_9am', 'Aspect', 'Soil_Type32', 'Soil_Type13']"
578,lr_shap_list_ir_4,lr_shap_list_ir_4_subset_73,orderSum,"['Wilderness_Area4', 'Wilderness_Area3', 'Hillshade_3pm', 'Hillshade_Noon', 'Elevation', 'Horizontal_Distance_To_Roadways', 'Horizontal_Distance_To_Hydrology', 'Horizontal_Distance_To_Fire_Points', 'Slope', 'Soil_Type10', 'Soil_Type4', 'Soil_Type3', 'Soil_Type2', 'Soil_Type6', 'Soil_Type17', 'Soil_Type1', 'Vertical_Distance_To_Hydrology', 'Hillshade_9am', 'Soil_Type14', 'Soil_Type11', 'Soil_Type5', 'Aspect', 'Soil_Type16', 'Soil_Type32', 'Soil_Type13']"
579,lr_shap_list_ir_5,lr_shap_list_ir_5_subset_82,orderMean,"['Wilderness_Area4', 'Wilderness_Area3', 'Hillshade_3pm', 'Hillshade_Noon', 'Horizontal_Distance_To_Roadways', 'Elevation', 'Horizontal_Distance_To_Hydrology', 'Horizontal_Distance_To_Fire_Points', 'Slope', 'Hillshade_9am', 'Soil_Type10', 'Soil_Type2', 'Soil_Type4', 'Soil_Type3', 'Soil_Type1', 'Soil_Type17', 'Vertical_Distance_To_Hydrology', 'Soil_Type6', 'Aspect', 'Soil_Type11', 'Soil_Type5', 'Soil_Type16', 'Soil_Type14', 'Soil_Type32', 'Soil_Type13']"
580,lr_shap_list_ir_5,lr_shap_list_ir_5_subset_82,orderStd,"['Hillshade_3pm', 'Wilderness_Area4', 'Hillshade_Noon', 'Wilderness_Area3', 'Horizontal_Distance_To_Roadways', 'Elevation', 'Horizontal_Distance_To_Hydrology', 'Horizontal_Distance_To_Fire_Points', 'Slope', 'Soil_Type1', 'Soil_Type2', 'Hillshade_9am', 'Soil_Type17', 'Soil_Type3', 'Soil_Type14', 'Soil_Type6', 'Soil_Type4', 'Soil_Type5', 'Soil_Type10', 'Soil_Type11', 'Vertical_Distance_To_Hydrology', 'Soil_Type16', 'Aspect', 'Soil_Type32', 'Soil_Type13']"
581,lr_shap_list_ir_5,lr_shap_list_ir_5_subset_82,orderSum,"['Wilderness_Area4', 'Wilderness_Area3', 'Hillshade_3pm', 'Hillshade_Noon', 'Horizontal_Distance_To_Roadways', 'Elevation', 'Horizontal_Distance_To_Hydrology', 'Horizontal_Distance_To_Fire_Points', 'Slope', 'Hillshade_9am', 'Soil_Type10', 'Soil_Type2', 'Soil_Type4', 'Soil_Type3', 'Soil_Type1', 'Soil_Type17', 'Vertical_Distance_To_Hydrology', 'Soil_Type6', 'Aspect', 'Soil_Type11', 'Soil_Type5', 'Soil_Type16', 'Soil_Type14', 'Soil_Type32', 'Soil_Type13']"
582,lr_shap_list_ir_5,lr_shap_list_ir_5_subset_17,orderMean,"['Wilderness_Area4', 'Wilderness_Area3', 'Hillshade_3pm', 'Hillshade_Noon', 'Elevation', 'Horizontal_Distance_To_Roadways', 'Horizontal_Distance_To_Hydrology', 'Horizontal_Distance_To_Fire_Points', 'Hillshade_9am', 'Slope', 'Soil_Type10', 'Soil_Type4', 'Soil_Type2', 'Soil_Type6', 'Soil_Type1', 'Aspect', 'Soil_Type3', 'Soil_Type17', 'Vertical_Distance_To_Hydrology', 'Soil_Type5', 'Soil_Type11', 'Soil_Type14', 'Soil_Type16', 'Soil_Type32', 'Soil_Type13']"
583,lr_shap_list_ir_5,lr_shap_list_ir_5_subset_17,orderStd,"['Wilderness_Area4', 'Wilderness_Area3', 'Hillshade_3pm', 'Hillshade_Noon', 'Horizontal_Distance_To_Roadways', 'Elevation', 'Horizontal_Distance_To_Fire_Points', 'Horizontal_Distance_To_Hydrology', 'Soil_Type1', 'Soil_Type2', 'Slope', 'Hillshade_9am', 'Soil_Type17', 'Soil_Type14', 'Soil_Type6', 'Soil_Type5', 'Soil_Type4', 'Soil_Type3', 'Soil_Type10', 'Soil_Type16', 'Soil_Type11', 'Vertical_Distance_To_Hydrology', 'Aspect', 'Soil_Type32', 'Soil_Type13']"
584,lr_shap_list_ir_5,lr_shap_list_ir_5_subset_17,orderSum,"['Wilderness_Area4', 'Wilderness_Area3', 'Hillshade_3pm', 'Hillshade_Noon', 'Elevation', 'Horizontal_Distance_To_Roadways', 'Horizontal_Distance_To_Hydrology', 'Horizontal_Distance_To_Fire_Points', 'Hillshade_9am', 'Slope', 'Soil_Type10', 'Soil_Type4', 'Soil_Type2', 'Soil_Type6', 'Soil_Type1', 'Aspect', 'Soil_Type3', 'Soil_Type17', 'Vertical_Distance_To_Hydrology', 'Soil_Type5', 'Soil_Type11', 'Soil_Type14', 'Soil_Type16', 'Soil_Type32', 'Soil_Type13']"
585,lr_shap_list_ir_3,lr_shap_list_ir_3_subset_26,orderMean,"['Wilderness_Area4', 'Wilderness_Area3', 'Hillshade_3pm', 'Hillshade_Noon', 'Horizontal_Distance_To_Roadways', 'Elevation', 'Slope', 'Horizontal_Distance_To_Hydrology', 'Hillshade_9am', 'Horizontal_Distance_To_Fire_Points', 'Soil_Type3', 'Vertical_Distance_To_Hydrology', 'Soil_Type10', 'Soil_Type2', 'Soil_Type1', 'Soil_Type6', 'Soil_Type17', 'Soil_Type4', 'Aspect', 'Soil_Type11', 'Soil_Type5', 'Soil_Type14', 'Soil_Type16', 'Soil_Type32', 'Soil_Type13']"
586,lr_shap_list_ir_3,lr_shap_list_ir_3_subset_26,orderStd,"['Hillshade_3pm', 'Wilderness_Area4', 'Hillshade_Noon', 'Wilderness_Area3', 'Horizontal_Distance_To_Roadways', 'Elevation', 'Slope', 'Horizontal_Distance_To_Hydrology', 'Horizontal_Distance_To_Fire_Points', 'Hillshade_9am', 'Soil_Type17', 'Soil_Type3', 'Soil_Type14', 'Soil_Type1', 'Soil_Type5', 'Soil_Type2', 'Soil_Type6', 'Soil_Type11', 'Vertical_Distance_To_Hydrology', 'Soil_Type4', 'Soil_Type10', 'Aspect', 'Soil_Type16', 'Soil_Type32', 'Soil_Type13']"
587,lr_shap_list_ir_3,lr_shap_list_ir_3_subset_26,orderSum,"['Wilderness_Area4', 'Wilderness_Area3', 'Hillshade_3pm', 'Hillshade_Noon', 'Horizontal_Distance_To_Roadways', 'Elevation', 'Slope', 'Horizontal_Distance_To_Hydrology', 'Hillshade_9am', 'Horizontal_Distance_To_Fire_Points', 'Soil_Type3', 'Vertical_Distance_To_Hydrology', 'Soil_Type10', 'Soil_Type2', 'Soil_Type1', 'Soil_Type6', 'Soil_Type17', 'Soil_Type4', 'Aspect', 'Soil_Type11', 'Soil_Type5', 'Soil_Type14', 'Soil_Type16', 'Soil_Type32', 'Soil_Type13']"
588,lr_shap_list_ir_3,lr_shap_list_ir_3_subset_13,orderMean,"['Wilderness_Area4', 'Wilderness_Area3', 'Hillshade_3pm', 'Hillshade_Noon', 'Horizontal_Distance_To_Roadways', 'Elevation', 'Horizontal_Distance_To_Hydrology', 'Slope', 'Horizontal_Distance_To_Fire_Points', 'Soil_Type10', 'Vertical_Distance_To_Hydrology', 'Soil_Type2', 'Hillshade_9am', 'Soil_Type6', 'Soil_Type4', 'Soil_Type3', 'Soil_Type1', 'Aspect', 'Soil_Type5', 'Soil_Type11', 'Soil_Type17', 'Soil_Type14', 'Soil_Type16', 'Soil_Type32', 'Soil_Type13']"
589,lr_shap_list_ir_3,lr_shap_list_ir_3_subset_13,orderStd,"['Hillshade_3pm', 'Hillshade_Noon', 'Horizontal_Distance_To_Roadways', 'Wilderness_Area4', 'Wilderness_Area3', 'Elevation', 'Horizontal_Distance_To_Hydrology', 'Slope', 'Horizontal_Distance_To_Fire_Points', 'Soil_Type2', 'Soil_Type1', 'Soil_Type17', 'Soil_Type6', 'Vertical_Distance_To_Hydrology', 'Soil_Type3', 'Soil_Type5', 'Hillshade_9am', 'Soil_Type10', 'Soil_Type14', 'Soil_Type4', 'Soil_Type11', 'Soil_Type16', 'Aspect', 'Soil_Type32', 'Soil_Type13']"
590,lr_shap_list_ir_3,lr_shap_list_ir_3_subset_13,orderSum,"['Wilderness_Area4', 'Wilderness_Area3', 'Hillshade_3pm', 'Hillshade_Noon', 'Horizontal_Distance_To_Roadways', 'Elevation', 'Horizontal_Distance_To_Hydrology', 'Slope', 'Horizontal_Distance_To_Fire_Points', 'Soil_Type10', 'Vertical_Distance_To_Hydrology', 'Soil_Type2', 'Hillshade_9am', 'Soil_Type6', 'Soil_Type4', 'Soil_Type3', 'Soil_Type1', 'Aspect', 'Soil_Type5', 'Soil_Type11', 'Soil_Type17', 'Soil_Type14', 'Soil_Type16', 'Soil_Type32', 'Soil_Type13']"
591,lr_shap_list_ir_1,lr_shap_list_ir_1_subset_102,orderMean,"['Wilderness_Area4', 'Hillshade_3pm', 'Wilderness_Area3', 'Hillshade_Noon', 'Hillshade_9am', 'Horizontal_Distance_To_Roadways', 'Slope', 'Horizontal_Distance_To_Hydrology', 'Elevation', 'Vertical_Distance_To_Hydrology', 'Horizontal_Distance_To_Fire_Points', 'Soil_Type3', 'Soil_Type10', 'Soil_Type6', 'Soil_Type2', 'Aspect', 'Soil_Type1', 'Soil_Type11', 'Soil_Type5', 'Soil_Type17', 'Soil_Type14', 'Soil_Type4', 'Soil_Type16', 'Soil_Type32', 'Soil_Type13']"
592,lr_shap_list_ir_1,lr_shap_list_ir_1_subset_102,orderStd,"['Hillshade_3pm', 'Hillshade_Noon', 'Hillshade_9am', 'Horizontal_Distance_To_Roadways', 'Wilderness_Area4', 'Slope', 'Horizontal_Distance_To_Hydrology', 'Elevation', 'Wilderness_Area3', 'Horizontal_Distance_To_Fire_Points', 'Soil_Type3', 'Vertical_Distance_To_Hydrology', 'Soil_Type1', 'Soil_Type6', 'Soil_Type5', 'Soil_Type11', 'Soil_Type14', 'Soil_Type16', 'Soil_Type17', 'Soil_Type2', 'Soil_Type10', 'Aspect', 'Soil_Type4', 'Soil_Type32', 'Soil_Type13']"
593,lr_shap_list_ir_1,lr_shap_list_ir_1_subset_102,orderSum,"['Wilderness_Area4', 'Hillshade_3pm', 'Wilderness_Area3', 'Hillshade_Noon', 'Hillshade_9am', 'Horizontal_Distance_To_Roadways', 'Slope', 'Horizontal_Distance_To_Hydrology', 'Elevation', 'Vertical_Distance_To_Hydrology', 'Horizontal_Distance_To_Fire_Points', 'Soil_Type3', 'Soil_Type10', 'Soil_Type6', 'Soil_Type2', 'Aspect', 'Soil_Type1', 'Soil_Type11', 'Soil_Type5', 'Soil_Type17', 'Soil_Type14', 'Soil_Type4', 'Soil_Type16', 'Soil_Type32', 'Soil_Type13']"
594,lr_shap_list_ir_2,lr_shap_list_ir_2_subset_73,orderMean,"['Wilderness_Area4', 'Wilderness_Area3', 'Hillshade_3pm', 'Hillshade_Noon', 'Horizontal_Distance_To_Roadways', 'Elevation', 'Horizontal_Distance_To_Fire_Points', 'Horizontal_Distance_To_Hydrology', 'Slope', 'Hillshade_9am', 'Soil_Type2', 'Soil_Type10', 'Soil_Type4', 'Soil_Type1', 'Soil_Type6', 'Soil_Type3', 'Soil_Type17', 'Aspect', 'Soil_Type5', 'Soil_Type11', 'Vertical_Distance_To_Hydrology', 'Soil_Type14', 'Soil_Type16', 'Soil_Type32', 'Soil_Type13']"
595,lr_shap_list_ir_2,lr_shap_list_ir_2_subset_73,orderStd,"['Hillshade_3pm', 'Hillshade_Noon', 'Wilderness_Area4', 'Wilderness_Area3', 'Horizontal_Distance_To_Roadways', 'Elevation', 'Horizontal_Distance_To_Fire_Points', 'Soil_Type2', 'Horizontal_Distance_To_Hydrology', 'Soil_Type1', 'Slope', 'Hillshade_9am', 'Soil_Type17', 'Soil_Type6', 'Soil_Type14', 'Soil_Type3', 'Soil_Type10', 'Soil_Type4', 'Soil_Type5', 'Soil_Type16', 'Soil_Type11', 'Aspect', 'Vertical_Distance_To_Hydrology', 'Soil_Type32', 'Soil_Type13']"
596,lr_shap_list_ir_2,lr_shap_list_ir_2_subset_73,orderSum,"['Wilderness_Area4', 'Wilderness_Area3', 'Hillshade_3pm', 'Hillshade_Noon', 'Horizontal_Distance_To_Roadways', 'Elevation', 'Horizontal_Distance_To_Fire_Points', 'Horizontal_Distance_To_Hydrology', 'Slope', 'Hillshade_9am', 'Soil_Type2', 'Soil_Type10', 'Soil_Type4', 'Soil_Type1', 'Soil_Type6', 'Soil_Type3', 'Soil_Type17', 'Aspect', 'Soil_Type5', 'Soil_Type11', 'Vertical_Distance_To_Hydrology', 'Soil_Type14', 'Soil_Type16', 'Soil_Type32', 'Soil_Type13']"
597,lr_shap_list_ir_4,lr_shap_list_ir_4_subset_16,orderMean,"['Wilderness_Area4', 'Wilderness_Area3', 'Hillshade_3pm', 'Hillshade_Noon', 'Horizontal_Distance_To_Roadways', 'Elevation', 'Horizontal_Distance_To_Hydrology', 'Horizontal_Distance_To_Fire_Points', 'Slope', 'Soil_Type10', 'Soil_Type6', 'Soil_Type2', 'Soil_Type4', 'Soil_Type1', 'Hillshade_9am', 'Soil_Type3', 'Vertical_Distance_To_Hydrology', 'Aspect', 'Soil_Type17', 'Soil_Type5', 'Soil_Type11', 'Soil_Type14', 'Soil_Type16', 'Soil_Type32', 'Soil_Type13']"
598,lr_shap_list_ir_4,lr_shap_list_ir_4_subset_16,orderStd,"['Hillshade_Noon', 'Hillshade_3pm', 'Horizontal_Distance_To_Roadways', 'Wilderness_Area4', 'Wilderness_Area3', 'Elevation', 'Horizontal_Distance_To_Fire_Points', 'Horizontal_Distance_To_Hydrology', 'Soil_Type1', 'Slope', 'Soil_Type2', 'Soil_Type3', 'Soil_Type14', 'Soil_Type17', 'Soil_Type10', 'Soil_Type4', 'Soil_Type6', 'Soil_Type5', 'Hillshade_9am', 'Soil_Type16', 'Soil_Type11', 'Vertical_Distance_To_Hydrology', 'Aspect', 'Soil_Type32', 'Soil_Type13']"
599,lr_shap_list_ir_4,lr_shap_list_ir_4_subset_16,orderSum,"['Wilderness_Area4', 'Wilderness_Area3', 'Hillshade_3pm', 'Hillshade_Noon', 'Horizontal_Distance_To_Roadways', 'Elevation', 'Horizontal_Distance_To_Hydrology', 'Horizontal_Distance_To_Fire_Points', 'Slope', 'Soil_Type10', 'Soil_Type6', 'Soil_Type2', 'Soil_Type4', 'Soil_Type1', 'Hillshade_9am', 'Soil_Type3', 'Vertical_Distance_To_Hydrology', 'Aspect', 'Soil_Type17', 'Soil_Type5', 'Soil_Type11', 'Soil_Type14', 'Soil_Type16', 'Soil_Type32', 'Soil_Type13']"
600,lr_shap_list_ir_3,lr_shap_list_ir_3_subset_9,orderMean,"['Wilderness_Area4', 'Wilderness_Area3', 'Hillshade_3pm', 'Hillshade_Noon', 'Horizontal_Distance_To_Roadways', 'Elevation', 'Horizontal_Distance_To_Hydrology', 'Hillshade_9am', 'Slope', 'Horizontal_Distance_To_Fire_Points', 'Soil_Type10', 'Soil_Type2', 'Soil_Type6', 'Soil_Type4', 'Soil_Type1', 'Soil_Type3', 'Vertical_Distance_To_Hydrology', 'Aspect', 'Soil_Type17', 'Soil_Type14', 'Soil_Type5', 'Soil_Type16', 'Soil_Type11', 'Soil_Type32', 'Soil_Type13']"
601,lr_shap_list_ir_3,lr_shap_list_ir_3_subset_9,orderStd,"['Hillshade_3pm', 'Hillshade_Noon', 'Horizontal_Distance_To_Roadways', 'Elevation', 'Wilderness_Area4', 'Wilderness_Area3', 'Horizontal_Distance_To_Hydrology', 'Hillshade_9am', 'Horizontal_Distance_To_Fire_Points', 'Slope', 'Soil_Type1', 'Soil_Type2', 'Soil_Type10', 'Soil_Type14', 'Soil_Type6', 'Soil_Type3', 'Soil_Type5', 'Soil_Type17', 'Soil_Type16', 'Soil_Type4', 'Vertical_Distance_To_Hydrology', 'Aspect', 'Soil_Type11', 'Soil_Type32', 'Soil_Type13']"
602,lr_shap_list_ir_3,lr_shap_list_ir_3_subset_9,orderSum,"['Wilderness_Area4', 'Wilderness_Area3', 'Hillshade_3pm', 'Hillshade_Noon', 'Horizontal_Distance_To_Roadways', 'Elevation', 'Horizontal_Distance_To_Hydrology', 'Hillshade_9am', 'Slope', 'Horizontal_Distance_To_Fire_Points', 'Soil_Type10', 'Soil_Type2', 'Soil_Type6', 'Soil_Type4', 'Soil_Type1', 'Soil_Type3', 'Vertical_Distance_To_Hydrology', 'Aspect', 'Soil_Type17', 'Soil_Type14', 'Soil_Type5', 'Soil_Type16', 'Soil_Type11', 'Soil_Type32', 'Soil_Type13']"
603,lr_shap_list_ir_5,lr_shap_list_ir_5_subset_106,orderMean,"['Wilderness_Area4', 'Wilderness_Area3', 'Hillshade_3pm', 'Hillshade_Noon', 'Horizontal_Distance_To_Roadways', 'Elevation', 'Horizontal_Distance_To_Hydrology', 'Horizontal_Distance_To_Fire_Points', 'Slope', 'Soil_Type10', 'Soil_Type2', 'Soil_Type1', 'Soil_Type3', 'Soil_Type4', 'Soil_Type6', 'Soil_Type17', 'Vertical_Distance_To_Hydrology', 'Soil_Type5', 'Soil_Type14', 'Hillshade_9am', 'Aspect', 'Soil_Type11', 'Soil_Type16', 'Soil_Type32', 'Soil_Type13']"
604,lr_shap_list_ir_5,lr_shap_list_ir_5_subset_106,orderStd,"['Wilderness_Area4', 'Wilderness_Area3', 'Hillshade_3pm', 'Hillshade_Noon', 'Horizontal_Distance_To_Roadways', 'Elevation', 'Horizontal_Distance_To_Hydrology', 'Horizontal_Distance_To_Fire_Points', 'Soil_Type1', 'Slope', 'Soil_Type17', 'Soil_Type2', 'Soil_Type14', 'Soil_Type10', 'Soil_Type3', 'Soil_Type6', 'Soil_Type5', 'Soil_Type4', 'Soil_Type16', 'Soil_Type11', 'Vertical_Distance_To_Hydrology', 'Hillshade_9am', 'Aspect', 'Soil_Type32', 'Soil_Type13']"
605,lr_shap_list_ir_5,lr_shap_list_ir_5_subset_106,orderSum,"['Wilderness_Area4', 'Wilderness_Area3', 'Hillshade_3pm', 'Hillshade_Noon', 'Horizontal_Distance_To_Roadways', 'Elevation', 'Horizontal_Distance_To_Hydrology', 'Horizontal_Distance_To_Fire_Points', 'Slope', 'Soil_Type10', 'Soil_Type2', 'Soil_Type1', 'Soil_Type3', 'Soil_Type4', 'Soil_Type6', 'Soil_Type17', 'Vertical_Distance_To_Hydrology', 'Soil_Type5', 'Soil_Type14', 'Hillshade_9am', 'Aspect', 'Soil_Type11', 'Soil_Type16', 'Soil_Type32', 'Soil_Type13']"
606,lr_shap_list_ir_3,lr_shap_list_ir_3_subset_56,orderMean,"['Wilderness_Area4', 'Wilderness_Area3', 'Hillshade_3pm', 'Hillshade_Noon', 'Horizontal_Distance_To_Roadways', 'Elevation', 'Hillshade_9am', 'Slope', 'Horizontal_Distance_To_Hydrology', 'Horizontal_Distance_To_Fire_Points', 'Soil_Type10', 'Soil_Type2', 'Soil_Type4', 'Soil_Type1', 'Soil_Type6', 'Soil_Type3', 'Soil_Type17', 'Vertical_Distance_To_Hydrology', 'Aspect', 'Soil_Type11', 'Soil_Type14', 'Soil_Type16', 'Soil_Type5', 'Soil_Type32', 'Soil_Type13']"
607,lr_shap_list_ir_3,lr_shap_list_ir_3_subset_56,orderStd,"['Hillshade_3pm', 'Hillshade_Noon', 'Horizontal_Distance_To_Roadways', 'Elevation', 'Hillshade_9am', 'Horizontal_Distance_To_Fire_Points', 'Slope', 'Horizontal_Distance_To_Hydrology', 'Soil_Type1', 'Soil_Type6', 'Soil_Type2', 'Soil_Type17', 'Soil_Type10', 'Soil_Type14', 'Soil_Type11', 'Soil_Type16', 'Soil_Type3', 'Wilderness_Area4', 'Soil_Type4', 'Soil_Type5', 'Wilderness_Area3', 'Vertical_Distance_To_Hydrology', 'Aspect', 'Soil_Type32', 'Soil_Type13']"
608,lr_shap_list_ir_3,lr_shap_list_ir_3_subset_56,orderSum,"['Wilderness_Area4', 'Wilderness_Area3', 'Hillshade_3pm', 'Hillshade_Noon', 'Horizontal_Distance_To_Roadways', 'Elevation', 'Hillshade_9am', 'Slope', 'Horizontal_Distance_To_Hydrology', 'Horizontal_Distance_To_Fire_Points', 'Soil_Type10', 'Soil_Type2', 'Soil_Type4', 'Soil_Type1', 'Soil_Type6', 'Soil_Type3', 'Soil_Type17', 'Vertical_Distance_To_Hydrology', 'Aspect', 'Soil_Type11', 'Soil_Type14', 'Soil_Type16', 'Soil_Type5', 'Soil_Type32', 'Soil_Type13']"
609,lr_shap_list_ir_2,lr_shap_list_ir_2_subset_104,orderMean,"['Wilderness_Area4', 'Wilderness_Area3', 'Hillshade_3pm', 'Horizontal_Distance_To_Roadways', 'Hillshade_Noon', 'Elevation', 'Horizontal_Distance_To_Hydrology', 'Slope', 'Horizontal_Distance_To_Fire_Points', 'Hillshade_9am', 'Vertical_Distance_To_Hydrology', 'Soil_Type10', 'Soil_Type1', 'Soil_Type2', 'Soil_Type3', 'Soil_Type6', 'Soil_Type17', 'Soil_Type4', 'Soil_Type11', 'Soil_Type5', 'Aspect', 'Soil_Type14', 'Soil_Type16', 'Soil_Type32', 'Soil_Type13']"
610,lr_shap_list_ir_2,lr_shap_list_ir_2_subset_104,orderStd,"['Hillshade_3pm', 'Hillshade_Noon', 'Horizontal_Distance_To_Roadways', 'Elevation', 'Horizontal_Distance_To_Hydrology', 'Slope', 'Horizontal_Distance_To_Fire_Points', 'Wilderness_Area4', 'Soil_Type3', 'Soil_Type6', 'Hillshade_9am', 'Soil_Type1', 'Wilderness_Area3', 'Soil_Type17', 'Vertical_Distance_To_Hydrology', 'Soil_Type14', 'Soil_Type2', 'Soil_Type10', 'Soil_Type16', 'Soil_Type11', 'Soil_Type5', 'Soil_Type4', 'Aspect', 'Soil_Type32', 'Soil_Type13']"
611,lr_shap_list_ir_2,lr_shap_list_ir_2_subset_104,orderSum,"['Wilderness_Area4', 'Wilderness_Area3', 'Hillshade_3pm', 'Horizontal_Distance_To_Roadways', 'Hillshade_Noon', 'Elevation', 'Horizontal_Distance_To_Hydrology', 'Slope', 'Horizontal_Distance_To_Fire_Points', 'Hillshade_9am', 'Vertical_Distance_To_Hydrology', 'Soil_Type10', 'Soil_Type1', 'Soil_Type2', 'Soil_Type3', 'Soil_Type6', 'Soil_Type17', 'Soil_Type4', 'Soil_Type11', 'Soil_Type5', 'Aspect', 'Soil_Type14', 'Soil_Type16', 'Soil_Type32', 'Soil_Type13']"
612,lr_shap_list_ir_4,lr_shap_list_ir_4_subset_20,orderMean,"['Wilderness_Area4', 'Wilderness_Area3', 'Hillshade_3pm', 'Hillshade_Noon', 'Hillshade_9am', 'Horizontal_Distance_To_Roadways', 'Elevation', 'Slope', 'Horizontal_Distance_To_Hydrology', 'Horizontal_Distance_To_Fire_Points', 'Soil_Type10', 'Soil_Type2', 'Soil_Type3', 'Soil_Type4', 'Soil_Type1', 'Soil_Type17', 'Soil_Type6', 'Vertical_Distance_To_Hydrology', 'Aspect', 'Soil_Type5', 'Soil_Type11', 'Soil_Type14', 'Soil_Type16', 'Soil_Type32', 'Soil_Type13']"
613,lr_shap_list_ir_4,lr_shap_list_ir_4_subset_20,orderStd,"['Hillshade_3pm', 'Hillshade_Noon', 'Horizontal_Distance_To_Roadways', 'Hillshade_9am', 'Elevation', 'Wilderness_Area4', 'Slope', 'Horizontal_Distance_To_Fire_Points', 'Horizontal_Distance_To_Hydrology', 'Wilderness_Area3', 'Soil_Type17', 'Soil_Type3', 'Soil_Type1', 'Soil_Type14', 'Soil_Type2', 'Soil_Type10', 'Soil_Type6', 'Soil_Type5', 'Soil_Type16', 'Soil_Type11', 'Vertical_Distance_To_Hydrology', 'Soil_Type4', 'Aspect', 'Soil_Type32', 'Soil_Type13']"
614,lr_shap_list_ir_4,lr_shap_list_ir_4_subset_20,orderSum,"['Wilderness_Area4', 'Wilderness_Area3', 'Hillshade_3pm', 'Hillshade_Noon', 'Hillshade_9am', 'Horizontal_Distance_To_Roadways', 'Elevation', 'Slope', 'Horizontal_Distance_To_Hydrology', 'Horizontal_Distance_To_Fire_Points', 'Soil_Type10', 'Soil_Type2', 'Soil_Type3', 'Soil_Type4', 'Soil_Type1', 'Soil_Type17', 'Soil_Type6', 'Vertical_Distance_To_Hydrology', 'Aspect', 'Soil_Type5', 'Soil_Type11', 'Soil_Type14', 'Soil_Type16', 'Soil_Type32', 'Soil_Type13']"
615,lr_shap_list_ir_1,lr_shap_list_ir_1_subset_11,orderMean,"['Wilderness_Area4', 'Hillshade_3pm', 'Wilderness_Area3', 'Hillshade_Noon', 'Hillshade_9am', 'Horizontal_Distance_To_Hydrology', 'Elevation', 'Horizontal_Distance_To_Roadways', 'Slope', 'Horizontal_Distance_To_Fire_Points', 'Soil_Type2', 'Vertical_Distance_To_Hydrology', 'Aspect', 'Soil_Type3', 'Soil_Type10', 'Soil_Type1', 'Soil_Type4', 'Soil_Type11', 'Soil_Type17', 'Soil_Type5', 'Soil_Type6', 'Soil_Type14', 'Soil_Type16', 'Soil_Type32', 'Soil_Type13']"
616,lr_shap_list_ir_1,lr_shap_list_ir_1_subset_11,orderStd,"['Hillshade_3pm', 'Hillshade_Noon', 'Hillshade_9am', 'Wilderness_Area4', 'Horizontal_Distance_To_Hydrology', 'Horizontal_Distance_To_Roadways', 'Elevation', 'Soil_Type2', 'Wilderness_Area3', 'Slope', 'Horizontal_Distance_To_Fire_Points', 'Soil_Type3', 'Vertical_Distance_To_Hydrology', 'Soil_Type1', 'Aspect', 'Soil_Type14', 'Soil_Type16', 'Soil_Type11', 'Soil_Type17', 'Soil_Type5', 'Soil_Type10', 'Soil_Type4', 'Soil_Type6', 'Soil_Type32', 'Soil_Type13']"
617,lr_shap_list_ir_1,lr_shap_list_ir_1_subset_11,orderSum,"['Wilderness_Area4', 'Hillshade_3pm', 'Wilderness_Area3', 'Hillshade_Noon', 'Hillshade_9am', 'Horizontal_Distance_To_Hydrology', 'Elevation', 'Horizontal_Distance_To_Roadways', 'Slope', 'Horizontal_Distance_To_Fire_Points', 'Soil_Type2', 'Vertical_Distance_To_Hydrology', 'Aspect', 'Soil_Type3', 'Soil_Type10', 'Soil_Type1', 'Soil_Type4', 'Soil_Type11', 'Soil_Type17', 'Soil_Type5', 'Soil_Type6', 'Soil_Type14', 'Soil_Type16', 'Soil_Type32', 'Soil_Type13']"
618,lr_shap_list_ir_2,lr_shap_list_ir_2_subset_33,orderMean,"['Wilderness_Area3', 'Wilderness_Area4', 'Elevation', 'Horizontal_Distance_To_Roadways', 'Hillshade_Noon', 'Hillshade_9am', 'Hillshade_3pm', 'Horizontal_Distance_To_Fire_Points', 'Horizontal_Distance_To_Hydrology', 'Soil_Type10', 'Soil_Type2', 'Soil_Type1', 'Soil_Type4', 'Soil_Type6', 'Aspect', 'Soil_Type3', 'Slope', 'Soil_Type5', 'Vertical_Distance_To_Hydrology', 'Soil_Type17', 'Soil_Type14', 'Soil_Type11', 'Soil_Type16', 'Soil_Type32', 'Soil_Type13']"
619,lr_shap_list_ir_2,lr_shap_list_ir_2_subset_33,orderStd,"['Wilderness_Area3', 'Wilderness_Area4', 'Horizontal_Distance_To_Roadways', 'Elevation', 'Hillshade_Noon', 'Hillshade_9am', 'Soil_Type1', 'Soil_Type2', 'Hillshade_3pm', 'Horizontal_Distance_To_Fire_Points', 'Horizontal_Distance_To_Hydrology', 'Soil_Type4', 'Soil_Type5', 'Soil_Type6', 'Soil_Type3', 'Soil_Type17', 'Soil_Type14', 'Soil_Type16', 'Soil_Type10', 'Slope', 'Aspect', 'Soil_Type11', 'Vertical_Distance_To_Hydrology', 'Soil_Type32', 'Soil_Type13']"
620,lr_shap_list_ir_2,lr_shap_list_ir_2_subset_33,orderSum,"['Wilderness_Area3', 'Wilderness_Area4', 'Elevation', 'Horizontal_Distance_To_Roadways', 'Hillshade_Noon', 'Hillshade_9am', 'Hillshade_3pm', 'Horizontal_Distance_To_Fire_Points', 'Horizontal_Distance_To_Hydrology', 'Soil_Type10', 'Soil_Type2', 'Soil_Type1', 'Soil_Type4', 'Soil_Type6', 'Aspect', 'Soil_Type3', 'Slope', 'Soil_Type5', 'Vertical_Distance_To_Hydrology', 'Soil_Type17', 'Soil_Type14', 'Soil_Type11', 'Soil_Type16', 'Soil_Type32', 'Soil_Type13']"
621,lr_shap_list_ir_5,lr_shap_list_ir_5_subset_104,orderMean,"['Wilderness_Area4', 'Wilderness_Area3', 'Hillshade_3pm', 'Hillshade_Noon', 'Horizontal_Distance_To_Roadways', 'Elevation', 'Horizontal_Distance_To_Hydrology', 'Slope', 'Hillshade_9am', 'Horizontal_Distance_To_Fire_Points', 'Soil_Type10', 'Soil_Type3', 'Soil_Type4', 'Soil_Type2', 'Soil_Type1', 'Soil_Type6', 'Aspect', 'Soil_Type17', 'Vertical_Distance_To_Hydrology', 'Soil_Type5', 'Soil_Type11', 'Soil_Type14', 'Soil_Type16', 'Soil_Type32', 'Soil_Type13']"
622,lr_shap_list_ir_5,lr_shap_list_ir_5_subset_104,orderStd,"['Hillshade_3pm', 'Hillshade_Noon', 'Wilderness_Area4', 'Horizontal_Distance_To_Roadways', 'Wilderness_Area3', 'Elevation', 'Hillshade_9am', 'Horizontal_Distance_To_Hydrology', 'Horizontal_Distance_To_Fire_Points', 'Slope', 'Soil_Type1', 'Soil_Type2', 'Soil_Type14', 'Soil_Type17', 'Soil_Type3', 'Soil_Type6', 'Soil_Type5', 'Soil_Type10', 'Soil_Type4', 'Soil_Type11', 'Soil_Type16', 'Aspect', 'Vertical_Distance_To_Hydrology', 'Soil_Type32', 'Soil_Type13']"
623,lr_shap_list_ir_5,lr_shap_list_ir_5_subset_104,orderSum,"['Wilderness_Area4', 'Wilderness_Area3', 'Hillshade_3pm', 'Hillshade_Noon', 'Horizontal_Distance_To_Roadways', 'Elevation', 'Horizontal_Distance_To_Hydrology', 'Slope', 'Hillshade_9am', 'Horizontal_Distance_To_Fire_Points', 'Soil_Type10', 'Soil_Type3', 'Soil_Type4', 'Soil_Type2', 'Soil_Type1', 'Soil_Type6', 'Aspect', 'Soil_Type17', 'Vertical_Distance_To_Hydrology', 'Soil_Type5', 'Soil_Type11', 'Soil_Type14', 'Soil_Type16', 'Soil_Type32', 'Soil_Type13']"
624,lr_shap_list_ir_1,lr_shap_list_ir_1_subset_86,orderMean,"['Wilderness_Area4', 'Wilderness_Area3', 'Hillshade_3pm', 'Hillshade_Noon', 'Hillshade_9am', 'Horizontal_Distance_To_Roadways', 'Elevation', 'Horizontal_Distance_To_Hydrology', 'Slope', 'Horizontal_Distance_To_Fire_Points', 'Soil_Type10', 'Soil_Type2', 'Soil_Type3', 'Soil_Type4', 'Soil_Type6', 'Aspect', 'Soil_Type5', 'Soil_Type1', 'Soil_Type17', 'Soil_Type11', 'Vertical_Distance_To_Hydrology', 'Soil_Type14', 'Soil_Type16', 'Soil_Type32', 'Soil_Type13']"
625,lr_shap_list_ir_1,lr_shap_list_ir_1_subset_86,orderStd,"['Hillshade_3pm', 'Hillshade_Noon', 'Hillshade_9am', 'Horizontal_Distance_To_Roadways', 'Elevation', 'Wilderness_Area4', 'Wilderness_Area3', 'Horizontal_Distance_To_Hydrology', 'Horizontal_Distance_To_Fire_Points', 'Slope', 'Soil_Type5', 'Soil_Type2', 'Soil_Type1', 'Soil_Type3', 'Soil_Type14', 'Soil_Type10', 'Soil_Type16', 'Soil_Type6', 'Soil_Type4', 'Soil_Type11', 'Soil_Type17', 'Aspect', 'Vertical_Distance_To_Hydrology', 'Soil_Type32', 'Soil_Type13']"
626,lr_shap_list_ir_1,lr_shap_list_ir_1_subset_86,orderSum,"['Wilderness_Area4', 'Wilderness_Area3', 'Hillshade_3pm', 'Hillshade_Noon', 'Hillshade_9am', 'Horizontal_Distance_To_Roadways', 'Elevation', 'Horizontal_Distance_To_Hydrology', 'Slope', 'Horizontal_Distance_To_Fire_Points', 'Soil_Type10', 'Soil_Type2', 'Soil_Type3', 'Soil_Type4', 'Soil_Type6', 'Aspect', 'Soil_Type5', 'Soil_Type1', 'Soil_Type17', 'Soil_Type11', 'Vertical_Distance_To_Hydrology', 'Soil_Type14', 'Soil_Type16', 'Soil_Type32', 'Soil_Type13']"
627,lr_shap_list_ir_3,lr_shap_list_ir_3_subset_7,orderMean,"['Wilderness_Area4', 'Wilderness_Area3', 'Hillshade_3pm', 'Hillshade_Noon', 'Horizontal_Distance_To_Roadways', 'Elevation', 'Horizontal_Distance_To_Hydrology', 'Horizontal_Distance_To_Fire_Points', 'Soil_Type10', 'Slope', 'Vertical_Distance_To_Hydrology', 'Soil_Type1', 'Soil_Type2', 'Soil_Type6', 'Soil_Type3', 'Soil_Type4', 'Soil_Type5', 'Soil_Type17', 'Soil_Type11', 'Soil_Type14', 'Aspect', 'Soil_Type16', 'Hillshade_9am', 'Soil_Type32', 'Soil_Type13']"
628,lr_shap_list_ir_3,lr_shap_list_ir_3_subset_7,orderStd,"['Wilderness_Area4', 'Wilderness_Area3', 'Hillshade_3pm', 'Hillshade_Noon', 'Horizontal_Distance_To_Roadways', 'Elevation', 'Horizontal_Distance_To_Hydrology', 'Horizontal_Distance_To_Fire_Points', 'Soil_Type1', 'Slope', 'Soil_Type2', 'Vertical_Distance_To_Hydrology', 'Soil_Type5', 'Soil_Type10', 'Soil_Type6', 'Soil_Type14', 'Soil_Type11', 'Soil_Type3', 'Soil_Type17', 'Soil_Type4', 'Soil_Type16', 'Aspect', 'Soil_Type32', 'Hillshade_9am', 'Soil_Type13']"
629,lr_shap_list_ir_3,lr_shap_list_ir_3_subset_7,orderSum,"['Wilderness_Area4', 'Wilderness_Area3', 'Hillshade_3pm', 'Hillshade_Noon', 'Horizontal_Distance_To_Roadways', 'Elevation', 'Horizontal_Distance_To_Hydrology', 'Horizontal_Distance_To_Fire_Points', 'Soil_Type10', 'Slope', 'Vertical_Distance_To_Hydrology', 'Soil_Type1', 'Soil_Type2', 'Soil_Type6', 'Soil_Type3', 'Soil_Type4', 'Soil_Type5', 'Soil_Type17', 'Soil_Type11', 'Soil_Type14', 'Aspect', 'Soil_Type16', 'Hillshade_9am', 'Soil_Type32', 'Soil_Type13']"
630,lr_shap_list_ir_3,lr_shap_list_ir_3_subset_38,orderMean,"['Wilderness_Area4', 'Hillshade_3pm', 'Wilderness_Area3', 'Hillshade_Noon', 'Hillshade_9am', 'Horizontal_Distance_To_Roadways', 'Elevation', 'Slope', 'Horizontal_Distance_To_Hydrology', 'Horizontal_Distance_To_Fire_Points', 'Soil_Type10', 'Soil_Type3', 'Soil_Type2', 'Aspect', 'Soil_Type1', 'Soil_Type4', 'Soil_Type17', 'Soil_Type5', 'Soil_Type6', 'Soil_Type11', 'Vertical_Distance_To_Hydrology', 'Soil_Type16', 'Soil_Type14', 'Soil_Type32', 'Soil_Type13']"
631,lr_shap_list_ir_3,lr_shap_list_ir_3_subset_38,orderStd,"['Hillshade_3pm', 'Hillshade_Noon', 'Hillshade_9am', 'Wilderness_Area4', 'Horizontal_Distance_To_Roadways', 'Wilderness_Area3', 'Elevation', 'Horizontal_Distance_To_Fire_Points', 'Slope', 'Horizontal_Distance_To_Hydrology', 'Soil_Type1', 'Soil_Type14', 'Soil_Type3', 'Soil_Type17', 'Soil_Type2', 'Soil_Type5', 'Soil_Type10', 'Soil_Type11', 'Soil_Type4', 'Aspect', 'Soil_Type6', 'Soil_Type16', 'Vertical_Distance_To_Hydrology', 'Soil_Type32', 'Soil_Type13']"
632,lr_shap_list_ir_3,lr_shap_list_ir_3_subset_38,orderSum,"['Wilderness_Area4', 'Hillshade_3pm', 'Wilderness_Area3', 'Hillshade_Noon', 'Hillshade_9am', 'Horizontal_Distance_To_Roadways', 'Elevation', 'Slope', 'Horizontal_Distance_To_Hydrology', 'Horizontal_Distance_To_Fire_Points', 'Soil_Type10', 'Soil_Type3', 'Soil_Type2', 'Aspect', 'Soil_Type1', 'Soil_Type4', 'Soil_Type17', 'Soil_Type5', 'Soil_Type6', 'Soil_Type11', 'Vertical_Distance_To_Hydrology', 'Soil_Type16', 'Soil_Type14', 'Soil_Type32', 'Soil_Type13']"
633,lr_shap_list_ir_5,lr_shap_list_ir_5_subset_63,orderMean,"['Wilderness_Area4', 'Hillshade_3pm', 'Wilderness_Area3', 'Hillshade_Noon', 'Elevation', 'Horizontal_Distance_To_Roadways', 'Hillshade_9am', 'Slope', 'Horizontal_Distance_To_Hydrology', 'Horizontal_Distance_To_Fire_Points', 'Soil_Type3', 'Soil_Type10', 'Soil_Type17', 'Soil_Type2', 'Soil_Type1', 'Soil_Type4', 'Vertical_Distance_To_Hydrology', 'Soil_Type6', 'Aspect', 'Soil_Type11', 'Soil_Type14', 'Soil_Type16', 'Soil_Type5', 'Soil_Type32', 'Soil_Type13']"
634,lr_shap_list_ir_5,lr_shap_list_ir_5_subset_63,orderStd,"['Hillshade_3pm', 'Hillshade_Noon', 'Wilderness_Area4', 'Horizontal_Distance_To_Roadways', 'Elevation', 'Wilderness_Area3', 'Hillshade_9am', 'Slope', 'Horizontal_Distance_To_Hydrology', 'Horizontal_Distance_To_Fire_Points', 'Soil_Type3', 'Soil_Type17', 'Soil_Type1', 'Soil_Type14', 'Soil_Type2', 'Soil_Type6', 'Soil_Type10', 'Soil_Type5', 'Soil_Type11', 'Soil_Type16', 'Vertical_Distance_To_Hydrology', 'Soil_Type4', 'Aspect', 'Soil_Type32', 'Soil_Type13']"
635,lr_shap_list_ir_5,lr_shap_list_ir_5_subset_63,orderSum,"['Wilderness_Area4', 'Hillshade_3pm', 'Wilderness_Area3', 'Hillshade_Noon', 'Elevation', 'Horizontal_Distance_To_Roadways', 'Hillshade_9am', 'Slope', 'Horizontal_Distance_To_Hydrology', 'Horizontal_Distance_To_Fire_Points', 'Soil_Type3', 'Soil_Type10', 'Soil_Type17', 'Soil_Type2', 'Soil_Type1', 'Soil_Type4', 'Vertical_Distance_To_Hydrology', 'Soil_Type6', 'Aspect', 'Soil_Type11', 'Soil_Type14', 'Soil_Type16', 'Soil_Type5', 'Soil_Type32', 'Soil_Type13']"
636,lr_shap_list_ir_5,lr_shap_list_ir_5_subset_50,orderMean,"['Wilderness_Area4', 'Wilderness_Area3', 'Hillshade_3pm', 'Hillshade_Noon', 'Horizontal_Distance_To_Roadways', 'Elevation', 'Hillshade_9am', 'Horizontal_Distance_To_Hydrology', 'Slope', 'Horizontal_Distance_To_Fire_Points', 'Soil_Type10', 'Soil_Type3', 'Soil_Type1', 'Soil_Type2', 'Soil_Type17', 'Soil_Type4', 'Soil_Type6', 'Vertical_Distance_To_Hydrology', 'Aspect', 'Soil_Type14', 'Soil_Type5', 'Soil_Type11', 'Soil_Type16', 'Soil_Type32', 'Soil_Type13']"
637,lr_shap_list_ir_5,lr_shap_list_ir_5_subset_50,orderStd,"['Hillshade_3pm', 'Wilderness_Area4', 'Wilderness_Area3', 'Hillshade_Noon', 'Horizontal_Distance_To_Roadways', 'Elevation', 'Hillshade_9am', 'Horizontal_Distance_To_Hydrology', 'Horizontal_Distance_To_Fire_Points', 'Slope', 'Soil_Type3', 'Soil_Type1', 'Soil_Type14', 'Soil_Type17', 'Soil_Type2', 'Soil_Type5', 'Soil_Type6', 'Soil_Type4', 'Soil_Type10', 'Soil_Type16', 'Vertical_Distance_To_Hydrology', 'Soil_Type11', 'Aspect', 'Soil_Type32', 'Soil_Type13']"
638,lr_shap_list_ir_5,lr_shap_list_ir_5_subset_50,orderSum,"['Wilderness_Area4', 'Wilderness_Area3', 'Hillshade_3pm', 'Hillshade_Noon', 'Horizontal_Distance_To_Roadways', 'Elevation', 'Hillshade_9am', 'Horizontal_Distance_To_Hydrology', 'Slope', 'Horizontal_Distance_To_Fire_Points', 'Soil_Type10', 'Soil_Type3', 'Soil_Type1', 'Soil_Type2', 'Soil_Type17', 'Soil_Type4', 'Soil_Type6', 'Vertical_Distance_To_Hydrology', 'Aspect', 'Soil_Type14', 'Soil_Type5', 'Soil_Type11', 'Soil_Type16', 'Soil_Type32', 'Soil_Type13']"
639,lr_shap_list_ir_1,lr_shap_list_ir_1_subset_41,orderMean,"['Wilderness_Area3', 'Wilderness_Area4', 'Hillshade_3pm', 'Hillshade_Noon', 'Horizontal_Distance_To_Roadways', 'Elevation', 'Slope', 'Hillshade_9am', 'Horizontal_Distance_To_Fire_Points', 'Soil_Type10', 'Horizontal_Distance_To_Hydrology', 'Soil_Type2', 'Soil_Type6', 'Soil_Type3', 'Vertical_Distance_To_Hydrology', 'Aspect', 'Soil_Type1', 'Soil_Type5', 'Soil_Type17', 'Soil_Type4', 'Soil_Type11', 'Soil_Type16', 'Soil_Type14', 'Soil_Type32', 'Soil_Type13']"
640,lr_shap_list_ir_1,lr_shap_list_ir_1_subset_41,orderStd,"['Hillshade_3pm', 'Hillshade_Noon', 'Horizontal_Distance_To_Roadways', 'Elevation', 'Soil_Type2', 'Slope', 'Soil_Type5', 'Hillshade_9am', 'Horizontal_Distance_To_Fire_Points', 'Wilderness_Area3', 'Horizontal_Distance_To_Hydrology', 'Soil_Type6', 'Wilderness_Area4', 'Soil_Type1', 'Soil_Type3', 'Soil_Type17', 'Soil_Type10', 'Soil_Type16', 'Vertical_Distance_To_Hydrology', 'Soil_Type14', 'Soil_Type11', 'Aspect', 'Soil_Type4', 'Soil_Type32', 'Soil_Type13']"
641,lr_shap_list_ir_1,lr_shap_list_ir_1_subset_41,orderSum,"['Wilderness_Area3', 'Wilderness_Area4', 'Hillshade_3pm', 'Hillshade_Noon', 'Horizontal_Distance_To_Roadways', 'Elevation', 'Slope', 'Hillshade_9am', 'Horizontal_Distance_To_Fire_Points', 'Soil_Type10', 'Horizontal_Distance_To_Hydrology', 'Soil_Type2', 'Soil_Type6', 'Soil_Type3', 'Vertical_Distance_To_Hydrology', 'Aspect', 'Soil_Type1', 'Soil_Type5', 'Soil_Type17', 'Soil_Type4', 'Soil_Type11', 'Soil_Type16', 'Soil_Type14', 'Soil_Type32', 'Soil_Type13']"
642,lr_shap_list_ir_3,lr_shap_list_ir_3_subset_62,orderMean,"['Wilderness_Area3', 'Wilderness_Area4', 'Hillshade_Noon', 'Hillshade_3pm', 'Horizontal_Distance_To_Roadways', 'Elevation', 'Horizontal_Distance_To_Hydrology', 'Horizontal_Distance_To_Fire_Points', 'Soil_Type10', 'Hillshade_9am', 'Soil_Type1', 'Soil_Type2', 'Soil_Type4', 'Slope', 'Vertical_Distance_To_Hydrology', 'Soil_Type6', 'Aspect', 'Soil_Type5', 'Soil_Type17', 'Soil_Type3', 'Soil_Type11', 'Soil_Type14', 'Soil_Type16', 'Soil_Type32', 'Soil_Type13']"
643,lr_shap_list_ir_3,lr_shap_list_ir_3_subset_62,orderStd,"['Hillshade_Noon', 'Wilderness_Area3', 'Horizontal_Distance_To_Roadways', 'Hillshade_3pm', 'Elevation', 'Wilderness_Area4', 'Horizontal_Distance_To_Hydrology', 'Horizontal_Distance_To_Fire_Points', 'Soil_Type1', 'Soil_Type2', 'Soil_Type6', 'Hillshade_9am', 'Soil_Type17', 'Soil_Type5', 'Soil_Type4', 'Slope', 'Soil_Type10', 'Soil_Type14', 'Soil_Type16', 'Vertical_Distance_To_Hydrology', 'Soil_Type3', 'Aspect', 'Soil_Type11', 'Soil_Type32', 'Soil_Type13']"
644,lr_shap_list_ir_3,lr_shap_list_ir_3_subset_62,orderSum,"['Wilderness_Area3', 'Wilderness_Area4', 'Hillshade_Noon', 'Hillshade_3pm', 'Horizontal_Distance_To_Roadways', 'Elevation', 'Horizontal_Distance_To_Hydrology', 'Horizontal_Distance_To_Fire_Points', 'Soil_Type10', 'Hillshade_9am', 'Soil_Type1', 'Soil_Type2', 'Soil_Type4', 'Slope', 'Vertical_Distance_To_Hydrology', 'Soil_Type6', 'Aspect', 'Soil_Type5', 'Soil_Type17', 'Soil_Type3', 'Soil_Type11', 'Soil_Type14', 'Soil_Type16', 'Soil_Type32', 'Soil_Type13']"
645,lr_shap_list_ir_5,lr_shap_list_ir_5_subset_54,orderMean,"['Wilderness_Area4', 'Wilderness_Area3', 'Hillshade_3pm', 'Hillshade_Noon', 'Elevation', 'Horizontal_Distance_To_Roadways', 'Horizontal_Distance_To_Hydrology', 'Hillshade_9am', 'Slope', 'Horizontal_Distance_To_Fire_Points', 'Soil_Type10', 'Soil_Type2', 'Soil_Type3', 'Soil_Type4', 'Soil_Type6', 'Soil_Type1', 'Vertical_Distance_To_Hydrology', 'Soil_Type17', 'Aspect', 'Soil_Type14', 'Soil_Type11', 'Soil_Type5', 'Soil_Type16', 'Soil_Type32', 'Soil_Type13']"
646,lr_shap_list_ir_5,lr_shap_list_ir_5_subset_54,orderStd,"['Hillshade_3pm', 'Hillshade_Noon', 'Wilderness_Area4', 'Horizontal_Distance_To_Roadways', 'Wilderness_Area3', 'Elevation', 'Horizontal_Distance_To_Hydrology', 'Slope', 'Hillshade_9am', 'Horizontal_Distance_To_Fire_Points', 'Soil_Type1', 'Soil_Type14', 'Soil_Type2', 'Soil_Type17', 'Soil_Type3', 'Soil_Type6', 'Soil_Type5', 'Soil_Type10', 'Soil_Type11', 'Soil_Type16', 'Soil_Type4', 'Vertical_Distance_To_Hydrology', 'Aspect', 'Soil_Type32', 'Soil_Type13']"
647,lr_shap_list_ir_5,lr_shap_list_ir_5_subset_54,orderSum,"['Wilderness_Area4', 'Wilderness_Area3', 'Hillshade_3pm', 'Hillshade_Noon', 'Elevation', 'Horizontal_Distance_To_Roadways', 'Horizontal_Distance_To_Hydrology', 'Hillshade_9am', 'Slope', 'Horizontal_Distance_To_Fire_Points', 'Soil_Type10', 'Soil_Type2', 'Soil_Type3', 'Soil_Type4', 'Soil_Type6', 'Soil_Type1', 'Vertical_Distance_To_Hydrology', 'Soil_Type17', 'Aspect', 'Soil_Type14', 'Soil_Type11', 'Soil_Type5', 'Soil_Type16', 'Soil_Type32', 'Soil_Type13']"
648,lr_shap_list_ir_5,lr_shap_list_ir_5_subset_46,orderMean,"['Wilderness_Area4', 'Wilderness_Area3', 'Hillshade_3pm', 'Hillshade_Noon', 'Horizontal_Distance_To_Roadways', 'Elevation', 'Hillshade_9am', 'Slope', 'Horizontal_Distance_To_Hydrology', 'Horizontal_Distance_To_Fire_Points', 'Soil_Type10', 'Soil_Type3', 'Soil_Type2', 'Soil_Type1', 'Soil_Type4', 'Soil_Type6', 'Aspect', 'Vertical_Distance_To_Hydrology', 'Soil_Type17', 'Soil_Type5', 'Soil_Type14', 'Soil_Type11', 'Soil_Type16', 'Soil_Type32', 'Soil_Type13']"
649,lr_shap_list_ir_5,lr_shap_list_ir_5_subset_46,orderStd,"['Hillshade_3pm', 'Wilderness_Area4', 'Wilderness_Area3', 'Hillshade_Noon', 'Horizontal_Distance_To_Roadways', 'Elevation', 'Hillshade_9am', 'Slope', 'Horizontal_Distance_To_Fire_Points', 'Horizontal_Distance_To_Hydrology', 'Soil_Type2', 'Soil_Type1', 'Soil_Type14', 'Soil_Type17', 'Soil_Type6', 'Soil_Type3', 'Soil_Type5', 'Soil_Type10', 'Soil_Type16', 'Soil_Type4', 'Soil_Type11', 'Aspect', 'Vertical_Distance_To_Hydrology', 'Soil_Type32', 'Soil_Type13']"
650,lr_shap_list_ir_5,lr_shap_list_ir_5_subset_46,orderSum,"['Wilderness_Area4', 'Wilderness_Area3', 'Hillshade_3pm', 'Hillshade_Noon', 'Horizontal_Distance_To_Roadways', 'Elevation', 'Hillshade_9am', 'Slope', 'Horizontal_Distance_To_Hydrology', 'Horizontal_Distance_To_Fire_Points', 'Soil_Type10', 'Soil_Type3', 'Soil_Type2', 'Soil_Type1', 'Soil_Type4', 'Soil_Type6', 'Aspect', 'Vertical_Distance_To_Hydrology', 'Soil_Type17', 'Soil_Type5', 'Soil_Type14', 'Soil_Type11', 'Soil_Type16', 'Soil_Type32', 'Soil_Type13']"
651,lr_shap_list_ir_4,lr_shap_list_ir_4_subset_47,orderMean,"['Wilderness_Area4', 'Wilderness_Area3', 'Hillshade_3pm', 'Hillshade_Noon', 'Horizontal_Distance_To_Roadways', 'Elevation', 'Hillshade_9am', 'Horizontal_Distance_To_Hydrology', 'Slope', 'Horizontal_Distance_To_Fire_Points', 'Soil_Type10', 'Soil_Type2', 'Soil_Type1', 'Soil_Type4', 'Soil_Type3', 'Soil_Type6', 'Aspect', 'Vertical_Distance_To_Hydrology', 'Soil_Type5', 'Soil_Type17', 'Soil_Type14', 'Soil_Type11', 'Soil_Type16', 'Soil_Type32', 'Soil_Type13']"
652,lr_shap_list_ir_4,lr_shap_list_ir_4_subset_47,orderStd,"['Hillshade_3pm', 'Wilderness_Area4', 'Wilderness_Area3', 'Hillshade_Noon', 'Horizontal_Distance_To_Roadways', 'Elevation', 'Hillshade_9am', 'Horizontal_Distance_To_Hydrology', 'Soil_Type2', 'Horizontal_Distance_To_Fire_Points', 'Slope', 'Soil_Type1', 'Soil_Type3', 'Soil_Type17', 'Soil_Type14', 'Soil_Type6', 'Soil_Type5', 'Soil_Type4', 'Soil_Type16', 'Soil_Type10', 'Aspect', 'Vertical_Distance_To_Hydrology', 'Soil_Type11', 'Soil_Type32', 'Soil_Type13']"
653,lr_shap_list_ir_4,lr_shap_list_ir_4_subset_47,orderSum,"['Wilderness_Area4', 'Wilderness_Area3', 'Hillshade_3pm', 'Hillshade_Noon', 'Horizontal_Distance_To_Roadways', 'Elevation', 'Hillshade_9am', 'Horizontal_Distance_To_Hydrology', 'Slope', 'Horizontal_Distance_To_Fire_Points', 'Soil_Type10', 'Soil_Type2', 'Soil_Type1', 'Soil_Type4', 'Soil_Type3', 'Soil_Type6', 'Aspect', 'Vertical_Distance_To_Hydrology', 'Soil_Type5', 'Soil_Type17', 'Soil_Type14', 'Soil_Type11', 'Soil_Type16', 'Soil_Type32', 'Soil_Type13']"
654,lr_shap_list_ir_3,lr_shap_list_ir_3_subset_40,orderMean,"['Wilderness_Area3', 'Wilderness_Area4', 'Hillshade_3pm', 'Hillshade_Noon', 'Horizontal_Distance_To_Roadways', 'Elevation', 'Horizontal_Distance_To_Hydrology', 'Slope', 'Horizontal_Distance_To_Fire_Points', 'Soil_Type10', 'Hillshade_9am', 'Soil_Type2', 'Soil_Type1', 'Soil_Type3', 'Soil_Type4', 'Soil_Type6', 'Vertical_Distance_To_Hydrology', 'Soil_Type5', 'Soil_Type17', 'Aspect', 'Soil_Type14', 'Soil_Type11', 'Soil_Type16', 'Soil_Type32', 'Soil_Type13']"
655,lr_shap_list_ir_3,lr_shap_list_ir_3_subset_40,orderStd,"['Hillshade_3pm', 'Hillshade_Noon', 'Horizontal_Distance_To_Roadways', 'Elevation', 'Wilderness_Area3', 'Wilderness_Area4', 'Horizontal_Distance_To_Hydrology', 'Soil_Type1', 'Slope', 'Horizontal_Distance_To_Fire_Points', 'Hillshade_9am', 'Soil_Type2', 'Soil_Type17', 'Soil_Type3', 'Soil_Type6', 'Soil_Type5', 'Soil_Type14', 'Soil_Type4', 'Soil_Type16', 'Soil_Type10', 'Vertical_Distance_To_Hydrology', 'Soil_Type11', 'Aspect', 'Soil_Type32', 'Soil_Type13']"
656,lr_shap_list_ir_3,lr_shap_list_ir_3_subset_40,orderSum,"['Wilderness_Area3', 'Wilderness_Area4', 'Hillshade_3pm', 'Hillshade_Noon', 'Horizontal_Distance_To_Roadways', 'Elevation', 'Horizontal_Distance_To_Hydrology', 'Slope', 'Horizontal_Distance_To_Fire_Points', 'Soil_Type10', 'Hillshade_9am', 'Soil_Type2', 'Soil_Type1', 'Soil_Type3', 'Soil_Type4', 'Soil_Type6', 'Vertical_Distance_To_Hydrology', 'Soil_Type5', 'Soil_Type17', 'Aspect', 'Soil_Type14', 'Soil_Type11', 'Soil_Type16', 'Soil_Type32', 'Soil_Type13']"
657,lr_shap_list_ir_3,lr_shap_list_ir_3_subset_71,orderMean,"['Wilderness_Area4', 'Wilderness_Area3', 'Hillshade_3pm', 'Hillshade_Noon', 'Horizontal_Distance_To_Roadways', 'Elevation', 'Horizontal_Distance_To_Hydrology', 'Slope', 'Horizontal_Distance_To_Fire_Points', 'Soil_Type10', 'Hillshade_9am', 'Soil_Type3', 'Soil_Type6', 'Soil_Type1', 'Vertical_Distance_To_Hydrology', 'Soil_Type2', 'Soil_Type4', 'Aspect', 'Soil_Type5', 'Soil_Type17', 'Soil_Type11', 'Soil_Type16', 'Soil_Type14', 'Soil_Type32', 'Soil_Type13']"
658,lr_shap_list_ir_3,lr_shap_list_ir_3_subset_71,orderStd,"['Wilderness_Area4', 'Wilderness_Area3', 'Hillshade_3pm', 'Hillshade_Noon', 'Horizontal_Distance_To_Roadways', 'Elevation', 'Horizontal_Distance_To_Fire_Points', 'Horizontal_Distance_To_Hydrology', 'Slope', 'Soil_Type1', 'Soil_Type2', 'Soil_Type17', 'Soil_Type6', 'Hillshade_9am', 'Soil_Type3', 'Soil_Type10', 'Soil_Type14', 'Soil_Type5', 'Vertical_Distance_To_Hydrology', 'Soil_Type11', 'Soil_Type16', 'Soil_Type4', 'Aspect', 'Soil_Type32', 'Soil_Type13']"
659,lr_shap_list_ir_3,lr_shap_list_ir_3_subset_71,orderSum,"['Wilderness_Area4', 'Wilderness_Area3', 'Hillshade_3pm', 'Hillshade_Noon', 'Horizontal_Distance_To_Roadways', 'Elevation', 'Horizontal_Distance_To_Hydrology', 'Slope', 'Horizontal_Distance_To_Fire_Points', 'Soil_Type10', 'Hillshade_9am', 'Soil_Type3', 'Soil_Type6', 'Soil_Type1', 'Vertical_Distance_To_Hydrology', 'Soil_Type2', 'Soil_Type4', 'Aspect', 'Soil_Type5', 'Soil_Type17', 'Soil_Type11', 'Soil_Type16', 'Soil_Type14', 'Soil_Type32', 'Soil_Type13']"
660,lr_shap_list_ir_5,lr_shap_list_ir_5_subset_95,orderMean,"['Wilderness_Area4', 'Wilderness_Area3', 'Hillshade_3pm', 'Hillshade_Noon', 'Horizontal_Distance_To_Roadways', 'Elevation', 'Horizontal_Distance_To_Hydrology', 'Horizontal_Distance_To_Fire_Points', 'Soil_Type10', 'Slope', 'Soil_Type1', 'Soil_Type2', 'Soil_Type4', 'Soil_Type3', 'Soil_Type6', 'Vertical_Distance_To_Hydrology', 'Soil_Type14', 'Soil_Type17', 'Aspect', 'Soil_Type5', 'Hillshade_9am', 'Soil_Type11', 'Soil_Type16', 'Soil_Type32', 'Soil_Type13']"
661,lr_shap_list_ir_5,lr_shap_list_ir_5_subset_95,orderStd,"['Hillshade_3pm', 'Hillshade_Noon', 'Wilderness_Area4', 'Horizontal_Distance_To_Roadways', 'Wilderness_Area3', 'Elevation', 'Horizontal_Distance_To_Hydrology', 'Horizontal_Distance_To_Fire_Points', 'Soil_Type1', 'Soil_Type14', 'Slope', 'Soil_Type2', 'Soil_Type17', 'Soil_Type3', 'Soil_Type4', 'Soil_Type6', 'Soil_Type5', 'Soil_Type10', 'Soil_Type11', 'Soil_Type16', 'Vertical_Distance_To_Hydrology', 'Aspect', 'Hillshade_9am', 'Soil_Type32', 'Soil_Type13']"
662,lr_shap_list_ir_5,lr_shap_list_ir_5_subset_95,orderSum,"['Wilderness_Area4', 'Wilderness_Area3', 'Hillshade_3pm', 'Hillshade_Noon', 'Horizontal_Distance_To_Roadways', 'Elevation', 'Horizontal_Distance_To_Hydrology', 'Horizontal_Distance_To_Fire_Points', 'Soil_Type10', 'Slope', 'Soil_Type1', 'Soil_Type2', 'Soil_Type4', 'Soil_Type3', 'Soil_Type6', 'Vertical_Distance_To_Hydrology', 'Soil_Type14', 'Soil_Type17', 'Aspect', 'Soil_Type5', 'Hillshade_9am', 'Soil_Type11', 'Soil_Type16', 'Soil_Type32', 'Soil_Type13']"
663,lr_shap_list_ir_5,lr_shap_list_ir_5_subset_29,orderMean,"['Wilderness_Area4', 'Hillshade_3pm', 'Wilderness_Area3', 'Hillshade_Noon', 'Horizontal_Distance_To_Roadways', 'Elevation', 'Hillshade_9am', 'Horizontal_Distance_To_Hydrology', 'Slope', 'Horizontal_Distance_To_Fire_Points', 'Soil_Type10', 'Soil_Type3', 'Soil_Type1', 'Soil_Type2', 'Soil_Type17', 'Vertical_Distance_To_Hydrology', 'Soil_Type4', 'Soil_Type6', 'Aspect', 'Soil_Type14', 'Soil_Type5', 'Soil_Type11', 'Soil_Type16', 'Soil_Type32', 'Soil_Type13']"
664,lr_shap_list_ir_5,lr_shap_list_ir_5_subset_29,orderStd,"['Hillshade_3pm', 'Hillshade_Noon', 'Wilderness_Area4', 'Horizontal_Distance_To_Roadways', 'Wilderness_Area3', 'Elevation', 'Hillshade_9am', 'Horizontal_Distance_To_Hydrology', 'Slope', 'Horizontal_Distance_To_Fire_Points', 'Soil_Type17', 'Soil_Type1', 'Soil_Type14', 'Soil_Type3', 'Soil_Type2', 'Soil_Type10', 'Soil_Type16', 'Soil_Type4', 'Soil_Type5', 'Soil_Type6', 'Soil_Type11', 'Vertical_Distance_To_Hydrology', 'Aspect', 'Soil_Type32', 'Soil_Type13']"
665,lr_shap_list_ir_5,lr_shap_list_ir_5_subset_29,orderSum,"['Wilderness_Area4', 'Hillshade_3pm', 'Wilderness_Area3', 'Hillshade_Noon', 'Horizontal_Distance_To_Roadways', 'Elevation', 'Hillshade_9am', 'Horizontal_Distance_To_Hydrology', 'Slope', 'Horizontal_Distance_To_Fire_Points', 'Soil_Type10', 'Soil_Type3', 'Soil_Type1', 'Soil_Type2', 'Soil_Type17', 'Vertical_Distance_To_Hydrology', 'Soil_Type4', 'Soil_Type6', 'Aspect', 'Soil_Type14', 'Soil_Type5', 'Soil_Type11', 'Soil_Type16', 'Soil_Type32', 'Soil_Type13']"
666,lr_shap_list_ir_3,lr_shap_list_ir_3_subset_100,orderMean,"['Wilderness_Area4', 'Wilderness_Area3', 'Hillshade_3pm', 'Hillshade_Noon', 'Horizontal_Distance_To_Roadways', 'Elevation', 'Slope', 'Horizontal_Distance_To_Fire_Points', 'Horizontal_Distance_To_Hydrology', 'Hillshade_9am', 'Soil_Type10', 'Soil_Type3', 'Soil_Type2', 'Soil_Type6', 'Soil_Type1', 'Vertical_Distance_To_Hydrology', 'Soil_Type4', 'Soil_Type17', 'Soil_Type5', 'Soil_Type11', 'Soil_Type16', 'Soil_Type14', 'Aspect', 'Soil_Type32', 'Soil_Type13']"
667,lr_shap_list_ir_3,lr_shap_list_ir_3_subset_100,orderStd,"['Wilderness_Area4', 'Wilderness_Area3', 'Hillshade_3pm', 'Hillshade_Noon', 'Horizontal_Distance_To_Roadways', 'Elevation', 'Horizontal_Distance_To_Fire_Points', 'Slope', 'Horizontal_Distance_To_Hydrology', 'Soil_Type1', 'Hillshade_9am', 'Soil_Type2', 'Soil_Type6', 'Soil_Type17', 'Soil_Type14', 'Soil_Type10', 'Soil_Type5', 'Soil_Type11', 'Soil_Type3', 'Soil_Type4', 'Soil_Type16', 'Vertical_Distance_To_Hydrology', 'Soil_Type32', 'Aspect', 'Soil_Type13']"
668,lr_shap_list_ir_3,lr_shap_list_ir_3_subset_100,orderSum,"['Wilderness_Area4', 'Wilderness_Area3', 'Hillshade_3pm', 'Hillshade_Noon', 'Horizontal_Distance_To_Roadways', 'Elevation', 'Slope', 'Horizontal_Distance_To_Fire_Points', 'Horizontal_Distance_To_Hydrology', 'Hillshade_9am', 'Soil_Type10', 'Soil_Type3', 'Soil_Type2', 'Soil_Type6', 'Soil_Type1', 'Vertical_Distance_To_Hydrology', 'Soil_Type4', 'Soil_Type17', 'Soil_Type5', 'Soil_Type11', 'Soil_Type16', 'Soil_Type14', 'Aspect', 'Soil_Type32', 'Soil_Type13']"
669,lr_shap_list_ir_3,lr_shap_list_ir_3_subset_76,orderMean,"['Wilderness_Area4', 'Wilderness_Area3', 'Hillshade_3pm', 'Hillshade_Noon', 'Elevation', 'Horizontal_Distance_To_Roadways', 'Horizontal_Distance_To_Hydrology', 'Slope', 'Horizontal_Distance_To_Fire_Points', 'Hillshade_9am', 'Soil_Type10', 'Soil_Type6', 'Soil_Type2', 'Soil_Type1', 'Soil_Type4', 'Soil_Type3', 'Soil_Type17', 'Vertical_Distance_To_Hydrology', 'Soil_Type14', 'Aspect', 'Soil_Type5', 'Soil_Type11', 'Soil_Type16', 'Soil_Type32', 'Soil_Type13']"
670,lr_shap_list_ir_3,lr_shap_list_ir_3_subset_76,orderStd,"['Wilderness_Area4', 'Hillshade_3pm', 'Wilderness_Area3', 'Hillshade_Noon', 'Horizontal_Distance_To_Roadways', 'Elevation', 'Soil_Type1', 'Horizontal_Distance_To_Fire_Points', 'Horizontal_Distance_To_Hydrology', 'Slope', 'Soil_Type2', 'Hillshade_9am', 'Soil_Type14', 'Soil_Type6', 'Soil_Type5', 'Soil_Type17', 'Soil_Type4', 'Soil_Type3', 'Soil_Type11', 'Soil_Type16', 'Soil_Type10', 'Vertical_Distance_To_Hydrology', 'Aspect', 'Soil_Type32', 'Soil_Type13']"
671,lr_shap_list_ir_3,lr_shap_list_ir_3_subset_76,orderSum,"['Wilderness_Area4', 'Wilderness_Area3', 'Hillshade_3pm', 'Hillshade_Noon', 'Elevation', 'Horizontal_Distance_To_Roadways', 'Horizontal_Distance_To_Hydrology', 'Slope', 'Horizontal_Distance_To_Fire_Points', 'Hillshade_9am', 'Soil_Type10', 'Soil_Type6', 'Soil_Type2', 'Soil_Type1', 'Soil_Type4', 'Soil_Type3', 'Soil_Type17', 'Vertical_Distance_To_Hydrology', 'Soil_Type14', 'Aspect', 'Soil_Type5', 'Soil_Type11', 'Soil_Type16', 'Soil_Type32', 'Soil_Type13']"
672,lr_shap_list_ir_2,lr_shap_list_ir_2_subset_13,orderMean,"['Wilderness_Area3', 'Wilderness_Area4', 'Hillshade_3pm', 'Hillshade_Noon', 'Horizontal_Distance_To_Roadways', 'Elevation', 'Horizontal_Distance_To_Hydrology', 'Horizontal_Distance_To_Fire_Points', 'Soil_Type10', 'Hillshade_9am', 'Slope', 'Soil_Type4', 'Soil_Type6', 'Soil_Type2', 'Soil_Type1', 'Vertical_Distance_To_Hydrology', 'Aspect', 'Soil_Type3', 'Soil_Type5', 'Soil_Type17', 'Soil_Type14', 'Soil_Type11', 'Soil_Type16', 'Soil_Type32', 'Soil_Type13']"
673,lr_shap_list_ir_2,lr_shap_list_ir_2_subset_13,orderStd,"['Hillshade_3pm', 'Hillshade_Noon', 'Wilderness_Area3', 'Wilderness_Area4', 'Horizontal_Distance_To_Roadways', 'Elevation', 'Horizontal_Distance_To_Hydrology', 'Horizontal_Distance_To_Fire_Points', 'Soil_Type1', 'Hillshade_9am', 'Slope', 'Soil_Type2', 'Soil_Type6', 'Soil_Type4', 'Soil_Type10', 'Soil_Type5', 'Soil_Type17', 'Soil_Type14', 'Vertical_Distance_To_Hydrology', 'Soil_Type3', 'Soil_Type16', 'Soil_Type11', 'Aspect', 'Soil_Type32', 'Soil_Type13']"
674,lr_shap_list_ir_2,lr_shap_list_ir_2_subset_13,orderSum,"['Wilderness_Area3', 'Wilderness_Area4', 'Hillshade_3pm', 'Hillshade_Noon', 'Horizontal_Distance_To_Roadways', 'Elevation', 'Horizontal_Distance_To_Hydrology', 'Horizontal_Distance_To_Fire_Points', 'Soil_Type10', 'Hillshade_9am', 'Slope', 'Soil_Type4', 'Soil_Type6', 'Soil_Type2', 'Soil_Type1', 'Vertical_Distance_To_Hydrology', 'Aspect', 'Soil_Type3', 'Soil_Type5', 'Soil_Type17', 'Soil_Type14', 'Soil_Type11', 'Soil_Type16', 'Soil_Type32', 'Soil_Type13']"
675,lr_shap_list_ir_3,lr_shap_list_ir_3_subset_15,orderMean,"['Wilderness_Area4', 'Wilderness_Area3', 'Hillshade_3pm', 'Elevation', 'Hillshade_Noon', 'Horizontal_Distance_To_Roadways', 'Horizontal_Distance_To_Hydrology', 'Horizontal_Distance_To_Fire_Points', 'Slope', 'Soil_Type10', 'Soil_Type2', 'Hillshade_9am', 'Soil_Type3', 'Soil_Type1', 'Soil_Type4', 'Soil_Type6', 'Vertical_Distance_To_Hydrology', 'Aspect', 'Soil_Type5', 'Soil_Type17', 'Soil_Type11', 'Soil_Type14', 'Soil_Type16', 'Soil_Type32', 'Soil_Type13']"
676,lr_shap_list_ir_3,lr_shap_list_ir_3_subset_15,orderStd,"['Wilderness_Area4', 'Wilderness_Area3', 'Hillshade_Noon', 'Hillshade_3pm', 'Horizontal_Distance_To_Roadways', 'Elevation', 'Horizontal_Distance_To_Hydrology', 'Soil_Type2', 'Horizontal_Distance_To_Fire_Points', 'Soil_Type1', 'Slope', 'Soil_Type17', 'Soil_Type3', 'Soil_Type5', 'Soil_Type10', 'Soil_Type14', 'Soil_Type11', 'Soil_Type6', 'Hillshade_9am', 'Soil_Type4', 'Vertical_Distance_To_Hydrology', 'Soil_Type16', 'Aspect', 'Soil_Type32', 'Soil_Type13']"
677,lr_shap_list_ir_3,lr_shap_list_ir_3_subset_15,orderSum,"['Wilderness_Area4', 'Wilderness_Area3', 'Hillshade_3pm', 'Elevation', 'Hillshade_Noon', 'Horizontal_Distance_To_Roadways', 'Horizontal_Distance_To_Hydrology', 'Horizontal_Distance_To_Fire_Points', 'Slope', 'Soil_Type10', 'Soil_Type2', 'Hillshade_9am', 'Soil_Type3', 'Soil_Type1', 'Soil_Type4', 'Soil_Type6', 'Vertical_Distance_To_Hydrology', 'Aspect', 'Soil_Type5', 'Soil_Type17', 'Soil_Type11', 'Soil_Type14', 'Soil_Type16', 'Soil_Type32', 'Soil_Type13']"
678,lr_shap_list_ir_2,lr_shap_list_ir_2_subset_86,orderMean,"['Wilderness_Area3', 'Wilderness_Area4', 'Hillshade_Noon', 'Hillshade_3pm', 'Horizontal_Distance_To_Roadways', 'Elevation', 'Horizontal_Distance_To_Fire_Points', 'Soil_Type10', 'Horizontal_Distance_To_Hydrology', 'Soil_Type2', 'Soil_Type4', 'Aspect', 'Slope', 'Soil_Type6', 'Soil_Type1', 'Soil_Type3', 'Soil_Type11', 'Soil_Type5', 'Vertical_Distance_To_Hydrology', 'Soil_Type14', 'Soil_Type17', 'Hillshade_9am', 'Soil_Type16', 'Soil_Type32', 'Soil_Type13']"
679,lr_shap_list_ir_2,lr_shap_list_ir_2_subset_86,orderStd,"['Hillshade_Noon', 'Horizontal_Distance_To_Roadways', 'Hillshade_3pm', 'Elevation', 'Wilderness_Area3', 'Soil_Type1', 'Horizontal_Distance_To_Fire_Points', 'Wilderness_Area4', 'Soil_Type2', 'Horizontal_Distance_To_Hydrology', 'Soil_Type10', 'Soil_Type5', 'Soil_Type3', 'Soil_Type4', 'Soil_Type14', 'Soil_Type6', 'Soil_Type11', 'Slope', 'Aspect', 'Soil_Type17', 'Soil_Type16', 'Vertical_Distance_To_Hydrology', 'Hillshade_9am', 'Soil_Type32', 'Soil_Type13']"
680,lr_shap_list_ir_2,lr_shap_list_ir_2_subset_86,orderSum,"['Wilderness_Area3', 'Wilderness_Area4', 'Hillshade_Noon', 'Hillshade_3pm', 'Horizontal_Distance_To_Roadways', 'Elevation', 'Horizontal_Distance_To_Fire_Points', 'Soil_Type10', 'Horizontal_Distance_To_Hydrology', 'Soil_Type2', 'Soil_Type4', 'Aspect', 'Slope', 'Soil_Type6', 'Soil_Type1', 'Soil_Type3', 'Soil_Type11', 'Soil_Type5', 'Vertical_Distance_To_Hydrology', 'Soil_Type14', 'Soil_Type17', 'Hillshade_9am', 'Soil_Type16', 'Soil_Type32', 'Soil_Type13']"
681,lr_shap_list_ir_4,lr_shap_list_ir_4_subset_32,orderMean,"['Wilderness_Area4', 'Hillshade_3pm', 'Wilderness_Area3', 'Hillshade_Noon', 'Hillshade_9am', 'Horizontal_Distance_To_Roadways', 'Elevation', 'Horizontal_Distance_To_Hydrology', 'Slope', 'Horizontal_Distance_To_Fire_Points', 'Soil_Type10', 'Soil_Type3', 'Soil_Type2', 'Vertical_Distance_To_Hydrology', 'Soil_Type4', 'Soil_Type17', 'Soil_Type6', 'Soil_Type1', 'Aspect', 'Soil_Type5', 'Soil_Type11', 'Soil_Type14', 'Soil_Type16', 'Soil_Type32', 'Soil_Type13']"
682,lr_shap_list_ir_4,lr_shap_list_ir_4_subset_32,orderStd,"['Hillshade_3pm', 'Wilderness_Area4', 'Hillshade_Noon', 'Wilderness_Area3', 'Horizontal_Distance_To_Roadways', 'Hillshade_9am', 'Elevation', 'Horizontal_Distance_To_Hydrology', 'Slope', 'Horizontal_Distance_To_Fire_Points', 'Soil_Type1', 'Soil_Type17', 'Soil_Type3', 'Soil_Type14', 'Soil_Type2', 'Soil_Type11', 'Soil_Type5', 'Vertical_Distance_To_Hydrology', 'Soil_Type10', 'Soil_Type4', 'Soil_Type6', 'Soil_Type16', 'Aspect', 'Soil_Type32', 'Soil_Type13']"
683,lr_shap_list_ir_4,lr_shap_list_ir_4_subset_32,orderSum,"['Wilderness_Area4', 'Hillshade_3pm', 'Wilderness_Area3', 'Hillshade_Noon', 'Hillshade_9am', 'Horizontal_Distance_To_Roadways', 'Elevation', 'Horizontal_Distance_To_Hydrology', 'Slope', 'Horizontal_Distance_To_Fire_Points', 'Soil_Type10', 'Soil_Type3', 'Soil_Type2', 'Vertical_Distance_To_Hydrology', 'Soil_Type4', 'Soil_Type17', 'Soil_Type6', 'Soil_Type1', 'Aspect', 'Soil_Type5', 'Soil_Type11', 'Soil_Type14', 'Soil_Type16', 'Soil_Type32', 'Soil_Type13']"
684,lr_shap_list_ir_3,lr_shap_list_ir_3_subset_92,orderMean,"['Wilderness_Area4', 'Wilderness_Area3', 'Hillshade_3pm', 'Hillshade_Noon', 'Horizontal_Distance_To_Roadways', 'Elevation', 'Horizontal_Distance_To_Hydrology', 'Slope', 'Horizontal_Distance_To_Fire_Points', 'Soil_Type10', 'Soil_Type2', 'Vertical_Distance_To_Hydrology', 'Soil_Type3', 'Soil_Type6', 'Soil_Type1', 'Soil_Type4', 'Aspect', 'Hillshade_9am', 'Soil_Type17', 'Soil_Type5', 'Soil_Type14', 'Soil_Type11', 'Soil_Type16', 'Soil_Type32', 'Soil_Type13']"
685,lr_shap_list_ir_3,lr_shap_list_ir_3_subset_92,orderStd,"['Hillshade_Noon', 'Hillshade_3pm', 'Wilderness_Area4', 'Wilderness_Area3', 'Horizontal_Distance_To_Roadways', 'Elevation', 'Horizontal_Distance_To_Hydrology', 'Horizontal_Distance_To_Fire_Points', 'Slope', 'Soil_Type1', 'Soil_Type2', 'Soil_Type3', 'Soil_Type17', 'Soil_Type6', 'Soil_Type10', 'Vertical_Distance_To_Hydrology', 'Soil_Type14', 'Soil_Type5', 'Soil_Type4', 'Soil_Type16', 'Aspect', 'Hillshade_9am', 'Soil_Type11', 'Soil_Type32', 'Soil_Type13']"
686,lr_shap_list_ir_3,lr_shap_list_ir_3_subset_92,orderSum,"['Wilderness_Area4', 'Wilderness_Area3', 'Hillshade_3pm', 'Hillshade_Noon', 'Horizontal_Distance_To_Roadways', 'Elevation', 'Horizontal_Distance_To_Hydrology', 'Slope', 'Horizontal_Distance_To_Fire_Points', 'Soil_Type10', 'Soil_Type2', 'Vertical_Distance_To_Hydrology', 'Soil_Type3', 'Soil_Type6', 'Soil_Type1', 'Soil_Type4', 'Aspect', 'Hillshade_9am', 'Soil_Type17', 'Soil_Type5', 'Soil_Type14', 'Soil_Type11', 'Soil_Type16', 'Soil_Type32', 'Soil_Type13']"
687,lr_shap_list_ir_2,lr_shap_list_ir_2_subset_6,orderMean,"['Wilderness_Area3', 'Wilderness_Area4', 'Elevation', 'Horizontal_Distance_To_Roadways', 'Hillshade_9am', 'Horizontal_Distance_To_Hydrology', 'Hillshade_Noon', 'Soil_Type10', 'Horizontal_Distance_To_Fire_Points', 'Soil_Type2', 'Slope', 'Hillshade_3pm', 'Vertical_Distance_To_Hydrology', 'Soil_Type6', 'Soil_Type1', 'Aspect', 'Soil_Type3', 'Soil_Type4', 'Soil_Type5', 'Soil_Type11', 'Soil_Type17', 'Soil_Type16', 'Soil_Type14', 'Soil_Type32', 'Soil_Type13']"
688,lr_shap_list_ir_2,lr_shap_list_ir_2_subset_6,orderStd,"['Wilderness_Area3', 'Wilderness_Area4', 'Horizontal_Distance_To_Roadways', 'Elevation', 'Hillshade_9am', 'Horizontal_Distance_To_Fire_Points', 'Hillshade_Noon', 'Horizontal_Distance_To_Hydrology', 'Soil_Type2', 'Soil_Type1', 'Soil_Type6', 'Soil_Type10', 'Soil_Type3', 'Slope', 'Hillshade_3pm', 'Vertical_Distance_To_Hydrology', 'Soil_Type5', 'Soil_Type17', 'Soil_Type14', 'Soil_Type11', 'Soil_Type4', 'Soil_Type16', 'Aspect', 'Soil_Type32', 'Soil_Type13']"
689,lr_shap_list_ir_2,lr_shap_list_ir_2_subset_6,orderSum,"['Wilderness_Area3', 'Wilderness_Area4', 'Elevation', 'Horizontal_Distance_To_Roadways', 'Hillshade_9am', 'Horizontal_Distance_To_Hydrology', 'Hillshade_Noon', 'Soil_Type10', 'Horizontal_Distance_To_Fire_Points', 'Soil_Type2', 'Slope', 'Hillshade_3pm', 'Vertical_Distance_To_Hydrology', 'Soil_Type6', 'Soil_Type1', 'Aspect', 'Soil_Type3', 'Soil_Type4', 'Soil_Type5', 'Soil_Type11', 'Soil_Type17', 'Soil_Type16', 'Soil_Type14', 'Soil_Type32', 'Soil_Type13']"
690,lr_shap_list_ir_5,lr_shap_list_ir_5_subset_55,orderMean,"['Wilderness_Area4', 'Wilderness_Area3', 'Hillshade_3pm', 'Hillshade_Noon', 'Horizontal_Distance_To_Roadways', 'Elevation', 'Horizontal_Distance_To_Hydrology', 'Slope', 'Horizontal_Distance_To_Fire_Points', 'Hillshade_9am', 'Soil_Type10', 'Soil_Type3', 'Soil_Type2', 'Soil_Type1', 'Soil_Type4', 'Soil_Type6', 'Vertical_Distance_To_Hydrology', 'Soil_Type17', 'Aspect', 'Soil_Type5', 'Soil_Type14', 'Soil_Type11', 'Soil_Type16', 'Soil_Type32', 'Soil_Type13']"
691,lr_shap_list_ir_5,lr_shap_list_ir_5_subset_55,orderStd,"['Hillshade_3pm', 'Hillshade_Noon', 'Wilderness_Area4', 'Horizontal_Distance_To_Roadways', 'Wilderness_Area3', 'Elevation', 'Horizontal_Distance_To_Hydrology', 'Slope', 'Horizontal_Distance_To_Fire_Points', 'Soil_Type1', 'Soil_Type2', 'Hillshade_9am', 'Soil_Type14', 'Soil_Type3', 'Soil_Type6', 'Soil_Type17', 'Soil_Type10', 'Soil_Type5', 'Soil_Type16', 'Soil_Type4', 'Vertical_Distance_To_Hydrology', 'Soil_Type11', 'Aspect', 'Soil_Type32', 'Soil_Type13']"
692,lr_shap_list_ir_5,lr_shap_list_ir_5_subset_55,orderSum,"['Wilderness_Area4', 'Wilderness_Area3', 'Hillshade_3pm', 'Hillshade_Noon', 'Horizontal_Distance_To_Roadways', 'Elevation', 'Horizontal_Distance_To_Hydrology', 'Slope', 'Horizontal_Distance_To_Fire_Points', 'Hillshade_9am', 'Soil_Type10', 'Soil_Type3', 'Soil_Type2', 'Soil_Type1', 'Soil_Type4', 'Soil_Type6', 'Vertical_Distance_To_Hydrology', 'Soil_Type17', 'Aspect', 'Soil_Type5', 'Soil_Type14', 'Soil_Type11', 'Soil_Type16', 'Soil_Type32', 'Soil_Type13']"
693,lr_shap_list_ir_2,lr_shap_list_ir_2_subset_47,orderMean,"['Wilderness_Area3', 'Wilderness_Area4', 'Hillshade_3pm', 'Hillshade_Noon', 'Horizontal_Distance_To_Roadways', 'Elevation', 'Slope', 'Horizontal_Distance_To_Fire_Points', 'Horizontal_Distance_To_Hydrology', 'Soil_Type2', 'Soil_Type10', 'Soil_Type3', 'Soil_Type1', 'Aspect', 'Soil_Type6', 'Hillshade_9am', 'Soil_Type4', 'Vertical_Distance_To_Hydrology', 'Soil_Type11', 'Soil_Type5', 'Soil_Type17', 'Soil_Type14', 'Soil_Type16', 'Soil_Type32', 'Soil_Type13']"
694,lr_shap_list_ir_2,lr_shap_list_ir_2_subset_47,orderStd,"['Wilderness_Area3', 'Hillshade_Noon', 'Wilderness_Area4', 'Hillshade_3pm', 'Horizontal_Distance_To_Roadways', 'Elevation', 'Soil_Type1', 'Soil_Type2', 'Horizontal_Distance_To_Fire_Points', 'Slope', 'Horizontal_Distance_To_Hydrology', 'Soil_Type3', 'Soil_Type5', 'Soil_Type14', 'Soil_Type17', 'Soil_Type6', 'Soil_Type10', 'Soil_Type4', 'Aspect', 'Soil_Type11', 'Hillshade_9am', 'Soil_Type16', 'Vertical_Distance_To_Hydrology', 'Soil_Type32', 'Soil_Type13']"
695,lr_shap_list_ir_2,lr_shap_list_ir_2_subset_47,orderSum,"['Wilderness_Area3', 'Wilderness_Area4', 'Hillshade_3pm', 'Hillshade_Noon', 'Horizontal_Distance_To_Roadways', 'Elevation', 'Slope', 'Horizontal_Distance_To_Fire_Points', 'Horizontal_Distance_To_Hydrology', 'Soil_Type2', 'Soil_Type10', 'Soil_Type3', 'Soil_Type1', 'Aspect', 'Soil_Type6', 'Hillshade_9am', 'Soil_Type4', 'Vertical_Distance_To_Hydrology', 'Soil_Type11', 'Soil_Type5', 'Soil_Type17', 'Soil_Type14', 'Soil_Type16', 'Soil_Type32', 'Soil_Type13']"
696,lr_shap_list_ir_3,lr_shap_list_ir_3_subset_10,orderMean,"['Wilderness_Area4', 'Wilderness_Area3', 'Hillshade_3pm', 'Hillshade_Noon', 'Elevation', 'Horizontal_Distance_To_Roadways', 'Slope', 'Horizontal_Distance_To_Hydrology', 'Horizontal_Distance_To_Fire_Points', 'Hillshade_9am', 'Soil_Type10', 'Soil_Type2', 'Soil_Type6', 'Soil_Type3', 'Soil_Type4', 'Vertical_Distance_To_Hydrology', 'Soil_Type1', 'Soil_Type17', 'Aspect', 'Soil_Type11', 'Soil_Type5', 'Soil_Type14', 'Soil_Type16', 'Soil_Type32', 'Soil_Type13']"
697,lr_shap_list_ir_3,lr_shap_list_ir_3_subset_10,orderStd,"['Wilderness_Area4', 'Hillshade_3pm', 'Wilderness_Area3', 'Hillshade_Noon', 'Horizontal_Distance_To_Roadways', 'Elevation', 'Slope', 'Horizontal_Distance_To_Fire_Points', 'Horizontal_Distance_To_Hydrology', 'Hillshade_9am', 'Soil_Type1', 'Soil_Type2', 'Soil_Type17', 'Soil_Type6', 'Soil_Type3', 'Soil_Type11', 'Soil_Type14', 'Soil_Type4', 'Soil_Type5', 'Vertical_Distance_To_Hydrology', 'Soil_Type10', 'Soil_Type16', 'Aspect', 'Soil_Type32', 'Soil_Type13']"
698,lr_shap_list_ir_3,lr_shap_list_ir_3_subset_10,orderSum,"['Wilderness_Area4', 'Wilderness_Area3', 'Hillshade_3pm', 'Hillshade_Noon', 'Elevation', 'Horizontal_Distance_To_Roadways', 'Slope', 'Horizontal_Distance_To_Hydrology', 'Horizontal_Distance_To_Fire_Points', 'Hillshade_9am', 'Soil_Type10', 'Soil_Type2', 'Soil_Type6', 'Soil_Type3', 'Soil_Type4', 'Vertical_Distance_To_Hydrology', 'Soil_Type1', 'Soil_Type17', 'Aspect', 'Soil_Type11', 'Soil_Type5', 'Soil_Type14', 'Soil_Type16', 'Soil_Type32', 'Soil_Type13']"
699,lr_shap_list_ir_4,lr_shap_list_ir_4_subset_90,orderMean,"['Wilderness_Area4', 'Hillshade_3pm', 'Wilderness_Area3', 'Hillshade_Noon', 'Hillshade_9am', 'Horizontal_Distance_To_Roadways', 'Elevation', 'Slope', 'Horizontal_Distance_To_Hydrology', 'Horizontal_Distance_To_Fire_Points', 'Soil_Type10', 'Soil_Type3', 'Soil_Type4', 'Soil_Type2', 'Soil_Type1', 'Aspect', 'Soil_Type6', 'Vertical_Distance_To_Hydrology', 'Soil_Type17', 'Soil_Type5', 'Soil_Type11', 'Soil_Type14', 'Soil_Type16', 'Soil_Type32', 'Soil_Type13']"
700,lr_shap_list_ir_4,lr_shap_list_ir_4_subset_90,orderStd,"['Hillshade_3pm', 'Hillshade_Noon', 'Wilderness_Area4', 'Hillshade_9am', 'Horizontal_Distance_To_Roadways', 'Wilderness_Area3', 'Elevation', 'Slope', 'Horizontal_Distance_To_Fire_Points', 'Horizontal_Distance_To_Hydrology', 'Soil_Type2', 'Soil_Type17', 'Soil_Type14', 'Soil_Type3', 'Soil_Type1', 'Soil_Type11', 'Soil_Type5', 'Soil_Type10', 'Soil_Type6', 'Soil_Type16', 'Soil_Type4', 'Aspect', 'Vertical_Distance_To_Hydrology', 'Soil_Type32', 'Soil_Type13']"
701,lr_shap_list_ir_4,lr_shap_list_ir_4_subset_90,orderSum,"['Wilderness_Area4', 'Hillshade_3pm', 'Wilderness_Area3', 'Hillshade_Noon', 'Hillshade_9am', 'Horizontal_Distance_To_Roadways', 'Elevation', 'Slope', 'Horizontal_Distance_To_Hydrology', 'Horizontal_Distance_To_Fire_Points', 'Soil_Type10', 'Soil_Type3', 'Soil_Type4', 'Soil_Type2', 'Soil_Type1', 'Aspect', 'Soil_Type6', 'Vertical_Distance_To_Hydrology', 'Soil_Type17', 'Soil_Type5', 'Soil_Type11', 'Soil_Type14', 'Soil_Type16', 'Soil_Type32', 'Soil_Type13']"
702,lr_shap_list_ir_4,lr_shap_list_ir_4_subset_84,orderMean,"['Wilderness_Area4', 'Wilderness_Area3', 'Hillshade_3pm', 'Hillshade_Noon', 'Horizontal_Distance_To_Roadways', 'Elevation', 'Horizontal_Distance_To_Hydrology', 'Horizontal_Distance_To_Fire_Points', 'Soil_Type10', 'Slope', 'Hillshade_9am', 'Soil_Type2', 'Soil_Type1', 'Aspect', 'Soil_Type3', 'Soil_Type4', 'Soil_Type6', 'Soil_Type17', 'Vertical_Distance_To_Hydrology', 'Soil_Type5', 'Soil_Type14', 'Soil_Type11', 'Soil_Type16', 'Soil_Type32', 'Soil_Type13']"
703,lr_shap_list_ir_4,lr_shap_list_ir_4_subset_84,orderStd,"['Hillshade_3pm', 'Wilderness_Area4', 'Hillshade_Noon', 'Wilderness_Area3', 'Horizontal_Distance_To_Roadways', 'Elevation', 'Horizontal_Distance_To_Hydrology', 'Horizontal_Distance_To_Fire_Points', 'Soil_Type1', 'Slope', 'Soil_Type2', 'Soil_Type17', 'Hillshade_9am', 'Soil_Type14', 'Soil_Type3', 'Soil_Type6', 'Soil_Type4', 'Soil_Type10', 'Soil_Type5', 'Soil_Type11', 'Soil_Type16', 'Aspect', 'Vertical_Distance_To_Hydrology', 'Soil_Type32', 'Soil_Type13']"
704,lr_shap_list_ir_4,lr_shap_list_ir_4_subset_84,orderSum,"['Wilderness_Area4', 'Wilderness_Area3', 'Hillshade_3pm', 'Hillshade_Noon', 'Horizontal_Distance_To_Roadways', 'Elevation', 'Horizontal_Distance_To_Hydrology', 'Horizontal_Distance_To_Fire_Points', 'Soil_Type10', 'Slope', 'Hillshade_9am', 'Soil_Type2', 'Soil_Type1', 'Aspect', 'Soil_Type3', 'Soil_Type4', 'Soil_Type6', 'Soil_Type17', 'Vertical_Distance_To_Hydrology', 'Soil_Type5', 'Soil_Type14', 'Soil_Type11', 'Soil_Type16', 'Soil_Type32', 'Soil_Type13']"
705,lr_shap_list_ir_2,lr_shap_list_ir_2_subset_43,orderMean,"['Wilderness_Area3', 'Wilderness_Area4', 'Hillshade_Noon', 'Hillshade_3pm', 'Elevation', 'Horizontal_Distance_To_Roadways', 'Horizontal_Distance_To_Hydrology', 'Horizontal_Distance_To_Fire_Points', 'Slope', 'Soil_Type2', 'Soil_Type10', 'Soil_Type6', 'Soil_Type1', 'Hillshade_9am', 'Soil_Type3', 'Vertical_Distance_To_Hydrology', 'Aspect', 'Soil_Type4', 'Soil_Type5', 'Soil_Type17', 'Soil_Type14', 'Soil_Type11', 'Soil_Type16', 'Soil_Type32', 'Soil_Type13']"
706,lr_shap_list_ir_2,lr_shap_list_ir_2_subset_43,orderStd,"['Hillshade_Noon', 'Wilderness_Area3', 'Wilderness_Area4', 'Hillshade_3pm', 'Horizontal_Distance_To_Roadways', 'Elevation', 'Horizontal_Distance_To_Fire_Points', 'Horizontal_Distance_To_Hydrology', 'Slope', 'Soil_Type1', 'Soil_Type2', 'Soil_Type3', 'Soil_Type6', 'Soil_Type17', 'Soil_Type14', 'Soil_Type10', 'Soil_Type5', 'Hillshade_9am', 'Vertical_Distance_To_Hydrology', 'Soil_Type4', 'Aspect', 'Soil_Type16', 'Soil_Type11', 'Soil_Type32', 'Soil_Type13']"
707,lr_shap_list_ir_2,lr_shap_list_ir_2_subset_43,orderSum,"['Wilderness_Area3', 'Wilderness_Area4', 'Hillshade_Noon', 'Hillshade_3pm', 'Elevation', 'Horizontal_Distance_To_Roadways', 'Horizontal_Distance_To_Hydrology', 'Horizontal_Distance_To_Fire_Points', 'Slope', 'Soil_Type2', 'Soil_Type10', 'Soil_Type6', 'Soil_Type1', 'Hillshade_9am', 'Soil_Type3', 'Vertical_Distance_To_Hydrology', 'Aspect', 'Soil_Type4', 'Soil_Type5', 'Soil_Type17', 'Soil_Type14', 'Soil_Type11', 'Soil_Type16', 'Soil_Type32', 'Soil_Type13']"
708,lr_shap_list_ir_2,lr_shap_list_ir_2_subset_58,orderMean,"['Wilderness_Area3', 'Wilderness_Area4', 'Hillshade_3pm', 'Hillshade_Noon', 'Horizontal_Distance_To_Roadways', 'Elevation', 'Horizontal_Distance_To_Hydrology', 'Horizontal_Distance_To_Fire_Points', 'Soil_Type4', 'Soil_Type10', 'Slope', 'Soil_Type2', 'Hillshade_9am', 'Soil_Type1', 'Soil_Type6', 'Aspect', 'Vertical_Distance_To_Hydrology', 'Soil_Type5', 'Soil_Type17', 'Soil_Type11', 'Soil_Type3', 'Soil_Type14', 'Soil_Type16', 'Soil_Type32', 'Soil_Type13']"
709,lr_shap_list_ir_2,lr_shap_list_ir_2_subset_58,orderStd,"['Hillshade_3pm', 'Hillshade_Noon', 'Horizontal_Distance_To_Roadways', 'Wilderness_Area3', 'Elevation', 'Horizontal_Distance_To_Hydrology', 'Wilderness_Area4', 'Horizontal_Distance_To_Fire_Points', 'Soil_Type1', 'Soil_Type4', 'Soil_Type2', 'Slope', 'Soil_Type17', 'Soil_Type6', 'Soil_Type5', 'Hillshade_9am', 'Soil_Type10', 'Soil_Type14', 'Vertical_Distance_To_Hydrology', 'Aspect', 'Soil_Type3', 'Soil_Type11', 'Soil_Type16', 'Soil_Type32', 'Soil_Type13']"
710,lr_shap_list_ir_2,lr_shap_list_ir_2_subset_58,orderSum,"['Wilderness_Area3', 'Wilderness_Area4', 'Hillshade_3pm', 'Hillshade_Noon', 'Horizontal_Distance_To_Roadways', 'Elevation', 'Horizontal_Distance_To_Hydrology', 'Horizontal_Distance_To_Fire_Points', 'Soil_Type4', 'Soil_Type10', 'Slope', 'Soil_Type2', 'Hillshade_9am', 'Soil_Type1', 'Soil_Type6', 'Aspect', 'Vertical_Distance_To_Hydrology', 'Soil_Type5', 'Soil_Type17', 'Soil_Type11', 'Soil_Type3', 'Soil_Type14', 'Soil_Type16', 'Soil_Type32', 'Soil_Type13']"
711,lr_shap_list_ir_4,lr_shap_list_ir_4_subset_50,orderMean,"['Wilderness_Area4', 'Wilderness_Area3', 'Elevation', 'Hillshade_Noon', 'Horizontal_Distance_To_Roadways', 'Hillshade_3pm', 'Horizontal_Distance_To_Fire_Points', 'Horizontal_Distance_To_Hydrology', 'Soil_Type10', 'Hillshade_9am', 'Slope', 'Soil_Type2', 'Soil_Type6', 'Soil_Type3', 'Vertical_Distance_To_Hydrology', 'Soil_Type1', 'Soil_Type4', 'Soil_Type17', 'Aspect', 'Soil_Type5', 'Soil_Type11', 'Soil_Type14', 'Soil_Type16', 'Soil_Type32', 'Soil_Type13']"
712,lr_shap_list_ir_4,lr_shap_list_ir_4_subset_50,orderStd,"['Wilderness_Area4', 'Wilderness_Area3', 'Elevation', 'Horizontal_Distance_To_Roadways', 'Hillshade_Noon', 'Hillshade_3pm', 'Horizontal_Distance_To_Fire_Points', 'Horizontal_Distance_To_Hydrology', 'Soil_Type1', 'Soil_Type17', 'Hillshade_9am', 'Slope', 'Soil_Type14', 'Soil_Type2', 'Soil_Type3', 'Soil_Type6', 'Soil_Type5', 'Soil_Type10', 'Soil_Type11', 'Soil_Type4', 'Vertical_Distance_To_Hydrology', 'Soil_Type16', 'Aspect', 'Soil_Type32', 'Soil_Type13']"
713,lr_shap_list_ir_4,lr_shap_list_ir_4_subset_50,orderSum,"['Wilderness_Area4', 'Wilderness_Area3', 'Elevation', 'Hillshade_Noon', 'Horizontal_Distance_To_Roadways', 'Hillshade_3pm', 'Horizontal_Distance_To_Fire_Points', 'Horizontal_Distance_To_Hydrology', 'Soil_Type10', 'Hillshade_9am', 'Slope', 'Soil_Type2', 'Soil_Type6', 'Soil_Type3', 'Vertical_Distance_To_Hydrology', 'Soil_Type1', 'Soil_Type4', 'Soil_Type17', 'Aspect', 'Soil_Type5', 'Soil_Type11', 'Soil_Type14', 'Soil_Type16', 'Soil_Type32', 'Soil_Type13']"
714,lr_shap_list_ir_5,lr_shap_list_ir_5_subset_100,orderMean,"['Wilderness_Area4', 'Wilderness_Area3', 'Hillshade_3pm', 'Hillshade_Noon', 'Horizontal_Distance_To_Roadways', 'Elevation', 'Horizontal_Distance_To_Hydrology', 'Horizontal_Distance_To_Fire_Points', 'Slope', 'Soil_Type10', 'Soil_Type1', 'Soil_Type2', 'Soil_Type4', 'Soil_Type6', 'Vertical_Distance_To_Hydrology', 'Soil_Type3', 'Soil_Type17', 'Soil_Type5', 'Hillshade_9am', 'Aspect', 'Soil_Type11', 'Soil_Type14', 'Soil_Type16', 'Soil_Type32', 'Soil_Type13']"
715,lr_shap_list_ir_5,lr_shap_list_ir_5_subset_100,orderStd,"['Hillshade_3pm', 'Hillshade_Noon', 'Wilderness_Area4', 'Wilderness_Area3', 'Horizontal_Distance_To_Roadways', 'Elevation', 'Horizontal_Distance_To_Hydrology', 'Horizontal_Distance_To_Fire_Points', 'Soil_Type1', 'Slope', 'Soil_Type14', 'Soil_Type17', 'Soil_Type2', 'Soil_Type3', 'Soil_Type10', 'Soil_Type6', 'Soil_Type5', 'Soil_Type4', 'Vertical_Distance_To_Hydrology', 'Soil_Type11', 'Soil_Type16', 'Hillshade_9am', 'Aspect', 'Soil_Type32', 'Soil_Type13']"
716,lr_shap_list_ir_5,lr_shap_list_ir_5_subset_100,orderSum,"['Wilderness_Area4', 'Wilderness_Area3', 'Hillshade_3pm', 'Hillshade_Noon', 'Horizontal_Distance_To_Roadways', 'Elevation', 'Horizontal_Distance_To_Hydrology', 'Horizontal_Distance_To_Fire_Points', 'Slope', 'Soil_Type10', 'Soil_Type1', 'Soil_Type2', 'Soil_Type4', 'Soil_Type6', 'Vertical_Distance_To_Hydrology', 'Soil_Type3', 'Soil_Type17', 'Soil_Type5', 'Hillshade_9am', 'Aspect', 'Soil_Type11', 'Soil_Type14', 'Soil_Type16', 'Soil_Type32', 'Soil_Type13']"
717,lr_shap_list_ir_2,lr_shap_list_ir_2_subset_93,orderMean,"['Wilderness_Area4', 'Wilderness_Area3', 'Hillshade_3pm', 'Hillshade_Noon', 'Horizontal_Distance_To_Roadways', 'Elevation', 'Hillshade_9am', 'Horizontal_Distance_To_Hydrology', 'Slope', 'Horizontal_Distance_To_Fire_Points', 'Soil_Type10', 'Soil_Type2', 'Soil_Type1', 'Soil_Type4', 'Vertical_Distance_To_Hydrology', 'Soil_Type3', 'Soil_Type17', 'Soil_Type6', 'Soil_Type5', 'Soil_Type16', 'Soil_Type11', 'Aspect', 'Soil_Type14', 'Soil_Type32', 'Soil_Type13']"
718,lr_shap_list_ir_2,lr_shap_list_ir_2_subset_93,orderStd,"['Hillshade_3pm', 'Hillshade_Noon', 'Horizontal_Distance_To_Roadways', 'Elevation', 'Wilderness_Area4', 'Hillshade_9am', 'Wilderness_Area3', 'Horizontal_Distance_To_Hydrology', 'Slope', 'Horizontal_Distance_To_Fire_Points', 'Soil_Type1', 'Soil_Type2', 'Soil_Type3', 'Soil_Type10', 'Soil_Type5', 'Soil_Type17', 'Soil_Type6', 'Soil_Type16', 'Soil_Type14', 'Soil_Type4', 'Vertical_Distance_To_Hydrology', 'Soil_Type11', 'Aspect', 'Soil_Type32', 'Soil_Type13']"
719,lr_shap_list_ir_2,lr_shap_list_ir_2_subset_93,orderSum,"['Wilderness_Area4', 'Wilderness_Area3', 'Hillshade_3pm', 'Hillshade_Noon', 'Horizontal_Distance_To_Roadways', 'Elevation', 'Hillshade_9am', 'Horizontal_Distance_To_Hydrology', 'Slope', 'Horizontal_Distance_To_Fire_Points', 'Soil_Type10', 'Soil_Type2', 'Soil_Type1', 'Soil_Type4', 'Vertical_Distance_To_Hydrology', 'Soil_Type3', 'Soil_Type17', 'Soil_Type6', 'Soil_Type5', 'Soil_Type16', 'Soil_Type11', 'Aspect', 'Soil_Type14', 'Soil_Type32', 'Soil_Type13']"
720,lr_shap_list_ir_5,lr_shap_list_ir_5_subset_31,orderMean,"['Wilderness_Area4', 'Wilderness_Area3', 'Hillshade_3pm', 'Hillshade_Noon', 'Elevation', 'Horizontal_Distance_To_Roadways', 'Horizontal_Distance_To_Hydrology', 'Horizontal_Distance_To_Fire_Points', 'Slope', 'Hillshade_9am', 'Soil_Type10', 'Soil_Type1', 'Soil_Type2', 'Soil_Type4', 'Soil_Type3', 'Soil_Type6', 'Aspect', 'Soil_Type14', 'Vertical_Distance_To_Hydrology', 'Soil_Type17', 'Soil_Type11', 'Soil_Type5', 'Soil_Type16', 'Soil_Type32', 'Soil_Type13']"
721,lr_shap_list_ir_5,lr_shap_list_ir_5_subset_31,orderStd,"['Hillshade_3pm', 'Hillshade_Noon', 'Wilderness_Area4', 'Wilderness_Area3', 'Horizontal_Distance_To_Roadways', 'Elevation', 'Horizontal_Distance_To_Hydrology', 'Horizontal_Distance_To_Fire_Points', 'Slope', 'Soil_Type1', 'Soil_Type17', 'Hillshade_9am', 'Soil_Type14', 'Soil_Type3', 'Soil_Type2', 'Soil_Type4', 'Soil_Type6', 'Soil_Type5', 'Soil_Type10', 'Soil_Type16', 'Soil_Type11', 'Vertical_Distance_To_Hydrology', 'Aspect', 'Soil_Type32', 'Soil_Type13']"
722,lr_shap_list_ir_5,lr_shap_list_ir_5_subset_31,orderSum,"['Wilderness_Area4', 'Wilderness_Area3', 'Hillshade_3pm', 'Hillshade_Noon', 'Elevation', 'Horizontal_Distance_To_Roadways', 'Horizontal_Distance_To_Hydrology', 'Horizontal_Distance_To_Fire_Points', 'Slope', 'Hillshade_9am', 'Soil_Type10', 'Soil_Type1', 'Soil_Type2', 'Soil_Type4', 'Soil_Type3', 'Soil_Type6', 'Aspect', 'Soil_Type14', 'Vertical_Distance_To_Hydrology', 'Soil_Type17', 'Soil_Type11', 'Soil_Type5', 'Soil_Type16', 'Soil_Type32', 'Soil_Type13']"
723,lr_shap_list_ir_1,lr_shap_list_ir_1_subset_30,orderMean,"['Wilderness_Area3', 'Wilderness_Area4', 'Hillshade_3pm', 'Hillshade_Noon', 'Horizontal_Distance_To_Roadways', 'Horizontal_Distance_To_Hydrology', 'Elevation', 'Slope', 'Soil_Type10', 'Vertical_Distance_To_Hydrology', 'Hillshade_9am', 'Horizontal_Distance_To_Fire_Points', 'Soil_Type2', 'Soil_Type1', 'Aspect', 'Soil_Type4', 'Soil_Type3', 'Soil_Type6', 'Soil_Type17', 'Soil_Type11', 'Soil_Type5', 'Soil_Type14', 'Soil_Type32', 'Soil_Type16', 'Soil_Type13']"
724,lr_shap_list_ir_1,lr_shap_list_ir_1_subset_30,orderStd,"['Hillshade_3pm', 'Hillshade_Noon', 'Wilderness_Area3', 'Horizontal_Distance_To_Roadways', 'Wilderness_Area4', 'Horizontal_Distance_To_Hydrology', 'Soil_Type2', 'Elevation', 'Soil_Type1', 'Slope', 'Horizontal_Distance_To_Fire_Points', 'Vertical_Distance_To_Hydrology', 'Hillshade_9am', 'Soil_Type17', 'Soil_Type3', 'Soil_Type6', 'Soil_Type10', 'Soil_Type4', 'Soil_Type14', 'Soil_Type5', 'Aspect', 'Soil_Type11', 'Soil_Type16', 'Soil_Type32', 'Soil_Type13']"
725,lr_shap_list_ir_1,lr_shap_list_ir_1_subset_30,orderSum,"['Wilderness_Area3', 'Wilderness_Area4', 'Hillshade_3pm', 'Hillshade_Noon', 'Horizontal_Distance_To_Roadways', 'Horizontal_Distance_To_Hydrology', 'Elevation', 'Slope', 'Soil_Type10', 'Vertical_Distance_To_Hydrology', 'Hillshade_9am', 'Horizontal_Distance_To_Fire_Points', 'Soil_Type2', 'Soil_Type1', 'Aspect', 'Soil_Type4', 'Soil_Type3', 'Soil_Type6', 'Soil_Type17', 'Soil_Type11', 'Soil_Type5', 'Soil_Type14', 'Soil_Type32', 'Soil_Type16', 'Soil_Type13']"
726,lr_shap_list_ir_1,lr_shap_list_ir_1_subset_93,orderMean,"['Wilderness_Area4', 'Hillshade_3pm', 'Wilderness_Area3', 'Hillshade_Noon', 'Elevation', 'Hillshade_9am', 'Horizontal_Distance_To_Roadways', 'Slope', 'Horizontal_Distance_To_Hydrology', 'Horizontal_Distance_To_Fire_Points', 'Soil_Type3', 'Aspect', 'Soil_Type1', 'Soil_Type2', 'Vertical_Distance_To_Hydrology', 'Soil_Type4', 'Soil_Type6', 'Soil_Type17', 'Soil_Type5', 'Soil_Type11', 'Soil_Type14', 'Soil_Type16', 'Soil_Type10', 'Soil_Type32', 'Soil_Type13']"
727,lr_shap_list_ir_1,lr_shap_list_ir_1_subset_93,orderStd,"['Hillshade_3pm', 'Wilderness_Area4', 'Hillshade_Noon', 'Elevation', 'Wilderness_Area3', 'Hillshade_9am', 'Horizontal_Distance_To_Roadways', 'Soil_Type1', 'Slope', 'Horizontal_Distance_To_Fire_Points', 'Horizontal_Distance_To_Hydrology', 'Soil_Type17', 'Soil_Type3', 'Soil_Type2', 'Soil_Type14', 'Soil_Type4', 'Soil_Type11', 'Vertical_Distance_To_Hydrology', 'Aspect', 'Soil_Type5', 'Soil_Type6', 'Soil_Type16', 'Soil_Type32', 'Soil_Type10', 'Soil_Type13']"
728,lr_shap_list_ir_1,lr_shap_list_ir_1_subset_93,orderSum,"['Wilderness_Area4', 'Hillshade_3pm', 'Wilderness_Area3', 'Hillshade_Noon', 'Elevation', 'Hillshade_9am', 'Horizontal_Distance_To_Roadways', 'Slope', 'Horizontal_Distance_To_Hydrology', 'Horizontal_Distance_To_Fire_Points', 'Soil_Type3', 'Aspect', 'Soil_Type1', 'Soil_Type2', 'Vertical_Distance_To_Hydrology', 'Soil_Type4', 'Soil_Type6', 'Soil_Type17', 'Soil_Type5', 'Soil_Type11', 'Soil_Type14', 'Soil_Type16', 'Soil_Type10', 'Soil_Type32', 'Soil_Type13']"
729,lr_shap_list_ir_2,lr_shap_list_ir_2_subset_5,orderMean,"['Wilderness_Area3', 'Wilderness_Area4', 'Hillshade_Noon', 'Horizontal_Distance_To_Roadways', 'Hillshade_3pm', 'Elevation', 'Soil_Type10', 'Horizontal_Distance_To_Hydrology', 'Horizontal_Distance_To_Fire_Points', 'Soil_Type2', 'Soil_Type4', 'Hillshade_9am', 'Slope', 'Soil_Type1', 'Soil_Type6', 'Aspect', 'Soil_Type3', 'Soil_Type5', 'Vertical_Distance_To_Hydrology', 'Soil_Type11', 'Soil_Type17', 'Soil_Type14', 'Soil_Type16', 'Soil_Type32', 'Soil_Type13']"
730,lr_shap_list_ir_2,lr_shap_list_ir_2_subset_5,orderStd,"['Hillshade_Noon', 'Horizontal_Distance_To_Roadways', 'Hillshade_3pm', 'Elevation', 'Wilderness_Area3', 'Horizontal_Distance_To_Fire_Points', 'Horizontal_Distance_To_Hydrology', 'Wilderness_Area4', 'Soil_Type1', 'Soil_Type2', 'Soil_Type4', 'Soil_Type6', 'Soil_Type10', 'Soil_Type5', 'Hillshade_9am', 'Slope', 'Soil_Type17', 'Soil_Type3', 'Soil_Type14', 'Soil_Type16', 'Aspect', 'Soil_Type11', 'Vertical_Distance_To_Hydrology', 'Soil_Type32', 'Soil_Type13']"
731,lr_shap_list_ir_2,lr_shap_list_ir_2_subset_5,orderSum,"['Wilderness_Area3', 'Wilderness_Area4', 'Hillshade_Noon', 'Horizontal_Distance_To_Roadways', 'Hillshade_3pm', 'Elevation', 'Soil_Type10', 'Horizontal_Distance_To_Hydrology', 'Horizontal_Distance_To_Fire_Points', 'Soil_Type2', 'Soil_Type4', 'Hillshade_9am', 'Slope', 'Soil_Type1', 'Soil_Type6', 'Aspect', 'Soil_Type3', 'Soil_Type5', 'Vertical_Distance_To_Hydrology', 'Soil_Type11', 'Soil_Type17', 'Soil_Type14', 'Soil_Type16', 'Soil_Type32', 'Soil_Type13']"
732,lr_shap_list_ir_3,lr_shap_list_ir_3_subset_35,orderMean,"['Wilderness_Area4', 'Hillshade_3pm', 'Wilderness_Area3', 'Hillshade_Noon', 'Elevation', 'Horizontal_Distance_To_Roadways', 'Hillshade_9am', 'Horizontal_Distance_To_Hydrology', 'Slope', 'Horizontal_Distance_To_Fire_Points', 'Soil_Type3', 'Soil_Type10', 'Soil_Type2', 'Aspect', 'Soil_Type1', 'Soil_Type4', 'Soil_Type6', 'Soil_Type17', 'Soil_Type5', 'Soil_Type11', 'Vertical_Distance_To_Hydrology', 'Soil_Type14', 'Soil_Type16', 'Soil_Type32', 'Soil_Type13']"
733,lr_shap_list_ir_3,lr_shap_list_ir_3_subset_35,orderStd,"['Hillshade_3pm', 'Hillshade_Noon', 'Wilderness_Area4', 'Wilderness_Area3', 'Horizontal_Distance_To_Roadways', 'Elevation', 'Hillshade_9am', 'Horizontal_Distance_To_Fire_Points', 'Horizontal_Distance_To_Hydrology', 'Slope', 'Soil_Type1', 'Soil_Type3', 'Soil_Type14', 'Soil_Type2', 'Soil_Type11', 'Soil_Type17', 'Soil_Type5', 'Soil_Type4', 'Soil_Type6', 'Soil_Type16', 'Soil_Type10', 'Aspect', 'Vertical_Distance_To_Hydrology', 'Soil_Type32', 'Soil_Type13']"
734,lr_shap_list_ir_3,lr_shap_list_ir_3_subset_35,orderSum,"['Wilderness_Area4', 'Hillshade_3pm', 'Wilderness_Area3', 'Hillshade_Noon', 'Elevation', 'Horizontal_Distance_To_Roadways', 'Hillshade_9am', 'Horizontal_Distance_To_Hydrology', 'Slope', 'Horizontal_Distance_To_Fire_Points', 'Soil_Type3', 'Soil_Type10', 'Soil_Type2', 'Aspect', 'Soil_Type1', 'Soil_Type4', 'Soil_Type6', 'Soil_Type17', 'Soil_Type5', 'Soil_Type11', 'Vertical_Distance_To_Hydrology', 'Soil_Type14', 'Soil_Type16', 'Soil_Type32', 'Soil_Type13']"
735,lr_shap_list_ir_1,lr_shap_list_ir_1_subset_5,orderMean,"['Wilderness_Area3', 'Wilderness_Area4', 'Hillshade_Noon', 'Hillshade_3pm', 'Horizontal_Distance_To_Roadways', 'Elevation', 'Horizontal_Distance_To_Fire_Points', 'Horizontal_Distance_To_Hydrology', 'Hillshade_9am', 'Aspect', 'Soil_Type4', 'Soil_Type10', 'Soil_Type2', 'Soil_Type1', 'Soil_Type6', 'Soil_Type17', 'Soil_Type5', 'Soil_Type16', 'Slope', 'Soil_Type11', 'Vertical_Distance_To_Hydrology', 'Soil_Type3', 'Soil_Type14', 'Soil_Type32', 'Soil_Type13']"
736,lr_shap_list_ir_1,lr_shap_list_ir_1_subset_5,orderStd,"['Wilderness_Area3', 'Hillshade_Noon', 'Wilderness_Area4', 'Horizontal_Distance_To_Roadways', 'Hillshade_3pm', 'Elevation', 'Horizontal_Distance_To_Fire_Points', 'Soil_Type17', 'Soil_Type16', 'Soil_Type1', 'Soil_Type4', 'Soil_Type2', 'Soil_Type5', 'Horizontal_Distance_To_Hydrology', 'Hillshade_9am', 'Soil_Type14', 'Soil_Type11', 'Aspect', 'Soil_Type6', 'Soil_Type10', 'Slope', 'Vertical_Distance_To_Hydrology', 'Soil_Type3', 'Soil_Type32', 'Soil_Type13']"
737,lr_shap_list_ir_1,lr_shap_list_ir_1_subset_5,orderSum,"['Wilderness_Area3', 'Wilderness_Area4', 'Hillshade_Noon', 'Hillshade_3pm', 'Horizontal_Distance_To_Roadways', 'Elevation', 'Horizontal_Distance_To_Fire_Points', 'Horizontal_Distance_To_Hydrology', 'Hillshade_9am', 'Aspect', 'Soil_Type4', 'Soil_Type10', 'Soil_Type2', 'Soil_Type1', 'Soil_Type6', 'Soil_Type17', 'Soil_Type5', 'Soil_Type16', 'Slope', 'Soil_Type11', 'Vertical_Distance_To_Hydrology', 'Soil_Type3', 'Soil_Type14', 'Soil_Type32', 'Soil_Type13']"
738,lr_shap_list_ir_5,lr_shap_list_ir_5_subset_98,orderMean,"['Wilderness_Area4', 'Wilderness_Area3', 'Hillshade_3pm', 'Hillshade_Noon', 'Horizontal_Distance_To_Roadways', 'Elevation', 'Horizontal_Distance_To_Hydrology', 'Slope', 'Horizontal_Distance_To_Fire_Points', 'Hillshade_9am', 'Soil_Type10', 'Soil_Type2', 'Soil_Type3', 'Soil_Type6', 'Soil_Type4', 'Vertical_Distance_To_Hydrology', 'Soil_Type17', 'Soil_Type1', 'Aspect', 'Soil_Type14', 'Soil_Type5', 'Soil_Type11', 'Soil_Type16', 'Soil_Type32', 'Soil_Type13']"
739,lr_shap_list_ir_5,lr_shap_list_ir_5_subset_98,orderStd,"['Wilderness_Area4', 'Wilderness_Area3', 'Hillshade_3pm', 'Hillshade_Noon', 'Horizontal_Distance_To_Roadways', 'Elevation', 'Horizontal_Distance_To_Hydrology', 'Horizontal_Distance_To_Fire_Points', 'Soil_Type1', 'Slope', 'Soil_Type14', 'Soil_Type17', 'Soil_Type2', 'Soil_Type3', 'Hillshade_9am', 'Soil_Type5', 'Soil_Type6', 'Soil_Type4', 'Soil_Type10', 'Soil_Type11', 'Soil_Type16', 'Vertical_Distance_To_Hydrology', 'Aspect', 'Soil_Type32', 'Soil_Type13']"
740,lr_shap_list_ir_5,lr_shap_list_ir_5_subset_98,orderSum,"['Wilderness_Area4', 'Wilderness_Area3', 'Hillshade_3pm', 'Hillshade_Noon', 'Horizontal_Distance_To_Roadways', 'Elevation', 'Horizontal_Distance_To_Hydrology', 'Slope', 'Horizontal_Distance_To_Fire_Points', 'Hillshade_9am', 'Soil_Type10', 'Soil_Type2', 'Soil_Type3', 'Soil_Type6', 'Soil_Type4', 'Vertical_Distance_To_Hydrology', 'Soil_Type17', 'Soil_Type1', 'Aspect', 'Soil_Type14', 'Soil_Type5', 'Soil_Type11', 'Soil_Type16', 'Soil_Type32', 'Soil_Type13']"
741,lr_shap_list_ir_5,lr_shap_list_ir_5_subset_27,orderMean,"['Wilderness_Area4', 'Hillshade_3pm', 'Wilderness_Area3', 'Hillshade_Noon', 'Hillshade_9am', 'Horizontal_Distance_To_Roadways', 'Elevation', 'Slope', 'Horizontal_Distance_To_Hydrology', 'Horizontal_Distance_To_Fire_Points', 'Soil_Type10', 'Soil_Type3', 'Soil_Type2', 'Vertical_Distance_To_Hydrology', 'Soil_Type17', 'Soil_Type1', 'Soil_Type11', 'Soil_Type6', 'Soil_Type4', 'Aspect', 'Soil_Type14', 'Soil_Type5', 'Soil_Type16', 'Soil_Type32', 'Soil_Type13']"
742,lr_shap_list_ir_5,lr_shap_list_ir_5_subset_27,orderStd,"['Hillshade_3pm', 'Wilderness_Area4', 'Hillshade_Noon', 'Wilderness_Area3', 'Hillshade_9am', 'Horizontal_Distance_To_Roadways', 'Elevation', 'Slope', 'Horizontal_Distance_To_Fire_Points', 'Horizontal_Distance_To_Hydrology', 'Soil_Type17', 'Soil_Type14', 'Soil_Type1', 'Soil_Type3', 'Soil_Type2', 'Soil_Type11', 'Soil_Type16', 'Soil_Type5', 'Soil_Type6', 'Vertical_Distance_To_Hydrology', 'Soil_Type4', 'Soil_Type10', 'Aspect', 'Soil_Type32', 'Soil_Type13']"
743,lr_shap_list_ir_5,lr_shap_list_ir_5_subset_27,orderSum,"['Wilderness_Area4', 'Hillshade_3pm', 'Wilderness_Area3', 'Hillshade_Noon', 'Hillshade_9am', 'Horizontal_Distance_To_Roadways', 'Elevation', 'Slope', 'Horizontal_Distance_To_Hydrology', 'Horizontal_Distance_To_Fire_Points', 'Soil_Type10', 'Soil_Type3', 'Soil_Type2', 'Vertical_Distance_To_Hydrology', 'Soil_Type17', 'Soil_Type1', 'Soil_Type11', 'Soil_Type6', 'Soil_Type4', 'Aspect', 'Soil_Type14', 'Soil_Type5', 'Soil_Type16', 'Soil_Type32', 'Soil_Type13']"
744,lr_shap_list_ir_1,lr_shap_list_ir_1_subset_22,orderMean,"['Wilderness_Area4', 'Wilderness_Area3', 'Hillshade_3pm', 'Hillshade_Noon', 'Horizontal_Distance_To_Roadways', 'Elevation', 'Slope', 'Horizontal_Distance_To_Hydrology', 'Soil_Type10', 'Horizontal_Distance_To_Fire_Points', 'Hillshade_9am', 'Soil_Type2', 'Soil_Type1', 'Soil_Type6', 'Vertical_Distance_To_Hydrology', 'Soil_Type3', 'Soil_Type11', 'Soil_Type17', 'Soil_Type5', 'Soil_Type4', 'Soil_Type14', 'Soil_Type16', 'Aspect', 'Soil_Type32', 'Soil_Type13']"
745,lr_shap_list_ir_1,lr_shap_list_ir_1_subset_22,orderStd,"['Hillshade_3pm', 'Hillshade_Noon', 'Horizontal_Distance_To_Roadways', 'Elevation', 'Wilderness_Area4', 'Wilderness_Area3', 'Slope', 'Horizontal_Distance_To_Hydrology', 'Horizontal_Distance_To_Fire_Points', 'Soil_Type6', 'Soil_Type10', 'Soil_Type3', 'Soil_Type1', 'Soil_Type2', 'Hillshade_9am', 'Soil_Type16', 'Vertical_Distance_To_Hydrology', 'Soil_Type11', 'Soil_Type5', 'Soil_Type17', 'Soil_Type14', 'Soil_Type4', 'Soil_Type32', 'Aspect', 'Soil_Type13']"
746,lr_shap_list_ir_1,lr_shap_list_ir_1_subset_22,orderSum,"['Wilderness_Area4', 'Wilderness_Area3', 'Hillshade_3pm', 'Hillshade_Noon', 'Horizontal_Distance_To_Roadways', 'Elevation', 'Slope', 'Horizontal_Distance_To_Hydrology', 'Soil_Type10', 'Horizontal_Distance_To_Fire_Points', 'Hillshade_9am', 'Soil_Type2', 'Soil_Type1', 'Soil_Type6', 'Vertical_Distance_To_Hydrology', 'Soil_Type3', 'Soil_Type11', 'Soil_Type17', 'Soil_Type5', 'Soil_Type4', 'Soil_Type14', 'Soil_Type16', 'Aspect', 'Soil_Type32', 'Soil_Type13']"
747,lr_shap_list_ir_5,lr_shap_list_ir_5_subset_20,orderMean,"['Wilderness_Area4', 'Wilderness_Area3', 'Hillshade_3pm', 'Hillshade_Noon', 'Horizontal_Distance_To_Roadways', 'Elevation', 'Horizontal_Distance_To_Hydrology', 'Slope', 'Horizontal_Distance_To_Fire_Points', 'Soil_Type10', 'Soil_Type2', 'Soil_Type3', 'Soil_Type1', 'Soil_Type4', 'Soil_Type6', 'Hillshade_9am', 'Soil_Type14', 'Aspect', 'Vertical_Distance_To_Hydrology', 'Soil_Type17', 'Soil_Type5', 'Soil_Type11', 'Soil_Type16', 'Soil_Type32', 'Soil_Type13']"
748,lr_shap_list_ir_5,lr_shap_list_ir_5_subset_20,orderStd,"['Hillshade_3pm', 'Hillshade_Noon', 'Wilderness_Area4', 'Wilderness_Area3', 'Horizontal_Distance_To_Roadways', 'Elevation', 'Horizontal_Distance_To_Hydrology', 'Horizontal_Distance_To_Fire_Points', 'Soil_Type14', 'Slope', 'Soil_Type1', 'Soil_Type2', 'Soil_Type17', 'Soil_Type10', 'Soil_Type3', 'Soil_Type6', 'Soil_Type5', 'Soil_Type4', 'Hillshade_9am', 'Vertical_Distance_To_Hydrology', 'Soil_Type16', 'Soil_Type11', 'Aspect', 'Soil_Type32', 'Soil_Type13']"
749,lr_shap_list_ir_5,lr_shap_list_ir_5_subset_20,orderSum,"['Wilderness_Area4', 'Wilderness_Area3', 'Hillshade_3pm', 'Hillshade_Noon', 'Horizontal_Distance_To_Roadways', 'Elevation', 'Horizontal_Distance_To_Hydrology', 'Slope', 'Horizontal_Distance_To_Fire_Points', 'Soil_Type10', 'Soil_Type2', 'Soil_Type3', 'Soil_Type1', 'Soil_Type4', 'Soil_Type6', 'Hillshade_9am', 'Soil_Type14', 'Aspect', 'Vertical_Distance_To_Hydrology', 'Soil_Type17', 'Soil_Type5', 'Soil_Type11', 'Soil_Type16', 'Soil_Type32', 'Soil_Type13']"
750,lr_shap_list_ir_4,lr_shap_list_ir_4_subset_24,orderMean,"['Wilderness_Area4', 'Wilderness_Area3', 'Hillshade_3pm', 'Hillshade_Noon', 'Horizontal_Distance_To_Roadways', 'Elevation', 'Horizontal_Distance_To_Hydrology', 'Slope', 'Horizontal_Distance_To_Fire_Points', 'Soil_Type10', 'Soil_Type2', 'Soil_Type4', 'Hillshade_9am', 'Soil_Type6', 'Soil_Type3', 'Soil_Type1', 'Vertical_Distance_To_Hydrology', 'Soil_Type17', 'Aspect', 'Soil_Type14', 'Soil_Type5', 'Soil_Type11', 'Soil_Type16', 'Soil_Type32', 'Soil_Type13']"
751,lr_shap_list_ir_4,lr_shap_list_ir_4_subset_24,orderStd,"['Hillshade_3pm', 'Hillshade_Noon', 'Horizontal_Distance_To_Roadways', 'Wilderness_Area4', 'Wilderness_Area3', 'Elevation', 'Horizontal_Distance_To_Hydrology', 'Horizontal_Distance_To_Fire_Points', 'Slope', 'Soil_Type1', 'Soil_Type17', 'Soil_Type10', 'Soil_Type2', 'Soil_Type6', 'Soil_Type14', 'Soil_Type4', 'Soil_Type3', 'Hillshade_9am', 'Soil_Type5', 'Soil_Type16', 'Soil_Type11', 'Vertical_Distance_To_Hydrology', 'Aspect', 'Soil_Type32', 'Soil_Type13']"
752,lr_shap_list_ir_4,lr_shap_list_ir_4_subset_24,orderSum,"['Wilderness_Area4', 'Wilderness_Area3', 'Hillshade_3pm', 'Hillshade_Noon', 'Horizontal_Distance_To_Roadways', 'Elevation', 'Horizontal_Distance_To_Hydrology', 'Slope', 'Horizontal_Distance_To_Fire_Points', 'Soil_Type10', 'Soil_Type2', 'Soil_Type4', 'Hillshade_9am', 'Soil_Type6', 'Soil_Type3', 'Soil_Type1', 'Vertical_Distance_To_Hydrology', 'Soil_Type17', 'Aspect', 'Soil_Type14', 'Soil_Type5', 'Soil_Type11', 'Soil_Type16', 'Soil_Type32', 'Soil_Type13']"
753,lr_shap_list_ir_1,lr_shap_list_ir_1_subset_29,orderMean,"['Wilderness_Area3', 'Wilderness_Area4', 'Hillshade_Noon', 'Hillshade_3pm', 'Horizontal_Distance_To_Roadways', 'Elevation', 'Soil_Type10', 'Horizontal_Distance_To_Hydrology', 'Aspect', 'Horizontal_Distance_To_Fire_Points', 'Hillshade_9am', 'Soil_Type2', 'Soil_Type6', 'Soil_Type1', 'Soil_Type5', 'Soil_Type17', 'Soil_Type4', 'Soil_Type3', 'Vertical_Distance_To_Hydrology', 'Slope', 'Soil_Type14', 'Soil_Type11', 'Soil_Type16', 'Soil_Type32', 'Soil_Type13']"
754,lr_shap_list_ir_1,lr_shap_list_ir_1_subset_29,orderStd,"['Wilderness_Area3', 'Hillshade_Noon', 'Horizontal_Distance_To_Roadways', 'Hillshade_3pm', 'Elevation', 'Wilderness_Area4', 'Soil_Type1', 'Soil_Type6', 'Soil_Type5', 'Horizontal_Distance_To_Hydrology', 'Horizontal_Distance_To_Fire_Points', 'Soil_Type2', 'Soil_Type17', 'Aspect', 'Hillshade_9am', 'Soil_Type14', 'Soil_Type10', 'Soil_Type4', 'Soil_Type3', 'Soil_Type16', 'Vertical_Distance_To_Hydrology', 'Soil_Type11', 'Slope', 'Soil_Type32', 'Soil_Type13']"
755,lr_shap_list_ir_1,lr_shap_list_ir_1_subset_29,orderSum,"['Wilderness_Area3', 'Wilderness_Area4', 'Hillshade_Noon', 'Hillshade_3pm', 'Horizontal_Distance_To_Roadways', 'Elevation', 'Soil_Type10', 'Horizontal_Distance_To_Hydrology', 'Aspect', 'Horizontal_Distance_To_Fire_Points', 'Hillshade_9am', 'Soil_Type2', 'Soil_Type6', 'Soil_Type1', 'Soil_Type5', 'Soil_Type17', 'Soil_Type4', 'Soil_Type3', 'Vertical_Distance_To_Hydrology', 'Slope', 'Soil_Type14', 'Soil_Type11', 'Soil_Type16', 'Soil_Type32', 'Soil_Type13']"
756,lr_shap_list_ir_2,lr_shap_list_ir_2_subset_62,orderMean,"['Wilderness_Area4', 'Wilderness_Area3', 'Hillshade_3pm', 'Hillshade_Noon', 'Hillshade_9am', 'Horizontal_Distance_To_Roadways', 'Elevation', 'Slope', 'Horizontal_Distance_To_Hydrology', 'Horizontal_Distance_To_Fire_Points', 'Soil_Type2', 'Soil_Type1', 'Soil_Type10', 'Vertical_Distance_To_Hydrology', 'Soil_Type6', 'Soil_Type3', 'Soil_Type4', 'Aspect', 'Soil_Type17', 'Soil_Type5', 'Soil_Type11', 'Soil_Type16', 'Soil_Type14', 'Soil_Type32', 'Soil_Type13']"
757,lr_shap_list_ir_2,lr_shap_list_ir_2_subset_62,orderStd,"['Hillshade_3pm', 'Hillshade_Noon', 'Horizontal_Distance_To_Roadways', 'Hillshade_9am', 'Wilderness_Area4', 'Elevation', 'Wilderness_Area3', 'Slope', 'Soil_Type1', 'Horizontal_Distance_To_Hydrology', 'Horizontal_Distance_To_Fire_Points', 'Soil_Type14', 'Soil_Type2', 'Soil_Type6', 'Soil_Type17', 'Soil_Type3', 'Soil_Type11', 'Vertical_Distance_To_Hydrology', 'Soil_Type5', 'Soil_Type16', 'Soil_Type10', 'Soil_Type4', 'Aspect', 'Soil_Type32', 'Soil_Type13']"
758,lr_shap_list_ir_2,lr_shap_list_ir_2_subset_62,orderSum,"['Wilderness_Area4', 'Wilderness_Area3', 'Hillshade_3pm', 'Hillshade_Noon', 'Hillshade_9am', 'Horizontal_Distance_To_Roadways', 'Elevation', 'Slope', 'Horizontal_Distance_To_Hydrology', 'Horizontal_Distance_To_Fire_Points', 'Soil_Type2', 'Soil_Type1', 'Soil_Type10', 'Vertical_Distance_To_Hydrology', 'Soil_Type6', 'Soil_Type3', 'Soil_Type4', 'Aspect', 'Soil_Type17', 'Soil_Type5', 'Soil_Type11', 'Soil_Type16', 'Soil_Type14', 'Soil_Type32', 'Soil_Type13']"
759,lr_shap_list_ir_1,lr_shap_list_ir_1_subset_83,orderMean,"['Wilderness_Area4', 'Wilderness_Area3', 'Hillshade_Noon', 'Elevation', 'Hillshade_3pm', 'Horizontal_Distance_To_Roadways', 'Horizontal_Distance_To_Fire_Points', 'Horizontal_Distance_To_Hydrology', 'Aspect', 'Soil_Type10', 'Slope', 'Soil_Type4', 'Soil_Type2', 'Soil_Type1', 'Hillshade_9am', 'Soil_Type6', 'Soil_Type11', 'Soil_Type3', 'Soil_Type17', 'Soil_Type5', 'Vertical_Distance_To_Hydrology', 'Soil_Type14', 'Soil_Type16', 'Soil_Type32', 'Soil_Type13']"
760,lr_shap_list_ir_1,lr_shap_list_ir_1_subset_83,orderStd,"['Wilderness_Area4', 'Hillshade_Noon', 'Wilderness_Area3', 'Horizontal_Distance_To_Roadways', 'Elevation', 'Hillshade_3pm', 'Soil_Type1', 'Horizontal_Distance_To_Fire_Points', 'Soil_Type2', 'Horizontal_Distance_To_Hydrology', 'Soil_Type4', 'Soil_Type17', 'Soil_Type3', 'Aspect', 'Soil_Type6', 'Slope', 'Soil_Type11', 'Hillshade_9am', 'Soil_Type14', 'Soil_Type10', 'Soil_Type16', 'Soil_Type5', 'Vertical_Distance_To_Hydrology', 'Soil_Type32', 'Soil_Type13']"
761,lr_shap_list_ir_1,lr_shap_list_ir_1_subset_83,orderSum,"['Wilderness_Area4', 'Wilderness_Area3', 'Hillshade_Noon', 'Elevation', 'Hillshade_3pm', 'Horizontal_Distance_To_Roadways', 'Horizontal_Distance_To_Fire_Points', 'Horizontal_Distance_To_Hydrology', 'Aspect', 'Soil_Type10', 'Slope', 'Soil_Type4', 'Soil_Type2', 'Soil_Type1', 'Hillshade_9am', 'Soil_Type6', 'Soil_Type11', 'Soil_Type3', 'Soil_Type17', 'Soil_Type5', 'Vertical_Distance_To_Hydrology', 'Soil_Type14', 'Soil_Type16', 'Soil_Type32', 'Soil_Type13']"
762,lr_shap_list_ir_5,lr_shap_list_ir_5_subset_4,orderMean,"['Wilderness_Area4', 'Wilderness_Area3', 'Hillshade_3pm', 'Hillshade_Noon', 'Horizontal_Distance_To_Roadways', 'Elevation', 'Hillshade_9am', 'Slope', 'Horizontal_Distance_To_Hydrology', 'Horizontal_Distance_To_Fire_Points', 'Soil_Type10', 'Soil_Type3', 'Soil_Type2', 'Soil_Type17', 'Soil_Type1', 'Soil_Type4', 'Soil_Type6', 'Aspect', 'Soil_Type11', 'Vertical_Distance_To_Hydrology', 'Soil_Type5', 'Soil_Type14', 'Soil_Type16', 'Soil_Type32', 'Soil_Type13']"
763,lr_shap_list_ir_5,lr_shap_list_ir_5_subset_4,orderStd,"['Hillshade_3pm', 'Hillshade_Noon', 'Horizontal_Distance_To_Roadways', 'Elevation', 'Hillshade_9am', 'Slope', 'Horizontal_Distance_To_Fire_Points', 'Wilderness_Area4', 'Horizontal_Distance_To_Hydrology', 'Soil_Type14', 'Soil_Type1', 'Soil_Type3', 'Soil_Type17', 'Wilderness_Area3', 'Soil_Type2', 'Soil_Type6', 'Soil_Type5', 'Soil_Type10', 'Soil_Type11', 'Soil_Type16', 'Soil_Type4', 'Vertical_Distance_To_Hydrology', 'Aspect', 'Soil_Type32', 'Soil_Type13']"
764,lr_shap_list_ir_5,lr_shap_list_ir_5_subset_4,orderSum,"['Wilderness_Area4', 'Wilderness_Area3', 'Hillshade_3pm', 'Hillshade_Noon', 'Horizontal_Distance_To_Roadways', 'Elevation', 'Hillshade_9am', 'Slope', 'Horizontal_Distance_To_Hydrology', 'Horizontal_Distance_To_Fire_Points', 'Soil_Type10', 'Soil_Type3', 'Soil_Type2', 'Soil_Type17', 'Soil_Type1', 'Soil_Type4', 'Soil_Type6', 'Aspect', 'Soil_Type11', 'Vertical_Distance_To_Hydrology', 'Soil_Type5', 'Soil_Type14', 'Soil_Type16', 'Soil_Type32', 'Soil_Type13']"
765,lr_shap_list_ir_1,lr_shap_list_ir_1_subset_97,orderMean,"['Wilderness_Area4', 'Wilderness_Area3', 'Elevation', 'Horizontal_Distance_To_Roadways', 'Hillshade_9am', 'Horizontal_Distance_To_Hydrology', 'Horizontal_Distance_To_Fire_Points', 'Hillshade_Noon', 'Slope', 'Hillshade_3pm', 'Soil_Type10', 'Vertical_Distance_To_Hydrology', 'Soil_Type3', 'Soil_Type2', 'Soil_Type6', 'Soil_Type4', 'Aspect', 'Soil_Type1', 'Soil_Type5', 'Soil_Type17', 'Soil_Type14', 'Soil_Type11', 'Soil_Type16', 'Soil_Type32', 'Soil_Type13']"
766,lr_shap_list_ir_1,lr_shap_list_ir_1_subset_97,orderStd,"['Horizontal_Distance_To_Roadways', 'Elevation', 'Hillshade_9am', 'Wilderness_Area4', 'Horizontal_Distance_To_Hydrology', 'Wilderness_Area3', 'Horizontal_Distance_To_Fire_Points', 'Hillshade_Noon', 'Slope', 'Hillshade_3pm', 'Soil_Type1', 'Vertical_Distance_To_Hydrology', 'Soil_Type2', 'Soil_Type3', 'Soil_Type17', 'Soil_Type10', 'Soil_Type6', 'Soil_Type14', 'Soil_Type5', 'Soil_Type4', 'Aspect', 'Soil_Type16', 'Soil_Type11', 'Soil_Type32', 'Soil_Type13']"
767,lr_shap_list_ir_1,lr_shap_list_ir_1_subset_97,orderSum,"['Wilderness_Area4', 'Wilderness_Area3', 'Elevation', 'Horizontal_Distance_To_Roadways', 'Hillshade_9am', 'Horizontal_Distance_To_Hydrology', 'Horizontal_Distance_To_Fire_Points', 'Hillshade_Noon', 'Slope', 'Hillshade_3pm', 'Soil_Type10', 'Vertical_Distance_To_Hydrology', 'Soil_Type3', 'Soil_Type2', 'Soil_Type6', 'Soil_Type4', 'Aspect', 'Soil_Type1', 'Soil_Type5', 'Soil_Type17', 'Soil_Type14', 'Soil_Type11', 'Soil_Type16', 'Soil_Type32', 'Soil_Type13']"
768,lr_shap_list_ir_2,lr_shap_list_ir_2_subset_53,orderMean,"['Wilderness_Area4', 'Wilderness_Area3', 'Hillshade_3pm', 'Hillshade_Noon', 'Horizontal_Distance_To_Roadways', 'Hillshade_9am', 'Elevation', 'Slope', 'Horizontal_Distance_To_Hydrology', 'Horizontal_Distance_To_Fire_Points', 'Soil_Type10', 'Soil_Type1', 'Soil_Type6', 'Soil_Type3', 'Soil_Type4', 'Soil_Type2', 'Vertical_Distance_To_Hydrology', 'Soil_Type17', 'Soil_Type5', 'Soil_Type11', 'Aspect', 'Soil_Type14', 'Soil_Type16', 'Soil_Type32', 'Soil_Type13']"
769,lr_shap_list_ir_2,lr_shap_list_ir_2_subset_53,orderStd,"['Hillshade_3pm', 'Hillshade_Noon', 'Wilderness_Area4', 'Horizontal_Distance_To_Roadways', 'Wilderness_Area3', 'Hillshade_9am', 'Elevation', 'Horizontal_Distance_To_Hydrology', 'Horizontal_Distance_To_Fire_Points', 'Slope', 'Soil_Type1', 'Soil_Type2', 'Soil_Type14', 'Soil_Type5', 'Soil_Type10', 'Soil_Type6', 'Soil_Type3', 'Soil_Type17', 'Vertical_Distance_To_Hydrology', 'Soil_Type11', 'Soil_Type16', 'Soil_Type4', 'Aspect', 'Soil_Type32', 'Soil_Type13']"
770,lr_shap_list_ir_2,lr_shap_list_ir_2_subset_53,orderSum,"['Wilderness_Area4', 'Wilderness_Area3', 'Hillshade_3pm', 'Hillshade_Noon', 'Horizontal_Distance_To_Roadways', 'Hillshade_9am', 'Elevation', 'Slope', 'Horizontal_Distance_To_Hydrology', 'Horizontal_Distance_To_Fire_Points', 'Soil_Type10', 'Soil_Type1', 'Soil_Type6', 'Soil_Type3', 'Soil_Type4', 'Soil_Type2', 'Vertical_Distance_To_Hydrology', 'Soil_Type17', 'Soil_Type5', 'Soil_Type11', 'Aspect', 'Soil_Type14', 'Soil_Type16', 'Soil_Type32', 'Soil_Type13']"
771,lr_shap_list_ir_2,lr_shap_list_ir_2_subset_26,orderMean,"['Wilderness_Area4', 'Wilderness_Area3', 'Hillshade_3pm', 'Hillshade_Noon', 'Horizontal_Distance_To_Roadways', 'Elevation', 'Hillshade_9am', 'Slope', 'Horizontal_Distance_To_Hydrology', 'Horizontal_Distance_To_Fire_Points', 'Soil_Type10', 'Soil_Type2', 'Soil_Type1', 'Aspect', 'Soil_Type6', 'Soil_Type3', 'Soil_Type5', 'Soil_Type11', 'Soil_Type4', 'Soil_Type14', 'Soil_Type17', 'Soil_Type16', 'Vertical_Distance_To_Hydrology', 'Soil_Type32', 'Soil_Type13']"
772,lr_shap_list_ir_2,lr_shap_list_ir_2_subset_26,orderStd,"['Hillshade_3pm', 'Hillshade_Noon', 'Wilderness_Area4', 'Wilderness_Area3', 'Horizontal_Distance_To_Roadways', 'Elevation', 'Hillshade_9am', 'Horizontal_Distance_To_Fire_Points', 'Horizontal_Distance_To_Hydrology', 'Slope', 'Soil_Type3', 'Soil_Type1', 'Soil_Type11', 'Soil_Type2', 'Soil_Type5', 'Soil_Type10', 'Soil_Type14', 'Soil_Type17', 'Soil_Type6', 'Aspect', 'Soil_Type16', 'Soil_Type4', 'Vertical_Distance_To_Hydrology', 'Soil_Type32', 'Soil_Type13']"
773,lr_shap_list_ir_2,lr_shap_list_ir_2_subset_26,orderSum,"['Wilderness_Area4', 'Wilderness_Area3', 'Hillshade_3pm', 'Hillshade_Noon', 'Horizontal_Distance_To_Roadways', 'Elevation', 'Hillshade_9am', 'Slope', 'Horizontal_Distance_To_Hydrology', 'Horizontal_Distance_To_Fire_Points', 'Soil_Type10', 'Soil_Type2', 'Soil_Type1', 'Aspect', 'Soil_Type6', 'Soil_Type3', 'Soil_Type5', 'Soil_Type11', 'Soil_Type4', 'Soil_Type14', 'Soil_Type17', 'Soil_Type16', 'Vertical_Distance_To_Hydrology', 'Soil_Type32', 'Soil_Type13']"
774,lr_shap_list_ir_3,lr_shap_list_ir_3_subset_86,orderMean,"['Wilderness_Area4', 'Wilderness_Area3', 'Hillshade_3pm', 'Hillshade_Noon', 'Horizontal_Distance_To_Roadways', 'Elevation', 'Hillshade_9am', 'Horizontal_Distance_To_Hydrology', 'Slope', 'Horizontal_Distance_To_Fire_Points', 'Soil_Type10', 'Soil_Type2', 'Soil_Type3', 'Soil_Type6', 'Soil_Type4', 'Soil_Type1', 'Soil_Type17', 'Vertical_Distance_To_Hydrology', 'Soil_Type14', 'Soil_Type5', 'Soil_Type11', 'Aspect', 'Soil_Type16', 'Soil_Type32', 'Soil_Type13']"
775,lr_shap_list_ir_3,lr_shap_list_ir_3_subset_86,orderStd,"['Hillshade_3pm', 'Hillshade_Noon', 'Wilderness_Area4', 'Wilderness_Area3', 'Horizontal_Distance_To_Roadways', 'Elevation', 'Hillshade_9am', 'Horizontal_Distance_To_Hydrology', 'Slope', 'Horizontal_Distance_To_Fire_Points', 'Soil_Type1', 'Soil_Type2', 'Soil_Type17', 'Soil_Type3', 'Soil_Type6', 'Soil_Type5', 'Soil_Type14', 'Soil_Type16', 'Soil_Type4', 'Soil_Type10', 'Soil_Type11', 'Vertical_Distance_To_Hydrology', 'Aspect', 'Soil_Type32', 'Soil_Type13']"
776,lr_shap_list_ir_3,lr_shap_list_ir_3_subset_86,orderSum,"['Wilderness_Area4', 'Wilderness_Area3', 'Hillshade_3pm', 'Hillshade_Noon', 'Horizontal_Distance_To_Roadways', 'Elevation', 'Hillshade_9am', 'Horizontal_Distance_To_Hydrology', 'Slope', 'Horizontal_Distance_To_Fire_Points', 'Soil_Type10', 'Soil_Type2', 'Soil_Type3', 'Soil_Type6', 'Soil_Type4', 'Soil_Type1', 'Soil_Type17', 'Vertical_Distance_To_Hydrology', 'Soil_Type14', 'Soil_Type5', 'Soil_Type11', 'Aspect', 'Soil_Type16', 'Soil_Type32', 'Soil_Type13']"
777,lr_shap_list_ir_2,lr_shap_list_ir_2_subset_78,orderMean,"['Wilderness_Area4', 'Wilderness_Area3', 'Elevation', 'Horizontal_Distance_To_Roadways', 'Hillshade_Noon', 'Hillshade_3pm', 'Horizontal_Distance_To_Hydrology', 'Slope', 'Hillshade_9am', 'Horizontal_Distance_To_Fire_Points', 'Soil_Type10', 'Vertical_Distance_To_Hydrology', 'Soil_Type6', 'Soil_Type2', 'Soil_Type1', 'Soil_Type3', 'Aspect', 'Soil_Type5', 'Soil_Type11', 'Soil_Type17', 'Soil_Type4', 'Soil_Type14', 'Soil_Type16', 'Soil_Type32', 'Soil_Type13']"
778,lr_shap_list_ir_2,lr_shap_list_ir_2_subset_78,orderStd,"['Horizontal_Distance_To_Roadways', 'Elevation', 'Hillshade_Noon', 'Hillshade_3pm', 'Wilderness_Area4', 'Wilderness_Area3', 'Horizontal_Distance_To_Hydrology', 'Horizontal_Distance_To_Fire_Points', 'Slope', 'Soil_Type1', 'Hillshade_9am', 'Vertical_Distance_To_Hydrology', 'Soil_Type6', 'Soil_Type10', 'Soil_Type3', 'Soil_Type17', 'Soil_Type5', 'Soil_Type2', 'Soil_Type14', 'Soil_Type16', 'Soil_Type11', 'Soil_Type4', 'Aspect', 'Soil_Type32', 'Soil_Type13']"
779,lr_shap_list_ir_2,lr_shap_list_ir_2_subset_78,orderSum,"['Wilderness_Area4', 'Wilderness_Area3', 'Elevation', 'Horizontal_Distance_To_Roadways', 'Hillshade_Noon', 'Hillshade_3pm', 'Horizontal_Distance_To_Hydrology', 'Slope', 'Hillshade_9am', 'Horizontal_Distance_To_Fire_Points', 'Soil_Type10', 'Vertical_Distance_To_Hydrology', 'Soil_Type6', 'Soil_Type2', 'Soil_Type1', 'Soil_Type3', 'Aspect', 'Soil_Type5', 'Soil_Type11', 'Soil_Type17', 'Soil_Type4', 'Soil_Type14', 'Soil_Type16', 'Soil_Type32', 'Soil_Type13']"
780,lr_shap_list_ir_3,lr_shap_list_ir_3_subset_83,orderMean,"['Wilderness_Area4', 'Wilderness_Area3', 'Hillshade_3pm', 'Hillshade_Noon', 'Horizontal_Distance_To_Roadways', 'Elevation', 'Horizontal_Distance_To_Hydrology', 'Horizontal_Distance_To_Fire_Points', 'Slope', 'Soil_Type10', 'Soil_Type1', 'Hillshade_9am', 'Soil_Type2', 'Soil_Type6', 'Vertical_Distance_To_Hydrology', 'Soil_Type3', 'Soil_Type4', 'Aspect', 'Soil_Type17', 'Soil_Type11', 'Soil_Type5', 'Soil_Type14', 'Soil_Type16', 'Soil_Type32', 'Soil_Type13']"
781,lr_shap_list_ir_3,lr_shap_list_ir_3_subset_83,orderStd,"['Hillshade_3pm', 'Hillshade_Noon', 'Horizontal_Distance_To_Roadways', 'Wilderness_Area4', 'Wilderness_Area3', 'Elevation', 'Horizontal_Distance_To_Hydrology', 'Horizontal_Distance_To_Fire_Points', 'Soil_Type1', 'Slope', 'Soil_Type14', 'Soil_Type6', 'Soil_Type2', 'Soil_Type5', 'Soil_Type10', 'Soil_Type17', 'Hillshade_9am', 'Soil_Type11', 'Vertical_Distance_To_Hydrology', 'Soil_Type4', 'Soil_Type3', 'Soil_Type16', 'Aspect', 'Soil_Type32', 'Soil_Type13']"
782,lr_shap_list_ir_3,lr_shap_list_ir_3_subset_83,orderSum,"['Wilderness_Area4', 'Wilderness_Area3', 'Hillshade_3pm', 'Hillshade_Noon', 'Horizontal_Distance_To_Roadways', 'Elevation', 'Horizontal_Distance_To_Hydrology', 'Horizontal_Distance_To_Fire_Points', 'Slope', 'Soil_Type10', 'Soil_Type1', 'Hillshade_9am', 'Soil_Type2', 'Soil_Type6', 'Vertical_Distance_To_Hydrology', 'Soil_Type3', 'Soil_Type4', 'Aspect', 'Soil_Type17', 'Soil_Type11', 'Soil_Type5', 'Soil_Type14', 'Soil_Type16', 'Soil_Type32', 'Soil_Type13']"
783,lr_shap_list_ir_4,lr_shap_list_ir_4_subset_28,orderMean,"['Wilderness_Area4', 'Wilderness_Area3', 'Hillshade_3pm', 'Hillshade_Noon', 'Horizontal_Distance_To_Roadways', 'Elevation', 'Horizontal_Distance_To_Hydrology', 'Horizontal_Distance_To_Fire_Points', 'Slope', 'Soil_Type10', 'Hillshade_9am', 'Soil_Type4', 'Soil_Type2', 'Soil_Type3', 'Soil_Type1', 'Soil_Type6', 'Aspect', 'Vertical_Distance_To_Hydrology', 'Soil_Type14', 'Soil_Type17', 'Soil_Type11', 'Soil_Type5', 'Soil_Type16', 'Soil_Type32', 'Soil_Type13']"
784,lr_shap_list_ir_4,lr_shap_list_ir_4_subset_28,orderStd,"['Hillshade_3pm', 'Hillshade_Noon', 'Horizontal_Distance_To_Roadways', 'Wilderness_Area4', 'Wilderness_Area3', 'Elevation', 'Horizontal_Distance_To_Hydrology', 'Horizontal_Distance_To_Fire_Points', 'Soil_Type1', 'Slope', 'Soil_Type2', 'Soil_Type3', 'Soil_Type17', 'Hillshade_9am', 'Soil_Type6', 'Soil_Type14', 'Soil_Type4', 'Soil_Type5', 'Soil_Type10', 'Soil_Type11', 'Vertical_Distance_To_Hydrology', 'Soil_Type16', 'Aspect', 'Soil_Type32', 'Soil_Type13']"
785,lr_shap_list_ir_4,lr_shap_list_ir_4_subset_28,orderSum,"['Wilderness_Area4', 'Wilderness_Area3', 'Hillshade_3pm', 'Hillshade_Noon', 'Horizontal_Distance_To_Roadways', 'Elevation', 'Horizontal_Distance_To_Hydrology', 'Horizontal_Distance_To_Fire_Points', 'Slope', 'Soil_Type10', 'Hillshade_9am', 'Soil_Type4', 'Soil_Type2', 'Soil_Type3', 'Soil_Type1', 'Soil_Type6', 'Aspect', 'Vertical_Distance_To_Hydrology', 'Soil_Type14', 'Soil_Type17', 'Soil_Type11', 'Soil_Type5', 'Soil_Type16', 'Soil_Type32', 'Soil_Type13']"
786,lr_shap_list_ir_3,lr_shap_list_ir_3_subset_99,orderMean,"['Wilderness_Area4', 'Wilderness_Area3', 'Hillshade_3pm', 'Hillshade_Noon', 'Elevation', 'Horizontal_Distance_To_Roadways', 'Horizontal_Distance_To_Hydrology', 'Horizontal_Distance_To_Fire_Points', 'Slope', 'Soil_Type10', 'Soil_Type2', 'Soil_Type3', 'Soil_Type6', 'Vertical_Distance_To_Hydrology', 'Soil_Type1', 'Soil_Type4', 'Hillshade_9am', 'Soil_Type17', 'Soil_Type14', 'Soil_Type5', 'Soil_Type16', 'Soil_Type11', 'Aspect', 'Soil_Type32', 'Soil_Type13']"
787,lr_shap_list_ir_3,lr_shap_list_ir_3_subset_99,orderStd,"['Hillshade_3pm', 'Hillshade_Noon', 'Wilderness_Area4', 'Wilderness_Area3', 'Horizontal_Distance_To_Roadways', 'Elevation', 'Horizontal_Distance_To_Fire_Points', 'Horizontal_Distance_To_Hydrology', 'Slope', 'Soil_Type1', 'Soil_Type2', 'Soil_Type17', 'Soil_Type3', 'Soil_Type14', 'Soil_Type6', 'Soil_Type10', 'Soil_Type5', 'Vertical_Distance_To_Hydrology', 'Soil_Type4', 'Soil_Type16', 'Hillshade_9am', 'Soil_Type11', 'Soil_Type32', 'Aspect', 'Soil_Type13']"
788,lr_shap_list_ir_3,lr_shap_list_ir_3_subset_99,orderSum,"['Wilderness_Area4', 'Wilderness_Area3', 'Hillshade_3pm', 'Hillshade_Noon', 'Elevation', 'Horizontal_Distance_To_Roadways', 'Horizontal_Distance_To_Hydrology', 'Horizontal_Distance_To_Fire_Points', 'Slope', 'Soil_Type10', 'Soil_Type2', 'Soil_Type3', 'Soil_Type6', 'Vertical_Distance_To_Hydrology', 'Soil_Type1', 'Soil_Type4', 'Hillshade_9am', 'Soil_Type17', 'Soil_Type14', 'Soil_Type5', 'Soil_Type16', 'Soil_Type11', 'Aspect', 'Soil_Type32', 'Soil_Type13']"
789,lr_shap_list_ir_4,lr_shap_list_ir_4_subset_92,orderMean,"['Wilderness_Area3', 'Wilderness_Area4', 'Hillshade_3pm', 'Hillshade_Noon', 'Horizontal_Distance_To_Roadways', 'Elevation', 'Horizontal_Distance_To_Hydrology', 'Horizontal_Distance_To_Fire_Points', 'Slope', 'Soil_Type10', 'Soil_Type2', 'Soil_Type1', 'Soil_Type4', 'Soil_Type3', 'Vertical_Distance_To_Hydrology', 'Soil_Type6', 'Aspect', 'Soil_Type17', 'Soil_Type11', 'Soil_Type5', 'Soil_Type16', 'Soil_Type14', 'Hillshade_9am', 'Soil_Type32', 'Soil_Type13']"
790,lr_shap_list_ir_4,lr_shap_list_ir_4_subset_92,orderStd,"['Hillshade_Noon', 'Hillshade_3pm', 'Horizontal_Distance_To_Roadways', 'Elevation', 'Wilderness_Area3', 'Wilderness_Area4', 'Horizontal_Distance_To_Hydrology', 'Horizontal_Distance_To_Fire_Points', 'Slope', 'Soil_Type3', 'Soil_Type10', 'Soil_Type1', 'Soil_Type2', 'Soil_Type6', 'Soil_Type17', 'Soil_Type4', 'Soil_Type14', 'Soil_Type5', 'Soil_Type11', 'Vertical_Distance_To_Hydrology', 'Soil_Type16', 'Aspect', 'Hillshade_9am', 'Soil_Type32', 'Soil_Type13']"
791,lr_shap_list_ir_4,lr_shap_list_ir_4_subset_92,orderSum,"['Wilderness_Area3', 'Wilderness_Area4', 'Hillshade_3pm', 'Hillshade_Noon', 'Horizontal_Distance_To_Roadways', 'Elevation', 'Horizontal_Distance_To_Hydrology', 'Horizontal_Distance_To_Fire_Points', 'Slope', 'Soil_Type10', 'Soil_Type2', 'Soil_Type1', 'Soil_Type4', 'Soil_Type3', 'Vertical_Distance_To_Hydrology', 'Soil_Type6', 'Aspect', 'Soil_Type17', 'Soil_Type11', 'Soil_Type5', 'Soil_Type16', 'Soil_Type14', 'Hillshade_9am', 'Soil_Type32', 'Soil_Type13']"
792,lr_shap_list_ir_4,lr_shap_list_ir_4_subset_70,orderMean,"['Wilderness_Area4', 'Hillshade_3pm', 'Wilderness_Area3', 'Hillshade_Noon', 'Horizontal_Distance_To_Roadways', 'Elevation', 'Horizontal_Distance_To_Hydrology', 'Slope', 'Hillshade_9am', 'Horizontal_Distance_To_Fire_Points', 'Soil_Type10', 'Soil_Type1', 'Soil_Type3', 'Soil_Type2', 'Vertical_Distance_To_Hydrology', 'Soil_Type4', 'Soil_Type6', 'Aspect', 'Soil_Type17', 'Soil_Type11', 'Soil_Type5', 'Soil_Type14', 'Soil_Type16', 'Soil_Type32', 'Soil_Type13']"
793,lr_shap_list_ir_4,lr_shap_list_ir_4_subset_70,orderStd,"['Hillshade_3pm', 'Hillshade_Noon', 'Wilderness_Area4', 'Horizontal_Distance_To_Roadways', 'Elevation', 'Wilderness_Area3', 'Horizontal_Distance_To_Hydrology', 'Horizontal_Distance_To_Fire_Points', 'Slope', 'Hillshade_9am', 'Soil_Type1', 'Soil_Type14', 'Soil_Type17', 'Soil_Type2', 'Soil_Type3', 'Soil_Type11', 'Soil_Type6', 'Soil_Type5', 'Soil_Type10', 'Vertical_Distance_To_Hydrology', 'Soil_Type4', 'Soil_Type16', 'Aspect', 'Soil_Type32', 'Soil_Type13']"
794,lr_shap_list_ir_4,lr_shap_list_ir_4_subset_70,orderSum,"['Wilderness_Area4', 'Hillshade_3pm', 'Wilderness_Area3', 'Hillshade_Noon', 'Horizontal_Distance_To_Roadways', 'Elevation', 'Horizontal_Distance_To_Hydrology', 'Slope', 'Hillshade_9am', 'Horizontal_Distance_To_Fire_Points', 'Soil_Type10', 'Soil_Type1', 'Soil_Type3', 'Soil_Type2', 'Vertical_Distance_To_Hydrology', 'Soil_Type4', 'Soil_Type6', 'Aspect', 'Soil_Type17', 'Soil_Type11', 'Soil_Type5', 'Soil_Type14', 'Soil_Type16', 'Soil_Type32', 'Soil_Type13']"
795,lr_shap_list_ir_4,lr_shap_list_ir_4_subset_2,orderMean,"['Wilderness_Area4', 'Wilderness_Area3', 'Hillshade_3pm', 'Hillshade_Noon', 'Horizontal_Distance_To_Roadways', 'Elevation', 'Hillshade_9am', 'Horizontal_Distance_To_Hydrology', 'Horizontal_Distance_To_Fire_Points', 'Slope', 'Soil_Type10', 'Soil_Type2', 'Soil_Type4', 'Soil_Type1', 'Soil_Type6', 'Aspect', 'Soil_Type17', 'Soil_Type3', 'Soil_Type5', 'Soil_Type11', 'Vertical_Distance_To_Hydrology', 'Soil_Type14', 'Soil_Type16', 'Soil_Type32', 'Soil_Type13']"
796,lr_shap_list_ir_4,lr_shap_list_ir_4_subset_2,orderStd,"['Hillshade_3pm', 'Hillshade_Noon', 'Wilderness_Area4', 'Wilderness_Area3', 'Horizontal_Distance_To_Roadways', 'Elevation', 'Hillshade_9am', 'Horizontal_Distance_To_Hydrology', 'Soil_Type1', 'Horizontal_Distance_To_Fire_Points', 'Soil_Type2', 'Slope', 'Soil_Type17', 'Soil_Type10', 'Soil_Type14', 'Soil_Type4', 'Soil_Type5', 'Soil_Type11', 'Soil_Type6', 'Soil_Type16', 'Soil_Type3', 'Aspect', 'Vertical_Distance_To_Hydrology', 'Soil_Type32', 'Soil_Type13']"
797,lr_shap_list_ir_4,lr_shap_list_ir_4_subset_2,orderSum,"['Wilderness_Area4', 'Wilderness_Area3', 'Hillshade_3pm', 'Hillshade_Noon', 'Horizontal_Distance_To_Roadways', 'Elevation', 'Hillshade_9am', 'Horizontal_Distance_To_Hydrology', 'Horizontal_Distance_To_Fire_Points', 'Slope', 'Soil_Type10', 'Soil_Type2', 'Soil_Type4', 'Soil_Type1', 'Soil_Type6', 'Aspect', 'Soil_Type17', 'Soil_Type3', 'Soil_Type5', 'Soil_Type11', 'Vertical_Distance_To_Hydrology', 'Soil_Type14', 'Soil_Type16', 'Soil_Type32', 'Soil_Type13']"
798,lr_shap_list_ir_5,lr_shap_list_ir_5_subset_87,orderMean,"['Wilderness_Area4', 'Hillshade_3pm', 'Wilderness_Area3', 'Hillshade_Noon', 'Hillshade_9am', 'Horizontal_Distance_To_Roadways', 'Elevation', 'Slope', 'Horizontal_Distance_To_Hydrology', 'Horizontal_Distance_To_Fire_Points', 'Soil_Type3', 'Soil_Type10', 'Soil_Type2', 'Soil_Type1', 'Aspect', 'Soil_Type6', 'Soil_Type17', 'Soil_Type4', 'Vertical_Distance_To_Hydrology', 'Soil_Type14', 'Soil_Type5', 'Soil_Type11', 'Soil_Type16', 'Soil_Type32', 'Soil_Type13']"
799,lr_shap_list_ir_5,lr_shap_list_ir_5_subset_87,orderStd,"['Hillshade_3pm', 'Wilderness_Area4', 'Hillshade_Noon', 'Wilderness_Area3', 'Horizontal_Distance_To_Roadways', 'Hillshade_9am', 'Elevation', 'Slope', 'Horizontal_Distance_To_Fire_Points', 'Horizontal_Distance_To_Hydrology', 'Soil_Type17', 'Soil_Type14', 'Soil_Type1', 'Soil_Type2', 'Soil_Type3', 'Soil_Type6', 'Soil_Type10', 'Soil_Type11', 'Soil_Type5', 'Soil_Type16', 'Soil_Type4', 'Aspect', 'Vertical_Distance_To_Hydrology', 'Soil_Type32', 'Soil_Type13']"
800,lr_shap_list_ir_5,lr_shap_list_ir_5_subset_87,orderSum,"['Wilderness_Area4', 'Hillshade_3pm', 'Wilderness_Area3', 'Hillshade_Noon', 'Hillshade_9am', 'Horizontal_Distance_To_Roadways', 'Elevation', 'Slope', 'Horizontal_Distance_To_Hydrology', 'Horizontal_Distance_To_Fire_Points', 'Soil_Type3', 'Soil_Type10', 'Soil_Type2', 'Soil_Type1', 'Aspect', 'Soil_Type6', 'Soil_Type17', 'Soil_Type4', 'Vertical_Distance_To_Hydrology', 'Soil_Type14', 'Soil_Type5', 'Soil_Type11', 'Soil_Type16', 'Soil_Type32', 'Soil_Type13']"
801,lr_shap_list_ir_3,lr_shap_list_ir_3_subset_51,orderMean,"['Wilderness_Area4', 'Wilderness_Area3', 'Hillshade_3pm', 'Hillshade_Noon', 'Elevation', 'Horizontal_Distance_To_Roadways', 'Horizontal_Distance_To_Fire_Points', 'Horizontal_Distance_To_Hydrology', 'Slope', 'Hillshade_9am', 'Soil_Type10', 'Soil_Type2', 'Soil_Type4', 'Soil_Type3', 'Soil_Type6', 'Soil_Type1', 'Vertical_Distance_To_Hydrology', 'Aspect', 'Soil_Type11', 'Soil_Type5', 'Soil_Type17', 'Soil_Type14', 'Soil_Type16', 'Soil_Type32', 'Soil_Type13']"
802,lr_shap_list_ir_3,lr_shap_list_ir_3_subset_51,orderStd,"['Hillshade_3pm', 'Wilderness_Area4', 'Wilderness_Area3', 'Hillshade_Noon', 'Horizontal_Distance_To_Roadways', 'Elevation', 'Horizontal_Distance_To_Fire_Points', 'Horizontal_Distance_To_Hydrology', 'Soil_Type1', 'Slope', 'Hillshade_9am', 'Soil_Type2', 'Soil_Type14', 'Soil_Type6', 'Soil_Type17', 'Soil_Type4', 'Soil_Type3', 'Soil_Type10', 'Soil_Type5', 'Soil_Type11', 'Soil_Type16', 'Vertical_Distance_To_Hydrology', 'Aspect', 'Soil_Type32', 'Soil_Type13']"
803,lr_shap_list_ir_3,lr_shap_list_ir_3_subset_51,orderSum,"['Wilderness_Area4', 'Wilderness_Area3', 'Hillshade_3pm', 'Hillshade_Noon', 'Elevation', 'Horizontal_Distance_To_Roadways', 'Horizontal_Distance_To_Fire_Points', 'Horizontal_Distance_To_Hydrology', 'Slope', 'Hillshade_9am', 'Soil_Type10', 'Soil_Type2', 'Soil_Type4', 'Soil_Type3', 'Soil_Type6', 'Soil_Type1', 'Vertical_Distance_To_Hydrology', 'Aspect', 'Soil_Type11', 'Soil_Type5', 'Soil_Type17', 'Soil_Type14', 'Soil_Type16', 'Soil_Type32', 'Soil_Type13']"
804,lr_shap_list_ir_5,lr_shap_list_ir_5_subset_65,orderMean,"['Wilderness_Area4', 'Hillshade_3pm', 'Wilderness_Area3', 'Hillshade_Noon', 'Horizontal_Distance_To_Roadways', 'Elevation', 'Hillshade_9am', 'Horizontal_Distance_To_Hydrology', 'Slope', 'Horizontal_Distance_To_Fire_Points', 'Soil_Type10', 'Soil_Type1', 'Soil_Type3', 'Soil_Type2', 'Soil_Type6', 'Vertical_Distance_To_Hydrology', 'Soil_Type17', 'Aspect', 'Soil_Type4', 'Soil_Type11', 'Soil_Type14', 'Soil_Type5', 'Soil_Type16', 'Soil_Type32', 'Soil_Type13']"
805,lr_shap_list_ir_5,lr_shap_list_ir_5_subset_65,orderStd,"['Wilderness_Area4', 'Hillshade_3pm', 'Hillshade_Noon', 'Wilderness_Area3', 'Horizontal_Distance_To_Roadways', 'Elevation', 'Hillshade_9am', 'Horizontal_Distance_To_Hydrology', 'Horizontal_Distance_To_Fire_Points', 'Slope', 'Soil_Type17', 'Soil_Type14', 'Soil_Type1', 'Soil_Type3', 'Soil_Type2', 'Soil_Type6', 'Soil_Type16', 'Soil_Type5', 'Soil_Type11', 'Vertical_Distance_To_Hydrology', 'Soil_Type4', 'Soil_Type10', 'Aspect', 'Soil_Type32', 'Soil_Type13']"
806,lr_shap_list_ir_5,lr_shap_list_ir_5_subset_65,orderSum,"['Wilderness_Area4', 'Hillshade_3pm', 'Wilderness_Area3', 'Hillshade_Noon', 'Horizontal_Distance_To_Roadways', 'Elevation', 'Hillshade_9am', 'Horizontal_Distance_To_Hydrology', 'Slope', 'Horizontal_Distance_To_Fire_Points', 'Soil_Type10', 'Soil_Type1', 'Soil_Type3', 'Soil_Type2', 'Soil_Type6', 'Vertical_Distance_To_Hydrology', 'Soil_Type17', 'Aspect', 'Soil_Type4', 'Soil_Type11', 'Soil_Type14', 'Soil_Type5', 'Soil_Type16', 'Soil_Type32', 'Soil_Type13']"
807,lr_shap_list_ir_1,lr_shap_list_ir_1_subset_59,orderMean,"['Wilderness_Area4', 'Hillshade_3pm', 'Wilderness_Area3', 'Hillshade_Noon', 'Hillshade_9am', 'Horizontal_Distance_To_Roadways', 'Slope', 'Elevation', 'Horizontal_Distance_To_Hydrology', 'Horizontal_Distance_To_Fire_Points', 'Soil_Type2', 'Vertical_Distance_To_Hydrology', 'Soil_Type6', 'Soil_Type3', 'Aspect', 'Soil_Type1', 'Soil_Type4', 'Soil_Type17', 'Soil_Type11', 'Soil_Type5', 'Soil_Type14', 'Soil_Type16', 'Soil_Type10', 'Soil_Type32', 'Soil_Type13']"
808,lr_shap_list_ir_1,lr_shap_list_ir_1_subset_59,orderStd,"['Hillshade_3pm', 'Hillshade_Noon', 'Hillshade_9am', 'Horizontal_Distance_To_Roadways', 'Slope', 'Elevation', 'Wilderness_Area4', 'Horizontal_Distance_To_Fire_Points', 'Wilderness_Area3', 'Soil_Type2', 'Horizontal_Distance_To_Hydrology', 'Soil_Type1', 'Soil_Type17', 'Soil_Type11', 'Soil_Type6', 'Soil_Type3', 'Vertical_Distance_To_Hydrology', 'Soil_Type5', 'Soil_Type14', 'Soil_Type16', 'Aspect', 'Soil_Type4', 'Soil_Type10', 'Soil_Type32', 'Soil_Type13']"
809,lr_shap_list_ir_1,lr_shap_list_ir_1_subset_59,orderSum,"['Wilderness_Area4', 'Hillshade_3pm', 'Wilderness_Area3', 'Hillshade_Noon', 'Hillshade_9am', 'Horizontal_Distance_To_Roadways', 'Slope', 'Elevation', 'Horizontal_Distance_To_Hydrology', 'Horizontal_Distance_To_Fire_Points', 'Soil_Type2', 'Vertical_Distance_To_Hydrology', 'Soil_Type6', 'Soil_Type3', 'Aspect', 'Soil_Type1', 'Soil_Type4', 'Soil_Type17', 'Soil_Type11', 'Soil_Type5', 'Soil_Type14', 'Soil_Type16', 'Soil_Type10', 'Soil_Type32', 'Soil_Type13']"
810,lr_shap_list_ir_1,lr_shap_list_ir_1_subset_84,orderMean,"['Wilderness_Area3', 'Wilderness_Area4', 'Horizontal_Distance_To_Roadways', 'Elevation', 'Hillshade_Noon', 'Hillshade_9am', 'Horizontal_Distance_To_Hydrology', 'Hillshade_3pm', 'Soil_Type10', 'Horizontal_Distance_To_Fire_Points', 'Soil_Type4', 'Soil_Type2', 'Slope', 'Soil_Type1', 'Soil_Type6', 'Aspect', 'Vertical_Distance_To_Hydrology', 'Soil_Type5', 'Soil_Type11', 'Soil_Type17', 'Soil_Type3', 'Soil_Type14', 'Soil_Type16', 'Soil_Type32', 'Soil_Type13']"
811,lr_shap_list_ir_1,lr_shap_list_ir_1_subset_84,orderStd,"['Horizontal_Distance_To_Roadways', 'Elevation', 'Hillshade_Noon', 'Hillshade_9am', 'Wilderness_Area3', 'Horizontal_Distance_To_Hydrology', 'Soil_Type1', 'Hillshade_3pm', 'Horizontal_Distance_To_Fire_Points', 'Wilderness_Area4', 'Soil_Type2', 'Soil_Type10', 'Soil_Type4', 'Soil_Type5', 'Soil_Type6', 'Soil_Type11', 'Soil_Type17', 'Slope', 'Soil_Type14', 'Vertical_Distance_To_Hydrology', 'Aspect', 'Soil_Type16', 'Soil_Type3', 'Soil_Type32', 'Soil_Type13']"
812,lr_shap_list_ir_1,lr_shap_list_ir_1_subset_84,orderSum,"['Wilderness_Area3', 'Wilderness_Area4', 'Horizontal_Distance_To_Roadways', 'Elevation', 'Hillshade_Noon', 'Hillshade_9am', 'Horizontal_Distance_To_Hydrology', 'Hillshade_3pm', 'Soil_Type10', 'Horizontal_Distance_To_Fire_Points', 'Soil_Type4', 'Soil_Type2', 'Slope', 'Soil_Type1', 'Soil_Type6', 'Aspect', 'Vertical_Distance_To_Hydrology', 'Soil_Type5', 'Soil_Type11', 'Soil_Type17', 'Soil_Type3', 'Soil_Type14', 'Soil_Type16', 'Soil_Type32', 'Soil_Type13']"
813,lr_shap_list_ir_4,lr_shap_list_ir_4_subset_96,orderMean,"['Wilderness_Area4', 'Wilderness_Area3', 'Hillshade_3pm', 'Hillshade_Noon', 'Horizontal_Distance_To_Roadways', 'Elevation', 'Hillshade_9am', 'Horizontal_Distance_To_Hydrology', 'Slope', 'Horizontal_Distance_To_Fire_Points', 'Soil_Type10', 'Soil_Type2', 'Soil_Type3', 'Soil_Type4', 'Vertical_Distance_To_Hydrology', 'Aspect', 'Soil_Type1', 'Soil_Type6', 'Soil_Type17', 'Soil_Type5', 'Soil_Type14', 'Soil_Type11', 'Soil_Type16', 'Soil_Type32', 'Soil_Type13']"
814,lr_shap_list_ir_4,lr_shap_list_ir_4_subset_96,orderStd,"['Hillshade_3pm', 'Hillshade_Noon', 'Horizontal_Distance_To_Roadways', 'Wilderness_Area4', 'Wilderness_Area3', 'Elevation', 'Hillshade_9am', 'Horizontal_Distance_To_Hydrology', 'Slope', 'Horizontal_Distance_To_Fire_Points', 'Soil_Type1', 'Soil_Type2', 'Soil_Type14', 'Soil_Type17', 'Soil_Type3', 'Soil_Type5', 'Soil_Type6', 'Soil_Type10', 'Soil_Type4', 'Soil_Type16', 'Vertical_Distance_To_Hydrology', 'Aspect', 'Soil_Type11', 'Soil_Type32', 'Soil_Type13']"
815,lr_shap_list_ir_4,lr_shap_list_ir_4_subset_96,orderSum,"['Wilderness_Area4', 'Wilderness_Area3', 'Hillshade_3pm', 'Hillshade_Noon', 'Horizontal_Distance_To_Roadways', 'Elevation', 'Hillshade_9am', 'Horizontal_Distance_To_Hydrology', 'Slope', 'Horizontal_Distance_To_Fire_Points', 'Soil_Type10', 'Soil_Type2', 'Soil_Type3', 'Soil_Type4', 'Vertical_Distance_To_Hydrology', 'Aspect', 'Soil_Type1', 'Soil_Type6', 'Soil_Type17', 'Soil_Type5', 'Soil_Type14', 'Soil_Type11', 'Soil_Type16', 'Soil_Type32', 'Soil_Type13']"
816,lr_shap_list_ir_2,lr_shap_list_ir_2_subset_83,orderMean,"['Wilderness_Area4', 'Wilderness_Area3', 'Hillshade_3pm', 'Hillshade_Noon', 'Elevation', 'Horizontal_Distance_To_Roadways', 'Horizontal_Distance_To_Fire_Points', 'Horizontal_Distance_To_Hydrology', 'Soil_Type2', 'Slope', 'Soil_Type10', 'Aspect', 'Soil_Type4', 'Hillshade_9am', 'Soil_Type1', 'Soil_Type6', 'Soil_Type3', 'Soil_Type5', 'Soil_Type11', 'Vertical_Distance_To_Hydrology', 'Soil_Type14', 'Soil_Type17', 'Soil_Type16', 'Soil_Type32', 'Soil_Type13']"
817,lr_shap_list_ir_2,lr_shap_list_ir_2_subset_83,orderStd,"['Hillshade_3pm', 'Hillshade_Noon', 'Horizontal_Distance_To_Roadways', 'Wilderness_Area4', 'Wilderness_Area3', 'Elevation', 'Horizontal_Distance_To_Fire_Points', 'Soil_Type2', 'Soil_Type1', 'Horizontal_Distance_To_Hydrology', 'Soil_Type5', 'Slope', 'Soil_Type17', 'Soil_Type14', 'Soil_Type11', 'Soil_Type4', 'Soil_Type10', 'Hillshade_9am', 'Soil_Type3', 'Soil_Type6', 'Aspect', 'Soil_Type16', 'Vertical_Distance_To_Hydrology', 'Soil_Type32', 'Soil_Type13']"
818,lr_shap_list_ir_2,lr_shap_list_ir_2_subset_83,orderSum,"['Wilderness_Area4', 'Wilderness_Area3', 'Hillshade_3pm', 'Hillshade_Noon', 'Elevation', 'Horizontal_Distance_To_Roadways', 'Horizontal_Distance_To_Fire_Points', 'Horizontal_Distance_To_Hydrology', 'Soil_Type2', 'Slope', 'Soil_Type10', 'Aspect', 'Soil_Type4', 'Hillshade_9am', 'Soil_Type1', 'Soil_Type6', 'Soil_Type3', 'Soil_Type5', 'Soil_Type11', 'Vertical_Distance_To_Hydrology', 'Soil_Type14', 'Soil_Type17', 'Soil_Type16', 'Soil_Type32', 'Soil_Type13']"
819,lr_shap_list_ir_2,lr_shap_list_ir_2_subset_18,orderMean,"['Wilderness_Area4', 'Wilderness_Area3', 'Hillshade_3pm', 'Hillshade_Noon', 'Horizontal_Distance_To_Hydrology', 'Elevation', 'Horizontal_Distance_To_Roadways', 'Hillshade_9am', 'Slope', 'Vertical_Distance_To_Hydrology', 'Horizontal_Distance_To_Fire_Points', 'Soil_Type10', 'Soil_Type4', 'Aspect', 'Soil_Type1', 'Soil_Type2', 'Soil_Type3', 'Soil_Type17', 'Soil_Type6', 'Soil_Type5', 'Soil_Type14', 'Soil_Type11', 'Soil_Type16', 'Soil_Type32', 'Soil_Type13']"
820,lr_shap_list_ir_2,lr_shap_list_ir_2_subset_18,orderStd,"['Hillshade_3pm', 'Hillshade_Noon', 'Wilderness_Area4', 'Horizontal_Distance_To_Roadways', 'Horizontal_Distance_To_Hydrology', 'Elevation', 'Wilderness_Area3', 'Hillshade_9am', 'Slope', 'Vertical_Distance_To_Hydrology', 'Horizontal_Distance_To_Fire_Points', 'Soil_Type3', 'Soil_Type1', 'Soil_Type17', 'Soil_Type10', 'Soil_Type14', 'Soil_Type5', 'Soil_Type2', 'Aspect', 'Soil_Type6', 'Soil_Type4', 'Soil_Type11', 'Soil_Type16', 'Soil_Type32', 'Soil_Type13']"
821,lr_shap_list_ir_2,lr_shap_list_ir_2_subset_18,orderSum,"['Wilderness_Area4', 'Wilderness_Area3', 'Hillshade_3pm', 'Hillshade_Noon', 'Horizontal_Distance_To_Hydrology', 'Elevation', 'Horizontal_Distance_To_Roadways', 'Hillshade_9am', 'Slope', 'Vertical_Distance_To_Hydrology', 'Horizontal_Distance_To_Fire_Points', 'Soil_Type10', 'Soil_Type4', 'Aspect', 'Soil_Type1', 'Soil_Type2', 'Soil_Type3', 'Soil_Type17', 'Soil_Type6', 'Soil_Type5', 'Soil_Type14', 'Soil_Type11', 'Soil_Type16', 'Soil_Type32', 'Soil_Type13']"
822,lr_shap_list_ir_1,lr_shap_list_ir_1_subset_77,orderMean,"['Wilderness_Area4', 'Wilderness_Area3', 'Hillshade_3pm', 'Hillshade_Noon', 'Elevation', 'Horizontal_Distance_To_Roadways', 'Hillshade_9am', 'Horizontal_Distance_To_Fire_Points', 'Soil_Type2', 'Soil_Type10', 'Horizontal_Distance_To_Hydrology', 'Slope', 'Soil_Type1', 'Soil_Type3', 'Soil_Type11', 'Vertical_Distance_To_Hydrology', 'Soil_Type4', 'Soil_Type17', 'Soil_Type14', 'Soil_Type6', 'Aspect', 'Soil_Type5', 'Soil_Type16', 'Soil_Type32', 'Soil_Type13']"
823,lr_shap_list_ir_1,lr_shap_list_ir_1_subset_77,orderStd,"['Hillshade_3pm', 'Hillshade_Noon', 'Wilderness_Area4', 'Horizontal_Distance_To_Roadways', 'Elevation', 'Wilderness_Area3', 'Hillshade_9am', 'Horizontal_Distance_To_Fire_Points', 'Soil_Type2', 'Soil_Type3', 'Horizontal_Distance_To_Hydrology', 'Soil_Type1', 'Slope', 'Soil_Type11', 'Soil_Type17', 'Soil_Type10', 'Soil_Type14', 'Vertical_Distance_To_Hydrology', 'Soil_Type16', 'Soil_Type5', 'Soil_Type4', 'Soil_Type6', 'Aspect', 'Soil_Type32', 'Soil_Type13']"
824,lr_shap_list_ir_1,lr_shap_list_ir_1_subset_77,orderSum,"['Wilderness_Area4', 'Wilderness_Area3', 'Hillshade_3pm', 'Hillshade_Noon', 'Elevation', 'Horizontal_Distance_To_Roadways', 'Hillshade_9am', 'Horizontal_Distance_To_Fire_Points', 'Soil_Type2', 'Soil_Type10', 'Horizontal_Distance_To_Hydrology', 'Slope', 'Soil_Type1', 'Soil_Type3', 'Soil_Type11', 'Vertical_Distance_To_Hydrology', 'Soil_Type4', 'Soil_Type17', 'Soil_Type14', 'Soil_Type6', 'Aspect', 'Soil_Type5', 'Soil_Type16', 'Soil_Type32', 'Soil_Type13']"
825,lr_shap_list_ir_3,lr_shap_list_ir_3_subset_29,orderMean,"['Wilderness_Area4', 'Wilderness_Area3', 'Hillshade_3pm', 'Hillshade_Noon', 'Elevation', 'Horizontal_Distance_To_Roadways', 'Hillshade_9am', 'Horizontal_Distance_To_Hydrology', 'Slope', 'Horizontal_Distance_To_Fire_Points', 'Soil_Type10', 'Soil_Type2', 'Soil_Type3', 'Vertical_Distance_To_Hydrology', 'Soil_Type17', 'Soil_Type4', 'Soil_Type1', 'Soil_Type6', 'Soil_Type14', 'Aspect', 'Soil_Type5', 'Soil_Type11', 'Soil_Type16', 'Soil_Type32', 'Soil_Type13']"
826,lr_shap_list_ir_3,lr_shap_list_ir_3_subset_29,orderStd,"['Hillshade_3pm', 'Hillshade_Noon', 'Wilderness_Area4', 'Wilderness_Area3', 'Horizontal_Distance_To_Roadways', 'Elevation', 'Hillshade_9am', 'Horizontal_Distance_To_Hydrology', 'Horizontal_Distance_To_Fire_Points', 'Slope', 'Soil_Type2', 'Soil_Type3', 'Soil_Type1', 'Soil_Type17', 'Soil_Type14', 'Soil_Type10', 'Soil_Type5', 'Vertical_Distance_To_Hydrology', 'Soil_Type11', 'Soil_Type6', 'Soil_Type4', 'Soil_Type16', 'Aspect', 'Soil_Type32', 'Soil_Type13']"
827,lr_shap_list_ir_3,lr_shap_list_ir_3_subset_29,orderSum,"['Wilderness_Area4', 'Wilderness_Area3', 'Hillshade_3pm', 'Hillshade_Noon', 'Elevation', 'Horizontal_Distance_To_Roadways', 'Hillshade_9am', 'Horizontal_Distance_To_Hydrology', 'Slope', 'Horizontal_Distance_To_Fire_Points', 'Soil_Type10', 'Soil_Type2', 'Soil_Type3', 'Vertical_Distance_To_Hydrology', 'Soil_Type17', 'Soil_Type4', 'Soil_Type1', 'Soil_Type6', 'Soil_Type14', 'Aspect', 'Soil_Type5', 'Soil_Type11', 'Soil_Type16', 'Soil_Type32', 'Soil_Type13']"
828,lr_shap_list_ir_1,lr_shap_list_ir_1_subset_91,orderMean,"['Wilderness_Area4', 'Wilderness_Area3', 'Hillshade_3pm', 'Hillshade_Noon', 'Elevation', 'Horizontal_Distance_To_Roadways', 'Horizontal_Distance_To_Hydrology', 'Slope', 'Horizontal_Distance_To_Fire_Points', 'Vertical_Distance_To_Hydrology', 'Hillshade_9am', 'Soil_Type1', 'Soil_Type4', 'Aspect', 'Soil_Type2', 'Soil_Type6', 'Soil_Type3', 'Soil_Type11', 'Soil_Type5', 'Soil_Type17', 'Soil_Type16', 'Soil_Type10', 'Soil_Type14', 'Soil_Type32', 'Soil_Type13']"
829,lr_shap_list_ir_1,lr_shap_list_ir_1_subset_91,orderStd,"['Hillshade_3pm', 'Hillshade_Noon', 'Horizontal_Distance_To_Roadways', 'Elevation', 'Wilderness_Area4', 'Horizontal_Distance_To_Hydrology', 'Wilderness_Area3', 'Soil_Type1', 'Horizontal_Distance_To_Fire_Points', 'Slope', 'Vertical_Distance_To_Hydrology', 'Hillshade_9am', 'Soil_Type3', 'Soil_Type17', 'Soil_Type6', 'Soil_Type16', 'Soil_Type11', 'Soil_Type2', 'Soil_Type4', 'Aspect', 'Soil_Type5', 'Soil_Type14', 'Soil_Type32', 'Soil_Type10', 'Soil_Type13']"
830,lr_shap_list_ir_1,lr_shap_list_ir_1_subset_91,orderSum,"['Wilderness_Area4', 'Wilderness_Area3', 'Hillshade_3pm', 'Hillshade_Noon', 'Elevation', 'Horizontal_Distance_To_Roadways', 'Horizontal_Distance_To_Hydrology', 'Slope', 'Horizontal_Distance_To_Fire_Points', 'Vertical_Distance_To_Hydrology', 'Hillshade_9am', 'Soil_Type1', 'Soil_Type4', 'Aspect', 'Soil_Type2', 'Soil_Type6', 'Soil_Type3', 'Soil_Type11', 'Soil_Type5', 'Soil_Type17', 'Soil_Type16', 'Soil_Type10', 'Soil_Type14', 'Soil_Type32', 'Soil_Type13']"
831,lr_shap_list_ir_4,lr_shap_list_ir_4_subset_3,orderMean,"['Wilderness_Area4', 'Wilderness_Area3', 'Hillshade_3pm', 'Hillshade_Noon', 'Horizontal_Distance_To_Roadways', 'Elevation', 'Horizontal_Distance_To_Hydrology', 'Slope', 'Horizontal_Distance_To_Fire_Points', 'Soil_Type10', 'Soil_Type2', 'Soil_Type6', 'Hillshade_9am', 'Soil_Type3', 'Vertical_Distance_To_Hydrology', 'Soil_Type1', 'Soil_Type4', 'Soil_Type17', 'Soil_Type5', 'Aspect', 'Soil_Type14', 'Soil_Type11', 'Soil_Type16', 'Soil_Type32', 'Soil_Type13']"
832,lr_shap_list_ir_4,lr_shap_list_ir_4_subset_3,orderStd,"['Hillshade_3pm', 'Hillshade_Noon', 'Horizontal_Distance_To_Roadways', 'Wilderness_Area4', 'Wilderness_Area3', 'Elevation', 'Horizontal_Distance_To_Hydrology', 'Horizontal_Distance_To_Fire_Points', 'Slope', 'Soil_Type2', 'Soil_Type1', 'Soil_Type17', 'Soil_Type6', 'Soil_Type3', 'Soil_Type14', 'Soil_Type10', 'Soil_Type5', 'Hillshade_9am', 'Vertical_Distance_To_Hydrology', 'Soil_Type16', 'Soil_Type4', 'Soil_Type11', 'Aspect', 'Soil_Type32', 'Soil_Type13']"
833,lr_shap_list_ir_4,lr_shap_list_ir_4_subset_3,orderSum,"['Wilderness_Area4', 'Wilderness_Area3', 'Hillshade_3pm', 'Hillshade_Noon', 'Horizontal_Distance_To_Roadways', 'Elevation', 'Horizontal_Distance_To_Hydrology', 'Slope', 'Horizontal_Distance_To_Fire_Points', 'Soil_Type10', 'Soil_Type2', 'Soil_Type6', 'Hillshade_9am', 'Soil_Type3', 'Vertical_Distance_To_Hydrology', 'Soil_Type1', 'Soil_Type4', 'Soil_Type17', 'Soil_Type5', 'Aspect', 'Soil_Type14', 'Soil_Type11', 'Soil_Type16', 'Soil_Type32', 'Soil_Type13']"
834,lr_shap_list_ir_4,lr_shap_list_ir_4_subset_79,orderMean,"['Wilderness_Area4', 'Wilderness_Area3', 'Hillshade_3pm', 'Hillshade_Noon', 'Elevation', 'Horizontal_Distance_To_Roadways', 'Horizontal_Distance_To_Hydrology', 'Horizontal_Distance_To_Fire_Points', 'Soil_Type10', 'Slope', 'Hillshade_9am', 'Soil_Type1', 'Soil_Type2', 'Soil_Type3', 'Vertical_Distance_To_Hydrology', 'Soil_Type4', 'Soil_Type6', 'Aspect', 'Soil_Type5', 'Soil_Type14', 'Soil_Type11', 'Soil_Type17', 'Soil_Type16', 'Soil_Type32', 'Soil_Type13']"
835,lr_shap_list_ir_4,lr_shap_list_ir_4_subset_79,orderStd,"['Hillshade_3pm', 'Hillshade_Noon', 'Wilderness_Area4', 'Wilderness_Area3', 'Horizontal_Distance_To_Roadways', 'Elevation', 'Horizontal_Distance_To_Fire_Points', 'Horizontal_Distance_To_Hydrology', 'Soil_Type1', 'Slope', 'Hillshade_9am', 'Soil_Type17', 'Soil_Type2', 'Soil_Type14', 'Soil_Type3', 'Soil_Type6', 'Soil_Type4', 'Soil_Type5', 'Soil_Type11', 'Vertical_Distance_To_Hydrology', 'Soil_Type16', 'Soil_Type10', 'Aspect', 'Soil_Type32', 'Soil_Type13']"
836,lr_shap_list_ir_4,lr_shap_list_ir_4_subset_79,orderSum,"['Wilderness_Area4', 'Wilderness_Area3', 'Hillshade_3pm', 'Hillshade_Noon', 'Elevation', 'Horizontal_Distance_To_Roadways', 'Horizontal_Distance_To_Hydrology', 'Horizontal_Distance_To_Fire_Points', 'Soil_Type10', 'Slope', 'Hillshade_9am', 'Soil_Type1', 'Soil_Type2', 'Soil_Type3', 'Vertical_Distance_To_Hydrology', 'Soil_Type4', 'Soil_Type6', 'Aspect', 'Soil_Type5', 'Soil_Type14', 'Soil_Type11', 'Soil_Type17', 'Soil_Type16', 'Soil_Type32', 'Soil_Type13']"
837,lr_shap_list_ir_5,lr_shap_list_ir_5_subset_57,orderMean,"['Wilderness_Area3', 'Wilderness_Area4', 'Hillshade_3pm', 'Hillshade_Noon', 'Elevation', 'Horizontal_Distance_To_Roadways', 'Horizontal_Distance_To_Hydrology', 'Horizontal_Distance_To_Fire_Points', 'Slope', 'Soil_Type10', 'Soil_Type2', 'Soil_Type1', 'Soil_Type4', 'Soil_Type3', 'Soil_Type17', 'Soil_Type6', 'Aspect', 'Vertical_Distance_To_Hydrology', 'Soil_Type14', 'Hillshade_9am', 'Soil_Type11', 'Soil_Type5', 'Soil_Type16', 'Soil_Type32', 'Soil_Type13']"
838,lr_shap_list_ir_5,lr_shap_list_ir_5_subset_57,orderStd,"['Hillshade_Noon', 'Hillshade_3pm', 'Wilderness_Area3', 'Wilderness_Area4', 'Horizontal_Distance_To_Roadways', 'Elevation', 'Horizontal_Distance_To_Hydrology', 'Horizontal_Distance_To_Fire_Points', 'Soil_Type1', 'Slope', 'Soil_Type14', 'Soil_Type2', 'Soil_Type17', 'Soil_Type10', 'Soil_Type6', 'Soil_Type5', 'Soil_Type3', 'Soil_Type4', 'Soil_Type16', 'Vertical_Distance_To_Hydrology', 'Soil_Type11', 'Aspect', 'Hillshade_9am', 'Soil_Type32', 'Soil_Type13']"
839,lr_shap_list_ir_5,lr_shap_list_ir_5_subset_57,orderSum,"['Wilderness_Area3', 'Wilderness_Area4', 'Hillshade_3pm', 'Hillshade_Noon', 'Elevation', 'Horizontal_Distance_To_Roadways', 'Horizontal_Distance_To_Hydrology', 'Horizontal_Distance_To_Fire_Points', 'Slope', 'Soil_Type10', 'Soil_Type2', 'Soil_Type1', 'Soil_Type4', 'Soil_Type3', 'Soil_Type17', 'Soil_Type6', 'Aspect', 'Vertical_Distance_To_Hydrology', 'Soil_Type14', 'Hillshade_9am', 'Soil_Type11', 'Soil_Type5', 'Soil_Type16', 'Soil_Type32', 'Soil_Type13']"
840,lr_shap_list_ir_4,lr_shap_list_ir_4_subset_17,orderMean,"['Wilderness_Area4', 'Wilderness_Area3', 'Hillshade_3pm', 'Hillshade_Noon', 'Horizontal_Distance_To_Roadways', 'Elevation', 'Horizontal_Distance_To_Hydrology', 'Horizontal_Distance_To_Fire_Points', 'Slope', 'Soil_Type2', 'Soil_Type10', 'Hillshade_9am', 'Soil_Type1', 'Soil_Type6', 'Soil_Type4', 'Soil_Type3', 'Soil_Type17', 'Aspect', 'Soil_Type14', 'Soil_Type11', 'Vertical_Distance_To_Hydrology', 'Soil_Type5', 'Soil_Type16', 'Soil_Type32', 'Soil_Type13']"
841,lr_shap_list_ir_4,lr_shap_list_ir_4_subset_17,orderStd,"['Hillshade_3pm', 'Wilderness_Area4', 'Wilderness_Area3', 'Hillshade_Noon', 'Horizontal_Distance_To_Roadways', 'Elevation', 'Horizontal_Distance_To_Fire_Points', 'Soil_Type2', 'Slope', 'Horizontal_Distance_To_Hydrology', 'Soil_Type1', 'Soil_Type6', 'Soil_Type17', 'Soil_Type14', 'Soil_Type5', 'Soil_Type11', 'Soil_Type3', 'Hillshade_9am', 'Soil_Type10', 'Soil_Type4', 'Soil_Type16', 'Aspect', 'Vertical_Distance_To_Hydrology', 'Soil_Type32', 'Soil_Type13']"
842,lr_shap_list_ir_4,lr_shap_list_ir_4_subset_17,orderSum,"['Wilderness_Area4', 'Wilderness_Area3', 'Hillshade_3pm', 'Hillshade_Noon', 'Horizontal_Distance_To_Roadways', 'Elevation', 'Horizontal_Distance_To_Hydrology', 'Horizontal_Distance_To_Fire_Points', 'Slope', 'Soil_Type2', 'Soil_Type10', 'Hillshade_9am', 'Soil_Type1', 'Soil_Type6', 'Soil_Type4', 'Soil_Type3', 'Soil_Type17', 'Aspect', 'Soil_Type14', 'Soil_Type11', 'Vertical_Distance_To_Hydrology', 'Soil_Type5', 'Soil_Type16', 'Soil_Type32', 'Soil_Type13']"
843,lr_shap_list_ir_2,lr_shap_list_ir_2_subset_38,orderMean,"['Wilderness_Area4', 'Wilderness_Area3', 'Hillshade_3pm', 'Hillshade_Noon', 'Horizontal_Distance_To_Roadways', 'Elevation', 'Hillshade_9am', 'Horizontal_Distance_To_Fire_Points', 'Slope', 'Horizontal_Distance_To_Hydrology', 'Soil_Type10', 'Soil_Type2', 'Soil_Type4', 'Aspect', 'Soil_Type3', 'Soil_Type1', 'Soil_Type6', 'Soil_Type11', 'Soil_Type17', 'Vertical_Distance_To_Hydrology', 'Soil_Type5', 'Soil_Type16', 'Soil_Type14', 'Soil_Type32', 'Soil_Type13']"
844,lr_shap_list_ir_2,lr_shap_list_ir_2_subset_38,orderStd,"['Hillshade_3pm', 'Hillshade_Noon', 'Wilderness_Area4', 'Horizontal_Distance_To_Roadways', 'Elevation', 'Wilderness_Area3', 'Hillshade_9am', 'Horizontal_Distance_To_Fire_Points', 'Slope', 'Soil_Type2', 'Horizontal_Distance_To_Hydrology', 'Soil_Type3', 'Soil_Type1', 'Soil_Type17', 'Soil_Type6', 'Soil_Type10', 'Soil_Type4', 'Soil_Type14', 'Soil_Type5', 'Soil_Type16', 'Soil_Type11', 'Aspect', 'Vertical_Distance_To_Hydrology', 'Soil_Type32', 'Soil_Type13']"
845,lr_shap_list_ir_2,lr_shap_list_ir_2_subset_38,orderSum,"['Wilderness_Area4', 'Wilderness_Area3', 'Hillshade_3pm', 'Hillshade_Noon', 'Horizontal_Distance_To_Roadways', 'Elevation', 'Hillshade_9am', 'Horizontal_Distance_To_Fire_Points', 'Slope', 'Horizontal_Distance_To_Hydrology', 'Soil_Type10', 'Soil_Type2', 'Soil_Type4', 'Aspect', 'Soil_Type3', 'Soil_Type1', 'Soil_Type6', 'Soil_Type11', 'Soil_Type17', 'Vertical_Distance_To_Hydrology', 'Soil_Type5', 'Soil_Type16', 'Soil_Type14', 'Soil_Type32', 'Soil_Type13']"
846,lr_shap_list_ir_5,lr_shap_list_ir_5_subset_69,orderMean,"['Wilderness_Area4', 'Hillshade_3pm', 'Wilderness_Area3', 'Hillshade_Noon', 'Elevation', 'Horizontal_Distance_To_Roadways', 'Hillshade_9am', 'Horizontal_Distance_To_Hydrology', 'Slope', 'Horizontal_Distance_To_Fire_Points', 'Soil_Type10', 'Soil_Type3', 'Soil_Type2', 'Soil_Type17', 'Vertical_Distance_To_Hydrology', 'Soil_Type1', 'Soil_Type6', 'Aspect', 'Soil_Type4', 'Soil_Type5', 'Soil_Type14', 'Soil_Type11', 'Soil_Type16', 'Soil_Type32', 'Soil_Type13']"
847,lr_shap_list_ir_5,lr_shap_list_ir_5_subset_69,orderStd,"['Hillshade_3pm', 'Hillshade_Noon', 'Wilderness_Area4', 'Horizontal_Distance_To_Roadways', 'Wilderness_Area3', 'Elevation', 'Hillshade_9am', 'Horizontal_Distance_To_Hydrology', 'Horizontal_Distance_To_Fire_Points', 'Slope', 'Soil_Type1', 'Soil_Type17', 'Soil_Type2', 'Soil_Type3', 'Soil_Type14', 'Soil_Type5', 'Soil_Type11', 'Soil_Type16', 'Vertical_Distance_To_Hydrology', 'Soil_Type6', 'Soil_Type10', 'Soil_Type4', 'Aspect', 'Soil_Type32', 'Soil_Type13']"
848,lr_shap_list_ir_5,lr_shap_list_ir_5_subset_69,orderSum,"['Wilderness_Area4', 'Hillshade_3pm', 'Wilderness_Area3', 'Hillshade_Noon', 'Elevation', 'Horizontal_Distance_To_Roadways', 'Hillshade_9am', 'Horizontal_Distance_To_Hydrology', 'Slope', 'Horizontal_Distance_To_Fire_Points', 'Soil_Type10', 'Soil_Type3', 'Soil_Type2', 'Soil_Type17', 'Vertical_Distance_To_Hydrology', 'Soil_Type1', 'Soil_Type6', 'Aspect', 'Soil_Type4', 'Soil_Type5', 'Soil_Type14', 'Soil_Type11', 'Soil_Type16', 'Soil_Type32', 'Soil_Type13']"
849,lr_shap_list_ir_5,lr_shap_list_ir_5_subset_97,orderMean,"['Wilderness_Area4', 'Hillshade_3pm', 'Wilderness_Area3', 'Hillshade_Noon', 'Elevation', 'Horizontal_Distance_To_Roadways', 'Hillshade_9am', 'Slope', 'Horizontal_Distance_To_Hydrology', 'Horizontal_Distance_To_Fire_Points', 'Soil_Type10', 'Soil_Type3', 'Soil_Type2', 'Soil_Type1', 'Soil_Type17', 'Soil_Type14', 'Soil_Type4', 'Vertical_Distance_To_Hydrology', 'Soil_Type6', 'Aspect', 'Soil_Type5', 'Soil_Type11', 'Soil_Type16', 'Soil_Type32', 'Soil_Type13']"
850,lr_shap_list_ir_5,lr_shap_list_ir_5_subset_97,orderStd,"['Hillshade_3pm', 'Hillshade_Noon', 'Wilderness_Area4', 'Horizontal_Distance_To_Roadways', 'Elevation', 'Wilderness_Area3', 'Hillshade_9am', 'Slope', 'Horizontal_Distance_To_Hydrology', 'Horizontal_Distance_To_Fire_Points', 'Soil_Type17', 'Soil_Type1', 'Soil_Type3', 'Soil_Type14', 'Soil_Type2', 'Soil_Type6', 'Soil_Type16', 'Soil_Type10', 'Soil_Type5', 'Soil_Type4', 'Soil_Type11', 'Vertical_Distance_To_Hydrology', 'Aspect', 'Soil_Type32', 'Soil_Type13']"
851,lr_shap_list_ir_5,lr_shap_list_ir_5_subset_97,orderSum,"['Wilderness_Area4', 'Hillshade_3pm', 'Wilderness_Area3', 'Hillshade_Noon', 'Elevation', 'Horizontal_Distance_To_Roadways', 'Hillshade_9am', 'Slope', 'Horizontal_Distance_To_Hydrology', 'Horizontal_Distance_To_Fire_Points', 'Soil_Type10', 'Soil_Type3', 'Soil_Type2', 'Soil_Type1', 'Soil_Type17', 'Soil_Type14', 'Soil_Type4', 'Vertical_Distance_To_Hydrology', 'Soil_Type6', 'Aspect', 'Soil_Type5', 'Soil_Type11', 'Soil_Type16', 'Soil_Type32', 'Soil_Type13']"
852,lr_shap_list_ir_4,lr_shap_list_ir_4_subset_98,orderMean,"['Wilderness_Area4', 'Wilderness_Area3', 'Hillshade_3pm', 'Hillshade_Noon', 'Horizontal_Distance_To_Roadways', 'Elevation', 'Horizontal_Distance_To_Hydrology', 'Hillshade_9am', 'Horizontal_Distance_To_Fire_Points', 'Slope', 'Soil_Type10', 'Soil_Type4', 'Soil_Type3', 'Soil_Type1', 'Soil_Type6', 'Soil_Type2', 'Vertical_Distance_To_Hydrology', 'Soil_Type17', 'Aspect', 'Soil_Type5', 'Soil_Type14', 'Soil_Type11', 'Soil_Type16', 'Soil_Type32', 'Soil_Type13']"
853,lr_shap_list_ir_4,lr_shap_list_ir_4_subset_98,orderStd,"['Hillshade_3pm', 'Wilderness_Area4', 'Wilderness_Area3', 'Hillshade_Noon', 'Horizontal_Distance_To_Roadways', 'Elevation', 'Horizontal_Distance_To_Hydrology', 'Horizontal_Distance_To_Fire_Points', 'Hillshade_9am', 'Slope', 'Soil_Type1', 'Soil_Type3', 'Soil_Type17', 'Soil_Type14', 'Soil_Type5', 'Soil_Type4', 'Soil_Type6', 'Soil_Type2', 'Soil_Type16', 'Vertical_Distance_To_Hydrology', 'Soil_Type11', 'Soil_Type10', 'Aspect', 'Soil_Type32', 'Soil_Type13']"
854,lr_shap_list_ir_4,lr_shap_list_ir_4_subset_98,orderSum,"['Wilderness_Area4', 'Wilderness_Area3', 'Hillshade_3pm', 'Hillshade_Noon', 'Horizontal_Distance_To_Roadways', 'Elevation', 'Horizontal_Distance_To_Hydrology', 'Hillshade_9am', 'Horizontal_Distance_To_Fire_Points', 'Slope', 'Soil_Type10', 'Soil_Type4', 'Soil_Type3', 'Soil_Type1', 'Soil_Type6', 'Soil_Type2', 'Vertical_Distance_To_Hydrology', 'Soil_Type17', 'Aspect', 'Soil_Type5', 'Soil_Type14', 'Soil_Type11', 'Soil_Type16', 'Soil_Type32', 'Soil_Type13']"
855,lr_shap_list_ir_3,lr_shap_list_ir_3_subset_23,orderMean,"['Wilderness_Area4', 'Wilderness_Area3', 'Hillshade_3pm', 'Hillshade_Noon', 'Horizontal_Distance_To_Roadways', 'Elevation', 'Horizontal_Distance_To_Hydrology', 'Hillshade_9am', 'Slope', 'Horizontal_Distance_To_Fire_Points', 'Soil_Type10', 'Soil_Type2', 'Soil_Type1', 'Soil_Type4', 'Vertical_Distance_To_Hydrology', 'Soil_Type3', 'Soil_Type6', 'Aspect', 'Soil_Type11', 'Soil_Type17', 'Soil_Type5', 'Soil_Type14', 'Soil_Type16', 'Soil_Type32', 'Soil_Type13']"
856,lr_shap_list_ir_3,lr_shap_list_ir_3_subset_23,orderStd,"['Hillshade_3pm', 'Hillshade_Noon', 'Horizontal_Distance_To_Roadways', 'Elevation', 'Wilderness_Area4', 'Wilderness_Area3', 'Horizontal_Distance_To_Hydrology', 'Horizontal_Distance_To_Fire_Points', 'Hillshade_9am', 'Slope', 'Soil_Type1', 'Soil_Type2', 'Soil_Type5', 'Soil_Type17', 'Soil_Type3', 'Soil_Type10', 'Soil_Type14', 'Soil_Type4', 'Soil_Type6', 'Vertical_Distance_To_Hydrology', 'Soil_Type11', 'Soil_Type16', 'Aspect', 'Soil_Type32', 'Soil_Type13']"
857,lr_shap_list_ir_3,lr_shap_list_ir_3_subset_23,orderSum,"['Wilderness_Area4', 'Wilderness_Area3', 'Hillshade_3pm', 'Hillshade_Noon', 'Horizontal_Distance_To_Roadways', 'Elevation', 'Horizontal_Distance_To_Hydrology', 'Hillshade_9am', 'Slope', 'Horizontal_Distance_To_Fire_Points', 'Soil_Type10', 'Soil_Type2', 'Soil_Type1', 'Soil_Type4', 'Vertical_Distance_To_Hydrology', 'Soil_Type3', 'Soil_Type6', 'Aspect', 'Soil_Type11', 'Soil_Type17', 'Soil_Type5', 'Soil_Type14', 'Soil_Type16', 'Soil_Type32', 'Soil_Type13']"
858,lr_shap_list_ir_5,lr_shap_list_ir_5_subset_66,orderMean,"['Wilderness_Area4', 'Wilderness_Area3', 'Hillshade_3pm', 'Hillshade_Noon', 'Horizontal_Distance_To_Roadways', 'Elevation', 'Horizontal_Distance_To_Hydrology', 'Slope', 'Horizontal_Distance_To_Fire_Points', 'Soil_Type10', 'Soil_Type2', 'Soil_Type6', 'Soil_Type4', 'Hillshade_9am', 'Soil_Type3', 'Soil_Type1', 'Soil_Type14', 'Soil_Type17', 'Vertical_Distance_To_Hydrology', 'Soil_Type5', 'Aspect', 'Soil_Type11', 'Soil_Type16', 'Soil_Type32', 'Soil_Type13']"
859,lr_shap_list_ir_5,lr_shap_list_ir_5_subset_66,orderStd,"['Wilderness_Area4', 'Hillshade_3pm', 'Wilderness_Area3', 'Hillshade_Noon', 'Horizontal_Distance_To_Roadways', 'Elevation', 'Horizontal_Distance_To_Fire_Points', 'Horizontal_Distance_To_Hydrology', 'Slope', 'Soil_Type2', 'Soil_Type1', 'Soil_Type17', 'Soil_Type14', 'Soil_Type3', 'Soil_Type6', 'Soil_Type5', 'Soil_Type10', 'Soil_Type4', 'Hillshade_9am', 'Soil_Type16', 'Soil_Type11', 'Vertical_Distance_To_Hydrology', 'Aspect', 'Soil_Type32', 'Soil_Type13']"
860,lr_shap_list_ir_5,lr_shap_list_ir_5_subset_66,orderSum,"['Wilderness_Area4', 'Wilderness_Area3', 'Hillshade_3pm', 'Hillshade_Noon', 'Horizontal_Distance_To_Roadways', 'Elevation', 'Horizontal_Distance_To_Hydrology', 'Slope', 'Horizontal_Distance_To_Fire_Points', 'Soil_Type10', 'Soil_Type2', 'Soil_Type6', 'Soil_Type4', 'Hillshade_9am', 'Soil_Type3', 'Soil_Type1', 'Soil_Type14', 'Soil_Type17', 'Vertical_Distance_To_Hydrology', 'Soil_Type5', 'Aspect', 'Soil_Type11', 'Soil_Type16', 'Soil_Type32', 'Soil_Type13']"
861,lr_shap_list_ir_3,lr_shap_list_ir_3_subset_12,orderMean,"['Wilderness_Area4', 'Wilderness_Area3', 'Hillshade_3pm', 'Hillshade_Noon', 'Horizontal_Distance_To_Roadways', 'Hillshade_9am', 'Elevation', 'Horizontal_Distance_To_Hydrology', 'Slope', 'Horizontal_Distance_To_Fire_Points', 'Soil_Type10', 'Soil_Type4', 'Soil_Type2', 'Soil_Type1', 'Soil_Type6', 'Vertical_Distance_To_Hydrology', 'Soil_Type17', 'Aspect', 'Soil_Type3', 'Soil_Type11', 'Soil_Type5', 'Soil_Type14', 'Soil_Type16', 'Soil_Type32', 'Soil_Type13']"
862,lr_shap_list_ir_3,lr_shap_list_ir_3_subset_12,orderStd,"['Hillshade_3pm', 'Hillshade_Noon', 'Horizontal_Distance_To_Roadways', 'Hillshade_9am', 'Wilderness_Area4', 'Elevation', 'Wilderness_Area3', 'Horizontal_Distance_To_Fire_Points', 'Horizontal_Distance_To_Hydrology', 'Slope', 'Soil_Type1', 'Soil_Type17', 'Soil_Type2', 'Soil_Type14', 'Soil_Type11', 'Soil_Type10', 'Soil_Type3', 'Soil_Type6', 'Soil_Type5', 'Soil_Type16', 'Soil_Type4', 'Vertical_Distance_To_Hydrology', 'Aspect', 'Soil_Type32', 'Soil_Type13']"
863,lr_shap_list_ir_3,lr_shap_list_ir_3_subset_12,orderSum,"['Wilderness_Area4', 'Wilderness_Area3', 'Hillshade_3pm', 'Hillshade_Noon', 'Horizontal_Distance_To_Roadways', 'Hillshade_9am', 'Elevation', 'Horizontal_Distance_To_Hydrology', 'Slope', 'Horizontal_Distance_To_Fire_Points', 'Soil_Type10', 'Soil_Type4', 'Soil_Type2', 'Soil_Type1', 'Soil_Type6', 'Vertical_Distance_To_Hydrology', 'Soil_Type17', 'Aspect', 'Soil_Type3', 'Soil_Type11', 'Soil_Type5', 'Soil_Type14', 'Soil_Type16', 'Soil_Type32', 'Soil_Type13']"
864,lr_shap_list_ir_1,lr_shap_list_ir_1_subset_8,orderMean,"['Wilderness_Area3', 'Wilderness_Area4', 'Hillshade_Noon', 'Elevation', 'Horizontal_Distance_To_Roadways', 'Hillshade_3pm', 'Horizontal_Distance_To_Hydrology', 'Soil_Type11', 'Hillshade_9am', 'Horizontal_Distance_To_Fire_Points', 'Soil_Type10', 'Soil_Type3', 'Soil_Type1', 'Soil_Type6', 'Soil_Type2', 'Soil_Type4', 'Soil_Type17', 'Soil_Type5', 'Slope', 'Soil_Type16', 'Soil_Type14', 'Vertical_Distance_To_Hydrology', 'Aspect', 'Soil_Type32', 'Soil_Type13']"
865,lr_shap_list_ir_1,lr_shap_list_ir_1_subset_8,orderStd,"['Soil_Type11', 'Hillshade_Noon', 'Horizontal_Distance_To_Roadways', 'Elevation', 'Hillshade_3pm', 'Wilderness_Area3', 'Soil_Type1', 'Wilderness_Area4', 'Horizontal_Distance_To_Hydrology', 'Soil_Type3', 'Horizontal_Distance_To_Fire_Points', 'Soil_Type17', 'Hillshade_9am', 'Soil_Type16', 'Soil_Type5', 'Soil_Type14', 'Soil_Type10', 'Soil_Type6', 'Soil_Type2', 'Soil_Type4', 'Slope', 'Vertical_Distance_To_Hydrology', 'Soil_Type32', 'Aspect', 'Soil_Type13']"
866,lr_shap_list_ir_1,lr_shap_list_ir_1_subset_8,orderSum,"['Wilderness_Area3', 'Wilderness_Area4', 'Hillshade_Noon', 'Elevation', 'Horizontal_Distance_To_Roadways', 'Hillshade_3pm', 'Horizontal_Distance_To_Hydrology', 'Soil_Type11', 'Hillshade_9am', 'Horizontal_Distance_To_Fire_Points', 'Soil_Type10', 'Soil_Type3', 'Soil_Type1', 'Soil_Type6', 'Soil_Type2', 'Soil_Type4', 'Soil_Type17', 'Soil_Type5', 'Slope', 'Soil_Type16', 'Soil_Type14', 'Vertical_Distance_To_Hydrology', 'Aspect', 'Soil_Type32', 'Soil_Type13']"
867,lr_shap_list_ir_3,lr_shap_list_ir_3_subset_25,orderMean,"['Wilderness_Area4', 'Wilderness_Area3', 'Hillshade_3pm', 'Hillshade_Noon', 'Elevation', 'Horizontal_Distance_To_Roadways', 'Horizontal_Distance_To_Hydrology', 'Hillshade_9am', 'Horizontal_Distance_To_Fire_Points', 'Slope', 'Soil_Type10', 'Soil_Type2', 'Soil_Type1', 'Soil_Type3', 'Aspect', 'Soil_Type6', 'Soil_Type4', 'Soil_Type11', 'Vertical_Distance_To_Hydrology', 'Soil_Type17', 'Soil_Type14', 'Soil_Type5', 'Soil_Type16', 'Soil_Type32', 'Soil_Type13']"
868,lr_shap_list_ir_3,lr_shap_list_ir_3_subset_25,orderStd,"['Hillshade_3pm', 'Hillshade_Noon', 'Wilderness_Area4', 'Wilderness_Area3', 'Horizontal_Distance_To_Roadways', 'Elevation', 'Soil_Type1', 'Horizontal_Distance_To_Hydrology', 'Horizontal_Distance_To_Fire_Points', 'Hillshade_9am', 'Soil_Type2', 'Slope', 'Soil_Type3', 'Soil_Type17', 'Soil_Type14', 'Soil_Type6', 'Soil_Type10', 'Soil_Type5', 'Soil_Type11', 'Aspect', 'Soil_Type4', 'Soil_Type16', 'Vertical_Distance_To_Hydrology', 'Soil_Type32', 'Soil_Type13']"
869,lr_shap_list_ir_3,lr_shap_list_ir_3_subset_25,orderSum,"['Wilderness_Area4', 'Wilderness_Area3', 'Hillshade_3pm', 'Hillshade_Noon', 'Elevation', 'Horizontal_Distance_To_Roadways', 'Horizontal_Distance_To_Hydrology', 'Hillshade_9am', 'Horizontal_Distance_To_Fire_Points', 'Slope', 'Soil_Type10', 'Soil_Type2', 'Soil_Type1', 'Soil_Type3', 'Aspect', 'Soil_Type6', 'Soil_Type4', 'Soil_Type11', 'Vertical_Distance_To_Hydrology', 'Soil_Type17', 'Soil_Type14', 'Soil_Type5', 'Soil_Type16', 'Soil_Type32', 'Soil_Type13']"
870,lr_shap_list_ir_4,lr_shap_list_ir_4_subset_52,orderMean,"['Wilderness_Area4', 'Wilderness_Area3', 'Hillshade_3pm', 'Hillshade_Noon', 'Horizontal_Distance_To_Roadways', 'Elevation', 'Horizontal_Distance_To_Hydrology', 'Slope', 'Horizontal_Distance_To_Fire_Points', 'Soil_Type10', 'Hillshade_9am', 'Soil_Type4', 'Soil_Type3', 'Soil_Type2', 'Soil_Type6', 'Vertical_Distance_To_Hydrology', 'Aspect', 'Soil_Type5', 'Soil_Type1', 'Soil_Type17', 'Soil_Type14', 'Soil_Type11', 'Soil_Type16', 'Soil_Type32', 'Soil_Type13']"
871,lr_shap_list_ir_4,lr_shap_list_ir_4_subset_52,orderStd,"['Hillshade_3pm', 'Hillshade_Noon', 'Horizontal_Distance_To_Roadways', 'Wilderness_Area4', 'Wilderness_Area3', 'Elevation', 'Horizontal_Distance_To_Hydrology', 'Horizontal_Distance_To_Fire_Points', 'Slope', 'Soil_Type1', 'Soil_Type2', 'Soil_Type3', 'Soil_Type14', 'Hillshade_9am', 'Soil_Type17', 'Soil_Type6', 'Soil_Type4', 'Soil_Type5', 'Soil_Type10', 'Soil_Type11', 'Soil_Type16', 'Vertical_Distance_To_Hydrology', 'Aspect', 'Soil_Type32', 'Soil_Type13']"
872,lr_shap_list_ir_4,lr_shap_list_ir_4_subset_52,orderSum,"['Wilderness_Area4', 'Wilderness_Area3', 'Hillshade_3pm', 'Hillshade_Noon', 'Horizontal_Distance_To_Roadways', 'Elevation', 'Horizontal_Distance_To_Hydrology', 'Slope', 'Horizontal_Distance_To_Fire_Points', 'Soil_Type10', 'Hillshade_9am', 'Soil_Type4', 'Soil_Type3', 'Soil_Type2', 'Soil_Type6', 'Vertical_Distance_To_Hydrology', 'Aspect', 'Soil_Type5', 'Soil_Type1', 'Soil_Type17', 'Soil_Type14', 'Soil_Type11', 'Soil_Type16', 'Soil_Type32', 'Soil_Type13']"
873,lr_shap_list_ir_3,lr_shap_list_ir_3_subset_87,orderMean,"['Wilderness_Area4', 'Wilderness_Area3', 'Hillshade_3pm', 'Hillshade_Noon', 'Horizontal_Distance_To_Roadways', 'Elevation', 'Horizontal_Distance_To_Hydrology', 'Slope', 'Horizontal_Distance_To_Fire_Points', 'Soil_Type10', 'Soil_Type4', 'Soil_Type2', 'Soil_Type1', 'Soil_Type3', 'Soil_Type6', 'Vertical_Distance_To_Hydrology', 'Hillshade_9am', 'Aspect', 'Soil_Type17', 'Soil_Type14', 'Soil_Type5', 'Soil_Type11', 'Soil_Type16', 'Soil_Type32', 'Soil_Type13']"
874,lr_shap_list_ir_3,lr_shap_list_ir_3_subset_87,orderStd,"['Wilderness_Area4', 'Wilderness_Area3', 'Hillshade_3pm', 'Hillshade_Noon', 'Horizontal_Distance_To_Roadways', 'Elevation', 'Horizontal_Distance_To_Hydrology', 'Soil_Type1', 'Slope', 'Horizontal_Distance_To_Fire_Points', 'Soil_Type2', 'Soil_Type17', 'Soil_Type5', 'Soil_Type14', 'Soil_Type6', 'Soil_Type3', 'Soil_Type4', 'Soil_Type10', 'Soil_Type16', 'Soil_Type11', 'Vertical_Distance_To_Hydrology', 'Hillshade_9am', 'Aspect', 'Soil_Type32', 'Soil_Type13']"
875,lr_shap_list_ir_3,lr_shap_list_ir_3_subset_87,orderSum,"['Wilderness_Area4', 'Wilderness_Area3', 'Hillshade_3pm', 'Hillshade_Noon', 'Horizontal_Distance_To_Roadways', 'Elevation', 'Horizontal_Distance_To_Hydrology', 'Slope', 'Horizontal_Distance_To_Fire_Points', 'Soil_Type10', 'Soil_Type4', 'Soil_Type2', 'Soil_Type1', 'Soil_Type3', 'Soil_Type6', 'Vertical_Distance_To_Hydrology', 'Hillshade_9am', 'Aspect', 'Soil_Type17', 'Soil_Type14', 'Soil_Type5', 'Soil_Type11', 'Soil_Type16', 'Soil_Type32', 'Soil_Type13']"
876,lr_shap_list_ir_3,lr_shap_list_ir_3_subset_11,orderMean,"['Wilderness_Area4', 'Wilderness_Area3', 'Hillshade_3pm', 'Hillshade_Noon', 'Elevation', 'Horizontal_Distance_To_Roadways', 'Horizontal_Distance_To_Hydrology', 'Horizontal_Distance_To_Fire_Points', 'Slope', 'Soil_Type10', 'Soil_Type2', 'Soil_Type1', 'Soil_Type4', 'Vertical_Distance_To_Hydrology', 'Soil_Type3', 'Soil_Type6', 'Hillshade_9am', 'Soil_Type17', 'Soil_Type5', 'Aspect', 'Soil_Type14', 'Soil_Type11', 'Soil_Type16', 'Soil_Type32', 'Soil_Type13']"
877,lr_shap_list_ir_3,lr_shap_list_ir_3_subset_11,orderStd,"['Hillshade_3pm', 'Hillshade_Noon', 'Elevation', 'Horizontal_Distance_To_Roadways', 'Horizontal_Distance_To_Hydrology', 'Wilderness_Area4', 'Wilderness_Area3', 'Horizontal_Distance_To_Fire_Points', 'Soil_Type1', 'Slope', 'Soil_Type2', 'Soil_Type3', 'Soil_Type17', 'Soil_Type6', 'Soil_Type5', 'Soil_Type14', 'Soil_Type10', 'Vertical_Distance_To_Hydrology', 'Soil_Type4', 'Soil_Type16', 'Soil_Type11', 'Hillshade_9am', 'Aspect', 'Soil_Type32', 'Soil_Type13']"
878,lr_shap_list_ir_3,lr_shap_list_ir_3_subset_11,orderSum,"['Wilderness_Area4', 'Wilderness_Area3', 'Hillshade_3pm', 'Hillshade_Noon', 'Elevation', 'Horizontal_Distance_To_Roadways', 'Horizontal_Distance_To_Hydrology', 'Horizontal_Distance_To_Fire_Points', 'Slope', 'Soil_Type10', 'Soil_Type2', 'Soil_Type1', 'Soil_Type4', 'Vertical_Distance_To_Hydrology', 'Soil_Type3', 'Soil_Type6', 'Hillshade_9am', 'Soil_Type17', 'Soil_Type5', 'Aspect', 'Soil_Type14', 'Soil_Type11', 'Soil_Type16', 'Soil_Type32', 'Soil_Type13']"
879,lr_shap_list_ir_4,lr_shap_list_ir_4_subset_82,orderMean,"['Wilderness_Area4', 'Hillshade_3pm', 'Wilderness_Area3', 'Hillshade_Noon', 'Horizontal_Distance_To_Roadways', 'Elevation', 'Hillshade_9am', 'Horizontal_Distance_To_Hydrology', 'Slope', 'Horizontal_Distance_To_Fire_Points', 'Soil_Type10', 'Soil_Type3', 'Soil_Type1', 'Soil_Type17', 'Soil_Type2', 'Soil_Type6', 'Soil_Type4', 'Vertical_Distance_To_Hydrology', 'Soil_Type5', 'Soil_Type11', 'Aspect', 'Soil_Type14', 'Soil_Type16', 'Soil_Type32', 'Soil_Type13']"
880,lr_shap_list_ir_4,lr_shap_list_ir_4_subset_82,orderStd,"['Hillshade_3pm', 'Hillshade_Noon', 'Wilderness_Area4', 'Horizontal_Distance_To_Roadways', 'Wilderness_Area3', 'Elevation', 'Hillshade_9am', 'Horizontal_Distance_To_Hydrology', 'Slope', 'Horizontal_Distance_To_Fire_Points', 'Soil_Type3', 'Soil_Type1', 'Soil_Type14', 'Soil_Type17', 'Soil_Type2', 'Soil_Type5', 'Soil_Type6', 'Soil_Type16', 'Soil_Type11', 'Soil_Type10', 'Soil_Type4', 'Vertical_Distance_To_Hydrology', 'Aspect', 'Soil_Type32', 'Soil_Type13']"
881,lr_shap_list_ir_4,lr_shap_list_ir_4_subset_82,orderSum,"['Wilderness_Area4', 'Hillshade_3pm', 'Wilderness_Area3', 'Hillshade_Noon', 'Horizontal_Distance_To_Roadways', 'Elevation', 'Hillshade_9am', 'Horizontal_Distance_To_Hydrology', 'Slope', 'Horizontal_Distance_To_Fire_Points', 'Soil_Type10', 'Soil_Type3', 'Soil_Type1', 'Soil_Type17', 'Soil_Type2', 'Soil_Type6', 'Soil_Type4', 'Vertical_Distance_To_Hydrology', 'Soil_Type5', 'Soil_Type11', 'Aspect', 'Soil_Type14', 'Soil_Type16', 'Soil_Type32', 'Soil_Type13']"
882,lr_shap_list_ir_2,lr_shap_list_ir_2_subset_41,orderMean,"['Wilderness_Area4', 'Hillshade_3pm', 'Wilderness_Area3', 'Hillshade_Noon', 'Hillshade_9am', 'Elevation', 'Horizontal_Distance_To_Roadways', 'Horizontal_Distance_To_Hydrology', 'Horizontal_Distance_To_Fire_Points', 'Slope', 'Aspect', 'Soil_Type1', 'Soil_Type2', 'Soil_Type10', 'Soil_Type3', 'Soil_Type4', 'Soil_Type6', 'Soil_Type11', 'Soil_Type17', 'Soil_Type5', 'Vertical_Distance_To_Hydrology', 'Soil_Type14', 'Soil_Type16', 'Soil_Type32', 'Soil_Type13']"
883,lr_shap_list_ir_2,lr_shap_list_ir_2_subset_41,orderStd,"['Hillshade_3pm', 'Hillshade_Noon', 'Wilderness_Area4', 'Hillshade_9am', 'Horizontal_Distance_To_Roadways', 'Elevation', 'Wilderness_Area3', 'Soil_Type1', 'Horizontal_Distance_To_Fire_Points', 'Horizontal_Distance_To_Hydrology', 'Slope', 'Soil_Type3', 'Soil_Type2', 'Soil_Type14', 'Soil_Type17', 'Soil_Type11', 'Aspect', 'Soil_Type5', 'Soil_Type6', 'Soil_Type4', 'Soil_Type10', 'Soil_Type16', 'Vertical_Distance_To_Hydrology', 'Soil_Type32', 'Soil_Type13']"
884,lr_shap_list_ir_2,lr_shap_list_ir_2_subset_41,orderSum,"['Wilderness_Area4', 'Hillshade_3pm', 'Wilderness_Area3', 'Hillshade_Noon', 'Hillshade_9am', 'Elevation', 'Horizontal_Distance_To_Roadways', 'Horizontal_Distance_To_Hydrology', 'Horizontal_Distance_To_Fire_Points', 'Slope', 'Aspect', 'Soil_Type1', 'Soil_Type2', 'Soil_Type10', 'Soil_Type3', 'Soil_Type4', 'Soil_Type6', 'Soil_Type11', 'Soil_Type17', 'Soil_Type5', 'Vertical_Distance_To_Hydrology', 'Soil_Type14', 'Soil_Type16', 'Soil_Type32', 'Soil_Type13']"
885,lr_shap_list_ir_3,lr_shap_list_ir_3_subset_49,orderMean,"['Wilderness_Area4', 'Wilderness_Area3', 'Hillshade_3pm', 'Hillshade_Noon', 'Horizontal_Distance_To_Roadways', 'Elevation', 'Horizontal_Distance_To_Hydrology', 'Horizontal_Distance_To_Fire_Points', 'Slope', 'Hillshade_9am', 'Soil_Type10', 'Soil_Type2', 'Soil_Type4', 'Soil_Type3', 'Soil_Type1', 'Soil_Type6', 'Aspect', 'Vertical_Distance_To_Hydrology', 'Soil_Type5', 'Soil_Type14', 'Soil_Type17', 'Soil_Type11', 'Soil_Type16', 'Soil_Type32', 'Soil_Type13']"
886,lr_shap_list_ir_3,lr_shap_list_ir_3_subset_49,orderStd,"['Hillshade_3pm', 'Wilderness_Area4', 'Hillshade_Noon', 'Wilderness_Area3', 'Horizontal_Distance_To_Roadways', 'Elevation', 'Horizontal_Distance_To_Hydrology', 'Horizontal_Distance_To_Fire_Points', 'Slope', 'Soil_Type10', 'Hillshade_9am', 'Soil_Type1', 'Soil_Type2', 'Soil_Type17', 'Soil_Type5', 'Soil_Type3', 'Soil_Type14', 'Soil_Type6', 'Soil_Type4', 'Soil_Type11', 'Soil_Type16', 'Vertical_Distance_To_Hydrology', 'Aspect', 'Soil_Type32', 'Soil_Type13']"
887,lr_shap_list_ir_3,lr_shap_list_ir_3_subset_49,orderSum,"['Wilderness_Area4', 'Wilderness_Area3', 'Hillshade_3pm', 'Hillshade_Noon', 'Horizontal_Distance_To_Roadways', 'Elevation', 'Horizontal_Distance_To_Hydrology', 'Horizontal_Distance_To_Fire_Points', 'Slope', 'Hillshade_9am', 'Soil_Type10', 'Soil_Type2', 'Soil_Type4', 'Soil_Type3', 'Soil_Type1', 'Soil_Type6', 'Aspect', 'Vertical_Distance_To_Hydrology', 'Soil_Type5', 'Soil_Type14', 'Soil_Type17', 'Soil_Type11', 'Soil_Type16', 'Soil_Type32', 'Soil_Type13']"
888,lr_shap_list_ir_3,lr_shap_list_ir_3_subset_5,orderMean,"['Wilderness_Area3', 'Wilderness_Area4', 'Hillshade_Noon', 'Horizontal_Distance_To_Roadways', 'Elevation', 'Hillshade_3pm', 'Horizontal_Distance_To_Hydrology', 'Horizontal_Distance_To_Fire_Points', 'Soil_Type10', 'Hillshade_9am', 'Soil_Type2', 'Soil_Type6', 'Slope', 'Soil_Type1', 'Soil_Type4', 'Aspect', 'Soil_Type3', 'Soil_Type5', 'Soil_Type17', 'Vertical_Distance_To_Hydrology', 'Soil_Type16', 'Soil_Type14', 'Soil_Type11', 'Soil_Type32', 'Soil_Type13']"
889,lr_shap_list_ir_3,lr_shap_list_ir_3_subset_5,orderStd,"['Wilderness_Area3', 'Wilderness_Area4', 'Horizontal_Distance_To_Roadways', 'Hillshade_Noon', 'Elevation', 'Hillshade_3pm', 'Soil_Type1', 'Horizontal_Distance_To_Fire_Points', 'Horizontal_Distance_To_Hydrology', 'Soil_Type2', 'Hillshade_9am', 'Soil_Type10', 'Soil_Type17', 'Soil_Type5', 'Soil_Type6', 'Soil_Type4', 'Soil_Type14', 'Soil_Type3', 'Slope', 'Soil_Type16', 'Aspect', 'Vertical_Distance_To_Hydrology', 'Soil_Type32', 'Soil_Type11', 'Soil_Type13']"
890,lr_shap_list_ir_3,lr_shap_list_ir_3_subset_5,orderSum,"['Wilderness_Area3', 'Wilderness_Area4', 'Hillshade_Noon', 'Horizontal_Distance_To_Roadways', 'Elevation', 'Hillshade_3pm', 'Horizontal_Distance_To_Hydrology', 'Horizontal_Distance_To_Fire_Points', 'Soil_Type10', 'Hillshade_9am', 'Soil_Type2', 'Soil_Type6', 'Slope', 'Soil_Type1', 'Soil_Type4', 'Aspect', 'Soil_Type3', 'Soil_Type5', 'Soil_Type17', 'Vertical_Distance_To_Hydrology', 'Soil_Type16', 'Soil_Type14', 'Soil_Type11', 'Soil_Type32', 'Soil_Type13']"
891,lr_shap_list_ir_5,lr_shap_list_ir_5_subset_1,orderMean,"['Wilderness_Area4', 'Wilderness_Area3', 'Hillshade_3pm', 'Hillshade_Noon', 'Elevation', 'Horizontal_Distance_To_Roadways', 'Horizontal_Distance_To_Hydrology', 'Horizontal_Distance_To_Fire_Points', 'Slope', 'Hillshade_9am', 'Soil_Type10', 'Soil_Type2', 'Soil_Type4', 'Soil_Type3', 'Soil_Type6', 'Soil_Type1', 'Soil_Type17', 'Soil_Type11', 'Aspect', 'Vertical_Distance_To_Hydrology', 'Soil_Type5', 'Soil_Type14', 'Soil_Type16', 'Soil_Type32', 'Soil_Type13']"
892,lr_shap_list_ir_5,lr_shap_list_ir_5_subset_1,orderStd,"['Hillshade_3pm', 'Hillshade_Noon', 'Wilderness_Area4', 'Horizontal_Distance_To_Roadways', 'Wilderness_Area3', 'Elevation', 'Horizontal_Distance_To_Hydrology', 'Horizontal_Distance_To_Fire_Points', 'Slope', 'Soil_Type1', 'Soil_Type2', 'Hillshade_9am', 'Soil_Type14', 'Soil_Type17', 'Soil_Type3', 'Soil_Type6', 'Soil_Type10', 'Soil_Type4', 'Soil_Type5', 'Soil_Type16', 'Soil_Type11', 'Aspect', 'Vertical_Distance_To_Hydrology', 'Soil_Type32', 'Soil_Type13']"
893,lr_shap_list_ir_5,lr_shap_list_ir_5_subset_1,orderSum,"['Wilderness_Area4', 'Wilderness_Area3', 'Hillshade_3pm', 'Hillshade_Noon', 'Elevation', 'Horizontal_Distance_To_Roadways', 'Horizontal_Distance_To_Hydrology', 'Horizontal_Distance_To_Fire_Points', 'Slope', 'Hillshade_9am', 'Soil_Type10', 'Soil_Type2', 'Soil_Type4', 'Soil_Type3', 'Soil_Type6', 'Soil_Type1', 'Soil_Type17', 'Soil_Type11', 'Aspect', 'Vertical_Distance_To_Hydrology', 'Soil_Type5', 'Soil_Type14', 'Soil_Type16', 'Soil_Type32', 'Soil_Type13']"
894,lr_shap_list_ir_2,lr_shap_list_ir_2_subset_40,orderMean,"['Wilderness_Area3', 'Wilderness_Area4', 'Hillshade_3pm', 'Horizontal_Distance_To_Roadways', 'Hillshade_Noon', 'Elevation', 'Horizontal_Distance_To_Hydrology', 'Slope', 'Soil_Type10', 'Horizontal_Distance_To_Fire_Points', 'Soil_Type2', 'Soil_Type6', 'Soil_Type1', 'Soil_Type3', 'Vertical_Distance_To_Hydrology', 'Soil_Type4', 'Soil_Type5', 'Soil_Type17', 'Hillshade_9am', 'Aspect', 'Soil_Type14', 'Soil_Type11', 'Soil_Type16', 'Soil_Type32', 'Soil_Type13']"
895,lr_shap_list_ir_2,lr_shap_list_ir_2_subset_40,orderStd,"['Horizontal_Distance_To_Roadways', 'Hillshade_Noon', 'Hillshade_3pm', 'Wilderness_Area3', 'Wilderness_Area4', 'Elevation', 'Horizontal_Distance_To_Hydrology', 'Slope', 'Horizontal_Distance_To_Fire_Points', 'Soil_Type3', 'Soil_Type2', 'Soil_Type1', 'Soil_Type6', 'Soil_Type10', 'Soil_Type14', 'Soil_Type17', 'Vertical_Distance_To_Hydrology', 'Soil_Type5', 'Soil_Type4', 'Soil_Type16', 'Hillshade_9am', 'Soil_Type11', 'Aspect', 'Soil_Type32', 'Soil_Type13']"
896,lr_shap_list_ir_2,lr_shap_list_ir_2_subset_40,orderSum,"['Wilderness_Area3', 'Wilderness_Area4', 'Hillshade_3pm', 'Horizontal_Distance_To_Roadways', 'Hillshade_Noon', 'Elevation', 'Horizontal_Distance_To_Hydrology', 'Slope', 'Soil_Type10', 'Horizontal_Distance_To_Fire_Points', 'Soil_Type2', 'Soil_Type6', 'Soil_Type1', 'Soil_Type3', 'Vertical_Distance_To_Hydrology', 'Soil_Type4', 'Soil_Type5', 'Soil_Type17', 'Hillshade_9am', 'Aspect', 'Soil_Type14', 'Soil_Type11', 'Soil_Type16', 'Soil_Type32', 'Soil_Type13']"
897,lr_shap_list_ir_1,lr_shap_list_ir_1_subset_58,orderMean,"['Wilderness_Area4', 'Hillshade_3pm', 'Wilderness_Area3', 'Hillshade_Noon', 'Elevation', 'Hillshade_9am', 'Horizontal_Distance_To_Roadways', 'Horizontal_Distance_To_Fire_Points', 'Slope', 'Horizontal_Distance_To_Hydrology', 'Aspect', 'Soil_Type2', 'Soil_Type3', 'Soil_Type1', 'Soil_Type10', 'Vertical_Distance_To_Hydrology', 'Soil_Type4', 'Soil_Type11', 'Soil_Type6', 'Soil_Type14', 'Soil_Type17', 'Soil_Type5', 'Soil_Type16', 'Soil_Type32', 'Soil_Type13']"
898,lr_shap_list_ir_1,lr_shap_list_ir_1_subset_58,orderStd,"['Hillshade_3pm', 'Hillshade_Noon', 'Wilderness_Area4', 'Elevation', 'Horizontal_Distance_To_Roadways', 'Hillshade_9am', 'Horizontal_Distance_To_Fire_Points', 'Wilderness_Area3', 'Slope', 'Soil_Type1', 'Horizontal_Distance_To_Hydrology', 'Soil_Type3', 'Soil_Type11', 'Soil_Type2', 'Soil_Type14', 'Aspect', 'Soil_Type17', 'Soil_Type16', 'Soil_Type4', 'Soil_Type6', 'Vertical_Distance_To_Hydrology', 'Soil_Type5', 'Soil_Type10', 'Soil_Type32', 'Soil_Type13']"
899,lr_shap_list_ir_1,lr_shap_list_ir_1_subset_58,orderSum,"['Wilderness_Area4', 'Hillshade_3pm', 'Wilderness_Area3', 'Hillshade_Noon', 'Elevation', 'Hillshade_9am', 'Horizontal_Distance_To_Roadways', 'Horizontal_Distance_To_Fire_Points', 'Slope', 'Horizontal_Distance_To_Hydrology', 'Aspect', 'Soil_Type2', 'Soil_Type3', 'Soil_Type1', 'Soil_Type10', 'Vertical_Distance_To_Hydrology', 'Soil_Type4', 'Soil_Type11', 'Soil_Type6', 'Soil_Type14', 'Soil_Type17', 'Soil_Type5', 'Soil_Type16', 'Soil_Type32', 'Soil_Type13']"
900,lr_shap_list_ir_4,lr_shap_list_ir_4_subset_30,orderMean,"['Wilderness_Area3', 'Wilderness_Area4', 'Horizontal_Distance_To_Roadways', 'Elevation', 'Hillshade_Noon', 'Hillshade_3pm', 'Horizontal_Distance_To_Hydrology', 'Soil_Type10', 'Horizontal_Distance_To_Fire_Points', 'Hillshade_9am', 'Slope', 'Soil_Type6', 'Soil_Type2', 'Soil_Type1', 'Soil_Type4', 'Soil_Type3', 'Vertical_Distance_To_Hydrology', 'Soil_Type17', 'Aspect', 'Soil_Type5', 'Soil_Type11', 'Soil_Type14', 'Soil_Type16', 'Soil_Type32', 'Soil_Type13']"
901,lr_shap_list_ir_4,lr_shap_list_ir_4_subset_30,orderStd,"['Wilderness_Area3', 'Wilderness_Area4', 'Horizontal_Distance_To_Roadways', 'Elevation', 'Hillshade_Noon', 'Hillshade_3pm', 'Horizontal_Distance_To_Hydrology', 'Soil_Type2', 'Horizontal_Distance_To_Fire_Points', 'Soil_Type1', 'Hillshade_9am', 'Slope', 'Soil_Type17', 'Soil_Type10', 'Soil_Type6', 'Soil_Type3', 'Soil_Type14', 'Soil_Type4', 'Soil_Type5', 'Soil_Type16', 'Soil_Type11', 'Vertical_Distance_To_Hydrology', 'Aspect', 'Soil_Type32', 'Soil_Type13']"
902,lr_shap_list_ir_4,lr_shap_list_ir_4_subset_30,orderSum,"['Wilderness_Area3', 'Wilderness_Area4', 'Horizontal_Distance_To_Roadways', 'Elevation', 'Hillshade_Noon', 'Hillshade_3pm', 'Horizontal_Distance_To_Hydrology', 'Soil_Type10', 'Horizontal_Distance_To_Fire_Points', 'Hillshade_9am', 'Slope', 'Soil_Type6', 'Soil_Type2', 'Soil_Type1', 'Soil_Type4', 'Soil_Type3', 'Vertical_Distance_To_Hydrology', 'Soil_Type17', 'Aspect', 'Soil_Type5', 'Soil_Type11', 'Soil_Type14', 'Soil_Type16', 'Soil_Type32', 'Soil_Type13']"
903,lr_shap_list_ir_3,lr_shap_list_ir_3_subset_8,orderMean,"['Wilderness_Area4', 'Wilderness_Area3', 'Hillshade_3pm', 'Hillshade_Noon', 'Horizontal_Distance_To_Roadways', 'Elevation', 'Hillshade_9am', 'Horizontal_Distance_To_Hydrology', 'Slope', 'Horizontal_Distance_To_Fire_Points', 'Soil_Type2', 'Soil_Type10', 'Soil_Type4', 'Aspect', 'Soil_Type1', 'Vertical_Distance_To_Hydrology', 'Soil_Type3', 'Soil_Type6', 'Soil_Type17', 'Soil_Type5', 'Soil_Type11', 'Soil_Type14', 'Soil_Type16', 'Soil_Type32', 'Soil_Type13']"
904,lr_shap_list_ir_3,lr_shap_list_ir_3_subset_8,orderStd,"['Hillshade_3pm', 'Hillshade_Noon', 'Horizontal_Distance_To_Roadways', 'Elevation', 'Wilderness_Area4', 'Wilderness_Area3', 'Hillshade_9am', 'Horizontal_Distance_To_Fire_Points', 'Horizontal_Distance_To_Hydrology', 'Slope', 'Soil_Type1', 'Soil_Type2', 'Soil_Type17', 'Soil_Type6', 'Soil_Type14', 'Soil_Type5', 'Soil_Type3', 'Soil_Type11', 'Soil_Type4', 'Vertical_Distance_To_Hydrology', 'Aspect', 'Soil_Type10', 'Soil_Type16', 'Soil_Type32', 'Soil_Type13']"
905,lr_shap_list_ir_3,lr_shap_list_ir_3_subset_8,orderSum,"['Wilderness_Area4', 'Wilderness_Area3', 'Hillshade_3pm', 'Hillshade_Noon', 'Horizontal_Distance_To_Roadways', 'Elevation', 'Hillshade_9am', 'Horizontal_Distance_To_Hydrology', 'Slope', 'Horizontal_Distance_To_Fire_Points', 'Soil_Type2', 'Soil_Type10', 'Soil_Type4', 'Aspect', 'Soil_Type1', 'Vertical_Distance_To_Hydrology', 'Soil_Type3', 'Soil_Type6', 'Soil_Type17', 'Soil_Type5', 'Soil_Type11', 'Soil_Type14', 'Soil_Type16', 'Soil_Type32', 'Soil_Type13']"
906,lr_shap_list_ir_4,lr_shap_list_ir_4_subset_95,orderMean,"['Wilderness_Area4', 'Wilderness_Area3', 'Hillshade_3pm', 'Hillshade_Noon', 'Horizontal_Distance_To_Roadways', 'Elevation', 'Horizontal_Distance_To_Hydrology', 'Horizontal_Distance_To_Fire_Points', 'Slope', 'Soil_Type10', 'Soil_Type1', 'Soil_Type2', 'Soil_Type6', 'Vertical_Distance_To_Hydrology', 'Soil_Type4', 'Hillshade_9am', 'Soil_Type17', 'Soil_Type3', 'Aspect', 'Soil_Type11', 'Soil_Type5', 'Soil_Type14', 'Soil_Type16', 'Soil_Type32', 'Soil_Type13']"
907,lr_shap_list_ir_4,lr_shap_list_ir_4_subset_95,orderStd,"['Hillshade_3pm', 'Wilderness_Area4', 'Hillshade_Noon', 'Wilderness_Area3', 'Horizontal_Distance_To_Roadways', 'Elevation', 'Horizontal_Distance_To_Hydrology', 'Horizontal_Distance_To_Fire_Points', 'Slope', 'Soil_Type17', 'Soil_Type2', 'Soil_Type1', 'Soil_Type6', 'Soil_Type14', 'Soil_Type3', 'Soil_Type4', 'Vertical_Distance_To_Hydrology', 'Soil_Type10', 'Soil_Type5', 'Soil_Type11', 'Soil_Type16', 'Hillshade_9am', 'Aspect', 'Soil_Type32', 'Soil_Type13']"
908,lr_shap_list_ir_4,lr_shap_list_ir_4_subset_95,orderSum,"['Wilderness_Area4', 'Wilderness_Area3', 'Hillshade_3pm', 'Hillshade_Noon', 'Horizontal_Distance_To_Roadways', 'Elevation', 'Horizontal_Distance_To_Hydrology', 'Horizontal_Distance_To_Fire_Points', 'Slope', 'Soil_Type10', 'Soil_Type1', 'Soil_Type2', 'Soil_Type6', 'Vertical_Distance_To_Hydrology', 'Soil_Type4', 'Hillshade_9am', 'Soil_Type17', 'Soil_Type3', 'Aspect', 'Soil_Type11', 'Soil_Type5', 'Soil_Type14', 'Soil_Type16', 'Soil_Type32', 'Soil_Type13']"
909,lr_shap_list_ir_5,lr_shap_list_ir_5_subset_16,orderMean,"['Wilderness_Area4', 'Wilderness_Area3', 'Hillshade_3pm', 'Hillshade_Noon', 'Elevation', 'Horizontal_Distance_To_Roadways', 'Horizontal_Distance_To_Hydrology', 'Horizontal_Distance_To_Fire_Points', 'Slope', 'Soil_Type10', 'Soil_Type4', 'Soil_Type2', 'Soil_Type6', 'Soil_Type3', 'Vertical_Distance_To_Hydrology', 'Soil_Type17', 'Soil_Type1', 'Hillshade_9am', 'Soil_Type14', 'Aspect', 'Soil_Type11', 'Soil_Type5', 'Soil_Type16', 'Soil_Type32', 'Soil_Type13']"
910,lr_shap_list_ir_5,lr_shap_list_ir_5_subset_16,orderStd,"['Wilderness_Area4', 'Wilderness_Area3', 'Hillshade_3pm', 'Hillshade_Noon', 'Horizontal_Distance_To_Roadways', 'Elevation', 'Horizontal_Distance_To_Hydrology', 'Horizontal_Distance_To_Fire_Points', 'Soil_Type1', 'Slope', 'Soil_Type17', 'Soil_Type2', 'Soil_Type14', 'Soil_Type4', 'Soil_Type6', 'Soil_Type3', 'Soil_Type5', 'Soil_Type16', 'Soil_Type10', 'Vertical_Distance_To_Hydrology', 'Soil_Type11', 'Hillshade_9am', 'Aspect', 'Soil_Type32', 'Soil_Type13']"
911,lr_shap_list_ir_5,lr_shap_list_ir_5_subset_16,orderSum,"['Wilderness_Area4', 'Wilderness_Area3', 'Hillshade_3pm', 'Hillshade_Noon', 'Elevation', 'Horizontal_Distance_To_Roadways', 'Horizontal_Distance_To_Hydrology', 'Horizontal_Distance_To_Fire_Points', 'Slope', 'Soil_Type10', 'Soil_Type4', 'Soil_Type2', 'Soil_Type6', 'Soil_Type3', 'Vertical_Distance_To_Hydrology', 'Soil_Type17', 'Soil_Type1', 'Hillshade_9am', 'Soil_Type14', 'Aspect', 'Soil_Type11', 'Soil_Type5', 'Soil_Type16', 'Soil_Type32', 'Soil_Type13']"
912,lr_shap_list_ir_2,lr_shap_list_ir_2_subset_94,orderMean,"['Wilderness_Area4', 'Wilderness_Area3', 'Hillshade_3pm', 'Hillshade_Noon', 'Horizontal_Distance_To_Roadways', 'Elevation', 'Hillshade_9am', 'Horizontal_Distance_To_Hydrology', 'Slope', 'Horizontal_Distance_To_Fire_Points', 'Soil_Type10', 'Soil_Type4', 'Vertical_Distance_To_Hydrology', 'Soil_Type2', 'Soil_Type3', 'Soil_Type1', 'Aspect', 'Soil_Type6', 'Soil_Type5', 'Soil_Type11', 'Soil_Type14', 'Soil_Type17', 'Soil_Type16', 'Soil_Type32', 'Soil_Type13']"
913,lr_shap_list_ir_2,lr_shap_list_ir_2_subset_94,orderStd,"['Hillshade_3pm', 'Hillshade_Noon', 'Horizontal_Distance_To_Roadways', 'Wilderness_Area4', 'Elevation', 'Wilderness_Area3', 'Hillshade_9am', 'Horizontal_Distance_To_Hydrology', 'Soil_Type1', 'Horizontal_Distance_To_Fire_Points', 'Slope', 'Soil_Type2', 'Soil_Type14', 'Soil_Type10', 'Soil_Type17', 'Vertical_Distance_To_Hydrology', 'Soil_Type4', 'Soil_Type6', 'Soil_Type11', 'Soil_Type3', 'Soil_Type5', 'Soil_Type16', 'Aspect', 'Soil_Type32', 'Soil_Type13']"
914,lr_shap_list_ir_2,lr_shap_list_ir_2_subset_94,orderSum,"['Wilderness_Area4', 'Wilderness_Area3', 'Hillshade_3pm', 'Hillshade_Noon', 'Horizontal_Distance_To_Roadways', 'Elevation', 'Hillshade_9am', 'Horizontal_Distance_To_Hydrology', 'Slope', 'Horizontal_Distance_To_Fire_Points', 'Soil_Type10', 'Soil_Type4', 'Vertical_Distance_To_Hydrology', 'Soil_Type2', 'Soil_Type3', 'Soil_Type1', 'Aspect', 'Soil_Type6', 'Soil_Type5', 'Soil_Type11', 'Soil_Type14', 'Soil_Type17', 'Soil_Type16', 'Soil_Type32', 'Soil_Type13']"
915,lr_shap_list_ir_1,lr_shap_list_ir_1_subset_23,orderMean,"['Wilderness_Area4', 'Wilderness_Area3', 'Hillshade_3pm', 'Hillshade_Noon', 'Hillshade_9am', 'Horizontal_Distance_To_Roadways', 'Elevation', 'Horizontal_Distance_To_Hydrology', 'Soil_Type10', 'Slope', 'Horizontal_Distance_To_Fire_Points', 'Soil_Type4', 'Soil_Type1', 'Soil_Type6', 'Soil_Type2', 'Aspect', 'Vertical_Distance_To_Hydrology', 'Soil_Type16', 'Soil_Type3', 'Soil_Type5', 'Soil_Type17', 'Soil_Type11', 'Soil_Type14', 'Soil_Type32', 'Soil_Type13']"
916,lr_shap_list_ir_1,lr_shap_list_ir_1_subset_23,orderStd,"['Hillshade_3pm', 'Hillshade_Noon', 'Hillshade_9am', 'Horizontal_Distance_To_Roadways', 'Wilderness_Area4', 'Wilderness_Area3', 'Elevation', 'Horizontal_Distance_To_Hydrology', 'Soil_Type1', 'Slope', 'Horizontal_Distance_To_Fire_Points', 'Soil_Type2', 'Soil_Type17', 'Soil_Type6', 'Soil_Type5', 'Soil_Type14', 'Soil_Type3', 'Soil_Type16', 'Soil_Type10', 'Soil_Type4', 'Vertical_Distance_To_Hydrology', 'Aspect', 'Soil_Type11', 'Soil_Type32', 'Soil_Type13']"
917,lr_shap_list_ir_1,lr_shap_list_ir_1_subset_23,orderSum,"['Wilderness_Area4', 'Wilderness_Area3', 'Hillshade_3pm', 'Hillshade_Noon', 'Hillshade_9am', 'Horizontal_Distance_To_Roadways', 'Elevation', 'Horizontal_Distance_To_Hydrology', 'Soil_Type10', 'Slope', 'Horizontal_Distance_To_Fire_Points', 'Soil_Type4', 'Soil_Type1', 'Soil_Type6', 'Soil_Type2', 'Aspect', 'Vertical_Distance_To_Hydrology', 'Soil_Type16', 'Soil_Type3', 'Soil_Type5', 'Soil_Type17', 'Soil_Type11', 'Soil_Type14', 'Soil_Type32', 'Soil_Type13']"
918,lr_shap_list_ir_5,lr_shap_list_ir_5_subset_61,orderMean,"['Wilderness_Area3', 'Wilderness_Area4', 'Hillshade_3pm', 'Hillshade_Noon', 'Horizontal_Distance_To_Roadways', 'Elevation', 'Horizontal_Distance_To_Hydrology', 'Horizontal_Distance_To_Fire_Points', 'Slope', 'Soil_Type10', 'Soil_Type2', 'Hillshade_9am', 'Soil_Type6', 'Soil_Type3', 'Soil_Type1', 'Soil_Type4', 'Vertical_Distance_To_Hydrology', 'Soil_Type17', 'Soil_Type5', 'Aspect', 'Soil_Type14', 'Soil_Type11', 'Soil_Type16', 'Soil_Type32', 'Soil_Type13']"
919,lr_shap_list_ir_5,lr_shap_list_ir_5_subset_61,orderStd,"['Wilderness_Area3', 'Hillshade_3pm', 'Wilderness_Area4', 'Hillshade_Noon', 'Horizontal_Distance_To_Roadways', 'Elevation', 'Horizontal_Distance_To_Hydrology', 'Horizontal_Distance_To_Fire_Points', 'Soil_Type1', 'Slope', 'Soil_Type2', 'Soil_Type14', 'Soil_Type3', 'Soil_Type4', 'Soil_Type17', 'Soil_Type5', 'Soil_Type6', 'Hillshade_9am', 'Soil_Type10', 'Soil_Type16', 'Soil_Type11', 'Vertical_Distance_To_Hydrology', 'Aspect', 'Soil_Type32', 'Soil_Type13']"
920,lr_shap_list_ir_5,lr_shap_list_ir_5_subset_61,orderSum,"['Wilderness_Area3', 'Wilderness_Area4', 'Hillshade_3pm', 'Hillshade_Noon', 'Horizontal_Distance_To_Roadways', 'Elevation', 'Horizontal_Distance_To_Hydrology', 'Horizontal_Distance_To_Fire_Points', 'Slope', 'Soil_Type10', 'Soil_Type2', 'Hillshade_9am', 'Soil_Type6', 'Soil_Type3', 'Soil_Type1', 'Soil_Type4', 'Vertical_Distance_To_Hydrology', 'Soil_Type17', 'Soil_Type5', 'Aspect', 'Soil_Type14', 'Soil_Type11', 'Soil_Type16', 'Soil_Type32', 'Soil_Type13']"
921,lr_shap_list_ir_3,lr_shap_list_ir_3_subset_24,orderMean,"['Wilderness_Area4', 'Wilderness_Area3', 'Hillshade_3pm', 'Hillshade_Noon', 'Horizontal_Distance_To_Roadways', 'Elevation', 'Horizontal_Distance_To_Hydrology', 'Horizontal_Distance_To_Fire_Points', 'Soil_Type10', 'Slope', 'Soil_Type2', 'Hillshade_9am', 'Soil_Type4', 'Soil_Type1', 'Soil_Type3', 'Aspect', 'Soil_Type6', 'Soil_Type17', 'Soil_Type5', 'Vertical_Distance_To_Hydrology', 'Soil_Type14', 'Soil_Type11', 'Soil_Type16', 'Soil_Type32', 'Soil_Type13']"
922,lr_shap_list_ir_3,lr_shap_list_ir_3_subset_24,orderStd,"['Hillshade_Noon', 'Hillshade_3pm', 'Horizontal_Distance_To_Roadways', 'Elevation', 'Wilderness_Area4', 'Wilderness_Area3', 'Horizontal_Distance_To_Hydrology', 'Horizontal_Distance_To_Fire_Points', 'Soil_Type2', 'Soil_Type1', 'Slope', 'Soil_Type17', 'Soil_Type14', 'Soil_Type3', 'Soil_Type5', 'Soil_Type6', 'Soil_Type10', 'Soil_Type4', 'Hillshade_9am', 'Soil_Type11', 'Soil_Type16', 'Aspect', 'Vertical_Distance_To_Hydrology', 'Soil_Type32', 'Soil_Type13']"
923,lr_shap_list_ir_3,lr_shap_list_ir_3_subset_24,orderSum,"['Wilderness_Area4', 'Wilderness_Area3', 'Hillshade_3pm', 'Hillshade_Noon', 'Horizontal_Distance_To_Roadways', 'Elevation', 'Horizontal_Distance_To_Hydrology', 'Horizontal_Distance_To_Fire_Points', 'Soil_Type10', 'Slope', 'Soil_Type2', 'Hillshade_9am', 'Soil_Type4', 'Soil_Type1', 'Soil_Type3', 'Aspect', 'Soil_Type6', 'Soil_Type17', 'Soil_Type5', 'Vertical_Distance_To_Hydrology', 'Soil_Type14', 'Soil_Type11', 'Soil_Type16', 'Soil_Type32', 'Soil_Type13']"
924,lr_shap_list_ir_1,lr_shap_list_ir_1_subset_88,orderMean,"['Wilderness_Area4', 'Wilderness_Area3', 'Hillshade_3pm', 'Hillshade_Noon', 'Horizontal_Distance_To_Roadways', 'Hillshade_9am', 'Elevation', 'Slope', 'Horizontal_Distance_To_Hydrology', 'Horizontal_Distance_To_Fire_Points', 'Soil_Type2', 'Soil_Type6', 'Soil_Type4', 'Soil_Type3', 'Soil_Type1', 'Vertical_Distance_To_Hydrology', 'Soil_Type11', 'Soil_Type10', 'Soil_Type5', 'Soil_Type17', 'Aspect', 'Soil_Type16', 'Soil_Type14', 'Soil_Type32', 'Soil_Type13']"
925,lr_shap_list_ir_1,lr_shap_list_ir_1_subset_88,orderStd,"['Hillshade_3pm', 'Hillshade_Noon', 'Horizontal_Distance_To_Roadways', 'Wilderness_Area4', 'Hillshade_9am', 'Elevation', 'Wilderness_Area3', 'Slope', 'Horizontal_Distance_To_Fire_Points', 'Horizontal_Distance_To_Hydrology', 'Soil_Type2', 'Soil_Type1', 'Soil_Type6', 'Soil_Type11', 'Soil_Type3', 'Soil_Type17', 'Soil_Type5', 'Soil_Type14', 'Soil_Type4', 'Soil_Type16', 'Vertical_Distance_To_Hydrology', 'Soil_Type10', 'Aspect', 'Soil_Type32', 'Soil_Type13']"
926,lr_shap_list_ir_1,lr_shap_list_ir_1_subset_88,orderSum,"['Wilderness_Area4', 'Wilderness_Area3', 'Hillshade_3pm', 'Hillshade_Noon', 'Horizontal_Distance_To_Roadways', 'Hillshade_9am', 'Elevation', 'Slope', 'Horizontal_Distance_To_Hydrology', 'Horizontal_Distance_To_Fire_Points', 'Soil_Type2', 'Soil_Type6', 'Soil_Type4', 'Soil_Type3', 'Soil_Type1', 'Vertical_Distance_To_Hydrology', 'Soil_Type11', 'Soil_Type10', 'Soil_Type5', 'Soil_Type17', 'Aspect', 'Soil_Type16', 'Soil_Type14', 'Soil_Type32', 'Soil_Type13']"
927,lr_shap_list_ir_2,lr_shap_list_ir_2_subset_90,orderMean,"['Wilderness_Area4', 'Hillshade_3pm', 'Wilderness_Area3', 'Hillshade_Noon', 'Hillshade_9am', 'Horizontal_Distance_To_Roadways', 'Elevation', 'Slope', 'Horizontal_Distance_To_Hydrology', 'Horizontal_Distance_To_Fire_Points', 'Soil_Type2', 'Soil_Type4', 'Soil_Type10', 'Soil_Type1', 'Soil_Type3', 'Vertical_Distance_To_Hydrology', 'Aspect', 'Soil_Type6', 'Soil_Type17', 'Soil_Type11', 'Soil_Type5', 'Soil_Type14', 'Soil_Type16', 'Soil_Type32', 'Soil_Type13']"
928,lr_shap_list_ir_2,lr_shap_list_ir_2_subset_90,orderStd,"['Hillshade_3pm', 'Hillshade_Noon', 'Wilderness_Area4', 'Hillshade_9am', 'Wilderness_Area3', 'Horizontal_Distance_To_Roadways', 'Elevation', 'Slope', 'Horizontal_Distance_To_Hydrology', 'Horizontal_Distance_To_Fire_Points', 'Soil_Type2', 'Soil_Type3', 'Soil_Type1', 'Soil_Type17', 'Soil_Type4', 'Soil_Type14', 'Soil_Type6', 'Soil_Type11', 'Soil_Type16', 'Soil_Type10', 'Vertical_Distance_To_Hydrology', 'Soil_Type5', 'Aspect', 'Soil_Type32', 'Soil_Type13']"
929,lr_shap_list_ir_2,lr_shap_list_ir_2_subset_90,orderSum,"['Wilderness_Area4', 'Hillshade_3pm', 'Wilderness_Area3', 'Hillshade_Noon', 'Hillshade_9am', 'Horizontal_Distance_To_Roadways', 'Elevation', 'Slope', 'Horizontal_Distance_To_Hydrology', 'Horizontal_Distance_To_Fire_Points', 'Soil_Type2', 'Soil_Type4', 'Soil_Type10', 'Soil_Type1', 'Soil_Type3', 'Vertical_Distance_To_Hydrology', 'Aspect', 'Soil_Type6', 'Soil_Type17', 'Soil_Type11', 'Soil_Type5', 'Soil_Type14', 'Soil_Type16', 'Soil_Type32', 'Soil_Type13']"
930,lr_shap_list_ir_4,lr_shap_list_ir_4_subset_56,orderMean,"['Wilderness_Area4', 'Wilderness_Area3', 'Hillshade_3pm', 'Hillshade_Noon', 'Horizontal_Distance_To_Roadways', 'Hillshade_9am', 'Elevation', 'Horizontal_Distance_To_Hydrology', 'Slope', 'Horizontal_Distance_To_Fire_Points', 'Soil_Type10', 'Soil_Type4', 'Soil_Type2', 'Soil_Type1', 'Soil_Type3', 'Soil_Type6', 'Vertical_Distance_To_Hydrology', 'Soil_Type17', 'Aspect', 'Soil_Type11', 'Soil_Type5', 'Soil_Type14', 'Soil_Type16', 'Soil_Type32', 'Soil_Type13']"
931,lr_shap_list_ir_4,lr_shap_list_ir_4_subset_56,orderStd,"['Hillshade_3pm', 'Hillshade_Noon', 'Wilderness_Area4', 'Wilderness_Area3', 'Horizontal_Distance_To_Roadways', 'Hillshade_9am', 'Elevation', 'Horizontal_Distance_To_Hydrology', 'Horizontal_Distance_To_Fire_Points', 'Slope', 'Soil_Type1', 'Soil_Type14', 'Soil_Type3', 'Soil_Type17', 'Soil_Type2', 'Soil_Type5', 'Soil_Type16', 'Soil_Type6', 'Soil_Type4', 'Soil_Type11', 'Soil_Type10', 'Vertical_Distance_To_Hydrology', 'Aspect', 'Soil_Type32', 'Soil_Type13']"
932,lr_shap_list_ir_4,lr_shap_list_ir_4_subset_56,orderSum,"['Wilderness_Area4', 'Wilderness_Area3', 'Hillshade_3pm', 'Hillshade_Noon', 'Horizontal_Distance_To_Roadways', 'Hillshade_9am', 'Elevation', 'Horizontal_Distance_To_Hydrology', 'Slope', 'Horizontal_Distance_To_Fire_Points', 'Soil_Type10', 'Soil_Type4', 'Soil_Type2', 'Soil_Type1', 'Soil_Type3', 'Soil_Type6', 'Vertical_Distance_To_Hydrology', 'Soil_Type17', 'Aspect', 'Soil_Type11', 'Soil_Type5', 'Soil_Type14', 'Soil_Type16', 'Soil_Type32', 'Soil_Type13']"
933,lr_shap_list_ir_3,lr_shap_list_ir_3_subset_89,orderMean,"['Wilderness_Area4', 'Wilderness_Area3', 'Hillshade_3pm', 'Hillshade_Noon', 'Horizontal_Distance_To_Roadways', 'Elevation', 'Hillshade_9am', 'Horizontal_Distance_To_Hydrology', 'Horizontal_Distance_To_Fire_Points', 'Slope', 'Soil_Type2', 'Soil_Type10', 'Soil_Type4', 'Soil_Type1', 'Aspect', 'Soil_Type3', 'Vertical_Distance_To_Hydrology', 'Soil_Type6', 'Soil_Type5', 'Soil_Type17', 'Soil_Type11', 'Soil_Type14', 'Soil_Type16', 'Soil_Type32', 'Soil_Type13']"
934,lr_shap_list_ir_3,lr_shap_list_ir_3_subset_89,orderStd,"['Hillshade_3pm', 'Hillshade_Noon', 'Wilderness_Area4', 'Wilderness_Area3', 'Horizontal_Distance_To_Roadways', 'Elevation', 'Hillshade_9am', 'Horizontal_Distance_To_Fire_Points', 'Horizontal_Distance_To_Hydrology', 'Soil_Type2', 'Soil_Type1', 'Slope', 'Soil_Type17', 'Soil_Type14', 'Soil_Type4', 'Soil_Type6', 'Soil_Type5', 'Soil_Type10', 'Soil_Type3', 'Soil_Type16', 'Vertical_Distance_To_Hydrology', 'Aspect', 'Soil_Type11', 'Soil_Type32', 'Soil_Type13']"
935,lr_shap_list_ir_3,lr_shap_list_ir_3_subset_89,orderSum,"['Wilderness_Area4', 'Wilderness_Area3', 'Hillshade_3pm', 'Hillshade_Noon', 'Horizontal_Distance_To_Roadways', 'Elevation', 'Hillshade_9am', 'Horizontal_Distance_To_Hydrology', 'Horizontal_Distance_To_Fire_Points', 'Slope', 'Soil_Type2', 'Soil_Type10', 'Soil_Type4', 'Soil_Type1', 'Aspect', 'Soil_Type3', 'Vertical_Distance_To_Hydrology', 'Soil_Type6', 'Soil_Type5', 'Soil_Type17', 'Soil_Type11', 'Soil_Type14', 'Soil_Type16', 'Soil_Type32', 'Soil_Type13']"
936,lr_shap_list_ir_5,lr_shap_list_ir_5_subset_28,orderMean,"['Wilderness_Area4', 'Wilderness_Area3', 'Hillshade_3pm', 'Hillshade_Noon', 'Horizontal_Distance_To_Roadways', 'Elevation', 'Horizontal_Distance_To_Hydrology', 'Horizontal_Distance_To_Fire_Points', 'Slope', 'Hillshade_9am', 'Soil_Type10', 'Soil_Type2', 'Soil_Type3', 'Soil_Type4', 'Soil_Type17', 'Soil_Type1', 'Soil_Type6', 'Vertical_Distance_To_Hydrology', 'Aspect', 'Soil_Type5', 'Soil_Type14', 'Soil_Type11', 'Soil_Type16', 'Soil_Type32', 'Soil_Type13']"
937,lr_shap_list_ir_5,lr_shap_list_ir_5_subset_28,orderStd,"['Hillshade_3pm', 'Hillshade_Noon', 'Wilderness_Area4', 'Wilderness_Area3', 'Horizontal_Distance_To_Roadways', 'Elevation', 'Horizontal_Distance_To_Hydrology', 'Horizontal_Distance_To_Fire_Points', 'Soil_Type1', 'Slope', 'Hillshade_9am', 'Soil_Type17', 'Soil_Type3', 'Soil_Type14', 'Soil_Type2', 'Soil_Type10', 'Soil_Type6', 'Soil_Type4', 'Soil_Type5', 'Soil_Type11', 'Soil_Type16', 'Vertical_Distance_To_Hydrology', 'Aspect', 'Soil_Type32', 'Soil_Type13']"
938,lr_shap_list_ir_5,lr_shap_list_ir_5_subset_28,orderSum,"['Wilderness_Area4', 'Wilderness_Area3', 'Hillshade_3pm', 'Hillshade_Noon', 'Horizontal_Distance_To_Roadways', 'Elevation', 'Horizontal_Distance_To_Hydrology', 'Horizontal_Distance_To_Fire_Points', 'Slope', 'Hillshade_9am', 'Soil_Type10', 'Soil_Type2', 'Soil_Type3', 'Soil_Type4', 'Soil_Type17', 'Soil_Type1', 'Soil_Type6', 'Vertical_Distance_To_Hydrology', 'Aspect', 'Soil_Type5', 'Soil_Type14', 'Soil_Type11', 'Soil_Type16', 'Soil_Type32', 'Soil_Type13']"
939,lr_shap_list_ir_4,lr_shap_list_ir_4_subset_97,orderMean,"['Wilderness_Area4', 'Wilderness_Area3', 'Hillshade_3pm', 'Hillshade_Noon', 'Horizontal_Distance_To_Roadways', 'Elevation', 'Hillshade_9am', 'Horizontal_Distance_To_Hydrology', 'Horizontal_Distance_To_Fire_Points', 'Slope', 'Soil_Type10', 'Soil_Type2', 'Soil_Type6', 'Soil_Type3', 'Soil_Type1', 'Soil_Type4', 'Soil_Type14', 'Aspect', 'Soil_Type17', 'Vertical_Distance_To_Hydrology', 'Soil_Type5', 'Soil_Type11', 'Soil_Type16', 'Soil_Type32', 'Soil_Type13']"
940,lr_shap_list_ir_4,lr_shap_list_ir_4_subset_97,orderStd,"['Wilderness_Area4', 'Hillshade_3pm', 'Wilderness_Area3', 'Hillshade_Noon', 'Horizontal_Distance_To_Roadways', 'Elevation', 'Hillshade_9am', 'Horizontal_Distance_To_Hydrology', 'Horizontal_Distance_To_Fire_Points', 'Slope', 'Soil_Type1', 'Soil_Type2', 'Soil_Type14', 'Soil_Type3', 'Soil_Type17', 'Soil_Type10', 'Soil_Type11', 'Soil_Type5', 'Soil_Type6', 'Soil_Type4', 'Soil_Type16', 'Vertical_Distance_To_Hydrology', 'Aspect', 'Soil_Type32', 'Soil_Type13']"
941,lr_shap_list_ir_4,lr_shap_list_ir_4_subset_97,orderSum,"['Wilderness_Area4', 'Wilderness_Area3', 'Hillshade_3pm', 'Hillshade_Noon', 'Horizontal_Distance_To_Roadways', 'Elevation', 'Hillshade_9am', 'Horizontal_Distance_To_Hydrology', 'Horizontal_Distance_To_Fire_Points', 'Slope', 'Soil_Type10', 'Soil_Type2', 'Soil_Type6', 'Soil_Type3', 'Soil_Type1', 'Soil_Type4', 'Soil_Type14', 'Aspect', 'Soil_Type17', 'Vertical_Distance_To_Hydrology', 'Soil_Type5', 'Soil_Type11', 'Soil_Type16', 'Soil_Type32', 'Soil_Type13']"
942,lr_shap_list_ir_3,lr_shap_list_ir_3_subset_45,orderMean,"['Wilderness_Area4', 'Wilderness_Area3', 'Hillshade_3pm', 'Hillshade_Noon', 'Horizontal_Distance_To_Roadways', 'Elevation', 'Hillshade_9am', 'Horizontal_Distance_To_Hydrology', 'Horizontal_Distance_To_Fire_Points', 'Slope', 'Soil_Type10', 'Soil_Type2', 'Soil_Type1', 'Soil_Type3', 'Soil_Type4', 'Aspect', 'Soil_Type6', 'Vertical_Distance_To_Hydrology', 'Soil_Type11', 'Soil_Type17', 'Soil_Type5', 'Soil_Type14', 'Soil_Type16', 'Soil_Type32', 'Soil_Type13']"
943,lr_shap_list_ir_3,lr_shap_list_ir_3_subset_45,orderStd,"['Hillshade_3pm', 'Hillshade_Noon', 'Wilderness_Area4', 'Wilderness_Area3', 'Horizontal_Distance_To_Roadways', 'Elevation', 'Hillshade_9am', 'Horizontal_Distance_To_Fire_Points', 'Horizontal_Distance_To_Hydrology', 'Soil_Type1', 'Slope', 'Soil_Type2', 'Soil_Type14', 'Soil_Type3', 'Soil_Type17', 'Soil_Type4', 'Soil_Type6', 'Soil_Type5', 'Soil_Type16', 'Soil_Type11', 'Soil_Type10', 'Aspect', 'Vertical_Distance_To_Hydrology', 'Soil_Type32', 'Soil_Type13']"
944,lr_shap_list_ir_3,lr_shap_list_ir_3_subset_45,orderSum,"['Wilderness_Area4', 'Wilderness_Area3', 'Hillshade_3pm', 'Hillshade_Noon', 'Horizontal_Distance_To_Roadways', 'Elevation', 'Hillshade_9am', 'Horizontal_Distance_To_Hydrology', 'Horizontal_Distance_To_Fire_Points', 'Slope', 'Soil_Type10', 'Soil_Type2', 'Soil_Type1', 'Soil_Type3', 'Soil_Type4', 'Aspect', 'Soil_Type6', 'Vertical_Distance_To_Hydrology', 'Soil_Type11', 'Soil_Type17', 'Soil_Type5', 'Soil_Type14', 'Soil_Type16', 'Soil_Type32', 'Soil_Type13']"
945,lr_shap_list_ir_4,lr_shap_list_ir_4_subset_59,orderMean,"['Wilderness_Area4', 'Wilderness_Area3', 'Hillshade_3pm', 'Hillshade_Noon', 'Elevation', 'Horizontal_Distance_To_Roadways', 'Horizontal_Distance_To_Hydrology', 'Slope', 'Horizontal_Distance_To_Fire_Points', 'Soil_Type10', 'Soil_Type2', 'Soil_Type6', 'Vertical_Distance_To_Hydrology', 'Soil_Type3', 'Soil_Type1', 'Soil_Type17', 'Hillshade_9am', 'Soil_Type4', 'Soil_Type5', 'Aspect', 'Soil_Type14', 'Soil_Type11', 'Soil_Type16', 'Soil_Type32', 'Soil_Type13']"
946,lr_shap_list_ir_4,lr_shap_list_ir_4_subset_59,orderStd,"['Hillshade_3pm', 'Hillshade_Noon', 'Wilderness_Area4', 'Wilderness_Area3', 'Horizontal_Distance_To_Roadways', 'Elevation', 'Horizontal_Distance_To_Hydrology', 'Soil_Type1', 'Horizontal_Distance_To_Fire_Points', 'Soil_Type2', 'Slope', 'Soil_Type14', 'Soil_Type17', 'Soil_Type3', 'Soil_Type5', 'Soil_Type6', 'Soil_Type10', 'Vertical_Distance_To_Hydrology', 'Soil_Type11', 'Soil_Type16', 'Soil_Type4', 'Hillshade_9am', 'Aspect', 'Soil_Type32', 'Soil_Type13']"
947,lr_shap_list_ir_4,lr_shap_list_ir_4_subset_59,orderSum,"['Wilderness_Area4', 'Wilderness_Area3', 'Hillshade_3pm', 'Hillshade_Noon', 'Elevation', 'Horizontal_Distance_To_Roadways', 'Horizontal_Distance_To_Hydrology', 'Slope', 'Horizontal_Distance_To_Fire_Points', 'Soil_Type10', 'Soil_Type2', 'Soil_Type6', 'Vertical_Distance_To_Hydrology', 'Soil_Type3', 'Soil_Type1', 'Soil_Type17', 'Hillshade_9am', 'Soil_Type4', 'Soil_Type5', 'Aspect', 'Soil_Type14', 'Soil_Type11', 'Soil_Type16', 'Soil_Type32', 'Soil_Type13']"
948,lr_shap_list_ir_1,lr_shap_list_ir_1_subset_66,orderMean,"['Wilderness_Area4', 'Hillshade_3pm', 'Wilderness_Area3', 'Hillshade_Noon', 'Hillshade_9am', 'Slope', 'Elevation', 'Horizontal_Distance_To_Roadways', 'Horizontal_Distance_To_Fire_Points', 'Horizontal_Distance_To_Hydrology', 'Soil_Type3', 'Aspect', 'Soil_Type2', 'Vertical_Distance_To_Hydrology', 'Soil_Type4', 'Soil_Type1', 'Soil_Type6', 'Soil_Type10', 'Soil_Type17', 'Soil_Type16', 'Soil_Type11', 'Soil_Type5', 'Soil_Type14', 'Soil_Type32', 'Soil_Type13']"
949,lr_shap_list_ir_1,lr_shap_list_ir_1_subset_66,orderStd,"['Hillshade_3pm', 'Hillshade_Noon', 'Hillshade_9am', 'Wilderness_Area4', 'Elevation', 'Slope', 'Horizontal_Distance_To_Roadways', 'Horizontal_Distance_To_Fire_Points', 'Horizontal_Distance_To_Hydrology', 'Wilderness_Area3', 'Soil_Type3', 'Soil_Type17', 'Soil_Type14', 'Soil_Type1', 'Soil_Type5', 'Soil_Type2', 'Soil_Type16', 'Vertical_Distance_To_Hydrology', 'Aspect', 'Soil_Type11', 'Soil_Type6', 'Soil_Type4', 'Soil_Type10', 'Soil_Type32', 'Soil_Type13']"
950,lr_shap_list_ir_1,lr_shap_list_ir_1_subset_66,orderSum,"['Wilderness_Area4', 'Hillshade_3pm', 'Wilderness_Area3', 'Hillshade_Noon', 'Hillshade_9am', 'Slope', 'Elevation', 'Horizontal_Distance_To_Roadways', 'Horizontal_Distance_To_Fire_Points', 'Horizontal_Distance_To_Hydrology', 'Soil_Type3', 'Aspect', 'Soil_Type2', 'Vertical_Distance_To_Hydrology', 'Soil_Type4', 'Soil_Type1', 'Soil_Type6', 'Soil_Type10', 'Soil_Type17', 'Soil_Type16', 'Soil_Type11', 'Soil_Type5', 'Soil_Type14', 'Soil_Type32', 'Soil_Type13']"
951,lr_shap_list_ir_2,lr_shap_list_ir_2_subset_74,orderMean,"['Wilderness_Area4', 'Wilderness_Area3', 'Hillshade_3pm', 'Hillshade_Noon', 'Horizontal_Distance_To_Roadways', 'Elevation', 'Horizontal_Distance_To_Hydrology', 'Horizontal_Distance_To_Fire_Points', 'Slope', 'Soil_Type10', 'Soil_Type2', 'Soil_Type4', 'Hillshade_9am', 'Soil_Type6', 'Vertical_Distance_To_Hydrology', 'Soil_Type1', 'Soil_Type3', 'Aspect', 'Soil_Type17', 'Soil_Type11', 'Soil_Type5', 'Soil_Type14', 'Soil_Type16', 'Soil_Type32', 'Soil_Type13']"
952,lr_shap_list_ir_2,lr_shap_list_ir_2_subset_74,orderStd,"['Hillshade_3pm', 'Horizontal_Distance_To_Roadways', 'Hillshade_Noon', 'Wilderness_Area4', 'Wilderness_Area3', 'Elevation', 'Horizontal_Distance_To_Hydrology', 'Horizontal_Distance_To_Fire_Points', 'Slope', 'Soil_Type2', 'Soil_Type6', 'Soil_Type1', 'Soil_Type4', 'Soil_Type17', 'Soil_Type10', 'Soil_Type14', 'Soil_Type3', 'Hillshade_9am', 'Soil_Type5', 'Vertical_Distance_To_Hydrology', 'Soil_Type11', 'Soil_Type16', 'Aspect', 'Soil_Type32', 'Soil_Type13']"
953,lr_shap_list_ir_2,lr_shap_list_ir_2_subset_74,orderSum,"['Wilderness_Area4', 'Wilderness_Area3', 'Hillshade_3pm', 'Hillshade_Noon', 'Horizontal_Distance_To_Roadways', 'Elevation', 'Horizontal_Distance_To_Hydrology', 'Horizontal_Distance_To_Fire_Points', 'Slope', 'Soil_Type10', 'Soil_Type2', 'Soil_Type4', 'Hillshade_9am', 'Soil_Type6', 'Vertical_Distance_To_Hydrology', 'Soil_Type1', 'Soil_Type3', 'Aspect', 'Soil_Type17', 'Soil_Type11', 'Soil_Type5', 'Soil_Type14', 'Soil_Type16', 'Soil_Type32', 'Soil_Type13']"
954,lr_shap_list_ir_5,lr_shap_list_ir_5_subset_3,orderMean,"['Wilderness_Area4', 'Wilderness_Area3', 'Hillshade_3pm', 'Hillshade_Noon', 'Elevation', 'Horizontal_Distance_To_Roadways', 'Horizontal_Distance_To_Hydrology', 'Horizontal_Distance_To_Fire_Points', 'Slope', 'Hillshade_9am', 'Soil_Type10', 'Soil_Type2', 'Soil_Type4', 'Soil_Type3', 'Soil_Type1', 'Soil_Type6', 'Vertical_Distance_To_Hydrology', 'Aspect', 'Soil_Type17', 'Soil_Type5', 'Soil_Type11', 'Soil_Type14', 'Soil_Type16', 'Soil_Type32', 'Soil_Type13']"
955,lr_shap_list_ir_5,lr_shap_list_ir_5_subset_3,orderStd,"['Hillshade_3pm', 'Hillshade_Noon', 'Wilderness_Area4', 'Wilderness_Area3', 'Horizontal_Distance_To_Roadways', 'Elevation', 'Horizontal_Distance_To_Fire_Points', 'Horizontal_Distance_To_Hydrology', 'Soil_Type1', 'Slope', 'Soil_Type17', 'Soil_Type14', 'Soil_Type2', 'Hillshade_9am', 'Soil_Type10', 'Soil_Type6', 'Soil_Type3', 'Soil_Type5', 'Soil_Type4', 'Soil_Type11', 'Soil_Type16', 'Vertical_Distance_To_Hydrology', 'Aspect', 'Soil_Type32', 'Soil_Type13']"
956,lr_shap_list_ir_5,lr_shap_list_ir_5_subset_3,orderSum,"['Wilderness_Area4', 'Wilderness_Area3', 'Hillshade_3pm', 'Hillshade_Noon', 'Elevation', 'Horizontal_Distance_To_Roadways', 'Horizontal_Distance_To_Hydrology', 'Horizontal_Distance_To_Fire_Points', 'Slope', 'Hillshade_9am', 'Soil_Type10', 'Soil_Type2', 'Soil_Type4', 'Soil_Type3', 'Soil_Type1', 'Soil_Type6', 'Vertical_Distance_To_Hydrology', 'Aspect', 'Soil_Type17', 'Soil_Type5', 'Soil_Type11', 'Soil_Type14', 'Soil_Type16', 'Soil_Type32', 'Soil_Type13']"
957,lr_shap_list_ir_3,lr_shap_list_ir_3_subset_93,orderMean,"['Wilderness_Area4', 'Wilderness_Area3', 'Hillshade_3pm', 'Hillshade_Noon', 'Horizontal_Distance_To_Roadways', 'Elevation', 'Hillshade_9am', 'Horizontal_Distance_To_Hydrology', 'Slope', 'Horizontal_Distance_To_Fire_Points', 'Soil_Type10', 'Soil_Type2', 'Vertical_Distance_To_Hydrology', 'Soil_Type6', 'Soil_Type3', 'Soil_Type1', 'Aspect', 'Soil_Type17', 'Soil_Type5', 'Soil_Type4', 'Soil_Type14', 'Soil_Type16', 'Soil_Type11', 'Soil_Type32', 'Soil_Type13']"
958,lr_shap_list_ir_3,lr_shap_list_ir_3_subset_93,orderStd,"['Hillshade_3pm', 'Hillshade_Noon', 'Wilderness_Area4', 'Horizontal_Distance_To_Roadways', 'Wilderness_Area3', 'Elevation', 'Hillshade_9am', 'Horizontal_Distance_To_Hydrology', 'Slope', 'Horizontal_Distance_To_Fire_Points', 'Soil_Type2', 'Soil_Type17', 'Soil_Type1', 'Soil_Type3', 'Soil_Type14', 'Soil_Type5', 'Soil_Type10', 'Soil_Type6', 'Vertical_Distance_To_Hydrology', 'Soil_Type11', 'Soil_Type16', 'Aspect', 'Soil_Type4', 'Soil_Type32', 'Soil_Type13']"
959,lr_shap_list_ir_3,lr_shap_list_ir_3_subset_93,orderSum,"['Wilderness_Area4', 'Wilderness_Area3', 'Hillshade_3pm', 'Hillshade_Noon', 'Horizontal_Distance_To_Roadways', 'Elevation', 'Hillshade_9am', 'Horizontal_Distance_To_Hydrology', 'Slope', 'Horizontal_Distance_To_Fire_Points', 'Soil_Type10', 'Soil_Type2', 'Vertical_Distance_To_Hydrology', 'Soil_Type6', 'Soil_Type3', 'Soil_Type1', 'Aspect', 'Soil_Type17', 'Soil_Type5', 'Soil_Type4', 'Soil_Type14', 'Soil_Type16', 'Soil_Type11', 'Soil_Type32', 'Soil_Type13']"
960,lr_shap_list_ir_4,lr_shap_list_ir_4_subset_38,orderMean,"['Wilderness_Area4', 'Wilderness_Area3', 'Hillshade_3pm', 'Hillshade_Noon', 'Horizontal_Distance_To_Roadways', 'Elevation', 'Horizontal_Distance_To_Hydrology', 'Horizontal_Distance_To_Fire_Points', 'Slope', 'Soil_Type10', 'Hillshade_9am', 'Soil_Type2', 'Soil_Type4', 'Soil_Type1', 'Soil_Type6', 'Soil_Type3', 'Vertical_Distance_To_Hydrology', 'Aspect', 'Soil_Type17', 'Soil_Type5', 'Soil_Type11', 'Soil_Type14', 'Soil_Type16', 'Soil_Type32', 'Soil_Type13']"
961,lr_shap_list_ir_4,lr_shap_list_ir_4_subset_38,orderStd,"['Hillshade_3pm', 'Hillshade_Noon', 'Wilderness_Area4', 'Horizontal_Distance_To_Roadways', 'Wilderness_Area3', 'Elevation', 'Horizontal_Distance_To_Hydrology', 'Horizontal_Distance_To_Fire_Points', 'Soil_Type1', 'Slope', 'Soil_Type2', 'Soil_Type3', 'Soil_Type17', 'Soil_Type14', 'Soil_Type10', 'Soil_Type5', 'Soil_Type6', 'Hillshade_9am', 'Soil_Type4', 'Soil_Type16', 'Vertical_Distance_To_Hydrology', 'Soil_Type11', 'Aspect', 'Soil_Type32', 'Soil_Type13']"
962,lr_shap_list_ir_4,lr_shap_list_ir_4_subset_38,orderSum,"['Wilderness_Area4', 'Wilderness_Area3', 'Hillshade_3pm', 'Hillshade_Noon', 'Horizontal_Distance_To_Roadways', 'Elevation', 'Horizontal_Distance_To_Hydrology', 'Horizontal_Distance_To_Fire_Points', 'Slope', 'Soil_Type10', 'Hillshade_9am', 'Soil_Type2', 'Soil_Type4', 'Soil_Type1', 'Soil_Type6', 'Soil_Type3', 'Vertical_Distance_To_Hydrology', 'Aspect', 'Soil_Type17', 'Soil_Type5', 'Soil_Type11', 'Soil_Type14', 'Soil_Type16', 'Soil_Type32', 'Soil_Type13']"
963,lr_shap_list_ir_5,lr_shap_list_ir_5_subset_77,orderMean,"['Wilderness_Area4', 'Wilderness_Area3', 'Hillshade_3pm', 'Hillshade_Noon', 'Horizontal_Distance_To_Roadways', 'Elevation', 'Horizontal_Distance_To_Hydrology', 'Horizontal_Distance_To_Fire_Points', 'Slope', 'Soil_Type10', 'Hillshade_9am', 'Soil_Type2', 'Soil_Type3', 'Vertical_Distance_To_Hydrology', 'Soil_Type4', 'Soil_Type6', 'Soil_Type1', 'Aspect', 'Soil_Type17', 'Soil_Type14', 'Soil_Type5', 'Soil_Type16', 'Soil_Type11', 'Soil_Type32', 'Soil_Type13']"
964,lr_shap_list_ir_5,lr_shap_list_ir_5_subset_77,orderStd,"['Hillshade_3pm', 'Hillshade_Noon', 'Wilderness_Area4', 'Wilderness_Area3', 'Horizontal_Distance_To_Roadways', 'Elevation', 'Horizontal_Distance_To_Hydrology', 'Horizontal_Distance_To_Fire_Points', 'Slope', 'Soil_Type1', 'Soil_Type17', 'Soil_Type2', 'Soil_Type14', 'Soil_Type3', 'Soil_Type6', 'Soil_Type5', 'Hillshade_9am', 'Soil_Type4', 'Vertical_Distance_To_Hydrology', 'Soil_Type10', 'Soil_Type16', 'Aspect', 'Soil_Type11', 'Soil_Type32', 'Soil_Type13']"
965,lr_shap_list_ir_5,lr_shap_list_ir_5_subset_77,orderSum,"['Wilderness_Area4', 'Wilderness_Area3', 'Hillshade_3pm', 'Hillshade_Noon', 'Horizontal_Distance_To_Roadways', 'Elevation', 'Horizontal_Distance_To_Hydrology', 'Horizontal_Distance_To_Fire_Points', 'Slope', 'Soil_Type10', 'Hillshade_9am', 'Soil_Type2', 'Soil_Type3', 'Vertical_Distance_To_Hydrology', 'Soil_Type4', 'Soil_Type6', 'Soil_Type1', 'Aspect', 'Soil_Type17', 'Soil_Type14', 'Soil_Type5', 'Soil_Type16', 'Soil_Type11', 'Soil_Type32', 'Soil_Type13']"
966,lr_shap_list_ir_4,lr_shap_list_ir_4_subset_58,orderMean,"['Wilderness_Area4', 'Wilderness_Area3', 'Hillshade_3pm', 'Hillshade_Noon', 'Elevation', 'Horizontal_Distance_To_Roadways', 'Horizontal_Distance_To_Hydrology', 'Horizontal_Distance_To_Fire_Points', 'Slope', 'Soil_Type10', 'Soil_Type2', 'Hillshade_9am', 'Soil_Type3', 'Soil_Type6', 'Soil_Type1', 'Soil_Type4', 'Vertical_Distance_To_Hydrology', 'Aspect', 'Soil_Type5', 'Soil_Type17', 'Soil_Type14', 'Soil_Type11', 'Soil_Type16', 'Soil_Type32', 'Soil_Type13']"
967,lr_shap_list_ir_4,lr_shap_list_ir_4_subset_58,orderStd,"['Hillshade_3pm', 'Hillshade_Noon', 'Wilderness_Area4', 'Wilderness_Area3', 'Horizontal_Distance_To_Roadways', 'Elevation', 'Soil_Type1', 'Horizontal_Distance_To_Fire_Points', 'Horizontal_Distance_To_Hydrology', 'Slope', 'Soil_Type2', 'Soil_Type3', 'Soil_Type17', 'Soil_Type14', 'Soil_Type6', 'Hillshade_9am', 'Soil_Type5', 'Soil_Type16', 'Soil_Type10', 'Soil_Type11', 'Soil_Type4', 'Vertical_Distance_To_Hydrology', 'Aspect', 'Soil_Type32', 'Soil_Type13']"
968,lr_shap_list_ir_4,lr_shap_list_ir_4_subset_58,orderSum,"['Wilderness_Area4', 'Wilderness_Area3', 'Hillshade_3pm', 'Hillshade_Noon', 'Elevation', 'Horizontal_Distance_To_Roadways', 'Horizontal_Distance_To_Hydrology', 'Horizontal_Distance_To_Fire_Points', 'Slope', 'Soil_Type10', 'Soil_Type2', 'Hillshade_9am', 'Soil_Type3', 'Soil_Type6', 'Soil_Type1', 'Soil_Type4', 'Vertical_Distance_To_Hydrology', 'Aspect', 'Soil_Type5', 'Soil_Type17', 'Soil_Type14', 'Soil_Type11', 'Soil_Type16', 'Soil_Type32', 'Soil_Type13']"
969,lr_shap_list_ir_5,lr_shap_list_ir_5_subset_32,orderMean,"['Wilderness_Area4', 'Wilderness_Area3', 'Hillshade_3pm', 'Hillshade_Noon', 'Horizontal_Distance_To_Roadways', 'Elevation', 'Horizontal_Distance_To_Hydrology', 'Slope', 'Horizontal_Distance_To_Fire_Points', 'Hillshade_9am', 'Soil_Type10', 'Soil_Type2', 'Soil_Type4', 'Soil_Type3', 'Soil_Type1', 'Soil_Type6', 'Vertical_Distance_To_Hydrology', 'Soil_Type14', 'Aspect', 'Soil_Type17', 'Soil_Type11', 'Soil_Type5', 'Soil_Type16', 'Soil_Type32', 'Soil_Type13']"
970,lr_shap_list_ir_5,lr_shap_list_ir_5_subset_32,orderStd,"['Hillshade_3pm', 'Hillshade_Noon', 'Horizontal_Distance_To_Roadways', 'Wilderness_Area4', 'Elevation', 'Wilderness_Area3', 'Horizontal_Distance_To_Hydrology', 'Horizontal_Distance_To_Fire_Points', 'Slope', 'Hillshade_9am', 'Soil_Type2', 'Soil_Type1', 'Soil_Type14', 'Soil_Type17', 'Soil_Type6', 'Soil_Type3', 'Soil_Type10', 'Soil_Type5', 'Soil_Type11', 'Soil_Type4', 'Soil_Type16', 'Vertical_Distance_To_Hydrology', 'Aspect', 'Soil_Type32', 'Soil_Type13']"
971,lr_shap_list_ir_5,lr_shap_list_ir_5_subset_32,orderSum,"['Wilderness_Area4', 'Wilderness_Area3', 'Hillshade_3pm', 'Hillshade_Noon', 'Horizontal_Distance_To_Roadways', 'Elevation', 'Horizontal_Distance_To_Hydrology', 'Slope', 'Horizontal_Distance_To_Fire_Points', 'Hillshade_9am', 'Soil_Type10', 'Soil_Type2', 'Soil_Type4', 'Soil_Type3', 'Soil_Type1', 'Soil_Type6', 'Vertical_Distance_To_Hydrology', 'Soil_Type14', 'Aspect', 'Soil_Type17', 'Soil_Type11', 'Soil_Type5', 'Soil_Type16', 'Soil_Type32', 'Soil_Type13']"
972,lr_shap_list_ir_4,lr_shap_list_ir_4_subset_37,orderMean,"['Wilderness_Area4', 'Wilderness_Area3', 'Hillshade_3pm', 'Hillshade_Noon', 'Elevation', 'Horizontal_Distance_To_Roadways', 'Horizontal_Distance_To_Hydrology', 'Horizontal_Distance_To_Fire_Points', 'Slope', 'Soil_Type10', 'Soil_Type2', 'Soil_Type3', 'Soil_Type6', 'Soil_Type1', 'Soil_Type4', 'Hillshade_9am', 'Soil_Type17', 'Vertical_Distance_To_Hydrology', 'Soil_Type14', 'Aspect', 'Soil_Type5', 'Soil_Type11', 'Soil_Type16', 'Soil_Type32', 'Soil_Type13']"
973,lr_shap_list_ir_4,lr_shap_list_ir_4_subset_37,orderStd,"['Wilderness_Area4', 'Wilderness_Area3', 'Hillshade_Noon', 'Hillshade_3pm', 'Horizontal_Distance_To_Roadways', 'Elevation', 'Horizontal_Distance_To_Fire_Points', 'Horizontal_Distance_To_Hydrology', 'Soil_Type1', 'Slope', 'Soil_Type3', 'Soil_Type2', 'Soil_Type17', 'Soil_Type10', 'Soil_Type14', 'Soil_Type6', 'Soil_Type5', 'Soil_Type4', 'Soil_Type16', 'Hillshade_9am', 'Vertical_Distance_To_Hydrology', 'Soil_Type11', 'Aspect', 'Soil_Type32', 'Soil_Type13']"
974,lr_shap_list_ir_4,lr_shap_list_ir_4_subset_37,orderSum,"['Wilderness_Area4', 'Wilderness_Area3', 'Hillshade_3pm', 'Hillshade_Noon', 'Elevation', 'Horizontal_Distance_To_Roadways', 'Horizontal_Distance_To_Hydrology', 'Horizontal_Distance_To_Fire_Points', 'Slope', 'Soil_Type10', 'Soil_Type2', 'Soil_Type3', 'Soil_Type6', 'Soil_Type1', 'Soil_Type4', 'Hillshade_9am', 'Soil_Type17', 'Vertical_Distance_To_Hydrology', 'Soil_Type14', 'Aspect', 'Soil_Type5', 'Soil_Type11', 'Soil_Type16', 'Soil_Type32', 'Soil_Type13']"
975,lr_shap_list_ir_3,lr_shap_list_ir_3_subset_42,orderMean,"['Wilderness_Area4', 'Wilderness_Area3', 'Hillshade_3pm', 'Hillshade_Noon', 'Horizontal_Distance_To_Roadways', 'Elevation', 'Hillshade_9am', 'Horizontal_Distance_To_Hydrology', 'Slope', 'Horizontal_Distance_To_Fire_Points', 'Soil_Type10', 'Soil_Type2', 'Soil_Type3', 'Soil_Type1', 'Aspect', 'Vertical_Distance_To_Hydrology', 'Soil_Type6', 'Soil_Type4', 'Soil_Type17', 'Soil_Type5', 'Soil_Type11', 'Soil_Type16', 'Soil_Type14', 'Soil_Type32', 'Soil_Type13']"
976,lr_shap_list_ir_3,lr_shap_list_ir_3_subset_42,orderStd,"['Hillshade_3pm', 'Hillshade_Noon', 'Horizontal_Distance_To_Roadways', 'Hillshade_9am', 'Wilderness_Area4', 'Elevation', 'Wilderness_Area3', 'Horizontal_Distance_To_Hydrology', 'Horizontal_Distance_To_Fire_Points', 'Soil_Type1', 'Slope', 'Soil_Type17', 'Soil_Type6', 'Soil_Type2', 'Soil_Type3', 'Soil_Type14', 'Soil_Type10', 'Soil_Type5', 'Aspect', 'Vertical_Distance_To_Hydrology', 'Soil_Type16', 'Soil_Type11', 'Soil_Type4', 'Soil_Type32', 'Soil_Type13']"
977,lr_shap_list_ir_3,lr_shap_list_ir_3_subset_42,orderSum,"['Wilderness_Area4', 'Wilderness_Area3', 'Hillshade_3pm', 'Hillshade_Noon', 'Horizontal_Distance_To_Roadways', 'Elevation', 'Hillshade_9am', 'Horizontal_Distance_To_Hydrology', 'Slope', 'Horizontal_Distance_To_Fire_Points', 'Soil_Type10', 'Soil_Type2', 'Soil_Type3', 'Soil_Type1', 'Aspect', 'Vertical_Distance_To_Hydrology', 'Soil_Type6', 'Soil_Type4', 'Soil_Type17', 'Soil_Type5', 'Soil_Type11', 'Soil_Type16', 'Soil_Type14', 'Soil_Type32', 'Soil_Type13']"
978,lr_shap_list_ir_4,lr_shap_list_ir_4_subset_89,orderMean,"['Wilderness_Area4', 'Wilderness_Area3', 'Hillshade_3pm', 'Hillshade_Noon', 'Horizontal_Distance_To_Roadways', 'Elevation', 'Slope', 'Horizontal_Distance_To_Hydrology', 'Horizontal_Distance_To_Fire_Points', 'Hillshade_9am', 'Soil_Type2', 'Soil_Type10', 'Soil_Type4', 'Soil_Type6', 'Soil_Type3', 'Soil_Type1', 'Soil_Type5', 'Soil_Type17', 'Aspect', 'Vertical_Distance_To_Hydrology', 'Soil_Type11', 'Soil_Type14', 'Soil_Type16', 'Soil_Type32', 'Soil_Type13']"
979,lr_shap_list_ir_4,lr_shap_list_ir_4_subset_89,orderStd,"['Hillshade_3pm', 'Hillshade_Noon', 'Wilderness_Area4', 'Wilderness_Area3', 'Horizontal_Distance_To_Roadways', 'Elevation', 'Slope', 'Horizontal_Distance_To_Fire_Points', 'Horizontal_Distance_To_Hydrology', 'Soil_Type1', 'Soil_Type2', 'Soil_Type14', 'Hillshade_9am', 'Soil_Type17', 'Soil_Type3', 'Soil_Type4', 'Soil_Type5', 'Soil_Type6', 'Soil_Type11', 'Soil_Type10', 'Soil_Type16', 'Vertical_Distance_To_Hydrology', 'Aspect', 'Soil_Type32', 'Soil_Type13']"
980,lr_shap_list_ir_4,lr_shap_list_ir_4_subset_89,orderSum,"['Wilderness_Area4', 'Wilderness_Area3', 'Hillshade_3pm', 'Hillshade_Noon', 'Horizontal_Distance_To_Roadways', 'Elevation', 'Slope', 'Horizontal_Distance_To_Hydrology', 'Horizontal_Distance_To_Fire_Points', 'Hillshade_9am', 'Soil_Type2', 'Soil_Type10', 'Soil_Type4', 'Soil_Type6', 'Soil_Type3', 'Soil_Type1', 'Soil_Type5', 'Soil_Type17', 'Aspect', 'Vertical_Distance_To_Hydrology', 'Soil_Type11', 'Soil_Type14', 'Soil_Type16', 'Soil_Type32', 'Soil_Type13']"
981,lr_shap_list_ir_5,lr_shap_list_ir_5_subset_7,orderMean,"['Wilderness_Area4', 'Wilderness_Area3', 'Hillshade_3pm', 'Hillshade_Noon', 'Elevation', 'Horizontal_Distance_To_Roadways', 'Horizontal_Distance_To_Hydrology', 'Horizontal_Distance_To_Fire_Points', 'Slope', 'Soil_Type10', 'Soil_Type3', 'Soil_Type6', 'Soil_Type2', 'Soil_Type1', 'Soil_Type4', 'Soil_Type17', 'Vertical_Distance_To_Hydrology', 'Soil_Type5', 'Soil_Type14', 'Soil_Type11', 'Aspect', 'Soil_Type16', 'Hillshade_9am', 'Soil_Type32', 'Soil_Type13']"
982,lr_shap_list_ir_5,lr_shap_list_ir_5_subset_7,orderStd,"['Wilderness_Area4', 'Wilderness_Area3', 'Hillshade_3pm', 'Hillshade_Noon', 'Horizontal_Distance_To_Roadways', 'Elevation', 'Horizontal_Distance_To_Hydrology', 'Horizontal_Distance_To_Fire_Points', 'Soil_Type1', 'Slope', 'Soil_Type17', 'Soil_Type3', 'Soil_Type2', 'Soil_Type6', 'Soil_Type14', 'Soil_Type5', 'Soil_Type10', 'Soil_Type4', 'Soil_Type11', 'Soil_Type16', 'Vertical_Distance_To_Hydrology', 'Aspect', 'Hillshade_9am', 'Soil_Type32', 'Soil_Type13']"
983,lr_shap_list_ir_5,lr_shap_list_ir_5_subset_7,orderSum,"['Wilderness_Area4', 'Wilderness_Area3', 'Hillshade_3pm', 'Hillshade_Noon', 'Elevation', 'Horizontal_Distance_To_Roadways', 'Horizontal_Distance_To_Hydrology', 'Horizontal_Distance_To_Fire_Points', 'Slope', 'Soil_Type10', 'Soil_Type3', 'Soil_Type6', 'Soil_Type2', 'Soil_Type1', 'Soil_Type4', 'Soil_Type17', 'Vertical_Distance_To_Hydrology', 'Soil_Type5', 'Soil_Type14', 'Soil_Type11', 'Aspect', 'Soil_Type16', 'Hillshade_9am', 'Soil_Type32', 'Soil_Type13']"
984,lr_shap_list_ir_4,lr_shap_list_ir_4_subset_5,orderMean,"['Wilderness_Area4', 'Wilderness_Area3', 'Hillshade_3pm', 'Hillshade_Noon', 'Horizontal_Distance_To_Roadways', 'Elevation', 'Hillshade_9am', 'Horizontal_Distance_To_Hydrology', 'Horizontal_Distance_To_Fire_Points', 'Slope', 'Soil_Type10', 'Soil_Type2', 'Soil_Type1', 'Soil_Type3', 'Soil_Type6', 'Aspect', 'Soil_Type4', 'Soil_Type17', 'Vertical_Distance_To_Hydrology', 'Soil_Type5', 'Soil_Type11', 'Soil_Type14', 'Soil_Type16', 'Soil_Type32', 'Soil_Type13']"
985,lr_shap_list_ir_4,lr_shap_list_ir_4_subset_5,orderStd,"['Hillshade_3pm', 'Wilderness_Area4', 'Hillshade_Noon', 'Wilderness_Area3', 'Horizontal_Distance_To_Roadways', 'Elevation', 'Hillshade_9am', 'Horizontal_Distance_To_Fire_Points', 'Soil_Type1', 'Horizontal_Distance_To_Hydrology', 'Slope', 'Soil_Type14', 'Soil_Type2', 'Soil_Type17', 'Soil_Type3', 'Soil_Type6', 'Soil_Type10', 'Soil_Type4', 'Soil_Type5', 'Soil_Type16', 'Soil_Type11', 'Aspect', 'Vertical_Distance_To_Hydrology', 'Soil_Type32', 'Soil_Type13']"
986,lr_shap_list_ir_4,lr_shap_list_ir_4_subset_5,orderSum,"['Wilderness_Area4', 'Wilderness_Area3', 'Hillshade_3pm', 'Hillshade_Noon', 'Horizontal_Distance_To_Roadways', 'Elevation', 'Hillshade_9am', 'Horizontal_Distance_To_Hydrology', 'Horizontal_Distance_To_Fire_Points', 'Slope', 'Soil_Type10', 'Soil_Type2', 'Soil_Type1', 'Soil_Type3', 'Soil_Type6', 'Aspect', 'Soil_Type4', 'Soil_Type17', 'Vertical_Distance_To_Hydrology', 'Soil_Type5', 'Soil_Type11', 'Soil_Type14', 'Soil_Type16', 'Soil_Type32', 'Soil_Type13']"
987,lr_shap_list_ir_2,lr_shap_list_ir_2_subset_92,orderMean,"['Wilderness_Area3', 'Wilderness_Area4', 'Hillshade_3pm', 'Hillshade_Noon', 'Horizontal_Distance_To_Roadways', 'Elevation', 'Horizontal_Distance_To_Hydrology', 'Hillshade_9am', 'Slope', 'Horizontal_Distance_To_Fire_Points', 'Soil_Type4', 'Soil_Type1', 'Soil_Type2', 'Soil_Type10', 'Soil_Type6', 'Vertical_Distance_To_Hydrology', 'Soil_Type3', 'Soil_Type5', 'Soil_Type17', 'Soil_Type11', 'Soil_Type16', 'Soil_Type14', 'Aspect', 'Soil_Type32', 'Soil_Type13']"
988,lr_shap_list_ir_2,lr_shap_list_ir_2_subset_92,orderStd,"['Hillshade_3pm', 'Hillshade_Noon', 'Horizontal_Distance_To_Roadways', 'Wilderness_Area3', 'Elevation', 'Wilderness_Area4', 'Horizontal_Distance_To_Hydrology', 'Hillshade_9am', 'Soil_Type1', 'Horizontal_Distance_To_Fire_Points', 'Slope', 'Soil_Type2', 'Soil_Type6', 'Soil_Type4', 'Soil_Type14', 'Soil_Type5', 'Soil_Type17', 'Soil_Type10', 'Vertical_Distance_To_Hydrology', 'Soil_Type3', 'Soil_Type16', 'Soil_Type11', 'Aspect', 'Soil_Type32', 'Soil_Type13']"
989,lr_shap_list_ir_2,lr_shap_list_ir_2_subset_92,orderSum,"['Wilderness_Area3', 'Wilderness_Area4', 'Hillshade_3pm', 'Hillshade_Noon', 'Horizontal_Distance_To_Roadways', 'Elevation', 'Horizontal_Distance_To_Hydrology', 'Hillshade_9am', 'Slope', 'Horizontal_Distance_To_Fire_Points', 'Soil_Type4', 'Soil_Type1', 'Soil_Type2', 'Soil_Type10', 'Soil_Type6', 'Vertical_Distance_To_Hydrology', 'Soil_Type3', 'Soil_Type5', 'Soil_Type17', 'Soil_Type11', 'Soil_Type16', 'Soil_Type14', 'Aspect', 'Soil_Type32', 'Soil_Type13']"
990,lr_shap_list_ir_5,lr_shap_list_ir_5_subset_53,orderMean,"['Wilderness_Area3', 'Wilderness_Area4', 'Hillshade_3pm', 'Hillshade_Noon', 'Horizontal_Distance_To_Roadways', 'Elevation', 'Horizontal_Distance_To_Hydrology', 'Horizontal_Distance_To_Fire_Points', 'Soil_Type10', 'Slope', 'Soil_Type2', 'Hillshade_9am', 'Soil_Type4', 'Soil_Type6', 'Soil_Type3', 'Soil_Type1', 'Soil_Type14', 'Aspect', 'Soil_Type17', 'Vertical_Distance_To_Hydrology', 'Soil_Type5', 'Soil_Type11', 'Soil_Type16', 'Soil_Type32', 'Soil_Type13']"
991,lr_shap_list_ir_5,lr_shap_list_ir_5_subset_53,orderStd,"['Hillshade_3pm', 'Hillshade_Noon', 'Wilderness_Area3', 'Wilderness_Area4', 'Horizontal_Distance_To_Roadways', 'Elevation', 'Horizontal_Distance_To_Fire_Points', 'Horizontal_Distance_To_Hydrology', 'Soil_Type1', 'Soil_Type14', 'Slope', 'Soil_Type17', 'Soil_Type6', 'Soil_Type4', 'Soil_Type2', 'Soil_Type3', 'Soil_Type10', 'Hillshade_9am', 'Soil_Type5', 'Soil_Type11', 'Soil_Type16', 'Vertical_Distance_To_Hydrology', 'Aspect', 'Soil_Type32', 'Soil_Type13']"
992,lr_shap_list_ir_5,lr_shap_list_ir_5_subset_53,orderSum,"['Wilderness_Area3', 'Wilderness_Area4', 'Hillshade_3pm', 'Hillshade_Noon', 'Horizontal_Distance_To_Roadways', 'Elevation', 'Horizontal_Distance_To_Hydrology', 'Horizontal_Distance_To_Fire_Points', 'Soil_Type10', 'Slope', 'Soil_Type2', 'Hillshade_9am', 'Soil_Type4', 'Soil_Type6', 'Soil_Type3', 'Soil_Type1', 'Soil_Type14', 'Aspect', 'Soil_Type17', 'Vertical_Distance_To_Hydrology', 'Soil_Type5', 'Soil_Type11', 'Soil_Type16', 'Soil_Type32', 'Soil_Type13']"
993,lr_shap_list_ir_1,lr_shap_list_ir_1_subset_75,orderMean,"['Wilderness_Area4', 'Wilderness_Area3', 'Hillshade_3pm', 'Hillshade_Noon', 'Hillshade_9am', 'Elevation', 'Horizontal_Distance_To_Roadways', 'Slope', 'Horizontal_Distance_To_Fire_Points', 'Horizontal_Distance_To_Hydrology', 'Aspect', 'Soil_Type3', 'Soil_Type10', 'Vertical_Distance_To_Hydrology', 'Soil_Type1', 'Soil_Type17', 'Soil_Type5', 'Soil_Type11', 'Soil_Type6', 'Soil_Type2', 'Soil_Type4', 'Soil_Type14', 'Soil_Type16', 'Soil_Type32', 'Soil_Type13']"
994,lr_shap_list_ir_1,lr_shap_list_ir_1_subset_75,orderStd,"['Hillshade_3pm', 'Hillshade_Noon', 'Wilderness_Area4', 'Horizontal_Distance_To_Roadways', 'Hillshade_9am', 'Elevation', 'Wilderness_Area3', 'Horizontal_Distance_To_Fire_Points', 'Slope', 'Horizontal_Distance_To_Hydrology', 'Soil_Type17', 'Soil_Type3', 'Soil_Type11', 'Aspect', 'Soil_Type5', 'Soil_Type1', 'Soil_Type14', 'Vertical_Distance_To_Hydrology', 'Soil_Type10', 'Soil_Type16', 'Soil_Type6', 'Soil_Type2', 'Soil_Type4', 'Soil_Type32', 'Soil_Type13']"
995,lr_shap_list_ir_1,lr_shap_list_ir_1_subset_75,orderSum,"['Wilderness_Area4', 'Wilderness_Area3', 'Hillshade_3pm', 'Hillshade_Noon', 'Hillshade_9am', 'Elevation', 'Horizontal_Distance_To_Roadways', 'Slope', 'Horizontal_Distance_To_Fire_Points', 'Horizontal_Distance_To_Hydrology', 'Aspect', 'Soil_Type3', 'Soil_Type10', 'Vertical_Distance_To_Hydrology', 'Soil_Type1', 'Soil_Type17', 'Soil_Type5', 'Soil_Type11', 'Soil_Type6', 'Soil_Type2', 'Soil_Type4', 'Soil_Type14', 'Soil_Type16', 'Soil_Type32', 'Soil_Type13']"
996,lr_shap_list_ir_2,lr_shap_list_ir_2_subset_25,orderMean,"['Wilderness_Area4', 'Wilderness_Area3', 'Hillshade_3pm', 'Hillshade_Noon', 'Horizontal_Distance_To_Roadways', 'Elevation', 'Hillshade_9am', 'Slope', 'Horizontal_Distance_To_Hydrology', 'Horizontal_Distance_To_Fire_Points', 'Soil_Type1', 'Soil_Type10', 'Vertical_Distance_To_Hydrology', 'Soil_Type2', 'Soil_Type6', 'Soil_Type4', 'Aspect', 'Soil_Type3', 'Soil_Type17', 'Soil_Type5', 'Soil_Type14', 'Soil_Type16', 'Soil_Type11', 'Soil_Type32', 'Soil_Type13']"
997,lr_shap_list_ir_2,lr_shap_list_ir_2_subset_25,orderStd,"['Hillshade_3pm', 'Hillshade_Noon', 'Wilderness_Area4', 'Horizontal_Distance_To_Roadways', 'Wilderness_Area3', 'Elevation', 'Hillshade_9am', 'Slope', 'Horizontal_Distance_To_Fire_Points', 'Horizontal_Distance_To_Hydrology', 'Soil_Type1', 'Soil_Type17', 'Soil_Type6', 'Soil_Type3', 'Soil_Type2', 'Soil_Type5', 'Soil_Type14', 'Vertical_Distance_To_Hydrology', 'Soil_Type4', 'Soil_Type16', 'Aspect', 'Soil_Type10', 'Soil_Type11', 'Soil_Type32', 'Soil_Type13']"
998,lr_shap_list_ir_2,lr_shap_list_ir_2_subset_25,orderSum,"['Wilderness_Area4', 'Wilderness_Area3', 'Hillshade_3pm', 'Hillshade_Noon', 'Horizontal_Distance_To_Roadways', 'Elevation', 'Hillshade_9am', 'Slope', 'Horizontal_Distance_To_Hydrology', 'Horizontal_Distance_To_Fire_Points', 'Soil_Type1', 'Soil_Type10', 'Vertical_Distance_To_Hydrology', 'Soil_Type2', 'Soil_Type6', 'Soil_Type4', 'Aspect', 'Soil_Type3', 'Soil_Type17', 'Soil_Type5', 'Soil_Type14', 'Soil_Type16', 'Soil_Type11', 'Soil_Type32', 'Soil_Type13']"
999,lr_shap_list_ir_5,lr_shap_list_ir_5_subset_101,orderMean,"['Wilderness_Area3', 'Wilderness_Area4', 'Hillshade_3pm', 'Hillshade_Noon', 'Horizontal_Distance_To_Roadways', 'Elevation', 'Horizontal_Distance_To_Hydrology', 'Horizontal_Distance_To_Fire_Points', 'Soil_Type10', 'Slope', 'Soil_Type1', 'Soil_Type2', 'Soil_Type6', 'Soil_Type3', 'Soil_Type4', 'Aspect', 'Vertical_Distance_To_Hydrology', 'Soil_Type17', 'Hillshade_9am', 'Soil_Type11', 'Soil_Type5', 'Soil_Type14', 'Soil_Type16', 'Soil_Type32', 'Soil_Type13']"
1000,lr_shap_list_ir_5,lr_shap_list_ir_5_subset_101,orderStd,"['Wilderness_Area3', 'Wilderness_Area4', 'Hillshade_Noon', 'Hillshade_3pm', 'Horizontal_Distance_To_Roadways', 'Elevation', 'Horizontal_Distance_To_Fire_Points', 'Horizontal_Distance_To_Hydrology', 'Soil_Type1', 'Soil_Type2', 'Slope', 'Soil_Type3', 'Soil_Type17', 'Soil_Type14', 'Soil_Type5', 'Soil_Type10', 'Soil_Type11', 'Soil_Type6', 'Soil_Type4', 'Soil_Type16', 'Vertical_Distance_To_Hydrology', 'Aspect', 'Hillshade_9am', 'Soil_Type32', 'Soil_Type13']"
1001,lr_shap_list_ir_5,lr_shap_list_ir_5_subset_101,orderSum,"['Wilderness_Area3', 'Wilderness_Area4', 'Hillshade_3pm', 'Hillshade_Noon', 'Horizontal_Distance_To_Roadways', 'Elevation', 'Horizontal_Distance_To_Hydrology', 'Horizontal_Distance_To_Fire_Points', 'Soil_Type10', 'Slope', 'Soil_Type1', 'Soil_Type2', 'Soil_Type6', 'Soil_Type3', 'Soil_Type4', 'Aspect', 'Vertical_Distance_To_Hydrology', 'Soil_Type17', 'Hillshade_9am', 'Soil_Type11', 'Soil_Type5', 'Soil_Type14', 'Soil_Type16', 'Soil_Type32', 'Soil_Type13']"
1002,lr_shap_list_ir_5,lr_shap_list_ir_5_subset_58,orderMean,"['Wilderness_Area4', 'Wilderness_Area3', 'Hillshade_3pm', 'Hillshade_Noon', 'Horizontal_Distance_To_Roadways', 'Elevation', 'Horizontal_Distance_To_Hydrology', 'Horizontal_Distance_To_Fire_Points', 'Slope', 'Hillshade_9am', 'Soil_Type10', 'Soil_Type3', 'Soil_Type2', 'Soil_Type4', 'Soil_Type6', 'Vertical_Distance_To_Hydrology', 'Aspect', 'Soil_Type1', 'Soil_Type17', 'Soil_Type14', 'Soil_Type11', 'Soil_Type5', 'Soil_Type16', 'Soil_Type32', 'Soil_Type13']"
1003,lr_shap_list_ir_5,lr_shap_list_ir_5_subset_58,orderStd,"['Wilderness_Area4', 'Wilderness_Area3', 'Hillshade_3pm', 'Hillshade_Noon', 'Horizontal_Distance_To_Roadways', 'Elevation', 'Horizontal_Distance_To_Hydrology', 'Horizontal_Distance_To_Fire_Points', 'Soil_Type1', 'Slope', 'Soil_Type17', 'Soil_Type14', 'Soil_Type2', 'Hillshade_9am', 'Soil_Type4', 'Soil_Type3', 'Soil_Type6', 'Soil_Type10', 'Soil_Type5', 'Vertical_Distance_To_Hydrology', 'Soil_Type16', 'Aspect', 'Soil_Type11', 'Soil_Type32', 'Soil_Type13']"
1004,lr_shap_list_ir_5,lr_shap_list_ir_5_subset_58,orderSum,"['Wilderness_Area4', 'Wilderness_Area3', 'Hillshade_3pm', 'Hillshade_Noon', 'Horizontal_Distance_To_Roadways', 'Elevation', 'Horizontal_Distance_To_Hydrology', 'Horizontal_Distance_To_Fire_Points', 'Slope', 'Hillshade_9am', 'Soil_Type10', 'Soil_Type3', 'Soil_Type2', 'Soil_Type4', 'Soil_Type6', 'Vertical_Distance_To_Hydrology', 'Aspect', 'Soil_Type1', 'Soil_Type17', 'Soil_Type14', 'Soil_Type11', 'Soil_Type5', 'Soil_Type16', 'Soil_Type32', 'Soil_Type13']"
1005,lr_shap_list_ir_1,lr_shap_list_ir_1_subset_19,orderMean,"['Wilderness_Area3', 'Wilderness_Area4', 'Hillshade_3pm', 'Hillshade_Noon', 'Horizontal_Distance_To_Roadways', 'Elevation', 'Hillshade_9am', 'Horizontal_Distance_To_Fire_Points', 'Horizontal_Distance_To_Hydrology', 'Soil_Type2', 'Soil_Type10', 'Soil_Type4', 'Slope', 'Aspect', 'Soil_Type1', 'Soil_Type11', 'Soil_Type6', 'Soil_Type5', 'Soil_Type17', 'Vertical_Distance_To_Hydrology', 'Soil_Type3', 'Soil_Type14', 'Soil_Type16', 'Soil_Type32', 'Soil_Type13']"
1006,lr_shap_list_ir_1,lr_shap_list_ir_1_subset_19,orderStd,"['Hillshade_3pm', 'Hillshade_Noon', 'Horizontal_Distance_To_Roadways', 'Wilderness_Area3', 'Wilderness_Area4', 'Elevation', 'Horizontal_Distance_To_Fire_Points', 'Hillshade_9am', 'Soil_Type5', 'Soil_Type1', 'Soil_Type2', 'Horizontal_Distance_To_Hydrology', 'Soil_Type11', 'Soil_Type4', 'Soil_Type10', 'Soil_Type17', 'Slope', 'Soil_Type14', 'Soil_Type6', 'Aspect', 'Soil_Type3', 'Soil_Type16', 'Vertical_Distance_To_Hydrology', 'Soil_Type32', 'Soil_Type13']"
1007,lr_shap_list_ir_1,lr_shap_list_ir_1_subset_19,orderSum,"['Wilderness_Area3', 'Wilderness_Area4', 'Hillshade_3pm', 'Hillshade_Noon', 'Horizontal_Distance_To_Roadways', 'Elevation', 'Hillshade_9am', 'Horizontal_Distance_To_Fire_Points', 'Horizontal_Distance_To_Hydrology', 'Soil_Type2', 'Soil_Type10', 'Soil_Type4', 'Slope', 'Aspect', 'Soil_Type1', 'Soil_Type11', 'Soil_Type6', 'Soil_Type5', 'Soil_Type17', 'Vertical_Distance_To_Hydrology', 'Soil_Type3', 'Soil_Type14', 'Soil_Type16', 'Soil_Type32', 'Soil_Type13']"
1008,lr_shap_list_ir_1,lr_shap_list_ir_1_subset_103,orderMean,"['Wilderness_Area3', 'Wilderness_Area4', 'Horizontal_Distance_To_Roadways', 'Elevation', 'Hillshade_3pm', 'Horizontal_Distance_To_Hydrology', 'Slope', 'Hillshade_Noon', 'Horizontal_Distance_To_Fire_Points', 'Soil_Type10', 'Hillshade_9am', 'Soil_Type2', 'Soil_Type6', 'Soil_Type4', 'Vertical_Distance_To_Hydrology', 'Soil_Type3', 'Soil_Type1', 'Soil_Type14', 'Soil_Type5', 'Soil_Type11', 'Aspect', 'Soil_Type17', 'Soil_Type16', 'Soil_Type32', 'Soil_Type13']"
1009,lr_shap_list_ir_1,lr_shap_list_ir_1_subset_103,orderStd,"['Horizontal_Distance_To_Roadways', 'Elevation', 'Hillshade_3pm', 'Horizontal_Distance_To_Hydrology', 'Hillshade_Noon', 'Slope', 'Horizontal_Distance_To_Fire_Points', 'Hillshade_9am', 'Soil_Type10', 'Soil_Type6', 'Soil_Type1', 'Soil_Type2', 'Soil_Type3', 'Soil_Type14', 'Soil_Type17', 'Vertical_Distance_To_Hydrology', 'Soil_Type4', 'Soil_Type5', 'Soil_Type16', 'Wilderness_Area3', 'Wilderness_Area4', 'Soil_Type11', 'Soil_Type32', 'Aspect', 'Soil_Type13']"
1010,lr_shap_list_ir_1,lr_shap_list_ir_1_subset_103,orderSum,"['Wilderness_Area3', 'Wilderness_Area4', 'Horizontal_Distance_To_Roadways', 'Elevation', 'Hillshade_3pm', 'Horizontal_Distance_To_Hydrology', 'Slope', 'Hillshade_Noon', 'Horizontal_Distance_To_Fire_Points', 'Soil_Type10', 'Hillshade_9am', 'Soil_Type2', 'Soil_Type6', 'Soil_Type4', 'Vertical_Distance_To_Hydrology', 'Soil_Type3', 'Soil_Type1', 'Soil_Type14', 'Soil_Type5', 'Soil_Type11', 'Aspect', 'Soil_Type17', 'Soil_Type16', 'Soil_Type32', 'Soil_Type13']"
1011,lr_shap_list_ir_3,lr_shap_list_ir_3_subset_90,orderMean,"['Wilderness_Area4', 'Hillshade_3pm', 'Wilderness_Area3', 'Hillshade_Noon', 'Hillshade_9am', 'Horizontal_Distance_To_Roadways', 'Elevation', 'Slope', 'Horizontal_Distance_To_Hydrology', 'Horizontal_Distance_To_Fire_Points', 'Soil_Type2', 'Soil_Type10', 'Vertical_Distance_To_Hydrology', 'Soil_Type3', 'Soil_Type6', 'Soil_Type1', 'Soil_Type4', 'Aspect', 'Soil_Type17', 'Soil_Type5', 'Soil_Type14', 'Soil_Type11', 'Soil_Type16', 'Soil_Type32', 'Soil_Type13']"
1012,lr_shap_list_ir_3,lr_shap_list_ir_3_subset_90,orderStd,"['Hillshade_3pm', 'Hillshade_Noon', 'Wilderness_Area4', 'Wilderness_Area3', 'Hillshade_9am', 'Horizontal_Distance_To_Roadways', 'Elevation', 'Slope', 'Horizontal_Distance_To_Hydrology', 'Horizontal_Distance_To_Fire_Points', 'Soil_Type17', 'Soil_Type1', 'Soil_Type14', 'Soil_Type2', 'Soil_Type3', 'Soil_Type6', 'Vertical_Distance_To_Hydrology', 'Soil_Type5', 'Soil_Type10', 'Soil_Type11', 'Soil_Type16', 'Soil_Type4', 'Aspect', 'Soil_Type32', 'Soil_Type13']"
1013,lr_shap_list_ir_3,lr_shap_list_ir_3_subset_90,orderSum,"['Wilderness_Area4', 'Hillshade_3pm', 'Wilderness_Area3', 'Hillshade_Noon', 'Hillshade_9am', 'Horizontal_Distance_To_Roadways', 'Elevation', 'Slope', 'Horizontal_Distance_To_Hydrology', 'Horizontal_Distance_To_Fire_Points', 'Soil_Type2', 'Soil_Type10', 'Vertical_Distance_To_Hydrology', 'Soil_Type3', 'Soil_Type6', 'Soil_Type1', 'Soil_Type4', 'Aspect', 'Soil_Type17', 'Soil_Type5', 'Soil_Type14', 'Soil_Type11', 'Soil_Type16', 'Soil_Type32', 'Soil_Type13']"
1014,lr_shap_list_ir_1,lr_shap_list_ir_1_subset_28,orderMean,"['Wilderness_Area4', 'Hillshade_3pm', 'Hillshade_Noon', 'Wilderness_Area3', 'Hillshade_9am', 'Elevation', 'Horizontal_Distance_To_Roadways', 'Horizontal_Distance_To_Hydrology', 'Slope', 'Vertical_Distance_To_Hydrology', 'Horizontal_Distance_To_Fire_Points', 'Soil_Type2', 'Soil_Type10', 'Soil_Type1', 'Soil_Type4', 'Soil_Type3', 'Aspect', 'Soil_Type6', 'Soil_Type17', 'Soil_Type14', 'Soil_Type5', 'Soil_Type11', 'Soil_Type16', 'Soil_Type32', 'Soil_Type13']"
1015,lr_shap_list_ir_1,lr_shap_list_ir_1_subset_28,orderStd,"['Hillshade_3pm', 'Hillshade_Noon', 'Wilderness_Area4', 'Hillshade_9am', 'Elevation', 'Horizontal_Distance_To_Roadways', 'Horizontal_Distance_To_Hydrology', 'Wilderness_Area3', 'Slope', 'Soil_Type2', 'Vertical_Distance_To_Hydrology', 'Horizontal_Distance_To_Fire_Points', 'Soil_Type1', 'Soil_Type17', 'Soil_Type3', 'Soil_Type14', 'Soil_Type4', 'Soil_Type6', 'Soil_Type5', 'Soil_Type10', 'Aspect', 'Soil_Type16', 'Soil_Type11', 'Soil_Type32', 'Soil_Type13']"
1016,lr_shap_list_ir_1,lr_shap_list_ir_1_subset_28,orderSum,"['Wilderness_Area4', 'Hillshade_3pm', 'Hillshade_Noon', 'Wilderness_Area3', 'Hillshade_9am', 'Elevation', 'Horizontal_Distance_To_Roadways', 'Horizontal_Distance_To_Hydrology', 'Slope', 'Vertical_Distance_To_Hydrology', 'Horizontal_Distance_To_Fire_Points', 'Soil_Type2', 'Soil_Type10', 'Soil_Type1', 'Soil_Type4', 'Soil_Type3', 'Aspect', 'Soil_Type6', 'Soil_Type17', 'Soil_Type14', 'Soil_Type5', 'Soil_Type11', 'Soil_Type16', 'Soil_Type32', 'Soil_Type13']"
1017,lr_shap_list_ir_1,lr_shap_list_ir_1_subset_31,orderMean,"['Wilderness_Area4', 'Wilderness_Area3', 'Hillshade_3pm', 'Hillshade_Noon', 'Horizontal_Distance_To_Roadways', 'Hillshade_9am', 'Elevation', 'Horizontal_Distance_To_Hydrology', 'Slope', 'Horizontal_Distance_To_Fire_Points', 'Soil_Type10', 'Vertical_Distance_To_Hydrology', 'Aspect', 'Soil_Type4', 'Soil_Type3', 'Soil_Type2', 'Soil_Type6', 'Soil_Type1', 'Soil_Type5', 'Soil_Type11', 'Soil_Type14', 'Soil_Type17', 'Soil_Type16', 'Soil_Type32', 'Soil_Type13']"
1018,lr_shap_list_ir_1,lr_shap_list_ir_1_subset_31,orderStd,"['Hillshade_3pm', 'Hillshade_Noon', 'Horizontal_Distance_To_Roadways', 'Hillshade_9am', 'Wilderness_Area4', 'Wilderness_Area3', 'Elevation', 'Horizontal_Distance_To_Hydrology', 'Slope', 'Horizontal_Distance_To_Fire_Points', 'Soil_Type3', 'Soil_Type17', 'Soil_Type1', 'Soil_Type6', 'Soil_Type5', 'Vertical_Distance_To_Hydrology', 'Soil_Type2', 'Soil_Type11', 'Soil_Type4', 'Soil_Type14', 'Soil_Type10', 'Aspect', 'Soil_Type32', 'Soil_Type16', 'Soil_Type13']"
1019,lr_shap_list_ir_1,lr_shap_list_ir_1_subset_31,orderSum,"['Wilderness_Area4', 'Wilderness_Area3', 'Hillshade_3pm', 'Hillshade_Noon', 'Horizontal_Distance_To_Roadways', 'Hillshade_9am', 'Elevation', 'Horizontal_Distance_To_Hydrology', 'Slope', 'Horizontal_Distance_To_Fire_Points', 'Soil_Type10', 'Vertical_Distance_To_Hydrology', 'Aspect', 'Soil_Type4', 'Soil_Type3', 'Soil_Type2', 'Soil_Type6', 'Soil_Type1', 'Soil_Type5', 'Soil_Type11', 'Soil_Type14', 'Soil_Type17', 'Soil_Type16', 'Soil_Type32', 'Soil_Type13']"
1020,lr_shap_list_ir_3,lr_shap_list_ir_3_subset_67,orderMean,"['Wilderness_Area4', 'Wilderness_Area3', 'Hillshade_3pm', 'Hillshade_Noon', 'Elevation', 'Horizontal_Distance_To_Roadways', 'Horizontal_Distance_To_Hydrology', 'Hillshade_9am', 'Slope', 'Horizontal_Distance_To_Fire_Points', 'Soil_Type10', 'Soil_Type2', 'Soil_Type4', 'Soil_Type1', 'Soil_Type3', 'Vertical_Distance_To_Hydrology', 'Soil_Type6', 'Soil_Type17', 'Soil_Type11', 'Soil_Type5', 'Soil_Type16', 'Soil_Type14', 'Aspect', 'Soil_Type32', 'Soil_Type13']"
1021,lr_shap_list_ir_3,lr_shap_list_ir_3_subset_67,orderStd,"['Hillshade_3pm', 'Hillshade_Noon', 'Wilderness_Area4', 'Wilderness_Area3', 'Horizontal_Distance_To_Roadways', 'Elevation', 'Horizontal_Distance_To_Hydrology', 'Hillshade_9am', 'Slope', 'Horizontal_Distance_To_Fire_Points', 'Soil_Type2', 'Soil_Type1', 'Soil_Type3', 'Soil_Type14', 'Soil_Type17', 'Soil_Type4', 'Soil_Type5', 'Soil_Type10', 'Soil_Type6', 'Soil_Type11', 'Vertical_Distance_To_Hydrology', 'Soil_Type16', 'Aspect', 'Soil_Type32', 'Soil_Type13']"
1022,lr_shap_list_ir_3,lr_shap_list_ir_3_subset_67,orderSum,"['Wilderness_Area4', 'Wilderness_Area3', 'Hillshade_3pm', 'Hillshade_Noon', 'Elevation', 'Horizontal_Distance_To_Roadways', 'Horizontal_Distance_To_Hydrology', 'Hillshade_9am', 'Slope', 'Horizontal_Distance_To_Fire_Points', 'Soil_Type10', 'Soil_Type2', 'Soil_Type4', 'Soil_Type1', 'Soil_Type3', 'Vertical_Distance_To_Hydrology', 'Soil_Type6', 'Soil_Type17', 'Soil_Type11', 'Soil_Type5', 'Soil_Type16', 'Soil_Type14', 'Aspect', 'Soil_Type32', 'Soil_Type13']"
1023,lr_shap_list_ir_2,lr_shap_list_ir_2_subset_64,orderMean,"['Wilderness_Area4', 'Wilderness_Area3', 'Hillshade_3pm', 'Hillshade_Noon', 'Horizontal_Distance_To_Roadways', 'Hillshade_9am', 'Elevation', 'Slope', 'Horizontal_Distance_To_Hydrology', 'Horizontal_Distance_To_Fire_Points', 'Soil_Type10', 'Soil_Type2', 'Vertical_Distance_To_Hydrology', 'Aspect', 'Soil_Type1', 'Soil_Type4', 'Soil_Type3', 'Soil_Type6', 'Soil_Type11', 'Soil_Type5', 'Soil_Type14', 'Soil_Type17', 'Soil_Type16', 'Soil_Type32', 'Soil_Type13']"
1024,lr_shap_list_ir_2,lr_shap_list_ir_2_subset_64,orderStd,"['Hillshade_3pm', 'Hillshade_Noon', 'Wilderness_Area4', 'Horizontal_Distance_To_Roadways', 'Hillshade_9am', 'Wilderness_Area3', 'Elevation', 'Horizontal_Distance_To_Hydrology', 'Slope', 'Horizontal_Distance_To_Fire_Points', 'Soil_Type2', 'Soil_Type11', 'Soil_Type1', 'Soil_Type5', 'Soil_Type17', 'Soil_Type3', 'Soil_Type14', 'Vertical_Distance_To_Hydrology', 'Soil_Type6', 'Soil_Type10', 'Soil_Type16', 'Soil_Type4', 'Aspect', 'Soil_Type32', 'Soil_Type13']"
1025,lr_shap_list_ir_2,lr_shap_list_ir_2_subset_64,orderSum,"['Wilderness_Area4', 'Wilderness_Area3', 'Hillshade_3pm', 'Hillshade_Noon', 'Horizontal_Distance_To_Roadways', 'Hillshade_9am', 'Elevation', 'Slope', 'Horizontal_Distance_To_Hydrology', 'Horizontal_Distance_To_Fire_Points', 'Soil_Type10', 'Soil_Type2', 'Vertical_Distance_To_Hydrology', 'Aspect', 'Soil_Type1', 'Soil_Type4', 'Soil_Type3', 'Soil_Type6', 'Soil_Type11', 'Soil_Type5', 'Soil_Type14', 'Soil_Type17', 'Soil_Type16', 'Soil_Type32', 'Soil_Type13']"
1026,lr_shap_list_ir_1,lr_shap_list_ir_1_subset_6,orderMean,"['Wilderness_Area3', 'Wilderness_Area4', 'Horizontal_Distance_To_Roadways', 'Elevation', 'Hillshade_9am', 'Hillshade_Noon', 'Soil_Type10', 'Horizontal_Distance_To_Hydrology', 'Soil_Type6', 'Soil_Type2', 'Slope', 'Soil_Type4', 'Horizontal_Distance_To_Fire_Points', 'Hillshade_3pm', 'Soil_Type1', 'Soil_Type3', 'Vertical_Distance_To_Hydrology', 'Aspect', 'Soil_Type5', 'Soil_Type17', 'Soil_Type11', 'Soil_Type14', 'Soil_Type16', 'Soil_Type32', 'Soil_Type13']"
1027,lr_shap_list_ir_1,lr_shap_list_ir_1_subset_6,orderStd,"['Wilderness_Area3', 'Horizontal_Distance_To_Roadways', 'Wilderness_Area4', 'Elevation', 'Hillshade_Noon', 'Hillshade_9am', 'Soil_Type6', 'Soil_Type2', 'Horizontal_Distance_To_Hydrology', 'Soil_Type1', 'Soil_Type5', 'Soil_Type3', 'Soil_Type10', 'Soil_Type4', 'Horizontal_Distance_To_Fire_Points', 'Slope', 'Hillshade_3pm', 'Soil_Type14', 'Soil_Type17', 'Vertical_Distance_To_Hydrology', 'Soil_Type11', 'Soil_Type16', 'Aspect', 'Soil_Type32', 'Soil_Type13']"
1028,lr_shap_list_ir_1,lr_shap_list_ir_1_subset_6,orderSum,"['Wilderness_Area3', 'Wilderness_Area4', 'Horizontal_Distance_To_Roadways', 'Elevation', 'Hillshade_9am', 'Hillshade_Noon', 'Soil_Type10', 'Horizontal_Distance_To_Hydrology', 'Soil_Type6', 'Soil_Type2', 'Slope', 'Soil_Type4', 'Horizontal_Distance_To_Fire_Points', 'Hillshade_3pm', 'Soil_Type1', 'Soil_Type3', 'Vertical_Distance_To_Hydrology', 'Aspect', 'Soil_Type5', 'Soil_Type17', 'Soil_Type11', 'Soil_Type14', 'Soil_Type16', 'Soil_Type32', 'Soil_Type13']"
1029,lr_shap_list_ir_3,lr_shap_list_ir_3_subset_78,orderMean,"['Wilderness_Area4', 'Wilderness_Area3', 'Hillshade_3pm', 'Hillshade_Noon', 'Elevation', 'Horizontal_Distance_To_Roadways', 'Horizontal_Distance_To_Fire_Points', 'Slope', 'Hillshade_9am', 'Horizontal_Distance_To_Hydrology', 'Soil_Type10', 'Soil_Type2', 'Soil_Type3', 'Soil_Type1', 'Soil_Type6', 'Soil_Type4', 'Soil_Type16', 'Soil_Type17', 'Soil_Type5', 'Aspect', 'Soil_Type11', 'Vertical_Distance_To_Hydrology', 'Soil_Type14', 'Soil_Type32', 'Soil_Type13']"
1030,lr_shap_list_ir_3,lr_shap_list_ir_3_subset_78,orderStd,"['Hillshade_3pm', 'Hillshade_Noon', 'Horizontal_Distance_To_Roadways', 'Elevation', 'Wilderness_Area4', 'Wilderness_Area3', 'Horizontal_Distance_To_Fire_Points', 'Slope', 'Horizontal_Distance_To_Hydrology', 'Soil_Type3', 'Hillshade_9am', 'Soil_Type1', 'Soil_Type17', 'Soil_Type2', 'Soil_Type10', 'Soil_Type14', 'Soil_Type5', 'Soil_Type6', 'Soil_Type11', 'Soil_Type16', 'Soil_Type4', 'Aspect', 'Vertical_Distance_To_Hydrology', 'Soil_Type32', 'Soil_Type13']"
1031,lr_shap_list_ir_3,lr_shap_list_ir_3_subset_78,orderSum,"['Wilderness_Area4', 'Wilderness_Area3', 'Hillshade_3pm', 'Hillshade_Noon', 'Elevation', 'Horizontal_Distance_To_Roadways', 'Horizontal_Distance_To_Fire_Points', 'Slope', 'Hillshade_9am', 'Horizontal_Distance_To_Hydrology', 'Soil_Type10', 'Soil_Type2', 'Soil_Type3', 'Soil_Type1', 'Soil_Type6', 'Soil_Type4', 'Soil_Type16', 'Soil_Type17', 'Soil_Type5', 'Aspect', 'Soil_Type11', 'Vertical_Distance_To_Hydrology', 'Soil_Type14', 'Soil_Type32', 'Soil_Type13']"
1032,lr_shap_list_ir_1,lr_shap_list_ir_1_subset_26,orderMean,"['Wilderness_Area4', 'Wilderness_Area3', 'Hillshade_3pm', 'Hillshade_Noon', 'Horizontal_Distance_To_Roadways', 'Horizontal_Distance_To_Hydrology', 'Elevation', 'Hillshade_9am', 'Slope', 'Horizontal_Distance_To_Fire_Points', 'Vertical_Distance_To_Hydrology', 'Soil_Type4', 'Soil_Type3', 'Soil_Type6', 'Aspect', 'Soil_Type2', 'Soil_Type1', 'Soil_Type11', 'Soil_Type10', 'Soil_Type5', 'Soil_Type17', 'Soil_Type14', 'Soil_Type16', 'Soil_Type32', 'Soil_Type13']"
1033,lr_shap_list_ir_1,lr_shap_list_ir_1_subset_26,orderStd,"['Hillshade_3pm', 'Hillshade_Noon', 'Horizontal_Distance_To_Roadways', 'Elevation', 'Horizontal_Distance_To_Hydrology', 'Wilderness_Area4', 'Hillshade_9am', 'Slope', 'Wilderness_Area3', 'Vertical_Distance_To_Hydrology', 'Horizontal_Distance_To_Fire_Points', 'Soil_Type4', 'Soil_Type1', 'Soil_Type5', 'Soil_Type6', 'Soil_Type3', 'Soil_Type17', 'Soil_Type11', 'Soil_Type2', 'Soil_Type16', 'Soil_Type14', 'Aspect', 'Soil_Type10', 'Soil_Type32', 'Soil_Type13']"
1034,lr_shap_list_ir_1,lr_shap_list_ir_1_subset_26,orderSum,"['Wilderness_Area4', 'Wilderness_Area3', 'Hillshade_3pm', 'Hillshade_Noon', 'Horizontal_Distance_To_Roadways', 'Horizontal_Distance_To_Hydrology', 'Elevation', 'Hillshade_9am', 'Slope', 'Horizontal_Distance_To_Fire_Points', 'Vertical_Distance_To_Hydrology', 'Soil_Type4', 'Soil_Type3', 'Soil_Type6', 'Aspect', 'Soil_Type2', 'Soil_Type1', 'Soil_Type11', 'Soil_Type10', 'Soil_Type5', 'Soil_Type17', 'Soil_Type14', 'Soil_Type16', 'Soil_Type32', 'Soil_Type13']"
1035,lr_shap_list_ir_2,lr_shap_list_ir_2_subset_35,orderMean,"['Wilderness_Area4', 'Wilderness_Area3', 'Hillshade_3pm', 'Hillshade_Noon', 'Hillshade_9am', 'Elevation', 'Horizontal_Distance_To_Hydrology', 'Horizontal_Distance_To_Roadways', 'Slope', 'Horizontal_Distance_To_Fire_Points', 'Vertical_Distance_To_Hydrology', 'Soil_Type10', 'Soil_Type4', 'Soil_Type2', 'Soil_Type1', 'Soil_Type6', 'Soil_Type3', 'Soil_Type17', 'Soil_Type11', 'Aspect', 'Soil_Type5', 'Soil_Type16', 'Soil_Type14', 'Soil_Type32', 'Soil_Type13']"
1036,lr_shap_list_ir_2,lr_shap_list_ir_2_subset_35,orderStd,"['Hillshade_3pm', 'Hillshade_Noon', 'Wilderness_Area4', 'Hillshade_9am', 'Horizontal_Distance_To_Roadways', 'Elevation', 'Horizontal_Distance_To_Hydrology', 'Wilderness_Area3', 'Slope', 'Horizontal_Distance_To_Fire_Points', 'Soil_Type1', 'Vertical_Distance_To_Hydrology', 'Soil_Type17', 'Soil_Type11', 'Soil_Type6', 'Soil_Type3', 'Soil_Type10', 'Soil_Type14', 'Soil_Type2', 'Soil_Type4', 'Soil_Type16', 'Soil_Type5', 'Aspect', 'Soil_Type32', 'Soil_Type13']"
1037,lr_shap_list_ir_2,lr_shap_list_ir_2_subset_35,orderSum,"['Wilderness_Area4', 'Wilderness_Area3', 'Hillshade_3pm', 'Hillshade_Noon', 'Hillshade_9am', 'Elevation', 'Horizontal_Distance_To_Hydrology', 'Horizontal_Distance_To_Roadways', 'Slope', 'Horizontal_Distance_To_Fire_Points', 'Vertical_Distance_To_Hydrology', 'Soil_Type10', 'Soil_Type4', 'Soil_Type2', 'Soil_Type1', 'Soil_Type6', 'Soil_Type3', 'Soil_Type17', 'Soil_Type11', 'Aspect', 'Soil_Type5', 'Soil_Type16', 'Soil_Type14', 'Soil_Type32', 'Soil_Type13']"
1038,lr_shap_list_ir_1,lr_shap_list_ir_1_subset_64,orderMean,"['Wilderness_Area4', 'Hillshade_3pm', 'Hillshade_Noon', 'Hillshade_9am', 'Wilderness_Area3', 'Horizontal_Distance_To_Roadways', 'Elevation', 'Slope', 'Horizontal_Distance_To_Hydrology', 'Horizontal_Distance_To_Fire_Points', 'Vertical_Distance_To_Hydrology', 'Aspect', 'Soil_Type1', 'Soil_Type2', 'Soil_Type3', 'Soil_Type14', 'Soil_Type10', 'Soil_Type17', 'Soil_Type4', 'Soil_Type5', 'Soil_Type6', 'Soil_Type16', 'Soil_Type11', 'Soil_Type32', 'Soil_Type13']"
1039,lr_shap_list_ir_1,lr_shap_list_ir_1_subset_64,orderStd,"['Hillshade_3pm', 'Hillshade_Noon', 'Hillshade_9am', 'Wilderness_Area4', 'Horizontal_Distance_To_Roadways', 'Elevation', 'Slope', 'Wilderness_Area3', 'Horizontal_Distance_To_Hydrology', 'Horizontal_Distance_To_Fire_Points', 'Soil_Type1', 'Soil_Type17', 'Soil_Type3', 'Soil_Type14', 'Vertical_Distance_To_Hydrology', 'Soil_Type2', 'Aspect', 'Soil_Type16', 'Soil_Type5', 'Soil_Type6', 'Soil_Type4', 'Soil_Type10', 'Soil_Type11', 'Soil_Type32', 'Soil_Type13']"
1040,lr_shap_list_ir_1,lr_shap_list_ir_1_subset_64,orderSum,"['Wilderness_Area4', 'Hillshade_3pm', 'Hillshade_Noon', 'Hillshade_9am', 'Wilderness_Area3', 'Horizontal_Distance_To_Roadways', 'Elevation', 'Slope', 'Horizontal_Distance_To_Hydrology', 'Horizontal_Distance_To_Fire_Points', 'Vertical_Distance_To_Hydrology', 'Aspect', 'Soil_Type1', 'Soil_Type2', 'Soil_Type3', 'Soil_Type14', 'Soil_Type10', 'Soil_Type17', 'Soil_Type4', 'Soil_Type5', 'Soil_Type6', 'Soil_Type16', 'Soil_Type11', 'Soil_Type32', 'Soil_Type13']"
1041,lr_shap_list_ir_1,lr_shap_list_ir_1_subset_87,orderMean,"['Wilderness_Area3', 'Wilderness_Area4', 'Hillshade_Noon', 'Hillshade_3pm', 'Horizontal_Distance_To_Roadways', 'Elevation', 'Horizontal_Distance_To_Fire_Points', 'Slope', 'Horizontal_Distance_To_Hydrology', 'Soil_Type3', 'Vertical_Distance_To_Hydrology', 'Aspect', 'Soil_Type4', 'Soil_Type17', 'Hillshade_9am', 'Soil_Type10', 'Soil_Type6', 'Soil_Type1', 'Soil_Type2', 'Soil_Type5', 'Soil_Type14', 'Soil_Type11', 'Soil_Type16', 'Soil_Type32', 'Soil_Type13']"
1042,lr_shap_list_ir_1,lr_shap_list_ir_1_subset_87,orderStd,"['Wilderness_Area3', 'Hillshade_Noon', 'Hillshade_3pm', 'Horizontal_Distance_To_Roadways', 'Wilderness_Area4', 'Elevation', 'Soil_Type16', 'Horizontal_Distance_To_Fire_Points', 'Soil_Type3', 'Slope', 'Horizontal_Distance_To_Hydrology', 'Soil_Type14', 'Soil_Type17', 'Soil_Type5', 'Soil_Type6', 'Vertical_Distance_To_Hydrology', 'Soil_Type1', 'Soil_Type2', 'Soil_Type11', 'Aspect', 'Soil_Type4', 'Hillshade_9am', 'Soil_Type10', 'Soil_Type32', 'Soil_Type13']"
1043,lr_shap_list_ir_1,lr_shap_list_ir_1_subset_87,orderSum,"['Wilderness_Area3', 'Wilderness_Area4', 'Hillshade_Noon', 'Hillshade_3pm', 'Horizontal_Distance_To_Roadways', 'Elevation', 'Horizontal_Distance_To_Fire_Points', 'Slope', 'Horizontal_Distance_To_Hydrology', 'Soil_Type3', 'Vertical_Distance_To_Hydrology', 'Aspect', 'Soil_Type4', 'Soil_Type17', 'Hillshade_9am', 'Soil_Type10', 'Soil_Type6', 'Soil_Type1', 'Soil_Type2', 'Soil_Type5', 'Soil_Type14', 'Soil_Type11', 'Soil_Type16', 'Soil_Type32', 'Soil_Type13']"
1044,lr_shap_list_ir_1,lr_shap_list_ir_1_subset_2,orderMean,"['Wilderness_Area3', 'Wilderness_Area4', 'Hillshade_Noon', 'Hillshade_3pm', 'Horizontal_Distance_To_Roadways', 'Elevation', 'Horizontal_Distance_To_Hydrology', 'Horizontal_Distance_To_Fire_Points', 'Hillshade_9am', 'Soil_Type4', 'Soil_Type10', 'Soil_Type2', 'Soil_Type1', 'Slope', 'Vertical_Distance_To_Hydrology', 'Soil_Type6', 'Aspect', 'Soil_Type5', 'Soil_Type11', 'Soil_Type17', 'Soil_Type14', 'Soil_Type3', 'Soil_Type16', 'Soil_Type32', 'Soil_Type13']"
1045,lr_shap_list_ir_1,lr_shap_list_ir_1_subset_2,orderStd,"['Hillshade_Noon', 'Hillshade_3pm', 'Horizontal_Distance_To_Roadways', 'Wilderness_Area3', 'Elevation', 'Soil_Type1', 'Horizontal_Distance_To_Hydrology', 'Horizontal_Distance_To_Fire_Points', 'Hillshade_9am', 'Wilderness_Area4', 'Soil_Type2', 'Soil_Type10', 'Soil_Type4', 'Soil_Type6', 'Soil_Type5', 'Slope', 'Vertical_Distance_To_Hydrology', 'Soil_Type14', 'Soil_Type17', 'Soil_Type11', 'Aspect', 'Soil_Type16', 'Soil_Type32', 'Soil_Type3', 'Soil_Type13']"
1046,lr_shap_list_ir_1,lr_shap_list_ir_1_subset_2,orderSum,"['Wilderness_Area3', 'Wilderness_Area4', 'Hillshade_Noon', 'Hillshade_3pm', 'Horizontal_Distance_To_Roadways', 'Elevation', 'Horizontal_Distance_To_Hydrology', 'Horizontal_Distance_To_Fire_Points', 'Hillshade_9am', 'Soil_Type4', 'Soil_Type10', 'Soil_Type2', 'Soil_Type1', 'Slope', 'Vertical_Distance_To_Hydrology', 'Soil_Type6', 'Aspect', 'Soil_Type5', 'Soil_Type11', 'Soil_Type17', 'Soil_Type14', 'Soil_Type3', 'Soil_Type16', 'Soil_Type32', 'Soil_Type13']"
1047,lr_shap_list_ir_4,lr_shap_list_ir_4_subset_102,orderMean,"['Wilderness_Area4', 'Wilderness_Area3', 'Hillshade_3pm', 'Hillshade_Noon', 'Horizontal_Distance_To_Roadways', 'Elevation', 'Horizontal_Distance_To_Hydrology', 'Slope', 'Hillshade_9am', 'Horizontal_Distance_To_Fire_Points', 'Soil_Type10', 'Soil_Type4', 'Soil_Type2', 'Vertical_Distance_To_Hydrology', 'Soil_Type6', 'Soil_Type3', 'Soil_Type1', 'Soil_Type17', 'Aspect', 'Soil_Type11', 'Soil_Type14', 'Soil_Type5', 'Soil_Type16', 'Soil_Type32', 'Soil_Type13']"
1048,lr_shap_list_ir_4,lr_shap_list_ir_4_subset_102,orderStd,"['Hillshade_3pm', 'Wilderness_Area4', 'Wilderness_Area3', 'Hillshade_Noon', 'Horizontal_Distance_To_Roadways', 'Elevation', 'Horizontal_Distance_To_Hydrology', 'Hillshade_9am', 'Slope', 'Horizontal_Distance_To_Fire_Points', 'Soil_Type1', 'Soil_Type17', 'Soil_Type2', 'Soil_Type14', 'Soil_Type6', 'Soil_Type4', 'Soil_Type3', 'Soil_Type5', 'Soil_Type10', 'Vertical_Distance_To_Hydrology', 'Soil_Type11', 'Soil_Type16', 'Aspect', 'Soil_Type32', 'Soil_Type13']"
1049,lr_shap_list_ir_4,lr_shap_list_ir_4_subset_102,orderSum,"['Wilderness_Area4', 'Wilderness_Area3', 'Hillshade_3pm', 'Hillshade_Noon', 'Horizontal_Distance_To_Roadways', 'Elevation', 'Horizontal_Distance_To_Hydrology', 'Slope', 'Hillshade_9am', 'Horizontal_Distance_To_Fire_Points', 'Soil_Type10', 'Soil_Type4', 'Soil_Type2', 'Vertical_Distance_To_Hydrology', 'Soil_Type6', 'Soil_Type3', 'Soil_Type1', 'Soil_Type17', 'Aspect', 'Soil_Type11', 'Soil_Type14', 'Soil_Type5', 'Soil_Type16', 'Soil_Type32', 'Soil_Type13']"
1050,lr_shap_list_ir_4,lr_shap_list_ir_4_subset_99,orderMean,"['Wilderness_Area4', 'Hillshade_3pm', 'Wilderness_Area3', 'Hillshade_Noon', 'Hillshade_9am', 'Elevation', 'Horizontal_Distance_To_Roadways', 'Slope', 'Horizontal_Distance_To_Hydrology', 'Horizontal_Distance_To_Fire_Points', 'Soil_Type3', 'Soil_Type2', 'Soil_Type1', 'Soil_Type10', 'Soil_Type17', 'Soil_Type6', 'Vertical_Distance_To_Hydrology', 'Aspect', 'Soil_Type5', 'Soil_Type4', 'Soil_Type11', 'Soil_Type14', 'Soil_Type16', 'Soil_Type32', 'Soil_Type13']"
1051,lr_shap_list_ir_4,lr_shap_list_ir_4_subset_99,orderStd,"['Hillshade_3pm', 'Hillshade_Noon', 'Wilderness_Area4', 'Hillshade_9am', 'Wilderness_Area3', 'Horizontal_Distance_To_Roadways', 'Elevation', 'Slope', 'Horizontal_Distance_To_Fire_Points', 'Horizontal_Distance_To_Hydrology', 'Soil_Type17', 'Soil_Type1', 'Soil_Type2', 'Soil_Type3', 'Soil_Type14', 'Soil_Type5', 'Soil_Type6', 'Soil_Type16', 'Soil_Type11', 'Vertical_Distance_To_Hydrology', 'Soil_Type10', 'Aspect', 'Soil_Type4', 'Soil_Type32', 'Soil_Type13']"
1052,lr_shap_list_ir_4,lr_shap_list_ir_4_subset_99,orderSum,"['Wilderness_Area4', 'Hillshade_3pm', 'Wilderness_Area3', 'Hillshade_Noon', 'Hillshade_9am', 'Elevation', 'Horizontal_Distance_To_Roadways', 'Slope', 'Horizontal_Distance_To_Hydrology', 'Horizontal_Distance_To_Fire_Points', 'Soil_Type3', 'Soil_Type2', 'Soil_Type1', 'Soil_Type10', 'Soil_Type17', 'Soil_Type6', 'Vertical_Distance_To_Hydrology', 'Aspect', 'Soil_Type5', 'Soil_Type4', 'Soil_Type11', 'Soil_Type14', 'Soil_Type16', 'Soil_Type32', 'Soil_Type13']"
1053,lr_shap_list_ir_4,lr_shap_list_ir_4_subset_101,orderMean,"['Wilderness_Area4', 'Wilderness_Area3', 'Hillshade_3pm', 'Hillshade_Noon', 'Horizontal_Distance_To_Roadways', 'Elevation', 'Horizontal_Distance_To_Hydrology', 'Slope', 'Horizontal_Distance_To_Fire_Points', 'Hillshade_9am', 'Soil_Type10', 'Soil_Type2', 'Soil_Type4', 'Soil_Type3', 'Soil_Type6', 'Soil_Type1', 'Vertical_Distance_To_Hydrology', 'Soil_Type17', 'Aspect', 'Soil_Type5', 'Soil_Type11', 'Soil_Type14', 'Soil_Type16', 'Soil_Type32', 'Soil_Type13']"
1054,lr_shap_list_ir_4,lr_shap_list_ir_4_subset_101,orderStd,"['Hillshade_3pm', 'Wilderness_Area4', 'Hillshade_Noon', 'Wilderness_Area3', 'Horizontal_Distance_To_Roadways', 'Elevation', 'Horizontal_Distance_To_Hydrology', 'Horizontal_Distance_To_Fire_Points', 'Slope', 'Soil_Type2', 'Hillshade_9am', 'Soil_Type1', 'Soil_Type14', 'Soil_Type6', 'Soil_Type17', 'Soil_Type3', 'Soil_Type4', 'Soil_Type5', 'Soil_Type11', 'Vertical_Distance_To_Hydrology', 'Soil_Type10', 'Soil_Type16', 'Aspect', 'Soil_Type32', 'Soil_Type13']"
1055,lr_shap_list_ir_4,lr_shap_list_ir_4_subset_101,orderSum,"['Wilderness_Area4', 'Wilderness_Area3', 'Hillshade_3pm', 'Hillshade_Noon', 'Horizontal_Distance_To_Roadways', 'Elevation', 'Horizontal_Distance_To_Hydrology', 'Slope', 'Horizontal_Distance_To_Fire_Points', 'Hillshade_9am', 'Soil_Type10', 'Soil_Type2', 'Soil_Type4', 'Soil_Type3', 'Soil_Type6', 'Soil_Type1', 'Vertical_Distance_To_Hydrology', 'Soil_Type17', 'Aspect', 'Soil_Type5', 'Soil_Type11', 'Soil_Type14', 'Soil_Type16', 'Soil_Type32', 'Soil_Type13']"
1056,lr_shap_list_ir_4,lr_shap_list_ir_4_subset_13,orderMean,"['Wilderness_Area3', 'Wilderness_Area4', 'Horizontal_Distance_To_Roadways', 'Hillshade_Noon', 'Elevation', 'Hillshade_3pm', 'Hillshade_9am', 'Horizontal_Distance_To_Hydrology', 'Soil_Type10', 'Horizontal_Distance_To_Fire_Points', 'Soil_Type4', 'Slope', 'Soil_Type6', 'Soil_Type2', 'Soil_Type1', 'Aspect', 'Soil_Type3', 'Soil_Type17', 'Vertical_Distance_To_Hydrology', 'Soil_Type5', 'Soil_Type14', 'Soil_Type16', 'Soil_Type11', 'Soil_Type32', 'Soil_Type13']"
1057,lr_shap_list_ir_4,lr_shap_list_ir_4_subset_13,orderStd,"['Wilderness_Area3', 'Wilderness_Area4', 'Horizontal_Distance_To_Roadways', 'Hillshade_Noon', 'Elevation', 'Hillshade_3pm', 'Horizontal_Distance_To_Hydrology', 'Soil_Type1', 'Hillshade_9am', 'Horizontal_Distance_To_Fire_Points', 'Soil_Type6', 'Soil_Type2', 'Soil_Type5', 'Soil_Type4', 'Soil_Type17', 'Soil_Type3', 'Slope', 'Soil_Type14', 'Soil_Type16', 'Soil_Type10', 'Aspect', 'Soil_Type11', 'Vertical_Distance_To_Hydrology', 'Soil_Type32', 'Soil_Type13']"
1058,lr_shap_list_ir_4,lr_shap_list_ir_4_subset_13,orderSum,"['Wilderness_Area3', 'Wilderness_Area4', 'Horizontal_Distance_To_Roadways', 'Hillshade_Noon', 'Elevation', 'Hillshade_3pm', 'Hillshade_9am', 'Horizontal_Distance_To_Hydrology', 'Soil_Type10', 'Horizontal_Distance_To_Fire_Points', 'Soil_Type4', 'Slope', 'Soil_Type6', 'Soil_Type2', 'Soil_Type1', 'Aspect', 'Soil_Type3', 'Soil_Type17', 'Vertical_Distance_To_Hydrology', 'Soil_Type5', 'Soil_Type14', 'Soil_Type16', 'Soil_Type11', 'Soil_Type32', 'Soil_Type13']"
1059,lr_shap_list_ir_5,lr_shap_list_ir_5_subset_24,orderMean,"['Wilderness_Area4', 'Wilderness_Area3', 'Hillshade_3pm', 'Hillshade_Noon', 'Horizontal_Distance_To_Roadways', 'Elevation', 'Horizontal_Distance_To_Hydrology', 'Horizontal_Distance_To_Fire_Points', 'Slope', 'Soil_Type10', 'Soil_Type4', 'Soil_Type1', 'Soil_Type2', 'Soil_Type3', 'Soil_Type6', 'Soil_Type17', 'Vertical_Distance_To_Hydrology', 'Hillshade_9am', 'Aspect', 'Soil_Type5', 'Soil_Type14', 'Soil_Type11', 'Soil_Type16', 'Soil_Type32', 'Soil_Type13']"
1060,lr_shap_list_ir_5,lr_shap_list_ir_5_subset_24,orderStd,"['Hillshade_3pm', 'Hillshade_Noon', 'Horizontal_Distance_To_Roadways', 'Wilderness_Area4', 'Elevation', 'Wilderness_Area3', 'Horizontal_Distance_To_Hydrology', 'Horizontal_Distance_To_Fire_Points', 'Soil_Type1', 'Soil_Type17', 'Soil_Type14', 'Slope', 'Soil_Type3', 'Soil_Type2', 'Soil_Type5', 'Soil_Type10', 'Soil_Type6', 'Soil_Type4', 'Soil_Type16', 'Vertical_Distance_To_Hydrology', 'Hillshade_9am', 'Soil_Type11', 'Aspect', 'Soil_Type32', 'Soil_Type13']"
1061,lr_shap_list_ir_5,lr_shap_list_ir_5_subset_24,orderSum,"['Wilderness_Area4', 'Wilderness_Area3', 'Hillshade_3pm', 'Hillshade_Noon', 'Horizontal_Distance_To_Roadways', 'Elevation', 'Horizontal_Distance_To_Hydrology', 'Horizontal_Distance_To_Fire_Points', 'Slope', 'Soil_Type10', 'Soil_Type4', 'Soil_Type1', 'Soil_Type2', 'Soil_Type3', 'Soil_Type6', 'Soil_Type17', 'Vertical_Distance_To_Hydrology', 'Hillshade_9am', 'Aspect', 'Soil_Type5', 'Soil_Type14', 'Soil_Type11', 'Soil_Type16', 'Soil_Type32', 'Soil_Type13']"
1062,lr_shap_list_ir_4,lr_shap_list_ir_4_subset_34,orderMean,"['Wilderness_Area4', 'Wilderness_Area3', 'Hillshade_3pm', 'Hillshade_Noon', 'Horizontal_Distance_To_Roadways', 'Elevation', 'Horizontal_Distance_To_Hydrology', 'Slope', 'Horizontal_Distance_To_Fire_Points', 'Soil_Type10', 'Soil_Type2', 'Soil_Type3', 'Soil_Type4', 'Soil_Type6', 'Hillshade_9am', 'Soil_Type1', 'Vertical_Distance_To_Hydrology', 'Soil_Type5', 'Aspect', 'Soil_Type17', 'Soil_Type14', 'Soil_Type11', 'Soil_Type16', 'Soil_Type32', 'Soil_Type13']"
1063,lr_shap_list_ir_4,lr_shap_list_ir_4_subset_34,orderStd,"['Hillshade_3pm', 'Hillshade_Noon', 'Wilderness_Area4', 'Horizontal_Distance_To_Roadways', 'Wilderness_Area3', 'Elevation', 'Horizontal_Distance_To_Hydrology', 'Slope', 'Horizontal_Distance_To_Fire_Points', 'Soil_Type1', 'Soil_Type2', 'Soil_Type3', 'Soil_Type17', 'Soil_Type6', 'Soil_Type14', 'Soil_Type5', 'Soil_Type4', 'Soil_Type10', 'Hillshade_9am', 'Soil_Type16', 'Soil_Type11', 'Vertical_Distance_To_Hydrology', 'Aspect', 'Soil_Type32', 'Soil_Type13']"
1064,lr_shap_list_ir_4,lr_shap_list_ir_4_subset_34,orderSum,"['Wilderness_Area4', 'Wilderness_Area3', 'Hillshade_3pm', 'Hillshade_Noon', 'Horizontal_Distance_To_Roadways', 'Elevation', 'Horizontal_Distance_To_Hydrology', 'Slope', 'Horizontal_Distance_To_Fire_Points', 'Soil_Type10', 'Soil_Type2', 'Soil_Type3', 'Soil_Type4', 'Soil_Type6', 'Hillshade_9am', 'Soil_Type1', 'Vertical_Distance_To_Hydrology', 'Soil_Type5', 'Aspect', 'Soil_Type17', 'Soil_Type14', 'Soil_Type11', 'Soil_Type16', 'Soil_Type32', 'Soil_Type13']"
1065,lr_shap_list_ir_4,lr_shap_list_ir_4_subset_29,orderMean,"['Wilderness_Area4', 'Wilderness_Area3', 'Hillshade_3pm', 'Hillshade_Noon', 'Elevation', 'Horizontal_Distance_To_Roadways', 'Horizontal_Distance_To_Hydrology', 'Horizontal_Distance_To_Fire_Points', 'Slope', 'Soil_Type10', 'Soil_Type4', 'Soil_Type2', 'Vertical_Distance_To_Hydrology', 'Soil_Type3', 'Soil_Type6', 'Hillshade_9am', 'Soil_Type1', 'Soil_Type14', 'Aspect', 'Soil_Type17', 'Soil_Type11', 'Soil_Type5', 'Soil_Type16', 'Soil_Type32', 'Soil_Type13']"
1066,lr_shap_list_ir_4,lr_shap_list_ir_4_subset_29,orderStd,"['Hillshade_3pm', 'Hillshade_Noon', 'Wilderness_Area4', 'Horizontal_Distance_To_Roadways', 'Wilderness_Area3', 'Elevation', 'Horizontal_Distance_To_Fire_Points', 'Horizontal_Distance_To_Hydrology', 'Soil_Type1', 'Slope', 'Soil_Type2', 'Soil_Type3', 'Soil_Type17', 'Soil_Type14', 'Soil_Type5', 'Soil_Type6', 'Soil_Type10', 'Vertical_Distance_To_Hydrology', 'Soil_Type11', 'Soil_Type4', 'Soil_Type16', 'Hillshade_9am', 'Aspect', 'Soil_Type32', 'Soil_Type13']"
1067,lr_shap_list_ir_4,lr_shap_list_ir_4_subset_29,orderSum,"['Wilderness_Area4', 'Wilderness_Area3', 'Hillshade_3pm', 'Hillshade_Noon', 'Elevation', 'Horizontal_Distance_To_Roadways', 'Horizontal_Distance_To_Hydrology', 'Horizontal_Distance_To_Fire_Points', 'Slope', 'Soil_Type10', 'Soil_Type4', 'Soil_Type2', 'Vertical_Distance_To_Hydrology', 'Soil_Type3', 'Soil_Type6', 'Hillshade_9am', 'Soil_Type1', 'Soil_Type14', 'Aspect', 'Soil_Type17', 'Soil_Type11', 'Soil_Type5', 'Soil_Type16', 'Soil_Type32', 'Soil_Type13']"
1068,lr_shap_list_ir_5,lr_shap_list_ir_5_subset_67,orderMean,"['Wilderness_Area4', 'Wilderness_Area3', 'Hillshade_3pm', 'Hillshade_Noon', 'Elevation', 'Horizontal_Distance_To_Roadways', 'Horizontal_Distance_To_Hydrology', 'Horizontal_Distance_To_Fire_Points', 'Slope', 'Soil_Type10', 'Soil_Type2', 'Soil_Type4', 'Soil_Type3', 'Hillshade_9am', 'Soil_Type6', 'Soil_Type1', 'Aspect', 'Vertical_Distance_To_Hydrology', 'Soil_Type14', 'Soil_Type17', 'Soil_Type5', 'Soil_Type11', 'Soil_Type16', 'Soil_Type32', 'Soil_Type13']"
1069,lr_shap_list_ir_5,lr_shap_list_ir_5_subset_67,orderStd,"['Hillshade_3pm', 'Hillshade_Noon', 'Horizontal_Distance_To_Roadways', 'Wilderness_Area4', 'Elevation', 'Wilderness_Area3', 'Horizontal_Distance_To_Fire_Points', 'Horizontal_Distance_To_Hydrology', 'Slope', 'Soil_Type2', 'Soil_Type1', 'Soil_Type14', 'Soil_Type17', 'Soil_Type3', 'Soil_Type4', 'Soil_Type5', 'Soil_Type10', 'Soil_Type6', 'Hillshade_9am', 'Soil_Type16', 'Soil_Type11', 'Vertical_Distance_To_Hydrology', 'Aspect', 'Soil_Type32', 'Soil_Type13']"
1070,lr_shap_list_ir_5,lr_shap_list_ir_5_subset_67,orderSum,"['Wilderness_Area4', 'Wilderness_Area3', 'Hillshade_3pm', 'Hillshade_Noon', 'Elevation', 'Horizontal_Distance_To_Roadways', 'Horizontal_Distance_To_Hydrology', 'Horizontal_Distance_To_Fire_Points', 'Slope', 'Soil_Type10', 'Soil_Type2', 'Soil_Type4', 'Soil_Type3', 'Hillshade_9am', 'Soil_Type6', 'Soil_Type1', 'Aspect', 'Vertical_Distance_To_Hydrology', 'Soil_Type14', 'Soil_Type17', 'Soil_Type5', 'Soil_Type11', 'Soil_Type16', 'Soil_Type32', 'Soil_Type13']"
1071,lr_shap_list_ir_4,lr_shap_list_ir_4_subset_65,orderMean,"['Wilderness_Area4', 'Hillshade_3pm', 'Wilderness_Area3', 'Hillshade_Noon', 'Hillshade_9am', 'Horizontal_Distance_To_Roadways', 'Elevation', 'Slope', 'Horizontal_Distance_To_Hydrology', 'Horizontal_Distance_To_Fire_Points', 'Soil_Type10', 'Soil_Type3', 'Soil_Type1', 'Soil_Type2', 'Vertical_Distance_To_Hydrology', 'Soil_Type14', 'Soil_Type4', 'Soil_Type6', 'Soil_Type17', 'Aspect', 'Soil_Type11', 'Soil_Type5', 'Soil_Type16', 'Soil_Type32', 'Soil_Type13']"
1072,lr_shap_list_ir_4,lr_shap_list_ir_4_subset_65,orderStd,"['Hillshade_3pm', 'Hillshade_Noon', 'Wilderness_Area4', 'Horizontal_Distance_To_Roadways', 'Hillshade_9am', 'Wilderness_Area3', 'Elevation', 'Slope', 'Horizontal_Distance_To_Hydrology', 'Horizontal_Distance_To_Fire_Points', 'Soil_Type1', 'Soil_Type17', 'Soil_Type3', 'Soil_Type14', 'Soil_Type2', 'Soil_Type6', 'Soil_Type11', 'Soil_Type5', 'Soil_Type10', 'Soil_Type16', 'Vertical_Distance_To_Hydrology', 'Soil_Type4', 'Aspect', 'Soil_Type32', 'Soil_Type13']"
1073,lr_shap_list_ir_4,lr_shap_list_ir_4_subset_65,orderSum,"['Wilderness_Area4', 'Hillshade_3pm', 'Wilderness_Area3', 'Hillshade_Noon', 'Hillshade_9am', 'Horizontal_Distance_To_Roadways', 'Elevation', 'Slope', 'Horizontal_Distance_To_Hydrology', 'Horizontal_Distance_To_Fire_Points', 'Soil_Type10', 'Soil_Type3', 'Soil_Type1', 'Soil_Type2', 'Vertical_Distance_To_Hydrology', 'Soil_Type14', 'Soil_Type4', 'Soil_Type6', 'Soil_Type17', 'Aspect', 'Soil_Type11', 'Soil_Type5', 'Soil_Type16', 'Soil_Type32', 'Soil_Type13']"
1074,lr_shap_list_ir_4,lr_shap_list_ir_4_subset_15,orderMean,"['Wilderness_Area4', 'Wilderness_Area3', 'Hillshade_3pm', 'Hillshade_Noon', 'Horizontal_Distance_To_Roadways', 'Elevation', 'Horizontal_Distance_To_Hydrology', 'Horizontal_Distance_To_Fire_Points', 'Slope', 'Soil_Type10', 'Hillshade_9am', 'Soil_Type2', 'Soil_Type4', 'Soil_Type3', 'Soil_Type1', 'Vertical_Distance_To_Hydrology', 'Soil_Type6', 'Soil_Type17', 'Soil_Type11', 'Aspect', 'Soil_Type14', 'Soil_Type5', 'Soil_Type16', 'Soil_Type32', 'Soil_Type13']"
1075,lr_shap_list_ir_4,lr_shap_list_ir_4_subset_15,orderStd,"['Hillshade_3pm', 'Hillshade_Noon', 'Horizontal_Distance_To_Roadways', 'Elevation', 'Wilderness_Area4', 'Wilderness_Area3', 'Horizontal_Distance_To_Hydrology', 'Soil_Type1', 'Horizontal_Distance_To_Fire_Points', 'Slope', 'Soil_Type2', 'Soil_Type6', 'Soil_Type14', 'Soil_Type17', 'Soil_Type5', 'Hillshade_9am', 'Soil_Type3', 'Soil_Type11', 'Soil_Type4', 'Vertical_Distance_To_Hydrology', 'Soil_Type10', 'Soil_Type16', 'Aspect', 'Soil_Type32', 'Soil_Type13']"
1076,lr_shap_list_ir_4,lr_shap_list_ir_4_subset_15,orderSum,"['Wilderness_Area4', 'Wilderness_Area3', 'Hillshade_3pm', 'Hillshade_Noon', 'Horizontal_Distance_To_Roadways', 'Elevation', 'Horizontal_Distance_To_Hydrology', 'Horizontal_Distance_To_Fire_Points', 'Slope', 'Soil_Type10', 'Hillshade_9am', 'Soil_Type2', 'Soil_Type4', 'Soil_Type3', 'Soil_Type1', 'Vertical_Distance_To_Hydrology', 'Soil_Type6', 'Soil_Type17', 'Soil_Type11', 'Aspect', 'Soil_Type14', 'Soil_Type5', 'Soil_Type16', 'Soil_Type32', 'Soil_Type13']"
1077,lr_shap_list_ir_4,lr_shap_list_ir_4_subset_100,orderMean,"['Wilderness_Area4', 'Hillshade_3pm', 'Wilderness_Area3', 'Hillshade_Noon', 'Horizontal_Distance_To_Roadways', 'Elevation', 'Hillshade_9am', 'Horizontal_Distance_To_Hydrology', 'Slope', 'Horizontal_Distance_To_Fire_Points', 'Soil_Type10', 'Soil_Type3', 'Soil_Type2', 'Soil_Type1', 'Aspect', 'Soil_Type6', 'Soil_Type4', 'Soil_Type17', 'Vertical_Distance_To_Hydrology', 'Soil_Type14', 'Soil_Type11', 'Soil_Type5', 'Soil_Type16', 'Soil_Type32', 'Soil_Type13']"
1078,lr_shap_list_ir_4,lr_shap_list_ir_4_subset_100,orderStd,"['Hillshade_3pm', 'Hillshade_Noon', 'Wilderness_Area4', 'Horizontal_Distance_To_Roadways', 'Wilderness_Area3', 'Elevation', 'Hillshade_9am', 'Horizontal_Distance_To_Hydrology', 'Slope', 'Horizontal_Distance_To_Fire_Points', 'Soil_Type17', 'Soil_Type3', 'Soil_Type1', 'Soil_Type14', 'Soil_Type5', 'Soil_Type2', 'Soil_Type6', 'Soil_Type11', 'Soil_Type10', 'Soil_Type16', 'Aspect', 'Soil_Type4', 'Vertical_Distance_To_Hydrology', 'Soil_Type32', 'Soil_Type13']"
1079,lr_shap_list_ir_4,lr_shap_list_ir_4_subset_100,orderSum,"['Wilderness_Area4', 'Hillshade_3pm', 'Wilderness_Area3', 'Hillshade_Noon', 'Horizontal_Distance_To_Roadways', 'Elevation', 'Hillshade_9am', 'Horizontal_Distance_To_Hydrology', 'Slope', 'Horizontal_Distance_To_Fire_Points', 'Soil_Type10', 'Soil_Type3', 'Soil_Type2', 'Soil_Type1', 'Aspect', 'Soil_Type6', 'Soil_Type4', 'Soil_Type17', 'Vertical_Distance_To_Hydrology', 'Soil_Type14', 'Soil_Type11', 'Soil_Type5', 'Soil_Type16', 'Soil_Type32', 'Soil_Type13']"
1080,lr_shap_list_ir_4,lr_shap_list_ir_4_subset_33,orderMean,"['Wilderness_Area4', 'Wilderness_Area3', 'Hillshade_3pm', 'Hillshade_Noon', 'Horizontal_Distance_To_Roadways', 'Elevation', 'Hillshade_9am', 'Horizontal_Distance_To_Hydrology', 'Horizontal_Distance_To_Fire_Points', 'Slope', 'Soil_Type10', 'Soil_Type2', 'Soil_Type4', 'Soil_Type1', 'Soil_Type17', 'Soil_Type3', 'Soil_Type6', 'Aspect', 'Vertical_Distance_To_Hydrology', 'Soil_Type5', 'Soil_Type11', 'Soil_Type14', 'Soil_Type16', 'Soil_Type32', 'Soil_Type13']"
1081,lr_shap_list_ir_4,lr_shap_list_ir_4_subset_33,orderStd,"['Hillshade_3pm', 'Hillshade_Noon', 'Wilderness_Area4', 'Wilderness_Area3', 'Horizontal_Distance_To_Roadways', 'Elevation', 'Horizontal_Distance_To_Fire_Points', 'Horizontal_Distance_To_Hydrology', 'Hillshade_9am', 'Soil_Type1', 'Slope', 'Soil_Type3', 'Soil_Type2', 'Soil_Type17', 'Soil_Type14', 'Soil_Type6', 'Soil_Type4', 'Soil_Type5', 'Soil_Type10', 'Soil_Type16', 'Soil_Type11', 'Vertical_Distance_To_Hydrology', 'Aspect', 'Soil_Type32', 'Soil_Type13']"
1082,lr_shap_list_ir_4,lr_shap_list_ir_4_subset_33,orderSum,"['Wilderness_Area4', 'Wilderness_Area3', 'Hillshade_3pm', 'Hillshade_Noon', 'Horizontal_Distance_To_Roadways', 'Elevation', 'Hillshade_9am', 'Horizontal_Distance_To_Hydrology', 'Horizontal_Distance_To_Fire_Points', 'Slope', 'Soil_Type10', 'Soil_Type2', 'Soil_Type4', 'Soil_Type1', 'Soil_Type17', 'Soil_Type3', 'Soil_Type6', 'Aspect', 'Vertical_Distance_To_Hydrology', 'Soil_Type5', 'Soil_Type11', 'Soil_Type14', 'Soil_Type16', 'Soil_Type32', 'Soil_Type13']"
1083,lr_shap_list_ir_2,lr_shap_list_ir_2_subset_30,orderMean,"['Wilderness_Area4', 'Wilderness_Area3', 'Hillshade_3pm', 'Hillshade_Noon', 'Hillshade_9am', 'Horizontal_Distance_To_Roadways', 'Elevation', 'Horizontal_Distance_To_Hydrology', 'Horizontal_Distance_To_Fire_Points', 'Soil_Type10', 'Slope', 'Soil_Type2', 'Vertical_Distance_To_Hydrology', 'Aspect', 'Soil_Type1', 'Soil_Type4', 'Soil_Type6', 'Soil_Type17', 'Soil_Type11', 'Soil_Type3', 'Soil_Type5', 'Soil_Type14', 'Soil_Type16', 'Soil_Type32', 'Soil_Type13']"
1084,lr_shap_list_ir_2,lr_shap_list_ir_2_subset_30,orderStd,"['Hillshade_3pm', 'Hillshade_Noon', 'Wilderness_Area4', 'Wilderness_Area3', 'Horizontal_Distance_To_Roadways', 'Hillshade_9am', 'Elevation', 'Horizontal_Distance_To_Hydrology', 'Horizontal_Distance_To_Fire_Points', 'Soil_Type2', 'Soil_Type1', 'Slope', 'Soil_Type11', 'Soil_Type17', 'Soil_Type4', 'Soil_Type6', 'Soil_Type10', 'Vertical_Distance_To_Hydrology', 'Soil_Type14', 'Aspect', 'Soil_Type5', 'Soil_Type16', 'Soil_Type3', 'Soil_Type32', 'Soil_Type13']"
1085,lr_shap_list_ir_2,lr_shap_list_ir_2_subset_30,orderSum,"['Wilderness_Area4', 'Wilderness_Area3', 'Hillshade_3pm', 'Hillshade_Noon', 'Hillshade_9am', 'Horizontal_Distance_To_Roadways', 'Elevation', 'Horizontal_Distance_To_Hydrology', 'Horizontal_Distance_To_Fire_Points', 'Soil_Type10', 'Slope', 'Soil_Type2', 'Vertical_Distance_To_Hydrology', 'Aspect', 'Soil_Type1', 'Soil_Type4', 'Soil_Type6', 'Soil_Type17', 'Soil_Type11', 'Soil_Type3', 'Soil_Type5', 'Soil_Type14', 'Soil_Type16', 'Soil_Type32', 'Soil_Type13']"
1086,lr_shap_list_ir_2,lr_shap_list_ir_2_subset_8,orderMean,"['Wilderness_Area4', 'Wilderness_Area3', 'Hillshade_3pm', 'Horizontal_Distance_To_Roadways', 'Hillshade_Noon', 'Elevation', 'Slope', 'Horizontal_Distance_To_Fire_Points', 'Soil_Type10', 'Horizontal_Distance_To_Hydrology', 'Soil_Type2', 'Hillshade_9am', 'Soil_Type6', 'Soil_Type3', 'Soil_Type4', 'Soil_Type1', 'Vertical_Distance_To_Hydrology', 'Soil_Type11', 'Soil_Type17', 'Soil_Type5', 'Soil_Type16', 'Soil_Type14', 'Aspect', 'Soil_Type32', 'Soil_Type13']"
1087,lr_shap_list_ir_2,lr_shap_list_ir_2_subset_8,orderStd,"['Hillshade_3pm', 'Horizontal_Distance_To_Roadways', 'Wilderness_Area4', 'Hillshade_Noon', 'Elevation', 'Wilderness_Area3', 'Horizontal_Distance_To_Fire_Points', 'Slope', 'Horizontal_Distance_To_Hydrology', 'Soil_Type2', 'Soil_Type11', 'Soil_Type3', 'Soil_Type1', 'Soil_Type17', 'Soil_Type6', 'Hillshade_9am', 'Soil_Type5', 'Soil_Type14', 'Soil_Type10', 'Soil_Type4', 'Soil_Type16', 'Vertical_Distance_To_Hydrology', 'Soil_Type32', 'Aspect', 'Soil_Type13']"
1088,lr_shap_list_ir_2,lr_shap_list_ir_2_subset_8,orderSum,"['Wilderness_Area4', 'Wilderness_Area3', 'Hillshade_3pm', 'Horizontal_Distance_To_Roadways', 'Hillshade_Noon', 'Elevation', 'Slope', 'Horizontal_Distance_To_Fire_Points', 'Soil_Type10', 'Horizontal_Distance_To_Hydrology', 'Soil_Type2', 'Hillshade_9am', 'Soil_Type6', 'Soil_Type3', 'Soil_Type4', 'Soil_Type1', 'Vertical_Distance_To_Hydrology', 'Soil_Type11', 'Soil_Type17', 'Soil_Type5', 'Soil_Type16', 'Soil_Type14', 'Aspect', 'Soil_Type32', 'Soil_Type13']"
1089,lr_shap_list_ir_3,lr_shap_list_ir_3_subset_63,orderMean,"['Wilderness_Area4', 'Wilderness_Area3', 'Hillshade_3pm', 'Hillshade_Noon', 'Horizontal_Distance_To_Roadways', 'Elevation', 'Hillshade_9am', 'Horizontal_Distance_To_Hydrology', 'Horizontal_Distance_To_Fire_Points', 'Slope', 'Soil_Type10', 'Soil_Type4', 'Soil_Type2', 'Soil_Type1', 'Soil_Type6', 'Aspect', 'Soil_Type3', 'Vertical_Distance_To_Hydrology', 'Soil_Type17', 'Soil_Type5', 'Soil_Type11', 'Soil_Type14', 'Soil_Type16', 'Soil_Type32', 'Soil_Type13']"
1090,lr_shap_list_ir_3,lr_shap_list_ir_3_subset_63,orderStd,"['Hillshade_3pm', 'Hillshade_Noon', 'Wilderness_Area4', 'Wilderness_Area3', 'Horizontal_Distance_To_Roadways', 'Elevation', 'Horizontal_Distance_To_Fire_Points', 'Horizontal_Distance_To_Hydrology', 'Hillshade_9am', 'Slope', 'Soil_Type1', 'Soil_Type2', 'Soil_Type17', 'Soil_Type6', 'Soil_Type3', 'Soil_Type10', 'Soil_Type14', 'Soil_Type4', 'Soil_Type5', 'Soil_Type16', 'Vertical_Distance_To_Hydrology', 'Soil_Type11', 'Aspect', 'Soil_Type32', 'Soil_Type13']"
1091,lr_shap_list_ir_3,lr_shap_list_ir_3_subset_63,orderSum,"['Wilderness_Area4', 'Wilderness_Area3', 'Hillshade_3pm', 'Hillshade_Noon', 'Horizontal_Distance_To_Roadways', 'Elevation', 'Hillshade_9am', 'Horizontal_Distance_To_Hydrology', 'Horizontal_Distance_To_Fire_Points', 'Slope', 'Soil_Type10', 'Soil_Type4', 'Soil_Type2', 'Soil_Type1', 'Soil_Type6', 'Aspect', 'Soil_Type3', 'Vertical_Distance_To_Hydrology', 'Soil_Type17', 'Soil_Type5', 'Soil_Type11', 'Soil_Type14', 'Soil_Type16', 'Soil_Type32', 'Soil_Type13']"
1092,lr_shap_list_ir_1,lr_shap_list_ir_1_subset_33,orderMean,"['Wilderness_Area4', 'Wilderness_Area3', 'Hillshade_3pm', 'Hillshade_Noon', 'Elevation', 'Horizontal_Distance_To_Roadways', 'Hillshade_9am', 'Slope', 'Horizontal_Distance_To_Fire_Points', 'Horizontal_Distance_To_Hydrology', 'Soil_Type2', 'Vertical_Distance_To_Hydrology', 'Soil_Type10', 'Soil_Type4', 'Soil_Type3', 'Soil_Type1', 'Soil_Type6', 'Soil_Type17', 'Soil_Type5', 'Soil_Type11', 'Soil_Type14', 'Aspect', 'Soil_Type16', 'Soil_Type32', 'Soil_Type13']"
1093,lr_shap_list_ir_1,lr_shap_list_ir_1_subset_33,orderStd,"['Hillshade_3pm', 'Hillshade_Noon', 'Horizontal_Distance_To_Roadways', 'Elevation', 'Wilderness_Area4', 'Hillshade_9am', 'Wilderness_Area3', 'Horizontal_Distance_To_Fire_Points', 'Slope', 'Soil_Type3', 'Soil_Type5', 'Soil_Type1', 'Soil_Type11', 'Soil_Type2', 'Soil_Type17', 'Horizontal_Distance_To_Hydrology', 'Soil_Type14', 'Vertical_Distance_To_Hydrology', 'Soil_Type6', 'Soil_Type10', 'Soil_Type4', 'Soil_Type16', 'Aspect', 'Soil_Type32', 'Soil_Type13']"
1094,lr_shap_list_ir_1,lr_shap_list_ir_1_subset_33,orderSum,"['Wilderness_Area4', 'Wilderness_Area3', 'Hillshade_3pm', 'Hillshade_Noon', 'Elevation', 'Horizontal_Distance_To_Roadways', 'Hillshade_9am', 'Slope', 'Horizontal_Distance_To_Fire_Points', 'Horizontal_Distance_To_Hydrology', 'Soil_Type2', 'Vertical_Distance_To_Hydrology', 'Soil_Type10', 'Soil_Type4', 'Soil_Type3', 'Soil_Type1', 'Soil_Type6', 'Soil_Type17', 'Soil_Type5', 'Soil_Type11', 'Soil_Type14', 'Aspect', 'Soil_Type16', 'Soil_Type32', 'Soil_Type13']"
1095,lr_shap_list_ir_4,lr_shap_list_ir_4_subset_71,orderMean,"['Wilderness_Area4', 'Wilderness_Area3', 'Hillshade_3pm', 'Hillshade_Noon', 'Horizontal_Distance_To_Roadways', 'Elevation', 'Horizontal_Distance_To_Hydrology', 'Horizontal_Distance_To_Fire_Points', 'Slope', 'Soil_Type10', 'Hillshade_9am', 'Soil_Type2', 'Soil_Type1', 'Soil_Type3', 'Soil_Type4', 'Soil_Type6', 'Vertical_Distance_To_Hydrology', 'Soil_Type17', 'Soil_Type14', 'Soil_Type5', 'Aspect', 'Soil_Type11', 'Soil_Type16', 'Soil_Type32', 'Soil_Type13']"
1096,lr_shap_list_ir_4,lr_shap_list_ir_4_subset_71,orderStd,"['Hillshade_Noon', 'Hillshade_3pm', 'Wilderness_Area4', 'Wilderness_Area3', 'Horizontal_Distance_To_Roadways', 'Elevation', 'Horizontal_Distance_To_Hydrology', 'Soil_Type1', 'Horizontal_Distance_To_Fire_Points', 'Soil_Type2', 'Slope', 'Soil_Type10', 'Soil_Type14', 'Soil_Type17', 'Soil_Type5', 'Soil_Type6', 'Soil_Type3', 'Hillshade_9am', 'Soil_Type16', 'Soil_Type11', 'Soil_Type4', 'Vertical_Distance_To_Hydrology', 'Aspect', 'Soil_Type32', 'Soil_Type13']"
1097,lr_shap_list_ir_4,lr_shap_list_ir_4_subset_71,orderSum,"['Wilderness_Area4', 'Wilderness_Area3', 'Hillshade_3pm', 'Hillshade_Noon', 'Horizontal_Distance_To_Roadways', 'Elevation', 'Horizontal_Distance_To_Hydrology', 'Horizontal_Distance_To_Fire_Points', 'Slope', 'Soil_Type10', 'Hillshade_9am', 'Soil_Type2', 'Soil_Type1', 'Soil_Type3', 'Soil_Type4', 'Soil_Type6', 'Vertical_Distance_To_Hydrology', 'Soil_Type17', 'Soil_Type14', 'Soil_Type5', 'Aspect', 'Soil_Type11', 'Soil_Type16', 'Soil_Type32', 'Soil_Type13']"
1098,lr_shap_list_ir_4,lr_shap_list_ir_4_subset_78,orderMean,"['Wilderness_Area4', 'Wilderness_Area3', 'Hillshade_3pm', 'Hillshade_Noon', 'Horizontal_Distance_To_Roadways', 'Elevation', 'Hillshade_9am', 'Slope', 'Horizontal_Distance_To_Hydrology', 'Horizontal_Distance_To_Fire_Points', 'Soil_Type10', 'Soil_Type2', 'Soil_Type1', 'Soil_Type3', 'Soil_Type17', 'Soil_Type4', 'Soil_Type6', 'Aspect', 'Vertical_Distance_To_Hydrology', 'Soil_Type11', 'Soil_Type5', 'Soil_Type14', 'Soil_Type16', 'Soil_Type32', 'Soil_Type13']"
1099,lr_shap_list_ir_4,lr_shap_list_ir_4_subset_78,orderStd,"['Hillshade_3pm', 'Hillshade_Noon', 'Horizontal_Distance_To_Roadways', 'Elevation', 'Hillshade_9am', 'Wilderness_Area4', 'Slope', 'Horizontal_Distance_To_Fire_Points', 'Wilderness_Area3', 'Horizontal_Distance_To_Hydrology', 'Soil_Type1', 'Soil_Type2', 'Soil_Type17', 'Soil_Type3', 'Soil_Type14', 'Soil_Type6', 'Soil_Type10', 'Soil_Type11', 'Soil_Type5', 'Soil_Type16', 'Vertical_Distance_To_Hydrology', 'Aspect', 'Soil_Type4', 'Soil_Type32', 'Soil_Type13']"
1100,lr_shap_list_ir_4,lr_shap_list_ir_4_subset_78,orderSum,"['Wilderness_Area4', 'Wilderness_Area3', 'Hillshade_3pm', 'Hillshade_Noon', 'Horizontal_Distance_To_Roadways', 'Elevation', 'Hillshade_9am', 'Slope', 'Horizontal_Distance_To_Hydrology', 'Horizontal_Distance_To_Fire_Points', 'Soil_Type10', 'Soil_Type2', 'Soil_Type1', 'Soil_Type3', 'Soil_Type17', 'Soil_Type4', 'Soil_Type6', 'Aspect', 'Vertical_Distance_To_Hydrology', 'Soil_Type11', 'Soil_Type5', 'Soil_Type14', 'Soil_Type16', 'Soil_Type32', 'Soil_Type13']"
1101,lr_shap_list_ir_5,lr_shap_list_ir_5_subset_71,orderMean,"['Wilderness_Area4', 'Wilderness_Area3', 'Hillshade_3pm', 'Hillshade_Noon', 'Horizontal_Distance_To_Roadways', 'Elevation', 'Horizontal_Distance_To_Hydrology', 'Horizontal_Distance_To_Fire_Points', 'Slope', 'Soil_Type10', 'Hillshade_9am', 'Soil_Type3', 'Soil_Type2', 'Soil_Type6', 'Soil_Type1', 'Soil_Type4', 'Soil_Type17', 'Vertical_Distance_To_Hydrology', 'Aspect', 'Soil_Type5', 'Soil_Type11', 'Soil_Type14', 'Soil_Type16', 'Soil_Type32', 'Soil_Type13']"
1102,lr_shap_list_ir_5,lr_shap_list_ir_5_subset_71,orderStd,"['Hillshade_3pm', 'Hillshade_Noon', 'Wilderness_Area4', 'Wilderness_Area3', 'Horizontal_Distance_To_Roadways', 'Elevation', 'Horizontal_Distance_To_Hydrology', 'Horizontal_Distance_To_Fire_Points', 'Soil_Type1', 'Soil_Type17', 'Slope', 'Soil_Type2', 'Soil_Type14', 'Soil_Type5', 'Soil_Type3', 'Hillshade_9am', 'Soil_Type6', 'Soil_Type4', 'Soil_Type10', 'Soil_Type16', 'Soil_Type11', 'Vertical_Distance_To_Hydrology', 'Aspect', 'Soil_Type32', 'Soil_Type13']"
1103,lr_shap_list_ir_5,lr_shap_list_ir_5_subset_71,orderSum,"['Wilderness_Area4', 'Wilderness_Area3', 'Hillshade_3pm', 'Hillshade_Noon', 'Horizontal_Distance_To_Roadways', 'Elevation', 'Horizontal_Distance_To_Hydrology', 'Horizontal_Distance_To_Fire_Points', 'Slope', 'Soil_Type10', 'Hillshade_9am', 'Soil_Type3', 'Soil_Type2', 'Soil_Type6', 'Soil_Type1', 'Soil_Type4', 'Soil_Type17', 'Vertical_Distance_To_Hydrology', 'Aspect', 'Soil_Type5', 'Soil_Type11', 'Soil_Type14', 'Soil_Type16', 'Soil_Type32', 'Soil_Type13']"
1104,lr_shap_list_ir_1,lr_shap_list_ir_1_subset_57,orderMean,"['Wilderness_Area3', 'Wilderness_Area4', 'Hillshade_3pm', 'Hillshade_Noon', 'Horizontal_Distance_To_Roadways', 'Elevation', 'Hillshade_9am', 'Horizontal_Distance_To_Fire_Points', 'Soil_Type4', 'Soil_Type2', 'Horizontal_Distance_To_Hydrology', 'Slope', 'Soil_Type10', 'Aspect', 'Soil_Type1', 'Soil_Type6', 'Soil_Type3', 'Vertical_Distance_To_Hydrology', 'Soil_Type5', 'Soil_Type11', 'Soil_Type14', 'Soil_Type17', 'Soil_Type16', 'Soil_Type32', 'Soil_Type13']"
1105,lr_shap_list_ir_1,lr_shap_list_ir_1_subset_57,orderStd,"['Hillshade_3pm', 'Hillshade_Noon', 'Wilderness_Area3', 'Wilderness_Area4', 'Horizontal_Distance_To_Roadways', 'Elevation', 'Horizontal_Distance_To_Fire_Points', 'Hillshade_9am', 'Soil_Type2', 'Soil_Type4', 'Soil_Type1', 'Horizontal_Distance_To_Hydrology', 'Slope', 'Soil_Type6', 'Soil_Type17', 'Soil_Type14', 'Soil_Type3', 'Soil_Type5', 'Soil_Type11', 'Aspect', 'Soil_Type10', 'Vertical_Distance_To_Hydrology', 'Soil_Type16', 'Soil_Type32', 'Soil_Type13']"
1106,lr_shap_list_ir_1,lr_shap_list_ir_1_subset_57,orderSum,"['Wilderness_Area3', 'Wilderness_Area4', 'Hillshade_3pm', 'Hillshade_Noon', 'Horizontal_Distance_To_Roadways', 'Elevation', 'Hillshade_9am', 'Horizontal_Distance_To_Fire_Points', 'Soil_Type4', 'Soil_Type2', 'Horizontal_Distance_To_Hydrology', 'Slope', 'Soil_Type10', 'Aspect', 'Soil_Type1', 'Soil_Type6', 'Soil_Type3', 'Vertical_Distance_To_Hydrology', 'Soil_Type5', 'Soil_Type11', 'Soil_Type14', 'Soil_Type17', 'Soil_Type16', 'Soil_Type32', 'Soil_Type13']"
1107,lr_shap_list_ir_1,lr_shap_list_ir_1_subset_74,orderMean,"['Wilderness_Area4', 'Hillshade_3pm', 'Hillshade_9am', 'Hillshade_Noon', 'Wilderness_Area3', 'Horizontal_Distance_To_Roadways', 'Slope', 'Elevation', 'Horizontal_Distance_To_Fire_Points', 'Horizontal_Distance_To_Hydrology', 'Soil_Type3', 'Soil_Type4', 'Soil_Type2', 'Soil_Type11', 'Soil_Type10', 'Soil_Type17', 'Soil_Type1', 'Vertical_Distance_To_Hydrology', 'Aspect', 'Soil_Type16', 'Soil_Type5', 'Soil_Type14', 'Soil_Type6', 'Soil_Type32', 'Soil_Type13']"
1108,lr_shap_list_ir_1,lr_shap_list_ir_1_subset_74,orderStd,"['Hillshade_3pm', 'Hillshade_Noon', 'Hillshade_9am', 'Wilderness_Area4', 'Horizontal_Distance_To_Roadways', 'Soil_Type11', 'Wilderness_Area3', 'Slope', 'Elevation', 'Soil_Type3', 'Soil_Type17', 'Horizontal_Distance_To_Fire_Points', 'Soil_Type14', 'Soil_Type16', 'Soil_Type1', 'Horizontal_Distance_To_Hydrology', 'Soil_Type5', 'Soil_Type4', 'Soil_Type2', 'Vertical_Distance_To_Hydrology', 'Soil_Type10', 'Aspect', 'Soil_Type6', 'Soil_Type32', 'Soil_Type13']"
1109,lr_shap_list_ir_1,lr_shap_list_ir_1_subset_74,orderSum,"['Wilderness_Area4', 'Hillshade_3pm', 'Hillshade_9am', 'Hillshade_Noon', 'Wilderness_Area3', 'Horizontal_Distance_To_Roadways', 'Slope', 'Elevation', 'Horizontal_Distance_To_Fire_Points', 'Horizontal_Distance_To_Hydrology', 'Soil_Type3', 'Soil_Type4', 'Soil_Type2', 'Soil_Type11', 'Soil_Type10', 'Soil_Type17', 'Soil_Type1', 'Vertical_Distance_To_Hydrology', 'Aspect', 'Soil_Type16', 'Soil_Type5', 'Soil_Type14', 'Soil_Type6', 'Soil_Type32', 'Soil_Type13']"
1110,lr_shap_list_ir_5,lr_shap_list_ir_5_subset_44,orderMean,"['Wilderness_Area4', 'Wilderness_Area3', 'Hillshade_3pm', 'Hillshade_Noon', 'Horizontal_Distance_To_Roadways', 'Elevation', 'Hillshade_9am', 'Horizontal_Distance_To_Hydrology', 'Slope', 'Horizontal_Distance_To_Fire_Points', 'Soil_Type10', 'Soil_Type2', 'Soil_Type1', 'Soil_Type4', 'Soil_Type6', 'Soil_Type3', 'Vertical_Distance_To_Hydrology', 'Soil_Type17', 'Soil_Type14', 'Aspect', 'Soil_Type5', 'Soil_Type11', 'Soil_Type16', 'Soil_Type32', 'Soil_Type13']"
1111,lr_shap_list_ir_5,lr_shap_list_ir_5_subset_44,orderStd,"['Hillshade_3pm', 'Wilderness_Area4', 'Wilderness_Area3', 'Hillshade_Noon', 'Horizontal_Distance_To_Roadways', 'Elevation', 'Horizontal_Distance_To_Hydrology', 'Hillshade_9am', 'Horizontal_Distance_To_Fire_Points', 'Slope', 'Soil_Type1', 'Soil_Type3', 'Soil_Type2', 'Soil_Type17', 'Soil_Type6', 'Soil_Type14', 'Soil_Type5', 'Soil_Type10', 'Soil_Type11', 'Soil_Type16', 'Soil_Type4', 'Vertical_Distance_To_Hydrology', 'Aspect', 'Soil_Type32', 'Soil_Type13']"
1112,lr_shap_list_ir_5,lr_shap_list_ir_5_subset_44,orderSum,"['Wilderness_Area4', 'Wilderness_Area3', 'Hillshade_3pm', 'Hillshade_Noon', 'Horizontal_Distance_To_Roadways', 'Elevation', 'Hillshade_9am', 'Horizontal_Distance_To_Hydrology', 'Slope', 'Horizontal_Distance_To_Fire_Points', 'Soil_Type10', 'Soil_Type2', 'Soil_Type1', 'Soil_Type4', 'Soil_Type6', 'Soil_Type3', 'Vertical_Distance_To_Hydrology', 'Soil_Type17', 'Soil_Type14', 'Aspect', 'Soil_Type5', 'Soil_Type11', 'Soil_Type16', 'Soil_Type32', 'Soil_Type13']"
1113,lr_shap_list_ir_4,lr_shap_list_ir_4_subset_21,orderMean,"['Wilderness_Area4', 'Wilderness_Area3', 'Hillshade_3pm', 'Hillshade_Noon', 'Horizontal_Distance_To_Roadways', 'Hillshade_9am', 'Elevation', 'Slope', 'Horizontal_Distance_To_Hydrology', 'Horizontal_Distance_To_Fire_Points', 'Soil_Type10', 'Soil_Type1', 'Soil_Type3', 'Soil_Type2', 'Aspect', 'Soil_Type4', 'Soil_Type6', 'Vertical_Distance_To_Hydrology', 'Soil_Type17', 'Soil_Type5', 'Soil_Type14', 'Soil_Type11', 'Soil_Type16', 'Soil_Type32', 'Soil_Type13']"
1114,lr_shap_list_ir_4,lr_shap_list_ir_4_subset_21,orderStd,"['Hillshade_3pm', 'Hillshade_Noon', 'Wilderness_Area4', 'Horizontal_Distance_To_Roadways', 'Wilderness_Area3', 'Hillshade_9am', 'Elevation', 'Slope', 'Horizontal_Distance_To_Hydrology', 'Horizontal_Distance_To_Fire_Points', 'Soil_Type17', 'Soil_Type14', 'Soil_Type1', 'Soil_Type3', 'Soil_Type2', 'Soil_Type10', 'Soil_Type5', 'Soil_Type6', 'Soil_Type16', 'Soil_Type4', 'Aspect', 'Soil_Type11', 'Vertical_Distance_To_Hydrology', 'Soil_Type32', 'Soil_Type13']"
1115,lr_shap_list_ir_4,lr_shap_list_ir_4_subset_21,orderSum,"['Wilderness_Area4', 'Wilderness_Area3', 'Hillshade_3pm', 'Hillshade_Noon', 'Horizontal_Distance_To_Roadways', 'Hillshade_9am', 'Elevation', 'Slope', 'Horizontal_Distance_To_Hydrology', 'Horizontal_Distance_To_Fire_Points', 'Soil_Type10', 'Soil_Type1', 'Soil_Type3', 'Soil_Type2', 'Aspect', 'Soil_Type4', 'Soil_Type6', 'Vertical_Distance_To_Hydrology', 'Soil_Type17', 'Soil_Type5', 'Soil_Type14', 'Soil_Type11', 'Soil_Type16', 'Soil_Type32', 'Soil_Type13']"
1116,lr_shap_list_ir_2,lr_shap_list_ir_2_subset_2,orderMean,"['Wilderness_Area4', 'Wilderness_Area3', 'Hillshade_3pm', 'Hillshade_Noon', 'Horizontal_Distance_To_Roadways', 'Elevation', 'Slope', 'Horizontal_Distance_To_Hydrology', 'Hillshade_9am', 'Horizontal_Distance_To_Fire_Points', 'Soil_Type3', 'Soil_Type10', 'Vertical_Distance_To_Hydrology', 'Soil_Type4', 'Soil_Type6', 'Aspect', 'Soil_Type1', 'Soil_Type2', 'Soil_Type11', 'Soil_Type5', 'Soil_Type17', 'Soil_Type14', 'Soil_Type16', 'Soil_Type32', 'Soil_Type13']"
1117,lr_shap_list_ir_2,lr_shap_list_ir_2_subset_2,orderStd,"['Hillshade_3pm', 'Wilderness_Area4', 'Hillshade_Noon', 'Horizontal_Distance_To_Roadways', 'Wilderness_Area3', 'Elevation', 'Slope', 'Horizontal_Distance_To_Hydrology', 'Horizontal_Distance_To_Fire_Points', 'Hillshade_9am', 'Soil_Type3', 'Soil_Type1', 'Soil_Type5', 'Soil_Type17', 'Soil_Type14', 'Soil_Type6', 'Vertical_Distance_To_Hydrology', 'Soil_Type11', 'Soil_Type2', 'Soil_Type4', 'Soil_Type16', 'Soil_Type10', 'Aspect', 'Soil_Type32', 'Soil_Type13']"
1118,lr_shap_list_ir_2,lr_shap_list_ir_2_subset_2,orderSum,"['Wilderness_Area4', 'Wilderness_Area3', 'Hillshade_3pm', 'Hillshade_Noon', 'Horizontal_Distance_To_Roadways', 'Elevation', 'Slope', 'Horizontal_Distance_To_Hydrology', 'Hillshade_9am', 'Horizontal_Distance_To_Fire_Points', 'Soil_Type3', 'Soil_Type10', 'Vertical_Distance_To_Hydrology', 'Soil_Type4', 'Soil_Type6', 'Aspect', 'Soil_Type1', 'Soil_Type2', 'Soil_Type11', 'Soil_Type5', 'Soil_Type17', 'Soil_Type14', 'Soil_Type16', 'Soil_Type32', 'Soil_Type13']"
1119,lr_shap_list_ir_5,lr_shap_list_ir_5_subset_5,orderMean,"['Wilderness_Area4', 'Wilderness_Area3', 'Hillshade_3pm', 'Hillshade_Noon', 'Horizontal_Distance_To_Roadways', 'Elevation', 'Horizontal_Distance_To_Hydrology', 'Horizontal_Distance_To_Fire_Points', 'Slope', 'Soil_Type10', 'Soil_Type2', 'Soil_Type4', 'Soil_Type1', 'Hillshade_9am', 'Soil_Type3', 'Soil_Type6', 'Soil_Type17', 'Aspect', 'Vertical_Distance_To_Hydrology', 'Soil_Type5', 'Soil_Type11', 'Soil_Type14', 'Soil_Type16', 'Soil_Type32', 'Soil_Type13']"
1120,lr_shap_list_ir_5,lr_shap_list_ir_5_subset_5,orderStd,"['Hillshade_3pm', 'Hillshade_Noon', 'Wilderness_Area4', 'Wilderness_Area3', 'Horizontal_Distance_To_Roadways', 'Elevation', 'Horizontal_Distance_To_Fire_Points', 'Horizontal_Distance_To_Hydrology', 'Soil_Type1', 'Slope', 'Soil_Type17', 'Soil_Type14', 'Soil_Type2', 'Soil_Type3', 'Soil_Type10', 'Soil_Type6', 'Soil_Type5', 'Soil_Type4', 'Soil_Type11', 'Soil_Type16', 'Hillshade_9am', 'Vertical_Distance_To_Hydrology', 'Aspect', 'Soil_Type32', 'Soil_Type13']"
1121,lr_shap_list_ir_5,lr_shap_list_ir_5_subset_5,orderSum,"['Wilderness_Area4', 'Wilderness_Area3', 'Hillshade_3pm', 'Hillshade_Noon', 'Horizontal_Distance_To_Roadways', 'Elevation', 'Horizontal_Distance_To_Hydrology', 'Horizontal_Distance_To_Fire_Points', 'Slope', 'Soil_Type10', 'Soil_Type2', 'Soil_Type4', 'Soil_Type1', 'Hillshade_9am', 'Soil_Type3', 'Soil_Type6', 'Soil_Type17', 'Aspect', 'Vertical_Distance_To_Hydrology', 'Soil_Type5', 'Soil_Type11', 'Soil_Type14', 'Soil_Type16', 'Soil_Type32', 'Soil_Type13']"
1122,lr_shap_list_ir_2,lr_shap_list_ir_2_subset_102,orderMean,"['Wilderness_Area4', 'Wilderness_Area3', 'Hillshade_3pm', 'Hillshade_Noon', 'Horizontal_Distance_To_Roadways', 'Elevation', 'Horizontal_Distance_To_Hydrology', 'Slope', 'Horizontal_Distance_To_Fire_Points', 'Soil_Type2', 'Soil_Type10', 'Soil_Type1', 'Hillshade_9am', 'Soil_Type4', 'Soil_Type3', 'Vertical_Distance_To_Hydrology', 'Soil_Type6', 'Soil_Type11', 'Aspect', 'Soil_Type5', 'Soil_Type17', 'Soil_Type14', 'Soil_Type16', 'Soil_Type32', 'Soil_Type13']"
1123,lr_shap_list_ir_2,lr_shap_list_ir_2_subset_102,orderStd,"['Hillshade_Noon', 'Hillshade_3pm', 'Wilderness_Area4', 'Horizontal_Distance_To_Roadways', 'Wilderness_Area3', 'Elevation', 'Horizontal_Distance_To_Hydrology', 'Soil_Type2', 'Soil_Type1', 'Horizontal_Distance_To_Fire_Points', 'Slope', 'Soil_Type11', 'Soil_Type10', 'Soil_Type3', 'Soil_Type17', 'Hillshade_9am', 'Soil_Type4', 'Soil_Type14', 'Soil_Type5', 'Vertical_Distance_To_Hydrology', 'Soil_Type6', 'Soil_Type16', 'Aspect', 'Soil_Type32', 'Soil_Type13']"
1124,lr_shap_list_ir_2,lr_shap_list_ir_2_subset_102,orderSum,"['Wilderness_Area4', 'Wilderness_Area3', 'Hillshade_3pm', 'Hillshade_Noon', 'Horizontal_Distance_To_Roadways', 'Elevation', 'Horizontal_Distance_To_Hydrology', 'Slope', 'Horizontal_Distance_To_Fire_Points', 'Soil_Type2', 'Soil_Type10', 'Soil_Type1', 'Hillshade_9am', 'Soil_Type4', 'Soil_Type3', 'Vertical_Distance_To_Hydrology', 'Soil_Type6', 'Soil_Type11', 'Aspect', 'Soil_Type5', 'Soil_Type17', 'Soil_Type14', 'Soil_Type16', 'Soil_Type32', 'Soil_Type13']"
1125,lr_shap_list_ir_3,lr_shap_list_ir_3_subset_14,orderMean,"['Wilderness_Area4', 'Wilderness_Area3', 'Hillshade_3pm', 'Hillshade_Noon', 'Horizontal_Distance_To_Roadways', 'Elevation', 'Hillshade_9am', 'Horizontal_Distance_To_Hydrology', 'Slope', 'Horizontal_Distance_To_Fire_Points', 'Soil_Type2', 'Soil_Type10', 'Soil_Type1', 'Soil_Type3', 'Soil_Type4', 'Soil_Type6', 'Soil_Type17', 'Vertical_Distance_To_Hydrology', 'Aspect', 'Soil_Type5', 'Soil_Type11', 'Soil_Type14', 'Soil_Type16', 'Soil_Type32', 'Soil_Type13']"
1126,lr_shap_list_ir_3,lr_shap_list_ir_3_subset_14,orderStd,"['Hillshade_3pm', 'Hillshade_Noon', 'Horizontal_Distance_To_Roadways', 'Elevation', 'Wilderness_Area4', 'Wilderness_Area3', 'Hillshade_9am', 'Soil_Type1', 'Horizontal_Distance_To_Hydrology', 'Slope', 'Horizontal_Distance_To_Fire_Points', 'Soil_Type2', 'Soil_Type17', 'Soil_Type14', 'Soil_Type6', 'Soil_Type3', 'Soil_Type5', 'Soil_Type10', 'Soil_Type16', 'Soil_Type11', 'Soil_Type4', 'Vertical_Distance_To_Hydrology', 'Aspect', 'Soil_Type32', 'Soil_Type13']"
1127,lr_shap_list_ir_3,lr_shap_list_ir_3_subset_14,orderSum,"['Wilderness_Area4', 'Wilderness_Area3', 'Hillshade_3pm', 'Hillshade_Noon', 'Horizontal_Distance_To_Roadways', 'Elevation', 'Hillshade_9am', 'Horizontal_Distance_To_Hydrology', 'Slope', 'Horizontal_Distance_To_Fire_Points', 'Soil_Type2', 'Soil_Type10', 'Soil_Type1', 'Soil_Type3', 'Soil_Type4', 'Soil_Type6', 'Soil_Type17', 'Vertical_Distance_To_Hydrology', 'Aspect', 'Soil_Type5', 'Soil_Type11', 'Soil_Type14', 'Soil_Type16', 'Soil_Type32', 'Soil_Type13']"
1128,lr_shap_list_ir_1,lr_shap_list_ir_1_subset_42,orderMean,"['Wilderness_Area3', 'Wilderness_Area4', 'Hillshade_9am', 'Horizontal_Distance_To_Roadways', 'Elevation', 'Soil_Type10', 'Horizontal_Distance_To_Hydrology', 'Soil_Type4', 'Hillshade_Noon', 'Soil_Type2', 'Horizontal_Distance_To_Fire_Points', 'Soil_Type6', 'Hillshade_3pm', 'Soil_Type1', 'Soil_Type5', 'Soil_Type3', 'Aspect', 'Soil_Type14', 'Vertical_Distance_To_Hydrology', 'Soil_Type16', 'Soil_Type17', 'Soil_Type11', 'Slope', 'Soil_Type32', 'Soil_Type13']"
1129,lr_shap_list_ir_1,lr_shap_list_ir_1_subset_42,orderStd,"['Wilderness_Area3', 'Hillshade_9am', 'Horizontal_Distance_To_Roadways', 'Elevation', 'Soil_Type1', 'Wilderness_Area4', 'Soil_Type2', 'Horizontal_Distance_To_Hydrology', 'Soil_Type10', 'Soil_Type4', 'Hillshade_Noon', 'Soil_Type6', 'Horizontal_Distance_To_Fire_Points', 'Soil_Type5', 'Hillshade_3pm', 'Soil_Type14', 'Soil_Type17', 'Soil_Type3', 'Soil_Type11', 'Soil_Type16', 'Aspect', 'Vertical_Distance_To_Hydrology', 'Soil_Type32', 'Slope', 'Soil_Type13']"
1130,lr_shap_list_ir_1,lr_shap_list_ir_1_subset_42,orderSum,"['Wilderness_Area3', 'Wilderness_Area4', 'Hillshade_9am', 'Horizontal_Distance_To_Roadways', 'Elevation', 'Soil_Type10', 'Horizontal_Distance_To_Hydrology', 'Soil_Type4', 'Hillshade_Noon', 'Soil_Type2', 'Horizontal_Distance_To_Fire_Points', 'Soil_Type6', 'Hillshade_3pm', 'Soil_Type1', 'Soil_Type5', 'Soil_Type3', 'Aspect', 'Soil_Type14', 'Vertical_Distance_To_Hydrology', 'Soil_Type16', 'Soil_Type17', 'Soil_Type11', 'Slope', 'Soil_Type32', 'Soil_Type13']"
1131,lr_shap_list_ir_1,lr_shap_list_ir_1_subset_101,orderMean,"['Wilderness_Area4', 'Wilderness_Area3', 'Elevation', 'Horizontal_Distance_To_Roadways', 'Hillshade_Noon', 'Horizontal_Distance_To_Hydrology', 'Horizontal_Distance_To_Fire_Points', 'Hillshade_9am', 'Hillshade_3pm', 'Slope', 'Soil_Type10', 'Vertical_Distance_To_Hydrology', 'Soil_Type4', 'Soil_Type2', 'Soil_Type3', 'Soil_Type6', 'Soil_Type1', 'Soil_Type17', 'Aspect', 'Soil_Type11', 'Soil_Type14', 'Soil_Type5', 'Soil_Type16', 'Soil_Type32', 'Soil_Type13']"
1132,lr_shap_list_ir_1,lr_shap_list_ir_1_subset_101,orderStd,"['Elevation', 'Horizontal_Distance_To_Roadways', 'Wilderness_Area4', 'Hillshade_Noon', 'Horizontal_Distance_To_Fire_Points', 'Wilderness_Area3', 'Horizontal_Distance_To_Hydrology', 'Hillshade_9am', 'Hillshade_3pm', 'Slope', 'Vertical_Distance_To_Hydrology', 'Soil_Type2', 'Soil_Type3', 'Soil_Type4', 'Soil_Type1', 'Soil_Type14', 'Soil_Type17', 'Soil_Type10', 'Soil_Type11', 'Soil_Type6', 'Soil_Type5', 'Soil_Type16', 'Aspect', 'Soil_Type32', 'Soil_Type13']"
1133,lr_shap_list_ir_1,lr_shap_list_ir_1_subset_101,orderSum,"['Wilderness_Area4', 'Wilderness_Area3', 'Elevation', 'Horizontal_Distance_To_Roadways', 'Hillshade_Noon', 'Horizontal_Distance_To_Hydrology', 'Horizontal_Distance_To_Fire_Points', 'Hillshade_9am', 'Hillshade_3pm', 'Slope', 'Soil_Type10', 'Vertical_Distance_To_Hydrology', 'Soil_Type4', 'Soil_Type2', 'Soil_Type3', 'Soil_Type6', 'Soil_Type1', 'Soil_Type17', 'Aspect', 'Soil_Type11', 'Soil_Type14', 'Soil_Type5', 'Soil_Type16', 'Soil_Type32', 'Soil_Type13']"
1134,lr_shap_list_ir_3,lr_shap_list_ir_3_subset_69,orderMean,"['Wilderness_Area3', 'Wilderness_Area4', 'Hillshade_3pm', 'Hillshade_Noon', 'Elevation', 'Horizontal_Distance_To_Roadways', 'Horizontal_Distance_To_Hydrology', 'Slope', 'Horizontal_Distance_To_Fire_Points', 'Soil_Type10', 'Soil_Type2', 'Hillshade_9am', 'Soil_Type1', 'Soil_Type4', 'Vertical_Distance_To_Hydrology', 'Soil_Type6', 'Soil_Type3', 'Aspect', 'Soil_Type17', 'Soil_Type14', 'Soil_Type5', 'Soil_Type11', 'Soil_Type16', 'Soil_Type32', 'Soil_Type13']"
1135,lr_shap_list_ir_3,lr_shap_list_ir_3_subset_69,orderStd,"['Hillshade_3pm', 'Hillshade_Noon', 'Horizontal_Distance_To_Roadways', 'Elevation', 'Wilderness_Area3', 'Wilderness_Area4', 'Horizontal_Distance_To_Hydrology', 'Soil_Type1', 'Horizontal_Distance_To_Fire_Points', 'Slope', 'Soil_Type2', 'Soil_Type17', 'Soil_Type3', 'Soil_Type14', 'Soil_Type6', 'Hillshade_9am', 'Soil_Type10', 'Vertical_Distance_To_Hydrology', 'Soil_Type5', 'Soil_Type16', 'Soil_Type4', 'Soil_Type11', 'Aspect', 'Soil_Type32', 'Soil_Type13']"
1136,lr_shap_list_ir_3,lr_shap_list_ir_3_subset_69,orderSum,"['Wilderness_Area3', 'Wilderness_Area4', 'Hillshade_3pm', 'Hillshade_Noon', 'Elevation', 'Horizontal_Distance_To_Roadways', 'Horizontal_Distance_To_Hydrology', 'Slope', 'Horizontal_Distance_To_Fire_Points', 'Soil_Type10', 'Soil_Type2', 'Hillshade_9am', 'Soil_Type1', 'Soil_Type4', 'Vertical_Distance_To_Hydrology', 'Soil_Type6', 'Soil_Type3', 'Aspect', 'Soil_Type17', 'Soil_Type14', 'Soil_Type5', 'Soil_Type11', 'Soil_Type16', 'Soil_Type32', 'Soil_Type13']"
1137,lr_shap_list_ir_2,lr_shap_list_ir_2_subset_79,orderMean,"['Wilderness_Area4', 'Wilderness_Area3', 'Hillshade_3pm', 'Hillshade_Noon', 'Elevation', 'Horizontal_Distance_To_Roadways', 'Slope', 'Horizontal_Distance_To_Fire_Points', 'Horizontal_Distance_To_Hydrology', 'Hillshade_9am', 'Soil_Type2', 'Soil_Type1', 'Vertical_Distance_To_Hydrology', 'Soil_Type3', 'Aspect', 'Soil_Type6', 'Soil_Type11', 'Soil_Type14', 'Soil_Type4', 'Soil_Type17', 'Soil_Type5', 'Soil_Type10', 'Soil_Type16', 'Soil_Type32', 'Soil_Type13']"
1138,lr_shap_list_ir_2,lr_shap_list_ir_2_subset_79,orderStd,"['Hillshade_3pm', 'Hillshade_Noon', 'Wilderness_Area4', 'Horizontal_Distance_To_Roadways', 'Elevation', 'Wilderness_Area3', 'Horizontal_Distance_To_Fire_Points', 'Slope', 'Horizontal_Distance_To_Hydrology', 'Hillshade_9am', 'Soil_Type1', 'Soil_Type14', 'Soil_Type17', 'Soil_Type5', 'Soil_Type11', 'Soil_Type3', 'Soil_Type2', 'Vertical_Distance_To_Hydrology', 'Soil_Type6', 'Soil_Type4', 'Soil_Type16', 'Aspect', 'Soil_Type10', 'Soil_Type32', 'Soil_Type13']"
1139,lr_shap_list_ir_2,lr_shap_list_ir_2_subset_79,orderSum,"['Wilderness_Area4', 'Wilderness_Area3', 'Hillshade_3pm', 'Hillshade_Noon', 'Elevation', 'Horizontal_Distance_To_Roadways', 'Slope', 'Horizontal_Distance_To_Fire_Points', 'Horizontal_Distance_To_Hydrology', 'Hillshade_9am', 'Soil_Type2', 'Soil_Type1', 'Vertical_Distance_To_Hydrology', 'Soil_Type3', 'Aspect', 'Soil_Type6', 'Soil_Type11', 'Soil_Type14', 'Soil_Type4', 'Soil_Type17', 'Soil_Type5', 'Soil_Type10', 'Soil_Type16', 'Soil_Type32', 'Soil_Type13']"
1140,lr_shap_list_ir_1,lr_shap_list_ir_1_subset_3,orderMean,"['Wilderness_Area4', 'Wilderness_Area3', 'Elevation', 'Horizontal_Distance_To_Roadways', 'Hillshade_3pm', 'Hillshade_Noon', 'Horizontal_Distance_To_Hydrology', 'Horizontal_Distance_To_Fire_Points', 'Hillshade_9am', 'Slope', 'Vertical_Distance_To_Hydrology', 'Soil_Type10', 'Soil_Type6', 'Soil_Type2', 'Soil_Type4', 'Soil_Type1', 'Soil_Type11', 'Soil_Type17', 'Soil_Type5', 'Aspect', 'Soil_Type3', 'Soil_Type14', 'Soil_Type16', 'Soil_Type32', 'Soil_Type13']"
1141,lr_shap_list_ir_1,lr_shap_list_ir_1_subset_3,orderStd,"['Horizontal_Distance_To_Roadways', 'Elevation', 'Hillshade_Noon', 'Hillshade_3pm', 'Wilderness_Area4', 'Wilderness_Area3', 'Horizontal_Distance_To_Hydrology', 'Soil_Type1', 'Horizontal_Distance_To_Fire_Points', 'Hillshade_9am', 'Slope', 'Vertical_Distance_To_Hydrology', 'Soil_Type11', 'Soil_Type6', 'Soil_Type5', 'Soil_Type10', 'Soil_Type17', 'Soil_Type4', 'Soil_Type16', 'Soil_Type2', 'Soil_Type14', 'Soil_Type3', 'Aspect', 'Soil_Type32', 'Soil_Type13']"
1142,lr_shap_list_ir_1,lr_shap_list_ir_1_subset_3,orderSum,"['Wilderness_Area4', 'Wilderness_Area3', 'Elevation', 'Horizontal_Distance_To_Roadways', 'Hillshade_3pm', 'Hillshade_Noon', 'Horizontal_Distance_To_Hydrology', 'Horizontal_Distance_To_Fire_Points', 'Hillshade_9am', 'Slope', 'Vertical_Distance_To_Hydrology', 'Soil_Type10', 'Soil_Type6', 'Soil_Type2', 'Soil_Type4', 'Soil_Type1', 'Soil_Type11', 'Soil_Type17', 'Soil_Type5', 'Aspect', 'Soil_Type3', 'Soil_Type14', 'Soil_Type16', 'Soil_Type32', 'Soil_Type13']"
1143,lr_shap_list_ir_1,lr_shap_list_ir_1_subset_53,orderMean,"['Wilderness_Area4', 'Wilderness_Area3', 'Hillshade_3pm', 'Hillshade_Noon', 'Hillshade_9am', 'Horizontal_Distance_To_Roadways', 'Horizontal_Distance_To_Hydrology', 'Elevation', 'Slope', 'Vertical_Distance_To_Hydrology', 'Horizontal_Distance_To_Fire_Points', 'Aspect', 'Soil_Type1', 'Soil_Type10', 'Soil_Type2', 'Soil_Type6', 'Soil_Type4', 'Soil_Type3', 'Soil_Type16', 'Soil_Type11', 'Soil_Type5', 'Soil_Type17', 'Soil_Type14', 'Soil_Type32', 'Soil_Type13']"
1144,lr_shap_list_ir_1,lr_shap_list_ir_1_subset_53,orderStd,"['Hillshade_3pm', 'Hillshade_Noon', 'Wilderness_Area4', 'Wilderness_Area3', 'Horizontal_Distance_To_Roadways', 'Hillshade_9am', 'Horizontal_Distance_To_Hydrology', 'Elevation', 'Slope', 'Soil_Type1', 'Vertical_Distance_To_Hydrology', 'Horizontal_Distance_To_Fire_Points', 'Soil_Type5', 'Soil_Type6', 'Soil_Type2', 'Soil_Type17', 'Soil_Type3', 'Aspect', 'Soil_Type16', 'Soil_Type4', 'Soil_Type14', 'Soil_Type10', 'Soil_Type11', 'Soil_Type32', 'Soil_Type13']"
1145,lr_shap_list_ir_1,lr_shap_list_ir_1_subset_53,orderSum,"['Wilderness_Area4', 'Wilderness_Area3', 'Hillshade_3pm', 'Hillshade_Noon', 'Hillshade_9am', 'Horizontal_Distance_To_Roadways', 'Horizontal_Distance_To_Hydrology', 'Elevation', 'Slope', 'Vertical_Distance_To_Hydrology', 'Horizontal_Distance_To_Fire_Points', 'Aspect', 'Soil_Type1', 'Soil_Type10', 'Soil_Type2', 'Soil_Type6', 'Soil_Type4', 'Soil_Type3', 'Soil_Type16', 'Soil_Type11', 'Soil_Type5', 'Soil_Type17', 'Soil_Type14', 'Soil_Type32', 'Soil_Type13']"
1146,lr_shap_list_ir_2,lr_shap_list_ir_2_subset_36,orderMean,"['Wilderness_Area4', 'Wilderness_Area3', 'Hillshade_3pm', 'Hillshade_Noon', 'Hillshade_9am', 'Horizontal_Distance_To_Roadways', 'Elevation', 'Horizontal_Distance_To_Hydrology', 'Slope', 'Horizontal_Distance_To_Fire_Points', 'Soil_Type4', 'Aspect', 'Soil_Type2', 'Soil_Type6', 'Soil_Type1', 'Soil_Type10', 'Soil_Type3', 'Soil_Type11', 'Soil_Type14', 'Soil_Type17', 'Vertical_Distance_To_Hydrology', 'Soil_Type5', 'Soil_Type16', 'Soil_Type32', 'Soil_Type13']"
1147,lr_shap_list_ir_2,lr_shap_list_ir_2_subset_36,orderStd,"['Hillshade_3pm', 'Hillshade_Noon', 'Hillshade_9am', 'Horizontal_Distance_To_Roadways', 'Wilderness_Area4', 'Wilderness_Area3', 'Elevation', 'Soil_Type1', 'Slope', 'Horizontal_Distance_To_Hydrology', 'Horizontal_Distance_To_Fire_Points', 'Soil_Type2', 'Soil_Type4', 'Soil_Type17', 'Soil_Type6', 'Soil_Type14', 'Aspect', 'Soil_Type3', 'Soil_Type11', 'Soil_Type5', 'Soil_Type16', 'Soil_Type10', 'Vertical_Distance_To_Hydrology', 'Soil_Type32', 'Soil_Type13']"
1148,lr_shap_list_ir_2,lr_shap_list_ir_2_subset_36,orderSum,"['Wilderness_Area4', 'Wilderness_Area3', 'Hillshade_3pm', 'Hillshade_Noon', 'Hillshade_9am', 'Horizontal_Distance_To_Roadways', 'Elevation', 'Horizontal_Distance_To_Hydrology', 'Slope', 'Horizontal_Distance_To_Fire_Points', 'Soil_Type4', 'Aspect', 'Soil_Type2', 'Soil_Type6', 'Soil_Type1', 'Soil_Type10', 'Soil_Type3', 'Soil_Type11', 'Soil_Type14', 'Soil_Type17', 'Vertical_Distance_To_Hydrology', 'Soil_Type5', 'Soil_Type16', 'Soil_Type32', 'Soil_Type13']"
1149,lr_shap_list_ir_3,lr_shap_list_ir_3_subset_64,orderMean,"['Wilderness_Area3', 'Wilderness_Area4', 'Horizontal_Distance_To_Roadways', 'Hillshade_Noon', 'Hillshade_3pm', 'Elevation', 'Horizontal_Distance_To_Fire_Points', 'Horizontal_Distance_To_Hydrology', 'Soil_Type10', 'Soil_Type4', 'Slope', 'Soil_Type2', 'Aspect', 'Soil_Type1', 'Soil_Type6', 'Soil_Type3', 'Vertical_Distance_To_Hydrology', 'Hillshade_9am', 'Soil_Type11', 'Soil_Type5', 'Soil_Type17', 'Soil_Type14', 'Soil_Type16', 'Soil_Type32', 'Soil_Type13']"
1150,lr_shap_list_ir_3,lr_shap_list_ir_3_subset_64,orderStd,"['Horizontal_Distance_To_Roadways', 'Hillshade_Noon', 'Hillshade_3pm', 'Elevation', 'Wilderness_Area3', 'Wilderness_Area4', 'Horizontal_Distance_To_Fire_Points', 'Horizontal_Distance_To_Hydrology', 'Soil_Type1', 'Soil_Type2', 'Soil_Type17', 'Soil_Type4', 'Soil_Type6', 'Soil_Type10', 'Slope', 'Soil_Type3', 'Soil_Type14', 'Soil_Type5', 'Soil_Type11', 'Aspect', 'Soil_Type16', 'Vertical_Distance_To_Hydrology', 'Hillshade_9am', 'Soil_Type32', 'Soil_Type13']"
1151,lr_shap_list_ir_3,lr_shap_list_ir_3_subset_64,orderSum,"['Wilderness_Area3', 'Wilderness_Area4', 'Horizontal_Distance_To_Roadways', 'Hillshade_Noon', 'Hillshade_3pm', 'Elevation', 'Horizontal_Distance_To_Fire_Points', 'Horizontal_Distance_To_Hydrology', 'Soil_Type10', 'Soil_Type4', 'Slope', 'Soil_Type2', 'Aspect', 'Soil_Type1', 'Soil_Type6', 'Soil_Type3', 'Vertical_Distance_To_Hydrology', 'Hillshade_9am', 'Soil_Type11', 'Soil_Type5', 'Soil_Type17', 'Soil_Type14', 'Soil_Type16', 'Soil_Type32', 'Soil_Type13']"
1152,lr_shap_list_ir_5,lr_shap_list_ir_5_subset_33,orderMean,"['Wilderness_Area4', 'Wilderness_Area3', 'Hillshade_3pm', 'Hillshade_Noon', 'Horizontal_Distance_To_Roadways', 'Elevation', 'Horizontal_Distance_To_Hydrology', 'Slope', 'Horizontal_Distance_To_Fire_Points', 'Soil_Type10', 'Soil_Type3', 'Soil_Type2', 'Hillshade_9am', 'Soil_Type6', 'Soil_Type4', 'Soil_Type1', 'Vertical_Distance_To_Hydrology', 'Soil_Type17', 'Aspect', 'Soil_Type5', 'Soil_Type14', 'Soil_Type11', 'Soil_Type16', 'Soil_Type32', 'Soil_Type13']"
1153,lr_shap_list_ir_5,lr_shap_list_ir_5_subset_33,orderStd,"['Wilderness_Area4', 'Wilderness_Area3', 'Hillshade_3pm', 'Hillshade_Noon', 'Horizontal_Distance_To_Roadways', 'Elevation', 'Horizontal_Distance_To_Hydrology', 'Slope', 'Soil_Type1', 'Horizontal_Distance_To_Fire_Points', 'Soil_Type2', 'Soil_Type14', 'Soil_Type17', 'Soil_Type6', 'Soil_Type3', 'Soil_Type5', 'Soil_Type4', 'Soil_Type16', 'Soil_Type10', 'Hillshade_9am', 'Vertical_Distance_To_Hydrology', 'Aspect', 'Soil_Type11', 'Soil_Type32', 'Soil_Type13']"
1154,lr_shap_list_ir_5,lr_shap_list_ir_5_subset_33,orderSum,"['Wilderness_Area4', 'Wilderness_Area3', 'Hillshade_3pm', 'Hillshade_Noon', 'Horizontal_Distance_To_Roadways', 'Elevation', 'Horizontal_Distance_To_Hydrology', 'Slope', 'Horizontal_Distance_To_Fire_Points', 'Soil_Type10', 'Soil_Type3', 'Soil_Type2', 'Hillshade_9am', 'Soil_Type6', 'Soil_Type4', 'Soil_Type1', 'Vertical_Distance_To_Hydrology', 'Soil_Type17', 'Aspect', 'Soil_Type5', 'Soil_Type14', 'Soil_Type11', 'Soil_Type16', 'Soil_Type32', 'Soil_Type13']"
1155,lr_shap_list_ir_5,lr_shap_list_ir_5_subset_40,orderMean,"['Wilderness_Area4', 'Wilderness_Area3', 'Hillshade_3pm', 'Hillshade_Noon', 'Elevation', 'Horizontal_Distance_To_Roadways', 'Horizontal_Distance_To_Hydrology', 'Horizontal_Distance_To_Fire_Points', 'Slope', 'Soil_Type10', 'Soil_Type2', 'Soil_Type17', 'Soil_Type4', 'Soil_Type1', 'Soil_Type6', 'Soil_Type3', 'Vertical_Distance_To_Hydrology', 'Soil_Type14', 'Aspect', 'Soil_Type5', 'Hillshade_9am', 'Soil_Type11', 'Soil_Type16', 'Soil_Type32', 'Soil_Type13']"
1156,lr_shap_list_ir_5,lr_shap_list_ir_5_subset_40,orderStd,"['Hillshade_3pm', 'Hillshade_Noon', 'Wilderness_Area4', 'Wilderness_Area3', 'Horizontal_Distance_To_Roadways', 'Elevation', 'Horizontal_Distance_To_Hydrology', 'Horizontal_Distance_To_Fire_Points', 'Soil_Type1', 'Soil_Type17', 'Slope', 'Soil_Type2', 'Soil_Type6', 'Soil_Type5', 'Soil_Type14', 'Soil_Type10', 'Soil_Type4', 'Soil_Type16', 'Soil_Type3', 'Vertical_Distance_To_Hydrology', 'Soil_Type11', 'Aspect', 'Hillshade_9am', 'Soil_Type32', 'Soil_Type13']"
1157,lr_shap_list_ir_5,lr_shap_list_ir_5_subset_40,orderSum,"['Wilderness_Area4', 'Wilderness_Area3', 'Hillshade_3pm', 'Hillshade_Noon', 'Elevation', 'Horizontal_Distance_To_Roadways', 'Horizontal_Distance_To_Hydrology', 'Horizontal_Distance_To_Fire_Points', 'Slope', 'Soil_Type10', 'Soil_Type2', 'Soil_Type17', 'Soil_Type4', 'Soil_Type1', 'Soil_Type6', 'Soil_Type3', 'Vertical_Distance_To_Hydrology', 'Soil_Type14', 'Aspect', 'Soil_Type5', 'Hillshade_9am', 'Soil_Type11', 'Soil_Type16', 'Soil_Type32', 'Soil_Type13']"
1158,lr_shap_list_ir_2,lr_shap_list_ir_2_subset_63,orderMean,"['Wilderness_Area4', 'Hillshade_3pm', 'Wilderness_Area3', 'Hillshade_Noon', 'Hillshade_9am', 'Horizontal_Distance_To_Roadways', 'Elevation', 'Slope', 'Horizontal_Distance_To_Hydrology', 'Horizontal_Distance_To_Fire_Points', 'Soil_Type10', 'Soil_Type2', 'Vertical_Distance_To_Hydrology', 'Soil_Type1', 'Aspect', 'Soil_Type3', 'Soil_Type11', 'Soil_Type17', 'Soil_Type6', 'Soil_Type5', 'Soil_Type14', 'Soil_Type4', 'Soil_Type16', 'Soil_Type32', 'Soil_Type13']"
1159,lr_shap_list_ir_2,lr_shap_list_ir_2_subset_63,orderStd,"['Hillshade_3pm', 'Wilderness_Area4', 'Hillshade_Noon', 'Hillshade_9am', 'Wilderness_Area3', 'Horizontal_Distance_To_Roadways', 'Elevation', 'Horizontal_Distance_To_Hydrology', 'Horizontal_Distance_To_Fire_Points', 'Slope', 'Soil_Type1', 'Soil_Type2', 'Soil_Type17', 'Soil_Type11', 'Soil_Type14', 'Soil_Type3', 'Vertical_Distance_To_Hydrology', 'Soil_Type16', 'Soil_Type5', 'Aspect', 'Soil_Type10', 'Soil_Type6', 'Soil_Type4', 'Soil_Type32', 'Soil_Type13']"
1160,lr_shap_list_ir_2,lr_shap_list_ir_2_subset_63,orderSum,"['Wilderness_Area4', 'Hillshade_3pm', 'Wilderness_Area3', 'Hillshade_Noon', 'Hillshade_9am', 'Horizontal_Distance_To_Roadways', 'Elevation', 'Slope', 'Horizontal_Distance_To_Hydrology', 'Horizontal_Distance_To_Fire_Points', 'Soil_Type10', 'Soil_Type2', 'Vertical_Distance_To_Hydrology', 'Soil_Type1', 'Aspect', 'Soil_Type3', 'Soil_Type11', 'Soil_Type17', 'Soil_Type6', 'Soil_Type5', 'Soil_Type14', 'Soil_Type4', 'Soil_Type16', 'Soil_Type32', 'Soil_Type13']"
1161,lr_shap_list_ir_4,lr_shap_list_ir_4_subset_104,orderMean,"['Wilderness_Area4', 'Wilderness_Area3', 'Hillshade_3pm', 'Hillshade_Noon', 'Horizontal_Distance_To_Roadways', 'Elevation', 'Horizontal_Distance_To_Hydrology', 'Hillshade_9am', 'Slope', 'Horizontal_Distance_To_Fire_Points', 'Soil_Type10', 'Soil_Type4', 'Soil_Type2', 'Soil_Type1', 'Soil_Type3', 'Soil_Type6', 'Soil_Type17', 'Vertical_Distance_To_Hydrology', 'Soil_Type11', 'Aspect', 'Soil_Type14', 'Soil_Type5', 'Soil_Type16', 'Soil_Type32', 'Soil_Type13']"
1162,lr_shap_list_ir_4,lr_shap_list_ir_4_subset_104,orderStd,"['Hillshade_3pm', 'Hillshade_Noon', 'Wilderness_Area4', 'Wilderness_Area3', 'Horizontal_Distance_To_Roadways', 'Elevation', 'Horizontal_Distance_To_Hydrology', 'Horizontal_Distance_To_Fire_Points', 'Hillshade_9am', 'Soil_Type2', 'Slope', 'Soil_Type1', 'Soil_Type17', 'Soil_Type11', 'Soil_Type14', 'Soil_Type6', 'Soil_Type10', 'Soil_Type5', 'Soil_Type3', 'Soil_Type4', 'Soil_Type16', 'Vertical_Distance_To_Hydrology', 'Aspect', 'Soil_Type32', 'Soil_Type13']"
1163,lr_shap_list_ir_4,lr_shap_list_ir_4_subset_104,orderSum,"['Wilderness_Area4', 'Wilderness_Area3', 'Hillshade_3pm', 'Hillshade_Noon', 'Horizontal_Distance_To_Roadways', 'Elevation', 'Horizontal_Distance_To_Hydrology', 'Hillshade_9am', 'Slope', 'Horizontal_Distance_To_Fire_Points', 'Soil_Type10', 'Soil_Type4', 'Soil_Type2', 'Soil_Type1', 'Soil_Type3', 'Soil_Type6', 'Soil_Type17', 'Vertical_Distance_To_Hydrology', 'Soil_Type11', 'Aspect', 'Soil_Type14', 'Soil_Type5', 'Soil_Type16', 'Soil_Type32', 'Soil_Type13']"
1164,lr_shap_list_ir_4,lr_shap_list_ir_4_subset_6,orderMean,"['Wilderness_Area3', 'Wilderness_Area4', 'Hillshade_3pm', 'Hillshade_Noon', 'Horizontal_Distance_To_Roadways', 'Elevation', 'Horizontal_Distance_To_Hydrology', 'Slope', 'Horizontal_Distance_To_Fire_Points', 'Soil_Type10', 'Soil_Type4', 'Soil_Type3', 'Soil_Type2', 'Soil_Type1', 'Soil_Type6', 'Soil_Type5', 'Soil_Type17', 'Vertical_Distance_To_Hydrology', 'Soil_Type11', 'Soil_Type14', 'Aspect', 'Hillshade_9am', 'Soil_Type16', 'Soil_Type32', 'Soil_Type13']"
1165,lr_shap_list_ir_4,lr_shap_list_ir_4_subset_6,orderStd,"['Hillshade_3pm', 'Wilderness_Area3', 'Wilderness_Area4', 'Hillshade_Noon', 'Horizontal_Distance_To_Roadways', 'Elevation', 'Horizontal_Distance_To_Hydrology', 'Horizontal_Distance_To_Fire_Points', 'Slope', 'Soil_Type1', 'Soil_Type2', 'Soil_Type17', 'Soil_Type3', 'Soil_Type6', 'Soil_Type14', 'Soil_Type4', 'Soil_Type5', 'Soil_Type10', 'Soil_Type11', 'Soil_Type16', 'Vertical_Distance_To_Hydrology', 'Aspect', 'Hillshade_9am', 'Soil_Type32', 'Soil_Type13']"
1166,lr_shap_list_ir_4,lr_shap_list_ir_4_subset_6,orderSum,"['Wilderness_Area3', 'Wilderness_Area4', 'Hillshade_3pm', 'Hillshade_Noon', 'Horizontal_Distance_To_Roadways', 'Elevation', 'Horizontal_Distance_To_Hydrology', 'Slope', 'Horizontal_Distance_To_Fire_Points', 'Soil_Type10', 'Soil_Type4', 'Soil_Type3', 'Soil_Type2', 'Soil_Type1', 'Soil_Type6', 'Soil_Type5', 'Soil_Type17', 'Vertical_Distance_To_Hydrology', 'Soil_Type11', 'Soil_Type14', 'Aspect', 'Hillshade_9am', 'Soil_Type16', 'Soil_Type32', 'Soil_Type13']"
1167,lr_shap_list_ir_1,lr_shap_list_ir_1_subset_34,orderMean,"['Wilderness_Area4', 'Hillshade_3pm', 'Wilderness_Area3', 'Hillshade_9am', 'Hillshade_Noon', 'Horizontal_Distance_To_Roadways', 'Elevation', 'Slope', 'Horizontal_Distance_To_Hydrology', 'Horizontal_Distance_To_Fire_Points', 'Soil_Type10', 'Soil_Type3', 'Vertical_Distance_To_Hydrology', 'Aspect', 'Soil_Type11', 'Soil_Type1', 'Soil_Type6', 'Soil_Type5', 'Soil_Type17', 'Soil_Type2', 'Soil_Type4', 'Soil_Type16', 'Soil_Type14', 'Soil_Type32', 'Soil_Type13']"
1168,lr_shap_list_ir_1,lr_shap_list_ir_1_subset_34,orderStd,"['Hillshade_3pm', 'Hillshade_Noon', 'Wilderness_Area4', 'Hillshade_9am', 'Wilderness_Area3', 'Horizontal_Distance_To_Roadways', 'Elevation', 'Slope', 'Horizontal_Distance_To_Hydrology', 'Horizontal_Distance_To_Fire_Points', 'Soil_Type3', 'Soil_Type1', 'Soil_Type11', 'Soil_Type17', 'Soil_Type16', 'Vertical_Distance_To_Hydrology', 'Soil_Type5', 'Soil_Type6', 'Soil_Type14', 'Aspect', 'Soil_Type10', 'Soil_Type2', 'Soil_Type4', 'Soil_Type32', 'Soil_Type13']"
1169,lr_shap_list_ir_1,lr_shap_list_ir_1_subset_34,orderSum,"['Wilderness_Area4', 'Hillshade_3pm', 'Wilderness_Area3', 'Hillshade_9am', 'Hillshade_Noon', 'Horizontal_Distance_To_Roadways', 'Elevation', 'Slope', 'Horizontal_Distance_To_Hydrology', 'Horizontal_Distance_To_Fire_Points', 'Soil_Type10', 'Soil_Type3', 'Vertical_Distance_To_Hydrology', 'Aspect', 'Soil_Type11', 'Soil_Type1', 'Soil_Type6', 'Soil_Type5', 'Soil_Type17', 'Soil_Type2', 'Soil_Type4', 'Soil_Type16', 'Soil_Type14', 'Soil_Type32', 'Soil_Type13']"
1170,lr_shap_list_ir_5,lr_shap_list_ir_5_subset_78,orderMean,"['Wilderness_Area4', 'Wilderness_Area3', 'Hillshade_3pm', 'Hillshade_Noon', 'Horizontal_Distance_To_Roadways', 'Elevation', 'Horizontal_Distance_To_Hydrology', 'Horizontal_Distance_To_Fire_Points', 'Slope', 'Soil_Type10', 'Soil_Type4', 'Soil_Type3', 'Soil_Type1', 'Hillshade_9am', 'Soil_Type2', 'Soil_Type17', 'Aspect', 'Soil_Type6', 'Vertical_Distance_To_Hydrology', 'Soil_Type14', 'Soil_Type5', 'Soil_Type11', 'Soil_Type16', 'Soil_Type32', 'Soil_Type13']"
1171,lr_shap_list_ir_5,lr_shap_list_ir_5_subset_78,orderStd,"['Hillshade_3pm', 'Hillshade_Noon', 'Wilderness_Area4', 'Wilderness_Area3', 'Horizontal_Distance_To_Roadways', 'Elevation', 'Horizontal_Distance_To_Hydrology', 'Horizontal_Distance_To_Fire_Points', 'Soil_Type1', 'Soil_Type17', 'Slope', 'Soil_Type14', 'Soil_Type2', 'Soil_Type3', 'Soil_Type6', 'Soil_Type4', 'Soil_Type5', 'Soil_Type10', 'Hillshade_9am', 'Soil_Type11', 'Soil_Type16', 'Aspect', 'Vertical_Distance_To_Hydrology', 'Soil_Type32', 'Soil_Type13']"
1172,lr_shap_list_ir_5,lr_shap_list_ir_5_subset_78,orderSum,"['Wilderness_Area4', 'Wilderness_Area3', 'Hillshade_3pm', 'Hillshade_Noon', 'Horizontal_Distance_To_Roadways', 'Elevation', 'Horizontal_Distance_To_Hydrology', 'Horizontal_Distance_To_Fire_Points', 'Slope', 'Soil_Type10', 'Soil_Type4', 'Soil_Type3', 'Soil_Type1', 'Hillshade_9am', 'Soil_Type2', 'Soil_Type17', 'Aspect', 'Soil_Type6', 'Vertical_Distance_To_Hydrology', 'Soil_Type14', 'Soil_Type5', 'Soil_Type11', 'Soil_Type16', 'Soil_Type32', 'Soil_Type13']"
1173,lr_shap_list_ir_3,lr_shap_list_ir_3_subset_80,orderMean,"['Wilderness_Area4', 'Wilderness_Area3', 'Hillshade_3pm', 'Hillshade_Noon', 'Horizontal_Distance_To_Roadways', 'Elevation', 'Hillshade_9am', 'Horizontal_Distance_To_Hydrology', 'Horizontal_Distance_To_Fire_Points', 'Slope', 'Soil_Type10', 'Soil_Type4', 'Soil_Type2', 'Soil_Type6', 'Vertical_Distance_To_Hydrology', 'Soil_Type1', 'Soil_Type3', 'Aspect', 'Soil_Type17', 'Soil_Type14', 'Soil_Type5', 'Soil_Type16', 'Soil_Type11', 'Soil_Type32', 'Soil_Type13']"
1174,lr_shap_list_ir_3,lr_shap_list_ir_3_subset_80,orderStd,"['Hillshade_3pm', 'Hillshade_Noon', 'Wilderness_Area4', 'Wilderness_Area3', 'Horizontal_Distance_To_Roadways', 'Elevation', 'Hillshade_9am', 'Horizontal_Distance_To_Hydrology', 'Horizontal_Distance_To_Fire_Points', 'Slope', 'Soil_Type1', 'Soil_Type2', 'Soil_Type17', 'Soil_Type4', 'Soil_Type14', 'Soil_Type6', 'Soil_Type3', 'Vertical_Distance_To_Hydrology', 'Soil_Type10', 'Soil_Type5', 'Soil_Type16', 'Aspect', 'Soil_Type11', 'Soil_Type32', 'Soil_Type13']"
1175,lr_shap_list_ir_3,lr_shap_list_ir_3_subset_80,orderSum,"['Wilderness_Area4', 'Wilderness_Area3', 'Hillshade_3pm', 'Hillshade_Noon', 'Horizontal_Distance_To_Roadways', 'Elevation', 'Hillshade_9am', 'Horizontal_Distance_To_Hydrology', 'Horizontal_Distance_To_Fire_Points', 'Slope', 'Soil_Type10', 'Soil_Type4', 'Soil_Type2', 'Soil_Type6', 'Vertical_Distance_To_Hydrology', 'Soil_Type1', 'Soil_Type3', 'Aspect', 'Soil_Type17', 'Soil_Type14', 'Soil_Type5', 'Soil_Type16', 'Soil_Type11', 'Soil_Type32', 'Soil_Type13']"
1176,lr_shap_list_ir_5,lr_shap_list_ir_5_subset_38,orderMean,"['Wilderness_Area4', 'Wilderness_Area3', 'Hillshade_3pm', 'Hillshade_Noon', 'Elevation', 'Horizontal_Distance_To_Roadways', 'Horizontal_Distance_To_Fire_Points', 'Horizontal_Distance_To_Hydrology', 'Slope', 'Hillshade_9am', 'Soil_Type10', 'Soil_Type1', 'Soil_Type4', 'Soil_Type3', 'Soil_Type2', 'Aspect', 'Soil_Type17', 'Soil_Type6', 'Soil_Type14', 'Soil_Type11', 'Soil_Type5', 'Vertical_Distance_To_Hydrology', 'Soil_Type16', 'Soil_Type32', 'Soil_Type13']"
1177,lr_shap_list_ir_5,lr_shap_list_ir_5_subset_38,orderStd,"['Hillshade_3pm', 'Wilderness_Area4', 'Hillshade_Noon', 'Wilderness_Area3', 'Horizontal_Distance_To_Roadways', 'Elevation', 'Horizontal_Distance_To_Fire_Points', 'Horizontal_Distance_To_Hydrology', 'Soil_Type2', 'Slope', 'Soil_Type1', 'Soil_Type14', 'Hillshade_9am', 'Soil_Type17', 'Soil_Type3', 'Soil_Type10', 'Soil_Type5', 'Soil_Type6', 'Soil_Type4', 'Soil_Type11', 'Soil_Type16', 'Aspect', 'Vertical_Distance_To_Hydrology', 'Soil_Type32', 'Soil_Type13']"
1178,lr_shap_list_ir_5,lr_shap_list_ir_5_subset_38,orderSum,"['Wilderness_Area4', 'Wilderness_Area3', 'Hillshade_3pm', 'Hillshade_Noon', 'Elevation', 'Horizontal_Distance_To_Roadways', 'Horizontal_Distance_To_Fire_Points', 'Horizontal_Distance_To_Hydrology', 'Slope', 'Hillshade_9am', 'Soil_Type10', 'Soil_Type1', 'Soil_Type4', 'Soil_Type3', 'Soil_Type2', 'Aspect', 'Soil_Type17', 'Soil_Type6', 'Soil_Type14', 'Soil_Type11', 'Soil_Type5', 'Vertical_Distance_To_Hydrology', 'Soil_Type16', 'Soil_Type32', 'Soil_Type13']"
1179,lr_shap_list_ir_2,lr_shap_list_ir_2_subset_57,orderMean,"['Wilderness_Area3', 'Wilderness_Area4', 'Horizontal_Distance_To_Roadways', 'Elevation', 'Hillshade_Noon', 'Hillshade_3pm', 'Horizontal_Distance_To_Hydrology', 'Soil_Type10', 'Hillshade_9am', 'Horizontal_Distance_To_Fire_Points', 'Slope', 'Soil_Type2', 'Soil_Type6', 'Soil_Type4', 'Vertical_Distance_To_Hydrology', 'Aspect', 'Soil_Type3', 'Soil_Type1', 'Soil_Type11', 'Soil_Type5', 'Soil_Type17', 'Soil_Type14', 'Soil_Type16', 'Soil_Type32', 'Soil_Type13']"
1180,lr_shap_list_ir_2,lr_shap_list_ir_2_subset_57,orderStd,"['Horizontal_Distance_To_Roadways', 'Wilderness_Area3', 'Wilderness_Area4', 'Elevation', 'Hillshade_Noon', 'Hillshade_3pm', 'Horizontal_Distance_To_Hydrology', 'Horizontal_Distance_To_Fire_Points', 'Hillshade_9am', 'Soil_Type2', 'Soil_Type1', 'Soil_Type6', 'Soil_Type10', 'Slope', 'Soil_Type17', 'Soil_Type3', 'Soil_Type5', 'Vertical_Distance_To_Hydrology', 'Soil_Type14', 'Soil_Type11', 'Soil_Type4', 'Aspect', 'Soil_Type16', 'Soil_Type32', 'Soil_Type13']"
1181,lr_shap_list_ir_2,lr_shap_list_ir_2_subset_57,orderSum,"['Wilderness_Area3', 'Wilderness_Area4', 'Horizontal_Distance_To_Roadways', 'Elevation', 'Hillshade_Noon', 'Hillshade_3pm', 'Horizontal_Distance_To_Hydrology', 'Soil_Type10', 'Hillshade_9am', 'Horizontal_Distance_To_Fire_Points', 'Slope', 'Soil_Type2', 'Soil_Type6', 'Soil_Type4', 'Vertical_Distance_To_Hydrology', 'Aspect', 'Soil_Type3', 'Soil_Type1', 'Soil_Type11', 'Soil_Type5', 'Soil_Type17', 'Soil_Type14', 'Soil_Type16', 'Soil_Type32', 'Soil_Type13']"
1182,lr_shap_list_ir_1,lr_shap_list_ir_1_subset_38,orderMean,"['Wilderness_Area4', 'Wilderness_Area3', 'Hillshade_3pm', 'Hillshade_Noon', 'Horizontal_Distance_To_Roadways', 'Elevation', 'Slope', 'Hillshade_9am', 'Horizontal_Distance_To_Hydrology', 'Soil_Type2', 'Horizontal_Distance_To_Fire_Points', 'Soil_Type10', 'Soil_Type4', 'Soil_Type6', 'Soil_Type3', 'Soil_Type1', 'Aspect', 'Soil_Type17', 'Soil_Type16', 'Soil_Type11', 'Soil_Type5', 'Vertical_Distance_To_Hydrology', 'Soil_Type14', 'Soil_Type32', 'Soil_Type13']"
1183,lr_shap_list_ir_1,lr_shap_list_ir_1_subset_38,orderStd,"['Hillshade_3pm', 'Wilderness_Area4', 'Hillshade_Noon', 'Wilderness_Area3', 'Horizontal_Distance_To_Roadways', 'Elevation', 'Slope', 'Soil_Type1', 'Soil_Type2', 'Soil_Type3', 'Hillshade_9am', 'Horizontal_Distance_To_Hydrology', 'Horizontal_Distance_To_Fire_Points', 'Soil_Type6', 'Soil_Type17', 'Soil_Type4', 'Soil_Type16', 'Soil_Type10', 'Soil_Type5', 'Soil_Type14', 'Soil_Type11', 'Aspect', 'Vertical_Distance_To_Hydrology', 'Soil_Type32', 'Soil_Type13']"
1184,lr_shap_list_ir_1,lr_shap_list_ir_1_subset_38,orderSum,"['Wilderness_Area4', 'Wilderness_Area3', 'Hillshade_3pm', 'Hillshade_Noon', 'Horizontal_Distance_To_Roadways', 'Elevation', 'Slope', 'Hillshade_9am', 'Horizontal_Distance_To_Hydrology', 'Soil_Type2', 'Horizontal_Distance_To_Fire_Points', 'Soil_Type10', 'Soil_Type4', 'Soil_Type6', 'Soil_Type3', 'Soil_Type1', 'Aspect', 'Soil_Type17', 'Soil_Type16', 'Soil_Type11', 'Soil_Type5', 'Vertical_Distance_To_Hydrology', 'Soil_Type14', 'Soil_Type32', 'Soil_Type13']"
1185,lr_shap_list_ir_3,lr_shap_list_ir_3_subset_82,orderMean,"['Wilderness_Area3', 'Wilderness_Area4', 'Hillshade_3pm', 'Hillshade_Noon', 'Horizontal_Distance_To_Roadways', 'Elevation', 'Horizontal_Distance_To_Hydrology', 'Horizontal_Distance_To_Fire_Points', 'Soil_Type10', 'Slope', 'Soil_Type2', 'Soil_Type4', 'Hillshade_9am', 'Soil_Type1', 'Soil_Type6', 'Soil_Type3', 'Aspect', 'Vertical_Distance_To_Hydrology', 'Soil_Type14', 'Soil_Type17', 'Soil_Type5', 'Soil_Type11', 'Soil_Type16', 'Soil_Type32', 'Soil_Type13']"
1186,lr_shap_list_ir_3,lr_shap_list_ir_3_subset_82,orderStd,"['Hillshade_3pm', 'Hillshade_Noon', 'Wilderness_Area3', 'Wilderness_Area4', 'Horizontal_Distance_To_Roadways', 'Elevation', 'Horizontal_Distance_To_Fire_Points', 'Horizontal_Distance_To_Hydrology', 'Soil_Type1', 'Soil_Type2', 'Slope', 'Soil_Type6', 'Soil_Type14', 'Soil_Type4', 'Soil_Type10', 'Soil_Type17', 'Soil_Type11', 'Hillshade_9am', 'Soil_Type5', 'Soil_Type16', 'Soil_Type3', 'Vertical_Distance_To_Hydrology', 'Aspect', 'Soil_Type32', 'Soil_Type13']"
1187,lr_shap_list_ir_3,lr_shap_list_ir_3_subset_82,orderSum,"['Wilderness_Area3', 'Wilderness_Area4', 'Hillshade_3pm', 'Hillshade_Noon', 'Horizontal_Distance_To_Roadways', 'Elevation', 'Horizontal_Distance_To_Hydrology', 'Horizontal_Distance_To_Fire_Points', 'Soil_Type10', 'Slope', 'Soil_Type2', 'Soil_Type4', 'Hillshade_9am', 'Soil_Type1', 'Soil_Type6', 'Soil_Type3', 'Aspect', 'Vertical_Distance_To_Hydrology', 'Soil_Type14', 'Soil_Type17', 'Soil_Type5', 'Soil_Type11', 'Soil_Type16', 'Soil_Type32', 'Soil_Type13']"
1188,lr_shap_list_ir_1,lr_shap_list_ir_1_subset_85,orderMean,"['Wilderness_Area4', 'Wilderness_Area3', 'Hillshade_3pm', 'Hillshade_Noon', 'Horizontal_Distance_To_Roadways', 'Elevation', 'Hillshade_9am', 'Horizontal_Distance_To_Fire_Points', 'Slope', 'Horizontal_Distance_To_Hydrology', 'Soil_Type10', 'Soil_Type2', 'Soil_Type1', 'Soil_Type6', 'Soil_Type4', 'Soil_Type3', 'Vertical_Distance_To_Hydrology', 'Aspect', 'Soil_Type14', 'Soil_Type17', 'Soil_Type5', 'Soil_Type16', 'Soil_Type11', 'Soil_Type32', 'Soil_Type13']"
1189,lr_shap_list_ir_1,lr_shap_list_ir_1_subset_85,orderStd,"['Hillshade_3pm', 'Hillshade_Noon', 'Horizontal_Distance_To_Roadways', 'Elevation', 'Wilderness_Area4', 'Wilderness_Area3', 'Horizontal_Distance_To_Fire_Points', 'Hillshade_9am', 'Slope', 'Soil_Type1', 'Soil_Type2', 'Horizontal_Distance_To_Hydrology', 'Soil_Type17', 'Soil_Type6', 'Soil_Type14', 'Soil_Type10', 'Soil_Type3', 'Soil_Type16', 'Soil_Type5', 'Soil_Type4', 'Vertical_Distance_To_Hydrology', 'Aspect', 'Soil_Type11', 'Soil_Type32', 'Soil_Type13']"
1190,lr_shap_list_ir_1,lr_shap_list_ir_1_subset_85,orderSum,"['Wilderness_Area4', 'Wilderness_Area3', 'Hillshade_3pm', 'Hillshade_Noon', 'Horizontal_Distance_To_Roadways', 'Elevation', 'Hillshade_9am', 'Horizontal_Distance_To_Fire_Points', 'Slope', 'Horizontal_Distance_To_Hydrology', 'Soil_Type10', 'Soil_Type2', 'Soil_Type1', 'Soil_Type6', 'Soil_Type4', 'Soil_Type3', 'Vertical_Distance_To_Hydrology', 'Aspect', 'Soil_Type14', 'Soil_Type17', 'Soil_Type5', 'Soil_Type16', 'Soil_Type11', 'Soil_Type32', 'Soil_Type13']"
1191,lr_shap_list_ir_5,lr_shap_list_ir_5_subset_83,orderMean,"['Wilderness_Area4', 'Wilderness_Area3', 'Hillshade_Noon', 'Elevation', 'Hillshade_3pm', 'Horizontal_Distance_To_Roadways', 'Horizontal_Distance_To_Hydrology', 'Horizontal_Distance_To_Fire_Points', 'Soil_Type10', 'Slope', 'Hillshade_9am', 'Soil_Type3', 'Soil_Type4', 'Vertical_Distance_To_Hydrology', 'Soil_Type2', 'Soil_Type1', 'Soil_Type6', 'Soil_Type17', 'Aspect', 'Soil_Type5', 'Soil_Type11', 'Soil_Type14', 'Soil_Type16', 'Soil_Type32', 'Soil_Type13']"
1192,lr_shap_list_ir_5,lr_shap_list_ir_5_subset_83,orderStd,"['Wilderness_Area4', 'Wilderness_Area3', 'Horizontal_Distance_To_Roadways', 'Hillshade_Noon', 'Elevation', 'Hillshade_3pm', 'Horizontal_Distance_To_Hydrology', 'Horizontal_Distance_To_Fire_Points', 'Soil_Type1', 'Soil_Type3', 'Soil_Type17', 'Soil_Type2', 'Slope', 'Hillshade_9am', 'Soil_Type5', 'Soil_Type14', 'Soil_Type4', 'Soil_Type10', 'Vertical_Distance_To_Hydrology', 'Soil_Type6', 'Soil_Type16', 'Soil_Type11', 'Aspect', 'Soil_Type32', 'Soil_Type13']"
1193,lr_shap_list_ir_5,lr_shap_list_ir_5_subset_83,orderSum,"['Wilderness_Area4', 'Wilderness_Area3', 'Hillshade_Noon', 'Elevation', 'Hillshade_3pm', 'Horizontal_Distance_To_Roadways', 'Horizontal_Distance_To_Hydrology', 'Horizontal_Distance_To_Fire_Points', 'Soil_Type10', 'Slope', 'Hillshade_9am', 'Soil_Type3', 'Soil_Type4', 'Vertical_Distance_To_Hydrology', 'Soil_Type2', 'Soil_Type1', 'Soil_Type6', 'Soil_Type17', 'Aspect', 'Soil_Type5', 'Soil_Type11', 'Soil_Type14', 'Soil_Type16', 'Soil_Type32', 'Soil_Type13']"
1194,lr_shap_list_ir_5,lr_shap_list_ir_5_subset_30,orderMean,"['Wilderness_Area4', 'Wilderness_Area3', 'Hillshade_3pm', 'Hillshade_Noon', 'Horizontal_Distance_To_Roadways', 'Hillshade_9am', 'Elevation', 'Slope', 'Horizontal_Distance_To_Hydrology', 'Horizontal_Distance_To_Fire_Points', 'Soil_Type10', 'Soil_Type17', 'Soil_Type3', 'Soil_Type2', 'Soil_Type1', 'Soil_Type6', 'Vertical_Distance_To_Hydrology', 'Soil_Type14', 'Aspect', 'Soil_Type4', 'Soil_Type5', 'Soil_Type11', 'Soil_Type16', 'Soil_Type32', 'Soil_Type13']"
1195,lr_shap_list_ir_5,lr_shap_list_ir_5_subset_30,orderStd,"['Wilderness_Area4', 'Hillshade_3pm', 'Wilderness_Area3', 'Hillshade_Noon', 'Horizontal_Distance_To_Roadways', 'Elevation', 'Hillshade_9am', 'Slope', 'Horizontal_Distance_To_Hydrology', 'Horizontal_Distance_To_Fire_Points', 'Soil_Type17', 'Soil_Type1', 'Soil_Type3', 'Soil_Type2', 'Soil_Type14', 'Soil_Type5', 'Soil_Type6', 'Soil_Type16', 'Soil_Type10', 'Vertical_Distance_To_Hydrology', 'Soil_Type11', 'Aspect', 'Soil_Type4', 'Soil_Type32', 'Soil_Type13']"
1196,lr_shap_list_ir_5,lr_shap_list_ir_5_subset_30,orderSum,"['Wilderness_Area4', 'Wilderness_Area3', 'Hillshade_3pm', 'Hillshade_Noon', 'Horizontal_Distance_To_Roadways', 'Hillshade_9am', 'Elevation', 'Slope', 'Horizontal_Distance_To_Hydrology', 'Horizontal_Distance_To_Fire_Points', 'Soil_Type10', 'Soil_Type17', 'Soil_Type3', 'Soil_Type2', 'Soil_Type1', 'Soil_Type6', 'Vertical_Distance_To_Hydrology', 'Soil_Type14', 'Aspect', 'Soil_Type4', 'Soil_Type5', 'Soil_Type11', 'Soil_Type16', 'Soil_Type32', 'Soil_Type13']"
1197,lr_shap_list_ir_2,lr_shap_list_ir_2_subset_105,orderMean,"['Wilderness_Area3', 'Wilderness_Area4', 'Hillshade_3pm', 'Hillshade_Noon', 'Horizontal_Distance_To_Roadways', 'Elevation', 'Hillshade_9am', 'Slope', 'Horizontal_Distance_To_Hydrology', 'Horizontal_Distance_To_Fire_Points', 'Soil_Type10', 'Soil_Type2', 'Soil_Type4', 'Soil_Type3', 'Aspect', 'Soil_Type6', 'Soil_Type1', 'Soil_Type17', 'Soil_Type5', 'Soil_Type14', 'Soil_Type11', 'Vertical_Distance_To_Hydrology', 'Soil_Type16', 'Soil_Type32', 'Soil_Type13']"
1198,lr_shap_list_ir_2,lr_shap_list_ir_2_subset_105,orderStd,"['Hillshade_3pm', 'Hillshade_Noon', 'Wilderness_Area3', 'Wilderness_Area4', 'Horizontal_Distance_To_Roadways', 'Elevation', 'Hillshade_9am', 'Slope', 'Horizontal_Distance_To_Hydrology', 'Soil_Type1', 'Horizontal_Distance_To_Fire_Points', 'Soil_Type2', 'Soil_Type4', 'Soil_Type17', 'Soil_Type3', 'Soil_Type10', 'Soil_Type6', 'Aspect', 'Soil_Type14', 'Soil_Type5', 'Soil_Type11', 'Soil_Type16', 'Vertical_Distance_To_Hydrology', 'Soil_Type32', 'Soil_Type13']"
1199,lr_shap_list_ir_2,lr_shap_list_ir_2_subset_105,orderSum,"['Wilderness_Area3', 'Wilderness_Area4', 'Hillshade_3pm', 'Hillshade_Noon', 'Horizontal_Distance_To_Roadways', 'Elevation', 'Hillshade_9am', 'Slope', 'Horizontal_Distance_To_Hydrology', 'Horizontal_Distance_To_Fire_Points', 'Soil_Type10', 'Soil_Type2', 'Soil_Type4', 'Soil_Type3', 'Aspect', 'Soil_Type6', 'Soil_Type1', 'Soil_Type17', 'Soil_Type5', 'Soil_Type14', 'Soil_Type11', 'Vertical_Distance_To_Hydrology', 'Soil_Type16', 'Soil_Type32', 'Soil_Type13']"
1200,lr_shap_list_ir_5,lr_shap_list_ir_5_subset_88,orderMean,"['Wilderness_Area4', 'Wilderness_Area3', 'Hillshade_3pm', 'Hillshade_Noon', 'Elevation', 'Horizontal_Distance_To_Roadways', 'Horizontal_Distance_To_Hydrology', 'Horizontal_Distance_To_Fire_Points', 'Slope', 'Soil_Type10', 'Soil_Type2', 'Soil_Type3', 'Soil_Type4', 'Soil_Type1', 'Soil_Type6', 'Hillshade_9am', 'Soil_Type17', 'Aspect', 'Soil_Type14', 'Vertical_Distance_To_Hydrology', 'Soil_Type5', 'Soil_Type11', 'Soil_Type16', 'Soil_Type32', 'Soil_Type13']"
1201,lr_shap_list_ir_5,lr_shap_list_ir_5_subset_88,orderStd,"['Hillshade_Noon', 'Hillshade_3pm', 'Wilderness_Area4', 'Wilderness_Area3', 'Horizontal_Distance_To_Roadways', 'Elevation', 'Horizontal_Distance_To_Fire_Points', 'Horizontal_Distance_To_Hydrology', 'Slope', 'Soil_Type1', 'Soil_Type17', 'Soil_Type14', 'Soil_Type3', 'Soil_Type2', 'Soil_Type5', 'Soil_Type6', 'Soil_Type10', 'Soil_Type4', 'Soil_Type16', 'Hillshade_9am', 'Soil_Type11', 'Aspect', 'Vertical_Distance_To_Hydrology', 'Soil_Type32', 'Soil_Type13']"
1202,lr_shap_list_ir_5,lr_shap_list_ir_5_subset_88,orderSum,"['Wilderness_Area4', 'Wilderness_Area3', 'Hillshade_3pm', 'Hillshade_Noon', 'Elevation', 'Horizontal_Distance_To_Roadways', 'Horizontal_Distance_To_Hydrology', 'Horizontal_Distance_To_Fire_Points', 'Slope', 'Soil_Type10', 'Soil_Type2', 'Soil_Type3', 'Soil_Type4', 'Soil_Type1', 'Soil_Type6', 'Hillshade_9am', 'Soil_Type17', 'Aspect', 'Soil_Type14', 'Vertical_Distance_To_Hydrology', 'Soil_Type5', 'Soil_Type11', 'Soil_Type16', 'Soil_Type32', 'Soil_Type13']"
1203,lr_shap_list_ir_5,lr_shap_list_ir_5_subset_103,orderMean,"['Wilderness_Area4', 'Wilderness_Area3', 'Hillshade_3pm', 'Hillshade_Noon', 'Horizontal_Distance_To_Roadways', 'Elevation', 'Horizontal_Distance_To_Hydrology', 'Slope', 'Horizontal_Distance_To_Fire_Points', 'Soil_Type10', 'Soil_Type2', 'Soil_Type3', 'Hillshade_9am', 'Soil_Type6', 'Soil_Type1', 'Soil_Type4', 'Vertical_Distance_To_Hydrology', 'Soil_Type17', 'Aspect', 'Soil_Type14', 'Soil_Type5', 'Soil_Type11', 'Soil_Type16', 'Soil_Type32', 'Soil_Type13']"
1204,lr_shap_list_ir_5,lr_shap_list_ir_5_subset_103,orderStd,"['Hillshade_3pm', 'Hillshade_Noon', 'Horizontal_Distance_To_Roadways', 'Wilderness_Area4', 'Wilderness_Area3', 'Elevation', 'Horizontal_Distance_To_Hydrology', 'Horizontal_Distance_To_Fire_Points', 'Soil_Type1', 'Slope', 'Soil_Type14', 'Soil_Type17', 'Soil_Type2', 'Soil_Type10', 'Soil_Type3', 'Soil_Type5', 'Soil_Type6', 'Hillshade_9am', 'Soil_Type4', 'Soil_Type16', 'Vertical_Distance_To_Hydrology', 'Soil_Type11', 'Aspect', 'Soil_Type32', 'Soil_Type13']"
1205,lr_shap_list_ir_5,lr_shap_list_ir_5_subset_103,orderSum,"['Wilderness_Area4', 'Wilderness_Area3', 'Hillshade_3pm', 'Hillshade_Noon', 'Horizontal_Distance_To_Roadways', 'Elevation', 'Horizontal_Distance_To_Hydrology', 'Slope', 'Horizontal_Distance_To_Fire_Points', 'Soil_Type10', 'Soil_Type2', 'Soil_Type3', 'Hillshade_9am', 'Soil_Type6', 'Soil_Type1', 'Soil_Type4', 'Vertical_Distance_To_Hydrology', 'Soil_Type17', 'Aspect', 'Soil_Type14', 'Soil_Type5', 'Soil_Type11', 'Soil_Type16', 'Soil_Type32', 'Soil_Type13']"
1206,lr_shap_list_ir_1,lr_shap_list_ir_1_subset_16,orderMean,"['Wilderness_Area4', 'Wilderness_Area3', 'Hillshade_3pm', 'Hillshade_Noon', 'Elevation', 'Horizontal_Distance_To_Roadways', 'Hillshade_9am', 'Slope', 'Horizontal_Distance_To_Hydrology', 'Horizontal_Distance_To_Fire_Points', 'Soil_Type5', 'Soil_Type3', 'Aspect', 'Soil_Type4', 'Soil_Type10', 'Vertical_Distance_To_Hydrology', 'Soil_Type2', 'Soil_Type11', 'Soil_Type1', 'Soil_Type17', 'Soil_Type6', 'Soil_Type16', 'Soil_Type14', 'Soil_Type32', 'Soil_Type13']"
1207,lr_shap_list_ir_1,lr_shap_list_ir_1_subset_16,orderStd,"['Hillshade_3pm', 'Hillshade_Noon', 'Soil_Type5', 'Elevation', 'Horizontal_Distance_To_Roadways', 'Hillshade_9am', 'Soil_Type3', 'Wilderness_Area4', 'Slope', 'Soil_Type11', 'Horizontal_Distance_To_Fire_Points', 'Soil_Type17', 'Wilderness_Area3', 'Horizontal_Distance_To_Hydrology', 'Soil_Type1', 'Soil_Type16', 'Soil_Type14', 'Soil_Type2', 'Aspect', 'Vertical_Distance_To_Hydrology', 'Soil_Type4', 'Soil_Type10', 'Soil_Type6', 'Soil_Type32', 'Soil_Type13']"
1208,lr_shap_list_ir_1,lr_shap_list_ir_1_subset_16,orderSum,"['Wilderness_Area4', 'Wilderness_Area3', 'Hillshade_3pm', 'Hillshade_Noon', 'Elevation', 'Horizontal_Distance_To_Roadways', 'Hillshade_9am', 'Slope', 'Horizontal_Distance_To_Hydrology', 'Horizontal_Distance_To_Fire_Points', 'Soil_Type5', 'Soil_Type3', 'Aspect', 'Soil_Type4', 'Soil_Type10', 'Vertical_Distance_To_Hydrology', 'Soil_Type2', 'Soil_Type11', 'Soil_Type1', 'Soil_Type17', 'Soil_Type6', 'Soil_Type16', 'Soil_Type14', 'Soil_Type32', 'Soil_Type13']"
1209,lr_shap_list_ir_5,lr_shap_list_ir_5_subset_51,orderMean,"['Wilderness_Area4', 'Wilderness_Area3', 'Hillshade_3pm', 'Hillshade_Noon', 'Horizontal_Distance_To_Roadways', 'Elevation', 'Horizontal_Distance_To_Hydrology', 'Horizontal_Distance_To_Fire_Points', 'Slope', 'Hillshade_9am', 'Soil_Type10', 'Soil_Type2', 'Soil_Type1', 'Vertical_Distance_To_Hydrology', 'Soil_Type4', 'Soil_Type3', 'Soil_Type17', 'Soil_Type6', 'Aspect', 'Soil_Type14', 'Soil_Type5', 'Soil_Type11', 'Soil_Type16', 'Soil_Type32', 'Soil_Type13']"
1210,lr_shap_list_ir_5,lr_shap_list_ir_5_subset_51,orderStd,"['Hillshade_3pm', 'Wilderness_Area4', 'Hillshade_Noon', 'Wilderness_Area3', 'Horizontal_Distance_To_Roadways', 'Elevation', 'Horizontal_Distance_To_Hydrology', 'Horizontal_Distance_To_Fire_Points', 'Slope', 'Soil_Type1', 'Hillshade_9am', 'Soil_Type2', 'Soil_Type17', 'Soil_Type14', 'Soil_Type6', 'Soil_Type5', 'Soil_Type3', 'Soil_Type10', 'Soil_Type16', 'Soil_Type4', 'Vertical_Distance_To_Hydrology', 'Aspect', 'Soil_Type11', 'Soil_Type32', 'Soil_Type13']"
1211,lr_shap_list_ir_5,lr_shap_list_ir_5_subset_51,orderSum,"['Wilderness_Area4', 'Wilderness_Area3', 'Hillshade_3pm', 'Hillshade_Noon', 'Horizontal_Distance_To_Roadways', 'Elevation', 'Horizontal_Distance_To_Hydrology', 'Horizontal_Distance_To_Fire_Points', 'Slope', 'Hillshade_9am', 'Soil_Type10', 'Soil_Type2', 'Soil_Type1', 'Vertical_Distance_To_Hydrology', 'Soil_Type4', 'Soil_Type3', 'Soil_Type17', 'Soil_Type6', 'Aspect', 'Soil_Type14', 'Soil_Type5', 'Soil_Type11', 'Soil_Type16', 'Soil_Type32', 'Soil_Type13']"
1212,lr_shap_list_ir_3,lr_shap_list_ir_3_subset_28,orderMean,"['Wilderness_Area4', 'Wilderness_Area3', 'Hillshade_3pm', 'Hillshade_Noon', 'Hillshade_9am', 'Horizontal_Distance_To_Roadways', 'Elevation', 'Slope', 'Horizontal_Distance_To_Hydrology', 'Horizontal_Distance_To_Fire_Points', 'Soil_Type10', 'Soil_Type1', 'Soil_Type2', 'Soil_Type4', 'Vertical_Distance_To_Hydrology', 'Soil_Type3', 'Soil_Type6', 'Soil_Type14', 'Soil_Type11', 'Soil_Type17', 'Aspect', 'Soil_Type5', 'Soil_Type16', 'Soil_Type32', 'Soil_Type13']"
1213,lr_shap_list_ir_3,lr_shap_list_ir_3_subset_28,orderStd,"['Hillshade_3pm', 'Wilderness_Area4', 'Hillshade_Noon', 'Wilderness_Area3', 'Horizontal_Distance_To_Roadways', 'Elevation', 'Hillshade_9am', 'Slope', 'Horizontal_Distance_To_Hydrology', 'Horizontal_Distance_To_Fire_Points', 'Soil_Type1', 'Soil_Type2', 'Soil_Type17', 'Soil_Type5', 'Soil_Type14', 'Soil_Type3', 'Soil_Type6', 'Soil_Type11', 'Soil_Type16', 'Soil_Type4', 'Vertical_Distance_To_Hydrology', 'Soil_Type10', 'Aspect', 'Soil_Type32', 'Soil_Type13']"
1214,lr_shap_list_ir_3,lr_shap_list_ir_3_subset_28,orderSum,"['Wilderness_Area4', 'Wilderness_Area3', 'Hillshade_3pm', 'Hillshade_Noon', 'Hillshade_9am', 'Horizontal_Distance_To_Roadways', 'Elevation', 'Slope', 'Horizontal_Distance_To_Hydrology', 'Horizontal_Distance_To_Fire_Points', 'Soil_Type10', 'Soil_Type1', 'Soil_Type2', 'Soil_Type4', 'Vertical_Distance_To_Hydrology', 'Soil_Type3', 'Soil_Type6', 'Soil_Type14', 'Soil_Type11', 'Soil_Type17', 'Aspect', 'Soil_Type5', 'Soil_Type16', 'Soil_Type32', 'Soil_Type13']"
1215,lr_shap_list_ir_5,lr_shap_list_ir_5_subset_59,orderMean,"['Wilderness_Area4', 'Wilderness_Area3', 'Hillshade_3pm', 'Hillshade_Noon', 'Horizontal_Distance_To_Roadways', 'Elevation', 'Hillshade_9am', 'Slope', 'Horizontal_Distance_To_Hydrology', 'Horizontal_Distance_To_Fire_Points', 'Soil_Type2', 'Soil_Type10', 'Soil_Type3', 'Soil_Type4', 'Soil_Type1', 'Soil_Type6', 'Vertical_Distance_To_Hydrology', 'Soil_Type14', 'Soil_Type17', 'Soil_Type5', 'Aspect', 'Soil_Type16', 'Soil_Type11', 'Soil_Type32', 'Soil_Type13']"
1216,lr_shap_list_ir_5,lr_shap_list_ir_5_subset_59,orderStd,"['Hillshade_3pm', 'Wilderness_Area4', 'Hillshade_Noon', 'Wilderness_Area3', 'Horizontal_Distance_To_Roadways', 'Elevation', 'Hillshade_9am', 'Horizontal_Distance_To_Hydrology', 'Slope', 'Horizontal_Distance_To_Fire_Points', 'Soil_Type17', 'Soil_Type14', 'Soil_Type1', 'Soil_Type2', 'Soil_Type3', 'Soil_Type6', 'Soil_Type11', 'Soil_Type4', 'Soil_Type5', 'Soil_Type10', 'Soil_Type16', 'Vertical_Distance_To_Hydrology', 'Aspect', 'Soil_Type32', 'Soil_Type13']"
1217,lr_shap_list_ir_5,lr_shap_list_ir_5_subset_59,orderSum,"['Wilderness_Area4', 'Wilderness_Area3', 'Hillshade_3pm', 'Hillshade_Noon', 'Horizontal_Distance_To_Roadways', 'Elevation', 'Hillshade_9am', 'Slope', 'Horizontal_Distance_To_Hydrology', 'Horizontal_Distance_To_Fire_Points', 'Soil_Type2', 'Soil_Type10', 'Soil_Type3', 'Soil_Type4', 'Soil_Type1', 'Soil_Type6', 'Vertical_Distance_To_Hydrology', 'Soil_Type14', 'Soil_Type17', 'Soil_Type5', 'Aspect', 'Soil_Type16', 'Soil_Type11', 'Soil_Type32', 'Soil_Type13']"
1218,lr_shap_list_ir_5,lr_shap_list_ir_5_subset_70,orderMean,"['Wilderness_Area4', 'Wilderness_Area3', 'Hillshade_3pm', 'Hillshade_Noon', 'Horizontal_Distance_To_Roadways', 'Elevation', 'Horizontal_Distance_To_Hydrology', 'Horizontal_Distance_To_Fire_Points', 'Slope', 'Soil_Type10', 'Hillshade_9am', 'Soil_Type2', 'Soil_Type1', 'Soil_Type4', 'Soil_Type6', 'Soil_Type3', 'Soil_Type17', 'Vertical_Distance_To_Hydrology', 'Aspect', 'Soil_Type14', 'Soil_Type5', 'Soil_Type16', 'Soil_Type11', 'Soil_Type32', 'Soil_Type13']"
1219,lr_shap_list_ir_5,lr_shap_list_ir_5_subset_70,orderStd,"['Hillshade_3pm', 'Hillshade_Noon', 'Wilderness_Area4', 'Wilderness_Area3', 'Horizontal_Distance_To_Roadways', 'Elevation', 'Horizontal_Distance_To_Hydrology', 'Horizontal_Distance_To_Fire_Points', 'Soil_Type1', 'Soil_Type17', 'Slope', 'Soil_Type2', 'Hillshade_9am', 'Soil_Type14', 'Soil_Type6', 'Soil_Type3', 'Soil_Type5', 'Soil_Type11', 'Soil_Type4', 'Soil_Type10', 'Soil_Type16', 'Vertical_Distance_To_Hydrology', 'Aspect', 'Soil_Type32', 'Soil_Type13']"
1220,lr_shap_list_ir_5,lr_shap_list_ir_5_subset_70,orderSum,"['Wilderness_Area4', 'Wilderness_Area3', 'Hillshade_3pm', 'Hillshade_Noon', 'Horizontal_Distance_To_Roadways', 'Elevation', 'Horizontal_Distance_To_Hydrology', 'Horizontal_Distance_To_Fire_Points', 'Slope', 'Soil_Type10', 'Hillshade_9am', 'Soil_Type2', 'Soil_Type1', 'Soil_Type4', 'Soil_Type6', 'Soil_Type3', 'Soil_Type17', 'Vertical_Distance_To_Hydrology', 'Aspect', 'Soil_Type14', 'Soil_Type5', 'Soil_Type16', 'Soil_Type11', 'Soil_Type32', 'Soil_Type13']"
1221,lr_shap_list_ir_3,lr_shap_list_ir_3_subset_59,orderMean,"['Wilderness_Area4', 'Wilderness_Area3', 'Hillshade_3pm', 'Hillshade_Noon', 'Elevation', 'Horizontal_Distance_To_Roadways', 'Horizontal_Distance_To_Hydrology', 'Horizontal_Distance_To_Fire_Points', 'Slope', 'Soil_Type2', 'Soil_Type10', 'Vertical_Distance_To_Hydrology', 'Soil_Type6', 'Soil_Type1', 'Soil_Type3', 'Soil_Type4', 'Aspect', 'Soil_Type17', 'Soil_Type5', 'Hillshade_9am', 'Soil_Type14', 'Soil_Type11', 'Soil_Type16', 'Soil_Type32', 'Soil_Type13']"
1222,lr_shap_list_ir_3,lr_shap_list_ir_3_subset_59,orderStd,"['Hillshade_3pm', 'Hillshade_Noon', 'Wilderness_Area4', 'Wilderness_Area3', 'Horizontal_Distance_To_Roadways', 'Elevation', 'Horizontal_Distance_To_Hydrology', 'Horizontal_Distance_To_Fire_Points', 'Soil_Type1', 'Slope', 'Soil_Type2', 'Soil_Type17', 'Soil_Type6', 'Soil_Type14', 'Soil_Type3', 'Vertical_Distance_To_Hydrology', 'Soil_Type5', 'Soil_Type4', 'Soil_Type16', 'Soil_Type10', 'Aspect', 'Soil_Type11', 'Hillshade_9am', 'Soil_Type32', 'Soil_Type13']"
1223,lr_shap_list_ir_3,lr_shap_list_ir_3_subset_59,orderSum,"['Wilderness_Area4', 'Wilderness_Area3', 'Hillshade_3pm', 'Hillshade_Noon', 'Elevation', 'Horizontal_Distance_To_Roadways', 'Horizontal_Distance_To_Hydrology', 'Horizontal_Distance_To_Fire_Points', 'Slope', 'Soil_Type2', 'Soil_Type10', 'Vertical_Distance_To_Hydrology', 'Soil_Type6', 'Soil_Type1', 'Soil_Type3', 'Soil_Type4', 'Aspect', 'Soil_Type17', 'Soil_Type5', 'Hillshade_9am', 'Soil_Type14', 'Soil_Type11', 'Soil_Type16', 'Soil_Type32', 'Soil_Type13']"
1224,lr_shap_list_ir_1,lr_shap_list_ir_1_subset_67,orderMean,"['Wilderness_Area3', 'Wilderness_Area4', 'Horizontal_Distance_To_Hydrology', 'Hillshade_9am', 'Horizontal_Distance_To_Roadways', 'Hillshade_3pm', 'Vertical_Distance_To_Hydrology', 'Elevation', 'Hillshade_Noon', 'Slope', 'Horizontal_Distance_To_Fire_Points', 'Soil_Type10', 'Soil_Type6', 'Soil_Type2', 'Soil_Type1', 'Soil_Type4', 'Soil_Type5', 'Aspect', 'Soil_Type17', 'Soil_Type11', 'Soil_Type14', 'Soil_Type16', 'Soil_Type3', 'Soil_Type32', 'Soil_Type13']"
1225,lr_shap_list_ir_1,lr_shap_list_ir_1_subset_67,orderStd,"['Wilderness_Area3', 'Wilderness_Area4', 'Horizontal_Distance_To_Roadways', 'Horizontal_Distance_To_Hydrology', 'Hillshade_9am', 'Soil_Type2', 'Hillshade_3pm', 'Vertical_Distance_To_Hydrology', 'Elevation', 'Hillshade_Noon', 'Soil_Type6', 'Soil_Type5', 'Slope', 'Soil_Type1', 'Horizontal_Distance_To_Fire_Points', 'Soil_Type17', 'Soil_Type4', 'Soil_Type14', 'Soil_Type11', 'Soil_Type16', 'Soil_Type10', 'Aspect', 'Soil_Type32', 'Soil_Type3', 'Soil_Type13']"
1226,lr_shap_list_ir_1,lr_shap_list_ir_1_subset_67,orderSum,"['Wilderness_Area3', 'Wilderness_Area4', 'Horizontal_Distance_To_Hydrology', 'Hillshade_9am', 'Horizontal_Distance_To_Roadways', 'Hillshade_3pm', 'Vertical_Distance_To_Hydrology', 'Elevation', 'Hillshade_Noon', 'Slope', 'Horizontal_Distance_To_Fire_Points', 'Soil_Type10', 'Soil_Type6', 'Soil_Type2', 'Soil_Type1', 'Soil_Type4', 'Soil_Type5', 'Aspect', 'Soil_Type17', 'Soil_Type11', 'Soil_Type14', 'Soil_Type16', 'Soil_Type3', 'Soil_Type32', 'Soil_Type13']"
1227,lr_shap_list_ir_3,lr_shap_list_ir_3_subset_34,orderMean,"['Wilderness_Area4', 'Hillshade_3pm', 'Hillshade_Noon', 'Wilderness_Area3', 'Hillshade_9am', 'Horizontal_Distance_To_Roadways', 'Elevation', 'Slope', 'Horizontal_Distance_To_Hydrology', 'Horizontal_Distance_To_Fire_Points', 'Soil_Type3', 'Soil_Type10', 'Aspect', 'Soil_Type1', 'Soil_Type11', 'Vertical_Distance_To_Hydrology', 'Soil_Type2', 'Soil_Type17', 'Soil_Type6', 'Soil_Type5', 'Soil_Type4', 'Soil_Type14', 'Soil_Type16', 'Soil_Type32', 'Soil_Type13']"
1228,lr_shap_list_ir_3,lr_shap_list_ir_3_subset_34,orderStd,"['Hillshade_3pm', 'Hillshade_Noon', 'Hillshade_9am', 'Wilderness_Area4', 'Horizontal_Distance_To_Roadways', 'Elevation', 'Wilderness_Area3', 'Slope', 'Horizontal_Distance_To_Hydrology', 'Horizontal_Distance_To_Fire_Points', 'Soil_Type14', 'Soil_Type11', 'Soil_Type17', 'Soil_Type1', 'Soil_Type3', 'Soil_Type5', 'Soil_Type10', 'Soil_Type6', 'Soil_Type2', 'Aspect', 'Soil_Type16', 'Vertical_Distance_To_Hydrology', 'Soil_Type4', 'Soil_Type32', 'Soil_Type13']"
1229,lr_shap_list_ir_3,lr_shap_list_ir_3_subset_34,orderSum,"['Wilderness_Area4', 'Hillshade_3pm', 'Hillshade_Noon', 'Wilderness_Area3', 'Hillshade_9am', 'Horizontal_Distance_To_Roadways', 'Elevation', 'Slope', 'Horizontal_Distance_To_Hydrology', 'Horizontal_Distance_To_Fire_Points', 'Soil_Type3', 'Soil_Type10', 'Aspect', 'Soil_Type1', 'Soil_Type11', 'Vertical_Distance_To_Hydrology', 'Soil_Type2', 'Soil_Type17', 'Soil_Type6', 'Soil_Type5', 'Soil_Type4', 'Soil_Type14', 'Soil_Type16', 'Soil_Type32', 'Soil_Type13']"
1230,lr_shap_list_ir_2,lr_shap_list_ir_2_subset_99,orderMean,"['Wilderness_Area4', 'Wilderness_Area3', 'Horizontal_Distance_To_Roadways', 'Hillshade_Noon', 'Hillshade_3pm', 'Elevation', 'Soil_Type10', 'Horizontal_Distance_To_Fire_Points', 'Horizontal_Distance_To_Hydrology', 'Slope', 'Soil_Type4', 'Soil_Type3', 'Soil_Type1', 'Soil_Type6', 'Soil_Type2', 'Soil_Type17', 'Hillshade_9am', 'Soil_Type11', 'Aspect', 'Soil_Type5', 'Soil_Type14', 'Vertical_Distance_To_Hydrology', 'Soil_Type16', 'Soil_Type32', 'Soil_Type13']"
1231,lr_shap_list_ir_2,lr_shap_list_ir_2_subset_99,orderStd,"['Hillshade_Noon', 'Horizontal_Distance_To_Roadways', 'Hillshade_3pm', 'Elevation', 'Wilderness_Area4', 'Wilderness_Area3', 'Soil_Type1', 'Horizontal_Distance_To_Fire_Points', 'Horizontal_Distance_To_Hydrology', 'Soil_Type10', 'Soil_Type4', 'Soil_Type14', 'Soil_Type3', 'Soil_Type11', 'Soil_Type6', 'Soil_Type17', 'Slope', 'Soil_Type2', 'Soil_Type5', 'Soil_Type16', 'Hillshade_9am', 'Aspect', 'Vertical_Distance_To_Hydrology', 'Soil_Type32', 'Soil_Type13']"
1232,lr_shap_list_ir_2,lr_shap_list_ir_2_subset_99,orderSum,"['Wilderness_Area4', 'Wilderness_Area3', 'Horizontal_Distance_To_Roadways', 'Hillshade_Noon', 'Hillshade_3pm', 'Elevation', 'Soil_Type10', 'Horizontal_Distance_To_Fire_Points', 'Horizontal_Distance_To_Hydrology', 'Slope', 'Soil_Type4', 'Soil_Type3', 'Soil_Type1', 'Soil_Type6', 'Soil_Type2', 'Soil_Type17', 'Hillshade_9am', 'Soil_Type11', 'Aspect', 'Soil_Type5', 'Soil_Type14', 'Vertical_Distance_To_Hydrology', 'Soil_Type16', 'Soil_Type32', 'Soil_Type13']"
1233,lr_shap_list_ir_4,lr_shap_list_ir_4_subset_18,orderMean,"['Wilderness_Area4', 'Hillshade_3pm', 'Wilderness_Area3', 'Hillshade_Noon', 'Horizontal_Distance_To_Roadways', 'Elevation', 'Hillshade_9am', 'Slope', 'Horizontal_Distance_To_Hydrology', 'Horizontal_Distance_To_Fire_Points', 'Soil_Type10', 'Soil_Type3', 'Soil_Type2', 'Soil_Type4', 'Aspect', 'Soil_Type1', 'Soil_Type6', 'Soil_Type17', 'Vertical_Distance_To_Hydrology', 'Soil_Type14', 'Soil_Type5', 'Soil_Type11', 'Soil_Type16', 'Soil_Type32', 'Soil_Type13']"
1234,lr_shap_list_ir_4,lr_shap_list_ir_4_subset_18,orderStd,"['Hillshade_3pm', 'Hillshade_Noon', 'Wilderness_Area4', 'Horizontal_Distance_To_Roadways', 'Elevation', 'Hillshade_9am', 'Wilderness_Area3', 'Slope', 'Horizontal_Distance_To_Hydrology', 'Horizontal_Distance_To_Fire_Points', 'Soil_Type17', 'Soil_Type1', 'Soil_Type2', 'Soil_Type14', 'Soil_Type3', 'Soil_Type5', 'Soil_Type6', 'Soil_Type16', 'Soil_Type11', 'Soil_Type4', 'Soil_Type10', 'Aspect', 'Vertical_Distance_To_Hydrology', 'Soil_Type32', 'Soil_Type13']"
1235,lr_shap_list_ir_4,lr_shap_list_ir_4_subset_18,orderSum,"['Wilderness_Area4', 'Hillshade_3pm', 'Wilderness_Area3', 'Hillshade_Noon', 'Horizontal_Distance_To_Roadways', 'Elevation', 'Hillshade_9am', 'Slope', 'Horizontal_Distance_To_Hydrology', 'Horizontal_Distance_To_Fire_Points', 'Soil_Type10', 'Soil_Type3', 'Soil_Type2', 'Soil_Type4', 'Aspect', 'Soil_Type1', 'Soil_Type6', 'Soil_Type17', 'Vertical_Distance_To_Hydrology', 'Soil_Type14', 'Soil_Type5', 'Soil_Type11', 'Soil_Type16', 'Soil_Type32', 'Soil_Type13']"
1236,lr_shap_list_ir_4,lr_shap_list_ir_4_subset_44,orderMean,"['Wilderness_Area4', 'Wilderness_Area3', 'Hillshade_3pm', 'Hillshade_Noon', 'Elevation', 'Horizontal_Distance_To_Roadways', 'Horizontal_Distance_To_Fire_Points', 'Horizontal_Distance_To_Hydrology', 'Slope', 'Soil_Type10', 'Soil_Type2', 'Soil_Type4', 'Soil_Type3', 'Soil_Type1', 'Soil_Type17', 'Soil_Type6', 'Aspect', 'Hillshade_9am', 'Vertical_Distance_To_Hydrology', 'Soil_Type11', 'Soil_Type5', 'Soil_Type14', 'Soil_Type16', 'Soil_Type32', 'Soil_Type13']"
1237,lr_shap_list_ir_4,lr_shap_list_ir_4_subset_44,orderStd,"['Hillshade_Noon', 'Hillshade_3pm', 'Wilderness_Area4', 'Wilderness_Area3', 'Horizontal_Distance_To_Roadways', 'Elevation', 'Horizontal_Distance_To_Fire_Points', 'Horizontal_Distance_To_Hydrology', 'Soil_Type1', 'Soil_Type2', 'Slope', 'Soil_Type3', 'Soil_Type17', 'Soil_Type5', 'Soil_Type4', 'Soil_Type14', 'Soil_Type6', 'Soil_Type11', 'Soil_Type10', 'Soil_Type16', 'Vertical_Distance_To_Hydrology', 'Aspect', 'Hillshade_9am', 'Soil_Type32', 'Soil_Type13']"
1238,lr_shap_list_ir_4,lr_shap_list_ir_4_subset_44,orderSum,"['Wilderness_Area4', 'Wilderness_Area3', 'Hillshade_3pm', 'Hillshade_Noon', 'Elevation', 'Horizontal_Distance_To_Roadways', 'Horizontal_Distance_To_Fire_Points', 'Horizontal_Distance_To_Hydrology', 'Slope', 'Soil_Type10', 'Soil_Type2', 'Soil_Type4', 'Soil_Type3', 'Soil_Type1', 'Soil_Type17', 'Soil_Type6', 'Aspect', 'Hillshade_9am', 'Vertical_Distance_To_Hydrology', 'Soil_Type11', 'Soil_Type5', 'Soil_Type14', 'Soil_Type16', 'Soil_Type32', 'Soil_Type13']"
1239,lr_shap_list_ir_1,lr_shap_list_ir_1_subset_51,orderMean,"['Wilderness_Area3', 'Wilderness_Area4', 'Hillshade_3pm', 'Hillshade_Noon', 'Elevation', 'Horizontal_Distance_To_Roadways', 'Horizontal_Distance_To_Hydrology', 'Horizontal_Distance_To_Fire_Points', 'Hillshade_9am', 'Slope', 'Soil_Type2', 'Soil_Type10', 'Soil_Type4', 'Soil_Type1', 'Soil_Type6', 'Vertical_Distance_To_Hydrology', 'Soil_Type5', 'Aspect', 'Soil_Type17', 'Soil_Type11', 'Soil_Type3', 'Soil_Type14', 'Soil_Type16', 'Soil_Type32', 'Soil_Type13']"
1240,lr_shap_list_ir_1,lr_shap_list_ir_1_subset_51,orderStd,"['Hillshade_3pm', 'Wilderness_Area3', 'Hillshade_Noon', 'Wilderness_Area4', 'Horizontal_Distance_To_Roadways', 'Elevation', 'Horizontal_Distance_To_Fire_Points', 'Horizontal_Distance_To_Hydrology', 'Soil_Type1', 'Soil_Type2', 'Hillshade_9am', 'Slope', 'Soil_Type6', 'Soil_Type17', 'Soil_Type5', 'Soil_Type4', 'Soil_Type14', 'Vertical_Distance_To_Hydrology', 'Soil_Type16', 'Soil_Type11', 'Soil_Type10', 'Aspect', 'Soil_Type3', 'Soil_Type32', 'Soil_Type13']"
1241,lr_shap_list_ir_1,lr_shap_list_ir_1_subset_51,orderSum,"['Wilderness_Area3', 'Wilderness_Area4', 'Hillshade_3pm', 'Hillshade_Noon', 'Elevation', 'Horizontal_Distance_To_Roadways', 'Horizontal_Distance_To_Hydrology', 'Horizontal_Distance_To_Fire_Points', 'Hillshade_9am', 'Slope', 'Soil_Type2', 'Soil_Type10', 'Soil_Type4', 'Soil_Type1', 'Soil_Type6', 'Vertical_Distance_To_Hydrology', 'Soil_Type5', 'Aspect', 'Soil_Type17', 'Soil_Type11', 'Soil_Type3', 'Soil_Type14', 'Soil_Type16', 'Soil_Type32', 'Soil_Type13']"
1242,lr_shap_list_ir_2,lr_shap_list_ir_2_subset_31,orderMean,"['Wilderness_Area4', 'Wilderness_Area3', 'Hillshade_3pm', 'Hillshade_Noon', 'Horizontal_Distance_To_Roadways', 'Elevation', 'Horizontal_Distance_To_Fire_Points', 'Horizontal_Distance_To_Hydrology', 'Slope', 'Soil_Type10', 'Soil_Type4', 'Soil_Type2', 'Soil_Type6', 'Soil_Type1', 'Soil_Type3', 'Vertical_Distance_To_Hydrology', 'Soil_Type5', 'Soil_Type11', 'Hillshade_9am', 'Aspect', 'Soil_Type14', 'Soil_Type17', 'Soil_Type16', 'Soil_Type32', 'Soil_Type13']"
1243,lr_shap_list_ir_2,lr_shap_list_ir_2_subset_31,orderStd,"['Hillshade_3pm', 'Hillshade_Noon', 'Horizontal_Distance_To_Roadways', 'Elevation', 'Wilderness_Area4', 'Wilderness_Area3', 'Horizontal_Distance_To_Fire_Points', 'Horizontal_Distance_To_Hydrology', 'Soil_Type1', 'Soil_Type2', 'Slope', 'Soil_Type6', 'Soil_Type10', 'Soil_Type17', 'Soil_Type3', 'Soil_Type14', 'Soil_Type4', 'Soil_Type5', 'Soil_Type11', 'Soil_Type16', 'Vertical_Distance_To_Hydrology', 'Hillshade_9am', 'Aspect', 'Soil_Type32', 'Soil_Type13']"
1244,lr_shap_list_ir_2,lr_shap_list_ir_2_subset_31,orderSum,"['Wilderness_Area4', 'Wilderness_Area3', 'Hillshade_3pm', 'Hillshade_Noon', 'Horizontal_Distance_To_Roadways', 'Elevation', 'Horizontal_Distance_To_Fire_Points', 'Horizontal_Distance_To_Hydrology', 'Slope', 'Soil_Type10', 'Soil_Type4', 'Soil_Type2', 'Soil_Type6', 'Soil_Type1', 'Soil_Type3', 'Vertical_Distance_To_Hydrology', 'Soil_Type5', 'Soil_Type11', 'Hillshade_9am', 'Aspect', 'Soil_Type14', 'Soil_Type17', 'Soil_Type16', 'Soil_Type32', 'Soil_Type13']"
1245,lr_shap_list_ir_3,lr_shap_list_ir_3_subset_61,orderMean,"['Wilderness_Area4', 'Wilderness_Area3', 'Hillshade_3pm', 'Hillshade_Noon', 'Elevation', 'Horizontal_Distance_To_Roadways', 'Hillshade_9am', 'Horizontal_Distance_To_Hydrology', 'Horizontal_Distance_To_Fire_Points', 'Slope', 'Soil_Type10', 'Soil_Type3', 'Aspect', 'Soil_Type4', 'Vertical_Distance_To_Hydrology', 'Soil_Type1', 'Soil_Type17', 'Soil_Type2', 'Soil_Type6', 'Soil_Type5', 'Soil_Type11', 'Soil_Type14', 'Soil_Type16', 'Soil_Type32', 'Soil_Type13']"
1246,lr_shap_list_ir_3,lr_shap_list_ir_3_subset_61,orderStd,"['Wilderness_Area4', 'Hillshade_3pm', 'Hillshade_Noon', 'Wilderness_Area3', 'Horizontal_Distance_To_Roadways', 'Elevation', 'Hillshade_9am', 'Horizontal_Distance_To_Fire_Points', 'Horizontal_Distance_To_Hydrology', 'Slope', 'Soil_Type17', 'Soil_Type1', 'Soil_Type3', 'Soil_Type14', 'Soil_Type4', 'Soil_Type2', 'Soil_Type6', 'Soil_Type5', 'Vertical_Distance_To_Hydrology', 'Soil_Type10', 'Aspect', 'Soil_Type16', 'Soil_Type11', 'Soil_Type32', 'Soil_Type13']"
1247,lr_shap_list_ir_3,lr_shap_list_ir_3_subset_61,orderSum,"['Wilderness_Area4', 'Wilderness_Area3', 'Hillshade_3pm', 'Hillshade_Noon', 'Elevation', 'Horizontal_Distance_To_Roadways', 'Hillshade_9am', 'Horizontal_Distance_To_Hydrology', 'Horizontal_Distance_To_Fire_Points', 'Slope', 'Soil_Type10', 'Soil_Type3', 'Aspect', 'Soil_Type4', 'Vertical_Distance_To_Hydrology', 'Soil_Type1', 'Soil_Type17', 'Soil_Type2', 'Soil_Type6', 'Soil_Type5', 'Soil_Type11', 'Soil_Type14', 'Soil_Type16', 'Soil_Type32', 'Soil_Type13']"
1248,lr_shap_list_ir_2,lr_shap_list_ir_2_subset_49,orderMean,"['Wilderness_Area4', 'Hillshade_3pm', 'Wilderness_Area3', 'Hillshade_Noon', 'Hillshade_9am', 'Horizontal_Distance_To_Roadways', 'Elevation', 'Slope', 'Horizontal_Distance_To_Hydrology', 'Horizontal_Distance_To_Fire_Points', 'Soil_Type2', 'Soil_Type3', 'Soil_Type10', 'Soil_Type4', 'Soil_Type6', 'Soil_Type1', 'Vertical_Distance_To_Hydrology', 'Soil_Type17', 'Soil_Type5', 'Soil_Type14', 'Soil_Type11', 'Aspect', 'Soil_Type16', 'Soil_Type32', 'Soil_Type13']"
1249,lr_shap_list_ir_2,lr_shap_list_ir_2_subset_49,orderStd,"['Hillshade_3pm', 'Hillshade_Noon', 'Hillshade_9am', 'Wilderness_Area4', 'Horizontal_Distance_To_Roadways', 'Wilderness_Area3', 'Elevation', 'Slope', 'Horizontal_Distance_To_Hydrology', 'Horizontal_Distance_To_Fire_Points', 'Soil_Type2', 'Soil_Type3', 'Soil_Type14', 'Soil_Type1', 'Soil_Type17', 'Soil_Type5', 'Soil_Type6', 'Soil_Type11', 'Vertical_Distance_To_Hydrology', 'Soil_Type4', 'Soil_Type16', 'Soil_Type10', 'Aspect', 'Soil_Type32', 'Soil_Type13']"
1250,lr_shap_list_ir_2,lr_shap_list_ir_2_subset_49,orderSum,"['Wilderness_Area4', 'Hillshade_3pm', 'Wilderness_Area3', 'Hillshade_Noon', 'Hillshade_9am', 'Horizontal_Distance_To_Roadways', 'Elevation', 'Slope', 'Horizontal_Distance_To_Hydrology', 'Horizontal_Distance_To_Fire_Points', 'Soil_Type2', 'Soil_Type3', 'Soil_Type10', 'Soil_Type4', 'Soil_Type6', 'Soil_Type1', 'Vertical_Distance_To_Hydrology', 'Soil_Type17', 'Soil_Type5', 'Soil_Type14', 'Soil_Type11', 'Aspect', 'Soil_Type16', 'Soil_Type32', 'Soil_Type13']"
1251,lr_shap_list_ir_5,lr_shap_list_ir_5_subset_60,orderMean,"['Wilderness_Area4', 'Wilderness_Area3', 'Hillshade_3pm', 'Hillshade_Noon', 'Elevation', 'Horizontal_Distance_To_Roadways', 'Horizontal_Distance_To_Hydrology', 'Horizontal_Distance_To_Fire_Points', 'Slope', 'Soil_Type10', 'Soil_Type2', 'Soil_Type4', 'Soil_Type6', 'Soil_Type3', 'Soil_Type17', 'Soil_Type1', 'Aspect', 'Vertical_Distance_To_Hydrology', 'Soil_Type11', 'Soil_Type5', 'Soil_Type14', 'Soil_Type16', 'Hillshade_9am', 'Soil_Type32', 'Soil_Type13']"
1252,lr_shap_list_ir_5,lr_shap_list_ir_5_subset_60,orderStd,"['Wilderness_Area4', 'Wilderness_Area3', 'Hillshade_3pm', 'Hillshade_Noon', 'Horizontal_Distance_To_Roadways', 'Elevation', 'Horizontal_Distance_To_Fire_Points', 'Horizontal_Distance_To_Hydrology', 'Soil_Type1', 'Soil_Type2', 'Soil_Type17', 'Slope', 'Soil_Type14', 'Soil_Type3', 'Soil_Type5', 'Soil_Type6', 'Soil_Type10', 'Soil_Type16', 'Soil_Type4', 'Soil_Type11', 'Vertical_Distance_To_Hydrology', 'Aspect', 'Soil_Type32', 'Hillshade_9am', 'Soil_Type13']"
1253,lr_shap_list_ir_5,lr_shap_list_ir_5_subset_60,orderSum,"['Wilderness_Area4', 'Wilderness_Area3', 'Hillshade_3pm', 'Hillshade_Noon', 'Elevation', 'Horizontal_Distance_To_Roadways', 'Horizontal_Distance_To_Hydrology', 'Horizontal_Distance_To_Fire_Points', 'Slope', 'Soil_Type10', 'Soil_Type2', 'Soil_Type4', 'Soil_Type6', 'Soil_Type3', 'Soil_Type17', 'Soil_Type1', 'Aspect', 'Vertical_Distance_To_Hydrology', 'Soil_Type11', 'Soil_Type5', 'Soil_Type14', 'Soil_Type16', 'Hillshade_9am', 'Soil_Type32', 'Soil_Type13']"
1254,lr_shap_list_ir_4,lr_shap_list_ir_4_subset_9,orderMean,"['Wilderness_Area4', 'Wilderness_Area3', 'Hillshade_3pm', 'Hillshade_Noon', 'Elevation', 'Horizontal_Distance_To_Roadways', 'Horizontal_Distance_To_Hydrology', 'Slope', 'Horizontal_Distance_To_Fire_Points', 'Soil_Type10', 'Soil_Type2', 'Soil_Type1', 'Soil_Type4', 'Soil_Type3', 'Soil_Type6', 'Aspect', 'Vertical_Distance_To_Hydrology', 'Hillshade_9am', 'Soil_Type17', 'Soil_Type5', 'Soil_Type14', 'Soil_Type11', 'Soil_Type16', 'Soil_Type32', 'Soil_Type13']"
1255,lr_shap_list_ir_4,lr_shap_list_ir_4_subset_9,orderStd,"['Hillshade_3pm', 'Hillshade_Noon', 'Wilderness_Area4', 'Wilderness_Area3', 'Horizontal_Distance_To_Roadways', 'Elevation', 'Horizontal_Distance_To_Hydrology', 'Horizontal_Distance_To_Fire_Points', 'Soil_Type1', 'Slope', 'Soil_Type17', 'Soil_Type2', 'Soil_Type3', 'Soil_Type14', 'Soil_Type6', 'Soil_Type5', 'Soil_Type4', 'Soil_Type10', 'Soil_Type16', 'Soil_Type11', 'Vertical_Distance_To_Hydrology', 'Hillshade_9am', 'Aspect', 'Soil_Type32', 'Soil_Type13']"
1256,lr_shap_list_ir_4,lr_shap_list_ir_4_subset_9,orderSum,"['Wilderness_Area4', 'Wilderness_Area3', 'Hillshade_3pm', 'Hillshade_Noon', 'Elevation', 'Horizontal_Distance_To_Roadways', 'Horizontal_Distance_To_Hydrology', 'Slope', 'Horizontal_Distance_To_Fire_Points', 'Soil_Type10', 'Soil_Type2', 'Soil_Type1', 'Soil_Type4', 'Soil_Type3', 'Soil_Type6', 'Aspect', 'Vertical_Distance_To_Hydrology', 'Hillshade_9am', 'Soil_Type17', 'Soil_Type5', 'Soil_Type14', 'Soil_Type11', 'Soil_Type16', 'Soil_Type32', 'Soil_Type13']"
1257,lr_shap_list_ir_4,lr_shap_list_ir_4_subset_22,orderMean,"['Wilderness_Area4', 'Wilderness_Area3', 'Hillshade_3pm', 'Hillshade_Noon', 'Hillshade_9am', 'Horizontal_Distance_To_Roadways', 'Elevation', 'Slope', 'Horizontal_Distance_To_Fire_Points', 'Horizontal_Distance_To_Hydrology', 'Soil_Type10', 'Soil_Type3', 'Soil_Type2', 'Soil_Type6', 'Soil_Type1', 'Vertical_Distance_To_Hydrology', 'Soil_Type4', 'Soil_Type17', 'Soil_Type14', 'Soil_Type11', 'Soil_Type5', 'Aspect', 'Soil_Type16', 'Soil_Type32', 'Soil_Type13']"
1258,lr_shap_list_ir_4,lr_shap_list_ir_4_subset_22,orderStd,"['Hillshade_3pm', 'Hillshade_Noon', 'Wilderness_Area4', 'Horizontal_Distance_To_Roadways', 'Wilderness_Area3', 'Elevation', 'Hillshade_9am', 'Slope', 'Horizontal_Distance_To_Fire_Points', 'Horizontal_Distance_To_Hydrology', 'Soil_Type17', 'Soil_Type3', 'Soil_Type2', 'Soil_Type1', 'Soil_Type14', 'Soil_Type6', 'Soil_Type11', 'Soil_Type5', 'Soil_Type16', 'Soil_Type4', 'Vertical_Distance_To_Hydrology', 'Soil_Type10', 'Aspect', 'Soil_Type32', 'Soil_Type13']"
1259,lr_shap_list_ir_4,lr_shap_list_ir_4_subset_22,orderSum,"['Wilderness_Area4', 'Wilderness_Area3', 'Hillshade_3pm', 'Hillshade_Noon', 'Hillshade_9am', 'Horizontal_Distance_To_Roadways', 'Elevation', 'Slope', 'Horizontal_Distance_To_Fire_Points', 'Horizontal_Distance_To_Hydrology', 'Soil_Type10', 'Soil_Type3', 'Soil_Type2', 'Soil_Type6', 'Soil_Type1', 'Vertical_Distance_To_Hydrology', 'Soil_Type4', 'Soil_Type17', 'Soil_Type14', 'Soil_Type11', 'Soil_Type5', 'Aspect', 'Soil_Type16', 'Soil_Type32', 'Soil_Type13']"
1260,lr_shap_list_ir_1,lr_shap_list_ir_1_subset_13,orderMean,"['Wilderness_Area4', 'Wilderness_Area3', 'Horizontal_Distance_To_Roadways', 'Elevation', 'Hillshade_Noon', 'Soil_Type10', 'Hillshade_3pm', 'Horizontal_Distance_To_Fire_Points', 'Horizontal_Distance_To_Hydrology', 'Hillshade_9am', 'Slope', 'Aspect', 'Soil_Type3', 'Soil_Type2', 'Vertical_Distance_To_Hydrology', 'Soil_Type6', 'Soil_Type5', 'Soil_Type1', 'Soil_Type4', 'Soil_Type11', 'Soil_Type17', 'Soil_Type14', 'Soil_Type16', 'Soil_Type32', 'Soil_Type13']"
1261,lr_shap_list_ir_1,lr_shap_list_ir_1_subset_13,orderStd,"['Wilderness_Area4', 'Wilderness_Area3', 'Horizontal_Distance_To_Roadways', 'Elevation', 'Hillshade_Noon', 'Horizontal_Distance_To_Fire_Points', 'Hillshade_3pm', 'Horizontal_Distance_To_Hydrology', 'Soil_Type10', 'Soil_Type3', 'Hillshade_9am', 'Slope', 'Soil_Type2', 'Soil_Type5', 'Aspect', 'Soil_Type11', 'Soil_Type1', 'Soil_Type17', 'Soil_Type14', 'Soil_Type6', 'Vertical_Distance_To_Hydrology', 'Soil_Type4', 'Soil_Type16', 'Soil_Type32', 'Soil_Type13']"
1262,lr_shap_list_ir_1,lr_shap_list_ir_1_subset_13,orderSum,"['Wilderness_Area4', 'Wilderness_Area3', 'Horizontal_Distance_To_Roadways', 'Elevation', 'Hillshade_Noon', 'Soil_Type10', 'Hillshade_3pm', 'Horizontal_Distance_To_Fire_Points', 'Horizontal_Distance_To_Hydrology', 'Hillshade_9am', 'Slope', 'Aspect', 'Soil_Type3', 'Soil_Type2', 'Vertical_Distance_To_Hydrology', 'Soil_Type6', 'Soil_Type5', 'Soil_Type1', 'Soil_Type4', 'Soil_Type11', 'Soil_Type17', 'Soil_Type14', 'Soil_Type16', 'Soil_Type32', 'Soil_Type13']"
1263,lr_shap_list_ir_5,lr_shap_list_ir_5_subset_11,orderMean,"['Wilderness_Area4', 'Wilderness_Area3', 'Hillshade_3pm', 'Hillshade_Noon', 'Elevation', 'Horizontal_Distance_To_Roadways', 'Horizontal_Distance_To_Hydrology', 'Horizontal_Distance_To_Fire_Points', 'Slope', 'Soil_Type10', 'Soil_Type2', 'Soil_Type4', 'Soil_Type3', 'Soil_Type6', 'Soil_Type1', 'Soil_Type17', 'Aspect', 'Vertical_Distance_To_Hydrology', 'Hillshade_9am', 'Soil_Type14', 'Soil_Type5', 'Soil_Type11', 'Soil_Type16', 'Soil_Type32', 'Soil_Type13']"
1264,lr_shap_list_ir_5,lr_shap_list_ir_5_subset_11,orderStd,"['Hillshade_3pm', 'Hillshade_Noon', 'Wilderness_Area4', 'Horizontal_Distance_To_Roadways', 'Wilderness_Area3', 'Elevation', 'Horizontal_Distance_To_Fire_Points', 'Horizontal_Distance_To_Hydrology', 'Soil_Type2', 'Soil_Type1', 'Soil_Type17', 'Slope', 'Soil_Type14', 'Soil_Type6', 'Soil_Type5', 'Soil_Type4', 'Soil_Type3', 'Soil_Type10', 'Soil_Type11', 'Soil_Type16', 'Vertical_Distance_To_Hydrology', 'Aspect', 'Hillshade_9am', 'Soil_Type32', 'Soil_Type13']"
1265,lr_shap_list_ir_5,lr_shap_list_ir_5_subset_11,orderSum,"['Wilderness_Area4', 'Wilderness_Area3', 'Hillshade_3pm', 'Hillshade_Noon', 'Elevation', 'Horizontal_Distance_To_Roadways', 'Horizontal_Distance_To_Hydrology', 'Horizontal_Distance_To_Fire_Points', 'Slope', 'Soil_Type10', 'Soil_Type2', 'Soil_Type4', 'Soil_Type3', 'Soil_Type6', 'Soil_Type1', 'Soil_Type17', 'Aspect', 'Vertical_Distance_To_Hydrology', 'Hillshade_9am', 'Soil_Type14', 'Soil_Type5', 'Soil_Type11', 'Soil_Type16', 'Soil_Type32', 'Soil_Type13']"
1266,lr_shap_list_ir_4,lr_shap_list_ir_4_subset_103,orderMean,"['Wilderness_Area4', 'Wilderness_Area3', 'Hillshade_3pm', 'Hillshade_Noon', 'Horizontal_Distance_To_Roadways', 'Elevation', 'Horizontal_Distance_To_Hydrology', 'Horizontal_Distance_To_Fire_Points', 'Slope', 'Soil_Type10', 'Soil_Type2', 'Vertical_Distance_To_Hydrology', 'Soil_Type4', 'Soil_Type3', 'Soil_Type1', 'Soil_Type6', 'Soil_Type17', 'Aspect', 'Hillshade_9am', 'Soil_Type5', 'Soil_Type14', 'Soil_Type11', 'Soil_Type16', 'Soil_Type32', 'Soil_Type13']"
1267,lr_shap_list_ir_4,lr_shap_list_ir_4_subset_103,orderStd,"['Wilderness_Area4', 'Wilderness_Area3', 'Hillshade_Noon', 'Hillshade_3pm', 'Horizontal_Distance_To_Roadways', 'Elevation', 'Horizontal_Distance_To_Fire_Points', 'Horizontal_Distance_To_Hydrology', 'Soil_Type1', 'Soil_Type2', 'Slope', 'Soil_Type3', 'Soil_Type6', 'Soil_Type14', 'Soil_Type17', 'Soil_Type10', 'Soil_Type4', 'Vertical_Distance_To_Hydrology', 'Soil_Type5', 'Soil_Type16', 'Soil_Type11', 'Aspect', 'Hillshade_9am', 'Soil_Type32', 'Soil_Type13']"
1268,lr_shap_list_ir_4,lr_shap_list_ir_4_subset_103,orderSum,"['Wilderness_Area4', 'Wilderness_Area3', 'Hillshade_3pm', 'Hillshade_Noon', 'Horizontal_Distance_To_Roadways', 'Elevation', 'Horizontal_Distance_To_Hydrology', 'Horizontal_Distance_To_Fire_Points', 'Slope', 'Soil_Type10', 'Soil_Type2', 'Vertical_Distance_To_Hydrology', 'Soil_Type4', 'Soil_Type3', 'Soil_Type1', 'Soil_Type6', 'Soil_Type17', 'Aspect', 'Hillshade_9am', 'Soil_Type5', 'Soil_Type14', 'Soil_Type11', 'Soil_Type16', 'Soil_Type32', 'Soil_Type13']"
1269,lr_shap_list_ir_1,lr_shap_list_ir_1_subset_45,orderMean,"['Wilderness_Area3', 'Wilderness_Area4', 'Horizontal_Distance_To_Roadways', 'Elevation', 'Hillshade_9am', 'Soil_Type10', 'Hillshade_Noon', 'Horizontal_Distance_To_Hydrology', 'Horizontal_Distance_To_Fire_Points', 'Soil_Type4', 'Soil_Type2', 'Soil_Type6', 'Hillshade_3pm', 'Aspect', 'Vertical_Distance_To_Hydrology', 'Soil_Type1', 'Soil_Type3', 'Slope', 'Soil_Type5', 'Soil_Type11', 'Soil_Type17', 'Soil_Type16', 'Soil_Type14', 'Soil_Type32', 'Soil_Type13']"
1270,lr_shap_list_ir_1,lr_shap_list_ir_1_subset_45,orderStd,"['Horizontal_Distance_To_Roadways', 'Elevation', 'Hillshade_Noon', 'Wilderness_Area3', 'Hillshade_9am', 'Horizontal_Distance_To_Hydrology', 'Soil_Type10', 'Horizontal_Distance_To_Fire_Points', 'Wilderness_Area4', 'Soil_Type1', 'Soil_Type6', 'Soil_Type2', 'Soil_Type4', 'Vertical_Distance_To_Hydrology', 'Hillshade_3pm', 'Soil_Type5', 'Soil_Type3', 'Aspect', 'Soil_Type11', 'Soil_Type16', 'Soil_Type17', 'Soil_Type14', 'Slope', 'Soil_Type32', 'Soil_Type13']"
1271,lr_shap_list_ir_1,lr_shap_list_ir_1_subset_45,orderSum,"['Wilderness_Area3', 'Wilderness_Area4', 'Horizontal_Distance_To_Roadways', 'Elevation', 'Hillshade_9am', 'Soil_Type10', 'Hillshade_Noon', 'Horizontal_Distance_To_Hydrology', 'Horizontal_Distance_To_Fire_Points', 'Soil_Type4', 'Soil_Type2', 'Soil_Type6', 'Hillshade_3pm', 'Aspect', 'Vertical_Distance_To_Hydrology', 'Soil_Type1', 'Soil_Type3', 'Slope', 'Soil_Type5', 'Soil_Type11', 'Soil_Type17', 'Soil_Type16', 'Soil_Type14', 'Soil_Type32', 'Soil_Type13']"
1272,lr_shap_list_ir_3,lr_shap_list_ir_3_subset_91,orderMean,"['Wilderness_Area4', 'Wilderness_Area3', 'Hillshade_3pm', 'Hillshade_Noon', 'Hillshade_9am', 'Horizontal_Distance_To_Roadways', 'Elevation', 'Slope', 'Horizontal_Distance_To_Hydrology', 'Horizontal_Distance_To_Fire_Points', 'Soil_Type10', 'Soil_Type1', 'Soil_Type3', 'Soil_Type2', 'Soil_Type4', 'Vertical_Distance_To_Hydrology', 'Soil_Type6', 'Aspect', 'Soil_Type17', 'Soil_Type5', 'Soil_Type11', 'Soil_Type14', 'Soil_Type16', 'Soil_Type32', 'Soil_Type13']"
1273,lr_shap_list_ir_3,lr_shap_list_ir_3_subset_91,orderStd,"['Hillshade_3pm', 'Hillshade_Noon', 'Wilderness_Area4', 'Wilderness_Area3', 'Hillshade_9am', 'Horizontal_Distance_To_Roadways', 'Elevation', 'Horizontal_Distance_To_Hydrology', 'Slope', 'Horizontal_Distance_To_Fire_Points', 'Soil_Type1', 'Soil_Type14', 'Soil_Type17', 'Soil_Type3', 'Soil_Type4', 'Soil_Type2', 'Soil_Type5', 'Soil_Type16', 'Soil_Type6', 'Soil_Type11', 'Soil_Type10', 'Vertical_Distance_To_Hydrology', 'Aspect', 'Soil_Type32', 'Soil_Type13']"
1274,lr_shap_list_ir_3,lr_shap_list_ir_3_subset_91,orderSum,"['Wilderness_Area4', 'Wilderness_Area3', 'Hillshade_3pm', 'Hillshade_Noon', 'Hillshade_9am', 'Horizontal_Distance_To_Roadways', 'Elevation', 'Slope', 'Horizontal_Distance_To_Hydrology', 'Horizontal_Distance_To_Fire_Points', 'Soil_Type10', 'Soil_Type1', 'Soil_Type3', 'Soil_Type2', 'Soil_Type4', 'Vertical_Distance_To_Hydrology', 'Soil_Type6', 'Aspect', 'Soil_Type17', 'Soil_Type5', 'Soil_Type11', 'Soil_Type14', 'Soil_Type16', 'Soil_Type32', 'Soil_Type13']"
1275,lr_shap_list_ir_3,lr_shap_list_ir_3_subset_106,orderMean,"['Wilderness_Area4', 'Hillshade_3pm', 'Wilderness_Area3', 'Hillshade_Noon', 'Horizontal_Distance_To_Roadways', 'Elevation', 'Hillshade_9am', 'Slope', 'Horizontal_Distance_To_Hydrology', 'Horizontal_Distance_To_Fire_Points', 'Soil_Type10', 'Soil_Type3', 'Soil_Type2', 'Soil_Type1', 'Soil_Type17', 'Soil_Type4', 'Vertical_Distance_To_Hydrology', 'Soil_Type6', 'Aspect', 'Soil_Type11', 'Soil_Type5', 'Soil_Type16', 'Soil_Type14', 'Soil_Type32', 'Soil_Type13']"
1276,lr_shap_list_ir_3,lr_shap_list_ir_3_subset_106,orderStd,"['Hillshade_3pm', 'Hillshade_Noon', 'Horizontal_Distance_To_Roadways', 'Elevation', 'Hillshade_9am', 'Wilderness_Area4', 'Slope', 'Horizontal_Distance_To_Fire_Points', 'Horizontal_Distance_To_Hydrology', 'Wilderness_Area3', 'Soil_Type1', 'Soil_Type17', 'Soil_Type3', 'Soil_Type2', 'Soil_Type14', 'Soil_Type6', 'Soil_Type5', 'Soil_Type11', 'Soil_Type10', 'Soil_Type16', 'Soil_Type4', 'Vertical_Distance_To_Hydrology', 'Aspect', 'Soil_Type32', 'Soil_Type13']"
1277,lr_shap_list_ir_3,lr_shap_list_ir_3_subset_106,orderSum,"['Wilderness_Area4', 'Hillshade_3pm', 'Wilderness_Area3', 'Hillshade_Noon', 'Horizontal_Distance_To_Roadways', 'Elevation', 'Hillshade_9am', 'Slope', 'Horizontal_Distance_To_Hydrology', 'Horizontal_Distance_To_Fire_Points', 'Soil_Type10', 'Soil_Type3', 'Soil_Type2', 'Soil_Type1', 'Soil_Type17', 'Soil_Type4', 'Vertical_Distance_To_Hydrology', 'Soil_Type6', 'Aspect', 'Soil_Type11', 'Soil_Type5', 'Soil_Type16', 'Soil_Type14', 'Soil_Type32', 'Soil_Type13']"
1278,lr_shap_list_ir_3,lr_shap_list_ir_3_subset_75,orderMean,"['Wilderness_Area4', 'Wilderness_Area3', 'Hillshade_3pm', 'Hillshade_Noon', 'Elevation', 'Horizontal_Distance_To_Roadways', 'Horizontal_Distance_To_Hydrology', 'Horizontal_Distance_To_Fire_Points', 'Hillshade_9am', 'Slope', 'Soil_Type10', 'Soil_Type2', 'Vertical_Distance_To_Hydrology', 'Soil_Type3', 'Soil_Type1', 'Soil_Type4', 'Soil_Type6', 'Aspect', 'Soil_Type17', 'Soil_Type14', 'Soil_Type5', 'Soil_Type11', 'Soil_Type16', 'Soil_Type32', 'Soil_Type13']"
1279,lr_shap_list_ir_3,lr_shap_list_ir_3_subset_75,orderStd,"['Hillshade_3pm', 'Hillshade_Noon', 'Wilderness_Area4', 'Wilderness_Area3', 'Horizontal_Distance_To_Roadways', 'Elevation', 'Horizontal_Distance_To_Fire_Points', 'Horizontal_Distance_To_Hydrology', 'Soil_Type1', 'Slope', 'Hillshade_9am', 'Soil_Type17', 'Soil_Type3', 'Soil_Type2', 'Soil_Type14', 'Soil_Type6', 'Vertical_Distance_To_Hydrology', 'Soil_Type5', 'Soil_Type4', 'Soil_Type16', 'Soil_Type10', 'Soil_Type11', 'Aspect', 'Soil_Type32', 'Soil_Type13']"
1280,lr_shap_list_ir_3,lr_shap_list_ir_3_subset_75,orderSum,"['Wilderness_Area4', 'Wilderness_Area3', 'Hillshade_3pm', 'Hillshade_Noon', 'Elevation', 'Horizontal_Distance_To_Roadways', 'Horizontal_Distance_To_Hydrology', 'Horizontal_Distance_To_Fire_Points', 'Hillshade_9am', 'Slope', 'Soil_Type10', 'Soil_Type2', 'Vertical_Distance_To_Hydrology', 'Soil_Type3', 'Soil_Type1', 'Soil_Type4', 'Soil_Type6', 'Aspect', 'Soil_Type17', 'Soil_Type14', 'Soil_Type5', 'Soil_Type11', 'Soil_Type16', 'Soil_Type32', 'Soil_Type13']"
1281,lr_shap_list_ir_3,lr_shap_list_ir_3_subset_4,orderMean,"['Wilderness_Area3', 'Wilderness_Area4', 'Hillshade_Noon', 'Horizontal_Distance_To_Roadways', 'Elevation', 'Hillshade_3pm', 'Hillshade_9am', 'Horizontal_Distance_To_Hydrology', 'Horizontal_Distance_To_Fire_Points', 'Soil_Type10', 'Soil_Type4', 'Soil_Type2', 'Slope', 'Soil_Type1', 'Soil_Type6', 'Soil_Type5', 'Soil_Type3', 'Soil_Type17', 'Aspect', 'Vertical_Distance_To_Hydrology', 'Soil_Type11', 'Soil_Type14', 'Soil_Type16', 'Soil_Type32', 'Soil_Type13']"
1282,lr_shap_list_ir_3,lr_shap_list_ir_3_subset_4,orderStd,"['Hillshade_Noon', 'Wilderness_Area3', 'Horizontal_Distance_To_Roadways', 'Elevation', 'Hillshade_3pm', 'Wilderness_Area4', 'Hillshade_9am', 'Horizontal_Distance_To_Hydrology', 'Soil_Type1', 'Horizontal_Distance_To_Fire_Points', 'Soil_Type2', 'Soil_Type10', 'Soil_Type6', 'Soil_Type5', 'Soil_Type4', 'Soil_Type17', 'Slope', 'Soil_Type14', 'Soil_Type3', 'Soil_Type16', 'Soil_Type11', 'Aspect', 'Vertical_Distance_To_Hydrology', 'Soil_Type32', 'Soil_Type13']"
1283,lr_shap_list_ir_3,lr_shap_list_ir_3_subset_4,orderSum,"['Wilderness_Area3', 'Wilderness_Area4', 'Hillshade_Noon', 'Horizontal_Distance_To_Roadways', 'Elevation', 'Hillshade_3pm', 'Hillshade_9am', 'Horizontal_Distance_To_Hydrology', 'Horizontal_Distance_To_Fire_Points', 'Soil_Type10', 'Soil_Type4', 'Soil_Type2', 'Slope', 'Soil_Type1', 'Soil_Type6', 'Soil_Type5', 'Soil_Type3', 'Soil_Type17', 'Aspect', 'Vertical_Distance_To_Hydrology', 'Soil_Type11', 'Soil_Type14', 'Soil_Type16', 'Soil_Type32', 'Soil_Type13']"
1284,lr_shap_list_ir_2,lr_shap_list_ir_2_subset_95,orderMean,"['Wilderness_Area4', 'Wilderness_Area3', 'Hillshade_3pm', 'Hillshade_Noon', 'Horizontal_Distance_To_Roadways', 'Elevation', 'Hillshade_9am', 'Slope', 'Horizontal_Distance_To_Fire_Points', 'Horizontal_Distance_To_Hydrology', 'Soil_Type10', 'Soil_Type2', 'Soil_Type3', 'Soil_Type1', 'Soil_Type4', 'Soil_Type11', 'Aspect', 'Soil_Type6', 'Soil_Type17', 'Vertical_Distance_To_Hydrology', 'Soil_Type5', 'Soil_Type14', 'Soil_Type16', 'Soil_Type32', 'Soil_Type13']"
1285,lr_shap_list_ir_2,lr_shap_list_ir_2_subset_95,orderStd,"['Hillshade_3pm', 'Hillshade_Noon', 'Horizontal_Distance_To_Roadways', 'Elevation', 'Hillshade_9am', 'Slope', 'Horizontal_Distance_To_Fire_Points', 'Soil_Type1', 'Soil_Type3', 'Soil_Type17', 'Horizontal_Distance_To_Hydrology', 'Soil_Type2', 'Soil_Type11', 'Soil_Type14', 'Soil_Type5', 'Soil_Type16', 'Soil_Type6', 'Soil_Type4', 'Soil_Type10', 'Wilderness_Area4', 'Wilderness_Area3', 'Aspect', 'Vertical_Distance_To_Hydrology', 'Soil_Type32', 'Soil_Type13']"
1286,lr_shap_list_ir_2,lr_shap_list_ir_2_subset_95,orderSum,"['Wilderness_Area4', 'Wilderness_Area3', 'Hillshade_3pm', 'Hillshade_Noon', 'Horizontal_Distance_To_Roadways', 'Elevation', 'Hillshade_9am', 'Slope', 'Horizontal_Distance_To_Fire_Points', 'Horizontal_Distance_To_Hydrology', 'Soil_Type10', 'Soil_Type2', 'Soil_Type3', 'Soil_Type1', 'Soil_Type4', 'Soil_Type11', 'Aspect', 'Soil_Type6', 'Soil_Type17', 'Vertical_Distance_To_Hydrology', 'Soil_Type5', 'Soil_Type14', 'Soil_Type16', 'Soil_Type32', 'Soil_Type13']"
1287,lr_shap_list_ir_5,lr_shap_list_ir_5_subset_26,orderMean,"['Wilderness_Area3', 'Wilderness_Area4', 'Hillshade_3pm', 'Hillshade_Noon', 'Horizontal_Distance_To_Roadways', 'Elevation', 'Horizontal_Distance_To_Hydrology', 'Horizontal_Distance_To_Fire_Points', 'Slope', 'Soil_Type10', 'Soil_Type2', 'Soil_Type6', 'Hillshade_9am', 'Soil_Type4', 'Soil_Type1', 'Soil_Type3', 'Vertical_Distance_To_Hydrology', 'Soil_Type17', 'Soil_Type11', 'Soil_Type5', 'Aspect', 'Soil_Type16', 'Soil_Type14', 'Soil_Type32', 'Soil_Type13']"
1288,lr_shap_list_ir_5,lr_shap_list_ir_5_subset_26,orderStd,"['Wilderness_Area3', 'Wilderness_Area4', 'Hillshade_3pm', 'Hillshade_Noon', 'Horizontal_Distance_To_Roadways', 'Elevation', 'Horizontal_Distance_To_Hydrology', 'Horizontal_Distance_To_Fire_Points', 'Soil_Type1', 'Slope', 'Soil_Type2', 'Soil_Type14', 'Soil_Type17', 'Soil_Type5', 'Soil_Type6', 'Soil_Type3', 'Soil_Type4', 'Soil_Type10', 'Soil_Type11', 'Hillshade_9am', 'Vertical_Distance_To_Hydrology', 'Soil_Type16', 'Aspect', 'Soil_Type32', 'Soil_Type13']"
1289,lr_shap_list_ir_5,lr_shap_list_ir_5_subset_26,orderSum,"['Wilderness_Area3', 'Wilderness_Area4', 'Hillshade_3pm', 'Hillshade_Noon', 'Horizontal_Distance_To_Roadways', 'Elevation', 'Horizontal_Distance_To_Hydrology', 'Horizontal_Distance_To_Fire_Points', 'Slope', 'Soil_Type10', 'Soil_Type2', 'Soil_Type6', 'Hillshade_9am', 'Soil_Type4', 'Soil_Type1', 'Soil_Type3', 'Vertical_Distance_To_Hydrology', 'Soil_Type17', 'Soil_Type11', 'Soil_Type5', 'Aspect', 'Soil_Type16', 'Soil_Type14', 'Soil_Type32', 'Soil_Type13']"
1290,lr_shap_list_ir_1,lr_shap_list_ir_1_subset_7,orderMean,"['Wilderness_Area4', 'Wilderness_Area3', 'Hillshade_3pm', 'Hillshade_Noon', 'Hillshade_9am', 'Horizontal_Distance_To_Roadways', 'Elevation', 'Slope', 'Horizontal_Distance_To_Hydrology', 'Horizontal_Distance_To_Fire_Points', 'Soil_Type11', 'Aspect', 'Soil_Type3', 'Vertical_Distance_To_Hydrology', 'Soil_Type4', 'Soil_Type17', 'Soil_Type10', 'Soil_Type2', 'Soil_Type1', 'Soil_Type14', 'Soil_Type6', 'Soil_Type16', 'Soil_Type5', 'Soil_Type32', 'Soil_Type13']"
1291,lr_shap_list_ir_1,lr_shap_list_ir_1_subset_7,orderStd,"['Hillshade_3pm', 'Hillshade_Noon', 'Hillshade_9am', 'Horizontal_Distance_To_Roadways', 'Soil_Type11', 'Elevation', 'Wilderness_Area4', 'Slope', 'Wilderness_Area3', 'Soil_Type3', 'Horizontal_Distance_To_Hydrology', 'Horizontal_Distance_To_Fire_Points', 'Soil_Type17', 'Soil_Type14', 'Aspect', 'Vertical_Distance_To_Hydrology', 'Soil_Type16', 'Soil_Type4', 'Soil_Type1', 'Soil_Type2', 'Soil_Type6', 'Soil_Type10', 'Soil_Type32', 'Soil_Type5', 'Soil_Type13']"
1292,lr_shap_list_ir_1,lr_shap_list_ir_1_subset_7,orderSum,"['Wilderness_Area4', 'Wilderness_Area3', 'Hillshade_3pm', 'Hillshade_Noon', 'Hillshade_9am', 'Horizontal_Distance_To_Roadways', 'Elevation', 'Slope', 'Horizontal_Distance_To_Hydrology', 'Horizontal_Distance_To_Fire_Points', 'Soil_Type11', 'Aspect', 'Soil_Type3', 'Vertical_Distance_To_Hydrology', 'Soil_Type4', 'Soil_Type17', 'Soil_Type10', 'Soil_Type2', 'Soil_Type1', 'Soil_Type14', 'Soil_Type6', 'Soil_Type16', 'Soil_Type5', 'Soil_Type32', 'Soil_Type13']"
1293,lr_shap_list_ir_5,lr_shap_list_ir_5_subset_2,orderMean,"['Wilderness_Area4', 'Wilderness_Area3', 'Hillshade_3pm', 'Hillshade_Noon', 'Horizontal_Distance_To_Roadways', 'Elevation', 'Horizontal_Distance_To_Hydrology', 'Horizontal_Distance_To_Fire_Points', 'Slope', 'Soil_Type10', 'Soil_Type3', 'Soil_Type2', 'Soil_Type4', 'Hillshade_9am', 'Soil_Type1', 'Soil_Type6', 'Soil_Type17', 'Soil_Type14', 'Vertical_Distance_To_Hydrology', 'Aspect', 'Soil_Type5', 'Soil_Type11', 'Soil_Type16', 'Soil_Type32', 'Soil_Type13']"
1294,lr_shap_list_ir_5,lr_shap_list_ir_5_subset_2,orderStd,"['Wilderness_Area4', 'Hillshade_3pm', 'Wilderness_Area3', 'Hillshade_Noon', 'Horizontal_Distance_To_Roadways', 'Elevation', 'Horizontal_Distance_To_Hydrology', 'Horizontal_Distance_To_Fire_Points', 'Soil_Type1', 'Soil_Type2', 'Slope', 'Soil_Type17', 'Soil_Type14', 'Soil_Type4', 'Soil_Type6', 'Soil_Type3', 'Soil_Type10', 'Soil_Type5', 'Hillshade_9am', 'Soil_Type16', 'Soil_Type11', 'Vertical_Distance_To_Hydrology', 'Aspect', 'Soil_Type32', 'Soil_Type13']"
1295,lr_shap_list_ir_5,lr_shap_list_ir_5_subset_2,orderSum,"['Wilderness_Area4', 'Wilderness_Area3', 'Hillshade_3pm', 'Hillshade_Noon', 'Horizontal_Distance_To_Roadways', 'Elevation', 'Horizontal_Distance_To_Hydrology', 'Horizontal_Distance_To_Fire_Points', 'Slope', 'Soil_Type10', 'Soil_Type3', 'Soil_Type2', 'Soil_Type4', 'Hillshade_9am', 'Soil_Type1', 'Soil_Type6', 'Soil_Type17', 'Soil_Type14', 'Vertical_Distance_To_Hydrology', 'Aspect', 'Soil_Type5', 'Soil_Type11', 'Soil_Type16', 'Soil_Type32', 'Soil_Type13']"
1296,lr_shap_list_ir_2,lr_shap_list_ir_2_subset_77,orderMean,"['Wilderness_Area4', 'Hillshade_3pm', 'Hillshade_Noon', 'Hillshade_9am', 'Wilderness_Area3', 'Horizontal_Distance_To_Roadways', 'Elevation', 'Slope', 'Horizontal_Distance_To_Hydrology', 'Horizontal_Distance_To_Fire_Points', 'Soil_Type10', 'Aspect', 'Soil_Type3', 'Soil_Type4', 'Soil_Type1', 'Vertical_Distance_To_Hydrology', 'Soil_Type2', 'Soil_Type17', 'Soil_Type14', 'Soil_Type11', 'Soil_Type5', 'Soil_Type6', 'Soil_Type16', 'Soil_Type32', 'Soil_Type13']"
1297,lr_shap_list_ir_2,lr_shap_list_ir_2_subset_77,orderStd,"['Hillshade_3pm', 'Hillshade_Noon', 'Hillshade_9am', 'Horizontal_Distance_To_Roadways', 'Elevation', 'Slope', 'Horizontal_Distance_To_Hydrology', 'Horizontal_Distance_To_Fire_Points', 'Soil_Type17', 'Soil_Type3', 'Wilderness_Area4', 'Soil_Type14', 'Soil_Type1', 'Soil_Type4', 'Soil_Type2', 'Wilderness_Area3', 'Soil_Type16', 'Aspect', 'Vertical_Distance_To_Hydrology', 'Soil_Type5', 'Soil_Type10', 'Soil_Type11', 'Soil_Type6', 'Soil_Type32', 'Soil_Type13']"
1298,lr_shap_list_ir_2,lr_shap_list_ir_2_subset_77,orderSum,"['Wilderness_Area4', 'Hillshade_3pm', 'Hillshade_Noon', 'Hillshade_9am', 'Wilderness_Area3', 'Horizontal_Distance_To_Roadways', 'Elevation', 'Slope', 'Horizontal_Distance_To_Hydrology', 'Horizontal_Distance_To_Fire_Points', 'Soil_Type10', 'Aspect', 'Soil_Type3', 'Soil_Type4', 'Soil_Type1', 'Vertical_Distance_To_Hydrology', 'Soil_Type2', 'Soil_Type17', 'Soil_Type14', 'Soil_Type11', 'Soil_Type5', 'Soil_Type6', 'Soil_Type16', 'Soil_Type32', 'Soil_Type13']"
1299,lr_shap_list_ir_1,lr_shap_list_ir_1_subset_72,orderMean,"['Wilderness_Area3', 'Hillshade_3pm', 'Wilderness_Area4', 'Hillshade_Noon', 'Horizontal_Distance_To_Roadways', 'Elevation', 'Soil_Type4', 'Horizontal_Distance_To_Hydrology', 'Horizontal_Distance_To_Fire_Points', 'Slope', 'Soil_Type2', 'Soil_Type6', 'Vertical_Distance_To_Hydrology', 'Soil_Type1', 'Soil_Type5', 'Aspect', 'Soil_Type10', 'Hillshade_9am', 'Soil_Type17', 'Soil_Type14', 'Soil_Type3', 'Soil_Type16', 'Soil_Type11', 'Soil_Type32', 'Soil_Type13']"
1300,lr_shap_list_ir_1,lr_shap_list_ir_1_subset_72,orderStd,"['Wilderness_Area3', 'Hillshade_3pm', 'Hillshade_Noon', 'Horizontal_Distance_To_Roadways', 'Wilderness_Area4', 'Elevation', 'Soil_Type4', 'Horizontal_Distance_To_Hydrology', 'Soil_Type5', 'Soil_Type6', 'Soil_Type1', 'Horizontal_Distance_To_Fire_Points', 'Soil_Type2', 'Soil_Type17', 'Slope', 'Vertical_Distance_To_Hydrology', 'Soil_Type16', 'Soil_Type14', 'Aspect', 'Hillshade_9am', 'Soil_Type10', 'Soil_Type3', 'Soil_Type11', 'Soil_Type32', 'Soil_Type13']"
1301,lr_shap_list_ir_1,lr_shap_list_ir_1_subset_72,orderSum,"['Wilderness_Area3', 'Hillshade_3pm', 'Wilderness_Area4', 'Hillshade_Noon', 'Horizontal_Distance_To_Roadways', 'Elevation', 'Soil_Type4', 'Horizontal_Distance_To_Hydrology', 'Horizontal_Distance_To_Fire_Points', 'Slope', 'Soil_Type2', 'Soil_Type6', 'Vertical_Distance_To_Hydrology', 'Soil_Type1', 'Soil_Type5', 'Aspect', 'Soil_Type10', 'Hillshade_9am', 'Soil_Type17', 'Soil_Type14', 'Soil_Type3', 'Soil_Type16', 'Soil_Type11', 'Soil_Type32', 'Soil_Type13']"
1302,lr_shap_list_ir_4,lr_shap_list_ir_4_subset_10,orderMean,"['Wilderness_Area4', 'Wilderness_Area3', 'Hillshade_3pm', 'Hillshade_Noon', 'Horizontal_Distance_To_Roadways', 'Elevation', 'Horizontal_Distance_To_Hydrology', 'Horizontal_Distance_To_Fire_Points', 'Soil_Type10', 'Slope', 'Hillshade_9am', 'Soil_Type2', 'Soil_Type4', 'Soil_Type6', 'Vertical_Distance_To_Hydrology', 'Soil_Type1', 'Aspect', 'Soil_Type3', 'Soil_Type17', 'Soil_Type11', 'Soil_Type14', 'Soil_Type5', 'Soil_Type16', 'Soil_Type32', 'Soil_Type13']"
1303,lr_shap_list_ir_4,lr_shap_list_ir_4_subset_10,orderStd,"['Hillshade_3pm', 'Hillshade_Noon', 'Horizontal_Distance_To_Roadways', 'Elevation', 'Wilderness_Area4', 'Wilderness_Area3', 'Horizontal_Distance_To_Hydrology', 'Horizontal_Distance_To_Fire_Points', 'Soil_Type1', 'Soil_Type2', 'Slope', 'Hillshade_9am', 'Soil_Type14', 'Soil_Type17', 'Soil_Type3', 'Soil_Type10', 'Soil_Type5', 'Soil_Type6', 'Soil_Type11', 'Soil_Type4', 'Vertical_Distance_To_Hydrology', 'Soil_Type16', 'Aspect', 'Soil_Type32', 'Soil_Type13']"
1304,lr_shap_list_ir_4,lr_shap_list_ir_4_subset_10,orderSum,"['Wilderness_Area4', 'Wilderness_Area3', 'Hillshade_3pm', 'Hillshade_Noon', 'Horizontal_Distance_To_Roadways', 'Elevation', 'Horizontal_Distance_To_Hydrology', 'Horizontal_Distance_To_Fire_Points', 'Soil_Type10', 'Slope', 'Hillshade_9am', 'Soil_Type2', 'Soil_Type4', 'Soil_Type6', 'Vertical_Distance_To_Hydrology', 'Soil_Type1', 'Aspect', 'Soil_Type3', 'Soil_Type17', 'Soil_Type11', 'Soil_Type14', 'Soil_Type5', 'Soil_Type16', 'Soil_Type32', 'Soil_Type13']"
1305,lr_shap_list_ir_4,lr_shap_list_ir_4_subset_63,orderMean,"['Wilderness_Area4', 'Wilderness_Area3', 'Hillshade_3pm', 'Hillshade_Noon', 'Elevation', 'Horizontal_Distance_To_Roadways', 'Horizontal_Distance_To_Hydrology', 'Horizontal_Distance_To_Fire_Points', 'Slope', 'Soil_Type10', 'Soil_Type4', 'Soil_Type1', 'Soil_Type6', 'Soil_Type2', 'Aspect', 'Vertical_Distance_To_Hydrology', 'Soil_Type3', 'Soil_Type14', 'Soil_Type17', 'Soil_Type5', 'Soil_Type11', 'Hillshade_9am', 'Soil_Type16', 'Soil_Type32', 'Soil_Type13']"
1306,lr_shap_list_ir_4,lr_shap_list_ir_4_subset_63,orderStd,"['Wilderness_Area4', 'Wilderness_Area3', 'Hillshade_3pm', 'Hillshade_Noon', 'Horizontal_Distance_To_Roadways', 'Elevation', 'Horizontal_Distance_To_Fire_Points', 'Horizontal_Distance_To_Hydrology', 'Soil_Type1', 'Slope', 'Soil_Type17', 'Soil_Type2', 'Soil_Type14', 'Soil_Type3', 'Soil_Type6', 'Soil_Type4', 'Soil_Type5', 'Soil_Type10', 'Vertical_Distance_To_Hydrology', 'Soil_Type16', 'Soil_Type11', 'Aspect', 'Hillshade_9am', 'Soil_Type32', 'Soil_Type13']"
1307,lr_shap_list_ir_4,lr_shap_list_ir_4_subset_63,orderSum,"['Wilderness_Area4', 'Wilderness_Area3', 'Hillshade_3pm', 'Hillshade_Noon', 'Elevation', 'Horizontal_Distance_To_Roadways', 'Horizontal_Distance_To_Hydrology', 'Horizontal_Distance_To_Fire_Points', 'Slope', 'Soil_Type10', 'Soil_Type4', 'Soil_Type1', 'Soil_Type6', 'Soil_Type2', 'Aspect', 'Vertical_Distance_To_Hydrology', 'Soil_Type3', 'Soil_Type14', 'Soil_Type17', 'Soil_Type5', 'Soil_Type11', 'Hillshade_9am', 'Soil_Type16', 'Soil_Type32', 'Soil_Type13']"
1308,lr_shap_list_ir_3,lr_shap_list_ir_3_subset_68,orderMean,"['Wilderness_Area4', 'Wilderness_Area3', 'Hillshade_3pm', 'Hillshade_Noon', 'Horizontal_Distance_To_Roadways', 'Elevation', 'Horizontal_Distance_To_Hydrology', 'Horizontal_Distance_To_Fire_Points', 'Slope', 'Soil_Type10', 'Soil_Type2', 'Soil_Type3', 'Soil_Type1', 'Vertical_Distance_To_Hydrology', 'Soil_Type6', 'Soil_Type4', 'Soil_Type17', 'Aspect', 'Soil_Type11', 'Soil_Type5', 'Hillshade_9am', 'Soil_Type14', 'Soil_Type16', 'Soil_Type32', 'Soil_Type13']"
1309,lr_shap_list_ir_3,lr_shap_list_ir_3_subset_68,orderStd,"['Hillshade_3pm', 'Hillshade_Noon', 'Horizontal_Distance_To_Roadways', 'Wilderness_Area4', 'Elevation', 'Wilderness_Area3', 'Horizontal_Distance_To_Fire_Points', 'Horizontal_Distance_To_Hydrology', 'Slope', 'Soil_Type1', 'Soil_Type2', 'Soil_Type17', 'Soil_Type3', 'Soil_Type6', 'Soil_Type5', 'Soil_Type14', 'Soil_Type11', 'Soil_Type4', 'Vertical_Distance_To_Hydrology', 'Soil_Type10', 'Soil_Type16', 'Aspect', 'Hillshade_9am', 'Soil_Type32', 'Soil_Type13']"
1310,lr_shap_list_ir_3,lr_shap_list_ir_3_subset_68,orderSum,"['Wilderness_Area4', 'Wilderness_Area3', 'Hillshade_3pm', 'Hillshade_Noon', 'Horizontal_Distance_To_Roadways', 'Elevation', 'Horizontal_Distance_To_Hydrology', 'Horizontal_Distance_To_Fire_Points', 'Slope', 'Soil_Type10', 'Soil_Type2', 'Soil_Type3', 'Soil_Type1', 'Vertical_Distance_To_Hydrology', 'Soil_Type6', 'Soil_Type4', 'Soil_Type17', 'Aspect', 'Soil_Type11', 'Soil_Type5', 'Hillshade_9am', 'Soil_Type14', 'Soil_Type16', 'Soil_Type32', 'Soil_Type13']"
1311,lr_shap_list_ir_4,lr_shap_list_ir_4_subset_77,orderMean,"['Wilderness_Area4', 'Wilderness_Area3', 'Hillshade_3pm', 'Hillshade_Noon', 'Elevation', 'Horizontal_Distance_To_Roadways', 'Hillshade_9am', 'Slope', 'Horizontal_Distance_To_Fire_Points', 'Horizontal_Distance_To_Hydrology', 'Soil_Type10', 'Soil_Type3', 'Soil_Type2', 'Soil_Type4', 'Soil_Type1', 'Soil_Type6', 'Soil_Type17', 'Vertical_Distance_To_Hydrology', 'Aspect', 'Soil_Type11', 'Soil_Type5', 'Soil_Type14', 'Soil_Type16', 'Soil_Type32', 'Soil_Type13']"
1312,lr_shap_list_ir_4,lr_shap_list_ir_4_subset_77,orderStd,"['Hillshade_3pm', 'Wilderness_Area4', 'Hillshade_Noon', 'Wilderness_Area3', 'Horizontal_Distance_To_Roadways', 'Elevation', 'Hillshade_9am', 'Horizontal_Distance_To_Fire_Points', 'Slope', 'Horizontal_Distance_To_Hydrology', 'Soil_Type3', 'Soil_Type1', 'Soil_Type17', 'Soil_Type2', 'Soil_Type14', 'Soil_Type10', 'Soil_Type4', 'Soil_Type16', 'Soil_Type6', 'Soil_Type11', 'Soil_Type5', 'Vertical_Distance_To_Hydrology', 'Aspect', 'Soil_Type32', 'Soil_Type13']"
1313,lr_shap_list_ir_4,lr_shap_list_ir_4_subset_77,orderSum,"['Wilderness_Area4', 'Wilderness_Area3', 'Hillshade_3pm', 'Hillshade_Noon', 'Elevation', 'Horizontal_Distance_To_Roadways', 'Hillshade_9am', 'Slope', 'Horizontal_Distance_To_Fire_Points', 'Horizontal_Distance_To_Hydrology', 'Soil_Type10', 'Soil_Type3', 'Soil_Type2', 'Soil_Type4', 'Soil_Type1', 'Soil_Type6', 'Soil_Type17', 'Vertical_Distance_To_Hydrology', 'Aspect', 'Soil_Type11', 'Soil_Type5', 'Soil_Type14', 'Soil_Type16', 'Soil_Type32', 'Soil_Type13']"
1314,lr_shap_list_ir_1,lr_shap_list_ir_1_subset_62,orderMean,"['Wilderness_Area4', 'Wilderness_Area3', 'Hillshade_3pm', 'Hillshade_Noon', 'Horizontal_Distance_To_Roadways', 'Elevation', 'Horizontal_Distance_To_Hydrology', 'Slope', 'Soil_Type10', 'Hillshade_9am', 'Soil_Type2', 'Horizontal_Distance_To_Fire_Points', 'Aspect', 'Soil_Type4', 'Soil_Type3', 'Soil_Type1', 'Soil_Type6', 'Soil_Type5', 'Soil_Type17', 'Soil_Type11', 'Soil_Type14', 'Vertical_Distance_To_Hydrology', 'Soil_Type16', 'Soil_Type32', 'Soil_Type13']"
1315,lr_shap_list_ir_1,lr_shap_list_ir_1_subset_62,orderStd,"['Hillshade_3pm', 'Hillshade_Noon', 'Horizontal_Distance_To_Roadways', 'Elevation', 'Horizontal_Distance_To_Hydrology', 'Soil_Type2', 'Wilderness_Area4', 'Slope', 'Wilderness_Area3', 'Soil_Type1', 'Horizontal_Distance_To_Fire_Points', 'Hillshade_9am', 'Soil_Type10', 'Soil_Type3', 'Soil_Type17', 'Soil_Type14', 'Soil_Type5', 'Aspect', 'Soil_Type16', 'Soil_Type6', 'Soil_Type11', 'Soil_Type4', 'Vertical_Distance_To_Hydrology', 'Soil_Type32', 'Soil_Type13']"
1316,lr_shap_list_ir_1,lr_shap_list_ir_1_subset_62,orderSum,"['Wilderness_Area4', 'Wilderness_Area3', 'Hillshade_3pm', 'Hillshade_Noon', 'Horizontal_Distance_To_Roadways', 'Elevation', 'Horizontal_Distance_To_Hydrology', 'Slope', 'Soil_Type10', 'Hillshade_9am', 'Soil_Type2', 'Horizontal_Distance_To_Fire_Points', 'Aspect', 'Soil_Type4', 'Soil_Type3', 'Soil_Type1', 'Soil_Type6', 'Soil_Type5', 'Soil_Type17', 'Soil_Type11', 'Soil_Type14', 'Vertical_Distance_To_Hydrology', 'Soil_Type16', 'Soil_Type32', 'Soil_Type13']"
1317,lr_shap_list_ir_4,lr_shap_list_ir_4_subset_62,orderMean,"['Wilderness_Area3', 'Wilderness_Area4', 'Horizontal_Distance_To_Roadways', 'Elevation', 'Hillshade_Noon', 'Hillshade_3pm', 'Horizontal_Distance_To_Hydrology', 'Hillshade_9am', 'Horizontal_Distance_To_Fire_Points', 'Soil_Type10', 'Slope', 'Soil_Type2', 'Soil_Type1', 'Soil_Type6', 'Soil_Type4', 'Soil_Type3', 'Aspect', 'Vertical_Distance_To_Hydrology', 'Soil_Type17', 'Soil_Type5', 'Soil_Type14', 'Soil_Type11', 'Soil_Type16', 'Soil_Type32', 'Soil_Type13']"
1318,lr_shap_list_ir_4,lr_shap_list_ir_4_subset_62,orderStd,"['Wilderness_Area3', 'Horizontal_Distance_To_Roadways', 'Wilderness_Area4', 'Hillshade_Noon', 'Elevation', 'Hillshade_3pm', 'Horizontal_Distance_To_Fire_Points', 'Hillshade_9am', 'Horizontal_Distance_To_Hydrology', 'Soil_Type2', 'Soil_Type1', 'Soil_Type10', 'Soil_Type6', 'Soil_Type5', 'Slope', 'Soil_Type4', 'Soil_Type17', 'Soil_Type14', 'Soil_Type3', 'Soil_Type16', 'Soil_Type11', 'Aspect', 'Vertical_Distance_To_Hydrology', 'Soil_Type32', 'Soil_Type13']"
1319,lr_shap_list_ir_4,lr_shap_list_ir_4_subset_62,orderSum,"['Wilderness_Area3', 'Wilderness_Area4', 'Horizontal_Distance_To_Roadways', 'Elevation', 'Hillshade_Noon', 'Hillshade_3pm', 'Horizontal_Distance_To_Hydrology', 'Hillshade_9am', 'Horizontal_Distance_To_Fire_Points', 'Soil_Type10', 'Slope', 'Soil_Type2', 'Soil_Type1', 'Soil_Type6', 'Soil_Type4', 'Soil_Type3', 'Aspect', 'Vertical_Distance_To_Hydrology', 'Soil_Type17', 'Soil_Type5', 'Soil_Type14', 'Soil_Type11', 'Soil_Type16', 'Soil_Type32', 'Soil_Type13']"
1320,lr_shap_list_ir_2,lr_shap_list_ir_2_subset_15,orderMean,"['Wilderness_Area4', 'Hillshade_3pm', 'Wilderness_Area3', 'Hillshade_Noon', 'Horizontal_Distance_To_Roadways', 'Hillshade_9am', 'Elevation', 'Slope', 'Horizontal_Distance_To_Hydrology', 'Horizontal_Distance_To_Fire_Points', 'Soil_Type10', 'Soil_Type2', 'Soil_Type3', 'Soil_Type1', 'Soil_Type4', 'Vertical_Distance_To_Hydrology', 'Soil_Type6', 'Soil_Type11', 'Soil_Type17', 'Aspect', 'Soil_Type5', 'Soil_Type14', 'Soil_Type16', 'Soil_Type32', 'Soil_Type13']"
1321,lr_shap_list_ir_2,lr_shap_list_ir_2_subset_15,orderStd,"['Hillshade_3pm', 'Hillshade_Noon', 'Wilderness_Area4', 'Horizontal_Distance_To_Roadways', 'Hillshade_9am', 'Elevation', 'Wilderness_Area3', 'Slope', 'Horizontal_Distance_To_Hydrology', 'Horizontal_Distance_To_Fire_Points', 'Soil_Type1', 'Soil_Type3', 'Soil_Type17', 'Soil_Type2', 'Soil_Type11', 'Soil_Type14', 'Soil_Type10', 'Soil_Type6', 'Soil_Type5', 'Soil_Type4', 'Vertical_Distance_To_Hydrology', 'Soil_Type16', 'Aspect', 'Soil_Type32', 'Soil_Type13']"
1322,lr_shap_list_ir_2,lr_shap_list_ir_2_subset_15,orderSum,"['Wilderness_Area4', 'Hillshade_3pm', 'Wilderness_Area3', 'Hillshade_Noon', 'Horizontal_Distance_To_Roadways', 'Hillshade_9am', 'Elevation', 'Slope', 'Horizontal_Distance_To_Hydrology', 'Horizontal_Distance_To_Fire_Points', 'Soil_Type10', 'Soil_Type2', 'Soil_Type3', 'Soil_Type1', 'Soil_Type4', 'Vertical_Distance_To_Hydrology', 'Soil_Type6', 'Soil_Type11', 'Soil_Type17', 'Aspect', 'Soil_Type5', 'Soil_Type14', 'Soil_Type16', 'Soil_Type32', 'Soil_Type13']"
1323,lr_shap_list_ir_2,lr_shap_list_ir_2_subset_68,orderMean,"['Wilderness_Area4', 'Hillshade_3pm', 'Wilderness_Area3', 'Hillshade_Noon', 'Hillshade_9am', 'Horizontal_Distance_To_Roadways', 'Elevation', 'Slope', 'Horizontal_Distance_To_Hydrology', 'Horizontal_Distance_To_Fire_Points', 'Soil_Type2', 'Vertical_Distance_To_Hydrology', 'Soil_Type10', 'Soil_Type1', 'Soil_Type4', 'Aspect', 'Soil_Type3', 'Soil_Type6', 'Soil_Type5', 'Soil_Type17', 'Soil_Type16', 'Soil_Type14', 'Soil_Type11', 'Soil_Type32', 'Soil_Type13']"
1324,lr_shap_list_ir_2,lr_shap_list_ir_2_subset_68,orderStd,"['Hillshade_3pm', 'Hillshade_Noon', 'Wilderness_Area4', 'Hillshade_9am', 'Wilderness_Area3', 'Horizontal_Distance_To_Roadways', 'Elevation', 'Slope', 'Horizontal_Distance_To_Hydrology', 'Soil_Type2', 'Horizontal_Distance_To_Fire_Points', 'Soil_Type3', 'Soil_Type17', 'Vertical_Distance_To_Hydrology', 'Soil_Type1', 'Soil_Type14', 'Soil_Type4', 'Soil_Type6', 'Soil_Type16', 'Soil_Type5', 'Soil_Type10', 'Aspect', 'Soil_Type11', 'Soil_Type32', 'Soil_Type13']"
1325,lr_shap_list_ir_2,lr_shap_list_ir_2_subset_68,orderSum,"['Wilderness_Area4', 'Hillshade_3pm', 'Wilderness_Area3', 'Hillshade_Noon', 'Hillshade_9am', 'Horizontal_Distance_To_Roadways', 'Elevation', 'Slope', 'Horizontal_Distance_To_Hydrology', 'Horizontal_Distance_To_Fire_Points', 'Soil_Type2', 'Vertical_Distance_To_Hydrology', 'Soil_Type10', 'Soil_Type1', 'Soil_Type4', 'Aspect', 'Soil_Type3', 'Soil_Type6', 'Soil_Type5', 'Soil_Type17', 'Soil_Type16', 'Soil_Type14', 'Soil_Type11', 'Soil_Type32', 'Soil_Type13']"
1326,lr_shap_list_ir_2,lr_shap_list_ir_2_subset_12,orderMean,"['Wilderness_Area4', 'Wilderness_Area3', 'Hillshade_3pm', 'Hillshade_Noon', 'Elevation', 'Horizontal_Distance_To_Roadways', 'Hillshade_9am', 'Horizontal_Distance_To_Hydrology', 'Slope', 'Horizontal_Distance_To_Fire_Points', 'Soil_Type10', 'Soil_Type2', 'Soil_Type4', 'Aspect', 'Soil_Type1', 'Soil_Type3', 'Vertical_Distance_To_Hydrology', 'Soil_Type6', 'Soil_Type5', 'Soil_Type17', 'Soil_Type14', 'Soil_Type11', 'Soil_Type16', 'Soil_Type32', 'Soil_Type13']"
1327,lr_shap_list_ir_2,lr_shap_list_ir_2_subset_12,orderStd,"['Hillshade_3pm', 'Hillshade_Noon', 'Wilderness_Area4', 'Wilderness_Area3', 'Horizontal_Distance_To_Roadways', 'Elevation', 'Horizontal_Distance_To_Hydrology', 'Horizontal_Distance_To_Fire_Points', 'Hillshade_9am', 'Slope', 'Soil_Type2', 'Soil_Type1', 'Soil_Type3', 'Soil_Type5', 'Soil_Type14', 'Soil_Type10', 'Soil_Type17', 'Soil_Type16', 'Soil_Type4', 'Soil_Type6', 'Aspect', 'Vertical_Distance_To_Hydrology', 'Soil_Type11', 'Soil_Type32', 'Soil_Type13']"
1328,lr_shap_list_ir_2,lr_shap_list_ir_2_subset_12,orderSum,"['Wilderness_Area4', 'Wilderness_Area3', 'Hillshade_3pm', 'Hillshade_Noon', 'Elevation', 'Horizontal_Distance_To_Roadways', 'Hillshade_9am', 'Horizontal_Distance_To_Hydrology', 'Slope', 'Horizontal_Distance_To_Fire_Points', 'Soil_Type10', 'Soil_Type2', 'Soil_Type4', 'Aspect', 'Soil_Type1', 'Soil_Type3', 'Vertical_Distance_To_Hydrology', 'Soil_Type6', 'Soil_Type5', 'Soil_Type17', 'Soil_Type14', 'Soil_Type11', 'Soil_Type16', 'Soil_Type32', 'Soil_Type13']"
1329,lr_shap_list_ir_3,lr_shap_list_ir_3_subset_96,orderMean,"['Wilderness_Area4', 'Wilderness_Area3', 'Hillshade_3pm', 'Hillshade_Noon', 'Horizontal_Distance_To_Roadways', 'Elevation', 'Slope', 'Horizontal_Distance_To_Hydrology', 'Hillshade_9am', 'Horizontal_Distance_To_Fire_Points', 'Soil_Type10', 'Soil_Type4', 'Soil_Type2', 'Soil_Type6', 'Soil_Type1', 'Soil_Type3', 'Aspect', 'Soil_Type17', 'Vertical_Distance_To_Hydrology', 'Soil_Type5', 'Soil_Type11', 'Soil_Type16', 'Soil_Type14', 'Soil_Type32', 'Soil_Type13']"
1330,lr_shap_list_ir_3,lr_shap_list_ir_3_subset_96,orderStd,"['Hillshade_3pm', 'Hillshade_Noon', 'Wilderness_Area4', 'Horizontal_Distance_To_Roadways', 'Wilderness_Area3', 'Elevation', 'Slope', 'Horizontal_Distance_To_Hydrology', 'Horizontal_Distance_To_Fire_Points', 'Hillshade_9am', 'Soil_Type2', 'Soil_Type1', 'Soil_Type3', 'Soil_Type6', 'Soil_Type17', 'Soil_Type14', 'Soil_Type10', 'Soil_Type4', 'Soil_Type5', 'Soil_Type16', 'Soil_Type11', 'Aspect', 'Vertical_Distance_To_Hydrology', 'Soil_Type32', 'Soil_Type13']"
1331,lr_shap_list_ir_3,lr_shap_list_ir_3_subset_96,orderSum,"['Wilderness_Area4', 'Wilderness_Area3', 'Hillshade_3pm', 'Hillshade_Noon', 'Horizontal_Distance_To_Roadways', 'Elevation', 'Slope', 'Horizontal_Distance_To_Hydrology', 'Hillshade_9am', 'Horizontal_Distance_To_Fire_Points', 'Soil_Type10', 'Soil_Type4', 'Soil_Type2', 'Soil_Type6', 'Soil_Type1', 'Soil_Type3', 'Aspect', 'Soil_Type17', 'Vertical_Distance_To_Hydrology', 'Soil_Type5', 'Soil_Type11', 'Soil_Type16', 'Soil_Type14', 'Soil_Type32', 'Soil_Type13']"
1332,lr_shap_list_ir_2,lr_shap_list_ir_2_subset_45,orderMean,"['Wilderness_Area4', 'Wilderness_Area3', 'Hillshade_3pm', 'Hillshade_Noon', 'Horizontal_Distance_To_Roadways', 'Elevation', 'Horizontal_Distance_To_Hydrology', 'Horizontal_Distance_To_Fire_Points', 'Slope', 'Soil_Type10', 'Hillshade_9am', 'Soil_Type2', 'Soil_Type3', 'Aspect', 'Soil_Type6', 'Soil_Type1', 'Soil_Type4', 'Soil_Type5', 'Soil_Type11', 'Vertical_Distance_To_Hydrology', 'Soil_Type17', 'Soil_Type14', 'Soil_Type16', 'Soil_Type32', 'Soil_Type13']"
1333,lr_shap_list_ir_2,lr_shap_list_ir_2_subset_45,orderStd,"['Hillshade_3pm', 'Hillshade_Noon', 'Horizontal_Distance_To_Roadways', 'Elevation', 'Wilderness_Area4', 'Wilderness_Area3', 'Horizontal_Distance_To_Fire_Points', 'Horizontal_Distance_To_Hydrology', 'Soil_Type1', 'Slope', 'Soil_Type5', 'Soil_Type11', 'Soil_Type2', 'Soil_Type3', 'Hillshade_9am', 'Soil_Type17', 'Soil_Type6', 'Soil_Type10', 'Soil_Type14', 'Aspect', 'Soil_Type16', 'Soil_Type4', 'Vertical_Distance_To_Hydrology', 'Soil_Type32', 'Soil_Type13']"
1334,lr_shap_list_ir_2,lr_shap_list_ir_2_subset_45,orderSum,"['Wilderness_Area4', 'Wilderness_Area3', 'Hillshade_3pm', 'Hillshade_Noon', 'Horizontal_Distance_To_Roadways', 'Elevation', 'Horizontal_Distance_To_Hydrology', 'Horizontal_Distance_To_Fire_Points', 'Slope', 'Soil_Type10', 'Hillshade_9am', 'Soil_Type2', 'Soil_Type3', 'Aspect', 'Soil_Type6', 'Soil_Type1', 'Soil_Type4', 'Soil_Type5', 'Soil_Type11', 'Vertical_Distance_To_Hydrology', 'Soil_Type17', 'Soil_Type14', 'Soil_Type16', 'Soil_Type32', 'Soil_Type13']"
1335,lr_shap_list_ir_3,lr_shap_list_ir_3_subset_105,orderMean,"['Wilderness_Area4', 'Wilderness_Area3', 'Hillshade_3pm', 'Hillshade_Noon', 'Horizontal_Distance_To_Roadways', 'Elevation', 'Horizontal_Distance_To_Hydrology', 'Horizontal_Distance_To_Fire_Points', 'Soil_Type10', 'Slope', 'Soil_Type2', 'Hillshade_9am', 'Soil_Type4', 'Soil_Type6', 'Aspect', 'Soil_Type1', 'Vertical_Distance_To_Hydrology', 'Soil_Type17', 'Soil_Type3', 'Soil_Type16', 'Soil_Type11', 'Soil_Type14', 'Soil_Type5', 'Soil_Type32', 'Soil_Type13']"
1336,lr_shap_list_ir_3,lr_shap_list_ir_3_subset_105,orderStd,"['Hillshade_3pm', 'Hillshade_Noon', 'Horizontal_Distance_To_Roadways', 'Wilderness_Area4', 'Wilderness_Area3', 'Elevation', 'Soil_Type2', 'Horizontal_Distance_To_Hydrology', 'Horizontal_Distance_To_Fire_Points', 'Soil_Type1', 'Slope', 'Soil_Type6', 'Soil_Type4', 'Soil_Type17', 'Soil_Type14', 'Hillshade_9am', 'Soil_Type11', 'Soil_Type5', 'Soil_Type3', 'Aspect', 'Vertical_Distance_To_Hydrology', 'Soil_Type16', 'Soil_Type10', 'Soil_Type32', 'Soil_Type13']"
1337,lr_shap_list_ir_3,lr_shap_list_ir_3_subset_105,orderSum,"['Wilderness_Area4', 'Wilderness_Area3', 'Hillshade_3pm', 'Hillshade_Noon', 'Horizontal_Distance_To_Roadways', 'Elevation', 'Horizontal_Distance_To_Hydrology', 'Horizontal_Distance_To_Fire_Points', 'Soil_Type10', 'Slope', 'Soil_Type2', 'Hillshade_9am', 'Soil_Type4', 'Soil_Type6', 'Aspect', 'Soil_Type1', 'Vertical_Distance_To_Hydrology', 'Soil_Type17', 'Soil_Type3', 'Soil_Type16', 'Soil_Type11', 'Soil_Type14', 'Soil_Type5', 'Soil_Type32', 'Soil_Type13']"
1338,lr_shap_list_ir_2,lr_shap_list_ir_2_subset_87,orderMean,"['Wilderness_Area4', 'Wilderness_Area3', 'Hillshade_3pm', 'Hillshade_Noon', 'Horizontal_Distance_To_Roadways', 'Elevation', 'Horizontal_Distance_To_Hydrology', 'Horizontal_Distance_To_Fire_Points', 'Slope', 'Hillshade_9am', 'Soil_Type10', 'Soil_Type4', 'Soil_Type2', 'Soil_Type3', 'Soil_Type1', 'Soil_Type6', 'Vertical_Distance_To_Hydrology', 'Soil_Type5', 'Soil_Type11', 'Aspect', 'Soil_Type17', 'Soil_Type14', 'Soil_Type16', 'Soil_Type32', 'Soil_Type13']"
1339,lr_shap_list_ir_2,lr_shap_list_ir_2_subset_87,orderStd,"['Hillshade_3pm', 'Hillshade_Noon', 'Horizontal_Distance_To_Roadways', 'Elevation', 'Horizontal_Distance_To_Fire_Points', 'Horizontal_Distance_To_Hydrology', 'Wilderness_Area4', 'Wilderness_Area3', 'Slope', 'Hillshade_9am', 'Soil_Type17', 'Soil_Type5', 'Soil_Type2', 'Soil_Type4', 'Soil_Type1', 'Soil_Type14', 'Soil_Type3', 'Soil_Type6', 'Soil_Type11', 'Soil_Type10', 'Vertical_Distance_To_Hydrology', 'Aspect', 'Soil_Type16', 'Soil_Type32', 'Soil_Type13']"
1340,lr_shap_list_ir_2,lr_shap_list_ir_2_subset_87,orderSum,"['Wilderness_Area4', 'Wilderness_Area3', 'Hillshade_3pm', 'Hillshade_Noon', 'Horizontal_Distance_To_Roadways', 'Elevation', 'Horizontal_Distance_To_Hydrology', 'Horizontal_Distance_To_Fire_Points', 'Slope', 'Hillshade_9am', 'Soil_Type10', 'Soil_Type4', 'Soil_Type2', 'Soil_Type3', 'Soil_Type1', 'Soil_Type6', 'Vertical_Distance_To_Hydrology', 'Soil_Type5', 'Soil_Type11', 'Aspect', 'Soil_Type17', 'Soil_Type14', 'Soil_Type16', 'Soil_Type32', 'Soil_Type13']"
1341,lr_shap_list_ir_5,lr_shap_list_ir_5_subset_48,orderMean,"['Wilderness_Area4', 'Wilderness_Area3', 'Hillshade_3pm', 'Hillshade_Noon', 'Horizontal_Distance_To_Roadways', 'Elevation', 'Horizontal_Distance_To_Hydrology', 'Slope', 'Horizontal_Distance_To_Fire_Points', 'Soil_Type10', 'Hillshade_9am', 'Soil_Type2', 'Soil_Type3', 'Soil_Type6', 'Soil_Type1', 'Soil_Type4', 'Soil_Type17', 'Vertical_Distance_To_Hydrology', 'Soil_Type5', 'Soil_Type14', 'Soil_Type11', 'Aspect', 'Soil_Type16', 'Soil_Type32', 'Soil_Type13']"
1342,lr_shap_list_ir_5,lr_shap_list_ir_5_subset_48,orderStd,"['Hillshade_3pm', 'Wilderness_Area4', 'Wilderness_Area3', 'Hillshade_Noon', 'Horizontal_Distance_To_Roadways', 'Elevation', 'Horizontal_Distance_To_Fire_Points', 'Slope', 'Horizontal_Distance_To_Hydrology', 'Soil_Type17', 'Soil_Type2', 'Soil_Type1', 'Soil_Type6', 'Hillshade_9am', 'Soil_Type14', 'Soil_Type3', 'Soil_Type10', 'Soil_Type11', 'Soil_Type4', 'Soil_Type5', 'Soil_Type16', 'Vertical_Distance_To_Hydrology', 'Aspect', 'Soil_Type32', 'Soil_Type13']"
1343,lr_shap_list_ir_5,lr_shap_list_ir_5_subset_48,orderSum,"['Wilderness_Area4', 'Wilderness_Area3', 'Hillshade_3pm', 'Hillshade_Noon', 'Horizontal_Distance_To_Roadways', 'Elevation', 'Horizontal_Distance_To_Hydrology', 'Slope', 'Horizontal_Distance_To_Fire_Points', 'Soil_Type10', 'Hillshade_9am', 'Soil_Type2', 'Soil_Type3', 'Soil_Type6', 'Soil_Type1', 'Soil_Type4', 'Soil_Type17', 'Vertical_Distance_To_Hydrology', 'Soil_Type5', 'Soil_Type14', 'Soil_Type11', 'Aspect', 'Soil_Type16', 'Soil_Type32', 'Soil_Type13']"
1344,lr_shap_list_ir_1,lr_shap_list_ir_1_subset_78,orderMean,"['Wilderness_Area3', 'Wilderness_Area4', 'Hillshade_3pm', 'Hillshade_Noon', 'Horizontal_Distance_To_Roadways', 'Elevation', 'Horizontal_Distance_To_Hydrology', 'Slope', 'Vertical_Distance_To_Hydrology', 'Horizontal_Distance_To_Fire_Points', 'Hillshade_9am', 'Soil_Type1', 'Soil_Type6', 'Soil_Type2', 'Soil_Type10', 'Soil_Type3', 'Soil_Type5', 'Soil_Type17', 'Soil_Type11', 'Soil_Type4', 'Aspect', 'Soil_Type16', 'Soil_Type14', 'Soil_Type32', 'Soil_Type13']"
1345,lr_shap_list_ir_1,lr_shap_list_ir_1_subset_78,orderStd,"['Hillshade_3pm', 'Hillshade_Noon', 'Horizontal_Distance_To_Roadways', 'Elevation', 'Wilderness_Area3', 'Wilderness_Area4', 'Horizontal_Distance_To_Hydrology', 'Slope', 'Soil_Type1', 'Vertical_Distance_To_Hydrology', 'Horizontal_Distance_To_Fire_Points', 'Soil_Type2', 'Soil_Type17', 'Soil_Type6', 'Soil_Type3', 'Soil_Type5', 'Hillshade_9am', 'Soil_Type11', 'Soil_Type14', 'Soil_Type10', 'Soil_Type16', 'Soil_Type4', 'Aspect', 'Soil_Type32', 'Soil_Type13']"
1346,lr_shap_list_ir_1,lr_shap_list_ir_1_subset_78,orderSum,"['Wilderness_Area3', 'Wilderness_Area4', 'Hillshade_3pm', 'Hillshade_Noon', 'Horizontal_Distance_To_Roadways', 'Elevation', 'Horizontal_Distance_To_Hydrology', 'Slope', 'Vertical_Distance_To_Hydrology', 'Horizontal_Distance_To_Fire_Points', 'Hillshade_9am', 'Soil_Type1', 'Soil_Type6', 'Soil_Type2', 'Soil_Type10', 'Soil_Type3', 'Soil_Type5', 'Soil_Type17', 'Soil_Type11', 'Soil_Type4', 'Aspect', 'Soil_Type16', 'Soil_Type14', 'Soil_Type32', 'Soil_Type13']"
1347,lr_shap_list_ir_2,lr_shap_list_ir_2_subset_66,orderMean,"['Wilderness_Area4', 'Wilderness_Area3', 'Hillshade_3pm', 'Hillshade_Noon', 'Horizontal_Distance_To_Roadways', 'Elevation', 'Hillshade_9am', 'Slope', 'Horizontal_Distance_To_Hydrology', 'Horizontal_Distance_To_Fire_Points', 'Soil_Type4', 'Soil_Type1', 'Vertical_Distance_To_Hydrology', 'Soil_Type6', 'Soil_Type2', 'Soil_Type17', 'Aspect', 'Soil_Type3', 'Soil_Type10', 'Soil_Type5', 'Soil_Type16', 'Soil_Type14', 'Soil_Type11', 'Soil_Type32', 'Soil_Type13']"
1348,lr_shap_list_ir_2,lr_shap_list_ir_2_subset_66,orderStd,"['Hillshade_3pm', 'Hillshade_Noon', 'Horizontal_Distance_To_Roadways', 'Elevation', 'Hillshade_9am', 'Wilderness_Area4', 'Wilderness_Area3', 'Horizontal_Distance_To_Fire_Points', 'Slope', 'Horizontal_Distance_To_Hydrology', 'Soil_Type1', 'Soil_Type17', 'Soil_Type6', 'Soil_Type2', 'Soil_Type14', 'Soil_Type4', 'Vertical_Distance_To_Hydrology', 'Soil_Type5', 'Soil_Type3', 'Soil_Type16', 'Aspect', 'Soil_Type10', 'Soil_Type11', 'Soil_Type32', 'Soil_Type13']"
1349,lr_shap_list_ir_2,lr_shap_list_ir_2_subset_66,orderSum,"['Wilderness_Area4', 'Wilderness_Area3', 'Hillshade_3pm', 'Hillshade_Noon', 'Horizontal_Distance_To_Roadways', 'Elevation', 'Hillshade_9am', 'Slope', 'Horizontal_Distance_To_Hydrology', 'Horizontal_Distance_To_Fire_Points', 'Soil_Type4', 'Soil_Type1', 'Vertical_Distance_To_Hydrology', 'Soil_Type6', 'Soil_Type2', 'Soil_Type17', 'Aspect', 'Soil_Type3', 'Soil_Type10', 'Soil_Type5', 'Soil_Type16', 'Soil_Type14', 'Soil_Type11', 'Soil_Type32', 'Soil_Type13']"
1350,lr_shap_list_ir_2,lr_shap_list_ir_2_subset_29,orderMean,"['Wilderness_Area4', 'Hillshade_3pm', 'Wilderness_Area3', 'Hillshade_Noon', 'Hillshade_9am', 'Horizontal_Distance_To_Roadways', 'Elevation', 'Slope', 'Horizontal_Distance_To_Hydrology', 'Soil_Type10', 'Horizontal_Distance_To_Fire_Points', 'Soil_Type1', 'Soil_Type3', 'Aspect', 'Vertical_Distance_To_Hydrology', 'Soil_Type2', 'Soil_Type6', 'Soil_Type4', 'Soil_Type17', 'Soil_Type5', 'Soil_Type11', 'Soil_Type14', 'Soil_Type16', 'Soil_Type32', 'Soil_Type13']"
1351,lr_shap_list_ir_2,lr_shap_list_ir_2_subset_29,orderStd,"['Hillshade_3pm', 'Wilderness_Area4', 'Hillshade_Noon', 'Wilderness_Area3', 'Hillshade_9am', 'Horizontal_Distance_To_Roadways', 'Elevation', 'Slope', 'Horizontal_Distance_To_Hydrology', 'Horizontal_Distance_To_Fire_Points', 'Soil_Type1', 'Soil_Type3', 'Soil_Type17', 'Soil_Type10', 'Soil_Type14', 'Soil_Type2', 'Soil_Type16', 'Vertical_Distance_To_Hydrology', 'Soil_Type6', 'Soil_Type5', 'Aspect', 'Soil_Type4', 'Soil_Type11', 'Soil_Type32', 'Soil_Type13']"
1352,lr_shap_list_ir_2,lr_shap_list_ir_2_subset_29,orderSum,"['Wilderness_Area4', 'Hillshade_3pm', 'Wilderness_Area3', 'Hillshade_Noon', 'Hillshade_9am', 'Horizontal_Distance_To_Roadways', 'Elevation', 'Slope', 'Horizontal_Distance_To_Hydrology', 'Soil_Type10', 'Horizontal_Distance_To_Fire_Points', 'Soil_Type1', 'Soil_Type3', 'Aspect', 'Vertical_Distance_To_Hydrology', 'Soil_Type2', 'Soil_Type6', 'Soil_Type4', 'Soil_Type17', 'Soil_Type5', 'Soil_Type11', 'Soil_Type14', 'Soil_Type16', 'Soil_Type32', 'Soil_Type13']"
1353,lr_shap_list_ir_2,lr_shap_list_ir_2_subset_59,orderMean,"['Wilderness_Area3', 'Wilderness_Area4', 'Hillshade_3pm', 'Hillshade_Noon', 'Horizontal_Distance_To_Roadways', 'Elevation', 'Horizontal_Distance_To_Hydrology', 'Horizontal_Distance_To_Fire_Points', 'Soil_Type10', 'Slope', 'Hillshade_9am', 'Aspect', 'Soil_Type2', 'Soil_Type4', 'Soil_Type1', 'Soil_Type3', 'Soil_Type6', 'Soil_Type17', 'Soil_Type5', 'Soil_Type11', 'Vertical_Distance_To_Hydrology', 'Soil_Type14', 'Soil_Type16', 'Soil_Type32', 'Soil_Type13']"
1354,lr_shap_list_ir_2,lr_shap_list_ir_2_subset_59,orderStd,"['Hillshade_Noon', 'Hillshade_3pm', 'Wilderness_Area3', 'Wilderness_Area4', 'Horizontal_Distance_To_Roadways', 'Elevation', 'Horizontal_Distance_To_Fire_Points', 'Horizontal_Distance_To_Hydrology', 'Soil_Type5', 'Slope', 'Soil_Type1', 'Soil_Type2', 'Soil_Type3', 'Hillshade_9am', 'Soil_Type10', 'Soil_Type17', 'Soil_Type11', 'Aspect', 'Soil_Type4', 'Soil_Type14', 'Soil_Type6', 'Soil_Type16', 'Vertical_Distance_To_Hydrology', 'Soil_Type32', 'Soil_Type13']"
1355,lr_shap_list_ir_2,lr_shap_list_ir_2_subset_59,orderSum,"['Wilderness_Area3', 'Wilderness_Area4', 'Hillshade_3pm', 'Hillshade_Noon', 'Horizontal_Distance_To_Roadways', 'Elevation', 'Horizontal_Distance_To_Hydrology', 'Horizontal_Distance_To_Fire_Points', 'Soil_Type10', 'Slope', 'Hillshade_9am', 'Aspect', 'Soil_Type2', 'Soil_Type4', 'Soil_Type1', 'Soil_Type3', 'Soil_Type6', 'Soil_Type17', 'Soil_Type5', 'Soil_Type11', 'Vertical_Distance_To_Hydrology', 'Soil_Type14', 'Soil_Type16', 'Soil_Type32', 'Soil_Type13']"
1356,lr_shap_list_ir_1,lr_shap_list_ir_1_subset_71,orderMean,"['Wilderness_Area3', 'Wilderness_Area4', 'Horizontal_Distance_To_Roadways', 'Elevation', 'Hillshade_9am', 'Hillshade_Noon', 'Soil_Type10', 'Horizontal_Distance_To_Hydrology', 'Horizontal_Distance_To_Fire_Points', 'Soil_Type2', 'Vertical_Distance_To_Hydrology', 'Soil_Type4', 'Soil_Type1', 'Soil_Type6', 'Hillshade_3pm', 'Soil_Type11', 'Aspect', 'Soil_Type3', 'Soil_Type5', 'Slope', 'Soil_Type17', 'Soil_Type16', 'Soil_Type14', 'Soil_Type32', 'Soil_Type13']"
1357,lr_shap_list_ir_1,lr_shap_list_ir_1_subset_71,orderStd,"['Horizontal_Distance_To_Roadways', 'Wilderness_Area3', 'Elevation', 'Hillshade_9am', 'Hillshade_Noon', 'Wilderness_Area4', 'Soil_Type1', 'Horizontal_Distance_To_Hydrology', 'Horizontal_Distance_To_Fire_Points', 'Soil_Type2', 'Soil_Type10', 'Vertical_Distance_To_Hydrology', 'Soil_Type4', 'Soil_Type11', 'Soil_Type6', 'Soil_Type5', 'Hillshade_3pm', 'Soil_Type3', 'Soil_Type14', 'Soil_Type17', 'Soil_Type16', 'Aspect', 'Slope', 'Soil_Type32', 'Soil_Type13']"
1358,lr_shap_list_ir_1,lr_shap_list_ir_1_subset_71,orderSum,"['Wilderness_Area3', 'Wilderness_Area4', 'Horizontal_Distance_To_Roadways', 'Elevation', 'Hillshade_9am', 'Hillshade_Noon', 'Soil_Type10', 'Horizontal_Distance_To_Hydrology', 'Horizontal_Distance_To_Fire_Points', 'Soil_Type2', 'Vertical_Distance_To_Hydrology', 'Soil_Type4', 'Soil_Type1', 'Soil_Type6', 'Hillshade_3pm', 'Soil_Type11', 'Aspect', 'Soil_Type3', 'Soil_Type5', 'Slope', 'Soil_Type17', 'Soil_Type16', 'Soil_Type14', 'Soil_Type32', 'Soil_Type13']"
1359,lr_shap_list_ir_2,lr_shap_list_ir_2_subset_96,orderMean,"['Wilderness_Area3', 'Wilderness_Area4', 'Horizontal_Distance_To_Roadways', 'Elevation', 'Hillshade_9am', 'Hillshade_Noon', 'Horizontal_Distance_To_Fire_Points', 'Soil_Type10', 'Horizontal_Distance_To_Hydrology', 'Soil_Type2', 'Soil_Type6', 'Soil_Type4', 'Soil_Type1', 'Aspect', 'Hillshade_3pm', 'Soil_Type17', 'Soil_Type5', 'Slope', 'Vertical_Distance_To_Hydrology', 'Soil_Type11', 'Soil_Type14', 'Soil_Type3', 'Soil_Type16', 'Soil_Type32', 'Soil_Type13']"
1360,lr_shap_list_ir_2,lr_shap_list_ir_2_subset_96,orderStd,"['Horizontal_Distance_To_Roadways', 'Wilderness_Area3', 'Hillshade_9am', 'Elevation', 'Hillshade_Noon', 'Wilderness_Area4', 'Soil_Type1', 'Horizontal_Distance_To_Fire_Points', 'Soil_Type10', 'Horizontal_Distance_To_Hydrology', 'Soil_Type2', 'Soil_Type6', 'Soil_Type4', 'Soil_Type5', 'Soil_Type17', 'Soil_Type14', 'Hillshade_3pm', 'Aspect', 'Soil_Type11', 'Soil_Type16', 'Slope', 'Soil_Type3', 'Vertical_Distance_To_Hydrology', 'Soil_Type32', 'Soil_Type13']"
1361,lr_shap_list_ir_2,lr_shap_list_ir_2_subset_96,orderSum,"['Wilderness_Area3', 'Wilderness_Area4', 'Horizontal_Distance_To_Roadways', 'Elevation', 'Hillshade_9am', 'Hillshade_Noon', 'Horizontal_Distance_To_Fire_Points', 'Soil_Type10', 'Horizontal_Distance_To_Hydrology', 'Soil_Type2', 'Soil_Type6', 'Soil_Type4', 'Soil_Type1', 'Aspect', 'Hillshade_3pm', 'Soil_Type17', 'Soil_Type5', 'Slope', 'Vertical_Distance_To_Hydrology', 'Soil_Type11', 'Soil_Type14', 'Soil_Type3', 'Soil_Type16', 'Soil_Type32', 'Soil_Type13']"
1362,lr_shap_list_ir_2,lr_shap_list_ir_2_subset_55,orderMean,"['Wilderness_Area3', 'Wilderness_Area4', 'Hillshade_Noon', 'Hillshade_3pm', 'Elevation', 'Horizontal_Distance_To_Roadways', 'Horizontal_Distance_To_Fire_Points', 'Soil_Type2', 'Soil_Type4', 'Horizontal_Distance_To_Hydrology', 'Soil_Type10', 'Slope', 'Soil_Type1', 'Aspect', 'Soil_Type6', 'Vertical_Distance_To_Hydrology', 'Soil_Type3', 'Soil_Type11', 'Soil_Type17', 'Soil_Type5', 'Soil_Type16', 'Soil_Type14', 'Hillshade_9am', 'Soil_Type32', 'Soil_Type13']"
1363,lr_shap_list_ir_2,lr_shap_list_ir_2_subset_55,orderStd,"['Hillshade_Noon', 'Hillshade_3pm', 'Elevation', 'Horizontal_Distance_To_Roadways', 'Wilderness_Area3', 'Wilderness_Area4', 'Soil_Type1', 'Soil_Type2', 'Horizontal_Distance_To_Fire_Points', 'Horizontal_Distance_To_Hydrology', 'Soil_Type11', 'Soil_Type4', 'Slope', 'Soil_Type6', 'Soil_Type17', 'Soil_Type14', 'Soil_Type3', 'Soil_Type10', 'Soil_Type5', 'Soil_Type16', 'Vertical_Distance_To_Hydrology', 'Aspect', 'Soil_Type32', 'Hillshade_9am', 'Soil_Type13']"
1364,lr_shap_list_ir_2,lr_shap_list_ir_2_subset_55,orderSum,"['Wilderness_Area3', 'Wilderness_Area4', 'Hillshade_Noon', 'Hillshade_3pm', 'Elevation', 'Horizontal_Distance_To_Roadways', 'Horizontal_Distance_To_Fire_Points', 'Soil_Type2', 'Soil_Type4', 'Horizontal_Distance_To_Hydrology', 'Soil_Type10', 'Slope', 'Soil_Type1', 'Aspect', 'Soil_Type6', 'Vertical_Distance_To_Hydrology', 'Soil_Type3', 'Soil_Type11', 'Soil_Type17', 'Soil_Type5', 'Soil_Type16', 'Soil_Type14', 'Hillshade_9am', 'Soil_Type32', 'Soil_Type13']"
1365,lr_shap_list_ir_5,lr_shap_list_ir_5_subset_64,orderMean,"['Wilderness_Area4', 'Wilderness_Area3', 'Hillshade_3pm', 'Hillshade_Noon', 'Horizontal_Distance_To_Roadways', 'Elevation', 'Horizontal_Distance_To_Hydrology', 'Slope', 'Horizontal_Distance_To_Fire_Points', 'Hillshade_9am', 'Soil_Type10', 'Soil_Type2', 'Soil_Type4', 'Soil_Type6', 'Soil_Type3', 'Soil_Type1', 'Soil_Type17', 'Vertical_Distance_To_Hydrology', 'Aspect', 'Soil_Type11', 'Soil_Type5', 'Soil_Type14', 'Soil_Type16', 'Soil_Type32', 'Soil_Type13']"
1366,lr_shap_list_ir_5,lr_shap_list_ir_5_subset_64,orderStd,"['Hillshade_3pm', 'Hillshade_Noon', 'Wilderness_Area4', 'Horizontal_Distance_To_Roadways', 'Wilderness_Area3', 'Elevation', 'Horizontal_Distance_To_Fire_Points', 'Horizontal_Distance_To_Hydrology', 'Slope', 'Hillshade_9am', 'Soil_Type1', 'Soil_Type2', 'Soil_Type14', 'Soil_Type17', 'Soil_Type3', 'Soil_Type6', 'Soil_Type5', 'Soil_Type10', 'Soil_Type4', 'Soil_Type11', 'Soil_Type16', 'Vertical_Distance_To_Hydrology', 'Aspect', 'Soil_Type32', 'Soil_Type13']"
1367,lr_shap_list_ir_5,lr_shap_list_ir_5_subset_64,orderSum,"['Wilderness_Area4', 'Wilderness_Area3', 'Hillshade_3pm', 'Hillshade_Noon', 'Horizontal_Distance_To_Roadways', 'Elevation', 'Horizontal_Distance_To_Hydrology', 'Slope', 'Horizontal_Distance_To_Fire_Points', 'Hillshade_9am', 'Soil_Type10', 'Soil_Type2', 'Soil_Type4', 'Soil_Type6', 'Soil_Type3', 'Soil_Type1', 'Soil_Type17', 'Vertical_Distance_To_Hydrology', 'Aspect', 'Soil_Type11', 'Soil_Type5', 'Soil_Type14', 'Soil_Type16', 'Soil_Type32', 'Soil_Type13']"
1368,lr_shap_list_ir_1,lr_shap_list_ir_1_subset_90,orderMean,"['Wilderness_Area4', 'Wilderness_Area3', 'Hillshade_3pm', 'Horizontal_Distance_To_Roadways', 'Hillshade_Noon', 'Elevation', 'Slope', 'Horizontal_Distance_To_Hydrology', 'Horizontal_Distance_To_Fire_Points', 'Soil_Type10', 'Hillshade_9am', 'Soil_Type2', 'Soil_Type3', 'Soil_Type1', 'Soil_Type5', 'Soil_Type11', 'Soil_Type4', 'Soil_Type16', 'Soil_Type17', 'Soil_Type6', 'Aspect', 'Vertical_Distance_To_Hydrology', 'Soil_Type14', 'Soil_Type32', 'Soil_Type13']"
1369,lr_shap_list_ir_1,lr_shap_list_ir_1_subset_90,orderStd,"['Hillshade_3pm', 'Horizontal_Distance_To_Roadways', 'Hillshade_Noon', 'Elevation', 'Wilderness_Area4', 'Slope', 'Horizontal_Distance_To_Fire_Points', 'Horizontal_Distance_To_Hydrology', 'Wilderness_Area3', 'Soil_Type3', 'Soil_Type1', 'Soil_Type2', 'Hillshade_9am', 'Soil_Type11', 'Soil_Type10', 'Soil_Type17', 'Soil_Type5', 'Soil_Type14', 'Soil_Type16', 'Soil_Type4', 'Soil_Type6', 'Vertical_Distance_To_Hydrology', 'Aspect', 'Soil_Type32', 'Soil_Type13']"
1370,lr_shap_list_ir_1,lr_shap_list_ir_1_subset_90,orderSum,"['Wilderness_Area4', 'Wilderness_Area3', 'Hillshade_3pm', 'Horizontal_Distance_To_Roadways', 'Hillshade_Noon', 'Elevation', 'Slope', 'Horizontal_Distance_To_Hydrology', 'Horizontal_Distance_To_Fire_Points', 'Soil_Type10', 'Hillshade_9am', 'Soil_Type2', 'Soil_Type3', 'Soil_Type1', 'Soil_Type5', 'Soil_Type11', 'Soil_Type4', 'Soil_Type16', 'Soil_Type17', 'Soil_Type6', 'Aspect', 'Vertical_Distance_To_Hydrology', 'Soil_Type14', 'Soil_Type32', 'Soil_Type13']"
1371,lr_shap_list_ir_4,lr_shap_list_ir_4_subset_57,orderMean,"['Wilderness_Area4', 'Wilderness_Area3', 'Hillshade_3pm', 'Hillshade_Noon', 'Elevation', 'Horizontal_Distance_To_Roadways', 'Horizontal_Distance_To_Hydrology', 'Horizontal_Distance_To_Fire_Points', 'Slope', 'Soil_Type10', 'Hillshade_9am', 'Soil_Type2', 'Soil_Type4', 'Soil_Type1', 'Soil_Type3', 'Soil_Type6', 'Soil_Type17', 'Aspect', 'Vertical_Distance_To_Hydrology', 'Soil_Type5', 'Soil_Type14', 'Soil_Type11', 'Soil_Type16', 'Soil_Type32', 'Soil_Type13']"
1372,lr_shap_list_ir_4,lr_shap_list_ir_4_subset_57,orderStd,"['Wilderness_Area4', 'Wilderness_Area3', 'Hillshade_Noon', 'Horizontal_Distance_To_Roadways', 'Hillshade_3pm', 'Elevation', 'Horizontal_Distance_To_Fire_Points', 'Horizontal_Distance_To_Hydrology', 'Soil_Type1', 'Soil_Type17', 'Soil_Type2', 'Slope', 'Soil_Type5', 'Soil_Type14', 'Soil_Type3', 'Soil_Type10', 'Hillshade_9am', 'Soil_Type6', 'Soil_Type11', 'Soil_Type4', 'Vertical_Distance_To_Hydrology', 'Soil_Type16', 'Aspect', 'Soil_Type32', 'Soil_Type13']"
1373,lr_shap_list_ir_4,lr_shap_list_ir_4_subset_57,orderSum,"['Wilderness_Area4', 'Wilderness_Area3', 'Hillshade_3pm', 'Hillshade_Noon', 'Elevation', 'Horizontal_Distance_To_Roadways', 'Horizontal_Distance_To_Hydrology', 'Horizontal_Distance_To_Fire_Points', 'Slope', 'Soil_Type10', 'Hillshade_9am', 'Soil_Type2', 'Soil_Type4', 'Soil_Type1', 'Soil_Type3', 'Soil_Type6', 'Soil_Type17', 'Aspect', 'Vertical_Distance_To_Hydrology', 'Soil_Type5', 'Soil_Type14', 'Soil_Type11', 'Soil_Type16', 'Soil_Type32', 'Soil_Type13']"
1374,lr_shap_list_ir_2,lr_shap_list_ir_2_subset_60,orderMean,"['Wilderness_Area4', 'Wilderness_Area3', 'Hillshade_3pm', 'Hillshade_Noon', 'Horizontal_Distance_To_Roadways', 'Elevation', 'Hillshade_9am', 'Soil_Type10', 'Horizontal_Distance_To_Hydrology', 'Horizontal_Distance_To_Fire_Points', 'Slope', 'Soil_Type2', 'Soil_Type3', 'Soil_Type6', 'Soil_Type4', 'Aspect', 'Soil_Type1', 'Soil_Type17', 'Vertical_Distance_To_Hydrology', 'Soil_Type11', 'Soil_Type5', 'Soil_Type14', 'Soil_Type16', 'Soil_Type32', 'Soil_Type13']"
1375,lr_shap_list_ir_2,lr_shap_list_ir_2_subset_60,orderStd,"['Hillshade_3pm', 'Hillshade_Noon', 'Horizontal_Distance_To_Roadways', 'Elevation', 'Hillshade_9am', 'Horizontal_Distance_To_Fire_Points', 'Horizontal_Distance_To_Hydrology', 'Slope', 'Soil_Type2', 'Soil_Type1', 'Soil_Type10', 'Soil_Type3', 'Soil_Type17', 'Soil_Type6', 'Soil_Type14', 'Soil_Type16', 'Wilderness_Area4', 'Soil_Type5', 'Soil_Type11', 'Wilderness_Area3', 'Soil_Type4', 'Aspect', 'Vertical_Distance_To_Hydrology', 'Soil_Type32', 'Soil_Type13']"
1376,lr_shap_list_ir_2,lr_shap_list_ir_2_subset_60,orderSum,"['Wilderness_Area4', 'Wilderness_Area3', 'Hillshade_3pm', 'Hillshade_Noon', 'Horizontal_Distance_To_Roadways', 'Elevation', 'Hillshade_9am', 'Soil_Type10', 'Horizontal_Distance_To_Hydrology', 'Horizontal_Distance_To_Fire_Points', 'Slope', 'Soil_Type2', 'Soil_Type3', 'Soil_Type6', 'Soil_Type4', 'Aspect', 'Soil_Type1', 'Soil_Type17', 'Vertical_Distance_To_Hydrology', 'Soil_Type11', 'Soil_Type5', 'Soil_Type14', 'Soil_Type16', 'Soil_Type32', 'Soil_Type13']"
1377,lr_shap_list_ir_5,lr_shap_list_ir_5_subset_36,orderMean,"['Wilderness_Area4', 'Wilderness_Area3', 'Hillshade_3pm', 'Hillshade_Noon', 'Horizontal_Distance_To_Roadways', 'Elevation', 'Horizontal_Distance_To_Hydrology', 'Horizontal_Distance_To_Fire_Points', 'Slope', 'Soil_Type10', 'Soil_Type4', 'Soil_Type1', 'Soil_Type2', 'Vertical_Distance_To_Hydrology', 'Soil_Type3', 'Hillshade_9am', 'Soil_Type6', 'Soil_Type17', 'Soil_Type14', 'Soil_Type5', 'Aspect', 'Soil_Type11', 'Soil_Type16', 'Soil_Type32', 'Soil_Type13']"
1378,lr_shap_list_ir_5,lr_shap_list_ir_5_subset_36,orderStd,"['Hillshade_3pm', 'Wilderness_Area4', 'Wilderness_Area3', 'Hillshade_Noon', 'Horizontal_Distance_To_Roadways', 'Elevation', 'Horizontal_Distance_To_Hydrology', 'Horizontal_Distance_To_Fire_Points', 'Slope', 'Soil_Type1', 'Soil_Type2', 'Soil_Type17', 'Soil_Type14', 'Soil_Type4', 'Soil_Type10', 'Soil_Type6', 'Soil_Type3', 'Soil_Type5', 'Vertical_Distance_To_Hydrology', 'Soil_Type11', 'Soil_Type16', 'Hillshade_9am', 'Aspect', 'Soil_Type32', 'Soil_Type13']"
1379,lr_shap_list_ir_5,lr_shap_list_ir_5_subset_36,orderSum,"['Wilderness_Area4', 'Wilderness_Area3', 'Hillshade_3pm', 'Hillshade_Noon', 'Horizontal_Distance_To_Roadways', 'Elevation', 'Horizontal_Distance_To_Hydrology', 'Horizontal_Distance_To_Fire_Points', 'Slope', 'Soil_Type10', 'Soil_Type4', 'Soil_Type1', 'Soil_Type2', 'Vertical_Distance_To_Hydrology', 'Soil_Type3', 'Hillshade_9am', 'Soil_Type6', 'Soil_Type17', 'Soil_Type14', 'Soil_Type5', 'Aspect', 'Soil_Type11', 'Soil_Type16', 'Soil_Type32', 'Soil_Type13']"
1380,lr_shap_list_ir_2,lr_shap_list_ir_2_subset_52,orderMean,"['Wilderness_Area4', 'Hillshade_3pm', 'Hillshade_Noon', 'Wilderness_Area3', 'Hillshade_9am', 'Slope', 'Horizontal_Distance_To_Roadways', 'Elevation', 'Horizontal_Distance_To_Hydrology', 'Horizontal_Distance_To_Fire_Points', 'Soil_Type2', 'Aspect', 'Soil_Type3', 'Soil_Type10', 'Vertical_Distance_To_Hydrology', 'Soil_Type17', 'Soil_Type1', 'Soil_Type6', 'Soil_Type11', 'Soil_Type4', 'Soil_Type5', 'Soil_Type14', 'Soil_Type16', 'Soil_Type32', 'Soil_Type13']"
1381,lr_shap_list_ir_2,lr_shap_list_ir_2_subset_52,orderStd,"['Hillshade_3pm', 'Hillshade_Noon', 'Hillshade_9am', 'Wilderness_Area4', 'Wilderness_Area3', 'Horizontal_Distance_To_Roadways', 'Slope', 'Elevation', 'Horizontal_Distance_To_Fire_Points', 'Horizontal_Distance_To_Hydrology', 'Soil_Type2', 'Soil_Type17', 'Soil_Type3', 'Soil_Type14', 'Soil_Type1', 'Soil_Type11', 'Soil_Type5', 'Aspect', 'Vertical_Distance_To_Hydrology', 'Soil_Type6', 'Soil_Type16', 'Soil_Type10', 'Soil_Type4', 'Soil_Type32', 'Soil_Type13']"
1382,lr_shap_list_ir_2,lr_shap_list_ir_2_subset_52,orderSum,"['Wilderness_Area4', 'Hillshade_3pm', 'Hillshade_Noon', 'Wilderness_Area3', 'Hillshade_9am', 'Slope', 'Horizontal_Distance_To_Roadways', 'Elevation', 'Horizontal_Distance_To_Hydrology', 'Horizontal_Distance_To_Fire_Points', 'Soil_Type2', 'Aspect', 'Soil_Type3', 'Soil_Type10', 'Vertical_Distance_To_Hydrology', 'Soil_Type17', 'Soil_Type1', 'Soil_Type6', 'Soil_Type11', 'Soil_Type4', 'Soil_Type5', 'Soil_Type14', 'Soil_Type16', 'Soil_Type32', 'Soil_Type13']"
1383,lr_shap_list_ir_5,lr_shap_list_ir_5_subset_15,orderMean,"['Wilderness_Area4', 'Wilderness_Area3', 'Hillshade_3pm', 'Hillshade_Noon', 'Horizontal_Distance_To_Roadways', 'Elevation', 'Horizontal_Distance_To_Hydrology', 'Horizontal_Distance_To_Fire_Points', 'Slope', 'Soil_Type10', 'Soil_Type3', 'Soil_Type2', 'Soil_Type4', 'Vertical_Distance_To_Hydrology', 'Soil_Type1', 'Soil_Type6', 'Soil_Type17', 'Soil_Type5', 'Soil_Type14', 'Aspect', 'Soil_Type11', 'Hillshade_9am', 'Soil_Type16', 'Soil_Type32', 'Soil_Type13']"
1384,lr_shap_list_ir_5,lr_shap_list_ir_5_subset_15,orderStd,"['Hillshade_3pm', 'Hillshade_Noon', 'Horizontal_Distance_To_Roadways', 'Wilderness_Area4', 'Wilderness_Area3', 'Elevation', 'Horizontal_Distance_To_Hydrology', 'Horizontal_Distance_To_Fire_Points', 'Soil_Type1', 'Slope', 'Soil_Type2', 'Soil_Type14', 'Soil_Type17', 'Soil_Type5', 'Soil_Type3', 'Soil_Type10', 'Soil_Type4', 'Soil_Type6', 'Vertical_Distance_To_Hydrology', 'Soil_Type16', 'Soil_Type11', 'Aspect', 'Hillshade_9am', 'Soil_Type32', 'Soil_Type13']"
1385,lr_shap_list_ir_5,lr_shap_list_ir_5_subset_15,orderSum,"['Wilderness_Area4', 'Wilderness_Area3', 'Hillshade_3pm', 'Hillshade_Noon', 'Horizontal_Distance_To_Roadways', 'Elevation', 'Horizontal_Distance_To_Hydrology', 'Horizontal_Distance_To_Fire_Points', 'Slope', 'Soil_Type10', 'Soil_Type3', 'Soil_Type2', 'Soil_Type4', 'Vertical_Distance_To_Hydrology', 'Soil_Type1', 'Soil_Type6', 'Soil_Type17', 'Soil_Type5', 'Soil_Type14', 'Aspect', 'Soil_Type11', 'Hillshade_9am', 'Soil_Type16', 'Soil_Type32', 'Soil_Type13']"
1386,lr_shap_list_ir_2,lr_shap_list_ir_2_subset_85,orderMean,"['Wilderness_Area4', 'Wilderness_Area3', 'Hillshade_3pm', 'Hillshade_Noon', 'Horizontal_Distance_To_Roadways', 'Elevation', 'Horizontal_Distance_To_Hydrology', 'Slope', 'Horizontal_Distance_To_Fire_Points', 'Hillshade_9am', 'Soil_Type10', 'Soil_Type4', 'Soil_Type6', 'Soil_Type1', 'Vertical_Distance_To_Hydrology', 'Soil_Type2', 'Soil_Type3', 'Soil_Type17', 'Soil_Type5', 'Aspect', 'Soil_Type14', 'Soil_Type16', 'Soil_Type11', 'Soil_Type32', 'Soil_Type13']"
1387,lr_shap_list_ir_2,lr_shap_list_ir_2_subset_85,orderStd,"['Hillshade_3pm', 'Hillshade_Noon', 'Horizontal_Distance_To_Roadways', 'Elevation', 'Wilderness_Area4', 'Wilderness_Area3', 'Horizontal_Distance_To_Hydrology', 'Soil_Type1', 'Horizontal_Distance_To_Fire_Points', 'Slope', 'Hillshade_9am', 'Soil_Type17', 'Soil_Type2', 'Soil_Type10', 'Soil_Type14', 'Soil_Type4', 'Soil_Type6', 'Vertical_Distance_To_Hydrology', 'Soil_Type5', 'Soil_Type16', 'Soil_Type3', 'Soil_Type11', 'Aspect', 'Soil_Type32', 'Soil_Type13']"
1388,lr_shap_list_ir_2,lr_shap_list_ir_2_subset_85,orderSum,"['Wilderness_Area4', 'Wilderness_Area3', 'Hillshade_3pm', 'Hillshade_Noon', 'Horizontal_Distance_To_Roadways', 'Elevation', 'Horizontal_Distance_To_Hydrology', 'Slope', 'Horizontal_Distance_To_Fire_Points', 'Hillshade_9am', 'Soil_Type10', 'Soil_Type4', 'Soil_Type6', 'Soil_Type1', 'Vertical_Distance_To_Hydrology', 'Soil_Type2', 'Soil_Type3', 'Soil_Type17', 'Soil_Type5', 'Aspect', 'Soil_Type14', 'Soil_Type16', 'Soil_Type11', 'Soil_Type32', 'Soil_Type13']"
1389,lr_shap_list_ir_4,lr_shap_list_ir_4_subset_40,orderMean,"['Wilderness_Area4', 'Hillshade_3pm', 'Wilderness_Area3', 'Hillshade_Noon', 'Hillshade_9am', 'Horizontal_Distance_To_Roadways', 'Elevation', 'Horizontal_Distance_To_Hydrology', 'Slope', 'Horizontal_Distance_To_Fire_Points', 'Soil_Type10', 'Soil_Type2', 'Soil_Type6', 'Soil_Type3', 'Vertical_Distance_To_Hydrology', 'Soil_Type4', 'Aspect', 'Soil_Type5', 'Soil_Type1', 'Soil_Type17', 'Soil_Type14', 'Soil_Type11', 'Soil_Type16', 'Soil_Type32', 'Soil_Type13']"
1390,lr_shap_list_ir_4,lr_shap_list_ir_4_subset_40,orderStd,"['Hillshade_3pm', 'Hillshade_Noon', 'Wilderness_Area4', 'Hillshade_9am', 'Horizontal_Distance_To_Roadways', 'Wilderness_Area3', 'Elevation', 'Horizontal_Distance_To_Hydrology', 'Slope', 'Horizontal_Distance_To_Fire_Points', 'Soil_Type17', 'Soil_Type1', 'Soil_Type14', 'Soil_Type2', 'Soil_Type3', 'Soil_Type6', 'Soil_Type5', 'Soil_Type10', 'Soil_Type16', 'Soil_Type11', 'Soil_Type4', 'Vertical_Distance_To_Hydrology', 'Aspect', 'Soil_Type32', 'Soil_Type13']"
1391,lr_shap_list_ir_4,lr_shap_list_ir_4_subset_40,orderSum,"['Wilderness_Area4', 'Hillshade_3pm', 'Wilderness_Area3', 'Hillshade_Noon', 'Hillshade_9am', 'Horizontal_Distance_To_Roadways', 'Elevation', 'Horizontal_Distance_To_Hydrology', 'Slope', 'Horizontal_Distance_To_Fire_Points', 'Soil_Type10', 'Soil_Type2', 'Soil_Type6', 'Soil_Type3', 'Vertical_Distance_To_Hydrology', 'Soil_Type4', 'Aspect', 'Soil_Type5', 'Soil_Type1', 'Soil_Type17', 'Soil_Type14', 'Soil_Type11', 'Soil_Type16', 'Soil_Type32', 'Soil_Type13']"
1392,lr_shap_list_ir_2,lr_shap_list_ir_2_subset_44,orderMean,"['Wilderness_Area4', 'Wilderness_Area3', 'Hillshade_3pm', 'Hillshade_Noon', 'Horizontal_Distance_To_Roadways', 'Hillshade_9am', 'Elevation', 'Slope', 'Horizontal_Distance_To_Hydrology', 'Horizontal_Distance_To_Fire_Points', 'Soil_Type10', 'Soil_Type4', 'Soil_Type2', 'Soil_Type3', 'Soil_Type1', 'Aspect', 'Soil_Type6', 'Soil_Type5', 'Soil_Type11', 'Vertical_Distance_To_Hydrology', 'Soil_Type17', 'Soil_Type14', 'Soil_Type16', 'Soil_Type32', 'Soil_Type13']"
1393,lr_shap_list_ir_2,lr_shap_list_ir_2_subset_44,orderStd,"['Hillshade_3pm', 'Wilderness_Area4', 'Hillshade_Noon', 'Wilderness_Area3', 'Horizontal_Distance_To_Roadways', 'Elevation', 'Hillshade_9am', 'Slope', 'Horizontal_Distance_To_Hydrology', 'Horizontal_Distance_To_Fire_Points', 'Soil_Type1', 'Soil_Type3', 'Soil_Type2', 'Soil_Type17', 'Soil_Type14', 'Soil_Type4', 'Soil_Type11', 'Soil_Type6', 'Soil_Type5', 'Soil_Type16', 'Aspect', 'Soil_Type10', 'Vertical_Distance_To_Hydrology', 'Soil_Type32', 'Soil_Type13']"
1394,lr_shap_list_ir_2,lr_shap_list_ir_2_subset_44,orderSum,"['Wilderness_Area4', 'Wilderness_Area3', 'Hillshade_3pm', 'Hillshade_Noon', 'Horizontal_Distance_To_Roadways', 'Hillshade_9am', 'Elevation', 'Slope', 'Horizontal_Distance_To_Hydrology', 'Horizontal_Distance_To_Fire_Points', 'Soil_Type10', 'Soil_Type4', 'Soil_Type2', 'Soil_Type3', 'Soil_Type1', 'Aspect', 'Soil_Type6', 'Soil_Type5', 'Soil_Type11', 'Vertical_Distance_To_Hydrology', 'Soil_Type17', 'Soil_Type14', 'Soil_Type16', 'Soil_Type32', 'Soil_Type13']"
1395,lr_shap_list_ir_5,lr_shap_list_ir_5_subset_14,orderMean,"['Wilderness_Area4', 'Wilderness_Area3', 'Hillshade_3pm', 'Hillshade_Noon', 'Horizontal_Distance_To_Roadways', 'Elevation', 'Horizontal_Distance_To_Hydrology', 'Horizontal_Distance_To_Fire_Points', 'Slope', 'Soil_Type10', 'Soil_Type2', 'Soil_Type3', 'Soil_Type4', 'Soil_Type6', 'Soil_Type1', 'Hillshade_9am', 'Vertical_Distance_To_Hydrology', 'Soil_Type17', 'Aspect', 'Soil_Type14', 'Soil_Type11', 'Soil_Type5', 'Soil_Type16', 'Soil_Type32', 'Soil_Type13']"
1396,lr_shap_list_ir_5,lr_shap_list_ir_5_subset_14,orderStd,"['Hillshade_Noon', 'Wilderness_Area4', 'Hillshade_3pm', 'Horizontal_Distance_To_Roadways', 'Wilderness_Area3', 'Elevation', 'Horizontal_Distance_To_Hydrology', 'Horizontal_Distance_To_Fire_Points', 'Soil_Type1', 'Slope', 'Soil_Type2', 'Soil_Type17', 'Soil_Type3', 'Soil_Type14', 'Soil_Type6', 'Soil_Type10', 'Soil_Type5', 'Soil_Type4', 'Soil_Type16', 'Vertical_Distance_To_Hydrology', 'Soil_Type11', 'Hillshade_9am', 'Aspect', 'Soil_Type32', 'Soil_Type13']"
1397,lr_shap_list_ir_5,lr_shap_list_ir_5_subset_14,orderSum,"['Wilderness_Area4', 'Wilderness_Area3', 'Hillshade_3pm', 'Hillshade_Noon', 'Horizontal_Distance_To_Roadways', 'Elevation', 'Horizontal_Distance_To_Hydrology', 'Horizontal_Distance_To_Fire_Points', 'Slope', 'Soil_Type10', 'Soil_Type2', 'Soil_Type3', 'Soil_Type4', 'Soil_Type6', 'Soil_Type1', 'Hillshade_9am', 'Vertical_Distance_To_Hydrology', 'Soil_Type17', 'Aspect', 'Soil_Type14', 'Soil_Type11', 'Soil_Type5', 'Soil_Type16', 'Soil_Type32', 'Soil_Type13']"
1398,lr_shap_list_ir_5,lr_shap_list_ir_5_subset_102,orderMean,"['Wilderness_Area4', 'Wilderness_Area3', 'Hillshade_3pm', 'Hillshade_Noon', 'Elevation', 'Horizontal_Distance_To_Roadways', 'Horizontal_Distance_To_Hydrology', 'Horizontal_Distance_To_Fire_Points', 'Soil_Type10', 'Slope', 'Soil_Type3', 'Soil_Type2', 'Soil_Type4', 'Hillshade_9am', 'Soil_Type6', 'Aspect', 'Soil_Type1', 'Soil_Type17', 'Vertical_Distance_To_Hydrology', 'Soil_Type5', 'Soil_Type14', 'Soil_Type11', 'Soil_Type16', 'Soil_Type32', 'Soil_Type13']"
1399,lr_shap_list_ir_5,lr_shap_list_ir_5_subset_102,orderStd,"['Wilderness_Area4', 'Wilderness_Area3', 'Hillshade_3pm', 'Hillshade_Noon', 'Horizontal_Distance_To_Roadways', 'Elevation', 'Horizontal_Distance_To_Hydrology', 'Horizontal_Distance_To_Fire_Points', 'Soil_Type1', 'Soil_Type17', 'Soil_Type2', 'Slope', 'Soil_Type14', 'Soil_Type5', 'Soil_Type6', 'Soil_Type10', 'Soil_Type3', 'Soil_Type4', 'Soil_Type16', 'Hillshade_9am', 'Soil_Type11', 'Aspect', 'Vertical_Distance_To_Hydrology', 'Soil_Type32', 'Soil_Type13']"
1400,lr_shap_list_ir_5,lr_shap_list_ir_5_subset_102,orderSum,"['Wilderness_Area4', 'Wilderness_Area3', 'Hillshade_3pm', 'Hillshade_Noon', 'Elevation', 'Horizontal_Distance_To_Roadways', 'Horizontal_Distance_To_Hydrology', 'Horizontal_Distance_To_Fire_Points', 'Soil_Type10', 'Slope', 'Soil_Type3', 'Soil_Type2', 'Soil_Type4', 'Hillshade_9am', 'Soil_Type6', 'Aspect', 'Soil_Type1', 'Soil_Type17', 'Vertical_Distance_To_Hydrology', 'Soil_Type5', 'Soil_Type14', 'Soil_Type11', 'Soil_Type16', 'Soil_Type32', 'Soil_Type13']"
1401,lr_shap_list_ir_2,lr_shap_list_ir_2_subset_76,orderMean,"['Wilderness_Area4', 'Hillshade_3pm', 'Hillshade_Noon', 'Hillshade_9am', 'Wilderness_Area3', 'Horizontal_Distance_To_Roadways', 'Slope', 'Elevation', 'Horizontal_Distance_To_Hydrology', 'Horizontal_Distance_To_Fire_Points', 'Aspect', 'Vertical_Distance_To_Hydrology', 'Soil_Type2', 'Soil_Type4', 'Soil_Type3', 'Soil_Type6', 'Soil_Type1', 'Soil_Type11', 'Soil_Type10', 'Soil_Type17', 'Soil_Type16', 'Soil_Type5', 'Soil_Type14', 'Soil_Type32', 'Soil_Type13']"
1402,lr_shap_list_ir_2,lr_shap_list_ir_2_subset_76,orderStd,"['Hillshade_3pm', 'Hillshade_Noon', 'Hillshade_9am', 'Horizontal_Distance_To_Roadways', 'Slope', 'Elevation', 'Horizontal_Distance_To_Hydrology', 'Horizontal_Distance_To_Fire_Points', 'Soil_Type17', 'Soil_Type3', 'Soil_Type14', 'Soil_Type2', 'Soil_Type1', 'Soil_Type11', 'Wilderness_Area4', 'Soil_Type6', 'Vertical_Distance_To_Hydrology', 'Aspect', 'Soil_Type16', 'Soil_Type4', 'Soil_Type5', 'Wilderness_Area3', 'Soil_Type10', 'Soil_Type32', 'Soil_Type13']"
1403,lr_shap_list_ir_2,lr_shap_list_ir_2_subset_76,orderSum,"['Wilderness_Area4', 'Hillshade_3pm', 'Hillshade_Noon', 'Hillshade_9am', 'Wilderness_Area3', 'Horizontal_Distance_To_Roadways', 'Slope', 'Elevation', 'Horizontal_Distance_To_Hydrology', 'Horizontal_Distance_To_Fire_Points', 'Aspect', 'Vertical_Distance_To_Hydrology', 'Soil_Type2', 'Soil_Type4', 'Soil_Type3', 'Soil_Type6', 'Soil_Type1', 'Soil_Type11', 'Soil_Type10', 'Soil_Type17', 'Soil_Type16', 'Soil_Type5', 'Soil_Type14', 'Soil_Type32', 'Soil_Type13']"
1404,lr_shap_list_ir_1,lr_shap_list_ir_1_subset_35,orderMean,"['Wilderness_Area3', 'Wilderness_Area4', 'Hillshade_3pm', 'Hillshade_Noon', 'Elevation', 'Horizontal_Distance_To_Roadways', 'Horizontal_Distance_To_Hydrology', 'Slope', 'Hillshade_9am', 'Soil_Type2', 'Horizontal_Distance_To_Fire_Points', 'Soil_Type10', 'Vertical_Distance_To_Hydrology', 'Aspect', 'Soil_Type1', 'Soil_Type6', 'Soil_Type4', 'Soil_Type5', 'Soil_Type3', 'Soil_Type11', 'Soil_Type16', 'Soil_Type17', 'Soil_Type14', 'Soil_Type32', 'Soil_Type13']"
1405,lr_shap_list_ir_1,lr_shap_list_ir_1_subset_35,orderStd,"['Hillshade_Noon', 'Hillshade_3pm', 'Elevation', 'Horizontal_Distance_To_Roadways', 'Wilderness_Area3', 'Wilderness_Area4', 'Soil_Type2', 'Soil_Type1', 'Horizontal_Distance_To_Hydrology', 'Slope', 'Soil_Type5', 'Soil_Type6', 'Hillshade_9am', 'Horizontal_Distance_To_Fire_Points', 'Vertical_Distance_To_Hydrology', 'Soil_Type3', 'Soil_Type16', 'Soil_Type14', 'Soil_Type11', 'Aspect', 'Soil_Type17', 'Soil_Type10', 'Soil_Type4', 'Soil_Type32', 'Soil_Type13']"
1406,lr_shap_list_ir_1,lr_shap_list_ir_1_subset_35,orderSum,"['Wilderness_Area3', 'Wilderness_Area4', 'Hillshade_3pm', 'Hillshade_Noon', 'Elevation', 'Horizontal_Distance_To_Roadways', 'Horizontal_Distance_To_Hydrology', 'Slope', 'Hillshade_9am', 'Soil_Type2', 'Horizontal_Distance_To_Fire_Points', 'Soil_Type10', 'Vertical_Distance_To_Hydrology', 'Aspect', 'Soil_Type1', 'Soil_Type6', 'Soil_Type4', 'Soil_Type5', 'Soil_Type3', 'Soil_Type11', 'Soil_Type16', 'Soil_Type17', 'Soil_Type14', 'Soil_Type32', 'Soil_Type13']"
1407,lr_shap_list_ir_2,lr_shap_list_ir_2_subset_24,orderMean,"['Wilderness_Area3', 'Wilderness_Area4', 'Hillshade_3pm', 'Hillshade_Noon', 'Horizontal_Distance_To_Roadways', 'Elevation', 'Slope', 'Horizontal_Distance_To_Fire_Points', 'Horizontal_Distance_To_Hydrology', 'Soil_Type10', 'Soil_Type2', 'Soil_Type6', 'Soil_Type1', 'Soil_Type3', 'Soil_Type4', 'Soil_Type5', 'Hillshade_9am', 'Vertical_Distance_To_Hydrology', 'Soil_Type17', 'Aspect', 'Soil_Type16', 'Soil_Type14', 'Soil_Type11', 'Soil_Type32', 'Soil_Type13']"
1408,lr_shap_list_ir_2,lr_shap_list_ir_2_subset_24,orderStd,"['Hillshade_3pm', 'Hillshade_Noon', 'Horizontal_Distance_To_Roadways', 'Wilderness_Area3', 'Wilderness_Area4', 'Elevation', 'Horizontal_Distance_To_Fire_Points', 'Slope', 'Soil_Type1', 'Horizontal_Distance_To_Hydrology', 'Soil_Type3', 'Soil_Type2', 'Soil_Type10', 'Soil_Type14', 'Soil_Type6', 'Soil_Type5', 'Soil_Type17', 'Soil_Type4', 'Soil_Type16', 'Vertical_Distance_To_Hydrology', 'Hillshade_9am', 'Aspect', 'Soil_Type11', 'Soil_Type32', 'Soil_Type13']"
1409,lr_shap_list_ir_2,lr_shap_list_ir_2_subset_24,orderSum,"['Wilderness_Area3', 'Wilderness_Area4', 'Hillshade_3pm', 'Hillshade_Noon', 'Horizontal_Distance_To_Roadways', 'Elevation', 'Slope', 'Horizontal_Distance_To_Fire_Points', 'Horizontal_Distance_To_Hydrology', 'Soil_Type10', 'Soil_Type2', 'Soil_Type6', 'Soil_Type1', 'Soil_Type3', 'Soil_Type4', 'Soil_Type5', 'Hillshade_9am', 'Vertical_Distance_To_Hydrology', 'Soil_Type17', 'Aspect', 'Soil_Type16', 'Soil_Type14', 'Soil_Type11', 'Soil_Type32', 'Soil_Type13']"
1410,lr_shap_list_ir_1,lr_shap_list_ir_1_subset_43,orderMean,"['Wilderness_Area3', 'Wilderness_Area4', 'Elevation', 'Hillshade_Noon', 'Hillshade_3pm', 'Horizontal_Distance_To_Roadways', 'Horizontal_Distance_To_Hydrology', 'Horizontal_Distance_To_Fire_Points', 'Slope', 'Soil_Type4', 'Vertical_Distance_To_Hydrology', 'Soil_Type10', 'Hillshade_9am', 'Soil_Type1', 'Soil_Type6', 'Soil_Type2', 'Soil_Type3', 'Soil_Type5', 'Soil_Type17', 'Soil_Type11', 'Soil_Type14', 'Soil_Type16', 'Aspect', 'Soil_Type32', 'Soil_Type13']"
1411,lr_shap_list_ir_1,lr_shap_list_ir_1_subset_43,orderStd,"['Wilderness_Area3', 'Wilderness_Area4', 'Horizontal_Distance_To_Roadways', 'Elevation', 'Hillshade_Noon', 'Hillshade_3pm', 'Horizontal_Distance_To_Fire_Points', 'Horizontal_Distance_To_Hydrology', 'Soil_Type1', 'Slope', 'Soil_Type4', 'Soil_Type5', 'Vertical_Distance_To_Hydrology', 'Soil_Type17', 'Soil_Type16', 'Soil_Type6', 'Hillshade_9am', 'Soil_Type2', 'Soil_Type3', 'Soil_Type10', 'Soil_Type14', 'Soil_Type11', 'Soil_Type32', 'Aspect', 'Soil_Type13']"
1412,lr_shap_list_ir_1,lr_shap_list_ir_1_subset_43,orderSum,"['Wilderness_Area3', 'Wilderness_Area4', 'Elevation', 'Hillshade_Noon', 'Hillshade_3pm', 'Horizontal_Distance_To_Roadways', 'Horizontal_Distance_To_Hydrology', 'Horizontal_Distance_To_Fire_Points', 'Slope', 'Soil_Type4', 'Vertical_Distance_To_Hydrology', 'Soil_Type10', 'Hillshade_9am', 'Soil_Type1', 'Soil_Type6', 'Soil_Type2', 'Soil_Type3', 'Soil_Type5', 'Soil_Type17', 'Soil_Type11', 'Soil_Type14', 'Soil_Type16', 'Aspect', 'Soil_Type32', 'Soil_Type13']"
1413,lr_shap_list_ir_5,lr_shap_list_ir_5_subset_49,orderMean,"['Wilderness_Area4', 'Wilderness_Area3', 'Hillshade_3pm', 'Hillshade_Noon', 'Elevation', 'Horizontal_Distance_To_Roadways', 'Horizontal_Distance_To_Hydrology', 'Horizontal_Distance_To_Fire_Points', 'Hillshade_9am', 'Slope', 'Soil_Type10', 'Soil_Type2', 'Soil_Type4', 'Soil_Type3', 'Soil_Type1', 'Soil_Type17', 'Soil_Type6', 'Vertical_Distance_To_Hydrology', 'Aspect', 'Soil_Type14', 'Soil_Type5', 'Soil_Type11', 'Soil_Type16', 'Soil_Type32', 'Soil_Type13']"
1414,lr_shap_list_ir_5,lr_shap_list_ir_5_subset_49,orderStd,"['Hillshade_3pm', 'Hillshade_Noon', 'Wilderness_Area4', 'Wilderness_Area3', 'Horizontal_Distance_To_Roadways', 'Elevation', 'Horizontal_Distance_To_Hydrology', 'Horizontal_Distance_To_Fire_Points', 'Soil_Type1', 'Hillshade_9am', 'Slope', 'Soil_Type2', 'Soil_Type14', 'Soil_Type17', 'Soil_Type3', 'Soil_Type5', 'Soil_Type6', 'Soil_Type4', 'Soil_Type10', 'Soil_Type11', 'Vertical_Distance_To_Hydrology', 'Soil_Type16', 'Aspect', 'Soil_Type32', 'Soil_Type13']"
1415,lr_shap_list_ir_5,lr_shap_list_ir_5_subset_49,orderSum,"['Wilderness_Area4', 'Wilderness_Area3', 'Hillshade_3pm', 'Hillshade_Noon', 'Elevation', 'Horizontal_Distance_To_Roadways', 'Horizontal_Distance_To_Hydrology', 'Horizontal_Distance_To_Fire_Points', 'Hillshade_9am', 'Slope', 'Soil_Type10', 'Soil_Type2', 'Soil_Type4', 'Soil_Type3', 'Soil_Type1', 'Soil_Type17', 'Soil_Type6', 'Vertical_Distance_To_Hydrology', 'Aspect', 'Soil_Type14', 'Soil_Type5', 'Soil_Type11', 'Soil_Type16', 'Soil_Type32', 'Soil_Type13']"
1416,lr_shap_list_ir_1,lr_shap_list_ir_1_subset_54,orderMean,"['Wilderness_Area4', 'Wilderness_Area3', 'Hillshade_3pm', 'Hillshade_Noon', 'Hillshade_9am', 'Horizontal_Distance_To_Roadways', 'Elevation', 'Slope', 'Horizontal_Distance_To_Fire_Points', 'Horizontal_Distance_To_Hydrology', 'Soil_Type10', 'Soil_Type2', 'Soil_Type4', 'Soil_Type3', 'Soil_Type6', 'Vertical_Distance_To_Hydrology', 'Soil_Type11', 'Soil_Type1', 'Soil_Type17', 'Aspect', 'Soil_Type5', 'Soil_Type14', 'Soil_Type16', 'Soil_Type32', 'Soil_Type13']"
1417,lr_shap_list_ir_1,lr_shap_list_ir_1_subset_54,orderStd,"['Hillshade_3pm', 'Hillshade_Noon', 'Wilderness_Area4', 'Horizontal_Distance_To_Roadways', 'Wilderness_Area3', 'Hillshade_9am', 'Elevation', 'Slope', 'Horizontal_Distance_To_Fire_Points', 'Soil_Type11', 'Soil_Type2', 'Horizontal_Distance_To_Hydrology', 'Soil_Type3', 'Soil_Type4', 'Soil_Type6', 'Soil_Type17', 'Soil_Type14', 'Soil_Type1', 'Soil_Type10', 'Vertical_Distance_To_Hydrology', 'Soil_Type5', 'Soil_Type16', 'Aspect', 'Soil_Type32', 'Soil_Type13']"
1418,lr_shap_list_ir_1,lr_shap_list_ir_1_subset_54,orderSum,"['Wilderness_Area4', 'Wilderness_Area3', 'Hillshade_3pm', 'Hillshade_Noon', 'Hillshade_9am', 'Horizontal_Distance_To_Roadways', 'Elevation', 'Slope', 'Horizontal_Distance_To_Fire_Points', 'Horizontal_Distance_To_Hydrology', 'Soil_Type10', 'Soil_Type2', 'Soil_Type4', 'Soil_Type3', 'Soil_Type6', 'Vertical_Distance_To_Hydrology', 'Soil_Type11', 'Soil_Type1', 'Soil_Type17', 'Aspect', 'Soil_Type5', 'Soil_Type14', 'Soil_Type16', 'Soil_Type32', 'Soil_Type13']"
1419,lr_shap_list_ir_3,lr_shap_list_ir_3_subset_94,orderMean,"['Wilderness_Area4', 'Hillshade_3pm', 'Wilderness_Area3', 'Hillshade_Noon', 'Hillshade_9am', 'Horizontal_Distance_To_Roadways', 'Elevation', 'Slope', 'Horizontal_Distance_To_Hydrology', 'Horizontal_Distance_To_Fire_Points', 'Soil_Type10', 'Soil_Type3', 'Soil_Type4', 'Soil_Type1', 'Soil_Type2', 'Vertical_Distance_To_Hydrology', 'Soil_Type6', 'Soil_Type17', 'Soil_Type11', 'Soil_Type5', 'Aspect', 'Soil_Type14', 'Soil_Type16', 'Soil_Type32', 'Soil_Type13']"
1420,lr_shap_list_ir_3,lr_shap_list_ir_3_subset_94,orderStd,"['Hillshade_3pm', 'Hillshade_Noon', 'Wilderness_Area4', 'Hillshade_9am', 'Wilderness_Area3', 'Horizontal_Distance_To_Roadways', 'Elevation', 'Slope', 'Horizontal_Distance_To_Hydrology', 'Horizontal_Distance_To_Fire_Points', 'Soil_Type1', 'Soil_Type17', 'Soil_Type3', 'Soil_Type14', 'Soil_Type6', 'Soil_Type11', 'Soil_Type2', 'Soil_Type5', 'Soil_Type4', 'Soil_Type10', 'Soil_Type16', 'Vertical_Distance_To_Hydrology', 'Aspect', 'Soil_Type32', 'Soil_Type13']"
1421,lr_shap_list_ir_3,lr_shap_list_ir_3_subset_94,orderSum,"['Wilderness_Area4', 'Hillshade_3pm', 'Wilderness_Area3', 'Hillshade_Noon', 'Hillshade_9am', 'Horizontal_Distance_To_Roadways', 'Elevation', 'Slope', 'Horizontal_Distance_To_Hydrology', 'Horizontal_Distance_To_Fire_Points', 'Soil_Type10', 'Soil_Type3', 'Soil_Type4', 'Soil_Type1', 'Soil_Type2', 'Vertical_Distance_To_Hydrology', 'Soil_Type6', 'Soil_Type17', 'Soil_Type11', 'Soil_Type5', 'Aspect', 'Soil_Type14', 'Soil_Type16', 'Soil_Type32', 'Soil_Type13']"
1422,lr_shap_list_ir_2,lr_shap_list_ir_2_subset_51,orderMean,"['Wilderness_Area3', 'Wilderness_Area4', 'Hillshade_3pm', 'Hillshade_Noon', 'Horizontal_Distance_To_Roadways', 'Elevation', 'Slope', 'Hillshade_9am', 'Horizontal_Distance_To_Fire_Points', 'Soil_Type10', 'Horizontal_Distance_To_Hydrology', 'Soil_Type2', 'Soil_Type4', 'Soil_Type6', 'Aspect', 'Soil_Type3', 'Soil_Type1', 'Soil_Type5', 'Soil_Type17', 'Soil_Type14', 'Soil_Type11', 'Vertical_Distance_To_Hydrology', 'Soil_Type16', 'Soil_Type32', 'Soil_Type13']"
1423,lr_shap_list_ir_2,lr_shap_list_ir_2_subset_51,orderStd,"['Hillshade_3pm', 'Hillshade_Noon', 'Wilderness_Area3', 'Wilderness_Area4', 'Horizontal_Distance_To_Roadways', 'Elevation', 'Soil_Type2', 'Horizontal_Distance_To_Fire_Points', 'Slope', 'Hillshade_9am', 'Soil_Type1', 'Horizontal_Distance_To_Hydrology', 'Soil_Type5', 'Soil_Type6', 'Soil_Type17', 'Soil_Type4', 'Soil_Type3', 'Soil_Type14', 'Soil_Type10', 'Aspect', 'Soil_Type11', 'Soil_Type16', 'Vertical_Distance_To_Hydrology', 'Soil_Type32', 'Soil_Type13']"
1424,lr_shap_list_ir_2,lr_shap_list_ir_2_subset_51,orderSum,"['Wilderness_Area3', 'Wilderness_Area4', 'Hillshade_3pm', 'Hillshade_Noon', 'Horizontal_Distance_To_Roadways', 'Elevation', 'Slope', 'Hillshade_9am', 'Horizontal_Distance_To_Fire_Points', 'Soil_Type10', 'Horizontal_Distance_To_Hydrology', 'Soil_Type2', 'Soil_Type4', 'Soil_Type6', 'Aspect', 'Soil_Type3', 'Soil_Type1', 'Soil_Type5', 'Soil_Type17', 'Soil_Type14', 'Soil_Type11', 'Vertical_Distance_To_Hydrology', 'Soil_Type16', 'Soil_Type32', 'Soil_Type13']"
1425,lr_shap_list_ir_4,lr_shap_list_ir_4_subset_31,orderMean,"['Wilderness_Area4', 'Wilderness_Area3', 'Hillshade_3pm', 'Hillshade_Noon', 'Elevation', 'Horizontal_Distance_To_Roadways', 'Horizontal_Distance_To_Hydrology', 'Horizontal_Distance_To_Fire_Points', 'Slope', 'Soil_Type10', 'Soil_Type2', 'Hillshade_9am', 'Soil_Type4', 'Soil_Type1', 'Vertical_Distance_To_Hydrology', 'Soil_Type6', 'Soil_Type3', 'Soil_Type17', 'Aspect', 'Soil_Type5', 'Soil_Type11', 'Soil_Type14', 'Soil_Type16', 'Soil_Type32', 'Soil_Type13']"
1426,lr_shap_list_ir_4,lr_shap_list_ir_4_subset_31,orderStd,"['Hillshade_3pm', 'Hillshade_Noon', 'Wilderness_Area4', 'Wilderness_Area3', 'Horizontal_Distance_To_Roadways', 'Elevation', 'Horizontal_Distance_To_Hydrology', 'Soil_Type1', 'Horizontal_Distance_To_Fire_Points', 'Slope', 'Soil_Type17', 'Soil_Type3', 'Soil_Type14', 'Soil_Type4', 'Soil_Type10', 'Soil_Type6', 'Soil_Type2', 'Hillshade_9am', 'Soil_Type5', 'Soil_Type11', 'Vertical_Distance_To_Hydrology', 'Soil_Type16', 'Aspect', 'Soil_Type32', 'Soil_Type13']"
1427,lr_shap_list_ir_4,lr_shap_list_ir_4_subset_31,orderSum,"['Wilderness_Area4', 'Wilderness_Area3', 'Hillshade_3pm', 'Hillshade_Noon', 'Elevation', 'Horizontal_Distance_To_Roadways', 'Horizontal_Distance_To_Hydrology', 'Horizontal_Distance_To_Fire_Points', 'Slope', 'Soil_Type10', 'Soil_Type2', 'Hillshade_9am', 'Soil_Type4', 'Soil_Type1', 'Vertical_Distance_To_Hydrology', 'Soil_Type6', 'Soil_Type3', 'Soil_Type17', 'Aspect', 'Soil_Type5', 'Soil_Type11', 'Soil_Type14', 'Soil_Type16', 'Soil_Type32', 'Soil_Type13']"
1428,lr_shap_list_ir_4,lr_shap_list_ir_4_subset_61,orderMean,"['Wilderness_Area4', 'Wilderness_Area3', 'Hillshade_3pm', 'Hillshade_Noon', 'Horizontal_Distance_To_Roadways', 'Elevation', 'Horizontal_Distance_To_Hydrology', 'Horizontal_Distance_To_Fire_Points', 'Soil_Type10', 'Slope', 'Hillshade_9am', 'Soil_Type2', 'Soil_Type4', 'Soil_Type6', 'Soil_Type3', 'Aspect', 'Soil_Type1', 'Vertical_Distance_To_Hydrology', 'Soil_Type17', 'Soil_Type5', 'Soil_Type11', 'Soil_Type14', 'Soil_Type16', 'Soil_Type32', 'Soil_Type13']"
1429,lr_shap_list_ir_4,lr_shap_list_ir_4_subset_61,orderStd,"['Wilderness_Area4', 'Wilderness_Area3', 'Hillshade_3pm', 'Hillshade_Noon', 'Horizontal_Distance_To_Roadways', 'Elevation', 'Horizontal_Distance_To_Fire_Points', 'Horizontal_Distance_To_Hydrology', 'Slope', 'Soil_Type1', 'Soil_Type17', 'Soil_Type14', 'Soil_Type4', 'Soil_Type2', 'Soil_Type5', 'Soil_Type6', 'Soil_Type3', 'Soil_Type10', 'Hillshade_9am', 'Soil_Type11', 'Soil_Type16', 'Aspect', 'Vertical_Distance_To_Hydrology', 'Soil_Type32', 'Soil_Type13']"
1430,lr_shap_list_ir_4,lr_shap_list_ir_4_subset_61,orderSum,"['Wilderness_Area4', 'Wilderness_Area3', 'Hillshade_3pm', 'Hillshade_Noon', 'Horizontal_Distance_To_Roadways', 'Elevation', 'Horizontal_Distance_To_Hydrology', 'Horizontal_Distance_To_Fire_Points', 'Soil_Type10', 'Slope', 'Hillshade_9am', 'Soil_Type2', 'Soil_Type4', 'Soil_Type6', 'Soil_Type3', 'Aspect', 'Soil_Type1', 'Vertical_Distance_To_Hydrology', 'Soil_Type17', 'Soil_Type5', 'Soil_Type11', 'Soil_Type14', 'Soil_Type16', 'Soil_Type32', 'Soil_Type13']"
1431,lr_shap_list_ir_3,lr_shap_list_ir_3_subset_58,orderMean,"['Wilderness_Area4', 'Wilderness_Area3', 'Hillshade_3pm', 'Hillshade_Noon', 'Horizontal_Distance_To_Roadways', 'Elevation', 'Horizontal_Distance_To_Hydrology', 'Hillshade_9am', 'Horizontal_Distance_To_Fire_Points', 'Slope', 'Soil_Type10', 'Soil_Type2', 'Soil_Type1', 'Soil_Type4', 'Vertical_Distance_To_Hydrology', 'Soil_Type6', 'Soil_Type17', 'Soil_Type3', 'Soil_Type5', 'Soil_Type14', 'Aspect', 'Soil_Type11', 'Soil_Type16', 'Soil_Type32', 'Soil_Type13']"
1432,lr_shap_list_ir_3,lr_shap_list_ir_3_subset_58,orderStd,"['Hillshade_3pm', 'Hillshade_Noon', 'Horizontal_Distance_To_Roadways', 'Wilderness_Area4', 'Wilderness_Area3', 'Elevation', 'Horizontal_Distance_To_Hydrology', 'Horizontal_Distance_To_Fire_Points', 'Hillshade_9am', 'Soil_Type1', 'Slope', 'Soil_Type2', 'Soil_Type4', 'Soil_Type17', 'Soil_Type14', 'Soil_Type6', 'Soil_Type10', 'Soil_Type5', 'Soil_Type3', 'Soil_Type16', 'Soil_Type11', 'Vertical_Distance_To_Hydrology', 'Aspect', 'Soil_Type32', 'Soil_Type13']"
1433,lr_shap_list_ir_3,lr_shap_list_ir_3_subset_58,orderSum,"['Wilderness_Area4', 'Wilderness_Area3', 'Hillshade_3pm', 'Hillshade_Noon', 'Horizontal_Distance_To_Roadways', 'Elevation', 'Horizontal_Distance_To_Hydrology', 'Hillshade_9am', 'Horizontal_Distance_To_Fire_Points', 'Slope', 'Soil_Type10', 'Soil_Type2', 'Soil_Type1', 'Soil_Type4', 'Vertical_Distance_To_Hydrology', 'Soil_Type6', 'Soil_Type17', 'Soil_Type3', 'Soil_Type5', 'Soil_Type14', 'Aspect', 'Soil_Type11', 'Soil_Type16', 'Soil_Type32', 'Soil_Type13']"
1434,lr_shap_list_ir_2,lr_shap_list_ir_2_subset_10,orderMean,"['Wilderness_Area3', 'Wilderness_Area4', 'Hillshade_3pm', 'Hillshade_Noon', 'Horizontal_Distance_To_Roadways', 'Elevation', 'Horizontal_Distance_To_Hydrology', 'Slope', 'Horizontal_Distance_To_Fire_Points', 'Hillshade_9am', 'Vertical_Distance_To_Hydrology', 'Soil_Type10', 'Soil_Type4', 'Soil_Type2', 'Soil_Type6', 'Soil_Type1', 'Soil_Type3', 'Soil_Type5', 'Aspect', 'Soil_Type17', 'Soil_Type11', 'Soil_Type16', 'Soil_Type14', 'Soil_Type32', 'Soil_Type13']"
1435,lr_shap_list_ir_2,lr_shap_list_ir_2_subset_10,orderStd,"['Hillshade_3pm', 'Hillshade_Noon', 'Horizontal_Distance_To_Roadways', 'Wilderness_Area3', 'Wilderness_Area4', 'Elevation', 'Horizontal_Distance_To_Hydrology', 'Slope', 'Soil_Type6', 'Horizontal_Distance_To_Fire_Points', 'Soil_Type1', 'Hillshade_9am', 'Vertical_Distance_To_Hydrology', 'Soil_Type2', 'Soil_Type17', 'Soil_Type5', 'Soil_Type3', 'Soil_Type10', 'Soil_Type4', 'Soil_Type14', 'Soil_Type16', 'Soil_Type11', 'Aspect', 'Soil_Type32', 'Soil_Type13']"
1436,lr_shap_list_ir_2,lr_shap_list_ir_2_subset_10,orderSum,"['Wilderness_Area3', 'Wilderness_Area4', 'Hillshade_3pm', 'Hillshade_Noon', 'Horizontal_Distance_To_Roadways', 'Elevation', 'Horizontal_Distance_To_Hydrology', 'Slope', 'Horizontal_Distance_To_Fire_Points', 'Hillshade_9am', 'Vertical_Distance_To_Hydrology', 'Soil_Type10', 'Soil_Type4', 'Soil_Type2', 'Soil_Type6', 'Soil_Type1', 'Soil_Type3', 'Soil_Type5', 'Aspect', 'Soil_Type17', 'Soil_Type11', 'Soil_Type16', 'Soil_Type14', 'Soil_Type32', 'Soil_Type13']"
1437,lr_shap_list_ir_3,lr_shap_list_ir_3_subset_55,orderMean,"['Wilderness_Area4', 'Wilderness_Area3', 'Hillshade_3pm', 'Hillshade_Noon', 'Elevation', 'Horizontal_Distance_To_Roadways', 'Horizontal_Distance_To_Hydrology', 'Hillshade_9am', 'Horizontal_Distance_To_Fire_Points', 'Slope', 'Soil_Type10', 'Soil_Type2', 'Soil_Type1', 'Soil_Type6', 'Soil_Type4', 'Aspect', 'Soil_Type3', 'Vertical_Distance_To_Hydrology', 'Soil_Type11', 'Soil_Type17', 'Soil_Type5', 'Soil_Type14', 'Soil_Type16', 'Soil_Type32', 'Soil_Type13']"
1438,lr_shap_list_ir_3,lr_shap_list_ir_3_subset_55,orderStd,"['Hillshade_3pm', 'Wilderness_Area4', 'Hillshade_Noon', 'Wilderness_Area3', 'Horizontal_Distance_To_Roadways', 'Elevation', 'Horizontal_Distance_To_Fire_Points', 'Horizontal_Distance_To_Hydrology', 'Soil_Type1', 'Slope', 'Hillshade_9am', 'Soil_Type2', 'Soil_Type17', 'Soil_Type3', 'Soil_Type14', 'Soil_Type6', 'Soil_Type4', 'Soil_Type5', 'Soil_Type11', 'Soil_Type10', 'Soil_Type16', 'Aspect', 'Vertical_Distance_To_Hydrology', 'Soil_Type32', 'Soil_Type13']"
1439,lr_shap_list_ir_3,lr_shap_list_ir_3_subset_55,orderSum,"['Wilderness_Area4', 'Wilderness_Area3', 'Hillshade_3pm', 'Hillshade_Noon', 'Elevation', 'Horizontal_Distance_To_Roadways', 'Horizontal_Distance_To_Hydrology', 'Hillshade_9am', 'Horizontal_Distance_To_Fire_Points', 'Slope', 'Soil_Type10', 'Soil_Type2', 'Soil_Type1', 'Soil_Type6', 'Soil_Type4', 'Aspect', 'Soil_Type3', 'Vertical_Distance_To_Hydrology', 'Soil_Type11', 'Soil_Type17', 'Soil_Type5', 'Soil_Type14', 'Soil_Type16', 'Soil_Type32', 'Soil_Type13']"
1440,lr_shap_list_ir_4,lr_shap_list_ir_4_subset_72,orderMean,"['Wilderness_Area4', 'Hillshade_3pm', 'Wilderness_Area3', 'Hillshade_Noon', 'Horizontal_Distance_To_Roadways', 'Hillshade_9am', 'Elevation', 'Slope', 'Horizontal_Distance_To_Hydrology', 'Horizontal_Distance_To_Fire_Points', 'Soil_Type10', 'Soil_Type3', 'Soil_Type4', 'Soil_Type2', 'Aspect', 'Vertical_Distance_To_Hydrology', 'Soil_Type6', 'Soil_Type1', 'Soil_Type17', 'Soil_Type11', 'Soil_Type5', 'Soil_Type14', 'Soil_Type16', 'Soil_Type32', 'Soil_Type13']"
1441,lr_shap_list_ir_4,lr_shap_list_ir_4_subset_72,orderStd,"['Hillshade_3pm', 'Hillshade_Noon', 'Wilderness_Area4', 'Horizontal_Distance_To_Roadways', 'Elevation', 'Hillshade_9am', 'Wilderness_Area3', 'Horizontal_Distance_To_Fire_Points', 'Horizontal_Distance_To_Hydrology', 'Slope', 'Soil_Type1', 'Soil_Type14', 'Soil_Type17', 'Soil_Type3', 'Soil_Type2', 'Soil_Type4', 'Soil_Type5', 'Soil_Type6', 'Soil_Type11', 'Soil_Type10', 'Vertical_Distance_To_Hydrology', 'Soil_Type16', 'Aspect', 'Soil_Type32', 'Soil_Type13']"
1442,lr_shap_list_ir_4,lr_shap_list_ir_4_subset_72,orderSum,"['Wilderness_Area4', 'Hillshade_3pm', 'Wilderness_Area3', 'Hillshade_Noon', 'Horizontal_Distance_To_Roadways', 'Hillshade_9am', 'Elevation', 'Slope', 'Horizontal_Distance_To_Hydrology', 'Horizontal_Distance_To_Fire_Points', 'Soil_Type10', 'Soil_Type3', 'Soil_Type4', 'Soil_Type2', 'Aspect', 'Vertical_Distance_To_Hydrology', 'Soil_Type6', 'Soil_Type1', 'Soil_Type17', 'Soil_Type11', 'Soil_Type5', 'Soil_Type14', 'Soil_Type16', 'Soil_Type32', 'Soil_Type13']"
1443,lr_shap_list_ir_1,lr_shap_list_ir_1_subset_65,orderMean,"['Wilderness_Area3', 'Wilderness_Area4', 'Hillshade_3pm', 'Hillshade_Noon', 'Horizontal_Distance_To_Roadways', 'Horizontal_Distance_To_Hydrology', 'Slope', 'Horizontal_Distance_To_Fire_Points', 'Elevation', 'Soil_Type4', 'Soil_Type6', 'Soil_Type10', 'Vertical_Distance_To_Hydrology', 'Hillshade_9am', 'Soil_Type2', 'Soil_Type1', 'Aspect', 'Soil_Type16', 'Soil_Type17', 'Soil_Type5', 'Soil_Type14', 'Soil_Type11', 'Soil_Type3', 'Soil_Type32', 'Soil_Type13']"
1444,lr_shap_list_ir_1,lr_shap_list_ir_1_subset_65,orderStd,"['Hillshade_3pm', 'Hillshade_Noon', 'Horizontal_Distance_To_Roadways', 'Wilderness_Area3', 'Horizontal_Distance_To_Hydrology', 'Horizontal_Distance_To_Fire_Points', 'Wilderness_Area4', 'Slope', 'Soil_Type4', 'Soil_Type6', 'Elevation', 'Vertical_Distance_To_Hydrology', 'Soil_Type1', 'Soil_Type2', 'Soil_Type10', 'Hillshade_9am', 'Soil_Type14', 'Soil_Type5', 'Soil_Type16', 'Soil_Type17', 'Aspect', 'Soil_Type11', 'Soil_Type32', 'Soil_Type3', 'Soil_Type13']"
1445,lr_shap_list_ir_1,lr_shap_list_ir_1_subset_65,orderSum,"['Wilderness_Area3', 'Wilderness_Area4', 'Hillshade_3pm', 'Hillshade_Noon', 'Horizontal_Distance_To_Roadways', 'Horizontal_Distance_To_Hydrology', 'Slope', 'Horizontal_Distance_To_Fire_Points', 'Elevation', 'Soil_Type4', 'Soil_Type6', 'Soil_Type10', 'Vertical_Distance_To_Hydrology', 'Hillshade_9am', 'Soil_Type2', 'Soil_Type1', 'Aspect', 'Soil_Type16', 'Soil_Type17', 'Soil_Type5', 'Soil_Type14', 'Soil_Type11', 'Soil_Type3', 'Soil_Type32', 'Soil_Type13']"
1446,lr_shap_list_ir_3,lr_shap_list_ir_3_subset_1,orderMean,"['Wilderness_Area4', 'Wilderness_Area3', 'Hillshade_3pm', 'Hillshade_Noon', 'Horizontal_Distance_To_Roadways', 'Elevation', 'Horizontal_Distance_To_Hydrology', 'Hillshade_9am', 'Slope', 'Horizontal_Distance_To_Fire_Points', 'Soil_Type10', 'Soil_Type2', 'Soil_Type4', 'Soil_Type3', 'Soil_Type1', 'Soil_Type6', 'Soil_Type17', 'Aspect', 'Soil_Type5', 'Vertical_Distance_To_Hydrology', 'Soil_Type11', 'Soil_Type14', 'Soil_Type16', 'Soil_Type32', 'Soil_Type13']"
1447,lr_shap_list_ir_3,lr_shap_list_ir_3_subset_1,orderStd,"['Hillshade_3pm', 'Hillshade_Noon', 'Horizontal_Distance_To_Roadways', 'Elevation', 'Horizontal_Distance_To_Hydrology', 'Hillshade_9am', 'Soil_Type2', 'Soil_Type1', 'Horizontal_Distance_To_Fire_Points', 'Slope', 'Wilderness_Area4', 'Wilderness_Area3', 'Soil_Type17', 'Soil_Type6', 'Soil_Type14', 'Soil_Type5', 'Soil_Type3', 'Soil_Type4', 'Soil_Type10', 'Soil_Type11', 'Soil_Type16', 'Vertical_Distance_To_Hydrology', 'Aspect', 'Soil_Type32', 'Soil_Type13']"
1448,lr_shap_list_ir_3,lr_shap_list_ir_3_subset_1,orderSum,"['Wilderness_Area4', 'Wilderness_Area3', 'Hillshade_3pm', 'Hillshade_Noon', 'Horizontal_Distance_To_Roadways', 'Elevation', 'Horizontal_Distance_To_Hydrology', 'Hillshade_9am', 'Slope', 'Horizontal_Distance_To_Fire_Points', 'Soil_Type10', 'Soil_Type2', 'Soil_Type4', 'Soil_Type3', 'Soil_Type1', 'Soil_Type6', 'Soil_Type17', 'Aspect', 'Soil_Type5', 'Vertical_Distance_To_Hydrology', 'Soil_Type11', 'Soil_Type14', 'Soil_Type16', 'Soil_Type32', 'Soil_Type13']"
1449,lr_shap_list_ir_5,lr_shap_list_ir_5_subset_73,orderMean,"['Wilderness_Area4', 'Wilderness_Area3', 'Hillshade_3pm', 'Hillshade_Noon', 'Elevation', 'Horizontal_Distance_To_Roadways', 'Horizontal_Distance_To_Hydrology', 'Horizontal_Distance_To_Fire_Points', 'Slope', 'Soil_Type10', 'Soil_Type2', 'Soil_Type1', 'Soil_Type4', 'Soil_Type3', 'Hillshade_9am', 'Soil_Type6', 'Soil_Type17', 'Vertical_Distance_To_Hydrology', 'Soil_Type11', 'Aspect', 'Soil_Type5', 'Soil_Type14', 'Soil_Type16', 'Soil_Type32', 'Soil_Type13']"
1450,lr_shap_list_ir_5,lr_shap_list_ir_5_subset_73,orderStd,"['Wilderness_Area4', 'Wilderness_Area3', 'Hillshade_3pm', 'Hillshade_Noon', 'Horizontal_Distance_To_Roadways', 'Elevation', 'Horizontal_Distance_To_Fire_Points', 'Horizontal_Distance_To_Hydrology', 'Soil_Type1', 'Slope', 'Soil_Type17', 'Soil_Type2', 'Soil_Type14', 'Soil_Type3', 'Soil_Type4', 'Soil_Type11', 'Soil_Type5', 'Soil_Type6', 'Soil_Type10', 'Soil_Type16', 'Hillshade_9am', 'Vertical_Distance_To_Hydrology', 'Aspect', 'Soil_Type32', 'Soil_Type13']"
1451,lr_shap_list_ir_5,lr_shap_list_ir_5_subset_73,orderSum,"['Wilderness_Area4', 'Wilderness_Area3', 'Hillshade_3pm', 'Hillshade_Noon', 'Elevation', 'Horizontal_Distance_To_Roadways', 'Horizontal_Distance_To_Hydrology', 'Horizontal_Distance_To_Fire_Points', 'Slope', 'Soil_Type10', 'Soil_Type2', 'Soil_Type1', 'Soil_Type4', 'Soil_Type3', 'Hillshade_9am', 'Soil_Type6', 'Soil_Type17', 'Vertical_Distance_To_Hydrology', 'Soil_Type11', 'Aspect', 'Soil_Type5', 'Soil_Type14', 'Soil_Type16', 'Soil_Type32', 'Soil_Type13']"
1452,lr_shap_list_ir_3,lr_shap_list_ir_3_subset_97,orderMean,"['Wilderness_Area4', 'Wilderness_Area3', 'Hillshade_3pm', 'Hillshade_Noon', 'Horizontal_Distance_To_Roadways', 'Elevation', 'Horizontal_Distance_To_Fire_Points', 'Horizontal_Distance_To_Hydrology', 'Slope', 'Hillshade_9am', 'Soil_Type10', 'Soil_Type2', 'Soil_Type4', 'Soil_Type1', 'Aspect', 'Soil_Type6', 'Soil_Type3', 'Soil_Type17', 'Soil_Type5', 'Soil_Type14', 'Soil_Type16', 'Soil_Type11', 'Vertical_Distance_To_Hydrology', 'Soil_Type32', 'Soil_Type13']"
1453,lr_shap_list_ir_3,lr_shap_list_ir_3_subset_97,orderStd,"['Hillshade_3pm', 'Hillshade_Noon', 'Horizontal_Distance_To_Roadways', 'Elevation', 'Wilderness_Area4', 'Wilderness_Area3', 'Horizontal_Distance_To_Fire_Points', 'Soil_Type1', 'Horizontal_Distance_To_Hydrology', 'Slope', 'Hillshade_9am', 'Soil_Type2', 'Soil_Type6', 'Soil_Type4', 'Soil_Type14', 'Soil_Type17', 'Soil_Type3', 'Soil_Type10', 'Soil_Type16', 'Soil_Type5', 'Aspect', 'Soil_Type11', 'Vertical_Distance_To_Hydrology', 'Soil_Type32', 'Soil_Type13']"
1454,lr_shap_list_ir_3,lr_shap_list_ir_3_subset_97,orderSum,"['Wilderness_Area4', 'Wilderness_Area3', 'Hillshade_3pm', 'Hillshade_Noon', 'Horizontal_Distance_To_Roadways', 'Elevation', 'Horizontal_Distance_To_Fire_Points', 'Horizontal_Distance_To_Hydrology', 'Slope', 'Hillshade_9am', 'Soil_Type10', 'Soil_Type2', 'Soil_Type4', 'Soil_Type1', 'Aspect', 'Soil_Type6', 'Soil_Type3', 'Soil_Type17', 'Soil_Type5', 'Soil_Type14', 'Soil_Type16', 'Soil_Type11', 'Vertical_Distance_To_Hydrology', 'Soil_Type32', 'Soil_Type13']"
1455,lr_shap_list_ir_5,lr_shap_list_ir_5_subset_76,orderMean,"['Wilderness_Area4', 'Wilderness_Area3', 'Hillshade_3pm', 'Hillshade_Noon', 'Horizontal_Distance_To_Roadways', 'Elevation', 'Horizontal_Distance_To_Hydrology', 'Horizontal_Distance_To_Fire_Points', 'Slope', 'Soil_Type10', 'Soil_Type2', 'Soil_Type4', 'Hillshade_9am', 'Soil_Type3', 'Soil_Type6', 'Vertical_Distance_To_Hydrology', 'Soil_Type17', 'Soil_Type1', 'Soil_Type14', 'Soil_Type11', 'Aspect', 'Soil_Type5', 'Soil_Type16', 'Soil_Type32', 'Soil_Type13']"
1456,lr_shap_list_ir_5,lr_shap_list_ir_5_subset_76,orderStd,"['Hillshade_3pm', 'Hillshade_Noon', 'Horizontal_Distance_To_Roadways', 'Elevation', 'Wilderness_Area4', 'Horizontal_Distance_To_Hydrology', 'Wilderness_Area3', 'Horizontal_Distance_To_Fire_Points', 'Soil_Type1', 'Slope', 'Soil_Type17', 'Soil_Type14', 'Soil_Type2', 'Soil_Type3', 'Soil_Type10', 'Soil_Type6', 'Soil_Type5', 'Soil_Type4', 'Hillshade_9am', 'Vertical_Distance_To_Hydrology', 'Soil_Type11', 'Soil_Type16', 'Aspect', 'Soil_Type32', 'Soil_Type13']"
1457,lr_shap_list_ir_5,lr_shap_list_ir_5_subset_76,orderSum,"['Wilderness_Area4', 'Wilderness_Area3', 'Hillshade_3pm', 'Hillshade_Noon', 'Horizontal_Distance_To_Roadways', 'Elevation', 'Horizontal_Distance_To_Hydrology', 'Horizontal_Distance_To_Fire_Points', 'Slope', 'Soil_Type10', 'Soil_Type2', 'Soil_Type4', 'Hillshade_9am', 'Soil_Type3', 'Soil_Type6', 'Vertical_Distance_To_Hydrology', 'Soil_Type17', 'Soil_Type1', 'Soil_Type14', 'Soil_Type11', 'Aspect', 'Soil_Type5', 'Soil_Type16', 'Soil_Type32', 'Soil_Type13']"
1458,lr_shap_list_ir_3,lr_shap_list_ir_3_subset_88,orderMean,"['Wilderness_Area4', 'Wilderness_Area3', 'Hillshade_3pm', 'Hillshade_Noon', 'Horizontal_Distance_To_Roadways', 'Elevation', 'Hillshade_9am', 'Slope', 'Horizontal_Distance_To_Hydrology', 'Horizontal_Distance_To_Fire_Points', 'Soil_Type10', 'Soil_Type2', 'Soil_Type3', 'Soil_Type4', 'Aspect', 'Soil_Type6', 'Soil_Type1', 'Vertical_Distance_To_Hydrology', 'Soil_Type5', 'Soil_Type14', 'Soil_Type17', 'Soil_Type11', 'Soil_Type16', 'Soil_Type32', 'Soil_Type13']"
1459,lr_shap_list_ir_3,lr_shap_list_ir_3_subset_88,orderStd,"['Hillshade_3pm', 'Hillshade_Noon', 'Horizontal_Distance_To_Roadways', 'Wilderness_Area4', 'Wilderness_Area3', 'Elevation', 'Hillshade_9am', 'Slope', 'Horizontal_Distance_To_Fire_Points', 'Horizontal_Distance_To_Hydrology', 'Soil_Type2', 'Soil_Type1', 'Soil_Type3', 'Soil_Type17', 'Soil_Type6', 'Soil_Type14', 'Soil_Type10', 'Soil_Type5', 'Soil_Type4', 'Aspect', 'Soil_Type11', 'Soil_Type16', 'Vertical_Distance_To_Hydrology', 'Soil_Type32', 'Soil_Type13']"
1460,lr_shap_list_ir_3,lr_shap_list_ir_3_subset_88,orderSum,"['Wilderness_Area4', 'Wilderness_Area3', 'Hillshade_3pm', 'Hillshade_Noon', 'Horizontal_Distance_To_Roadways', 'Elevation', 'Hillshade_9am', 'Slope', 'Horizontal_Distance_To_Hydrology', 'Horizontal_Distance_To_Fire_Points', 'Soil_Type10', 'Soil_Type2', 'Soil_Type3', 'Soil_Type4', 'Aspect', 'Soil_Type6', 'Soil_Type1', 'Vertical_Distance_To_Hydrology', 'Soil_Type5', 'Soil_Type14', 'Soil_Type17', 'Soil_Type11', 'Soil_Type16', 'Soil_Type32', 'Soil_Type13']"
1461,lr_shap_list_ir_1,lr_shap_list_ir_1_subset_52,orderMean,"['Wilderness_Area3', 'Wilderness_Area4', 'Elevation', 'Hillshade_Noon', 'Horizontal_Distance_To_Roadways', 'Hillshade_3pm', 'Horizontal_Distance_To_Fire_Points', 'Hillshade_9am', 'Horizontal_Distance_To_Hydrology', 'Soil_Type11', 'Slope', 'Soil_Type4', 'Aspect', 'Soil_Type1', 'Vertical_Distance_To_Hydrology', 'Soil_Type3', 'Soil_Type2', 'Soil_Type17', 'Soil_Type10', 'Soil_Type16', 'Soil_Type5', 'Soil_Type6', 'Soil_Type14', 'Soil_Type32', 'Soil_Type13']"
1462,lr_shap_list_ir_1,lr_shap_list_ir_1_subset_52,orderStd,"['Soil_Type11', 'Elevation', 'Horizontal_Distance_To_Roadways', 'Hillshade_Noon', 'Wilderness_Area3', 'Wilderness_Area4', 'Hillshade_3pm', 'Horizontal_Distance_To_Fire_Points', 'Horizontal_Distance_To_Hydrology', 'Hillshade_9am', 'Soil_Type3', 'Soil_Type17', 'Soil_Type1', 'Slope', 'Soil_Type4', 'Soil_Type14', 'Soil_Type2', 'Vertical_Distance_To_Hydrology', 'Soil_Type16', 'Aspect', 'Soil_Type5', 'Soil_Type6', 'Soil_Type10', 'Soil_Type32', 'Soil_Type13']"
1463,lr_shap_list_ir_1,lr_shap_list_ir_1_subset_52,orderSum,"['Wilderness_Area3', 'Wilderness_Area4', 'Elevation', 'Hillshade_Noon', 'Horizontal_Distance_To_Roadways', 'Hillshade_3pm', 'Horizontal_Distance_To_Fire_Points', 'Hillshade_9am', 'Horizontal_Distance_To_Hydrology', 'Soil_Type11', 'Slope', 'Soil_Type4', 'Aspect', 'Soil_Type1', 'Vertical_Distance_To_Hydrology', 'Soil_Type3', 'Soil_Type2', 'Soil_Type17', 'Soil_Type10', 'Soil_Type16', 'Soil_Type5', 'Soil_Type6', 'Soil_Type14', 'Soil_Type32', 'Soil_Type13']"
1464,lr_shap_list_ir_2,lr_shap_list_ir_2_subset_27,orderMean,"['Wilderness_Area4', 'Wilderness_Area3', 'Hillshade_3pm', 'Hillshade_Noon', 'Horizontal_Distance_To_Roadways', 'Elevation', 'Horizontal_Distance_To_Hydrology', 'Slope', 'Horizontal_Distance_To_Fire_Points', 'Vertical_Distance_To_Hydrology', 'Soil_Type10', 'Soil_Type3', 'Soil_Type2', 'Soil_Type1', 'Soil_Type4', 'Soil_Type6', 'Hillshade_9am', 'Soil_Type17', 'Soil_Type5', 'Aspect', 'Soil_Type11', 'Soil_Type14', 'Soil_Type16', 'Soil_Type32', 'Soil_Type13']"
1465,lr_shap_list_ir_2,lr_shap_list_ir_2_subset_27,orderStd,"['Hillshade_3pm', 'Hillshade_Noon', 'Horizontal_Distance_To_Roadways', 'Elevation', 'Horizontal_Distance_To_Hydrology', 'Wilderness_Area4', 'Wilderness_Area3', 'Horizontal_Distance_To_Fire_Points', 'Slope', 'Soil_Type1', 'Vertical_Distance_To_Hydrology', 'Soil_Type3', 'Soil_Type6', 'Soil_Type2', 'Soil_Type17', 'Soil_Type5', 'Soil_Type14', 'Soil_Type10', 'Soil_Type16', 'Soil_Type11', 'Soil_Type4', 'Hillshade_9am', 'Aspect', 'Soil_Type32', 'Soil_Type13']"
1466,lr_shap_list_ir_2,lr_shap_list_ir_2_subset_27,orderSum,"['Wilderness_Area4', 'Wilderness_Area3', 'Hillshade_3pm', 'Hillshade_Noon', 'Horizontal_Distance_To_Roadways', 'Elevation', 'Horizontal_Distance_To_Hydrology', 'Slope', 'Horizontal_Distance_To_Fire_Points', 'Vertical_Distance_To_Hydrology', 'Soil_Type10', 'Soil_Type3', 'Soil_Type2', 'Soil_Type1', 'Soil_Type4', 'Soil_Type6', 'Hillshade_9am', 'Soil_Type17', 'Soil_Type5', 'Aspect', 'Soil_Type11', 'Soil_Type14', 'Soil_Type16', 'Soil_Type32', 'Soil_Type13']"
1467,lr_shap_list_ir_4,lr_shap_list_ir_4_subset_1,orderMean,"['Wilderness_Area4', 'Wilderness_Area3', 'Hillshade_3pm', 'Hillshade_Noon', 'Horizontal_Distance_To_Roadways', 'Elevation', 'Horizontal_Distance_To_Hydrology', 'Horizontal_Distance_To_Fire_Points', 'Slope', 'Soil_Type10', 'Soil_Type2', 'Hillshade_9am', 'Soil_Type4', 'Soil_Type3', 'Aspect', 'Soil_Type6', 'Soil_Type1', 'Soil_Type5', 'Soil_Type14', 'Soil_Type11', 'Soil_Type17', 'Vertical_Distance_To_Hydrology', 'Soil_Type16', 'Soil_Type32', 'Soil_Type13']"
1468,lr_shap_list_ir_4,lr_shap_list_ir_4_subset_1,orderStd,"['Hillshade_3pm', 'Wilderness_Area4', 'Wilderness_Area3', 'Hillshade_Noon', 'Horizontal_Distance_To_Roadways', 'Elevation', 'Horizontal_Distance_To_Fire_Points', 'Soil_Type2', 'Horizontal_Distance_To_Hydrology', 'Soil_Type1', 'Slope', 'Soil_Type3', 'Soil_Type17', 'Soil_Type14', 'Soil_Type10', 'Soil_Type5', 'Soil_Type6', 'Hillshade_9am', 'Soil_Type16', 'Soil_Type11', 'Soil_Type4', 'Aspect', 'Vertical_Distance_To_Hydrology', 'Soil_Type32', 'Soil_Type13']"
1469,lr_shap_list_ir_4,lr_shap_list_ir_4_subset_1,orderSum,"['Wilderness_Area4', 'Wilderness_Area3', 'Hillshade_3pm', 'Hillshade_Noon', 'Horizontal_Distance_To_Roadways', 'Elevation', 'Horizontal_Distance_To_Hydrology', 'Horizontal_Distance_To_Fire_Points', 'Slope', 'Soil_Type10', 'Soil_Type2', 'Hillshade_9am', 'Soil_Type4', 'Soil_Type3', 'Aspect', 'Soil_Type6', 'Soil_Type1', 'Soil_Type5', 'Soil_Type14', 'Soil_Type11', 'Soil_Type17', 'Vertical_Distance_To_Hydrology', 'Soil_Type16', 'Soil_Type32', 'Soil_Type13']"
1470,lr_shap_list_ir_3,lr_shap_list_ir_3_subset_31,orderMean,"['Wilderness_Area4', 'Wilderness_Area3', 'Hillshade_3pm', 'Hillshade_Noon', 'Elevation', 'Horizontal_Distance_To_Roadways', 'Horizontal_Distance_To_Hydrology', 'Slope', 'Horizontal_Distance_To_Fire_Points', 'Hillshade_9am', 'Soil_Type10', 'Vertical_Distance_To_Hydrology', 'Soil_Type3', 'Soil_Type6', 'Soil_Type2', 'Soil_Type1', 'Soil_Type4', 'Aspect', 'Soil_Type11', 'Soil_Type17', 'Soil_Type5', 'Soil_Type14', 'Soil_Type16', 'Soil_Type32', 'Soil_Type13']"
1471,lr_shap_list_ir_3,lr_shap_list_ir_3_subset_31,orderStd,"['Hillshade_3pm', 'Wilderness_Area4', 'Hillshade_Noon', 'Wilderness_Area3', 'Horizontal_Distance_To_Roadways', 'Elevation', 'Horizontal_Distance_To_Hydrology', 'Horizontal_Distance_To_Fire_Points', 'Slope', 'Hillshade_9am', 'Soil_Type1', 'Soil_Type2', 'Soil_Type17', 'Vertical_Distance_To_Hydrology', 'Soil_Type11', 'Soil_Type6', 'Soil_Type14', 'Soil_Type3', 'Soil_Type5', 'Soil_Type10', 'Soil_Type4', 'Soil_Type16', 'Aspect', 'Soil_Type32', 'Soil_Type13']"
1472,lr_shap_list_ir_3,lr_shap_list_ir_3_subset_31,orderSum,"['Wilderness_Area4', 'Wilderness_Area3', 'Hillshade_3pm', 'Hillshade_Noon', 'Elevation', 'Horizontal_Distance_To_Roadways', 'Horizontal_Distance_To_Hydrology', 'Slope', 'Horizontal_Distance_To_Fire_Points', 'Hillshade_9am', 'Soil_Type10', 'Vertical_Distance_To_Hydrology', 'Soil_Type3', 'Soil_Type6', 'Soil_Type2', 'Soil_Type1', 'Soil_Type4', 'Aspect', 'Soil_Type11', 'Soil_Type17', 'Soil_Type5', 'Soil_Type14', 'Soil_Type16', 'Soil_Type32', 'Soil_Type13']"
1473,lr_shap_list_ir_2,lr_shap_list_ir_2_subset_50,orderMean,"['Wilderness_Area4', 'Wilderness_Area3', 'Hillshade_3pm', 'Hillshade_Noon', 'Hillshade_9am', 'Horizontal_Distance_To_Roadways', 'Elevation', 'Slope', 'Horizontal_Distance_To_Fire_Points', 'Horizontal_Distance_To_Hydrology', 'Soil_Type10', 'Soil_Type2', 'Soil_Type1', 'Soil_Type3', 'Soil_Type6', 'Soil_Type11', 'Aspect', 'Soil_Type17', 'Soil_Type4', 'Vertical_Distance_To_Hydrology', 'Soil_Type5', 'Soil_Type14', 'Soil_Type16', 'Soil_Type32', 'Soil_Type13']"
1474,lr_shap_list_ir_2,lr_shap_list_ir_2_subset_50,orderStd,"['Hillshade_3pm', 'Hillshade_Noon', 'Hillshade_9am', 'Horizontal_Distance_To_Roadways', 'Elevation', 'Slope', 'Horizontal_Distance_To_Fire_Points', 'Horizontal_Distance_To_Hydrology', 'Soil_Type3', 'Soil_Type1', 'Wilderness_Area4', 'Soil_Type11', 'Soil_Type2', 'Soil_Type17', 'Wilderness_Area3', 'Soil_Type6', 'Soil_Type14', 'Soil_Type5', 'Soil_Type10', 'Soil_Type16', 'Aspect', 'Soil_Type4', 'Vertical_Distance_To_Hydrology', 'Soil_Type32', 'Soil_Type13']"
1475,lr_shap_list_ir_2,lr_shap_list_ir_2_subset_50,orderSum,"['Wilderness_Area4', 'Wilderness_Area3', 'Hillshade_3pm', 'Hillshade_Noon', 'Hillshade_9am', 'Horizontal_Distance_To_Roadways', 'Elevation', 'Slope', 'Horizontal_Distance_To_Fire_Points', 'Horizontal_Distance_To_Hydrology', 'Soil_Type10', 'Soil_Type2', 'Soil_Type1', 'Soil_Type3', 'Soil_Type6', 'Soil_Type11', 'Aspect', 'Soil_Type17', 'Soil_Type4', 'Vertical_Distance_To_Hydrology', 'Soil_Type5', 'Soil_Type14', 'Soil_Type16', 'Soil_Type32', 'Soil_Type13']"
1476,lr_shap_list_ir_2,lr_shap_list_ir_2_subset_32,orderMean,"['Wilderness_Area4', 'Wilderness_Area3', 'Hillshade_3pm', 'Hillshade_Noon', 'Horizontal_Distance_To_Roadways', 'Elevation', 'Hillshade_9am', 'Slope', 'Horizontal_Distance_To_Fire_Points', 'Horizontal_Distance_To_Hydrology', 'Soil_Type10', 'Soil_Type2', 'Soil_Type4', 'Aspect', 'Soil_Type3', 'Soil_Type6', 'Soil_Type1', 'Soil_Type5', 'Soil_Type17', 'Soil_Type14', 'Soil_Type11', 'Vertical_Distance_To_Hydrology', 'Soil_Type16', 'Soil_Type32', 'Soil_Type13']"
1477,lr_shap_list_ir_2,lr_shap_list_ir_2_subset_32,orderStd,"['Hillshade_3pm', 'Wilderness_Area4', 'Hillshade_Noon', 'Wilderness_Area3', 'Horizontal_Distance_To_Roadways', 'Elevation', 'Hillshade_9am', 'Soil_Type2', 'Slope', 'Horizontal_Distance_To_Fire_Points', 'Horizontal_Distance_To_Hydrology', 'Soil_Type1', 'Soil_Type17', 'Soil_Type3', 'Soil_Type5', 'Soil_Type16', 'Soil_Type6', 'Soil_Type4', 'Soil_Type11', 'Soil_Type14', 'Aspect', 'Soil_Type10', 'Vertical_Distance_To_Hydrology', 'Soil_Type32', 'Soil_Type13']"
1478,lr_shap_list_ir_2,lr_shap_list_ir_2_subset_32,orderSum,"['Wilderness_Area4', 'Wilderness_Area3', 'Hillshade_3pm', 'Hillshade_Noon', 'Horizontal_Distance_To_Roadways', 'Elevation', 'Hillshade_9am', 'Slope', 'Horizontal_Distance_To_Fire_Points', 'Horizontal_Distance_To_Hydrology', 'Soil_Type10', 'Soil_Type2', 'Soil_Type4', 'Aspect', 'Soil_Type3', 'Soil_Type6', 'Soil_Type1', 'Soil_Type5', 'Soil_Type17', 'Soil_Type14', 'Soil_Type11', 'Vertical_Distance_To_Hydrology', 'Soil_Type16', 'Soil_Type32', 'Soil_Type13']"
1479,lr_shap_list_ir_3,lr_shap_list_ir_3_subset_16,orderMean,"['Wilderness_Area4', 'Hillshade_3pm', 'Wilderness_Area3', 'Hillshade_Noon', 'Hillshade_9am', 'Elevation', 'Horizontal_Distance_To_Roadways', 'Slope', 'Horizontal_Distance_To_Hydrology', 'Horizontal_Distance_To_Fire_Points', 'Soil_Type3', 'Vertical_Distance_To_Hydrology', 'Soil_Type2', 'Soil_Type10', 'Soil_Type1', 'Soil_Type17', 'Soil_Type6', 'Soil_Type11', 'Soil_Type14', 'Soil_Type5', 'Soil_Type4', 'Aspect', 'Soil_Type16', 'Soil_Type32', 'Soil_Type13']"
1480,lr_shap_list_ir_3,lr_shap_list_ir_3_subset_16,orderStd,"['Hillshade_3pm', 'Wilderness_Area4', 'Hillshade_Noon', 'Wilderness_Area3', 'Hillshade_9am', 'Horizontal_Distance_To_Roadways', 'Elevation', 'Slope', 'Horizontal_Distance_To_Fire_Points', 'Horizontal_Distance_To_Hydrology', 'Soil_Type17', 'Soil_Type3', 'Soil_Type1', 'Soil_Type2', 'Soil_Type11', 'Soil_Type14', 'Soil_Type6', 'Vertical_Distance_To_Hydrology', 'Soil_Type16', 'Soil_Type5', 'Soil_Type10', 'Soil_Type4', 'Aspect', 'Soil_Type32', 'Soil_Type13']"
1481,lr_shap_list_ir_3,lr_shap_list_ir_3_subset_16,orderSum,"['Wilderness_Area4', 'Hillshade_3pm', 'Wilderness_Area3', 'Hillshade_Noon', 'Hillshade_9am', 'Elevation', 'Horizontal_Distance_To_Roadways', 'Slope', 'Horizontal_Distance_To_Hydrology', 'Horizontal_Distance_To_Fire_Points', 'Soil_Type3', 'Vertical_Distance_To_Hydrology', 'Soil_Type2', 'Soil_Type10', 'Soil_Type1', 'Soil_Type17', 'Soil_Type6', 'Soil_Type11', 'Soil_Type14', 'Soil_Type5', 'Soil_Type4', 'Aspect', 'Soil_Type16', 'Soil_Type32', 'Soil_Type13']"
1482,lr_shap_list_ir_2,lr_shap_list_ir_2_subset_69,orderMean,"['Wilderness_Area4', 'Hillshade_3pm', 'Wilderness_Area3', 'Hillshade_Noon', 'Hillshade_9am', 'Horizontal_Distance_To_Roadways', 'Elevation', 'Slope', 'Horizontal_Distance_To_Hydrology', 'Horizontal_Distance_To_Fire_Points', 'Soil_Type3', 'Soil_Type10', 'Soil_Type2', 'Soil_Type4', 'Soil_Type17', 'Soil_Type6', 'Aspect', 'Soil_Type1', 'Vertical_Distance_To_Hydrology', 'Soil_Type11', 'Soil_Type5', 'Soil_Type14', 'Soil_Type16', 'Soil_Type32', 'Soil_Type13']"
1483,lr_shap_list_ir_2,lr_shap_list_ir_2_subset_69,orderStd,"['Hillshade_3pm', 'Hillshade_Noon', 'Wilderness_Area4', 'Hillshade_9am', 'Horizontal_Distance_To_Roadways', 'Elevation', 'Wilderness_Area3', 'Slope', 'Soil_Type3', 'Horizontal_Distance_To_Fire_Points', 'Horizontal_Distance_To_Hydrology', 'Soil_Type17', 'Soil_Type14', 'Soil_Type6', 'Soil_Type2', 'Soil_Type1', 'Soil_Type5', 'Soil_Type4', 'Soil_Type11', 'Soil_Type16', 'Soil_Type10', 'Vertical_Distance_To_Hydrology', 'Aspect', 'Soil_Type32', 'Soil_Type13']"
1484,lr_shap_list_ir_2,lr_shap_list_ir_2_subset_69,orderSum,"['Wilderness_Area4', 'Hillshade_3pm', 'Wilderness_Area3', 'Hillshade_Noon', 'Hillshade_9am', 'Horizontal_Distance_To_Roadways', 'Elevation', 'Slope', 'Horizontal_Distance_To_Hydrology', 'Horizontal_Distance_To_Fire_Points', 'Soil_Type3', 'Soil_Type10', 'Soil_Type2', 'Soil_Type4', 'Soil_Type17', 'Soil_Type6', 'Aspect', 'Soil_Type1', 'Vertical_Distance_To_Hydrology', 'Soil_Type11', 'Soil_Type5', 'Soil_Type14', 'Soil_Type16', 'Soil_Type32', 'Soil_Type13']"
1485,lr_shap_list_ir_1,lr_shap_list_ir_1_subset_82,orderMean,"['Wilderness_Area4', 'Wilderness_Area3', 'Elevation', 'Horizontal_Distance_To_Roadways', 'Hillshade_Noon', 'Hillshade_3pm', 'Horizontal_Distance_To_Hydrology', 'Slope', 'Horizontal_Distance_To_Fire_Points', 'Soil_Type10', 'Hillshade_9am', 'Soil_Type4', 'Soil_Type3', 'Soil_Type2', 'Soil_Type1', 'Vertical_Distance_To_Hydrology', 'Soil_Type6', 'Soil_Type11', 'Aspect', 'Soil_Type5', 'Soil_Type16', 'Soil_Type17', 'Soil_Type14', 'Soil_Type32', 'Soil_Type13']"
1486,lr_shap_list_ir_1,lr_shap_list_ir_1_subset_82,orderStd,"['Horizontal_Distance_To_Roadways', 'Elevation', 'Hillshade_Noon', 'Wilderness_Area4', 'Hillshade_3pm', 'Horizontal_Distance_To_Fire_Points', 'Soil_Type3', 'Horizontal_Distance_To_Hydrology', 'Slope', 'Soil_Type1', 'Wilderness_Area3', 'Hillshade_9am', 'Soil_Type11', 'Soil_Type10', 'Soil_Type2', 'Soil_Type5', 'Soil_Type17', 'Soil_Type16', 'Soil_Type6', 'Vertical_Distance_To_Hydrology', 'Soil_Type4', 'Soil_Type14', 'Aspect', 'Soil_Type32', 'Soil_Type13']"
1487,lr_shap_list_ir_1,lr_shap_list_ir_1_subset_82,orderSum,"['Wilderness_Area4', 'Wilderness_Area3', 'Elevation', 'Horizontal_Distance_To_Roadways', 'Hillshade_Noon', 'Hillshade_3pm', 'Horizontal_Distance_To_Hydrology', 'Slope', 'Horizontal_Distance_To_Fire_Points', 'Soil_Type10', 'Hillshade_9am', 'Soil_Type4', 'Soil_Type3', 'Soil_Type2', 'Soil_Type1', 'Vertical_Distance_To_Hydrology', 'Soil_Type6', 'Soil_Type11', 'Aspect', 'Soil_Type5', 'Soil_Type16', 'Soil_Type17', 'Soil_Type14', 'Soil_Type32', 'Soil_Type13']"
1488,lr_shap_list_ir_5,lr_shap_list_ir_5_subset_10,orderMean,"['Wilderness_Area4', 'Wilderness_Area3', 'Hillshade_3pm', 'Hillshade_Noon', 'Horizontal_Distance_To_Roadways', 'Elevation', 'Horizontal_Distance_To_Hydrology', 'Slope', 'Horizontal_Distance_To_Fire_Points', 'Soil_Type10', 'Hillshade_9am', 'Soil_Type2', 'Soil_Type4', 'Soil_Type6', 'Soil_Type1', 'Soil_Type3', 'Vertical_Distance_To_Hydrology', 'Soil_Type17', 'Aspect', 'Soil_Type14', 'Soil_Type5', 'Soil_Type16', 'Soil_Type11', 'Soil_Type32', 'Soil_Type13']"
1489,lr_shap_list_ir_5,lr_shap_list_ir_5_subset_10,orderStd,"['Hillshade_3pm', 'Hillshade_Noon', 'Wilderness_Area4', 'Wilderness_Area3', 'Horizontal_Distance_To_Roadways', 'Elevation', 'Horizontal_Distance_To_Hydrology', 'Horizontal_Distance_To_Fire_Points', 'Slope', 'Soil_Type1', 'Soil_Type2', 'Soil_Type14', 'Soil_Type17', 'Hillshade_9am', 'Soil_Type6', 'Soil_Type3', 'Soil_Type5', 'Soil_Type4', 'Soil_Type16', 'Soil_Type10', 'Vertical_Distance_To_Hydrology', 'Soil_Type11', 'Aspect', 'Soil_Type32', 'Soil_Type13']"
1490,lr_shap_list_ir_5,lr_shap_list_ir_5_subset_10,orderSum,"['Wilderness_Area4', 'Wilderness_Area3', 'Hillshade_3pm', 'Hillshade_Noon', 'Horizontal_Distance_To_Roadways', 'Elevation', 'Horizontal_Distance_To_Hydrology', 'Slope', 'Horizontal_Distance_To_Fire_Points', 'Soil_Type10', 'Hillshade_9am', 'Soil_Type2', 'Soil_Type4', 'Soil_Type6', 'Soil_Type1', 'Soil_Type3', 'Vertical_Distance_To_Hydrology', 'Soil_Type17', 'Aspect', 'Soil_Type14', 'Soil_Type5', 'Soil_Type16', 'Soil_Type11', 'Soil_Type32', 'Soil_Type13']"
1491,lr_shap_list_ir_3,lr_shap_list_ir_3_subset_43,orderMean,"['Wilderness_Area4', 'Wilderness_Area3', 'Hillshade_3pm', 'Hillshade_Noon', 'Elevation', 'Horizontal_Distance_To_Roadways', 'Slope', 'Horizontal_Distance_To_Hydrology', 'Horizontal_Distance_To_Fire_Points', 'Hillshade_9am', 'Soil_Type2', 'Soil_Type10', 'Soil_Type4', 'Soil_Type6', 'Soil_Type1', 'Soil_Type3', 'Soil_Type17', 'Vertical_Distance_To_Hydrology', 'Aspect', 'Soil_Type11', 'Soil_Type5', 'Soil_Type14', 'Soil_Type16', 'Soil_Type32', 'Soil_Type13']"
1492,lr_shap_list_ir_3,lr_shap_list_ir_3_subset_43,orderStd,"['Wilderness_Area4', 'Hillshade_3pm', 'Hillshade_Noon', 'Wilderness_Area3', 'Horizontal_Distance_To_Roadways', 'Elevation', 'Horizontal_Distance_To_Fire_Points', 'Horizontal_Distance_To_Hydrology', 'Slope', 'Soil_Type2', 'Soil_Type1', 'Soil_Type14', 'Soil_Type3', 'Soil_Type17', 'Hillshade_9am', 'Soil_Type6', 'Soil_Type5', 'Soil_Type4', 'Soil_Type11', 'Soil_Type10', 'Vertical_Distance_To_Hydrology', 'Soil_Type16', 'Aspect', 'Soil_Type32', 'Soil_Type13']"
1493,lr_shap_list_ir_3,lr_shap_list_ir_3_subset_43,orderSum,"['Wilderness_Area4', 'Wilderness_Area3', 'Hillshade_3pm', 'Hillshade_Noon', 'Elevation', 'Horizontal_Distance_To_Roadways', 'Slope', 'Horizontal_Distance_To_Hydrology', 'Horizontal_Distance_To_Fire_Points', 'Hillshade_9am', 'Soil_Type2', 'Soil_Type10', 'Soil_Type4', 'Soil_Type6', 'Soil_Type1', 'Soil_Type3', 'Soil_Type17', 'Vertical_Distance_To_Hydrology', 'Aspect', 'Soil_Type11', 'Soil_Type5', 'Soil_Type14', 'Soil_Type16', 'Soil_Type32', 'Soil_Type13']"
1494,lr_shap_list_ir_5,lr_shap_list_ir_5_subset_80,orderMean,"['Wilderness_Area4', 'Wilderness_Area3', 'Hillshade_3pm', 'Hillshade_Noon', 'Horizontal_Distance_To_Roadways', 'Elevation', 'Horizontal_Distance_To_Hydrology', 'Horizontal_Distance_To_Fire_Points', 'Slope', 'Soil_Type10', 'Hillshade_9am', 'Soil_Type2', 'Soil_Type6', 'Soil_Type3', 'Soil_Type4', 'Soil_Type1', 'Aspect', 'Vertical_Distance_To_Hydrology', 'Soil_Type14', 'Soil_Type17', 'Soil_Type11', 'Soil_Type5', 'Soil_Type16', 'Soil_Type32', 'Soil_Type13']"
1495,lr_shap_list_ir_5,lr_shap_list_ir_5_subset_80,orderStd,"['Hillshade_3pm', 'Hillshade_Noon', 'Horizontal_Distance_To_Roadways', 'Wilderness_Area4', 'Wilderness_Area3', 'Elevation', 'Horizontal_Distance_To_Hydrology', 'Horizontal_Distance_To_Fire_Points', 'Soil_Type1', 'Soil_Type2', 'Slope', 'Soil_Type17', 'Hillshade_9am', 'Soil_Type14', 'Soil_Type6', 'Soil_Type5', 'Soil_Type3', 'Soil_Type11', 'Soil_Type10', 'Soil_Type4', 'Soil_Type16', 'Vertical_Distance_To_Hydrology', 'Aspect', 'Soil_Type32', 'Soil_Type13']"
1496,lr_shap_list_ir_5,lr_shap_list_ir_5_subset_80,orderSum,"['Wilderness_Area4', 'Wilderness_Area3', 'Hillshade_3pm', 'Hillshade_Noon', 'Horizontal_Distance_To_Roadways', 'Elevation', 'Horizontal_Distance_To_Hydrology', 'Horizontal_Distance_To_Fire_Points', 'Slope', 'Soil_Type10', 'Hillshade_9am', 'Soil_Type2', 'Soil_Type6', 'Soil_Type3', 'Soil_Type4', 'Soil_Type1', 'Aspect', 'Vertical_Distance_To_Hydrology', 'Soil_Type14', 'Soil_Type17', 'Soil_Type11', 'Soil_Type5', 'Soil_Type16', 'Soil_Type32', 'Soil_Type13']"
1497,lr_shap_list_ir_2,lr_shap_list_ir_2_subset_72,orderMean,"['Wilderness_Area4', 'Hillshade_3pm', 'Wilderness_Area3', 'Hillshade_Noon', 'Hillshade_9am', 'Elevation', 'Horizontal_Distance_To_Roadways', 'Slope', 'Horizontal_Distance_To_Hydrology', 'Horizontal_Distance_To_Fire_Points', 'Soil_Type2', 'Aspect', 'Soil_Type3', 'Vertical_Distance_To_Hydrology', 'Soil_Type1', 'Soil_Type17', 'Soil_Type10', 'Soil_Type6', 'Soil_Type5', 'Soil_Type11', 'Soil_Type4', 'Soil_Type14', 'Soil_Type16', 'Soil_Type32', 'Soil_Type13']"
1498,lr_shap_list_ir_2,lr_shap_list_ir_2_subset_72,orderStd,"['Hillshade_3pm', 'Wilderness_Area4', 'Hillshade_Noon', 'Hillshade_9am', 'Wilderness_Area3', 'Elevation', 'Horizontal_Distance_To_Roadways', 'Slope', 'Horizontal_Distance_To_Fire_Points', 'Horizontal_Distance_To_Hydrology', 'Soil_Type17', 'Soil_Type1', 'Soil_Type3', 'Soil_Type2', 'Soil_Type11', 'Soil_Type5', 'Soil_Type14', 'Soil_Type16', 'Vertical_Distance_To_Hydrology', 'Aspect', 'Soil_Type6', 'Soil_Type10', 'Soil_Type4', 'Soil_Type32', 'Soil_Type13']"
1499,lr_shap_list_ir_2,lr_shap_list_ir_2_subset_72,orderSum,"['Wilderness_Area4', 'Hillshade_3pm', 'Wilderness_Area3', 'Hillshade_Noon', 'Hillshade_9am', 'Elevation', 'Horizontal_Distance_To_Roadways', 'Slope', 'Horizontal_Distance_To_Hydrology', 'Horizontal_Distance_To_Fire_Points', 'Soil_Type2', 'Aspect', 'Soil_Type3', 'Vertical_Distance_To_Hydrology', 'Soil_Type1', 'Soil_Type17', 'Soil_Type10', 'Soil_Type6', 'Soil_Type5', 'Soil_Type11', 'Soil_Type4', 'Soil_Type14', 'Soil_Type16', 'Soil_Type32', 'Soil_Type13']"
1500,lr_shap_list_ir_1,lr_shap_list_ir_1_subset_105,orderMean,"['Wilderness_Area4', 'Wilderness_Area3', 'Hillshade_3pm', 'Hillshade_Noon', 'Horizontal_Distance_To_Roadways', 'Elevation', 'Horizontal_Distance_To_Hydrology', 'Horizontal_Distance_To_Fire_Points', 'Slope', 'Soil_Type10', 'Hillshade_9am', 'Vertical_Distance_To_Hydrology', 'Soil_Type1', 'Soil_Type3', 'Soil_Type2', 'Soil_Type4', 'Soil_Type11', 'Soil_Type5', 'Soil_Type6', 'Aspect', 'Soil_Type17', 'Soil_Type14', 'Soil_Type16', 'Soil_Type32', 'Soil_Type13']"
1501,lr_shap_list_ir_1,lr_shap_list_ir_1_subset_105,orderStd,"['Hillshade_3pm', 'Hillshade_Noon', 'Wilderness_Area4', 'Horizontal_Distance_To_Roadways', 'Wilderness_Area3', 'Elevation', 'Horizontal_Distance_To_Fire_Points', 'Horizontal_Distance_To_Hydrology', 'Soil_Type1', 'Slope', 'Hillshade_9am', 'Soil_Type10', 'Soil_Type11', 'Vertical_Distance_To_Hydrology', 'Soil_Type3', 'Soil_Type17', 'Soil_Type5', 'Soil_Type14', 'Soil_Type2', 'Soil_Type4', 'Soil_Type6', 'Soil_Type16', 'Aspect', 'Soil_Type32', 'Soil_Type13']"
1502,lr_shap_list_ir_1,lr_shap_list_ir_1_subset_105,orderSum,"['Wilderness_Area4', 'Wilderness_Area3', 'Hillshade_3pm', 'Hillshade_Noon', 'Horizontal_Distance_To_Roadways', 'Elevation', 'Horizontal_Distance_To_Hydrology', 'Horizontal_Distance_To_Fire_Points', 'Slope', 'Soil_Type10', 'Hillshade_9am', 'Vertical_Distance_To_Hydrology', 'Soil_Type1', 'Soil_Type3', 'Soil_Type2', 'Soil_Type4', 'Soil_Type11', 'Soil_Type5', 'Soil_Type6', 'Aspect', 'Soil_Type17', 'Soil_Type14', 'Soil_Type16', 'Soil_Type32', 'Soil_Type13']"
1503,lr_shap_list_ir_5,lr_shap_list_ir_5_subset_9,orderMean,"['Wilderness_Area4', 'Wilderness_Area3', 'Hillshade_3pm', 'Hillshade_Noon', 'Horizontal_Distance_To_Roadways', 'Elevation', 'Hillshade_9am', 'Horizontal_Distance_To_Hydrology', 'Horizontal_Distance_To_Fire_Points', 'Slope', 'Soil_Type10', 'Soil_Type2', 'Soil_Type1', 'Soil_Type4', 'Soil_Type3', 'Soil_Type17', 'Soil_Type6', 'Aspect', 'Soil_Type5', 'Vertical_Distance_To_Hydrology', 'Soil_Type14', 'Soil_Type11', 'Soil_Type16', 'Soil_Type32', 'Soil_Type13']"
1504,lr_shap_list_ir_5,lr_shap_list_ir_5_subset_9,orderStd,"['Hillshade_3pm', 'Hillshade_Noon', 'Horizontal_Distance_To_Roadways', 'Wilderness_Area4', 'Wilderness_Area3', 'Elevation', 'Horizontal_Distance_To_Fire_Points', 'Horizontal_Distance_To_Hydrology', 'Hillshade_9am', 'Soil_Type1', 'Slope', 'Soil_Type17', 'Soil_Type14', 'Soil_Type2', 'Soil_Type3', 'Soil_Type6', 'Soil_Type10', 'Soil_Type4', 'Soil_Type5', 'Soil_Type16', 'Soil_Type11', 'Aspect', 'Vertical_Distance_To_Hydrology', 'Soil_Type32', 'Soil_Type13']"
1505,lr_shap_list_ir_5,lr_shap_list_ir_5_subset_9,orderSum,"['Wilderness_Area4', 'Wilderness_Area3', 'Hillshade_3pm', 'Hillshade_Noon', 'Horizontal_Distance_To_Roadways', 'Elevation', 'Hillshade_9am', 'Horizontal_Distance_To_Hydrology', 'Horizontal_Distance_To_Fire_Points', 'Slope', 'Soil_Type10', 'Soil_Type2', 'Soil_Type1', 'Soil_Type4', 'Soil_Type3', 'Soil_Type17', 'Soil_Type6', 'Aspect', 'Soil_Type5', 'Vertical_Distance_To_Hydrology', 'Soil_Type14', 'Soil_Type11', 'Soil_Type16', 'Soil_Type32', 'Soil_Type13']"
1506,lr_shap_list_ir_4,lr_shap_list_ir_4_subset_48,orderMean,"['Wilderness_Area4', 'Wilderness_Area3', 'Hillshade_3pm', 'Hillshade_Noon', 'Horizontal_Distance_To_Roadways', 'Elevation', 'Horizontal_Distance_To_Hydrology', 'Horizontal_Distance_To_Fire_Points', 'Slope', 'Soil_Type10', 'Soil_Type2', 'Soil_Type1', 'Soil_Type4', 'Vertical_Distance_To_Hydrology', 'Hillshade_9am', 'Soil_Type3', 'Soil_Type6', 'Soil_Type17', 'Aspect', 'Soil_Type5', 'Soil_Type14', 'Soil_Type11', 'Soil_Type16', 'Soil_Type32', 'Soil_Type13']"
1507,lr_shap_list_ir_4,lr_shap_list_ir_4_subset_48,orderStd,"['Hillshade_3pm', 'Hillshade_Noon', 'Horizontal_Distance_To_Roadways', 'Wilderness_Area4', 'Elevation', 'Wilderness_Area3', 'Horizontal_Distance_To_Hydrology', 'Horizontal_Distance_To_Fire_Points', 'Soil_Type1', 'Soil_Type3', 'Slope', 'Soil_Type14', 'Soil_Type17', 'Soil_Type5', 'Soil_Type2', 'Soil_Type10', 'Soil_Type6', 'Soil_Type4', 'Vertical_Distance_To_Hydrology', 'Hillshade_9am', 'Soil_Type16', 'Soil_Type11', 'Aspect', 'Soil_Type32', 'Soil_Type13']"
1508,lr_shap_list_ir_4,lr_shap_list_ir_4_subset_48,orderSum,"['Wilderness_Area4', 'Wilderness_Area3', 'Hillshade_3pm', 'Hillshade_Noon', 'Horizontal_Distance_To_Roadways', 'Elevation', 'Horizontal_Distance_To_Hydrology', 'Horizontal_Distance_To_Fire_Points', 'Slope', 'Soil_Type10', 'Soil_Type2', 'Soil_Type1', 'Soil_Type4', 'Vertical_Distance_To_Hydrology', 'Hillshade_9am', 'Soil_Type3', 'Soil_Type6', 'Soil_Type17', 'Aspect', 'Soil_Type5', 'Soil_Type14', 'Soil_Type11', 'Soil_Type16', 'Soil_Type32', 'Soil_Type13']"
1509,lr_shap_list_ir_2,lr_shap_list_ir_2_subset_100,orderMean,"['Wilderness_Area4', 'Hillshade_3pm', 'Hillshade_Noon', 'Wilderness_Area3', 'Hillshade_9am', 'Horizontal_Distance_To_Roadways', 'Elevation', 'Slope', 'Horizontal_Distance_To_Hydrology', 'Horizontal_Distance_To_Fire_Points', 'Soil_Type10', 'Soil_Type3', 'Soil_Type2', 'Soil_Type1', 'Aspect', 'Vertical_Distance_To_Hydrology', 'Soil_Type4', 'Soil_Type6', 'Soil_Type5', 'Soil_Type17', 'Soil_Type11', 'Soil_Type14', 'Soil_Type16', 'Soil_Type32', 'Soil_Type13']"
1510,lr_shap_list_ir_2,lr_shap_list_ir_2_subset_100,orderStd,"['Hillshade_3pm', 'Hillshade_Noon', 'Hillshade_9am', 'Wilderness_Area4', 'Horizontal_Distance_To_Roadways', 'Elevation', 'Wilderness_Area3', 'Slope', 'Horizontal_Distance_To_Fire_Points', 'Horizontal_Distance_To_Hydrology', 'Soil_Type3', 'Soil_Type1', 'Soil_Type17', 'Soil_Type14', 'Soil_Type2', 'Soil_Type5', 'Soil_Type16', 'Soil_Type10', 'Soil_Type11', 'Vertical_Distance_To_Hydrology', 'Aspect', 'Soil_Type6', 'Soil_Type4', 'Soil_Type32', 'Soil_Type13']"
1511,lr_shap_list_ir_2,lr_shap_list_ir_2_subset_100,orderSum,"['Wilderness_Area4', 'Hillshade_3pm', 'Hillshade_Noon', 'Wilderness_Area3', 'Hillshade_9am', 'Horizontal_Distance_To_Roadways', 'Elevation', 'Slope', 'Horizontal_Distance_To_Hydrology', 'Horizontal_Distance_To_Fire_Points', 'Soil_Type10', 'Soil_Type3', 'Soil_Type2', 'Soil_Type1', 'Aspect', 'Vertical_Distance_To_Hydrology', 'Soil_Type4', 'Soil_Type6', 'Soil_Type5', 'Soil_Type17', 'Soil_Type11', 'Soil_Type14', 'Soil_Type16', 'Soil_Type32', 'Soil_Type13']"
1512,lr_shap_list_ir_1,lr_shap_list_ir_1_subset_70,orderMean,"['Wilderness_Area4', 'Wilderness_Area3', 'Hillshade_3pm', 'Hillshade_Noon', 'Hillshade_9am', 'Horizontal_Distance_To_Roadways', 'Elevation', 'Horizontal_Distance_To_Hydrology', 'Horizontal_Distance_To_Fire_Points', 'Slope', 'Vertical_Distance_To_Hydrology', 'Soil_Type2', 'Soil_Type10', 'Soil_Type1', 'Soil_Type6', 'Soil_Type4', 'Soil_Type11', 'Soil_Type17', 'Aspect', 'Soil_Type16', 'Soil_Type14', 'Soil_Type5', 'Soil_Type3', 'Soil_Type32', 'Soil_Type13']"
1513,lr_shap_list_ir_1,lr_shap_list_ir_1_subset_70,orderStd,"['Hillshade_3pm', 'Hillshade_Noon', 'Hillshade_9am', 'Wilderness_Area4', 'Horizontal_Distance_To_Roadways', 'Wilderness_Area3', 'Elevation', 'Horizontal_Distance_To_Hydrology', 'Soil_Type1', 'Horizontal_Distance_To_Fire_Points', 'Soil_Type2', 'Slope', 'Vertical_Distance_To_Hydrology', 'Soil_Type11', 'Soil_Type14', 'Soil_Type6', 'Soil_Type17', 'Soil_Type10', 'Soil_Type16', 'Soil_Type4', 'Soil_Type5', 'Aspect', 'Soil_Type3', 'Soil_Type32', 'Soil_Type13']"
1514,lr_shap_list_ir_1,lr_shap_list_ir_1_subset_70,orderSum,"['Wilderness_Area4', 'Wilderness_Area3', 'Hillshade_3pm', 'Hillshade_Noon', 'Hillshade_9am', 'Horizontal_Distance_To_Roadways', 'Elevation', 'Horizontal_Distance_To_Hydrology', 'Horizontal_Distance_To_Fire_Points', 'Slope', 'Vertical_Distance_To_Hydrology', 'Soil_Type2', 'Soil_Type10', 'Soil_Type1', 'Soil_Type6', 'Soil_Type4', 'Soil_Type11', 'Soil_Type17', 'Aspect', 'Soil_Type16', 'Soil_Type14', 'Soil_Type5', 'Soil_Type3', 'Soil_Type32', 'Soil_Type13']"
1515,lr_shap_list_ir_5,lr_shap_list_ir_5_subset_85,orderMean,"['Wilderness_Area4', 'Wilderness_Area3', 'Hillshade_3pm', 'Hillshade_Noon', 'Horizontal_Distance_To_Roadways', 'Elevation', 'Horizontal_Distance_To_Hydrology', 'Horizontal_Distance_To_Fire_Points', 'Slope', 'Hillshade_9am', 'Soil_Type10', 'Soil_Type2', 'Soil_Type3', 'Soil_Type4', 'Soil_Type6', 'Vertical_Distance_To_Hydrology', 'Soil_Type1', 'Soil_Type17', 'Soil_Type14', 'Soil_Type11', 'Aspect', 'Soil_Type5', 'Soil_Type16', 'Soil_Type32', 'Soil_Type13']"
1516,lr_shap_list_ir_5,lr_shap_list_ir_5_subset_85,orderStd,"['Hillshade_3pm', 'Hillshade_Noon', 'Wilderness_Area4', 'Horizontal_Distance_To_Roadways', 'Wilderness_Area3', 'Elevation', 'Horizontal_Distance_To_Fire_Points', 'Horizontal_Distance_To_Hydrology', 'Slope', 'Hillshade_9am', 'Soil_Type1', 'Soil_Type17', 'Soil_Type2', 'Soil_Type14', 'Soil_Type10', 'Soil_Type3', 'Soil_Type6', 'Soil_Type11', 'Soil_Type5', 'Soil_Type4', 'Vertical_Distance_To_Hydrology', 'Soil_Type16', 'Aspect', 'Soil_Type32', 'Soil_Type13']"
1517,lr_shap_list_ir_5,lr_shap_list_ir_5_subset_85,orderSum,"['Wilderness_Area4', 'Wilderness_Area3', 'Hillshade_3pm', 'Hillshade_Noon', 'Horizontal_Distance_To_Roadways', 'Elevation', 'Horizontal_Distance_To_Hydrology', 'Horizontal_Distance_To_Fire_Points', 'Slope', 'Hillshade_9am', 'Soil_Type10', 'Soil_Type2', 'Soil_Type3', 'Soil_Type4', 'Soil_Type6', 'Vertical_Distance_To_Hydrology', 'Soil_Type1', 'Soil_Type17', 'Soil_Type14', 'Soil_Type11', 'Aspect', 'Soil_Type5', 'Soil_Type16', 'Soil_Type32', 'Soil_Type13']"
1518,lr_shap_list_ir_3,lr_shap_list_ir_3_subset_30,orderMean,"['Wilderness_Area4', 'Wilderness_Area3', 'Hillshade_3pm', 'Hillshade_Noon', 'Elevation', 'Horizontal_Distance_To_Roadways', 'Horizontal_Distance_To_Hydrology', 'Horizontal_Distance_To_Fire_Points', 'Slope', 'Soil_Type4', 'Soil_Type10', 'Hillshade_9am', 'Soil_Type2', 'Vertical_Distance_To_Hydrology', 'Soil_Type6', 'Soil_Type3', 'Aspect', 'Soil_Type1', 'Soil_Type17', 'Soil_Type5', 'Soil_Type14', 'Soil_Type11', 'Soil_Type16', 'Soil_Type32', 'Soil_Type13']"
1519,lr_shap_list_ir_3,lr_shap_list_ir_3_subset_30,orderStd,"['Hillshade_3pm', 'Hillshade_Noon', 'Horizontal_Distance_To_Roadways', 'Elevation', 'Wilderness_Area4', 'Wilderness_Area3', 'Horizontal_Distance_To_Hydrology', 'Horizontal_Distance_To_Fire_Points', 'Soil_Type1', 'Slope', 'Soil_Type17', 'Soil_Type2', 'Soil_Type6', 'Soil_Type5', 'Soil_Type14', 'Hillshade_9am', 'Soil_Type4', 'Soil_Type3', 'Soil_Type10', 'Vertical_Distance_To_Hydrology', 'Soil_Type16', 'Aspect', 'Soil_Type11', 'Soil_Type32', 'Soil_Type13']"
1520,lr_shap_list_ir_3,lr_shap_list_ir_3_subset_30,orderSum,"['Wilderness_Area4', 'Wilderness_Area3', 'Hillshade_3pm', 'Hillshade_Noon', 'Elevation', 'Horizontal_Distance_To_Roadways', 'Horizontal_Distance_To_Hydrology', 'Horizontal_Distance_To_Fire_Points', 'Slope', 'Soil_Type4', 'Soil_Type10', 'Hillshade_9am', 'Soil_Type2', 'Vertical_Distance_To_Hydrology', 'Soil_Type6', 'Soil_Type3', 'Aspect', 'Soil_Type1', 'Soil_Type17', 'Soil_Type5', 'Soil_Type14', 'Soil_Type11', 'Soil_Type16', 'Soil_Type32', 'Soil_Type13']"
1521,lr_shap_list_ir_5,lr_shap_list_ir_5_subset_21,orderMean,"['Wilderness_Area4', 'Wilderness_Area3', 'Hillshade_3pm', 'Hillshade_Noon', 'Horizontal_Distance_To_Roadways', 'Elevation', 'Horizontal_Distance_To_Hydrology', 'Hillshade_9am', 'Slope', 'Horizontal_Distance_To_Fire_Points', 'Soil_Type10', 'Soil_Type1', 'Soil_Type2', 'Vertical_Distance_To_Hydrology', 'Soil_Type3', 'Soil_Type17', 'Soil_Type4', 'Soil_Type6', 'Aspect', 'Soil_Type14', 'Soil_Type5', 'Soil_Type16', 'Soil_Type11', 'Soil_Type32', 'Soil_Type13']"
1522,lr_shap_list_ir_5,lr_shap_list_ir_5_subset_21,orderStd,"['Hillshade_3pm', 'Wilderness_Area4', 'Hillshade_Noon', 'Wilderness_Area3', 'Horizontal_Distance_To_Roadways', 'Elevation', 'Hillshade_9am', 'Horizontal_Distance_To_Hydrology', 'Horizontal_Distance_To_Fire_Points', 'Slope', 'Soil_Type1', 'Soil_Type6', 'Soil_Type2', 'Soil_Type14', 'Soil_Type3', 'Soil_Type17', 'Soil_Type10', 'Vertical_Distance_To_Hydrology', 'Soil_Type5', 'Soil_Type4', 'Soil_Type16', 'Soil_Type11', 'Aspect', 'Soil_Type32', 'Soil_Type13']"
1523,lr_shap_list_ir_5,lr_shap_list_ir_5_subset_21,orderSum,"['Wilderness_Area4', 'Wilderness_Area3', 'Hillshade_3pm', 'Hillshade_Noon', 'Horizontal_Distance_To_Roadways', 'Elevation', 'Horizontal_Distance_To_Hydrology', 'Hillshade_9am', 'Slope', 'Horizontal_Distance_To_Fire_Points', 'Soil_Type10', 'Soil_Type1', 'Soil_Type2', 'Vertical_Distance_To_Hydrology', 'Soil_Type3', 'Soil_Type17', 'Soil_Type4', 'Soil_Type6', 'Aspect', 'Soil_Type14', 'Soil_Type5', 'Soil_Type16', 'Soil_Type11', 'Soil_Type32', 'Soil_Type13']"
1524,lr_shap_list_ir_3,lr_shap_list_ir_3_subset_37,orderMean,"['Wilderness_Area4', 'Wilderness_Area3', 'Hillshade_3pm', 'Hillshade_Noon', 'Hillshade_9am', 'Horizontal_Distance_To_Roadways', 'Elevation', 'Horizontal_Distance_To_Hydrology', 'Slope', 'Horizontal_Distance_To_Fire_Points', 'Soil_Type10', 'Soil_Type4', 'Soil_Type3', 'Soil_Type2', 'Aspect', 'Soil_Type6', 'Soil_Type17', 'Vertical_Distance_To_Hydrology', 'Soil_Type1', 'Soil_Type5', 'Soil_Type14', 'Soil_Type11', 'Soil_Type16', 'Soil_Type32', 'Soil_Type13']"
1525,lr_shap_list_ir_3,lr_shap_list_ir_3_subset_37,orderStd,"['Hillshade_3pm', 'Hillshade_Noon', 'Wilderness_Area4', 'Wilderness_Area3', 'Horizontal_Distance_To_Roadways', 'Hillshade_9am', 'Elevation', 'Horizontal_Distance_To_Hydrology', 'Horizontal_Distance_To_Fire_Points', 'Slope', 'Soil_Type1', 'Soil_Type17', 'Soil_Type2', 'Soil_Type3', 'Soil_Type6', 'Soil_Type5', 'Soil_Type4', 'Soil_Type14', 'Soil_Type16', 'Soil_Type10', 'Vertical_Distance_To_Hydrology', 'Aspect', 'Soil_Type11', 'Soil_Type32', 'Soil_Type13']"
1526,lr_shap_list_ir_3,lr_shap_list_ir_3_subset_37,orderSum,"['Wilderness_Area4', 'Wilderness_Area3', 'Hillshade_3pm', 'Hillshade_Noon', 'Hillshade_9am', 'Horizontal_Distance_To_Roadways', 'Elevation', 'Horizontal_Distance_To_Hydrology', 'Slope', 'Horizontal_Distance_To_Fire_Points', 'Soil_Type10', 'Soil_Type4', 'Soil_Type3', 'Soil_Type2', 'Aspect', 'Soil_Type6', 'Soil_Type17', 'Vertical_Distance_To_Hydrology', 'Soil_Type1', 'Soil_Type5', 'Soil_Type14', 'Soil_Type11', 'Soil_Type16', 'Soil_Type32', 'Soil_Type13']"
1527,lr_shap_list_ir_1,lr_shap_list_ir_1_subset_48,orderMean,"['Wilderness_Area4', 'Wilderness_Area3', 'Hillshade_3pm', 'Hillshade_Noon', 'Horizontal_Distance_To_Roadways', 'Elevation', 'Horizontal_Distance_To_Hydrology', 'Slope', 'Hillshade_9am', 'Horizontal_Distance_To_Fire_Points', 'Vertical_Distance_To_Hydrology', 'Soil_Type4', 'Soil_Type10', 'Soil_Type2', 'Soil_Type6', 'Soil_Type1', 'Soil_Type17', 'Soil_Type5', 'Soil_Type3', 'Aspect', 'Soil_Type11', 'Soil_Type14', 'Soil_Type16', 'Soil_Type32', 'Soil_Type13']"
1528,lr_shap_list_ir_1,lr_shap_list_ir_1_subset_48,orderStd,"['Hillshade_3pm', 'Hillshade_Noon', 'Horizontal_Distance_To_Roadways', 'Elevation', 'Wilderness_Area4', 'Wilderness_Area3', 'Horizontal_Distance_To_Hydrology', 'Slope', 'Soil_Type1', 'Soil_Type2', 'Horizontal_Distance_To_Fire_Points', 'Soil_Type6', 'Vertical_Distance_To_Hydrology', 'Hillshade_9am', 'Soil_Type17', 'Soil_Type4', 'Soil_Type14', 'Soil_Type5', 'Soil_Type16', 'Soil_Type3', 'Soil_Type10', 'Soil_Type11', 'Aspect', 'Soil_Type32', 'Soil_Type13']"
1529,lr_shap_list_ir_1,lr_shap_list_ir_1_subset_48,orderSum,"['Wilderness_Area4', 'Wilderness_Area3', 'Hillshade_3pm', 'Hillshade_Noon', 'Horizontal_Distance_To_Roadways', 'Elevation', 'Horizontal_Distance_To_Hydrology', 'Slope', 'Hillshade_9am', 'Horizontal_Distance_To_Fire_Points', 'Vertical_Distance_To_Hydrology', 'Soil_Type4', 'Soil_Type10', 'Soil_Type2', 'Soil_Type6', 'Soil_Type1', 'Soil_Type17', 'Soil_Type5', 'Soil_Type3', 'Aspect', 'Soil_Type11', 'Soil_Type14', 'Soil_Type16', 'Soil_Type32', 'Soil_Type13']"
1530,lr_shap_list_ir_1,lr_shap_list_ir_1_subset_24,orderMean,"['Wilderness_Area4', 'Hillshade_3pm', 'Wilderness_Area3', 'Hillshade_Noon', 'Hillshade_9am', 'Horizontal_Distance_To_Roadways', 'Horizontal_Distance_To_Hydrology', 'Elevation', 'Slope', 'Horizontal_Distance_To_Fire_Points', 'Soil_Type10', 'Vertical_Distance_To_Hydrology', 'Aspect', 'Soil_Type6', 'Soil_Type2', 'Soil_Type1', 'Soil_Type4', 'Soil_Type3', 'Soil_Type11', 'Soil_Type17', 'Soil_Type14', 'Soil_Type16', 'Soil_Type5', 'Soil_Type32', 'Soil_Type13']"
1531,lr_shap_list_ir_1,lr_shap_list_ir_1_subset_24,orderStd,"['Hillshade_3pm', 'Hillshade_Noon', 'Hillshade_9am', 'Wilderness_Area4', 'Horizontal_Distance_To_Roadways', 'Wilderness_Area3', 'Horizontal_Distance_To_Hydrology', 'Elevation', 'Slope', 'Horizontal_Distance_To_Fire_Points', 'Vertical_Distance_To_Hydrology', 'Soil_Type11', 'Soil_Type1', 'Soil_Type10', 'Soil_Type17', 'Soil_Type6', 'Soil_Type14', 'Soil_Type3', 'Aspect', 'Soil_Type2', 'Soil_Type4', 'Soil_Type16', 'Soil_Type32', 'Soil_Type5', 'Soil_Type13']"
1532,lr_shap_list_ir_1,lr_shap_list_ir_1_subset_24,orderSum,"['Wilderness_Area4', 'Hillshade_3pm', 'Wilderness_Area3', 'Hillshade_Noon', 'Hillshade_9am', 'Horizontal_Distance_To_Roadways', 'Horizontal_Distance_To_Hydrology', 'Elevation', 'Slope', 'Horizontal_Distance_To_Fire_Points', 'Soil_Type10', 'Vertical_Distance_To_Hydrology', 'Aspect', 'Soil_Type6', 'Soil_Type2', 'Soil_Type1', 'Soil_Type4', 'Soil_Type3', 'Soil_Type11', 'Soil_Type17', 'Soil_Type14', 'Soil_Type16', 'Soil_Type5', 'Soil_Type32', 'Soil_Type13']"
1533,lr_shap_list_ir_1,lr_shap_list_ir_1_subset_96,orderMean,"['Wilderness_Area4', 'Hillshade_3pm', 'Wilderness_Area3', 'Hillshade_Noon', 'Hillshade_9am', 'Horizontal_Distance_To_Roadways', 'Elevation', 'Horizontal_Distance_To_Hydrology', 'Slope', 'Horizontal_Distance_To_Fire_Points', 'Soil_Type10', 'Soil_Type3', 'Vertical_Distance_To_Hydrology', 'Soil_Type2', 'Soil_Type6', 'Soil_Type1', 'Aspect', 'Soil_Type17', 'Soil_Type4', 'Soil_Type5', 'Soil_Type16', 'Soil_Type14', 'Soil_Type11', 'Soil_Type32', 'Soil_Type13']"
1534,lr_shap_list_ir_1,lr_shap_list_ir_1_subset_96,orderStd,"['Hillshade_3pm', 'Hillshade_Noon', 'Hillshade_9am', 'Wilderness_Area4', 'Horizontal_Distance_To_Roadways', 'Elevation', 'Wilderness_Area3', 'Horizontal_Distance_To_Hydrology', 'Slope', 'Horizontal_Distance_To_Fire_Points', 'Soil_Type10', 'Soil_Type1', 'Soil_Type17', 'Soil_Type3', 'Vertical_Distance_To_Hydrology', 'Soil_Type6', 'Soil_Type2', 'Soil_Type16', 'Soil_Type14', 'Soil_Type5', 'Aspect', 'Soil_Type4', 'Soil_Type11', 'Soil_Type32', 'Soil_Type13']"
1535,lr_shap_list_ir_1,lr_shap_list_ir_1_subset_96,orderSum,"['Wilderness_Area4', 'Hillshade_3pm', 'Wilderness_Area3', 'Hillshade_Noon', 'Hillshade_9am', 'Horizontal_Distance_To_Roadways', 'Elevation', 'Horizontal_Distance_To_Hydrology', 'Slope', 'Horizontal_Distance_To_Fire_Points', 'Soil_Type10', 'Soil_Type3', 'Vertical_Distance_To_Hydrology', 'Soil_Type2', 'Soil_Type6', 'Soil_Type1', 'Aspect', 'Soil_Type17', 'Soil_Type4', 'Soil_Type5', 'Soil_Type16', 'Soil_Type14', 'Soil_Type11', 'Soil_Type32', 'Soil_Type13']"
1536,lr_shap_list_ir_5,lr_shap_list_ir_5_subset_89,orderMean,"['Wilderness_Area3', 'Wilderness_Area4', 'Hillshade_3pm', 'Hillshade_Noon', 'Elevation', 'Horizontal_Distance_To_Roadways', 'Horizontal_Distance_To_Hydrology', 'Horizontal_Distance_To_Fire_Points', 'Soil_Type10', 'Slope', 'Soil_Type2', 'Soil_Type6', 'Soil_Type4', 'Soil_Type3', 'Soil_Type1', 'Vertical_Distance_To_Hydrology', 'Aspect', 'Soil_Type17', 'Soil_Type5', 'Soil_Type11', 'Soil_Type14', 'Hillshade_9am', 'Soil_Type16', 'Soil_Type32', 'Soil_Type13']"
1537,lr_shap_list_ir_5,lr_shap_list_ir_5_subset_89,orderStd,"['Wilderness_Area3', 'Wilderness_Area4', 'Hillshade_3pm', 'Hillshade_Noon', 'Horizontal_Distance_To_Roadways', 'Elevation', 'Horizontal_Distance_To_Hydrology', 'Soil_Type1', 'Horizontal_Distance_To_Fire_Points', 'Soil_Type2', 'Soil_Type14', 'Slope', 'Soil_Type17', 'Soil_Type5', 'Soil_Type4', 'Soil_Type6', 'Soil_Type3', 'Soil_Type10', 'Soil_Type16', 'Vertical_Distance_To_Hydrology', 'Soil_Type11', 'Aspect', 'Hillshade_9am', 'Soil_Type32', 'Soil_Type13']"
1538,lr_shap_list_ir_5,lr_shap_list_ir_5_subset_89,orderSum,"['Wilderness_Area3', 'Wilderness_Area4', 'Hillshade_3pm', 'Hillshade_Noon', 'Elevation', 'Horizontal_Distance_To_Roadways', 'Horizontal_Distance_To_Hydrology', 'Horizontal_Distance_To_Fire_Points', 'Soil_Type10', 'Slope', 'Soil_Type2', 'Soil_Type6', 'Soil_Type4', 'Soil_Type3', 'Soil_Type1', 'Vertical_Distance_To_Hydrology', 'Aspect', 'Soil_Type17', 'Soil_Type5', 'Soil_Type11', 'Soil_Type14', 'Hillshade_9am', 'Soil_Type16', 'Soil_Type32', 'Soil_Type13']"
1539,lr_shap_list_ir_1,lr_shap_list_ir_1_subset_104,orderMean,"['Wilderness_Area4', 'Hillshade_3pm', 'Wilderness_Area3', 'Hillshade_Noon', 'Hillshade_9am', 'Slope', 'Horizontal_Distance_To_Hydrology', 'Horizontal_Distance_To_Roadways', 'Elevation', 'Horizontal_Distance_To_Fire_Points', 'Vertical_Distance_To_Hydrology', 'Soil_Type3', 'Soil_Type2', 'Soil_Type4', 'Soil_Type17', 'Soil_Type6', 'Soil_Type5', 'Aspect', 'Soil_Type1', 'Soil_Type10', 'Soil_Type11', 'Soil_Type14', 'Soil_Type16', 'Soil_Type32', 'Soil_Type13']"
1540,lr_shap_list_ir_1,lr_shap_list_ir_1_subset_104,orderStd,"['Hillshade_3pm', 'Hillshade_Noon', 'Hillshade_9am', 'Horizontal_Distance_To_Roadways', 'Horizontal_Distance_To_Hydrology', 'Slope', 'Elevation', 'Vertical_Distance_To_Hydrology', 'Horizontal_Distance_To_Fire_Points', 'Wilderness_Area4', 'Soil_Type17', 'Soil_Type3', 'Soil_Type5', 'Wilderness_Area3', 'Soil_Type1', 'Soil_Type14', 'Soil_Type6', 'Soil_Type2', 'Soil_Type11', 'Soil_Type4', 'Aspect', 'Soil_Type16', 'Soil_Type10', 'Soil_Type32', 'Soil_Type13']"
1541,lr_shap_list_ir_1,lr_shap_list_ir_1_subset_104,orderSum,"['Wilderness_Area4', 'Hillshade_3pm', 'Wilderness_Area3', 'Hillshade_Noon', 'Hillshade_9am', 'Slope', 'Horizontal_Distance_To_Hydrology', 'Horizontal_Distance_To_Roadways', 'Elevation', 'Horizontal_Distance_To_Fire_Points', 'Vertical_Distance_To_Hydrology', 'Soil_Type3', 'Soil_Type2', 'Soil_Type4', 'Soil_Type17', 'Soil_Type6', 'Soil_Type5', 'Aspect', 'Soil_Type1', 'Soil_Type10', 'Soil_Type11', 'Soil_Type14', 'Soil_Type16', 'Soil_Type32', 'Soil_Type13']"
1542,lr_shap_list_ir_3,lr_shap_list_ir_3_subset_98,orderMean,"['Wilderness_Area4', 'Wilderness_Area3', 'Hillshade_3pm', 'Hillshade_Noon', 'Hillshade_9am', 'Horizontal_Distance_To_Roadways', 'Elevation', 'Slope', 'Horizontal_Distance_To_Hydrology', 'Horizontal_Distance_To_Fire_Points', 'Soil_Type10', 'Soil_Type4', 'Soil_Type2', 'Soil_Type3', 'Vertical_Distance_To_Hydrology', 'Soil_Type1', 'Soil_Type17', 'Soil_Type6', 'Soil_Type5', 'Soil_Type14', 'Soil_Type11', 'Aspect', 'Soil_Type16', 'Soil_Type32', 'Soil_Type13']"
1543,lr_shap_list_ir_3,lr_shap_list_ir_3_subset_98,orderStd,"['Hillshade_3pm', 'Hillshade_Noon', 'Horizontal_Distance_To_Roadways', 'Hillshade_9am', 'Wilderness_Area4', 'Elevation', 'Wilderness_Area3', 'Slope', 'Horizontal_Distance_To_Hydrology', 'Horizontal_Distance_To_Fire_Points', 'Soil_Type3', 'Soil_Type1', 'Soil_Type17', 'Soil_Type2', 'Soil_Type14', 'Soil_Type6', 'Soil_Type5', 'Soil_Type10', 'Soil_Type4', 'Soil_Type11', 'Soil_Type16', 'Vertical_Distance_To_Hydrology', 'Aspect', 'Soil_Type32', 'Soil_Type13']"
1544,lr_shap_list_ir_3,lr_shap_list_ir_3_subset_98,orderSum,"['Wilderness_Area4', 'Wilderness_Area3', 'Hillshade_3pm', 'Hillshade_Noon', 'Hillshade_9am', 'Horizontal_Distance_To_Roadways', 'Elevation', 'Slope', 'Horizontal_Distance_To_Hydrology', 'Horizontal_Distance_To_Fire_Points', 'Soil_Type10', 'Soil_Type4', 'Soil_Type2', 'Soil_Type3', 'Vertical_Distance_To_Hydrology', 'Soil_Type1', 'Soil_Type17', 'Soil_Type6', 'Soil_Type5', 'Soil_Type14', 'Soil_Type11', 'Aspect', 'Soil_Type16', 'Soil_Type32', 'Soil_Type13']"
1545,lr_shap_list_ir_1,lr_shap_list_ir_1_subset_36,orderMean,"['Wilderness_Area4', 'Hillshade_3pm', 'Wilderness_Area3', 'Hillshade_Noon', 'Hillshade_9am', 'Horizontal_Distance_To_Roadways', 'Slope', 'Horizontal_Distance_To_Hydrology', 'Elevation', 'Soil_Type10', 'Horizontal_Distance_To_Fire_Points', 'Soil_Type2', 'Vertical_Distance_To_Hydrology', 'Soil_Type4', 'Soil_Type6', 'Soil_Type1', 'Soil_Type3', 'Aspect', 'Soil_Type11', 'Soil_Type5', 'Soil_Type17', 'Soil_Type16', 'Soil_Type14', 'Soil_Type32', 'Soil_Type13']"
1546,lr_shap_list_ir_1,lr_shap_list_ir_1_subset_36,orderStd,"['Hillshade_3pm', 'Hillshade_Noon', 'Hillshade_9am', 'Wilderness_Area4', 'Wilderness_Area3', 'Horizontal_Distance_To_Roadways', 'Slope', 'Horizontal_Distance_To_Hydrology', 'Elevation', 'Horizontal_Distance_To_Fire_Points', 'Soil_Type6', 'Soil_Type2', 'Vertical_Distance_To_Hydrology', 'Soil_Type1', 'Soil_Type16', 'Soil_Type10', 'Soil_Type4', 'Soil_Type3', 'Soil_Type17', 'Soil_Type11', 'Soil_Type14', 'Soil_Type5', 'Aspect', 'Soil_Type32', 'Soil_Type13']"
1547,lr_shap_list_ir_1,lr_shap_list_ir_1_subset_36,orderSum,"['Wilderness_Area4', 'Hillshade_3pm', 'Wilderness_Area3', 'Hillshade_Noon', 'Hillshade_9am', 'Horizontal_Distance_To_Roadways', 'Slope', 'Horizontal_Distance_To_Hydrology', 'Elevation', 'Soil_Type10', 'Horizontal_Distance_To_Fire_Points', 'Soil_Type2', 'Vertical_Distance_To_Hydrology', 'Soil_Type4', 'Soil_Type6', 'Soil_Type1', 'Soil_Type3', 'Aspect', 'Soil_Type11', 'Soil_Type5', 'Soil_Type17', 'Soil_Type16', 'Soil_Type14', 'Soil_Type32', 'Soil_Type13']"
1548,lr_shap_list_ir_2,lr_shap_list_ir_2_subset_34,orderMean,"['Wilderness_Area3', 'Wilderness_Area4', 'Hillshade_Noon', 'Horizontal_Distance_To_Roadways', 'Hillshade_3pm', 'Elevation', 'Horizontal_Distance_To_Hydrology', 'Soil_Type10', 'Soil_Type4', 'Horizontal_Distance_To_Fire_Points', 'Hillshade_9am', 'Soil_Type2', 'Slope', 'Soil_Type1', 'Soil_Type6', 'Aspect', 'Soil_Type5', 'Vertical_Distance_To_Hydrology', 'Soil_Type17', 'Soil_Type16', 'Soil_Type3', 'Soil_Type14', 'Soil_Type11', 'Soil_Type32', 'Soil_Type13']"
1549,lr_shap_list_ir_2,lr_shap_list_ir_2_subset_34,orderStd,"['Wilderness_Area3', 'Hillshade_Noon', 'Horizontal_Distance_To_Roadways', 'Hillshade_3pm', 'Wilderness_Area4', 'Elevation', 'Soil_Type1', 'Horizontal_Distance_To_Hydrology', 'Horizontal_Distance_To_Fire_Points', 'Soil_Type4', 'Soil_Type6', 'Soil_Type10', 'Soil_Type2', 'Hillshade_9am', 'Slope', 'Soil_Type5', 'Soil_Type14', 'Soil_Type17', 'Soil_Type16', 'Aspect', 'Vertical_Distance_To_Hydrology', 'Soil_Type3', 'Soil_Type32', 'Soil_Type11', 'Soil_Type13']"
1550,lr_shap_list_ir_2,lr_shap_list_ir_2_subset_34,orderSum,"['Wilderness_Area3', 'Wilderness_Area4', 'Hillshade_Noon', 'Horizontal_Distance_To_Roadways', 'Hillshade_3pm', 'Elevation', 'Horizontal_Distance_To_Hydrology', 'Soil_Type10', 'Soil_Type4', 'Horizontal_Distance_To_Fire_Points', 'Hillshade_9am', 'Soil_Type2', 'Slope', 'Soil_Type1', 'Soil_Type6', 'Aspect', 'Soil_Type5', 'Vertical_Distance_To_Hydrology', 'Soil_Type17', 'Soil_Type16', 'Soil_Type3', 'Soil_Type14', 'Soil_Type11', 'Soil_Type32', 'Soil_Type13']"
1551,lr_shap_list_ir_2,lr_shap_list_ir_2_subset_11,orderMean,"['Wilderness_Area3', 'Wilderness_Area4', 'Hillshade_3pm', 'Hillshade_Noon', 'Elevation', 'Horizontal_Distance_To_Roadways', 'Horizontal_Distance_To_Fire_Points', 'Horizontal_Distance_To_Hydrology', 'Soil_Type10', 'Slope', 'Soil_Type1', 'Soil_Type2', 'Soil_Type4', 'Soil_Type6', 'Hillshade_9am', 'Vertical_Distance_To_Hydrology', 'Soil_Type3', 'Aspect', 'Soil_Type5', 'Soil_Type11', 'Soil_Type17', 'Soil_Type14', 'Soil_Type16', 'Soil_Type32', 'Soil_Type13']"
1552,lr_shap_list_ir_2,lr_shap_list_ir_2_subset_11,orderStd,"['Hillshade_Noon', 'Hillshade_3pm', 'Horizontal_Distance_To_Roadways', 'Elevation', 'Horizontal_Distance_To_Fire_Points', 'Soil_Type1', 'Horizontal_Distance_To_Hydrology', 'Wilderness_Area3', 'Wilderness_Area4', 'Slope', 'Soil_Type2', 'Soil_Type10', 'Soil_Type17', 'Soil_Type14', 'Soil_Type3', 'Soil_Type5', 'Soil_Type6', 'Soil_Type11', 'Vertical_Distance_To_Hydrology', 'Hillshade_9am', 'Soil_Type4', 'Aspect', 'Soil_Type16', 'Soil_Type32', 'Soil_Type13']"
1553,lr_shap_list_ir_2,lr_shap_list_ir_2_subset_11,orderSum,"['Wilderness_Area3', 'Wilderness_Area4', 'Hillshade_3pm', 'Hillshade_Noon', 'Elevation', 'Horizontal_Distance_To_Roadways', 'Horizontal_Distance_To_Fire_Points', 'Horizontal_Distance_To_Hydrology', 'Soil_Type10', 'Slope', 'Soil_Type1', 'Soil_Type2', 'Soil_Type4', 'Soil_Type6', 'Hillshade_9am', 'Vertical_Distance_To_Hydrology', 'Soil_Type3', 'Aspect', 'Soil_Type5', 'Soil_Type11', 'Soil_Type17', 'Soil_Type14', 'Soil_Type16', 'Soil_Type32', 'Soil_Type13']"
1554,lr_shap_list_ir_4,lr_shap_list_ir_4_subset_23,orderMean,"['Wilderness_Area3', 'Wilderness_Area4', 'Hillshade_3pm', 'Hillshade_Noon', 'Horizontal_Distance_To_Roadways', 'Elevation', 'Horizontal_Distance_To_Hydrology', 'Horizontal_Distance_To_Fire_Points', 'Soil_Type10', 'Slope', 'Soil_Type2', 'Soil_Type6', 'Aspect', 'Soil_Type3', 'Soil_Type4', 'Soil_Type1', 'Vertical_Distance_To_Hydrology', 'Soil_Type17', 'Soil_Type5', 'Hillshade_9am', 'Soil_Type14', 'Soil_Type16', 'Soil_Type11', 'Soil_Type32', 'Soil_Type13']"
1555,lr_shap_list_ir_4,lr_shap_list_ir_4_subset_23,orderStd,"['Hillshade_Noon', 'Hillshade_3pm', 'Wilderness_Area3', 'Horizontal_Distance_To_Roadways', 'Wilderness_Area4', 'Elevation', 'Soil_Type1', 'Horizontal_Distance_To_Hydrology', 'Horizontal_Distance_To_Fire_Points', 'Soil_Type2', 'Slope', 'Soil_Type10', 'Soil_Type17', 'Soil_Type5', 'Soil_Type6', 'Soil_Type3', 'Soil_Type14', 'Soil_Type16', 'Soil_Type4', 'Aspect', 'Soil_Type11', 'Vertical_Distance_To_Hydrology', 'Hillshade_9am', 'Soil_Type32', 'Soil_Type13']"
1556,lr_shap_list_ir_4,lr_shap_list_ir_4_subset_23,orderSum,"['Wilderness_Area3', 'Wilderness_Area4', 'Hillshade_3pm', 'Hillshade_Noon', 'Horizontal_Distance_To_Roadways', 'Elevation', 'Horizontal_Distance_To_Hydrology', 'Horizontal_Distance_To_Fire_Points', 'Soil_Type10', 'Slope', 'Soil_Type2', 'Soil_Type6', 'Aspect', 'Soil_Type3', 'Soil_Type4', 'Soil_Type1', 'Vertical_Distance_To_Hydrology', 'Soil_Type17', 'Soil_Type5', 'Hillshade_9am', 'Soil_Type14', 'Soil_Type16', 'Soil_Type11', 'Soil_Type32', 'Soil_Type13']"
1557,lr_shap_list_ir_5,lr_shap_list_ir_5_subset_6,orderMean,"['Wilderness_Area4', 'Wilderness_Area3', 'Hillshade_3pm', 'Hillshade_Noon', 'Elevation', 'Horizontal_Distance_To_Roadways', 'Horizontal_Distance_To_Hydrology', 'Horizontal_Distance_To_Fire_Points', 'Hillshade_9am', 'Slope', 'Soil_Type10', 'Soil_Type3', 'Soil_Type1', 'Soil_Type4', 'Soil_Type2', 'Vertical_Distance_To_Hydrology', 'Soil_Type6', 'Aspect', 'Soil_Type17', 'Soil_Type5', 'Soil_Type11', 'Soil_Type16', 'Soil_Type14', 'Soil_Type32', 'Soil_Type13']"
1558,lr_shap_list_ir_5,lr_shap_list_ir_5_subset_6,orderStd,"['Hillshade_3pm', 'Hillshade_Noon', 'Horizontal_Distance_To_Roadways', 'Wilderness_Area4', 'Elevation', 'Wilderness_Area3', 'Horizontal_Distance_To_Hydrology', 'Hillshade_9am', 'Horizontal_Distance_To_Fire_Points', 'Slope', 'Soil_Type1', 'Soil_Type17', 'Soil_Type3', 'Soil_Type14', 'Soil_Type2', 'Soil_Type5', 'Soil_Type6', 'Soil_Type16', 'Soil_Type4', 'Soil_Type10', 'Soil_Type11', 'Vertical_Distance_To_Hydrology', 'Aspect', 'Soil_Type32', 'Soil_Type13']"
1559,lr_shap_list_ir_5,lr_shap_list_ir_5_subset_6,orderSum,"['Wilderness_Area4', 'Wilderness_Area3', 'Hillshade_3pm', 'Hillshade_Noon', 'Elevation', 'Horizontal_Distance_To_Roadways', 'Horizontal_Distance_To_Hydrology', 'Horizontal_Distance_To_Fire_Points', 'Hillshade_9am', 'Slope', 'Soil_Type10', 'Soil_Type3', 'Soil_Type1', 'Soil_Type4', 'Soil_Type2', 'Vertical_Distance_To_Hydrology', 'Soil_Type6', 'Aspect', 'Soil_Type17', 'Soil_Type5', 'Soil_Type11', 'Soil_Type16', 'Soil_Type14', 'Soil_Type32', 'Soil_Type13']"
1560,lr_shap_list_ir_4,lr_shap_list_ir_4_subset_27,orderMean,"['Wilderness_Area4', 'Wilderness_Area3', 'Hillshade_3pm', 'Hillshade_Noon', 'Elevation', 'Horizontal_Distance_To_Roadways', 'Horizontal_Distance_To_Hydrology', 'Slope', 'Horizontal_Distance_To_Fire_Points', 'Soil_Type10', 'Hillshade_9am', 'Soil_Type3', 'Soil_Type2', 'Soil_Type4', 'Soil_Type1', 'Soil_Type6', 'Soil_Type17', 'Vertical_Distance_To_Hydrology', 'Aspect', 'Soil_Type5', 'Soil_Type11', 'Soil_Type14', 'Soil_Type16', 'Soil_Type32', 'Soil_Type13']"
1561,lr_shap_list_ir_4,lr_shap_list_ir_4_subset_27,orderStd,"['Hillshade_3pm', 'Hillshade_Noon', 'Wilderness_Area4', 'Wilderness_Area3', 'Horizontal_Distance_To_Roadways', 'Elevation', 'Horizontal_Distance_To_Hydrology', 'Horizontal_Distance_To_Fire_Points', 'Slope', 'Soil_Type1', 'Soil_Type2', 'Soil_Type17', 'Soil_Type14', 'Hillshade_9am', 'Soil_Type6', 'Soil_Type3', 'Soil_Type5', 'Soil_Type10', 'Soil_Type4', 'Soil_Type11', 'Vertical_Distance_To_Hydrology', 'Soil_Type16', 'Aspect', 'Soil_Type32', 'Soil_Type13']"
1562,lr_shap_list_ir_4,lr_shap_list_ir_4_subset_27,orderSum,"['Wilderness_Area4', 'Wilderness_Area3', 'Hillshade_3pm', 'Hillshade_Noon', 'Elevation', 'Horizontal_Distance_To_Roadways', 'Horizontal_Distance_To_Hydrology', 'Slope', 'Horizontal_Distance_To_Fire_Points', 'Soil_Type10', 'Hillshade_9am', 'Soil_Type3', 'Soil_Type2', 'Soil_Type4', 'Soil_Type1', 'Soil_Type6', 'Soil_Type17', 'Vertical_Distance_To_Hydrology', 'Aspect', 'Soil_Type5', 'Soil_Type11', 'Soil_Type14', 'Soil_Type16', 'Soil_Type32', 'Soil_Type13']"
1563,lr_shap_list_ir_4,lr_shap_list_ir_4_subset_75,orderMean,"['Wilderness_Area4', 'Hillshade_3pm', 'Wilderness_Area3', 'Hillshade_Noon', 'Hillshade_9am', 'Elevation', 'Horizontal_Distance_To_Roadways', 'Slope', 'Horizontal_Distance_To_Fire_Points', 'Horizontal_Distance_To_Hydrology', 'Soil_Type10', 'Soil_Type3', 'Soil_Type2', 'Soil_Type1', 'Soil_Type17', 'Soil_Type4', 'Soil_Type6', 'Aspect', 'Soil_Type11', 'Soil_Type5', 'Soil_Type14', 'Soil_Type16', 'Vertical_Distance_To_Hydrology', 'Soil_Type32', 'Soil_Type13']"
1564,lr_shap_list_ir_4,lr_shap_list_ir_4_subset_75,orderStd,"['Hillshade_3pm', 'Wilderness_Area4', 'Hillshade_Noon', 'Wilderness_Area3', 'Hillshade_9am', 'Horizontal_Distance_To_Roadways', 'Elevation', 'Slope', 'Horizontal_Distance_To_Fire_Points', 'Horizontal_Distance_To_Hydrology', 'Soil_Type1', 'Soil_Type17', 'Soil_Type3', 'Soil_Type2', 'Soil_Type14', 'Soil_Type11', 'Soil_Type6', 'Soil_Type16', 'Soil_Type5', 'Soil_Type4', 'Soil_Type10', 'Aspect', 'Soil_Type32', 'Vertical_Distance_To_Hydrology', 'Soil_Type13']"
1565,lr_shap_list_ir_4,lr_shap_list_ir_4_subset_75,orderSum,"['Wilderness_Area4', 'Hillshade_3pm', 'Wilderness_Area3', 'Hillshade_Noon', 'Hillshade_9am', 'Elevation', 'Horizontal_Distance_To_Roadways', 'Slope', 'Horizontal_Distance_To_Fire_Points', 'Horizontal_Distance_To_Hydrology', 'Soil_Type10', 'Soil_Type3', 'Soil_Type2', 'Soil_Type1', 'Soil_Type17', 'Soil_Type4', 'Soil_Type6', 'Aspect', 'Soil_Type11', 'Soil_Type5', 'Soil_Type14', 'Soil_Type16', 'Vertical_Distance_To_Hydrology', 'Soil_Type32', 'Soil_Type13']"
1566,lr_shap_list_ir_4,lr_shap_list_ir_4_subset_14,orderMean,"['Wilderness_Area4', 'Hillshade_3pm', 'Wilderness_Area3', 'Hillshade_Noon', 'Hillshade_9am', 'Horizontal_Distance_To_Roadways', 'Elevation', 'Slope', 'Horizontal_Distance_To_Hydrology', 'Horizontal_Distance_To_Fire_Points', 'Soil_Type10', 'Soil_Type6', 'Soil_Type4', 'Vertical_Distance_To_Hydrology', 'Soil_Type14', 'Soil_Type2', 'Soil_Type3', 'Aspect', 'Soil_Type1', 'Soil_Type5', 'Soil_Type17', 'Soil_Type11', 'Soil_Type16', 'Soil_Type32', 'Soil_Type13']"
1567,lr_shap_list_ir_4,lr_shap_list_ir_4_subset_14,orderStd,"['Hillshade_3pm', 'Wilderness_Area4', 'Hillshade_Noon', 'Wilderness_Area3', 'Hillshade_9am', 'Horizontal_Distance_To_Roadways', 'Elevation', 'Slope', 'Horizontal_Distance_To_Hydrology', 'Horizontal_Distance_To_Fire_Points', 'Soil_Type17', 'Soil_Type14', 'Soil_Type1', 'Soil_Type2', 'Soil_Type3', 'Soil_Type5', 'Soil_Type6', 'Soil_Type11', 'Soil_Type4', 'Vertical_Distance_To_Hydrology', 'Soil_Type10', 'Soil_Type16', 'Aspect', 'Soil_Type32', 'Soil_Type13']"
1568,lr_shap_list_ir_4,lr_shap_list_ir_4_subset_14,orderSum,"['Wilderness_Area4', 'Hillshade_3pm', 'Wilderness_Area3', 'Hillshade_Noon', 'Hillshade_9am', 'Horizontal_Distance_To_Roadways', 'Elevation', 'Slope', 'Horizontal_Distance_To_Hydrology', 'Horizontal_Distance_To_Fire_Points', 'Soil_Type10', 'Soil_Type6', 'Soil_Type4', 'Vertical_Distance_To_Hydrology', 'Soil_Type14', 'Soil_Type2', 'Soil_Type3', 'Aspect', 'Soil_Type1', 'Soil_Type5', 'Soil_Type17', 'Soil_Type11', 'Soil_Type16', 'Soil_Type32', 'Soil_Type13']"
1569,lr_shap_list_ir_3,lr_shap_list_ir_3_subset_85,orderMean,"['Wilderness_Area4', 'Hillshade_3pm', 'Wilderness_Area3', 'Hillshade_Noon', 'Hillshade_9am', 'Elevation', 'Horizontal_Distance_To_Roadways', 'Slope', 'Horizontal_Distance_To_Fire_Points', 'Horizontal_Distance_To_Hydrology', 'Soil_Type3', 'Soil_Type10', 'Aspect', 'Soil_Type1', 'Soil_Type2', 'Soil_Type17', 'Soil_Type11', 'Soil_Type6', 'Soil_Type4', 'Soil_Type5', 'Soil_Type14', 'Vertical_Distance_To_Hydrology', 'Soil_Type16', 'Soil_Type32', 'Soil_Type13']"
1570,lr_shap_list_ir_3,lr_shap_list_ir_3_subset_85,orderStd,"['Hillshade_3pm', 'Hillshade_Noon', 'Wilderness_Area4', 'Horizontal_Distance_To_Roadways', 'Wilderness_Area3', 'Elevation', 'Hillshade_9am', 'Slope', 'Horizontal_Distance_To_Fire_Points', 'Horizontal_Distance_To_Hydrology', 'Soil_Type3', 'Soil_Type1', 'Soil_Type11', 'Soil_Type17', 'Soil_Type14', 'Soil_Type5', 'Aspect', 'Soil_Type6', 'Soil_Type10', 'Soil_Type16', 'Soil_Type2', 'Soil_Type4', 'Vertical_Distance_To_Hydrology', 'Soil_Type32', 'Soil_Type13']"
1571,lr_shap_list_ir_3,lr_shap_list_ir_3_subset_85,orderSum,"['Wilderness_Area4', 'Hillshade_3pm', 'Wilderness_Area3', 'Hillshade_Noon', 'Hillshade_9am', 'Elevation', 'Horizontal_Distance_To_Roadways', 'Slope', 'Horizontal_Distance_To_Fire_Points', 'Horizontal_Distance_To_Hydrology', 'Soil_Type3', 'Soil_Type10', 'Aspect', 'Soil_Type1', 'Soil_Type2', 'Soil_Type17', 'Soil_Type11', 'Soil_Type6', 'Soil_Type4', 'Soil_Type5', 'Soil_Type14', 'Vertical_Distance_To_Hydrology', 'Soil_Type16', 'Soil_Type32', 'Soil_Type13']"
1572,lr_shap_list_ir_4,lr_shap_list_ir_4_subset_74,orderMean,"['Wilderness_Area4', 'Wilderness_Area3', 'Hillshade_3pm', 'Hillshade_Noon', 'Horizontal_Distance_To_Roadways', 'Elevation', 'Slope', 'Hillshade_9am', 'Horizontal_Distance_To_Hydrology', 'Horizontal_Distance_To_Fire_Points', 'Soil_Type10', 'Soil_Type2', 'Soil_Type6', 'Soil_Type3', 'Soil_Type1', 'Soil_Type4', 'Vertical_Distance_To_Hydrology', 'Soil_Type5', 'Aspect', 'Soil_Type17', 'Soil_Type11', 'Soil_Type16', 'Soil_Type14', 'Soil_Type32', 'Soil_Type13']"
1573,lr_shap_list_ir_4,lr_shap_list_ir_4_subset_74,orderStd,"['Hillshade_3pm', 'Wilderness_Area4', 'Hillshade_Noon', 'Wilderness_Area3', 'Horizontal_Distance_To_Roadways', 'Elevation', 'Slope', 'Hillshade_9am', 'Horizontal_Distance_To_Fire_Points', 'Horizontal_Distance_To_Hydrology', 'Soil_Type2', 'Soil_Type17', 'Soil_Type1', 'Soil_Type3', 'Soil_Type6', 'Soil_Type14', 'Soil_Type10', 'Soil_Type5', 'Soil_Type16', 'Soil_Type4', 'Soil_Type11', 'Vertical_Distance_To_Hydrology', 'Aspect', 'Soil_Type32', 'Soil_Type13']"
1574,lr_shap_list_ir_4,lr_shap_list_ir_4_subset_74,orderSum,"['Wilderness_Area4', 'Wilderness_Area3', 'Hillshade_3pm', 'Hillshade_Noon', 'Horizontal_Distance_To_Roadways', 'Elevation', 'Slope', 'Hillshade_9am', 'Horizontal_Distance_To_Hydrology', 'Horizontal_Distance_To_Fire_Points', 'Soil_Type10', 'Soil_Type2', 'Soil_Type6', 'Soil_Type3', 'Soil_Type1', 'Soil_Type4', 'Vertical_Distance_To_Hydrology', 'Soil_Type5', 'Aspect', 'Soil_Type17', 'Soil_Type11', 'Soil_Type16', 'Soil_Type14', 'Soil_Type32', 'Soil_Type13']"
1575,lr_shap_list_ir_4,lr_shap_list_ir_4_subset_19,orderMean,"['Wilderness_Area4', 'Wilderness_Area3', 'Hillshade_3pm', 'Hillshade_Noon', 'Horizontal_Distance_To_Roadways', 'Elevation', 'Horizontal_Distance_To_Hydrology', 'Slope', 'Horizontal_Distance_To_Fire_Points', 'Soil_Type10', 'Soil_Type2', 'Soil_Type3', 'Soil_Type6', 'Aspect', 'Soil_Type1', 'Soil_Type4', 'Vertical_Distance_To_Hydrology', 'Hillshade_9am', 'Soil_Type14', 'Soil_Type17', 'Soil_Type5', 'Soil_Type11', 'Soil_Type16', 'Soil_Type32', 'Soil_Type13']"
1576,lr_shap_list_ir_4,lr_shap_list_ir_4_subset_19,orderStd,"['Wilderness_Area4', 'Wilderness_Area3', 'Hillshade_3pm', 'Hillshade_Noon', 'Horizontal_Distance_To_Roadways', 'Elevation', 'Horizontal_Distance_To_Hydrology', 'Horizontal_Distance_To_Fire_Points', 'Slope', 'Soil_Type2', 'Soil_Type17', 'Soil_Type3', 'Soil_Type1', 'Soil_Type14', 'Soil_Type4', 'Soil_Type5', 'Soil_Type10', 'Soil_Type6', 'Vertical_Distance_To_Hydrology', 'Aspect', 'Soil_Type11', 'Hillshade_9am', 'Soil_Type16', 'Soil_Type32', 'Soil_Type13']"
1577,lr_shap_list_ir_4,lr_shap_list_ir_4_subset_19,orderSum,"['Wilderness_Area4', 'Wilderness_Area3', 'Hillshade_3pm', 'Hillshade_Noon', 'Horizontal_Distance_To_Roadways', 'Elevation', 'Horizontal_Distance_To_Hydrology', 'Slope', 'Horizontal_Distance_To_Fire_Points', 'Soil_Type10', 'Soil_Type2', 'Soil_Type3', 'Soil_Type6', 'Aspect', 'Soil_Type1', 'Soil_Type4', 'Vertical_Distance_To_Hydrology', 'Hillshade_9am', 'Soil_Type14', 'Soil_Type17', 'Soil_Type5', 'Soil_Type11', 'Soil_Type16', 'Soil_Type32', 'Soil_Type13']"
1578,lr_shap_list_ir_2,lr_shap_list_ir_2_subset_98,orderMean,"['Wilderness_Area4', 'Hillshade_3pm', 'Wilderness_Area3', 'Hillshade_Noon', 'Hillshade_9am', 'Horizontal_Distance_To_Roadways', 'Elevation', 'Slope', 'Horizontal_Distance_To_Hydrology', 'Horizontal_Distance_To_Fire_Points', 'Soil_Type10', 'Soil_Type2', 'Aspect', 'Soil_Type3', 'Vertical_Distance_To_Hydrology', 'Soil_Type1', 'Soil_Type6', 'Soil_Type17', 'Soil_Type4', 'Soil_Type14', 'Soil_Type5', 'Soil_Type11', 'Soil_Type16', 'Soil_Type32', 'Soil_Type13']"
1579,lr_shap_list_ir_2,lr_shap_list_ir_2_subset_98,orderStd,"['Hillshade_3pm', 'Hillshade_Noon', 'Hillshade_9am', 'Horizontal_Distance_To_Roadways', 'Wilderness_Area4', 'Elevation', 'Wilderness_Area3', 'Slope', 'Horizontal_Distance_To_Fire_Points', 'Horizontal_Distance_To_Hydrology', 'Soil_Type3', 'Soil_Type1', 'Soil_Type2', 'Soil_Type17', 'Soil_Type14', 'Soil_Type11', 'Aspect', 'Soil_Type6', 'Soil_Type10', 'Vertical_Distance_To_Hydrology', 'Soil_Type5', 'Soil_Type16', 'Soil_Type4', 'Soil_Type32', 'Soil_Type13']"
1580,lr_shap_list_ir_2,lr_shap_list_ir_2_subset_98,orderSum,"['Wilderness_Area4', 'Hillshade_3pm', 'Wilderness_Area3', 'Hillshade_Noon', 'Hillshade_9am', 'Horizontal_Distance_To_Roadways', 'Elevation', 'Slope', 'Horizontal_Distance_To_Hydrology', 'Horizontal_Distance_To_Fire_Points', 'Soil_Type10', 'Soil_Type2', 'Aspect', 'Soil_Type3', 'Vertical_Distance_To_Hydrology', 'Soil_Type1', 'Soil_Type6', 'Soil_Type17', 'Soil_Type4', 'Soil_Type14', 'Soil_Type5', 'Soil_Type11', 'Soil_Type16', 'Soil_Type32', 'Soil_Type13']"
1581,lr_shap_list_ir_3,lr_shap_list_ir_3_subset_102,orderMean,"['Wilderness_Area3', 'Wilderness_Area4', 'Horizontal_Distance_To_Roadways', 'Elevation', 'Hillshade_Noon', 'Hillshade_3pm', 'Horizontal_Distance_To_Hydrology', 'Horizontal_Distance_To_Fire_Points', 'Hillshade_9am', 'Soil_Type10', 'Soil_Type4', 'Slope', 'Soil_Type2', 'Soil_Type1', 'Soil_Type3', 'Vertical_Distance_To_Hydrology', 'Soil_Type6', 'Aspect', 'Soil_Type17', 'Soil_Type5', 'Soil_Type11', 'Soil_Type14', 'Soil_Type16', 'Soil_Type32', 'Soil_Type13']"
1582,lr_shap_list_ir_3,lr_shap_list_ir_3_subset_102,orderStd,"['Horizontal_Distance_To_Roadways', 'Wilderness_Area3', 'Elevation', 'Hillshade_Noon', 'Wilderness_Area4', 'Hillshade_3pm', 'Horizontal_Distance_To_Hydrology', 'Horizontal_Distance_To_Fire_Points', 'Soil_Type1', 'Hillshade_9am', 'Soil_Type2', 'Soil_Type5', 'Slope', 'Soil_Type6', 'Soil_Type14', 'Soil_Type10', 'Soil_Type3', 'Soil_Type17', 'Soil_Type4', 'Soil_Type16', 'Soil_Type11', 'Vertical_Distance_To_Hydrology', 'Aspect', 'Soil_Type32', 'Soil_Type13']"
1583,lr_shap_list_ir_3,lr_shap_list_ir_3_subset_102,orderSum,"['Wilderness_Area3', 'Wilderness_Area4', 'Horizontal_Distance_To_Roadways', 'Elevation', 'Hillshade_Noon', 'Hillshade_3pm', 'Horizontal_Distance_To_Hydrology', 'Horizontal_Distance_To_Fire_Points', 'Hillshade_9am', 'Soil_Type10', 'Soil_Type4', 'Slope', 'Soil_Type2', 'Soil_Type1', 'Soil_Type3', 'Vertical_Distance_To_Hydrology', 'Soil_Type6', 'Aspect', 'Soil_Type17', 'Soil_Type5', 'Soil_Type11', 'Soil_Type14', 'Soil_Type16', 'Soil_Type32', 'Soil_Type13']"
1584,lr_shap_list_ir_4,lr_shap_list_ir_4_subset_76,orderMean,"['Wilderness_Area4', 'Wilderness_Area3', 'Hillshade_3pm', 'Hillshade_Noon', 'Horizontal_Distance_To_Roadways', 'Elevation', 'Horizontal_Distance_To_Hydrology', 'Slope', 'Horizontal_Distance_To_Fire_Points', 'Soil_Type10', 'Soil_Type2', 'Hillshade_9am', 'Soil_Type3', 'Soil_Type1', 'Soil_Type6', 'Aspect', 'Vertical_Distance_To_Hydrology', 'Soil_Type4', 'Soil_Type5', 'Soil_Type17', 'Soil_Type11', 'Soil_Type14', 'Soil_Type16', 'Soil_Type32', 'Soil_Type13']"
1585,lr_shap_list_ir_4,lr_shap_list_ir_4_subset_76,orderStd,"['Hillshade_3pm', 'Wilderness_Area4', 'Hillshade_Noon', 'Wilderness_Area3', 'Horizontal_Distance_To_Roadways', 'Elevation', 'Horizontal_Distance_To_Hydrology', 'Slope', 'Horizontal_Distance_To_Fire_Points', 'Soil_Type1', 'Soil_Type17', 'Soil_Type2', 'Soil_Type14', 'Soil_Type5', 'Soil_Type3', 'Soil_Type6', 'Soil_Type10', 'Hillshade_9am', 'Soil_Type11', 'Soil_Type16', 'Vertical_Distance_To_Hydrology', 'Aspect', 'Soil_Type4', 'Soil_Type32', 'Soil_Type13']"
1586,lr_shap_list_ir_4,lr_shap_list_ir_4_subset_76,orderSum,"['Wilderness_Area4', 'Wilderness_Area3', 'Hillshade_3pm', 'Hillshade_Noon', 'Horizontal_Distance_To_Roadways', 'Elevation', 'Horizontal_Distance_To_Hydrology', 'Slope', 'Horizontal_Distance_To_Fire_Points', 'Soil_Type10', 'Soil_Type2', 'Hillshade_9am', 'Soil_Type3', 'Soil_Type1', 'Soil_Type6', 'Aspect', 'Vertical_Distance_To_Hydrology', 'Soil_Type4', 'Soil_Type5', 'Soil_Type17', 'Soil_Type11', 'Soil_Type14', 'Soil_Type16', 'Soil_Type32', 'Soil_Type13']"
1587,lr_shap_list_ir_2,lr_shap_list_ir_2_subset_88,orderMean,"['Wilderness_Area4', 'Wilderness_Area3', 'Hillshade_3pm', 'Hillshade_Noon', 'Horizontal_Distance_To_Roadways', 'Elevation', 'Horizontal_Distance_To_Hydrology', 'Slope', 'Horizontal_Distance_To_Fire_Points', 'Vertical_Distance_To_Hydrology', 'Soil_Type10', 'Soil_Type2', 'Soil_Type4', 'Soil_Type6', 'Soil_Type5', 'Soil_Type3', 'Soil_Type1', 'Hillshade_9am', 'Soil_Type11', 'Soil_Type17', 'Soil_Type14', 'Soil_Type16', 'Aspect', 'Soil_Type32', 'Soil_Type13']"
1588,lr_shap_list_ir_2,lr_shap_list_ir_2_subset_88,orderStd,"['Hillshade_3pm', 'Hillshade_Noon', 'Horizontal_Distance_To_Roadways', 'Wilderness_Area4', 'Wilderness_Area3', 'Elevation', 'Horizontal_Distance_To_Hydrology', 'Horizontal_Distance_To_Fire_Points', 'Slope', 'Vertical_Distance_To_Hydrology', 'Soil_Type5', 'Soil_Type6', 'Soil_Type3', 'Soil_Type1', 'Soil_Type2', 'Soil_Type17', 'Soil_Type14', 'Soil_Type4', 'Soil_Type10', 'Soil_Type11', 'Hillshade_9am', 'Soil_Type16', 'Soil_Type32', 'Aspect', 'Soil_Type13']"
1589,lr_shap_list_ir_2,lr_shap_list_ir_2_subset_88,orderSum,"['Wilderness_Area4', 'Wilderness_Area3', 'Hillshade_3pm', 'Hillshade_Noon', 'Horizontal_Distance_To_Roadways', 'Elevation', 'Horizontal_Distance_To_Hydrology', 'Slope', 'Horizontal_Distance_To_Fire_Points', 'Vertical_Distance_To_Hydrology', 'Soil_Type10', 'Soil_Type2', 'Soil_Type4', 'Soil_Type6', 'Soil_Type5', 'Soil_Type3', 'Soil_Type1', 'Hillshade_9am', 'Soil_Type11', 'Soil_Type17', 'Soil_Type14', 'Soil_Type16', 'Aspect', 'Soil_Type32', 'Soil_Type13']"
