,imbalanceRatio,Subset,Indicator,Sorted_Features
0,rf_shap_list_ir_1,rf_shap_list_ir_1_subset_35,orderMean,"['DiabetesPedigreeFunction', 'Glucose', 'Age', 'BMI', 'SkinThickness', 'Pregnancies', 'BloodPressure', 'Insulin']"
1,rf_shap_list_ir_1,rf_shap_list_ir_1_subset_35,orderStd,"['Glucose', 'DiabetesPedigreeFunction', 'Age', 'BMI', 'SkinThickness', 'Pregnancies', 'BloodPressure', 'Insulin']"
2,rf_shap_list_ir_1,rf_shap_list_ir_1_subset_35,orderSum,"['DiabetesPedigreeFunction', 'Glucose', 'Age', 'BMI', 'SkinThickness', 'Pregnancies', 'BloodPressure', 'Insulin']"
3,rf_shap_list_ir_3,rf_shap_list_ir_3_subset_159,orderMean,"['Glucose', 'Age', 'BMI', 'DiabetesPedigreeFunction', 'Pregnancies', 'SkinThickness', 'BloodPressure', 'Insulin']"
4,rf_shap_list_ir_3,rf_shap_list_ir_3_subset_159,orderStd,"['Glucose', 'BMI', 'Age', 'DiabetesPedigreeFunction', 'SkinThickness', 'Insulin', 'Pregnancies', 'BloodPressure']"
5,rf_shap_list_ir_3,rf_shap_list_ir_3_subset_159,orderSum,"['Glucose', 'Age', 'BMI', 'DiabetesPedigreeFunction', 'Pregnancies', 'SkinThickness', 'BloodPressure', 'Insulin']"
6,rf_shap_list_ir_3,rf_shap_list_ir_3_subset_88,orderMean,"['Glucose', 'Age', 'BMI', 'DiabetesPedigreeFunction', 'BloodPressure', 'SkinThickness', 'Pregnancies', 'Insulin']"
7,rf_shap_list_ir_3,rf_shap_list_ir_3_subset_88,orderStd,"['Glucose', 'Age', 'BMI', 'DiabetesPedigreeFunction', 'BloodPressure', 'Insulin', 'SkinThickness', 'Pregnancies']"
8,rf_shap_list_ir_3,rf_shap_list_ir_3_subset_88,orderSum,"['Glucose', 'Age', 'BMI', 'DiabetesPedigreeFunction', 'BloodPressure', 'SkinThickness', 'Pregnancies', 'Insulin']"
9,rf_shap_list_ir_1,rf_shap_list_ir_1_subset_94,orderMean,"['Glucose', 'BMI', 'Age', 'DiabetesPedigreeFunction', 'SkinThickness', 'Insulin', 'BloodPressure', 'Pregnancies']"
10,rf_shap_list_ir_1,rf_shap_list_ir_1_subset_94,orderStd,"['BMI', 'Glucose', 'DiabetesPedigreeFunction', 'Age', 'BloodPressure', 'SkinThickness', 'Insulin', 'Pregnancies']"
11,rf_shap_list_ir_1,rf_shap_list_ir_1_subset_94,orderSum,"['Glucose', 'BMI', 'Age', 'DiabetesPedigreeFunction', 'SkinThickness', 'Insulin', 'BloodPressure', 'Pregnancies']"
12,rf_shap_list_ir_1,rf_shap_list_ir_1_subset_129,orderMean,"['Glucose', 'DiabetesPedigreeFunction', 'BMI', 'SkinThickness', 'BloodPressure', 'Pregnancies', 'Age', 'Insulin']"
13,rf_shap_list_ir_1,rf_shap_list_ir_1_subset_129,orderStd,"['Glucose', 'Pregnancies', 'SkinThickness', 'DiabetesPedigreeFunction', 'BMI', 'BloodPressure', 'Age', 'Insulin']"
14,rf_shap_list_ir_1,rf_shap_list_ir_1_subset_129,orderSum,"['Glucose', 'DiabetesPedigreeFunction', 'BMI', 'SkinThickness', 'BloodPressure', 'Pregnancies', 'Age', 'Insulin']"
15,rf_shap_list_ir_3,rf_shap_list_ir_3_subset_68,orderMean,"['Glucose', 'Age', 'BMI', 'DiabetesPedigreeFunction', 'Pregnancies', 'Insulin', 'BloodPressure', 'SkinThickness']"
16,rf_shap_list_ir_3,rf_shap_list_ir_3_subset_68,orderStd,"['Glucose', 'Age', 'BMI', 'DiabetesPedigreeFunction', 'Pregnancies', 'BloodPressure', 'Insulin', 'SkinThickness']"
17,rf_shap_list_ir_3,rf_shap_list_ir_3_subset_68,orderSum,"['Glucose', 'Age', 'BMI', 'DiabetesPedigreeFunction', 'Pregnancies', 'Insulin', 'BloodPressure', 'SkinThickness']"
18,rf_shap_list_ir_5,rf_shap_list_ir_5_subset_23,orderMean,"['Glucose', 'Age', 'BMI', 'Pregnancies', 'DiabetesPedigreeFunction', 'BloodPressure', 'Insulin', 'SkinThickness']"
19,rf_shap_list_ir_5,rf_shap_list_ir_5_subset_23,orderStd,"['Glucose', 'BMI', 'Age', 'DiabetesPedigreeFunction', 'Pregnancies', 'Insulin', 'SkinThickness', 'BloodPressure']"
20,rf_shap_list_ir_5,rf_shap_list_ir_5_subset_23,orderSum,"['Glucose', 'Age', 'BMI', 'Pregnancies', 'DiabetesPedigreeFunction', 'BloodPressure', 'Insulin', 'SkinThickness']"
21,rf_shap_list_ir_2,rf_shap_list_ir_2_subset_37,orderMean,"['Glucose', 'BMI', 'DiabetesPedigreeFunction', 'Age', 'BloodPressure', 'Pregnancies', 'SkinThickness', 'Insulin']"
22,rf_shap_list_ir_2,rf_shap_list_ir_2_subset_37,orderStd,"['Glucose', 'BMI', 'Age', 'DiabetesPedigreeFunction', 'BloodPressure', 'SkinThickness', 'Insulin', 'Pregnancies']"
23,rf_shap_list_ir_2,rf_shap_list_ir_2_subset_37,orderSum,"['Glucose', 'BMI', 'DiabetesPedigreeFunction', 'Age', 'BloodPressure', 'Pregnancies', 'SkinThickness', 'Insulin']"
24,rf_shap_list_ir_5,rf_shap_list_ir_5_subset_112,orderMean,"['Glucose', 'BMI', 'Age', 'DiabetesPedigreeFunction', 'Pregnancies', 'BloodPressure', 'SkinThickness', 'Insulin']"
25,rf_shap_list_ir_5,rf_shap_list_ir_5_subset_112,orderStd,"['Glucose', 'BMI', 'Age', 'DiabetesPedigreeFunction', 'BloodPressure', 'Insulin', 'SkinThickness', 'Pregnancies']"
26,rf_shap_list_ir_5,rf_shap_list_ir_5_subset_112,orderSum,"['Glucose', 'BMI', 'Age', 'DiabetesPedigreeFunction', 'Pregnancies', 'BloodPressure', 'SkinThickness', 'Insulin']"
27,rf_shap_list_ir_4,rf_shap_list_ir_4_subset_86,orderMean,"['Glucose', 'BMI', 'Age', 'DiabetesPedigreeFunction', 'Pregnancies', 'BloodPressure', 'SkinThickness', 'Insulin']"
28,rf_shap_list_ir_4,rf_shap_list_ir_4_subset_86,orderStd,"['Glucose', 'BMI', 'DiabetesPedigreeFunction', 'Age', 'Insulin', 'BloodPressure', 'SkinThickness', 'Pregnancies']"
29,rf_shap_list_ir_4,rf_shap_list_ir_4_subset_86,orderSum,"['Glucose', 'BMI', 'Age', 'DiabetesPedigreeFunction', 'Pregnancies', 'BloodPressure', 'SkinThickness', 'Insulin']"
30,rf_shap_list_ir_3,rf_shap_list_ir_3_subset_57,orderMean,"['Glucose', 'Age', 'BMI', 'Pregnancies', 'DiabetesPedigreeFunction', 'BloodPressure', 'SkinThickness', 'Insulin']"
31,rf_shap_list_ir_3,rf_shap_list_ir_3_subset_57,orderStd,"['Glucose', 'BMI', 'Age', 'DiabetesPedigreeFunction', 'Pregnancies', 'Insulin', 'BloodPressure', 'SkinThickness']"
32,rf_shap_list_ir_3,rf_shap_list_ir_3_subset_57,orderSum,"['Glucose', 'Age', 'BMI', 'Pregnancies', 'DiabetesPedigreeFunction', 'BloodPressure', 'SkinThickness', 'Insulin']"
33,rf_shap_list_ir_2,rf_shap_list_ir_2_subset_116,orderMean,"['Glucose', 'BMI', 'DiabetesPedigreeFunction', 'Age', 'BloodPressure', 'SkinThickness', 'Insulin', 'Pregnancies']"
34,rf_shap_list_ir_2,rf_shap_list_ir_2_subset_116,orderStd,"['BMI', 'Glucose', 'DiabetesPedigreeFunction', 'Age', 'BloodPressure', 'Insulin', 'SkinThickness', 'Pregnancies']"
35,rf_shap_list_ir_2,rf_shap_list_ir_2_subset_116,orderSum,"['Glucose', 'BMI', 'DiabetesPedigreeFunction', 'Age', 'BloodPressure', 'SkinThickness', 'Insulin', 'Pregnancies']"
36,rf_shap_list_ir_4,rf_shap_list_ir_4_subset_106,orderMean,"['Glucose', 'BMI', 'Age', 'DiabetesPedigreeFunction', 'Pregnancies', 'BloodPressure', 'Insulin', 'SkinThickness']"
37,rf_shap_list_ir_4,rf_shap_list_ir_4_subset_106,orderStd,"['Glucose', 'BMI', 'Age', 'DiabetesPedigreeFunction', 'Pregnancies', 'SkinThickness', 'Insulin', 'BloodPressure']"
38,rf_shap_list_ir_4,rf_shap_list_ir_4_subset_106,orderSum,"['Glucose', 'BMI', 'Age', 'DiabetesPedigreeFunction', 'Pregnancies', 'BloodPressure', 'Insulin', 'SkinThickness']"
39,rf_shap_list_ir_4,rf_shap_list_ir_4_subset_49,orderMean,"['Glucose', 'BMI', 'Age', 'DiabetesPedigreeFunction', 'Pregnancies', 'BloodPressure', 'Insulin', 'SkinThickness']"
40,rf_shap_list_ir_4,rf_shap_list_ir_4_subset_49,orderStd,"['Glucose', 'BMI', 'Age', 'DiabetesPedigreeFunction', 'Pregnancies', 'BloodPressure', 'Insulin', 'SkinThickness']"
41,rf_shap_list_ir_4,rf_shap_list_ir_4_subset_49,orderSum,"['Glucose', 'BMI', 'Age', 'DiabetesPedigreeFunction', 'Pregnancies', 'BloodPressure', 'Insulin', 'SkinThickness']"
42,rf_shap_list_ir_1,rf_shap_list_ir_1_subset_22,orderMean,"['Age', 'Glucose', 'BMI', 'BloodPressure', 'Pregnancies', 'DiabetesPedigreeFunction', 'SkinThickness', 'Insulin']"
43,rf_shap_list_ir_1,rf_shap_list_ir_1_subset_22,orderStd,"['BloodPressure', 'Age', 'BMI', 'Glucose', 'Pregnancies', 'DiabetesPedigreeFunction', 'SkinThickness', 'Insulin']"
44,rf_shap_list_ir_1,rf_shap_list_ir_1_subset_22,orderSum,"['Age', 'Glucose', 'BMI', 'BloodPressure', 'Pregnancies', 'DiabetesPedigreeFunction', 'SkinThickness', 'Insulin']"
45,rf_shap_list_ir_5,rf_shap_list_ir_5_subset_158,orderMean,"['Glucose', 'BMI', 'Age', 'DiabetesPedigreeFunction', 'Pregnancies', 'BloodPressure', 'SkinThickness', 'Insulin']"
46,rf_shap_list_ir_5,rf_shap_list_ir_5_subset_158,orderStd,"['Glucose', 'BMI', 'Age', 'DiabetesPedigreeFunction', 'Pregnancies', 'Insulin', 'SkinThickness', 'BloodPressure']"
47,rf_shap_list_ir_5,rf_shap_list_ir_5_subset_158,orderSum,"['Glucose', 'BMI', 'Age', 'DiabetesPedigreeFunction', 'Pregnancies', 'BloodPressure', 'SkinThickness', 'Insulin']"
48,rf_shap_list_ir_1,rf_shap_list_ir_1_subset_65,orderMean,"['Glucose', 'BMI', 'BloodPressure', 'Pregnancies', 'Age', 'DiabetesPedigreeFunction', 'SkinThickness', 'Insulin']"
49,rf_shap_list_ir_1,rf_shap_list_ir_1_subset_65,orderStd,"['Glucose', 'BMI', 'BloodPressure', 'Age', 'DiabetesPedigreeFunction', 'Pregnancies', 'SkinThickness', 'Insulin']"
50,rf_shap_list_ir_1,rf_shap_list_ir_1_subset_65,orderSum,"['Glucose', 'BMI', 'BloodPressure', 'Pregnancies', 'Age', 'DiabetesPedigreeFunction', 'SkinThickness', 'Insulin']"
51,rf_shap_list_ir_3,rf_shap_list_ir_3_subset_116,orderMean,"['Glucose', 'DiabetesPedigreeFunction', 'BMI', 'Age', 'Pregnancies', 'BloodPressure', 'SkinThickness', 'Insulin']"
52,rf_shap_list_ir_3,rf_shap_list_ir_3_subset_116,orderStd,"['Glucose', 'BMI', 'DiabetesPedigreeFunction', 'Age', 'BloodPressure', 'Pregnancies', 'Insulin', 'SkinThickness']"
53,rf_shap_list_ir_3,rf_shap_list_ir_3_subset_116,orderSum,"['Glucose', 'DiabetesPedigreeFunction', 'BMI', 'Age', 'Pregnancies', 'BloodPressure', 'SkinThickness', 'Insulin']"
54,rf_shap_list_ir_3,rf_shap_list_ir_3_subset_109,orderMean,"['Glucose', 'BMI', 'Age', 'Pregnancies', 'DiabetesPedigreeFunction', 'SkinThickness', 'BloodPressure', 'Insulin']"
55,rf_shap_list_ir_3,rf_shap_list_ir_3_subset_109,orderStd,"['BMI', 'Glucose', 'Age', 'Pregnancies', 'DiabetesPedigreeFunction', 'BloodPressure', 'SkinThickness', 'Insulin']"
56,rf_shap_list_ir_3,rf_shap_list_ir_3_subset_109,orderSum,"['Glucose', 'BMI', 'Age', 'Pregnancies', 'DiabetesPedigreeFunction', 'SkinThickness', 'BloodPressure', 'Insulin']"
57,rf_shap_list_ir_3,rf_shap_list_ir_3_subset_151,orderMean,"['Glucose', 'BMI', 'Age', 'DiabetesPedigreeFunction', 'BloodPressure', 'Pregnancies', 'SkinThickness', 'Insulin']"
58,rf_shap_list_ir_3,rf_shap_list_ir_3_subset_151,orderStd,"['BMI', 'Glucose', 'Age', 'DiabetesPedigreeFunction', 'BloodPressure', 'Pregnancies', 'SkinThickness', 'Insulin']"
59,rf_shap_list_ir_3,rf_shap_list_ir_3_subset_151,orderSum,"['Glucose', 'BMI', 'Age', 'DiabetesPedigreeFunction', 'BloodPressure', 'Pregnancies', 'SkinThickness', 'Insulin']"
60,rf_shap_list_ir_1,rf_shap_list_ir_1_subset_144,orderMean,"['Glucose', 'BMI', 'SkinThickness', 'BloodPressure', 'DiabetesPedigreeFunction', 'Age', 'Pregnancies', 'Insulin']"
61,rf_shap_list_ir_1,rf_shap_list_ir_1_subset_144,orderStd,"['BMI', 'Glucose', 'Insulin', 'BloodPressure', 'DiabetesPedigreeFunction', 'Age', 'SkinThickness', 'Pregnancies']"
62,rf_shap_list_ir_1,rf_shap_list_ir_1_subset_144,orderSum,"['Glucose', 'BMI', 'SkinThickness', 'BloodPressure', 'DiabetesPedigreeFunction', 'Age', 'Pregnancies', 'Insulin']"
63,rf_shap_list_ir_4,rf_shap_list_ir_4_subset_13,orderMean,"['Glucose', 'Age', 'BMI', 'BloodPressure', 'DiabetesPedigreeFunction', 'Insulin', 'Pregnancies', 'SkinThickness']"
64,rf_shap_list_ir_4,rf_shap_list_ir_4_subset_13,orderStd,"['Glucose', 'Age', 'BMI', 'BloodPressure', 'DiabetesPedigreeFunction', 'Insulin', 'Pregnancies', 'SkinThickness']"
65,rf_shap_list_ir_4,rf_shap_list_ir_4_subset_13,orderSum,"['Glucose', 'Age', 'BMI', 'BloodPressure', 'DiabetesPedigreeFunction', 'Insulin', 'Pregnancies', 'SkinThickness']"
66,rf_shap_list_ir_3,rf_shap_list_ir_3_subset_120,orderMean,"['Glucose', 'Age', 'Pregnancies', 'BMI', 'DiabetesPedigreeFunction', 'BloodPressure', 'SkinThickness', 'Insulin']"
67,rf_shap_list_ir_3,rf_shap_list_ir_3_subset_120,orderStd,"['Glucose', 'Age', 'BMI', 'DiabetesPedigreeFunction', 'BloodPressure', 'Pregnancies', 'Insulin', 'SkinThickness']"
68,rf_shap_list_ir_3,rf_shap_list_ir_3_subset_120,orderSum,"['Glucose', 'Age', 'Pregnancies', 'BMI', 'DiabetesPedigreeFunction', 'BloodPressure', 'SkinThickness', 'Insulin']"
69,rf_shap_list_ir_2,rf_shap_list_ir_2_subset_78,orderMean,"['Glucose', 'BMI', 'Age', 'DiabetesPedigreeFunction', 'BloodPressure', 'Pregnancies', 'SkinThickness', 'Insulin']"
70,rf_shap_list_ir_2,rf_shap_list_ir_2_subset_78,orderStd,"['BMI', 'Glucose', 'DiabetesPedigreeFunction', 'Age', 'Insulin', 'SkinThickness', 'BloodPressure', 'Pregnancies']"
71,rf_shap_list_ir_2,rf_shap_list_ir_2_subset_78,orderSum,"['Glucose', 'BMI', 'Age', 'DiabetesPedigreeFunction', 'BloodPressure', 'Pregnancies', 'SkinThickness', 'Insulin']"
72,rf_shap_list_ir_5,rf_shap_list_ir_5_subset_35,orderMean,"['Glucose', 'BMI', 'Age', 'DiabetesPedigreeFunction', 'Pregnancies', 'Insulin', 'BloodPressure', 'SkinThickness']"
73,rf_shap_list_ir_5,rf_shap_list_ir_5_subset_35,orderStd,"['Glucose', 'BMI', 'Age', 'DiabetesPedigreeFunction', 'Insulin', 'Pregnancies', 'BloodPressure', 'SkinThickness']"
74,rf_shap_list_ir_5,rf_shap_list_ir_5_subset_35,orderSum,"['Glucose', 'BMI', 'Age', 'DiabetesPedigreeFunction', 'Pregnancies', 'Insulin', 'BloodPressure', 'SkinThickness']"
75,rf_shap_list_ir_5,rf_shap_list_ir_5_subset_47,orderMean,"['Glucose', 'BMI', 'Age', 'DiabetesPedigreeFunction', 'BloodPressure', 'Pregnancies', 'Insulin', 'SkinThickness']"
76,rf_shap_list_ir_5,rf_shap_list_ir_5_subset_47,orderStd,"['BMI', 'Glucose', 'Age', 'DiabetesPedigreeFunction', 'BloodPressure', 'Insulin', 'Pregnancies', 'SkinThickness']"
77,rf_shap_list_ir_5,rf_shap_list_ir_5_subset_47,orderSum,"['Glucose', 'BMI', 'Age', 'DiabetesPedigreeFunction', 'BloodPressure', 'Pregnancies', 'Insulin', 'SkinThickness']"
78,rf_shap_list_ir_1,rf_shap_list_ir_1_subset_84,orderMean,"['Glucose', 'BMI', 'BloodPressure', 'DiabetesPedigreeFunction', 'Age', 'Pregnancies', 'Insulin', 'SkinThickness']"
79,rf_shap_list_ir_1,rf_shap_list_ir_1_subset_84,orderStd,"['Glucose', 'BMI', 'Insulin', 'Age', 'BloodPressure', 'Pregnancies', 'DiabetesPedigreeFunction', 'SkinThickness']"
80,rf_shap_list_ir_1,rf_shap_list_ir_1_subset_84,orderSum,"['Glucose', 'BMI', 'BloodPressure', 'DiabetesPedigreeFunction', 'Age', 'Pregnancies', 'Insulin', 'SkinThickness']"
81,rf_shap_list_ir_1,rf_shap_list_ir_1_subset_113,orderMean,"['Glucose', 'BMI', 'Pregnancies', 'Age', 'DiabetesPedigreeFunction', 'BloodPressure', 'Insulin', 'SkinThickness']"
82,rf_shap_list_ir_1,rf_shap_list_ir_1_subset_113,orderStd,"['BMI', 'Glucose', 'Age', 'Pregnancies', 'DiabetesPedigreeFunction', 'BloodPressure', 'Insulin', 'SkinThickness']"
83,rf_shap_list_ir_1,rf_shap_list_ir_1_subset_113,orderSum,"['Glucose', 'BMI', 'Pregnancies', 'Age', 'DiabetesPedigreeFunction', 'BloodPressure', 'Insulin', 'SkinThickness']"
84,rf_shap_list_ir_1,rf_shap_list_ir_1_subset_149,orderMean,"['Glucose', 'BMI', 'DiabetesPedigreeFunction', 'BloodPressure', 'Age', 'Pregnancies', 'Insulin', 'SkinThickness']"
85,rf_shap_list_ir_1,rf_shap_list_ir_1_subset_149,orderStd,"['Glucose', 'BMI', 'DiabetesPedigreeFunction', 'Age', 'BloodPressure', 'Insulin', 'Pregnancies', 'SkinThickness']"
86,rf_shap_list_ir_1,rf_shap_list_ir_1_subset_149,orderSum,"['Glucose', 'BMI', 'DiabetesPedigreeFunction', 'BloodPressure', 'Age', 'Pregnancies', 'Insulin', 'SkinThickness']"
87,rf_shap_list_ir_2,rf_shap_list_ir_2_subset_102,orderMean,"['Glucose', 'BMI', 'SkinThickness', 'DiabetesPedigreeFunction', 'Age', 'BloodPressure', 'Insulin', 'Pregnancies']"
88,rf_shap_list_ir_2,rf_shap_list_ir_2_subset_102,orderStd,"['Glucose', 'DiabetesPedigreeFunction', 'BMI', 'SkinThickness', 'Age', 'BloodPressure', 'Insulin', 'Pregnancies']"
89,rf_shap_list_ir_2,rf_shap_list_ir_2_subset_102,orderSum,"['Glucose', 'BMI', 'SkinThickness', 'DiabetesPedigreeFunction', 'Age', 'BloodPressure', 'Insulin', 'Pregnancies']"
90,rf_shap_list_ir_3,rf_shap_list_ir_3_subset_92,orderMean,"['Glucose', 'BMI', 'Age', 'BloodPressure', 'DiabetesPedigreeFunction', 'Pregnancies', 'SkinThickness', 'Insulin']"
91,rf_shap_list_ir_3,rf_shap_list_ir_3_subset_92,orderStd,"['Glucose', 'BMI', 'Age', 'BloodPressure', 'DiabetesPedigreeFunction', 'Pregnancies', 'SkinThickness', 'Insulin']"
92,rf_shap_list_ir_3,rf_shap_list_ir_3_subset_92,orderSum,"['Glucose', 'BMI', 'Age', 'BloodPressure', 'DiabetesPedigreeFunction', 'Pregnancies', 'SkinThickness', 'Insulin']"
93,rf_shap_list_ir_1,rf_shap_list_ir_1_subset_38,orderMean,"['Glucose', 'DiabetesPedigreeFunction', 'BMI', 'Age', 'BloodPressure', 'Pregnancies', 'SkinThickness', 'Insulin']"
94,rf_shap_list_ir_1,rf_shap_list_ir_1_subset_38,orderStd,"['Glucose', 'BMI', 'Age', 'Pregnancies', 'DiabetesPedigreeFunction', 'BloodPressure', 'SkinThickness', 'Insulin']"
95,rf_shap_list_ir_1,rf_shap_list_ir_1_subset_38,orderSum,"['Glucose', 'DiabetesPedigreeFunction', 'BMI', 'Age', 'BloodPressure', 'Pregnancies', 'SkinThickness', 'Insulin']"
96,rf_shap_list_ir_2,rf_shap_list_ir_2_subset_55,orderMean,"['Glucose', 'BMI', 'DiabetesPedigreeFunction', 'Age', 'BloodPressure', 'SkinThickness', 'Pregnancies', 'Insulin']"
97,rf_shap_list_ir_2,rf_shap_list_ir_2_subset_55,orderStd,"['DiabetesPedigreeFunction', 'Glucose', 'BMI', 'Age', 'Insulin', 'BloodPressure', 'Pregnancies', 'SkinThickness']"
98,rf_shap_list_ir_2,rf_shap_list_ir_2_subset_55,orderSum,"['Glucose', 'BMI', 'DiabetesPedigreeFunction', 'Age', 'BloodPressure', 'SkinThickness', 'Pregnancies', 'Insulin']"
99,rf_shap_list_ir_4,rf_shap_list_ir_4_subset_142,orderMean,"['Glucose', 'BMI', 'DiabetesPedigreeFunction', 'Age', 'SkinThickness', 'Insulin', 'Pregnancies', 'BloodPressure']"
100,rf_shap_list_ir_4,rf_shap_list_ir_4_subset_142,orderStd,"['Glucose', 'BMI', 'DiabetesPedigreeFunction', 'Age', 'BloodPressure', 'SkinThickness', 'Insulin', 'Pregnancies']"
101,rf_shap_list_ir_4,rf_shap_list_ir_4_subset_142,orderSum,"['Glucose', 'BMI', 'DiabetesPedigreeFunction', 'Age', 'SkinThickness', 'Insulin', 'Pregnancies', 'BloodPressure']"
102,rf_shap_list_ir_3,rf_shap_list_ir_3_subset_50,orderMean,"['Glucose', 'BMI', 'Age', 'DiabetesPedigreeFunction', 'Pregnancies', 'BloodPressure', 'SkinThickness', 'Insulin']"
103,rf_shap_list_ir_3,rf_shap_list_ir_3_subset_50,orderStd,"['BMI', 'Glucose', 'BloodPressure', 'Age', 'DiabetesPedigreeFunction', 'SkinThickness', 'Insulin', 'Pregnancies']"
104,rf_shap_list_ir_3,rf_shap_list_ir_3_subset_50,orderSum,"['Glucose', 'BMI', 'Age', 'DiabetesPedigreeFunction', 'Pregnancies', 'BloodPressure', 'SkinThickness', 'Insulin']"
105,rf_shap_list_ir_1,rf_shap_list_ir_1_subset_136,orderMean,"['Glucose', 'BMI', 'Age', 'DiabetesPedigreeFunction', 'SkinThickness', 'BloodPressure', 'Pregnancies', 'Insulin']"
106,rf_shap_list_ir_1,rf_shap_list_ir_1_subset_136,orderStd,"['BMI', 'Age', 'Glucose', 'SkinThickness', 'BloodPressure', 'DiabetesPedigreeFunction', 'Insulin', 'Pregnancies']"
107,rf_shap_list_ir_1,rf_shap_list_ir_1_subset_136,orderSum,"['Glucose', 'BMI', 'Age', 'DiabetesPedigreeFunction', 'SkinThickness', 'BloodPressure', 'Pregnancies', 'Insulin']"
108,rf_shap_list_ir_2,rf_shap_list_ir_2_subset_23,orderMean,"['Glucose', 'BMI', 'DiabetesPedigreeFunction', 'Age', 'Pregnancies', 'BloodPressure', 'SkinThickness', 'Insulin']"
109,rf_shap_list_ir_2,rf_shap_list_ir_2_subset_23,orderStd,"['Glucose', 'BMI', 'Age', 'DiabetesPedigreeFunction', 'Pregnancies', 'Insulin', 'SkinThickness', 'BloodPressure']"
110,rf_shap_list_ir_2,rf_shap_list_ir_2_subset_23,orderSum,"['Glucose', 'BMI', 'DiabetesPedigreeFunction', 'Age', 'Pregnancies', 'BloodPressure', 'SkinThickness', 'Insulin']"
111,rf_shap_list_ir_5,rf_shap_list_ir_5_subset_148,orderMean,"['Glucose', 'BMI', 'Age', 'DiabetesPedigreeFunction', 'Pregnancies', 'BloodPressure', 'SkinThickness', 'Insulin']"
112,rf_shap_list_ir_5,rf_shap_list_ir_5_subset_148,orderStd,"['Glucose', 'BMI', 'Age', 'DiabetesPedigreeFunction', 'Pregnancies', 'Insulin', 'BloodPressure', 'SkinThickness']"
113,rf_shap_list_ir_5,rf_shap_list_ir_5_subset_148,orderSum,"['Glucose', 'BMI', 'Age', 'DiabetesPedigreeFunction', 'Pregnancies', 'BloodPressure', 'SkinThickness', 'Insulin']"
114,rf_shap_list_ir_4,rf_shap_list_ir_4_subset_64,orderMean,"['Glucose', 'BMI', 'DiabetesPedigreeFunction', 'Age', 'BloodPressure', 'Pregnancies', 'SkinThickness', 'Insulin']"
115,rf_shap_list_ir_4,rf_shap_list_ir_4_subset_64,orderStd,"['Glucose', 'BMI', 'Age', 'DiabetesPedigreeFunction', 'BloodPressure', 'Pregnancies', 'Insulin', 'SkinThickness']"
116,rf_shap_list_ir_4,rf_shap_list_ir_4_subset_64,orderSum,"['Glucose', 'BMI', 'DiabetesPedigreeFunction', 'Age', 'BloodPressure', 'Pregnancies', 'SkinThickness', 'Insulin']"
117,rf_shap_list_ir_4,rf_shap_list_ir_4_subset_57,orderMean,"['Glucose', 'BMI', 'DiabetesPedigreeFunction', 'Age', 'BloodPressure', 'Pregnancies', 'SkinThickness', 'Insulin']"
118,rf_shap_list_ir_4,rf_shap_list_ir_4_subset_57,orderStd,"['Glucose', 'BMI', 'DiabetesPedigreeFunction', 'Age', 'BloodPressure', 'Insulin', 'Pregnancies', 'SkinThickness']"
119,rf_shap_list_ir_4,rf_shap_list_ir_4_subset_57,orderSum,"['Glucose', 'BMI', 'DiabetesPedigreeFunction', 'Age', 'BloodPressure', 'Pregnancies', 'SkinThickness', 'Insulin']"
120,rf_shap_list_ir_2,rf_shap_list_ir_2_subset_138,orderMean,"['Glucose', 'BMI', 'DiabetesPedigreeFunction', 'Age', 'Pregnancies', 'BloodPressure', 'SkinThickness', 'Insulin']"
121,rf_shap_list_ir_2,rf_shap_list_ir_2_subset_138,orderStd,"['Glucose', 'BMI', 'DiabetesPedigreeFunction', 'Insulin', 'Age', 'BloodPressure', 'Pregnancies', 'SkinThickness']"
122,rf_shap_list_ir_2,rf_shap_list_ir_2_subset_138,orderSum,"['Glucose', 'BMI', 'DiabetesPedigreeFunction', 'Age', 'Pregnancies', 'BloodPressure', 'SkinThickness', 'Insulin']"
123,rf_shap_list_ir_4,rf_shap_list_ir_4_subset_29,orderMean,"['Glucose', 'BMI', 'Pregnancies', 'Age', 'DiabetesPedigreeFunction', 'Insulin', 'BloodPressure', 'SkinThickness']"
124,rf_shap_list_ir_4,rf_shap_list_ir_4_subset_29,orderStd,"['Glucose', 'BMI', 'DiabetesPedigreeFunction', 'Pregnancies', 'Age', 'Insulin', 'SkinThickness', 'BloodPressure']"
125,rf_shap_list_ir_4,rf_shap_list_ir_4_subset_29,orderSum,"['Glucose', 'BMI', 'Pregnancies', 'Age', 'DiabetesPedigreeFunction', 'Insulin', 'BloodPressure', 'SkinThickness']"
126,rf_shap_list_ir_5,rf_shap_list_ir_5_subset_30,orderMean,"['Glucose', 'Age', 'BMI', 'DiabetesPedigreeFunction', 'Pregnancies', 'SkinThickness', 'BloodPressure', 'Insulin']"
127,rf_shap_list_ir_5,rf_shap_list_ir_5_subset_30,orderStd,"['Glucose', 'BMI', 'Age', 'DiabetesPedigreeFunction', 'Pregnancies', 'Insulin', 'BloodPressure', 'SkinThickness']"
128,rf_shap_list_ir_5,rf_shap_list_ir_5_subset_30,orderSum,"['Glucose', 'Age', 'BMI', 'DiabetesPedigreeFunction', 'Pregnancies', 'SkinThickness', 'BloodPressure', 'Insulin']"
129,rf_shap_list_ir_4,rf_shap_list_ir_4_subset_105,orderMean,"['Glucose', 'Age', 'BMI', 'DiabetesPedigreeFunction', 'Pregnancies', 'SkinThickness', 'BloodPressure', 'Insulin']"
130,rf_shap_list_ir_4,rf_shap_list_ir_4_subset_105,orderStd,"['Glucose', 'BMI', 'Age', 'DiabetesPedigreeFunction', 'BloodPressure', 'Pregnancies', 'Insulin', 'SkinThickness']"
131,rf_shap_list_ir_4,rf_shap_list_ir_4_subset_105,orderSum,"['Glucose', 'Age', 'BMI', 'DiabetesPedigreeFunction', 'Pregnancies', 'SkinThickness', 'BloodPressure', 'Insulin']"
132,rf_shap_list_ir_2,rf_shap_list_ir_2_subset_4,orderMean,"['Glucose', 'BMI', 'DiabetesPedigreeFunction', 'BloodPressure', 'SkinThickness', 'Age', 'Pregnancies', 'Insulin']"
133,rf_shap_list_ir_2,rf_shap_list_ir_2_subset_4,orderStd,"['BMI', 'Glucose', 'DiabetesPedigreeFunction', 'Insulin', 'BloodPressure', 'Age', 'SkinThickness', 'Pregnancies']"
134,rf_shap_list_ir_2,rf_shap_list_ir_2_subset_4,orderSum,"['Glucose', 'BMI', 'DiabetesPedigreeFunction', 'BloodPressure', 'SkinThickness', 'Age', 'Pregnancies', 'Insulin']"
135,rf_shap_list_ir_2,rf_shap_list_ir_2_subset_114,orderMean,"['Glucose', 'Age', 'BMI', 'BloodPressure', 'DiabetesPedigreeFunction', 'Pregnancies', 'SkinThickness', 'Insulin']"
136,rf_shap_list_ir_2,rf_shap_list_ir_2_subset_114,orderStd,"['BMI', 'Age', 'BloodPressure', 'Glucose', 'DiabetesPedigreeFunction', 'Insulin', 'Pregnancies', 'SkinThickness']"
137,rf_shap_list_ir_2,rf_shap_list_ir_2_subset_114,orderSum,"['Glucose', 'Age', 'BMI', 'BloodPressure', 'DiabetesPedigreeFunction', 'Pregnancies', 'SkinThickness', 'Insulin']"
138,rf_shap_list_ir_1,rf_shap_list_ir_1_subset_126,orderMean,"['Glucose', 'BMI', 'Pregnancies', 'DiabetesPedigreeFunction', 'Age', 'SkinThickness', 'BloodPressure', 'Insulin']"
139,rf_shap_list_ir_1,rf_shap_list_ir_1_subset_126,orderStd,"['Glucose', 'BMI', 'Age', 'DiabetesPedigreeFunction', 'Pregnancies', 'SkinThickness', 'Insulin', 'BloodPressure']"
140,rf_shap_list_ir_1,rf_shap_list_ir_1_subset_126,orderSum,"['Glucose', 'BMI', 'Pregnancies', 'DiabetesPedigreeFunction', 'Age', 'SkinThickness', 'BloodPressure', 'Insulin']"
141,rf_shap_list_ir_2,rf_shap_list_ir_2_subset_122,orderMean,"['Glucose', 'BMI', 'DiabetesPedigreeFunction', 'BloodPressure', 'SkinThickness', 'Age', 'Insulin', 'Pregnancies']"
142,rf_shap_list_ir_2,rf_shap_list_ir_2_subset_122,orderStd,"['Glucose', 'DiabetesPedigreeFunction', 'BMI', 'BloodPressure', 'Age', 'Insulin', 'SkinThickness', 'Pregnancies']"
143,rf_shap_list_ir_2,rf_shap_list_ir_2_subset_122,orderSum,"['Glucose', 'BMI', 'DiabetesPedigreeFunction', 'BloodPressure', 'SkinThickness', 'Age', 'Insulin', 'Pregnancies']"
144,rf_shap_list_ir_3,rf_shap_list_ir_3_subset_28,orderMean,"['Glucose', 'BMI', 'Age', 'DiabetesPedigreeFunction', 'Pregnancies', 'BloodPressure', 'SkinThickness', 'Insulin']"
145,rf_shap_list_ir_3,rf_shap_list_ir_3_subset_28,orderStd,"['BMI', 'Glucose', 'Age', 'DiabetesPedigreeFunction', 'BloodPressure', 'Insulin', 'Pregnancies', 'SkinThickness']"
146,rf_shap_list_ir_3,rf_shap_list_ir_3_subset_28,orderSum,"['Glucose', 'BMI', 'Age', 'DiabetesPedigreeFunction', 'Pregnancies', 'BloodPressure', 'SkinThickness', 'Insulin']"
147,rf_shap_list_ir_2,rf_shap_list_ir_2_subset_127,orderMean,"['Glucose', 'BMI', 'Age', 'DiabetesPedigreeFunction', 'BloodPressure', 'SkinThickness', 'Pregnancies', 'Insulin']"
148,rf_shap_list_ir_2,rf_shap_list_ir_2_subset_127,orderStd,"['BMI', 'Glucose', 'Age', 'DiabetesPedigreeFunction', 'Insulin', 'SkinThickness', 'BloodPressure', 'Pregnancies']"
149,rf_shap_list_ir_2,rf_shap_list_ir_2_subset_127,orderSum,"['Glucose', 'BMI', 'Age', 'DiabetesPedigreeFunction', 'BloodPressure', 'SkinThickness', 'Pregnancies', 'Insulin']"
150,rf_shap_list_ir_4,rf_shap_list_ir_4_subset_85,orderMean,"['Glucose', 'BMI', 'Age', 'Pregnancies', 'DiabetesPedigreeFunction', 'BloodPressure', 'SkinThickness', 'Insulin']"
151,rf_shap_list_ir_4,rf_shap_list_ir_4_subset_85,orderStd,"['BMI', 'Glucose', 'Age', 'Pregnancies', 'DiabetesPedigreeFunction', 'BloodPressure', 'Insulin', 'SkinThickness']"
152,rf_shap_list_ir_4,rf_shap_list_ir_4_subset_85,orderSum,"['Glucose', 'BMI', 'Age', 'Pregnancies', 'DiabetesPedigreeFunction', 'BloodPressure', 'SkinThickness', 'Insulin']"
153,rf_shap_list_ir_3,rf_shap_list_ir_3_subset_11,orderMean,"['Glucose', 'BMI', 'Age', 'BloodPressure', 'DiabetesPedigreeFunction', 'Pregnancies', 'SkinThickness', 'Insulin']"
154,rf_shap_list_ir_3,rf_shap_list_ir_3_subset_11,orderStd,"['Glucose', 'BMI', 'Age', 'BloodPressure', 'DiabetesPedigreeFunction', 'SkinThickness', 'Pregnancies', 'Insulin']"
155,rf_shap_list_ir_3,rf_shap_list_ir_3_subset_11,orderSum,"['Glucose', 'BMI', 'Age', 'BloodPressure', 'DiabetesPedigreeFunction', 'Pregnancies', 'SkinThickness', 'Insulin']"
156,rf_shap_list_ir_4,rf_shap_list_ir_4_subset_69,orderMean,"['Glucose', 'BMI', 'Age', 'DiabetesPedigreeFunction', 'Pregnancies', 'BloodPressure', 'SkinThickness', 'Insulin']"
157,rf_shap_list_ir_4,rf_shap_list_ir_4_subset_69,orderStd,"['Glucose', 'BMI', 'Age', 'Pregnancies', 'DiabetesPedigreeFunction', 'BloodPressure', 'Insulin', 'SkinThickness']"
158,rf_shap_list_ir_4,rf_shap_list_ir_4_subset_69,orderSum,"['Glucose', 'BMI', 'Age', 'DiabetesPedigreeFunction', 'Pregnancies', 'BloodPressure', 'SkinThickness', 'Insulin']"
159,rf_shap_list_ir_2,rf_shap_list_ir_2_subset_92,orderMean,"['Glucose', 'DiabetesPedigreeFunction', 'BMI', 'Pregnancies', 'Age', 'BloodPressure', 'Insulin', 'SkinThickness']"
160,rf_shap_list_ir_2,rf_shap_list_ir_2_subset_92,orderStd,"['Glucose', 'BMI', 'Age', 'Pregnancies', 'BloodPressure', 'DiabetesPedigreeFunction', 'SkinThickness', 'Insulin']"
161,rf_shap_list_ir_2,rf_shap_list_ir_2_subset_92,orderSum,"['Glucose', 'DiabetesPedigreeFunction', 'BMI', 'Pregnancies', 'Age', 'BloodPressure', 'Insulin', 'SkinThickness']"
162,rf_shap_list_ir_4,rf_shap_list_ir_4_subset_17,orderMean,"['Glucose', 'BMI', 'DiabetesPedigreeFunction', 'Age', 'SkinThickness', 'Insulin', 'BloodPressure', 'Pregnancies']"
163,rf_shap_list_ir_4,rf_shap_list_ir_4_subset_17,orderStd,"['Glucose', 'BMI', 'DiabetesPedigreeFunction', 'Age', 'Insulin', 'BloodPressure', 'SkinThickness', 'Pregnancies']"
164,rf_shap_list_ir_4,rf_shap_list_ir_4_subset_17,orderSum,"['Glucose', 'BMI', 'DiabetesPedigreeFunction', 'Age', 'SkinThickness', 'Insulin', 'BloodPressure', 'Pregnancies']"
165,rf_shap_list_ir_1,rf_shap_list_ir_1_subset_27,orderMean,"['BMI', 'Glucose', 'Age', 'DiabetesPedigreeFunction', 'BloodPressure', 'SkinThickness', 'Insulin', 'Pregnancies']"
166,rf_shap_list_ir_1,rf_shap_list_ir_1_subset_27,orderStd,"['BMI', 'Glucose', 'DiabetesPedigreeFunction', 'Age', 'Insulin', 'Pregnancies', 'SkinThickness', 'BloodPressure']"
167,rf_shap_list_ir_1,rf_shap_list_ir_1_subset_27,orderSum,"['BMI', 'Glucose', 'Age', 'DiabetesPedigreeFunction', 'BloodPressure', 'SkinThickness', 'Insulin', 'Pregnancies']"
168,rf_shap_list_ir_3,rf_shap_list_ir_3_subset_19,orderMean,"['Glucose', 'BMI', 'Age', 'DiabetesPedigreeFunction', 'BloodPressure', 'Pregnancies', 'Insulin', 'SkinThickness']"
169,rf_shap_list_ir_3,rf_shap_list_ir_3_subset_19,orderStd,"['BMI', 'Glucose', 'Age', 'DiabetesPedigreeFunction', 'BloodPressure', 'Insulin', 'Pregnancies', 'SkinThickness']"
170,rf_shap_list_ir_3,rf_shap_list_ir_3_subset_19,orderSum,"['Glucose', 'BMI', 'Age', 'DiabetesPedigreeFunction', 'BloodPressure', 'Pregnancies', 'Insulin', 'SkinThickness']"
171,rf_shap_list_ir_5,rf_shap_list_ir_5_subset_36,orderMean,"['Glucose', 'BMI', 'Age', 'Pregnancies', 'DiabetesPedigreeFunction', 'BloodPressure', 'SkinThickness', 'Insulin']"
172,rf_shap_list_ir_5,rf_shap_list_ir_5_subset_36,orderStd,"['Glucose', 'BMI', 'Age', 'DiabetesPedigreeFunction', 'Pregnancies', 'BloodPressure', 'Insulin', 'SkinThickness']"
173,rf_shap_list_ir_5,rf_shap_list_ir_5_subset_36,orderSum,"['Glucose', 'BMI', 'Age', 'Pregnancies', 'DiabetesPedigreeFunction', 'BloodPressure', 'SkinThickness', 'Insulin']"
174,rf_shap_list_ir_5,rf_shap_list_ir_5_subset_156,orderMean,"['Glucose', 'BMI', 'Age', 'DiabetesPedigreeFunction', 'Pregnancies', 'BloodPressure', 'SkinThickness', 'Insulin']"
175,rf_shap_list_ir_5,rf_shap_list_ir_5_subset_156,orderStd,"['Glucose', 'BMI', 'DiabetesPedigreeFunction', 'Age', 'Pregnancies', 'Insulin', 'SkinThickness', 'BloodPressure']"
176,rf_shap_list_ir_5,rf_shap_list_ir_5_subset_156,orderSum,"['Glucose', 'BMI', 'Age', 'DiabetesPedigreeFunction', 'Pregnancies', 'BloodPressure', 'SkinThickness', 'Insulin']"
177,rf_shap_list_ir_3,rf_shap_list_ir_3_subset_18,orderMean,"['Glucose', 'BMI', 'DiabetesPedigreeFunction', 'Age', 'BloodPressure', 'Pregnancies', 'SkinThickness', 'Insulin']"
178,rf_shap_list_ir_3,rf_shap_list_ir_3_subset_18,orderStd,"['Glucose', 'DiabetesPedigreeFunction', 'BMI', 'Age', 'Insulin', 'BloodPressure', 'SkinThickness', 'Pregnancies']"
179,rf_shap_list_ir_3,rf_shap_list_ir_3_subset_18,orderSum,"['Glucose', 'BMI', 'DiabetesPedigreeFunction', 'Age', 'BloodPressure', 'Pregnancies', 'SkinThickness', 'Insulin']"
180,rf_shap_list_ir_1,rf_shap_list_ir_1_subset_160,orderMean,"['Glucose', 'DiabetesPedigreeFunction', 'BMI', 'Age', 'Pregnancies', 'BloodPressure', 'SkinThickness', 'Insulin']"
181,rf_shap_list_ir_1,rf_shap_list_ir_1_subset_160,orderStd,"['Glucose', 'BMI', 'DiabetesPedigreeFunction', 'Age', 'Insulin', 'Pregnancies', 'BloodPressure', 'SkinThickness']"
182,rf_shap_list_ir_1,rf_shap_list_ir_1_subset_160,orderSum,"['Glucose', 'DiabetesPedigreeFunction', 'BMI', 'Age', 'Pregnancies', 'BloodPressure', 'SkinThickness', 'Insulin']"
183,rf_shap_list_ir_4,rf_shap_list_ir_4_subset_25,orderMean,"['Glucose', 'BMI', 'Age', 'DiabetesPedigreeFunction', 'BloodPressure', 'Pregnancies', 'SkinThickness', 'Insulin']"
184,rf_shap_list_ir_4,rf_shap_list_ir_4_subset_25,orderStd,"['Glucose', 'BMI', 'Age', 'DiabetesPedigreeFunction', 'Insulin', 'BloodPressure', 'Pregnancies', 'SkinThickness']"
185,rf_shap_list_ir_4,rf_shap_list_ir_4_subset_25,orderSum,"['Glucose', 'BMI', 'Age', 'DiabetesPedigreeFunction', 'BloodPressure', 'Pregnancies', 'SkinThickness', 'Insulin']"
186,rf_shap_list_ir_1,rf_shap_list_ir_1_subset_3,orderMean,"['DiabetesPedigreeFunction', 'Glucose', 'BloodPressure', 'SkinThickness', 'BMI', 'Age', 'Pregnancies', 'Insulin']"
187,rf_shap_list_ir_1,rf_shap_list_ir_1_subset_3,orderStd,"['DiabetesPedigreeFunction', 'Glucose', 'BloodPressure', 'Insulin', 'SkinThickness', 'Age', 'BMI', 'Pregnancies']"
188,rf_shap_list_ir_1,rf_shap_list_ir_1_subset_3,orderSum,"['DiabetesPedigreeFunction', 'Glucose', 'BloodPressure', 'SkinThickness', 'BMI', 'Age', 'Pregnancies', 'Insulin']"
189,rf_shap_list_ir_4,rf_shap_list_ir_4_subset_72,orderMean,"['Glucose', 'BMI', 'Age', 'DiabetesPedigreeFunction', 'Pregnancies', 'BloodPressure', 'Insulin', 'SkinThickness']"
190,rf_shap_list_ir_4,rf_shap_list_ir_4_subset_72,orderStd,"['Glucose', 'BMI', 'Age', 'Insulin', 'DiabetesPedigreeFunction', 'Pregnancies', 'BloodPressure', 'SkinThickness']"
191,rf_shap_list_ir_4,rf_shap_list_ir_4_subset_72,orderSum,"['Glucose', 'BMI', 'Age', 'DiabetesPedigreeFunction', 'Pregnancies', 'BloodPressure', 'Insulin', 'SkinThickness']"
192,rf_shap_list_ir_2,rf_shap_list_ir_2_subset_5,orderMean,"['Glucose', 'DiabetesPedigreeFunction', 'Age', 'Pregnancies', 'BMI', 'SkinThickness', 'BloodPressure', 'Insulin']"
193,rf_shap_list_ir_2,rf_shap_list_ir_2_subset_5,orderStd,"['Glucose', 'DiabetesPedigreeFunction', 'Pregnancies', 'BMI', 'Age', 'Insulin', 'SkinThickness', 'BloodPressure']"
194,rf_shap_list_ir_2,rf_shap_list_ir_2_subset_5,orderSum,"['Glucose', 'DiabetesPedigreeFunction', 'Age', 'Pregnancies', 'BMI', 'SkinThickness', 'BloodPressure', 'Insulin']"
195,rf_shap_list_ir_1,rf_shap_list_ir_1_subset_4,orderMean,"['BMI', 'Glucose', 'Age', 'DiabetesPedigreeFunction', 'BloodPressure', 'Pregnancies', 'SkinThickness', 'Insulin']"
196,rf_shap_list_ir_1,rf_shap_list_ir_1_subset_4,orderStd,"['BMI', 'Glucose', 'Age', 'SkinThickness', 'BloodPressure', 'DiabetesPedigreeFunction', 'Pregnancies', 'Insulin']"
197,rf_shap_list_ir_1,rf_shap_list_ir_1_subset_4,orderSum,"['BMI', 'Glucose', 'Age', 'DiabetesPedigreeFunction', 'BloodPressure', 'Pregnancies', 'SkinThickness', 'Insulin']"
198,rf_shap_list_ir_2,rf_shap_list_ir_2_subset_38,orderMean,"['Glucose', 'Pregnancies', 'BMI', 'DiabetesPedigreeFunction', 'Age', 'BloodPressure', 'SkinThickness', 'Insulin']"
199,rf_shap_list_ir_2,rf_shap_list_ir_2_subset_38,orderStd,"['Glucose', 'BMI', 'DiabetesPedigreeFunction', 'BloodPressure', 'Pregnancies', 'Age', 'Insulin', 'SkinThickness']"
200,rf_shap_list_ir_2,rf_shap_list_ir_2_subset_38,orderSum,"['Glucose', 'Pregnancies', 'BMI', 'DiabetesPedigreeFunction', 'Age', 'BloodPressure', 'SkinThickness', 'Insulin']"
201,rf_shap_list_ir_2,rf_shap_list_ir_2_subset_93,orderMean,"['Glucose', 'Age', 'BMI', 'DiabetesPedigreeFunction', 'Pregnancies', 'BloodPressure', 'SkinThickness', 'Insulin']"
202,rf_shap_list_ir_2,rf_shap_list_ir_2_subset_93,orderStd,"['Glucose', 'Age', 'BloodPressure', 'BMI', 'DiabetesPedigreeFunction', 'SkinThickness', 'Pregnancies', 'Insulin']"
203,rf_shap_list_ir_2,rf_shap_list_ir_2_subset_93,orderSum,"['Glucose', 'Age', 'BMI', 'DiabetesPedigreeFunction', 'Pregnancies', 'BloodPressure', 'SkinThickness', 'Insulin']"
204,rf_shap_list_ir_2,rf_shap_list_ir_2_subset_107,orderMean,"['Glucose', 'BMI', 'DiabetesPedigreeFunction', 'Age', 'BloodPressure', 'SkinThickness', 'Pregnancies', 'Insulin']"
205,rf_shap_list_ir_2,rf_shap_list_ir_2_subset_107,orderStd,"['Glucose', 'BMI', 'DiabetesPedigreeFunction', 'BloodPressure', 'SkinThickness', 'Age', 'Pregnancies', 'Insulin']"
206,rf_shap_list_ir_2,rf_shap_list_ir_2_subset_107,orderSum,"['Glucose', 'BMI', 'DiabetesPedigreeFunction', 'Age', 'BloodPressure', 'SkinThickness', 'Pregnancies', 'Insulin']"
207,rf_shap_list_ir_1,rf_shap_list_ir_1_subset_89,orderMean,"['Glucose', 'Age', 'DiabetesPedigreeFunction', 'BloodPressure', 'BMI', 'Pregnancies', 'SkinThickness', 'Insulin']"
208,rf_shap_list_ir_1,rf_shap_list_ir_1_subset_89,orderStd,"['Glucose', 'Age', 'DiabetesPedigreeFunction', 'BloodPressure', 'BMI', 'SkinThickness', 'Pregnancies', 'Insulin']"
209,rf_shap_list_ir_1,rf_shap_list_ir_1_subset_89,orderSum,"['Glucose', 'Age', 'DiabetesPedigreeFunction', 'BloodPressure', 'BMI', 'Pregnancies', 'SkinThickness', 'Insulin']"
210,rf_shap_list_ir_5,rf_shap_list_ir_5_subset_85,orderMean,"['Glucose', 'BMI', 'Age', 'DiabetesPedigreeFunction', 'Pregnancies', 'BloodPressure', 'SkinThickness', 'Insulin']"
211,rf_shap_list_ir_5,rf_shap_list_ir_5_subset_85,orderStd,"['Glucose', 'BMI', 'Age', 'DiabetesPedigreeFunction', 'Pregnancies', 'SkinThickness', 'BloodPressure', 'Insulin']"
212,rf_shap_list_ir_5,rf_shap_list_ir_5_subset_85,orderSum,"['Glucose', 'BMI', 'Age', 'DiabetesPedigreeFunction', 'Pregnancies', 'BloodPressure', 'SkinThickness', 'Insulin']"
213,rf_shap_list_ir_5,rf_shap_list_ir_5_subset_3,orderMean,"['Glucose', 'BMI', 'Age', 'DiabetesPedigreeFunction', 'Pregnancies', 'BloodPressure', 'Insulin', 'SkinThickness']"
214,rf_shap_list_ir_5,rf_shap_list_ir_5_subset_3,orderStd,"['BMI', 'Glucose', 'Age', 'DiabetesPedigreeFunction', 'Pregnancies', 'Insulin', 'BloodPressure', 'SkinThickness']"
215,rf_shap_list_ir_5,rf_shap_list_ir_5_subset_3,orderSum,"['Glucose', 'BMI', 'Age', 'DiabetesPedigreeFunction', 'Pregnancies', 'BloodPressure', 'Insulin', 'SkinThickness']"
216,rf_shap_list_ir_5,rf_shap_list_ir_5_subset_39,orderMean,"['Glucose', 'Age', 'BMI', 'DiabetesPedigreeFunction', 'Pregnancies', 'SkinThickness', 'BloodPressure', 'Insulin']"
217,rf_shap_list_ir_5,rf_shap_list_ir_5_subset_39,orderStd,"['Glucose', 'BMI', 'Age', 'DiabetesPedigreeFunction', 'Insulin', 'BloodPressure', 'Pregnancies', 'SkinThickness']"
218,rf_shap_list_ir_5,rf_shap_list_ir_5_subset_39,orderSum,"['Glucose', 'Age', 'BMI', 'DiabetesPedigreeFunction', 'Pregnancies', 'SkinThickness', 'BloodPressure', 'Insulin']"
219,rf_shap_list_ir_4,rf_shap_list_ir_4_subset_100,orderMean,"['Glucose', 'BMI', 'Age', 'DiabetesPedigreeFunction', 'BloodPressure', 'Pregnancies', 'SkinThickness', 'Insulin']"
220,rf_shap_list_ir_4,rf_shap_list_ir_4_subset_100,orderStd,"['Glucose', 'BMI', 'DiabetesPedigreeFunction', 'Age', 'Insulin', 'BloodPressure', 'Pregnancies', 'SkinThickness']"
221,rf_shap_list_ir_4,rf_shap_list_ir_4_subset_100,orderSum,"['Glucose', 'BMI', 'Age', 'DiabetesPedigreeFunction', 'BloodPressure', 'Pregnancies', 'SkinThickness', 'Insulin']"
222,rf_shap_list_ir_4,rf_shap_list_ir_4_subset_108,orderMean,"['Glucose', 'BMI', 'Age', 'Pregnancies', 'DiabetesPedigreeFunction', 'BloodPressure', 'SkinThickness', 'Insulin']"
223,rf_shap_list_ir_4,rf_shap_list_ir_4_subset_108,orderStd,"['BMI', 'Glucose', 'Age', 'DiabetesPedigreeFunction', 'Pregnancies', 'BloodPressure', 'Insulin', 'SkinThickness']"
224,rf_shap_list_ir_4,rf_shap_list_ir_4_subset_108,orderSum,"['Glucose', 'BMI', 'Age', 'Pregnancies', 'DiabetesPedigreeFunction', 'BloodPressure', 'SkinThickness', 'Insulin']"
225,rf_shap_list_ir_1,rf_shap_list_ir_1_subset_100,orderMean,"['Glucose', 'BMI', 'Age', 'BloodPressure', 'DiabetesPedigreeFunction', 'SkinThickness', 'Pregnancies', 'Insulin']"
226,rf_shap_list_ir_1,rf_shap_list_ir_1_subset_100,orderStd,"['BMI', 'Glucose', 'Age', 'BloodPressure', 'SkinThickness', 'Pregnancies', 'DiabetesPedigreeFunction', 'Insulin']"
227,rf_shap_list_ir_1,rf_shap_list_ir_1_subset_100,orderSum,"['Glucose', 'BMI', 'Age', 'BloodPressure', 'DiabetesPedigreeFunction', 'SkinThickness', 'Pregnancies', 'Insulin']"
228,rf_shap_list_ir_1,rf_shap_list_ir_1_subset_99,orderMean,"['Pregnancies', 'Glucose', 'Age', 'BMI', 'BloodPressure', 'DiabetesPedigreeFunction', 'SkinThickness', 'Insulin']"
229,rf_shap_list_ir_1,rf_shap_list_ir_1_subset_99,orderStd,"['Glucose', 'Pregnancies', 'BMI', 'Age', 'DiabetesPedigreeFunction', 'SkinThickness', 'BloodPressure', 'Insulin']"
230,rf_shap_list_ir_1,rf_shap_list_ir_1_subset_99,orderSum,"['Pregnancies', 'Glucose', 'Age', 'BMI', 'BloodPressure', 'DiabetesPedigreeFunction', 'SkinThickness', 'Insulin']"
231,rf_shap_list_ir_3,rf_shap_list_ir_3_subset_125,orderMean,"['Glucose', 'BMI', 'Age', 'DiabetesPedigreeFunction', 'BloodPressure', 'Pregnancies', 'Insulin', 'SkinThickness']"
232,rf_shap_list_ir_3,rf_shap_list_ir_3_subset_125,orderStd,"['Glucose', 'BMI', 'Age', 'DiabetesPedigreeFunction', 'Insulin', 'BloodPressure', 'Pregnancies', 'SkinThickness']"
233,rf_shap_list_ir_3,rf_shap_list_ir_3_subset_125,orderSum,"['Glucose', 'BMI', 'Age', 'DiabetesPedigreeFunction', 'BloodPressure', 'Pregnancies', 'Insulin', 'SkinThickness']"
234,rf_shap_list_ir_2,rf_shap_list_ir_2_subset_85,orderMean,"['Glucose', 'BMI', 'Pregnancies', 'Age', 'DiabetesPedigreeFunction', 'BloodPressure', 'Insulin', 'SkinThickness']"
235,rf_shap_list_ir_2,rf_shap_list_ir_2_subset_85,orderStd,"['Glucose', 'BMI', 'Age', 'Pregnancies', 'BloodPressure', 'DiabetesPedigreeFunction', 'Insulin', 'SkinThickness']"
236,rf_shap_list_ir_2,rf_shap_list_ir_2_subset_85,orderSum,"['Glucose', 'BMI', 'Pregnancies', 'Age', 'DiabetesPedigreeFunction', 'BloodPressure', 'Insulin', 'SkinThickness']"
237,rf_shap_list_ir_4,rf_shap_list_ir_4_subset_35,orderMean,"['Glucose', 'BMI', 'Age', 'DiabetesPedigreeFunction', 'BloodPressure', 'SkinThickness', 'Pregnancies', 'Insulin']"
238,rf_shap_list_ir_4,rf_shap_list_ir_4_subset_35,orderStd,"['Glucose', 'BMI', 'Age', 'DiabetesPedigreeFunction', 'SkinThickness', 'Insulin', 'BloodPressure', 'Pregnancies']"
239,rf_shap_list_ir_4,rf_shap_list_ir_4_subset_35,orderSum,"['Glucose', 'BMI', 'Age', 'DiabetesPedigreeFunction', 'BloodPressure', 'SkinThickness', 'Pregnancies', 'Insulin']"
240,rf_shap_list_ir_1,rf_shap_list_ir_1_subset_107,orderMean,"['BMI', 'Glucose', 'Age', 'Pregnancies', 'BloodPressure', 'SkinThickness', 'Insulin', 'DiabetesPedigreeFunction']"
241,rf_shap_list_ir_1,rf_shap_list_ir_1_subset_107,orderStd,"['BMI', 'Glucose', 'Pregnancies', 'Age', 'BloodPressure', 'Insulin', 'DiabetesPedigreeFunction', 'SkinThickness']"
242,rf_shap_list_ir_1,rf_shap_list_ir_1_subset_107,orderSum,"['BMI', 'Glucose', 'Age', 'Pregnancies', 'BloodPressure', 'SkinThickness', 'Insulin', 'DiabetesPedigreeFunction']"
243,rf_shap_list_ir_3,rf_shap_list_ir_3_subset_77,orderMean,"['Glucose', 'BMI', 'Age', 'DiabetesPedigreeFunction', 'BloodPressure', 'SkinThickness', 'Pregnancies', 'Insulin']"
244,rf_shap_list_ir_3,rf_shap_list_ir_3_subset_77,orderStd,"['Glucose', 'BMI', 'Age', 'DiabetesPedigreeFunction', 'BloodPressure', 'Insulin', 'Pregnancies', 'SkinThickness']"
245,rf_shap_list_ir_3,rf_shap_list_ir_3_subset_77,orderSum,"['Glucose', 'BMI', 'Age', 'DiabetesPedigreeFunction', 'BloodPressure', 'SkinThickness', 'Pregnancies', 'Insulin']"
246,rf_shap_list_ir_1,rf_shap_list_ir_1_subset_69,orderMean,"['Glucose', 'BMI', 'Age', 'BloodPressure', 'DiabetesPedigreeFunction', 'Pregnancies', 'SkinThickness', 'Insulin']"
247,rf_shap_list_ir_1,rf_shap_list_ir_1_subset_69,orderStd,"['Glucose', 'BMI', 'Age', 'Insulin', 'BloodPressure', 'Pregnancies', 'DiabetesPedigreeFunction', 'SkinThickness']"
248,rf_shap_list_ir_1,rf_shap_list_ir_1_subset_69,orderSum,"['Glucose', 'BMI', 'Age', 'BloodPressure', 'DiabetesPedigreeFunction', 'Pregnancies', 'SkinThickness', 'Insulin']"
249,rf_shap_list_ir_4,rf_shap_list_ir_4_subset_59,orderMean,"['Glucose', 'BMI', 'Age', 'Pregnancies', 'DiabetesPedigreeFunction', 'Insulin', 'BloodPressure', 'SkinThickness']"
250,rf_shap_list_ir_4,rf_shap_list_ir_4_subset_59,orderStd,"['Glucose', 'BMI', 'Age', 'DiabetesPedigreeFunction', 'Pregnancies', 'Insulin', 'BloodPressure', 'SkinThickness']"
251,rf_shap_list_ir_4,rf_shap_list_ir_4_subset_59,orderSum,"['Glucose', 'BMI', 'Age', 'Pregnancies', 'DiabetesPedigreeFunction', 'Insulin', 'BloodPressure', 'SkinThickness']"
252,rf_shap_list_ir_2,rf_shap_list_ir_2_subset_8,orderMean,"['Glucose', 'BMI', 'DiabetesPedigreeFunction', 'Age', 'Pregnancies', 'BloodPressure', 'SkinThickness', 'Insulin']"
253,rf_shap_list_ir_2,rf_shap_list_ir_2_subset_8,orderStd,"['Glucose', 'BMI', 'DiabetesPedigreeFunction', 'Age', 'Pregnancies', 'Insulin', 'BloodPressure', 'SkinThickness']"
254,rf_shap_list_ir_2,rf_shap_list_ir_2_subset_8,orderSum,"['Glucose', 'BMI', 'DiabetesPedigreeFunction', 'Age', 'Pregnancies', 'BloodPressure', 'SkinThickness', 'Insulin']"
255,rf_shap_list_ir_3,rf_shap_list_ir_3_subset_70,orderMean,"['Glucose', 'BMI', 'Age', 'DiabetesPedigreeFunction', 'Insulin', 'Pregnancies', 'BloodPressure', 'SkinThickness']"
256,rf_shap_list_ir_3,rf_shap_list_ir_3_subset_70,orderStd,"['Glucose', 'BMI', 'DiabetesPedigreeFunction', 'Age', 'Pregnancies', 'Insulin', 'BloodPressure', 'SkinThickness']"
257,rf_shap_list_ir_3,rf_shap_list_ir_3_subset_70,orderSum,"['Glucose', 'BMI', 'Age', 'DiabetesPedigreeFunction', 'Insulin', 'Pregnancies', 'BloodPressure', 'SkinThickness']"
258,rf_shap_list_ir_4,rf_shap_list_ir_4_subset_125,orderMean,"['Glucose', 'BMI', 'DiabetesPedigreeFunction', 'Age', 'Pregnancies', 'BloodPressure', 'Insulin', 'SkinThickness']"
259,rf_shap_list_ir_4,rf_shap_list_ir_4_subset_125,orderStd,"['Glucose', 'BMI', 'DiabetesPedigreeFunction', 'Age', 'Insulin', 'Pregnancies', 'BloodPressure', 'SkinThickness']"
260,rf_shap_list_ir_4,rf_shap_list_ir_4_subset_125,orderSum,"['Glucose', 'BMI', 'DiabetesPedigreeFunction', 'Age', 'Pregnancies', 'BloodPressure', 'Insulin', 'SkinThickness']"
261,rf_shap_list_ir_5,rf_shap_list_ir_5_subset_86,orderMean,"['Glucose', 'BMI', 'Age', 'DiabetesPedigreeFunction', 'Pregnancies', 'SkinThickness', 'BloodPressure', 'Insulin']"
262,rf_shap_list_ir_5,rf_shap_list_ir_5_subset_86,orderStd,"['BMI', 'Glucose', 'Age', 'DiabetesPedigreeFunction', 'Pregnancies', 'SkinThickness', 'BloodPressure', 'Insulin']"
263,rf_shap_list_ir_5,rf_shap_list_ir_5_subset_86,orderSum,"['Glucose', 'BMI', 'Age', 'DiabetesPedigreeFunction', 'Pregnancies', 'SkinThickness', 'BloodPressure', 'Insulin']"
264,rf_shap_list_ir_1,rf_shap_list_ir_1_subset_30,orderMean,"['Age', 'BMI', 'BloodPressure', 'Glucose', 'DiabetesPedigreeFunction', 'Pregnancies', 'SkinThickness', 'Insulin']"
265,rf_shap_list_ir_1,rf_shap_list_ir_1_subset_30,orderStd,"['Age', 'BMI', 'BloodPressure', 'DiabetesPedigreeFunction', 'Glucose', 'SkinThickness', 'Pregnancies', 'Insulin']"
266,rf_shap_list_ir_1,rf_shap_list_ir_1_subset_30,orderSum,"['Age', 'BMI', 'BloodPressure', 'Glucose', 'DiabetesPedigreeFunction', 'Pregnancies', 'SkinThickness', 'Insulin']"
267,rf_shap_list_ir_5,rf_shap_list_ir_5_subset_88,orderMean,"['Glucose', 'BMI', 'DiabetesPedigreeFunction', 'Age', 'SkinThickness', 'Pregnancies', 'BloodPressure', 'Insulin']"
268,rf_shap_list_ir_5,rf_shap_list_ir_5_subset_88,orderStd,"['BMI', 'Glucose', 'Age', 'DiabetesPedigreeFunction', 'Insulin', 'Pregnancies', 'SkinThickness', 'BloodPressure']"
269,rf_shap_list_ir_5,rf_shap_list_ir_5_subset_88,orderSum,"['Glucose', 'BMI', 'DiabetesPedigreeFunction', 'Age', 'SkinThickness', 'Pregnancies', 'BloodPressure', 'Insulin']"
270,rf_shap_list_ir_2,rf_shap_list_ir_2_subset_35,orderMean,"['Glucose', 'BMI', 'Age', 'DiabetesPedigreeFunction', 'BloodPressure', 'Pregnancies', 'SkinThickness', 'Insulin']"
271,rf_shap_list_ir_2,rf_shap_list_ir_2_subset_35,orderStd,"['Glucose', 'BMI', 'Age', 'DiabetesPedigreeFunction', 'BloodPressure', 'Pregnancies', 'Insulin', 'SkinThickness']"
272,rf_shap_list_ir_2,rf_shap_list_ir_2_subset_35,orderSum,"['Glucose', 'BMI', 'Age', 'DiabetesPedigreeFunction', 'BloodPressure', 'Pregnancies', 'SkinThickness', 'Insulin']"
273,rf_shap_list_ir_2,rf_shap_list_ir_2_subset_106,orderMean,"['Glucose', 'BMI', 'Age', 'DiabetesPedigreeFunction', 'BloodPressure', 'Pregnancies', 'SkinThickness', 'Insulin']"
274,rf_shap_list_ir_2,rf_shap_list_ir_2_subset_106,orderStd,"['Glucose', 'BMI', 'Age', 'BloodPressure', 'DiabetesPedigreeFunction', 'Pregnancies', 'Insulin', 'SkinThickness']"
275,rf_shap_list_ir_2,rf_shap_list_ir_2_subset_106,orderSum,"['Glucose', 'BMI', 'Age', 'DiabetesPedigreeFunction', 'BloodPressure', 'Pregnancies', 'SkinThickness', 'Insulin']"
276,rf_shap_list_ir_5,rf_shap_list_ir_5_subset_34,orderMean,"['Glucose', 'BMI', 'Age', 'DiabetesPedigreeFunction', 'Pregnancies', 'Insulin', 'BloodPressure', 'SkinThickness']"
277,rf_shap_list_ir_5,rf_shap_list_ir_5_subset_34,orderStd,"['Glucose', 'BMI', 'Age', 'DiabetesPedigreeFunction', 'Insulin', 'Pregnancies', 'BloodPressure', 'SkinThickness']"
278,rf_shap_list_ir_5,rf_shap_list_ir_5_subset_34,orderSum,"['Glucose', 'BMI', 'Age', 'DiabetesPedigreeFunction', 'Pregnancies', 'Insulin', 'BloodPressure', 'SkinThickness']"
279,rf_shap_list_ir_5,rf_shap_list_ir_5_subset_69,orderMean,"['Glucose', 'BMI', 'Age', 'DiabetesPedigreeFunction', 'Pregnancies', 'SkinThickness', 'BloodPressure', 'Insulin']"
280,rf_shap_list_ir_5,rf_shap_list_ir_5_subset_69,orderStd,"['BMI', 'Glucose', 'Age', 'DiabetesPedigreeFunction', 'SkinThickness', 'Insulin', 'BloodPressure', 'Pregnancies']"
281,rf_shap_list_ir_5,rf_shap_list_ir_5_subset_69,orderSum,"['Glucose', 'BMI', 'Age', 'DiabetesPedigreeFunction', 'Pregnancies', 'SkinThickness', 'BloodPressure', 'Insulin']"
282,rf_shap_list_ir_2,rf_shap_list_ir_2_subset_79,orderMean,"['Glucose', 'BMI', 'BloodPressure', 'Age', 'DiabetesPedigreeFunction', 'Pregnancies', 'SkinThickness', 'Insulin']"
283,rf_shap_list_ir_2,rf_shap_list_ir_2_subset_79,orderStd,"['Glucose', 'BMI', 'BloodPressure', 'Age', 'DiabetesPedigreeFunction', 'SkinThickness', 'Pregnancies', 'Insulin']"
284,rf_shap_list_ir_2,rf_shap_list_ir_2_subset_79,orderSum,"['Glucose', 'BMI', 'BloodPressure', 'Age', 'DiabetesPedigreeFunction', 'Pregnancies', 'SkinThickness', 'Insulin']"
285,rf_shap_list_ir_4,rf_shap_list_ir_4_subset_21,orderMean,"['Glucose', 'Age', 'BMI', 'DiabetesPedigreeFunction', 'Pregnancies', 'BloodPressure', 'SkinThickness', 'Insulin']"
286,rf_shap_list_ir_4,rf_shap_list_ir_4_subset_21,orderStd,"['Glucose', 'BMI', 'Age', 'DiabetesPedigreeFunction', 'Pregnancies', 'BloodPressure', 'Insulin', 'SkinThickness']"
287,rf_shap_list_ir_4,rf_shap_list_ir_4_subset_21,orderSum,"['Glucose', 'Age', 'BMI', 'DiabetesPedigreeFunction', 'Pregnancies', 'BloodPressure', 'SkinThickness', 'Insulin']"
288,rf_shap_list_ir_5,rf_shap_list_ir_5_subset_79,orderMean,"['Glucose', 'BMI', 'Age', 'DiabetesPedigreeFunction', 'BloodPressure', 'Pregnancies', 'Insulin', 'SkinThickness']"
289,rf_shap_list_ir_5,rf_shap_list_ir_5_subset_79,orderStd,"['BMI', 'Glucose', 'Age', 'DiabetesPedigreeFunction', 'BloodPressure', 'Insulin', 'Pregnancies', 'SkinThickness']"
290,rf_shap_list_ir_5,rf_shap_list_ir_5_subset_79,orderSum,"['Glucose', 'BMI', 'Age', 'DiabetesPedigreeFunction', 'BloodPressure', 'Pregnancies', 'Insulin', 'SkinThickness']"
291,rf_shap_list_ir_4,rf_shap_list_ir_4_subset_109,orderMean,"['Glucose', 'BMI', 'Age', 'DiabetesPedigreeFunction', 'BloodPressure', 'Insulin', 'Pregnancies', 'SkinThickness']"
292,rf_shap_list_ir_4,rf_shap_list_ir_4_subset_109,orderStd,"['Glucose', 'BMI', 'Age', 'Insulin', 'DiabetesPedigreeFunction', 'Pregnancies', 'BloodPressure', 'SkinThickness']"
293,rf_shap_list_ir_4,rf_shap_list_ir_4_subset_109,orderSum,"['Glucose', 'BMI', 'Age', 'DiabetesPedigreeFunction', 'BloodPressure', 'Insulin', 'Pregnancies', 'SkinThickness']"
294,rf_shap_list_ir_4,rf_shap_list_ir_4_subset_5,orderMean,"['Glucose', 'BMI', 'Age', 'DiabetesPedigreeFunction', 'Pregnancies', 'BloodPressure', 'Insulin', 'SkinThickness']"
295,rf_shap_list_ir_4,rf_shap_list_ir_4_subset_5,orderStd,"['Glucose', 'BMI', 'Age', 'DiabetesPedigreeFunction', 'Insulin', 'Pregnancies', 'BloodPressure', 'SkinThickness']"
296,rf_shap_list_ir_4,rf_shap_list_ir_4_subset_5,orderSum,"['Glucose', 'BMI', 'Age', 'DiabetesPedigreeFunction', 'Pregnancies', 'BloodPressure', 'Insulin', 'SkinThickness']"
297,rf_shap_list_ir_1,rf_shap_list_ir_1_subset_152,orderMean,"['Glucose', 'BMI', 'BloodPressure', 'Age', 'Pregnancies', 'DiabetesPedigreeFunction', 'SkinThickness', 'Insulin']"
298,rf_shap_list_ir_1,rf_shap_list_ir_1_subset_152,orderStd,"['BMI', 'Glucose', 'Age', 'BloodPressure', 'DiabetesPedigreeFunction', 'Pregnancies', 'Insulin', 'SkinThickness']"
299,rf_shap_list_ir_1,rf_shap_list_ir_1_subset_152,orderSum,"['Glucose', 'BMI', 'BloodPressure', 'Age', 'Pregnancies', 'DiabetesPedigreeFunction', 'SkinThickness', 'Insulin']"
300,rf_shap_list_ir_2,rf_shap_list_ir_2_subset_133,orderMean,"['Glucose', 'BMI', 'Age', 'DiabetesPedigreeFunction', 'SkinThickness', 'BloodPressure', 'Pregnancies', 'Insulin']"
301,rf_shap_list_ir_2,rf_shap_list_ir_2_subset_133,orderStd,"['Glucose', 'BMI', 'Age', 'SkinThickness', 'Pregnancies', 'DiabetesPedigreeFunction', 'Insulin', 'BloodPressure']"
302,rf_shap_list_ir_2,rf_shap_list_ir_2_subset_133,orderSum,"['Glucose', 'BMI', 'Age', 'DiabetesPedigreeFunction', 'SkinThickness', 'BloodPressure', 'Pregnancies', 'Insulin']"
303,rf_shap_list_ir_5,rf_shap_list_ir_5_subset_149,orderMean,"['Glucose', 'Age', 'BMI', 'DiabetesPedigreeFunction', 'BloodPressure', 'Pregnancies', 'SkinThickness', 'Insulin']"
304,rf_shap_list_ir_5,rf_shap_list_ir_5_subset_149,orderStd,"['Glucose', 'BMI', 'Age', 'DiabetesPedigreeFunction', 'Insulin', 'Pregnancies', 'BloodPressure', 'SkinThickness']"
305,rf_shap_list_ir_5,rf_shap_list_ir_5_subset_149,orderSum,"['Glucose', 'Age', 'BMI', 'DiabetesPedigreeFunction', 'BloodPressure', 'Pregnancies', 'SkinThickness', 'Insulin']"
306,rf_shap_list_ir_1,rf_shap_list_ir_1_subset_41,orderMean,"['BMI', 'Glucose', 'Age', 'DiabetesPedigreeFunction', 'BloodPressure', 'SkinThickness', 'Pregnancies', 'Insulin']"
307,rf_shap_list_ir_1,rf_shap_list_ir_1_subset_41,orderStd,"['DiabetesPedigreeFunction', 'BMI', 'Glucose', 'BloodPressure', 'Age', 'Insulin', 'SkinThickness', 'Pregnancies']"
308,rf_shap_list_ir_1,rf_shap_list_ir_1_subset_41,orderSum,"['BMI', 'Glucose', 'Age', 'DiabetesPedigreeFunction', 'BloodPressure', 'SkinThickness', 'Pregnancies', 'Insulin']"
309,rf_shap_list_ir_1,rf_shap_list_ir_1_subset_123,orderMean,"['Age', 'DiabetesPedigreeFunction', 'BMI', 'Glucose', 'Pregnancies', 'BloodPressure', 'Insulin', 'SkinThickness']"
310,rf_shap_list_ir_1,rf_shap_list_ir_1_subset_123,orderStd,"['BMI', 'DiabetesPedigreeFunction', 'Glucose', 'Age', 'Pregnancies', 'SkinThickness', 'BloodPressure', 'Insulin']"
311,rf_shap_list_ir_1,rf_shap_list_ir_1_subset_123,orderSum,"['Age', 'DiabetesPedigreeFunction', 'BMI', 'Glucose', 'Pregnancies', 'BloodPressure', 'Insulin', 'SkinThickness']"
312,rf_shap_list_ir_2,rf_shap_list_ir_2_subset_59,orderMean,"['Glucose', 'BMI', 'DiabetesPedigreeFunction', 'BloodPressure', 'Age', 'Pregnancies', 'Insulin', 'SkinThickness']"
313,rf_shap_list_ir_2,rf_shap_list_ir_2_subset_59,orderStd,"['BMI', 'Glucose', 'DiabetesPedigreeFunction', 'Insulin', 'BloodPressure', 'Pregnancies', 'Age', 'SkinThickness']"
314,rf_shap_list_ir_2,rf_shap_list_ir_2_subset_59,orderSum,"['Glucose', 'BMI', 'DiabetesPedigreeFunction', 'BloodPressure', 'Age', 'Pregnancies', 'Insulin', 'SkinThickness']"
315,rf_shap_list_ir_5,rf_shap_list_ir_5_subset_50,orderMean,"['Glucose', 'BMI', 'Age', 'DiabetesPedigreeFunction', 'Pregnancies', 'SkinThickness', 'BloodPressure', 'Insulin']"
316,rf_shap_list_ir_5,rf_shap_list_ir_5_subset_50,orderStd,"['Glucose', 'BMI', 'Age', 'DiabetesPedigreeFunction', 'Pregnancies', 'SkinThickness', 'Insulin', 'BloodPressure']"
317,rf_shap_list_ir_5,rf_shap_list_ir_5_subset_50,orderSum,"['Glucose', 'BMI', 'Age', 'DiabetesPedigreeFunction', 'Pregnancies', 'SkinThickness', 'BloodPressure', 'Insulin']"
318,rf_shap_list_ir_3,rf_shap_list_ir_3_subset_98,orderMean,"['Glucose', 'BMI', 'DiabetesPedigreeFunction', 'Pregnancies', 'Age', 'BloodPressure', 'SkinThickness', 'Insulin']"
319,rf_shap_list_ir_3,rf_shap_list_ir_3_subset_98,orderStd,"['Glucose', 'BMI', 'DiabetesPedigreeFunction', 'Pregnancies', 'Age', 'BloodPressure', 'Insulin', 'SkinThickness']"
320,rf_shap_list_ir_3,rf_shap_list_ir_3_subset_98,orderSum,"['Glucose', 'BMI', 'DiabetesPedigreeFunction', 'Pregnancies', 'Age', 'BloodPressure', 'SkinThickness', 'Insulin']"
321,rf_shap_list_ir_4,rf_shap_list_ir_4_subset_129,orderMean,"['Glucose', 'Age', 'BMI', 'DiabetesPedigreeFunction', 'Insulin', 'Pregnancies', 'BloodPressure', 'SkinThickness']"
322,rf_shap_list_ir_4,rf_shap_list_ir_4_subset_129,orderStd,"['Glucose', 'BMI', 'Age', 'DiabetesPedigreeFunction', 'Insulin', 'BloodPressure', 'Pregnancies', 'SkinThickness']"
323,rf_shap_list_ir_4,rf_shap_list_ir_4_subset_129,orderSum,"['Glucose', 'Age', 'BMI', 'DiabetesPedigreeFunction', 'Insulin', 'Pregnancies', 'BloodPressure', 'SkinThickness']"
324,rf_shap_list_ir_5,rf_shap_list_ir_5_subset_31,orderMean,"['Glucose', 'BMI', 'Age', 'DiabetesPedigreeFunction', 'Pregnancies', 'SkinThickness', 'BloodPressure', 'Insulin']"
325,rf_shap_list_ir_5,rf_shap_list_ir_5_subset_31,orderStd,"['Glucose', 'BMI', 'DiabetesPedigreeFunction', 'Age', 'Pregnancies', 'Insulin', 'SkinThickness', 'BloodPressure']"
326,rf_shap_list_ir_5,rf_shap_list_ir_5_subset_31,orderSum,"['Glucose', 'BMI', 'Age', 'DiabetesPedigreeFunction', 'Pregnancies', 'SkinThickness', 'BloodPressure', 'Insulin']"
327,rf_shap_list_ir_3,rf_shap_list_ir_3_subset_145,orderMean,"['Glucose', 'BMI', 'DiabetesPedigreeFunction', 'Age', 'Pregnancies', 'BloodPressure', 'SkinThickness', 'Insulin']"
328,rf_shap_list_ir_3,rf_shap_list_ir_3_subset_145,orderStd,"['Glucose', 'BMI', 'DiabetesPedigreeFunction', 'Age', 'Pregnancies', 'Insulin', 'BloodPressure', 'SkinThickness']"
329,rf_shap_list_ir_3,rf_shap_list_ir_3_subset_145,orderSum,"['Glucose', 'BMI', 'DiabetesPedigreeFunction', 'Age', 'Pregnancies', 'BloodPressure', 'SkinThickness', 'Insulin']"
330,rf_shap_list_ir_4,rf_shap_list_ir_4_subset_134,orderMean,"['Glucose', 'BMI', 'DiabetesPedigreeFunction', 'Age', 'Pregnancies', 'BloodPressure', 'Insulin', 'SkinThickness']"
331,rf_shap_list_ir_4,rf_shap_list_ir_4_subset_134,orderStd,"['Glucose', 'BMI', 'DiabetesPedigreeFunction', 'Age', 'Pregnancies', 'Insulin', 'BloodPressure', 'SkinThickness']"
332,rf_shap_list_ir_4,rf_shap_list_ir_4_subset_134,orderSum,"['Glucose', 'BMI', 'DiabetesPedigreeFunction', 'Age', 'Pregnancies', 'BloodPressure', 'Insulin', 'SkinThickness']"
333,rf_shap_list_ir_2,rf_shap_list_ir_2_subset_58,orderMean,"['Glucose', 'DiabetesPedigreeFunction', 'BMI', 'Age', 'Pregnancies', 'BloodPressure', 'SkinThickness', 'Insulin']"
334,rf_shap_list_ir_2,rf_shap_list_ir_2_subset_58,orderStd,"['Glucose', 'DiabetesPedigreeFunction', 'BMI', 'Age', 'Pregnancies', 'SkinThickness', 'BloodPressure', 'Insulin']"
335,rf_shap_list_ir_2,rf_shap_list_ir_2_subset_58,orderSum,"['Glucose', 'DiabetesPedigreeFunction', 'BMI', 'Age', 'Pregnancies', 'BloodPressure', 'SkinThickness', 'Insulin']"
336,rf_shap_list_ir_2,rf_shap_list_ir_2_subset_139,orderMean,"['Glucose', 'BMI', 'DiabetesPedigreeFunction', 'BloodPressure', 'Age', 'Pregnancies', 'SkinThickness', 'Insulin']"
337,rf_shap_list_ir_2,rf_shap_list_ir_2_subset_139,orderStd,"['Glucose', 'BMI', 'DiabetesPedigreeFunction', 'BloodPressure', 'Insulin', 'Age', 'Pregnancies', 'SkinThickness']"
338,rf_shap_list_ir_2,rf_shap_list_ir_2_subset_139,orderSum,"['Glucose', 'BMI', 'DiabetesPedigreeFunction', 'BloodPressure', 'Age', 'Pregnancies', 'SkinThickness', 'Insulin']"
339,rf_shap_list_ir_4,rf_shap_list_ir_4_subset_67,orderMean,"['Glucose', 'BMI', 'DiabetesPedigreeFunction', 'Age', 'Pregnancies', 'BloodPressure', 'SkinThickness', 'Insulin']"
340,rf_shap_list_ir_4,rf_shap_list_ir_4_subset_67,orderStd,"['Glucose', 'BMI', 'DiabetesPedigreeFunction', 'Age', 'Pregnancies', 'Insulin', 'BloodPressure', 'SkinThickness']"
341,rf_shap_list_ir_4,rf_shap_list_ir_4_subset_67,orderSum,"['Glucose', 'BMI', 'DiabetesPedigreeFunction', 'Age', 'Pregnancies', 'BloodPressure', 'SkinThickness', 'Insulin']"
342,rf_shap_list_ir_3,rf_shap_list_ir_3_subset_54,orderMean,"['Glucose', 'BMI', 'Age', 'DiabetesPedigreeFunction', 'Pregnancies', 'BloodPressure', 'Insulin', 'SkinThickness']"
343,rf_shap_list_ir_3,rf_shap_list_ir_3_subset_54,orderStd,"['Glucose', 'BMI', 'Age', 'DiabetesPedigreeFunction', 'Pregnancies', 'Insulin', 'BloodPressure', 'SkinThickness']"
344,rf_shap_list_ir_3,rf_shap_list_ir_3_subset_54,orderSum,"['Glucose', 'BMI', 'Age', 'DiabetesPedigreeFunction', 'Pregnancies', 'BloodPressure', 'Insulin', 'SkinThickness']"
345,rf_shap_list_ir_2,rf_shap_list_ir_2_subset_65,orderMean,"['Glucose', 'BMI', 'DiabetesPedigreeFunction', 'Age', 'BloodPressure', 'Pregnancies', 'SkinThickness', 'Insulin']"
346,rf_shap_list_ir_2,rf_shap_list_ir_2_subset_65,orderStd,"['Glucose', 'BMI', 'DiabetesPedigreeFunction', 'Age', 'Insulin', 'Pregnancies', 'BloodPressure', 'SkinThickness']"
347,rf_shap_list_ir_2,rf_shap_list_ir_2_subset_65,orderSum,"['Glucose', 'BMI', 'DiabetesPedigreeFunction', 'Age', 'BloodPressure', 'Pregnancies', 'SkinThickness', 'Insulin']"
348,rf_shap_list_ir_1,rf_shap_list_ir_1_subset_128,orderMean,"['Glucose', 'BMI', 'DiabetesPedigreeFunction', 'BloodPressure', 'Age', 'Pregnancies', 'SkinThickness', 'Insulin']"
349,rf_shap_list_ir_1,rf_shap_list_ir_1_subset_128,orderStd,"['Glucose', 'BMI', 'DiabetesPedigreeFunction', 'Age', 'BloodPressure', 'SkinThickness', 'Pregnancies', 'Insulin']"
350,rf_shap_list_ir_1,rf_shap_list_ir_1_subset_128,orderSum,"['Glucose', 'BMI', 'DiabetesPedigreeFunction', 'BloodPressure', 'Age', 'Pregnancies', 'SkinThickness', 'Insulin']"
351,rf_shap_list_ir_1,rf_shap_list_ir_1_subset_97,orderMean,"['Glucose', 'Pregnancies', 'BMI', 'DiabetesPedigreeFunction', 'Age', 'BloodPressure', 'SkinThickness', 'Insulin']"
352,rf_shap_list_ir_1,rf_shap_list_ir_1_subset_97,orderStd,"['Glucose', 'Pregnancies', 'BMI', 'Age', 'BloodPressure', 'DiabetesPedigreeFunction', 'SkinThickness', 'Insulin']"
353,rf_shap_list_ir_1,rf_shap_list_ir_1_subset_97,orderSum,"['Glucose', 'Pregnancies', 'BMI', 'DiabetesPedigreeFunction', 'Age', 'BloodPressure', 'SkinThickness', 'Insulin']"
354,rf_shap_list_ir_1,rf_shap_list_ir_1_subset_8,orderMean,"['Glucose', 'Age', 'Pregnancies', 'BloodPressure', 'BMI', 'DiabetesPedigreeFunction', 'SkinThickness', 'Insulin']"
355,rf_shap_list_ir_1,rf_shap_list_ir_1_subset_8,orderStd,"['Glucose', 'Pregnancies', 'BMI', 'BloodPressure', 'Age', 'DiabetesPedigreeFunction', 'SkinThickness', 'Insulin']"
356,rf_shap_list_ir_1,rf_shap_list_ir_1_subset_8,orderSum,"['Glucose', 'Age', 'Pregnancies', 'BloodPressure', 'BMI', 'DiabetesPedigreeFunction', 'SkinThickness', 'Insulin']"
357,rf_shap_list_ir_1,rf_shap_list_ir_1_subset_68,orderMean,"['Glucose', 'BMI', 'DiabetesPedigreeFunction', 'BloodPressure', 'Age', 'Pregnancies', 'Insulin', 'SkinThickness']"
358,rf_shap_list_ir_1,rf_shap_list_ir_1_subset_68,orderStd,"['Glucose', 'BMI', 'BloodPressure', 'DiabetesPedigreeFunction', 'Age', 'Pregnancies', 'SkinThickness', 'Insulin']"
359,rf_shap_list_ir_1,rf_shap_list_ir_1_subset_68,orderSum,"['Glucose', 'BMI', 'DiabetesPedigreeFunction', 'BloodPressure', 'Age', 'Pregnancies', 'Insulin', 'SkinThickness']"
360,rf_shap_list_ir_4,rf_shap_list_ir_4_subset_98,orderMean,"['Glucose', 'BMI', 'Age', 'DiabetesPedigreeFunction', 'Pregnancies', 'BloodPressure', 'SkinThickness', 'Insulin']"
361,rf_shap_list_ir_4,rf_shap_list_ir_4_subset_98,orderStd,"['Glucose', 'BMI', 'DiabetesPedigreeFunction', 'Age', 'Pregnancies', 'Insulin', 'BloodPressure', 'SkinThickness']"
362,rf_shap_list_ir_4,rf_shap_list_ir_4_subset_98,orderSum,"['Glucose', 'BMI', 'Age', 'DiabetesPedigreeFunction', 'Pregnancies', 'BloodPressure', 'SkinThickness', 'Insulin']"
363,rf_shap_list_ir_5,rf_shap_list_ir_5_subset_103,orderMean,"['Glucose', 'Age', 'BMI', 'Pregnancies', 'DiabetesPedigreeFunction', 'Insulin', 'BloodPressure', 'SkinThickness']"
364,rf_shap_list_ir_5,rf_shap_list_ir_5_subset_103,orderStd,"['Glucose', 'BMI', 'Age', 'Pregnancies', 'DiabetesPedigreeFunction', 'Insulin', 'BloodPressure', 'SkinThickness']"
365,rf_shap_list_ir_5,rf_shap_list_ir_5_subset_103,orderSum,"['Glucose', 'Age', 'BMI', 'Pregnancies', 'DiabetesPedigreeFunction', 'Insulin', 'BloodPressure', 'SkinThickness']"
366,rf_shap_list_ir_5,rf_shap_list_ir_5_subset_92,orderMean,"['Glucose', 'BMI', 'Age', 'DiabetesPedigreeFunction', 'Pregnancies', 'BloodPressure', 'Insulin', 'SkinThickness']"
367,rf_shap_list_ir_5,rf_shap_list_ir_5_subset_92,orderStd,"['Glucose', 'BMI', 'Age', 'DiabetesPedigreeFunction', 'Insulin', 'BloodPressure', 'Pregnancies', 'SkinThickness']"
368,rf_shap_list_ir_5,rf_shap_list_ir_5_subset_92,orderSum,"['Glucose', 'BMI', 'Age', 'DiabetesPedigreeFunction', 'Pregnancies', 'BloodPressure', 'Insulin', 'SkinThickness']"
369,rf_shap_list_ir_4,rf_shap_list_ir_4_subset_62,orderMean,"['Glucose', 'Age', 'BMI', 'Pregnancies', 'DiabetesPedigreeFunction', 'BloodPressure', 'Insulin', 'SkinThickness']"
370,rf_shap_list_ir_4,rf_shap_list_ir_4_subset_62,orderStd,"['Glucose', 'BMI', 'Age', 'DiabetesPedigreeFunction', 'Pregnancies', 'BloodPressure', 'Insulin', 'SkinThickness']"
371,rf_shap_list_ir_4,rf_shap_list_ir_4_subset_62,orderSum,"['Glucose', 'Age', 'BMI', 'Pregnancies', 'DiabetesPedigreeFunction', 'BloodPressure', 'Insulin', 'SkinThickness']"
372,rf_shap_list_ir_4,rf_shap_list_ir_4_subset_51,orderMean,"['Glucose', 'BMI', 'DiabetesPedigreeFunction', 'Age', 'Pregnancies', 'BloodPressure', 'Insulin', 'SkinThickness']"
373,rf_shap_list_ir_4,rf_shap_list_ir_4_subset_51,orderStd,"['Glucose', 'BMI', 'DiabetesPedigreeFunction', 'Age', 'BloodPressure', 'Pregnancies', 'Insulin', 'SkinThickness']"
374,rf_shap_list_ir_4,rf_shap_list_ir_4_subset_51,orderSum,"['Glucose', 'BMI', 'DiabetesPedigreeFunction', 'Age', 'Pregnancies', 'BloodPressure', 'Insulin', 'SkinThickness']"
375,rf_shap_list_ir_3,rf_shap_list_ir_3_subset_25,orderMean,"['Glucose', 'BMI', 'Age', 'DiabetesPedigreeFunction', 'Insulin', 'Pregnancies', 'BloodPressure', 'SkinThickness']"
376,rf_shap_list_ir_3,rf_shap_list_ir_3_subset_25,orderStd,"['BMI', 'Glucose', 'Age', 'DiabetesPedigreeFunction', 'Insulin', 'Pregnancies', 'BloodPressure', 'SkinThickness']"
377,rf_shap_list_ir_3,rf_shap_list_ir_3_subset_25,orderSum,"['Glucose', 'BMI', 'Age', 'DiabetesPedigreeFunction', 'Insulin', 'Pregnancies', 'BloodPressure', 'SkinThickness']"
378,rf_shap_list_ir_4,rf_shap_list_ir_4_subset_121,orderMean,"['Glucose', 'BMI', 'Age', 'DiabetesPedigreeFunction', 'BloodPressure', 'SkinThickness', 'Insulin', 'Pregnancies']"
379,rf_shap_list_ir_4,rf_shap_list_ir_4_subset_121,orderStd,"['Glucose', 'BMI', 'DiabetesPedigreeFunction', 'Age', 'BloodPressure', 'Insulin', 'Pregnancies', 'SkinThickness']"
380,rf_shap_list_ir_4,rf_shap_list_ir_4_subset_121,orderSum,"['Glucose', 'BMI', 'Age', 'DiabetesPedigreeFunction', 'BloodPressure', 'SkinThickness', 'Insulin', 'Pregnancies']"
381,rf_shap_list_ir_4,rf_shap_list_ir_4_subset_138,orderMean,"['Glucose', 'Age', 'BMI', 'DiabetesPedigreeFunction', 'Pregnancies', 'BloodPressure', 'SkinThickness', 'Insulin']"
382,rf_shap_list_ir_4,rf_shap_list_ir_4_subset_138,orderStd,"['BMI', 'Glucose', 'Age', 'DiabetesPedigreeFunction', 'Pregnancies', 'BloodPressure', 'Insulin', 'SkinThickness']"
383,rf_shap_list_ir_4,rf_shap_list_ir_4_subset_138,orderSum,"['Glucose', 'Age', 'BMI', 'DiabetesPedigreeFunction', 'Pregnancies', 'BloodPressure', 'SkinThickness', 'Insulin']"
384,rf_shap_list_ir_3,rf_shap_list_ir_3_subset_134,orderMean,"['Glucose', 'BMI', 'DiabetesPedigreeFunction', 'Age', 'BloodPressure', 'Insulin', 'SkinThickness', 'Pregnancies']"
385,rf_shap_list_ir_3,rf_shap_list_ir_3_subset_134,orderStd,"['BMI', 'Glucose', 'Age', 'DiabetesPedigreeFunction', 'Insulin', 'BloodPressure', 'Pregnancies', 'SkinThickness']"
386,rf_shap_list_ir_3,rf_shap_list_ir_3_subset_134,orderSum,"['Glucose', 'BMI', 'DiabetesPedigreeFunction', 'Age', 'BloodPressure', 'Insulin', 'SkinThickness', 'Pregnancies']"
387,rf_shap_list_ir_3,rf_shap_list_ir_3_subset_90,orderMean,"['Glucose', 'BMI', 'Age', 'DiabetesPedigreeFunction', 'BloodPressure', 'Pregnancies', 'Insulin', 'SkinThickness']"
388,rf_shap_list_ir_3,rf_shap_list_ir_3_subset_90,orderStd,"['Glucose', 'BMI', 'Age', 'DiabetesPedigreeFunction', 'SkinThickness', 'Insulin', 'BloodPressure', 'Pregnancies']"
389,rf_shap_list_ir_3,rf_shap_list_ir_3_subset_90,orderSum,"['Glucose', 'BMI', 'Age', 'DiabetesPedigreeFunction', 'BloodPressure', 'Pregnancies', 'Insulin', 'SkinThickness']"
390,rf_shap_list_ir_2,rf_shap_list_ir_2_subset_45,orderMean,"['Age', 'Glucose', 'BMI', 'DiabetesPedigreeFunction', 'BloodPressure', 'Pregnancies', 'SkinThickness', 'Insulin']"
391,rf_shap_list_ir_2,rf_shap_list_ir_2_subset_45,orderStd,"['Age', 'Glucose', 'BMI', 'DiabetesPedigreeFunction', 'BloodPressure', 'Insulin', 'Pregnancies', 'SkinThickness']"
392,rf_shap_list_ir_2,rf_shap_list_ir_2_subset_45,orderSum,"['Age', 'Glucose', 'BMI', 'DiabetesPedigreeFunction', 'BloodPressure', 'Pregnancies', 'SkinThickness', 'Insulin']"
393,rf_shap_list_ir_5,rf_shap_list_ir_5_subset_15,orderMean,"['Glucose', 'BMI', 'Age', 'Pregnancies', 'DiabetesPedigreeFunction', 'SkinThickness', 'Insulin', 'BloodPressure']"
394,rf_shap_list_ir_5,rf_shap_list_ir_5_subset_15,orderStd,"['Glucose', 'BMI', 'Age', 'DiabetesPedigreeFunction', 'Pregnancies', 'Insulin', 'BloodPressure', 'SkinThickness']"
395,rf_shap_list_ir_5,rf_shap_list_ir_5_subset_15,orderSum,"['Glucose', 'BMI', 'Age', 'Pregnancies', 'DiabetesPedigreeFunction', 'SkinThickness', 'Insulin', 'BloodPressure']"
396,rf_shap_list_ir_5,rf_shap_list_ir_5_subset_160,orderMean,"['Glucose', 'BMI', 'Age', 'Pregnancies', 'DiabetesPedigreeFunction', 'BloodPressure', 'SkinThickness', 'Insulin']"
397,rf_shap_list_ir_5,rf_shap_list_ir_5_subset_160,orderStd,"['Glucose', 'BMI', 'Age', 'DiabetesPedigreeFunction', 'Pregnancies', 'BloodPressure', 'Insulin', 'SkinThickness']"
398,rf_shap_list_ir_5,rf_shap_list_ir_5_subset_160,orderSum,"['Glucose', 'BMI', 'Age', 'Pregnancies', 'DiabetesPedigreeFunction', 'BloodPressure', 'SkinThickness', 'Insulin']"
399,rf_shap_list_ir_1,rf_shap_list_ir_1_subset_15,orderMean,"['Glucose', 'BMI', 'DiabetesPedigreeFunction', 'Age', 'BloodPressure', 'SkinThickness', 'Pregnancies', 'Insulin']"
400,rf_shap_list_ir_1,rf_shap_list_ir_1_subset_15,orderStd,"['BMI', 'DiabetesPedigreeFunction', 'Glucose', 'Age', 'BloodPressure', 'Pregnancies', 'SkinThickness', 'Insulin']"
401,rf_shap_list_ir_1,rf_shap_list_ir_1_subset_15,orderSum,"['Glucose', 'BMI', 'DiabetesPedigreeFunction', 'Age', 'BloodPressure', 'SkinThickness', 'Pregnancies', 'Insulin']"
402,rf_shap_list_ir_3,rf_shap_list_ir_3_subset_81,orderMean,"['Glucose', 'BMI', 'Age', 'DiabetesPedigreeFunction', 'Insulin', 'BloodPressure', 'Pregnancies', 'SkinThickness']"
403,rf_shap_list_ir_3,rf_shap_list_ir_3_subset_81,orderStd,"['Glucose', 'BMI', 'Age', 'DiabetesPedigreeFunction', 'Insulin', 'BloodPressure', 'Pregnancies', 'SkinThickness']"
404,rf_shap_list_ir_3,rf_shap_list_ir_3_subset_81,orderSum,"['Glucose', 'BMI', 'Age', 'DiabetesPedigreeFunction', 'Insulin', 'BloodPressure', 'Pregnancies', 'SkinThickness']"
405,rf_shap_list_ir_4,rf_shap_list_ir_4_subset_132,orderMean,"['Glucose', 'Age', 'BMI', 'DiabetesPedigreeFunction', 'BloodPressure', 'SkinThickness', 'Pregnancies', 'Insulin']"
406,rf_shap_list_ir_4,rf_shap_list_ir_4_subset_132,orderStd,"['Age', 'BMI', 'Glucose', 'DiabetesPedigreeFunction', 'Insulin', 'BloodPressure', 'SkinThickness', 'Pregnancies']"
407,rf_shap_list_ir_4,rf_shap_list_ir_4_subset_132,orderSum,"['Glucose', 'Age', 'BMI', 'DiabetesPedigreeFunction', 'BloodPressure', 'SkinThickness', 'Pregnancies', 'Insulin']"
408,rf_shap_list_ir_4,rf_shap_list_ir_4_subset_38,orderMean,"['Glucose', 'BMI', 'DiabetesPedigreeFunction', 'Pregnancies', 'Age', 'BloodPressure', 'Insulin', 'SkinThickness']"
409,rf_shap_list_ir_4,rf_shap_list_ir_4_subset_38,orderStd,"['Glucose', 'BMI', 'DiabetesPedigreeFunction', 'BloodPressure', 'Age', 'SkinThickness', 'Pregnancies', 'Insulin']"
410,rf_shap_list_ir_4,rf_shap_list_ir_4_subset_38,orderSum,"['Glucose', 'BMI', 'DiabetesPedigreeFunction', 'Pregnancies', 'Age', 'BloodPressure', 'Insulin', 'SkinThickness']"
411,rf_shap_list_ir_2,rf_shap_list_ir_2_subset_109,orderMean,"['Glucose', 'BMI', 'BloodPressure', 'DiabetesPedigreeFunction', 'SkinThickness', 'Age', 'Pregnancies', 'Insulin']"
412,rf_shap_list_ir_2,rf_shap_list_ir_2_subset_109,orderStd,"['Glucose', 'BMI', 'DiabetesPedigreeFunction', 'Insulin', 'BloodPressure', 'Age', 'Pregnancies', 'SkinThickness']"
413,rf_shap_list_ir_2,rf_shap_list_ir_2_subset_109,orderSum,"['Glucose', 'BMI', 'BloodPressure', 'DiabetesPedigreeFunction', 'SkinThickness', 'Age', 'Pregnancies', 'Insulin']"
414,rf_shap_list_ir_5,rf_shap_list_ir_5_subset_146,orderMean,"['Glucose', 'BMI', 'Age', 'SkinThickness', 'DiabetesPedigreeFunction', 'BloodPressure', 'Pregnancies', 'Insulin']"
415,rf_shap_list_ir_5,rf_shap_list_ir_5_subset_146,orderStd,"['Glucose', 'BMI', 'Age', 'DiabetesPedigreeFunction', 'SkinThickness', 'BloodPressure', 'Insulin', 'Pregnancies']"
416,rf_shap_list_ir_5,rf_shap_list_ir_5_subset_146,orderSum,"['Glucose', 'BMI', 'Age', 'SkinThickness', 'DiabetesPedigreeFunction', 'BloodPressure', 'Pregnancies', 'Insulin']"
417,rf_shap_list_ir_5,rf_shap_list_ir_5_subset_42,orderMean,"['Glucose', 'BMI', 'Age', 'DiabetesPedigreeFunction', 'Pregnancies', 'BloodPressure', 'SkinThickness', 'Insulin']"
418,rf_shap_list_ir_5,rf_shap_list_ir_5_subset_42,orderStd,"['Glucose', 'BMI', 'Age', 'DiabetesPedigreeFunction', 'Pregnancies', 'BloodPressure', 'Insulin', 'SkinThickness']"
419,rf_shap_list_ir_5,rf_shap_list_ir_5_subset_42,orderSum,"['Glucose', 'BMI', 'Age', 'DiabetesPedigreeFunction', 'Pregnancies', 'BloodPressure', 'SkinThickness', 'Insulin']"
420,rf_shap_list_ir_2,rf_shap_list_ir_2_subset_44,orderMean,"['Glucose', 'Age', 'BMI', 'Pregnancies', 'BloodPressure', 'DiabetesPedigreeFunction', 'Insulin', 'SkinThickness']"
421,rf_shap_list_ir_2,rf_shap_list_ir_2_subset_44,orderStd,"['Glucose', 'Age', 'BMI', 'BloodPressure', 'Pregnancies', 'SkinThickness', 'Insulin', 'DiabetesPedigreeFunction']"
422,rf_shap_list_ir_2,rf_shap_list_ir_2_subset_44,orderSum,"['Glucose', 'Age', 'BMI', 'Pregnancies', 'BloodPressure', 'DiabetesPedigreeFunction', 'Insulin', 'SkinThickness']"
423,rf_shap_list_ir_4,rf_shap_list_ir_4_subset_3,orderMean,"['Glucose', 'BMI', 'Age', 'Pregnancies', 'DiabetesPedigreeFunction', 'BloodPressure', 'SkinThickness', 'Insulin']"
424,rf_shap_list_ir_4,rf_shap_list_ir_4_subset_3,orderStd,"['Glucose', 'BMI', 'Age', 'DiabetesPedigreeFunction', 'Pregnancies', 'Insulin', 'BloodPressure', 'SkinThickness']"
425,rf_shap_list_ir_4,rf_shap_list_ir_4_subset_3,orderSum,"['Glucose', 'BMI', 'Age', 'Pregnancies', 'DiabetesPedigreeFunction', 'BloodPressure', 'SkinThickness', 'Insulin']"
426,rf_shap_list_ir_1,rf_shap_list_ir_1_subset_1,orderMean,"['BMI', 'Glucose', 'Age', 'BloodPressure', 'DiabetesPedigreeFunction', 'Pregnancies', 'SkinThickness', 'Insulin']"
427,rf_shap_list_ir_1,rf_shap_list_ir_1_subset_1,orderStd,"['BMI', 'BloodPressure', 'Age', 'Glucose', 'DiabetesPedigreeFunction', 'Insulin', 'Pregnancies', 'SkinThickness']"
428,rf_shap_list_ir_1,rf_shap_list_ir_1_subset_1,orderSum,"['BMI', 'Glucose', 'Age', 'BloodPressure', 'DiabetesPedigreeFunction', 'Pregnancies', 'SkinThickness', 'Insulin']"
429,rf_shap_list_ir_5,rf_shap_list_ir_5_subset_78,orderMean,"['Glucose', 'BMI', 'Age', 'Pregnancies', 'DiabetesPedigreeFunction', 'BloodPressure', 'Insulin', 'SkinThickness']"
430,rf_shap_list_ir_5,rf_shap_list_ir_5_subset_78,orderStd,"['Glucose', 'BMI', 'Age', 'DiabetesPedigreeFunction', 'Insulin', 'Pregnancies', 'BloodPressure', 'SkinThickness']"
431,rf_shap_list_ir_5,rf_shap_list_ir_5_subset_78,orderSum,"['Glucose', 'BMI', 'Age', 'Pregnancies', 'DiabetesPedigreeFunction', 'BloodPressure', 'Insulin', 'SkinThickness']"
432,rf_shap_list_ir_4,rf_shap_list_ir_4_subset_48,orderMean,"['Glucose', 'BMI', 'Age', 'DiabetesPedigreeFunction', 'SkinThickness', 'BloodPressure', 'Pregnancies', 'Insulin']"
433,rf_shap_list_ir_4,rf_shap_list_ir_4_subset_48,orderStd,"['Glucose', 'BMI', 'Age', 'DiabetesPedigreeFunction', 'BloodPressure', 'SkinThickness', 'Insulin', 'Pregnancies']"
434,rf_shap_list_ir_4,rf_shap_list_ir_4_subset_48,orderSum,"['Glucose', 'BMI', 'Age', 'DiabetesPedigreeFunction', 'SkinThickness', 'BloodPressure', 'Pregnancies', 'Insulin']"
435,rf_shap_list_ir_5,rf_shap_list_ir_5_subset_28,orderMean,"['Glucose', 'BMI', 'Age', 'Pregnancies', 'BloodPressure', 'DiabetesPedigreeFunction', 'SkinThickness', 'Insulin']"
436,rf_shap_list_ir_5,rf_shap_list_ir_5_subset_28,orderStd,"['Glucose', 'BMI', 'DiabetesPedigreeFunction', 'Age', 'BloodPressure', 'Pregnancies', 'Insulin', 'SkinThickness']"
437,rf_shap_list_ir_5,rf_shap_list_ir_5_subset_28,orderSum,"['Glucose', 'BMI', 'Age', 'Pregnancies', 'BloodPressure', 'DiabetesPedigreeFunction', 'SkinThickness', 'Insulin']"
438,rf_shap_list_ir_1,rf_shap_list_ir_1_subset_11,orderMean,"['Glucose', 'BloodPressure', 'BMI', 'DiabetesPedigreeFunction', 'Age', 'Pregnancies', 'SkinThickness', 'Insulin']"
439,rf_shap_list_ir_1,rf_shap_list_ir_1_subset_11,orderStd,"['Glucose', 'BMI', 'BloodPressure', 'DiabetesPedigreeFunction', 'Age', 'Insulin', 'Pregnancies', 'SkinThickness']"
440,rf_shap_list_ir_1,rf_shap_list_ir_1_subset_11,orderSum,"['Glucose', 'BloodPressure', 'BMI', 'DiabetesPedigreeFunction', 'Age', 'Pregnancies', 'SkinThickness', 'Insulin']"
441,rf_shap_list_ir_1,rf_shap_list_ir_1_subset_133,orderMean,"['Glucose', 'BMI', 'Age', 'Insulin', 'DiabetesPedigreeFunction', 'BloodPressure', 'Pregnancies', 'SkinThickness']"
442,rf_shap_list_ir_1,rf_shap_list_ir_1_subset_133,orderStd,"['Glucose', 'Age', 'DiabetesPedigreeFunction', 'BMI', 'Insulin', 'Pregnancies', 'BloodPressure', 'SkinThickness']"
443,rf_shap_list_ir_1,rf_shap_list_ir_1_subset_133,orderSum,"['Glucose', 'BMI', 'Age', 'Insulin', 'DiabetesPedigreeFunction', 'BloodPressure', 'Pregnancies', 'SkinThickness']"
444,rf_shap_list_ir_5,rf_shap_list_ir_5_subset_93,orderMean,"['Glucose', 'BMI', 'DiabetesPedigreeFunction', 'Age', 'Pregnancies', 'BloodPressure', 'Insulin', 'SkinThickness']"
445,rf_shap_list_ir_5,rf_shap_list_ir_5_subset_93,orderStd,"['Glucose', 'BMI', 'Age', 'DiabetesPedigreeFunction', 'Insulin', 'Pregnancies', 'BloodPressure', 'SkinThickness']"
446,rf_shap_list_ir_5,rf_shap_list_ir_5_subset_93,orderSum,"['Glucose', 'BMI', 'DiabetesPedigreeFunction', 'Age', 'Pregnancies', 'BloodPressure', 'Insulin', 'SkinThickness']"
447,rf_shap_list_ir_5,rf_shap_list_ir_5_subset_126,orderMean,"['Glucose', 'BMI', 'Pregnancies', 'DiabetesPedigreeFunction', 'Age', 'Insulin', 'BloodPressure', 'SkinThickness']"
448,rf_shap_list_ir_5,rf_shap_list_ir_5_subset_126,orderStd,"['Glucose', 'BMI', 'DiabetesPedigreeFunction', 'Pregnancies', 'Age', 'BloodPressure', 'Insulin', 'SkinThickness']"
449,rf_shap_list_ir_5,rf_shap_list_ir_5_subset_126,orderSum,"['Glucose', 'BMI', 'Pregnancies', 'DiabetesPedigreeFunction', 'Age', 'Insulin', 'BloodPressure', 'SkinThickness']"
450,rf_shap_list_ir_1,rf_shap_list_ir_1_subset_85,orderMean,"['BMI', 'Glucose', 'DiabetesPedigreeFunction', 'BloodPressure', 'Age', 'Pregnancies', 'SkinThickness', 'Insulin']"
451,rf_shap_list_ir_1,rf_shap_list_ir_1_subset_85,orderStd,"['BMI', 'Glucose', 'DiabetesPedigreeFunction', 'BloodPressure', 'Age', 'SkinThickness', 'Pregnancies', 'Insulin']"
452,rf_shap_list_ir_1,rf_shap_list_ir_1_subset_85,orderSum,"['BMI', 'Glucose', 'DiabetesPedigreeFunction', 'BloodPressure', 'Age', 'Pregnancies', 'SkinThickness', 'Insulin']"
453,rf_shap_list_ir_1,rf_shap_list_ir_1_subset_34,orderMean,"['Glucose', 'Pregnancies', 'Age', 'BloodPressure', 'BMI', 'DiabetesPedigreeFunction', 'SkinThickness', 'Insulin']"
454,rf_shap_list_ir_1,rf_shap_list_ir_1_subset_34,orderStd,"['Pregnancies', 'Glucose', 'Age', 'BMI', 'BloodPressure', 'DiabetesPedigreeFunction', 'SkinThickness', 'Insulin']"
455,rf_shap_list_ir_1,rf_shap_list_ir_1_subset_34,orderSum,"['Glucose', 'Pregnancies', 'Age', 'BloodPressure', 'BMI', 'DiabetesPedigreeFunction', 'SkinThickness', 'Insulin']"
456,rf_shap_list_ir_5,rf_shap_list_ir_5_subset_73,orderMean,"['Glucose', 'Age', 'BMI', 'DiabetesPedigreeFunction', 'Pregnancies', 'Insulin', 'BloodPressure', 'SkinThickness']"
457,rf_shap_list_ir_5,rf_shap_list_ir_5_subset_73,orderStd,"['Glucose', 'BMI', 'Age', 'DiabetesPedigreeFunction', 'Pregnancies', 'Insulin', 'SkinThickness', 'BloodPressure']"
458,rf_shap_list_ir_5,rf_shap_list_ir_5_subset_73,orderSum,"['Glucose', 'Age', 'BMI', 'DiabetesPedigreeFunction', 'Pregnancies', 'Insulin', 'BloodPressure', 'SkinThickness']"
459,rf_shap_list_ir_3,rf_shap_list_ir_3_subset_9,orderMean,"['Glucose', 'BMI', 'DiabetesPedigreeFunction', 'Age', 'BloodPressure', 'Insulin', 'Pregnancies', 'SkinThickness']"
460,rf_shap_list_ir_3,rf_shap_list_ir_3_subset_9,orderStd,"['BMI', 'Glucose', 'Age', 'DiabetesPedigreeFunction', 'Insulin', 'SkinThickness', 'BloodPressure', 'Pregnancies']"
461,rf_shap_list_ir_3,rf_shap_list_ir_3_subset_9,orderSum,"['Glucose', 'BMI', 'DiabetesPedigreeFunction', 'Age', 'BloodPressure', 'Insulin', 'Pregnancies', 'SkinThickness']"
462,rf_shap_list_ir_4,rf_shap_list_ir_4_subset_146,orderMean,"['Glucose', 'BMI', 'Age', 'DiabetesPedigreeFunction', 'Pregnancies', 'BloodPressure', 'SkinThickness', 'Insulin']"
463,rf_shap_list_ir_4,rf_shap_list_ir_4_subset_146,orderStd,"['Glucose', 'BMI', 'Age', 'DiabetesPedigreeFunction', 'BloodPressure', 'SkinThickness', 'Pregnancies', 'Insulin']"
464,rf_shap_list_ir_4,rf_shap_list_ir_4_subset_146,orderSum,"['Glucose', 'BMI', 'Age', 'DiabetesPedigreeFunction', 'Pregnancies', 'BloodPressure', 'SkinThickness', 'Insulin']"
465,rf_shap_list_ir_2,rf_shap_list_ir_2_subset_136,orderMean,"['Glucose', 'BMI', 'DiabetesPedigreeFunction', 'Insulin', 'BloodPressure', 'Age', 'SkinThickness', 'Pregnancies']"
466,rf_shap_list_ir_2,rf_shap_list_ir_2_subset_136,orderStd,"['Glucose', 'BMI', 'Insulin', 'DiabetesPedigreeFunction', 'Age', 'BloodPressure', 'Pregnancies', 'SkinThickness']"
467,rf_shap_list_ir_2,rf_shap_list_ir_2_subset_136,orderSum,"['Glucose', 'BMI', 'DiabetesPedigreeFunction', 'Insulin', 'BloodPressure', 'Age', 'SkinThickness', 'Pregnancies']"
468,rf_shap_list_ir_2,rf_shap_list_ir_2_subset_158,orderMean,"['Glucose', 'DiabetesPedigreeFunction', 'Age', 'BMI', 'Pregnancies', 'BloodPressure', 'SkinThickness', 'Insulin']"
469,rf_shap_list_ir_2,rf_shap_list_ir_2_subset_158,orderStd,"['Glucose', 'DiabetesPedigreeFunction', 'BMI', 'Age', 'Pregnancies', 'BloodPressure', 'Insulin', 'SkinThickness']"
470,rf_shap_list_ir_2,rf_shap_list_ir_2_subset_158,orderSum,"['Glucose', 'DiabetesPedigreeFunction', 'Age', 'BMI', 'Pregnancies', 'BloodPressure', 'SkinThickness', 'Insulin']"
471,rf_shap_list_ir_2,rf_shap_list_ir_2_subset_142,orderMean,"['Glucose', 'Pregnancies', 'DiabetesPedigreeFunction', 'BloodPressure', 'BMI', 'Age', 'SkinThickness', 'Insulin']"
472,rf_shap_list_ir_2,rf_shap_list_ir_2_subset_142,orderStd,"['Glucose', 'DiabetesPedigreeFunction', 'Age', 'Pregnancies', 'BMI', 'BloodPressure', 'SkinThickness', 'Insulin']"
473,rf_shap_list_ir_2,rf_shap_list_ir_2_subset_142,orderSum,"['Glucose', 'Pregnancies', 'DiabetesPedigreeFunction', 'BloodPressure', 'BMI', 'Age', 'SkinThickness', 'Insulin']"
474,rf_shap_list_ir_3,rf_shap_list_ir_3_subset_22,orderMean,"['Glucose', 'BMI', 'Age', 'DiabetesPedigreeFunction', 'SkinThickness', 'BloodPressure', 'Pregnancies', 'Insulin']"
475,rf_shap_list_ir_3,rf_shap_list_ir_3_subset_22,orderStd,"['Glucose', 'BMI', 'DiabetesPedigreeFunction', 'Age', 'Insulin', 'BloodPressure', 'SkinThickness', 'Pregnancies']"
476,rf_shap_list_ir_3,rf_shap_list_ir_3_subset_22,orderSum,"['Glucose', 'BMI', 'Age', 'DiabetesPedigreeFunction', 'SkinThickness', 'BloodPressure', 'Pregnancies', 'Insulin']"
477,rf_shap_list_ir_4,rf_shap_list_ir_4_subset_53,orderMean,"['Glucose', 'BMI', 'DiabetesPedigreeFunction', 'Age', 'BloodPressure', 'Pregnancies', 'Insulin', 'SkinThickness']"
478,rf_shap_list_ir_4,rf_shap_list_ir_4_subset_53,orderStd,"['Glucose', 'BMI', 'DiabetesPedigreeFunction', 'Age', 'BloodPressure', 'Insulin', 'Pregnancies', 'SkinThickness']"
479,rf_shap_list_ir_4,rf_shap_list_ir_4_subset_53,orderSum,"['Glucose', 'BMI', 'DiabetesPedigreeFunction', 'Age', 'BloodPressure', 'Pregnancies', 'Insulin', 'SkinThickness']"
480,rf_shap_list_ir_2,rf_shap_list_ir_2_subset_104,orderMean,"['Glucose', 'Age', 'BMI', 'DiabetesPedigreeFunction', 'Pregnancies', 'BloodPressure', 'SkinThickness', 'Insulin']"
481,rf_shap_list_ir_2,rf_shap_list_ir_2_subset_104,orderStd,"['Glucose', 'BMI', 'DiabetesPedigreeFunction', 'Age', 'BloodPressure', 'Insulin', 'Pregnancies', 'SkinThickness']"
482,rf_shap_list_ir_2,rf_shap_list_ir_2_subset_104,orderSum,"['Glucose', 'Age', 'BMI', 'DiabetesPedigreeFunction', 'Pregnancies', 'BloodPressure', 'SkinThickness', 'Insulin']"
483,rf_shap_list_ir_3,rf_shap_list_ir_3_subset_160,orderMean,"['Glucose', 'BMI', 'Age', 'DiabetesPedigreeFunction', 'Pregnancies', 'BloodPressure', 'SkinThickness', 'Insulin']"
484,rf_shap_list_ir_3,rf_shap_list_ir_3_subset_160,orderStd,"['Glucose', 'BMI', 'DiabetesPedigreeFunction', 'Age', 'BloodPressure', 'SkinThickness', 'Pregnancies', 'Insulin']"
485,rf_shap_list_ir_3,rf_shap_list_ir_3_subset_160,orderSum,"['Glucose', 'BMI', 'Age', 'DiabetesPedigreeFunction', 'Pregnancies', 'BloodPressure', 'SkinThickness', 'Insulin']"
486,rf_shap_list_ir_2,rf_shap_list_ir_2_subset_129,orderMean,"['Glucose', 'Age', 'DiabetesPedigreeFunction', 'BMI', 'BloodPressure', 'Pregnancies', 'SkinThickness', 'Insulin']"
487,rf_shap_list_ir_2,rf_shap_list_ir_2_subset_129,orderStd,"['Age', 'BMI', 'DiabetesPedigreeFunction', 'Glucose', 'BloodPressure', 'Pregnancies', 'Insulin', 'SkinThickness']"
488,rf_shap_list_ir_2,rf_shap_list_ir_2_subset_129,orderSum,"['Glucose', 'Age', 'DiabetesPedigreeFunction', 'BMI', 'BloodPressure', 'Pregnancies', 'SkinThickness', 'Insulin']"
489,rf_shap_list_ir_1,rf_shap_list_ir_1_subset_49,orderMean,"['Glucose', 'BMI', 'Age', 'DiabetesPedigreeFunction', 'Insulin', 'BloodPressure', 'SkinThickness', 'Pregnancies']"
490,rf_shap_list_ir_1,rf_shap_list_ir_1_subset_49,orderStd,"['Glucose', 'Insulin', 'BMI', 'BloodPressure', 'Age', 'DiabetesPedigreeFunction', 'Pregnancies', 'SkinThickness']"
491,rf_shap_list_ir_1,rf_shap_list_ir_1_subset_49,orderSum,"['Glucose', 'BMI', 'Age', 'DiabetesPedigreeFunction', 'Insulin', 'BloodPressure', 'SkinThickness', 'Pregnancies']"
492,rf_shap_list_ir_1,rf_shap_list_ir_1_subset_112,orderMean,"['Glucose', 'DiabetesPedigreeFunction', 'Age', 'BloodPressure', 'BMI', 'Pregnancies', 'SkinThickness', 'Insulin']"
493,rf_shap_list_ir_1,rf_shap_list_ir_1_subset_112,orderStd,"['Glucose', 'Age', 'BloodPressure', 'BMI', 'DiabetesPedigreeFunction', 'Pregnancies', 'Insulin', 'SkinThickness']"
494,rf_shap_list_ir_1,rf_shap_list_ir_1_subset_112,orderSum,"['Glucose', 'DiabetesPedigreeFunction', 'Age', 'BloodPressure', 'BMI', 'Pregnancies', 'SkinThickness', 'Insulin']"
495,rf_shap_list_ir_3,rf_shap_list_ir_3_subset_65,orderMean,"['Glucose', 'BMI', 'DiabetesPedigreeFunction', 'Age', 'Pregnancies', 'BloodPressure', 'Insulin', 'SkinThickness']"
496,rf_shap_list_ir_3,rf_shap_list_ir_3_subset_65,orderStd,"['Glucose', 'BMI', 'DiabetesPedigreeFunction', 'Age', 'Pregnancies', 'BloodPressure', 'Insulin', 'SkinThickness']"
497,rf_shap_list_ir_3,rf_shap_list_ir_3_subset_65,orderSum,"['Glucose', 'BMI', 'DiabetesPedigreeFunction', 'Age', 'Pregnancies', 'BloodPressure', 'Insulin', 'SkinThickness']"
498,rf_shap_list_ir_1,rf_shap_list_ir_1_subset_2,orderMean,"['Glucose', 'BMI', 'Pregnancies', 'DiabetesPedigreeFunction', 'BloodPressure', 'Age', 'SkinThickness', 'Insulin']"
499,rf_shap_list_ir_1,rf_shap_list_ir_1_subset_2,orderStd,"['Glucose', 'BMI', 'DiabetesPedigreeFunction', 'Pregnancies', 'BloodPressure', 'SkinThickness', 'Insulin', 'Age']"
500,rf_shap_list_ir_1,rf_shap_list_ir_1_subset_2,orderSum,"['Glucose', 'BMI', 'Pregnancies', 'DiabetesPedigreeFunction', 'BloodPressure', 'Age', 'SkinThickness', 'Insulin']"
501,rf_shap_list_ir_1,rf_shap_list_ir_1_subset_5,orderMean,"['Glucose', 'BMI', 'Age', 'BloodPressure', 'DiabetesPedigreeFunction', 'Pregnancies', 'SkinThickness', 'Insulin']"
502,rf_shap_list_ir_1,rf_shap_list_ir_1_subset_5,orderStd,"['BMI', 'Glucose', 'Age', 'DiabetesPedigreeFunction', 'BloodPressure', 'SkinThickness', 'Pregnancies', 'Insulin']"
503,rf_shap_list_ir_1,rf_shap_list_ir_1_subset_5,orderSum,"['Glucose', 'BMI', 'Age', 'BloodPressure', 'DiabetesPedigreeFunction', 'Pregnancies', 'SkinThickness', 'Insulin']"
504,rf_shap_list_ir_3,rf_shap_list_ir_3_subset_142,orderMean,"['Glucose', 'BMI', 'DiabetesPedigreeFunction', 'Age', 'SkinThickness', 'BloodPressure', 'Pregnancies', 'Insulin']"
505,rf_shap_list_ir_3,rf_shap_list_ir_3_subset_142,orderStd,"['Glucose', 'BMI', 'DiabetesPedigreeFunction', 'Age', 'Insulin', 'SkinThickness', 'BloodPressure', 'Pregnancies']"
506,rf_shap_list_ir_3,rf_shap_list_ir_3_subset_142,orderSum,"['Glucose', 'BMI', 'DiabetesPedigreeFunction', 'Age', 'SkinThickness', 'BloodPressure', 'Pregnancies', 'Insulin']"
507,rf_shap_list_ir_5,rf_shap_list_ir_5_subset_20,orderMean,"['Glucose', 'BMI', 'Age', 'DiabetesPedigreeFunction', 'Pregnancies', 'BloodPressure', 'SkinThickness', 'Insulin']"
508,rf_shap_list_ir_5,rf_shap_list_ir_5_subset_20,orderStd,"['Glucose', 'BMI', 'Age', 'DiabetesPedigreeFunction', 'Insulin', 'BloodPressure', 'SkinThickness', 'Pregnancies']"
509,rf_shap_list_ir_5,rf_shap_list_ir_5_subset_20,orderSum,"['Glucose', 'BMI', 'Age', 'DiabetesPedigreeFunction', 'Pregnancies', 'BloodPressure', 'SkinThickness', 'Insulin']"
510,rf_shap_list_ir_3,rf_shap_list_ir_3_subset_101,orderMean,"['Glucose', 'BMI', 'DiabetesPedigreeFunction', 'Age', 'Pregnancies', 'SkinThickness', 'Insulin', 'BloodPressure']"
511,rf_shap_list_ir_3,rf_shap_list_ir_3_subset_101,orderStd,"['Glucose', 'BMI', 'DiabetesPedigreeFunction', 'Age', 'Insulin', 'Pregnancies', 'SkinThickness', 'BloodPressure']"
512,rf_shap_list_ir_3,rf_shap_list_ir_3_subset_101,orderSum,"['Glucose', 'BMI', 'DiabetesPedigreeFunction', 'Age', 'Pregnancies', 'SkinThickness', 'Insulin', 'BloodPressure']"
513,rf_shap_list_ir_5,rf_shap_list_ir_5_subset_105,orderMean,"['Glucose', 'BMI', 'Age', 'DiabetesPedigreeFunction', 'Pregnancies', 'SkinThickness', 'BloodPressure', 'Insulin']"
514,rf_shap_list_ir_5,rf_shap_list_ir_5_subset_105,orderStd,"['Glucose', 'BMI', 'DiabetesPedigreeFunction', 'Age', 'Pregnancies', 'Insulin', 'SkinThickness', 'BloodPressure']"
515,rf_shap_list_ir_5,rf_shap_list_ir_5_subset_105,orderSum,"['Glucose', 'BMI', 'Age', 'DiabetesPedigreeFunction', 'Pregnancies', 'SkinThickness', 'BloodPressure', 'Insulin']"
516,rf_shap_list_ir_4,rf_shap_list_ir_4_subset_37,orderMean,"['Glucose', 'BMI', 'DiabetesPedigreeFunction', 'Age', 'Pregnancies', 'SkinThickness', 'BloodPressure', 'Insulin']"
517,rf_shap_list_ir_4,rf_shap_list_ir_4_subset_37,orderStd,"['BMI', 'Glucose', 'DiabetesPedigreeFunction', 'Age', 'Insulin', 'SkinThickness', 'Pregnancies', 'BloodPressure']"
518,rf_shap_list_ir_4,rf_shap_list_ir_4_subset_37,orderSum,"['Glucose', 'BMI', 'DiabetesPedigreeFunction', 'Age', 'Pregnancies', 'SkinThickness', 'BloodPressure', 'Insulin']"
519,rf_shap_list_ir_5,rf_shap_list_ir_5_subset_16,orderMean,"['Glucose', 'BMI', 'DiabetesPedigreeFunction', 'Age', 'Pregnancies', 'BloodPressure', 'SkinThickness', 'Insulin']"
520,rf_shap_list_ir_5,rf_shap_list_ir_5_subset_16,orderStd,"['Glucose', 'BMI', 'DiabetesPedigreeFunction', 'Age', 'Pregnancies', 'Insulin', 'BloodPressure', 'SkinThickness']"
521,rf_shap_list_ir_5,rf_shap_list_ir_5_subset_16,orderSum,"['Glucose', 'BMI', 'DiabetesPedigreeFunction', 'Age', 'Pregnancies', 'BloodPressure', 'SkinThickness', 'Insulin']"
522,rf_shap_list_ir_4,rf_shap_list_ir_4_subset_113,orderMean,"['Glucose', 'BMI', 'Age', 'DiabetesPedigreeFunction', 'Insulin', 'BloodPressure', 'SkinThickness', 'Pregnancies']"
523,rf_shap_list_ir_4,rf_shap_list_ir_4_subset_113,orderStd,"['BMI', 'Glucose', 'Age', 'DiabetesPedigreeFunction', 'Insulin', 'BloodPressure', 'Pregnancies', 'SkinThickness']"
524,rf_shap_list_ir_4,rf_shap_list_ir_4_subset_113,orderSum,"['Glucose', 'BMI', 'Age', 'DiabetesPedigreeFunction', 'Insulin', 'BloodPressure', 'SkinThickness', 'Pregnancies']"
525,rf_shap_list_ir_5,rf_shap_list_ir_5_subset_38,orderMean,"['Glucose', 'BMI', 'DiabetesPedigreeFunction', 'Age', 'Pregnancies', 'SkinThickness', 'BloodPressure', 'Insulin']"
526,rf_shap_list_ir_5,rf_shap_list_ir_5_subset_38,orderStd,"['Glucose', 'BMI', 'DiabetesPedigreeFunction', 'Age', 'Insulin', 'Pregnancies', 'SkinThickness', 'BloodPressure']"
527,rf_shap_list_ir_5,rf_shap_list_ir_5_subset_38,orderSum,"['Glucose', 'BMI', 'DiabetesPedigreeFunction', 'Age', 'Pregnancies', 'SkinThickness', 'BloodPressure', 'Insulin']"
528,rf_shap_list_ir_1,rf_shap_list_ir_1_subset_138,orderMean,"['BMI', 'Glucose', 'DiabetesPedigreeFunction', 'BloodPressure', 'Age', 'SkinThickness', 'Insulin', 'Pregnancies']"
529,rf_shap_list_ir_1,rf_shap_list_ir_1_subset_138,orderStd,"['BMI', 'Glucose', 'DiabetesPedigreeFunction', 'BloodPressure', 'Insulin', 'Age', 'SkinThickness', 'Pregnancies']"
530,rf_shap_list_ir_1,rf_shap_list_ir_1_subset_138,orderSum,"['BMI', 'Glucose', 'DiabetesPedigreeFunction', 'BloodPressure', 'Age', 'SkinThickness', 'Insulin', 'Pregnancies']"
531,rf_shap_list_ir_5,rf_shap_list_ir_5_subset_75,orderMean,"['Glucose', 'Age', 'BMI', 'DiabetesPedigreeFunction', 'Pregnancies', 'Insulin', 'SkinThickness', 'BloodPressure']"
532,rf_shap_list_ir_5,rf_shap_list_ir_5_subset_75,orderStd,"['Glucose', 'BMI', 'Age', 'DiabetesPedigreeFunction', 'Insulin', 'Pregnancies', 'SkinThickness', 'BloodPressure']"
533,rf_shap_list_ir_5,rf_shap_list_ir_5_subset_75,orderSum,"['Glucose', 'Age', 'BMI', 'DiabetesPedigreeFunction', 'Pregnancies', 'Insulin', 'SkinThickness', 'BloodPressure']"
534,rf_shap_list_ir_2,rf_shap_list_ir_2_subset_81,orderMean,"['Glucose', 'BMI', 'DiabetesPedigreeFunction', 'Age', 'BloodPressure', 'Pregnancies', 'Insulin', 'SkinThickness']"
535,rf_shap_list_ir_2,rf_shap_list_ir_2_subset_81,orderStd,"['BMI', 'Glucose', 'BloodPressure', 'Age', 'DiabetesPedigreeFunction', 'SkinThickness', 'Pregnancies', 'Insulin']"
536,rf_shap_list_ir_2,rf_shap_list_ir_2_subset_81,orderSum,"['Glucose', 'BMI', 'DiabetesPedigreeFunction', 'Age', 'BloodPressure', 'Pregnancies', 'Insulin', 'SkinThickness']"
537,rf_shap_list_ir_1,rf_shap_list_ir_1_subset_145,orderMean,"['Pregnancies', 'Age', 'Glucose', 'SkinThickness', 'BMI', 'BloodPressure', 'DiabetesPedigreeFunction', 'Insulin']"
538,rf_shap_list_ir_1,rf_shap_list_ir_1_subset_145,orderStd,"['Pregnancies', 'Glucose', 'SkinThickness', 'BMI', 'Age', 'DiabetesPedigreeFunction', 'BloodPressure', 'Insulin']"
539,rf_shap_list_ir_1,rf_shap_list_ir_1_subset_145,orderSum,"['Pregnancies', 'Age', 'Glucose', 'SkinThickness', 'BMI', 'BloodPressure', 'DiabetesPedigreeFunction', 'Insulin']"
540,rf_shap_list_ir_2,rf_shap_list_ir_2_subset_145,orderMean,"['Glucose', 'Age', 'BMI', 'BloodPressure', 'DiabetesPedigreeFunction', 'Pregnancies', 'Insulin', 'SkinThickness']"
541,rf_shap_list_ir_2,rf_shap_list_ir_2_subset_145,orderStd,"['Glucose', 'Age', 'BMI', 'BloodPressure', 'Pregnancies', 'DiabetesPedigreeFunction', 'Insulin', 'SkinThickness']"
542,rf_shap_list_ir_2,rf_shap_list_ir_2_subset_145,orderSum,"['Glucose', 'Age', 'BMI', 'BloodPressure', 'DiabetesPedigreeFunction', 'Pregnancies', 'Insulin', 'SkinThickness']"
543,rf_shap_list_ir_1,rf_shap_list_ir_1_subset_122,orderMean,"['Glucose', 'BloodPressure', 'Pregnancies', 'BMI', 'DiabetesPedigreeFunction', 'Age', 'SkinThickness', 'Insulin']"
544,rf_shap_list_ir_1,rf_shap_list_ir_1_subset_122,orderStd,"['Glucose', 'BloodPressure', 'Pregnancies', 'DiabetesPedigreeFunction', 'BMI', 'Age', 'SkinThickness', 'Insulin']"
545,rf_shap_list_ir_1,rf_shap_list_ir_1_subset_122,orderSum,"['Glucose', 'BloodPressure', 'Pregnancies', 'BMI', 'DiabetesPedigreeFunction', 'Age', 'SkinThickness', 'Insulin']"
546,rf_shap_list_ir_3,rf_shap_list_ir_3_subset_32,orderMean,"['Glucose', 'BMI', 'Age', 'DiabetesPedigreeFunction', 'Pregnancies', 'BloodPressure', 'SkinThickness', 'Insulin']"
547,rf_shap_list_ir_3,rf_shap_list_ir_3_subset_32,orderStd,"['BMI', 'Glucose', 'Age', 'DiabetesPedigreeFunction', 'Insulin', 'Pregnancies', 'SkinThickness', 'BloodPressure']"
548,rf_shap_list_ir_3,rf_shap_list_ir_3_subset_32,orderSum,"['Glucose', 'BMI', 'Age', 'DiabetesPedigreeFunction', 'Pregnancies', 'BloodPressure', 'SkinThickness', 'Insulin']"
549,rf_shap_list_ir_3,rf_shap_list_ir_3_subset_1,orderMean,"['Glucose', 'BMI', 'Age', 'DiabetesPedigreeFunction', 'BloodPressure', 'Pregnancies', 'SkinThickness', 'Insulin']"
550,rf_shap_list_ir_3,rf_shap_list_ir_3_subset_1,orderStd,"['BMI', 'Glucose', 'DiabetesPedigreeFunction', 'Age', 'BloodPressure', 'Insulin', 'Pregnancies', 'SkinThickness']"
551,rf_shap_list_ir_3,rf_shap_list_ir_3_subset_1,orderSum,"['Glucose', 'BMI', 'Age', 'DiabetesPedigreeFunction', 'BloodPressure', 'Pregnancies', 'SkinThickness', 'Insulin']"
552,rf_shap_list_ir_5,rf_shap_list_ir_5_subset_117,orderMean,"['Glucose', 'BMI', 'Age', 'DiabetesPedigreeFunction', 'Pregnancies', 'SkinThickness', 'BloodPressure', 'Insulin']"
553,rf_shap_list_ir_5,rf_shap_list_ir_5_subset_117,orderStd,"['Glucose', 'BMI', 'Age', 'DiabetesPedigreeFunction', 'Pregnancies', 'Insulin', 'BloodPressure', 'SkinThickness']"
554,rf_shap_list_ir_5,rf_shap_list_ir_5_subset_117,orderSum,"['Glucose', 'BMI', 'Age', 'DiabetesPedigreeFunction', 'Pregnancies', 'SkinThickness', 'BloodPressure', 'Insulin']"
555,rf_shap_list_ir_4,rf_shap_list_ir_4_subset_36,orderMean,"['Glucose', 'BMI', 'Age', 'DiabetesPedigreeFunction', 'Pregnancies', 'BloodPressure', 'SkinThickness', 'Insulin']"
556,rf_shap_list_ir_4,rf_shap_list_ir_4_subset_36,orderStd,"['Glucose', 'BMI', 'Age', 'BloodPressure', 'DiabetesPedigreeFunction', 'Insulin', 'Pregnancies', 'SkinThickness']"
557,rf_shap_list_ir_4,rf_shap_list_ir_4_subset_36,orderSum,"['Glucose', 'BMI', 'Age', 'DiabetesPedigreeFunction', 'Pregnancies', 'BloodPressure', 'SkinThickness', 'Insulin']"
558,rf_shap_list_ir_2,rf_shap_list_ir_2_subset_83,orderMean,"['Glucose', 'BMI', 'Age', 'DiabetesPedigreeFunction', 'BloodPressure', 'Pregnancies', 'SkinThickness', 'Insulin']"
559,rf_shap_list_ir_2,rf_shap_list_ir_2_subset_83,orderStd,"['Glucose', 'BMI', 'Age', 'DiabetesPedigreeFunction', 'BloodPressure', 'Insulin', 'SkinThickness', 'Pregnancies']"
560,rf_shap_list_ir_2,rf_shap_list_ir_2_subset_83,orderSum,"['Glucose', 'BMI', 'Age', 'DiabetesPedigreeFunction', 'BloodPressure', 'Pregnancies', 'SkinThickness', 'Insulin']"
561,rf_shap_list_ir_4,rf_shap_list_ir_4_subset_96,orderMean,"['Glucose', 'Age', 'BMI', 'DiabetesPedigreeFunction', 'Pregnancies', 'BloodPressure', 'SkinThickness', 'Insulin']"
562,rf_shap_list_ir_4,rf_shap_list_ir_4_subset_96,orderStd,"['BMI', 'Glucose', 'Age', 'DiabetesPedigreeFunction', 'Insulin', 'Pregnancies', 'BloodPressure', 'SkinThickness']"
563,rf_shap_list_ir_4,rf_shap_list_ir_4_subset_96,orderSum,"['Glucose', 'Age', 'BMI', 'DiabetesPedigreeFunction', 'Pregnancies', 'BloodPressure', 'SkinThickness', 'Insulin']"
564,rf_shap_list_ir_3,rf_shap_list_ir_3_subset_47,orderMean,"['Glucose', 'BMI', 'Age', 'DiabetesPedigreeFunction', 'BloodPressure', 'SkinThickness', 'Pregnancies', 'Insulin']"
565,rf_shap_list_ir_3,rf_shap_list_ir_3_subset_47,orderStd,"['Glucose', 'BMI', 'DiabetesPedigreeFunction', 'Age', 'BloodPressure', 'Insulin', 'SkinThickness', 'Pregnancies']"
566,rf_shap_list_ir_3,rf_shap_list_ir_3_subset_47,orderSum,"['Glucose', 'BMI', 'Age', 'DiabetesPedigreeFunction', 'BloodPressure', 'SkinThickness', 'Pregnancies', 'Insulin']"
567,rf_shap_list_ir_1,rf_shap_list_ir_1_subset_95,orderMean,"['Glucose', 'BMI', 'DiabetesPedigreeFunction', 'Age', 'Pregnancies', 'BloodPressure', 'SkinThickness', 'Insulin']"
568,rf_shap_list_ir_1,rf_shap_list_ir_1_subset_95,orderStd,"['Glucose', 'DiabetesPedigreeFunction', 'Pregnancies', 'BMI', 'Age', 'BloodPressure', 'SkinThickness', 'Insulin']"
569,rf_shap_list_ir_1,rf_shap_list_ir_1_subset_95,orderSum,"['Glucose', 'BMI', 'DiabetesPedigreeFunction', 'Age', 'Pregnancies', 'BloodPressure', 'SkinThickness', 'Insulin']"
570,rf_shap_list_ir_3,rf_shap_list_ir_3_subset_135,orderMean,"['Glucose', 'Age', 'BMI', 'DiabetesPedigreeFunction', 'BloodPressure', 'Insulin', 'Pregnancies', 'SkinThickness']"
571,rf_shap_list_ir_3,rf_shap_list_ir_3_subset_135,orderStd,"['Glucose', 'Age', 'BMI', 'DiabetesPedigreeFunction', 'BloodPressure', 'Insulin', 'Pregnancies', 'SkinThickness']"
572,rf_shap_list_ir_3,rf_shap_list_ir_3_subset_135,orderSum,"['Glucose', 'Age', 'BMI', 'DiabetesPedigreeFunction', 'BloodPressure', 'Insulin', 'Pregnancies', 'SkinThickness']"
573,rf_shap_list_ir_5,rf_shap_list_ir_5_subset_131,orderMean,"['Glucose', 'Age', 'BMI', 'DiabetesPedigreeFunction', 'Pregnancies', 'BloodPressure', 'SkinThickness', 'Insulin']"
574,rf_shap_list_ir_5,rf_shap_list_ir_5_subset_131,orderStd,"['Glucose', 'BMI', 'Age', 'DiabetesPedigreeFunction', 'Pregnancies', 'BloodPressure', 'Insulin', 'SkinThickness']"
575,rf_shap_list_ir_5,rf_shap_list_ir_5_subset_131,orderSum,"['Glucose', 'Age', 'BMI', 'DiabetesPedigreeFunction', 'Pregnancies', 'BloodPressure', 'SkinThickness', 'Insulin']"
576,rf_shap_list_ir_2,rf_shap_list_ir_2_subset_2,orderMean,"['Glucose', 'BMI', 'DiabetesPedigreeFunction', 'Pregnancies', 'Age', 'SkinThickness', 'BloodPressure', 'Insulin']"
577,rf_shap_list_ir_2,rf_shap_list_ir_2_subset_2,orderStd,"['BMI', 'DiabetesPedigreeFunction', 'Glucose', 'Age', 'BloodPressure', 'SkinThickness', 'Pregnancies', 'Insulin']"
578,rf_shap_list_ir_2,rf_shap_list_ir_2_subset_2,orderSum,"['Glucose', 'BMI', 'DiabetesPedigreeFunction', 'Pregnancies', 'Age', 'SkinThickness', 'BloodPressure', 'Insulin']"
579,rf_shap_list_ir_1,rf_shap_list_ir_1_subset_130,orderMean,"['Pregnancies', 'BMI', 'Glucose', 'Age', 'DiabetesPedigreeFunction', 'BloodPressure', 'Insulin', 'SkinThickness']"
580,rf_shap_list_ir_1,rf_shap_list_ir_1_subset_130,orderStd,"['Glucose', 'DiabetesPedigreeFunction', 'Age', 'BMI', 'Pregnancies', 'BloodPressure', 'Insulin', 'SkinThickness']"
581,rf_shap_list_ir_1,rf_shap_list_ir_1_subset_130,orderSum,"['Pregnancies', 'BMI', 'Glucose', 'Age', 'DiabetesPedigreeFunction', 'BloodPressure', 'Insulin', 'SkinThickness']"
582,rf_shap_list_ir_5,rf_shap_list_ir_5_subset_51,orderMean,"['Glucose', 'BMI', 'Age', 'DiabetesPedigreeFunction', 'Pregnancies', 'Insulin', 'BloodPressure', 'SkinThickness']"
583,rf_shap_list_ir_5,rf_shap_list_ir_5_subset_51,orderStd,"['Glucose', 'BMI', 'Age', 'DiabetesPedigreeFunction', 'Pregnancies', 'Insulin', 'BloodPressure', 'SkinThickness']"
584,rf_shap_list_ir_5,rf_shap_list_ir_5_subset_51,orderSum,"['Glucose', 'BMI', 'Age', 'DiabetesPedigreeFunction', 'Pregnancies', 'Insulin', 'BloodPressure', 'SkinThickness']"
585,rf_shap_list_ir_2,rf_shap_list_ir_2_subset_32,orderMean,"['Glucose', 'Age', 'BMI', 'Pregnancies', 'DiabetesPedigreeFunction', 'BloodPressure', 'Insulin', 'SkinThickness']"
586,rf_shap_list_ir_2,rf_shap_list_ir_2_subset_32,orderStd,"['Glucose', 'BMI', 'Age', 'DiabetesPedigreeFunction', 'Pregnancies', 'BloodPressure', 'Insulin', 'SkinThickness']"
587,rf_shap_list_ir_2,rf_shap_list_ir_2_subset_32,orderSum,"['Glucose', 'Age', 'BMI', 'Pregnancies', 'DiabetesPedigreeFunction', 'BloodPressure', 'Insulin', 'SkinThickness']"
588,rf_shap_list_ir_5,rf_shap_list_ir_5_subset_118,orderMean,"['Glucose', 'BMI', 'DiabetesPedigreeFunction', 'Age', 'Pregnancies', 'BloodPressure', 'SkinThickness', 'Insulin']"
589,rf_shap_list_ir_5,rf_shap_list_ir_5_subset_118,orderStd,"['Glucose', 'BMI', 'DiabetesPedigreeFunction', 'Age', 'Insulin', 'Pregnancies', 'BloodPressure', 'SkinThickness']"
590,rf_shap_list_ir_5,rf_shap_list_ir_5_subset_118,orderSum,"['Glucose', 'BMI', 'DiabetesPedigreeFunction', 'Age', 'Pregnancies', 'BloodPressure', 'SkinThickness', 'Insulin']"
591,rf_shap_list_ir_2,rf_shap_list_ir_2_subset_140,orderMean,"['Glucose', 'Age', 'BMI', 'DiabetesPedigreeFunction', 'BloodPressure', 'SkinThickness', 'Pregnancies', 'Insulin']"
592,rf_shap_list_ir_2,rf_shap_list_ir_2_subset_140,orderStd,"['Age', 'BMI', 'DiabetesPedigreeFunction', 'Glucose', 'BloodPressure', 'Pregnancies', 'SkinThickness', 'Insulin']"
593,rf_shap_list_ir_2,rf_shap_list_ir_2_subset_140,orderSum,"['Glucose', 'Age', 'BMI', 'DiabetesPedigreeFunction', 'BloodPressure', 'SkinThickness', 'Pregnancies', 'Insulin']"
594,rf_shap_list_ir_4,rf_shap_list_ir_4_subset_26,orderMean,"['Glucose', 'Age', 'DiabetesPedigreeFunction', 'BMI', 'Pregnancies', 'BloodPressure', 'SkinThickness', 'Insulin']"
595,rf_shap_list_ir_4,rf_shap_list_ir_4_subset_26,orderStd,"['Glucose', 'BMI', 'DiabetesPedigreeFunction', 'Age', 'Pregnancies', 'BloodPressure', 'Insulin', 'SkinThickness']"
596,rf_shap_list_ir_4,rf_shap_list_ir_4_subset_26,orderSum,"['Glucose', 'Age', 'DiabetesPedigreeFunction', 'BMI', 'Pregnancies', 'BloodPressure', 'SkinThickness', 'Insulin']"
597,rf_shap_list_ir_2,rf_shap_list_ir_2_subset_86,orderMean,"['Glucose', 'BMI', 'SkinThickness', 'DiabetesPedigreeFunction', 'Age', 'Pregnancies', 'BloodPressure', 'Insulin']"
598,rf_shap_list_ir_2,rf_shap_list_ir_2_subset_86,orderStd,"['BMI', 'Glucose', 'DiabetesPedigreeFunction', 'SkinThickness', 'Age', 'Pregnancies', 'BloodPressure', 'Insulin']"
599,rf_shap_list_ir_2,rf_shap_list_ir_2_subset_86,orderSum,"['Glucose', 'BMI', 'SkinThickness', 'DiabetesPedigreeFunction', 'Age', 'Pregnancies', 'BloodPressure', 'Insulin']"
600,rf_shap_list_ir_5,rf_shap_list_ir_5_subset_120,orderMean,"['Glucose', 'Age', 'BMI', 'DiabetesPedigreeFunction', 'Pregnancies', 'SkinThickness', 'BloodPressure', 'Insulin']"
601,rf_shap_list_ir_5,rf_shap_list_ir_5_subset_120,orderStd,"['Glucose', 'BMI', 'Age', 'DiabetesPedigreeFunction', 'BloodPressure', 'SkinThickness', 'Pregnancies', 'Insulin']"
602,rf_shap_list_ir_5,rf_shap_list_ir_5_subset_120,orderSum,"['Glucose', 'Age', 'BMI', 'DiabetesPedigreeFunction', 'Pregnancies', 'SkinThickness', 'BloodPressure', 'Insulin']"
603,rf_shap_list_ir_4,rf_shap_list_ir_4_subset_50,orderMean,"['Glucose', 'BMI', 'Age', 'DiabetesPedigreeFunction', 'BloodPressure', 'Pregnancies', 'SkinThickness', 'Insulin']"
604,rf_shap_list_ir_4,rf_shap_list_ir_4_subset_50,orderStd,"['Glucose', 'BMI', 'DiabetesPedigreeFunction', 'Age', 'Insulin', 'BloodPressure', 'Pregnancies', 'SkinThickness']"
605,rf_shap_list_ir_4,rf_shap_list_ir_4_subset_50,orderSum,"['Glucose', 'BMI', 'Age', 'DiabetesPedigreeFunction', 'BloodPressure', 'Pregnancies', 'SkinThickness', 'Insulin']"
606,rf_shap_list_ir_2,rf_shap_list_ir_2_subset_111,orderMean,"['Glucose', 'Age', 'DiabetesPedigreeFunction', 'BMI', 'Pregnancies', 'BloodPressure', 'SkinThickness', 'Insulin']"
607,rf_shap_list_ir_2,rf_shap_list_ir_2_subset_111,orderStd,"['BMI', 'Glucose', 'DiabetesPedigreeFunction', 'Age', 'Pregnancies', 'BloodPressure', 'Insulin', 'SkinThickness']"
608,rf_shap_list_ir_2,rf_shap_list_ir_2_subset_111,orderSum,"['Glucose', 'Age', 'DiabetesPedigreeFunction', 'BMI', 'Pregnancies', 'BloodPressure', 'SkinThickness', 'Insulin']"
609,rf_shap_list_ir_3,rf_shap_list_ir_3_subset_127,orderMean,"['Glucose', 'BMI', 'Age', 'BloodPressure', 'DiabetesPedigreeFunction', 'SkinThickness', 'Pregnancies', 'Insulin']"
610,rf_shap_list_ir_3,rf_shap_list_ir_3_subset_127,orderStd,"['Glucose', 'BMI', 'Age', 'DiabetesPedigreeFunction', 'BloodPressure', 'Insulin', 'Pregnancies', 'SkinThickness']"
611,rf_shap_list_ir_3,rf_shap_list_ir_3_subset_127,orderSum,"['Glucose', 'BMI', 'Age', 'BloodPressure', 'DiabetesPedigreeFunction', 'SkinThickness', 'Pregnancies', 'Insulin']"
612,rf_shap_list_ir_4,rf_shap_list_ir_4_subset_127,orderMean,"['Glucose', 'BMI', 'DiabetesPedigreeFunction', 'Age', 'BloodPressure', 'Pregnancies', 'SkinThickness', 'Insulin']"
613,rf_shap_list_ir_4,rf_shap_list_ir_4_subset_127,orderStd,"['Glucose', 'BMI', 'DiabetesPedigreeFunction', 'Age', 'BloodPressure', 'Pregnancies', 'Insulin', 'SkinThickness']"
614,rf_shap_list_ir_4,rf_shap_list_ir_4_subset_127,orderSum,"['Glucose', 'BMI', 'DiabetesPedigreeFunction', 'Age', 'BloodPressure', 'Pregnancies', 'SkinThickness', 'Insulin']"
615,rf_shap_list_ir_2,rf_shap_list_ir_2_subset_15,orderMean,"['Glucose', 'BMI', 'Age', 'BloodPressure', 'DiabetesPedigreeFunction', 'Pregnancies', 'SkinThickness', 'Insulin']"
616,rf_shap_list_ir_2,rf_shap_list_ir_2_subset_15,orderStd,"['Glucose', 'BMI', 'Insulin', 'Age', 'DiabetesPedigreeFunction', 'Pregnancies', 'BloodPressure', 'SkinThickness']"
617,rf_shap_list_ir_2,rf_shap_list_ir_2_subset_15,orderSum,"['Glucose', 'BMI', 'Age', 'BloodPressure', 'DiabetesPedigreeFunction', 'Pregnancies', 'SkinThickness', 'Insulin']"
618,rf_shap_list_ir_1,rf_shap_list_ir_1_subset_134,orderMean,"['Glucose', 'Age', 'BloodPressure', 'BMI', 'DiabetesPedigreeFunction', 'Pregnancies', 'SkinThickness', 'Insulin']"
619,rf_shap_list_ir_1,rf_shap_list_ir_1_subset_134,orderStd,"['Glucose', 'Age', 'DiabetesPedigreeFunction', 'SkinThickness', 'BloodPressure', 'BMI', 'Insulin', 'Pregnancies']"
620,rf_shap_list_ir_1,rf_shap_list_ir_1_subset_134,orderSum,"['Glucose', 'Age', 'BloodPressure', 'BMI', 'DiabetesPedigreeFunction', 'Pregnancies', 'SkinThickness', 'Insulin']"
621,rf_shap_list_ir_3,rf_shap_list_ir_3_subset_64,orderMean,"['Glucose', 'BMI', 'Age', 'DiabetesPedigreeFunction', 'BloodPressure', 'SkinThickness', 'Pregnancies', 'Insulin']"
622,rf_shap_list_ir_3,rf_shap_list_ir_3_subset_64,orderStd,"['Glucose', 'BMI', 'Age', 'DiabetesPedigreeFunction', 'BloodPressure', 'SkinThickness', 'Insulin', 'Pregnancies']"
623,rf_shap_list_ir_3,rf_shap_list_ir_3_subset_64,orderSum,"['Glucose', 'BMI', 'Age', 'DiabetesPedigreeFunction', 'BloodPressure', 'SkinThickness', 'Pregnancies', 'Insulin']"
624,rf_shap_list_ir_4,rf_shap_list_ir_4_subset_75,orderMean,"['Glucose', 'BMI', 'DiabetesPedigreeFunction', 'Age', 'BloodPressure', 'Pregnancies', 'SkinThickness', 'Insulin']"
625,rf_shap_list_ir_4,rf_shap_list_ir_4_subset_75,orderStd,"['Glucose', 'BMI', 'DiabetesPedigreeFunction', 'Age', 'BloodPressure', 'Insulin', 'Pregnancies', 'SkinThickness']"
626,rf_shap_list_ir_4,rf_shap_list_ir_4_subset_75,orderSum,"['Glucose', 'BMI', 'DiabetesPedigreeFunction', 'Age', 'BloodPressure', 'Pregnancies', 'SkinThickness', 'Insulin']"
627,rf_shap_list_ir_1,rf_shap_list_ir_1_subset_78,orderMean,"['BMI', 'Pregnancies', 'Glucose', 'Age', 'DiabetesPedigreeFunction', 'Insulin', 'BloodPressure', 'SkinThickness']"
628,rf_shap_list_ir_1,rf_shap_list_ir_1_subset_78,orderStd,"['DiabetesPedigreeFunction', 'Age', 'BMI', 'Pregnancies', 'Glucose', 'BloodPressure', 'Insulin', 'SkinThickness']"
629,rf_shap_list_ir_1,rf_shap_list_ir_1_subset_78,orderSum,"['BMI', 'Pregnancies', 'Glucose', 'Age', 'DiabetesPedigreeFunction', 'Insulin', 'BloodPressure', 'SkinThickness']"
630,rf_shap_list_ir_4,rf_shap_list_ir_4_subset_133,orderMean,"['Glucose', 'BMI', 'DiabetesPedigreeFunction', 'Age', 'BloodPressure', 'Pregnancies', 'SkinThickness', 'Insulin']"
631,rf_shap_list_ir_4,rf_shap_list_ir_4_subset_133,orderStd,"['Glucose', 'BMI', 'Age', 'DiabetesPedigreeFunction', 'BloodPressure', 'Pregnancies', 'Insulin', 'SkinThickness']"
632,rf_shap_list_ir_4,rf_shap_list_ir_4_subset_133,orderSum,"['Glucose', 'BMI', 'DiabetesPedigreeFunction', 'Age', 'BloodPressure', 'Pregnancies', 'SkinThickness', 'Insulin']"
633,rf_shap_list_ir_3,rf_shap_list_ir_3_subset_31,orderMean,"['Glucose', 'BMI', 'Age', 'DiabetesPedigreeFunction', 'Pregnancies', 'BloodPressure', 'SkinThickness', 'Insulin']"
634,rf_shap_list_ir_3,rf_shap_list_ir_3_subset_31,orderStd,"['Glucose', 'BMI', 'DiabetesPedigreeFunction', 'Age', 'Insulin', 'Pregnancies', 'SkinThickness', 'BloodPressure']"
635,rf_shap_list_ir_3,rf_shap_list_ir_3_subset_31,orderSum,"['Glucose', 'BMI', 'Age', 'DiabetesPedigreeFunction', 'Pregnancies', 'BloodPressure', 'SkinThickness', 'Insulin']"
636,rf_shap_list_ir_5,rf_shap_list_ir_5_subset_104,orderMean,"['Glucose', 'Age', 'BMI', 'DiabetesPedigreeFunction', 'Pregnancies', 'SkinThickness', 'Insulin', 'BloodPressure']"
637,rf_shap_list_ir_5,rf_shap_list_ir_5_subset_104,orderStd,"['Glucose', 'BMI', 'Age', 'DiabetesPedigreeFunction', 'Pregnancies', 'BloodPressure', 'Insulin', 'SkinThickness']"
638,rf_shap_list_ir_5,rf_shap_list_ir_5_subset_104,orderSum,"['Glucose', 'Age', 'BMI', 'DiabetesPedigreeFunction', 'Pregnancies', 'SkinThickness', 'Insulin', 'BloodPressure']"
639,rf_shap_list_ir_1,rf_shap_list_ir_1_subset_101,orderMean,"['Glucose', 'DiabetesPedigreeFunction', 'BMI', 'Insulin', 'BloodPressure', 'SkinThickness', 'Age', 'Pregnancies']"
640,rf_shap_list_ir_1,rf_shap_list_ir_1_subset_101,orderStd,"['DiabetesPedigreeFunction', 'Glucose', 'BMI', 'Insulin', 'BloodPressure', 'SkinThickness', 'Age', 'Pregnancies']"
641,rf_shap_list_ir_1,rf_shap_list_ir_1_subset_101,orderSum,"['Glucose', 'DiabetesPedigreeFunction', 'BMI', 'Insulin', 'BloodPressure', 'SkinThickness', 'Age', 'Pregnancies']"
642,rf_shap_list_ir_2,rf_shap_list_ir_2_subset_96,orderMean,"['BMI', 'Glucose', 'Age', 'DiabetesPedigreeFunction', 'BloodPressure', 'SkinThickness', 'Pregnancies', 'Insulin']"
643,rf_shap_list_ir_2,rf_shap_list_ir_2_subset_96,orderStd,"['BMI', 'Glucose', 'Age', 'DiabetesPedigreeFunction', 'SkinThickness', 'Pregnancies', 'BloodPressure', 'Insulin']"
644,rf_shap_list_ir_2,rf_shap_list_ir_2_subset_96,orderSum,"['BMI', 'Glucose', 'Age', 'DiabetesPedigreeFunction', 'BloodPressure', 'SkinThickness', 'Pregnancies', 'Insulin']"
645,rf_shap_list_ir_1,rf_shap_list_ir_1_subset_9,orderMean,"['Age', 'Glucose', 'Insulin', 'BloodPressure', 'BMI', 'Pregnancies', 'DiabetesPedigreeFunction', 'SkinThickness']"
646,rf_shap_list_ir_1,rf_shap_list_ir_1_subset_9,orderStd,"['Age', 'Glucose', 'Insulin', 'BMI', 'BloodPressure', 'Pregnancies', 'DiabetesPedigreeFunction', 'SkinThickness']"
647,rf_shap_list_ir_1,rf_shap_list_ir_1_subset_9,orderSum,"['Age', 'Glucose', 'Insulin', 'BloodPressure', 'BMI', 'Pregnancies', 'DiabetesPedigreeFunction', 'SkinThickness']"
648,rf_shap_list_ir_2,rf_shap_list_ir_2_subset_25,orderMean,"['Glucose', 'Age', 'BloodPressure', 'DiabetesPedigreeFunction', 'BMI', 'SkinThickness', 'Pregnancies', 'Insulin']"
649,rf_shap_list_ir_2,rf_shap_list_ir_2_subset_25,orderStd,"['Age', 'Glucose', 'BloodPressure', 'DiabetesPedigreeFunction', 'BMI', 'Pregnancies', 'Insulin', 'SkinThickness']"
650,rf_shap_list_ir_2,rf_shap_list_ir_2_subset_25,orderSum,"['Glucose', 'Age', 'BloodPressure', 'DiabetesPedigreeFunction', 'BMI', 'SkinThickness', 'Pregnancies', 'Insulin']"
651,rf_shap_list_ir_2,rf_shap_list_ir_2_subset_89,orderMean,"['Glucose', 'BMI', 'Age', 'DiabetesPedigreeFunction', 'BloodPressure', 'SkinThickness', 'Pregnancies', 'Insulin']"
652,rf_shap_list_ir_2,rf_shap_list_ir_2_subset_89,orderStd,"['BMI', 'Glucose', 'Age', 'SkinThickness', 'DiabetesPedigreeFunction', 'BloodPressure', 'Insulin', 'Pregnancies']"
653,rf_shap_list_ir_2,rf_shap_list_ir_2_subset_89,orderSum,"['Glucose', 'BMI', 'Age', 'DiabetesPedigreeFunction', 'BloodPressure', 'SkinThickness', 'Pregnancies', 'Insulin']"
654,rf_shap_list_ir_1,rf_shap_list_ir_1_subset_42,orderMean,"['Glucose', 'BMI', 'Pregnancies', 'DiabetesPedigreeFunction', 'Age', 'BloodPressure', 'SkinThickness', 'Insulin']"
655,rf_shap_list_ir_1,rf_shap_list_ir_1_subset_42,orderStd,"['Glucose', 'DiabetesPedigreeFunction', 'BMI', 'Age', 'Pregnancies', 'BloodPressure', 'Insulin', 'SkinThickness']"
656,rf_shap_list_ir_1,rf_shap_list_ir_1_subset_42,orderSum,"['Glucose', 'BMI', 'Pregnancies', 'DiabetesPedigreeFunction', 'Age', 'BloodPressure', 'SkinThickness', 'Insulin']"
657,rf_shap_list_ir_4,rf_shap_list_ir_4_subset_95,orderMean,"['Glucose', 'BMI', 'DiabetesPedigreeFunction', 'Age', 'BloodPressure', 'Insulin', 'SkinThickness', 'Pregnancies']"
658,rf_shap_list_ir_4,rf_shap_list_ir_4_subset_95,orderStd,"['Glucose', 'BMI', 'Age', 'DiabetesPedigreeFunction', 'BloodPressure', 'Insulin', 'SkinThickness', 'Pregnancies']"
659,rf_shap_list_ir_4,rf_shap_list_ir_4_subset_95,orderSum,"['Glucose', 'BMI', 'DiabetesPedigreeFunction', 'Age', 'BloodPressure', 'Insulin', 'SkinThickness', 'Pregnancies']"
660,rf_shap_list_ir_5,rf_shap_list_ir_5_subset_132,orderMean,"['Glucose', 'Age', 'BMI', 'DiabetesPedigreeFunction', 'Pregnancies', 'BloodPressure', 'SkinThickness', 'Insulin']"
661,rf_shap_list_ir_5,rf_shap_list_ir_5_subset_132,orderStd,"['BMI', 'Glucose', 'Age', 'DiabetesPedigreeFunction', 'BloodPressure', 'Pregnancies', 'Insulin', 'SkinThickness']"
662,rf_shap_list_ir_5,rf_shap_list_ir_5_subset_132,orderSum,"['Glucose', 'Age', 'BMI', 'DiabetesPedigreeFunction', 'Pregnancies', 'BloodPressure', 'SkinThickness', 'Insulin']"
663,rf_shap_list_ir_4,rf_shap_list_ir_4_subset_148,orderMean,"['Glucose', 'Age', 'BMI', 'DiabetesPedigreeFunction', 'Pregnancies', 'SkinThickness', 'BloodPressure', 'Insulin']"
664,rf_shap_list_ir_4,rf_shap_list_ir_4_subset_148,orderStd,"['Glucose', 'BMI', 'Age', 'DiabetesPedigreeFunction', 'BloodPressure', 'Pregnancies', 'Insulin', 'SkinThickness']"
665,rf_shap_list_ir_4,rf_shap_list_ir_4_subset_148,orderSum,"['Glucose', 'Age', 'BMI', 'DiabetesPedigreeFunction', 'Pregnancies', 'SkinThickness', 'BloodPressure', 'Insulin']"
666,rf_shap_list_ir_5,rf_shap_list_ir_5_subset_37,orderMean,"['Glucose', 'BMI', 'Age', 'DiabetesPedigreeFunction', 'Pregnancies', 'Insulin', 'BloodPressure', 'SkinThickness']"
667,rf_shap_list_ir_5,rf_shap_list_ir_5_subset_37,orderStd,"['Glucose', 'BMI', 'Age', 'DiabetesPedigreeFunction', 'Pregnancies', 'Insulin', 'BloodPressure', 'SkinThickness']"
668,rf_shap_list_ir_5,rf_shap_list_ir_5_subset_37,orderSum,"['Glucose', 'BMI', 'Age', 'DiabetesPedigreeFunction', 'Pregnancies', 'Insulin', 'BloodPressure', 'SkinThickness']"
669,rf_shap_list_ir_5,rf_shap_list_ir_5_subset_99,orderMean,"['Glucose', 'BMI', 'Age', 'DiabetesPedigreeFunction', 'SkinThickness', 'Pregnancies', 'BloodPressure', 'Insulin']"
670,rf_shap_list_ir_5,rf_shap_list_ir_5_subset_99,orderStd,"['Glucose', 'BMI', 'Age', 'DiabetesPedigreeFunction', 'Pregnancies', 'SkinThickness', 'Insulin', 'BloodPressure']"
671,rf_shap_list_ir_5,rf_shap_list_ir_5_subset_99,orderSum,"['Glucose', 'BMI', 'Age', 'DiabetesPedigreeFunction', 'SkinThickness', 'Pregnancies', 'BloodPressure', 'Insulin']"
672,rf_shap_list_ir_3,rf_shap_list_ir_3_subset_110,orderMean,"['Glucose', 'BMI', 'Age', 'DiabetesPedigreeFunction', 'SkinThickness', 'Insulin', 'Pregnancies', 'BloodPressure']"
673,rf_shap_list_ir_3,rf_shap_list_ir_3_subset_110,orderStd,"['Glucose', 'BMI', 'Age', 'DiabetesPedigreeFunction', 'Insulin', 'SkinThickness', 'Pregnancies', 'BloodPressure']"
674,rf_shap_list_ir_3,rf_shap_list_ir_3_subset_110,orderSum,"['Glucose', 'BMI', 'Age', 'DiabetesPedigreeFunction', 'SkinThickness', 'Insulin', 'Pregnancies', 'BloodPressure']"
675,rf_shap_list_ir_1,rf_shap_list_ir_1_subset_73,orderMean,"['Glucose', 'BMI', 'DiabetesPedigreeFunction', 'Age', 'BloodPressure', 'Pregnancies', 'SkinThickness', 'Insulin']"
676,rf_shap_list_ir_1,rf_shap_list_ir_1_subset_73,orderStd,"['DiabetesPedigreeFunction', 'BMI', 'Age', 'Glucose', 'BloodPressure', 'Pregnancies', 'Insulin', 'SkinThickness']"
677,rf_shap_list_ir_1,rf_shap_list_ir_1_subset_73,orderSum,"['Glucose', 'BMI', 'DiabetesPedigreeFunction', 'Age', 'BloodPressure', 'Pregnancies', 'SkinThickness', 'Insulin']"
678,rf_shap_list_ir_2,rf_shap_list_ir_2_subset_144,orderMean,"['Age', 'BMI', 'Glucose', 'BloodPressure', 'DiabetesPedigreeFunction', 'Pregnancies', 'SkinThickness', 'Insulin']"
679,rf_shap_list_ir_2,rf_shap_list_ir_2_subset_144,orderStd,"['BMI', 'Age', 'Glucose', 'DiabetesPedigreeFunction', 'BloodPressure', 'SkinThickness', 'Pregnancies', 'Insulin']"
680,rf_shap_list_ir_2,rf_shap_list_ir_2_subset_144,orderSum,"['Age', 'BMI', 'Glucose', 'BloodPressure', 'DiabetesPedigreeFunction', 'Pregnancies', 'SkinThickness', 'Insulin']"
681,rf_shap_list_ir_2,rf_shap_list_ir_2_subset_137,orderMean,"['Glucose', 'Pregnancies', 'DiabetesPedigreeFunction', 'BMI', 'Age', 'BloodPressure', 'SkinThickness', 'Insulin']"
682,rf_shap_list_ir_2,rf_shap_list_ir_2_subset_137,orderStd,"['Glucose', 'BMI', 'DiabetesPedigreeFunction', 'Age', 'Pregnancies', 'Insulin', 'BloodPressure', 'SkinThickness']"
683,rf_shap_list_ir_2,rf_shap_list_ir_2_subset_137,orderSum,"['Glucose', 'Pregnancies', 'DiabetesPedigreeFunction', 'BMI', 'Age', 'BloodPressure', 'SkinThickness', 'Insulin']"
684,rf_shap_list_ir_2,rf_shap_list_ir_2_subset_16,orderMean,"['Glucose', 'BMI', 'Age', 'DiabetesPedigreeFunction', 'Pregnancies', 'BloodPressure', 'SkinThickness', 'Insulin']"
685,rf_shap_list_ir_2,rf_shap_list_ir_2_subset_16,orderStd,"['BMI', 'Glucose', 'Age', 'BloodPressure', 'Insulin', 'Pregnancies', 'DiabetesPedigreeFunction', 'SkinThickness']"
686,rf_shap_list_ir_2,rf_shap_list_ir_2_subset_16,orderSum,"['Glucose', 'BMI', 'Age', 'DiabetesPedigreeFunction', 'Pregnancies', 'BloodPressure', 'SkinThickness', 'Insulin']"
687,rf_shap_list_ir_3,rf_shap_list_ir_3_subset_8,orderMean,"['Glucose', 'BMI', 'Age', 'DiabetesPedigreeFunction', 'BloodPressure', 'Pregnancies', 'SkinThickness', 'Insulin']"
688,rf_shap_list_ir_3,rf_shap_list_ir_3_subset_8,orderStd,"['BMI', 'Glucose', 'Age', 'BloodPressure', 'Pregnancies', 'DiabetesPedigreeFunction', 'Insulin', 'SkinThickness']"
689,rf_shap_list_ir_3,rf_shap_list_ir_3_subset_8,orderSum,"['Glucose', 'BMI', 'Age', 'DiabetesPedigreeFunction', 'BloodPressure', 'Pregnancies', 'SkinThickness', 'Insulin']"
690,rf_shap_list_ir_3,rf_shap_list_ir_3_subset_75,orderMean,"['Glucose', 'Age', 'BMI', 'DiabetesPedigreeFunction', 'Pregnancies', 'SkinThickness', 'BloodPressure', 'Insulin']"
691,rf_shap_list_ir_3,rf_shap_list_ir_3_subset_75,orderStd,"['Glucose', 'Age', 'BMI', 'DiabetesPedigreeFunction', 'BloodPressure', 'SkinThickness', 'Insulin', 'Pregnancies']"
692,rf_shap_list_ir_3,rf_shap_list_ir_3_subset_75,orderSum,"['Glucose', 'Age', 'BMI', 'DiabetesPedigreeFunction', 'Pregnancies', 'SkinThickness', 'BloodPressure', 'Insulin']"
693,rf_shap_list_ir_5,rf_shap_list_ir_5_subset_145,orderMean,"['Glucose', 'BMI', 'Age', 'DiabetesPedigreeFunction', 'Pregnancies', 'BloodPressure', 'SkinThickness', 'Insulin']"
694,rf_shap_list_ir_5,rf_shap_list_ir_5_subset_145,orderStd,"['Glucose', 'BMI', 'Age', 'DiabetesPedigreeFunction', 'SkinThickness', 'Insulin', 'BloodPressure', 'Pregnancies']"
695,rf_shap_list_ir_5,rf_shap_list_ir_5_subset_145,orderSum,"['Glucose', 'BMI', 'Age', 'DiabetesPedigreeFunction', 'Pregnancies', 'BloodPressure', 'SkinThickness', 'Insulin']"
696,rf_shap_list_ir_3,rf_shap_list_ir_3_subset_46,orderMean,"['Glucose', 'BMI', 'DiabetesPedigreeFunction', 'Pregnancies', 'Age', 'BloodPressure', 'SkinThickness', 'Insulin']"
697,rf_shap_list_ir_3,rf_shap_list_ir_3_subset_46,orderStd,"['Glucose', 'BMI', 'DiabetesPedigreeFunction', 'Age', 'Pregnancies', 'BloodPressure', 'Insulin', 'SkinThickness']"
698,rf_shap_list_ir_3,rf_shap_list_ir_3_subset_46,orderSum,"['Glucose', 'BMI', 'DiabetesPedigreeFunction', 'Pregnancies', 'Age', 'BloodPressure', 'SkinThickness', 'Insulin']"
699,rf_shap_list_ir_5,rf_shap_list_ir_5_subset_48,orderMean,"['Glucose', 'BMI', 'Age', 'DiabetesPedigreeFunction', 'Pregnancies', 'BloodPressure', 'SkinThickness', 'Insulin']"
700,rf_shap_list_ir_5,rf_shap_list_ir_5_subset_48,orderStd,"['Glucose', 'BMI', 'Age', 'DiabetesPedigreeFunction', 'Pregnancies', 'BloodPressure', 'Insulin', 'SkinThickness']"
701,rf_shap_list_ir_5,rf_shap_list_ir_5_subset_48,orderSum,"['Glucose', 'BMI', 'Age', 'DiabetesPedigreeFunction', 'Pregnancies', 'BloodPressure', 'SkinThickness', 'Insulin']"
702,rf_shap_list_ir_4,rf_shap_list_ir_4_subset_80,orderMean,"['Glucose', 'BMI', 'Age', 'DiabetesPedigreeFunction', 'BloodPressure', 'Insulin', 'SkinThickness', 'Pregnancies']"
703,rf_shap_list_ir_4,rf_shap_list_ir_4_subset_80,orderStd,"['BMI', 'Glucose', 'DiabetesPedigreeFunction', 'Age', 'BloodPressure', 'Insulin', 'SkinThickness', 'Pregnancies']"
704,rf_shap_list_ir_4,rf_shap_list_ir_4_subset_80,orderSum,"['Glucose', 'BMI', 'Age', 'DiabetesPedigreeFunction', 'BloodPressure', 'Insulin', 'SkinThickness', 'Pregnancies']"
705,rf_shap_list_ir_5,rf_shap_list_ir_5_subset_53,orderMean,"['Glucose', 'BMI', 'DiabetesPedigreeFunction', 'Age', 'Pregnancies', 'BloodPressure', 'SkinThickness', 'Insulin']"
706,rf_shap_list_ir_5,rf_shap_list_ir_5_subset_53,orderStd,"['Glucose', 'BMI', 'Age', 'DiabetesPedigreeFunction', 'Pregnancies', 'BloodPressure', 'Insulin', 'SkinThickness']"
707,rf_shap_list_ir_5,rf_shap_list_ir_5_subset_53,orderSum,"['Glucose', 'BMI', 'DiabetesPedigreeFunction', 'Age', 'Pregnancies', 'BloodPressure', 'SkinThickness', 'Insulin']"
708,rf_shap_list_ir_3,rf_shap_list_ir_3_subset_30,orderMean,"['Glucose', 'Age', 'DiabetesPedigreeFunction', 'BMI', 'Pregnancies', 'BloodPressure', 'SkinThickness', 'Insulin']"
709,rf_shap_list_ir_3,rf_shap_list_ir_3_subset_30,orderStd,"['Glucose', 'Age', 'BMI', 'DiabetesPedigreeFunction', 'SkinThickness', 'BloodPressure', 'Pregnancies', 'Insulin']"
710,rf_shap_list_ir_3,rf_shap_list_ir_3_subset_30,orderSum,"['Glucose', 'Age', 'DiabetesPedigreeFunction', 'BMI', 'Pregnancies', 'BloodPressure', 'SkinThickness', 'Insulin']"
711,rf_shap_list_ir_2,rf_shap_list_ir_2_subset_34,orderMean,"['Glucose', 'BMI', 'Age', 'DiabetesPedigreeFunction', 'BloodPressure', 'Pregnancies', 'SkinThickness', 'Insulin']"
712,rf_shap_list_ir_2,rf_shap_list_ir_2_subset_34,orderStd,"['Glucose', 'BMI', 'Age', 'DiabetesPedigreeFunction', 'BloodPressure', 'Insulin', 'Pregnancies', 'SkinThickness']"
713,rf_shap_list_ir_2,rf_shap_list_ir_2_subset_34,orderSum,"['Glucose', 'BMI', 'Age', 'DiabetesPedigreeFunction', 'BloodPressure', 'Pregnancies', 'SkinThickness', 'Insulin']"
714,rf_shap_list_ir_3,rf_shap_list_ir_3_subset_7,orderMean,"['Glucose', 'BMI', 'Age', 'DiabetesPedigreeFunction', 'Pregnancies', 'BloodPressure', 'SkinThickness', 'Insulin']"
715,rf_shap_list_ir_3,rf_shap_list_ir_3_subset_7,orderStd,"['BMI', 'Glucose', 'Age', 'DiabetesPedigreeFunction', 'Pregnancies', 'SkinThickness', 'BloodPressure', 'Insulin']"
716,rf_shap_list_ir_3,rf_shap_list_ir_3_subset_7,orderSum,"['Glucose', 'BMI', 'Age', 'DiabetesPedigreeFunction', 'Pregnancies', 'BloodPressure', 'SkinThickness', 'Insulin']"
717,rf_shap_list_ir_5,rf_shap_list_ir_5_subset_55,orderMean,"['Glucose', 'BMI', 'Age', 'DiabetesPedigreeFunction', 'Pregnancies', 'BloodPressure', 'SkinThickness', 'Insulin']"
718,rf_shap_list_ir_5,rf_shap_list_ir_5_subset_55,orderStd,"['Glucose', 'BMI', 'Age', 'DiabetesPedigreeFunction', 'Pregnancies', 'BloodPressure', 'SkinThickness', 'Insulin']"
719,rf_shap_list_ir_5,rf_shap_list_ir_5_subset_55,orderSum,"['Glucose', 'BMI', 'Age', 'DiabetesPedigreeFunction', 'Pregnancies', 'BloodPressure', 'SkinThickness', 'Insulin']"
720,rf_shap_list_ir_5,rf_shap_list_ir_5_subset_46,orderMean,"['Glucose', 'BMI', 'Age', 'DiabetesPedigreeFunction', 'SkinThickness', 'BloodPressure', 'Insulin', 'Pregnancies']"
721,rf_shap_list_ir_5,rf_shap_list_ir_5_subset_46,orderStd,"['Glucose', 'BMI', 'Age', 'DiabetesPedigreeFunction', 'Insulin', 'BloodPressure', 'SkinThickness', 'Pregnancies']"
722,rf_shap_list_ir_5,rf_shap_list_ir_5_subset_46,orderSum,"['Glucose', 'BMI', 'Age', 'DiabetesPedigreeFunction', 'SkinThickness', 'BloodPressure', 'Insulin', 'Pregnancies']"
723,rf_shap_list_ir_2,rf_shap_list_ir_2_subset_13,orderMean,"['Age', 'Glucose', 'BMI', 'DiabetesPedigreeFunction', 'Pregnancies', 'Insulin', 'SkinThickness', 'BloodPressure']"
724,rf_shap_list_ir_2,rf_shap_list_ir_2_subset_13,orderStd,"['Age', 'Glucose', 'BMI', 'DiabetesPedigreeFunction', 'SkinThickness', 'Insulin', 'Pregnancies', 'BloodPressure']"
725,rf_shap_list_ir_2,rf_shap_list_ir_2_subset_13,orderSum,"['Age', 'Glucose', 'BMI', 'DiabetesPedigreeFunction', 'Pregnancies', 'Insulin', 'SkinThickness', 'BloodPressure']"
726,rf_shap_list_ir_4,rf_shap_list_ir_4_subset_76,orderMean,"['Glucose', 'Age', 'DiabetesPedigreeFunction', 'BMI', 'BloodPressure', 'Insulin', 'SkinThickness', 'Pregnancies']"
727,rf_shap_list_ir_4,rf_shap_list_ir_4_subset_76,orderStd,"['Glucose', 'BMI', 'Age', 'DiabetesPedigreeFunction', 'Insulin', 'BloodPressure', 'SkinThickness', 'Pregnancies']"
728,rf_shap_list_ir_4,rf_shap_list_ir_4_subset_76,orderSum,"['Glucose', 'Age', 'DiabetesPedigreeFunction', 'BMI', 'BloodPressure', 'Insulin', 'SkinThickness', 'Pregnancies']"
729,rf_shap_list_ir_2,rf_shap_list_ir_2_subset_41,orderMean,"['BMI', 'Age', 'Glucose', 'Pregnancies', 'DiabetesPedigreeFunction', 'BloodPressure', 'SkinThickness', 'Insulin']"
730,rf_shap_list_ir_2,rf_shap_list_ir_2_subset_41,orderStd,"['Glucose', 'BMI', 'Age', 'DiabetesPedigreeFunction', 'BloodPressure', 'Pregnancies', 'SkinThickness', 'Insulin']"
731,rf_shap_list_ir_2,rf_shap_list_ir_2_subset_41,orderSum,"['BMI', 'Age', 'Glucose', 'Pregnancies', 'DiabetesPedigreeFunction', 'BloodPressure', 'SkinThickness', 'Insulin']"
732,rf_shap_list_ir_4,rf_shap_list_ir_4_subset_155,orderMean,"['Glucose', 'BMI', 'Age', 'DiabetesPedigreeFunction', 'Insulin', 'Pregnancies', 'BloodPressure', 'SkinThickness']"
733,rf_shap_list_ir_4,rf_shap_list_ir_4_subset_155,orderStd,"['Glucose', 'BMI', 'DiabetesPedigreeFunction', 'Age', 'Insulin', 'Pregnancies', 'BloodPressure', 'SkinThickness']"
734,rf_shap_list_ir_4,rf_shap_list_ir_4_subset_155,orderSum,"['Glucose', 'BMI', 'Age', 'DiabetesPedigreeFunction', 'Insulin', 'Pregnancies', 'BloodPressure', 'SkinThickness']"
735,rf_shap_list_ir_3,rf_shap_list_ir_3_subset_93,orderMean,"['Glucose', 'BMI', 'DiabetesPedigreeFunction', 'Pregnancies', 'Age', 'BloodPressure', 'SkinThickness', 'Insulin']"
736,rf_shap_list_ir_3,rf_shap_list_ir_3_subset_93,orderStd,"['BMI', 'Glucose', 'DiabetesPedigreeFunction', 'Age', 'BloodPressure', 'Pregnancies', 'Insulin', 'SkinThickness']"
737,rf_shap_list_ir_3,rf_shap_list_ir_3_subset_93,orderSum,"['Glucose', 'BMI', 'DiabetesPedigreeFunction', 'Pregnancies', 'Age', 'BloodPressure', 'SkinThickness', 'Insulin']"
738,rf_shap_list_ir_3,rf_shap_list_ir_3_subset_94,orderMean,"['Glucose', 'BMI', 'DiabetesPedigreeFunction', 'Age', 'Pregnancies', 'BloodPressure', 'SkinThickness', 'Insulin']"
739,rf_shap_list_ir_3,rf_shap_list_ir_3_subset_94,orderStd,"['Glucose', 'BMI', 'DiabetesPedigreeFunction', 'Age', 'Pregnancies', 'Insulin', 'SkinThickness', 'BloodPressure']"
740,rf_shap_list_ir_3,rf_shap_list_ir_3_subset_94,orderSum,"['Glucose', 'BMI', 'DiabetesPedigreeFunction', 'Age', 'Pregnancies', 'BloodPressure', 'SkinThickness', 'Insulin']"
741,rf_shap_list_ir_5,rf_shap_list_ir_5_subset_129,orderMean,"['Glucose', 'BMI', 'Age', 'DiabetesPedigreeFunction', 'Pregnancies', 'BloodPressure', 'Insulin', 'SkinThickness']"
742,rf_shap_list_ir_5,rf_shap_list_ir_5_subset_129,orderStd,"['Glucose', 'BMI', 'Age', 'DiabetesPedigreeFunction', 'Pregnancies', 'SkinThickness', 'BloodPressure', 'Insulin']"
743,rf_shap_list_ir_5,rf_shap_list_ir_5_subset_129,orderSum,"['Glucose', 'BMI', 'Age', 'DiabetesPedigreeFunction', 'Pregnancies', 'BloodPressure', 'Insulin', 'SkinThickness']"
744,rf_shap_list_ir_4,rf_shap_list_ir_4_subset_157,orderMean,"['Glucose', 'BMI', 'DiabetesPedigreeFunction', 'Age', 'Pregnancies', 'BloodPressure', 'SkinThickness', 'Insulin']"
745,rf_shap_list_ir_4,rf_shap_list_ir_4_subset_157,orderStd,"['Glucose', 'BMI', 'Age', 'DiabetesPedigreeFunction', 'Pregnancies', 'BloodPressure', 'Insulin', 'SkinThickness']"
746,rf_shap_list_ir_4,rf_shap_list_ir_4_subset_157,orderSum,"['Glucose', 'BMI', 'DiabetesPedigreeFunction', 'Age', 'Pregnancies', 'BloodPressure', 'SkinThickness', 'Insulin']"
747,rf_shap_list_ir_4,rf_shap_list_ir_4_subset_79,orderMean,"['Glucose', 'Age', 'BMI', 'DiabetesPedigreeFunction', 'Pregnancies', 'SkinThickness', 'Insulin', 'BloodPressure']"
748,rf_shap_list_ir_4,rf_shap_list_ir_4_subset_79,orderStd,"['Glucose', 'BMI', 'Age', 'Insulin', 'DiabetesPedigreeFunction', 'SkinThickness', 'Pregnancies', 'BloodPressure']"
749,rf_shap_list_ir_4,rf_shap_list_ir_4_subset_79,orderSum,"['Glucose', 'Age', 'BMI', 'DiabetesPedigreeFunction', 'Pregnancies', 'SkinThickness', 'Insulin', 'BloodPressure']"
750,rf_shap_list_ir_3,rf_shap_list_ir_3_subset_37,orderMean,"['Glucose', 'BMI', 'Age', 'DiabetesPedigreeFunction', 'BloodPressure', 'SkinThickness', 'Pregnancies', 'Insulin']"
751,rf_shap_list_ir_3,rf_shap_list_ir_3_subset_37,orderStd,"['BMI', 'Glucose', 'Age', 'DiabetesPedigreeFunction', 'Insulin', 'BloodPressure', 'SkinThickness', 'Pregnancies']"
752,rf_shap_list_ir_3,rf_shap_list_ir_3_subset_37,orderSum,"['Glucose', 'BMI', 'Age', 'DiabetesPedigreeFunction', 'BloodPressure', 'SkinThickness', 'Pregnancies', 'Insulin']"
753,rf_shap_list_ir_1,rf_shap_list_ir_1_subset_153,orderMean,"['Glucose', 'Pregnancies', 'BMI', 'BloodPressure', 'SkinThickness', 'Age', 'DiabetesPedigreeFunction', 'Insulin']"
754,rf_shap_list_ir_1,rf_shap_list_ir_1_subset_153,orderStd,"['Glucose', 'Age', 'BMI', 'Pregnancies', 'SkinThickness', 'BloodPressure', 'Insulin', 'DiabetesPedigreeFunction']"
755,rf_shap_list_ir_1,rf_shap_list_ir_1_subset_153,orderSum,"['Glucose', 'Pregnancies', 'BMI', 'BloodPressure', 'SkinThickness', 'Age', 'DiabetesPedigreeFunction', 'Insulin']"
756,rf_shap_list_ir_3,rf_shap_list_ir_3_subset_71,orderMean,"['Glucose', 'BMI', 'Age', 'Pregnancies', 'DiabetesPedigreeFunction', 'BloodPressure', 'SkinThickness', 'Insulin']"
757,rf_shap_list_ir_3,rf_shap_list_ir_3_subset_71,orderStd,"['BMI', 'Glucose', 'Age', 'DiabetesPedigreeFunction', 'BloodPressure', 'Pregnancies', 'Insulin', 'SkinThickness']"
758,rf_shap_list_ir_3,rf_shap_list_ir_3_subset_71,orderSum,"['Glucose', 'BMI', 'Age', 'Pregnancies', 'DiabetesPedigreeFunction', 'BloodPressure', 'SkinThickness', 'Insulin']"
759,rf_shap_list_ir_5,rf_shap_list_ir_5_subset_119,orderMean,"['Glucose', 'BMI', 'Age', 'DiabetesPedigreeFunction', 'Pregnancies', 'Insulin', 'SkinThickness', 'BloodPressure']"
760,rf_shap_list_ir_5,rf_shap_list_ir_5_subset_119,orderStd,"['Glucose', 'BMI', 'DiabetesPedigreeFunction', 'Age', 'Pregnancies', 'Insulin', 'BloodPressure', 'SkinThickness']"
761,rf_shap_list_ir_5,rf_shap_list_ir_5_subset_119,orderSum,"['Glucose', 'BMI', 'Age', 'DiabetesPedigreeFunction', 'Pregnancies', 'Insulin', 'SkinThickness', 'BloodPressure']"
762,rf_shap_list_ir_1,rf_shap_list_ir_1_subset_45,orderMean,"['Glucose', 'BMI', 'Age', 'Insulin', 'DiabetesPedigreeFunction', 'Pregnancies', 'BloodPressure', 'SkinThickness']"
763,rf_shap_list_ir_1,rf_shap_list_ir_1_subset_45,orderStd,"['BMI', 'Glucose', 'Age', 'Insulin', 'BloodPressure', 'Pregnancies', 'DiabetesPedigreeFunction', 'SkinThickness']"
764,rf_shap_list_ir_1,rf_shap_list_ir_1_subset_45,orderSum,"['Glucose', 'BMI', 'Age', 'Insulin', 'DiabetesPedigreeFunction', 'Pregnancies', 'BloodPressure', 'SkinThickness']"
765,rf_shap_list_ir_3,rf_shap_list_ir_3_subset_152,orderMean,"['Glucose', 'BMI', 'Age', 'DiabetesPedigreeFunction', 'SkinThickness', 'BloodPressure', 'Pregnancies', 'Insulin']"
766,rf_shap_list_ir_3,rf_shap_list_ir_3_subset_152,orderStd,"['BMI', 'Glucose', 'Age', 'DiabetesPedigreeFunction', 'Insulin', 'BloodPressure', 'SkinThickness', 'Pregnancies']"
767,rf_shap_list_ir_3,rf_shap_list_ir_3_subset_152,orderSum,"['Glucose', 'BMI', 'Age', 'DiabetesPedigreeFunction', 'SkinThickness', 'BloodPressure', 'Pregnancies', 'Insulin']"
768,rf_shap_list_ir_5,rf_shap_list_ir_5_subset_65,orderMean,"['Glucose', 'BMI', 'Age', 'DiabetesPedigreeFunction', 'Pregnancies', 'BloodPressure', 'SkinThickness', 'Insulin']"
769,rf_shap_list_ir_5,rf_shap_list_ir_5_subset_65,orderStd,"['Glucose', 'BMI', 'Age', 'DiabetesPedigreeFunction', 'BloodPressure', 'Insulin', 'Pregnancies', 'SkinThickness']"
770,rf_shap_list_ir_5,rf_shap_list_ir_5_subset_65,orderSum,"['Glucose', 'BMI', 'Age', 'DiabetesPedigreeFunction', 'Pregnancies', 'BloodPressure', 'SkinThickness', 'Insulin']"
771,rf_shap_list_ir_4,rf_shap_list_ir_4_subset_152,orderMean,"['Glucose', 'BMI', 'Age', 'DiabetesPedigreeFunction', 'Pregnancies', 'BloodPressure', 'Insulin', 'SkinThickness']"
772,rf_shap_list_ir_4,rf_shap_list_ir_4_subset_152,orderStd,"['BMI', 'Glucose', 'Age', 'DiabetesPedigreeFunction', 'Insulin', 'Pregnancies', 'BloodPressure', 'SkinThickness']"
773,rf_shap_list_ir_4,rf_shap_list_ir_4_subset_152,orderSum,"['Glucose', 'BMI', 'Age', 'DiabetesPedigreeFunction', 'Pregnancies', 'BloodPressure', 'Insulin', 'SkinThickness']"
774,rf_shap_list_ir_1,rf_shap_list_ir_1_subset_117,orderMean,"['Glucose', 'BMI', 'BloodPressure', 'DiabetesPedigreeFunction', 'Age', 'Insulin', 'Pregnancies', 'SkinThickness']"
775,rf_shap_list_ir_1,rf_shap_list_ir_1_subset_117,orderStd,"['BloodPressure', 'BMI', 'Glucose', 'Pregnancies', 'Age', 'DiabetesPedigreeFunction', 'Insulin', 'SkinThickness']"
776,rf_shap_list_ir_1,rf_shap_list_ir_1_subset_117,orderSum,"['Glucose', 'BMI', 'BloodPressure', 'DiabetesPedigreeFunction', 'Age', 'Insulin', 'Pregnancies', 'SkinThickness']"
777,rf_shap_list_ir_5,rf_shap_list_ir_5_subset_1,orderMean,"['Glucose', 'BMI', 'Age', 'DiabetesPedigreeFunction', 'BloodPressure', 'Pregnancies', 'SkinThickness', 'Insulin']"
778,rf_shap_list_ir_5,rf_shap_list_ir_5_subset_1,orderStd,"['BMI', 'Glucose', 'DiabetesPedigreeFunction', 'Age', 'Insulin', 'BloodPressure', 'SkinThickness', 'Pregnancies']"
779,rf_shap_list_ir_5,rf_shap_list_ir_5_subset_1,orderSum,"['Glucose', 'BMI', 'Age', 'DiabetesPedigreeFunction', 'BloodPressure', 'Pregnancies', 'SkinThickness', 'Insulin']"
780,rf_shap_list_ir_2,rf_shap_list_ir_2_subset_67,orderMean,"['Glucose', 'BMI', 'Age', 'DiabetesPedigreeFunction', 'BloodPressure', 'Pregnancies', 'SkinThickness', 'Insulin']"
781,rf_shap_list_ir_2,rf_shap_list_ir_2_subset_67,orderStd,"['BMI', 'Age', 'DiabetesPedigreeFunction', 'Glucose', 'BloodPressure', 'Pregnancies', 'SkinThickness', 'Insulin']"
782,rf_shap_list_ir_2,rf_shap_list_ir_2_subset_67,orderSum,"['Glucose', 'BMI', 'Age', 'DiabetesPedigreeFunction', 'BloodPressure', 'Pregnancies', 'SkinThickness', 'Insulin']"
783,rf_shap_list_ir_3,rf_shap_list_ir_3_subset_78,orderMean,"['Glucose', 'BMI', 'Age', 'DiabetesPedigreeFunction', 'BloodPressure', 'SkinThickness', 'Pregnancies', 'Insulin']"
784,rf_shap_list_ir_3,rf_shap_list_ir_3_subset_78,orderStd,"['BMI', 'Glucose', 'Age', 'DiabetesPedigreeFunction', 'Insulin', 'BloodPressure', 'SkinThickness', 'Pregnancies']"
785,rf_shap_list_ir_3,rf_shap_list_ir_3_subset_78,orderSum,"['Glucose', 'BMI', 'Age', 'DiabetesPedigreeFunction', 'BloodPressure', 'SkinThickness', 'Pregnancies', 'Insulin']"
786,rf_shap_list_ir_3,rf_shap_list_ir_3_subset_80,orderMean,"['Glucose', 'DiabetesPedigreeFunction', 'BMI', 'Pregnancies', 'Age', 'BloodPressure', 'Insulin', 'SkinThickness']"
787,rf_shap_list_ir_3,rf_shap_list_ir_3_subset_80,orderStd,"['Glucose', 'BMI', 'Age', 'DiabetesPedigreeFunction', 'Insulin', 'Pregnancies', 'BloodPressure', 'SkinThickness']"
788,rf_shap_list_ir_3,rf_shap_list_ir_3_subset_80,orderSum,"['Glucose', 'DiabetesPedigreeFunction', 'BMI', 'Pregnancies', 'Age', 'BloodPressure', 'Insulin', 'SkinThickness']"
789,rf_shap_list_ir_3,rf_shap_list_ir_3_subset_100,orderMean,"['Glucose', 'BMI', 'Age', 'DiabetesPedigreeFunction', 'BloodPressure', 'Insulin', 'SkinThickness', 'Pregnancies']"
790,rf_shap_list_ir_3,rf_shap_list_ir_3_subset_100,orderStd,"['BMI', 'Glucose', 'Age', 'DiabetesPedigreeFunction', 'BloodPressure', 'Insulin', 'Pregnancies', 'SkinThickness']"
791,rf_shap_list_ir_3,rf_shap_list_ir_3_subset_100,orderSum,"['Glucose', 'BMI', 'Age', 'DiabetesPedigreeFunction', 'BloodPressure', 'Insulin', 'SkinThickness', 'Pregnancies']"
792,rf_shap_list_ir_4,rf_shap_list_ir_4_subset_33,orderMean,"['Glucose', 'BMI', 'DiabetesPedigreeFunction', 'Age', 'Pregnancies', 'BloodPressure', 'SkinThickness', 'Insulin']"
793,rf_shap_list_ir_4,rf_shap_list_ir_4_subset_33,orderStd,"['Glucose', 'BMI', 'Age', 'DiabetesPedigreeFunction', 'Insulin', 'BloodPressure', 'Pregnancies', 'SkinThickness']"
794,rf_shap_list_ir_4,rf_shap_list_ir_4_subset_33,orderSum,"['Glucose', 'BMI', 'DiabetesPedigreeFunction', 'Age', 'Pregnancies', 'BloodPressure', 'SkinThickness', 'Insulin']"
795,rf_shap_list_ir_2,rf_shap_list_ir_2_subset_42,orderMean,"['Glucose', 'BMI', 'DiabetesPedigreeFunction', 'BloodPressure', 'Pregnancies', 'SkinThickness', 'Age', 'Insulin']"
796,rf_shap_list_ir_2,rf_shap_list_ir_2_subset_42,orderStd,"['DiabetesPedigreeFunction', 'Glucose', 'BMI', 'Pregnancies', 'SkinThickness', 'BloodPressure', 'Age', 'Insulin']"
797,rf_shap_list_ir_2,rf_shap_list_ir_2_subset_42,orderSum,"['Glucose', 'BMI', 'DiabetesPedigreeFunction', 'BloodPressure', 'Pregnancies', 'SkinThickness', 'Age', 'Insulin']"
798,rf_shap_list_ir_1,rf_shap_list_ir_1_subset_140,orderMean,"['Glucose', 'BMI', 'Insulin', 'Age', 'DiabetesPedigreeFunction', 'Pregnancies', 'BloodPressure', 'SkinThickness']"
799,rf_shap_list_ir_1,rf_shap_list_ir_1_subset_140,orderStd,"['Glucose', 'BMI', 'Age', 'DiabetesPedigreeFunction', 'Insulin', 'Pregnancies', 'SkinThickness', 'BloodPressure']"
800,rf_shap_list_ir_1,rf_shap_list_ir_1_subset_140,orderSum,"['Glucose', 'BMI', 'Insulin', 'Age', 'DiabetesPedigreeFunction', 'Pregnancies', 'BloodPressure', 'SkinThickness']"
801,rf_shap_list_ir_4,rf_shap_list_ir_4_subset_131,orderMean,"['Glucose', 'Age', 'BMI', 'DiabetesPedigreeFunction', 'Pregnancies', 'BloodPressure', 'SkinThickness', 'Insulin']"
802,rf_shap_list_ir_4,rf_shap_list_ir_4_subset_131,orderStd,"['Glucose', 'BMI', 'Age', 'DiabetesPedigreeFunction', 'BloodPressure', 'Insulin', 'Pregnancies', 'SkinThickness']"
803,rf_shap_list_ir_4,rf_shap_list_ir_4_subset_131,orderSum,"['Glucose', 'Age', 'BMI', 'DiabetesPedigreeFunction', 'Pregnancies', 'BloodPressure', 'SkinThickness', 'Insulin']"
804,rf_shap_list_ir_5,rf_shap_list_ir_5_subset_113,orderMean,"['Glucose', 'BMI', 'Age', 'Pregnancies', 'Insulin', 'DiabetesPedigreeFunction', 'BloodPressure', 'SkinThickness']"
805,rf_shap_list_ir_5,rf_shap_list_ir_5_subset_113,orderStd,"['Glucose', 'BMI', 'Age', 'Insulin', 'DiabetesPedigreeFunction', 'Pregnancies', 'BloodPressure', 'SkinThickness']"
806,rf_shap_list_ir_5,rf_shap_list_ir_5_subset_113,orderSum,"['Glucose', 'BMI', 'Age', 'Pregnancies', 'Insulin', 'DiabetesPedigreeFunction', 'BloodPressure', 'SkinThickness']"
807,rf_shap_list_ir_5,rf_shap_list_ir_5_subset_61,orderMean,"['Glucose', 'BMI', 'Age', 'DiabetesPedigreeFunction', 'Pregnancies', 'BloodPressure', 'SkinThickness', 'Insulin']"
808,rf_shap_list_ir_5,rf_shap_list_ir_5_subset_61,orderStd,"['Glucose', 'BMI', 'DiabetesPedigreeFunction', 'Age', 'Insulin', 'Pregnancies', 'SkinThickness', 'BloodPressure']"
809,rf_shap_list_ir_5,rf_shap_list_ir_5_subset_61,orderSum,"['Glucose', 'BMI', 'Age', 'DiabetesPedigreeFunction', 'Pregnancies', 'BloodPressure', 'SkinThickness', 'Insulin']"
810,rf_shap_list_ir_1,rf_shap_list_ir_1_subset_67,orderMean,"['Glucose', 'Age', 'BMI', 'BloodPressure', 'DiabetesPedigreeFunction', 'Pregnancies', 'SkinThickness', 'Insulin']"
811,rf_shap_list_ir_1,rf_shap_list_ir_1_subset_67,orderStd,"['Glucose', 'BMI', 'BloodPressure', 'Age', 'DiabetesPedigreeFunction', 'SkinThickness', 'Pregnancies', 'Insulin']"
812,rf_shap_list_ir_1,rf_shap_list_ir_1_subset_67,orderSum,"['Glucose', 'Age', 'BMI', 'BloodPressure', 'DiabetesPedigreeFunction', 'Pregnancies', 'SkinThickness', 'Insulin']"
813,rf_shap_list_ir_1,rf_shap_list_ir_1_subset_157,orderMean,"['Glucose', 'BMI', 'Age', 'DiabetesPedigreeFunction', 'BloodPressure', 'SkinThickness', 'Pregnancies', 'Insulin']"
814,rf_shap_list_ir_1,rf_shap_list_ir_1_subset_157,orderStd,"['Glucose', 'BMI', 'BloodPressure', 'Age', 'Insulin', 'DiabetesPedigreeFunction', 'Pregnancies', 'SkinThickness']"
815,rf_shap_list_ir_1,rf_shap_list_ir_1_subset_157,orderSum,"['Glucose', 'BMI', 'Age', 'DiabetesPedigreeFunction', 'BloodPressure', 'SkinThickness', 'Pregnancies', 'Insulin']"
816,rf_shap_list_ir_3,rf_shap_list_ir_3_subset_73,orderMean,"['Glucose', 'BMI', 'DiabetesPedigreeFunction', 'Age', 'BloodPressure', 'Pregnancies', 'SkinThickness', 'Insulin']"
817,rf_shap_list_ir_3,rf_shap_list_ir_3_subset_73,orderStd,"['Glucose', 'BMI', 'Age', 'DiabetesPedigreeFunction', 'Insulin', 'BloodPressure', 'Pregnancies', 'SkinThickness']"
818,rf_shap_list_ir_3,rf_shap_list_ir_3_subset_73,orderSum,"['Glucose', 'BMI', 'DiabetesPedigreeFunction', 'Age', 'BloodPressure', 'Pregnancies', 'SkinThickness', 'Insulin']"
819,rf_shap_list_ir_4,rf_shap_list_ir_4_subset_68,orderMean,"['Glucose', 'Age', 'BMI', 'DiabetesPedigreeFunction', 'SkinThickness', 'BloodPressure', 'Pregnancies', 'Insulin']"
820,rf_shap_list_ir_4,rf_shap_list_ir_4_subset_68,orderStd,"['Glucose', 'BMI', 'Age', 'DiabetesPedigreeFunction', 'SkinThickness', 'BloodPressure', 'Pregnancies', 'Insulin']"
821,rf_shap_list_ir_4,rf_shap_list_ir_4_subset_68,orderSum,"['Glucose', 'Age', 'BMI', 'DiabetesPedigreeFunction', 'SkinThickness', 'BloodPressure', 'Pregnancies', 'Insulin']"
822,rf_shap_list_ir_3,rf_shap_list_ir_3_subset_51,orderMean,"['Glucose', 'BMI', 'Pregnancies', 'DiabetesPedigreeFunction', 'BloodPressure', 'Age', 'SkinThickness', 'Insulin']"
823,rf_shap_list_ir_3,rf_shap_list_ir_3_subset_51,orderStd,"['BMI', 'Glucose', 'Pregnancies', 'DiabetesPedigreeFunction', 'SkinThickness', 'Age', 'Insulin', 'BloodPressure']"
824,rf_shap_list_ir_3,rf_shap_list_ir_3_subset_51,orderSum,"['Glucose', 'BMI', 'Pregnancies', 'DiabetesPedigreeFunction', 'BloodPressure', 'Age', 'SkinThickness', 'Insulin']"
825,rf_shap_list_ir_2,rf_shap_list_ir_2_subset_87,orderMean,"['Glucose', 'Age', 'BMI', 'DiabetesPedigreeFunction', 'BloodPressure', 'Pregnancies', 'Insulin', 'SkinThickness']"
826,rf_shap_list_ir_2,rf_shap_list_ir_2_subset_87,orderStd,"['Glucose', 'Age', 'DiabetesPedigreeFunction', 'BloodPressure', 'BMI', 'Pregnancies', 'Insulin', 'SkinThickness']"
827,rf_shap_list_ir_2,rf_shap_list_ir_2_subset_87,orderSum,"['Glucose', 'Age', 'BMI', 'DiabetesPedigreeFunction', 'BloodPressure', 'Pregnancies', 'Insulin', 'SkinThickness']"
828,rf_shap_list_ir_3,rf_shap_list_ir_3_subset_10,orderMean,"['Glucose', 'BMI', 'Age', 'DiabetesPedigreeFunction', 'Insulin', 'Pregnancies', 'SkinThickness', 'BloodPressure']"
829,rf_shap_list_ir_3,rf_shap_list_ir_3_subset_10,orderStd,"['Glucose', 'BMI', 'Age', 'DiabetesPedigreeFunction', 'Insulin', 'Pregnancies', 'BloodPressure', 'SkinThickness']"
830,rf_shap_list_ir_3,rf_shap_list_ir_3_subset_10,orderSum,"['Glucose', 'BMI', 'Age', 'DiabetesPedigreeFunction', 'Insulin', 'Pregnancies', 'SkinThickness', 'BloodPressure']"
831,rf_shap_list_ir_4,rf_shap_list_ir_4_subset_114,orderMean,"['Glucose', 'Age', 'BMI', 'DiabetesPedigreeFunction', 'BloodPressure', 'SkinThickness', 'Pregnancies', 'Insulin']"
832,rf_shap_list_ir_4,rf_shap_list_ir_4_subset_114,orderStd,"['BMI', 'Glucose', 'Age', 'DiabetesPedigreeFunction', 'Insulin', 'SkinThickness', 'BloodPressure', 'Pregnancies']"
833,rf_shap_list_ir_4,rf_shap_list_ir_4_subset_114,orderSum,"['Glucose', 'Age', 'BMI', 'DiabetesPedigreeFunction', 'BloodPressure', 'SkinThickness', 'Pregnancies', 'Insulin']"
834,rf_shap_list_ir_5,rf_shap_list_ir_5_subset_98,orderMean,"['Glucose', 'BMI', 'Age', 'DiabetesPedigreeFunction', 'Pregnancies', 'Insulin', 'BloodPressure', 'SkinThickness']"
835,rf_shap_list_ir_5,rf_shap_list_ir_5_subset_98,orderStd,"['Glucose', 'BMI', 'Age', 'DiabetesPedigreeFunction', 'Insulin', 'Pregnancies', 'BloodPressure', 'SkinThickness']"
836,rf_shap_list_ir_5,rf_shap_list_ir_5_subset_98,orderSum,"['Glucose', 'BMI', 'Age', 'DiabetesPedigreeFunction', 'Pregnancies', 'Insulin', 'BloodPressure', 'SkinThickness']"
837,rf_shap_list_ir_2,rf_shap_list_ir_2_subset_43,orderMean,"['BMI', 'Glucose', 'DiabetesPedigreeFunction', 'BloodPressure', 'Age', 'SkinThickness', 'Pregnancies', 'Insulin']"
838,rf_shap_list_ir_2,rf_shap_list_ir_2_subset_43,orderStd,"['BMI', 'Glucose', 'DiabetesPedigreeFunction', 'Age', 'Insulin', 'BloodPressure', 'Pregnancies', 'SkinThickness']"
839,rf_shap_list_ir_2,rf_shap_list_ir_2_subset_43,orderSum,"['BMI', 'Glucose', 'DiabetesPedigreeFunction', 'BloodPressure', 'Age', 'SkinThickness', 'Pregnancies', 'Insulin']"
840,rf_shap_list_ir_1,rf_shap_list_ir_1_subset_16,orderMean,"['Glucose', 'DiabetesPedigreeFunction', 'BMI', 'Age', 'BloodPressure', 'Pregnancies', 'SkinThickness', 'Insulin']"
841,rf_shap_list_ir_1,rf_shap_list_ir_1_subset_16,orderStd,"['DiabetesPedigreeFunction', 'BMI', 'Glucose', 'BloodPressure', 'Age', 'Pregnancies', 'Insulin', 'SkinThickness']"
842,rf_shap_list_ir_1,rf_shap_list_ir_1_subset_16,orderSum,"['Glucose', 'DiabetesPedigreeFunction', 'BMI', 'Age', 'BloodPressure', 'Pregnancies', 'SkinThickness', 'Insulin']"
843,rf_shap_list_ir_5,rf_shap_list_ir_5_subset_6,orderMean,"['Glucose', 'BMI', 'Age', 'Pregnancies', 'DiabetesPedigreeFunction', 'BloodPressure', 'SkinThickness', 'Insulin']"
844,rf_shap_list_ir_5,rf_shap_list_ir_5_subset_6,orderStd,"['BMI', 'Glucose', 'Age', 'DiabetesPedigreeFunction', 'Insulin', 'Pregnancies', 'SkinThickness', 'BloodPressure']"
845,rf_shap_list_ir_5,rf_shap_list_ir_5_subset_6,orderSum,"['Glucose', 'BMI', 'Age', 'Pregnancies', 'DiabetesPedigreeFunction', 'BloodPressure', 'SkinThickness', 'Insulin']"
846,rf_shap_list_ir_1,rf_shap_list_ir_1_subset_72,orderMean,"['Glucose', 'Pregnancies', 'DiabetesPedigreeFunction', 'BMI', 'Age', 'BloodPressure', 'Insulin', 'SkinThickness']"
847,rf_shap_list_ir_1,rf_shap_list_ir_1_subset_72,orderStd,"['Pregnancies', 'Glucose', 'BMI', 'Age', 'DiabetesPedigreeFunction', 'BloodPressure', 'SkinThickness', 'Insulin']"
848,rf_shap_list_ir_1,rf_shap_list_ir_1_subset_72,orderSum,"['Glucose', 'Pregnancies', 'DiabetesPedigreeFunction', 'BMI', 'Age', 'BloodPressure', 'Insulin', 'SkinThickness']"
849,rf_shap_list_ir_4,rf_shap_list_ir_4_subset_156,orderMean,"['Glucose', 'Age', 'BMI', 'DiabetesPedigreeFunction', 'Pregnancies', 'SkinThickness', 'BloodPressure', 'Insulin']"
850,rf_shap_list_ir_4,rf_shap_list_ir_4_subset_156,orderStd,"['Glucose', 'BMI', 'Age', 'DiabetesPedigreeFunction', 'Pregnancies', 'Insulin', 'SkinThickness', 'BloodPressure']"
851,rf_shap_list_ir_4,rf_shap_list_ir_4_subset_156,orderSum,"['Glucose', 'Age', 'BMI', 'DiabetesPedigreeFunction', 'Pregnancies', 'SkinThickness', 'BloodPressure', 'Insulin']"
852,rf_shap_list_ir_3,rf_shap_list_ir_3_subset_138,orderMean,"['Glucose', 'BMI', 'Age', 'DiabetesPedigreeFunction', 'BloodPressure', 'Pregnancies', 'SkinThickness', 'Insulin']"
853,rf_shap_list_ir_3,rf_shap_list_ir_3_subset_138,orderStd,"['BMI', 'Glucose', 'Age', 'DiabetesPedigreeFunction', 'Pregnancies', 'Insulin', 'BloodPressure', 'SkinThickness']"
854,rf_shap_list_ir_3,rf_shap_list_ir_3_subset_138,orderSum,"['Glucose', 'BMI', 'Age', 'DiabetesPedigreeFunction', 'BloodPressure', 'Pregnancies', 'SkinThickness', 'Insulin']"
855,rf_shap_list_ir_1,rf_shap_list_ir_1_subset_137,orderMean,"['BMI', 'Glucose', 'BloodPressure', 'DiabetesPedigreeFunction', 'Age', 'Pregnancies', 'Insulin', 'SkinThickness']"
856,rf_shap_list_ir_1,rf_shap_list_ir_1_subset_137,orderStd,"['BMI', 'Age', 'Glucose', 'BloodPressure', 'DiabetesPedigreeFunction', 'Pregnancies', 'SkinThickness', 'Insulin']"
857,rf_shap_list_ir_1,rf_shap_list_ir_1_subset_137,orderSum,"['BMI', 'Glucose', 'BloodPressure', 'DiabetesPedigreeFunction', 'Age', 'Pregnancies', 'Insulin', 'SkinThickness']"
858,rf_shap_list_ir_1,rf_shap_list_ir_1_subset_24,orderMean,"['Glucose', 'Insulin', 'DiabetesPedigreeFunction', 'BMI', 'Pregnancies', 'Age', 'BloodPressure', 'SkinThickness']"
859,rf_shap_list_ir_1,rf_shap_list_ir_1_subset_24,orderStd,"['Glucose', 'BMI', 'DiabetesPedigreeFunction', 'Insulin', 'Age', 'SkinThickness', 'Pregnancies', 'BloodPressure']"
860,rf_shap_list_ir_1,rf_shap_list_ir_1_subset_24,orderSum,"['Glucose', 'Insulin', 'DiabetesPedigreeFunction', 'BMI', 'Pregnancies', 'Age', 'BloodPressure', 'SkinThickness']"
861,rf_shap_list_ir_1,rf_shap_list_ir_1_subset_106,orderMean,"['BMI', 'Glucose', 'DiabetesPedigreeFunction', 'Pregnancies', 'Age', 'BloodPressure', 'SkinThickness', 'Insulin']"
862,rf_shap_list_ir_1,rf_shap_list_ir_1_subset_106,orderStd,"['BMI', 'Glucose', 'Insulin', 'DiabetesPedigreeFunction', 'Pregnancies', 'BloodPressure', 'Age', 'SkinThickness']"
863,rf_shap_list_ir_1,rf_shap_list_ir_1_subset_106,orderSum,"['BMI', 'Glucose', 'DiabetesPedigreeFunction', 'Pregnancies', 'Age', 'BloodPressure', 'SkinThickness', 'Insulin']"
864,rf_shap_list_ir_2,rf_shap_list_ir_2_subset_155,orderMean,"['Glucose', 'BMI', 'DiabetesPedigreeFunction', 'Pregnancies', 'BloodPressure', 'Age', 'SkinThickness', 'Insulin']"
865,rf_shap_list_ir_2,rf_shap_list_ir_2_subset_155,orderStd,"['Glucose', 'BMI', 'Insulin', 'DiabetesPedigreeFunction', 'BloodPressure', 'Pregnancies', 'SkinThickness', 'Age']"
866,rf_shap_list_ir_2,rf_shap_list_ir_2_subset_155,orderSum,"['Glucose', 'BMI', 'DiabetesPedigreeFunction', 'Pregnancies', 'BloodPressure', 'Age', 'SkinThickness', 'Insulin']"
867,rf_shap_list_ir_4,rf_shap_list_ir_4_subset_102,orderMean,"['Glucose', 'Age', 'DiabetesPedigreeFunction', 'BMI', 'Pregnancies', 'BloodPressure', 'SkinThickness', 'Insulin']"
868,rf_shap_list_ir_4,rf_shap_list_ir_4_subset_102,orderStd,"['Glucose', 'BMI', 'DiabetesPedigreeFunction', 'Age', 'Pregnancies', 'Insulin', 'BloodPressure', 'SkinThickness']"
869,rf_shap_list_ir_4,rf_shap_list_ir_4_subset_102,orderSum,"['Glucose', 'Age', 'DiabetesPedigreeFunction', 'BMI', 'Pregnancies', 'BloodPressure', 'SkinThickness', 'Insulin']"
870,rf_shap_list_ir_1,rf_shap_list_ir_1_subset_98,orderMean,"['Glucose', 'DiabetesPedigreeFunction', 'BMI', 'SkinThickness', 'Insulin', 'BloodPressure', 'Age', 'Pregnancies']"
871,rf_shap_list_ir_1,rf_shap_list_ir_1_subset_98,orderStd,"['Glucose', 'DiabetesPedigreeFunction', 'BMI', 'BloodPressure', 'SkinThickness', 'Age', 'Insulin', 'Pregnancies']"
872,rf_shap_list_ir_1,rf_shap_list_ir_1_subset_98,orderSum,"['Glucose', 'DiabetesPedigreeFunction', 'BMI', 'SkinThickness', 'Insulin', 'BloodPressure', 'Age', 'Pregnancies']"
873,rf_shap_list_ir_1,rf_shap_list_ir_1_subset_44,orderMean,"['Glucose', 'Age', 'DiabetesPedigreeFunction', 'BloodPressure', 'BMI', 'Pregnancies', 'SkinThickness', 'Insulin']"
874,rf_shap_list_ir_1,rf_shap_list_ir_1_subset_44,orderStd,"['Glucose', 'Age', 'Pregnancies', 'BMI', 'DiabetesPedigreeFunction', 'BloodPressure', 'SkinThickness', 'Insulin']"
875,rf_shap_list_ir_1,rf_shap_list_ir_1_subset_44,orderSum,"['Glucose', 'Age', 'DiabetesPedigreeFunction', 'BloodPressure', 'BMI', 'Pregnancies', 'SkinThickness', 'Insulin']"
876,rf_shap_list_ir_4,rf_shap_list_ir_4_subset_23,orderMean,"['Glucose', 'BMI', 'Age', 'DiabetesPedigreeFunction', 'SkinThickness', 'BloodPressure', 'Insulin', 'Pregnancies']"
877,rf_shap_list_ir_4,rf_shap_list_ir_4_subset_23,orderStd,"['BMI', 'Glucose', 'Age', 'DiabetesPedigreeFunction', 'SkinThickness', 'Insulin', 'Pregnancies', 'BloodPressure']"
878,rf_shap_list_ir_4,rf_shap_list_ir_4_subset_23,orderSum,"['Glucose', 'BMI', 'Age', 'DiabetesPedigreeFunction', 'SkinThickness', 'BloodPressure', 'Insulin', 'Pregnancies']"
879,rf_shap_list_ir_5,rf_shap_list_ir_5_subset_77,orderMean,"['Glucose', 'BMI', 'Age', 'DiabetesPedigreeFunction', 'Pregnancies', 'SkinThickness', 'BloodPressure', 'Insulin']"
880,rf_shap_list_ir_5,rf_shap_list_ir_5_subset_77,orderStd,"['Glucose', 'BMI', 'Age', 'DiabetesPedigreeFunction', 'Pregnancies', 'BloodPressure', 'SkinThickness', 'Insulin']"
881,rf_shap_list_ir_5,rf_shap_list_ir_5_subset_77,orderSum,"['Glucose', 'BMI', 'Age', 'DiabetesPedigreeFunction', 'Pregnancies', 'SkinThickness', 'BloodPressure', 'Insulin']"
882,rf_shap_list_ir_2,rf_shap_list_ir_2_subset_62,orderMean,"['Glucose', 'Age', 'DiabetesPedigreeFunction', 'BMI', 'Pregnancies', 'SkinThickness', 'BloodPressure', 'Insulin']"
883,rf_shap_list_ir_2,rf_shap_list_ir_2_subset_62,orderStd,"['Glucose', 'Age', 'DiabetesPedigreeFunction', 'BMI', 'SkinThickness', 'Pregnancies', 'Insulin', 'BloodPressure']"
884,rf_shap_list_ir_2,rf_shap_list_ir_2_subset_62,orderSum,"['Glucose', 'Age', 'DiabetesPedigreeFunction', 'BMI', 'Pregnancies', 'SkinThickness', 'BloodPressure', 'Insulin']"
885,rf_shap_list_ir_5,rf_shap_list_ir_5_subset_76,orderMean,"['Glucose', 'BMI', 'Age', 'Pregnancies', 'DiabetesPedigreeFunction', 'Insulin', 'BloodPressure', 'SkinThickness']"
886,rf_shap_list_ir_5,rf_shap_list_ir_5_subset_76,orderStd,"['Glucose', 'BMI', 'Age', 'DiabetesPedigreeFunction', 'Pregnancies', 'Insulin', 'SkinThickness', 'BloodPressure']"
887,rf_shap_list_ir_5,rf_shap_list_ir_5_subset_76,orderSum,"['Glucose', 'BMI', 'Age', 'Pregnancies', 'DiabetesPedigreeFunction', 'Insulin', 'BloodPressure', 'SkinThickness']"
888,rf_shap_list_ir_5,rf_shap_list_ir_5_subset_59,orderMean,"['Glucose', 'BMI', 'DiabetesPedigreeFunction', 'Age', 'BloodPressure', 'Pregnancies', 'Insulin', 'SkinThickness']"
889,rf_shap_list_ir_5,rf_shap_list_ir_5_subset_59,orderStd,"['Glucose', 'BMI', 'DiabetesPedigreeFunction', 'Age', 'BloodPressure', 'Insulin', 'Pregnancies', 'SkinThickness']"
890,rf_shap_list_ir_5,rf_shap_list_ir_5_subset_59,orderSum,"['Glucose', 'BMI', 'DiabetesPedigreeFunction', 'Age', 'BloodPressure', 'Pregnancies', 'Insulin', 'SkinThickness']"
891,rf_shap_list_ir_5,rf_shap_list_ir_5_subset_111,orderMean,"['Glucose', 'BMI', 'DiabetesPedigreeFunction', 'Age', 'Insulin', 'Pregnancies', 'SkinThickness', 'BloodPressure']"
892,rf_shap_list_ir_5,rf_shap_list_ir_5_subset_111,orderStd,"['Glucose', 'BMI', 'Age', 'DiabetesPedigreeFunction', 'Insulin', 'BloodPressure', 'Pregnancies', 'SkinThickness']"
893,rf_shap_list_ir_5,rf_shap_list_ir_5_subset_111,orderSum,"['Glucose', 'BMI', 'DiabetesPedigreeFunction', 'Age', 'Insulin', 'Pregnancies', 'SkinThickness', 'BloodPressure']"
894,rf_shap_list_ir_5,rf_shap_list_ir_5_subset_138,orderMean,"['Glucose', 'BMI', 'Age', 'DiabetesPedigreeFunction', 'Pregnancies', 'BloodPressure', 'Insulin', 'SkinThickness']"
895,rf_shap_list_ir_5,rf_shap_list_ir_5_subset_138,orderStd,"['Glucose', 'BMI', 'Age', 'DiabetesPedigreeFunction', 'Insulin', 'BloodPressure', 'Pregnancies', 'SkinThickness']"
896,rf_shap_list_ir_5,rf_shap_list_ir_5_subset_138,orderSum,"['Glucose', 'BMI', 'Age', 'DiabetesPedigreeFunction', 'Pregnancies', 'BloodPressure', 'Insulin', 'SkinThickness']"
897,rf_shap_list_ir_3,rf_shap_list_ir_3_subset_102,orderMean,"['Glucose', 'BMI', 'DiabetesPedigreeFunction', 'Age', 'Pregnancies', 'BloodPressure', 'SkinThickness', 'Insulin']"
898,rf_shap_list_ir_3,rf_shap_list_ir_3_subset_102,orderStd,"['Glucose', 'BMI', 'DiabetesPedigreeFunction', 'Age', 'BloodPressure', 'Pregnancies', 'SkinThickness', 'Insulin']"
899,rf_shap_list_ir_3,rf_shap_list_ir_3_subset_102,orderSum,"['Glucose', 'BMI', 'DiabetesPedigreeFunction', 'Age', 'Pregnancies', 'BloodPressure', 'SkinThickness', 'Insulin']"
900,rf_shap_list_ir_5,rf_shap_list_ir_5_subset_84,orderMean,"['Glucose', 'Pregnancies', 'BMI', 'Age', 'DiabetesPedigreeFunction', 'Insulin', 'BloodPressure', 'SkinThickness']"
901,rf_shap_list_ir_5,rf_shap_list_ir_5_subset_84,orderStd,"['Glucose', 'BMI', 'DiabetesPedigreeFunction', 'Age', 'Pregnancies', 'Insulin', 'BloodPressure', 'SkinThickness']"
902,rf_shap_list_ir_5,rf_shap_list_ir_5_subset_84,orderSum,"['Glucose', 'Pregnancies', 'BMI', 'Age', 'DiabetesPedigreeFunction', 'Insulin', 'BloodPressure', 'SkinThickness']"
903,rf_shap_list_ir_1,rf_shap_list_ir_1_subset_21,orderMean,"['Age', 'Glucose', 'DiabetesPedigreeFunction', 'BMI', 'SkinThickness', 'BloodPressure', 'Insulin', 'Pregnancies']"
904,rf_shap_list_ir_1,rf_shap_list_ir_1_subset_21,orderStd,"['Age', 'Glucose', 'BMI', 'SkinThickness', 'BloodPressure', 'DiabetesPedigreeFunction', 'Insulin', 'Pregnancies']"
905,rf_shap_list_ir_1,rf_shap_list_ir_1_subset_21,orderSum,"['Age', 'Glucose', 'DiabetesPedigreeFunction', 'BMI', 'SkinThickness', 'BloodPressure', 'Insulin', 'Pregnancies']"
906,rf_shap_list_ir_3,rf_shap_list_ir_3_subset_5,orderMean,"['Glucose', 'Age', 'BMI', 'DiabetesPedigreeFunction', 'Pregnancies', 'SkinThickness', 'BloodPressure', 'Insulin']"
907,rf_shap_list_ir_3,rf_shap_list_ir_3_subset_5,orderStd,"['Glucose', 'BMI', 'Age', 'DiabetesPedigreeFunction', 'BloodPressure', 'Insulin', 'SkinThickness', 'Pregnancies']"
908,rf_shap_list_ir_3,rf_shap_list_ir_3_subset_5,orderSum,"['Glucose', 'Age', 'BMI', 'DiabetesPedigreeFunction', 'Pregnancies', 'SkinThickness', 'BloodPressure', 'Insulin']"
909,rf_shap_list_ir_4,rf_shap_list_ir_4_subset_15,orderMean,"['Glucose', 'BMI', 'Age', 'DiabetesPedigreeFunction', 'BloodPressure', 'SkinThickness', 'Pregnancies', 'Insulin']"
910,rf_shap_list_ir_4,rf_shap_list_ir_4_subset_15,orderStd,"['Glucose', 'BMI', 'Age', 'DiabetesPedigreeFunction', 'SkinThickness', 'BloodPressure', 'Insulin', 'Pregnancies']"
911,rf_shap_list_ir_4,rf_shap_list_ir_4_subset_15,orderSum,"['Glucose', 'BMI', 'Age', 'DiabetesPedigreeFunction', 'BloodPressure', 'SkinThickness', 'Pregnancies', 'Insulin']"
912,rf_shap_list_ir_3,rf_shap_list_ir_3_subset_149,orderMean,"['Glucose', 'DiabetesPedigreeFunction', 'BMI', 'Age', 'Pregnancies', 'BloodPressure', 'Insulin', 'SkinThickness']"
913,rf_shap_list_ir_3,rf_shap_list_ir_3_subset_149,orderStd,"['Glucose', 'BMI', 'DiabetesPedigreeFunction', 'Age', 'Pregnancies', 'Insulin', 'SkinThickness', 'BloodPressure']"
914,rf_shap_list_ir_3,rf_shap_list_ir_3_subset_149,orderSum,"['Glucose', 'DiabetesPedigreeFunction', 'BMI', 'Age', 'Pregnancies', 'BloodPressure', 'Insulin', 'SkinThickness']"
915,rf_shap_list_ir_2,rf_shap_list_ir_2_subset_112,orderMean,"['Age', 'Glucose', 'BMI', 'DiabetesPedigreeFunction', 'BloodPressure', 'Pregnancies', 'SkinThickness', 'Insulin']"
916,rf_shap_list_ir_2,rf_shap_list_ir_2_subset_112,orderStd,"['BMI', 'Age', 'Glucose', 'BloodPressure', 'DiabetesPedigreeFunction', 'SkinThickness', 'Pregnancies', 'Insulin']"
917,rf_shap_list_ir_2,rf_shap_list_ir_2_subset_112,orderSum,"['Age', 'Glucose', 'BMI', 'DiabetesPedigreeFunction', 'BloodPressure', 'Pregnancies', 'SkinThickness', 'Insulin']"
918,rf_shap_list_ir_3,rf_shap_list_ir_3_subset_153,orderMean,"['Glucose', 'Age', 'BMI', 'DiabetesPedigreeFunction', 'Pregnancies', 'BloodPressure', 'Insulin', 'SkinThickness']"
919,rf_shap_list_ir_3,rf_shap_list_ir_3_subset_153,orderStd,"['Glucose', 'BMI', 'Age', 'DiabetesPedigreeFunction', 'Pregnancies', 'BloodPressure', 'Insulin', 'SkinThickness']"
920,rf_shap_list_ir_3,rf_shap_list_ir_3_subset_153,orderSum,"['Glucose', 'Age', 'BMI', 'DiabetesPedigreeFunction', 'Pregnancies', 'BloodPressure', 'Insulin', 'SkinThickness']"
921,rf_shap_list_ir_5,rf_shap_list_ir_5_subset_157,orderMean,"['Glucose', 'BMI', 'Age', 'DiabetesPedigreeFunction', 'Pregnancies', 'BloodPressure', 'Insulin', 'SkinThickness']"
922,rf_shap_list_ir_5,rf_shap_list_ir_5_subset_157,orderStd,"['Glucose', 'BMI', 'Age', 'Insulin', 'DiabetesPedigreeFunction', 'SkinThickness', 'BloodPressure', 'Pregnancies']"
923,rf_shap_list_ir_5,rf_shap_list_ir_5_subset_157,orderSum,"['Glucose', 'BMI', 'Age', 'DiabetesPedigreeFunction', 'Pregnancies', 'BloodPressure', 'Insulin', 'SkinThickness']"
924,rf_shap_list_ir_3,rf_shap_list_ir_3_subset_26,orderMean,"['Glucose', 'BMI', 'Age', 'BloodPressure', 'DiabetesPedigreeFunction', 'Pregnancies', 'Insulin', 'SkinThickness']"
925,rf_shap_list_ir_3,rf_shap_list_ir_3_subset_26,orderStd,"['Glucose', 'BMI', 'Age', 'BloodPressure', 'DiabetesPedigreeFunction', 'Insulin', 'Pregnancies', 'SkinThickness']"
926,rf_shap_list_ir_3,rf_shap_list_ir_3_subset_26,orderSum,"['Glucose', 'BMI', 'Age', 'BloodPressure', 'DiabetesPedigreeFunction', 'Pregnancies', 'Insulin', 'SkinThickness']"
927,rf_shap_list_ir_2,rf_shap_list_ir_2_subset_18,orderMean,"['BMI', 'Glucose', 'DiabetesPedigreeFunction', 'Age', 'Pregnancies', 'BloodPressure', 'SkinThickness', 'Insulin']"
928,rf_shap_list_ir_2,rf_shap_list_ir_2_subset_18,orderStd,"['BMI', 'Glucose', 'Age', 'DiabetesPedigreeFunction', 'SkinThickness', 'BloodPressure', 'Insulin', 'Pregnancies']"
929,rf_shap_list_ir_2,rf_shap_list_ir_2_subset_18,orderSum,"['BMI', 'Glucose', 'DiabetesPedigreeFunction', 'Age', 'Pregnancies', 'BloodPressure', 'SkinThickness', 'Insulin']"
930,rf_shap_list_ir_4,rf_shap_list_ir_4_subset_16,orderMean,"['Glucose', 'Age', 'BMI', 'DiabetesPedigreeFunction', 'Pregnancies', 'BloodPressure', 'SkinThickness', 'Insulin']"
931,rf_shap_list_ir_4,rf_shap_list_ir_4_subset_16,orderStd,"['Glucose', 'BMI', 'Age', 'DiabetesPedigreeFunction', 'Pregnancies', 'Insulin', 'BloodPressure', 'SkinThickness']"
932,rf_shap_list_ir_4,rf_shap_list_ir_4_subset_16,orderSum,"['Glucose', 'Age', 'BMI', 'DiabetesPedigreeFunction', 'Pregnancies', 'BloodPressure', 'SkinThickness', 'Insulin']"
933,rf_shap_list_ir_2,rf_shap_list_ir_2_subset_147,orderMean,"['Glucose', 'BMI', 'Age', 'DiabetesPedigreeFunction', 'Pregnancies', 'SkinThickness', 'Insulin', 'BloodPressure']"
934,rf_shap_list_ir_2,rf_shap_list_ir_2_subset_147,orderStd,"['Glucose', 'BMI', 'Age', 'DiabetesPedigreeFunction', 'Insulin', 'Pregnancies', 'SkinThickness', 'BloodPressure']"
935,rf_shap_list_ir_2,rf_shap_list_ir_2_subset_147,orderSum,"['Glucose', 'BMI', 'Age', 'DiabetesPedigreeFunction', 'Pregnancies', 'SkinThickness', 'Insulin', 'BloodPressure']"
936,rf_shap_list_ir_3,rf_shap_list_ir_3_subset_150,orderMean,"['Glucose', 'BMI', 'Age', 'DiabetesPedigreeFunction', 'Pregnancies', 'BloodPressure', 'SkinThickness', 'Insulin']"
937,rf_shap_list_ir_3,rf_shap_list_ir_3_subset_150,orderStd,"['BMI', 'Glucose', 'Age', 'DiabetesPedigreeFunction', 'BloodPressure', 'Pregnancies', 'SkinThickness', 'Insulin']"
938,rf_shap_list_ir_3,rf_shap_list_ir_3_subset_150,orderSum,"['Glucose', 'BMI', 'Age', 'DiabetesPedigreeFunction', 'Pregnancies', 'BloodPressure', 'SkinThickness', 'Insulin']"
939,rf_shap_list_ir_5,rf_shap_list_ir_5_subset_74,orderMean,"['Glucose', 'BMI', 'Age', 'Pregnancies', 'DiabetesPedigreeFunction', 'BloodPressure', 'SkinThickness', 'Insulin']"
940,rf_shap_list_ir_5,rf_shap_list_ir_5_subset_74,orderStd,"['BMI', 'Glucose', 'Age', 'Pregnancies', 'DiabetesPedigreeFunction', 'Insulin', 'SkinThickness', 'BloodPressure']"
941,rf_shap_list_ir_5,rf_shap_list_ir_5_subset_74,orderSum,"['Glucose', 'BMI', 'Age', 'Pregnancies', 'DiabetesPedigreeFunction', 'BloodPressure', 'SkinThickness', 'Insulin']"
942,rf_shap_list_ir_2,rf_shap_list_ir_2_subset_119,orderMean,"['Glucose', 'BMI', 'DiabetesPedigreeFunction', 'Age', 'Pregnancies', 'BloodPressure', 'SkinThickness', 'Insulin']"
943,rf_shap_list_ir_2,rf_shap_list_ir_2_subset_119,orderStd,"['Glucose', 'BMI', 'DiabetesPedigreeFunction', 'Age', 'SkinThickness', 'BloodPressure', 'Pregnancies', 'Insulin']"
944,rf_shap_list_ir_2,rf_shap_list_ir_2_subset_119,orderSum,"['Glucose', 'BMI', 'DiabetesPedigreeFunction', 'Age', 'Pregnancies', 'BloodPressure', 'SkinThickness', 'Insulin']"
945,rf_shap_list_ir_1,rf_shap_list_ir_1_subset_77,orderMean,"['Glucose', 'BMI', 'Age', 'BloodPressure', 'DiabetesPedigreeFunction', 'Pregnancies', 'SkinThickness', 'Insulin']"
946,rf_shap_list_ir_1,rf_shap_list_ir_1_subset_77,orderStd,"['Glucose', 'Age', 'BloodPressure', 'BMI', 'Pregnancies', 'Insulin', 'DiabetesPedigreeFunction', 'SkinThickness']"
947,rf_shap_list_ir_1,rf_shap_list_ir_1_subset_77,orderSum,"['Glucose', 'BMI', 'Age', 'BloodPressure', 'DiabetesPedigreeFunction', 'Pregnancies', 'SkinThickness', 'Insulin']"
948,rf_shap_list_ir_1,rf_shap_list_ir_1_subset_23,orderMean,"['BMI', 'Glucose', 'DiabetesPedigreeFunction', 'BloodPressure', 'Pregnancies', 'Age', 'SkinThickness', 'Insulin']"
949,rf_shap_list_ir_1,rf_shap_list_ir_1_subset_23,orderStd,"['BMI', 'DiabetesPedigreeFunction', 'Glucose', 'BloodPressure', 'Age', 'Pregnancies', 'SkinThickness', 'Insulin']"
950,rf_shap_list_ir_1,rf_shap_list_ir_1_subset_23,orderSum,"['BMI', 'Glucose', 'DiabetesPedigreeFunction', 'BloodPressure', 'Pregnancies', 'Age', 'SkinThickness', 'Insulin']"
951,rf_shap_list_ir_3,rf_shap_list_ir_3_subset_29,orderMean,"['Glucose', 'Age', 'BMI', 'Pregnancies', 'DiabetesPedigreeFunction', 'BloodPressure', 'SkinThickness', 'Insulin']"
952,rf_shap_list_ir_3,rf_shap_list_ir_3_subset_29,orderStd,"['BMI', 'Glucose', 'Age', 'DiabetesPedigreeFunction', 'Pregnancies', 'BloodPressure', 'Insulin', 'SkinThickness']"
953,rf_shap_list_ir_3,rf_shap_list_ir_3_subset_29,orderSum,"['Glucose', 'Age', 'BMI', 'Pregnancies', 'DiabetesPedigreeFunction', 'BloodPressure', 'SkinThickness', 'Insulin']"
954,rf_shap_list_ir_5,rf_shap_list_ir_5_subset_127,orderMean,"['Glucose', 'Age', 'Pregnancies', 'BMI', 'DiabetesPedigreeFunction', 'BloodPressure', 'SkinThickness', 'Insulin']"
955,rf_shap_list_ir_5,rf_shap_list_ir_5_subset_127,orderStd,"['Glucose', 'BMI', 'Age', 'DiabetesPedigreeFunction', 'Pregnancies', 'BloodPressure', 'SkinThickness', 'Insulin']"
956,rf_shap_list_ir_5,rf_shap_list_ir_5_subset_127,orderSum,"['Glucose', 'Age', 'Pregnancies', 'BMI', 'DiabetesPedigreeFunction', 'BloodPressure', 'SkinThickness', 'Insulin']"
957,rf_shap_list_ir_5,rf_shap_list_ir_5_subset_24,orderMean,"['Glucose', 'Age', 'BMI', 'DiabetesPedigreeFunction', 'Pregnancies', 'BloodPressure', 'SkinThickness', 'Insulin']"
958,rf_shap_list_ir_5,rf_shap_list_ir_5_subset_24,orderStd,"['Glucose', 'BMI', 'Age', 'DiabetesPedigreeFunction', 'Pregnancies', 'BloodPressure', 'Insulin', 'SkinThickness']"
959,rf_shap_list_ir_5,rf_shap_list_ir_5_subset_24,orderSum,"['Glucose', 'Age', 'BMI', 'DiabetesPedigreeFunction', 'Pregnancies', 'BloodPressure', 'SkinThickness', 'Insulin']"
960,rf_shap_list_ir_3,rf_shap_list_ir_3_subset_61,orderMean,"['Glucose', 'BMI', 'Age', 'DiabetesPedigreeFunction', 'Pregnancies', 'BloodPressure', 'Insulin', 'SkinThickness']"
961,rf_shap_list_ir_3,rf_shap_list_ir_3_subset_61,orderStd,"['BMI', 'Glucose', 'Age', 'DiabetesPedigreeFunction', 'Pregnancies', 'SkinThickness', 'BloodPressure', 'Insulin']"
962,rf_shap_list_ir_3,rf_shap_list_ir_3_subset_61,orderSum,"['Glucose', 'BMI', 'Age', 'DiabetesPedigreeFunction', 'Pregnancies', 'BloodPressure', 'Insulin', 'SkinThickness']"
963,rf_shap_list_ir_3,rf_shap_list_ir_3_subset_20,orderMean,"['Glucose', 'BMI', 'DiabetesPedigreeFunction', 'Pregnancies', 'Age', 'SkinThickness', 'Insulin', 'BloodPressure']"
964,rf_shap_list_ir_3,rf_shap_list_ir_3_subset_20,orderStd,"['Glucose', 'BMI', 'DiabetesPedigreeFunction', 'Pregnancies', 'Age', 'Insulin', 'BloodPressure', 'SkinThickness']"
965,rf_shap_list_ir_3,rf_shap_list_ir_3_subset_20,orderSum,"['Glucose', 'BMI', 'DiabetesPedigreeFunction', 'Pregnancies', 'Age', 'SkinThickness', 'Insulin', 'BloodPressure']"
966,rf_shap_list_ir_3,rf_shap_list_ir_3_subset_15,orderMean,"['Glucose', 'Age', 'BMI', 'DiabetesPedigreeFunction', 'Pregnancies', 'BloodPressure', 'SkinThickness', 'Insulin']"
967,rf_shap_list_ir_3,rf_shap_list_ir_3_subset_15,orderStd,"['BMI', 'Glucose', 'Age', 'DiabetesPedigreeFunction', 'Pregnancies', 'BloodPressure', 'Insulin', 'SkinThickness']"
968,rf_shap_list_ir_3,rf_shap_list_ir_3_subset_15,orderSum,"['Glucose', 'Age', 'BMI', 'DiabetesPedigreeFunction', 'Pregnancies', 'BloodPressure', 'SkinThickness', 'Insulin']"
969,rf_shap_list_ir_3,rf_shap_list_ir_3_subset_48,orderMean,"['Glucose', 'BMI', 'Age', 'DiabetesPedigreeFunction', 'BloodPressure', 'Pregnancies', 'SkinThickness', 'Insulin']"
970,rf_shap_list_ir_3,rf_shap_list_ir_3_subset_48,orderStd,"['Glucose', 'BMI', 'Age', 'DiabetesPedigreeFunction', 'Pregnancies', 'BloodPressure', 'Insulin', 'SkinThickness']"
971,rf_shap_list_ir_3,rf_shap_list_ir_3_subset_48,orderSum,"['Glucose', 'BMI', 'Age', 'DiabetesPedigreeFunction', 'BloodPressure', 'Pregnancies', 'SkinThickness', 'Insulin']"
972,rf_shap_list_ir_1,rf_shap_list_ir_1_subset_33,orderMean,"['Glucose', 'BMI', 'BloodPressure', 'DiabetesPedigreeFunction', 'Pregnancies', 'Age', 'Insulin', 'SkinThickness']"
973,rf_shap_list_ir_1,rf_shap_list_ir_1_subset_33,orderStd,"['Glucose', 'BMI', 'DiabetesPedigreeFunction', 'Age', 'BloodPressure', 'Pregnancies', 'Insulin', 'SkinThickness']"
974,rf_shap_list_ir_1,rf_shap_list_ir_1_subset_33,orderSum,"['Glucose', 'BMI', 'BloodPressure', 'DiabetesPedigreeFunction', 'Pregnancies', 'Age', 'Insulin', 'SkinThickness']"
975,rf_shap_list_ir_5,rf_shap_list_ir_5_subset_140,orderMean,"['Glucose', 'Age', 'BMI', 'Pregnancies', 'DiabetesPedigreeFunction', 'BloodPressure', 'Insulin', 'SkinThickness']"
976,rf_shap_list_ir_5,rf_shap_list_ir_5_subset_140,orderStd,"['Glucose', 'BMI', 'Age', 'DiabetesPedigreeFunction', 'Insulin', 'BloodPressure', 'Pregnancies', 'SkinThickness']"
977,rf_shap_list_ir_5,rf_shap_list_ir_5_subset_140,orderSum,"['Glucose', 'Age', 'BMI', 'Pregnancies', 'DiabetesPedigreeFunction', 'BloodPressure', 'Insulin', 'SkinThickness']"
978,rf_shap_list_ir_5,rf_shap_list_ir_5_subset_142,orderMean,"['Glucose', 'BMI', 'Pregnancies', 'Age', 'DiabetesPedigreeFunction', 'SkinThickness', 'BloodPressure', 'Insulin']"
979,rf_shap_list_ir_5,rf_shap_list_ir_5_subset_142,orderStd,"['Glucose', 'BMI', 'DiabetesPedigreeFunction', 'Age', 'Pregnancies', 'Insulin', 'SkinThickness', 'BloodPressure']"
980,rf_shap_list_ir_5,rf_shap_list_ir_5_subset_142,orderSum,"['Glucose', 'BMI', 'Pregnancies', 'Age', 'DiabetesPedigreeFunction', 'SkinThickness', 'BloodPressure', 'Insulin']"
981,rf_shap_list_ir_4,rf_shap_list_ir_4_subset_149,orderMean,"['Glucose', 'BMI', 'Age', 'DiabetesPedigreeFunction', 'Pregnancies', 'Insulin', 'BloodPressure', 'SkinThickness']"
982,rf_shap_list_ir_4,rf_shap_list_ir_4_subset_149,orderStd,"['BMI', 'Glucose', 'Age', 'DiabetesPedigreeFunction', 'Insulin', 'Pregnancies', 'SkinThickness', 'BloodPressure']"
983,rf_shap_list_ir_4,rf_shap_list_ir_4_subset_149,orderSum,"['Glucose', 'BMI', 'Age', 'DiabetesPedigreeFunction', 'Pregnancies', 'Insulin', 'BloodPressure', 'SkinThickness']"
984,rf_shap_list_ir_4,rf_shap_list_ir_4_subset_99,orderMean,"['Glucose', 'BMI', 'Age', 'DiabetesPedigreeFunction', 'Insulin', 'SkinThickness', 'BloodPressure', 'Pregnancies']"
985,rf_shap_list_ir_4,rf_shap_list_ir_4_subset_99,orderStd,"['Glucose', 'BMI', 'Age', 'Insulin', 'DiabetesPedigreeFunction', 'SkinThickness', 'BloodPressure', 'Pregnancies']"
986,rf_shap_list_ir_4,rf_shap_list_ir_4_subset_99,orderSum,"['Glucose', 'BMI', 'Age', 'DiabetesPedigreeFunction', 'Insulin', 'SkinThickness', 'BloodPressure', 'Pregnancies']"
987,rf_shap_list_ir_3,rf_shap_list_ir_3_subset_79,orderMean,"['Glucose', 'BMI', 'Age', 'DiabetesPedigreeFunction', 'BloodPressure', 'Pregnancies', 'SkinThickness', 'Insulin']"
988,rf_shap_list_ir_3,rf_shap_list_ir_3_subset_79,orderStd,"['Glucose', 'BMI', 'Age', 'DiabetesPedigreeFunction', 'Insulin', 'BloodPressure', 'Pregnancies', 'SkinThickness']"
989,rf_shap_list_ir_3,rf_shap_list_ir_3_subset_79,orderSum,"['Glucose', 'BMI', 'Age', 'DiabetesPedigreeFunction', 'BloodPressure', 'Pregnancies', 'SkinThickness', 'Insulin']"
990,rf_shap_list_ir_2,rf_shap_list_ir_2_subset_73,orderMean,"['Glucose', 'BMI', 'Age', 'DiabetesPedigreeFunction', 'Pregnancies', 'SkinThickness', 'BloodPressure', 'Insulin']"
991,rf_shap_list_ir_2,rf_shap_list_ir_2_subset_73,orderStd,"['BMI', 'Glucose', 'DiabetesPedigreeFunction', 'Age', 'SkinThickness', 'Insulin', 'BloodPressure', 'Pregnancies']"
992,rf_shap_list_ir_2,rf_shap_list_ir_2_subset_73,orderSum,"['Glucose', 'BMI', 'Age', 'DiabetesPedigreeFunction', 'Pregnancies', 'SkinThickness', 'BloodPressure', 'Insulin']"
993,rf_shap_list_ir_3,rf_shap_list_ir_3_subset_122,orderMean,"['Glucose', 'BMI', 'DiabetesPedigreeFunction', 'Age', 'BloodPressure', 'SkinThickness', 'Pregnancies', 'Insulin']"
994,rf_shap_list_ir_3,rf_shap_list_ir_3_subset_122,orderStd,"['BMI', 'Glucose', 'DiabetesPedigreeFunction', 'Age', 'Insulin', 'BloodPressure', 'SkinThickness', 'Pregnancies']"
995,rf_shap_list_ir_3,rf_shap_list_ir_3_subset_122,orderSum,"['Glucose', 'BMI', 'DiabetesPedigreeFunction', 'Age', 'BloodPressure', 'SkinThickness', 'Pregnancies', 'Insulin']"
996,rf_shap_list_ir_3,rf_shap_list_ir_3_subset_106,orderMean,"['Glucose', 'Age', 'BMI', 'Pregnancies', 'DiabetesPedigreeFunction', 'BloodPressure', 'SkinThickness', 'Insulin']"
997,rf_shap_list_ir_3,rf_shap_list_ir_3_subset_106,orderStd,"['Glucose', 'BMI', 'Age', 'DiabetesPedigreeFunction', 'Pregnancies', 'SkinThickness', 'Insulin', 'BloodPressure']"
998,rf_shap_list_ir_3,rf_shap_list_ir_3_subset_106,orderSum,"['Glucose', 'Age', 'BMI', 'Pregnancies', 'DiabetesPedigreeFunction', 'BloodPressure', 'SkinThickness', 'Insulin']"
999,rf_shap_list_ir_2,rf_shap_list_ir_2_subset_115,orderMean,"['BMI', 'Glucose', 'DiabetesPedigreeFunction', 'Age', 'SkinThickness', 'BloodPressure', 'Insulin', 'Pregnancies']"
1000,rf_shap_list_ir_2,rf_shap_list_ir_2_subset_115,orderStd,"['BMI', 'Glucose', 'Age', 'DiabetesPedigreeFunction', 'Insulin', 'BloodPressure', 'SkinThickness', 'Pregnancies']"
1001,rf_shap_list_ir_2,rf_shap_list_ir_2_subset_115,orderSum,"['BMI', 'Glucose', 'DiabetesPedigreeFunction', 'Age', 'SkinThickness', 'BloodPressure', 'Insulin', 'Pregnancies']"
1002,rf_shap_list_ir_4,rf_shap_list_ir_4_subset_159,orderMean,"['Glucose', 'BMI', 'Age', 'DiabetesPedigreeFunction', 'BloodPressure', 'SkinThickness', 'Pregnancies', 'Insulin']"
1003,rf_shap_list_ir_4,rf_shap_list_ir_4_subset_159,orderStd,"['BMI', 'Glucose', 'Age', 'SkinThickness', 'BloodPressure', 'DiabetesPedigreeFunction', 'Insulin', 'Pregnancies']"
1004,rf_shap_list_ir_4,rf_shap_list_ir_4_subset_159,orderSum,"['Glucose', 'BMI', 'Age', 'DiabetesPedigreeFunction', 'BloodPressure', 'SkinThickness', 'Pregnancies', 'Insulin']"
1005,rf_shap_list_ir_5,rf_shap_list_ir_5_subset_96,orderMean,"['Glucose', 'BMI', 'Age', 'DiabetesPedigreeFunction', 'Pregnancies', 'BloodPressure', 'Insulin', 'SkinThickness']"
1006,rf_shap_list_ir_5,rf_shap_list_ir_5_subset_96,orderStd,"['Glucose', 'BMI', 'Age', 'DiabetesPedigreeFunction', 'Insulin', 'BloodPressure', 'Pregnancies', 'SkinThickness']"
1007,rf_shap_list_ir_5,rf_shap_list_ir_5_subset_96,orderSum,"['Glucose', 'BMI', 'Age', 'DiabetesPedigreeFunction', 'Pregnancies', 'BloodPressure', 'Insulin', 'SkinThickness']"
1008,rf_shap_list_ir_1,rf_shap_list_ir_1_subset_59,orderMean,"['BMI', 'Glucose', 'BloodPressure', 'Age', 'SkinThickness', 'DiabetesPedigreeFunction', 'Pregnancies', 'Insulin']"
1009,rf_shap_list_ir_1,rf_shap_list_ir_1_subset_59,orderStd,"['BMI', 'Glucose', 'BloodPressure', 'Age', 'Pregnancies', 'Insulin', 'DiabetesPedigreeFunction', 'SkinThickness']"
1010,rf_shap_list_ir_1,rf_shap_list_ir_1_subset_59,orderSum,"['BMI', 'Glucose', 'BloodPressure', 'Age', 'SkinThickness', 'DiabetesPedigreeFunction', 'Pregnancies', 'Insulin']"
1011,rf_shap_list_ir_3,rf_shap_list_ir_3_subset_43,orderMean,"['Glucose', 'Age', 'BMI', 'DiabetesPedigreeFunction', 'Pregnancies', 'BloodPressure', 'SkinThickness', 'Insulin']"
1012,rf_shap_list_ir_3,rf_shap_list_ir_3_subset_43,orderStd,"['Glucose', 'BMI', 'Age', 'DiabetesPedigreeFunction', 'BloodPressure', 'Pregnancies', 'Insulin', 'SkinThickness']"
1013,rf_shap_list_ir_3,rf_shap_list_ir_3_subset_43,orderSum,"['Glucose', 'Age', 'BMI', 'DiabetesPedigreeFunction', 'Pregnancies', 'BloodPressure', 'SkinThickness', 'Insulin']"
1014,rf_shap_list_ir_5,rf_shap_list_ir_5_subset_14,orderMean,"['Glucose', 'BMI', 'Age', 'Pregnancies', 'DiabetesPedigreeFunction', 'SkinThickness', 'BloodPressure', 'Insulin']"
1015,rf_shap_list_ir_5,rf_shap_list_ir_5_subset_14,orderStd,"['Glucose', 'BMI', 'Age', 'DiabetesPedigreeFunction', 'Pregnancies', 'BloodPressure', 'Insulin', 'SkinThickness']"
1016,rf_shap_list_ir_5,rf_shap_list_ir_5_subset_14,orderSum,"['Glucose', 'BMI', 'Age', 'Pregnancies', 'DiabetesPedigreeFunction', 'SkinThickness', 'BloodPressure', 'Insulin']"
1017,rf_shap_list_ir_3,rf_shap_list_ir_3_subset_108,orderMean,"['Glucose', 'BMI', 'Age', 'Pregnancies', 'DiabetesPedigreeFunction', 'BloodPressure', 'SkinThickness', 'Insulin']"
1018,rf_shap_list_ir_3,rf_shap_list_ir_3_subset_108,orderStd,"['Glucose', 'BMI', 'Age', 'DiabetesPedigreeFunction', 'Pregnancies', 'BloodPressure', 'SkinThickness', 'Insulin']"
1019,rf_shap_list_ir_3,rf_shap_list_ir_3_subset_108,orderSum,"['Glucose', 'BMI', 'Age', 'Pregnancies', 'DiabetesPedigreeFunction', 'BloodPressure', 'SkinThickness', 'Insulin']"
1020,rf_shap_list_ir_5,rf_shap_list_ir_5_subset_4,orderMean,"['Glucose', 'Age', 'BMI', 'DiabetesPedigreeFunction', 'Pregnancies', 'BloodPressure', 'SkinThickness', 'Insulin']"
1021,rf_shap_list_ir_5,rf_shap_list_ir_5_subset_4,orderStd,"['BMI', 'Glucose', 'Age', 'DiabetesPedigreeFunction', 'Pregnancies', 'BloodPressure', 'Insulin', 'SkinThickness']"
1022,rf_shap_list_ir_5,rf_shap_list_ir_5_subset_4,orderSum,"['Glucose', 'Age', 'BMI', 'DiabetesPedigreeFunction', 'Pregnancies', 'BloodPressure', 'SkinThickness', 'Insulin']"
1023,rf_shap_list_ir_2,rf_shap_list_ir_2_subset_131,orderMean,"['Age', 'Glucose', 'BMI', 'DiabetesPedigreeFunction', 'BloodPressure', 'SkinThickness', 'Insulin', 'Pregnancies']"
1024,rf_shap_list_ir_2,rf_shap_list_ir_2_subset_131,orderStd,"['BMI', 'Age', 'Glucose', 'DiabetesPedigreeFunction', 'BloodPressure', 'Pregnancies', 'SkinThickness', 'Insulin']"
1025,rf_shap_list_ir_2,rf_shap_list_ir_2_subset_131,orderSum,"['Age', 'Glucose', 'BMI', 'DiabetesPedigreeFunction', 'BloodPressure', 'SkinThickness', 'Insulin', 'Pregnancies']"
1026,rf_shap_list_ir_3,rf_shap_list_ir_3_subset_6,orderMean,"['Glucose', 'Age', 'DiabetesPedigreeFunction', 'BMI', 'Pregnancies', 'BloodPressure', 'SkinThickness', 'Insulin']"
1027,rf_shap_list_ir_3,rf_shap_list_ir_3_subset_6,orderStd,"['Glucose', 'Age', 'BMI', 'DiabetesPedigreeFunction', 'SkinThickness', 'BloodPressure', 'Pregnancies', 'Insulin']"
1028,rf_shap_list_ir_3,rf_shap_list_ir_3_subset_6,orderSum,"['Glucose', 'Age', 'DiabetesPedigreeFunction', 'BMI', 'Pregnancies', 'BloodPressure', 'SkinThickness', 'Insulin']"
1029,rf_shap_list_ir_4,rf_shap_list_ir_4_subset_119,orderMean,"['Glucose', 'Age', 'BMI', 'Pregnancies', 'DiabetesPedigreeFunction', 'SkinThickness', 'BloodPressure', 'Insulin']"
1030,rf_shap_list_ir_4,rf_shap_list_ir_4_subset_119,orderStd,"['BMI', 'Glucose', 'DiabetesPedigreeFunction', 'Age', 'Pregnancies', 'BloodPressure', 'SkinThickness', 'Insulin']"
1031,rf_shap_list_ir_4,rf_shap_list_ir_4_subset_119,orderSum,"['Glucose', 'Age', 'BMI', 'Pregnancies', 'DiabetesPedigreeFunction', 'SkinThickness', 'BloodPressure', 'Insulin']"
1032,rf_shap_list_ir_3,rf_shap_list_ir_3_subset_104,orderMean,"['Glucose', 'Age', 'BMI', 'DiabetesPedigreeFunction', 'Pregnancies', 'BloodPressure', 'SkinThickness', 'Insulin']"
1033,rf_shap_list_ir_3,rf_shap_list_ir_3_subset_104,orderStd,"['Glucose', 'DiabetesPedigreeFunction', 'Age', 'BMI', 'Pregnancies', 'SkinThickness', 'Insulin', 'BloodPressure']"
1034,rf_shap_list_ir_3,rf_shap_list_ir_3_subset_104,orderSum,"['Glucose', 'Age', 'BMI', 'DiabetesPedigreeFunction', 'Pregnancies', 'BloodPressure', 'SkinThickness', 'Insulin']"
1035,rf_shap_list_ir_3,rf_shap_list_ir_3_subset_121,orderMean,"['Glucose', 'BMI', 'Age', 'DiabetesPedigreeFunction', 'BloodPressure', 'SkinThickness', 'Pregnancies', 'Insulin']"
1036,rf_shap_list_ir_3,rf_shap_list_ir_3_subset_121,orderStd,"['BMI', 'Glucose', 'Age', 'DiabetesPedigreeFunction', 'BloodPressure', 'Pregnancies', 'Insulin', 'SkinThickness']"
1037,rf_shap_list_ir_3,rf_shap_list_ir_3_subset_121,orderSum,"['Glucose', 'BMI', 'Age', 'DiabetesPedigreeFunction', 'BloodPressure', 'SkinThickness', 'Pregnancies', 'Insulin']"
1038,rf_shap_list_ir_3,rf_shap_list_ir_3_subset_105,orderMean,"['Glucose', 'BMI', 'Age', 'Insulin', 'DiabetesPedigreeFunction', 'SkinThickness', 'BloodPressure', 'Pregnancies']"
1039,rf_shap_list_ir_3,rf_shap_list_ir_3_subset_105,orderStd,"['Glucose', 'BMI', 'Age', 'Insulin', 'DiabetesPedigreeFunction', 'SkinThickness', 'BloodPressure', 'Pregnancies']"
1040,rf_shap_list_ir_3,rf_shap_list_ir_3_subset_105,orderSum,"['Glucose', 'BMI', 'Age', 'Insulin', 'DiabetesPedigreeFunction', 'SkinThickness', 'BloodPressure', 'Pregnancies']"
1041,rf_shap_list_ir_1,rf_shap_list_ir_1_subset_76,orderMean,"['Glucose', 'BMI', 'DiabetesPedigreeFunction', 'BloodPressure', 'Age', 'Insulin', 'Pregnancies', 'SkinThickness']"
1042,rf_shap_list_ir_1,rf_shap_list_ir_1_subset_76,orderStd,"['Glucose', 'BMI', 'DiabetesPedigreeFunction', 'BloodPressure', 'Age', 'Insulin', 'SkinThickness', 'Pregnancies']"
1043,rf_shap_list_ir_1,rf_shap_list_ir_1_subset_76,orderSum,"['Glucose', 'BMI', 'DiabetesPedigreeFunction', 'BloodPressure', 'Age', 'Insulin', 'Pregnancies', 'SkinThickness']"
1044,rf_shap_list_ir_5,rf_shap_list_ir_5_subset_121,orderMean,"['Glucose', 'BMI', 'Age', 'DiabetesPedigreeFunction', 'Pregnancies', 'SkinThickness', 'BloodPressure', 'Insulin']"
1045,rf_shap_list_ir_5,rf_shap_list_ir_5_subset_121,orderStd,"['BMI', 'Glucose', 'Age', 'DiabetesPedigreeFunction', 'Pregnancies', 'Insulin', 'BloodPressure', 'SkinThickness']"
1046,rf_shap_list_ir_5,rf_shap_list_ir_5_subset_121,orderSum,"['Glucose', 'BMI', 'Age', 'DiabetesPedigreeFunction', 'Pregnancies', 'SkinThickness', 'BloodPressure', 'Insulin']"
1047,rf_shap_list_ir_5,rf_shap_list_ir_5_subset_139,orderMean,"['Glucose', 'BMI', 'Age', 'DiabetesPedigreeFunction', 'Pregnancies', 'Insulin', 'BloodPressure', 'SkinThickness']"
1048,rf_shap_list_ir_5,rf_shap_list_ir_5_subset_139,orderStd,"['BMI', 'Glucose', 'Age', 'DiabetesPedigreeFunction', 'BloodPressure', 'Pregnancies', 'Insulin', 'SkinThickness']"
1049,rf_shap_list_ir_5,rf_shap_list_ir_5_subset_139,orderSum,"['Glucose', 'BMI', 'Age', 'DiabetesPedigreeFunction', 'Pregnancies', 'Insulin', 'BloodPressure', 'SkinThickness']"
1050,rf_shap_list_ir_2,rf_shap_list_ir_2_subset_46,orderMean,"['Glucose', 'BMI', 'Age', 'DiabetesPedigreeFunction', 'BloodPressure', 'SkinThickness', 'Insulin', 'Pregnancies']"
1051,rf_shap_list_ir_2,rf_shap_list_ir_2_subset_46,orderStd,"['Glucose', 'Age', 'BMI', 'DiabetesPedigreeFunction', 'BloodPressure', 'SkinThickness', 'Insulin', 'Pregnancies']"
1052,rf_shap_list_ir_2,rf_shap_list_ir_2_subset_46,orderSum,"['Glucose', 'BMI', 'Age', 'DiabetesPedigreeFunction', 'BloodPressure', 'SkinThickness', 'Insulin', 'Pregnancies']"
1053,rf_shap_list_ir_4,rf_shap_list_ir_4_subset_110,orderMean,"['Glucose', 'Age', 'BMI', 'DiabetesPedigreeFunction', 'Pregnancies', 'BloodPressure', 'Insulin', 'SkinThickness']"
1054,rf_shap_list_ir_4,rf_shap_list_ir_4_subset_110,orderStd,"['BMI', 'Glucose', 'Age', 'DiabetesPedigreeFunction', 'Insulin', 'Pregnancies', 'BloodPressure', 'SkinThickness']"
1055,rf_shap_list_ir_4,rf_shap_list_ir_4_subset_110,orderSum,"['Glucose', 'Age', 'BMI', 'DiabetesPedigreeFunction', 'Pregnancies', 'BloodPressure', 'Insulin', 'SkinThickness']"
1056,rf_shap_list_ir_1,rf_shap_list_ir_1_subset_53,orderMean,"['Glucose', 'Age', 'BMI', 'BloodPressure', 'DiabetesPedigreeFunction', 'SkinThickness', 'Insulin', 'Pregnancies']"
1057,rf_shap_list_ir_1,rf_shap_list_ir_1_subset_53,orderStd,"['Age', 'BMI', 'Glucose', 'BloodPressure', 'DiabetesPedigreeFunction', 'SkinThickness', 'Insulin', 'Pregnancies']"
1058,rf_shap_list_ir_1,rf_shap_list_ir_1_subset_53,orderSum,"['Glucose', 'Age', 'BMI', 'BloodPressure', 'DiabetesPedigreeFunction', 'SkinThickness', 'Insulin', 'Pregnancies']"
1059,rf_shap_list_ir_5,rf_shap_list_ir_5_subset_67,orderMean,"['Glucose', 'BMI', 'Age', 'DiabetesPedigreeFunction', 'SkinThickness', 'Pregnancies', 'BloodPressure', 'Insulin']"
1060,rf_shap_list_ir_5,rf_shap_list_ir_5_subset_67,orderStd,"['BMI', 'Glucose', 'Age', 'DiabetesPedigreeFunction', 'Insulin', 'Pregnancies', 'SkinThickness', 'BloodPressure']"
1061,rf_shap_list_ir_5,rf_shap_list_ir_5_subset_67,orderSum,"['Glucose', 'BMI', 'Age', 'DiabetesPedigreeFunction', 'SkinThickness', 'Pregnancies', 'BloodPressure', 'Insulin']"
1062,rf_shap_list_ir_2,rf_shap_list_ir_2_subset_121,orderMean,"['Glucose', 'Pregnancies', 'BMI', 'Age', 'DiabetesPedigreeFunction', 'BloodPressure', 'SkinThickness', 'Insulin']"
1063,rf_shap_list_ir_2,rf_shap_list_ir_2_subset_121,orderStd,"['Glucose', 'BMI', 'Age', 'Pregnancies', 'DiabetesPedigreeFunction', 'Insulin', 'BloodPressure', 'SkinThickness']"
1064,rf_shap_list_ir_2,rf_shap_list_ir_2_subset_121,orderSum,"['Glucose', 'Pregnancies', 'BMI', 'Age', 'DiabetesPedigreeFunction', 'BloodPressure', 'SkinThickness', 'Insulin']"
1065,rf_shap_list_ir_1,rf_shap_list_ir_1_subset_75,orderMean,"['Glucose', 'Age', 'Pregnancies', 'BloodPressure', 'DiabetesPedigreeFunction', 'BMI', 'SkinThickness', 'Insulin']"
1066,rf_shap_list_ir_1,rf_shap_list_ir_1_subset_75,orderStd,"['Glucose', 'Age', 'Pregnancies', 'BloodPressure', 'BMI', 'DiabetesPedigreeFunction', 'SkinThickness', 'Insulin']"
1067,rf_shap_list_ir_1,rf_shap_list_ir_1_subset_75,orderSum,"['Glucose', 'Age', 'Pregnancies', 'BloodPressure', 'DiabetesPedigreeFunction', 'BMI', 'SkinThickness', 'Insulin']"
1068,rf_shap_list_ir_1,rf_shap_list_ir_1_subset_127,orderMean,"['Glucose', 'DiabetesPedigreeFunction', 'Age', 'BMI', 'SkinThickness', 'BloodPressure', 'Insulin', 'Pregnancies']"
1069,rf_shap_list_ir_1,rf_shap_list_ir_1_subset_127,orderStd,"['DiabetesPedigreeFunction', 'Age', 'Glucose', 'BloodPressure', 'BMI', 'SkinThickness', 'Insulin', 'Pregnancies']"
1070,rf_shap_list_ir_1,rf_shap_list_ir_1_subset_127,orderSum,"['Glucose', 'DiabetesPedigreeFunction', 'Age', 'BMI', 'SkinThickness', 'BloodPressure', 'Insulin', 'Pregnancies']"
1071,rf_shap_list_ir_5,rf_shap_list_ir_5_subset_66,orderMean,"['Glucose', 'BMI', 'Age', 'DiabetesPedigreeFunction', 'Pregnancies', 'BloodPressure', 'Insulin', 'SkinThickness']"
1072,rf_shap_list_ir_5,rf_shap_list_ir_5_subset_66,orderStd,"['Glucose', 'BMI', 'Age', 'DiabetesPedigreeFunction', 'Pregnancies', 'Insulin', 'BloodPressure', 'SkinThickness']"
1073,rf_shap_list_ir_5,rf_shap_list_ir_5_subset_66,orderSum,"['Glucose', 'BMI', 'Age', 'DiabetesPedigreeFunction', 'Pregnancies', 'BloodPressure', 'Insulin', 'SkinThickness']"
1074,rf_shap_list_ir_2,rf_shap_list_ir_2_subset_11,orderMean,"['Glucose', 'BMI', 'Age', 'DiabetesPedigreeFunction', 'BloodPressure', 'Pregnancies', 'SkinThickness', 'Insulin']"
1075,rf_shap_list_ir_2,rf_shap_list_ir_2_subset_11,orderStd,"['Glucose', 'BMI', 'Age', 'BloodPressure', 'DiabetesPedigreeFunction', 'Insulin', 'Pregnancies', 'SkinThickness']"
1076,rf_shap_list_ir_2,rf_shap_list_ir_2_subset_11,orderSum,"['Glucose', 'BMI', 'Age', 'DiabetesPedigreeFunction', 'BloodPressure', 'Pregnancies', 'SkinThickness', 'Insulin']"
1077,rf_shap_list_ir_3,rf_shap_list_ir_3_subset_155,orderMean,"['Glucose', 'Age', 'BMI', 'Pregnancies', 'DiabetesPedigreeFunction', 'BloodPressure', 'SkinThickness', 'Insulin']"
1078,rf_shap_list_ir_3,rf_shap_list_ir_3_subset_155,orderStd,"['Age', 'Glucose', 'BMI', 'DiabetesPedigreeFunction', 'BloodPressure', 'Pregnancies', 'SkinThickness', 'Insulin']"
1079,rf_shap_list_ir_3,rf_shap_list_ir_3_subset_155,orderSum,"['Glucose', 'Age', 'BMI', 'Pregnancies', 'DiabetesPedigreeFunction', 'BloodPressure', 'SkinThickness', 'Insulin']"
1080,rf_shap_list_ir_2,rf_shap_list_ir_2_subset_82,orderMean,"['Glucose', 'BMI', 'DiabetesPedigreeFunction', 'Age', 'BloodPressure', 'Insulin', 'Pregnancies', 'SkinThickness']"
1081,rf_shap_list_ir_2,rf_shap_list_ir_2_subset_82,orderStd,"['Glucose', 'BMI', 'BloodPressure', 'DiabetesPedigreeFunction', 'Insulin', 'Age', 'SkinThickness', 'Pregnancies']"
1082,rf_shap_list_ir_2,rf_shap_list_ir_2_subset_82,orderSum,"['Glucose', 'BMI', 'DiabetesPedigreeFunction', 'Age', 'BloodPressure', 'Insulin', 'Pregnancies', 'SkinThickness']"
1083,rf_shap_list_ir_5,rf_shap_list_ir_5_subset_115,orderMean,"['Glucose', 'BMI', 'Age', 'DiabetesPedigreeFunction', 'Pregnancies', 'BloodPressure', 'SkinThickness', 'Insulin']"
1084,rf_shap_list_ir_5,rf_shap_list_ir_5_subset_115,orderStd,"['Glucose', 'BMI', 'DiabetesPedigreeFunction', 'Age', 'BloodPressure', 'Pregnancies', 'Insulin', 'SkinThickness']"
1085,rf_shap_list_ir_5,rf_shap_list_ir_5_subset_115,orderSum,"['Glucose', 'BMI', 'Age', 'DiabetesPedigreeFunction', 'Pregnancies', 'BloodPressure', 'SkinThickness', 'Insulin']"
1086,rf_shap_list_ir_1,rf_shap_list_ir_1_subset_56,orderMean,"['Glucose', 'Age', 'BMI', 'Pregnancies', 'DiabetesPedigreeFunction', 'BloodPressure', 'Insulin', 'SkinThickness']"
1087,rf_shap_list_ir_1,rf_shap_list_ir_1_subset_56,orderStd,"['Glucose', 'Age', 'BMI', 'Pregnancies', 'DiabetesPedigreeFunction', 'BloodPressure', 'Insulin', 'SkinThickness']"
1088,rf_shap_list_ir_1,rf_shap_list_ir_1_subset_56,orderSum,"['Glucose', 'Age', 'BMI', 'Pregnancies', 'DiabetesPedigreeFunction', 'BloodPressure', 'Insulin', 'SkinThickness']"
1089,rf_shap_list_ir_4,rf_shap_list_ir_4_subset_9,orderMean,"['Glucose', 'BMI', 'Age', 'DiabetesPedigreeFunction', 'Pregnancies', 'BloodPressure', 'SkinThickness', 'Insulin']"
1090,rf_shap_list_ir_4,rf_shap_list_ir_4_subset_9,orderStd,"['Glucose', 'BMI', 'Age', 'DiabetesPedigreeFunction', 'BloodPressure', 'Insulin', 'Pregnancies', 'SkinThickness']"
1091,rf_shap_list_ir_4,rf_shap_list_ir_4_subset_9,orderSum,"['Glucose', 'BMI', 'Age', 'DiabetesPedigreeFunction', 'Pregnancies', 'BloodPressure', 'SkinThickness', 'Insulin']"
1092,rf_shap_list_ir_3,rf_shap_list_ir_3_subset_157,orderMean,"['Glucose', 'BMI', 'Age', 'DiabetesPedigreeFunction', 'Insulin', 'BloodPressure', 'Pregnancies', 'SkinThickness']"
1093,rf_shap_list_ir_3,rf_shap_list_ir_3_subset_157,orderStd,"['BMI', 'Glucose', 'Age', 'DiabetesPedigreeFunction', 'BloodPressure', 'Insulin', 'SkinThickness', 'Pregnancies']"
1094,rf_shap_list_ir_3,rf_shap_list_ir_3_subset_157,orderSum,"['Glucose', 'BMI', 'Age', 'DiabetesPedigreeFunction', 'Insulin', 'BloodPressure', 'Pregnancies', 'SkinThickness']"
1095,rf_shap_list_ir_3,rf_shap_list_ir_3_subset_44,orderMean,"['Glucose', 'BMI', 'DiabetesPedigreeFunction', 'Age', 'BloodPressure', 'SkinThickness', 'Pregnancies', 'Insulin']"
1096,rf_shap_list_ir_3,rf_shap_list_ir_3_subset_44,orderStd,"['BMI', 'Glucose', 'DiabetesPedigreeFunction', 'Age', 'BloodPressure', 'SkinThickness', 'Pregnancies', 'Insulin']"
1097,rf_shap_list_ir_3,rf_shap_list_ir_3_subset_44,orderSum,"['Glucose', 'BMI', 'DiabetesPedigreeFunction', 'Age', 'BloodPressure', 'SkinThickness', 'Pregnancies', 'Insulin']"
1098,rf_shap_list_ir_3,rf_shap_list_ir_3_subset_2,orderMean,"['Glucose', 'BMI', 'DiabetesPedigreeFunction', 'Age', 'Pregnancies', 'BloodPressure', 'SkinThickness', 'Insulin']"
1099,rf_shap_list_ir_3,rf_shap_list_ir_3_subset_2,orderStd,"['Glucose', 'BMI', 'Age', 'DiabetesPedigreeFunction', 'Insulin', 'Pregnancies', 'BloodPressure', 'SkinThickness']"
1100,rf_shap_list_ir_3,rf_shap_list_ir_3_subset_2,orderSum,"['Glucose', 'BMI', 'DiabetesPedigreeFunction', 'Age', 'Pregnancies', 'BloodPressure', 'SkinThickness', 'Insulin']"
1101,rf_shap_list_ir_4,rf_shap_list_ir_4_subset_137,orderMean,"['Glucose', 'BMI', 'DiabetesPedigreeFunction', 'Age', 'Pregnancies', 'SkinThickness', 'BloodPressure', 'Insulin']"
1102,rf_shap_list_ir_4,rf_shap_list_ir_4_subset_137,orderStd,"['Glucose', 'BMI', 'DiabetesPedigreeFunction', 'Age', 'Pregnancies', 'BloodPressure', 'Insulin', 'SkinThickness']"
1103,rf_shap_list_ir_4,rf_shap_list_ir_4_subset_137,orderSum,"['Glucose', 'BMI', 'DiabetesPedigreeFunction', 'Age', 'Pregnancies', 'SkinThickness', 'BloodPressure', 'Insulin']"
1104,rf_shap_list_ir_4,rf_shap_list_ir_4_subset_10,orderMean,"['Glucose', 'BMI', 'Age', 'DiabetesPedigreeFunction', 'BloodPressure', 'Pregnancies', 'SkinThickness', 'Insulin']"
1105,rf_shap_list_ir_4,rf_shap_list_ir_4_subset_10,orderStd,"['Glucose', 'BMI', 'Age', 'DiabetesPedigreeFunction', 'Pregnancies', 'BloodPressure', 'SkinThickness', 'Insulin']"
1106,rf_shap_list_ir_4,rf_shap_list_ir_4_subset_10,orderSum,"['Glucose', 'BMI', 'Age', 'DiabetesPedigreeFunction', 'BloodPressure', 'Pregnancies', 'SkinThickness', 'Insulin']"
1107,rf_shap_list_ir_4,rf_shap_list_ir_4_subset_160,orderMean,"['Glucose', 'DiabetesPedigreeFunction', 'BMI', 'Age', 'Pregnancies', 'SkinThickness', 'BloodPressure', 'Insulin']"
1108,rf_shap_list_ir_4,rf_shap_list_ir_4_subset_160,orderStd,"['Glucose', 'BMI', 'DiabetesPedigreeFunction', 'Age', 'Insulin', 'SkinThickness', 'Pregnancies', 'BloodPressure']"
1109,rf_shap_list_ir_4,rf_shap_list_ir_4_subset_160,orderSum,"['Glucose', 'DiabetesPedigreeFunction', 'BMI', 'Age', 'Pregnancies', 'SkinThickness', 'BloodPressure', 'Insulin']"
1110,rf_shap_list_ir_2,rf_shap_list_ir_2_subset_135,orderMean,"['Glucose', 'BMI', 'DiabetesPedigreeFunction', 'Age', 'Pregnancies', 'SkinThickness', 'BloodPressure', 'Insulin']"
1111,rf_shap_list_ir_2,rf_shap_list_ir_2_subset_135,orderStd,"['DiabetesPedigreeFunction', 'Glucose', 'BMI', 'Age', 'Pregnancies', 'SkinThickness', 'BloodPressure', 'Insulin']"
1112,rf_shap_list_ir_2,rf_shap_list_ir_2_subset_135,orderSum,"['Glucose', 'BMI', 'DiabetesPedigreeFunction', 'Age', 'Pregnancies', 'SkinThickness', 'BloodPressure', 'Insulin']"
1113,rf_shap_list_ir_2,rf_shap_list_ir_2_subset_36,orderMean,"['Glucose', 'DiabetesPedigreeFunction', 'BMI', 'Age', 'BloodPressure', 'Pregnancies', 'SkinThickness', 'Insulin']"
1114,rf_shap_list_ir_2,rf_shap_list_ir_2_subset_36,orderStd,"['Glucose', 'DiabetesPedigreeFunction', 'BMI', 'Age', 'BloodPressure', 'Pregnancies', 'Insulin', 'SkinThickness']"
1115,rf_shap_list_ir_2,rf_shap_list_ir_2_subset_36,orderSum,"['Glucose', 'DiabetesPedigreeFunction', 'BMI', 'Age', 'BloodPressure', 'Pregnancies', 'SkinThickness', 'Insulin']"
1116,rf_shap_list_ir_1,rf_shap_list_ir_1_subset_158,orderMean,"['Glucose', 'BMI', 'Age', 'BloodPressure', 'DiabetesPedigreeFunction', 'Insulin', 'SkinThickness', 'Pregnancies']"
1117,rf_shap_list_ir_1,rf_shap_list_ir_1_subset_158,orderStd,"['BMI', 'Glucose', 'Age', 'BloodPressure', 'DiabetesPedigreeFunction', 'Insulin', 'Pregnancies', 'SkinThickness']"
1118,rf_shap_list_ir_1,rf_shap_list_ir_1_subset_158,orderSum,"['Glucose', 'BMI', 'Age', 'BloodPressure', 'DiabetesPedigreeFunction', 'Insulin', 'SkinThickness', 'Pregnancies']"
1119,rf_shap_list_ir_1,rf_shap_list_ir_1_subset_63,orderMean,"['Glucose', 'DiabetesPedigreeFunction', 'BMI', 'Pregnancies', 'Age', 'BloodPressure', 'Insulin', 'SkinThickness']"
1120,rf_shap_list_ir_1,rf_shap_list_ir_1_subset_63,orderStd,"['Glucose', 'BMI', 'Insulin', 'Pregnancies', 'DiabetesPedigreeFunction', 'Age', 'BloodPressure', 'SkinThickness']"
1121,rf_shap_list_ir_1,rf_shap_list_ir_1_subset_63,orderSum,"['Glucose', 'DiabetesPedigreeFunction', 'BMI', 'Pregnancies', 'Age', 'BloodPressure', 'Insulin', 'SkinThickness']"
1122,rf_shap_list_ir_4,rf_shap_list_ir_4_subset_8,orderMean,"['Glucose', 'BMI', 'Age', 'DiabetesPedigreeFunction', 'BloodPressure', 'Pregnancies', 'SkinThickness', 'Insulin']"
1123,rf_shap_list_ir_4,rf_shap_list_ir_4_subset_8,orderStd,"['BMI', 'Glucose', 'Age', 'Pregnancies', 'DiabetesPedigreeFunction', 'BloodPressure', 'Insulin', 'SkinThickness']"
1124,rf_shap_list_ir_4,rf_shap_list_ir_4_subset_8,orderSum,"['Glucose', 'BMI', 'Age', 'DiabetesPedigreeFunction', 'BloodPressure', 'Pregnancies', 'SkinThickness', 'Insulin']"
1125,rf_shap_list_ir_5,rf_shap_list_ir_5_subset_40,orderMean,"['Glucose', 'BMI', 'DiabetesPedigreeFunction', 'Age', 'Pregnancies', 'BloodPressure', 'Insulin', 'SkinThickness']"
1126,rf_shap_list_ir_5,rf_shap_list_ir_5_subset_40,orderStd,"['Glucose', 'BMI', 'DiabetesPedigreeFunction', 'Age', 'Pregnancies', 'Insulin', 'BloodPressure', 'SkinThickness']"
1127,rf_shap_list_ir_5,rf_shap_list_ir_5_subset_40,orderSum,"['Glucose', 'BMI', 'DiabetesPedigreeFunction', 'Age', 'Pregnancies', 'BloodPressure', 'Insulin', 'SkinThickness']"
1128,rf_shap_list_ir_4,rf_shap_list_ir_4_subset_19,orderMean,"['Glucose', 'Age', 'BMI', 'DiabetesPedigreeFunction', 'Pregnancies', 'SkinThickness', 'BloodPressure', 'Insulin']"
1129,rf_shap_list_ir_4,rf_shap_list_ir_4_subset_19,orderStd,"['BMI', 'Glucose', 'Age', 'DiabetesPedigreeFunction', 'Pregnancies', 'BloodPressure', 'SkinThickness', 'Insulin']"
1130,rf_shap_list_ir_4,rf_shap_list_ir_4_subset_19,orderSum,"['Glucose', 'Age', 'BMI', 'DiabetesPedigreeFunction', 'Pregnancies', 'SkinThickness', 'BloodPressure', 'Insulin']"
1131,rf_shap_list_ir_4,rf_shap_list_ir_4_subset_2,orderMean,"['Glucose', 'BMI', 'DiabetesPedigreeFunction', 'Age', 'Pregnancies', 'SkinThickness', 'BloodPressure', 'Insulin']"
1132,rf_shap_list_ir_4,rf_shap_list_ir_4_subset_2,orderStd,"['Glucose', 'BMI', 'Age', 'DiabetesPedigreeFunction', 'SkinThickness', 'Insulin', 'BloodPressure', 'Pregnancies']"
1133,rf_shap_list_ir_4,rf_shap_list_ir_4_subset_2,orderSum,"['Glucose', 'BMI', 'DiabetesPedigreeFunction', 'Age', 'Pregnancies', 'SkinThickness', 'BloodPressure', 'Insulin']"
1134,rf_shap_list_ir_2,rf_shap_list_ir_2_subset_53,orderMean,"['Glucose', 'DiabetesPedigreeFunction', 'Pregnancies', 'BMI', 'Age', 'BloodPressure', 'SkinThickness', 'Insulin']"
1135,rf_shap_list_ir_2,rf_shap_list_ir_2_subset_53,orderStd,"['Glucose', 'Pregnancies', 'DiabetesPedigreeFunction', 'BloodPressure', 'BMI', 'Age', 'Insulin', 'SkinThickness']"
1136,rf_shap_list_ir_2,rf_shap_list_ir_2_subset_53,orderSum,"['Glucose', 'DiabetesPedigreeFunction', 'Pregnancies', 'BMI', 'Age', 'BloodPressure', 'SkinThickness', 'Insulin']"
1137,rf_shap_list_ir_1,rf_shap_list_ir_1_subset_26,orderMean,"['Age', 'BMI', 'Glucose', 'Pregnancies', 'DiabetesPedigreeFunction', 'BloodPressure', 'SkinThickness', 'Insulin']"
1138,rf_shap_list_ir_1,rf_shap_list_ir_1_subset_26,orderStd,"['BMI', 'Age', 'BloodPressure', 'DiabetesPedigreeFunction', 'Glucose', 'SkinThickness', 'Pregnancies', 'Insulin']"
1139,rf_shap_list_ir_1,rf_shap_list_ir_1_subset_26,orderSum,"['Age', 'BMI', 'Glucose', 'Pregnancies', 'DiabetesPedigreeFunction', 'BloodPressure', 'SkinThickness', 'Insulin']"
1140,rf_shap_list_ir_3,rf_shap_list_ir_3_subset_118,orderMean,"['Glucose', 'BMI', 'DiabetesPedigreeFunction', 'Age', 'BloodPressure', 'Insulin', 'SkinThickness', 'Pregnancies']"
1141,rf_shap_list_ir_3,rf_shap_list_ir_3_subset_118,orderStd,"['BMI', 'Glucose', 'DiabetesPedigreeFunction', 'Age', 'Insulin', 'BloodPressure', 'SkinThickness', 'Pregnancies']"
1142,rf_shap_list_ir_3,rf_shap_list_ir_3_subset_118,orderSum,"['Glucose', 'BMI', 'DiabetesPedigreeFunction', 'Age', 'BloodPressure', 'Insulin', 'SkinThickness', 'Pregnancies']"
1143,rf_shap_list_ir_5,rf_shap_list_ir_5_subset_21,orderMean,"['Glucose', 'BMI', 'Age', 'DiabetesPedigreeFunction', 'Pregnancies', 'BloodPressure', 'Insulin', 'SkinThickness']"
1144,rf_shap_list_ir_5,rf_shap_list_ir_5_subset_21,orderStd,"['Glucose', 'BMI', 'Age', 'DiabetesPedigreeFunction', 'BloodPressure', 'Pregnancies', 'Insulin', 'SkinThickness']"
1145,rf_shap_list_ir_5,rf_shap_list_ir_5_subset_21,orderSum,"['Glucose', 'BMI', 'Age', 'DiabetesPedigreeFunction', 'Pregnancies', 'BloodPressure', 'Insulin', 'SkinThickness']"
1146,rf_shap_list_ir_1,rf_shap_list_ir_1_subset_105,orderMean,"['Glucose', 'BMI', 'DiabetesPedigreeFunction', 'BloodPressure', 'Age', 'SkinThickness', 'Pregnancies', 'Insulin']"
1147,rf_shap_list_ir_1,rf_shap_list_ir_1_subset_105,orderStd,"['BMI', 'Glucose', 'BloodPressure', 'DiabetesPedigreeFunction', 'SkinThickness', 'Age', 'Insulin', 'Pregnancies']"
1148,rf_shap_list_ir_1,rf_shap_list_ir_1_subset_105,orderSum,"['Glucose', 'BMI', 'DiabetesPedigreeFunction', 'BloodPressure', 'Age', 'SkinThickness', 'Pregnancies', 'Insulin']"
1149,rf_shap_list_ir_3,rf_shap_list_ir_3_subset_27,orderMean,"['Glucose', 'BMI', 'DiabetesPedigreeFunction', 'Age', 'BloodPressure', 'SkinThickness', 'Pregnancies', 'Insulin']"
1150,rf_shap_list_ir_3,rf_shap_list_ir_3_subset_27,orderStd,"['BMI', 'Glucose', 'Age', 'DiabetesPedigreeFunction', 'Insulin', 'BloodPressure', 'SkinThickness', 'Pregnancies']"
1151,rf_shap_list_ir_3,rf_shap_list_ir_3_subset_27,orderSum,"['Glucose', 'BMI', 'DiabetesPedigreeFunction', 'Age', 'BloodPressure', 'SkinThickness', 'Pregnancies', 'Insulin']"
1152,rf_shap_list_ir_3,rf_shap_list_ir_3_subset_147,orderMean,"['Glucose', 'Pregnancies', 'BMI', 'Age', 'DiabetesPedigreeFunction', 'Insulin', 'BloodPressure', 'SkinThickness']"
1153,rf_shap_list_ir_3,rf_shap_list_ir_3_subset_147,orderStd,"['Glucose', 'BMI', 'Age', 'DiabetesPedigreeFunction', 'Pregnancies', 'Insulin', 'BloodPressure', 'SkinThickness']"
1154,rf_shap_list_ir_3,rf_shap_list_ir_3_subset_147,orderSum,"['Glucose', 'Pregnancies', 'BMI', 'Age', 'DiabetesPedigreeFunction', 'Insulin', 'BloodPressure', 'SkinThickness']"
1155,rf_shap_list_ir_2,rf_shap_list_ir_2_subset_49,orderMean,"['Glucose', 'BMI', 'Pregnancies', 'BloodPressure', 'DiabetesPedigreeFunction', 'Age', 'SkinThickness', 'Insulin']"
1156,rf_shap_list_ir_2,rf_shap_list_ir_2_subset_49,orderStd,"['Glucose', 'BMI', 'SkinThickness', 'DiabetesPedigreeFunction', 'Age', 'BloodPressure', 'Pregnancies', 'Insulin']"
1157,rf_shap_list_ir_2,rf_shap_list_ir_2_subset_49,orderSum,"['Glucose', 'BMI', 'Pregnancies', 'BloodPressure', 'DiabetesPedigreeFunction', 'Age', 'SkinThickness', 'Insulin']"
1158,rf_shap_list_ir_2,rf_shap_list_ir_2_subset_68,orderMean,"['Glucose', 'Age', 'BMI', 'DiabetesPedigreeFunction', 'BloodPressure', 'Pregnancies', 'Insulin', 'SkinThickness']"
1159,rf_shap_list_ir_2,rf_shap_list_ir_2_subset_68,orderStd,"['Glucose', 'BMI', 'DiabetesPedigreeFunction', 'Age', 'Pregnancies', 'BloodPressure', 'Insulin', 'SkinThickness']"
1160,rf_shap_list_ir_2,rf_shap_list_ir_2_subset_68,orderSum,"['Glucose', 'Age', 'BMI', 'DiabetesPedigreeFunction', 'BloodPressure', 'Pregnancies', 'Insulin', 'SkinThickness']"
1161,rf_shap_list_ir_1,rf_shap_list_ir_1_subset_151,orderMean,"['Glucose', 'Pregnancies', 'Age', 'BloodPressure', 'DiabetesPedigreeFunction', 'BMI', 'Insulin', 'SkinThickness']"
1162,rf_shap_list_ir_1,rf_shap_list_ir_1_subset_151,orderStd,"['Glucose', 'Age', 'DiabetesPedigreeFunction', 'Pregnancies', 'BloodPressure', 'SkinThickness', 'BMI', 'Insulin']"
1163,rf_shap_list_ir_1,rf_shap_list_ir_1_subset_151,orderSum,"['Glucose', 'Pregnancies', 'Age', 'BloodPressure', 'DiabetesPedigreeFunction', 'BMI', 'Insulin', 'SkinThickness']"
1164,rf_shap_list_ir_5,rf_shap_list_ir_5_subset_18,orderMean,"['Glucose', 'BMI', 'Age', 'DiabetesPedigreeFunction', 'Pregnancies', 'SkinThickness', 'BloodPressure', 'Insulin']"
1165,rf_shap_list_ir_5,rf_shap_list_ir_5_subset_18,orderStd,"['Glucose', 'BMI', 'Age', 'DiabetesPedigreeFunction', 'Insulin', 'Pregnancies', 'SkinThickness', 'BloodPressure']"
1166,rf_shap_list_ir_5,rf_shap_list_ir_5_subset_18,orderSum,"['Glucose', 'BMI', 'Age', 'DiabetesPedigreeFunction', 'Pregnancies', 'SkinThickness', 'BloodPressure', 'Insulin']"
1167,rf_shap_list_ir_1,rf_shap_list_ir_1_subset_25,orderMean,"['Glucose', 'BMI', 'BloodPressure', 'Pregnancies', 'Age', 'DiabetesPedigreeFunction', 'Insulin', 'SkinThickness']"
1168,rf_shap_list_ir_1,rf_shap_list_ir_1_subset_25,orderStd,"['Glucose', 'BMI', 'Insulin', 'Age', 'BloodPressure', 'Pregnancies', 'DiabetesPedigreeFunction', 'SkinThickness']"
1169,rf_shap_list_ir_1,rf_shap_list_ir_1_subset_25,orderSum,"['Glucose', 'BMI', 'BloodPressure', 'Pregnancies', 'Age', 'DiabetesPedigreeFunction', 'Insulin', 'SkinThickness']"
1170,rf_shap_list_ir_2,rf_shap_list_ir_2_subset_50,orderMean,"['Glucose', 'BMI', 'Age', 'Pregnancies', 'BloodPressure', 'DiabetesPedigreeFunction', 'SkinThickness', 'Insulin']"
1171,rf_shap_list_ir_2,rf_shap_list_ir_2_subset_50,orderStd,"['Glucose', 'BMI', 'Age', 'Pregnancies', 'DiabetesPedigreeFunction', 'BloodPressure', 'Insulin', 'SkinThickness']"
1172,rf_shap_list_ir_2,rf_shap_list_ir_2_subset_50,orderSum,"['Glucose', 'BMI', 'Age', 'Pregnancies', 'BloodPressure', 'DiabetesPedigreeFunction', 'SkinThickness', 'Insulin']"
1173,rf_shap_list_ir_4,rf_shap_list_ir_4_subset_40,orderMean,"['Glucose', 'BMI', 'Age', 'Pregnancies', 'DiabetesPedigreeFunction', 'BloodPressure', 'Insulin', 'SkinThickness']"
1174,rf_shap_list_ir_4,rf_shap_list_ir_4_subset_40,orderStd,"['Glucose', 'BMI', 'Age', 'DiabetesPedigreeFunction', 'Pregnancies', 'Insulin', 'BloodPressure', 'SkinThickness']"
1175,rf_shap_list_ir_4,rf_shap_list_ir_4_subset_40,orderSum,"['Glucose', 'BMI', 'Age', 'Pregnancies', 'DiabetesPedigreeFunction', 'BloodPressure', 'Insulin', 'SkinThickness']"
1176,rf_shap_list_ir_5,rf_shap_list_ir_5_subset_80,orderMean,"['Glucose', 'BMI', 'Age', 'Pregnancies', 'DiabetesPedigreeFunction', 'BloodPressure', 'SkinThickness', 'Insulin']"
1177,rf_shap_list_ir_5,rf_shap_list_ir_5_subset_80,orderStd,"['Glucose', 'BMI', 'Age', 'DiabetesPedigreeFunction', 'Pregnancies', 'Insulin', 'SkinThickness', 'BloodPressure']"
1178,rf_shap_list_ir_5,rf_shap_list_ir_5_subset_80,orderSum,"['Glucose', 'BMI', 'Age', 'Pregnancies', 'DiabetesPedigreeFunction', 'BloodPressure', 'SkinThickness', 'Insulin']"
1179,rf_shap_list_ir_2,rf_shap_list_ir_2_subset_39,orderMean,"['Glucose', 'BMI', 'Age', 'DiabetesPedigreeFunction', 'BloodPressure', 'SkinThickness', 'Insulin', 'Pregnancies']"
1180,rf_shap_list_ir_2,rf_shap_list_ir_2_subset_39,orderStd,"['BMI', 'BloodPressure', 'Age', 'Glucose', 'DiabetesPedigreeFunction', 'Insulin', 'SkinThickness', 'Pregnancies']"
1181,rf_shap_list_ir_2,rf_shap_list_ir_2_subset_39,orderSum,"['Glucose', 'BMI', 'Age', 'DiabetesPedigreeFunction', 'BloodPressure', 'SkinThickness', 'Insulin', 'Pregnancies']"
1182,rf_shap_list_ir_3,rf_shap_list_ir_3_subset_60,orderMean,"['Glucose', 'BMI', 'Age', 'Pregnancies', 'DiabetesPedigreeFunction', 'BloodPressure', 'SkinThickness', 'Insulin']"
1183,rf_shap_list_ir_3,rf_shap_list_ir_3_subset_60,orderStd,"['Glucose', 'BMI', 'Age', 'SkinThickness', 'BloodPressure', 'DiabetesPedigreeFunction', 'Insulin', 'Pregnancies']"
1184,rf_shap_list_ir_3,rf_shap_list_ir_3_subset_60,orderSum,"['Glucose', 'BMI', 'Age', 'Pregnancies', 'DiabetesPedigreeFunction', 'BloodPressure', 'SkinThickness', 'Insulin']"
1185,rf_shap_list_ir_1,rf_shap_list_ir_1_subset_61,orderMean,"['BMI', 'DiabetesPedigreeFunction', 'Glucose', 'Age', 'SkinThickness', 'BloodPressure', 'Insulin', 'Pregnancies']"
1186,rf_shap_list_ir_1,rf_shap_list_ir_1_subset_61,orderStd,"['BMI', 'SkinThickness', 'DiabetesPedigreeFunction', 'Glucose', 'BloodPressure', 'Age', 'Insulin', 'Pregnancies']"
1187,rf_shap_list_ir_1,rf_shap_list_ir_1_subset_61,orderSum,"['BMI', 'DiabetesPedigreeFunction', 'Glucose', 'Age', 'SkinThickness', 'BloodPressure', 'Insulin', 'Pregnancies']"
1188,rf_shap_list_ir_5,rf_shap_list_ir_5_subset_27,orderMean,"['Glucose', 'BMI', 'Age', 'DiabetesPedigreeFunction', 'Pregnancies', 'BloodPressure', 'SkinThickness', 'Insulin']"
1189,rf_shap_list_ir_5,rf_shap_list_ir_5_subset_27,orderStd,"['BMI', 'Glucose', 'DiabetesPedigreeFunction', 'Age', 'Pregnancies', 'BloodPressure', 'Insulin', 'SkinThickness']"
1190,rf_shap_list_ir_5,rf_shap_list_ir_5_subset_27,orderSum,"['Glucose', 'BMI', 'Age', 'DiabetesPedigreeFunction', 'Pregnancies', 'BloodPressure', 'SkinThickness', 'Insulin']"
1191,rf_shap_list_ir_3,rf_shap_list_ir_3_subset_86,orderMean,"['Glucose', 'Age', 'BMI', 'DiabetesPedigreeFunction', 'Pregnancies', 'BloodPressure', 'Insulin', 'SkinThickness']"
1192,rf_shap_list_ir_3,rf_shap_list_ir_3_subset_86,orderStd,"['Glucose', 'Age', 'DiabetesPedigreeFunction', 'BMI', 'Pregnancies', 'Insulin', 'BloodPressure', 'SkinThickness']"
1193,rf_shap_list_ir_3,rf_shap_list_ir_3_subset_86,orderSum,"['Glucose', 'Age', 'BMI', 'DiabetesPedigreeFunction', 'Pregnancies', 'BloodPressure', 'Insulin', 'SkinThickness']"
1194,rf_shap_list_ir_4,rf_shap_list_ir_4_subset_101,orderMean,"['Glucose', 'BMI', 'Age', 'DiabetesPedigreeFunction', 'Pregnancies', 'Insulin', 'BloodPressure', 'SkinThickness']"
1195,rf_shap_list_ir_4,rf_shap_list_ir_4_subset_101,orderStd,"['BMI', 'Glucose', 'Age', 'DiabetesPedigreeFunction', 'Insulin', 'Pregnancies', 'BloodPressure', 'SkinThickness']"
1196,rf_shap_list_ir_4,rf_shap_list_ir_4_subset_101,orderSum,"['Glucose', 'BMI', 'Age', 'DiabetesPedigreeFunction', 'Pregnancies', 'Insulin', 'BloodPressure', 'SkinThickness']"
1197,rf_shap_list_ir_1,rf_shap_list_ir_1_subset_143,orderMean,"['Glucose', 'Age', 'DiabetesPedigreeFunction', 'BMI', 'Pregnancies', 'BloodPressure', 'SkinThickness', 'Insulin']"
1198,rf_shap_list_ir_1,rf_shap_list_ir_1_subset_143,orderStd,"['Glucose', 'Age', 'DiabetesPedigreeFunction', 'Pregnancies', 'BMI', 'SkinThickness', 'BloodPressure', 'Insulin']"
1199,rf_shap_list_ir_1,rf_shap_list_ir_1_subset_143,orderSum,"['Glucose', 'Age', 'DiabetesPedigreeFunction', 'BMI', 'Pregnancies', 'BloodPressure', 'SkinThickness', 'Insulin']"
1200,rf_shap_list_ir_4,rf_shap_list_ir_4_subset_91,orderMean,"['Glucose', 'BMI', 'Age', 'DiabetesPedigreeFunction', 'BloodPressure', 'Pregnancies', 'SkinThickness', 'Insulin']"
1201,rf_shap_list_ir_4,rf_shap_list_ir_4_subset_91,orderStd,"['Glucose', 'BMI', 'Age', 'DiabetesPedigreeFunction', 'BloodPressure', 'Insulin', 'SkinThickness', 'Pregnancies']"
1202,rf_shap_list_ir_4,rf_shap_list_ir_4_subset_91,orderSum,"['Glucose', 'BMI', 'Age', 'DiabetesPedigreeFunction', 'BloodPressure', 'Pregnancies', 'SkinThickness', 'Insulin']"
1203,rf_shap_list_ir_1,rf_shap_list_ir_1_subset_125,orderMean,"['Glucose', 'BMI', 'Age', 'BloodPressure', 'DiabetesPedigreeFunction', 'Insulin', 'Pregnancies', 'SkinThickness']"
1204,rf_shap_list_ir_1,rf_shap_list_ir_1_subset_125,orderStd,"['Glucose', 'BMI', 'Age', 'SkinThickness', 'BloodPressure', 'DiabetesPedigreeFunction', 'Insulin', 'Pregnancies']"
1205,rf_shap_list_ir_1,rf_shap_list_ir_1_subset_125,orderSum,"['Glucose', 'BMI', 'Age', 'BloodPressure', 'DiabetesPedigreeFunction', 'Insulin', 'Pregnancies', 'SkinThickness']"
1206,rf_shap_list_ir_3,rf_shap_list_ir_3_subset_133,orderMean,"['Glucose', 'Age', 'DiabetesPedigreeFunction', 'BMI', 'Pregnancies', 'BloodPressure', 'SkinThickness', 'Insulin']"
1207,rf_shap_list_ir_3,rf_shap_list_ir_3_subset_133,orderStd,"['BMI', 'Glucose', 'DiabetesPedigreeFunction', 'Age', 'Pregnancies', 'Insulin', 'SkinThickness', 'BloodPressure']"
1208,rf_shap_list_ir_3,rf_shap_list_ir_3_subset_133,orderSum,"['Glucose', 'Age', 'DiabetesPedigreeFunction', 'BMI', 'Pregnancies', 'BloodPressure', 'SkinThickness', 'Insulin']"
1209,rf_shap_list_ir_2,rf_shap_list_ir_2_subset_160,orderMean,"['Glucose', 'BMI', 'DiabetesPedigreeFunction', 'SkinThickness', 'Age', 'Pregnancies', 'BloodPressure', 'Insulin']"
1210,rf_shap_list_ir_2,rf_shap_list_ir_2_subset_160,orderStd,"['Glucose', 'BMI', 'DiabetesPedigreeFunction', 'Age', 'SkinThickness', 'Insulin', 'BloodPressure', 'Pregnancies']"
1211,rf_shap_list_ir_2,rf_shap_list_ir_2_subset_160,orderSum,"['Glucose', 'BMI', 'DiabetesPedigreeFunction', 'SkinThickness', 'Age', 'Pregnancies', 'BloodPressure', 'Insulin']"
1212,rf_shap_list_ir_4,rf_shap_list_ir_4_subset_56,orderMean,"['Glucose', 'BMI', 'DiabetesPedigreeFunction', 'Age', 'SkinThickness', 'Pregnancies', 'BloodPressure', 'Insulin']"
1213,rf_shap_list_ir_4,rf_shap_list_ir_4_subset_56,orderStd,"['Glucose', 'BMI', 'DiabetesPedigreeFunction', 'Age', 'SkinThickness', 'Insulin', 'Pregnancies', 'BloodPressure']"
1214,rf_shap_list_ir_4,rf_shap_list_ir_4_subset_56,orderSum,"['Glucose', 'BMI', 'DiabetesPedigreeFunction', 'Age', 'SkinThickness', 'Pregnancies', 'BloodPressure', 'Insulin']"
1215,rf_shap_list_ir_4,rf_shap_list_ir_4_subset_70,orderMean,"['Glucose', 'BMI', 'Age', 'DiabetesPedigreeFunction', 'Pregnancies', 'BloodPressure', 'SkinThickness', 'Insulin']"
1216,rf_shap_list_ir_4,rf_shap_list_ir_4_subset_70,orderStd,"['Glucose', 'BMI', 'Age', 'DiabetesPedigreeFunction', 'Insulin', 'Pregnancies', 'BloodPressure', 'SkinThickness']"
1217,rf_shap_list_ir_4,rf_shap_list_ir_4_subset_70,orderSum,"['Glucose', 'BMI', 'Age', 'DiabetesPedigreeFunction', 'Pregnancies', 'BloodPressure', 'SkinThickness', 'Insulin']"
1218,rf_shap_list_ir_2,rf_shap_list_ir_2_subset_9,orderMean,"['Glucose', 'BMI', 'DiabetesPedigreeFunction', 'Age', 'SkinThickness', 'Insulin', 'BloodPressure', 'Pregnancies']"
1219,rf_shap_list_ir_2,rf_shap_list_ir_2_subset_9,orderStd,"['Glucose', 'DiabetesPedigreeFunction', 'BMI', 'Age', 'SkinThickness', 'Insulin', 'BloodPressure', 'Pregnancies']"
1220,rf_shap_list_ir_2,rf_shap_list_ir_2_subset_9,orderSum,"['Glucose', 'BMI', 'DiabetesPedigreeFunction', 'Age', 'SkinThickness', 'Insulin', 'BloodPressure', 'Pregnancies']"
1221,rf_shap_list_ir_2,rf_shap_list_ir_2_subset_132,orderMean,"['Glucose', 'Age', 'BMI', 'BloodPressure', 'DiabetesPedigreeFunction', 'Pregnancies', 'SkinThickness', 'Insulin']"
1222,rf_shap_list_ir_2,rf_shap_list_ir_2_subset_132,orderStd,"['Glucose', 'Age', 'BMI', 'BloodPressure', 'DiabetesPedigreeFunction', 'Insulin', 'SkinThickness', 'Pregnancies']"
1223,rf_shap_list_ir_2,rf_shap_list_ir_2_subset_132,orderSum,"['Glucose', 'Age', 'BMI', 'BloodPressure', 'DiabetesPedigreeFunction', 'Pregnancies', 'SkinThickness', 'Insulin']"
1224,rf_shap_list_ir_3,rf_shap_list_ir_3_subset_69,orderMean,"['Glucose', 'BMI', 'Pregnancies', 'Age', 'DiabetesPedigreeFunction', 'SkinThickness', 'BloodPressure', 'Insulin']"
1225,rf_shap_list_ir_3,rf_shap_list_ir_3_subset_69,orderStd,"['Glucose', 'BMI', 'Age', 'Pregnancies', 'DiabetesPedigreeFunction', 'SkinThickness', 'BloodPressure', 'Insulin']"
1226,rf_shap_list_ir_3,rf_shap_list_ir_3_subset_69,orderSum,"['Glucose', 'BMI', 'Pregnancies', 'Age', 'DiabetesPedigreeFunction', 'SkinThickness', 'BloodPressure', 'Insulin']"
1227,rf_shap_list_ir_4,rf_shap_list_ir_4_subset_46,orderMean,"['Glucose', 'BMI', 'Age', 'Pregnancies', 'DiabetesPedigreeFunction', 'Insulin', 'BloodPressure', 'SkinThickness']"
1228,rf_shap_list_ir_4,rf_shap_list_ir_4_subset_46,orderStd,"['BMI', 'Glucose', 'Age', 'DiabetesPedigreeFunction', 'Insulin', 'Pregnancies', 'BloodPressure', 'SkinThickness']"
1229,rf_shap_list_ir_4,rf_shap_list_ir_4_subset_46,orderSum,"['Glucose', 'BMI', 'Age', 'Pregnancies', 'DiabetesPedigreeFunction', 'Insulin', 'BloodPressure', 'SkinThickness']"
1230,rf_shap_list_ir_4,rf_shap_list_ir_4_subset_94,orderMean,"['Glucose', 'BMI', 'Age', 'DiabetesPedigreeFunction', 'BloodPressure', 'Pregnancies', 'SkinThickness', 'Insulin']"
1231,rf_shap_list_ir_4,rf_shap_list_ir_4_subset_94,orderStd,"['BMI', 'Glucose', 'Age', 'DiabetesPedigreeFunction', 'Insulin', 'BloodPressure', 'Pregnancies', 'SkinThickness']"
1232,rf_shap_list_ir_4,rf_shap_list_ir_4_subset_94,orderSum,"['Glucose', 'BMI', 'Age', 'DiabetesPedigreeFunction', 'BloodPressure', 'Pregnancies', 'SkinThickness', 'Insulin']"
1233,rf_shap_list_ir_4,rf_shap_list_ir_4_subset_11,orderMean,"['Glucose', 'BMI', 'Age', 'DiabetesPedigreeFunction', 'Pregnancies', 'BloodPressure', 'Insulin', 'SkinThickness']"
1234,rf_shap_list_ir_4,rf_shap_list_ir_4_subset_11,orderStd,"['BMI', 'Glucose', 'Age', 'DiabetesPedigreeFunction', 'Pregnancies', 'BloodPressure', 'SkinThickness', 'Insulin']"
1235,rf_shap_list_ir_4,rf_shap_list_ir_4_subset_11,orderSum,"['Glucose', 'BMI', 'Age', 'DiabetesPedigreeFunction', 'Pregnancies', 'BloodPressure', 'Insulin', 'SkinThickness']"
1236,rf_shap_list_ir_3,rf_shap_list_ir_3_subset_144,orderMean,"['Glucose', 'BMI', 'DiabetesPedigreeFunction', 'Age', 'Pregnancies', 'BloodPressure', 'SkinThickness', 'Insulin']"
1237,rf_shap_list_ir_3,rf_shap_list_ir_3_subset_144,orderStd,"['Glucose', 'BMI', 'DiabetesPedigreeFunction', 'Age', 'Pregnancies', 'BloodPressure', 'Insulin', 'SkinThickness']"
1238,rf_shap_list_ir_3,rf_shap_list_ir_3_subset_144,orderSum,"['Glucose', 'BMI', 'DiabetesPedigreeFunction', 'Age', 'Pregnancies', 'BloodPressure', 'SkinThickness', 'Insulin']"
1239,rf_shap_list_ir_2,rf_shap_list_ir_2_subset_28,orderMean,"['Glucose', 'BMI', 'Age', 'Pregnancies', 'SkinThickness', 'Insulin', 'DiabetesPedigreeFunction', 'BloodPressure']"
1240,rf_shap_list_ir_2,rf_shap_list_ir_2_subset_28,orderStd,"['Glucose', 'BMI', 'Pregnancies', 'Age', 'SkinThickness', 'Insulin', 'DiabetesPedigreeFunction', 'BloodPressure']"
1241,rf_shap_list_ir_2,rf_shap_list_ir_2_subset_28,orderSum,"['Glucose', 'BMI', 'Age', 'Pregnancies', 'SkinThickness', 'Insulin', 'DiabetesPedigreeFunction', 'BloodPressure']"
1242,rf_shap_list_ir_2,rf_shap_list_ir_2_subset_113,orderMean,"['BMI', 'Glucose', 'Age', 'DiabetesPedigreeFunction', 'BloodPressure', 'Pregnancies', 'SkinThickness', 'Insulin']"
1243,rf_shap_list_ir_2,rf_shap_list_ir_2_subset_113,orderStd,"['BMI', 'Age', 'Glucose', 'DiabetesPedigreeFunction', 'Pregnancies', 'BloodPressure', 'SkinThickness', 'Insulin']"
1244,rf_shap_list_ir_2,rf_shap_list_ir_2_subset_113,orderSum,"['BMI', 'Glucose', 'Age', 'DiabetesPedigreeFunction', 'BloodPressure', 'Pregnancies', 'SkinThickness', 'Insulin']"
1245,rf_shap_list_ir_4,rf_shap_list_ir_4_subset_43,orderMean,"['Glucose', 'Age', 'BMI', 'DiabetesPedigreeFunction', 'Pregnancies', 'BloodPressure', 'Insulin', 'SkinThickness']"
1246,rf_shap_list_ir_4,rf_shap_list_ir_4_subset_43,orderStd,"['Glucose', 'BMI', 'Age', 'DiabetesPedigreeFunction', 'Insulin', 'Pregnancies', 'BloodPressure', 'SkinThickness']"
1247,rf_shap_list_ir_4,rf_shap_list_ir_4_subset_43,orderSum,"['Glucose', 'Age', 'BMI', 'DiabetesPedigreeFunction', 'Pregnancies', 'BloodPressure', 'Insulin', 'SkinThickness']"
1248,rf_shap_list_ir_1,rf_shap_list_ir_1_subset_74,orderMean,"['Glucose', 'BMI', 'BloodPressure', 'DiabetesPedigreeFunction', 'Pregnancies', 'Age', 'Insulin', 'SkinThickness']"
1249,rf_shap_list_ir_1,rf_shap_list_ir_1_subset_74,orderStd,"['Glucose', 'BMI', 'DiabetesPedigreeFunction', 'BloodPressure', 'Pregnancies', 'Age', 'Insulin', 'SkinThickness']"
1250,rf_shap_list_ir_1,rf_shap_list_ir_1_subset_74,orderSum,"['Glucose', 'BMI', 'BloodPressure', 'DiabetesPedigreeFunction', 'Pregnancies', 'Age', 'Insulin', 'SkinThickness']"
1251,rf_shap_list_ir_1,rf_shap_list_ir_1_subset_31,orderMean,"['Glucose', 'Age', 'BMI', 'DiabetesPedigreeFunction', 'Pregnancies', 'BloodPressure', 'SkinThickness', 'Insulin']"
1252,rf_shap_list_ir_1,rf_shap_list_ir_1_subset_31,orderStd,"['Age', 'Glucose', 'BMI', 'DiabetesPedigreeFunction', 'BloodPressure', 'SkinThickness', 'Pregnancies', 'Insulin']"
1253,rf_shap_list_ir_1,rf_shap_list_ir_1_subset_31,orderSum,"['Glucose', 'Age', 'BMI', 'DiabetesPedigreeFunction', 'Pregnancies', 'BloodPressure', 'SkinThickness', 'Insulin']"
1254,rf_shap_list_ir_3,rf_shap_list_ir_3_subset_115,orderMean,"['Glucose', 'BMI', 'Age', 'DiabetesPedigreeFunction', 'BloodPressure', 'Pregnancies', 'SkinThickness', 'Insulin']"
1255,rf_shap_list_ir_3,rf_shap_list_ir_3_subset_115,orderStd,"['Glucose', 'BMI', 'DiabetesPedigreeFunction', 'Age', 'Insulin', 'Pregnancies', 'BloodPressure', 'SkinThickness']"
1256,rf_shap_list_ir_3,rf_shap_list_ir_3_subset_115,orderSum,"['Glucose', 'BMI', 'Age', 'DiabetesPedigreeFunction', 'BloodPressure', 'Pregnancies', 'SkinThickness', 'Insulin']"
1257,rf_shap_list_ir_1,rf_shap_list_ir_1_subset_90,orderMean,"['Glucose', 'BMI', 'BloodPressure', 'DiabetesPedigreeFunction', 'Age', 'SkinThickness', 'Pregnancies', 'Insulin']"
1258,rf_shap_list_ir_1,rf_shap_list_ir_1_subset_90,orderStd,"['BloodPressure', 'Glucose', 'DiabetesPedigreeFunction', 'Age', 'SkinThickness', 'BMI', 'Insulin', 'Pregnancies']"
1259,rf_shap_list_ir_1,rf_shap_list_ir_1_subset_90,orderSum,"['Glucose', 'BMI', 'BloodPressure', 'DiabetesPedigreeFunction', 'Age', 'SkinThickness', 'Pregnancies', 'Insulin']"
1260,rf_shap_list_ir_2,rf_shap_list_ir_2_subset_1,orderMean,"['Glucose', 'BMI', 'Age', 'DiabetesPedigreeFunction', 'BloodPressure', 'Pregnancies', 'SkinThickness', 'Insulin']"
1261,rf_shap_list_ir_2,rf_shap_list_ir_2_subset_1,orderStd,"['BMI', 'Age', 'Glucose', 'DiabetesPedigreeFunction', 'Insulin', 'BloodPressure', 'SkinThickness', 'Pregnancies']"
1262,rf_shap_list_ir_2,rf_shap_list_ir_2_subset_1,orderSum,"['Glucose', 'BMI', 'Age', 'DiabetesPedigreeFunction', 'BloodPressure', 'Pregnancies', 'SkinThickness', 'Insulin']"
1263,rf_shap_list_ir_3,rf_shap_list_ir_3_subset_35,orderMean,"['Glucose', 'BMI', 'DiabetesPedigreeFunction', 'Age', 'SkinThickness', 'Insulin', 'BloodPressure', 'Pregnancies']"
1264,rf_shap_list_ir_3,rf_shap_list_ir_3_subset_35,orderStd,"['Glucose', 'BMI', 'DiabetesPedigreeFunction', 'Age', 'BloodPressure', 'SkinThickness', 'Insulin', 'Pregnancies']"
1265,rf_shap_list_ir_3,rf_shap_list_ir_3_subset_35,orderSum,"['Glucose', 'BMI', 'DiabetesPedigreeFunction', 'Age', 'SkinThickness', 'Insulin', 'BloodPressure', 'Pregnancies']"
1266,rf_shap_list_ir_3,rf_shap_list_ir_3_subset_126,orderMean,"['Glucose', 'BMI', 'DiabetesPedigreeFunction', 'Age', 'Pregnancies', 'BloodPressure', 'SkinThickness', 'Insulin']"
1267,rf_shap_list_ir_3,rf_shap_list_ir_3_subset_126,orderStd,"['BMI', 'Glucose', 'DiabetesPedigreeFunction', 'Age', 'Insulin', 'Pregnancies', 'BloodPressure', 'SkinThickness']"
1268,rf_shap_list_ir_3,rf_shap_list_ir_3_subset_126,orderSum,"['Glucose', 'BMI', 'DiabetesPedigreeFunction', 'Age', 'Pregnancies', 'BloodPressure', 'SkinThickness', 'Insulin']"
1269,rf_shap_list_ir_4,rf_shap_list_ir_4_subset_42,orderMean,"['Glucose', 'BMI', 'Age', 'DiabetesPedigreeFunction', 'Pregnancies', 'BloodPressure', 'SkinThickness', 'Insulin']"
1270,rf_shap_list_ir_4,rf_shap_list_ir_4_subset_42,orderStd,"['Glucose', 'BMI', 'DiabetesPedigreeFunction', 'Age', 'BloodPressure', 'Insulin', 'Pregnancies', 'SkinThickness']"
1271,rf_shap_list_ir_4,rf_shap_list_ir_4_subset_42,orderSum,"['Glucose', 'BMI', 'Age', 'DiabetesPedigreeFunction', 'Pregnancies', 'BloodPressure', 'SkinThickness', 'Insulin']"
1272,rf_shap_list_ir_1,rf_shap_list_ir_1_subset_7,orderMean,"['Age', 'Glucose', 'BMI', 'BloodPressure', 'DiabetesPedigreeFunction', 'Pregnancies', 'SkinThickness', 'Insulin']"
1273,rf_shap_list_ir_1,rf_shap_list_ir_1_subset_7,orderStd,"['BMI', 'Age', 'BloodPressure', 'Glucose', 'DiabetesPedigreeFunction', 'SkinThickness', 'Insulin', 'Pregnancies']"
1274,rf_shap_list_ir_1,rf_shap_list_ir_1_subset_7,orderSum,"['Age', 'Glucose', 'BMI', 'BloodPressure', 'DiabetesPedigreeFunction', 'Pregnancies', 'SkinThickness', 'Insulin']"
1275,rf_shap_list_ir_1,rf_shap_list_ir_1_subset_156,orderMean,"['BMI', 'Glucose', 'Age', 'DiabetesPedigreeFunction', 'Pregnancies', 'BloodPressure', 'SkinThickness', 'Insulin']"
1276,rf_shap_list_ir_1,rf_shap_list_ir_1_subset_156,orderStd,"['BMI', 'Glucose', 'Pregnancies', 'DiabetesPedigreeFunction', 'Age', 'BloodPressure', 'SkinThickness', 'Insulin']"
1277,rf_shap_list_ir_1,rf_shap_list_ir_1_subset_156,orderSum,"['BMI', 'Glucose', 'Age', 'DiabetesPedigreeFunction', 'Pregnancies', 'BloodPressure', 'SkinThickness', 'Insulin']"
1278,rf_shap_list_ir_1,rf_shap_list_ir_1_subset_141,orderMean,"['Glucose', 'DiabetesPedigreeFunction', 'BMI', 'Age', 'BloodPressure', 'SkinThickness', 'Pregnancies', 'Insulin']"
1279,rf_shap_list_ir_1,rf_shap_list_ir_1_subset_141,orderStd,"['Glucose', 'DiabetesPedigreeFunction', 'BMI', 'SkinThickness', 'Age', 'Insulin', 'BloodPressure', 'Pregnancies']"
1280,rf_shap_list_ir_1,rf_shap_list_ir_1_subset_141,orderSum,"['Glucose', 'DiabetesPedigreeFunction', 'BMI', 'Age', 'BloodPressure', 'SkinThickness', 'Pregnancies', 'Insulin']"
1281,rf_shap_list_ir_5,rf_shap_list_ir_5_subset_54,orderMean,"['Glucose', 'BMI', 'Age', 'DiabetesPedigreeFunction', 'BloodPressure', 'SkinThickness', 'Pregnancies', 'Insulin']"
1282,rf_shap_list_ir_5,rf_shap_list_ir_5_subset_54,orderStd,"['Glucose', 'BMI', 'Age', 'DiabetesPedigreeFunction', 'Insulin', 'BloodPressure', 'SkinThickness', 'Pregnancies']"
1283,rf_shap_list_ir_5,rf_shap_list_ir_5_subset_54,orderSum,"['Glucose', 'BMI', 'Age', 'DiabetesPedigreeFunction', 'BloodPressure', 'SkinThickness', 'Pregnancies', 'Insulin']"
1284,rf_shap_list_ir_4,rf_shap_list_ir_4_subset_139,orderMean,"['Glucose', 'BMI', 'Age', 'DiabetesPedigreeFunction', 'Pregnancies', 'SkinThickness', 'Insulin', 'BloodPressure']"
1285,rf_shap_list_ir_4,rf_shap_list_ir_4_subset_139,orderStd,"['Glucose', 'BMI', 'DiabetesPedigreeFunction', 'Age', 'Pregnancies', 'SkinThickness', 'BloodPressure', 'Insulin']"
1286,rf_shap_list_ir_4,rf_shap_list_ir_4_subset_139,orderSum,"['Glucose', 'BMI', 'Age', 'DiabetesPedigreeFunction', 'Pregnancies', 'SkinThickness', 'Insulin', 'BloodPressure']"
1287,rf_shap_list_ir_1,rf_shap_list_ir_1_subset_19,orderMean,"['Glucose', 'DiabetesPedigreeFunction', 'BMI', 'BloodPressure', 'Pregnancies', 'Age', 'Insulin', 'SkinThickness']"
1288,rf_shap_list_ir_1,rf_shap_list_ir_1_subset_19,orderStd,"['Glucose', 'DiabetesPedigreeFunction', 'BloodPressure', 'BMI', 'Pregnancies', 'Insulin', 'Age', 'SkinThickness']"
1289,rf_shap_list_ir_1,rf_shap_list_ir_1_subset_19,orderSum,"['Glucose', 'DiabetesPedigreeFunction', 'BMI', 'BloodPressure', 'Pregnancies', 'Age', 'Insulin', 'SkinThickness']"
1290,rf_shap_list_ir_2,rf_shap_list_ir_2_subset_29,orderMean,"['BMI', 'Glucose', 'DiabetesPedigreeFunction', 'Age', 'Pregnancies', 'BloodPressure', 'SkinThickness', 'Insulin']"
1291,rf_shap_list_ir_2,rf_shap_list_ir_2_subset_29,orderStd,"['Glucose', 'BMI', 'DiabetesPedigreeFunction', 'Age', 'Pregnancies', 'BloodPressure', 'SkinThickness', 'Insulin']"
1292,rf_shap_list_ir_2,rf_shap_list_ir_2_subset_29,orderSum,"['BMI', 'Glucose', 'DiabetesPedigreeFunction', 'Age', 'Pregnancies', 'BloodPressure', 'SkinThickness', 'Insulin']"
1293,rf_shap_list_ir_3,rf_shap_list_ir_3_subset_158,orderMean,"['Glucose', 'BMI', 'Age', 'BloodPressure', 'Pregnancies', 'DiabetesPedigreeFunction', 'SkinThickness', 'Insulin']"
1294,rf_shap_list_ir_3,rf_shap_list_ir_3_subset_158,orderStd,"['Glucose', 'BMI', 'Age', 'DiabetesPedigreeFunction', 'Pregnancies', 'BloodPressure', 'SkinThickness', 'Insulin']"
1295,rf_shap_list_ir_3,rf_shap_list_ir_3_subset_158,orderSum,"['Glucose', 'BMI', 'Age', 'BloodPressure', 'Pregnancies', 'DiabetesPedigreeFunction', 'SkinThickness', 'Insulin']"
1296,rf_shap_list_ir_5,rf_shap_list_ir_5_subset_144,orderMean,"['Glucose', 'BMI', 'Age', 'DiabetesPedigreeFunction', 'SkinThickness', 'BloodPressure', 'Pregnancies', 'Insulin']"
1297,rf_shap_list_ir_5,rf_shap_list_ir_5_subset_144,orderStd,"['BMI', 'Glucose', 'Age', 'DiabetesPedigreeFunction', 'BloodPressure', 'SkinThickness', 'Pregnancies', 'Insulin']"
1298,rf_shap_list_ir_5,rf_shap_list_ir_5_subset_144,orderSum,"['Glucose', 'BMI', 'Age', 'DiabetesPedigreeFunction', 'SkinThickness', 'BloodPressure', 'Pregnancies', 'Insulin']"
1299,rf_shap_list_ir_4,rf_shap_list_ir_4_subset_55,orderMean,"['Glucose', 'BMI', 'Age', 'Pregnancies', 'DiabetesPedigreeFunction', 'BloodPressure', 'SkinThickness', 'Insulin']"
1300,rf_shap_list_ir_4,rf_shap_list_ir_4_subset_55,orderStd,"['Glucose', 'BMI', 'Age', 'DiabetesPedigreeFunction', 'Pregnancies', 'Insulin', 'BloodPressure', 'SkinThickness']"
1301,rf_shap_list_ir_4,rf_shap_list_ir_4_subset_55,orderSum,"['Glucose', 'BMI', 'Age', 'Pregnancies', 'DiabetesPedigreeFunction', 'BloodPressure', 'SkinThickness', 'Insulin']"
1302,rf_shap_list_ir_2,rf_shap_list_ir_2_subset_76,orderMean,"['Glucose', 'BMI', 'Age', 'DiabetesPedigreeFunction', 'Pregnancies', 'BloodPressure', 'Insulin', 'SkinThickness']"
1303,rf_shap_list_ir_2,rf_shap_list_ir_2_subset_76,orderStd,"['Glucose', 'BMI', 'Age', 'DiabetesPedigreeFunction', 'Pregnancies', 'BloodPressure', 'Insulin', 'SkinThickness']"
1304,rf_shap_list_ir_2,rf_shap_list_ir_2_subset_76,orderSum,"['Glucose', 'BMI', 'Age', 'DiabetesPedigreeFunction', 'Pregnancies', 'BloodPressure', 'Insulin', 'SkinThickness']"
1305,rf_shap_list_ir_1,rf_shap_list_ir_1_subset_58,orderMean,"['Glucose', 'BMI', 'Age', 'DiabetesPedigreeFunction', 'BloodPressure', 'Pregnancies', 'SkinThickness', 'Insulin']"
1306,rf_shap_list_ir_1,rf_shap_list_ir_1_subset_58,orderStd,"['Glucose', 'Age', 'BMI', 'DiabetesPedigreeFunction', 'Pregnancies', 'BloodPressure', 'SkinThickness', 'Insulin']"
1307,rf_shap_list_ir_1,rf_shap_list_ir_1_subset_58,orderSum,"['Glucose', 'BMI', 'Age', 'DiabetesPedigreeFunction', 'BloodPressure', 'Pregnancies', 'SkinThickness', 'Insulin']"
1308,rf_shap_list_ir_4,rf_shap_list_ir_4_subset_54,orderMean,"['Glucose', 'DiabetesPedigreeFunction', 'Age', 'BMI', 'SkinThickness', 'Pregnancies', 'BloodPressure', 'Insulin']"
1309,rf_shap_list_ir_4,rf_shap_list_ir_4_subset_54,orderStd,"['Glucose', 'BMI', 'Age', 'DiabetesPedigreeFunction', 'BloodPressure', 'Insulin', 'SkinThickness', 'Pregnancies']"
1310,rf_shap_list_ir_4,rf_shap_list_ir_4_subset_54,orderSum,"['Glucose', 'DiabetesPedigreeFunction', 'Age', 'BMI', 'SkinThickness', 'Pregnancies', 'BloodPressure', 'Insulin']"
1311,rf_shap_list_ir_4,rf_shap_list_ir_4_subset_61,orderMean,"['Glucose', 'BMI', 'Age', 'BloodPressure', 'DiabetesPedigreeFunction', 'SkinThickness', 'Pregnancies', 'Insulin']"
1312,rf_shap_list_ir_4,rf_shap_list_ir_4_subset_61,orderStd,"['BMI', 'Glucose', 'Age', 'DiabetesPedigreeFunction', 'BloodPressure', 'Insulin', 'SkinThickness', 'Pregnancies']"
1313,rf_shap_list_ir_4,rf_shap_list_ir_4_subset_61,orderSum,"['Glucose', 'BMI', 'Age', 'BloodPressure', 'DiabetesPedigreeFunction', 'SkinThickness', 'Pregnancies', 'Insulin']"
1314,rf_shap_list_ir_5,rf_shap_list_ir_5_subset_141,orderMean,"['Glucose', 'Age', 'BMI', 'DiabetesPedigreeFunction', 'Pregnancies', 'Insulin', 'BloodPressure', 'SkinThickness']"
1315,rf_shap_list_ir_5,rf_shap_list_ir_5_subset_141,orderStd,"['BMI', 'Glucose', 'Age', 'DiabetesPedigreeFunction', 'Insulin', 'BloodPressure', 'Pregnancies', 'SkinThickness']"
1316,rf_shap_list_ir_5,rf_shap_list_ir_5_subset_141,orderSum,"['Glucose', 'Age', 'BMI', 'DiabetesPedigreeFunction', 'Pregnancies', 'Insulin', 'BloodPressure', 'SkinThickness']"
1317,rf_shap_list_ir_4,rf_shap_list_ir_4_subset_130,orderMean,"['Glucose', 'BMI', 'DiabetesPedigreeFunction', 'Age', 'Pregnancies', 'BloodPressure', 'SkinThickness', 'Insulin']"
1318,rf_shap_list_ir_4,rf_shap_list_ir_4_subset_130,orderStd,"['BMI', 'Glucose', 'Age', 'DiabetesPedigreeFunction', 'Pregnancies', 'BloodPressure', 'Insulin', 'SkinThickness']"
1319,rf_shap_list_ir_4,rf_shap_list_ir_4_subset_130,orderSum,"['Glucose', 'BMI', 'DiabetesPedigreeFunction', 'Age', 'Pregnancies', 'BloodPressure', 'SkinThickness', 'Insulin']"
1320,rf_shap_list_ir_2,rf_shap_list_ir_2_subset_99,orderMean,"['Glucose', 'Age', 'BMI', 'DiabetesPedigreeFunction', 'SkinThickness', 'BloodPressure', 'Pregnancies', 'Insulin']"
1321,rf_shap_list_ir_2,rf_shap_list_ir_2_subset_99,orderStd,"['Glucose', 'BMI', 'Age', 'DiabetesPedigreeFunction', 'SkinThickness', 'BloodPressure', 'Pregnancies', 'Insulin']"
1322,rf_shap_list_ir_2,rf_shap_list_ir_2_subset_99,orderSum,"['Glucose', 'Age', 'BMI', 'DiabetesPedigreeFunction', 'SkinThickness', 'BloodPressure', 'Pregnancies', 'Insulin']"
1323,rf_shap_list_ir_5,rf_shap_list_ir_5_subset_130,orderMean,"['Glucose', 'BMI', 'Age', 'Pregnancies', 'DiabetesPedigreeFunction', 'BloodPressure', 'SkinThickness', 'Insulin']"
1324,rf_shap_list_ir_5,rf_shap_list_ir_5_subset_130,orderStd,"['BMI', 'Glucose', 'Age', 'DiabetesPedigreeFunction', 'BloodPressure', 'Insulin', 'SkinThickness', 'Pregnancies']"
1325,rf_shap_list_ir_5,rf_shap_list_ir_5_subset_130,orderSum,"['Glucose', 'BMI', 'Age', 'Pregnancies', 'DiabetesPedigreeFunction', 'BloodPressure', 'SkinThickness', 'Insulin']"
1326,rf_shap_list_ir_3,rf_shap_list_ir_3_subset_39,orderMean,"['Glucose', 'Age', 'BMI', 'DiabetesPedigreeFunction', 'BloodPressure', 'Insulin', 'SkinThickness', 'Pregnancies']"
1327,rf_shap_list_ir_3,rf_shap_list_ir_3_subset_39,orderStd,"['Age', 'Glucose', 'BMI', 'DiabetesPedigreeFunction', 'BloodPressure', 'Pregnancies', 'Insulin', 'SkinThickness']"
1328,rf_shap_list_ir_3,rf_shap_list_ir_3_subset_39,orderSum,"['Glucose', 'Age', 'BMI', 'DiabetesPedigreeFunction', 'BloodPressure', 'Insulin', 'SkinThickness', 'Pregnancies']"
1329,rf_shap_list_ir_4,rf_shap_list_ir_4_subset_12,orderMean,"['Glucose', 'Age', 'BMI', 'Pregnancies', 'DiabetesPedigreeFunction', 'BloodPressure', 'SkinThickness', 'Insulin']"
1330,rf_shap_list_ir_4,rf_shap_list_ir_4_subset_12,orderStd,"['Glucose', 'BMI', 'Age', 'DiabetesPedigreeFunction', 'Pregnancies', 'BloodPressure', 'Insulin', 'SkinThickness']"
1331,rf_shap_list_ir_4,rf_shap_list_ir_4_subset_12,orderSum,"['Glucose', 'Age', 'BMI', 'Pregnancies', 'DiabetesPedigreeFunction', 'BloodPressure', 'SkinThickness', 'Insulin']"
1332,rf_shap_list_ir_1,rf_shap_list_ir_1_subset_36,orderMean,"['Glucose', 'Age', 'BMI', 'DiabetesPedigreeFunction', 'BloodPressure', 'Pregnancies', 'SkinThickness', 'Insulin']"
1333,rf_shap_list_ir_1,rf_shap_list_ir_1_subset_36,orderStd,"['Glucose', 'Age', 'BMI', 'DiabetesPedigreeFunction', 'BloodPressure', 'Pregnancies', 'SkinThickness', 'Insulin']"
1334,rf_shap_list_ir_1,rf_shap_list_ir_1_subset_36,orderSum,"['Glucose', 'Age', 'BMI', 'DiabetesPedigreeFunction', 'BloodPressure', 'Pregnancies', 'SkinThickness', 'Insulin']"
1335,rf_shap_list_ir_1,rf_shap_list_ir_1_subset_40,orderMean,"['Glucose', 'DiabetesPedigreeFunction', 'Pregnancies', 'BMI', 'BloodPressure', 'Age', 'SkinThickness', 'Insulin']"
1336,rf_shap_list_ir_1,rf_shap_list_ir_1_subset_40,orderStd,"['Glucose', 'DiabetesPedigreeFunction', 'BloodPressure', 'Pregnancies', 'BMI', 'SkinThickness', 'Age', 'Insulin']"
1337,rf_shap_list_ir_1,rf_shap_list_ir_1_subset_40,orderSum,"['Glucose', 'DiabetesPedigreeFunction', 'Pregnancies', 'BMI', 'BloodPressure', 'Age', 'SkinThickness', 'Insulin']"
1338,rf_shap_list_ir_5,rf_shap_list_ir_5_subset_22,orderMean,"['Glucose', 'BMI', 'Age', 'DiabetesPedigreeFunction', 'BloodPressure', 'Insulin', 'SkinThickness', 'Pregnancies']"
1339,rf_shap_list_ir_5,rf_shap_list_ir_5_subset_22,orderStd,"['Glucose', 'BMI', 'Age', 'DiabetesPedigreeFunction', 'Insulin', 'BloodPressure', 'SkinThickness', 'Pregnancies']"
1340,rf_shap_list_ir_5,rf_shap_list_ir_5_subset_22,orderSum,"['Glucose', 'BMI', 'Age', 'DiabetesPedigreeFunction', 'BloodPressure', 'Insulin', 'SkinThickness', 'Pregnancies']"
1341,rf_shap_list_ir_3,rf_shap_list_ir_3_subset_129,orderMean,"['BMI', 'Glucose', 'DiabetesPedigreeFunction', 'Age', 'SkinThickness', 'BloodPressure', 'Pregnancies', 'Insulin']"
1342,rf_shap_list_ir_3,rf_shap_list_ir_3_subset_129,orderStd,"['BMI', 'Glucose', 'DiabetesPedigreeFunction', 'Age', 'SkinThickness', 'BloodPressure', 'Insulin', 'Pregnancies']"
1343,rf_shap_list_ir_3,rf_shap_list_ir_3_subset_129,orderSum,"['BMI', 'Glucose', 'DiabetesPedigreeFunction', 'Age', 'SkinThickness', 'BloodPressure', 'Pregnancies', 'Insulin']"
1344,rf_shap_list_ir_2,rf_shap_list_ir_2_subset_101,orderMean,"['Glucose', 'BMI', 'Age', 'Pregnancies', 'DiabetesPedigreeFunction', 'BloodPressure', 'SkinThickness', 'Insulin']"
1345,rf_shap_list_ir_2,rf_shap_list_ir_2_subset_101,orderStd,"['Glucose', 'BMI', 'Age', 'DiabetesPedigreeFunction', 'Pregnancies', 'Insulin', 'SkinThickness', 'BloodPressure']"
1346,rf_shap_list_ir_2,rf_shap_list_ir_2_subset_101,orderSum,"['Glucose', 'BMI', 'Age', 'Pregnancies', 'DiabetesPedigreeFunction', 'BloodPressure', 'SkinThickness', 'Insulin']"
1347,rf_shap_list_ir_3,rf_shap_list_ir_3_subset_4,orderMean,"['Glucose', 'BMI', 'Age', 'DiabetesPedigreeFunction', 'BloodPressure', 'Pregnancies', 'SkinThickness', 'Insulin']"
1348,rf_shap_list_ir_3,rf_shap_list_ir_3_subset_4,orderStd,"['Glucose', 'BMI', 'DiabetesPedigreeFunction', 'Age', 'BloodPressure', 'Insulin', 'Pregnancies', 'SkinThickness']"
1349,rf_shap_list_ir_3,rf_shap_list_ir_3_subset_4,orderSum,"['Glucose', 'BMI', 'Age', 'DiabetesPedigreeFunction', 'BloodPressure', 'Pregnancies', 'SkinThickness', 'Insulin']"
1350,rf_shap_list_ir_3,rf_shap_list_ir_3_subset_107,orderMean,"['Glucose', 'BMI', 'Age', 'Pregnancies', 'DiabetesPedigreeFunction', 'BloodPressure', 'SkinThickness', 'Insulin']"
1351,rf_shap_list_ir_3,rf_shap_list_ir_3_subset_107,orderStd,"['Glucose', 'BMI', 'Age', 'DiabetesPedigreeFunction', 'Insulin', 'Pregnancies', 'BloodPressure', 'SkinThickness']"
1352,rf_shap_list_ir_3,rf_shap_list_ir_3_subset_107,orderSum,"['Glucose', 'BMI', 'Age', 'Pregnancies', 'DiabetesPedigreeFunction', 'BloodPressure', 'SkinThickness', 'Insulin']"
1353,rf_shap_list_ir_5,rf_shap_list_ir_5_subset_83,orderMean,"['Glucose', 'Age', 'BMI', 'DiabetesPedigreeFunction', 'Pregnancies', 'Insulin', 'BloodPressure', 'SkinThickness']"
1354,rf_shap_list_ir_5,rf_shap_list_ir_5_subset_83,orderStd,"['Glucose', 'BMI', 'Age', 'DiabetesPedigreeFunction', 'Pregnancies', 'Insulin', 'BloodPressure', 'SkinThickness']"
1355,rf_shap_list_ir_5,rf_shap_list_ir_5_subset_83,orderSum,"['Glucose', 'Age', 'BMI', 'DiabetesPedigreeFunction', 'Pregnancies', 'Insulin', 'BloodPressure', 'SkinThickness']"
1356,rf_shap_list_ir_5,rf_shap_list_ir_5_subset_94,orderMean,"['Glucose', 'Age', 'BMI', 'DiabetesPedigreeFunction', 'SkinThickness', 'BloodPressure', 'Pregnancies', 'Insulin']"
1357,rf_shap_list_ir_5,rf_shap_list_ir_5_subset_94,orderStd,"['Glucose', 'BMI', 'DiabetesPedigreeFunction', 'Age', 'SkinThickness', 'Insulin', 'BloodPressure', 'Pregnancies']"
1358,rf_shap_list_ir_5,rf_shap_list_ir_5_subset_94,orderSum,"['Glucose', 'Age', 'BMI', 'DiabetesPedigreeFunction', 'SkinThickness', 'BloodPressure', 'Pregnancies', 'Insulin']"
1359,rf_shap_list_ir_3,rf_shap_list_ir_3_subset_74,orderMean,"['Glucose', 'BMI', 'Age', 'Pregnancies', 'DiabetesPedigreeFunction', 'BloodPressure', 'SkinThickness', 'Insulin']"
1360,rf_shap_list_ir_3,rf_shap_list_ir_3_subset_74,orderStd,"['Glucose', 'BMI', 'Age', 'DiabetesPedigreeFunction', 'SkinThickness', 'BloodPressure', 'Pregnancies', 'Insulin']"
1361,rf_shap_list_ir_3,rf_shap_list_ir_3_subset_74,orderSum,"['Glucose', 'BMI', 'Age', 'Pregnancies', 'DiabetesPedigreeFunction', 'BloodPressure', 'SkinThickness', 'Insulin']"
1362,rf_shap_list_ir_4,rf_shap_list_ir_4_subset_82,orderMean,"['Glucose', 'BMI', 'Age', 'DiabetesPedigreeFunction', 'BloodPressure', 'Pregnancies', 'SkinThickness', 'Insulin']"
1363,rf_shap_list_ir_4,rf_shap_list_ir_4_subset_82,orderStd,"['Age', 'Glucose', 'BMI', 'DiabetesPedigreeFunction', 'Insulin', 'SkinThickness', 'BloodPressure', 'Pregnancies']"
1364,rf_shap_list_ir_4,rf_shap_list_ir_4_subset_82,orderSum,"['Glucose', 'BMI', 'Age', 'DiabetesPedigreeFunction', 'BloodPressure', 'Pregnancies', 'SkinThickness', 'Insulin']"
1365,rf_shap_list_ir_1,rf_shap_list_ir_1_subset_14,orderMean,"['Glucose', 'BMI', 'SkinThickness', 'Insulin', 'Age', 'DiabetesPedigreeFunction', 'Pregnancies', 'BloodPressure']"
1366,rf_shap_list_ir_1,rf_shap_list_ir_1_subset_14,orderStd,"['Glucose', 'SkinThickness', 'BMI', 'Age', 'DiabetesPedigreeFunction', 'Insulin', 'BloodPressure', 'Pregnancies']"
1367,rf_shap_list_ir_1,rf_shap_list_ir_1_subset_14,orderSum,"['Glucose', 'BMI', 'SkinThickness', 'Insulin', 'Age', 'DiabetesPedigreeFunction', 'Pregnancies', 'BloodPressure']"
1368,rf_shap_list_ir_4,rf_shap_list_ir_4_subset_1,orderMean,"['Glucose', 'BMI', 'Age', 'Pregnancies', 'DiabetesPedigreeFunction', 'BloodPressure', 'SkinThickness', 'Insulin']"
1369,rf_shap_list_ir_4,rf_shap_list_ir_4_subset_1,orderStd,"['BMI', 'Glucose', 'Age', 'DiabetesPedigreeFunction', 'Pregnancies', 'Insulin', 'SkinThickness', 'BloodPressure']"
1370,rf_shap_list_ir_4,rf_shap_list_ir_4_subset_1,orderSum,"['Glucose', 'BMI', 'Age', 'Pregnancies', 'DiabetesPedigreeFunction', 'BloodPressure', 'SkinThickness', 'Insulin']"
1371,rf_shap_list_ir_4,rf_shap_list_ir_4_subset_22,orderMean,"['Glucose', 'BMI', 'Age', 'DiabetesPedigreeFunction', 'Pregnancies', 'SkinThickness', 'BloodPressure', 'Insulin']"
1372,rf_shap_list_ir_4,rf_shap_list_ir_4_subset_22,orderStd,"['Glucose', 'BMI', 'Age', 'DiabetesPedigreeFunction', 'Pregnancies', 'SkinThickness', 'Insulin', 'BloodPressure']"
1373,rf_shap_list_ir_4,rf_shap_list_ir_4_subset_22,orderSum,"['Glucose', 'BMI', 'Age', 'DiabetesPedigreeFunction', 'Pregnancies', 'SkinThickness', 'BloodPressure', 'Insulin']"
1374,rf_shap_list_ir_1,rf_shap_list_ir_1_subset_13,orderMean,"['Age', 'BloodPressure', 'DiabetesPedigreeFunction', 'BMI', 'Glucose', 'Pregnancies', 'SkinThickness', 'Insulin']"
1375,rf_shap_list_ir_1,rf_shap_list_ir_1_subset_13,orderStd,"['Age', 'DiabetesPedigreeFunction', 'BMI', 'BloodPressure', 'Glucose', 'Pregnancies', 'SkinThickness', 'Insulin']"
1376,rf_shap_list_ir_1,rf_shap_list_ir_1_subset_13,orderSum,"['Age', 'BloodPressure', 'DiabetesPedigreeFunction', 'BMI', 'Glucose', 'Pregnancies', 'SkinThickness', 'Insulin']"
1377,rf_shap_list_ir_1,rf_shap_list_ir_1_subset_148,orderMean,"['Glucose', 'Insulin', 'DiabetesPedigreeFunction', 'SkinThickness', 'BMI', 'BloodPressure', 'Age', 'Pregnancies']"
1378,rf_shap_list_ir_1,rf_shap_list_ir_1_subset_148,orderStd,"['Glucose', 'SkinThickness', 'BMI', 'DiabetesPedigreeFunction', 'Insulin', 'BloodPressure', 'Age', 'Pregnancies']"
1379,rf_shap_list_ir_1,rf_shap_list_ir_1_subset_148,orderSum,"['Glucose', 'Insulin', 'DiabetesPedigreeFunction', 'SkinThickness', 'BMI', 'BloodPressure', 'Age', 'Pregnancies']"
1380,rf_shap_list_ir_1,rf_shap_list_ir_1_subset_81,orderMean,"['BMI', 'Age', 'Glucose', 'DiabetesPedigreeFunction', 'BloodPressure', 'Pregnancies', 'SkinThickness', 'Insulin']"
1381,rf_shap_list_ir_1,rf_shap_list_ir_1_subset_81,orderStd,"['BMI', 'DiabetesPedigreeFunction', 'Age', 'BloodPressure', 'Glucose', 'Insulin', 'Pregnancies', 'SkinThickness']"
1382,rf_shap_list_ir_1,rf_shap_list_ir_1_subset_81,orderSum,"['BMI', 'Age', 'Glucose', 'DiabetesPedigreeFunction', 'BloodPressure', 'Pregnancies', 'SkinThickness', 'Insulin']"
1383,rf_shap_list_ir_1,rf_shap_list_ir_1_subset_87,orderMean,"['Glucose', 'Age', 'BMI', 'DiabetesPedigreeFunction', 'BloodPressure', 'SkinThickness', 'Pregnancies', 'Insulin']"
1384,rf_shap_list_ir_1,rf_shap_list_ir_1_subset_87,orderStd,"['Glucose', 'Age', 'BMI', 'Pregnancies', 'DiabetesPedigreeFunction', 'SkinThickness', 'BloodPressure', 'Insulin']"
1385,rf_shap_list_ir_1,rf_shap_list_ir_1_subset_87,orderSum,"['Glucose', 'Age', 'BMI', 'DiabetesPedigreeFunction', 'BloodPressure', 'SkinThickness', 'Pregnancies', 'Insulin']"
1386,rf_shap_list_ir_1,rf_shap_list_ir_1_subset_155,orderMean,"['BMI', 'Glucose', 'Age', 'Pregnancies', 'DiabetesPedigreeFunction', 'BloodPressure', 'Insulin', 'SkinThickness']"
1387,rf_shap_list_ir_1,rf_shap_list_ir_1_subset_155,orderStd,"['BMI', 'Age', 'Glucose', 'Pregnancies', 'DiabetesPedigreeFunction', 'BloodPressure', 'Insulin', 'SkinThickness']"
1388,rf_shap_list_ir_1,rf_shap_list_ir_1_subset_155,orderSum,"['BMI', 'Glucose', 'Age', 'Pregnancies', 'DiabetesPedigreeFunction', 'BloodPressure', 'Insulin', 'SkinThickness']"
1389,rf_shap_list_ir_2,rf_shap_list_ir_2_subset_148,orderMean,"['BMI', 'Glucose', 'DiabetesPedigreeFunction', 'BloodPressure', 'Age', 'SkinThickness', 'Insulin', 'Pregnancies']"
1390,rf_shap_list_ir_2,rf_shap_list_ir_2_subset_148,orderStd,"['BMI', 'Glucose', 'Insulin', 'BloodPressure', 'DiabetesPedigreeFunction', 'Age', 'Pregnancies', 'SkinThickness']"
1391,rf_shap_list_ir_2,rf_shap_list_ir_2_subset_148,orderSum,"['BMI', 'Glucose', 'DiabetesPedigreeFunction', 'BloodPressure', 'Age', 'SkinThickness', 'Insulin', 'Pregnancies']"
1392,rf_shap_list_ir_4,rf_shap_list_ir_4_subset_73,orderMean,"['Glucose', 'BMI', 'Age', 'Pregnancies', 'DiabetesPedigreeFunction', 'Insulin', 'BloodPressure', 'SkinThickness']"
1393,rf_shap_list_ir_4,rf_shap_list_ir_4_subset_73,orderStd,"['BMI', 'Glucose', 'Age', 'Pregnancies', 'DiabetesPedigreeFunction', 'Insulin', 'BloodPressure', 'SkinThickness']"
1394,rf_shap_list_ir_4,rf_shap_list_ir_4_subset_73,orderSum,"['Glucose', 'BMI', 'Age', 'Pregnancies', 'DiabetesPedigreeFunction', 'Insulin', 'BloodPressure', 'SkinThickness']"
1395,rf_shap_list_ir_1,rf_shap_list_ir_1_subset_91,orderMean,"['Glucose', 'Age', 'Pregnancies', 'BMI', 'SkinThickness', 'Insulin', 'DiabetesPedigreeFunction', 'BloodPressure']"
1396,rf_shap_list_ir_1,rf_shap_list_ir_1_subset_91,orderStd,"['Glucose', 'Age', 'Pregnancies', 'BloodPressure', 'BMI', 'Insulin', 'DiabetesPedigreeFunction', 'SkinThickness']"
1397,rf_shap_list_ir_1,rf_shap_list_ir_1_subset_91,orderSum,"['Glucose', 'Age', 'Pregnancies', 'BMI', 'SkinThickness', 'Insulin', 'DiabetesPedigreeFunction', 'BloodPressure']"
1398,rf_shap_list_ir_3,rf_shap_list_ir_3_subset_136,orderMean,"['Glucose', 'BMI', 'Pregnancies', 'DiabetesPedigreeFunction', 'Age', 'BloodPressure', 'SkinThickness', 'Insulin']"
1399,rf_shap_list_ir_3,rf_shap_list_ir_3_subset_136,orderStd,"['Glucose', 'BMI', 'Age', 'Pregnancies', 'DiabetesPedigreeFunction', 'BloodPressure', 'SkinThickness', 'Insulin']"
1400,rf_shap_list_ir_3,rf_shap_list_ir_3_subset_136,orderSum,"['Glucose', 'BMI', 'Pregnancies', 'DiabetesPedigreeFunction', 'Age', 'BloodPressure', 'SkinThickness', 'Insulin']"
1401,rf_shap_list_ir_2,rf_shap_list_ir_2_subset_120,orderMean,"['Glucose', 'BMI', 'Age', 'Pregnancies', 'DiabetesPedigreeFunction', 'BloodPressure', 'Insulin', 'SkinThickness']"
1402,rf_shap_list_ir_2,rf_shap_list_ir_2_subset_120,orderStd,"['Glucose', 'BMI', 'Age', 'Pregnancies', 'DiabetesPedigreeFunction', 'BloodPressure', 'Insulin', 'SkinThickness']"
1403,rf_shap_list_ir_2,rf_shap_list_ir_2_subset_120,orderSum,"['Glucose', 'BMI', 'Age', 'Pregnancies', 'DiabetesPedigreeFunction', 'BloodPressure', 'Insulin', 'SkinThickness']"
1404,rf_shap_list_ir_1,rf_shap_list_ir_1_subset_159,orderMean,"['Glucose', 'Age', 'SkinThickness', 'BMI', 'BloodPressure', 'DiabetesPedigreeFunction', 'Insulin', 'Pregnancies']"
1405,rf_shap_list_ir_1,rf_shap_list_ir_1_subset_159,orderStd,"['Glucose', 'Age', 'SkinThickness', 'Insulin', 'BMI', 'DiabetesPedigreeFunction', 'Pregnancies', 'BloodPressure']"
1406,rf_shap_list_ir_1,rf_shap_list_ir_1_subset_159,orderSum,"['Glucose', 'Age', 'SkinThickness', 'BMI', 'BloodPressure', 'DiabetesPedigreeFunction', 'Insulin', 'Pregnancies']"
1407,rf_shap_list_ir_1,rf_shap_list_ir_1_subset_82,orderMean,"['Glucose', 'Age', 'BMI', 'Pregnancies', 'BloodPressure', 'DiabetesPedigreeFunction', 'SkinThickness', 'Insulin']"
1408,rf_shap_list_ir_1,rf_shap_list_ir_1_subset_82,orderStd,"['Glucose', 'Age', 'Pregnancies', 'BMI', 'BloodPressure', 'DiabetesPedigreeFunction', 'SkinThickness', 'Insulin']"
1409,rf_shap_list_ir_1,rf_shap_list_ir_1_subset_82,orderSum,"['Glucose', 'Age', 'BMI', 'Pregnancies', 'BloodPressure', 'DiabetesPedigreeFunction', 'SkinThickness', 'Insulin']"
1410,rf_shap_list_ir_2,rf_shap_list_ir_2_subset_54,orderMean,"['BMI', 'Glucose', 'Age', 'DiabetesPedigreeFunction', 'BloodPressure', 'Pregnancies', 'SkinThickness', 'Insulin']"
1411,rf_shap_list_ir_2,rf_shap_list_ir_2_subset_54,orderStd,"['BMI', 'Glucose', 'Age', 'DiabetesPedigreeFunction', 'BloodPressure', 'Pregnancies', 'SkinThickness', 'Insulin']"
1412,rf_shap_list_ir_2,rf_shap_list_ir_2_subset_54,orderSum,"['BMI', 'Glucose', 'Age', 'DiabetesPedigreeFunction', 'BloodPressure', 'Pregnancies', 'SkinThickness', 'Insulin']"
1413,rf_shap_list_ir_3,rf_shap_list_ir_3_subset_21,orderMean,"['Glucose', 'BMI', 'Age', 'DiabetesPedigreeFunction', 'SkinThickness', 'Pregnancies', 'BloodPressure', 'Insulin']"
1414,rf_shap_list_ir_3,rf_shap_list_ir_3_subset_21,orderStd,"['BMI', 'Glucose', 'Age', 'DiabetesPedigreeFunction', 'Pregnancies', 'SkinThickness', 'BloodPressure', 'Insulin']"
1415,rf_shap_list_ir_3,rf_shap_list_ir_3_subset_21,orderSum,"['Glucose', 'BMI', 'Age', 'DiabetesPedigreeFunction', 'SkinThickness', 'Pregnancies', 'BloodPressure', 'Insulin']"
1416,rf_shap_list_ir_5,rf_shap_list_ir_5_subset_150,orderMean,"['Glucose', 'BMI', 'Age', 'DiabetesPedigreeFunction', 'Pregnancies', 'BloodPressure', 'SkinThickness', 'Insulin']"
1417,rf_shap_list_ir_5,rf_shap_list_ir_5_subset_150,orderStd,"['Glucose', 'BMI', 'Age', 'DiabetesPedigreeFunction', 'Pregnancies', 'Insulin', 'BloodPressure', 'SkinThickness']"
1418,rf_shap_list_ir_5,rf_shap_list_ir_5_subset_150,orderSum,"['Glucose', 'BMI', 'Age', 'DiabetesPedigreeFunction', 'Pregnancies', 'BloodPressure', 'SkinThickness', 'Insulin']"
1419,rf_shap_list_ir_4,rf_shap_list_ir_4_subset_118,orderMean,"['Glucose', 'Age', 'BMI', 'DiabetesPedigreeFunction', 'Pregnancies', 'BloodPressure', 'Insulin', 'SkinThickness']"
1420,rf_shap_list_ir_4,rf_shap_list_ir_4_subset_118,orderStd,"['Glucose', 'BMI', 'Age', 'DiabetesPedigreeFunction', 'Pregnancies', 'BloodPressure', 'Insulin', 'SkinThickness']"
1421,rf_shap_list_ir_4,rf_shap_list_ir_4_subset_118,orderSum,"['Glucose', 'Age', 'BMI', 'DiabetesPedigreeFunction', 'Pregnancies', 'BloodPressure', 'Insulin', 'SkinThickness']"
1422,rf_shap_list_ir_5,rf_shap_list_ir_5_subset_136,orderMean,"['Glucose', 'BMI', 'DiabetesPedigreeFunction', 'Age', 'Pregnancies', 'Insulin', 'BloodPressure', 'SkinThickness']"
1423,rf_shap_list_ir_5,rf_shap_list_ir_5_subset_136,orderStd,"['BMI', 'Glucose', 'DiabetesPedigreeFunction', 'Age', 'Insulin', 'Pregnancies', 'BloodPressure', 'SkinThickness']"
1424,rf_shap_list_ir_5,rf_shap_list_ir_5_subset_136,orderSum,"['Glucose', 'BMI', 'DiabetesPedigreeFunction', 'Age', 'Pregnancies', 'Insulin', 'BloodPressure', 'SkinThickness']"
1425,rf_shap_list_ir_1,rf_shap_list_ir_1_subset_71,orderMean,"['Age', 'Glucose', 'BMI', 'SkinThickness', 'BloodPressure', 'DiabetesPedigreeFunction', 'Pregnancies', 'Insulin']"
1426,rf_shap_list_ir_1,rf_shap_list_ir_1_subset_71,orderStd,"['SkinThickness', 'Age', 'BMI', 'Glucose', 'Pregnancies', 'BloodPressure', 'DiabetesPedigreeFunction', 'Insulin']"
1427,rf_shap_list_ir_1,rf_shap_list_ir_1_subset_71,orderSum,"['Age', 'Glucose', 'BMI', 'SkinThickness', 'BloodPressure', 'DiabetesPedigreeFunction', 'Pregnancies', 'Insulin']"
1428,rf_shap_list_ir_5,rf_shap_list_ir_5_subset_152,orderMean,"['Glucose', 'BMI', 'Age', 'DiabetesPedigreeFunction', 'Pregnancies', 'BloodPressure', 'SkinThickness', 'Insulin']"
1429,rf_shap_list_ir_5,rf_shap_list_ir_5_subset_152,orderStd,"['Glucose', 'BMI', 'Age', 'DiabetesPedigreeFunction', 'BloodPressure', 'Pregnancies', 'SkinThickness', 'Insulin']"
1430,rf_shap_list_ir_5,rf_shap_list_ir_5_subset_152,orderSum,"['Glucose', 'BMI', 'Age', 'DiabetesPedigreeFunction', 'Pregnancies', 'BloodPressure', 'SkinThickness', 'Insulin']"
1431,rf_shap_list_ir_4,rf_shap_list_ir_4_subset_140,orderMean,"['Glucose', 'BMI', 'Age', 'DiabetesPedigreeFunction', 'BloodPressure', 'Pregnancies', 'Insulin', 'SkinThickness']"
1432,rf_shap_list_ir_4,rf_shap_list_ir_4_subset_140,orderStd,"['Glucose', 'BMI', 'DiabetesPedigreeFunction', 'Age', 'Insulin', 'BloodPressure', 'SkinThickness', 'Pregnancies']"
1433,rf_shap_list_ir_4,rf_shap_list_ir_4_subset_140,orderSum,"['Glucose', 'BMI', 'Age', 'DiabetesPedigreeFunction', 'BloodPressure', 'Pregnancies', 'Insulin', 'SkinThickness']"
1434,rf_shap_list_ir_2,rf_shap_list_ir_2_subset_51,orderMean,"['Glucose', 'BMI', 'DiabetesPedigreeFunction', 'Age', 'Pregnancies', 'BloodPressure', 'SkinThickness', 'Insulin']"
1435,rf_shap_list_ir_2,rf_shap_list_ir_2_subset_51,orderStd,"['Glucose', 'BMI', 'DiabetesPedigreeFunction', 'Pregnancies', 'Age', 'BloodPressure', 'Insulin', 'SkinThickness']"
1436,rf_shap_list_ir_2,rf_shap_list_ir_2_subset_51,orderSum,"['Glucose', 'BMI', 'DiabetesPedigreeFunction', 'Age', 'Pregnancies', 'BloodPressure', 'SkinThickness', 'Insulin']"
1437,rf_shap_list_ir_2,rf_shap_list_ir_2_subset_3,orderMean,"['Glucose', 'BMI', 'DiabetesPedigreeFunction', 'Age', 'BloodPressure', 'Pregnancies', 'SkinThickness', 'Insulin']"
1438,rf_shap_list_ir_2,rf_shap_list_ir_2_subset_3,orderStd,"['Glucose', 'BMI', 'Pregnancies', 'DiabetesPedigreeFunction', 'BloodPressure', 'Age', 'Insulin', 'SkinThickness']"
1439,rf_shap_list_ir_2,rf_shap_list_ir_2_subset_3,orderSum,"['Glucose', 'BMI', 'DiabetesPedigreeFunction', 'Age', 'BloodPressure', 'Pregnancies', 'SkinThickness', 'Insulin']"
1440,rf_shap_list_ir_5,rf_shap_list_ir_5_subset_124,orderMean,"['Glucose', 'BMI', 'DiabetesPedigreeFunction', 'Age', 'Pregnancies', 'Insulin', 'BloodPressure', 'SkinThickness']"
1441,rf_shap_list_ir_5,rf_shap_list_ir_5_subset_124,orderStd,"['BMI', 'Glucose', 'DiabetesPedigreeFunction', 'Age', 'Insulin', 'Pregnancies', 'BloodPressure', 'SkinThickness']"
1442,rf_shap_list_ir_5,rf_shap_list_ir_5_subset_124,orderSum,"['Glucose', 'BMI', 'DiabetesPedigreeFunction', 'Age', 'Pregnancies', 'Insulin', 'BloodPressure', 'SkinThickness']"
1443,rf_shap_list_ir_2,rf_shap_list_ir_2_subset_134,orderMean,"['Glucose', 'BMI', 'Age', 'DiabetesPedigreeFunction', 'Insulin', 'BloodPressure', 'Pregnancies', 'SkinThickness']"
1444,rf_shap_list_ir_2,rf_shap_list_ir_2_subset_134,orderStd,"['BMI', 'Glucose', 'Age', 'DiabetesPedigreeFunction', 'Insulin', 'BloodPressure', 'SkinThickness', 'Pregnancies']"
1445,rf_shap_list_ir_2,rf_shap_list_ir_2_subset_134,orderSum,"['Glucose', 'BMI', 'Age', 'DiabetesPedigreeFunction', 'Insulin', 'BloodPressure', 'Pregnancies', 'SkinThickness']"
1446,rf_shap_list_ir_3,rf_shap_list_ir_3_subset_139,orderMean,"['Glucose', 'BMI', 'DiabetesPedigreeFunction', 'Age', 'SkinThickness', 'BloodPressure', 'Pregnancies', 'Insulin']"
1447,rf_shap_list_ir_3,rf_shap_list_ir_3_subset_139,orderStd,"['BMI', 'Glucose', 'Age', 'DiabetesPedigreeFunction', 'BloodPressure', 'Insulin', 'SkinThickness', 'Pregnancies']"
1448,rf_shap_list_ir_3,rf_shap_list_ir_3_subset_139,orderSum,"['Glucose', 'BMI', 'DiabetesPedigreeFunction', 'Age', 'SkinThickness', 'BloodPressure', 'Pregnancies', 'Insulin']"
1449,rf_shap_list_ir_3,rf_shap_list_ir_3_subset_99,orderMean,"['Glucose', 'BMI', 'Age', 'DiabetesPedigreeFunction', 'Pregnancies', 'BloodPressure', 'SkinThickness', 'Insulin']"
1450,rf_shap_list_ir_3,rf_shap_list_ir_3_subset_99,orderStd,"['BMI', 'Glucose', 'DiabetesPedigreeFunction', 'Age', 'BloodPressure', 'Pregnancies', 'SkinThickness', 'Insulin']"
1451,rf_shap_list_ir_3,rf_shap_list_ir_3_subset_99,orderSum,"['Glucose', 'BMI', 'Age', 'DiabetesPedigreeFunction', 'Pregnancies', 'BloodPressure', 'SkinThickness', 'Insulin']"
1452,rf_shap_list_ir_5,rf_shap_list_ir_5_subset_147,orderMean,"['Glucose', 'BMI', 'Age', 'DiabetesPedigreeFunction', 'Pregnancies', 'Insulin', 'BloodPressure', 'SkinThickness']"
1453,rf_shap_list_ir_5,rf_shap_list_ir_5_subset_147,orderStd,"['Glucose', 'BMI', 'Age', 'DiabetesPedigreeFunction', 'Insulin', 'Pregnancies', 'BloodPressure', 'SkinThickness']"
1454,rf_shap_list_ir_5,rf_shap_list_ir_5_subset_147,orderSum,"['Glucose', 'BMI', 'Age', 'DiabetesPedigreeFunction', 'Pregnancies', 'Insulin', 'BloodPressure', 'SkinThickness']"
1455,rf_shap_list_ir_1,rf_shap_list_ir_1_subset_102,orderMean,"['Glucose', 'Age', 'BMI', 'DiabetesPedigreeFunction', 'BloodPressure', 'Pregnancies', 'Insulin', 'SkinThickness']"
1456,rf_shap_list_ir_1,rf_shap_list_ir_1_subset_102,orderStd,"['Glucose', 'Age', 'Insulin', 'BMI', 'DiabetesPedigreeFunction', 'Pregnancies', 'BloodPressure', 'SkinThickness']"
1457,rf_shap_list_ir_1,rf_shap_list_ir_1_subset_102,orderSum,"['Glucose', 'Age', 'BMI', 'DiabetesPedigreeFunction', 'BloodPressure', 'Pregnancies', 'Insulin', 'SkinThickness']"
1458,rf_shap_list_ir_1,rf_shap_list_ir_1_subset_132,orderMean,"['BMI', 'Age', 'DiabetesPedigreeFunction', 'SkinThickness', 'Glucose', 'Insulin', 'BloodPressure', 'Pregnancies']"
1459,rf_shap_list_ir_1,rf_shap_list_ir_1_subset_132,orderStd,"['Age', 'BMI', 'DiabetesPedigreeFunction', 'Insulin', 'BloodPressure', 'SkinThickness', 'Glucose', 'Pregnancies']"
1460,rf_shap_list_ir_1,rf_shap_list_ir_1_subset_132,orderSum,"['BMI', 'Age', 'DiabetesPedigreeFunction', 'SkinThickness', 'Glucose', 'Insulin', 'BloodPressure', 'Pregnancies']"
1461,rf_shap_list_ir_3,rf_shap_list_ir_3_subset_132,orderMean,"['Glucose', 'BMI', 'DiabetesPedigreeFunction', 'Age', 'BloodPressure', 'SkinThickness', 'Pregnancies', 'Insulin']"
1462,rf_shap_list_ir_3,rf_shap_list_ir_3_subset_132,orderStd,"['BMI', 'Glucose', 'DiabetesPedigreeFunction', 'Age', 'SkinThickness', 'BloodPressure', 'Insulin', 'Pregnancies']"
1463,rf_shap_list_ir_3,rf_shap_list_ir_3_subset_132,orderSum,"['Glucose', 'BMI', 'DiabetesPedigreeFunction', 'Age', 'BloodPressure', 'SkinThickness', 'Pregnancies', 'Insulin']"
1464,rf_shap_list_ir_4,rf_shap_list_ir_4_subset_145,orderMean,"['Glucose', 'BMI', 'DiabetesPedigreeFunction', 'Pregnancies', 'Age', 'BloodPressure', 'Insulin', 'SkinThickness']"
1465,rf_shap_list_ir_4,rf_shap_list_ir_4_subset_145,orderStd,"['Glucose', 'BMI', 'Age', 'BloodPressure', 'DiabetesPedigreeFunction', 'Pregnancies', 'Insulin', 'SkinThickness']"
1466,rf_shap_list_ir_4,rf_shap_list_ir_4_subset_145,orderSum,"['Glucose', 'BMI', 'DiabetesPedigreeFunction', 'Pregnancies', 'Age', 'BloodPressure', 'Insulin', 'SkinThickness']"
1467,rf_shap_list_ir_4,rf_shap_list_ir_4_subset_7,orderMean,"['Glucose', 'BMI', 'DiabetesPedigreeFunction', 'Age', 'SkinThickness', 'Insulin', 'BloodPressure', 'Pregnancies']"
1468,rf_shap_list_ir_4,rf_shap_list_ir_4_subset_7,orderStd,"['Glucose', 'BMI', 'DiabetesPedigreeFunction', 'Age', 'SkinThickness', 'Insulin', 'BloodPressure', 'Pregnancies']"
1469,rf_shap_list_ir_4,rf_shap_list_ir_4_subset_7,orderSum,"['Glucose', 'BMI', 'DiabetesPedigreeFunction', 'Age', 'SkinThickness', 'Insulin', 'BloodPressure', 'Pregnancies']"
1470,rf_shap_list_ir_2,rf_shap_list_ir_2_subset_70,orderMean,"['Glucose', 'BMI', 'DiabetesPedigreeFunction', 'BloodPressure', 'Pregnancies', 'Age', 'Insulin', 'SkinThickness']"
1471,rf_shap_list_ir_2,rf_shap_list_ir_2_subset_70,orderStd,"['Glucose', 'BMI', 'DiabetesPedigreeFunction', 'BloodPressure', 'Pregnancies', 'Age', 'SkinThickness', 'Insulin']"
1472,rf_shap_list_ir_2,rf_shap_list_ir_2_subset_70,orderSum,"['Glucose', 'BMI', 'DiabetesPedigreeFunction', 'BloodPressure', 'Pregnancies', 'Age', 'Insulin', 'SkinThickness']"
1473,rf_shap_list_ir_3,rf_shap_list_ir_3_subset_3,orderMean,"['Glucose', 'BMI', 'Age', 'DiabetesPedigreeFunction', 'Pregnancies', 'BloodPressure', 'Insulin', 'SkinThickness']"
1474,rf_shap_list_ir_3,rf_shap_list_ir_3_subset_3,orderStd,"['Glucose', 'BMI', 'Age', 'DiabetesPedigreeFunction', 'Insulin', 'BloodPressure', 'SkinThickness', 'Pregnancies']"
1475,rf_shap_list_ir_3,rf_shap_list_ir_3_subset_3,orderSum,"['Glucose', 'BMI', 'Age', 'DiabetesPedigreeFunction', 'Pregnancies', 'BloodPressure', 'Insulin', 'SkinThickness']"
1476,rf_shap_list_ir_3,rf_shap_list_ir_3_subset_33,orderMean,"['Glucose', 'Age', 'BMI', 'DiabetesPedigreeFunction', 'Pregnancies', 'BloodPressure', 'Insulin', 'SkinThickness']"
1477,rf_shap_list_ir_3,rf_shap_list_ir_3_subset_33,orderStd,"['BMI', 'Glucose', 'Age', 'DiabetesPedigreeFunction', 'Insulin', 'SkinThickness', 'Pregnancies', 'BloodPressure']"
1478,rf_shap_list_ir_3,rf_shap_list_ir_3_subset_33,orderSum,"['Glucose', 'Age', 'BMI', 'DiabetesPedigreeFunction', 'Pregnancies', 'BloodPressure', 'Insulin', 'SkinThickness']"
1479,rf_shap_list_ir_4,rf_shap_list_ir_4_subset_111,orderMean,"['Glucose', 'Age', 'BMI', 'DiabetesPedigreeFunction', 'Pregnancies', 'BloodPressure', 'Insulin', 'SkinThickness']"
1480,rf_shap_list_ir_4,rf_shap_list_ir_4_subset_111,orderStd,"['Glucose', 'BMI', 'Age', 'DiabetesPedigreeFunction', 'Pregnancies', 'BloodPressure', 'Insulin', 'SkinThickness']"
1481,rf_shap_list_ir_4,rf_shap_list_ir_4_subset_111,orderSum,"['Glucose', 'Age', 'BMI', 'DiabetesPedigreeFunction', 'Pregnancies', 'BloodPressure', 'Insulin', 'SkinThickness']"
1482,rf_shap_list_ir_2,rf_shap_list_ir_2_subset_98,orderMean,"['Glucose', 'BMI', 'Age', 'BloodPressure', 'DiabetesPedigreeFunction', 'Pregnancies', 'SkinThickness', 'Insulin']"
1483,rf_shap_list_ir_2,rf_shap_list_ir_2_subset_98,orderStd,"['Glucose', 'BMI', 'Age', 'DiabetesPedigreeFunction', 'BloodPressure', 'Pregnancies', 'Insulin', 'SkinThickness']"
1484,rf_shap_list_ir_2,rf_shap_list_ir_2_subset_98,orderSum,"['Glucose', 'BMI', 'Age', 'BloodPressure', 'DiabetesPedigreeFunction', 'Pregnancies', 'SkinThickness', 'Insulin']"
1485,rf_shap_list_ir_5,rf_shap_list_ir_5_subset_153,orderMean,"['Glucose', 'BMI', 'Age', 'DiabetesPedigreeFunction', 'Pregnancies', 'Insulin', 'SkinThickness', 'BloodPressure']"
1486,rf_shap_list_ir_5,rf_shap_list_ir_5_subset_153,orderStd,"['Glucose', 'BMI', 'Age', 'DiabetesPedigreeFunction', 'Insulin', 'Pregnancies', 'BloodPressure', 'SkinThickness']"
1487,rf_shap_list_ir_5,rf_shap_list_ir_5_subset_153,orderSum,"['Glucose', 'BMI', 'Age', 'DiabetesPedigreeFunction', 'Pregnancies', 'Insulin', 'SkinThickness', 'BloodPressure']"
1488,rf_shap_list_ir_5,rf_shap_list_ir_5_subset_89,orderMean,"['Glucose', 'Age', 'BMI', 'DiabetesPedigreeFunction', 'Pregnancies', 'BloodPressure', 'SkinThickness', 'Insulin']"
1489,rf_shap_list_ir_5,rf_shap_list_ir_5_subset_89,orderStd,"['Glucose', 'BMI', 'Age', 'DiabetesPedigreeFunction', 'Pregnancies', 'BloodPressure', 'Insulin', 'SkinThickness']"
1490,rf_shap_list_ir_5,rf_shap_list_ir_5_subset_89,orderSum,"['Glucose', 'Age', 'BMI', 'DiabetesPedigreeFunction', 'Pregnancies', 'BloodPressure', 'SkinThickness', 'Insulin']"
1491,rf_shap_list_ir_1,rf_shap_list_ir_1_subset_46,orderMean,"['Glucose', 'BMI', 'DiabetesPedigreeFunction', 'Pregnancies', 'Age', 'BloodPressure', 'SkinThickness', 'Insulin']"
1492,rf_shap_list_ir_1,rf_shap_list_ir_1_subset_46,orderStd,"['BMI', 'Glucose', 'DiabetesPedigreeFunction', 'Age', 'Insulin', 'Pregnancies', 'SkinThickness', 'BloodPressure']"
1493,rf_shap_list_ir_1,rf_shap_list_ir_1_subset_46,orderSum,"['Glucose', 'BMI', 'DiabetesPedigreeFunction', 'Pregnancies', 'Age', 'BloodPressure', 'SkinThickness', 'Insulin']"
1494,rf_shap_list_ir_4,rf_shap_list_ir_4_subset_135,orderMean,"['Glucose', 'BMI', 'Age', 'DiabetesPedigreeFunction', 'Pregnancies', 'BloodPressure', 'SkinThickness', 'Insulin']"
1495,rf_shap_list_ir_4,rf_shap_list_ir_4_subset_135,orderStd,"['BMI', 'Glucose', 'Age', 'SkinThickness', 'DiabetesPedigreeFunction', 'Insulin', 'Pregnancies', 'BloodPressure']"
1496,rf_shap_list_ir_4,rf_shap_list_ir_4_subset_135,orderSum,"['Glucose', 'BMI', 'Age', 'DiabetesPedigreeFunction', 'Pregnancies', 'BloodPressure', 'SkinThickness', 'Insulin']"
1497,rf_shap_list_ir_3,rf_shap_list_ir_3_subset_42,orderMean,"['Glucose', 'BMI', 'DiabetesPedigreeFunction', 'Age', 'Insulin', 'Pregnancies', 'SkinThickness', 'BloodPressure']"
1498,rf_shap_list_ir_3,rf_shap_list_ir_3_subset_42,orderStd,"['Glucose', 'BMI', 'DiabetesPedigreeFunction', 'Age', 'Insulin', 'Pregnancies', 'BloodPressure', 'SkinThickness']"
1499,rf_shap_list_ir_3,rf_shap_list_ir_3_subset_42,orderSum,"['Glucose', 'BMI', 'DiabetesPedigreeFunction', 'Age', 'Insulin', 'Pregnancies', 'SkinThickness', 'BloodPressure']"
1500,rf_shap_list_ir_3,rf_shap_list_ir_3_subset_62,orderMean,"['Glucose', 'BMI', 'Age', 'DiabetesPedigreeFunction', 'Pregnancies', 'BloodPressure', 'SkinThickness', 'Insulin']"
1501,rf_shap_list_ir_3,rf_shap_list_ir_3_subset_62,orderStd,"['Glucose', 'BMI', 'Age', 'DiabetesPedigreeFunction', 'BloodPressure', 'Pregnancies', 'SkinThickness', 'Insulin']"
1502,rf_shap_list_ir_3,rf_shap_list_ir_3_subset_62,orderSum,"['Glucose', 'BMI', 'Age', 'DiabetesPedigreeFunction', 'Pregnancies', 'BloodPressure', 'SkinThickness', 'Insulin']"
1503,rf_shap_list_ir_2,rf_shap_list_ir_2_subset_12,orderMean,"['Glucose', 'Age', 'BMI', 'DiabetesPedigreeFunction', 'Insulin', 'Pregnancies', 'SkinThickness', 'BloodPressure']"
1504,rf_shap_list_ir_2,rf_shap_list_ir_2_subset_12,orderStd,"['Glucose', 'Age', 'BMI', 'DiabetesPedigreeFunction', 'BloodPressure', 'Insulin', 'Pregnancies', 'SkinThickness']"
1505,rf_shap_list_ir_2,rf_shap_list_ir_2_subset_12,orderSum,"['Glucose', 'Age', 'BMI', 'DiabetesPedigreeFunction', 'Insulin', 'Pregnancies', 'SkinThickness', 'BloodPressure']"
1506,rf_shap_list_ir_5,rf_shap_list_ir_5_subset_125,orderMean,"['Glucose', 'BMI', 'Age', 'Pregnancies', 'DiabetesPedigreeFunction', 'BloodPressure', 'Insulin', 'SkinThickness']"
1507,rf_shap_list_ir_5,rf_shap_list_ir_5_subset_125,orderStd,"['Glucose', 'BMI', 'Age', 'Pregnancies', 'DiabetesPedigreeFunction', 'Insulin', 'BloodPressure', 'SkinThickness']"
1508,rf_shap_list_ir_5,rf_shap_list_ir_5_subset_125,orderSum,"['Glucose', 'BMI', 'Age', 'Pregnancies', 'DiabetesPedigreeFunction', 'BloodPressure', 'Insulin', 'SkinThickness']"
1509,rf_shap_list_ir_4,rf_shap_list_ir_4_subset_47,orderMean,"['Glucose', 'BMI', 'DiabetesPedigreeFunction', 'Age', 'Pregnancies', 'Insulin', 'SkinThickness', 'BloodPressure']"
1510,rf_shap_list_ir_4,rf_shap_list_ir_4_subset_47,orderStd,"['BMI', 'Glucose', 'DiabetesPedigreeFunction', 'Pregnancies', 'Age', 'Insulin', 'BloodPressure', 'SkinThickness']"
1511,rf_shap_list_ir_4,rf_shap_list_ir_4_subset_47,orderSum,"['Glucose', 'BMI', 'DiabetesPedigreeFunction', 'Age', 'Pregnancies', 'Insulin', 'SkinThickness', 'BloodPressure']"
1512,rf_shap_list_ir_2,rf_shap_list_ir_2_subset_47,orderMean,"['Glucose', 'BMI', 'DiabetesPedigreeFunction', 'BloodPressure', 'Pregnancies', 'Age', 'SkinThickness', 'Insulin']"
1513,rf_shap_list_ir_2,rf_shap_list_ir_2_subset_47,orderStd,"['Glucose', 'DiabetesPedigreeFunction', 'BMI', 'BloodPressure', 'Age', 'Insulin', 'SkinThickness', 'Pregnancies']"
1514,rf_shap_list_ir_2,rf_shap_list_ir_2_subset_47,orderSum,"['Glucose', 'BMI', 'DiabetesPedigreeFunction', 'BloodPressure', 'Pregnancies', 'Age', 'SkinThickness', 'Insulin']"
1515,rf_shap_list_ir_2,rf_shap_list_ir_2_subset_117,orderMean,"['BMI', 'Age', 'Glucose', 'BloodPressure', 'DiabetesPedigreeFunction', 'Pregnancies', 'SkinThickness', 'Insulin']"
1516,rf_shap_list_ir_2,rf_shap_list_ir_2_subset_117,orderStd,"['BMI', 'Glucose', 'Age', 'DiabetesPedigreeFunction', 'Pregnancies', 'BloodPressure', 'Insulin', 'SkinThickness']"
1517,rf_shap_list_ir_2,rf_shap_list_ir_2_subset_117,orderSum,"['BMI', 'Age', 'Glucose', 'BloodPressure', 'DiabetesPedigreeFunction', 'Pregnancies', 'SkinThickness', 'Insulin']"
1518,rf_shap_list_ir_2,rf_shap_list_ir_2_subset_126,orderMean,"['Glucose', 'BMI', 'Pregnancies', 'Age', 'Insulin', 'BloodPressure', 'SkinThickness', 'DiabetesPedigreeFunction']"
1519,rf_shap_list_ir_2,rf_shap_list_ir_2_subset_126,orderStd,"['Glucose', 'BMI', 'Pregnancies', 'Age', 'SkinThickness', 'BloodPressure', 'Insulin', 'DiabetesPedigreeFunction']"
1520,rf_shap_list_ir_2,rf_shap_list_ir_2_subset_126,orderSum,"['Glucose', 'BMI', 'Pregnancies', 'Age', 'Insulin', 'BloodPressure', 'SkinThickness', 'DiabetesPedigreeFunction']"
1521,rf_shap_list_ir_3,rf_shap_list_ir_3_subset_55,orderMean,"['Glucose', 'BMI', 'DiabetesPedigreeFunction', 'Age', 'Pregnancies', 'SkinThickness', 'BloodPressure', 'Insulin']"
1522,rf_shap_list_ir_3,rf_shap_list_ir_3_subset_55,orderStd,"['BMI', 'Glucose', 'Age', 'DiabetesPedigreeFunction', 'SkinThickness', 'Insulin', 'BloodPressure', 'Pregnancies']"
1523,rf_shap_list_ir_3,rf_shap_list_ir_3_subset_55,orderSum,"['Glucose', 'BMI', 'DiabetesPedigreeFunction', 'Age', 'Pregnancies', 'SkinThickness', 'BloodPressure', 'Insulin']"
1524,rf_shap_list_ir_3,rf_shap_list_ir_3_subset_82,orderMean,"['Glucose', 'BMI', 'DiabetesPedigreeFunction', 'Age', 'Pregnancies', 'SkinThickness', 'BloodPressure', 'Insulin']"
1525,rf_shap_list_ir_3,rf_shap_list_ir_3_subset_82,orderStd,"['BMI', 'Glucose', 'Age', 'DiabetesPedigreeFunction', 'BloodPressure', 'SkinThickness', 'Pregnancies', 'Insulin']"
1526,rf_shap_list_ir_3,rf_shap_list_ir_3_subset_82,orderSum,"['Glucose', 'BMI', 'DiabetesPedigreeFunction', 'Age', 'Pregnancies', 'SkinThickness', 'BloodPressure', 'Insulin']"
1527,rf_shap_list_ir_1,rf_shap_list_ir_1_subset_51,orderMean,"['Age', 'Glucose', 'BMI', 'DiabetesPedigreeFunction', 'BloodPressure', 'Pregnancies', 'SkinThickness', 'Insulin']"
1528,rf_shap_list_ir_1,rf_shap_list_ir_1_subset_51,orderStd,"['Age', 'Pregnancies', 'BMI', 'BloodPressure', 'DiabetesPedigreeFunction', 'Glucose', 'SkinThickness', 'Insulin']"
1529,rf_shap_list_ir_1,rf_shap_list_ir_1_subset_51,orderSum,"['Age', 'Glucose', 'BMI', 'DiabetesPedigreeFunction', 'BloodPressure', 'Pregnancies', 'SkinThickness', 'Insulin']"
1530,rf_shap_list_ir_5,rf_shap_list_ir_5_subset_12,orderMean,"['Glucose', 'DiabetesPedigreeFunction', 'BMI', 'Age', 'Pregnancies', 'SkinThickness', 'Insulin', 'BloodPressure']"
1531,rf_shap_list_ir_5,rf_shap_list_ir_5_subset_12,orderStd,"['Glucose', 'BMI', 'DiabetesPedigreeFunction', 'Age', 'Pregnancies', 'Insulin', 'BloodPressure', 'SkinThickness']"
1532,rf_shap_list_ir_5,rf_shap_list_ir_5_subset_12,orderSum,"['Glucose', 'DiabetesPedigreeFunction', 'BMI', 'Age', 'Pregnancies', 'SkinThickness', 'Insulin', 'BloodPressure']"
1533,rf_shap_list_ir_2,rf_shap_list_ir_2_subset_108,orderMean,"['Glucose', 'BMI', 'Age', 'BloodPressure', 'DiabetesPedigreeFunction', 'Insulin', 'Pregnancies', 'SkinThickness']"
1534,rf_shap_list_ir_2,rf_shap_list_ir_2_subset_108,orderStd,"['BMI', 'Glucose', 'Age', 'BloodPressure', 'SkinThickness', 'DiabetesPedigreeFunction', 'Insulin', 'Pregnancies']"
1535,rf_shap_list_ir_2,rf_shap_list_ir_2_subset_108,orderSum,"['Glucose', 'BMI', 'Age', 'BloodPressure', 'DiabetesPedigreeFunction', 'Insulin', 'Pregnancies', 'SkinThickness']"
1536,rf_shap_list_ir_2,rf_shap_list_ir_2_subset_103,orderMean,"['Glucose', 'DiabetesPedigreeFunction', 'BMI', 'SkinThickness', 'Pregnancies', 'BloodPressure', 'Age', 'Insulin']"
1537,rf_shap_list_ir_2,rf_shap_list_ir_2_subset_103,orderStd,"['Glucose', 'BMI', 'DiabetesPedigreeFunction', 'BloodPressure', 'Pregnancies', 'Insulin', 'SkinThickness', 'Age']"
1538,rf_shap_list_ir_2,rf_shap_list_ir_2_subset_103,orderSum,"['Glucose', 'DiabetesPedigreeFunction', 'BMI', 'SkinThickness', 'Pregnancies', 'BloodPressure', 'Age', 'Insulin']"
1539,rf_shap_list_ir_4,rf_shap_list_ir_4_subset_151,orderMean,"['Glucose', 'BMI', 'Age', 'BloodPressure', 'DiabetesPedigreeFunction', 'Pregnancies', 'Insulin', 'SkinThickness']"
1540,rf_shap_list_ir_4,rf_shap_list_ir_4_subset_151,orderStd,"['Glucose', 'BMI', 'Age', 'BloodPressure', 'DiabetesPedigreeFunction', 'Insulin', 'Pregnancies', 'SkinThickness']"
1541,rf_shap_list_ir_4,rf_shap_list_ir_4_subset_151,orderSum,"['Glucose', 'BMI', 'Age', 'BloodPressure', 'DiabetesPedigreeFunction', 'Pregnancies', 'Insulin', 'SkinThickness']"
1542,rf_shap_list_ir_2,rf_shap_list_ir_2_subset_14,orderMean,"['Glucose', 'BMI', 'Pregnancies', 'Age', 'DiabetesPedigreeFunction', 'BloodPressure', 'Insulin', 'SkinThickness']"
1543,rf_shap_list_ir_2,rf_shap_list_ir_2_subset_14,orderStd,"['BMI', 'Glucose', 'BloodPressure', 'Insulin', 'Pregnancies', 'Age', 'DiabetesPedigreeFunction', 'SkinThickness']"
1544,rf_shap_list_ir_2,rf_shap_list_ir_2_subset_14,orderSum,"['Glucose', 'BMI', 'Pregnancies', 'Age', 'DiabetesPedigreeFunction', 'BloodPressure', 'Insulin', 'SkinThickness']"
1545,rf_shap_list_ir_4,rf_shap_list_ir_4_subset_136,orderMean,"['Glucose', 'Age', 'BMI', 'Pregnancies', 'DiabetesPedigreeFunction', 'BloodPressure', 'SkinThickness', 'Insulin']"
1546,rf_shap_list_ir_4,rf_shap_list_ir_4_subset_136,orderStd,"['Glucose', 'BMI', 'Age', 'DiabetesPedigreeFunction', 'Pregnancies', 'BloodPressure', 'SkinThickness', 'Insulin']"
1547,rf_shap_list_ir_4,rf_shap_list_ir_4_subset_136,orderSum,"['Glucose', 'Age', 'BMI', 'Pregnancies', 'DiabetesPedigreeFunction', 'BloodPressure', 'SkinThickness', 'Insulin']"
1548,rf_shap_list_ir_5,rf_shap_list_ir_5_subset_19,orderMean,"['Glucose', 'BMI', 'Age', 'DiabetesPedigreeFunction', 'Pregnancies', 'SkinThickness', 'Insulin', 'BloodPressure']"
1549,rf_shap_list_ir_5,rf_shap_list_ir_5_subset_19,orderStd,"['Glucose', 'BMI', 'Age', 'DiabetesPedigreeFunction', 'BloodPressure', 'Pregnancies', 'SkinThickness', 'Insulin']"
1550,rf_shap_list_ir_5,rf_shap_list_ir_5_subset_19,orderSum,"['Glucose', 'BMI', 'Age', 'DiabetesPedigreeFunction', 'Pregnancies', 'SkinThickness', 'Insulin', 'BloodPressure']"
1551,rf_shap_list_ir_4,rf_shap_list_ir_4_subset_71,orderMean,"['Glucose', 'BMI', 'Age', 'DiabetesPedigreeFunction', 'SkinThickness', 'BloodPressure', 'Insulin', 'Pregnancies']"
1552,rf_shap_list_ir_4,rf_shap_list_ir_4_subset_71,orderStd,"['BMI', 'Glucose', 'Age', 'DiabetesPedigreeFunction', 'Pregnancies', 'Insulin', 'BloodPressure', 'SkinThickness']"
1553,rf_shap_list_ir_4,rf_shap_list_ir_4_subset_71,orderSum,"['Glucose', 'BMI', 'Age', 'DiabetesPedigreeFunction', 'SkinThickness', 'BloodPressure', 'Insulin', 'Pregnancies']"
1554,rf_shap_list_ir_3,rf_shap_list_ir_3_subset_53,orderMean,"['Glucose', 'BMI', 'Age', 'BloodPressure', 'DiabetesPedigreeFunction', 'Insulin', 'SkinThickness', 'Pregnancies']"
1555,rf_shap_list_ir_3,rf_shap_list_ir_3_subset_53,orderStd,"['BMI', 'Glucose', 'Age', 'Insulin', 'DiabetesPedigreeFunction', 'BloodPressure', 'Pregnancies', 'SkinThickness']"
1556,rf_shap_list_ir_3,rf_shap_list_ir_3_subset_53,orderSum,"['Glucose', 'BMI', 'Age', 'BloodPressure', 'DiabetesPedigreeFunction', 'Insulin', 'SkinThickness', 'Pregnancies']"
1557,rf_shap_list_ir_2,rf_shap_list_ir_2_subset_21,orderMean,"['Glucose', 'BMI', 'Age', 'DiabetesPedigreeFunction', 'BloodPressure', 'Pregnancies', 'Insulin', 'SkinThickness']"
1558,rf_shap_list_ir_2,rf_shap_list_ir_2_subset_21,orderStd,"['Glucose', 'Age', 'DiabetesPedigreeFunction', 'BMI', 'Pregnancies', 'BloodPressure', 'SkinThickness', 'Insulin']"
1559,rf_shap_list_ir_2,rf_shap_list_ir_2_subset_21,orderSum,"['Glucose', 'BMI', 'Age', 'DiabetesPedigreeFunction', 'BloodPressure', 'Pregnancies', 'Insulin', 'SkinThickness']"
1560,rf_shap_list_ir_5,rf_shap_list_ir_5_subset_107,orderMean,"['Glucose', 'Age', 'BMI', 'DiabetesPedigreeFunction', 'Pregnancies', 'Insulin', 'BloodPressure', 'SkinThickness']"
1561,rf_shap_list_ir_5,rf_shap_list_ir_5_subset_107,orderStd,"['Glucose', 'BMI', 'Age', 'DiabetesPedigreeFunction', 'Insulin', 'BloodPressure', 'Pregnancies', 'SkinThickness']"
1562,rf_shap_list_ir_5,rf_shap_list_ir_5_subset_107,orderSum,"['Glucose', 'Age', 'BMI', 'DiabetesPedigreeFunction', 'Pregnancies', 'Insulin', 'BloodPressure', 'SkinThickness']"
1563,rf_shap_list_ir_4,rf_shap_list_ir_4_subset_27,orderMean,"['Glucose', 'BMI', 'Age', 'DiabetesPedigreeFunction', 'Pregnancies', 'BloodPressure', 'SkinThickness', 'Insulin']"
1564,rf_shap_list_ir_4,rf_shap_list_ir_4_subset_27,orderStd,"['BMI', 'Glucose', 'DiabetesPedigreeFunction', 'Age', 'Pregnancies', 'Insulin', 'BloodPressure', 'SkinThickness']"
1565,rf_shap_list_ir_4,rf_shap_list_ir_4_subset_27,orderSum,"['Glucose', 'BMI', 'Age', 'DiabetesPedigreeFunction', 'Pregnancies', 'BloodPressure', 'SkinThickness', 'Insulin']"
1566,rf_shap_list_ir_5,rf_shap_list_ir_5_subset_137,orderMean,"['Glucose', 'BMI', 'Age', 'DiabetesPedigreeFunction', 'Pregnancies', 'Insulin', 'BloodPressure', 'SkinThickness']"
1567,rf_shap_list_ir_5,rf_shap_list_ir_5_subset_137,orderStd,"['Glucose', 'BMI', 'DiabetesPedigreeFunction', 'Age', 'Pregnancies', 'Insulin', 'BloodPressure', 'SkinThickness']"
1568,rf_shap_list_ir_5,rf_shap_list_ir_5_subset_137,orderSum,"['Glucose', 'BMI', 'Age', 'DiabetesPedigreeFunction', 'Pregnancies', 'Insulin', 'BloodPressure', 'SkinThickness']"
1569,rf_shap_list_ir_1,rf_shap_list_ir_1_subset_147,orderMean,"['Glucose', 'BMI', 'Age', 'Pregnancies', 'BloodPressure', 'DiabetesPedigreeFunction', 'SkinThickness', 'Insulin']"
1570,rf_shap_list_ir_1,rf_shap_list_ir_1_subset_147,orderStd,"['Glucose', 'BMI', 'Pregnancies', 'Age', 'DiabetesPedigreeFunction', 'BloodPressure', 'Insulin', 'SkinThickness']"
1571,rf_shap_list_ir_1,rf_shap_list_ir_1_subset_147,orderSum,"['Glucose', 'BMI', 'Age', 'Pregnancies', 'BloodPressure', 'DiabetesPedigreeFunction', 'SkinThickness', 'Insulin']"
1572,rf_shap_list_ir_1,rf_shap_list_ir_1_subset_32,orderMean,"['Glucose', 'Age', 'BMI', 'DiabetesPedigreeFunction', 'Insulin', 'SkinThickness', 'BloodPressure', 'Pregnancies']"
1573,rf_shap_list_ir_1,rf_shap_list_ir_1_subset_32,orderStd,"['Age', 'Glucose', 'BMI', 'SkinThickness', 'DiabetesPedigreeFunction', 'Insulin', 'Pregnancies', 'BloodPressure']"
1574,rf_shap_list_ir_1,rf_shap_list_ir_1_subset_32,orderSum,"['Glucose', 'Age', 'BMI', 'DiabetesPedigreeFunction', 'Insulin', 'SkinThickness', 'BloodPressure', 'Pregnancies']"
1575,rf_shap_list_ir_5,rf_shap_list_ir_5_subset_101,orderMean,"['Glucose', 'BMI', 'Age', 'DiabetesPedigreeFunction', 'SkinThickness', 'BloodPressure', 'Insulin', 'Pregnancies']"
1576,rf_shap_list_ir_5,rf_shap_list_ir_5_subset_101,orderStd,"['Glucose', 'BMI', 'Age', 'DiabetesPedigreeFunction', 'BloodPressure', 'Insulin', 'SkinThickness', 'Pregnancies']"
1577,rf_shap_list_ir_5,rf_shap_list_ir_5_subset_101,orderSum,"['Glucose', 'BMI', 'Age', 'DiabetesPedigreeFunction', 'SkinThickness', 'BloodPressure', 'Insulin', 'Pregnancies']"
1578,rf_shap_list_ir_2,rf_shap_list_ir_2_subset_90,orderMean,"['Glucose', 'BMI', 'Age', 'Pregnancies', 'DiabetesPedigreeFunction', 'BloodPressure', 'Insulin', 'SkinThickness']"
1579,rf_shap_list_ir_2,rf_shap_list_ir_2_subset_90,orderStd,"['BMI', 'Glucose', 'Age', 'Insulin', 'Pregnancies', 'BloodPressure', 'DiabetesPedigreeFunction', 'SkinThickness']"
1580,rf_shap_list_ir_2,rf_shap_list_ir_2_subset_90,orderSum,"['Glucose', 'BMI', 'Age', 'Pregnancies', 'DiabetesPedigreeFunction', 'BloodPressure', 'Insulin', 'SkinThickness']"
1581,rf_shap_list_ir_2,rf_shap_list_ir_2_subset_141,orderMean,"['Glucose', 'BMI', 'SkinThickness', 'DiabetesPedigreeFunction', 'BloodPressure', 'Pregnancies', 'Age', 'Insulin']"
1582,rf_shap_list_ir_2,rf_shap_list_ir_2_subset_141,orderStd,"['Glucose', 'BMI', 'Age', 'DiabetesPedigreeFunction', 'Insulin', 'SkinThickness', 'BloodPressure', 'Pregnancies']"
1583,rf_shap_list_ir_2,rf_shap_list_ir_2_subset_141,orderSum,"['Glucose', 'BMI', 'SkinThickness', 'DiabetesPedigreeFunction', 'BloodPressure', 'Pregnancies', 'Age', 'Insulin']"
1584,rf_shap_list_ir_5,rf_shap_list_ir_5_subset_116,orderMean,"['Glucose', 'BMI', 'Age', 'Pregnancies', 'DiabetesPedigreeFunction', 'SkinThickness', 'BloodPressure', 'Insulin']"
1585,rf_shap_list_ir_5,rf_shap_list_ir_5_subset_116,orderStd,"['Glucose', 'BMI', 'Age', 'DiabetesPedigreeFunction', 'Pregnancies', 'SkinThickness', 'Insulin', 'BloodPressure']"
1586,rf_shap_list_ir_5,rf_shap_list_ir_5_subset_116,orderSum,"['Glucose', 'BMI', 'Age', 'Pregnancies', 'DiabetesPedigreeFunction', 'SkinThickness', 'BloodPressure', 'Insulin']"
1587,rf_shap_list_ir_3,rf_shap_list_ir_3_subset_119,orderMean,"['Glucose', 'BMI', 'Age', 'DiabetesPedigreeFunction', 'BloodPressure', 'Pregnancies', 'SkinThickness', 'Insulin']"
1588,rf_shap_list_ir_3,rf_shap_list_ir_3_subset_119,orderStd,"['Glucose', 'BMI', 'Age', 'DiabetesPedigreeFunction', 'BloodPressure', 'Pregnancies', 'Insulin', 'SkinThickness']"
1589,rf_shap_list_ir_3,rf_shap_list_ir_3_subset_119,orderSum,"['Glucose', 'BMI', 'Age', 'DiabetesPedigreeFunction', 'BloodPressure', 'Pregnancies', 'SkinThickness', 'Insulin']"
1590,rf_shap_list_ir_1,rf_shap_list_ir_1_subset_121,orderMean,"['Glucose', 'Pregnancies', 'Age', 'BloodPressure', 'DiabetesPedigreeFunction', 'SkinThickness', 'BMI', 'Insulin']"
1591,rf_shap_list_ir_1,rf_shap_list_ir_1_subset_121,orderStd,"['BloodPressure', 'Pregnancies', 'Age', 'Glucose', 'DiabetesPedigreeFunction', 'SkinThickness', 'BMI', 'Insulin']"
1592,rf_shap_list_ir_1,rf_shap_list_ir_1_subset_121,orderSum,"['Glucose', 'Pregnancies', 'Age', 'BloodPressure', 'DiabetesPedigreeFunction', 'SkinThickness', 'BMI', 'Insulin']"
1593,rf_shap_list_ir_3,rf_shap_list_ir_3_subset_137,orderMean,"['Glucose', 'BMI', 'DiabetesPedigreeFunction', 'Age', 'BloodPressure', 'Pregnancies', 'SkinThickness', 'Insulin']"
1594,rf_shap_list_ir_3,rf_shap_list_ir_3_subset_137,orderStd,"['Glucose', 'BMI', 'DiabetesPedigreeFunction', 'Age', 'SkinThickness', 'Insulin', 'Pregnancies', 'BloodPressure']"
1595,rf_shap_list_ir_3,rf_shap_list_ir_3_subset_137,orderSum,"['Glucose', 'BMI', 'DiabetesPedigreeFunction', 'Age', 'BloodPressure', 'Pregnancies', 'SkinThickness', 'Insulin']"
1596,rf_shap_list_ir_2,rf_shap_list_ir_2_subset_157,orderMean,"['Glucose', 'BMI', 'Age', 'DiabetesPedigreeFunction', 'BloodPressure', 'SkinThickness', 'Pregnancies', 'Insulin']"
1597,rf_shap_list_ir_2,rf_shap_list_ir_2_subset_157,orderStd,"['BMI', 'Glucose', 'DiabetesPedigreeFunction', 'Age', 'Insulin', 'Pregnancies', 'BloodPressure', 'SkinThickness']"
1598,rf_shap_list_ir_2,rf_shap_list_ir_2_subset_157,orderSum,"['Glucose', 'BMI', 'Age', 'DiabetesPedigreeFunction', 'BloodPressure', 'SkinThickness', 'Pregnancies', 'Insulin']"
1599,rf_shap_list_ir_3,rf_shap_list_ir_3_subset_141,orderMean,"['Glucose', 'BMI', 'Age', 'Pregnancies', 'DiabetesPedigreeFunction', 'BloodPressure', 'SkinThickness', 'Insulin']"
1600,rf_shap_list_ir_3,rf_shap_list_ir_3_subset_141,orderStd,"['Glucose', 'BMI', 'Age', 'DiabetesPedigreeFunction', 'Pregnancies', 'BloodPressure', 'SkinThickness', 'Insulin']"
1601,rf_shap_list_ir_3,rf_shap_list_ir_3_subset_141,orderSum,"['Glucose', 'BMI', 'Age', 'Pregnancies', 'DiabetesPedigreeFunction', 'BloodPressure', 'SkinThickness', 'Insulin']"
1602,rf_shap_list_ir_4,rf_shap_list_ir_4_subset_123,orderMean,"['Glucose', 'BMI', 'DiabetesPedigreeFunction', 'Age', 'Pregnancies', 'BloodPressure', 'Insulin', 'SkinThickness']"
1603,rf_shap_list_ir_4,rf_shap_list_ir_4_subset_123,orderStd,"['BMI', 'Glucose', 'DiabetesPedigreeFunction', 'Age', 'Insulin', 'BloodPressure', 'Pregnancies', 'SkinThickness']"
1604,rf_shap_list_ir_4,rf_shap_list_ir_4_subset_123,orderSum,"['Glucose', 'BMI', 'DiabetesPedigreeFunction', 'Age', 'Pregnancies', 'BloodPressure', 'Insulin', 'SkinThickness']"
1605,rf_shap_list_ir_5,rf_shap_list_ir_5_subset_122,orderMean,"['Glucose', 'Age', 'BMI', 'DiabetesPedigreeFunction', 'BloodPressure', 'Pregnancies', 'Insulin', 'SkinThickness']"
1606,rf_shap_list_ir_5,rf_shap_list_ir_5_subset_122,orderStd,"['Glucose', 'BMI', 'Age', 'DiabetesPedigreeFunction', 'Insulin', 'Pregnancies', 'BloodPressure', 'SkinThickness']"
1607,rf_shap_list_ir_5,rf_shap_list_ir_5_subset_122,orderSum,"['Glucose', 'Age', 'BMI', 'DiabetesPedigreeFunction', 'BloodPressure', 'Pregnancies', 'Insulin', 'SkinThickness']"
1608,rf_shap_list_ir_2,rf_shap_list_ir_2_subset_128,orderMean,"['Glucose', 'BMI', 'Age', 'DiabetesPedigreeFunction', 'BloodPressure', 'SkinThickness', 'Pregnancies', 'Insulin']"
1609,rf_shap_list_ir_2,rf_shap_list_ir_2_subset_128,orderStd,"['Glucose', 'BMI', 'Age', 'BloodPressure', 'DiabetesPedigreeFunction', 'SkinThickness', 'Pregnancies', 'Insulin']"
1610,rf_shap_list_ir_2,rf_shap_list_ir_2_subset_128,orderSum,"['Glucose', 'BMI', 'Age', 'DiabetesPedigreeFunction', 'BloodPressure', 'SkinThickness', 'Pregnancies', 'Insulin']"
1611,rf_shap_list_ir_4,rf_shap_list_ir_4_subset_153,orderMean,"['Glucose', 'Age', 'BMI', 'DiabetesPedigreeFunction', 'Pregnancies', 'BloodPressure', 'SkinThickness', 'Insulin']"
1612,rf_shap_list_ir_4,rf_shap_list_ir_4_subset_153,orderStd,"['BMI', 'Glucose', 'Age', 'DiabetesPedigreeFunction', 'Pregnancies', 'BloodPressure', 'Insulin', 'SkinThickness']"
1613,rf_shap_list_ir_4,rf_shap_list_ir_4_subset_153,orderSum,"['Glucose', 'Age', 'BMI', 'DiabetesPedigreeFunction', 'Pregnancies', 'BloodPressure', 'SkinThickness', 'Insulin']"
1614,rf_shap_list_ir_2,rf_shap_list_ir_2_subset_149,orderMean,"['Glucose', 'BMI', 'DiabetesPedigreeFunction', 'BloodPressure', 'Pregnancies', 'Age', 'Insulin', 'SkinThickness']"
1615,rf_shap_list_ir_2,rf_shap_list_ir_2_subset_149,orderStd,"['BMI', 'Glucose', 'DiabetesPedigreeFunction', 'Insulin', 'BloodPressure', 'Age', 'SkinThickness', 'Pregnancies']"
1616,rf_shap_list_ir_2,rf_shap_list_ir_2_subset_149,orderSum,"['Glucose', 'BMI', 'DiabetesPedigreeFunction', 'BloodPressure', 'Pregnancies', 'Age', 'Insulin', 'SkinThickness']"
1617,rf_shap_list_ir_3,rf_shap_list_ir_3_subset_114,orderMean,"['Glucose', 'BMI', 'Pregnancies', 'DiabetesPedigreeFunction', 'Age', 'BloodPressure', 'SkinThickness', 'Insulin']"
1618,rf_shap_list_ir_3,rf_shap_list_ir_3_subset_114,orderStd,"['Glucose', 'BMI', 'DiabetesPedigreeFunction', 'Age', 'BloodPressure', 'Pregnancies', 'Insulin', 'SkinThickness']"
1619,rf_shap_list_ir_3,rf_shap_list_ir_3_subset_114,orderSum,"['Glucose', 'BMI', 'Pregnancies', 'DiabetesPedigreeFunction', 'Age', 'BloodPressure', 'SkinThickness', 'Insulin']"
1620,rf_shap_list_ir_4,rf_shap_list_ir_4_subset_32,orderMean,"['Glucose', 'BMI', 'Age', 'Pregnancies', 'DiabetesPedigreeFunction', 'BloodPressure', 'Insulin', 'SkinThickness']"
1621,rf_shap_list_ir_4,rf_shap_list_ir_4_subset_32,orderStd,"['Glucose', 'BMI', 'Age', 'DiabetesPedigreeFunction', 'Insulin', 'Pregnancies', 'BloodPressure', 'SkinThickness']"
1622,rf_shap_list_ir_4,rf_shap_list_ir_4_subset_32,orderSum,"['Glucose', 'BMI', 'Age', 'Pregnancies', 'DiabetesPedigreeFunction', 'BloodPressure', 'Insulin', 'SkinThickness']"
1623,rf_shap_list_ir_3,rf_shap_list_ir_3_subset_117,orderMean,"['Glucose', 'BMI', 'Age', 'DiabetesPedigreeFunction', 'Pregnancies', 'Insulin', 'BloodPressure', 'SkinThickness']"
1624,rf_shap_list_ir_3,rf_shap_list_ir_3_subset_117,orderStd,"['Glucose', 'BMI', 'DiabetesPedigreeFunction', 'Age', 'Insulin', 'Pregnancies', 'BloodPressure', 'SkinThickness']"
1625,rf_shap_list_ir_3,rf_shap_list_ir_3_subset_117,orderSum,"['Glucose', 'BMI', 'Age', 'DiabetesPedigreeFunction', 'Pregnancies', 'Insulin', 'BloodPressure', 'SkinThickness']"
1626,rf_shap_list_ir_4,rf_shap_list_ir_4_subset_66,orderMean,"['Glucose', 'BMI', 'Age', 'Pregnancies', 'DiabetesPedigreeFunction', 'BloodPressure', 'SkinThickness', 'Insulin']"
1627,rf_shap_list_ir_4,rf_shap_list_ir_4_subset_66,orderStd,"['Glucose', 'BMI', 'Age', 'DiabetesPedigreeFunction', 'Pregnancies', 'BloodPressure', 'Insulin', 'SkinThickness']"
1628,rf_shap_list_ir_4,rf_shap_list_ir_4_subset_66,orderSum,"['Glucose', 'BMI', 'Age', 'Pregnancies', 'DiabetesPedigreeFunction', 'BloodPressure', 'SkinThickness', 'Insulin']"
1629,rf_shap_list_ir_5,rf_shap_list_ir_5_subset_10,orderMean,"['Glucose', 'Age', 'BMI', 'DiabetesPedigreeFunction', 'BloodPressure', 'Pregnancies', 'Insulin', 'SkinThickness']"
1630,rf_shap_list_ir_5,rf_shap_list_ir_5_subset_10,orderStd,"['Glucose', 'BMI', 'Age', 'DiabetesPedigreeFunction', 'Insulin', 'Pregnancies', 'BloodPressure', 'SkinThickness']"
1631,rf_shap_list_ir_5,rf_shap_list_ir_5_subset_10,orderSum,"['Glucose', 'Age', 'BMI', 'DiabetesPedigreeFunction', 'BloodPressure', 'Pregnancies', 'Insulin', 'SkinThickness']"
1632,rf_shap_list_ir_3,rf_shap_list_ir_3_subset_91,orderMean,"['Glucose', 'BMI', 'Age', 'DiabetesPedigreeFunction', 'SkinThickness', 'BloodPressure', 'Pregnancies', 'Insulin']"
1633,rf_shap_list_ir_3,rf_shap_list_ir_3_subset_91,orderStd,"['Glucose', 'BMI', 'Age', 'DiabetesPedigreeFunction', 'BloodPressure', 'Pregnancies', 'SkinThickness', 'Insulin']"
1634,rf_shap_list_ir_3,rf_shap_list_ir_3_subset_91,orderSum,"['Glucose', 'BMI', 'Age', 'DiabetesPedigreeFunction', 'SkinThickness', 'BloodPressure', 'Pregnancies', 'Insulin']"
1635,rf_shap_list_ir_5,rf_shap_list_ir_5_subset_102,orderMean,"['Glucose', 'BMI', 'Age', 'Pregnancies', 'DiabetesPedigreeFunction', 'Insulin', 'BloodPressure', 'SkinThickness']"
1636,rf_shap_list_ir_5,rf_shap_list_ir_5_subset_102,orderStd,"['Glucose', 'BMI', 'Age', 'DiabetesPedigreeFunction', 'Pregnancies', 'Insulin', 'BloodPressure', 'SkinThickness']"
1637,rf_shap_list_ir_5,rf_shap_list_ir_5_subset_102,orderSum,"['Glucose', 'BMI', 'Age', 'Pregnancies', 'DiabetesPedigreeFunction', 'Insulin', 'BloodPressure', 'SkinThickness']"
1638,rf_shap_list_ir_1,rf_shap_list_ir_1_subset_96,orderMean,"['Glucose', 'DiabetesPedigreeFunction', 'BMI', 'BloodPressure', 'Pregnancies', 'Age', 'SkinThickness', 'Insulin']"
1639,rf_shap_list_ir_1,rf_shap_list_ir_1_subset_96,orderStd,"['Glucose', 'BMI', 'BloodPressure', 'DiabetesPedigreeFunction', 'Age', 'Insulin', 'Pregnancies', 'SkinThickness']"
1640,rf_shap_list_ir_1,rf_shap_list_ir_1_subset_96,orderSum,"['Glucose', 'DiabetesPedigreeFunction', 'BMI', 'BloodPressure', 'Pregnancies', 'Age', 'SkinThickness', 'Insulin']"
1641,rf_shap_list_ir_1,rf_shap_list_ir_1_subset_86,orderMean,"['Glucose', 'BMI', 'Age', 'SkinThickness', 'Insulin', 'Pregnancies', 'DiabetesPedigreeFunction', 'BloodPressure']"
1642,rf_shap_list_ir_1,rf_shap_list_ir_1_subset_86,orderStd,"['BMI', 'Glucose', 'Age', 'Insulin', 'SkinThickness', 'DiabetesPedigreeFunction', 'Pregnancies', 'BloodPressure']"
1643,rf_shap_list_ir_1,rf_shap_list_ir_1_subset_86,orderSum,"['Glucose', 'BMI', 'Age', 'SkinThickness', 'Insulin', 'Pregnancies', 'DiabetesPedigreeFunction', 'BloodPressure']"
1644,rf_shap_list_ir_4,rf_shap_list_ir_4_subset_104,orderMean,"['Glucose', 'BMI', 'DiabetesPedigreeFunction', 'Age', 'BloodPressure', 'Pregnancies', 'Insulin', 'SkinThickness']"
1645,rf_shap_list_ir_4,rf_shap_list_ir_4_subset_104,orderStd,"['Glucose', 'BMI', 'DiabetesPedigreeFunction', 'Age', 'Insulin', 'Pregnancies', 'BloodPressure', 'SkinThickness']"
1646,rf_shap_list_ir_4,rf_shap_list_ir_4_subset_104,orderSum,"['Glucose', 'BMI', 'DiabetesPedigreeFunction', 'Age', 'BloodPressure', 'Pregnancies', 'Insulin', 'SkinThickness']"
1647,rf_shap_list_ir_1,rf_shap_list_ir_1_subset_80,orderMean,"['Glucose', 'BMI', 'DiabetesPedigreeFunction', 'Age', 'SkinThickness', 'BloodPressure', 'Pregnancies', 'Insulin']"
1648,rf_shap_list_ir_1,rf_shap_list_ir_1_subset_80,orderStd,"['BMI', 'Age', 'Glucose', 'DiabetesPedigreeFunction', 'BloodPressure', 'Insulin', 'Pregnancies', 'SkinThickness']"
1649,rf_shap_list_ir_1,rf_shap_list_ir_1_subset_80,orderSum,"['Glucose', 'BMI', 'DiabetesPedigreeFunction', 'Age', 'SkinThickness', 'BloodPressure', 'Pregnancies', 'Insulin']"
1650,rf_shap_list_ir_1,rf_shap_list_ir_1_subset_52,orderMean,"['Glucose', 'BMI', 'DiabetesPedigreeFunction', 'BloodPressure', 'Age', 'SkinThickness', 'Pregnancies', 'Insulin']"
1651,rf_shap_list_ir_1,rf_shap_list_ir_1_subset_52,orderStd,"['Glucose', 'BMI', 'BloodPressure', 'DiabetesPedigreeFunction', 'SkinThickness', 'Age', 'Insulin', 'Pregnancies']"
1652,rf_shap_list_ir_1,rf_shap_list_ir_1_subset_52,orderSum,"['Glucose', 'BMI', 'DiabetesPedigreeFunction', 'BloodPressure', 'Age', 'SkinThickness', 'Pregnancies', 'Insulin']"
1653,rf_shap_list_ir_5,rf_shap_list_ir_5_subset_71,orderMean,"['Glucose', 'BMI', 'Age', 'Pregnancies', 'DiabetesPedigreeFunction', 'BloodPressure', 'Insulin', 'SkinThickness']"
1654,rf_shap_list_ir_5,rf_shap_list_ir_5_subset_71,orderStd,"['Glucose', 'BMI', 'Age', 'Pregnancies', 'DiabetesPedigreeFunction', 'Insulin', 'BloodPressure', 'SkinThickness']"
1655,rf_shap_list_ir_5,rf_shap_list_ir_5_subset_71,orderSum,"['Glucose', 'BMI', 'Age', 'Pregnancies', 'DiabetesPedigreeFunction', 'BloodPressure', 'Insulin', 'SkinThickness']"
1656,rf_shap_list_ir_3,rf_shap_list_ir_3_subset_49,orderMean,"['Glucose', 'BMI', 'Age', 'DiabetesPedigreeFunction', 'Pregnancies', 'BloodPressure', 'SkinThickness', 'Insulin']"
1657,rf_shap_list_ir_3,rf_shap_list_ir_3_subset_49,orderStd,"['Glucose', 'BMI', 'Age', 'DiabetesPedigreeFunction', 'Insulin', 'Pregnancies', 'SkinThickness', 'BloodPressure']"
1658,rf_shap_list_ir_3,rf_shap_list_ir_3_subset_49,orderSum,"['Glucose', 'BMI', 'Age', 'DiabetesPedigreeFunction', 'Pregnancies', 'BloodPressure', 'SkinThickness', 'Insulin']"
1659,rf_shap_list_ir_5,rf_shap_list_ir_5_subset_5,orderMean,"['Glucose', 'BMI', 'Age', 'DiabetesPedigreeFunction', 'SkinThickness', 'Pregnancies', 'BloodPressure', 'Insulin']"
1660,rf_shap_list_ir_5,rf_shap_list_ir_5_subset_5,orderStd,"['Glucose', 'BMI', 'Age', 'DiabetesPedigreeFunction', 'SkinThickness', 'BloodPressure', 'Pregnancies', 'Insulin']"
1661,rf_shap_list_ir_5,rf_shap_list_ir_5_subset_5,orderSum,"['Glucose', 'BMI', 'Age', 'DiabetesPedigreeFunction', 'SkinThickness', 'Pregnancies', 'BloodPressure', 'Insulin']"
1662,rf_shap_list_ir_1,rf_shap_list_ir_1_subset_124,orderMean,"['Glucose', 'BMI', 'Pregnancies', 'DiabetesPedigreeFunction', 'BloodPressure', 'Insulin', 'Age', 'SkinThickness']"
1663,rf_shap_list_ir_1,rf_shap_list_ir_1_subset_124,orderStd,"['Glucose', 'BMI', 'BloodPressure', 'SkinThickness', 'DiabetesPedigreeFunction', 'Pregnancies', 'Age', 'Insulin']"
1664,rf_shap_list_ir_1,rf_shap_list_ir_1_subset_124,orderSum,"['Glucose', 'BMI', 'Pregnancies', 'DiabetesPedigreeFunction', 'BloodPressure', 'Insulin', 'Age', 'SkinThickness']"
1665,rf_shap_list_ir_2,rf_shap_list_ir_2_subset_154,orderMean,"['Glucose', 'BMI', 'DiabetesPedigreeFunction', 'Age', 'Pregnancies', 'BloodPressure', 'SkinThickness', 'Insulin']"
1666,rf_shap_list_ir_2,rf_shap_list_ir_2_subset_154,orderStd,"['BMI', 'DiabetesPedigreeFunction', 'Glucose', 'BloodPressure', 'Age', 'Insulin', 'Pregnancies', 'SkinThickness']"
1667,rf_shap_list_ir_2,rf_shap_list_ir_2_subset_154,orderSum,"['Glucose', 'BMI', 'DiabetesPedigreeFunction', 'Age', 'Pregnancies', 'BloodPressure', 'SkinThickness', 'Insulin']"
1668,rf_shap_list_ir_2,rf_shap_list_ir_2_subset_118,orderMean,"['Glucose', 'BMI', 'SkinThickness', 'DiabetesPedigreeFunction', 'BloodPressure', 'Age', 'Insulin', 'Pregnancies']"
1669,rf_shap_list_ir_2,rf_shap_list_ir_2_subset_118,orderStd,"['BMI', 'DiabetesPedigreeFunction', 'Glucose', 'SkinThickness', 'Age', 'BloodPressure', 'Insulin', 'Pregnancies']"
1670,rf_shap_list_ir_2,rf_shap_list_ir_2_subset_118,orderSum,"['Glucose', 'BMI', 'SkinThickness', 'DiabetesPedigreeFunction', 'BloodPressure', 'Age', 'Insulin', 'Pregnancies']"
1671,rf_shap_list_ir_2,rf_shap_list_ir_2_subset_33,orderMean,"['Glucose', 'BMI', 'Age', 'Pregnancies', 'Insulin', 'DiabetesPedigreeFunction', 'BloodPressure', 'SkinThickness']"
1672,rf_shap_list_ir_2,rf_shap_list_ir_2_subset_33,orderStd,"['BMI', 'Glucose', 'Age', 'SkinThickness', 'BloodPressure', 'Pregnancies', 'DiabetesPedigreeFunction', 'Insulin']"
1673,rf_shap_list_ir_2,rf_shap_list_ir_2_subset_33,orderSum,"['Glucose', 'BMI', 'Age', 'Pregnancies', 'Insulin', 'DiabetesPedigreeFunction', 'BloodPressure', 'SkinThickness']"
1674,rf_shap_list_ir_3,rf_shap_list_ir_3_subset_63,orderMean,"['Glucose', 'BMI', 'Age', 'DiabetesPedigreeFunction', 'BloodPressure', 'Pregnancies', 'SkinThickness', 'Insulin']"
1675,rf_shap_list_ir_3,rf_shap_list_ir_3_subset_63,orderStd,"['Glucose', 'BMI', 'Age', 'DiabetesPedigreeFunction', 'BloodPressure', 'Insulin', 'Pregnancies', 'SkinThickness']"
1676,rf_shap_list_ir_3,rf_shap_list_ir_3_subset_63,orderSum,"['Glucose', 'BMI', 'Age', 'DiabetesPedigreeFunction', 'BloodPressure', 'Pregnancies', 'SkinThickness', 'Insulin']"
1677,rf_shap_list_ir_2,rf_shap_list_ir_2_subset_150,orderMean,"['Glucose', 'BMI', 'Age', 'DiabetesPedigreeFunction', 'BloodPressure', 'SkinThickness', 'Pregnancies', 'Insulin']"
1678,rf_shap_list_ir_2,rf_shap_list_ir_2_subset_150,orderStd,"['BMI', 'Glucose', 'Age', 'SkinThickness', 'BloodPressure', 'Pregnancies', 'DiabetesPedigreeFunction', 'Insulin']"
1679,rf_shap_list_ir_2,rf_shap_list_ir_2_subset_150,orderSum,"['Glucose', 'BMI', 'Age', 'DiabetesPedigreeFunction', 'BloodPressure', 'SkinThickness', 'Pregnancies', 'Insulin']"
1680,rf_shap_list_ir_5,rf_shap_list_ir_5_subset_8,orderMean,"['Glucose', 'BMI', 'Age', 'DiabetesPedigreeFunction', 'Pregnancies', 'BloodPressure', 'Insulin', 'SkinThickness']"
1681,rf_shap_list_ir_5,rf_shap_list_ir_5_subset_8,orderStd,"['Glucose', 'BMI', 'DiabetesPedigreeFunction', 'Age', 'Pregnancies', 'BloodPressure', 'Insulin', 'SkinThickness']"
1682,rf_shap_list_ir_5,rf_shap_list_ir_5_subset_8,orderSum,"['Glucose', 'BMI', 'Age', 'DiabetesPedigreeFunction', 'Pregnancies', 'BloodPressure', 'Insulin', 'SkinThickness']"
1683,rf_shap_list_ir_4,rf_shap_list_ir_4_subset_122,orderMean,"['Glucose', 'BMI', 'Age', 'DiabetesPedigreeFunction', 'Pregnancies', 'Insulin', 'BloodPressure', 'SkinThickness']"
1684,rf_shap_list_ir_4,rf_shap_list_ir_4_subset_122,orderStd,"['Glucose', 'BMI', 'Age', 'DiabetesPedigreeFunction', 'Pregnancies', 'Insulin', 'BloodPressure', 'SkinThickness']"
1685,rf_shap_list_ir_4,rf_shap_list_ir_4_subset_122,orderSum,"['Glucose', 'BMI', 'Age', 'DiabetesPedigreeFunction', 'Pregnancies', 'Insulin', 'BloodPressure', 'SkinThickness']"
1686,rf_shap_list_ir_2,rf_shap_list_ir_2_subset_75,orderMean,"['Glucose', 'BMI', 'DiabetesPedigreeFunction', 'Age', 'BloodPressure', 'Pregnancies', 'SkinThickness', 'Insulin']"
1687,rf_shap_list_ir_2,rf_shap_list_ir_2_subset_75,orderStd,"['BMI', 'Glucose', 'Age', 'BloodPressure', 'DiabetesPedigreeFunction', 'SkinThickness', 'Pregnancies', 'Insulin']"
1688,rf_shap_list_ir_2,rf_shap_list_ir_2_subset_75,orderSum,"['Glucose', 'BMI', 'DiabetesPedigreeFunction', 'Age', 'BloodPressure', 'Pregnancies', 'SkinThickness', 'Insulin']"
1689,rf_shap_list_ir_2,rf_shap_list_ir_2_subset_6,orderMean,"['Glucose', 'BMI', 'Age', 'DiabetesPedigreeFunction', 'BloodPressure', 'Insulin', 'Pregnancies', 'SkinThickness']"
1690,rf_shap_list_ir_2,rf_shap_list_ir_2_subset_6,orderStd,"['BMI', 'Glucose', 'Age', 'DiabetesPedigreeFunction', 'SkinThickness', 'BloodPressure', 'Pregnancies', 'Insulin']"
1691,rf_shap_list_ir_2,rf_shap_list_ir_2_subset_6,orderSum,"['Glucose', 'BMI', 'Age', 'DiabetesPedigreeFunction', 'BloodPressure', 'Insulin', 'Pregnancies', 'SkinThickness']"
1692,rf_shap_list_ir_1,rf_shap_list_ir_1_subset_10,orderMean,"['Glucose', 'BloodPressure', 'BMI', 'SkinThickness', 'DiabetesPedigreeFunction', 'Age', 'Pregnancies', 'Insulin']"
1693,rf_shap_list_ir_1,rf_shap_list_ir_1_subset_10,orderStd,"['Glucose', 'BMI', 'DiabetesPedigreeFunction', 'Age', 'Pregnancies', 'BloodPressure', 'SkinThickness', 'Insulin']"
1694,rf_shap_list_ir_1,rf_shap_list_ir_1_subset_10,orderSum,"['Glucose', 'BloodPressure', 'BMI', 'SkinThickness', 'DiabetesPedigreeFunction', 'Age', 'Pregnancies', 'Insulin']"
1695,rf_shap_list_ir_2,rf_shap_list_ir_2_subset_63,orderMean,"['Glucose', 'BMI', 'DiabetesPedigreeFunction', 'Age', 'Pregnancies', 'BloodPressure', 'SkinThickness', 'Insulin']"
1696,rf_shap_list_ir_2,rf_shap_list_ir_2_subset_63,orderStd,"['BMI', 'Glucose', 'Pregnancies', 'DiabetesPedigreeFunction', 'Insulin', 'Age', 'BloodPressure', 'SkinThickness']"
1697,rf_shap_list_ir_2,rf_shap_list_ir_2_subset_63,orderSum,"['Glucose', 'BMI', 'DiabetesPedigreeFunction', 'Age', 'Pregnancies', 'BloodPressure', 'SkinThickness', 'Insulin']"
1698,rf_shap_list_ir_1,rf_shap_list_ir_1_subset_28,orderMean,"['Glucose', 'BloodPressure', 'BMI', 'DiabetesPedigreeFunction', 'Age', 'Pregnancies', 'Insulin', 'SkinThickness']"
1699,rf_shap_list_ir_1,rf_shap_list_ir_1_subset_28,orderStd,"['Glucose', 'BloodPressure', 'BMI', 'Pregnancies', 'DiabetesPedigreeFunction', 'Age', 'Insulin', 'SkinThickness']"
1700,rf_shap_list_ir_1,rf_shap_list_ir_1_subset_28,orderSum,"['Glucose', 'BloodPressure', 'BMI', 'DiabetesPedigreeFunction', 'Age', 'Pregnancies', 'Insulin', 'SkinThickness']"
1701,rf_shap_list_ir_1,rf_shap_list_ir_1_subset_48,orderMean,"['Glucose', 'Insulin', 'DiabetesPedigreeFunction', 'Age', 'BMI', 'SkinThickness', 'Pregnancies', 'BloodPressure']"
1702,rf_shap_list_ir_1,rf_shap_list_ir_1_subset_48,orderStd,"['Glucose', 'DiabetesPedigreeFunction', 'Age', 'BMI', 'Insulin', 'SkinThickness', 'Pregnancies', 'BloodPressure']"
1703,rf_shap_list_ir_1,rf_shap_list_ir_1_subset_48,orderSum,"['Glucose', 'Insulin', 'DiabetesPedigreeFunction', 'Age', 'BMI', 'SkinThickness', 'Pregnancies', 'BloodPressure']"
1704,rf_shap_list_ir_5,rf_shap_list_ir_5_subset_154,orderMean,"['Glucose', 'BMI', 'Age', 'DiabetesPedigreeFunction', 'Pregnancies', 'BloodPressure', 'Insulin', 'SkinThickness']"
1705,rf_shap_list_ir_5,rf_shap_list_ir_5_subset_154,orderStd,"['Glucose', 'BMI', 'Age', 'DiabetesPedigreeFunction', 'Insulin', 'Pregnancies', 'BloodPressure', 'SkinThickness']"
1706,rf_shap_list_ir_5,rf_shap_list_ir_5_subset_154,orderSum,"['Glucose', 'BMI', 'Age', 'DiabetesPedigreeFunction', 'Pregnancies', 'BloodPressure', 'Insulin', 'SkinThickness']"
1707,rf_shap_list_ir_3,rf_shap_list_ir_3_subset_36,orderMean,"['Glucose', 'BMI', 'DiabetesPedigreeFunction', 'Age', 'BloodPressure', 'SkinThickness', 'Insulin', 'Pregnancies']"
1708,rf_shap_list_ir_3,rf_shap_list_ir_3_subset_36,orderStd,"['Glucose', 'BMI', 'Age', 'DiabetesPedigreeFunction', 'Insulin', 'SkinThickness', 'BloodPressure', 'Pregnancies']"
1709,rf_shap_list_ir_3,rf_shap_list_ir_3_subset_36,orderSum,"['Glucose', 'BMI', 'DiabetesPedigreeFunction', 'Age', 'BloodPressure', 'SkinThickness', 'Insulin', 'Pregnancies']"
1710,rf_shap_list_ir_5,rf_shap_list_ir_5_subset_17,orderMean,"['Glucose', 'BMI', 'Age', 'DiabetesPedigreeFunction', 'Pregnancies', 'BloodPressure', 'SkinThickness', 'Insulin']"
1711,rf_shap_list_ir_5,rf_shap_list_ir_5_subset_17,orderStd,"['Glucose', 'BMI', 'Age', 'DiabetesPedigreeFunction', 'BloodPressure', 'Pregnancies', 'Insulin', 'SkinThickness']"
1712,rf_shap_list_ir_5,rf_shap_list_ir_5_subset_17,orderSum,"['Glucose', 'BMI', 'Age', 'DiabetesPedigreeFunction', 'Pregnancies', 'BloodPressure', 'SkinThickness', 'Insulin']"
1713,rf_shap_list_ir_3,rf_shap_list_ir_3_subset_59,orderMean,"['Glucose', 'Age', 'BMI', 'DiabetesPedigreeFunction', 'BloodPressure', 'SkinThickness', 'Pregnancies', 'Insulin']"
1714,rf_shap_list_ir_3,rf_shap_list_ir_3_subset_59,orderStd,"['BMI', 'Glucose', 'Age', 'DiabetesPedigreeFunction', 'BloodPressure', 'SkinThickness', 'Insulin', 'Pregnancies']"
1715,rf_shap_list_ir_3,rf_shap_list_ir_3_subset_59,orderSum,"['Glucose', 'Age', 'BMI', 'DiabetesPedigreeFunction', 'BloodPressure', 'SkinThickness', 'Pregnancies', 'Insulin']"
1716,rf_shap_list_ir_3,rf_shap_list_ir_3_subset_123,orderMean,"['Glucose', 'BMI', 'DiabetesPedigreeFunction', 'BloodPressure', 'Age', 'Pregnancies', 'SkinThickness', 'Insulin']"
1717,rf_shap_list_ir_3,rf_shap_list_ir_3_subset_123,orderStd,"['BMI', 'Glucose', 'DiabetesPedigreeFunction', 'BloodPressure', 'Age', 'Insulin', 'SkinThickness', 'Pregnancies']"
1718,rf_shap_list_ir_3,rf_shap_list_ir_3_subset_123,orderSum,"['Glucose', 'BMI', 'DiabetesPedigreeFunction', 'BloodPressure', 'Age', 'Pregnancies', 'SkinThickness', 'Insulin']"
1719,rf_shap_list_ir_3,rf_shap_list_ir_3_subset_131,orderMean,"['Glucose', 'BMI', 'DiabetesPedigreeFunction', 'Age', 'BloodPressure', 'Pregnancies', 'SkinThickness', 'Insulin']"
1720,rf_shap_list_ir_3,rf_shap_list_ir_3_subset_131,orderStd,"['Glucose', 'BMI', 'DiabetesPedigreeFunction', 'BloodPressure', 'Age', 'Pregnancies', 'SkinThickness', 'Insulin']"
1721,rf_shap_list_ir_3,rf_shap_list_ir_3_subset_131,orderSum,"['Glucose', 'BMI', 'DiabetesPedigreeFunction', 'Age', 'BloodPressure', 'Pregnancies', 'SkinThickness', 'Insulin']"
1722,rf_shap_list_ir_1,rf_shap_list_ir_1_subset_111,orderMean,"['Glucose', 'Age', 'DiabetesPedigreeFunction', 'BMI', 'BloodPressure', 'Pregnancies', 'SkinThickness', 'Insulin']"
1723,rf_shap_list_ir_1,rf_shap_list_ir_1_subset_111,orderStd,"['Age', 'Glucose', 'BMI', 'DiabetesPedigreeFunction', 'BloodPressure', 'SkinThickness', 'Pregnancies', 'Insulin']"
1724,rf_shap_list_ir_1,rf_shap_list_ir_1_subset_111,orderSum,"['Glucose', 'Age', 'DiabetesPedigreeFunction', 'BMI', 'BloodPressure', 'Pregnancies', 'SkinThickness', 'Insulin']"
1725,rf_shap_list_ir_1,rf_shap_list_ir_1_subset_139,orderMean,"['Glucose', 'Age', 'BMI', 'DiabetesPedigreeFunction', 'BloodPressure', 'Insulin', 'Pregnancies', 'SkinThickness']"
1726,rf_shap_list_ir_1,rf_shap_list_ir_1_subset_139,orderStd,"['Glucose', 'BMI', 'Age', 'DiabetesPedigreeFunction', 'BloodPressure', 'Insulin', 'Pregnancies', 'SkinThickness']"
1727,rf_shap_list_ir_1,rf_shap_list_ir_1_subset_139,orderSum,"['Glucose', 'Age', 'BMI', 'DiabetesPedigreeFunction', 'BloodPressure', 'Insulin', 'Pregnancies', 'SkinThickness']"
1728,rf_shap_list_ir_2,rf_shap_list_ir_2_subset_110,orderMean,"['Glucose', 'DiabetesPedigreeFunction', 'Age', 'BMI', 'Pregnancies', 'BloodPressure', 'SkinThickness', 'Insulin']"
1729,rf_shap_list_ir_2,rf_shap_list_ir_2_subset_110,orderStd,"['Glucose', 'DiabetesPedigreeFunction', 'BMI', 'Pregnancies', 'Age', 'Insulin', 'BloodPressure', 'SkinThickness']"
1730,rf_shap_list_ir_2,rf_shap_list_ir_2_subset_110,orderSum,"['Glucose', 'DiabetesPedigreeFunction', 'Age', 'BMI', 'Pregnancies', 'BloodPressure', 'SkinThickness', 'Insulin']"
1731,rf_shap_list_ir_1,rf_shap_list_ir_1_subset_79,orderMean,"['Glucose', 'BMI', 'DiabetesPedigreeFunction', 'Pregnancies', 'BloodPressure', 'Insulin', 'Age', 'SkinThickness']"
1732,rf_shap_list_ir_1,rf_shap_list_ir_1_subset_79,orderStd,"['Glucose', 'BMI', 'Pregnancies', 'Insulin', 'DiabetesPedigreeFunction', 'BloodPressure', 'Age', 'SkinThickness']"
1733,rf_shap_list_ir_1,rf_shap_list_ir_1_subset_79,orderSum,"['Glucose', 'BMI', 'DiabetesPedigreeFunction', 'Pregnancies', 'BloodPressure', 'Insulin', 'Age', 'SkinThickness']"
1734,rf_shap_list_ir_2,rf_shap_list_ir_2_subset_61,orderMean,"['Glucose', 'BMI', 'Age', 'BloodPressure', 'DiabetesPedigreeFunction', 'Pregnancies', 'SkinThickness', 'Insulin']"
1735,rf_shap_list_ir_2,rf_shap_list_ir_2_subset_61,orderStd,"['BMI', 'Glucose', 'DiabetesPedigreeFunction', 'Age', 'BloodPressure', 'Pregnancies', 'Insulin', 'SkinThickness']"
1736,rf_shap_list_ir_2,rf_shap_list_ir_2_subset_61,orderSum,"['Glucose', 'BMI', 'Age', 'BloodPressure', 'DiabetesPedigreeFunction', 'Pregnancies', 'SkinThickness', 'Insulin']"
1737,rf_shap_list_ir_4,rf_shap_list_ir_4_subset_74,orderMean,"['Glucose', 'BMI', 'Age', 'DiabetesPedigreeFunction', 'Pregnancies', 'BloodPressure', 'Insulin', 'SkinThickness']"
1738,rf_shap_list_ir_4,rf_shap_list_ir_4_subset_74,orderStd,"['BMI', 'Glucose', 'Age', 'DiabetesPedigreeFunction', 'Pregnancies', 'BloodPressure', 'SkinThickness', 'Insulin']"
1739,rf_shap_list_ir_4,rf_shap_list_ir_4_subset_74,orderSum,"['Glucose', 'BMI', 'Age', 'DiabetesPedigreeFunction', 'Pregnancies', 'BloodPressure', 'Insulin', 'SkinThickness']"
1740,rf_shap_list_ir_4,rf_shap_list_ir_4_subset_52,orderMean,"['Glucose', 'BMI', 'DiabetesPedigreeFunction', 'Age', 'Pregnancies', 'BloodPressure', 'Insulin', 'SkinThickness']"
1741,rf_shap_list_ir_4,rf_shap_list_ir_4_subset_52,orderStd,"['Glucose', 'BMI', 'DiabetesPedigreeFunction', 'Age', 'Insulin', 'BloodPressure', 'Pregnancies', 'SkinThickness']"
1742,rf_shap_list_ir_4,rf_shap_list_ir_4_subset_52,orderSum,"['Glucose', 'BMI', 'DiabetesPedigreeFunction', 'Age', 'Pregnancies', 'BloodPressure', 'Insulin', 'SkinThickness']"
1743,rf_shap_list_ir_2,rf_shap_list_ir_2_subset_84,orderMean,"['Glucose', 'Age', 'BMI', 'DiabetesPedigreeFunction', 'BloodPressure', 'Pregnancies', 'Insulin', 'SkinThickness']"
1744,rf_shap_list_ir_2,rf_shap_list_ir_2_subset_84,orderStd,"['Glucose', 'BMI', 'Age', 'DiabetesPedigreeFunction', 'BloodPressure', 'SkinThickness', 'Pregnancies', 'Insulin']"
1745,rf_shap_list_ir_2,rf_shap_list_ir_2_subset_84,orderSum,"['Glucose', 'Age', 'BMI', 'DiabetesPedigreeFunction', 'BloodPressure', 'Pregnancies', 'Insulin', 'SkinThickness']"
1746,rf_shap_list_ir_4,rf_shap_list_ir_4_subset_150,orderMean,"['Glucose', 'BMI', 'Age', 'Pregnancies', 'DiabetesPedigreeFunction', 'Insulin', 'BloodPressure', 'SkinThickness']"
1747,rf_shap_list_ir_4,rf_shap_list_ir_4_subset_150,orderStd,"['Glucose', 'BMI', 'Age', 'DiabetesPedigreeFunction', 'Pregnancies', 'Insulin', 'SkinThickness', 'BloodPressure']"
1748,rf_shap_list_ir_4,rf_shap_list_ir_4_subset_150,orderSum,"['Glucose', 'BMI', 'Age', 'Pregnancies', 'DiabetesPedigreeFunction', 'Insulin', 'BloodPressure', 'SkinThickness']"
1749,rf_shap_list_ir_1,rf_shap_list_ir_1_subset_50,orderMean,"['Glucose', 'Age', 'BMI', 'Insulin', 'BloodPressure', 'DiabetesPedigreeFunction', 'SkinThickness', 'Pregnancies']"
1750,rf_shap_list_ir_1,rf_shap_list_ir_1_subset_50,orderStd,"['Glucose', 'Age', 'Insulin', 'BMI', 'BloodPressure', 'Pregnancies', 'SkinThickness', 'DiabetesPedigreeFunction']"
1751,rf_shap_list_ir_1,rf_shap_list_ir_1_subset_50,orderSum,"['Glucose', 'Age', 'BMI', 'Insulin', 'BloodPressure', 'DiabetesPedigreeFunction', 'SkinThickness', 'Pregnancies']"
1752,rf_shap_list_ir_3,rf_shap_list_ir_3_subset_24,orderMean,"['Glucose', 'BMI', 'DiabetesPedigreeFunction', 'Age', 'Insulin', 'SkinThickness', 'BloodPressure', 'Pregnancies']"
1753,rf_shap_list_ir_3,rf_shap_list_ir_3_subset_24,orderStd,"['Glucose', 'BMI', 'DiabetesPedigreeFunction', 'Insulin', 'Age', 'Pregnancies', 'SkinThickness', 'BloodPressure']"
1754,rf_shap_list_ir_3,rf_shap_list_ir_3_subset_24,orderSum,"['Glucose', 'BMI', 'DiabetesPedigreeFunction', 'Age', 'Insulin', 'SkinThickness', 'BloodPressure', 'Pregnancies']"
1755,rf_shap_list_ir_3,rf_shap_list_ir_3_subset_72,orderMean,"['Glucose', 'BMI', 'DiabetesPedigreeFunction', 'Pregnancies', 'Age', 'BloodPressure', 'Insulin', 'SkinThickness']"
1756,rf_shap_list_ir_3,rf_shap_list_ir_3_subset_72,orderStd,"['BMI', 'Glucose', 'DiabetesPedigreeFunction', 'Age', 'Pregnancies', 'Insulin', 'BloodPressure', 'SkinThickness']"
1757,rf_shap_list_ir_3,rf_shap_list_ir_3_subset_72,orderSum,"['Glucose', 'BMI', 'DiabetesPedigreeFunction', 'Pregnancies', 'Age', 'BloodPressure', 'Insulin', 'SkinThickness']"
1758,rf_shap_list_ir_5,rf_shap_list_ir_5_subset_100,orderMean,"['Glucose', 'BMI', 'Age', 'DiabetesPedigreeFunction', 'Pregnancies', 'SkinThickness', 'BloodPressure', 'Insulin']"
1759,rf_shap_list_ir_5,rf_shap_list_ir_5_subset_100,orderStd,"['Glucose', 'BMI', 'Age', 'DiabetesPedigreeFunction', 'SkinThickness', 'Insulin', 'BloodPressure', 'Pregnancies']"
1760,rf_shap_list_ir_5,rf_shap_list_ir_5_subset_100,orderSum,"['Glucose', 'BMI', 'Age', 'DiabetesPedigreeFunction', 'Pregnancies', 'SkinThickness', 'BloodPressure', 'Insulin']"
1761,rf_shap_list_ir_5,rf_shap_list_ir_5_subset_133,orderMean,"['Glucose', 'Age', 'BMI', 'DiabetesPedigreeFunction', 'BloodPressure', 'SkinThickness', 'Insulin', 'Pregnancies']"
1762,rf_shap_list_ir_5,rf_shap_list_ir_5_subset_133,orderStd,"['Glucose', 'BMI', 'Age', 'DiabetesPedigreeFunction', 'Insulin', 'BloodPressure', 'SkinThickness', 'Pregnancies']"
1763,rf_shap_list_ir_5,rf_shap_list_ir_5_subset_133,orderSum,"['Glucose', 'Age', 'BMI', 'DiabetesPedigreeFunction', 'BloodPressure', 'SkinThickness', 'Insulin', 'Pregnancies']"
1764,rf_shap_list_ir_3,rf_shap_list_ir_3_subset_83,orderMean,"['Glucose', 'BMI', 'Age', 'DiabetesPedigreeFunction', 'SkinThickness', 'Pregnancies', 'BloodPressure', 'Insulin']"
1765,rf_shap_list_ir_3,rf_shap_list_ir_3_subset_83,orderStd,"['BMI', 'Glucose', 'DiabetesPedigreeFunction', 'Age', 'Insulin', 'Pregnancies', 'SkinThickness', 'BloodPressure']"
1766,rf_shap_list_ir_3,rf_shap_list_ir_3_subset_83,orderSum,"['Glucose', 'BMI', 'Age', 'DiabetesPedigreeFunction', 'SkinThickness', 'Pregnancies', 'BloodPressure', 'Insulin']"
1767,rf_shap_list_ir_2,rf_shap_list_ir_2_subset_64,orderMean,"['Glucose', 'BMI', 'Age', 'DiabetesPedigreeFunction', 'Pregnancies', 'Insulin', 'BloodPressure', 'SkinThickness']"
1768,rf_shap_list_ir_2,rf_shap_list_ir_2_subset_64,orderStd,"['Glucose', 'BMI', 'Age', 'DiabetesPedigreeFunction', 'Insulin', 'Pregnancies', 'SkinThickness', 'BloodPressure']"
1769,rf_shap_list_ir_2,rf_shap_list_ir_2_subset_64,orderSum,"['Glucose', 'BMI', 'Age', 'DiabetesPedigreeFunction', 'Pregnancies', 'Insulin', 'BloodPressure', 'SkinThickness']"
1770,rf_shap_list_ir_1,rf_shap_list_ir_1_subset_6,orderMean,"['Glucose', 'BMI', 'SkinThickness', 'DiabetesPedigreeFunction', 'Age', 'BloodPressure', 'Insulin', 'Pregnancies']"
1771,rf_shap_list_ir_1,rf_shap_list_ir_1_subset_6,orderStd,"['Glucose', 'BMI', 'DiabetesPedigreeFunction', 'SkinThickness', 'Age', 'Pregnancies', 'BloodPressure', 'Insulin']"
1772,rf_shap_list_ir_1,rf_shap_list_ir_1_subset_6,orderSum,"['Glucose', 'BMI', 'SkinThickness', 'DiabetesPedigreeFunction', 'Age', 'BloodPressure', 'Insulin', 'Pregnancies']"
1773,rf_shap_list_ir_1,rf_shap_list_ir_1_subset_60,orderMean,"['Glucose', 'BMI', 'DiabetesPedigreeFunction', 'BloodPressure', 'Pregnancies', 'Age', 'SkinThickness', 'Insulin']"
1774,rf_shap_list_ir_1,rf_shap_list_ir_1_subset_60,orderStd,"['Glucose', 'BloodPressure', 'DiabetesPedigreeFunction', 'BMI', 'Insulin', 'Age', 'Pregnancies', 'SkinThickness']"
1775,rf_shap_list_ir_1,rf_shap_list_ir_1_subset_60,orderSum,"['Glucose', 'BMI', 'DiabetesPedigreeFunction', 'BloodPressure', 'Pregnancies', 'Age', 'SkinThickness', 'Insulin']"
1776,rf_shap_list_ir_4,rf_shap_list_ir_4_subset_45,orderMean,"['Glucose', 'BMI', 'Age', 'DiabetesPedigreeFunction', 'SkinThickness', 'Pregnancies', 'BloodPressure', 'Insulin']"
1777,rf_shap_list_ir_4,rf_shap_list_ir_4_subset_45,orderStd,"['Glucose', 'BMI', 'Age', 'DiabetesPedigreeFunction', 'Insulin', 'BloodPressure', 'SkinThickness', 'Pregnancies']"
1778,rf_shap_list_ir_4,rf_shap_list_ir_4_subset_45,orderSum,"['Glucose', 'BMI', 'Age', 'DiabetesPedigreeFunction', 'SkinThickness', 'Pregnancies', 'BloodPressure', 'Insulin']"
1779,rf_shap_list_ir_5,rf_shap_list_ir_5_subset_63,orderMean,"['Glucose', 'BMI', 'Age', 'DiabetesPedigreeFunction', 'Pregnancies', 'BloodPressure', 'Insulin', 'SkinThickness']"
1780,rf_shap_list_ir_5,rf_shap_list_ir_5_subset_63,orderStd,"['Glucose', 'BMI', 'Age', 'DiabetesPedigreeFunction', 'Pregnancies', 'Insulin', 'SkinThickness', 'BloodPressure']"
1781,rf_shap_list_ir_5,rf_shap_list_ir_5_subset_63,orderSum,"['Glucose', 'BMI', 'Age', 'DiabetesPedigreeFunction', 'Pregnancies', 'BloodPressure', 'Insulin', 'SkinThickness']"
1782,rf_shap_list_ir_4,rf_shap_list_ir_4_subset_44,orderMean,"['Glucose', 'BMI', 'Age', 'DiabetesPedigreeFunction', 'Pregnancies', 'SkinThickness', 'BloodPressure', 'Insulin']"
1783,rf_shap_list_ir_4,rf_shap_list_ir_4_subset_44,orderStd,"['Glucose', 'BMI', 'DiabetesPedigreeFunction', 'Age', 'Pregnancies', 'Insulin', 'BloodPressure', 'SkinThickness']"
1784,rf_shap_list_ir_4,rf_shap_list_ir_4_subset_44,orderSum,"['Glucose', 'BMI', 'Age', 'DiabetesPedigreeFunction', 'Pregnancies', 'SkinThickness', 'BloodPressure', 'Insulin']"
1785,rf_shap_list_ir_2,rf_shap_list_ir_2_subset_156,orderMean,"['Glucose', 'BMI', 'Age', 'Pregnancies', 'DiabetesPedigreeFunction', 'BloodPressure', 'SkinThickness', 'Insulin']"
1786,rf_shap_list_ir_2,rf_shap_list_ir_2_subset_156,orderStd,"['Glucose', 'Age', 'BMI', 'DiabetesPedigreeFunction', 'Insulin', 'Pregnancies', 'BloodPressure', 'SkinThickness']"
1787,rf_shap_list_ir_2,rf_shap_list_ir_2_subset_156,orderSum,"['Glucose', 'BMI', 'Age', 'Pregnancies', 'DiabetesPedigreeFunction', 'BloodPressure', 'SkinThickness', 'Insulin']"
1788,rf_shap_list_ir_2,rf_shap_list_ir_2_subset_27,orderMean,"['Glucose', 'BMI', 'Age', 'DiabetesPedigreeFunction', 'BloodPressure', 'Insulin', 'SkinThickness', 'Pregnancies']"
1789,rf_shap_list_ir_2,rf_shap_list_ir_2_subset_27,orderStd,"['Glucose', 'BMI', 'Age', 'Pregnancies', 'DiabetesPedigreeFunction', 'SkinThickness', 'BloodPressure', 'Insulin']"
1790,rf_shap_list_ir_2,rf_shap_list_ir_2_subset_27,orderSum,"['Glucose', 'BMI', 'Age', 'DiabetesPedigreeFunction', 'BloodPressure', 'Insulin', 'SkinThickness', 'Pregnancies']"
1791,rf_shap_list_ir_2,rf_shap_list_ir_2_subset_100,orderMean,"['Glucose', 'BMI', 'DiabetesPedigreeFunction', 'Age', 'Pregnancies', 'BloodPressure', 'SkinThickness', 'Insulin']"
1792,rf_shap_list_ir_2,rf_shap_list_ir_2_subset_100,orderStd,"['BMI', 'Glucose', 'DiabetesPedigreeFunction', 'Age', 'Pregnancies', 'BloodPressure', 'SkinThickness', 'Insulin']"
1793,rf_shap_list_ir_2,rf_shap_list_ir_2_subset_100,orderSum,"['Glucose', 'BMI', 'DiabetesPedigreeFunction', 'Age', 'Pregnancies', 'BloodPressure', 'SkinThickness', 'Insulin']"
1794,rf_shap_list_ir_5,rf_shap_list_ir_5_subset_109,orderMean,"['Glucose', 'BMI', 'DiabetesPedigreeFunction', 'Age', 'Pregnancies', 'SkinThickness', 'BloodPressure', 'Insulin']"
1795,rf_shap_list_ir_5,rf_shap_list_ir_5_subset_109,orderStd,"['Glucose', 'BMI', 'DiabetesPedigreeFunction', 'Age', 'Pregnancies', 'SkinThickness', 'BloodPressure', 'Insulin']"
1796,rf_shap_list_ir_5,rf_shap_list_ir_5_subset_109,orderSum,"['Glucose', 'BMI', 'DiabetesPedigreeFunction', 'Age', 'Pregnancies', 'SkinThickness', 'BloodPressure', 'Insulin']"
1797,rf_shap_list_ir_3,rf_shap_list_ir_3_subset_143,orderMean,"['Glucose', 'DiabetesPedigreeFunction', 'BMI', 'Age', 'BloodPressure', 'Pregnancies', 'SkinThickness', 'Insulin']"
1798,rf_shap_list_ir_3,rf_shap_list_ir_3_subset_143,orderStd,"['Glucose', 'BMI', 'Age', 'DiabetesPedigreeFunction', 'BloodPressure', 'SkinThickness', 'Pregnancies', 'Insulin']"
1799,rf_shap_list_ir_3,rf_shap_list_ir_3_subset_143,orderSum,"['Glucose', 'DiabetesPedigreeFunction', 'BMI', 'Age', 'BloodPressure', 'Pregnancies', 'SkinThickness', 'Insulin']"
1800,rf_shap_list_ir_5,rf_shap_list_ir_5_subset_25,orderMean,"['Glucose', 'BMI', 'Age', 'DiabetesPedigreeFunction', 'Pregnancies', 'Insulin', 'BloodPressure', 'SkinThickness']"
1801,rf_shap_list_ir_5,rf_shap_list_ir_5_subset_25,orderStd,"['Glucose', 'BMI', 'Age', 'DiabetesPedigreeFunction', 'Pregnancies', 'Insulin', 'BloodPressure', 'SkinThickness']"
1802,rf_shap_list_ir_5,rf_shap_list_ir_5_subset_25,orderSum,"['Glucose', 'BMI', 'Age', 'DiabetesPedigreeFunction', 'Pregnancies', 'Insulin', 'BloodPressure', 'SkinThickness']"
1803,rf_shap_list_ir_1,rf_shap_list_ir_1_subset_55,orderMean,"['Glucose', 'BMI', 'Age', 'Pregnancies', 'DiabetesPedigreeFunction', 'SkinThickness', 'Insulin', 'BloodPressure']"
1804,rf_shap_list_ir_1,rf_shap_list_ir_1_subset_55,orderStd,"['BMI', 'Glucose', 'Age', 'Insulin', 'Pregnancies', 'BloodPressure', 'DiabetesPedigreeFunction', 'SkinThickness']"
1805,rf_shap_list_ir_1,rf_shap_list_ir_1_subset_55,orderSum,"['Glucose', 'BMI', 'Age', 'Pregnancies', 'DiabetesPedigreeFunction', 'SkinThickness', 'Insulin', 'BloodPressure']"
1806,rf_shap_list_ir_1,rf_shap_list_ir_1_subset_142,orderMean,"['BMI', 'Glucose', 'DiabetesPedigreeFunction', 'Age', 'Pregnancies', 'BloodPressure', 'Insulin', 'SkinThickness']"
1807,rf_shap_list_ir_1,rf_shap_list_ir_1_subset_142,orderStd,"['BMI', 'Glucose', 'Age', 'Pregnancies', 'DiabetesPedigreeFunction', 'SkinThickness', 'Insulin', 'BloodPressure']"
1808,rf_shap_list_ir_1,rf_shap_list_ir_1_subset_142,orderSum,"['BMI', 'Glucose', 'DiabetesPedigreeFunction', 'Age', 'Pregnancies', 'BloodPressure', 'Insulin', 'SkinThickness']"
1809,rf_shap_list_ir_1,rf_shap_list_ir_1_subset_110,orderMean,"['Glucose', 'DiabetesPedigreeFunction', 'BMI', 'Age', 'BloodPressure', 'SkinThickness', 'Insulin', 'Pregnancies']"
1810,rf_shap_list_ir_1,rf_shap_list_ir_1_subset_110,orderStd,"['Glucose', 'DiabetesPedigreeFunction', 'Age', 'BMI', 'BloodPressure', 'SkinThickness', 'Insulin', 'Pregnancies']"
1811,rf_shap_list_ir_1,rf_shap_list_ir_1_subset_110,orderSum,"['Glucose', 'DiabetesPedigreeFunction', 'BMI', 'Age', 'BloodPressure', 'SkinThickness', 'Insulin', 'Pregnancies']"
1812,rf_shap_list_ir_5,rf_shap_list_ir_5_subset_97,orderMean,"['Glucose', 'BMI', 'Age', 'Pregnancies', 'DiabetesPedigreeFunction', 'Insulin', 'BloodPressure', 'SkinThickness']"
1813,rf_shap_list_ir_5,rf_shap_list_ir_5_subset_97,orderStd,"['Glucose', 'BMI', 'Age', 'DiabetesPedigreeFunction', 'Pregnancies', 'Insulin', 'BloodPressure', 'SkinThickness']"
1814,rf_shap_list_ir_5,rf_shap_list_ir_5_subset_97,orderSum,"['Glucose', 'BMI', 'Age', 'Pregnancies', 'DiabetesPedigreeFunction', 'Insulin', 'BloodPressure', 'SkinThickness']"
1815,rf_shap_list_ir_5,rf_shap_list_ir_5_subset_81,orderMean,"['Glucose', 'Age', 'BMI', 'DiabetesPedigreeFunction', 'Pregnancies', 'BloodPressure', 'SkinThickness', 'Insulin']"
1816,rf_shap_list_ir_5,rf_shap_list_ir_5_subset_81,orderStd,"['Glucose', 'BMI', 'Age', 'DiabetesPedigreeFunction', 'Pregnancies', 'BloodPressure', 'Insulin', 'SkinThickness']"
1817,rf_shap_list_ir_5,rf_shap_list_ir_5_subset_81,orderSum,"['Glucose', 'Age', 'BMI', 'DiabetesPedigreeFunction', 'Pregnancies', 'BloodPressure', 'SkinThickness', 'Insulin']"
1818,rf_shap_list_ir_5,rf_shap_list_ir_5_subset_26,orderMean,"['Glucose', 'Age', 'BMI', 'DiabetesPedigreeFunction', 'Pregnancies', 'Insulin', 'BloodPressure', 'SkinThickness']"
1819,rf_shap_list_ir_5,rf_shap_list_ir_5_subset_26,orderStd,"['Glucose', 'BMI', 'Age', 'DiabetesPedigreeFunction', 'Pregnancies', 'Insulin', 'SkinThickness', 'BloodPressure']"
1820,rf_shap_list_ir_5,rf_shap_list_ir_5_subset_26,orderSum,"['Glucose', 'Age', 'BMI', 'DiabetesPedigreeFunction', 'Pregnancies', 'Insulin', 'BloodPressure', 'SkinThickness']"
1821,rf_shap_list_ir_1,rf_shap_list_ir_1_subset_66,orderMean,"['Glucose', 'Age', 'BloodPressure', 'DiabetesPedigreeFunction', 'BMI', 'Pregnancies', 'Insulin', 'SkinThickness']"
1822,rf_shap_list_ir_1,rf_shap_list_ir_1_subset_66,orderStd,"['BloodPressure', 'Age', 'Glucose', 'DiabetesPedigreeFunction', 'BMI', 'SkinThickness', 'Insulin', 'Pregnancies']"
1823,rf_shap_list_ir_1,rf_shap_list_ir_1_subset_66,orderSum,"['Glucose', 'Age', 'BloodPressure', 'DiabetesPedigreeFunction', 'BMI', 'Pregnancies', 'Insulin', 'SkinThickness']"
1824,rf_shap_list_ir_3,rf_shap_list_ir_3_subset_34,orderMean,"['Glucose', 'BMI', 'DiabetesPedigreeFunction', 'Age', 'SkinThickness', 'BloodPressure', 'Pregnancies', 'Insulin']"
1825,rf_shap_list_ir_3,rf_shap_list_ir_3_subset_34,orderStd,"['Glucose', 'BMI', 'Age', 'DiabetesPedigreeFunction', 'SkinThickness', 'Pregnancies', 'BloodPressure', 'Insulin']"
1826,rf_shap_list_ir_3,rf_shap_list_ir_3_subset_34,orderSum,"['Glucose', 'BMI', 'DiabetesPedigreeFunction', 'Age', 'SkinThickness', 'BloodPressure', 'Pregnancies', 'Insulin']"
1827,rf_shap_list_ir_2,rf_shap_list_ir_2_subset_24,orderMean,"['Glucose', 'BMI', 'Age', 'DiabetesPedigreeFunction', 'Insulin', 'BloodPressure', 'SkinThickness', 'Pregnancies']"
1828,rf_shap_list_ir_2,rf_shap_list_ir_2_subset_24,orderStd,"['BMI', 'Glucose', 'Age', 'DiabetesPedigreeFunction', 'BloodPressure', 'Insulin', 'SkinThickness', 'Pregnancies']"
1829,rf_shap_list_ir_2,rf_shap_list_ir_2_subset_24,orderSum,"['Glucose', 'BMI', 'Age', 'DiabetesPedigreeFunction', 'Insulin', 'BloodPressure', 'SkinThickness', 'Pregnancies']"
1830,rf_shap_list_ir_5,rf_shap_list_ir_5_subset_128,orderMean,"['Glucose', 'BMI', 'Age', 'Pregnancies', 'DiabetesPedigreeFunction', 'BloodPressure', 'SkinThickness', 'Insulin']"
1831,rf_shap_list_ir_5,rf_shap_list_ir_5_subset_128,orderStd,"['Glucose', 'BMI', 'Age', 'DiabetesPedigreeFunction', 'Pregnancies', 'Insulin', 'SkinThickness', 'BloodPressure']"
1832,rf_shap_list_ir_5,rf_shap_list_ir_5_subset_128,orderSum,"['Glucose', 'BMI', 'Age', 'Pregnancies', 'DiabetesPedigreeFunction', 'BloodPressure', 'SkinThickness', 'Insulin']"
1833,rf_shap_list_ir_3,rf_shap_list_ir_3_subset_76,orderMean,"['Glucose', 'BMI', 'Age', 'DiabetesPedigreeFunction', 'BloodPressure', 'Pregnancies', 'SkinThickness', 'Insulin']"
1834,rf_shap_list_ir_3,rf_shap_list_ir_3_subset_76,orderStd,"['Glucose', 'BMI', 'BloodPressure', 'DiabetesPedigreeFunction', 'Age', 'Pregnancies', 'SkinThickness', 'Insulin']"
1835,rf_shap_list_ir_3,rf_shap_list_ir_3_subset_76,orderSum,"['Glucose', 'BMI', 'Age', 'DiabetesPedigreeFunction', 'BloodPressure', 'Pregnancies', 'SkinThickness', 'Insulin']"
1836,rf_shap_list_ir_5,rf_shap_list_ir_5_subset_7,orderMean,"['Glucose', 'BMI', 'Age', 'DiabetesPedigreeFunction', 'Pregnancies', 'BloodPressure', 'Insulin', 'SkinThickness']"
1837,rf_shap_list_ir_5,rf_shap_list_ir_5_subset_7,orderStd,"['BMI', 'Glucose', 'DiabetesPedigreeFunction', 'Age', 'Insulin', 'Pregnancies', 'BloodPressure', 'SkinThickness']"
1838,rf_shap_list_ir_5,rf_shap_list_ir_5_subset_7,orderSum,"['Glucose', 'BMI', 'Age', 'DiabetesPedigreeFunction', 'Pregnancies', 'BloodPressure', 'Insulin', 'SkinThickness']"
1839,rf_shap_list_ir_5,rf_shap_list_ir_5_subset_33,orderMean,"['Glucose', 'BMI', 'DiabetesPedigreeFunction', 'Age', 'Pregnancies', 'BloodPressure', 'Insulin', 'SkinThickness']"
1840,rf_shap_list_ir_5,rf_shap_list_ir_5_subset_33,orderStd,"['BMI', 'Glucose', 'DiabetesPedigreeFunction', 'Age', 'Insulin', 'BloodPressure', 'Pregnancies', 'SkinThickness']"
1841,rf_shap_list_ir_5,rf_shap_list_ir_5_subset_33,orderSum,"['Glucose', 'BMI', 'DiabetesPedigreeFunction', 'Age', 'Pregnancies', 'BloodPressure', 'Insulin', 'SkinThickness']"
1842,rf_shap_list_ir_4,rf_shap_list_ir_4_subset_147,orderMean,"['Glucose', 'BMI', 'DiabetesPedigreeFunction', 'Age', 'BloodPressure', 'Pregnancies', 'Insulin', 'SkinThickness']"
1843,rf_shap_list_ir_4,rf_shap_list_ir_4_subset_147,orderStd,"['Glucose', 'BMI', 'Age', 'DiabetesPedigreeFunction', 'Insulin', 'BloodPressure', 'SkinThickness', 'Pregnancies']"
1844,rf_shap_list_ir_4,rf_shap_list_ir_4_subset_147,orderSum,"['Glucose', 'BMI', 'DiabetesPedigreeFunction', 'Age', 'BloodPressure', 'Pregnancies', 'Insulin', 'SkinThickness']"
1845,rf_shap_list_ir_5,rf_shap_list_ir_5_subset_72,orderMean,"['Glucose', 'BMI', 'Age', 'DiabetesPedigreeFunction', 'Pregnancies', 'BloodPressure', 'SkinThickness', 'Insulin']"
1846,rf_shap_list_ir_5,rf_shap_list_ir_5_subset_72,orderStd,"['BMI', 'Glucose', 'Age', 'DiabetesPedigreeFunction', 'Pregnancies', 'BloodPressure', 'Insulin', 'SkinThickness']"
1847,rf_shap_list_ir_5,rf_shap_list_ir_5_subset_72,orderSum,"['Glucose', 'BMI', 'Age', 'DiabetesPedigreeFunction', 'Pregnancies', 'BloodPressure', 'SkinThickness', 'Insulin']"
1848,rf_shap_list_ir_5,rf_shap_list_ir_5_subset_58,orderMean,"['Glucose', 'BMI', 'Age', 'DiabetesPedigreeFunction', 'Pregnancies', 'BloodPressure', 'Insulin', 'SkinThickness']"
1849,rf_shap_list_ir_5,rf_shap_list_ir_5_subset_58,orderStd,"['Glucose', 'BMI', 'Age', 'DiabetesPedigreeFunction', 'BloodPressure', 'Insulin', 'Pregnancies', 'SkinThickness']"
1850,rf_shap_list_ir_5,rf_shap_list_ir_5_subset_58,orderSum,"['Glucose', 'BMI', 'Age', 'DiabetesPedigreeFunction', 'Pregnancies', 'BloodPressure', 'Insulin', 'SkinThickness']"
1851,rf_shap_list_ir_1,rf_shap_list_ir_1_subset_93,orderMean,"['Glucose', 'BMI', 'Age', 'DiabetesPedigreeFunction', 'Pregnancies', 'BloodPressure', 'SkinThickness', 'Insulin']"
1852,rf_shap_list_ir_1,rf_shap_list_ir_1_subset_93,orderStd,"['Glucose', 'BMI', 'DiabetesPedigreeFunction', 'Age', 'SkinThickness', 'BloodPressure', 'Pregnancies', 'Insulin']"
1853,rf_shap_list_ir_1,rf_shap_list_ir_1_subset_93,orderSum,"['Glucose', 'BMI', 'Age', 'DiabetesPedigreeFunction', 'Pregnancies', 'BloodPressure', 'SkinThickness', 'Insulin']"
1854,rf_shap_list_ir_5,rf_shap_list_ir_5_subset_95,orderMean,"['Glucose', 'BMI', 'Pregnancies', 'DiabetesPedigreeFunction', 'Age', 'BloodPressure', 'SkinThickness', 'Insulin']"
1855,rf_shap_list_ir_5,rf_shap_list_ir_5_subset_95,orderStd,"['BMI', 'Glucose', 'DiabetesPedigreeFunction', 'Age', 'Pregnancies', 'BloodPressure', 'Insulin', 'SkinThickness']"
1856,rf_shap_list_ir_5,rf_shap_list_ir_5_subset_95,orderSum,"['Glucose', 'BMI', 'Pregnancies', 'DiabetesPedigreeFunction', 'Age', 'BloodPressure', 'SkinThickness', 'Insulin']"
1857,rf_shap_list_ir_1,rf_shap_list_ir_1_subset_120,orderMean,"['Glucose', 'BMI', 'DiabetesPedigreeFunction', 'Age', 'BloodPressure', 'Pregnancies', 'Insulin', 'SkinThickness']"
1858,rf_shap_list_ir_1,rf_shap_list_ir_1_subset_120,orderStd,"['Glucose', 'BMI', 'DiabetesPedigreeFunction', 'Age', 'Insulin', 'BloodPressure', 'Pregnancies', 'SkinThickness']"
1859,rf_shap_list_ir_1,rf_shap_list_ir_1_subset_120,orderSum,"['Glucose', 'BMI', 'DiabetesPedigreeFunction', 'Age', 'BloodPressure', 'Pregnancies', 'Insulin', 'SkinThickness']"
1860,rf_shap_list_ir_4,rf_shap_list_ir_4_subset_78,orderMean,"['Glucose', 'BMI', 'Pregnancies', 'Age', 'DiabetesPedigreeFunction', 'Insulin', 'SkinThickness', 'BloodPressure']"
1861,rf_shap_list_ir_4,rf_shap_list_ir_4_subset_78,orderStd,"['Glucose', 'BMI', 'DiabetesPedigreeFunction', 'Age', 'Pregnancies', 'Insulin', 'BloodPressure', 'SkinThickness']"
1862,rf_shap_list_ir_4,rf_shap_list_ir_4_subset_78,orderSum,"['Glucose', 'BMI', 'Pregnancies', 'Age', 'DiabetesPedigreeFunction', 'Insulin', 'SkinThickness', 'BloodPressure']"
1863,rf_shap_list_ir_2,rf_shap_list_ir_2_subset_125,orderMean,"['Glucose', 'BMI', 'DiabetesPedigreeFunction', 'Pregnancies', 'SkinThickness', 'Insulin', 'Age', 'BloodPressure']"
1864,rf_shap_list_ir_2,rf_shap_list_ir_2_subset_125,orderStd,"['BMI', 'Glucose', 'Pregnancies', 'DiabetesPedigreeFunction', 'BloodPressure', 'Insulin', 'Age', 'SkinThickness']"
1865,rf_shap_list_ir_2,rf_shap_list_ir_2_subset_125,orderSum,"['Glucose', 'BMI', 'DiabetesPedigreeFunction', 'Pregnancies', 'SkinThickness', 'Insulin', 'Age', 'BloodPressure']"
1866,rf_shap_list_ir_4,rf_shap_list_ir_4_subset_83,orderMean,"['Glucose', 'BMI', 'Age', 'DiabetesPedigreeFunction', 'Pregnancies', 'BloodPressure', 'SkinThickness', 'Insulin']"
1867,rf_shap_list_ir_4,rf_shap_list_ir_4_subset_83,orderStd,"['BMI', 'Glucose', 'Age', 'DiabetesPedigreeFunction', 'Pregnancies', 'Insulin', 'BloodPressure', 'SkinThickness']"
1868,rf_shap_list_ir_4,rf_shap_list_ir_4_subset_83,orderSum,"['Glucose', 'BMI', 'Age', 'DiabetesPedigreeFunction', 'Pregnancies', 'BloodPressure', 'SkinThickness', 'Insulin']"
1869,rf_shap_list_ir_1,rf_shap_list_ir_1_subset_57,orderMean,"['DiabetesPedigreeFunction', 'Pregnancies', 'Glucose', 'Age', 'BMI', 'BloodPressure', 'Insulin', 'SkinThickness']"
1870,rf_shap_list_ir_1,rf_shap_list_ir_1_subset_57,orderStd,"['DiabetesPedigreeFunction', 'Glucose', 'Age', 'BMI', 'Pregnancies', 'BloodPressure', 'Insulin', 'SkinThickness']"
1871,rf_shap_list_ir_1,rf_shap_list_ir_1_subset_57,orderSum,"['DiabetesPedigreeFunction', 'Pregnancies', 'Glucose', 'Age', 'BMI', 'BloodPressure', 'Insulin', 'SkinThickness']"
1872,rf_shap_list_ir_3,rf_shap_list_ir_3_subset_97,orderMean,"['Glucose', 'Age', 'BMI', 'DiabetesPedigreeFunction', 'Pregnancies', 'BloodPressure', 'SkinThickness', 'Insulin']"
1873,rf_shap_list_ir_3,rf_shap_list_ir_3_subset_97,orderStd,"['Glucose', 'BMI', 'Age', 'Pregnancies', 'DiabetesPedigreeFunction', 'BloodPressure', 'Insulin', 'SkinThickness']"
1874,rf_shap_list_ir_3,rf_shap_list_ir_3_subset_97,orderSum,"['Glucose', 'Age', 'BMI', 'DiabetesPedigreeFunction', 'Pregnancies', 'BloodPressure', 'SkinThickness', 'Insulin']"
1875,rf_shap_list_ir_5,rf_shap_list_ir_5_subset_135,orderMean,"['Glucose', 'Age', 'DiabetesPedigreeFunction', 'Pregnancies', 'BMI', 'Insulin', 'BloodPressure', 'SkinThickness']"
1876,rf_shap_list_ir_5,rf_shap_list_ir_5_subset_135,orderStd,"['Glucose', 'Age', 'BMI', 'DiabetesPedigreeFunction', 'Pregnancies', 'Insulin', 'BloodPressure', 'SkinThickness']"
1877,rf_shap_list_ir_5,rf_shap_list_ir_5_subset_135,orderSum,"['Glucose', 'Age', 'DiabetesPedigreeFunction', 'Pregnancies', 'BMI', 'Insulin', 'BloodPressure', 'SkinThickness']"
1878,rf_shap_list_ir_4,rf_shap_list_ir_4_subset_115,orderMean,"['Glucose', 'BMI', 'Age', 'DiabetesPedigreeFunction', 'Pregnancies', 'BloodPressure', 'SkinThickness', 'Insulin']"
1879,rf_shap_list_ir_4,rf_shap_list_ir_4_subset_115,orderStd,"['BMI', 'Glucose', 'Age', 'DiabetesPedigreeFunction', 'Pregnancies', 'BloodPressure', 'Insulin', 'SkinThickness']"
1880,rf_shap_list_ir_4,rf_shap_list_ir_4_subset_115,orderSum,"['Glucose', 'BMI', 'Age', 'DiabetesPedigreeFunction', 'Pregnancies', 'BloodPressure', 'SkinThickness', 'Insulin']"
1881,rf_shap_list_ir_4,rf_shap_list_ir_4_subset_90,orderMean,"['Glucose', 'BMI', 'Age', 'Pregnancies', 'DiabetesPedigreeFunction', 'BloodPressure', 'SkinThickness', 'Insulin']"
1882,rf_shap_list_ir_4,rf_shap_list_ir_4_subset_90,orderStd,"['Glucose', 'BMI', 'Age', 'DiabetesPedigreeFunction', 'Pregnancies', 'Insulin', 'BloodPressure', 'SkinThickness']"
1883,rf_shap_list_ir_4,rf_shap_list_ir_4_subset_90,orderSum,"['Glucose', 'BMI', 'Age', 'Pregnancies', 'DiabetesPedigreeFunction', 'BloodPressure', 'SkinThickness', 'Insulin']"
1884,rf_shap_list_ir_3,rf_shap_list_ir_3_subset_38,orderMean,"['Glucose', 'BMI', 'DiabetesPedigreeFunction', 'Age', 'BloodPressure', 'Insulin', 'Pregnancies', 'SkinThickness']"
1885,rf_shap_list_ir_3,rf_shap_list_ir_3_subset_38,orderStd,"['Glucose', 'BMI', 'DiabetesPedigreeFunction', 'Insulin', 'Age', 'BloodPressure', 'SkinThickness', 'Pregnancies']"
1886,rf_shap_list_ir_3,rf_shap_list_ir_3_subset_38,orderSum,"['Glucose', 'BMI', 'DiabetesPedigreeFunction', 'Age', 'BloodPressure', 'Insulin', 'Pregnancies', 'SkinThickness']"
1887,rf_shap_list_ir_2,rf_shap_list_ir_2_subset_152,orderMean,"['Glucose', 'Age', 'DiabetesPedigreeFunction', 'BMI', 'Pregnancies', 'BloodPressure', 'SkinThickness', 'Insulin']"
1888,rf_shap_list_ir_2,rf_shap_list_ir_2_subset_152,orderStd,"['DiabetesPedigreeFunction', 'Glucose', 'Age', 'BMI', 'Insulin', 'Pregnancies', 'BloodPressure', 'SkinThickness']"
1889,rf_shap_list_ir_2,rf_shap_list_ir_2_subset_152,orderSum,"['Glucose', 'Age', 'DiabetesPedigreeFunction', 'BMI', 'Pregnancies', 'BloodPressure', 'SkinThickness', 'Insulin']"
1890,rf_shap_list_ir_3,rf_shap_list_ir_3_subset_96,orderMean,"['Glucose', 'BMI', 'Age', 'DiabetesPedigreeFunction', 'BloodPressure', 'SkinThickness', 'Insulin', 'Pregnancies']"
1891,rf_shap_list_ir_3,rf_shap_list_ir_3_subset_96,orderStd,"['BMI', 'Glucose', 'Age', 'DiabetesPedigreeFunction', 'BloodPressure', 'Insulin', 'Pregnancies', 'SkinThickness']"
1892,rf_shap_list_ir_3,rf_shap_list_ir_3_subset_96,orderSum,"['Glucose', 'BMI', 'Age', 'DiabetesPedigreeFunction', 'BloodPressure', 'SkinThickness', 'Insulin', 'Pregnancies']"
1893,rf_shap_list_ir_3,rf_shap_list_ir_3_subset_58,orderMean,"['Glucose', 'BMI', 'DiabetesPedigreeFunction', 'Pregnancies', 'Age', 'BloodPressure', 'SkinThickness', 'Insulin']"
1894,rf_shap_list_ir_3,rf_shap_list_ir_3_subset_58,orderStd,"['Glucose', 'BMI', 'DiabetesPedigreeFunction', 'Insulin', 'Age', 'Pregnancies', 'BloodPressure', 'SkinThickness']"
1895,rf_shap_list_ir_3,rf_shap_list_ir_3_subset_58,orderSum,"['Glucose', 'BMI', 'DiabetesPedigreeFunction', 'Pregnancies', 'Age', 'BloodPressure', 'SkinThickness', 'Insulin']"
1896,rf_shap_list_ir_5,rf_shap_list_ir_5_subset_68,orderMean,"['Glucose', 'BMI', 'Age', 'DiabetesPedigreeFunction', 'Pregnancies', 'BloodPressure', 'Insulin', 'SkinThickness']"
1897,rf_shap_list_ir_5,rf_shap_list_ir_5_subset_68,orderStd,"['Glucose', 'BMI', 'DiabetesPedigreeFunction', 'Age', 'Insulin', 'Pregnancies', 'BloodPressure', 'SkinThickness']"
1898,rf_shap_list_ir_5,rf_shap_list_ir_5_subset_68,orderSum,"['Glucose', 'BMI', 'Age', 'DiabetesPedigreeFunction', 'Pregnancies', 'BloodPressure', 'Insulin', 'SkinThickness']"
1899,rf_shap_list_ir_2,rf_shap_list_ir_2_subset_20,orderMean,"['Glucose', 'Age', 'BMI', 'Pregnancies', 'DiabetesPedigreeFunction', 'BloodPressure', 'SkinThickness', 'Insulin']"
1900,rf_shap_list_ir_2,rf_shap_list_ir_2_subset_20,orderStd,"['Glucose', 'BMI', 'Age', 'DiabetesPedigreeFunction', 'Pregnancies', 'BloodPressure', 'SkinThickness', 'Insulin']"
1901,rf_shap_list_ir_2,rf_shap_list_ir_2_subset_20,orderSum,"['Glucose', 'Age', 'BMI', 'Pregnancies', 'DiabetesPedigreeFunction', 'BloodPressure', 'SkinThickness', 'Insulin']"
1902,rf_shap_list_ir_4,rf_shap_list_ir_4_subset_58,orderMean,"['Glucose', 'BMI', 'Age', 'DiabetesPedigreeFunction', 'Pregnancies', 'BloodPressure', 'SkinThickness', 'Insulin']"
1903,rf_shap_list_ir_4,rf_shap_list_ir_4_subset_58,orderStd,"['Glucose', 'BMI', 'Age', 'DiabetesPedigreeFunction', 'Insulin', 'Pregnancies', 'SkinThickness', 'BloodPressure']"
1904,rf_shap_list_ir_4,rf_shap_list_ir_4_subset_58,orderSum,"['Glucose', 'BMI', 'Age', 'DiabetesPedigreeFunction', 'Pregnancies', 'BloodPressure', 'SkinThickness', 'Insulin']"
1905,rf_shap_list_ir_2,rf_shap_list_ir_2_subset_123,orderMean,"['Glucose', 'Age', 'Pregnancies', 'BMI', 'DiabetesPedigreeFunction', 'Insulin', 'BloodPressure', 'SkinThickness']"
1906,rf_shap_list_ir_2,rf_shap_list_ir_2_subset_123,orderStd,"['Glucose', 'Age', 'DiabetesPedigreeFunction', 'Pregnancies', 'BMI', 'Insulin', 'BloodPressure', 'SkinThickness']"
1907,rf_shap_list_ir_2,rf_shap_list_ir_2_subset_123,orderSum,"['Glucose', 'Age', 'Pregnancies', 'BMI', 'DiabetesPedigreeFunction', 'Insulin', 'BloodPressure', 'SkinThickness']"
1908,rf_shap_list_ir_2,rf_shap_list_ir_2_subset_71,orderMean,"['Glucose', 'BMI', 'Age', 'Pregnancies', 'DiabetesPedigreeFunction', 'BloodPressure', 'SkinThickness', 'Insulin']"
1909,rf_shap_list_ir_2,rf_shap_list_ir_2_subset_71,orderStd,"['Glucose', 'BMI', 'Age', 'DiabetesPedigreeFunction', 'Pregnancies', 'BloodPressure', 'Insulin', 'SkinThickness']"
1910,rf_shap_list_ir_2,rf_shap_list_ir_2_subset_71,orderSum,"['Glucose', 'BMI', 'Age', 'Pregnancies', 'DiabetesPedigreeFunction', 'BloodPressure', 'SkinThickness', 'Insulin']"
1911,rf_shap_list_ir_5,rf_shap_list_ir_5_subset_90,orderMean,"['Glucose', 'Age', 'BMI', 'Pregnancies', 'DiabetesPedigreeFunction', 'BloodPressure', 'SkinThickness', 'Insulin']"
1912,rf_shap_list_ir_5,rf_shap_list_ir_5_subset_90,orderStd,"['Glucose', 'BMI', 'Age', 'DiabetesPedigreeFunction', 'Pregnancies', 'BloodPressure', 'SkinThickness', 'Insulin']"
1913,rf_shap_list_ir_5,rf_shap_list_ir_5_subset_90,orderSum,"['Glucose', 'Age', 'BMI', 'Pregnancies', 'DiabetesPedigreeFunction', 'BloodPressure', 'SkinThickness', 'Insulin']"
1914,rf_shap_list_ir_4,rf_shap_list_ir_4_subset_81,orderMean,"['Glucose', 'Age', 'BMI', 'DiabetesPedigreeFunction', 'Pregnancies', 'BloodPressure', 'SkinThickness', 'Insulin']"
1915,rf_shap_list_ir_4,rf_shap_list_ir_4_subset_81,orderStd,"['Glucose', 'BMI', 'Age', 'DiabetesPedigreeFunction', 'BloodPressure', 'Pregnancies', 'Insulin', 'SkinThickness']"
1916,rf_shap_list_ir_4,rf_shap_list_ir_4_subset_81,orderSum,"['Glucose', 'Age', 'BMI', 'DiabetesPedigreeFunction', 'Pregnancies', 'BloodPressure', 'SkinThickness', 'Insulin']"
1917,rf_shap_list_ir_3,rf_shap_list_ir_3_subset_13,orderMean,"['Glucose', 'BMI', 'Age', 'DiabetesPedigreeFunction', 'Insulin', 'BloodPressure', 'Pregnancies', 'SkinThickness']"
1918,rf_shap_list_ir_3,rf_shap_list_ir_3_subset_13,orderStd,"['Glucose', 'BMI', 'Age', 'DiabetesPedigreeFunction', 'BloodPressure', 'Insulin', 'Pregnancies', 'SkinThickness']"
1919,rf_shap_list_ir_3,rf_shap_list_ir_3_subset_13,orderSum,"['Glucose', 'BMI', 'Age', 'DiabetesPedigreeFunction', 'Insulin', 'BloodPressure', 'Pregnancies', 'SkinThickness']"
1920,rf_shap_list_ir_4,rf_shap_list_ir_4_subset_63,orderMean,"['Glucose', 'BMI', 'Age', 'DiabetesPedigreeFunction', 'Pregnancies', 'SkinThickness', 'BloodPressure', 'Insulin']"
1921,rf_shap_list_ir_4,rf_shap_list_ir_4_subset_63,orderStd,"['BMI', 'Glucose', 'Age', 'DiabetesPedigreeFunction', 'Insulin', 'Pregnancies', 'BloodPressure', 'SkinThickness']"
1922,rf_shap_list_ir_4,rf_shap_list_ir_4_subset_63,orderSum,"['Glucose', 'BMI', 'Age', 'DiabetesPedigreeFunction', 'Pregnancies', 'SkinThickness', 'BloodPressure', 'Insulin']"
1923,rf_shap_list_ir_5,rf_shap_list_ir_5_subset_41,orderMean,"['Glucose', 'BMI', 'Age', 'DiabetesPedigreeFunction', 'BloodPressure', 'SkinThickness', 'Pregnancies', 'Insulin']"
1924,rf_shap_list_ir_5,rf_shap_list_ir_5_subset_41,orderStd,"['BMI', 'Glucose', 'Age', 'DiabetesPedigreeFunction', 'Insulin', 'BloodPressure', 'SkinThickness', 'Pregnancies']"
1925,rf_shap_list_ir_5,rf_shap_list_ir_5_subset_41,orderSum,"['Glucose', 'BMI', 'Age', 'DiabetesPedigreeFunction', 'BloodPressure', 'SkinThickness', 'Pregnancies', 'Insulin']"
1926,rf_shap_list_ir_1,rf_shap_list_ir_1_subset_18,orderMean,"['Glucose', 'DiabetesPedigreeFunction', 'BMI', 'Pregnancies', 'Age', 'BloodPressure', 'Insulin', 'SkinThickness']"
1927,rf_shap_list_ir_1,rf_shap_list_ir_1_subset_18,orderStd,"['Glucose', 'DiabetesPedigreeFunction', 'BMI', 'Pregnancies', 'BloodPressure', 'Age', 'Insulin', 'SkinThickness']"
1928,rf_shap_list_ir_1,rf_shap_list_ir_1_subset_18,orderSum,"['Glucose', 'DiabetesPedigreeFunction', 'BMI', 'Pregnancies', 'Age', 'BloodPressure', 'Insulin', 'SkinThickness']"
1929,rf_shap_list_ir_4,rf_shap_list_ir_4_subset_31,orderMean,"['Glucose', 'BMI', 'Age', 'Pregnancies', 'DiabetesPedigreeFunction', 'BloodPressure', 'SkinThickness', 'Insulin']"
1930,rf_shap_list_ir_4,rf_shap_list_ir_4_subset_31,orderStd,"['Glucose', 'BMI', 'Age', 'DiabetesPedigreeFunction', 'Insulin', 'Pregnancies', 'BloodPressure', 'SkinThickness']"
1931,rf_shap_list_ir_4,rf_shap_list_ir_4_subset_31,orderSum,"['Glucose', 'BMI', 'Age', 'Pregnancies', 'DiabetesPedigreeFunction', 'BloodPressure', 'SkinThickness', 'Insulin']"
1932,rf_shap_list_ir_2,rf_shap_list_ir_2_subset_77,orderMean,"['BMI', 'Age', 'Glucose', 'DiabetesPedigreeFunction', 'BloodPressure', 'SkinThickness', 'Insulin', 'Pregnancies']"
1933,rf_shap_list_ir_2,rf_shap_list_ir_2_subset_77,orderStd,"['BMI', 'Age', 'Glucose', 'DiabetesPedigreeFunction', 'BloodPressure', 'SkinThickness', 'Insulin', 'Pregnancies']"
1934,rf_shap_list_ir_2,rf_shap_list_ir_2_subset_77,orderSum,"['BMI', 'Age', 'Glucose', 'DiabetesPedigreeFunction', 'BloodPressure', 'SkinThickness', 'Insulin', 'Pregnancies']"
1935,rf_shap_list_ir_3,rf_shap_list_ir_3_subset_66,orderMean,"['Glucose', 'BMI', 'DiabetesPedigreeFunction', 'Age', 'BloodPressure', 'Pregnancies', 'SkinThickness', 'Insulin']"
1936,rf_shap_list_ir_3,rf_shap_list_ir_3_subset_66,orderStd,"['Glucose', 'BMI', 'DiabetesPedigreeFunction', 'Age', 'BloodPressure', 'Pregnancies', 'Insulin', 'SkinThickness']"
1937,rf_shap_list_ir_3,rf_shap_list_ir_3_subset_66,orderSum,"['Glucose', 'BMI', 'DiabetesPedigreeFunction', 'Age', 'BloodPressure', 'Pregnancies', 'SkinThickness', 'Insulin']"
1938,rf_shap_list_ir_5,rf_shap_list_ir_5_subset_13,orderMean,"['Glucose', 'BMI', 'Age', 'Pregnancies', 'DiabetesPedigreeFunction', 'BloodPressure', 'Insulin', 'SkinThickness']"
1939,rf_shap_list_ir_5,rf_shap_list_ir_5_subset_13,orderStd,"['BMI', 'Glucose', 'Age', 'DiabetesPedigreeFunction', 'Pregnancies', 'Insulin', 'BloodPressure', 'SkinThickness']"
1940,rf_shap_list_ir_5,rf_shap_list_ir_5_subset_13,orderSum,"['Glucose', 'BMI', 'Age', 'Pregnancies', 'DiabetesPedigreeFunction', 'BloodPressure', 'Insulin', 'SkinThickness']"
1941,rf_shap_list_ir_5,rf_shap_list_ir_5_subset_44,orderMean,"['Glucose', 'BMI', 'Age', 'Pregnancies', 'DiabetesPedigreeFunction', 'BloodPressure', 'Insulin', 'SkinThickness']"
1942,rf_shap_list_ir_5,rf_shap_list_ir_5_subset_44,orderStd,"['Glucose', 'BMI', 'Age', 'DiabetesPedigreeFunction', 'Pregnancies', 'Insulin', 'BloodPressure', 'SkinThickness']"
1943,rf_shap_list_ir_5,rf_shap_list_ir_5_subset_44,orderSum,"['Glucose', 'BMI', 'Age', 'Pregnancies', 'DiabetesPedigreeFunction', 'BloodPressure', 'Insulin', 'SkinThickness']"
1944,rf_shap_list_ir_1,rf_shap_list_ir_1_subset_150,orderMean,"['Age', 'Glucose', 'BMI', 'DiabetesPedigreeFunction', 'BloodPressure', 'SkinThickness', 'Pregnancies', 'Insulin']"
1945,rf_shap_list_ir_1,rf_shap_list_ir_1_subset_150,orderStd,"['BMI', 'Age', 'Glucose', 'DiabetesPedigreeFunction', 'SkinThickness', 'BloodPressure', 'Pregnancies', 'Insulin']"
1946,rf_shap_list_ir_1,rf_shap_list_ir_1_subset_150,orderSum,"['Age', 'Glucose', 'BMI', 'DiabetesPedigreeFunction', 'BloodPressure', 'SkinThickness', 'Pregnancies', 'Insulin']"
1947,rf_shap_list_ir_5,rf_shap_list_ir_5_subset_143,orderMean,"['Glucose', 'BMI', 'Age', 'DiabetesPedigreeFunction', 'BloodPressure', 'Insulin', 'Pregnancies', 'SkinThickness']"
1948,rf_shap_list_ir_5,rf_shap_list_ir_5_subset_143,orderStd,"['Glucose', 'BMI', 'Age', 'DiabetesPedigreeFunction', 'Insulin', 'BloodPressure', 'Pregnancies', 'SkinThickness']"
1949,rf_shap_list_ir_5,rf_shap_list_ir_5_subset_143,orderSum,"['Glucose', 'BMI', 'Age', 'DiabetesPedigreeFunction', 'BloodPressure', 'Insulin', 'Pregnancies', 'SkinThickness']"
1950,rf_shap_list_ir_5,rf_shap_list_ir_5_subset_52,orderMean,"['Glucose', 'BMI', 'Age', 'DiabetesPedigreeFunction', 'Pregnancies', 'BloodPressure', 'SkinThickness', 'Insulin']"
1951,rf_shap_list_ir_5,rf_shap_list_ir_5_subset_52,orderStd,"['BMI', 'Glucose', 'Age', 'DiabetesPedigreeFunction', 'Pregnancies', 'Insulin', 'SkinThickness', 'BloodPressure']"
1952,rf_shap_list_ir_5,rf_shap_list_ir_5_subset_52,orderSum,"['Glucose', 'BMI', 'Age', 'DiabetesPedigreeFunction', 'Pregnancies', 'BloodPressure', 'SkinThickness', 'Insulin']"
1953,rf_shap_list_ir_5,rf_shap_list_ir_5_subset_87,orderMean,"['Glucose', 'BMI', 'Age', 'Pregnancies', 'DiabetesPedigreeFunction', 'SkinThickness', 'BloodPressure', 'Insulin']"
1954,rf_shap_list_ir_5,rf_shap_list_ir_5_subset_87,orderStd,"['Glucose', 'BMI', 'Age', 'DiabetesPedigreeFunction', 'Pregnancies', 'BloodPressure', 'SkinThickness', 'Insulin']"
1955,rf_shap_list_ir_5,rf_shap_list_ir_5_subset_87,orderSum,"['Glucose', 'BMI', 'Age', 'Pregnancies', 'DiabetesPedigreeFunction', 'SkinThickness', 'BloodPressure', 'Insulin']"
1956,rf_shap_list_ir_5,rf_shap_list_ir_5_subset_32,orderMean,"['Glucose', 'BMI', 'Age', 'DiabetesPedigreeFunction', 'Pregnancies', 'BloodPressure', 'Insulin', 'SkinThickness']"
1957,rf_shap_list_ir_5,rf_shap_list_ir_5_subset_32,orderStd,"['BMI', 'Glucose', 'Age', 'DiabetesPedigreeFunction', 'Insulin', 'Pregnancies', 'BloodPressure', 'SkinThickness']"
1958,rf_shap_list_ir_5,rf_shap_list_ir_5_subset_32,orderSum,"['Glucose', 'BMI', 'Age', 'DiabetesPedigreeFunction', 'Pregnancies', 'BloodPressure', 'Insulin', 'SkinThickness']"
1959,rf_shap_list_ir_4,rf_shap_list_ir_4_subset_144,orderMean,"['Glucose', 'Age', 'BMI', 'DiabetesPedigreeFunction', 'BloodPressure', 'SkinThickness', 'Pregnancies', 'Insulin']"
1960,rf_shap_list_ir_4,rf_shap_list_ir_4_subset_144,orderStd,"['Glucose', 'BMI', 'Age', 'DiabetesPedigreeFunction', 'Insulin', 'BloodPressure', 'SkinThickness', 'Pregnancies']"
1961,rf_shap_list_ir_4,rf_shap_list_ir_4_subset_144,orderSum,"['Glucose', 'Age', 'BMI', 'DiabetesPedigreeFunction', 'BloodPressure', 'SkinThickness', 'Pregnancies', 'Insulin']"
1962,rf_shap_list_ir_2,rf_shap_list_ir_2_subset_146,orderMean,"['Glucose', 'DiabetesPedigreeFunction', 'BMI', 'Age', 'BloodPressure', 'Pregnancies', 'SkinThickness', 'Insulin']"
1963,rf_shap_list_ir_2,rf_shap_list_ir_2_subset_146,orderStd,"['Glucose', 'DiabetesPedigreeFunction', 'BMI', 'Age', 'Insulin', 'BloodPressure', 'Pregnancies', 'SkinThickness']"
1964,rf_shap_list_ir_2,rf_shap_list_ir_2_subset_146,orderSum,"['Glucose', 'DiabetesPedigreeFunction', 'BMI', 'Age', 'BloodPressure', 'Pregnancies', 'SkinThickness', 'Insulin']"
1965,rf_shap_list_ir_1,rf_shap_list_ir_1_subset_39,orderMean,"['Glucose', 'Age', 'BMI', 'DiabetesPedigreeFunction', 'BloodPressure', 'SkinThickness', 'Insulin', 'Pregnancies']"
1966,rf_shap_list_ir_1,rf_shap_list_ir_1_subset_39,orderStd,"['BMI', 'Age', 'DiabetesPedigreeFunction', 'Glucose', 'SkinThickness', 'BloodPressure', 'Insulin', 'Pregnancies']"
1967,rf_shap_list_ir_1,rf_shap_list_ir_1_subset_39,orderSum,"['Glucose', 'Age', 'BMI', 'DiabetesPedigreeFunction', 'BloodPressure', 'SkinThickness', 'Insulin', 'Pregnancies']"
1968,rf_shap_list_ir_3,rf_shap_list_ir_3_subset_128,orderMean,"['Glucose', 'Age', 'Pregnancies', 'BMI', 'DiabetesPedigreeFunction', 'BloodPressure', 'Insulin', 'SkinThickness']"
1969,rf_shap_list_ir_3,rf_shap_list_ir_3_subset_128,orderStd,"['Glucose', 'BMI', 'Age', 'DiabetesPedigreeFunction', 'Pregnancies', 'BloodPressure', 'Insulin', 'SkinThickness']"
1970,rf_shap_list_ir_3,rf_shap_list_ir_3_subset_128,orderSum,"['Glucose', 'Age', 'Pregnancies', 'BMI', 'DiabetesPedigreeFunction', 'BloodPressure', 'Insulin', 'SkinThickness']"
1971,rf_shap_list_ir_4,rf_shap_list_ir_4_subset_97,orderMean,"['Glucose', 'Age', 'BMI', 'DiabetesPedigreeFunction', 'Pregnancies', 'BloodPressure', 'Insulin', 'SkinThickness']"
1972,rf_shap_list_ir_4,rf_shap_list_ir_4_subset_97,orderStd,"['BMI', 'Glucose', 'DiabetesPedigreeFunction', 'Age', 'Insulin', 'Pregnancies', 'BloodPressure', 'SkinThickness']"
1973,rf_shap_list_ir_4,rf_shap_list_ir_4_subset_97,orderSum,"['Glucose', 'Age', 'BMI', 'DiabetesPedigreeFunction', 'Pregnancies', 'BloodPressure', 'Insulin', 'SkinThickness']"
1974,rf_shap_list_ir_2,rf_shap_list_ir_2_subset_69,orderMean,"['Glucose', 'BMI', 'DiabetesPedigreeFunction', 'Age', 'SkinThickness', 'Pregnancies', 'Insulin', 'BloodPressure']"
1975,rf_shap_list_ir_2,rf_shap_list_ir_2_subset_69,orderStd,"['Glucose', 'BMI', 'DiabetesPedigreeFunction', 'Age', 'Pregnancies', 'SkinThickness', 'Insulin', 'BloodPressure']"
1976,rf_shap_list_ir_2,rf_shap_list_ir_2_subset_69,orderSum,"['Glucose', 'BMI', 'DiabetesPedigreeFunction', 'Age', 'SkinThickness', 'Pregnancies', 'Insulin', 'BloodPressure']"
1977,rf_shap_list_ir_3,rf_shap_list_ir_3_subset_130,orderMean,"['Glucose', 'BMI', 'Age', 'Pregnancies', 'DiabetesPedigreeFunction', 'BloodPressure', 'SkinThickness', 'Insulin']"
1978,rf_shap_list_ir_3,rf_shap_list_ir_3_subset_130,orderStd,"['Glucose', 'BMI', 'DiabetesPedigreeFunction', 'Age', 'Pregnancies', 'BloodPressure', 'SkinThickness', 'Insulin']"
1979,rf_shap_list_ir_3,rf_shap_list_ir_3_subset_130,orderSum,"['Glucose', 'BMI', 'Age', 'Pregnancies', 'DiabetesPedigreeFunction', 'BloodPressure', 'SkinThickness', 'Insulin']"
1980,rf_shap_list_ir_2,rf_shap_list_ir_2_subset_130,orderMean,"['Glucose', 'BMI', 'DiabetesPedigreeFunction', 'Age', 'Insulin', 'SkinThickness', 'BloodPressure', 'Pregnancies']"
1981,rf_shap_list_ir_2,rf_shap_list_ir_2_subset_130,orderStd,"['Glucose', 'BloodPressure', 'BMI', 'Age', 'SkinThickness', 'DiabetesPedigreeFunction', 'Insulin', 'Pregnancies']"
1982,rf_shap_list_ir_2,rf_shap_list_ir_2_subset_130,orderSum,"['Glucose', 'BMI', 'DiabetesPedigreeFunction', 'Age', 'Insulin', 'SkinThickness', 'BloodPressure', 'Pregnancies']"
1983,rf_shap_list_ir_1,rf_shap_list_ir_1_subset_88,orderMean,"['Glucose', 'Insulin', 'Age', 'Pregnancies', 'SkinThickness', 'BloodPressure', 'DiabetesPedigreeFunction', 'BMI']"
1984,rf_shap_list_ir_1,rf_shap_list_ir_1_subset_88,orderStd,"['Glucose', 'Insulin', 'Pregnancies', 'Age', 'SkinThickness', 'BloodPressure', 'DiabetesPedigreeFunction', 'BMI']"
1985,rf_shap_list_ir_1,rf_shap_list_ir_1_subset_88,orderSum,"['Glucose', 'Insulin', 'Age', 'Pregnancies', 'SkinThickness', 'BloodPressure', 'DiabetesPedigreeFunction', 'BMI']"
1986,rf_shap_list_ir_2,rf_shap_list_ir_2_subset_17,orderMean,"['Glucose', 'DiabetesPedigreeFunction', 'Age', 'Pregnancies', 'BMI', 'BloodPressure', 'Insulin', 'SkinThickness']"
1987,rf_shap_list_ir_2,rf_shap_list_ir_2_subset_17,orderStd,"['DiabetesPedigreeFunction', 'Glucose', 'Age', 'BMI', 'Pregnancies', 'SkinThickness', 'BloodPressure', 'Insulin']"
1988,rf_shap_list_ir_2,rf_shap_list_ir_2_subset_17,orderSum,"['Glucose', 'DiabetesPedigreeFunction', 'Age', 'Pregnancies', 'BMI', 'BloodPressure', 'Insulin', 'SkinThickness']"
1989,rf_shap_list_ir_2,rf_shap_list_ir_2_subset_56,orderMean,"['Glucose', 'Age', 'BMI', 'SkinThickness', 'DiabetesPedigreeFunction', 'Pregnancies', 'Insulin', 'BloodPressure']"
1990,rf_shap_list_ir_2,rf_shap_list_ir_2_subset_56,orderStd,"['Glucose', 'BMI', 'DiabetesPedigreeFunction', 'Age', 'SkinThickness', 'Pregnancies', 'Insulin', 'BloodPressure']"
1991,rf_shap_list_ir_2,rf_shap_list_ir_2_subset_56,orderSum,"['Glucose', 'Age', 'BMI', 'SkinThickness', 'DiabetesPedigreeFunction', 'Pregnancies', 'Insulin', 'BloodPressure']"
1992,rf_shap_list_ir_2,rf_shap_list_ir_2_subset_105,orderMean,"['Glucose', 'BMI', 'Age', 'DiabetesPedigreeFunction', 'Pregnancies', 'BloodPressure', 'SkinThickness', 'Insulin']"
1993,rf_shap_list_ir_2,rf_shap_list_ir_2_subset_105,orderStd,"['Glucose', 'Age', 'Pregnancies', 'BMI', 'DiabetesPedigreeFunction', 'BloodPressure', 'Insulin', 'SkinThickness']"
1994,rf_shap_list_ir_2,rf_shap_list_ir_2_subset_105,orderSum,"['Glucose', 'BMI', 'Age', 'DiabetesPedigreeFunction', 'Pregnancies', 'BloodPressure', 'SkinThickness', 'Insulin']"
1995,rf_shap_list_ir_3,rf_shap_list_ir_3_subset_85,orderMean,"['Glucose', 'BMI', 'Age', 'DiabetesPedigreeFunction', 'BloodPressure', 'Pregnancies', 'SkinThickness', 'Insulin']"
1996,rf_shap_list_ir_3,rf_shap_list_ir_3_subset_85,orderStd,"['BMI', 'Glucose', 'Age', 'DiabetesPedigreeFunction', 'BloodPressure', 'Pregnancies', 'SkinThickness', 'Insulin']"
1997,rf_shap_list_ir_3,rf_shap_list_ir_3_subset_85,orderSum,"['Glucose', 'BMI', 'Age', 'DiabetesPedigreeFunction', 'BloodPressure', 'Pregnancies', 'SkinThickness', 'Insulin']"
1998,rf_shap_list_ir_5,rf_shap_list_ir_5_subset_2,orderMean,"['Glucose', 'BMI', 'Age', 'Pregnancies', 'DiabetesPedigreeFunction', 'SkinThickness', 'BloodPressure', 'Insulin']"
1999,rf_shap_list_ir_5,rf_shap_list_ir_5_subset_2,orderStd,"['Glucose', 'BMI', 'Age', 'DiabetesPedigreeFunction', 'Pregnancies', 'BloodPressure', 'Insulin', 'SkinThickness']"
2000,rf_shap_list_ir_5,rf_shap_list_ir_5_subset_2,orderSum,"['Glucose', 'BMI', 'Age', 'Pregnancies', 'DiabetesPedigreeFunction', 'SkinThickness', 'BloodPressure', 'Insulin']"
2001,rf_shap_list_ir_3,rf_shap_list_ir_3_subset_140,orderMean,"['Glucose', 'BMI', 'Age', 'SkinThickness', 'DiabetesPedigreeFunction', 'Pregnancies', 'BloodPressure', 'Insulin']"
2002,rf_shap_list_ir_3,rf_shap_list_ir_3_subset_140,orderStd,"['BMI', 'Glucose', 'Age', 'DiabetesPedigreeFunction', 'Insulin', 'Pregnancies', 'SkinThickness', 'BloodPressure']"
2003,rf_shap_list_ir_3,rf_shap_list_ir_3_subset_140,orderSum,"['Glucose', 'BMI', 'Age', 'SkinThickness', 'DiabetesPedigreeFunction', 'Pregnancies', 'BloodPressure', 'Insulin']"
2004,rf_shap_list_ir_4,rf_shap_list_ir_4_subset_41,orderMean,"['Glucose', 'BMI', 'Age', 'DiabetesPedigreeFunction', 'Insulin', 'Pregnancies', 'SkinThickness', 'BloodPressure']"
2005,rf_shap_list_ir_4,rf_shap_list_ir_4_subset_41,orderStd,"['BMI', 'Glucose', 'Age', 'DiabetesPedigreeFunction', 'Insulin', 'Pregnancies', 'BloodPressure', 'SkinThickness']"
2006,rf_shap_list_ir_4,rf_shap_list_ir_4_subset_41,orderSum,"['Glucose', 'BMI', 'Age', 'DiabetesPedigreeFunction', 'Insulin', 'Pregnancies', 'SkinThickness', 'BloodPressure']"
2007,rf_shap_list_ir_5,rf_shap_list_ir_5_subset_91,orderMean,"['Glucose', 'BMI', 'Age', 'Pregnancies', 'DiabetesPedigreeFunction', 'BloodPressure', 'SkinThickness', 'Insulin']"
2008,rf_shap_list_ir_5,rf_shap_list_ir_5_subset_91,orderStd,"['Glucose', 'BMI', 'Age', 'DiabetesPedigreeFunction', 'Pregnancies', 'BloodPressure', 'Insulin', 'SkinThickness']"
2009,rf_shap_list_ir_5,rf_shap_list_ir_5_subset_91,orderSum,"['Glucose', 'BMI', 'Age', 'Pregnancies', 'DiabetesPedigreeFunction', 'BloodPressure', 'SkinThickness', 'Insulin']"
2010,rf_shap_list_ir_2,rf_shap_list_ir_2_subset_97,orderMean,"['Glucose', 'Age', 'BMI', 'DiabetesPedigreeFunction', 'BloodPressure', 'Pregnancies', 'SkinThickness', 'Insulin']"
2011,rf_shap_list_ir_2,rf_shap_list_ir_2_subset_97,orderStd,"['Glucose', 'BMI', 'Age', 'BloodPressure', 'DiabetesPedigreeFunction', 'Insulin', 'Pregnancies', 'SkinThickness']"
2012,rf_shap_list_ir_2,rf_shap_list_ir_2_subset_97,orderSum,"['Glucose', 'Age', 'BMI', 'DiabetesPedigreeFunction', 'BloodPressure', 'Pregnancies', 'SkinThickness', 'Insulin']"
2013,rf_shap_list_ir_5,rf_shap_list_ir_5_subset_57,orderMean,"['Glucose', 'BMI', 'Age', 'DiabetesPedigreeFunction', 'Pregnancies', 'BloodPressure', 'Insulin', 'SkinThickness']"
2014,rf_shap_list_ir_5,rf_shap_list_ir_5_subset_57,orderStd,"['Glucose', 'BMI', 'Age', 'DiabetesPedigreeFunction', 'Pregnancies', 'BloodPressure', 'Insulin', 'SkinThickness']"
2015,rf_shap_list_ir_5,rf_shap_list_ir_5_subset_57,orderSum,"['Glucose', 'BMI', 'Age', 'DiabetesPedigreeFunction', 'Pregnancies', 'BloodPressure', 'Insulin', 'SkinThickness']"
2016,rf_shap_list_ir_3,rf_shap_list_ir_3_subset_84,orderMean,"['Glucose', 'Age', 'BMI', 'DiabetesPedigreeFunction', 'BloodPressure', 'Pregnancies', 'SkinThickness', 'Insulin']"
2017,rf_shap_list_ir_3,rf_shap_list_ir_3_subset_84,orderStd,"['Glucose', 'Age', 'DiabetesPedigreeFunction', 'BMI', 'BloodPressure', 'SkinThickness', 'Insulin', 'Pregnancies']"
2018,rf_shap_list_ir_3,rf_shap_list_ir_3_subset_84,orderSum,"['Glucose', 'Age', 'BMI', 'DiabetesPedigreeFunction', 'BloodPressure', 'Pregnancies', 'SkinThickness', 'Insulin']"
2019,rf_shap_list_ir_4,rf_shap_list_ir_4_subset_39,orderMean,"['Glucose', 'BMI', 'Age', 'DiabetesPedigreeFunction', 'Pregnancies', 'BloodPressure', 'Insulin', 'SkinThickness']"
2020,rf_shap_list_ir_4,rf_shap_list_ir_4_subset_39,orderStd,"['Glucose', 'BMI', 'Age', 'DiabetesPedigreeFunction', 'Insulin', 'BloodPressure', 'Pregnancies', 'SkinThickness']"
2021,rf_shap_list_ir_4,rf_shap_list_ir_4_subset_39,orderSum,"['Glucose', 'BMI', 'Age', 'DiabetesPedigreeFunction', 'Pregnancies', 'BloodPressure', 'Insulin', 'SkinThickness']"
2022,rf_shap_list_ir_1,rf_shap_list_ir_1_subset_37,orderMean,"['BMI', 'Glucose', 'Age', 'BloodPressure', 'DiabetesPedigreeFunction', 'SkinThickness', 'Pregnancies', 'Insulin']"
2023,rf_shap_list_ir_1,rf_shap_list_ir_1_subset_37,orderStd,"['BloodPressure', 'BMI', 'Age', 'Insulin', 'Glucose', 'DiabetesPedigreeFunction', 'SkinThickness', 'Pregnancies']"
2024,rf_shap_list_ir_1,rf_shap_list_ir_1_subset_37,orderSum,"['BMI', 'Glucose', 'Age', 'BloodPressure', 'DiabetesPedigreeFunction', 'SkinThickness', 'Pregnancies', 'Insulin']"
2025,rf_shap_list_ir_4,rf_shap_list_ir_4_subset_89,orderMean,"['Glucose', 'BMI', 'Age', 'DiabetesPedigreeFunction', 'BloodPressure', 'Pregnancies', 'Insulin', 'SkinThickness']"
2026,rf_shap_list_ir_4,rf_shap_list_ir_4_subset_89,orderStd,"['Glucose', 'BMI', 'Age', 'DiabetesPedigreeFunction', 'Insulin', 'BloodPressure', 'Pregnancies', 'SkinThickness']"
2027,rf_shap_list_ir_4,rf_shap_list_ir_4_subset_89,orderSum,"['Glucose', 'BMI', 'Age', 'DiabetesPedigreeFunction', 'BloodPressure', 'Pregnancies', 'Insulin', 'SkinThickness']"
2028,rf_shap_list_ir_1,rf_shap_list_ir_1_subset_115,orderMean,"['Glucose', 'Insulin', 'DiabetesPedigreeFunction', 'BloodPressure', 'Age', 'BMI', 'Pregnancies', 'SkinThickness']"
2029,rf_shap_list_ir_1,rf_shap_list_ir_1_subset_115,orderStd,"['Glucose', 'Insulin', 'BMI', 'BloodPressure', 'DiabetesPedigreeFunction', 'Age', 'Pregnancies', 'SkinThickness']"
2030,rf_shap_list_ir_1,rf_shap_list_ir_1_subset_115,orderSum,"['Glucose', 'Insulin', 'DiabetesPedigreeFunction', 'BloodPressure', 'Age', 'BMI', 'Pregnancies', 'SkinThickness']"
2031,rf_shap_list_ir_3,rf_shap_list_ir_3_subset_113,orderMean,"['Glucose', 'Age', 'BMI', 'DiabetesPedigreeFunction', 'Pregnancies', 'Insulin', 'BloodPressure', 'SkinThickness']"
2032,rf_shap_list_ir_3,rf_shap_list_ir_3_subset_113,orderStd,"['BMI', 'Glucose', 'Age', 'DiabetesPedigreeFunction', 'SkinThickness', 'Pregnancies', 'Insulin', 'BloodPressure']"
2033,rf_shap_list_ir_3,rf_shap_list_ir_3_subset_113,orderSum,"['Glucose', 'Age', 'BMI', 'DiabetesPedigreeFunction', 'Pregnancies', 'Insulin', 'BloodPressure', 'SkinThickness']"
2034,rf_shap_list_ir_2,rf_shap_list_ir_2_subset_52,orderMean,"['Glucose', 'BMI', 'Age', 'DiabetesPedigreeFunction', 'BloodPressure', 'Pregnancies', 'SkinThickness', 'Insulin']"
2035,rf_shap_list_ir_2,rf_shap_list_ir_2_subset_52,orderStd,"['BMI', 'Glucose', 'Age', 'SkinThickness', 'DiabetesPedigreeFunction', 'BloodPressure', 'Pregnancies', 'Insulin']"
2036,rf_shap_list_ir_2,rf_shap_list_ir_2_subset_52,orderSum,"['Glucose', 'BMI', 'Age', 'DiabetesPedigreeFunction', 'BloodPressure', 'Pregnancies', 'SkinThickness', 'Insulin']"
2037,rf_shap_list_ir_1,rf_shap_list_ir_1_subset_43,orderMean,"['Glucose', 'Age', 'BloodPressure', 'BMI', 'DiabetesPedigreeFunction', 'Pregnancies', 'SkinThickness', 'Insulin']"
2038,rf_shap_list_ir_1,rf_shap_list_ir_1_subset_43,orderStd,"['Glucose', 'BloodPressure', 'Age', 'DiabetesPedigreeFunction', 'BMI', 'Pregnancies', 'SkinThickness', 'Insulin']"
2039,rf_shap_list_ir_1,rf_shap_list_ir_1_subset_43,orderSum,"['Glucose', 'Age', 'BloodPressure', 'BMI', 'DiabetesPedigreeFunction', 'Pregnancies', 'SkinThickness', 'Insulin']"
2040,rf_shap_list_ir_5,rf_shap_list_ir_5_subset_106,orderMean,"['Glucose', 'BMI', 'Age', 'DiabetesPedigreeFunction', 'Pregnancies', 'BloodPressure', 'SkinThickness', 'Insulin']"
2041,rf_shap_list_ir_5,rf_shap_list_ir_5_subset_106,orderStd,"['Glucose', 'BMI', 'Age', 'DiabetesPedigreeFunction', 'Insulin', 'Pregnancies', 'BloodPressure', 'SkinThickness']"
2042,rf_shap_list_ir_5,rf_shap_list_ir_5_subset_106,orderSum,"['Glucose', 'BMI', 'Age', 'DiabetesPedigreeFunction', 'Pregnancies', 'BloodPressure', 'SkinThickness', 'Insulin']"
2043,rf_shap_list_ir_1,rf_shap_list_ir_1_subset_108,orderMean,"['Glucose', 'Age', 'DiabetesPedigreeFunction', 'BloodPressure', 'BMI', 'SkinThickness', 'Pregnancies', 'Insulin']"
2044,rf_shap_list_ir_1,rf_shap_list_ir_1_subset_108,orderStd,"['Glucose', 'Age', 'BMI', 'DiabetesPedigreeFunction', 'SkinThickness', 'BloodPressure', 'Pregnancies', 'Insulin']"
2045,rf_shap_list_ir_1,rf_shap_list_ir_1_subset_108,orderSum,"['Glucose', 'Age', 'DiabetesPedigreeFunction', 'BloodPressure', 'BMI', 'SkinThickness', 'Pregnancies', 'Insulin']"
2046,rf_shap_list_ir_1,rf_shap_list_ir_1_subset_29,orderMean,"['Glucose', 'BMI', 'BloodPressure', 'Age', 'DiabetesPedigreeFunction', 'SkinThickness', 'Pregnancies', 'Insulin']"
2047,rf_shap_list_ir_1,rf_shap_list_ir_1_subset_29,orderStd,"['Glucose', 'BMI', 'BloodPressure', 'DiabetesPedigreeFunction', 'Age', 'SkinThickness', 'Pregnancies', 'Insulin']"
2048,rf_shap_list_ir_1,rf_shap_list_ir_1_subset_29,orderSum,"['Glucose', 'BMI', 'BloodPressure', 'Age', 'DiabetesPedigreeFunction', 'SkinThickness', 'Pregnancies', 'Insulin']"
2049,rf_shap_list_ir_3,rf_shap_list_ir_3_subset_148,orderMean,"['Glucose', 'BMI', 'Age', 'DiabetesPedigreeFunction', 'BloodPressure', 'SkinThickness', 'Pregnancies', 'Insulin']"
2050,rf_shap_list_ir_3,rf_shap_list_ir_3_subset_148,orderStd,"['Glucose', 'BMI', 'Age', 'DiabetesPedigreeFunction', 'Insulin', 'BloodPressure', 'Pregnancies', 'SkinThickness']"
2051,rf_shap_list_ir_3,rf_shap_list_ir_3_subset_148,orderSum,"['Glucose', 'BMI', 'Age', 'DiabetesPedigreeFunction', 'BloodPressure', 'SkinThickness', 'Pregnancies', 'Insulin']"
2052,rf_shap_list_ir_5,rf_shap_list_ir_5_subset_134,orderMean,"['Glucose', 'Age', 'BMI', 'DiabetesPedigreeFunction', 'Pregnancies', 'SkinThickness', 'BloodPressure', 'Insulin']"
2053,rf_shap_list_ir_5,rf_shap_list_ir_5_subset_134,orderStd,"['Glucose', 'BMI', 'DiabetesPedigreeFunction', 'Age', 'Pregnancies', 'Insulin', 'BloodPressure', 'SkinThickness']"
2054,rf_shap_list_ir_5,rf_shap_list_ir_5_subset_134,orderSum,"['Glucose', 'Age', 'BMI', 'DiabetesPedigreeFunction', 'Pregnancies', 'SkinThickness', 'BloodPressure', 'Insulin']"
2055,rf_shap_list_ir_3,rf_shap_list_ir_3_subset_52,orderMean,"['Glucose', 'BMI', 'Age', 'DiabetesPedigreeFunction', 'SkinThickness', 'BloodPressure', 'Pregnancies', 'Insulin']"
2056,rf_shap_list_ir_3,rf_shap_list_ir_3_subset_52,orderStd,"['BMI', 'Glucose', 'Age', 'DiabetesPedigreeFunction', 'BloodPressure', 'SkinThickness', 'Pregnancies', 'Insulin']"
2057,rf_shap_list_ir_3,rf_shap_list_ir_3_subset_52,orderSum,"['Glucose', 'BMI', 'Age', 'DiabetesPedigreeFunction', 'SkinThickness', 'BloodPressure', 'Pregnancies', 'Insulin']"
2058,rf_shap_list_ir_1,rf_shap_list_ir_1_subset_119,orderMean,"['Glucose', 'BMI', 'Age', 'BloodPressure', 'DiabetesPedigreeFunction', 'Pregnancies', 'Insulin', 'SkinThickness']"
2059,rf_shap_list_ir_1,rf_shap_list_ir_1_subset_119,orderStd,"['Glucose', 'Age', 'BMI', 'DiabetesPedigreeFunction', 'Insulin', 'Pregnancies', 'BloodPressure', 'SkinThickness']"
2060,rf_shap_list_ir_1,rf_shap_list_ir_1_subset_119,orderSum,"['Glucose', 'BMI', 'Age', 'BloodPressure', 'DiabetesPedigreeFunction', 'Pregnancies', 'Insulin', 'SkinThickness']"
2061,rf_shap_list_ir_4,rf_shap_list_ir_4_subset_154,orderMean,"['Glucose', 'BMI', 'Age', 'DiabetesPedigreeFunction', 'BloodPressure', 'Insulin', 'Pregnancies', 'SkinThickness']"
2062,rf_shap_list_ir_4,rf_shap_list_ir_4_subset_154,orderStd,"['Glucose', 'BMI', 'Age', 'DiabetesPedigreeFunction', 'BloodPressure', 'Insulin', 'Pregnancies', 'SkinThickness']"
2063,rf_shap_list_ir_4,rf_shap_list_ir_4_subset_154,orderSum,"['Glucose', 'BMI', 'Age', 'DiabetesPedigreeFunction', 'BloodPressure', 'Insulin', 'Pregnancies', 'SkinThickness']"
2064,rf_shap_list_ir_5,rf_shap_list_ir_5_subset_43,orderMean,"['Glucose', 'BMI', 'Age', 'Pregnancies', 'DiabetesPedigreeFunction', 'BloodPressure', 'Insulin', 'SkinThickness']"
2065,rf_shap_list_ir_5,rf_shap_list_ir_5_subset_43,orderStd,"['Glucose', 'BMI', 'Age', 'DiabetesPedigreeFunction', 'Pregnancies', 'Insulin', 'BloodPressure', 'SkinThickness']"
2066,rf_shap_list_ir_5,rf_shap_list_ir_5_subset_43,orderSum,"['Glucose', 'BMI', 'Age', 'Pregnancies', 'DiabetesPedigreeFunction', 'BloodPressure', 'Insulin', 'SkinThickness']"
2067,rf_shap_list_ir_4,rf_shap_list_ir_4_subset_107,orderMean,"['Glucose', 'Age', 'BMI', 'DiabetesPedigreeFunction', 'Pregnancies', 'Insulin', 'BloodPressure', 'SkinThickness']"
2068,rf_shap_list_ir_4,rf_shap_list_ir_4_subset_107,orderStd,"['Glucose', 'BMI', 'Age', 'DiabetesPedigreeFunction', 'Insulin', 'BloodPressure', 'Pregnancies', 'SkinThickness']"
2069,rf_shap_list_ir_4,rf_shap_list_ir_4_subset_107,orderSum,"['Glucose', 'Age', 'BMI', 'DiabetesPedigreeFunction', 'Pregnancies', 'Insulin', 'BloodPressure', 'SkinThickness']"
2070,rf_shap_list_ir_4,rf_shap_list_ir_4_subset_120,orderMean,"['Glucose', 'BMI', 'Age', 'DiabetesPedigreeFunction', 'Pregnancies', 'BloodPressure', 'Insulin', 'SkinThickness']"
2071,rf_shap_list_ir_4,rf_shap_list_ir_4_subset_120,orderStd,"['Glucose', 'BMI', 'Age', 'DiabetesPedigreeFunction', 'Insulin', 'Pregnancies', 'SkinThickness', 'BloodPressure']"
2072,rf_shap_list_ir_4,rf_shap_list_ir_4_subset_120,orderSum,"['Glucose', 'BMI', 'Age', 'DiabetesPedigreeFunction', 'Pregnancies', 'BloodPressure', 'Insulin', 'SkinThickness']"
2073,rf_shap_list_ir_4,rf_shap_list_ir_4_subset_88,orderMean,"['Glucose', 'BMI', 'DiabetesPedigreeFunction', 'Age', 'Pregnancies', 'BloodPressure', 'SkinThickness', 'Insulin']"
2074,rf_shap_list_ir_4,rf_shap_list_ir_4_subset_88,orderStd,"['Glucose', 'BMI', 'DiabetesPedigreeFunction', 'Age', 'Pregnancies', 'SkinThickness', 'Insulin', 'BloodPressure']"
2075,rf_shap_list_ir_4,rf_shap_list_ir_4_subset_88,orderSum,"['Glucose', 'BMI', 'DiabetesPedigreeFunction', 'Age', 'Pregnancies', 'BloodPressure', 'SkinThickness', 'Insulin']"
2076,rf_shap_list_ir_2,rf_shap_list_ir_2_subset_57,orderMean,"['Glucose', 'BMI', 'Age', 'Pregnancies', 'DiabetesPedigreeFunction', 'BloodPressure', 'SkinThickness', 'Insulin']"
2077,rf_shap_list_ir_2,rf_shap_list_ir_2_subset_57,orderStd,"['Glucose', 'BMI', 'Pregnancies', 'Age', 'BloodPressure', 'DiabetesPedigreeFunction', 'Insulin', 'SkinThickness']"
2078,rf_shap_list_ir_2,rf_shap_list_ir_2_subset_57,orderSum,"['Glucose', 'BMI', 'Age', 'Pregnancies', 'DiabetesPedigreeFunction', 'BloodPressure', 'SkinThickness', 'Insulin']"
2079,rf_shap_list_ir_1,rf_shap_list_ir_1_subset_114,orderMean,"['Glucose', 'Age', 'BMI', 'DiabetesPedigreeFunction', 'BloodPressure', 'Pregnancies', 'SkinThickness', 'Insulin']"
2080,rf_shap_list_ir_1,rf_shap_list_ir_1_subset_114,orderStd,"['Glucose', 'Age', 'DiabetesPedigreeFunction', 'BMI', 'Pregnancies', 'SkinThickness', 'Insulin', 'BloodPressure']"
2081,rf_shap_list_ir_1,rf_shap_list_ir_1_subset_114,orderSum,"['Glucose', 'Age', 'BMI', 'DiabetesPedigreeFunction', 'BloodPressure', 'Pregnancies', 'SkinThickness', 'Insulin']"
2082,rf_shap_list_ir_4,rf_shap_list_ir_4_subset_93,orderMean,"['Glucose', 'BMI', 'Age', 'DiabetesPedigreeFunction', 'BloodPressure', 'SkinThickness', 'Pregnancies', 'Insulin']"
2083,rf_shap_list_ir_4,rf_shap_list_ir_4_subset_93,orderStd,"['BMI', 'Glucose', 'Age', 'DiabetesPedigreeFunction', 'BloodPressure', 'Insulin', 'SkinThickness', 'Pregnancies']"
2084,rf_shap_list_ir_4,rf_shap_list_ir_4_subset_93,orderSum,"['Glucose', 'BMI', 'Age', 'DiabetesPedigreeFunction', 'BloodPressure', 'SkinThickness', 'Pregnancies', 'Insulin']"
2085,rf_shap_list_ir_1,rf_shap_list_ir_1_subset_103,orderMean,"['DiabetesPedigreeFunction', 'Age', 'Glucose', 'BMI', 'BloodPressure', 'Pregnancies', 'Insulin', 'SkinThickness']"
2086,rf_shap_list_ir_1,rf_shap_list_ir_1_subset_103,orderStd,"['DiabetesPedigreeFunction', 'Glucose', 'Age', 'Insulin', 'BloodPressure', 'BMI', 'Pregnancies', 'SkinThickness']"
2087,rf_shap_list_ir_1,rf_shap_list_ir_1_subset_103,orderSum,"['DiabetesPedigreeFunction', 'Age', 'Glucose', 'BMI', 'BloodPressure', 'Pregnancies', 'Insulin', 'SkinThickness']"
2088,rf_shap_list_ir_4,rf_shap_list_ir_4_subset_116,orderMean,"['Glucose', 'BMI', 'Age', 'DiabetesPedigreeFunction', 'SkinThickness', 'Pregnancies', 'Insulin', 'BloodPressure']"
2089,rf_shap_list_ir_4,rf_shap_list_ir_4_subset_116,orderStd,"['Glucose', 'BMI', 'Age', 'SkinThickness', 'DiabetesPedigreeFunction', 'Pregnancies', 'Insulin', 'BloodPressure']"
2090,rf_shap_list_ir_4,rf_shap_list_ir_4_subset_116,orderSum,"['Glucose', 'BMI', 'Age', 'DiabetesPedigreeFunction', 'SkinThickness', 'Pregnancies', 'Insulin', 'BloodPressure']"
2091,rf_shap_list_ir_5,rf_shap_list_ir_5_subset_64,orderMean,"['Glucose', 'BMI', 'Age', 'DiabetesPedigreeFunction', 'Pregnancies', 'BloodPressure', 'Insulin', 'SkinThickness']"
2092,rf_shap_list_ir_5,rf_shap_list_ir_5_subset_64,orderStd,"['Glucose', 'BMI', 'Age', 'DiabetesPedigreeFunction', 'Pregnancies', 'Insulin', 'BloodPressure', 'SkinThickness']"
2093,rf_shap_list_ir_5,rf_shap_list_ir_5_subset_64,orderSum,"['Glucose', 'BMI', 'Age', 'DiabetesPedigreeFunction', 'Pregnancies', 'BloodPressure', 'Insulin', 'SkinThickness']"
2094,rf_shap_list_ir_4,rf_shap_list_ir_4_subset_117,orderMean,"['Glucose', 'BMI', 'Age', 'DiabetesPedigreeFunction', 'BloodPressure', 'SkinThickness', 'Pregnancies', 'Insulin']"
2095,rf_shap_list_ir_4,rf_shap_list_ir_4_subset_117,orderStd,"['Glucose', 'Age', 'BMI', 'DiabetesPedigreeFunction', 'BloodPressure', 'Pregnancies', 'Insulin', 'SkinThickness']"
2096,rf_shap_list_ir_4,rf_shap_list_ir_4_subset_117,orderSum,"['Glucose', 'BMI', 'Age', 'DiabetesPedigreeFunction', 'BloodPressure', 'SkinThickness', 'Pregnancies', 'Insulin']"
2097,rf_shap_list_ir_4,rf_shap_list_ir_4_subset_30,orderMean,"['Glucose', 'Age', 'BMI', 'DiabetesPedigreeFunction', 'Pregnancies', 'SkinThickness', 'BloodPressure', 'Insulin']"
2098,rf_shap_list_ir_4,rf_shap_list_ir_4_subset_30,orderStd,"['Glucose', 'BMI', 'Age', 'DiabetesPedigreeFunction', 'Insulin', 'BloodPressure', 'Pregnancies', 'SkinThickness']"
2099,rf_shap_list_ir_4,rf_shap_list_ir_4_subset_30,orderSum,"['Glucose', 'Age', 'BMI', 'DiabetesPedigreeFunction', 'Pregnancies', 'SkinThickness', 'BloodPressure', 'Insulin']"
2100,rf_shap_list_ir_4,rf_shap_list_ir_4_subset_124,orderMean,"['Glucose', 'BMI', 'DiabetesPedigreeFunction', 'Age', 'Pregnancies', 'SkinThickness', 'BloodPressure', 'Insulin']"
2101,rf_shap_list_ir_4,rf_shap_list_ir_4_subset_124,orderStd,"['Glucose', 'BMI', 'DiabetesPedigreeFunction', 'Age', 'BloodPressure', 'Pregnancies', 'SkinThickness', 'Insulin']"
2102,rf_shap_list_ir_4,rf_shap_list_ir_4_subset_124,orderSum,"['Glucose', 'BMI', 'DiabetesPedigreeFunction', 'Age', 'Pregnancies', 'SkinThickness', 'BloodPressure', 'Insulin']"
2103,rf_shap_list_ir_3,rf_shap_list_ir_3_subset_95,orderMean,"['Glucose', 'Age', 'BMI', 'Pregnancies', 'DiabetesPedigreeFunction', 'SkinThickness', 'BloodPressure', 'Insulin']"
2104,rf_shap_list_ir_3,rf_shap_list_ir_3_subset_95,orderStd,"['Glucose', 'BMI', 'Age', 'DiabetesPedigreeFunction', 'SkinThickness', 'Pregnancies', 'BloodPressure', 'Insulin']"
2105,rf_shap_list_ir_3,rf_shap_list_ir_3_subset_95,orderSum,"['Glucose', 'Age', 'BMI', 'Pregnancies', 'DiabetesPedigreeFunction', 'SkinThickness', 'BloodPressure', 'Insulin']"
2106,rf_shap_list_ir_5,rf_shap_list_ir_5_subset_49,orderMean,"['Glucose', 'BMI', 'Age', 'DiabetesPedigreeFunction', 'Pregnancies', 'Insulin', 'BloodPressure', 'SkinThickness']"
2107,rf_shap_list_ir_5,rf_shap_list_ir_5_subset_49,orderStd,"['BMI', 'Glucose', 'Age', 'DiabetesPedigreeFunction', 'Insulin', 'Pregnancies', 'SkinThickness', 'BloodPressure']"
2108,rf_shap_list_ir_5,rf_shap_list_ir_5_subset_49,orderSum,"['Glucose', 'BMI', 'Age', 'DiabetesPedigreeFunction', 'Pregnancies', 'Insulin', 'BloodPressure', 'SkinThickness']"
2109,rf_shap_list_ir_3,rf_shap_list_ir_3_subset_156,orderMean,"['Glucose', 'DiabetesPedigreeFunction', 'Age', 'BMI', 'BloodPressure', 'Pregnancies', 'SkinThickness', 'Insulin']"
2110,rf_shap_list_ir_3,rf_shap_list_ir_3_subset_156,orderStd,"['DiabetesPedigreeFunction', 'Glucose', 'BMI', 'Age', 'BloodPressure', 'Insulin', 'SkinThickness', 'Pregnancies']"
2111,rf_shap_list_ir_3,rf_shap_list_ir_3_subset_156,orderSum,"['Glucose', 'DiabetesPedigreeFunction', 'Age', 'BMI', 'BloodPressure', 'Pregnancies', 'SkinThickness', 'Insulin']"
2112,rf_shap_list_ir_4,rf_shap_list_ir_4_subset_92,orderMean,"['Glucose', 'BMI', 'Age', 'DiabetesPedigreeFunction', 'BloodPressure', 'Pregnancies', 'SkinThickness', 'Insulin']"
2113,rf_shap_list_ir_4,rf_shap_list_ir_4_subset_92,orderStd,"['BMI', 'Glucose', 'Age', 'DiabetesPedigreeFunction', 'BloodPressure', 'Pregnancies', 'SkinThickness', 'Insulin']"
2114,rf_shap_list_ir_4,rf_shap_list_ir_4_subset_92,orderSum,"['Glucose', 'BMI', 'Age', 'DiabetesPedigreeFunction', 'BloodPressure', 'Pregnancies', 'SkinThickness', 'Insulin']"
2115,rf_shap_list_ir_1,rf_shap_list_ir_1_subset_64,orderMean,"['DiabetesPedigreeFunction', 'SkinThickness', 'BMI', 'Glucose', 'BloodPressure', 'Age', 'Pregnancies', 'Insulin']"
2116,rf_shap_list_ir_1,rf_shap_list_ir_1_subset_64,orderStd,"['DiabetesPedigreeFunction', 'BMI', 'SkinThickness', 'Age', 'Pregnancies', 'Glucose', 'BloodPressure', 'Insulin']"
2117,rf_shap_list_ir_1,rf_shap_list_ir_1_subset_64,orderSum,"['DiabetesPedigreeFunction', 'SkinThickness', 'BMI', 'Glucose', 'BloodPressure', 'Age', 'Pregnancies', 'Insulin']"
2118,rf_shap_list_ir_2,rf_shap_list_ir_2_subset_66,orderMean,"['Glucose', 'Pregnancies', 'BMI', 'DiabetesPedigreeFunction', 'Age', 'BloodPressure', 'SkinThickness', 'Insulin']"
2119,rf_shap_list_ir_2,rf_shap_list_ir_2_subset_66,orderStd,"['Glucose', 'BMI', 'BloodPressure', 'Pregnancies', 'Age', 'Insulin', 'DiabetesPedigreeFunction', 'SkinThickness']"
2120,rf_shap_list_ir_2,rf_shap_list_ir_2_subset_66,orderSum,"['Glucose', 'Pregnancies', 'BMI', 'DiabetesPedigreeFunction', 'Age', 'BloodPressure', 'SkinThickness', 'Insulin']"
2121,rf_shap_list_ir_5,rf_shap_list_ir_5_subset_155,orderMean,"['Glucose', 'BMI', 'DiabetesPedigreeFunction', 'Age', 'SkinThickness', 'Pregnancies', 'BloodPressure', 'Insulin']"
2122,rf_shap_list_ir_5,rf_shap_list_ir_5_subset_155,orderStd,"['Glucose', 'BMI', 'DiabetesPedigreeFunction', 'Age', 'BloodPressure', 'Pregnancies', 'SkinThickness', 'Insulin']"
2123,rf_shap_list_ir_5,rf_shap_list_ir_5_subset_155,orderSum,"['Glucose', 'BMI', 'DiabetesPedigreeFunction', 'Age', 'SkinThickness', 'Pregnancies', 'BloodPressure', 'Insulin']"
2124,rf_shap_list_ir_4,rf_shap_list_ir_4_subset_143,orderMean,"['Glucose', 'Age', 'BMI', 'DiabetesPedigreeFunction', 'Pregnancies', 'BloodPressure', 'SkinThickness', 'Insulin']"
2125,rf_shap_list_ir_4,rf_shap_list_ir_4_subset_143,orderStd,"['BMI', 'Glucose', 'Age', 'DiabetesPedigreeFunction', 'Pregnancies', 'BloodPressure', 'SkinThickness', 'Insulin']"
2126,rf_shap_list_ir_4,rf_shap_list_ir_4_subset_143,orderSum,"['Glucose', 'Age', 'BMI', 'DiabetesPedigreeFunction', 'Pregnancies', 'BloodPressure', 'SkinThickness', 'Insulin']"
2127,rf_shap_list_ir_2,rf_shap_list_ir_2_subset_80,orderMean,"['Glucose', 'BMI', 'Age', 'Insulin', 'DiabetesPedigreeFunction', 'BloodPressure', 'Pregnancies', 'SkinThickness']"
2128,rf_shap_list_ir_2,rf_shap_list_ir_2_subset_80,orderStd,"['BMI', 'Glucose', 'Age', 'DiabetesPedigreeFunction', 'Insulin', 'Pregnancies', 'SkinThickness', 'BloodPressure']"
2129,rf_shap_list_ir_2,rf_shap_list_ir_2_subset_80,orderSum,"['Glucose', 'BMI', 'Age', 'Insulin', 'DiabetesPedigreeFunction', 'BloodPressure', 'Pregnancies', 'SkinThickness']"
2130,rf_shap_list_ir_3,rf_shap_list_ir_3_subset_45,orderMean,"['Glucose', 'Age', 'BMI', 'Pregnancies', 'DiabetesPedigreeFunction', 'BloodPressure', 'SkinThickness', 'Insulin']"
2131,rf_shap_list_ir_3,rf_shap_list_ir_3_subset_45,orderStd,"['Glucose', 'BMI', 'Age', 'SkinThickness', 'Pregnancies', 'DiabetesPedigreeFunction', 'BloodPressure', 'Insulin']"
2132,rf_shap_list_ir_3,rf_shap_list_ir_3_subset_45,orderSum,"['Glucose', 'Age', 'BMI', 'Pregnancies', 'DiabetesPedigreeFunction', 'BloodPressure', 'SkinThickness', 'Insulin']"
2133,rf_shap_list_ir_3,rf_shap_list_ir_3_subset_89,orderMean,"['Glucose', 'BMI', 'Age', 'DiabetesPedigreeFunction', 'Pregnancies', 'BloodPressure', 'SkinThickness', 'Insulin']"
2134,rf_shap_list_ir_3,rf_shap_list_ir_3_subset_89,orderStd,"['Glucose', 'BMI', 'Age', 'DiabetesPedigreeFunction', 'Insulin', 'BloodPressure', 'Pregnancies', 'SkinThickness']"
2135,rf_shap_list_ir_3,rf_shap_list_ir_3_subset_89,orderSum,"['Glucose', 'BMI', 'Age', 'DiabetesPedigreeFunction', 'Pregnancies', 'BloodPressure', 'SkinThickness', 'Insulin']"
2136,rf_shap_list_ir_3,rf_shap_list_ir_3_subset_16,orderMean,"['Glucose', 'BMI', 'Age', 'DiabetesPedigreeFunction', 'BloodPressure', 'Pregnancies', 'SkinThickness', 'Insulin']"
2137,rf_shap_list_ir_3,rf_shap_list_ir_3_subset_16,orderStd,"['Glucose', 'BMI', 'Age', 'DiabetesPedigreeFunction', 'BloodPressure', 'Insulin', 'SkinThickness', 'Pregnancies']"
2138,rf_shap_list_ir_3,rf_shap_list_ir_3_subset_16,orderSum,"['Glucose', 'BMI', 'Age', 'DiabetesPedigreeFunction', 'BloodPressure', 'Pregnancies', 'SkinThickness', 'Insulin']"
2139,rf_shap_list_ir_2,rf_shap_list_ir_2_subset_60,orderMean,"['Glucose', 'BMI', 'Age', 'DiabetesPedigreeFunction', 'BloodPressure', 'SkinThickness', 'Pregnancies', 'Insulin']"
2140,rf_shap_list_ir_2,rf_shap_list_ir_2_subset_60,orderStd,"['Glucose', 'BMI', 'Age', 'DiabetesPedigreeFunction', 'BloodPressure', 'Insulin', 'SkinThickness', 'Pregnancies']"
2141,rf_shap_list_ir_2,rf_shap_list_ir_2_subset_60,orderSum,"['Glucose', 'BMI', 'Age', 'DiabetesPedigreeFunction', 'BloodPressure', 'SkinThickness', 'Pregnancies', 'Insulin']"
2142,rf_shap_list_ir_2,rf_shap_list_ir_2_subset_159,orderMean,"['Glucose', 'BMI', 'DiabetesPedigreeFunction', 'Age', 'BloodPressure', 'SkinThickness', 'Pregnancies', 'Insulin']"
2143,rf_shap_list_ir_2,rf_shap_list_ir_2_subset_159,orderStd,"['Glucose', 'BMI', 'DiabetesPedigreeFunction', 'Age', 'BloodPressure', 'SkinThickness', 'Insulin', 'Pregnancies']"
2144,rf_shap_list_ir_2,rf_shap_list_ir_2_subset_159,orderSum,"['Glucose', 'BMI', 'DiabetesPedigreeFunction', 'Age', 'BloodPressure', 'SkinThickness', 'Pregnancies', 'Insulin']"
2145,rf_shap_list_ir_3,rf_shap_list_ir_3_subset_40,orderMean,"['Glucose', 'DiabetesPedigreeFunction', 'Age', 'BMI', 'Pregnancies', 'BloodPressure', 'SkinThickness', 'Insulin']"
2146,rf_shap_list_ir_3,rf_shap_list_ir_3_subset_40,orderStd,"['Glucose', 'BMI', 'DiabetesPedigreeFunction', 'Age', 'Pregnancies', 'BloodPressure', 'SkinThickness', 'Insulin']"
2147,rf_shap_list_ir_3,rf_shap_list_ir_3_subset_40,orderSum,"['Glucose', 'DiabetesPedigreeFunction', 'Age', 'BMI', 'Pregnancies', 'BloodPressure', 'SkinThickness', 'Insulin']"
2148,rf_shap_list_ir_2,rf_shap_list_ir_2_subset_31,orderMean,"['Glucose', 'BMI', 'Age', 'DiabetesPedigreeFunction', 'BloodPressure', 'Pregnancies', 'Insulin', 'SkinThickness']"
2149,rf_shap_list_ir_2,rf_shap_list_ir_2_subset_31,orderStd,"['Glucose', 'BMI', 'Age', 'DiabetesPedigreeFunction', 'BloodPressure', 'Insulin', 'Pregnancies', 'SkinThickness']"
2150,rf_shap_list_ir_2,rf_shap_list_ir_2_subset_31,orderSum,"['Glucose', 'BMI', 'Age', 'DiabetesPedigreeFunction', 'BloodPressure', 'Pregnancies', 'Insulin', 'SkinThickness']"
2151,rf_shap_list_ir_2,rf_shap_list_ir_2_subset_124,orderMean,"['Glucose', 'BMI', 'DiabetesPedigreeFunction', 'Age', 'BloodPressure', 'SkinThickness', 'Pregnancies', 'Insulin']"
2152,rf_shap_list_ir_2,rf_shap_list_ir_2_subset_124,orderStd,"['BMI', 'Glucose', 'Age', 'DiabetesPedigreeFunction', 'BloodPressure', 'SkinThickness', 'Pregnancies', 'Insulin']"
2153,rf_shap_list_ir_2,rf_shap_list_ir_2_subset_124,orderSum,"['Glucose', 'BMI', 'DiabetesPedigreeFunction', 'Age', 'BloodPressure', 'SkinThickness', 'Pregnancies', 'Insulin']"
2154,rf_shap_list_ir_5,rf_shap_list_ir_5_subset_62,orderMean,"['Glucose', 'BMI', 'Age', 'DiabetesPedigreeFunction', 'Pregnancies', 'BloodPressure', 'SkinThickness', 'Insulin']"
2155,rf_shap_list_ir_5,rf_shap_list_ir_5_subset_62,orderStd,"['Glucose', 'BMI', 'DiabetesPedigreeFunction', 'Age', 'Insulin', 'BloodPressure', 'Pregnancies', 'SkinThickness']"
2156,rf_shap_list_ir_5,rf_shap_list_ir_5_subset_62,orderSum,"['Glucose', 'BMI', 'Age', 'DiabetesPedigreeFunction', 'Pregnancies', 'BloodPressure', 'SkinThickness', 'Insulin']"
2157,rf_shap_list_ir_4,rf_shap_list_ir_4_subset_112,orderMean,"['Glucose', 'BMI', 'DiabetesPedigreeFunction', 'Age', 'Pregnancies', 'BloodPressure', 'SkinThickness', 'Insulin']"
2158,rf_shap_list_ir_4,rf_shap_list_ir_4_subset_112,orderStd,"['Glucose', 'BMI', 'DiabetesPedigreeFunction', 'Age', 'Pregnancies', 'Insulin', 'BloodPressure', 'SkinThickness']"
2159,rf_shap_list_ir_4,rf_shap_list_ir_4_subset_112,orderSum,"['Glucose', 'BMI', 'DiabetesPedigreeFunction', 'Age', 'Pregnancies', 'BloodPressure', 'SkinThickness', 'Insulin']"
2160,rf_shap_list_ir_1,rf_shap_list_ir_1_subset_17,orderMean,"['Glucose', 'Age', 'BloodPressure', 'BMI', 'Pregnancies', 'DiabetesPedigreeFunction', 'SkinThickness', 'Insulin']"
2161,rf_shap_list_ir_1,rf_shap_list_ir_1_subset_17,orderStd,"['Glucose', 'Age', 'BMI', 'BloodPressure', 'SkinThickness', 'DiabetesPedigreeFunction', 'Pregnancies', 'Insulin']"
2162,rf_shap_list_ir_1,rf_shap_list_ir_1_subset_17,orderSum,"['Glucose', 'Age', 'BloodPressure', 'BMI', 'Pregnancies', 'DiabetesPedigreeFunction', 'SkinThickness', 'Insulin']"
2163,rf_shap_list_ir_1,rf_shap_list_ir_1_subset_92,orderMean,"['Glucose', 'Age', 'Pregnancies', 'BMI', 'BloodPressure', 'DiabetesPedigreeFunction', 'Insulin', 'SkinThickness']"
2164,rf_shap_list_ir_1,rf_shap_list_ir_1_subset_92,orderStd,"['Glucose', 'Age', 'BMI', 'Pregnancies', 'BloodPressure', 'DiabetesPedigreeFunction', 'Insulin', 'SkinThickness']"
2165,rf_shap_list_ir_1,rf_shap_list_ir_1_subset_92,orderSum,"['Glucose', 'Age', 'Pregnancies', 'BMI', 'BloodPressure', 'DiabetesPedigreeFunction', 'Insulin', 'SkinThickness']"
2166,rf_shap_list_ir_5,rf_shap_list_ir_5_subset_9,orderMean,"['Glucose', 'BMI', 'Age', 'DiabetesPedigreeFunction', 'Insulin', 'Pregnancies', 'BloodPressure', 'SkinThickness']"
2167,rf_shap_list_ir_5,rf_shap_list_ir_5_subset_9,orderStd,"['BMI', 'Glucose', 'Age', 'DiabetesPedigreeFunction', 'Insulin', 'Pregnancies', 'SkinThickness', 'BloodPressure']"
2168,rf_shap_list_ir_5,rf_shap_list_ir_5_subset_9,orderSum,"['Glucose', 'BMI', 'Age', 'DiabetesPedigreeFunction', 'Insulin', 'Pregnancies', 'BloodPressure', 'SkinThickness']"
2169,rf_shap_list_ir_5,rf_shap_list_ir_5_subset_151,orderMean,"['Glucose', 'BMI', 'Age', 'DiabetesPedigreeFunction', 'Pregnancies', 'BloodPressure', 'Insulin', 'SkinThickness']"
2170,rf_shap_list_ir_5,rf_shap_list_ir_5_subset_151,orderStd,"['Glucose', 'BMI', 'Age', 'DiabetesPedigreeFunction', 'Insulin', 'Pregnancies', 'SkinThickness', 'BloodPressure']"
2171,rf_shap_list_ir_5,rf_shap_list_ir_5_subset_151,orderSum,"['Glucose', 'BMI', 'Age', 'DiabetesPedigreeFunction', 'Pregnancies', 'BloodPressure', 'Insulin', 'SkinThickness']"
2172,rf_shap_list_ir_5,rf_shap_list_ir_5_subset_159,orderMean,"['Glucose', 'DiabetesPedigreeFunction', 'BMI', 'Age', 'SkinThickness', 'Pregnancies', 'BloodPressure', 'Insulin']"
2173,rf_shap_list_ir_5,rf_shap_list_ir_5_subset_159,orderStd,"['Glucose', 'BMI', 'DiabetesPedigreeFunction', 'Age', 'SkinThickness', 'Pregnancies', 'BloodPressure', 'Insulin']"
2174,rf_shap_list_ir_5,rf_shap_list_ir_5_subset_159,orderSum,"['Glucose', 'DiabetesPedigreeFunction', 'BMI', 'Age', 'SkinThickness', 'Pregnancies', 'BloodPressure', 'Insulin']"
2175,rf_shap_list_ir_4,rf_shap_list_ir_4_subset_20,orderMean,"['Glucose', 'Age', 'BMI', 'DiabetesPedigreeFunction', 'Pregnancies', 'BloodPressure', 'SkinThickness', 'Insulin']"
2176,rf_shap_list_ir_4,rf_shap_list_ir_4_subset_20,orderStd,"['Glucose', 'BMI', 'DiabetesPedigreeFunction', 'Age', 'BloodPressure', 'Pregnancies', 'Insulin', 'SkinThickness']"
2177,rf_shap_list_ir_4,rf_shap_list_ir_4_subset_20,orderSum,"['Glucose', 'Age', 'BMI', 'DiabetesPedigreeFunction', 'Pregnancies', 'BloodPressure', 'SkinThickness', 'Insulin']"
2178,rf_shap_list_ir_5,rf_shap_list_ir_5_subset_56,orderMean,"['Glucose', 'BMI', 'Age', 'DiabetesPedigreeFunction', 'Pregnancies', 'BloodPressure', 'SkinThickness', 'Insulin']"
2179,rf_shap_list_ir_5,rf_shap_list_ir_5_subset_56,orderStd,"['Glucose', 'BMI', 'DiabetesPedigreeFunction', 'Age', 'Pregnancies', 'Insulin', 'BloodPressure', 'SkinThickness']"
2180,rf_shap_list_ir_5,rf_shap_list_ir_5_subset_56,orderSum,"['Glucose', 'BMI', 'Age', 'DiabetesPedigreeFunction', 'Pregnancies', 'BloodPressure', 'SkinThickness', 'Insulin']"
2181,rf_shap_list_ir_1,rf_shap_list_ir_1_subset_118,orderMean,"['Glucose', 'BMI', 'DiabetesPedigreeFunction', 'Age', 'BloodPressure', 'Pregnancies', 'SkinThickness', 'Insulin']"
2182,rf_shap_list_ir_1,rf_shap_list_ir_1_subset_118,orderStd,"['Glucose', 'BMI', 'Age', 'DiabetesPedigreeFunction', 'BloodPressure', 'Pregnancies', 'SkinThickness', 'Insulin']"
2183,rf_shap_list_ir_1,rf_shap_list_ir_1_subset_118,orderSum,"['Glucose', 'BMI', 'DiabetesPedigreeFunction', 'Age', 'BloodPressure', 'Pregnancies', 'SkinThickness', 'Insulin']"
2184,rf_shap_list_ir_1,rf_shap_list_ir_1_subset_154,orderMean,"['Glucose', 'Age', 'BMI', 'DiabetesPedigreeFunction', 'BloodPressure', 'Pregnancies', 'SkinThickness', 'Insulin']"
2185,rf_shap_list_ir_1,rf_shap_list_ir_1_subset_154,orderStd,"['BMI', 'Age', 'Glucose', 'Pregnancies', 'SkinThickness', 'Insulin', 'DiabetesPedigreeFunction', 'BloodPressure']"
2186,rf_shap_list_ir_1,rf_shap_list_ir_1_subset_154,orderSum,"['Glucose', 'Age', 'BMI', 'DiabetesPedigreeFunction', 'BloodPressure', 'Pregnancies', 'SkinThickness', 'Insulin']"
2187,rf_shap_list_ir_4,rf_shap_list_ir_4_subset_28,orderMean,"['Glucose', 'BMI', 'DiabetesPedigreeFunction', 'Age', 'Pregnancies', 'BloodPressure', 'SkinThickness', 'Insulin']"
2188,rf_shap_list_ir_4,rf_shap_list_ir_4_subset_28,orderStd,"['BMI', 'Glucose', 'Age', 'DiabetesPedigreeFunction', 'Pregnancies', 'BloodPressure', 'SkinThickness', 'Insulin']"
2189,rf_shap_list_ir_4,rf_shap_list_ir_4_subset_28,orderSum,"['Glucose', 'BMI', 'DiabetesPedigreeFunction', 'Age', 'Pregnancies', 'BloodPressure', 'SkinThickness', 'Insulin']"
2190,rf_shap_list_ir_2,rf_shap_list_ir_2_subset_95,orderMean,"['Glucose', 'DiabetesPedigreeFunction', 'Age', 'BMI', 'BloodPressure', 'Pregnancies', 'SkinThickness', 'Insulin']"
2191,rf_shap_list_ir_2,rf_shap_list_ir_2_subset_95,orderStd,"['Glucose', 'BMI', 'DiabetesPedigreeFunction', 'Age', 'Pregnancies', 'Insulin', 'BloodPressure', 'SkinThickness']"
2192,rf_shap_list_ir_2,rf_shap_list_ir_2_subset_95,orderSum,"['Glucose', 'DiabetesPedigreeFunction', 'Age', 'BMI', 'BloodPressure', 'Pregnancies', 'SkinThickness', 'Insulin']"
2193,rf_shap_list_ir_5,rf_shap_list_ir_5_subset_82,orderMean,"['Glucose', 'Age', 'BMI', 'Pregnancies', 'DiabetesPedigreeFunction', 'BloodPressure', 'Insulin', 'SkinThickness']"
2194,rf_shap_list_ir_5,rf_shap_list_ir_5_subset_82,orderStd,"['Glucose', 'BMI', 'Age', 'DiabetesPedigreeFunction', 'Pregnancies', 'BloodPressure', 'Insulin', 'SkinThickness']"
2195,rf_shap_list_ir_5,rf_shap_list_ir_5_subset_82,orderSum,"['Glucose', 'Age', 'BMI', 'Pregnancies', 'DiabetesPedigreeFunction', 'BloodPressure', 'Insulin', 'SkinThickness']"
2196,rf_shap_list_ir_1,rf_shap_list_ir_1_subset_131,orderMean,"['Glucose', 'BMI', 'BloodPressure', 'DiabetesPedigreeFunction', 'Age', 'SkinThickness', 'Pregnancies', 'Insulin']"
2197,rf_shap_list_ir_1,rf_shap_list_ir_1_subset_131,orderStd,"['Glucose', 'BMI', 'DiabetesPedigreeFunction', 'BloodPressure', 'Age', 'Insulin', 'SkinThickness', 'Pregnancies']"
2198,rf_shap_list_ir_1,rf_shap_list_ir_1_subset_131,orderSum,"['Glucose', 'BMI', 'BloodPressure', 'DiabetesPedigreeFunction', 'Age', 'SkinThickness', 'Pregnancies', 'Insulin']"
2199,rf_shap_list_ir_3,rf_shap_list_ir_3_subset_111,orderMean,"['Glucose', 'BMI', 'Age', 'DiabetesPedigreeFunction', 'Pregnancies', 'BloodPressure', 'SkinThickness', 'Insulin']"
2200,rf_shap_list_ir_3,rf_shap_list_ir_3_subset_111,orderStd,"['Glucose', 'BMI', 'DiabetesPedigreeFunction', 'Age', 'Pregnancies', 'Insulin', 'SkinThickness', 'BloodPressure']"
2201,rf_shap_list_ir_3,rf_shap_list_ir_3_subset_111,orderSum,"['Glucose', 'BMI', 'Age', 'DiabetesPedigreeFunction', 'Pregnancies', 'BloodPressure', 'SkinThickness', 'Insulin']"
2202,rf_shap_list_ir_1,rf_shap_list_ir_1_subset_20,orderMean,"['BMI', 'Glucose', 'BloodPressure', 'DiabetesPedigreeFunction', 'Age', 'Pregnancies', 'SkinThickness', 'Insulin']"
2203,rf_shap_list_ir_1,rf_shap_list_ir_1_subset_20,orderStd,"['BMI', 'Glucose', 'BloodPressure', 'Age', 'DiabetesPedigreeFunction', 'Insulin', 'SkinThickness', 'Pregnancies']"
2204,rf_shap_list_ir_1,rf_shap_list_ir_1_subset_20,orderSum,"['BMI', 'Glucose', 'BloodPressure', 'DiabetesPedigreeFunction', 'Age', 'Pregnancies', 'SkinThickness', 'Insulin']"
2205,rf_shap_list_ir_2,rf_shap_list_ir_2_subset_153,orderMean,"['Glucose', 'BMI', 'DiabetesPedigreeFunction', 'Age', 'BloodPressure', 'SkinThickness', 'Pregnancies', 'Insulin']"
2206,rf_shap_list_ir_2,rf_shap_list_ir_2_subset_153,orderStd,"['Glucose', 'BMI', 'DiabetesPedigreeFunction', 'BloodPressure', 'Age', 'Insulin', 'Pregnancies', 'SkinThickness']"
2207,rf_shap_list_ir_2,rf_shap_list_ir_2_subset_153,orderSum,"['Glucose', 'BMI', 'DiabetesPedigreeFunction', 'Age', 'BloodPressure', 'SkinThickness', 'Pregnancies', 'Insulin']"
2208,rf_shap_list_ir_3,rf_shap_list_ir_3_subset_103,orderMean,"['Glucose', 'BMI', 'Age', 'DiabetesPedigreeFunction', 'Insulin', 'BloodPressure', 'Pregnancies', 'SkinThickness']"
2209,rf_shap_list_ir_3,rf_shap_list_ir_3_subset_103,orderStd,"['BMI', 'Glucose', 'Age', 'DiabetesPedigreeFunction', 'Insulin', 'SkinThickness', 'BloodPressure', 'Pregnancies']"
2210,rf_shap_list_ir_3,rf_shap_list_ir_3_subset_103,orderSum,"['Glucose', 'BMI', 'Age', 'DiabetesPedigreeFunction', 'Insulin', 'BloodPressure', 'Pregnancies', 'SkinThickness']"
2211,rf_shap_list_ir_3,rf_shap_list_ir_3_subset_67,orderMean,"['Glucose', 'BMI', 'Age', 'DiabetesPedigreeFunction', 'SkinThickness', 'BloodPressure', 'Pregnancies', 'Insulin']"
2212,rf_shap_list_ir_3,rf_shap_list_ir_3_subset_67,orderStd,"['Glucose', 'BMI', 'DiabetesPedigreeFunction', 'Age', 'Insulin', 'SkinThickness', 'BloodPressure', 'Pregnancies']"
2213,rf_shap_list_ir_3,rf_shap_list_ir_3_subset_67,orderSum,"['Glucose', 'BMI', 'Age', 'DiabetesPedigreeFunction', 'SkinThickness', 'BloodPressure', 'Pregnancies', 'Insulin']"
2214,rf_shap_list_ir_5,rf_shap_list_ir_5_subset_60,orderMean,"['Glucose', 'BMI', 'Age', 'DiabetesPedigreeFunction', 'Insulin', 'SkinThickness', 'BloodPressure', 'Pregnancies']"
2215,rf_shap_list_ir_5,rf_shap_list_ir_5_subset_60,orderStd,"['BMI', 'Glucose', 'Age', 'DiabetesPedigreeFunction', 'Insulin', 'BloodPressure', 'SkinThickness', 'Pregnancies']"
2216,rf_shap_list_ir_5,rf_shap_list_ir_5_subset_60,orderSum,"['Glucose', 'BMI', 'Age', 'DiabetesPedigreeFunction', 'Insulin', 'SkinThickness', 'BloodPressure', 'Pregnancies']"
2217,rf_shap_list_ir_5,rf_shap_list_ir_5_subset_11,orderMean,"['Glucose', 'BMI', 'Age', 'DiabetesPedigreeFunction', 'Pregnancies', 'BloodPressure', 'SkinThickness', 'Insulin']"
2218,rf_shap_list_ir_5,rf_shap_list_ir_5_subset_11,orderStd,"['Glucose', 'BMI', 'Age', 'DiabetesPedigreeFunction', 'Pregnancies', 'SkinThickness', 'BloodPressure', 'Insulin']"
2219,rf_shap_list_ir_5,rf_shap_list_ir_5_subset_11,orderSum,"['Glucose', 'BMI', 'Age', 'DiabetesPedigreeFunction', 'Pregnancies', 'BloodPressure', 'SkinThickness', 'Insulin']"
2220,rf_shap_list_ir_4,rf_shap_list_ir_4_subset_14,orderMean,"['Glucose', 'BMI', 'Age', 'DiabetesPedigreeFunction', 'Pregnancies', 'BloodPressure', 'SkinThickness', 'Insulin']"
2221,rf_shap_list_ir_4,rf_shap_list_ir_4_subset_14,orderStd,"['Glucose', 'BMI', 'Age', 'DiabetesPedigreeFunction', 'Pregnancies', 'BloodPressure', 'Insulin', 'SkinThickness']"
2222,rf_shap_list_ir_4,rf_shap_list_ir_4_subset_14,orderSum,"['Glucose', 'BMI', 'Age', 'DiabetesPedigreeFunction', 'Pregnancies', 'BloodPressure', 'SkinThickness', 'Insulin']"
2223,rf_shap_list_ir_4,rf_shap_list_ir_4_subset_126,orderMean,"['Glucose', 'BMI', 'DiabetesPedigreeFunction', 'Age', 'Pregnancies', 'BloodPressure', 'SkinThickness', 'Insulin']"
2224,rf_shap_list_ir_4,rf_shap_list_ir_4_subset_126,orderStd,"['Glucose', 'BMI', 'Age', 'DiabetesPedigreeFunction', 'Pregnancies', 'Insulin', 'BloodPressure', 'SkinThickness']"
2225,rf_shap_list_ir_4,rf_shap_list_ir_4_subset_126,orderSum,"['Glucose', 'BMI', 'DiabetesPedigreeFunction', 'Age', 'Pregnancies', 'BloodPressure', 'SkinThickness', 'Insulin']"
2226,rf_shap_list_ir_3,rf_shap_list_ir_3_subset_17,orderMean,"['Glucose', 'Age', 'BMI', 'DiabetesPedigreeFunction', 'BloodPressure', 'Insulin', 'Pregnancies', 'SkinThickness']"
2227,rf_shap_list_ir_3,rf_shap_list_ir_3_subset_17,orderStd,"['BMI', 'Age', 'Glucose', 'DiabetesPedigreeFunction', 'Insulin', 'SkinThickness', 'BloodPressure', 'Pregnancies']"
2228,rf_shap_list_ir_3,rf_shap_list_ir_3_subset_17,orderSum,"['Glucose', 'Age', 'BMI', 'DiabetesPedigreeFunction', 'BloodPressure', 'Insulin', 'Pregnancies', 'SkinThickness']"
2229,rf_shap_list_ir_2,rf_shap_list_ir_2_subset_88,orderMean,"['Glucose', 'BMI', 'DiabetesPedigreeFunction', 'Age', 'BloodPressure', 'SkinThickness', 'Insulin', 'Pregnancies']"
2230,rf_shap_list_ir_2,rf_shap_list_ir_2_subset_88,orderStd,"['BMI', 'Glucose', 'Age', 'DiabetesPedigreeFunction', 'Insulin', 'BloodPressure', 'Pregnancies', 'SkinThickness']"
2231,rf_shap_list_ir_2,rf_shap_list_ir_2_subset_88,orderSum,"['Glucose', 'BMI', 'DiabetesPedigreeFunction', 'Age', 'BloodPressure', 'SkinThickness', 'Insulin', 'Pregnancies']"
2232,rf_shap_list_ir_1,rf_shap_list_ir_1_subset_83,orderMean,"['BMI', 'Glucose', 'DiabetesPedigreeFunction', 'Age', 'BloodPressure', 'SkinThickness', 'Insulin', 'Pregnancies']"
2233,rf_shap_list_ir_1,rf_shap_list_ir_1_subset_83,orderStd,"['BMI', 'Glucose', 'BloodPressure', 'DiabetesPedigreeFunction', 'Insulin', 'Age', 'SkinThickness', 'Pregnancies']"
2234,rf_shap_list_ir_1,rf_shap_list_ir_1_subset_83,orderSum,"['BMI', 'Glucose', 'DiabetesPedigreeFunction', 'Age', 'BloodPressure', 'SkinThickness', 'Insulin', 'Pregnancies']"
2235,rf_shap_list_ir_4,rf_shap_list_ir_4_subset_34,orderMean,"['Glucose', 'Age', 'BMI', 'Pregnancies', 'Insulin', 'DiabetesPedigreeFunction', 'BloodPressure', 'SkinThickness']"
2236,rf_shap_list_ir_4,rf_shap_list_ir_4_subset_34,orderStd,"['Glucose', 'BMI', 'Age', 'DiabetesPedigreeFunction', 'Pregnancies', 'Insulin', 'BloodPressure', 'SkinThickness']"
2237,rf_shap_list_ir_4,rf_shap_list_ir_4_subset_34,orderSum,"['Glucose', 'Age', 'BMI', 'Pregnancies', 'Insulin', 'DiabetesPedigreeFunction', 'BloodPressure', 'SkinThickness']"
2238,rf_shap_list_ir_4,rf_shap_list_ir_4_subset_6,orderMean,"['Glucose', 'Age', 'BMI', 'DiabetesPedigreeFunction', 'Pregnancies', 'SkinThickness', 'BloodPressure', 'Insulin']"
2239,rf_shap_list_ir_4,rf_shap_list_ir_4_subset_6,orderStd,"['Glucose', 'BMI', 'Age', 'DiabetesPedigreeFunction', 'Pregnancies', 'BloodPressure', 'SkinThickness', 'Insulin']"
2240,rf_shap_list_ir_4,rf_shap_list_ir_4_subset_6,orderSum,"['Glucose', 'Age', 'BMI', 'DiabetesPedigreeFunction', 'Pregnancies', 'SkinThickness', 'BloodPressure', 'Insulin']"
2241,rf_shap_list_ir_2,rf_shap_list_ir_2_subset_94,orderMean,"['Glucose', 'BMI', 'Age', 'DiabetesPedigreeFunction', 'BloodPressure', 'Pregnancies', 'SkinThickness', 'Insulin']"
2242,rf_shap_list_ir_2,rf_shap_list_ir_2_subset_94,orderStd,"['Glucose', 'DiabetesPedigreeFunction', 'Age', 'BMI', 'BloodPressure', 'Insulin', 'Pregnancies', 'SkinThickness']"
2243,rf_shap_list_ir_2,rf_shap_list_ir_2_subset_94,orderSum,"['Glucose', 'BMI', 'Age', 'DiabetesPedigreeFunction', 'BloodPressure', 'Pregnancies', 'SkinThickness', 'Insulin']"
2244,rf_shap_list_ir_4,rf_shap_list_ir_4_subset_141,orderMean,"['Glucose', 'BMI', 'DiabetesPedigreeFunction', 'Age', 'Pregnancies', 'BloodPressure', 'SkinThickness', 'Insulin']"
2245,rf_shap_list_ir_4,rf_shap_list_ir_4_subset_141,orderStd,"['BMI', 'Glucose', 'DiabetesPedigreeFunction', 'Age', 'BloodPressure', 'Insulin', 'Pregnancies', 'SkinThickness']"
2246,rf_shap_list_ir_4,rf_shap_list_ir_4_subset_141,orderSum,"['Glucose', 'BMI', 'DiabetesPedigreeFunction', 'Age', 'Pregnancies', 'BloodPressure', 'SkinThickness', 'Insulin']"
2247,rf_shap_list_ir_4,rf_shap_list_ir_4_subset_103,orderMean,"['Glucose', 'Pregnancies', 'BMI', 'Age', 'DiabetesPedigreeFunction', 'BloodPressure', 'SkinThickness', 'Insulin']"
2248,rf_shap_list_ir_4,rf_shap_list_ir_4_subset_103,orderStd,"['BMI', 'Glucose', 'Pregnancies', 'DiabetesPedigreeFunction', 'Age', 'Insulin', 'BloodPressure', 'SkinThickness']"
2249,rf_shap_list_ir_4,rf_shap_list_ir_4_subset_103,orderSum,"['Glucose', 'Pregnancies', 'BMI', 'Age', 'DiabetesPedigreeFunction', 'BloodPressure', 'SkinThickness', 'Insulin']"
2250,rf_shap_list_ir_1,rf_shap_list_ir_1_subset_47,orderMean,"['Glucose', 'Pregnancies', 'BMI', 'BloodPressure', 'DiabetesPedigreeFunction', 'Age', 'SkinThickness', 'Insulin']"
2251,rf_shap_list_ir_1,rf_shap_list_ir_1_subset_47,orderStd,"['Glucose', 'Pregnancies', 'BMI', 'DiabetesPedigreeFunction', 'Age', 'BloodPressure', 'Insulin', 'SkinThickness']"
2252,rf_shap_list_ir_1,rf_shap_list_ir_1_subset_47,orderSum,"['Glucose', 'Pregnancies', 'BMI', 'BloodPressure', 'DiabetesPedigreeFunction', 'Age', 'SkinThickness', 'Insulin']"
2253,rf_shap_list_ir_1,rf_shap_list_ir_1_subset_116,orderMean,"['BMI', 'DiabetesPedigreeFunction', 'Glucose', 'Age', 'SkinThickness', 'BloodPressure', 'Pregnancies', 'Insulin']"
2254,rf_shap_list_ir_1,rf_shap_list_ir_1_subset_116,orderStd,"['BMI', 'DiabetesPedigreeFunction', 'Age', 'Glucose', 'SkinThickness', 'BloodPressure', 'Pregnancies', 'Insulin']"
2255,rf_shap_list_ir_1,rf_shap_list_ir_1_subset_116,orderSum,"['BMI', 'DiabetesPedigreeFunction', 'Glucose', 'Age', 'SkinThickness', 'BloodPressure', 'Pregnancies', 'Insulin']"
2256,rf_shap_list_ir_5,rf_shap_list_ir_5_subset_108,orderMean,"['Glucose', 'BMI', 'Age', 'DiabetesPedigreeFunction', 'Pregnancies', 'BloodPressure', 'SkinThickness', 'Insulin']"
2257,rf_shap_list_ir_5,rf_shap_list_ir_5_subset_108,orderStd,"['BMI', 'Glucose', 'Age', 'DiabetesPedigreeFunction', 'Pregnancies', 'Insulin', 'BloodPressure', 'SkinThickness']"
2258,rf_shap_list_ir_5,rf_shap_list_ir_5_subset_108,orderSum,"['Glucose', 'BMI', 'Age', 'DiabetesPedigreeFunction', 'Pregnancies', 'BloodPressure', 'SkinThickness', 'Insulin']"
2259,rf_shap_list_ir_4,rf_shap_list_ir_4_subset_60,orderMean,"['Glucose', 'BMI', 'Age', 'DiabetesPedigreeFunction', 'Pregnancies', 'BloodPressure', 'SkinThickness', 'Insulin']"
2260,rf_shap_list_ir_4,rf_shap_list_ir_4_subset_60,orderStd,"['Glucose', 'BMI', 'Age', 'DiabetesPedigreeFunction', 'Pregnancies', 'Insulin', 'BloodPressure', 'SkinThickness']"
2261,rf_shap_list_ir_4,rf_shap_list_ir_4_subset_60,orderSum,"['Glucose', 'BMI', 'Age', 'DiabetesPedigreeFunction', 'Pregnancies', 'BloodPressure', 'SkinThickness', 'Insulin']"
2262,rf_shap_list_ir_1,rf_shap_list_ir_1_subset_104,orderMean,"['Glucose', 'Age', 'BloodPressure', 'BMI', 'DiabetesPedigreeFunction', 'Pregnancies', 'SkinThickness', 'Insulin']"
2263,rf_shap_list_ir_1,rf_shap_list_ir_1_subset_104,orderStd,"['Glucose', 'BMI', 'Age', 'BloodPressure', 'DiabetesPedigreeFunction', 'Pregnancies', 'SkinThickness', 'Insulin']"
2264,rf_shap_list_ir_1,rf_shap_list_ir_1_subset_104,orderSum,"['Glucose', 'Age', 'BloodPressure', 'BMI', 'DiabetesPedigreeFunction', 'Pregnancies', 'SkinThickness', 'Insulin']"
2265,rf_shap_list_ir_2,rf_shap_list_ir_2_subset_143,orderMean,"['Glucose', 'BMI', 'Pregnancies', 'Age', 'SkinThickness', 'BloodPressure', 'DiabetesPedigreeFunction', 'Insulin']"
2266,rf_shap_list_ir_2,rf_shap_list_ir_2_subset_143,orderStd,"['Glucose', 'BMI', 'Pregnancies', 'DiabetesPedigreeFunction', 'Age', 'SkinThickness', 'BloodPressure', 'Insulin']"
2267,rf_shap_list_ir_2,rf_shap_list_ir_2_subset_143,orderSum,"['Glucose', 'BMI', 'Pregnancies', 'Age', 'SkinThickness', 'BloodPressure', 'DiabetesPedigreeFunction', 'Insulin']"
2268,rf_shap_list_ir_1,rf_shap_list_ir_1_subset_12,orderMean,"['Glucose', 'BMI', 'Age', 'DiabetesPedigreeFunction', 'BloodPressure', 'Insulin', 'SkinThickness', 'Pregnancies']"
2269,rf_shap_list_ir_1,rf_shap_list_ir_1_subset_12,orderStd,"['Glucose', 'Age', 'BMI', 'DiabetesPedigreeFunction', 'BloodPressure', 'SkinThickness', 'Insulin', 'Pregnancies']"
2270,rf_shap_list_ir_1,rf_shap_list_ir_1_subset_12,orderSum,"['Glucose', 'BMI', 'Age', 'DiabetesPedigreeFunction', 'BloodPressure', 'Insulin', 'SkinThickness', 'Pregnancies']"
2271,rf_shap_list_ir_2,rf_shap_list_ir_2_subset_72,orderMean,"['BMI', 'Age', 'Glucose', 'Pregnancies', 'DiabetesPedigreeFunction', 'BloodPressure', 'SkinThickness', 'Insulin']"
2272,rf_shap_list_ir_2,rf_shap_list_ir_2_subset_72,orderStd,"['BMI', 'Glucose', 'Age', 'BloodPressure', 'Pregnancies', 'DiabetesPedigreeFunction', 'Insulin', 'SkinThickness']"
2273,rf_shap_list_ir_2,rf_shap_list_ir_2_subset_72,orderSum,"['BMI', 'Age', 'Glucose', 'Pregnancies', 'DiabetesPedigreeFunction', 'BloodPressure', 'SkinThickness', 'Insulin']"
2274,rf_shap_list_ir_5,rf_shap_list_ir_5_subset_70,orderMean,"['Glucose', 'BMI', 'Age', 'Pregnancies', 'DiabetesPedigreeFunction', 'BloodPressure', 'Insulin', 'SkinThickness']"
2275,rf_shap_list_ir_5,rf_shap_list_ir_5_subset_70,orderStd,"['BMI', 'Glucose', 'Age', 'Pregnancies', 'DiabetesPedigreeFunction', 'BloodPressure', 'Insulin', 'SkinThickness']"
2276,rf_shap_list_ir_5,rf_shap_list_ir_5_subset_70,orderSum,"['Glucose', 'BMI', 'Age', 'Pregnancies', 'DiabetesPedigreeFunction', 'BloodPressure', 'Insulin', 'SkinThickness']"
2277,rf_shap_list_ir_4,rf_shap_list_ir_4_subset_18,orderMean,"['Glucose', 'Age', 'BMI', 'DiabetesPedigreeFunction', 'BloodPressure', 'Pregnancies', 'SkinThickness', 'Insulin']"
2278,rf_shap_list_ir_4,rf_shap_list_ir_4_subset_18,orderStd,"['Glucose', 'Age', 'BMI', 'DiabetesPedigreeFunction', 'BloodPressure', 'Insulin', 'Pregnancies', 'SkinThickness']"
2279,rf_shap_list_ir_4,rf_shap_list_ir_4_subset_18,orderSum,"['Glucose', 'Age', 'BMI', 'DiabetesPedigreeFunction', 'BloodPressure', 'Pregnancies', 'SkinThickness', 'Insulin']"
2280,rf_shap_list_ir_2,rf_shap_list_ir_2_subset_91,orderMean,"['Glucose', 'Age', 'BMI', 'Pregnancies', 'DiabetesPedigreeFunction', 'BloodPressure', 'SkinThickness', 'Insulin']"
2281,rf_shap_list_ir_2,rf_shap_list_ir_2_subset_91,orderStd,"['Glucose', 'BMI', 'Age', 'DiabetesPedigreeFunction', 'Pregnancies', 'BloodPressure', 'SkinThickness', 'Insulin']"
2282,rf_shap_list_ir_2,rf_shap_list_ir_2_subset_91,orderSum,"['Glucose', 'Age', 'BMI', 'Pregnancies', 'DiabetesPedigreeFunction', 'BloodPressure', 'SkinThickness', 'Insulin']"
2283,rf_shap_list_ir_3,rf_shap_list_ir_3_subset_87,orderMean,"['Glucose', 'BMI', 'Age', 'DiabetesPedigreeFunction', 'BloodPressure', 'Insulin', 'Pregnancies', 'SkinThickness']"
2284,rf_shap_list_ir_3,rf_shap_list_ir_3_subset_87,orderStd,"['BMI', 'Glucose', 'Age', 'DiabetesPedigreeFunction', 'BloodPressure', 'Insulin', 'Pregnancies', 'SkinThickness']"
2285,rf_shap_list_ir_3,rf_shap_list_ir_3_subset_87,orderSum,"['Glucose', 'BMI', 'Age', 'DiabetesPedigreeFunction', 'BloodPressure', 'Insulin', 'Pregnancies', 'SkinThickness']"
2286,rf_shap_list_ir_4,rf_shap_list_ir_4_subset_87,orderMean,"['Glucose', 'Age', 'BMI', 'DiabetesPedigreeFunction', 'Pregnancies', 'BloodPressure', 'SkinThickness', 'Insulin']"
2287,rf_shap_list_ir_4,rf_shap_list_ir_4_subset_87,orderStd,"['Glucose', 'BMI', 'Age', 'DiabetesPedigreeFunction', 'Pregnancies', 'BloodPressure', 'SkinThickness', 'Insulin']"
2288,rf_shap_list_ir_4,rf_shap_list_ir_4_subset_87,orderSum,"['Glucose', 'Age', 'BMI', 'DiabetesPedigreeFunction', 'Pregnancies', 'BloodPressure', 'SkinThickness', 'Insulin']"
2289,rf_shap_list_ir_1,rf_shap_list_ir_1_subset_54,orderMean,"['Glucose', 'BMI', 'DiabetesPedigreeFunction', 'Pregnancies', 'BloodPressure', 'Age', 'SkinThickness', 'Insulin']"
2290,rf_shap_list_ir_1,rf_shap_list_ir_1_subset_54,orderStd,"['Glucose', 'BMI', 'DiabetesPedigreeFunction', 'Pregnancies', 'BloodPressure', 'SkinThickness', 'Age', 'Insulin']"
2291,rf_shap_list_ir_1,rf_shap_list_ir_1_subset_54,orderSum,"['Glucose', 'BMI', 'DiabetesPedigreeFunction', 'Pregnancies', 'BloodPressure', 'Age', 'SkinThickness', 'Insulin']"
2292,rf_shap_list_ir_2,rf_shap_list_ir_2_subset_26,orderMean,"['Glucose', 'BMI', 'DiabetesPedigreeFunction', 'Age', 'Pregnancies', 'SkinThickness', 'BloodPressure', 'Insulin']"
2293,rf_shap_list_ir_2,rf_shap_list_ir_2_subset_26,orderStd,"['Glucose', 'BMI', 'DiabetesPedigreeFunction', 'Insulin', 'SkinThickness', 'Pregnancies', 'Age', 'BloodPressure']"
2294,rf_shap_list_ir_2,rf_shap_list_ir_2_subset_26,orderSum,"['Glucose', 'BMI', 'DiabetesPedigreeFunction', 'Age', 'Pregnancies', 'SkinThickness', 'BloodPressure', 'Insulin']"
2295,rf_shap_list_ir_3,rf_shap_list_ir_3_subset_56,orderMean,"['Glucose', 'BMI', 'Age', 'DiabetesPedigreeFunction', 'Pregnancies', 'BloodPressure', 'Insulin', 'SkinThickness']"
2296,rf_shap_list_ir_3,rf_shap_list_ir_3_subset_56,orderStd,"['Glucose', 'BMI', 'DiabetesPedigreeFunction', 'Age', 'SkinThickness', 'Insulin', 'Pregnancies', 'BloodPressure']"
2297,rf_shap_list_ir_3,rf_shap_list_ir_3_subset_56,orderSum,"['Glucose', 'BMI', 'Age', 'DiabetesPedigreeFunction', 'Pregnancies', 'BloodPressure', 'Insulin', 'SkinThickness']"
2298,rf_shap_list_ir_3,rf_shap_list_ir_3_subset_14,orderMean,"['Glucose', 'Age', 'BMI', 'DiabetesPedigreeFunction', 'Pregnancies', 'BloodPressure', 'SkinThickness', 'Insulin']"
2299,rf_shap_list_ir_3,rf_shap_list_ir_3_subset_14,orderStd,"['Glucose', 'Age', 'BMI', 'DiabetesPedigreeFunction', 'BloodPressure', 'Insulin', 'Pregnancies', 'SkinThickness']"
2300,rf_shap_list_ir_3,rf_shap_list_ir_3_subset_14,orderSum,"['Glucose', 'Age', 'BMI', 'DiabetesPedigreeFunction', 'Pregnancies', 'BloodPressure', 'SkinThickness', 'Insulin']"
2301,rf_shap_list_ir_4,rf_shap_list_ir_4_subset_128,orderMean,"['Glucose', 'BMI', 'Age', 'DiabetesPedigreeFunction', 'BloodPressure', 'Pregnancies', 'SkinThickness', 'Insulin']"
2302,rf_shap_list_ir_4,rf_shap_list_ir_4_subset_128,orderStd,"['Glucose', 'BMI', 'Age', 'DiabetesPedigreeFunction', 'BloodPressure', 'Insulin', 'Pregnancies', 'SkinThickness']"
2303,rf_shap_list_ir_4,rf_shap_list_ir_4_subset_128,orderSum,"['Glucose', 'BMI', 'Age', 'DiabetesPedigreeFunction', 'BloodPressure', 'Pregnancies', 'SkinThickness', 'Insulin']"
2304,rf_shap_list_ir_2,rf_shap_list_ir_2_subset_22,orderMean,"['BMI', 'Glucose', 'DiabetesPedigreeFunction', 'SkinThickness', 'Age', 'BloodPressure', 'Insulin', 'Pregnancies']"
2305,rf_shap_list_ir_2,rf_shap_list_ir_2_subset_22,orderStd,"['BMI', 'Glucose', 'Age', 'DiabetesPedigreeFunction', 'Insulin', 'SkinThickness', 'Pregnancies', 'BloodPressure']"
2306,rf_shap_list_ir_2,rf_shap_list_ir_2_subset_22,orderSum,"['BMI', 'Glucose', 'DiabetesPedigreeFunction', 'SkinThickness', 'Age', 'BloodPressure', 'Insulin', 'Pregnancies']"
2307,rf_shap_list_ir_2,rf_shap_list_ir_2_subset_19,orderMean,"['Glucose', 'DiabetesPedigreeFunction', 'BMI', 'Age', 'BloodPressure', 'SkinThickness', 'Pregnancies', 'Insulin']"
2308,rf_shap_list_ir_2,rf_shap_list_ir_2_subset_19,orderStd,"['Glucose', 'DiabetesPedigreeFunction', 'BMI', 'SkinThickness', 'BloodPressure', 'Age', 'Insulin', 'Pregnancies']"
2309,rf_shap_list_ir_2,rf_shap_list_ir_2_subset_19,orderSum,"['Glucose', 'DiabetesPedigreeFunction', 'BMI', 'Age', 'BloodPressure', 'SkinThickness', 'Pregnancies', 'Insulin']"
2310,rf_shap_list_ir_4,rf_shap_list_ir_4_subset_24,orderMean,"['Glucose', 'BMI', 'Age', 'DiabetesPedigreeFunction', 'Pregnancies', 'BloodPressure', 'SkinThickness', 'Insulin']"
2311,rf_shap_list_ir_4,rf_shap_list_ir_4_subset_24,orderStd,"['BMI', 'Glucose', 'Age', 'DiabetesPedigreeFunction', 'Pregnancies', 'BloodPressure', 'Insulin', 'SkinThickness']"
2312,rf_shap_list_ir_4,rf_shap_list_ir_4_subset_24,orderSum,"['Glucose', 'BMI', 'Age', 'DiabetesPedigreeFunction', 'Pregnancies', 'BloodPressure', 'SkinThickness', 'Insulin']"
2313,rf_shap_list_ir_3,rf_shap_list_ir_3_subset_154,orderMean,"['Glucose', 'BMI', 'DiabetesPedigreeFunction', 'Age', 'BloodPressure', 'Pregnancies', 'SkinThickness', 'Insulin']"
2314,rf_shap_list_ir_3,rf_shap_list_ir_3_subset_154,orderStd,"['Glucose', 'BMI', 'DiabetesPedigreeFunction', 'BloodPressure', 'Age', 'Insulin', 'Pregnancies', 'SkinThickness']"
2315,rf_shap_list_ir_3,rf_shap_list_ir_3_subset_154,orderSum,"['Glucose', 'BMI', 'DiabetesPedigreeFunction', 'Age', 'BloodPressure', 'Pregnancies', 'SkinThickness', 'Insulin']"
2316,rf_shap_list_ir_4,rf_shap_list_ir_4_subset_77,orderMean,"['Glucose', 'BMI', 'Age', 'DiabetesPedigreeFunction', 'Pregnancies', 'BloodPressure', 'SkinThickness', 'Insulin']"
2317,rf_shap_list_ir_4,rf_shap_list_ir_4_subset_77,orderStd,"['Glucose', 'BMI', 'Age', 'DiabetesPedigreeFunction', 'Pregnancies', 'SkinThickness', 'Insulin', 'BloodPressure']"
2318,rf_shap_list_ir_4,rf_shap_list_ir_4_subset_77,orderSum,"['Glucose', 'BMI', 'Age', 'DiabetesPedigreeFunction', 'Pregnancies', 'BloodPressure', 'SkinThickness', 'Insulin']"
2319,rf_shap_list_ir_1,rf_shap_list_ir_1_subset_109,orderMean,"['Glucose', 'Age', 'BMI', 'DiabetesPedigreeFunction', 'Pregnancies', 'BloodPressure', 'SkinThickness', 'Insulin']"
2320,rf_shap_list_ir_1,rf_shap_list_ir_1_subset_109,orderStd,"['BMI', 'DiabetesPedigreeFunction', 'Glucose', 'Age', 'Pregnancies', 'BloodPressure', 'Insulin', 'SkinThickness']"
2321,rf_shap_list_ir_1,rf_shap_list_ir_1_subset_109,orderSum,"['Glucose', 'Age', 'BMI', 'DiabetesPedigreeFunction', 'Pregnancies', 'BloodPressure', 'SkinThickness', 'Insulin']"
2322,rf_shap_list_ir_3,rf_shap_list_ir_3_subset_124,orderMean,"['Glucose', 'BMI', 'Age', 'Pregnancies', 'DiabetesPedigreeFunction', 'BloodPressure', 'SkinThickness', 'Insulin']"
2323,rf_shap_list_ir_3,rf_shap_list_ir_3_subset_124,orderStd,"['BMI', 'Glucose', 'DiabetesPedigreeFunction', 'Age', 'Pregnancies', 'BloodPressure', 'SkinThickness', 'Insulin']"
2324,rf_shap_list_ir_3,rf_shap_list_ir_3_subset_124,orderSum,"['Glucose', 'BMI', 'Age', 'Pregnancies', 'DiabetesPedigreeFunction', 'BloodPressure', 'SkinThickness', 'Insulin']"
2325,rf_shap_list_ir_5,rf_shap_list_ir_5_subset_110,orderMean,"['Glucose', 'BMI', 'Age', 'DiabetesPedigreeFunction', 'SkinThickness', 'BloodPressure', 'Pregnancies', 'Insulin']"
2326,rf_shap_list_ir_5,rf_shap_list_ir_5_subset_110,orderStd,"['Glucose', 'BMI', 'DiabetesPedigreeFunction', 'Age', 'Insulin', 'BloodPressure', 'SkinThickness', 'Pregnancies']"
2327,rf_shap_list_ir_5,rf_shap_list_ir_5_subset_110,orderSum,"['Glucose', 'BMI', 'Age', 'DiabetesPedigreeFunction', 'SkinThickness', 'BloodPressure', 'Pregnancies', 'Insulin']"
2328,rf_shap_list_ir_3,rf_shap_list_ir_3_subset_112,orderMean,"['Glucose', 'BMI', 'Pregnancies', 'Age', 'DiabetesPedigreeFunction', 'BloodPressure', 'SkinThickness', 'Insulin']"
2329,rf_shap_list_ir_3,rf_shap_list_ir_3_subset_112,orderStd,"['Glucose', 'BMI', 'Age', 'DiabetesPedigreeFunction', 'Pregnancies', 'BloodPressure', 'Insulin', 'SkinThickness']"
2330,rf_shap_list_ir_3,rf_shap_list_ir_3_subset_112,orderSum,"['Glucose', 'BMI', 'Pregnancies', 'Age', 'DiabetesPedigreeFunction', 'BloodPressure', 'SkinThickness', 'Insulin']"
2331,rf_shap_list_ir_5,rf_shap_list_ir_5_subset_114,orderMean,"['Glucose', 'Age', 'BMI', 'DiabetesPedigreeFunction', 'Pregnancies', 'SkinThickness', 'BloodPressure', 'Insulin']"
2332,rf_shap_list_ir_5,rf_shap_list_ir_5_subset_114,orderStd,"['Glucose', 'BMI', 'Age', 'DiabetesPedigreeFunction', 'Pregnancies', 'Insulin', 'BloodPressure', 'SkinThickness']"
2333,rf_shap_list_ir_5,rf_shap_list_ir_5_subset_114,orderSum,"['Glucose', 'Age', 'BMI', 'DiabetesPedigreeFunction', 'Pregnancies', 'SkinThickness', 'BloodPressure', 'Insulin']"
2334,rf_shap_list_ir_1,rf_shap_list_ir_1_subset_70,orderMean,"['Glucose', 'BMI', 'DiabetesPedigreeFunction', 'Pregnancies', 'Age', 'BloodPressure', 'Insulin', 'SkinThickness']"
2335,rf_shap_list_ir_1,rf_shap_list_ir_1_subset_70,orderStd,"['DiabetesPedigreeFunction', 'Glucose', 'BMI', 'Pregnancies', 'SkinThickness', 'Age', 'BloodPressure', 'Insulin']"
2336,rf_shap_list_ir_1,rf_shap_list_ir_1_subset_70,orderSum,"['Glucose', 'BMI', 'DiabetesPedigreeFunction', 'Pregnancies', 'Age', 'BloodPressure', 'Insulin', 'SkinThickness']"
2337,rf_shap_list_ir_5,rf_shap_list_ir_5_subset_45,orderMean,"['Glucose', 'Age', 'BMI', 'DiabetesPedigreeFunction', 'BloodPressure', 'SkinThickness', 'Pregnancies', 'Insulin']"
2338,rf_shap_list_ir_5,rf_shap_list_ir_5_subset_45,orderStd,"['Glucose', 'BMI', 'Age', 'DiabetesPedigreeFunction', 'BloodPressure', 'Insulin', 'SkinThickness', 'Pregnancies']"
2339,rf_shap_list_ir_5,rf_shap_list_ir_5_subset_45,orderSum,"['Glucose', 'Age', 'BMI', 'DiabetesPedigreeFunction', 'BloodPressure', 'SkinThickness', 'Pregnancies', 'Insulin']"
2340,rf_shap_list_ir_2,rf_shap_list_ir_2_subset_74,orderMean,"['Glucose', 'BMI', 'Age', 'DiabetesPedigreeFunction', 'BloodPressure', 'Insulin', 'SkinThickness', 'Pregnancies']"
2341,rf_shap_list_ir_2,rf_shap_list_ir_2_subset_74,orderStd,"['BMI', 'Age', 'Glucose', 'DiabetesPedigreeFunction', 'BloodPressure', 'Insulin', 'SkinThickness', 'Pregnancies']"
2342,rf_shap_list_ir_2,rf_shap_list_ir_2_subset_74,orderSum,"['Glucose', 'BMI', 'Age', 'DiabetesPedigreeFunction', 'BloodPressure', 'Insulin', 'SkinThickness', 'Pregnancies']"
2343,rf_shap_list_ir_5,rf_shap_list_ir_5_subset_29,orderMean,"['Glucose', 'DiabetesPedigreeFunction', 'BMI', 'Age', 'Pregnancies', 'Insulin', 'BloodPressure', 'SkinThickness']"
2344,rf_shap_list_ir_5,rf_shap_list_ir_5_subset_29,orderStd,"['Glucose', 'DiabetesPedigreeFunction', 'BMI', 'Age', 'Insulin', 'Pregnancies', 'BloodPressure', 'SkinThickness']"
2345,rf_shap_list_ir_5,rf_shap_list_ir_5_subset_29,orderSum,"['Glucose', 'DiabetesPedigreeFunction', 'BMI', 'Age', 'Pregnancies', 'Insulin', 'BloodPressure', 'SkinThickness']"
2346,rf_shap_list_ir_3,rf_shap_list_ir_3_subset_146,orderMean,"['Glucose', 'BMI', 'DiabetesPedigreeFunction', 'Age', 'Pregnancies', 'BloodPressure', 'SkinThickness', 'Insulin']"
2347,rf_shap_list_ir_3,rf_shap_list_ir_3_subset_146,orderStd,"['BMI', 'Glucose', 'DiabetesPedigreeFunction', 'Insulin', 'Age', 'Pregnancies', 'BloodPressure', 'SkinThickness']"
2348,rf_shap_list_ir_3,rf_shap_list_ir_3_subset_146,orderSum,"['Glucose', 'BMI', 'DiabetesPedigreeFunction', 'Age', 'Pregnancies', 'BloodPressure', 'SkinThickness', 'Insulin']"
2349,rf_shap_list_ir_2,rf_shap_list_ir_2_subset_30,orderMean,"['Glucose', 'BMI', 'Age', 'DiabetesPedigreeFunction', 'SkinThickness', 'Insulin', 'BloodPressure', 'Pregnancies']"
2350,rf_shap_list_ir_2,rf_shap_list_ir_2_subset_30,orderStd,"['Glucose', 'BMI', 'Age', 'DiabetesPedigreeFunction', 'Insulin', 'SkinThickness', 'BloodPressure', 'Pregnancies']"
2351,rf_shap_list_ir_2,rf_shap_list_ir_2_subset_30,orderSum,"['Glucose', 'BMI', 'Age', 'DiabetesPedigreeFunction', 'SkinThickness', 'Insulin', 'BloodPressure', 'Pregnancies']"
2352,rf_shap_list_ir_4,rf_shap_list_ir_4_subset_65,orderMean,"['Glucose', 'BMI', 'DiabetesPedigreeFunction', 'Pregnancies', 'BloodPressure', 'Age', 'SkinThickness', 'Insulin']"
2353,rf_shap_list_ir_4,rf_shap_list_ir_4_subset_65,orderStd,"['BMI', 'Glucose', 'DiabetesPedigreeFunction', 'Age', 'Pregnancies', 'Insulin', 'SkinThickness', 'BloodPressure']"
2354,rf_shap_list_ir_4,rf_shap_list_ir_4_subset_65,orderSum,"['Glucose', 'BMI', 'DiabetesPedigreeFunction', 'Pregnancies', 'BloodPressure', 'Age', 'SkinThickness', 'Insulin']"
2355,rf_shap_list_ir_2,rf_shap_list_ir_2_subset_48,orderMean,"['Glucose', 'BMI', 'DiabetesPedigreeFunction', 'BloodPressure', 'Age', 'SkinThickness', 'Insulin', 'Pregnancies']"
2356,rf_shap_list_ir_2,rf_shap_list_ir_2_subset_48,orderStd,"['Glucose', 'BMI', 'BloodPressure', 'DiabetesPedigreeFunction', 'Age', 'Insulin', 'SkinThickness', 'Pregnancies']"
2357,rf_shap_list_ir_2,rf_shap_list_ir_2_subset_48,orderSum,"['Glucose', 'BMI', 'DiabetesPedigreeFunction', 'BloodPressure', 'Age', 'SkinThickness', 'Insulin', 'Pregnancies']"
2358,rf_shap_list_ir_4,rf_shap_list_ir_4_subset_84,orderMean,"['Glucose', 'BMI', 'DiabetesPedigreeFunction', 'Age', 'Pregnancies', 'BloodPressure', 'SkinThickness', 'Insulin']"
2359,rf_shap_list_ir_4,rf_shap_list_ir_4_subset_84,orderStd,"['BMI', 'Glucose', 'DiabetesPedigreeFunction', 'Age', 'Pregnancies', 'BloodPressure', 'SkinThickness', 'Insulin']"
2360,rf_shap_list_ir_4,rf_shap_list_ir_4_subset_84,orderSum,"['Glucose', 'BMI', 'DiabetesPedigreeFunction', 'Age', 'Pregnancies', 'BloodPressure', 'SkinThickness', 'Insulin']"
2361,rf_shap_list_ir_2,rf_shap_list_ir_2_subset_10,orderMean,"['Glucose', 'Age', 'BMI', 'DiabetesPedigreeFunction', 'BloodPressure', 'SkinThickness', 'Insulin', 'Pregnancies']"
2362,rf_shap_list_ir_2,rf_shap_list_ir_2_subset_10,orderStd,"['Glucose', 'Age', 'BMI', 'DiabetesPedigreeFunction', 'Pregnancies', 'BloodPressure', 'SkinThickness', 'Insulin']"
2363,rf_shap_list_ir_2,rf_shap_list_ir_2_subset_10,orderSum,"['Glucose', 'Age', 'BMI', 'DiabetesPedigreeFunction', 'BloodPressure', 'SkinThickness', 'Insulin', 'Pregnancies']"
2364,rf_shap_list_ir_3,rf_shap_list_ir_3_subset_23,orderMean,"['Glucose', 'BMI', 'Age', 'DiabetesPedigreeFunction', 'Pregnancies', 'BloodPressure', 'Insulin', 'SkinThickness']"
2365,rf_shap_list_ir_3,rf_shap_list_ir_3_subset_23,orderStd,"['Glucose', 'BMI', 'Age', 'DiabetesPedigreeFunction', 'BloodPressure', 'Pregnancies', 'SkinThickness', 'Insulin']"
2366,rf_shap_list_ir_3,rf_shap_list_ir_3_subset_23,orderSum,"['Glucose', 'BMI', 'Age', 'DiabetesPedigreeFunction', 'Pregnancies', 'BloodPressure', 'Insulin', 'SkinThickness']"
2367,rf_shap_list_ir_1,rf_shap_list_ir_1_subset_135,orderMean,"['Glucose', 'BMI', 'DiabetesPedigreeFunction', 'Age', 'BloodPressure', 'Pregnancies', 'SkinThickness', 'Insulin']"
2368,rf_shap_list_ir_1,rf_shap_list_ir_1_subset_135,orderStd,"['DiabetesPedigreeFunction', 'Glucose', 'BMI', 'BloodPressure', 'Age', 'SkinThickness', 'Insulin', 'Pregnancies']"
2369,rf_shap_list_ir_1,rf_shap_list_ir_1_subset_135,orderSum,"['Glucose', 'BMI', 'DiabetesPedigreeFunction', 'Age', 'BloodPressure', 'Pregnancies', 'SkinThickness', 'Insulin']"
2370,rf_shap_list_ir_2,rf_shap_list_ir_2_subset_151,orderMean,"['Glucose', 'BMI', 'Age', 'DiabetesPedigreeFunction', 'BloodPressure', 'SkinThickness', 'Insulin', 'Pregnancies']"
2371,rf_shap_list_ir_2,rf_shap_list_ir_2_subset_151,orderStd,"['Glucose', 'BMI', 'Age', 'DiabetesPedigreeFunction', 'BloodPressure', 'Insulin', 'SkinThickness', 'Pregnancies']"
2372,rf_shap_list_ir_2,rf_shap_list_ir_2_subset_151,orderSum,"['Glucose', 'BMI', 'Age', 'DiabetesPedigreeFunction', 'BloodPressure', 'SkinThickness', 'Insulin', 'Pregnancies']"
2373,rf_shap_list_ir_4,rf_shap_list_ir_4_subset_4,orderMean,"['Glucose', 'BMI', 'Age', 'DiabetesPedigreeFunction', 'BloodPressure', 'Pregnancies', 'Insulin', 'SkinThickness']"
2374,rf_shap_list_ir_4,rf_shap_list_ir_4_subset_4,orderStd,"['Glucose', 'BMI', 'Age', 'DiabetesPedigreeFunction', 'BloodPressure', 'Pregnancies', 'SkinThickness', 'Insulin']"
2375,rf_shap_list_ir_4,rf_shap_list_ir_4_subset_4,orderSum,"['Glucose', 'BMI', 'Age', 'DiabetesPedigreeFunction', 'BloodPressure', 'Pregnancies', 'Insulin', 'SkinThickness']"
2376,rf_shap_list_ir_1,rf_shap_list_ir_1_subset_146,orderMean,"['Glucose', 'Age', 'DiabetesPedigreeFunction', 'Pregnancies', 'BMI', 'BloodPressure', 'SkinThickness', 'Insulin']"
2377,rf_shap_list_ir_1,rf_shap_list_ir_1_subset_146,orderStd,"['Age', 'Glucose', 'BMI', 'Insulin', 'Pregnancies', 'SkinThickness', 'BloodPressure', 'DiabetesPedigreeFunction']"
2378,rf_shap_list_ir_1,rf_shap_list_ir_1_subset_146,orderSum,"['Glucose', 'Age', 'DiabetesPedigreeFunction', 'Pregnancies', 'BMI', 'BloodPressure', 'SkinThickness', 'Insulin']"
2379,rf_shap_list_ir_2,rf_shap_list_ir_2_subset_40,orderMean,"['Glucose', 'BMI', 'Age', 'DiabetesPedigreeFunction', 'SkinThickness', 'BloodPressure', 'Pregnancies', 'Insulin']"
2380,rf_shap_list_ir_2,rf_shap_list_ir_2_subset_40,orderStd,"['Glucose', 'BMI', 'Age', 'DiabetesPedigreeFunction', 'BloodPressure', 'SkinThickness', 'Insulin', 'Pregnancies']"
2381,rf_shap_list_ir_2,rf_shap_list_ir_2_subset_40,orderSum,"['Glucose', 'BMI', 'Age', 'DiabetesPedigreeFunction', 'SkinThickness', 'BloodPressure', 'Pregnancies', 'Insulin']"
2382,rf_shap_list_ir_3,rf_shap_list_ir_3_subset_12,orderMean,"['Glucose', 'BMI', 'Age', 'DiabetesPedigreeFunction', 'BloodPressure', 'Insulin', 'Pregnancies', 'SkinThickness']"
2383,rf_shap_list_ir_3,rf_shap_list_ir_3_subset_12,orderStd,"['Glucose', 'BMI', 'Age', 'DiabetesPedigreeFunction', 'BloodPressure', 'Insulin', 'Pregnancies', 'SkinThickness']"
2384,rf_shap_list_ir_3,rf_shap_list_ir_3_subset_12,orderSum,"['Glucose', 'BMI', 'Age', 'DiabetesPedigreeFunction', 'BloodPressure', 'Insulin', 'Pregnancies', 'SkinThickness']"
2385,rf_shap_list_ir_4,rf_shap_list_ir_4_subset_158,orderMean,"['Glucose', 'BMI', 'Age', 'Pregnancies', 'DiabetesPedigreeFunction', 'BloodPressure', 'SkinThickness', 'Insulin']"
2386,rf_shap_list_ir_4,rf_shap_list_ir_4_subset_158,orderStd,"['Glucose', 'BMI', 'Age', 'Pregnancies', 'DiabetesPedigreeFunction', 'BloodPressure', 'SkinThickness', 'Insulin']"
2387,rf_shap_list_ir_4,rf_shap_list_ir_4_subset_158,orderSum,"['Glucose', 'BMI', 'Age', 'Pregnancies', 'DiabetesPedigreeFunction', 'BloodPressure', 'SkinThickness', 'Insulin']"
2388,rf_shap_list_ir_5,rf_shap_list_ir_5_subset_123,orderMean,"['Glucose', 'Age', 'BMI', 'DiabetesPedigreeFunction', 'Pregnancies', 'BloodPressure', 'Insulin', 'SkinThickness']"
2389,rf_shap_list_ir_5,rf_shap_list_ir_5_subset_123,orderStd,"['Glucose', 'BMI', 'Age', 'DiabetesPedigreeFunction', 'BloodPressure', 'Insulin', 'Pregnancies', 'SkinThickness']"
2390,rf_shap_list_ir_5,rf_shap_list_ir_5_subset_123,orderSum,"['Glucose', 'Age', 'BMI', 'DiabetesPedigreeFunction', 'Pregnancies', 'BloodPressure', 'Insulin', 'SkinThickness']"
2391,rf_shap_list_ir_1,rf_shap_list_ir_1_subset_62,orderMean,"['Glucose', 'Age', 'BMI', 'BloodPressure', 'DiabetesPedigreeFunction', 'Pregnancies', 'Insulin', 'SkinThickness']"
2392,rf_shap_list_ir_1,rf_shap_list_ir_1_subset_62,orderStd,"['Glucose', 'Age', 'BMI', 'BloodPressure', 'Pregnancies', 'Insulin', 'SkinThickness', 'DiabetesPedigreeFunction']"
2393,rf_shap_list_ir_1,rf_shap_list_ir_1_subset_62,orderSum,"['Glucose', 'Age', 'BMI', 'BloodPressure', 'DiabetesPedigreeFunction', 'Pregnancies', 'Insulin', 'SkinThickness']"
2394,rf_shap_list_ir_2,rf_shap_list_ir_2_subset_7,orderMean,"['Glucose', 'BMI', 'DiabetesPedigreeFunction', 'Age', 'Insulin', 'BloodPressure', 'Pregnancies', 'SkinThickness']"
2395,rf_shap_list_ir_2,rf_shap_list_ir_2_subset_7,orderStd,"['BMI', 'Glucose', 'Age', 'DiabetesPedigreeFunction', 'Insulin', 'Pregnancies', 'BloodPressure', 'SkinThickness']"
2396,rf_shap_list_ir_2,rf_shap_list_ir_2_subset_7,orderSum,"['Glucose', 'BMI', 'DiabetesPedigreeFunction', 'Age', 'Insulin', 'BloodPressure', 'Pregnancies', 'SkinThickness']"
2397,rf_shap_list_ir_3,rf_shap_list_ir_3_subset_41,orderMean,"['Glucose', 'BMI', 'Age', 'BloodPressure', 'DiabetesPedigreeFunction', 'SkinThickness', 'Insulin', 'Pregnancies']"
2398,rf_shap_list_ir_3,rf_shap_list_ir_3_subset_41,orderStd,"['Glucose', 'BMI', 'Age', 'Insulin', 'BloodPressure', 'DiabetesPedigreeFunction', 'SkinThickness', 'Pregnancies']"
2399,rf_shap_list_ir_3,rf_shap_list_ir_3_subset_41,orderSum,"['Glucose', 'BMI', 'Age', 'BloodPressure', 'DiabetesPedigreeFunction', 'SkinThickness', 'Insulin', 'Pregnancies']"
