,imbalanceRatio,Subset,feature,Indicator,freq1,freq2,freq3
0,xgb_shap_list_ir_5,xgb_shap_list_ir_5_subset_85,Pregnancies,localMax_Pregnancies,0.26910868,0.15828988,0.37992746
1,xgb_shap_list_ir_5,xgb_shap_list_ir_5_subset_85,Glucose,localMax_Glucose,0.44538236,0.774194,1.1030055
2,xgb_shap_list_ir_5,xgb_shap_list_ir_5_subset_85,BloodPressure,localMax_BloodPressure,0.23868608,0.34505165,0.1323205
3,xgb_shap_list_ir_5,xgb_shap_list_ir_5_subset_85,SkinThickness,localMax_SkinThickness,0.22270852,0.13280708,0.31260997
4,xgb_shap_list_ir_5,xgb_shap_list_ir_5_subset_85,Insulin,localMax_Insulin,0.09304193,0.20349431,-0.017410457
5,xgb_shap_list_ir_5,xgb_shap_list_ir_5_subset_85,BMI,localMax_BMI,0.64346313,-0.24760467,0.86623013
6,xgb_shap_list_ir_5,xgb_shap_list_ir_5_subset_85,DiabetesPedigreeFunction,localMax_DiabetesPedigreeFunction,0.3525529,0.5004987,0.20460701
7,xgb_shap_list_ir_5,xgb_shap_list_ir_5_subset_85,Age,localMax_Age,0.14251441,0.28270608,0.42289776
8,xgb_shap_list_ir_2,xgb_shap_list_ir_2_subset_79,Pregnancies,localMax_Pregnancies,0.4959936,0.6525022,0.33948517
9,xgb_shap_list_ir_2,xgb_shap_list_ir_2_subset_79,Glucose,localMax_Glucose,2.0718386,1.7069132,0.6121371
10,xgb_shap_list_ir_2,xgb_shap_list_ir_2_subset_79,BloodPressure,localMax_BloodPressure,0.07366118,-0.023547888,0.17087021
11,xgb_shap_list_ir_2,xgb_shap_list_ir_2_subset_79,SkinThickness,localMax_SkinThickness,0.029504716,0.19763875,-0.026539981
12,xgb_shap_list_ir_2,xgb_shap_list_ir_2_subset_79,Insulin,localMax_Insulin,0.098302945,0.14557153,0.051034346
13,xgb_shap_list_ir_2,xgb_shap_list_ir_2_subset_79,BMI,localMax_BMI,0.14073879,-0.10975224,-0.3602433
14,xgb_shap_list_ir_2,xgb_shap_list_ir_2_subset_79,DiabetesPedigreeFunction,localMax_DiabetesPedigreeFunction,0.5422817,0.38933343,0.23638517
15,xgb_shap_list_ir_2,xgb_shap_list_ir_2_subset_79,Age,localMax_Age,0.8082362,0.5392324,0.67373425
16,xgb_shap_list_ir_1,xgb_shap_list_ir_1_subset_143,Pregnancies,localMax_Pregnancies,0.5138811,0.40653723,0.29919344
17,xgb_shap_list_ir_1,xgb_shap_list_ir_1_subset_143,Glucose,localMax_Glucose,1.5172904,1.8056228,2.0939553
18,xgb_shap_list_ir_1,xgb_shap_list_ir_1_subset_143,BloodPressure,localMax_BloodPressure,0.5916084,0.43218482,0.35247302
19,xgb_shap_list_ir_1,xgb_shap_list_ir_1_subset_143,SkinThickness,localMax_SkinThickness,0.70895374,0.8679348,0.5499726
20,xgb_shap_list_ir_1,xgb_shap_list_ir_1_subset_143,Insulin,localMax_Insulin,-0.08261055,-0.03587079,-0.1293503
21,xgb_shap_list_ir_1,xgb_shap_list_ir_1_subset_143,BMI,localMax_BMI,-0.18131416,-0.13990839,0.19133775
22,xgb_shap_list_ir_1,xgb_shap_list_ir_1_subset_143,DiabetesPedigreeFunction,localMax_DiabetesPedigreeFunction,0.08760059,0.23859513,0.38958967
23,xgb_shap_list_ir_1,xgb_shap_list_ir_1_subset_143,Age,localMax_Age,0.8693088,1.0093703,0.7292474
24,xgb_shap_list_ir_3,xgb_shap_list_ir_3_subset_50,Pregnancies,localMax_Pregnancies,0.7180047,0.47988856,0.95612085
25,xgb_shap_list_ir_3,xgb_shap_list_ir_3_subset_50,Glucose,localMax_Glucose,0.52216434,0.89945436,0.14487457
26,xgb_shap_list_ir_3,xgb_shap_list_ir_3_subset_50,BloodPressure,localMax_BloodPressure,0.41185647,0.26567113,0.119485795
27,xgb_shap_list_ir_3,xgb_shap_list_ir_3_subset_50,SkinThickness,localMax_SkinThickness,0.48136598,0.3996214,0.31787682
28,xgb_shap_list_ir_3,xgb_shap_list_ir_3_subset_50,Insulin,localMax_Insulin,-0.12534022,-0.20297718,-0.04770328
29,xgb_shap_list_ir_3,xgb_shap_list_ir_3_subset_50,BMI,localMax_BMI,-0.25992906,0.005983293,-0.52584136
30,xgb_shap_list_ir_3,xgb_shap_list_ir_3_subset_50,DiabetesPedigreeFunction,localMax_DiabetesPedigreeFunction,0.19130683,0.076339096,0.42124236
31,xgb_shap_list_ir_3,xgb_shap_list_ir_3_subset_50,Age,localMax_Age,0.17351413,0.33713627,-0.15373018
32,xgb_shap_list_ir_1,xgb_shap_list_ir_1_subset_65,Pregnancies,localMax_Pregnancies,0.90145576,0.688678,0.4759003
33,xgb_shap_list_ir_1,xgb_shap_list_ir_1_subset_65,Glucose,localMax_Glucose,1.3999448,1.6016889,0.39122462
34,xgb_shap_list_ir_1,xgb_shap_list_ir_1_subset_65,BloodPressure,localMax_BloodPressure,-0.5280047,0.025542378,-0.34348905
35,xgb_shap_list_ir_1,xgb_shap_list_ir_1_subset_65,SkinThickness,localMax_SkinThickness,0.0036178827,0.13783953,0.07072869
36,xgb_shap_list_ir_1,xgb_shap_list_ir_1_subset_65,Insulin,localMax_Insulin,0.015039057,-0.028963655,0.059041753
37,xgb_shap_list_ir_1,xgb_shap_list_ir_1_subset_65,BMI,localMax_BMI,0.15978128,-0.016294956,-0.19237119
38,xgb_shap_list_ir_1,xgb_shap_list_ir_1_subset_65,DiabetesPedigreeFunction,localMax_DiabetesPedigreeFunction,0.1278562,0.37845945,0.25315785
39,xgb_shap_list_ir_1,xgb_shap_list_ir_1_subset_65,Age,localMax_Age,0.21881115,0.35761273,0.63521576
40,xgb_shap_list_ir_3,xgb_shap_list_ir_3_subset_19,Pregnancies,localMax_Pregnancies,0.2287122,0.36787856,0.08954579
41,xgb_shap_list_ir_3,xgb_shap_list_ir_3_subset_19,Glucose,localMax_Glucose,0.89285696,1.2527683,1.6126797
42,xgb_shap_list_ir_3,xgb_shap_list_ir_3_subset_19,BloodPressure,localMax_BloodPressure,0.44353676,0.5608237,0.7953975
43,xgb_shap_list_ir_3,xgb_shap_list_ir_3_subset_19,SkinThickness,localMax_SkinThickness,0.05622214,-0.017995879,0.13044018
44,xgb_shap_list_ir_3,xgb_shap_list_ir_3_subset_19,Insulin,localMax_Insulin,0.35774577,0.24372244,0.015675783
45,xgb_shap_list_ir_3,xgb_shap_list_ir_3_subset_19,BMI,localMax_BMI,-0.11924255,-0.37090048,0.13241535
46,xgb_shap_list_ir_3,xgb_shap_list_ir_3_subset_19,DiabetesPedigreeFunction,localMax_DiabetesPedigreeFunction,0.8547219,0.6804335,0.5061451
47,xgb_shap_list_ir_3,xgb_shap_list_ir_3_subset_19,Age,localMax_Age,0.43247592,0.29083335,0.57411844
48,xgb_shap_list_ir_1,xgb_shap_list_ir_1_subset_133,Pregnancies,localMax_Pregnancies,-0.26132834,-0.19577552,-0.13022274
49,xgb_shap_list_ir_1,xgb_shap_list_ir_1_subset_133,Glucose,localMax_Glucose,1.2255399,1.48742,0.9636599
50,xgb_shap_list_ir_1,xgb_shap_list_ir_1_subset_133,BloodPressure,localMax_BloodPressure,-0.019303583,0.03217265,0.00643453
51,xgb_shap_list_ir_1,xgb_shap_list_ir_1_subset_133,SkinThickness,localMax_SkinThickness,-0.17680809,-0.3836281,-0.24574809
52,xgb_shap_list_ir_1,xgb_shap_list_ir_1_subset_133,Insulin,localMax_Insulin,0.8451022,1.053439,0.63676536
53,xgb_shap_list_ir_1,xgb_shap_list_ir_1_subset_133,BMI,localMax_BMI,0.71475327,0.4616568,0.20856023
54,xgb_shap_list_ir_1,xgb_shap_list_ir_1_subset_133,DiabetesPedigreeFunction,localMax_DiabetesPedigreeFunction,0.5381735,0.7407798,-0.5761615
55,xgb_shap_list_ir_1,xgb_shap_list_ir_1_subset_133,Age,localMax_Age,1.0823344,0.9364271,-0.37673885
56,xgb_shap_list_ir_1,xgb_shap_list_ir_1_subset_15,Pregnancies,localMax_Pregnancies,0.19588968,0.25865248,0.32141528
57,xgb_shap_list_ir_1,xgb_shap_list_ir_1_subset_15,Glucose,localMax_Glucose,1.0824978,1.3546854,0.81031024
58,xgb_shap_list_ir_1,xgb_shap_list_ir_1_subset_15,BloodPressure,localMax_BloodPressure,-0.09294531,-0.18038456,-0.0055060387
59,xgb_shap_list_ir_1,xgb_shap_list_ir_1_subset_15,SkinThickness,localMax_SkinThickness,0.7364311,0.85099554,0.96555996
60,xgb_shap_list_ir_1,xgb_shap_list_ir_1_subset_15,Insulin,localMax_Insulin,0.30444175,0.38202894,-0.0059069097
61,xgb_shap_list_ir_1,xgb_shap_list_ir_1_subset_15,BMI,localMax_BMI,1.0204656,1.1572689,-0.6211738
62,xgb_shap_list_ir_1,xgb_shap_list_ir_1_subset_15,DiabetesPedigreeFunction,localMax_DiabetesPedigreeFunction,0.10350579,0.011641562,0.2872342
63,xgb_shap_list_ir_1,xgb_shap_list_ir_1_subset_15,Age,localMax_Age,-0.019135386,0.9438451,0.8234725
64,xgb_shap_list_ir_3,xgb_shap_list_ir_3_subset_67,Pregnancies,localMax_Pregnancies,0.28052664,0.16924304,0.39181024
65,xgb_shap_list_ir_3,xgb_shap_list_ir_3_subset_67,Glucose,localMax_Glucose,0.52706575,0.96382475,1.4005835
66,xgb_shap_list_ir_3,xgb_shap_list_ir_3_subset_67,BloodPressure,localMax_BloodPressure,0.48404056,0.30455965,-0.054402173
67,xgb_shap_list_ir_3,xgb_shap_list_ir_3_subset_67,SkinThickness,localMax_SkinThickness,0.60668993,0.7411579,0.47222203
68,xgb_shap_list_ir_3,xgb_shap_list_ir_3_subset_67,Insulin,localMax_Insulin,-0.0023078918,0.30964065,-0.1062907
69,xgb_shap_list_ir_3,xgb_shap_list_ir_3_subset_67,BMI,localMax_BMI,-0.0041030645,0.24105275,-0.24925888
70,xgb_shap_list_ir_3,xgb_shap_list_ir_3_subset_67,DiabetesPedigreeFunction,localMax_DiabetesPedigreeFunction,-0.1280641,0.081382215,-0.3375104
71,xgb_shap_list_ir_3,xgb_shap_list_ir_3_subset_67,Age,localMax_Age,0.38110125,0.14304245,-0.33307528
72,xgb_shap_list_ir_5,xgb_shap_list_ir_5_subset_150,Pregnancies,localMax_Pregnancies,0.1612249,0.3401357,0.5190465
73,xgb_shap_list_ir_5,xgb_shap_list_ir_5_subset_150,Glucose,localMax_Glucose,2.6711962,-0.2225734,0.8625902
74,xgb_shap_list_ir_5,xgb_shap_list_ir_5_subset_150,BloodPressure,localMax_BloodPressure,0.30692452,0.43878037,0.17506862
75,xgb_shap_list_ir_5,xgb_shap_list_ir_5_subset_150,SkinThickness,localMax_SkinThickness,0.07155976,0.27872378,0.38230574
76,xgb_shap_list_ir_5,xgb_shap_list_ir_5_subset_150,Insulin,localMax_Insulin,-0.11098352,-0.21122438,0.39022082
77,xgb_shap_list_ir_5,xgb_shap_list_ir_5_subset_150,BMI,localMax_BMI,0.5640763,0.7535238,0.18518102
78,xgb_shap_list_ir_5,xgb_shap_list_ir_5_subset_150,DiabetesPedigreeFunction,localMax_DiabetesPedigreeFunction,0.37459272,0.61570907,0.13347638
79,xgb_shap_list_ir_5,xgb_shap_list_ir_5_subset_150,Age,localMax_Age,0.49057794,0.64770246,0.804827
80,xgb_shap_list_ir_5,xgb_shap_list_ir_5_subset_81,Pregnancies,localMax_Pregnancies,0.30877143,0.4838618,0.133681
81,xgb_shap_list_ir_5,xgb_shap_list_ir_5_subset_81,Glucose,localMax_Glucose,1.0077076,2.3945055,2.047806
82,xgb_shap_list_ir_5,xgb_shap_list_ir_5_subset_81,BloodPressure,localMax_BloodPressure,0.34817177,0.16292948,0.53341407
83,xgb_shap_list_ir_5,xgb_shap_list_ir_5_subset_81,SkinThickness,localMax_SkinThickness,0.21077752,0.11680508,0.3047499
84,xgb_shap_list_ir_5,xgb_shap_list_ir_5_subset_81,Insulin,localMax_Insulin,-0.029422268,0.036954388,-0.095798925
85,xgb_shap_list_ir_5,xgb_shap_list_ir_5_subset_81,BMI,localMax_BMI,-0.15050197,0.07350427,0.2975105
86,xgb_shap_list_ir_5,xgb_shap_list_ir_5_subset_81,DiabetesPedigreeFunction,localMax_DiabetesPedigreeFunction,0.38933384,0.16958249,1.0485877
87,xgb_shap_list_ir_5,xgb_shap_list_ir_5_subset_81,Age,localMax_Age,0.5815991,0.39879847,1.130001
88,xgb_shap_list_ir_5,xgb_shap_list_ir_5_subset_59,Pregnancies,localMax_Pregnancies,0.24589375,0.32258353,0.16920394
89,xgb_shap_list_ir_5,xgb_shap_list_ir_5_subset_59,Glucose,localMax_Glucose,1.409941,1.0101516,1.80973
90,xgb_shap_list_ir_5,xgb_shap_list_ir_5_subset_59,BloodPressure,localMax_BloodPressure,0.28161156,0.5158354,0.04738766
91,xgb_shap_list_ir_5,xgb_shap_list_ir_5_subset_59,SkinThickness,localMax_SkinThickness,0.013887882,0.22817424,0.29960304
92,xgb_shap_list_ir_5,xgb_shap_list_ir_5_subset_59,Insulin,localMax_Insulin,0.013831675,-0.08103365,0.108697
93,xgb_shap_list_ir_5,xgb_shap_list_ir_5_subset_59,BMI,localMax_BMI,-0.36611593,0.88239706,0.13328928
94,xgb_shap_list_ir_5,xgb_shap_list_ir_5_subset_59,DiabetesPedigreeFunction,localMax_DiabetesPedigreeFunction,0.44763982,0.67308915,0.8985385
95,xgb_shap_list_ir_5,xgb_shap_list_ir_5_subset_59,Age,localMax_Age,0.67304325,0.51090574,-0.13764429
96,xgb_shap_list_ir_1,xgb_shap_list_ir_1_subset_5,Pregnancies,localMax_Pregnancies,-0.060632825,-0.1230557,-0.08144045
97,xgb_shap_list_ir_1,xgb_shap_list_ir_1_subset_5,Glucose,localMax_Glucose,0.7537087,0.578959,0.92845845
98,xgb_shap_list_ir_1,xgb_shap_list_ir_1_subset_5,BloodPressure,localMax_BloodPressure,0.27092445,0.48058057,1.1095493
99,xgb_shap_list_ir_1,xgb_shap_list_ir_1_subset_5,SkinThickness,localMax_SkinThickness,-0.4072852,0.733999,0.6302459
100,xgb_shap_list_ir_1,xgb_shap_list_ir_1_subset_5,Insulin,localMax_Insulin,0.41235107,0.29270345,0.17305577
101,xgb_shap_list_ir_1,xgb_shap_list_ir_1_subset_5,BMI,localMax_BMI,1.3429077,0.14099538,0.31269705
102,xgb_shap_list_ir_1,xgb_shap_list_ir_1_subset_5,DiabetesPedigreeFunction,localMax_DiabetesPedigreeFunction,0.6728604,0.35450512,0.19532752
103,xgb_shap_list_ir_1,xgb_shap_list_ir_1_subset_5,Age,localMax_Age,0.7665225,0.9358971,0.59714794
104,xgb_shap_list_ir_3,xgb_shap_list_ir_3_subset_102,Pregnancies,localMax_Pregnancies,0.3460456,0.19985491,0.49223626
105,xgb_shap_list_ir_3,xgb_shap_list_ir_3_subset_102,Glucose,localMax_Glucose,2.676445,0.7766681,2.9930744
106,xgb_shap_list_ir_3,xgb_shap_list_ir_3_subset_102,BloodPressure,localMax_BloodPressure,-0.5214545,0.42458266,-0.33224708
107,xgb_shap_list_ir_3,xgb_shap_list_ir_3_subset_102,SkinThickness,localMax_SkinThickness,-0.10221292,-0.0062230825,0.18575662
108,xgb_shap_list_ir_3,xgb_shap_list_ir_3_subset_102,Insulin,localMax_Insulin,-0.044635057,0.211862,0.04086399
109,xgb_shap_list_ir_3,xgb_shap_list_ir_3_subset_102,BMI,localMax_BMI,-0.10952425,1.3436117,1.5858011
110,xgb_shap_list_ir_3,xgb_shap_list_ir_3_subset_102,DiabetesPedigreeFunction,localMax_DiabetesPedigreeFunction,0.21970582,1.1423552,0.91169286
111,xgb_shap_list_ir_3,xgb_shap_list_ir_3_subset_102,Age,localMax_Age,0.2747656,1.2688636,0.07594597
112,xgb_shap_list_ir_2,xgb_shap_list_ir_2_subset_149,Pregnancies,localMax_Pregnancies,0.5074322,0.73332477,0.2815398
113,xgb_shap_list_ir_2,xgb_shap_list_ir_2_subset_149,Glucose,localMax_Glucose,1.0812212,1.3011231,1.521025
114,xgb_shap_list_ir_2,xgb_shap_list_ir_2_subset_149,BloodPressure,localMax_BloodPressure,0.63118434,0.9244107,0.33795798
115,xgb_shap_list_ir_2,xgb_shap_list_ir_2_subset_149,SkinThickness,localMax_SkinThickness,0.45505553,0.2277084,0.37927312
116,xgb_shap_list_ir_2,xgb_shap_list_ir_2_subset_149,Insulin,localMax_Insulin,-0.1916847,-0.12773825,-0.06379181
117,xgb_shap_list_ir_2,xgb_shap_list_ir_2_subset_149,BMI,localMax_BMI,0.826416,1.649185,1.9234412
118,xgb_shap_list_ir_2,xgb_shap_list_ir_2_subset_149,DiabetesPedigreeFunction,localMax_DiabetesPedigreeFunction,0.560746,0.341819,0.77967304
119,xgb_shap_list_ir_2,xgb_shap_list_ir_2_subset_149,Age,localMax_Age,0.12466255,0.052111953,0.2697638
120,xgb_shap_list_ir_5,xgb_shap_list_ir_5_subset_117,Pregnancies,localMax_Pregnancies,-0.015511811,0.20572448,0.09510633
121,xgb_shap_list_ir_5,xgb_shap_list_ir_5_subset_117,Glucose,localMax_Glucose,2.2405903,1.8969674,1.5533445
122,xgb_shap_list_ir_5,xgb_shap_list_ir_5_subset_117,BloodPressure,localMax_BloodPressure,0.16823876,0.32642162,0.0100559
123,xgb_shap_list_ir_5,xgb_shap_list_ir_5_subset_117,SkinThickness,localMax_SkinThickness,0.323021,0.20145833,0.44458365
124,xgb_shap_list_ir_5,xgb_shap_list_ir_5_subset_117,Insulin,localMax_Insulin,0.10103285,-0.0029207468,0.20498642
125,xgb_shap_list_ir_5,xgb_shap_list_ir_5_subset_117,BMI,localMax_BMI,0.25232464,-0.14944673,0.4532103
126,xgb_shap_list_ir_5,xgb_shap_list_ir_5_subset_117,DiabetesPedigreeFunction,localMax_DiabetesPedigreeFunction,0.62242985,0.44059926,0.8042605
127,xgb_shap_list_ir_5,xgb_shap_list_ir_5_subset_117,Age,localMax_Age,0.18563902,-0.02872771,0.4000057
128,xgb_shap_list_ir_3,xgb_shap_list_ir_3_subset_124,Pregnancies,localMax_Pregnancies,0.56570506,0.74197996,0.91825485
129,xgb_shap_list_ir_3,xgb_shap_list_ir_3_subset_124,Glucose,localMax_Glucose,1.92449,0.8501425,1.2082582
130,xgb_shap_list_ir_3,xgb_shap_list_ir_3_subset_124,BloodPressure,localMax_BloodPressure,-0.049427867,-0.18189916,-0.44684172
131,xgb_shap_list_ir_3,xgb_shap_list_ir_3_subset_124,SkinThickness,localMax_SkinThickness,0.004939705,-0.085091144,0.45509404
132,xgb_shap_list_ir_3,xgb_shap_list_ir_3_subset_124,Insulin,localMax_Insulin,-0.08013165,-0.17655279,-0.27297395
133,xgb_shap_list_ir_3,xgb_shap_list_ir_3_subset_124,BMI,localMax_BMI,0.99794006,0.23280716,0.74289584
134,xgb_shap_list_ir_3,xgb_shap_list_ir_3_subset_124,DiabetesPedigreeFunction,localMax_DiabetesPedigreeFunction,0.15394437,0.42059863,-0.11270988
135,xgb_shap_list_ir_3,xgb_shap_list_ir_3_subset_124,Age,localMax_Age,0.46388912,0.64915526,0.27862287
136,xgb_shap_list_ir_3,xgb_shap_list_ir_3_subset_98,Pregnancies,localMax_Pregnancies,0.67504346,0.48657155,-0.07884383
137,xgb_shap_list_ir_3,xgb_shap_list_ir_3_subset_98,Glucose,localMax_Glucose,2.5488844,2.906896,1.116838
138,xgb_shap_list_ir_3,xgb_shap_list_ir_3_subset_98,BloodPressure,localMax_BloodPressure,0.5954362,0.23671114,0.71501124
139,xgb_shap_list_ir_3,xgb_shap_list_ir_3_subset_98,SkinThickness,localMax_SkinThickness,0.37867242,0.49811935,0.2592255
140,xgb_shap_list_ir_3,xgb_shap_list_ir_3_subset_98,Insulin,localMax_Insulin,-0.1482213,-0.057823747,0.30376652
141,xgb_shap_list_ir_3,xgb_shap_list_ir_3_subset_98,BMI,localMax_BMI,0.2519421,0.0368315,0.4670527
142,xgb_shap_list_ir_3,xgb_shap_list_ir_3_subset_98,DiabetesPedigreeFunction,localMax_DiabetesPedigreeFunction,0.57489586,0.40305656,0.2312172
143,xgb_shap_list_ir_3,xgb_shap_list_ir_3_subset_98,Age,localMax_Age,0.12576121,0.1996364,0.2735116
144,xgb_shap_list_ir_1,xgb_shap_list_ir_1_subset_100,Pregnancies,localMax_Pregnancies,-0.034517594,-0.06744536,-0.100373134
145,xgb_shap_list_ir_1,xgb_shap_list_ir_1_subset_100,Glucose,localMax_Glucose,1.4700288,1.2602731,1.6797844
146,xgb_shap_list_ir_1,xgb_shap_list_ir_1_subset_100,BloodPressure,localMax_BloodPressure,0.5346973,0.42665118,0.6427434
147,xgb_shap_list_ir_1,xgb_shap_list_ir_1_subset_100,SkinThickness,localMax_SkinThickness,0.09105724,0.04581058,0.00056390464
148,xgb_shap_list_ir_1,xgb_shap_list_ir_1_subset_100,Insulin,localMax_Insulin,-0.085401565,0.50833166,0.5931507
149,xgb_shap_list_ir_1,xgb_shap_list_ir_1_subset_100,BMI,localMax_BMI,0.9210568,0.7747904,-0.10280821
150,xgb_shap_list_ir_1,xgb_shap_list_ir_1_subset_100,DiabetesPedigreeFunction,localMax_DiabetesPedigreeFunction,0.16460347,0.36153388,0.75539494
151,xgb_shap_list_ir_1,xgb_shap_list_ir_1_subset_100,Age,localMax_Age,0.7453189,0.8580004,0.06922984
152,xgb_shap_list_ir_2,xgb_shap_list_ir_2_subset_22,Pregnancies,localMax_Pregnancies,-0.06965616,0.09700608,-0.15298732
153,xgb_shap_list_ir_2,xgb_shap_list_ir_2_subset_22,Glucose,localMax_Glucose,0.88772786,1.1639562,1.4401845
154,xgb_shap_list_ir_2,xgb_shap_list_ir_2_subset_22,BloodPressure,localMax_BloodPressure,0.61445916,0.33576727,0.0570755
155,xgb_shap_list_ir_2,xgb_shap_list_ir_2_subset_22,SkinThickness,localMax_SkinThickness,0.5978928,0.7046109,0.49117476
156,xgb_shap_list_ir_2,xgb_shap_list_ir_2_subset_22,Insulin,localMax_Insulin,0.115875185,0.19538334,0.03636703
157,xgb_shap_list_ir_2,xgb_shap_list_ir_2_subset_22,BMI,localMax_BMI,1.8526,-0.6079948,2.0762904
158,xgb_shap_list_ir_2,xgb_shap_list_ir_2_subset_22,DiabetesPedigreeFunction,localMax_DiabetesPedigreeFunction,0.3173256,0.4272058,0.20744538
159,xgb_shap_list_ir_2,xgb_shap_list_ir_2_subset_22,Age,localMax_Age,0.76541716,0.9027666,1.040116
160,xgb_shap_list_ir_2,xgb_shap_list_ir_2_subset_17,Pregnancies,localMax_Pregnancies,0.6254783,0.48325318,-0.085647285
161,xgb_shap_list_ir_2,xgb_shap_list_ir_2_subset_17,Glucose,localMax_Glucose,0.83137906,0.49027562,1.1724824
162,xgb_shap_list_ir_2,xgb_shap_list_ir_2_subset_17,BloodPressure,localMax_BloodPressure,0.2553472,0.39257604,0.118118286
163,xgb_shap_list_ir_2,xgb_shap_list_ir_2_subset_17,SkinThickness,localMax_SkinThickness,0.17692927,0.104310006,0.24954855
164,xgb_shap_list_ir_2,xgb_shap_list_ir_2_subset_17,Insulin,localMax_Insulin,0.2967084,0.43450165,0.15891516
165,xgb_shap_list_ir_2,xgb_shap_list_ir_2_subset_17,BMI,localMax_BMI,0.090083,0.24804866,0.40601432
166,xgb_shap_list_ir_2,xgb_shap_list_ir_2_subset_17,DiabetesPedigreeFunction,localMax_DiabetesPedigreeFunction,0.12047875,-0.3399742,-0.10974774
167,xgb_shap_list_ir_2,xgb_shap_list_ir_2_subset_17,Age,localMax_Age,0.8110639,0.061495185,0.9984561
168,xgb_shap_list_ir_4,xgb_shap_list_ir_4_subset_67,Pregnancies,localMax_Pregnancies,-0.1998527,-0.063067675,0.7576425
169,xgb_shap_list_ir_4,xgb_shap_list_ir_4_subset_67,Glucose,localMax_Glucose,0.77425253,1.1037272,2.4216263
170,xgb_shap_list_ir_4,xgb_shap_list_ir_4_subset_67,BloodPressure,localMax_BloodPressure,0.08569121,0.18818605,0.29068094
171,xgb_shap_list_ir_4,xgb_shap_list_ir_4_subset_67,SkinThickness,localMax_SkinThickness,0.4318853,0.3010713,0.17025721
172,xgb_shap_list_ir_4,xgb_shap_list_ir_4_subset_67,Insulin,localMax_Insulin,-0.27002606,-0.14063612,0.11814386
173,xgb_shap_list_ir_4,xgb_shap_list_ir_4_subset_67,BMI,localMax_BMI,1.0185988,1.2222153,0.00051665306
174,xgb_shap_list_ir_4,xgb_shap_list_ir_4_subset_67,DiabetesPedigreeFunction,localMax_DiabetesPedigreeFunction,0.8334076,0.21443063,0.059686393
175,xgb_shap_list_ir_4,xgb_shap_list_ir_4_subset_67,Age,localMax_Age,0.12480706,0.22073486,0.31666264
176,xgb_shap_list_ir_4,xgb_shap_list_ir_4_subset_22,Pregnancies,localMax_Pregnancies,0.27636513,0.17814663,0.07992816
177,xgb_shap_list_ir_4,xgb_shap_list_ir_4_subset_22,Glucose,localMax_Glucose,0.19153225,0.47641373,1.9008209
178,xgb_shap_list_ir_4,xgb_shap_list_ir_4_subset_22,BloodPressure,localMax_BloodPressure,0.12246126,0.2332117,0.34396213
179,xgb_shap_list_ir_4,xgb_shap_list_ir_4_subset_22,SkinThickness,localMax_SkinThickness,0.09806183,0.2646833,-0.06855965
180,xgb_shap_list_ir_4,xgb_shap_list_ir_4_subset_22,Insulin,localMax_Insulin,-0.011256665,0.07662925,-0.09914255
181,xgb_shap_list_ir_4,xgb_shap_list_ir_4_subset_22,BMI,localMax_BMI,0.05713862,-0.21101183,0.86159
182,xgb_shap_list_ir_4,xgb_shap_list_ir_4_subset_22,DiabetesPedigreeFunction,localMax_DiabetesPedigreeFunction,0.42057705,0.22567362,0.030770183
183,xgb_shap_list_ir_4,xgb_shap_list_ir_4_subset_22,Age,localMax_Age,0.57456493,0.38300115,0.76612866
184,xgb_shap_list_ir_1,xgb_shap_list_ir_1_subset_124,Pregnancies,localMax_Pregnancies,0.6070255,0.3813802,0.1557349
185,xgb_shap_list_ir_1,xgb_shap_list_ir_1_subset_124,Glucose,localMax_Glucose,1.5602394,1.3523299,1.1444203
186,xgb_shap_list_ir_1,xgb_shap_list_ir_1_subset_124,BloodPressure,localMax_BloodPressure,-0.026424527,0.5971414,-0.18231595
187,xgb_shap_list_ir_1,xgb_shap_list_ir_1_subset_124,SkinThickness,localMax_SkinThickness,0.27383152,0.36469418,0.18296883
188,xgb_shap_list_ir_1,xgb_shap_list_ir_1_subset_124,Insulin,localMax_Insulin,0.49629492,0.3578925,0.6346973
189,xgb_shap_list_ir_1,xgb_shap_list_ir_1_subset_124,BMI,localMax_BMI,0.59583884,0.2971208,1.193275
190,xgb_shap_list_ir_1,xgb_shap_list_ir_1_subset_124,DiabetesPedigreeFunction,localMax_DiabetesPedigreeFunction,-0.27378303,0.55424076,0.3702355
191,xgb_shap_list_ir_1,xgb_shap_list_ir_1_subset_124,Age,localMax_Age,0.13418296,-0.092194006,0.07758871
192,xgb_shap_list_ir_4,xgb_shap_list_ir_4_subset_148,Pregnancies,localMax_Pregnancies,0.46465278,0.30104208,0.6282634
193,xgb_shap_list_ir_4,xgb_shap_list_ir_4_subset_148,Glucose,localMax_Glucose,0.26413417,0.6509234,2.1980805
194,xgb_shap_list_ir_4,xgb_shap_list_ir_4_subset_148,BloodPressure,localMax_BloodPressure,-0.09548557,0.025825351,0.14713624
195,xgb_shap_list_ir_4,xgb_shap_list_ir_4_subset_148,SkinThickness,localMax_SkinThickness,0.5393144,0.65049547,0.76167655
196,xgb_shap_list_ir_4,xgb_shap_list_ir_4_subset_148,Insulin,localMax_Insulin,0.023174614,-0.07780245,0.2251288
197,xgb_shap_list_ir_4,xgb_shap_list_ir_4_subset_148,BMI,localMax_BMI,0.40474498,0.10125613,0.70823383
198,xgb_shap_list_ir_4,xgb_shap_list_ir_4_subset_148,DiabetesPedigreeFunction,localMax_DiabetesPedigreeFunction,-0.07632655,-0.26890424,0.88656175
199,xgb_shap_list_ir_4,xgb_shap_list_ir_4_subset_148,Age,localMax_Age,1.9265898,1.696302,0.31457508
200,xgb_shap_list_ir_2,xgb_shap_list_ir_2_subset_106,Pregnancies,localMax_Pregnancies,0.19708881,0.14157179,0.2526058
201,xgb_shap_list_ir_2,xgb_shap_list_ir_2_subset_106,Glucose,localMax_Glucose,1.3888403,1.6501589,0.082247615
202,xgb_shap_list_ir_2,xgb_shap_list_ir_2_subset_106,BloodPressure,localMax_BloodPressure,-0.112651765,-0.20418146,0.16193727
203,xgb_shap_list_ir_2,xgb_shap_list_ir_2_subset_106,SkinThickness,localMax_SkinThickness,-0.042960018,0.28402972,-0.12470746
204,xgb_shap_list_ir_2,xgb_shap_list_ir_2_subset_106,Insulin,localMax_Insulin,0.029026076,-0.0067676157,0.06481977
205,xgb_shap_list_ir_2,xgb_shap_list_ir_2_subset_106,BMI,localMax_BMI,0.10054886,0.40959764,1.9548414
206,xgb_shap_list_ir_2,xgb_shap_list_ir_2_subset_106,DiabetesPedigreeFunction,localMax_DiabetesPedigreeFunction,0.581522,0.37337255,0.7896713
207,xgb_shap_list_ir_2,xgb_shap_list_ir_2_subset_106,Age,localMax_Age,-0.056704044,1.862426,2.1023173
208,xgb_shap_list_ir_3,xgb_shap_list_ir_3_subset_53,Pregnancies,localMax_Pregnancies,0.0844008,-0.005001843,0.17380348
209,xgb_shap_list_ir_3,xgb_shap_list_ir_3_subset_53,Glucose,localMax_Glucose,1.275209,1.6505864,0.14907634
210,xgb_shap_list_ir_3,xgb_shap_list_ir_3_subset_53,BloodPressure,localMax_BloodPressure,0.8191192,0.06866127,0.63150465
211,xgb_shap_list_ir_3,xgb_shap_list_ir_3_subset_53,SkinThickness,localMax_SkinThickness,0.49710536,0.40356237,0.029390216
212,xgb_shap_list_ir_3,xgb_shap_list_ir_3_subset_53,Insulin,localMax_Insulin,-0.07955265,-0.21734226,1.0227641
213,xgb_shap_list_ir_3,xgb_shap_list_ir_3_subset_53,BMI,localMax_BMI,0.3310355,0.5793797,0.08269137
214,xgb_shap_list_ir_3,xgb_shap_list_ir_3_subset_53,DiabetesPedigreeFunction,localMax_DiabetesPedigreeFunction,0.5846032,0.8079953,0.69629925
215,xgb_shap_list_ir_3,xgb_shap_list_ir_3_subset_53,Age,localMax_Age,1.0055666,0.8326639,1.1784693
216,xgb_shap_list_ir_4,xgb_shap_list_ir_4_subset_56,Pregnancies,localMax_Pregnancies,0.50827265,0.03349334,0.3895778
217,xgb_shap_list_ir_4,xgb_shap_list_ir_4_subset_56,Glucose,localMax_Glucose,0.774757,2.6978848,1.0952783
218,xgb_shap_list_ir_4,xgb_shap_list_ir_4_subset_56,BloodPressure,localMax_BloodPressure,0.38560903,0.19709852,0.008587986
219,xgb_shap_list_ir_4,xgb_shap_list_ir_4_subset_56,SkinThickness,localMax_SkinThickness,0.008422971,0.18577734,-0.08025423
220,xgb_shap_list_ir_4,xgb_shap_list_ir_4_subset_56,Insulin,localMax_Insulin,-0.010787427,0.12903285,-0.15060768
221,xgb_shap_list_ir_4,xgb_shap_list_ir_4_subset_56,BMI,localMax_BMI,1.2114137,0.64040554,0.83074164
222,xgb_shap_list_ir_4,xgb_shap_list_ir_4_subset_56,DiabetesPedigreeFunction,localMax_DiabetesPedigreeFunction,0.079939604,0.4718802,0.8638208
223,xgb_shap_list_ir_4,xgb_shap_list_ir_4_subset_56,Age,localMax_Age,0.12983972,0.26789087,0.40594208
224,xgb_shap_list_ir_2,xgb_shap_list_ir_2_subset_137,Pregnancies,localMax_Pregnancies,0.66343653,0.47904873,0.29466093
225,xgb_shap_list_ir_2,xgb_shap_list_ir_2_subset_137,Glucose,localMax_Glucose,0.98189926,1.3473401,1.7127812
226,xgb_shap_list_ir_2,xgb_shap_list_ir_2_subset_137,BloodPressure,localMax_BloodPressure,-0.10725412,-0.012071252,-0.20243697
227,xgb_shap_list_ir_2,xgb_shap_list_ir_2_subset_137,SkinThickness,localMax_SkinThickness,-0.027516812,0.014774591,0.35310575
228,xgb_shap_list_ir_2,xgb_shap_list_ir_2_subset_137,Insulin,localMax_Insulin,-0.22568077,-0.13146132,-0.3199002
229,xgb_shap_list_ir_2,xgb_shap_list_ir_2_subset_137,BMI,localMax_BMI,0.3597803,0.51385254,-0.25650853
230,xgb_shap_list_ir_2,xgb_shap_list_ir_2_subset_137,DiabetesPedigreeFunction,localMax_DiabetesPedigreeFunction,0.19755614,0.3733676,1.2524248
231,xgb_shap_list_ir_2,xgb_shap_list_ir_2_subset_137,Age,localMax_Age,0.26541772,0.17792186,0.090426
232,xgb_shap_list_ir_1,xgb_shap_list_ir_1_subset_10,Pregnancies,localMax_Pregnancies,-0.041221634,-0.10364477,0.2708941
233,xgb_shap_list_ir_1,xgb_shap_list_ir_1_subset_10,Glucose,localMax_Glucose,1.744303,1.4916117,1.2389205
234,xgb_shap_list_ir_1,xgb_shap_list_ir_1_subset_10,BloodPressure,localMax_BloodPressure,1.0838327,1.259176,0.90848935
235,xgb_shap_list_ir_1,xgb_shap_list_ir_1_subset_10,SkinThickness,localMax_SkinThickness,0.5252967,0.6022626,0.44833076
236,xgb_shap_list_ir_1,xgb_shap_list_ir_1_subset_10,Insulin,localMax_Insulin,0.54254204,0.24707079,0.39480639
237,xgb_shap_list_ir_1,xgb_shap_list_ir_1_subset_10,BMI,localMax_BMI,0.5608965,0.62292427,0.002646327
238,xgb_shap_list_ir_1,xgb_shap_list_ir_1_subset_10,DiabetesPedigreeFunction,localMax_DiabetesPedigreeFunction,-0.026955366,-0.1023078,0.19910198
239,xgb_shap_list_ir_1,xgb_shap_list_ir_1_subset_10,Age,localMax_Age,0.12738001,-0.0037966669,0.7832633
240,xgb_shap_list_ir_5,xgb_shap_list_ir_5_subset_38,Pregnancies,localMax_Pregnancies,0.3008831,0.11781353,0.48395264
241,xgb_shap_list_ir_5,xgb_shap_list_ir_5_subset_38,Glucose,localMax_Glucose,2.0426295,2.4188378,1.2902129
242,xgb_shap_list_ir_5,xgb_shap_list_ir_5_subset_38,BloodPressure,localMax_BloodPressure,-0.15153515,-0.02756524,-0.2755051
243,xgb_shap_list_ir_5,xgb_shap_list_ir_5_subset_38,SkinThickness,localMax_SkinThickness,0.23946595,0.09556919,0.3833627
244,xgb_shap_list_ir_5,xgb_shap_list_ir_5_subset_38,Insulin,localMax_Insulin,0.006963879,-0.2663828,-0.12970948
245,xgb_shap_list_ir_5,xgb_shap_list_ir_5_subset_38,BMI,localMax_BMI,0.12754786,-0.08679378,0.3418895
246,xgb_shap_list_ir_5,xgb_shap_list_ir_5_subset_38,DiabetesPedigreeFunction,localMax_DiabetesPedigreeFunction,0.611902,0.4539597,0.2960174
247,xgb_shap_list_ir_5,xgb_shap_list_ir_5_subset_38,Age,localMax_Age,0.33876806,0.51160735,0.16592872
248,xgb_shap_list_ir_1,xgb_shap_list_ir_1_subset_90,Pregnancies,localMax_Pregnancies,-0.024399847,0.0031563416,-0.038177937
249,xgb_shap_list_ir_1,xgb_shap_list_ir_1_subset_90,Glucose,localMax_Glucose,1.1187108,0.48684692,0.8027787
250,xgb_shap_list_ir_1,xgb_shap_list_ir_1_subset_90,BloodPressure,localMax_BloodPressure,1.1427311,1.0215197,1.2639425
251,xgb_shap_list_ir_1,xgb_shap_list_ir_1_subset_90,SkinThickness,localMax_SkinThickness,0.08906612,0.64921826,0.7425769
252,xgb_shap_list_ir_1,xgb_shap_list_ir_1_subset_90,Insulin,localMax_Insulin,-0.012622267,0.0696812,-0.09492572
253,xgb_shap_list_ir_1,xgb_shap_list_ir_1_subset_90,BMI,localMax_BMI,0.75399256,0.43181992,1.0761652
254,xgb_shap_list_ir_1,xgb_shap_list_ir_1_subset_90,DiabetesPedigreeFunction,localMax_DiabetesPedigreeFunction,0.31250042,0.16597706,0.019453704
255,xgb_shap_list_ir_1,xgb_shap_list_ir_1_subset_90,Age,localMax_Age,0.9875653,1.1070266,-0.565431
256,xgb_shap_list_ir_2,xgb_shap_list_ir_2_subset_21,Pregnancies,localMax_Pregnancies,0.18838555,0.2981624,0.4079392
257,xgb_shap_list_ir_2,xgb_shap_list_ir_2_subset_21,Glucose,localMax_Glucose,1.425811,2.0476878,2.3586261
258,xgb_shap_list_ir_2,xgb_shap_list_ir_2_subset_21,BloodPressure,localMax_BloodPressure,0.05205065,-0.09206182,-0.23617426
259,xgb_shap_list_ir_2,xgb_shap_list_ir_2_subset_21,SkinThickness,localMax_SkinThickness,0.4807601,0.14691275,0.035630286
260,xgb_shap_list_ir_2,xgb_shap_list_ir_2_subset_21,Insulin,localMax_Insulin,0.30865073,0.2240926,0.13953444
261,xgb_shap_list_ir_2,xgb_shap_list_ir_2_subset_21,BMI,localMax_BMI,0.46340334,0.670661,0.25614572
262,xgb_shap_list_ir_2,xgb_shap_list_ir_2_subset_21,DiabetesPedigreeFunction,localMax_DiabetesPedigreeFunction,0.54727995,0.30838382,0.78617597
263,xgb_shap_list_ir_2,xgb_shap_list_ir_2_subset_21,Age,localMax_Age,-0.28910094,-0.13900517,-0.43919677
264,xgb_shap_list_ir_2,xgb_shap_list_ir_2_subset_32,Pregnancies,localMax_Pregnancies,0.5242467,0.7394898,0.3090036
265,xgb_shap_list_ir_2,xgb_shap_list_ir_2_subset_32,Glucose,localMax_Glucose,1.0793602,1.7783961,2.011408
266,xgb_shap_list_ir_2,xgb_shap_list_ir_2_subset_32,BloodPressure,localMax_BloodPressure,0.7673539,0.62007874,0.47280365
267,xgb_shap_list_ir_2,xgb_shap_list_ir_2_subset_32,SkinThickness,localMax_SkinThickness,0.2391066,0.10862476,0.3695885
268,xgb_shap_list_ir_2,xgb_shap_list_ir_2_subset_32,Insulin,localMax_Insulin,0.34693313,0.5206921,0.17317408
269,xgb_shap_list_ir_2,xgb_shap_list_ir_2_subset_32,BMI,localMax_BMI,0.11633021,-0.05121267,-0.21875554
270,xgb_shap_list_ir_2,xgb_shap_list_ir_2_subset_32,DiabetesPedigreeFunction,localMax_DiabetesPedigreeFunction,0.014798105,0.378466,0.74213374
271,xgb_shap_list_ir_2,xgb_shap_list_ir_2_subset_32,Age,localMax_Age,0.3973019,0.021891534,0.2095967
272,xgb_shap_list_ir_5,xgb_shap_list_ir_5_subset_9,Pregnancies,localMax_Pregnancies,0.2519464,0.09636432,0.40752846
273,xgb_shap_list_ir_5,xgb_shap_list_ir_5_subset_9,Glucose,localMax_Glucose,1.2659712,1.6328948,0.8990475
274,xgb_shap_list_ir_5,xgb_shap_list_ir_5_subset_9,BloodPressure,localMax_BloodPressure,0.03146714,0.27770686,0.5239465
275,xgb_shap_list_ir_5,xgb_shap_list_ir_5_subset_9,SkinThickness,localMax_SkinThickness,0.36606383,0.1666289,0.06691143
276,xgb_shap_list_ir_5,xgb_shap_list_ir_5_subset_9,Insulin,localMax_Insulin,0.062104464,0.18705916,-0.06285024
277,xgb_shap_list_ir_5,xgb_shap_list_ir_5_subset_9,BMI,localMax_BMI,0.018084764,0.29878235,-0.26261282
278,xgb_shap_list_ir_5,xgb_shap_list_ir_5_subset_9,DiabetesPedigreeFunction,localMax_DiabetesPedigreeFunction,0.46507716,0.28664953,0.10822195
279,xgb_shap_list_ir_5,xgb_shap_list_ir_5_subset_9,Age,localMax_Age,0.730664,1.0848688,0.90776634
280,xgb_shap_list_ir_3,xgb_shap_list_ir_3_subset_69,Pregnancies,localMax_Pregnancies,0.80454314,0.5670141,1.0420722
281,xgb_shap_list_ir_3,xgb_shap_list_ir_3_subset_69,Glucose,localMax_Glucose,0.8541752,2.0653765,0.5513749
282,xgb_shap_list_ir_3,xgb_shap_list_ir_3_subset_69,BloodPressure,localMax_BloodPressure,0.12429619,0.59906673,0.28255302
283,xgb_shap_list_ir_3,xgb_shap_list_ir_3_subset_69,SkinThickness,localMax_SkinThickness,0.70146984,0.6222065,0.06736308
284,xgb_shap_list_ir_3,xgb_shap_list_ir_3_subset_69,Insulin,localMax_Insulin,0.071393445,0.017324075,-0.03674528
285,xgb_shap_list_ir_3,xgb_shap_list_ir_3_subset_69,BMI,localMax_BMI,0.30509526,0.50771445,0.7103336
286,xgb_shap_list_ir_3,xgb_shap_list_ir_3_subset_69,DiabetesPedigreeFunction,localMax_DiabetesPedigreeFunction,0.6692156,0.00057664514,0.53548783
287,xgb_shap_list_ir_3,xgb_shap_list_ir_3_subset_69,Age,localMax_Age,-0.064499766,0.6959048,-0.19123387
288,xgb_shap_list_ir_4,xgb_shap_list_ir_4_subset_125,Pregnancies,localMax_Pregnancies,0.6455445,0.5001333,0.35472202
289,xgb_shap_list_ir_4,xgb_shap_list_ir_4_subset_125,Glucose,localMax_Glucose,0.98166883,0.24548519,0.613577
290,xgb_shap_list_ir_4,xgb_shap_list_ir_4_subset_125,BloodPressure,localMax_BloodPressure,0.08823076,0.3139146,0.2010727
291,xgb_shap_list_ir_4,xgb_shap_list_ir_4_subset_125,SkinThickness,localMax_SkinThickness,-0.07870056,-0.15087919,-0.0065219104
292,xgb_shap_list_ir_4,xgb_shap_list_ir_4_subset_125,Insulin,localMax_Insulin,-0.06368381,-0.20692292,-0.350162
293,xgb_shap_list_ir_4,xgb_shap_list_ir_4_subset_125,BMI,localMax_BMI,0.98788786,0.79510677,1.180669
294,xgb_shap_list_ir_4,xgb_shap_list_ir_4_subset_125,DiabetesPedigreeFunction,localMax_DiabetesPedigreeFunction,0.27638394,0.47834194,0.074425876
295,xgb_shap_list_ir_4,xgb_shap_list_ir_4_subset_125,Age,localMax_Age,0.3573131,0.46788436,0.24674186
296,xgb_shap_list_ir_2,xgb_shap_list_ir_2_subset_81,Pregnancies,localMax_Pregnancies,0.3582483,0.20440984,0.050571382
297,xgb_shap_list_ir_2,xgb_shap_list_ir_2_subset_81,Glucose,localMax_Glucose,2.1292584,1.8865373,-0.29795212
298,xgb_shap_list_ir_2,xgb_shap_list_ir_2_subset_81,BloodPressure,localMax_BloodPressure,-0.002383709,-0.22171879,0.21695137
299,xgb_shap_list_ir_2,xgb_shap_list_ir_2_subset_81,SkinThickness,localMax_SkinThickness,-0.16460007,-0.081778705,0.49797088
300,xgb_shap_list_ir_2,xgb_shap_list_ir_2_subset_81,Insulin,localMax_Insulin,0.26166344,0.16988361,0.35344326
301,xgb_shap_list_ir_2,xgb_shap_list_ir_2_subset_81,BMI,localMax_BMI,-0.20082363,-0.011012912,0.17879784
302,xgb_shap_list_ir_2,xgb_shap_list_ir_2_subset_81,DiabetesPedigreeFunction,localMax_DiabetesPedigreeFunction,0.8412783,1.1175863,0.5649704
303,xgb_shap_list_ir_2,xgb_shap_list_ir_2_subset_81,Age,localMax_Age,0.6164387,0.521348,0.045894414
304,xgb_shap_list_ir_3,xgb_shap_list_ir_3_subset_145,Pregnancies,localMax_Pregnancies,0.44980907,0.65849197,0.2411263
305,xgb_shap_list_ir_3,xgb_shap_list_ir_3_subset_145,Glucose,localMax_Glucose,1.3314383,1.6678421,0.9950346
306,xgb_shap_list_ir_3,xgb_shap_list_ir_3_subset_145,BloodPressure,localMax_BloodPressure,-0.17113289,-0.07698774,0.017157435
307,xgb_shap_list_ir_3,xgb_shap_list_ir_3_subset_145,SkinThickness,localMax_SkinThickness,0.3605982,0.23856133,-0.0055123568
308,xgb_shap_list_ir_3,xgb_shap_list_ir_3_subset_145,Insulin,localMax_Insulin,-0.053947687,-0.21511817,0.42956376
309,xgb_shap_list_ir_3,xgb_shap_list_ir_3_subset_145,BMI,localMax_BMI,-0.13536072,0.04387611,0.94006014
310,xgb_shap_list_ir_3,xgb_shap_list_ir_3_subset_145,DiabetesPedigreeFunction,localMax_DiabetesPedigreeFunction,-0.37776536,1.3861414,0.68057877
311,xgb_shap_list_ir_3,xgb_shap_list_ir_3_subset_145,Age,localMax_Age,0.44918793,0.27493525,0.62344056
312,xgb_shap_list_ir_3,xgb_shap_list_ir_3_subset_6,Pregnancies,localMax_Pregnancies,0.38017857,0.56885886,0.1914984
313,xgb_shap_list_ir_3,xgb_shap_list_ir_3_subset_6,Glucose,localMax_Glucose,0.6232059,0.9837903,1.7049592
314,xgb_shap_list_ir_3,xgb_shap_list_ir_3_subset_6,BloodPressure,localMax_BloodPressure,0.26720005,0.17141944,0.0756388
315,xgb_shap_list_ir_3,xgb_shap_list_ir_3_subset_6,SkinThickness,localMax_SkinThickness,-0.10495299,0.039804697,0.18456239
316,xgb_shap_list_ir_3,xgb_shap_list_ir_3_subset_6,Insulin,localMax_Insulin,0.12038514,0.042120963,0.19864932
317,xgb_shap_list_ir_3,xgb_shap_list_ir_3_subset_6,BMI,localMax_BMI,0.08029443,0.28519577,-0.12460691
318,xgb_shap_list_ir_3,xgb_shap_list_ir_3_subset_6,DiabetesPedigreeFunction,localMax_DiabetesPedigreeFunction,0.6347966,0.83444726,1.0340979
319,xgb_shap_list_ir_3,xgb_shap_list_ir_3_subset_6,Age,localMax_Age,-0.17907459,-0.38451454,0.02636534
320,xgb_shap_list_ir_3,xgb_shap_list_ir_3_subset_80,Pregnancies,localMax_Pregnancies,0.62415403,0.47479063,0.7735175
321,xgb_shap_list_ir_3,xgb_shap_list_ir_3_subset_80,Glucose,localMax_Glucose,2.0611203,0.64082325,1.7060461
322,xgb_shap_list_ir_3,xgb_shap_list_ir_3_subset_80,BloodPressure,localMax_BloodPressure,0.06471732,0.4733798,0.57554543
323,xgb_shap_list_ir_3,xgb_shap_list_ir_3_subset_80,SkinThickness,localMax_SkinThickness,0.27033567,0.16781485,0.37285656
324,xgb_shap_list_ir_3,xgb_shap_list_ir_3_subset_80,Insulin,localMax_Insulin,-0.29131716,-0.17323357,-0.40940076
325,xgb_shap_list_ir_3,xgb_shap_list_ir_3_subset_80,BMI,localMax_BMI,0.17321396,0.324103,0.02232489
326,xgb_shap_list_ir_3,xgb_shap_list_ir_3_subset_80,DiabetesPedigreeFunction,localMax_DiabetesPedigreeFunction,1.0145267,0.80456793,0.17469156
327,xgb_shap_list_ir_3,xgb_shap_list_ir_3_subset_80,Age,localMax_Age,-0.25889856,0.9448044,1.185545
328,xgb_shap_list_ir_1,xgb_shap_list_ir_1_subset_107,Pregnancies,localMax_Pregnancies,0.6022428,0.4657644,0.73872125
329,xgb_shap_list_ir_1,xgb_shap_list_ir_1_subset_107,Glucose,localMax_Glucose,0.44771028,0.56763226,0.3277883
330,xgb_shap_list_ir_1,xgb_shap_list_ir_1_subset_107,BloodPressure,localMax_BloodPressure,0.5326458,0.6725629,0.112894535
331,xgb_shap_list_ir_1,xgb_shap_list_ir_1_subset_107,SkinThickness,localMax_SkinThickness,0.7446731,0.24341196,0.36872727
332,xgb_shap_list_ir_1,xgb_shap_list_ir_1_subset_107,Insulin,localMax_Insulin,0.7036465,0.085527,0.18854696
333,xgb_shap_list_ir_1,xgb_shap_list_ir_1_subset_107,BMI,localMax_BMI,0.6421098,0.7600541,0.40622115
334,xgb_shap_list_ir_1,xgb_shap_list_ir_1_subset_107,DiabetesPedigreeFunction,localMax_DiabetesPedigreeFunction,0.91522336,0.692726,0.025233865
335,xgb_shap_list_ir_1,xgb_shap_list_ir_1_subset_107,Age,localMax_Age,0.5564118,0.40635985,0.25630784
336,xgb_shap_list_ir_3,xgb_shap_list_ir_3_subset_78,Pregnancies,localMax_Pregnancies,0.2664407,0.035855144,0.1511479
337,xgb_shap_list_ir_3,xgb_shap_list_ir_3_subset_78,Glucose,localMax_Glucose,1.2716323,1.0113488,1.5319157
338,xgb_shap_list_ir_3,xgb_shap_list_ir_3_subset_78,BloodPressure,localMax_BloodPressure,0.43655264,0.25876367,0.0809747
339,xgb_shap_list_ir_3,xgb_shap_list_ir_3_subset_78,SkinThickness,localMax_SkinThickness,0.4975853,0.639173,0.35599756
340,xgb_shap_list_ir_3,xgb_shap_list_ir_3_subset_78,Insulin,localMax_Insulin,-0.13340333,-0.01046443,0.35835218
341,xgb_shap_list_ir_3,xgb_shap_list_ir_3_subset_78,BMI,localMax_BMI,0.08641565,-0.15653962,1.5441474
342,xgb_shap_list_ir_3,xgb_shap_list_ir_3_subset_78,DiabetesPedigreeFunction,localMax_DiabetesPedigreeFunction,0.1230886,0.8061581,-0.04767877
343,xgb_shap_list_ir_3,xgb_shap_list_ir_3_subset_78,Age,localMax_Age,0.421076,0.62789994,0.007428229
344,xgb_shap_list_ir_3,xgb_shap_list_ir_3_subset_91,Pregnancies,localMax_Pregnancies,-0.010816276,0.09601754,-0.11765009
345,xgb_shap_list_ir_3,xgb_shap_list_ir_3_subset_91,Glucose,localMax_Glucose,1.2490387,1.5813797,0.91669774
346,xgb_shap_list_ir_3,xgb_shap_list_ir_3_subset_91,BloodPressure,localMax_BloodPressure,0.042767227,0.16223723,0.28170723
347,xgb_shap_list_ir_3,xgb_shap_list_ir_3_subset_91,SkinThickness,localMax_SkinThickness,0.2887827,0.36304605,0.065992564
348,xgb_shap_list_ir_3,xgb_shap_list_ir_3_subset_91,Insulin,localMax_Insulin,0.12472546,0.07772724,0.03072901
349,xgb_shap_list_ir_3,xgb_shap_list_ir_3_subset_91,BMI,localMax_BMI,0.9680464,1.6695361,1.2018764
350,xgb_shap_list_ir_3,xgb_shap_list_ir_3_subset_91,DiabetesPedigreeFunction,localMax_DiabetesPedigreeFunction,0.09896082,-0.047373474,0.2452951
351,xgb_shap_list_ir_3,xgb_shap_list_ir_3_subset_91,Age,localMax_Age,0.12022114,0.40891683,1.275004
352,xgb_shap_list_ir_1,xgb_shap_list_ir_1_subset_113,Pregnancies,localMax_Pregnancies,1.2274185,0.781609,0.63300586
353,xgb_shap_list_ir_1,xgb_shap_list_ir_1_subset_113,Glucose,localMax_Glucose,0.8852892,0.20547163,0.5453805
354,xgb_shap_list_ir_1,xgb_shap_list_ir_1_subset_113,BloodPressure,localMax_BloodPressure,0.24501377,0.39236557,0.5397173
355,xgb_shap_list_ir_1,xgb_shap_list_ir_1_subset_113,SkinThickness,localMax_SkinThickness,0.15706514,0.34489426,0.30732843
356,xgb_shap_list_ir_1,xgb_shap_list_ir_1_subset_113,Insulin,localMax_Insulin,-0.121394455,-0.077660404,-0.033926353
357,xgb_shap_list_ir_1,xgb_shap_list_ir_1_subset_113,BMI,localMax_BMI,1.0315148,1.2098732,1.3882318
358,xgb_shap_list_ir_1,xgb_shap_list_ir_1_subset_113,DiabetesPedigreeFunction,localMax_DiabetesPedigreeFunction,0.5259011,0.60642934,-0.19885312
359,xgb_shap_list_ir_1,xgb_shap_list_ir_1_subset_113,Age,localMax_Age,-0.24420208,-0.11195251,-0.37645167
360,xgb_shap_list_ir_2,xgb_shap_list_ir_2_subset_142,Pregnancies,localMax_Pregnancies,1.1473433,1.390952,0.90373445
361,xgb_shap_list_ir_2,xgb_shap_list_ir_2_subset_142,Glucose,localMax_Glucose,2.1587179,2.5374072,-0.113417625
362,xgb_shap_list_ir_2,xgb_shap_list_ir_2_subset_142,BloodPressure,localMax_BloodPressure,0.7550856,0.44759977,0.14011407
363,xgb_shap_list_ir_2,xgb_shap_list_ir_2_subset_142,SkinThickness,localMax_SkinThickness,0.7303102,0.53271914,0.33512807
364,xgb_shap_list_ir_2,xgb_shap_list_ir_2_subset_142,Insulin,localMax_Insulin,0.16147828,0.079158574,0.24379802
365,xgb_shap_list_ir_2,xgb_shap_list_ir_2_subset_142,BMI,localMax_BMI,0.28355044,0.41420662,0.5448628
366,xgb_shap_list_ir_2,xgb_shap_list_ir_2_subset_142,DiabetesPedigreeFunction,localMax_DiabetesPedigreeFunction,0.52858377,0.67113274,0.38603473
367,xgb_shap_list_ir_2,xgb_shap_list_ir_2_subset_142,Age,localMax_Age,-0.36608016,-0.24328724,-0.48887312
368,xgb_shap_list_ir_2,xgb_shap_list_ir_2_subset_15,Pregnancies,localMax_Pregnancies,0.41524982,0.6425108,0.18798876
369,xgb_shap_list_ir_2,xgb_shap_list_ir_2_subset_15,Glucose,localMax_Glucose,0.3700024,0.64533687,1.4713402
370,xgb_shap_list_ir_2,xgb_shap_list_ir_2_subset_15,BloodPressure,localMax_BloodPressure,0.45330203,0.17592973,0.31461585
371,xgb_shap_list_ir_2,xgb_shap_list_ir_2_subset_15,SkinThickness,localMax_SkinThickness,0.2028138,0.5541242,0.11498624
372,xgb_shap_list_ir_2,xgb_shap_list_ir_2_subset_15,Insulin,localMax_Insulin,-0.022553474,0.07462886,0.17181122
373,xgb_shap_list_ir_2,xgb_shap_list_ir_2_subset_15,BMI,localMax_BMI,0.68934655,1.4800763,0.1621933
374,xgb_shap_list_ir_2,xgb_shap_list_ir_2_subset_15,DiabetesPedigreeFunction,localMax_DiabetesPedigreeFunction,0.34684074,0.08818817,0.21751446
375,xgb_shap_list_ir_2,xgb_shap_list_ir_2_subset_15,Age,localMax_Age,0.47269416,0.5673244,0.37806398
376,xgb_shap_list_ir_4,xgb_shap_list_ir_4_subset_49,Pregnancies,localMax_Pregnancies,0.18478078,0.36666042,0.0029011369
377,xgb_shap_list_ir_4,xgb_shap_list_ir_4_subset_49,Glucose,localMax_Glucose,0.5381491,2.1080635,1.166115
378,xgb_shap_list_ir_4,xgb_shap_list_ir_4_subset_49,BloodPressure,localMax_BloodPressure,0.16244653,0.24527967,0.07961342
379,xgb_shap_list_ir_4,xgb_shap_list_ir_4_subset_49,SkinThickness,localMax_SkinThickness,0.042046845,0.11414236,0.25833338
380,xgb_shap_list_ir_4,xgb_shap_list_ir_4_subset_49,Insulin,localMax_Insulin,0.052034914,0.17729545,-0.07322559
381,xgb_shap_list_ir_4,xgb_shap_list_ir_4_subset_49,BMI,localMax_BMI,0.29030037,0.06492609,0.51567465
382,xgb_shap_list_ir_4,xgb_shap_list_ir_4_subset_49,DiabetesPedigreeFunction,localMax_DiabetesPedigreeFunction,0.44271517,0.62414426,0.80557334
383,xgb_shap_list_ir_4,xgb_shap_list_ir_4_subset_49,Age,localMax_Age,0.5150779,-0.20259447,-0.082982406
384,xgb_shap_list_ir_3,xgb_shap_list_ir_3_subset_122,Pregnancies,localMax_Pregnancies,-0.045442328,0.0168619,-0.10774656
385,xgb_shap_list_ir_3,xgb_shap_list_ir_3_subset_122,Glucose,localMax_Glucose,0.714111,1.007539,1.300967
386,xgb_shap_list_ir_3,xgb_shap_list_ir_3_subset_122,BloodPressure,localMax_BloodPressure,0.37927347,0.4888518,0.26969516
387,xgb_shap_list_ir_3,xgb_shap_list_ir_3_subset_122,SkinThickness,localMax_SkinThickness,0.7183696,0.831528,0.6052112
388,xgb_shap_list_ir_3,xgb_shap_list_ir_3_subset_122,Insulin,localMax_Insulin,-0.14939848,-0.064819306,0.27349737
389,xgb_shap_list_ir_3,xgb_shap_list_ir_3_subset_122,BMI,localMax_BMI,0.29057175,1.6179696,1.1755036
390,xgb_shap_list_ir_3,xgb_shap_list_ir_3_subset_122,DiabetesPedigreeFunction,localMax_DiabetesPedigreeFunction,0.8171034,1.3563364,1.176592
391,xgb_shap_list_ir_3,xgb_shap_list_ir_3_subset_122,Age,localMax_Age,0.41726798,0.30001938,0.5345165
392,xgb_shap_list_ir_1,xgb_shap_list_ir_1_subset_154,Pregnancies,localMax_Pregnancies,-0.25218052,0.2844786,0.19503543
393,xgb_shap_list_ir_1,xgb_shap_list_ir_1_subset_154,Glucose,localMax_Glucose,0.90527403,1.245385,0.56516314
394,xgb_shap_list_ir_1,xgb_shap_list_ir_1_subset_154,BloodPressure,localMax_BloodPressure,0.35829344,0.4084927,0.2578949
395,xgb_shap_list_ir_1,xgb_shap_list_ir_1_subset_154,SkinThickness,localMax_SkinThickness,-0.085228726,0.2570485,0.39395937
396,xgb_shap_list_ir_1,xgb_shap_list_ir_1_subset_154,Insulin,localMax_Insulin,-0.10409704,0.22078258,0.19757688
397,xgb_shap_list_ir_1,xgb_shap_list_ir_1_subset_154,BMI,localMax_BMI,0.28084075,0.16644812,0.85280395
398,xgb_shap_list_ir_1,xgb_shap_list_ir_1_subset_154,DiabetesPedigreeFunction,localMax_DiabetesPedigreeFunction,0.27270746,0.15140152,0.6366254
399,xgb_shap_list_ir_1,xgb_shap_list_ir_1_subset_154,Age,localMax_Age,1.5273563,1.2514925,-0.40368992
400,xgb_shap_list_ir_5,xgb_shap_list_ir_5_subset_47,Pregnancies,localMax_Pregnancies,0.117792636,0.33878767,0.22829017
401,xgb_shap_list_ir_5,xgb_shap_list_ir_5_subset_47,Glucose,localMax_Glucose,1.220284,2.008273,0.82628965
402,xgb_shap_list_ir_5,xgb_shap_list_ir_5_subset_47,BloodPressure,localMax_BloodPressure,0.36268353,0.22603828,0.08939308
403,xgb_shap_list_ir_5,xgb_shap_list_ir_5_subset_47,SkinThickness,localMax_SkinThickness,0.035109907,0.12190446,-0.051684618
404,xgb_shap_list_ir_5,xgb_shap_list_ir_5_subset_47,Insulin,localMax_Insulin,0.24075955,0.13959211,0.03842467
405,xgb_shap_list_ir_5,xgb_shap_list_ir_5_subset_47,BMI,localMax_BMI,0.045732737,0.34024167,0.6347506
406,xgb_shap_list_ir_5,xgb_shap_list_ir_5_subset_47,DiabetesPedigreeFunction,localMax_DiabetesPedigreeFunction,0.37224007,0.51022536,0.23425478
407,xgb_shap_list_ir_5,xgb_shap_list_ir_5_subset_47,Age,localMax_Age,0.7584463,0.92020315,-0.05033794
408,xgb_shap_list_ir_1,xgb_shap_list_ir_1_subset_148,Pregnancies,localMax_Pregnancies,0.020647556,0.32421142,0.24832049
409,xgb_shap_list_ir_1,xgb_shap_list_ir_1_subset_148,Glucose,localMax_Glucose,1.1989917,1.0200456,1.3779376
410,xgb_shap_list_ir_1,xgb_shap_list_ir_1_subset_148,BloodPressure,localMax_BloodPressure,0.4788134,0.388821,0.118843675
411,xgb_shap_list_ir_1,xgb_shap_list_ir_1_subset_148,SkinThickness,localMax_SkinThickness,0.17933422,0.69103885,0.051408052
412,xgb_shap_list_ir_1,xgb_shap_list_ir_1_subset_148,Insulin,localMax_Insulin,0.4779002,0.3652737,0.5905267
413,xgb_shap_list_ir_1,xgb_shap_list_ir_1_subset_148,BMI,localMax_BMI,0.8520541,0.25367075,1.0016499
414,xgb_shap_list_ir_1,xgb_shap_list_ir_1_subset_148,DiabetesPedigreeFunction,localMax_DiabetesPedigreeFunction,0.94073033,0.7260462,0.51136196
415,xgb_shap_list_ir_1,xgb_shap_list_ir_1_subset_148,Age,localMax_Age,0.12802774,0.084969476,0.17108601
416,xgb_shap_list_ir_1,xgb_shap_list_ir_1_subset_98,Pregnancies,localMax_Pregnancies,0.21012893,0.1586869,0.081523836
417,xgb_shap_list_ir_1,xgb_shap_list_ir_1_subset_98,Glucose,localMax_Glucose,1.4606411,1.0903156,0.71999025
418,xgb_shap_list_ir_1,xgb_shap_list_ir_1_subset_98,BloodPressure,localMax_BloodPressure,-0.05097872,-0.12506407,-0.19914943
419,xgb_shap_list_ir_1,xgb_shap_list_ir_1_subset_98,SkinThickness,localMax_SkinThickness,0.9608394,-0.10352391,1.2269303
420,xgb_shap_list_ir_1,xgb_shap_list_ir_1_subset_98,Insulin,localMax_Insulin,-0.17603472,0.27598813,0.332491
421,xgb_shap_list_ir_1,xgb_shap_list_ir_1_subset_98,BMI,localMax_BMI,0.7385868,0.8591703,0.6180032
422,xgb_shap_list_ir_1,xgb_shap_list_ir_1_subset_98,DiabetesPedigreeFunction,localMax_DiabetesPedigreeFunction,0.7448902,0.60758096,0.8821994
423,xgb_shap_list_ir_1,xgb_shap_list_ir_1_subset_98,Age,localMax_Age,1.2716142,1.115159,0.019972324
424,xgb_shap_list_ir_1,xgb_shap_list_ir_1_subset_140,Pregnancies,localMax_Pregnancies,0.23116714,0.08107841,0.68143344
425,xgb_shap_list_ir_1,xgb_shap_list_ir_1_subset_140,Glucose,localMax_Glucose,0.96071994,1.218323,0.7031169
426,xgb_shap_list_ir_1,xgb_shap_list_ir_1_subset_140,BloodPressure,localMax_BloodPressure,-0.12306608,0.31206322,0.035162747
427,xgb_shap_list_ir_1,xgb_shap_list_ir_1_subset_140,SkinThickness,localMax_SkinThickness,-0.101570204,-0.17379306,0.25954416
428,xgb_shap_list_ir_1,xgb_shap_list_ir_1_subset_140,Insulin,localMax_Insulin,1.0978582,0.7263976,0.97403795
429,xgb_shap_list_ir_1,xgb_shap_list_ir_1_subset_140,BMI,localMax_BMI,1.0982318,1.3595886,0.83687484
430,xgb_shap_list_ir_1,xgb_shap_list_ir_1_subset_140,DiabetesPedigreeFunction,localMax_DiabetesPedigreeFunction,0.03760177,0.71489716,0.8503562
431,xgb_shap_list_ir_1,xgb_shap_list_ir_1_subset_140,Age,localMax_Age,0.36293772,0.3041763,0.1866534
432,xgb_shap_list_ir_5,xgb_shap_list_ir_5_subset_37,Pregnancies,localMax_Pregnancies,0.32615668,0.18575966,0.4665537
433,xgb_shap_list_ir_5,xgb_shap_list_ir_5_subset_37,Glucose,localMax_Glucose,0.39096558,1.9889119,2.308501
434,xgb_shap_list_ir_5,xgb_shap_list_ir_5_subset_37,BloodPressure,localMax_BloodPressure,0.28550625,0.1054582,-0.07458985
435,xgb_shap_list_ir_5,xgb_shap_list_ir_5_subset_37,SkinThickness,localMax_SkinThickness,0.14901471,0.2274206,0.070608854
436,xgb_shap_list_ir_5,xgb_shap_list_ir_5_subset_37,Insulin,localMax_Insulin,0.37737012,0.1816935,-0.01398319
437,xgb_shap_list_ir_5,xgb_shap_list_ir_5_subset_37,BMI,localMax_BMI,0.04633981,-0.20535278,0.29803246
438,xgb_shap_list_ir_5,xgb_shap_list_ir_5_subset_37,DiabetesPedigreeFunction,localMax_DiabetesPedigreeFunction,0.7078842,0.8937862,0.5219822
439,xgb_shap_list_ir_5,xgb_shap_list_ir_5_subset_37,Age,localMax_Age,0.22311068,0.055256784,0.89452624
440,xgb_shap_list_ir_3,xgb_shap_list_ir_3_subset_135,Pregnancies,localMax_Pregnancies,0.39779407,0.47361714,0.321971
441,xgb_shap_list_ir_3,xgb_shap_list_ir_3_subset_135,Glucose,localMax_Glucose,1.5760336,1.1919966,1.9600708
442,xgb_shap_list_ir_3,xgb_shap_list_ir_3_subset_135,BloodPressure,localMax_BloodPressure,0.8199365,0.6716813,-0.21785027
443,xgb_shap_list_ir_3,xgb_shap_list_ir_3_subset_135,SkinThickness,localMax_SkinThickness,0.028522134,0.08821398,0.14790583
444,xgb_shap_list_ir_3,xgb_shap_list_ir_3_subset_135,Insulin,localMax_Insulin,-0.084886104,0.006712675,0.18991017
445,xgb_shap_list_ir_3,xgb_shap_list_ir_3_subset_135,BMI,localMax_BMI,-0.10010296,0.098391354,-0.29859728
446,xgb_shap_list_ir_3,xgb_shap_list_ir_3_subset_135,DiabetesPedigreeFunction,localMax_DiabetesPedigreeFunction,0.59630513,0.37366748,0.8189429
447,xgb_shap_list_ir_3,xgb_shap_list_ir_3_subset_135,Age,localMax_Age,0.73239195,-0.035172522,-0.2270636
448,xgb_shap_list_ir_1,xgb_shap_list_ir_1_subset_29,Pregnancies,localMax_Pregnancies,0.4021579,0.16056931,0.112251595
449,xgb_shap_list_ir_1,xgb_shap_list_ir_1_subset_29,Glucose,localMax_Glucose,0.25072414,0.07718003,0.94490063
450,xgb_shap_list_ir_1,xgb_shap_list_ir_1_subset_29,BloodPressure,localMax_BloodPressure,0.5330116,0.6584678,0.40755546
451,xgb_shap_list_ir_1,xgb_shap_list_ir_1_subset_29,SkinThickness,localMax_SkinThickness,0.28429312,0.38406867,0.18451753
452,xgb_shap_list_ir_1,xgb_shap_list_ir_1_subset_29,Insulin,localMax_Insulin,0.25137815,0.19615799,0.14093783
453,xgb_shap_list_ir_1,xgb_shap_list_ir_1_subset_29,BMI,localMax_BMI,0.9584688,1.1379352,0.7790024
454,xgb_shap_list_ir_1,xgb_shap_list_ir_1_subset_29,DiabetesPedigreeFunction,localMax_DiabetesPedigreeFunction,0.47053993,0.56755286,-0.30556336
455,xgb_shap_list_ir_1,xgb_shap_list_ir_1_subset_29,Age,localMax_Age,1.0189667,1.1525588,-0.04976958
456,xgb_shap_list_ir_4,xgb_shap_list_ir_4_subset_146,Pregnancies,localMax_Pregnancies,0.15619078,0.26996446,0.38373816
457,xgb_shap_list_ir_4,xgb_shap_list_ir_4_subset_146,Glucose,localMax_Glucose,0.76696074,1.1263459,2.2045016
458,xgb_shap_list_ir_4,xgb_shap_list_ir_4_subset_146,BloodPressure,localMax_BloodPressure,0.18962824,0.08991432,0.28934216
459,xgb_shap_list_ir_4,xgb_shap_list_ir_4_subset_146,SkinThickness,localMax_SkinThickness,0.21588534,0.46284068,0.33936304
460,xgb_shap_list_ir_4,xgb_shap_list_ir_4_subset_146,Insulin,localMax_Insulin,0.12050274,0.18181205,0.059193432
461,xgb_shap_list_ir_4,xgb_shap_list_ir_4_subset_146,BMI,localMax_BMI,0.19897377,0.020467162,-0.15803951
462,xgb_shap_list_ir_4,xgb_shap_list_ir_4_subset_146,DiabetesPedigreeFunction,localMax_DiabetesPedigreeFunction,0.54748553,0.33249885,0.76247215
463,xgb_shap_list_ir_4,xgb_shap_list_ir_4_subset_146,Age,localMax_Age,0.2867959,0.45294166,0.6190874
464,xgb_shap_list_ir_4,xgb_shap_list_ir_4_subset_88,Pregnancies,localMax_Pregnancies,0.7970378,0.63965994,-0.1472295
465,xgb_shap_list_ir_4,xgb_shap_list_ir_4_subset_88,Glucose,localMax_Glucose,1.6411386,1.2870106,0.9328824
466,xgb_shap_list_ir_4,xgb_shap_list_ir_4_subset_88,BloodPressure,localMax_BloodPressure,-0.014500856,-0.098124266,0.2363694
467,xgb_shap_list_ir_4,xgb_shap_list_ir_4_subset_88,SkinThickness,localMax_SkinThickness,0.039141357,-0.07768443,0.15596715
468,xgb_shap_list_ir_4,xgb_shap_list_ir_4_subset_88,Insulin,localMax_Insulin,-0.04539162,-0.18854111,1.0998043
469,xgb_shap_list_ir_4,xgb_shap_list_ir_4_subset_88,BMI,localMax_BMI,0.1911425,0.0054071546,1.1198192
470,xgb_shap_list_ir_4,xgb_shap_list_ir_4_subset_88,DiabetesPedigreeFunction,localMax_DiabetesPedigreeFunction,0.6607877,0.8660581,0.4555173
471,xgb_shap_list_ir_4,xgb_shap_list_ir_4_subset_88,Age,localMax_Age,0.33570147,0.20774907,0.46365386
472,xgb_shap_list_ir_2,xgb_shap_list_ir_2_subset_54,Pregnancies,localMax_Pregnancies,0.17404625,0.0672183,0.2274602
473,xgb_shap_list_ir_2,xgb_shap_list_ir_2_subset_54,Glucose,localMax_Glucose,1.0368754,0.767323,1.3064278
474,xgb_shap_list_ir_2,xgb_shap_list_ir_2_subset_54,BloodPressure,localMax_BloodPressure,0.092138946,0.32581896,0.55949897
475,xgb_shap_list_ir_2,xgb_shap_list_ir_2_subset_54,SkinThickness,localMax_SkinThickness,0.19474417,0.2947994,0.09468892
476,xgb_shap_list_ir_2,xgb_shap_list_ir_2_subset_54,Insulin,localMax_Insulin,0.4977799,0.37696582,-0.10629043
477,xgb_shap_list_ir_2,xgb_shap_list_ir_2_subset_54,BMI,localMax_BMI,0.0019590259,-0.20280212,1.8448094
478,xgb_shap_list_ir_2,xgb_shap_list_ir_2_subset_54,DiabetesPedigreeFunction,localMax_DiabetesPedigreeFunction,0.65350914,0.39706767,0.90995073
479,xgb_shap_list_ir_2,xgb_shap_list_ir_2_subset_54,Age,localMax_Age,0.038858175,0.22689104,-0.14917469
480,xgb_shap_list_ir_2,xgb_shap_list_ir_2_subset_147,Pregnancies,localMax_Pregnancies,0.58395696,0.410558,0.7573559
481,xgb_shap_list_ir_2,xgb_shap_list_ir_2_subset_147,Glucose,localMax_Glucose,0.58925927,0.87898135,0.29953718
482,xgb_shap_list_ir_2,xgb_shap_list_ir_2_subset_147,BloodPressure,localMax_BloodPressure,0.07616639,0.1611023,-0.008769482
483,xgb_shap_list_ir_2,xgb_shap_list_ir_2_subset_147,SkinThickness,localMax_SkinThickness,0.78049004,0.9787499,0.5822302
484,xgb_shap_list_ir_2,xgb_shap_list_ir_2_subset_147,Insulin,localMax_Insulin,0.87152755,0.37302595,1.0376947
485,xgb_shap_list_ir_2,xgb_shap_list_ir_2_subset_147,BMI,localMax_BMI,0.86675847,0.23545557,0.025021255
486,xgb_shap_list_ir_2,xgb_shap_list_ir_2_subset_147,DiabetesPedigreeFunction,localMax_DiabetesPedigreeFunction,0.5421721,0.78484905,1.0275259
487,xgb_shap_list_ir_2,xgb_shap_list_ir_2_subset_147,Age,localMax_Age,0.7350894,0.9903015,0.47987747
488,xgb_shap_list_ir_4,xgb_shap_list_ir_4_subset_150,Pregnancies,localMax_Pregnancies,0.49239236,0.6489916,0.8055908
489,xgb_shap_list_ir_4,xgb_shap_list_ir_4_subset_150,Glucose,localMax_Glucose,1.2745769,0.8680252,1.6811287
490,xgb_shap_list_ir_4,xgb_shap_list_ir_4_subset_150,BloodPressure,localMax_BloodPressure,0.28856754,0.4170208,0.16011429
491,xgb_shap_list_ir_4,xgb_shap_list_ir_4_subset_150,SkinThickness,localMax_SkinThickness,0.055417627,0.1367096,-0.025874332
492,xgb_shap_list_ir_4,xgb_shap_list_ir_4_subset_150,Insulin,localMax_Insulin,0.07006514,-0.045773596,0.1859039
493,xgb_shap_list_ir_4,xgb_shap_list_ir_4_subset_150,BMI,localMax_BMI,0.66833556,0.869167,0.2666729
494,xgb_shap_list_ir_4,xgb_shap_list_ir_4_subset_150,DiabetesPedigreeFunction,localMax_DiabetesPedigreeFunction,0.34502572,0.5053133,0.66560084
495,xgb_shap_list_ir_4,xgb_shap_list_ir_4_subset_150,Age,localMax_Age,0.29387343,0.121178985,0.4665678
496,xgb_shap_list_ir_1,xgb_shap_list_ir_1_subset_152,Pregnancies,localMax_Pregnancies,0.7113631,0.6342506,-0.36821216
497,xgb_shap_list_ir_1,xgb_shap_list_ir_1_subset_152,Glucose,localMax_Glucose,1.0915405,1.3596467,0.55532825
498,xgb_shap_list_ir_1,xgb_shap_list_ir_1_subset_152,BloodPressure,localMax_BloodPressure,0.004205823,0.9480506,0.8132156
499,xgb_shap_list_ir_1,xgb_shap_list_ir_1_subset_152,SkinThickness,localMax_SkinThickness,0.19547698,0.16642517,0.07926968
500,xgb_shap_list_ir_1,xgb_shap_list_ir_1_subset_152,Insulin,localMax_Insulin,-0.02235037,0.26475298,0.32217366
501,xgb_shap_list_ir_1,xgb_shap_list_ir_1_subset_152,BMI,localMax_BMI,0.5237621,1.0414197,1.3002485
502,xgb_shap_list_ir_1,xgb_shap_list_ir_1_subset_152,DiabetesPedigreeFunction,localMax_DiabetesPedigreeFunction,0.46906698,0.16129917,0.54600894
503,xgb_shap_list_ir_1,xgb_shap_list_ir_1_subset_152,Age,localMax_Age,1.0489049,0.8331537,-0.4613533
504,xgb_shap_list_ir_3,xgb_shap_list_ir_3_subset_151,Pregnancies,localMax_Pregnancies,0.2604996,0.41660208,0.10439712
505,xgb_shap_list_ir_3,xgb_shap_list_ir_3_subset_151,Glucose,localMax_Glucose,0.38300943,0.7551079,1.8714037
506,xgb_shap_list_ir_3,xgb_shap_list_ir_3_subset_151,BloodPressure,localMax_BloodPressure,0.11543852,-0.021391183,0.2522682
507,xgb_shap_list_ir_3,xgb_shap_list_ir_3_subset_151,SkinThickness,localMax_SkinThickness,0.04250443,0.23699558,0.13975
508,xgb_shap_list_ir_3,xgb_shap_list_ir_3_subset_151,Insulin,localMax_Insulin,0.02281487,0.10748944,0.19216397
509,xgb_shap_list_ir_3,xgb_shap_list_ir_3_subset_151,BMI,localMax_BMI,0.1056633,0.36241436,-0.407839
510,xgb_shap_list_ir_3,xgb_shap_list_ir_3_subset_151,DiabetesPedigreeFunction,localMax_DiabetesPedigreeFunction,0.43328977,0.6099592,0.2566204
511,xgb_shap_list_ir_3,xgb_shap_list_ir_3_subset_151,Age,localMax_Age,0.009580225,-0.1507839,0.16994435
512,xgb_shap_list_ir_1,xgb_shap_list_ir_1_subset_30,Pregnancies,localMax_Pregnancies,1.1084968,-0.2808053,0.9695666
513,xgb_shap_list_ir_1,xgb_shap_list_ir_1_subset_30,Glucose,localMax_Glucose,0.41996163,0.52450967,0.31541365
514,xgb_shap_list_ir_1,xgb_shap_list_ir_1_subset_30,BloodPressure,localMax_BloodPressure,0.51091856,0.3744319,0.23794526
515,xgb_shap_list_ir_1,xgb_shap_list_ir_1_subset_30,SkinThickness,localMax_SkinThickness,0.59466976,0.74272114,0.66869545
516,xgb_shap_list_ir_1,xgb_shap_list_ir_1_subset_30,Insulin,localMax_Insulin,0.0052889287,0.10730755,0.073301345
517,xgb_shap_list_ir_1,xgb_shap_list_ir_1_subset_30,BMI,localMax_BMI,0.8828492,0.038256943,0.7139307
518,xgb_shap_list_ir_1,xgb_shap_list_ir_1_subset_30,DiabetesPedigreeFunction,localMax_DiabetesPedigreeFunction,0.87522435,0.7465089,1.0039399
519,xgb_shap_list_ir_1,xgb_shap_list_ir_1_subset_30,Age,localMax_Age,1.2726896,1.0700469,1.4753323
520,xgb_shap_list_ir_5,xgb_shap_list_ir_5_subset_93,Pregnancies,localMax_Pregnancies,0.32881534,0.46104866,0.593282
521,xgb_shap_list_ir_5,xgb_shap_list_ir_5_subset_93,Glucose,localMax_Glucose,0.52198076,0.9368601,1.7666183
522,xgb_shap_list_ir_5,xgb_shap_list_ir_5_subset_93,BloodPressure,localMax_BloodPressure,0.10380927,0.2062858,0.00133273
523,xgb_shap_list_ir_5,xgb_shap_list_ir_5_subset_93,SkinThickness,localMax_SkinThickness,0.05415255,0.13987356,0.22559455
524,xgb_shap_list_ir_5,xgb_shap_list_ir_5_subset_93,Insulin,localMax_Insulin,-0.072208375,-0.18178394,0.037367195
525,xgb_shap_list_ir_5,xgb_shap_list_ir_5_subset_93,BMI,localMax_BMI,0.15177363,-0.27498668,0.578534
526,xgb_shap_list_ir_5,xgb_shap_list_ir_5_subset_93,DiabetesPedigreeFunction,localMax_DiabetesPedigreeFunction,0.42496753,0.16269004,0.687245
527,xgb_shap_list_ir_5,xgb_shap_list_ir_5_subset_93,Age,localMax_Age,0.0688777,0.2264871,0.38409656
528,xgb_shap_list_ir_3,xgb_shap_list_ir_3_subset_136,Pregnancies,localMax_Pregnancies,0.15781558,0.85883963,1.0925142
529,xgb_shap_list_ir_3,xgb_shap_list_ir_3_subset_136,Glucose,localMax_Glucose,0.18607056,0.52903354,0.8719965
530,xgb_shap_list_ir_3,xgb_shap_list_ir_3_subset_136,BloodPressure,localMax_BloodPressure,0.18391627,0.2702909,0.09754166
531,xgb_shap_list_ir_3,xgb_shap_list_ir_3_subset_136,SkinThickness,localMax_SkinThickness,0.27808177,0.39178526,0.16437823
532,xgb_shap_list_ir_3,xgb_shap_list_ir_3_subset_136,Insulin,localMax_Insulin,0.13708949,0.003652811,-0.12978387
533,xgb_shap_list_ir_3,xgb_shap_list_ir_3_subset_136,BMI,localMax_BMI,0.054419577,1.045613,0.2526583
534,xgb_shap_list_ir_3,xgb_shap_list_ir_3_subset_136,DiabetesPedigreeFunction,localMax_DiabetesPedigreeFunction,0.5988805,0.7963222,0.40143883
535,xgb_shap_list_ir_3,xgb_shap_list_ir_3_subset_136,Age,localMax_Age,0.050403595,-0.10830441,0.20911157
536,xgb_shap_list_ir_2,xgb_shap_list_ir_2_subset_16,Pregnancies,localMax_Pregnancies,0.14994085,0.3408829,0.24541187
537,xgb_shap_list_ir_2,xgb_shap_list_ir_2_subset_16,Glucose,localMax_Glucose,0.78340816,0.36943102,1.611362
538,xgb_shap_list_ir_2,xgb_shap_list_ir_2_subset_16,BloodPressure,localMax_BloodPressure,0.0004962683,0.21725541,0.43401456
539,xgb_shap_list_ir_2,xgb_shap_list_ir_2_subset_16,SkinThickness,localMax_SkinThickness,0.09813732,0.47864133,0.3835153
540,xgb_shap_list_ir_2,xgb_shap_list_ir_2_subset_16,Insulin,localMax_Insulin,-0.14975515,-0.33977026,-0.24476272
541,xgb_shap_list_ir_2,xgb_shap_list_ir_2_subset_16,BMI,localMax_BMI,-0.06300628,0.20392877,-0.32994133
542,xgb_shap_list_ir_2,xgb_shap_list_ir_2_subset_16,DiabetesPedigreeFunction,localMax_DiabetesPedigreeFunction,0.71772444,0.8541731,0.5812758
543,xgb_shap_list_ir_2,xgb_shap_list_ir_2_subset_16,Age,localMax_Age,0.73525554,0.8479106,-0.2786401
544,xgb_shap_list_ir_2,xgb_shap_list_ir_2_subset_66,Pregnancies,localMax_Pregnancies,1.621335,1.4042476,0.10172349
545,xgb_shap_list_ir_2,xgb_shap_list_ir_2_subset_66,Glucose,localMax_Glucose,1.7941139,1.4958078,2.0924199
546,xgb_shap_list_ir_2,xgb_shap_list_ir_2_subset_66,BloodPressure,localMax_BloodPressure,0.30940056,0.08159912,-0.07026851
547,xgb_shap_list_ir_2,xgb_shap_list_ir_2_subset_66,SkinThickness,localMax_SkinThickness,-0.112629116,0.56541723,0.46855348
548,xgb_shap_list_ir_2,xgb_shap_list_ir_2_subset_66,Insulin,localMax_Insulin,0.069136485,-0.119189546,0.21038103
549,xgb_shap_list_ir_2,xgb_shap_list_ir_2_subset_66,BMI,localMax_BMI,0.53700364,-0.0122436285,0.20745528
550,xgb_shap_list_ir_2,xgb_shap_list_ir_2_subset_66,DiabetesPedigreeFunction,localMax_DiabetesPedigreeFunction,0.5920795,0.86176026,0.32239866
551,xgb_shap_list_ir_2,xgb_shap_list_ir_2_subset_66,Age,localMax_Age,0.37044126,0.26082182,0.4800607
552,xgb_shap_list_ir_1,xgb_shap_list_ir_1_subset_60,Pregnancies,localMax_Pregnancies,0.4703895,0.6887069,0.25207222
553,xgb_shap_list_ir_1,xgb_shap_list_ir_1_subset_60,Glucose,localMax_Glucose,1.734652,2.0276556,1.4416487
554,xgb_shap_list_ir_1,xgb_shap_list_ir_1_subset_60,BloodPressure,localMax_BloodPressure,0.23259589,0.15255493,0.31263685
555,xgb_shap_list_ir_1,xgb_shap_list_ir_1_subset_60,SkinThickness,localMax_SkinThickness,0.34634203,0.59946996,0.26196605
556,xgb_shap_list_ir_1,xgb_shap_list_ir_1_subset_60,Insulin,localMax_Insulin,-0.21154936,0.0715189,-0.30590546
557,xgb_shap_list_ir_1,xgb_shap_list_ir_1_subset_60,BMI,localMax_BMI,0.49588943,0.653128,0.81036663
558,xgb_shap_list_ir_1,xgb_shap_list_ir_1_subset_60,DiabetesPedigreeFunction,localMax_DiabetesPedigreeFunction,0.67710507,0.5003685,0.32363194
559,xgb_shap_list_ir_1,xgb_shap_list_ir_1_subset_60,Age,localMax_Age,-0.29396966,-0.06896344,-0.18146655
560,xgb_shap_list_ir_5,xgb_shap_list_ir_5_subset_92,Pregnancies,localMax_Pregnancies,0.414585,0.5639466,0.26522332
561,xgb_shap_list_ir_5,xgb_shap_list_ir_5_subset_92,Glucose,localMax_Glucose,1.1678276,1.5102086,0.8254465
562,xgb_shap_list_ir_5,xgb_shap_list_ir_5_subset_92,BloodPressure,localMax_BloodPressure,0.3121583,0.17297816,0.03379804
563,xgb_shap_list_ir_5,xgb_shap_list_ir_5_subset_92,SkinThickness,localMax_SkinThickness,0.13381293,0.2232543,0.044371575
564,xgb_shap_list_ir_5,xgb_shap_list_ir_5_subset_92,Insulin,localMax_Insulin,0.12357354,0.32055783,-0.07341075
565,xgb_shap_list_ir_5,xgb_shap_list_ir_5_subset_92,BMI,localMax_BMI,0.37055588,-0.38843083,-0.13543528
566,xgb_shap_list_ir_5,xgb_shap_list_ir_5_subset_92,DiabetesPedigreeFunction,localMax_DiabetesPedigreeFunction,0.22428882,0.3922159,0.056361794
567,xgb_shap_list_ir_5,xgb_shap_list_ir_5_subset_92,Age,localMax_Age,0.813004,0.968438,1.123872
568,xgb_shap_list_ir_4,xgb_shap_list_ir_4_subset_91,Pregnancies,localMax_Pregnancies,0.1594238,0.27819186,0.39695996
569,xgb_shap_list_ir_4,xgb_shap_list_ir_4_subset_91,Glucose,localMax_Glucose,1.8555603,0.52546465,2.1880841
570,xgb_shap_list_ir_4,xgb_shap_list_ir_4_subset_91,BloodPressure,localMax_BloodPressure,-0.1397677,-0.0052725077,0.12922269
571,xgb_shap_list_ir_4,xgb_shap_list_ir_4_subset_91,SkinThickness,localMax_SkinThickness,0.17859295,0.3475114,0.094133705
572,xgb_shap_list_ir_4,xgb_shap_list_ir_4_subset_91,Insulin,localMax_Insulin,-0.038463503,0.04991892,-0.12684596
573,xgb_shap_list_ir_4,xgb_shap_list_ir_4_subset_91,BMI,localMax_BMI,1.2465441,-0.267539,1.0783126
574,xgb_shap_list_ir_4,xgb_shap_list_ir_4_subset_91,DiabetesPedigreeFunction,localMax_DiabetesPedigreeFunction,0.52115357,0.832008,0.6765808
575,xgb_shap_list_ir_4,xgb_shap_list_ir_4_subset_91,Age,localMax_Age,0.879971,0.13316584,0.28252685
576,xgb_shap_list_ir_3,xgb_shap_list_ir_3_subset_31,Pregnancies,localMax_Pregnancies,0.40654206,0.24196905,0.571115
577,xgb_shap_list_ir_3,xgb_shap_list_ir_3_subset_31,Glucose,localMax_Glucose,0.7435608,1.94592,2.3467064
578,xgb_shap_list_ir_3,xgb_shap_list_ir_3_subset_31,BloodPressure,localMax_BloodPressure,0.119075805,0.03825161,0.2807242
579,xgb_shap_list_ir_3,xgb_shap_list_ir_3_subset_31,SkinThickness,localMax_SkinThickness,0.30597633,0.214481,0.39747167
580,xgb_shap_list_ir_3,xgb_shap_list_ir_3_subset_31,Insulin,localMax_Insulin,-0.34718186,-0.49619934,0.8449582
581,xgb_shap_list_ir_3,xgb_shap_list_ir_3_subset_31,BMI,localMax_BMI,0.49698824,0.2826811,-0.14593318
582,xgb_shap_list_ir_3,xgb_shap_list_ir_3_subset_31,DiabetesPedigreeFunction,localMax_DiabetesPedigreeFunction,-0.13027164,0.41812122,0.0068266094
583,xgb_shap_list_ir_3,xgb_shap_list_ir_3_subset_31,Age,localMax_Age,0.4500808,0.6273528,0.2728088
584,xgb_shap_list_ir_5,xgb_shap_list_ir_5_subset_135,Pregnancies,localMax_Pregnancies,0.8176068,0.1910448,-0.05958
585,xgb_shap_list_ir_5,xgb_shap_list_ir_5_subset_135,Glucose,localMax_Glucose,0.5076463,0.91605735,1.7328799
586,xgb_shap_list_ir_5,xgb_shap_list_ir_5_subset_135,BloodPressure,localMax_BloodPressure,0.26733238,0.06990141,0.46476328
587,xgb_shap_list_ir_5,xgb_shap_list_ir_5_subset_135,SkinThickness,localMax_SkinThickness,0.17874789,0.32609105,0.4734342
588,xgb_shap_list_ir_5,xgb_shap_list_ir_5_subset_135,Insulin,localMax_Insulin,0.2463826,0.12538427,0.36738086
589,xgb_shap_list_ir_5,xgb_shap_list_ir_5_subset_135,BMI,localMax_BMI,0.18728763,-0.05891049,1.1720803
590,xgb_shap_list_ir_5,xgb_shap_list_ir_5_subset_135,DiabetesPedigreeFunction,localMax_DiabetesPedigreeFunction,0.57105815,0.34105396,0.11104971
591,xgb_shap_list_ir_5,xgb_shap_list_ir_5_subset_135,Age,localMax_Age,1.6293579,-0.16410631,-0.38828933
592,xgb_shap_list_ir_4,xgb_shap_list_ir_4_subset_151,Pregnancies,localMax_Pregnancies,0.42184567,0.31422144,0.5294699
593,xgb_shap_list_ir_4,xgb_shap_list_ir_4_subset_151,Glucose,localMax_Glucose,2.080005,1.6773996,0.0669781
594,xgb_shap_list_ir_4,xgb_shap_list_ir_4_subset_151,BloodPressure,localMax_BloodPressure,0.3709166,0.3008101,0.23070356
595,xgb_shap_list_ir_4,xgb_shap_list_ir_4_subset_151,SkinThickness,localMax_SkinThickness,0.21885109,0.3387332,0.45861536
596,xgb_shap_list_ir_4,xgb_shap_list_ir_4_subset_151,Insulin,localMax_Insulin,0.1238704,-0.010335952,0.25807673
597,xgb_shap_list_ir_4,xgb_shap_list_ir_4_subset_151,BMI,localMax_BMI,0.40769577,-0.30375695,-0.066606045
598,xgb_shap_list_ir_4,xgb_shap_list_ir_4_subset_151,DiabetesPedigreeFunction,localMax_DiabetesPedigreeFunction,0.4264362,0.60114574,0.7758554
599,xgb_shap_list_ir_4,xgb_shap_list_ir_4_subset_151,Age,localMax_Age,0.19621044,0.39359516,0.98574936
600,xgb_shap_list_ir_1,xgb_shap_list_ir_1_subset_49,Pregnancies,localMax_Pregnancies,-0.011005104,-0.06999786,-0.12899062
601,xgb_shap_list_ir_1,xgb_shap_list_ir_1_subset_49,Glucose,localMax_Glucose,2.3108149,2.0559006,1.8009863
602,xgb_shap_list_ir_1,xgb_shap_list_ir_1_subset_49,BloodPressure,localMax_BloodPressure,-0.20903856,-0.08303851,-0.3350386
603,xgb_shap_list_ir_1,xgb_shap_list_ir_1_subset_49,SkinThickness,localMax_SkinThickness,0.34945357,0.26763332,0.1858131
604,xgb_shap_list_ir_1,xgb_shap_list_ir_1_subset_49,Insulin,localMax_Insulin,-0.44567502,-0.30039227,0.2807387
605,xgb_shap_list_ir_1,xgb_shap_list_ir_1_subset_49,BMI,localMax_BMI,0.758767,0.58677745,0.93075657
606,xgb_shap_list_ir_1,xgb_shap_list_ir_1_subset_49,DiabetesPedigreeFunction,localMax_DiabetesPedigreeFunction,0.6957256,-0.043756396,0.81897265
607,xgb_shap_list_ir_1,xgb_shap_list_ir_1_subset_49,Age,localMax_Age,0.89487827,0.70993733,0.5249964
608,xgb_shap_list_ir_2,xgb_shap_list_ir_2_subset_90,Pregnancies,localMax_Pregnancies,0.879454,0.6704136,0.4613731
609,xgb_shap_list_ir_2,xgb_shap_list_ir_2_subset_90,Glucose,localMax_Glucose,0.74318266,1.4746556,1.1089191
610,xgb_shap_list_ir_2,xgb_shap_list_ir_2_subset_90,BloodPressure,localMax_BloodPressure,0.36341995,0.52773005,0.19910985
611,xgb_shap_list_ir_2,xgb_shap_list_ir_2_subset_90,SkinThickness,localMax_SkinThickness,0.08256063,0.03688261,-0.00879541
612,xgb_shap_list_ir_2,xgb_shap_list_ir_2_subset_90,Insulin,localMax_Insulin,-0.2685969,-0.16789444,-0.06719199
613,xgb_shap_list_ir_2,xgb_shap_list_ir_2_subset_90,BMI,localMax_BMI,-0.1010074,0.4654371,0.08780742
614,xgb_shap_list_ir_2,xgb_shap_list_ir_2_subset_90,DiabetesPedigreeFunction,localMax_DiabetesPedigreeFunction,0.5593,0.42113298,0.973801
615,xgb_shap_list_ir_2,xgb_shap_list_ir_2_subset_90,Age,localMax_Age,0.39721107,0.31764045,0.23806986
616,xgb_shap_list_ir_4,xgb_shap_list_ir_4_subset_130,Pregnancies,localMax_Pregnancies,0.8125224,0.25043905,0.39095986
617,xgb_shap_list_ir_4,xgb_shap_list_ir_4_subset_130,Glucose,localMax_Glucose,0.8736863,1.2589357,0.48843718
618,xgb_shap_list_ir_4,xgb_shap_list_ir_4_subset_130,BloodPressure,localMax_BloodPressure,0.054431975,-0.14946395,0.2583279
619,xgb_shap_list_ir_4,xgb_shap_list_ir_4_subset_130,SkinThickness,localMax_SkinThickness,0.1435172,0.0663386,-0.010839984
620,xgb_shap_list_ir_4,xgb_shap_list_ir_4_subset_130,Insulin,localMax_Insulin,0.05999887,0.17179015,-0.051792413
621,xgb_shap_list_ir_4,xgb_shap_list_ir_4_subset_130,BMI,localMax_BMI,1.8136431,-0.13149738,-0.37463993
622,xgb_shap_list_ir_4,xgb_shap_list_ir_4_subset_130,DiabetesPedigreeFunction,localMax_DiabetesPedigreeFunction,0.7778367,0.58815813,0.20880091
623,xgb_shap_list_ir_4,xgb_shap_list_ir_4_subset_130,Age,localMax_Age,0.10072449,0.20394728,-0.0024983287
624,xgb_shap_list_ir_5,xgb_shap_list_ir_5_subset_10,Pregnancies,localMax_Pregnancies,0.17529917,0.0906595,0.2599388
625,xgb_shap_list_ir_5,xgb_shap_list_ir_5_subset_10,Glucose,localMax_Glucose,1.7324569,1.3667407,1.0010247
626,xgb_shap_list_ir_5,xgb_shap_list_ir_5_subset_10,BloodPressure,localMax_BloodPressure,0.30740744,0.14893001,0.46588486
627,xgb_shap_list_ir_5,xgb_shap_list_ir_5_subset_10,SkinThickness,localMax_SkinThickness,0.18323976,0.26814425,0.098335266
628,xgb_shap_list_ir_5,xgb_shap_list_ir_5_subset_10,Insulin,localMax_Insulin,-0.14852965,0.007439971,0.16340959
629,xgb_shap_list_ir_5,xgb_shap_list_ir_5_subset_10,BMI,localMax_BMI,0.27962124,-0.19808757,0.51847565
630,xgb_shap_list_ir_5,xgb_shap_list_ir_5_subset_10,DiabetesPedigreeFunction,localMax_DiabetesPedigreeFunction,0.7281513,0.55465835,0.38116533
631,xgb_shap_list_ir_5,xgb_shap_list_ir_5_subset_10,Age,localMax_Age,0.7989961,0.9830302,0.614962
632,xgb_shap_list_ir_2,xgb_shap_list_ir_2_subset_141,Pregnancies,localMax_Pregnancies,0.45443004,0.9728551,1.1456634
633,xgb_shap_list_ir_2,xgb_shap_list_ir_2_subset_141,Glucose,localMax_Glucose,2.0799346,2.515778,-0.099282265
634,xgb_shap_list_ir_2,xgb_shap_list_ir_2_subset_141,BloodPressure,localMax_BloodPressure,-0.03660339,0.42958367,0.31303686
635,xgb_shap_list_ir_2,xgb_shap_list_ir_2_subset_141,SkinThickness,localMax_SkinThickness,0.42297757,0.29295832,0.032919884
636,xgb_shap_list_ir_2,xgb_shap_list_ir_2_subset_141,Insulin,localMax_Insulin,-0.22018284,-0.123600096,0.16614804
637,xgb_shap_list_ir_2,xgb_shap_list_ir_2_subset_141,BMI,localMax_BMI,1.020218,0.7581377,1.2822983
638,xgb_shap_list_ir_2,xgb_shap_list_ir_2_subset_141,DiabetesPedigreeFunction,localMax_DiabetesPedigreeFunction,0.5595386,0.41854638,0.841523
639,xgb_shap_list_ir_2,xgb_shap_list_ir_2_subset_141,Age,localMax_Age,-0.24510947,-0.1168457,-0.37337324
640,xgb_shap_list_ir_4,xgb_shap_list_ir_4_subset_128,Pregnancies,localMax_Pregnancies,0.25051397,0.3841231,0.116904855
641,xgb_shap_list_ir_4,xgb_shap_list_ir_4_subset_128,Glucose,localMax_Glucose,2.3770273,0.3691821,2.0423865
642,xgb_shap_list_ir_4,xgb_shap_list_ir_4_subset_128,BloodPressure,localMax_BloodPressure,0.32469964,0.5640745,0.44438708
643,xgb_shap_list_ir_4,xgb_shap_list_ir_4_subset_128,SkinThickness,localMax_SkinThickness,0.119595766,0.04210508,0.19708648
644,xgb_shap_list_ir_4,xgb_shap_list_ir_4_subset_128,Insulin,localMax_Insulin,-0.18102887,0.33610368,-0.051745743
645,xgb_shap_list_ir_4,xgb_shap_list_ir_4_subset_128,BMI,localMax_BMI,-0.14838803,-0.4872769,1.2071674
646,xgb_shap_list_ir_4,xgb_shap_list_ir_4_subset_128,DiabetesPedigreeFunction,localMax_DiabetesPedigreeFunction,0.015305281,0.17478561,0.49374628
647,xgb_shap_list_ir_4,xgb_shap_list_ir_4_subset_128,Age,localMax_Age,0.31023932,0.44931763,0.5883959
648,xgb_shap_list_ir_2,xgb_shap_list_ir_2_subset_116,Pregnancies,localMax_Pregnancies,0.08631742,0.02716139,0.20462945
649,xgb_shap_list_ir_2,xgb_shap_list_ir_2_subset_116,Glucose,localMax_Glucose,0.5637262,0.16964948,1.3518796
650,xgb_shap_list_ir_2,xgb_shap_list_ir_2_subset_116,BloodPressure,localMax_BloodPressure,-0.46607378,-0.3389048,0.29694003
651,xgb_shap_list_ir_2,xgb_shap_list_ir_2_subset_116,SkinThickness,localMax_SkinThickness,0.18206039,0.11864278,0.24547797
652,xgb_shap_list_ir_2,xgb_shap_list_ir_2_subset_116,Insulin,localMax_Insulin,0.0025405884,-0.13448644,0.9617295
653,xgb_shap_list_ir_2,xgb_shap_list_ir_2_subset_116,BMI,localMax_BMI,-0.24952683,-0.4904807,1.9190581
654,xgb_shap_list_ir_2,xgb_shap_list_ir_2_subset_116,DiabetesPedigreeFunction,localMax_DiabetesPedigreeFunction,1.1286526,-0.09667975,1.3328747
655,xgb_shap_list_ir_2,xgb_shap_list_ir_2_subset_116,Age,localMax_Age,0.4514017,0.6905494,0.21225405
656,xgb_shap_list_ir_5,xgb_shap_list_ir_5_subset_90,Pregnancies,localMax_Pregnancies,0.611763,0.30299062,0.76614916
657,xgb_shap_list_ir_5,xgb_shap_list_ir_5_subset_90,Glucose,localMax_Glucose,0.593344,0.9762552,0.21043265
658,xgb_shap_list_ir_5,xgb_shap_list_ir_5_subset_90,BloodPressure,localMax_BloodPressure,0.31332016,0.14802575,-0.017268658
659,xgb_shap_list_ir_5,xgb_shap_list_ir_5_subset_90,SkinThickness,localMax_SkinThickness,0.120180845,0.39928746,0.21321636
660,xgb_shap_list_ir_5,xgb_shap_list_ir_5_subset_90,Insulin,localMax_Insulin,0.16755769,-0.028873354,0.069342166
661,xgb_shap_list_ir_5,xgb_shap_list_ir_5_subset_90,BMI,localMax_BMI,-0.1258567,0.14546025,-0.39717358
662,xgb_shap_list_ir_5,xgb_shap_list_ir_5_subset_90,DiabetesPedigreeFunction,localMax_DiabetesPedigreeFunction,0.3643341,0.03558445,0.52870893
663,xgb_shap_list_ir_5,xgb_shap_list_ir_5_subset_90,Age,localMax_Age,0.6699549,0.95620763,0.09744966
664,xgb_shap_list_ir_3,xgb_shap_list_ir_3_subset_26,Pregnancies,localMax_Pregnancies,0.24918395,0.05934137,0.43902653
665,xgb_shap_list_ir_3,xgb_shap_list_ir_3_subset_26,Glucose,localMax_Glucose,0.570328,1.4356472,1.0029876
666,xgb_shap_list_ir_3,xgb_shap_list_ir_3_subset_26,BloodPressure,localMax_BloodPressure,0.85523474,0.4304775,0.6428561
667,xgb_shap_list_ir_3,xgb_shap_list_ir_3_subset_26,SkinThickness,localMax_SkinThickness,0.18259168,0.28427875,-0.122469544
668,xgb_shap_list_ir_3,xgb_shap_list_ir_3_subset_26,Insulin,localMax_Insulin,0.14985669,0.03538683,0.2643265
669,xgb_shap_list_ir_3,xgb_shap_list_ir_3_subset_26,BMI,localMax_BMI,0.6672932,0.098531544,1.2360549
670,xgb_shap_list_ir_3,xgb_shap_list_ir_3_subset_26,DiabetesPedigreeFunction,localMax_DiabetesPedigreeFunction,0.7035445,0.8809025,0.5261864
671,xgb_shap_list_ir_3,xgb_shap_list_ir_3_subset_26,Age,localMax_Age,0.24272323,0.37501204,0.6395897
672,xgb_shap_list_ir_4,xgb_shap_list_ir_4_subset_82,Pregnancies,localMax_Pregnancies,0.19750375,0.2911188,0.10388866
673,xgb_shap_list_ir_4,xgb_shap_list_ir_4_subset_82,Glucose,localMax_Glucose,0.59515965,0.24834526,1.2887883
674,xgb_shap_list_ir_4,xgb_shap_list_ir_4_subset_82,BloodPressure,localMax_BloodPressure,0.0056343675,0.12895983,-0.11769113
675,xgb_shap_list_ir_4,xgb_shap_list_ir_4_subset_82,SkinThickness,localMax_SkinThickness,0.11438948,0.20455858,-0.24628691
676,xgb_shap_list_ir_4,xgb_shap_list_ir_4_subset_82,Insulin,localMax_Insulin,-0.10798475,0.016005993,-0.23197547
677,xgb_shap_list_ir_4,xgb_shap_list_ir_4_subset_82,BMI,localMax_BMI,-0.1354183,0.17861676,0.4926517
678,xgb_shap_list_ir_4,xgb_shap_list_ir_4_subset_82,DiabetesPedigreeFunction,localMax_DiabetesPedigreeFunction,0.4162568,0.7121251,0.12038839
679,xgb_shap_list_ir_4,xgb_shap_list_ir_4_subset_82,Age,localMax_Age,0.007918239,0.26296824,-0.24713174
680,xgb_shap_list_ir_2,xgb_shap_list_ir_2_subset_129,Pregnancies,localMax_Pregnancies,0.15087825,0.063935935,0.23782057
681,xgb_shap_list_ir_2,xgb_shap_list_ir_2_subset_129,Glucose,localMax_Glucose,1.0793935,0.75274825,1.4060388
682,xgb_shap_list_ir_2,xgb_shap_list_ir_2_subset_129,BloodPressure,localMax_BloodPressure,0.07241994,0.9718205,0.71484894
683,xgb_shap_list_ir_2,xgb_shap_list_ir_2_subset_129,SkinThickness,localMax_SkinThickness,0.03202805,0.15808305,0.09505555
684,xgb_shap_list_ir_2,xgb_shap_list_ir_2_subset_129,Insulin,localMax_Insulin,-0.012367129,0.053378463,-0.07811274
685,xgb_shap_list_ir_2,xgb_shap_list_ir_2_subset_129,BMI,localMax_BMI,0.26857036,0.9285565,0.43356687
686,xgb_shap_list_ir_2,xgb_shap_list_ir_2_subset_129,DiabetesPedigreeFunction,localMax_DiabetesPedigreeFunction,0.99705076,0.3327186,0.5541626
687,xgb_shap_list_ir_2,xgb_shap_list_ir_2_subset_129,Age,localMax_Age,0.90303516,1.1087734,1.7259878
688,xgb_shap_list_ir_4,xgb_shap_list_ir_4_subset_132,Pregnancies,localMax_Pregnancies,0.13647288,0.20195761,0.07098815
689,xgb_shap_list_ir_4,xgb_shap_list_ir_4_subset_132,Glucose,localMax_Glucose,1.4197216,1.0376225,1.801821
690,xgb_shap_list_ir_4,xgb_shap_list_ir_4_subset_132,BloodPressure,localMax_BloodPressure,-0.031689227,-0.122799456,0.15053123
691,xgb_shap_list_ir_4,xgb_shap_list_ir_4_subset_132,SkinThickness,localMax_SkinThickness,0.32517904,0.22653899,0.42381912
692,xgb_shap_list_ir_4,xgb_shap_list_ir_4_subset_132,Insulin,localMax_Insulin,-0.12946695,0.3198508,-0.21933049
693,xgb_shap_list_ir_4,xgb_shap_list_ir_4_subset_132,BMI,localMax_BMI,0.7273984,0.06563091,-0.15495825
694,xgb_shap_list_ir_4,xgb_shap_list_ir_4_subset_132,DiabetesPedigreeFunction,localMax_DiabetesPedigreeFunction,0.6387968,0.40887928,0.86871445
695,xgb_shap_list_ir_4,xgb_shap_list_ir_4_subset_132,Age,localMax_Age,-0.7074494,2.427461,-0.18496436
696,xgb_shap_list_ir_5,xgb_shap_list_ir_5_subset_143,Pregnancies,localMax_Pregnancies,0.1359312,0.24063021,0.031232148
697,xgb_shap_list_ir_5,xgb_shap_list_ir_5_subset_143,Glucose,localMax_Glucose,1.49158,1.8844738,1.0986862
698,xgb_shap_list_ir_5,xgb_shap_list_ir_5_subset_143,BloodPressure,localMax_BloodPressure,0.25809455,0.60156935,-0.2571177
699,xgb_shap_list_ir_5,xgb_shap_list_ir_5_subset_143,SkinThickness,localMax_SkinThickness,0.10388464,0.1843949,0.023374379
700,xgb_shap_list_ir_5,xgb_shap_list_ir_5_subset_143,Insulin,localMax_Insulin,-0.18167968,-0.07098654,-0.29237282
701,xgb_shap_list_ir_5,xgb_shap_list_ir_5_subset_143,BMI,localMax_BMI,-0.20436257,0.03392595,-0.44265103
702,xgb_shap_list_ir_5,xgb_shap_list_ir_5_subset_143,DiabetesPedigreeFunction,localMax_DiabetesPedigreeFunction,0.24967432,0.95069635,0.7754409
703,xgb_shap_list_ir_5,xgb_shap_list_ir_5_subset_143,Age,localMax_Age,0.378098,0.59834075,0.8185835
704,xgb_shap_list_ir_3,xgb_shap_list_ir_3_subset_57,Pregnancies,localMax_Pregnancies,1.024916,1.175713,0.87411916
705,xgb_shap_list_ir_3,xgb_shap_list_ir_3_subset_57,Glucose,localMax_Glucose,0.31949723,2.7803764,-0.09064925
706,xgb_shap_list_ir_3,xgb_shap_list_ir_3_subset_57,BloodPressure,localMax_BloodPressure,-0.24607751,-0.14252567,-0.34962934
707,xgb_shap_list_ir_3,xgb_shap_list_ir_3_subset_57,SkinThickness,localMax_SkinThickness,0.27081168,0.16788304,0.37374038
708,xgb_shap_list_ir_3,xgb_shap_list_ir_3_subset_57,Insulin,localMax_Insulin,-0.09306732,-0.19240808,0.0062734485
709,xgb_shap_list_ir_3,xgb_shap_list_ir_3_subset_57,BMI,localMax_BMI,0.27958155,0.5746559,-0.015492916
710,xgb_shap_list_ir_3,xgb_shap_list_ir_3_subset_57,DiabetesPedigreeFunction,localMax_DiabetesPedigreeFunction,0.1468302,0.00048720837,0.2931732
711,xgb_shap_list_ir_3,xgb_shap_list_ir_3_subset_57,Age,localMax_Age,0.92055786,1.1207557,-0.0804317
712,xgb_shap_list_ir_3,xgb_shap_list_ir_3_subset_95,Pregnancies,localMax_Pregnancies,0.54617655,0.38880187,0.7035512
713,xgb_shap_list_ir_3,xgb_shap_list_ir_3_subset_95,Glucose,localMax_Glucose,2.6947908,3.0565963,-0.19965136
714,xgb_shap_list_ir_3,xgb_shap_list_ir_3_subset_95,BloodPressure,localMax_BloodPressure,-0.14245254,-0.035442263,0.17857826
715,xgb_shap_list_ir_3,xgb_shap_list_ir_3_subset_95,SkinThickness,localMax_SkinThickness,0.2567765,0.34655923,0.07721108
716,xgb_shap_list_ir_3,xgb_shap_list_ir_3_subset_95,Insulin,localMax_Insulin,0.07190907,0.23758203,0.15474555
717,xgb_shap_list_ir_3,xgb_shap_list_ir_3_subset_95,BMI,localMax_BMI,0.2219963,0.0004749298,1.1080817
718,xgb_shap_list_ir_3,xgb_shap_list_ir_3_subset_95,DiabetesPedigreeFunction,localMax_DiabetesPedigreeFunction,0.05418378,0.25800174,0.66563773
719,xgb_shap_list_ir_3,xgb_shap_list_ir_3_subset_95,Age,localMax_Age,0.8332188,0.6741261,0.9923115
720,xgb_shap_list_ir_5,xgb_shap_list_ir_5_subset_31,Pregnancies,localMax_Pregnancies,0.44794172,0.27803284,0.61785066
721,xgb_shap_list_ir_5,xgb_shap_list_ir_5_subset_31,Glucose,localMax_Glucose,2.4408092,0.8450532,0.44611406
722,xgb_shap_list_ir_5,xgb_shap_list_ir_5_subset_31,BloodPressure,localMax_BloodPressure,0.35576868,0.20319527,0.050621867
723,xgb_shap_list_ir_5,xgb_shap_list_ir_5_subset_31,SkinThickness,localMax_SkinThickness,0.23850802,0.14772722,0.32928884
724,xgb_shap_list_ir_5,xgb_shap_list_ir_5_subset_31,Insulin,localMax_Insulin,0.22067362,0.06867498,0.3726722
725,xgb_shap_list_ir_5,xgb_shap_list_ir_5_subset_31,BMI,localMax_BMI,0.23614287,0.060025454,0.41226023
726,xgb_shap_list_ir_5,xgb_shap_list_ir_5_subset_31,DiabetesPedigreeFunction,localMax_DiabetesPedigreeFunction,0.9166087,0.20216167,0.44031072
727,xgb_shap_list_ir_5,xgb_shap_list_ir_5_subset_31,Age,localMax_Age,0.95679295,0.81907386,-0.42039815
728,xgb_shap_list_ir_5,xgb_shap_list_ir_5_subset_20,Pregnancies,localMax_Pregnancies,0.1455431,0.23027322,0.3150033
729,xgb_shap_list_ir_5,xgb_shap_list_ir_5_subset_20,Glucose,localMax_Glucose,0.85837924,1.210208,1.562037
730,xgb_shap_list_ir_5,xgb_shap_list_ir_5_subset_20,BloodPressure,localMax_BloodPressure,0.26005286,0.036138743,0.14809579
731,xgb_shap_list_ir_5,xgb_shap_list_ir_5_subset_20,SkinThickness,localMax_SkinThickness,0.06456809,0.008840993,0.12029517
732,xgb_shap_list_ir_5,xgb_shap_list_ir_5_subset_20,Insulin,localMax_Insulin,-0.07316691,-0.19112486,-0.3090828
733,xgb_shap_list_ir_5,xgb_shap_list_ir_5_subset_20,BMI,localMax_BMI,0.78570294,0.48619425,0.18668556
734,xgb_shap_list_ir_5,xgb_shap_list_ir_5_subset_20,DiabetesPedigreeFunction,localMax_DiabetesPedigreeFunction,0.4929964,0.36759,0.24218363
735,xgb_shap_list_ir_5,xgb_shap_list_ir_5_subset_20,Age,localMax_Age,0.7174023,0.23295337,0.39443636
736,xgb_shap_list_ir_1,xgb_shap_list_ir_1_subset_89,Pregnancies,localMax_Pregnancies,0.11777681,0.16352853,0.026273325
737,xgb_shap_list_ir_1,xgb_shap_list_ir_1_subset_89,Glucose,localMax_Glucose,1.5548943,1.3243263,1.0937582
738,xgb_shap_list_ir_1,xgb_shap_list_ir_1_subset_89,BloodPressure,localMax_BloodPressure,0.5750206,0.9340876,0.21595353
739,xgb_shap_list_ir_1,xgb_shap_list_ir_1_subset_89,SkinThickness,localMax_SkinThickness,0.17658336,0.14467451,0.080856785
740,xgb_shap_list_ir_1,xgb_shap_list_ir_1_subset_89,Insulin,localMax_Insulin,0.1299077,0.18087694,0.078938454
741,xgb_shap_list_ir_1,xgb_shap_list_ir_1_subset_89,BMI,localMax_BMI,0.36487132,0.73899305,0.6142858
742,xgb_shap_list_ir_1,xgb_shap_list_ir_1_subset_89,DiabetesPedigreeFunction,localMax_DiabetesPedigreeFunction,0.3282522,0.22222984,0.43427455
743,xgb_shap_list_ir_1,xgb_shap_list_ir_1_subset_89,Age,localMax_Age,1.285428,1.4786983,1.6719685
744,xgb_shap_list_ir_1,xgb_shap_list_ir_1_subset_42,Pregnancies,localMax_Pregnancies,1.1498369,0.9463564,0.74287593
745,xgb_shap_list_ir_1,xgb_shap_list_ir_1_subset_42,Glucose,localMax_Glucose,1.0492855,0.033603728,1.4555582
746,xgb_shap_list_ir_1,xgb_shap_list_ir_1_subset_42,BloodPressure,localMax_BloodPressure,-0.10013792,-0.03994903,-0.2205157
747,xgb_shap_list_ir_1,xgb_shap_list_ir_1_subset_42,SkinThickness,localMax_SkinThickness,0.2599251,0.06308961,0.18119091
748,xgb_shap_list_ir_1,xgb_shap_list_ir_1_subset_42,Insulin,localMax_Insulin,0.11533938,0.16145484,0.069223925
749,xgb_shap_list_ir_1,xgb_shap_list_ir_1_subset_42,BMI,localMax_BMI,0.9915329,0.5742872,-0.26020443
750,xgb_shap_list_ir_1,xgb_shap_list_ir_1_subset_42,DiabetesPedigreeFunction,localMax_DiabetesPedigreeFunction,0.4216658,0.6067486,0.7918315
751,xgb_shap_list_ir_1,xgb_shap_list_ir_1_subset_42,Age,localMax_Age,0.1234898,0.012894928,0.23408467
752,xgb_shap_list_ir_1,xgb_shap_list_ir_1_subset_61,Pregnancies,localMax_Pregnancies,-0.002197504,0.45745796,0.3808487
753,xgb_shap_list_ir_1,xgb_shap_list_ir_1_subset_61,Glucose,localMax_Glucose,0.5798505,0.3861819,0.4830162
754,xgb_shap_list_ir_1,xgb_shap_list_ir_1_subset_61,BloodPressure,localMax_BloodPressure,0.19306651,0.35944647,0.44263643
755,xgb_shap_list_ir_1,xgb_shap_list_ir_1_subset_61,SkinThickness,localMax_SkinThickness,0.7233104,-0.51101184,0.8604573
756,xgb_shap_list_ir_1,xgb_shap_list_ir_1_subset_61,Insulin,localMax_Insulin,0.2001473,0.27754527,0.045351326
757,xgb_shap_list_ir_1,xgb_shap_list_ir_1_subset_61,BMI,localMax_BMI,0.6341801,0.9096912,0.49642456
758,xgb_shap_list_ir_1,xgb_shap_list_ir_1_subset_61,DiabetesPedigreeFunction,localMax_DiabetesPedigreeFunction,0.888337,1.0954391,1.3025411
759,xgb_shap_list_ir_1,xgb_shap_list_ir_1_subset_61,Age,localMax_Age,0.39719945,0.53614444,0.2582544
760,xgb_shap_list_ir_5,xgb_shap_list_ir_5_subset_39,Pregnancies,localMax_Pregnancies,0.30053127,0.17313552,0.42792696
761,xgb_shap_list_ir_5,xgb_shap_list_ir_5_subset_39,Glucose,localMax_Glucose,1.3007188,1.6578047,2.3719766
762,xgb_shap_list_ir_5,xgb_shap_list_ir_5_subset_39,BloodPressure,localMax_BloodPressure,0.22739595,0.0548473,0.3999446
763,xgb_shap_list_ir_5,xgb_shap_list_ir_5_subset_39,SkinThickness,localMax_SkinThickness,0.3269201,0.19763774,0.4562024
764,xgb_shap_list_ir_5,xgb_shap_list_ir_5_subset_39,Insulin,localMax_Insulin,-0.06975722,0.1321519,0.33406103
765,xgb_shap_list_ir_5,xgb_shap_list_ir_5_subset_39,BMI,localMax_BMI,0.08593249,0.32627255,0.5666126
766,xgb_shap_list_ir_5,xgb_shap_list_ir_5_subset_39,DiabetesPedigreeFunction,localMax_DiabetesPedigreeFunction,0.4419452,0.22487032,0.007795453
767,xgb_shap_list_ir_5,xgb_shap_list_ir_5_subset_39,Age,localMax_Age,1.1718347,1.3568568,0.9868127
768,xgb_shap_list_ir_3,xgb_shap_list_ir_3_subset_30,Pregnancies,localMax_Pregnancies,0.27572048,0.398481,0.15296
769,xgb_shap_list_ir_3,xgb_shap_list_ir_3_subset_30,Glucose,localMax_Glucose,1.7879701,0.40879536,1.5121351
770,xgb_shap_list_ir_3,xgb_shap_list_ir_3_subset_30,BloodPressure,localMax_BloodPressure,0.28837228,0.15732145,0.5504739
771,xgb_shap_list_ir_3,xgb_shap_list_ir_3_subset_30,SkinThickness,localMax_SkinThickness,0.13942069,0.07400504,0.20483634
772,xgb_shap_list_ir_3,xgb_shap_list_ir_3_subset_30,Insulin,localMax_Insulin,-0.040695176,-0.09502621,0.176629
773,xgb_shap_list_ir_3,xgb_shap_list_ir_3_subset_30,BMI,localMax_BMI,0.8139131,0.34855688,0.11587882
774,xgb_shap_list_ir_3,xgb_shap_list_ir_3_subset_30,DiabetesPedigreeFunction,localMax_DiabetesPedigreeFunction,1.1685969,0.96478283,0.5571548
775,xgb_shap_list_ir_3,xgb_shap_list_ir_3_subset_30,Age,localMax_Age,-0.39199543,1.4521872,0.299573
776,xgb_shap_list_ir_4,xgb_shap_list_ir_4_subset_96,Pregnancies,localMax_Pregnancies,0.14507711,0.22390816,0.06624606
777,xgb_shap_list_ir_4,xgb_shap_list_ir_4_subset_96,Glucose,localMax_Glucose,1.0755932,0.5725403,1.5786462
778,xgb_shap_list_ir_4,xgb_shap_list_ir_4_subset_96,BloodPressure,localMax_BloodPressure,0.30411953,0.6114559,0.45778775
779,xgb_shap_list_ir_4,xgb_shap_list_ir_4_subset_96,SkinThickness,localMax_SkinThickness,0.14720157,0.050252795,0.24415037
780,xgb_shap_list_ir_4,xgb_shap_list_ir_4_subset_96,Insulin,localMax_Insulin,0.08944726,0.38614798,0.18834746
781,xgb_shap_list_ir_4,xgb_shap_list_ir_4_subset_96,BMI,localMax_BMI,0.14744198,1.3045394,-0.14183247
782,xgb_shap_list_ir_4,xgb_shap_list_ir_4_subset_96,DiabetesPedigreeFunction,localMax_DiabetesPedigreeFunction,0.2821196,0.4213311,0.14290813
783,xgb_shap_list_ir_4,xgb_shap_list_ir_4_subset_96,Age,localMax_Age,1.5932351,1.7985904,-0.049607515
784,xgb_shap_list_ir_2,xgb_shap_list_ir_2_subset_85,Pregnancies,localMax_Pregnancies,0.44539857,0.21809375,0.6727034
785,xgb_shap_list_ir_2,xgb_shap_list_ir_2_subset_85,Glucose,localMax_Glucose,2.265427,1.9613311,1.6572353
786,xgb_shap_list_ir_2,xgb_shap_list_ir_2_subset_85,BloodPressure,localMax_BloodPressure,-0.13620993,-0.24281293,-0.029606938
787,xgb_shap_list_ir_2,xgb_shap_list_ir_2_subset_85,SkinThickness,localMax_SkinThickness,0.07212119,-0.030976087,0.12366982
788,xgb_shap_list_ir_2,xgb_shap_list_ir_2_subset_85,Insulin,localMax_Insulin,-0.018571109,0.23368523,0.023471624
789,xgb_shap_list_ir_2,xgb_shap_list_ir_2_subset_85,BMI,localMax_BMI,0.5423341,0.767939,0.99354386
790,xgb_shap_list_ir_2,xgb_shap_list_ir_2_subset_85,DiabetesPedigreeFunction,localMax_DiabetesPedigreeFunction,0.2492643,0.3933376,0.10519093
791,xgb_shap_list_ir_2,xgb_shap_list_ir_2_subset_85,Age,localMax_Age,-0.0746547,0.9789517,0.8472509
792,xgb_shap_list_ir_2,xgb_shap_list_ir_2_subset_68,Pregnancies,localMax_Pregnancies,0.18883234,0.30937815,0.0682866
793,xgb_shap_list_ir_2,xgb_shap_list_ir_2_subset_68,Glucose,localMax_Glucose,1.9761875,1.5784624,2.3739126
794,xgb_shap_list_ir_2,xgb_shap_list_ir_2_subset_68,BloodPressure,localMax_BloodPressure,0.32270646,0.19634485,-0.056378245
795,xgb_shap_list_ir_2,xgb_shap_list_ir_2_subset_68,SkinThickness,localMax_SkinThickness,0.08211896,-0.009282827,0.036418065
796,xgb_shap_list_ir_2,xgb_shap_list_ir_2_subset_68,Insulin,localMax_Insulin,0.046804547,-0.022708774,0.11631787
797,xgb_shap_list_ir_2,xgb_shap_list_ir_2_subset_68,BMI,localMax_BMI,-0.3759492,1.3677208,-0.15799046
798,xgb_shap_list_ir_2,xgb_shap_list_ir_2_subset_68,DiabetesPedigreeFunction,localMax_DiabetesPedigreeFunction,0.966071,0.7568016,0.12899321
799,xgb_shap_list_ir_2,xgb_shap_list_ir_2_subset_68,Age,localMax_Age,1.2270838,1.4606507,1.6942174
800,xgb_shap_list_ir_1,xgb_shap_list_ir_1_subset_103,Pregnancies,localMax_Pregnancies,0.3802327,0.5914395,0.4858361
801,xgb_shap_list_ir_1,xgb_shap_list_ir_1_subset_103,Glucose,localMax_Glucose,1.1303675,-0.18929356,0.39722246
802,xgb_shap_list_ir_1,xgb_shap_list_ir_1_subset_103,BloodPressure,localMax_BloodPressure,0.25629056,0.38097638,-0.24245265
803,xgb_shap_list_ir_1,xgb_shap_list_ir_1_subset_103,SkinThickness,localMax_SkinThickness,0.20794296,0.070379406,-0.11303866
804,xgb_shap_list_ir_1,xgb_shap_list_ir_1_subset_103,Insulin,localMax_Insulin,-0.2588031,-0.14568225,0.30680117
805,xgb_shap_list_ir_1,xgb_shap_list_ir_1_subset_103,BMI,localMax_BMI,0.40219247,0.5726962,0.23168886
806,xgb_shap_list_ir_1,xgb_shap_list_ir_1_subset_103,DiabetesPedigreeFunction,localMax_DiabetesPedigreeFunction,1.2417682,1.6489742,1.4453712
807,xgb_shap_list_ir_1,xgb_shap_list_ir_1_subset_103,Age,localMax_Age,0.8402978,0.1583274,1.0107905
808,xgb_shap_list_ir_2,xgb_shap_list_ir_2_subset_51,Pregnancies,localMax_Pregnancies,-0.12250468,0.044092655,-0.6222967
809,xgb_shap_list_ir_2,xgb_shap_list_ir_2_subset_51,Glucose,localMax_Glucose,1.7350726,2.0560834,1.4140618
810,xgb_shap_list_ir_2,xgb_shap_list_ir_2_subset_51,BloodPressure,localMax_BloodPressure,0.24060398,-0.013892919,0.49510086
811,xgb_shap_list_ir_2,xgb_shap_list_ir_2_subset_51,SkinThickness,localMax_SkinThickness,0.984472,1.0967093,0.87223464
812,xgb_shap_list_ir_2,xgb_shap_list_ir_2_subset_51,Insulin,localMax_Insulin,0.12245697,0.0479286,0.4205705
813,xgb_shap_list_ir_2,xgb_shap_list_ir_2_subset_51,BMI,localMax_BMI,0.13706821,-0.06229967,1.3332757
814,xgb_shap_list_ir_2,xgb_shap_list_ir_2_subset_51,DiabetesPedigreeFunction,localMax_DiabetesPedigreeFunction,0.1865958,-0.15283692,0.69574505
815,xgb_shap_list_ir_2,xgb_shap_list_ir_2_subset_51,Age,localMax_Age,0.16846651,-5.954504e-05,1.0110968
816,xgb_shap_list_ir_4,xgb_shap_list_ir_4_subset_135,Pregnancies,localMax_Pregnancies,0.33755887,0.44728863,0.22782904
817,xgb_shap_list_ir_4,xgb_shap_list_ir_4_subset_135,Glucose,localMax_Glucose,2.3627226,2.014112,0.9682797
818,xgb_shap_list_ir_4,xgb_shap_list_ir_4_subset_135,BloodPressure,localMax_BloodPressure,0.12813526,0.36507827,0.00966379
819,xgb_shap_list_ir_4,xgb_shap_list_ir_4_subset_135,SkinThickness,localMax_SkinThickness,0.0543195,0.20150363,-0.09286466
820,xgb_shap_list_ir_4,xgb_shap_list_ir_4_subset_135,Insulin,localMax_Insulin,-0.09907293,-0.010335118,0.3446161
821,xgb_shap_list_ir_4,xgb_shap_list_ir_4_subset_135,BMI,localMax_BMI,0.066275716,0.33485973,2.2149475
822,xgb_shap_list_ir_4,xgb_shap_list_ir_4_subset_135,DiabetesPedigreeFunction,localMax_DiabetesPedigreeFunction,0.3242284,0.49659884,0.15185791
823,xgb_shap_list_ir_4,xgb_shap_list_ir_4_subset_135,Age,localMax_Age,0.9575223,1.1273735,0.7876711
824,xgb_shap_list_ir_5,xgb_shap_list_ir_5_subset_125,Pregnancies,localMax_Pregnancies,0.36629367,0.20697647,0.5256109
825,xgb_shap_list_ir_5,xgb_shap_list_ir_5_subset_125,Glucose,localMax_Glucose,1.047041,1.3959397,2.4426363
826,xgb_shap_list_ir_5,xgb_shap_list_ir_5_subset_125,BloodPressure,localMax_BloodPressure,-0.21312106,0.061903924,0.4286039
827,xgb_shap_list_ir_5,xgb_shap_list_ir_5_subset_125,SkinThickness,localMax_SkinThickness,0.23354408,-0.03606388,0.32341337
828,xgb_shap_list_ir_5,xgb_shap_list_ir_5_subset_125,Insulin,localMax_Insulin,-0.0057957172,-0.1407116,0.398952
829,xgb_shap_list_ir_5,xgb_shap_list_ir_5_subset_125,BMI,localMax_BMI,0.35124004,0.6182662,0.08421385
830,xgb_shap_list_ir_5,xgb_shap_list_ir_5_subset_125,DiabetesPedigreeFunction,localMax_DiabetesPedigreeFunction,0.31027997,0.1389677,-0.03234452
831,xgb_shap_list_ir_5,xgb_shap_list_ir_5_subset_125,Age,localMax_Age,0.31091875,-0.23051351,1.0328286
832,xgb_shap_list_ir_1,xgb_shap_list_ir_1_subset_54,Pregnancies,localMax_Pregnancies,1.4518934,1.2833896,1.6203973
833,xgb_shap_list_ir_1,xgb_shap_list_ir_1_subset_54,Glucose,localMax_Glucose,0.55243015,1.1677017,0.86006594
834,xgb_shap_list_ir_1,xgb_shap_list_ir_1_subset_54,BloodPressure,localMax_BloodPressure,0.004087746,0.097427905,0.28410816
835,xgb_shap_list_ir_1,xgb_shap_list_ir_1_subset_54,SkinThickness,localMax_SkinThickness,0.17331675,-0.06591675,0.013827741
836,xgb_shap_list_ir_1,xgb_shap_list_ir_1_subset_54,Insulin,localMax_Insulin,-0.06268273,-0.09871383,-0.026651636
837,xgb_shap_list_ir_1,xgb_shap_list_ir_1_subset_54,BMI,localMax_BMI,0.7523992,0.38356638,0.19914985
838,xgb_shap_list_ir_1,xgb_shap_list_ir_1_subset_54,DiabetesPedigreeFunction,localMax_DiabetesPedigreeFunction,0.13119549,0.8544497,0.2758463
839,xgb_shap_list_ir_1,xgb_shap_list_ir_1_subset_54,Age,localMax_Age,-0.17346625,-0.09068848,-0.256244
840,xgb_shap_list_ir_1,xgb_shap_list_ir_1_subset_48,Pregnancies,localMax_Pregnancies,0.21771872,-0.44772375,0.14378065
841,xgb_shap_list_ir_1,xgb_shap_list_ir_1_subset_48,Glucose,localMax_Glucose,1.4324474,1.1185243,1.7463703
842,xgb_shap_list_ir_1,xgb_shap_list_ir_1_subset_48,BloodPressure,localMax_BloodPressure,-0.0024086982,-0.034844972,0.030027568
843,xgb_shap_list_ir_1,xgb_shap_list_ir_1_subset_48,SkinThickness,localMax_SkinThickness,0.5780618,-0.05665624,0.64858603
844,xgb_shap_list_ir_1,xgb_shap_list_ir_1_subset_48,Insulin,localMax_Insulin,0.5473212,0.35675716,0.73788536
845,xgb_shap_list_ir_1,xgb_shap_list_ir_1_subset_48,BMI,localMax_BMI,0.32759875,0.93306816,0.024864078
846,xgb_shap_list_ir_1,xgb_shap_list_ir_1_subset_48,DiabetesPedigreeFunction,localMax_DiabetesPedigreeFunction,0.84514713,1.103704,-0.18908024
847,xgb_shap_list_ir_1,xgb_shap_list_ir_1_subset_48,Age,localMax_Age,0.6245407,0.7676003,0.9106598
848,xgb_shap_list_ir_5,xgb_shap_list_ir_5_subset_105,Pregnancies,localMax_Pregnancies,0.091510326,0.3832773,0.28602162
849,xgb_shap_list_ir_5,xgb_shap_list_ir_5_subset_105,Glucose,localMax_Glucose,2.6912935,2.3359132,0.91439176
850,xgb_shap_list_ir_5,xgb_shap_list_ir_5_subset_105,BloodPressure,localMax_BloodPressure,0.327627,0.054335356,0.19098115
851,xgb_shap_list_ir_5,xgb_shap_list_ir_5_subset_105,SkinThickness,localMax_SkinThickness,0.22668865,0.30878282,0.14459452
852,xgb_shap_list_ir_5,xgb_shap_list_ir_5_subset_105,Insulin,localMax_Insulin,-0.20457539,0.078739345,0.36205405
853,xgb_shap_list_ir_5,xgb_shap_list_ir_5_subset_105,BMI,localMax_BMI,1.4982959,0.38295054,1.2752268
854,xgb_shap_list_ir_5,xgb_shap_list_ir_5_subset_105,DiabetesPedigreeFunction,localMax_DiabetesPedigreeFunction,0.24995297,0.6643601,0.3880887
855,xgb_shap_list_ir_5,xgb_shap_list_ir_5_subset_105,Age,localMax_Age,0.40661067,0.57513696,0.7436633
856,xgb_shap_list_ir_3,xgb_shap_list_ir_3_subset_144,Pregnancies,localMax_Pregnancies,0.38953578,0.61767554,0.16139615
857,xgb_shap_list_ir_3,xgb_shap_list_ir_3_subset_144,Glucose,localMax_Glucose,0.49118876,0.16576588,1.4674575
858,xgb_shap_list_ir_3,xgb_shap_list_ir_3_subset_144,BloodPressure,localMax_BloodPressure,0.10076788,0.19600701,0.005528778
859,xgb_shap_list_ir_3,xgb_shap_list_ir_3_subset_144,SkinThickness,localMax_SkinThickness,0.031063735,-0.10607928,0.16820669
860,xgb_shap_list_ir_3,xgb_shap_list_ir_3_subset_144,Insulin,localMax_Insulin,-0.009737194,-0.12002532,0.4314153
861,xgb_shap_list_ir_3,xgb_shap_list_ir_3_subset_144,BMI,localMax_BMI,-0.2205416,1.6647851,0.015124261
862,xgb_shap_list_ir_3,xgb_shap_list_ir_3_subset_144,DiabetesPedigreeFunction,localMax_DiabetesPedigreeFunction,0.5922291,0.7481293,0.28042877
863,xgb_shap_list_ir_3,xgb_shap_list_ir_3_subset_144,Age,localMax_Age,0.068544626,0.20568049,-0.06859121
864,xgb_shap_list_ir_4,xgb_shap_list_ir_4_subset_149,Pregnancies,localMax_Pregnancies,0.37536508,0.20639199,0.5443381
865,xgb_shap_list_ir_4,xgb_shap_list_ir_4_subset_149,Glucose,localMax_Glucose,0.5440997,1.6945596,0.9275862
866,xgb_shap_list_ir_4,xgb_shap_list_ir_4_subset_149,BloodPressure,localMax_BloodPressure,0.1820665,0.08060458,-0.020857364
867,xgb_shap_list_ir_4,xgb_shap_list_ir_4_subset_149,SkinThickness,localMax_SkinThickness,0.42496473,0.34136903,-0.16020516
868,xgb_shap_list_ir_4,xgb_shap_list_ir_4_subset_149,Insulin,localMax_Insulin,0.23103684,0.056509018,0.58009255
869,xgb_shap_list_ir_4,xgb_shap_list_ir_4_subset_149,BMI,localMax_BMI,-0.17940462,0.17736626,0.53413725
870,xgb_shap_list_ir_4,xgb_shap_list_ir_4_subset_149,DiabetesPedigreeFunction,localMax_DiabetesPedigreeFunction,0.6906053,0.50710607,0.8741045
871,xgb_shap_list_ir_4,xgb_shap_list_ir_4_subset_149,Age,localMax_Age,0.39607972,0.25772202,0.5344374
872,xgb_shap_list_ir_5,xgb_shap_list_ir_5_subset_133,Pregnancies,localMax_Pregnancies,0.20969525,0.15120447,0.268186
873,xgb_shap_list_ir_5,xgb_shap_list_ir_5_subset_133,Glucose,localMax_Glucose,1.9833024,1.566925,1.1505477
874,xgb_shap_list_ir_5,xgb_shap_list_ir_5_subset_133,BloodPressure,localMax_BloodPressure,0.08480698,-0.065416396,0.23503035
875,xgb_shap_list_ir_5,xgb_shap_list_ir_5_subset_133,SkinThickness,localMax_SkinThickness,0.2735366,0.042634994,0.3505038
876,xgb_shap_list_ir_5,xgb_shap_list_ir_5_subset_133,Insulin,localMax_Insulin,0.06688872,-0.054587603,0.18836504
877,xgb_shap_list_ir_5,xgb_shap_list_ir_5_subset_133,BMI,localMax_BMI,0.08859056,-0.1507951,0.32797623
878,xgb_shap_list_ir_5,xgb_shap_list_ir_5_subset_133,DiabetesPedigreeFunction,localMax_DiabetesPedigreeFunction,0.71846956,0.8845216,0.5524176
879,xgb_shap_list_ir_5,xgb_shap_list_ir_5_subset_133,Age,localMax_Age,1.0882748,1.2973025,0.8792472
880,xgb_shap_list_ir_5,xgb_shap_list_ir_5_subset_36,Pregnancies,localMax_Pregnancies,0.93569255,0.7805791,0.6254657
881,xgb_shap_list_ir_5,xgb_shap_list_ir_5_subset_36,Glucose,localMax_Glucose,1.3778021,2.3304126,1.695339
882,xgb_shap_list_ir_5,xgb_shap_list_ir_5_subset_36,BloodPressure,localMax_BloodPressure,-0.3737927,0.44910115,-0.20921394
883,xgb_shap_list_ir_5,xgb_shap_list_ir_5_subset_36,SkinThickness,localMax_SkinThickness,0.06695664,0.18172777,-0.04781452
884,xgb_shap_list_ir_5,xgb_shap_list_ir_5_subset_36,Insulin,localMax_Insulin,-0.091798484,0.026805341,0.264013
885,xgb_shap_list_ir_5,xgb_shap_list_ir_5_subset_36,BMI,localMax_BMI,-0.13372666,-0.36695594,1.7321076
886,xgb_shap_list_ir_5,xgb_shap_list_ir_5_subset_36,DiabetesPedigreeFunction,localMax_DiabetesPedigreeFunction,0.74292326,0.5365486,-0.08257544
887,xgb_shap_list_ir_5,xgb_shap_list_ir_5_subset_36,Age,localMax_Age,0.61726665,0.78439283,0.45014048
888,xgb_shap_list_ir_4,xgb_shap_list_ir_4_subset_76,Pregnancies,localMax_Pregnancies,0.18518618,0.08010167,0.027559415
889,xgb_shap_list_ir_4,xgb_shap_list_ir_4_subset_76,Glucose,localMax_Glucose,0.79828596,0.367154,1.2294178
890,xgb_shap_list_ir_4,xgb_shap_list_ir_4_subset_76,BloodPressure,localMax_BloodPressure,0.27070153,0.19053149,0.35087156
891,xgb_shap_list_ir_4,xgb_shap_list_ir_4_subset_76,SkinThickness,localMax_SkinThickness,0.14219236,0.06835413,0.21603057
892,xgb_shap_list_ir_4,xgb_shap_list_ir_4_subset_76,Insulin,localMax_Insulin,0.18471032,0.044960916,-0.09478852
893,xgb_shap_list_ir_4,xgb_shap_list_ir_4_subset_76,BMI,localMax_BMI,0.23481053,0.017241836,0.45237923
894,xgb_shap_list_ir_4,xgb_shap_list_ir_4_subset_76,DiabetesPedigreeFunction,localMax_DiabetesPedigreeFunction,0.5675339,0.7399708,0.39509708
895,xgb_shap_list_ir_4,xgb_shap_list_ir_4_subset_76,Age,localMax_Age,-0.24713582,0.15981346,1.1771868
896,xgb_shap_list_ir_1,xgb_shap_list_ir_1_subset_8,Pregnancies,localMax_Pregnancies,0.8505331,0.9804878,-0.18910468
897,xgb_shap_list_ir_1,xgb_shap_list_ir_1_subset_8,Glucose,localMax_Glucose,1.2108736,1.5585091,0.8632382
898,xgb_shap_list_ir_1,xgb_shap_list_ir_1_subset_8,BloodPressure,localMax_BloodPressure,0.22258464,0.30753836,-0.03227654
899,xgb_shap_list_ir_1,xgb_shap_list_ir_1_subset_8,SkinThickness,localMax_SkinThickness,0.05067967,-0.18930812,0.33066544
900,xgb_shap_list_ir_1,xgb_shap_list_ir_1_subset_8,Insulin,localMax_Insulin,0.21239808,0.13029444,0.29450172
901,xgb_shap_list_ir_1,xgb_shap_list_ir_1_subset_8,BMI,localMax_BMI,0.81119967,0.6440687,0.47693777
902,xgb_shap_list_ir_1,xgb_shap_list_ir_1_subset_8,DiabetesPedigreeFunction,localMax_DiabetesPedigreeFunction,0.25854456,0.15738142,0.3597077
903,xgb_shap_list_ir_1,xgb_shap_list_ir_1_subset_8,Age,localMax_Age,1.0028421,1.2354157,0.7702683
904,xgb_shap_list_ir_5,xgb_shap_list_ir_5_subset_95,Pregnancies,localMax_Pregnancies,0.44438988,0.23723811,0.65154165
905,xgb_shap_list_ir_5,xgb_shap_list_ir_5_subset_95,Glucose,localMax_Glucose,1.2332113,1.6338959,2.0345805
906,xgb_shap_list_ir_5,xgb_shap_list_ir_5_subset_95,BloodPressure,localMax_BloodPressure,0.33872968,0.17401564,0.09165859
907,xgb_shap_list_ir_5,xgb_shap_list_ir_5_subset_95,SkinThickness,localMax_SkinThickness,0.058446676,0.11885625,-0.0019628853
908,xgb_shap_list_ir_5,xgb_shap_list_ir_5_subset_95,Insulin,localMax_Insulin,0.20216367,0.10744849,0.01273334
909,xgb_shap_list_ir_5,xgb_shap_list_ir_5_subset_95,BMI,localMax_BMI,0.035257936,0.29111898,-0.22060311
910,xgb_shap_list_ir_5,xgb_shap_list_ir_5_subset_95,DiabetesPedigreeFunction,localMax_DiabetesPedigreeFunction,0.37276208,0.87158144,0.62217176
911,xgb_shap_list_ir_5,xgb_shap_list_ir_5_subset_95,Age,localMax_Age,0.17798847,0.337169,0.018807888
912,xgb_shap_list_ir_2,xgb_shap_list_ir_2_subset_72,Pregnancies,localMax_Pregnancies,0.9571161,0.7586268,1.1556056
913,xgb_shap_list_ir_2,xgb_shap_list_ir_2_subset_72,Glucose,localMax_Glucose,0.7593292,0.95515335,0.56350493
914,xgb_shap_list_ir_2,xgb_shap_list_ir_2_subset_72,BloodPressure,localMax_BloodPressure,0.051909536,0.31567895,-0.21185994
915,xgb_shap_list_ir_2,xgb_shap_list_ir_2_subset_72,SkinThickness,localMax_SkinThickness,0.27969974,0.19061431,0.3687852
916,xgb_shap_list_ir_2,xgb_shap_list_ir_2_subset_72,Insulin,localMax_Insulin,-0.3514783,0.76238513,0.6509988
917,xgb_shap_list_ir_2,xgb_shap_list_ir_2_subset_72,BMI,localMax_BMI,0.36629665,0.6044589,0.12813437
918,xgb_shap_list_ir_2,xgb_shap_list_ir_2_subset_72,DiabetesPedigreeFunction,localMax_DiabetesPedigreeFunction,0.3080504,0.48522425,0.6623981
919,xgb_shap_list_ir_2,xgb_shap_list_ir_2_subset_72,Age,localMax_Age,0.7223594,0.8534162,0.984473
920,xgb_shap_list_ir_4,xgb_shap_list_ir_4_subset_42,Pregnancies,localMax_Pregnancies,0.3472585,0.2576487,0.4368683
921,xgb_shap_list_ir_4,xgb_shap_list_ir_4_subset_42,Glucose,localMax_Glucose,0.9042592,2.4312782,0.5225043
922,xgb_shap_list_ir_4,xgb_shap_list_ir_4_subset_42,BloodPressure,localMax_BloodPressure,0.01831317,0.18981123,0.7043054
923,xgb_shap_list_ir_4,xgb_shap_list_ir_4_subset_42,SkinThickness,localMax_SkinThickness,0.30910027,0.5048379,0.11336261
924,xgb_shap_list_ir_4,xgb_shap_list_ir_4_subset_42,Insulin,localMax_Insulin,-0.15209985,0.18432581,0.016112983
925,xgb_shap_list_ir_4,xgb_shap_list_ir_4_subset_42,BMI,localMax_BMI,0.019671023,0.22197074,-0.18262863
926,xgb_shap_list_ir_4,xgb_shap_list_ir_4_subset_42,DiabetesPedigreeFunction,localMax_DiabetesPedigreeFunction,0.19365758,0.41371965,0.6337817
927,xgb_shap_list_ir_4,xgb_shap_list_ir_4_subset_42,Age,localMax_Age,0.6629998,0.79906374,0.52693594
928,xgb_shap_list_ir_4,xgb_shap_list_ir_4_subset_75,Pregnancies,localMax_Pregnancies,0.16341406,-0.017082036,0.3439101
929,xgb_shap_list_ir_4,xgb_shap_list_ir_4_subset_75,Glucose,localMax_Glucose,1.8644168,2.2279005,1.5009332
930,xgb_shap_list_ir_4,xgb_shap_list_ir_4_subset_75,BloodPressure,localMax_BloodPressure,0.1970411,0.3891198,0.10100168
931,xgb_shap_list_ir_4,xgb_shap_list_ir_4_subset_75,SkinThickness,localMax_SkinThickness,0.45216745,0.35871148,0.17179945
932,xgb_shap_list_ir_4,xgb_shap_list_ir_4_subset_75,Insulin,localMax_Insulin,0.0042201877,0.090188205,-0.08174783
933,xgb_shap_list_ir_4,xgb_shap_list_ir_4_subset_75,BMI,localMax_BMI,0.32257873,0.5229842,1.725417
934,xgb_shap_list_ir_4,xgb_shap_list_ir_4_subset_75,DiabetesPedigreeFunction,localMax_DiabetesPedigreeFunction,0.99624467,1.1997341,0.7927551
935,xgb_shap_list_ir_4,xgb_shap_list_ir_4_subset_75,Age,localMax_Age,0.09177941,0.55278605,-0.06188944
936,xgb_shap_list_ir_4,xgb_shap_list_ir_4_subset_31,Pregnancies,localMax_Pregnancies,0.6591185,0.42125958,0.7780479
937,xgb_shap_list_ir_4,xgb_shap_list_ir_4_subset_31,Glucose,localMax_Glucose,1.8943624,2.2341495,1.5545752
938,xgb_shap_list_ir_4,xgb_shap_list_ir_4_subset_31,BloodPressure,localMax_BloodPressure,0.19996285,0.3502848,0.049640834
939,xgb_shap_list_ir_4,xgb_shap_list_ir_4_subset_31,SkinThickness,localMax_SkinThickness,0.31760317,0.4144535,0.2207529
940,xgb_shap_list_ir_4,xgb_shap_list_ir_4_subset_31,Insulin,localMax_Insulin,-0.14672333,0.007863283,0.47162306
941,xgb_shap_list_ir_4,xgb_shap_list_ir_4_subset_31,BMI,localMax_BMI,0.23025912,1.2565697,1.4618318
942,xgb_shap_list_ir_4,xgb_shap_list_ir_4_subset_31,DiabetesPedigreeFunction,localMax_DiabetesPedigreeFunction,0.20036161,0.075381994,0.32534122
943,xgb_shap_list_ir_4,xgb_shap_list_ir_4_subset_31,Age,localMax_Age,0.9784024,1.1350684,0.038405657
944,xgb_shap_list_ir_2,xgb_shap_list_ir_2_subset_153,Pregnancies,localMax_Pregnancies,0.18433279,0.37684274,0.5693526
945,xgb_shap_list_ir_2,xgb_shap_list_ir_2_subset_153,Glucose,localMax_Glucose,1.5761178,1.978039,0.7722752
946,xgb_shap_list_ir_2,xgb_shap_list_ir_2_subset_153,BloodPressure,localMax_BloodPressure,0.29501754,0.48170018,0.3883589
947,xgb_shap_list_ir_2,xgb_shap_list_ir_2_subset_153,SkinThickness,localMax_SkinThickness,0.47986245,0.37065643,0.58906853
948,xgb_shap_list_ir_2,xgb_shap_list_ir_2_subset_153,Insulin,localMax_Insulin,-0.14776924,0.2810011,-0.25496185
949,xgb_shap_list_ir_2,xgb_shap_list_ir_2_subset_153,BMI,localMax_BMI,0.08147484,-0.1271069,0.29005665
950,xgb_shap_list_ir_2,xgb_shap_list_ir_2_subset_153,DiabetesPedigreeFunction,localMax_DiabetesPedigreeFunction,0.9798745,0.8053371,1.1544119
951,xgb_shap_list_ir_2,xgb_shap_list_ir_2_subset_153,Age,localMax_Age,0.56487507,0.6664929,0.05678612
952,xgb_shap_list_ir_4,xgb_shap_list_ir_4_subset_93,Pregnancies,localMax_Pregnancies,0.09268287,0.026120812,-0.10700326
953,xgb_shap_list_ir_4,xgb_shap_list_ir_4_subset_93,Glucose,localMax_Glucose,1.4875014,1.883712,1.0912905
954,xgb_shap_list_ir_4,xgb_shap_list_ir_4_subset_93,BloodPressure,localMax_BloodPressure,0.26267266,-0.012680918,0.40034944
955,xgb_shap_list_ir_4,xgb_shap_list_ir_4_subset_93,SkinThickness,localMax_SkinThickness,0.27580392,0.36972016,0.5575527
956,xgb_shap_list_ir_4,xgb_shap_list_ir_4_subset_93,Insulin,localMax_Insulin,-0.013953894,0.06351203,0.14097792
957,xgb_shap_list_ir_4,xgb_shap_list_ir_4_subset_93,BMI,localMax_BMI,0.5448078,0.032749534,-0.22327965
958,xgb_shap_list_ir_4,xgb_shap_list_ir_4_subset_93,DiabetesPedigreeFunction,localMax_DiabetesPedigreeFunction,0.2817452,0.43324643,0.5847477
959,xgb_shap_list_ir_4,xgb_shap_list_ir_4_subset_93,Age,localMax_Age,0.219221,-0.036891162,1.499782
960,xgb_shap_list_ir_4,xgb_shap_list_ir_4_subset_94,Pregnancies,localMax_Pregnancies,0.23646766,0.33814067,0.13479465
961,xgb_shap_list_ir_4,xgb_shap_list_ir_4_subset_94,Glucose,localMax_Glucose,0.87524724,1.2630086,0.48748577
962,xgb_shap_list_ir_4,xgb_shap_list_ir_4_subset_94,BloodPressure,localMax_BloodPressure,0.25227803,0.5725214,0.35902578
963,xgb_shap_list_ir_4,xgb_shap_list_ir_4_subset_94,SkinThickness,localMax_SkinThickness,0.4049557,0.3054734,0.10650882
964,xgb_shap_list_ir_4,xgb_shap_list_ir_4_subset_94,Insulin,localMax_Insulin,-0.09852901,0.32837266,0.18607211
965,xgb_shap_list_ir_4,xgb_shap_list_ir_4_subset_94,BMI,localMax_BMI,-0.1746049,0.27107942,0.048237264
966,xgb_shap_list_ir_4,xgb_shap_list_ir_4_subset_94,DiabetesPedigreeFunction,localMax_DiabetesPedigreeFunction,0.62908757,0.49632007,0.761855
967,xgb_shap_list_ir_4,xgb_shap_list_ir_4_subset_94,Age,localMax_Age,0.61054164,0.48481965,0.23337573
968,xgb_shap_list_ir_2,xgb_shap_list_ir_2_subset_98,Pregnancies,localMax_Pregnancies,0.29684383,0.13782328,0.45586443
969,xgb_shap_list_ir_2,xgb_shap_list_ir_2_subset_98,Glucose,localMax_Glucose,2.340913,0.20515323,0.5102618
970,xgb_shap_list_ir_2,xgb_shap_list_ir_2_subset_98,BloodPressure,localMax_BloodPressure,-0.1417591,0.09065503,0.013183653
971,xgb_shap_list_ir_2,xgb_shap_list_ir_2_subset_98,SkinThickness,localMax_SkinThickness,0.4425707,0.31793767,-0.30522737
972,xgb_shap_list_ir_2,xgb_shap_list_ir_2_subset_98,Insulin,localMax_Insulin,-0.02869603,0.05180189,0.13229981
973,xgb_shap_list_ir_2,xgb_shap_list_ir_2_subset_98,BMI,localMax_BMI,0.56692874,1.339204,0.052078605
974,xgb_shap_list_ir_2,xgb_shap_list_ir_2_subset_98,DiabetesPedigreeFunction,localMax_DiabetesPedigreeFunction,0.11041629,0.24170744,-0.28345716
975,xgb_shap_list_ir_2,xgb_shap_list_ir_2_subset_98,Age,localMax_Age,0.22416836,0.11316699,0.33516967
976,xgb_shap_list_ir_2,xgb_shap_list_ir_2_subset_109,Pregnancies,localMax_Pregnancies,0.2301569,0.41825736,0.5123076
977,xgb_shap_list_ir_2,xgb_shap_list_ir_2_subset_109,Glucose,localMax_Glucose,2.5580437,2.2653832,1.3874023
978,xgb_shap_list_ir_2,xgb_shap_list_ir_2_subset_109,BloodPressure,localMax_BloodPressure,0.430822,0.30440867,0.5572353
979,xgb_shap_list_ir_2,xgb_shap_list_ir_2_subset_109,SkinThickness,localMax_SkinThickness,0.6384086,0.5236009,0.40879315
980,xgb_shap_list_ir_2,xgb_shap_list_ir_2_subset_109,Insulin,localMax_Insulin,-0.24632338,-0.11897445,0.008374453
981,xgb_shap_list_ir_2,xgb_shap_list_ir_2_subset_109,BMI,localMax_BMI,0.35211796,0.57287264,0.79362726
982,xgb_shap_list_ir_2,xgb_shap_list_ir_2_subset_109,DiabetesPedigreeFunction,localMax_DiabetesPedigreeFunction,0.36054492,0.12567532,1.0651536
983,xgb_shap_list_ir_2,xgb_shap_list_ir_2_subset_109,Age,localMax_Age,0.4807809,0.3244486,-0.14454848
984,xgb_shap_list_ir_3,xgb_shap_list_ir_3_subset_58,Pregnancies,localMax_Pregnancies,0.8089716,0.6856146,0.5622576
985,xgb_shap_list_ir_3,xgb_shap_list_ir_3_subset_58,Glucose,localMax_Glucose,1.5982573,2.2910898,2.6375062
986,xgb_shap_list_ir_3,xgb_shap_list_ir_3_subset_58,BloodPressure,localMax_BloodPressure,-0.083569616,0.08934146,0.43516368
987,xgb_shap_list_ir_3,xgb_shap_list_ir_3_subset_58,SkinThickness,localMax_SkinThickness,0.3649636,0.264907,0.16485047
988,xgb_shap_list_ir_3,xgb_shap_list_ir_3_subset_58,Insulin,localMax_Insulin,-0.34701517,0.697236,-0.23098728
989,xgb_shap_list_ir_3,xgb_shap_list_ir_3_subset_58,BMI,localMax_BMI,1.2134718,0.90343523,0.28336227
990,xgb_shap_list_ir_3,xgb_shap_list_ir_3_subset_58,DiabetesPedigreeFunction,localMax_DiabetesPedigreeFunction,-0.13600177,0.076339245,-0.34834275
991,xgb_shap_list_ir_3,xgb_shap_list_ir_3_subset_58,Age,localMax_Age,0.31171805,0.22680396,0.05697584
992,xgb_shap_list_ir_3,xgb_shap_list_ir_3_subset_12,Pregnancies,localMax_Pregnancies,0.3111999,0.15435416,-0.0024915338
993,xgb_shap_list_ir_3,xgb_shap_list_ir_3_subset_12,Glucose,localMax_Glucose,2.2489126,-0.39922738,1.2558601
994,xgb_shap_list_ir_3,xgb_shap_list_ir_3_subset_12,BloodPressure,localMax_BloodPressure,0.19388622,0.044516444,-0.10485333
995,xgb_shap_list_ir_3,xgb_shap_list_ir_3_subset_12,SkinThickness,localMax_SkinThickness,0.31853804,0.14125869,0.22989836
996,xgb_shap_list_ir_3,xgb_shap_list_ir_3_subset_12,Insulin,localMax_Insulin,0.082090855,0.24952984,0.41696882
997,xgb_shap_list_ir_3,xgb_shap_list_ir_3_subset_12,BMI,localMax_BMI,-0.52269846,-0.2779491,-0.033199787
998,xgb_shap_list_ir_3,xgb_shap_list_ir_3_subset_12,DiabetesPedigreeFunction,localMax_DiabetesPedigreeFunction,0.35493535,0.572039,0.13783175
999,xgb_shap_list_ir_3,xgb_shap_list_ir_3_subset_12,Age,localMax_Age,0.05117309,-0.13116562,0.78052807
1000,xgb_shap_list_ir_3,xgb_shap_list_ir_3_subset_45,Pregnancies,localMax_Pregnancies,0.8894813,0.69926596,0.5090507
1001,xgb_shap_list_ir_3,xgb_shap_list_ir_3_subset_45,Glucose,localMax_Glucose,0.20863175,0.63724494,1.0658581
1002,xgb_shap_list_ir_3,xgb_shap_list_ir_3_subset_45,BloodPressure,localMax_BloodPressure,0.30820885,-0.13959292,0.12908813
1003,xgb_shap_list_ir_3,xgb_shap_list_ir_3_subset_45,SkinThickness,localMax_SkinThickness,0.55692124,0.4283616,-0.08587715
1004,xgb_shap_list_ir_3,xgb_shap_list_ir_3_subset_45,Insulin,localMax_Insulin,0.11672118,0.1978305,0.2789398
1005,xgb_shap_list_ir_3,xgb_shap_list_ir_3_subset_45,BMI,localMax_BMI,-0.30793792,1.1426655,-0.51516694
1006,xgb_shap_list_ir_3,xgb_shap_list_ir_3_subset_45,DiabetesPedigreeFunction,localMax_DiabetesPedigreeFunction,0.25420916,0.039470613,0.8984245
1007,xgb_shap_list_ir_3,xgb_shap_list_ir_3_subset_45,Age,localMax_Age,0.90993035,0.6971843,1.1226764
1008,xgb_shap_list_ir_4,xgb_shap_list_ir_4_subset_46,Pregnancies,localMax_Pregnancies,0.4252032,0.62529445,0.22511184
1009,xgb_shap_list_ir_4,xgb_shap_list_ir_4_subset_46,Glucose,localMax_Glucose,1.8359706,2.4209013,1.5435052
1010,xgb_shap_list_ir_4,xgb_shap_list_ir_4_subset_46,BloodPressure,localMax_BloodPressure,-0.43846616,-0.30278686,-0.57414544
1011,xgb_shap_list_ir_4,xgb_shap_list_ir_4_subset_46,SkinThickness,localMax_SkinThickness,0.16197056,0.27758628,0.393202
1012,xgb_shap_list_ir_4,xgb_shap_list_ir_4_subset_46,Insulin,localMax_Insulin,-0.09082377,0.02215755,-0.20380509
1013,xgb_shap_list_ir_4,xgb_shap_list_ir_4_subset_46,BMI,localMax_BMI,0.41550362,-0.15737301,0.12906533
1014,xgb_shap_list_ir_4,xgb_shap_list_ir_4_subset_46,DiabetesPedigreeFunction,localMax_DiabetesPedigreeFunction,0.4700765,0.30296856,0.13586065
1015,xgb_shap_list_ir_4,xgb_shap_list_ir_4_subset_46,Age,localMax_Age,1.1700381,0.6721046,0.9210713
1016,xgb_shap_list_ir_1,xgb_shap_list_ir_1_subset_120,Pregnancies,localMax_Pregnancies,0.17245421,0.24912396,0.095784426
1017,xgb_shap_list_ir_1,xgb_shap_list_ir_1_subset_120,Glucose,localMax_Glucose,1.7306972,1.3973987,1.0641004
1018,xgb_shap_list_ir_1,xgb_shap_list_ir_1_subset_120,BloodPressure,localMax_BloodPressure,0.48912567,0.5669917,0.4112596
1019,xgb_shap_list_ir_1,xgb_shap_list_ir_1_subset_120,SkinThickness,localMax_SkinThickness,0.36601716,0.4283157,0.3037186
1020,xgb_shap_list_ir_1,xgb_shap_list_ir_1_subset_120,Insulin,localMax_Insulin,0.0058605075,-0.27993,-0.37519348
1021,xgb_shap_list_ir_1,xgb_shap_list_ir_1_subset_120,BMI,localMax_BMI,0.9153472,1.1004299,1.2855126
1022,xgb_shap_list_ir_1,xgb_shap_list_ir_1_subset_120,DiabetesPedigreeFunction,localMax_DiabetesPedigreeFunction,0.7682409,0.22739422,0.36260587
1023,xgb_shap_list_ir_1,xgb_shap_list_ir_1_subset_120,Age,localMax_Age,0.1524477,0.31392026,-0.0090248585
1024,xgb_shap_list_ir_1,xgb_shap_list_ir_1_subset_95,Pregnancies,localMax_Pregnancies,0.13468352,0.027366579,0.4566344
1025,xgb_shap_list_ir_1,xgb_shap_list_ir_1_subset_95,Glucose,localMax_Glucose,1.9381182,1.6482289,-0.09110606
1026,xgb_shap_list_ir_1,xgb_shap_list_ir_1_subset_95,BloodPressure,localMax_BloodPressure,-0.13118836,-0.07752654,-0.18485022
1027,xgb_shap_list_ir_1,xgb_shap_list_ir_1_subset_95,SkinThickness,localMax_SkinThickness,0.48591858,0.57137805,0.4004591
1028,xgb_shap_list_ir_1,xgb_shap_list_ir_1_subset_95,Insulin,localMax_Insulin,-0.013728909,-0.034895606,0.17677136
1029,xgb_shap_list_ir_1,xgb_shap_list_ir_1_subset_95,BMI,localMax_BMI,0.67464733,0.876088,1.0775287
1030,xgb_shap_list_ir_1,xgb_shap_list_ir_1_subset_95,DiabetesPedigreeFunction,localMax_DiabetesPedigreeFunction,1.3116705,1.1311394,1.4922016
1031,xgb_shap_list_ir_1,xgb_shap_list_ir_1_subset_95,Age,localMax_Age,0.47817564,0.6394726,0.80076957
1032,xgb_shap_list_ir_2,xgb_shap_list_ir_2_subset_65,Pregnancies,localMax_Pregnancies,0.492598,0.27127266,0.38193536
1033,xgb_shap_list_ir_2,xgb_shap_list_ir_2_subset_65,Glucose,localMax_Glucose,0.5184336,2.1223962,1.7214055
1034,xgb_shap_list_ir_2,xgb_shap_list_ir_2_subset_65,BloodPressure,localMax_BloodPressure,0.6008645,0.29184127,-0.017181993
1035,xgb_shap_list_ir_2,xgb_shap_list_ir_2_subset_65,SkinThickness,localMax_SkinThickness,0.28180423,0.052256197,0.10964319
1036,xgb_shap_list_ir_2,xgb_shap_list_ir_2_subset_65,Insulin,localMax_Insulin,-0.082526505,0.014396727,-0.17944977
1037,xgb_shap_list_ir_2,xgb_shap_list_ir_2_subset_65,BMI,localMax_BMI,0.12480885,1.3326421,1.5339477
1038,xgb_shap_list_ir_2,xgb_shap_list_ir_2_subset_65,DiabetesPedigreeFunction,localMax_DiabetesPedigreeFunction,0.8865851,0.7108183,0.53505147
1039,xgb_shap_list_ir_2,xgb_shap_list_ir_2_subset_65,Age,localMax_Age,0.63480127,0.04742351,0.16489905
1040,xgb_shap_list_ir_5,xgb_shap_list_ir_5_subset_22,Pregnancies,localMax_Pregnancies,0.121172816,0.047299325,-0.026574194
1041,xgb_shap_list_ir_5,xgb_shap_list_ir_5_subset_22,Glucose,localMax_Glucose,1.5026696,1.1297696,0.75686944
1042,xgb_shap_list_ir_5,xgb_shap_list_ir_5_subset_22,BloodPressure,localMax_BloodPressure,0.018248439,0.1456765,0.27310455
1043,xgb_shap_list_ir_5,xgb_shap_list_ir_5_subset_22,SkinThickness,localMax_SkinThickness,0.19070694,0.25246757,0.12894633
1044,xgb_shap_list_ir_5,xgb_shap_list_ir_5_subset_22,Insulin,localMax_Insulin,0.040485024,0.11334035,0.18619567
1045,xgb_shap_list_ir_5,xgb_shap_list_ir_5_subset_22,BMI,localMax_BMI,0.29510224,0.053249776,0.53695476
1046,xgb_shap_list_ir_5,xgb_shap_list_ir_5_subset_22,DiabetesPedigreeFunction,localMax_DiabetesPedigreeFunction,0.5226077,0.72430646,0.32090896
1047,xgb_shap_list_ir_5,xgb_shap_list_ir_5_subset_22,Age,localMax_Age,0.25098783,0.46422303,0.67745817
1048,xgb_shap_list_ir_4,xgb_shap_list_ir_4_subset_159,Pregnancies,localMax_Pregnancies,0.33282924,0.237867,0.42779154
1049,xgb_shap_list_ir_4,xgb_shap_list_ir_4_subset_159,Glucose,localMax_Glucose,0.40900326,0.07082558,1.4235368
1050,xgb_shap_list_ir_4,xgb_shap_list_ir_4_subset_159,BloodPressure,localMax_BloodPressure,0.43455613,0.2683099,0.102063596
1051,xgb_shap_list_ir_4,xgb_shap_list_ir_4_subset_159,SkinThickness,localMax_SkinThickness,0.756454,0.624672,-0.03423807
1052,xgb_shap_list_ir_4,xgb_shap_list_ir_4_subset_159,Insulin,localMax_Insulin,0.23443317,0.3443315,0.124534845
1053,xgb_shap_list_ir_4,xgb_shap_list_ir_4_subset_159,BMI,localMax_BMI,0.3572179,0.6331991,0.08123672
1054,xgb_shap_list_ir_4,xgb_shap_list_ir_4_subset_159,DiabetesPedigreeFunction,localMax_DiabetesPedigreeFunction,0.62945676,0.50790936,0.021719843
1055,xgb_shap_list_ir_4,xgb_shap_list_ir_4_subset_159,Age,localMax_Age,1.4581534,1.2726859,0.3453486
1056,xgb_shap_list_ir_4,xgb_shap_list_ir_4_subset_97,Pregnancies,localMax_Pregnancies,0.02158606,0.15380502,-0.11063287
1057,xgb_shap_list_ir_4,xgb_shap_list_ir_4_subset_97,Glucose,localMax_Glucose,1.2836537,1.9453487,1.6145012
1058,xgb_shap_list_ir_4,xgb_shap_list_ir_4_subset_97,BloodPressure,localMax_BloodPressure,0.2657926,0.07858738,0.45299786
1059,xgb_shap_list_ir_4,xgb_shap_list_ir_4_subset_97,SkinThickness,localMax_SkinThickness,0.3168972,0.1605581,0.47323632
1060,xgb_shap_list_ir_4,xgb_shap_list_ir_4_subset_97,Insulin,localMax_Insulin,-0.18412635,-0.2947921,0.36920232
1061,xgb_shap_list_ir_4,xgb_shap_list_ir_4_subset_97,BMI,localMax_BMI,0.082779884,-0.19287878,0.3584386
1062,xgb_shap_list_ir_4,xgb_shap_list_ir_4_subset_97,DiabetesPedigreeFunction,localMax_DiabetesPedigreeFunction,0.23196852,-0.2519517,-0.009991586
1063,xgb_shap_list_ir_4,xgb_shap_list_ir_4_subset_97,Age,localMax_Age,0.8903309,0.6668806,0.44343042
1064,xgb_shap_list_ir_1,xgb_shap_list_ir_1_subset_78,Pregnancies,localMax_Pregnancies,1.4085519,1.0997677,0.4821992
1065,xgb_shap_list_ir_1,xgb_shap_list_ir_1_subset_78,Glucose,localMax_Glucose,0.50238764,0.71449876,0.29027653
1066,xgb_shap_list_ir_1,xgb_shap_list_ir_1_subset_78,BloodPressure,localMax_BloodPressure,0.30657345,0.15464616,-0.7569178
1067,xgb_shap_list_ir_1,xgb_shap_list_ir_1_subset_78,SkinThickness,localMax_SkinThickness,0.71447396,0.87205195,0.24174023
1068,xgb_shap_list_ir_1,xgb_shap_list_ir_1_subset_78,Insulin,localMax_Insulin,0.581164,0.7904868,0.3718413
1069,xgb_shap_list_ir_1,xgb_shap_list_ir_1_subset_78,BMI,localMax_BMI,0.5627213,0.28379744,0.42325938
1070,xgb_shap_list_ir_1,xgb_shap_list_ir_1_subset_78,DiabetesPedigreeFunction,localMax_DiabetesPedigreeFunction,0.39091283,0.29809052,0.11244604
1071,xgb_shap_list_ir_1,xgb_shap_list_ir_1_subset_78,Age,localMax_Age,0.26237583,0.37343144,0.15132028
1072,xgb_shap_list_ir_2,xgb_shap_list_ir_2_subset_14,Pregnancies,localMax_Pregnancies,0.9113941,0.66568947,1.1570988
1073,xgb_shap_list_ir_2,xgb_shap_list_ir_2_subset_14,Glucose,localMax_Glucose,1.1705855,1.500665,0.8405062
1074,xgb_shap_list_ir_2,xgb_shap_list_ir_2_subset_14,BloodPressure,localMax_BloodPressure,0.25344813,0.08415449,0.4227417
1075,xgb_shap_list_ir_2,xgb_shap_list_ir_2_subset_14,SkinThickness,localMax_SkinThickness,0.4246523,0.24137709,0.18028536
1076,xgb_shap_list_ir_2,xgb_shap_list_ir_2_subset_14,Insulin,localMax_Insulin,-0.28805733,0.8116389,0.93382734
1077,xgb_shap_list_ir_2,xgb_shap_list_ir_2_subset_14,BMI,localMax_BMI,-0.36112237,-0.1286819,0.10375857
1078,xgb_shap_list_ir_2,xgb_shap_list_ir_2_subset_14,DiabetesPedigreeFunction,localMax_DiabetesPedigreeFunction,0.2434555,0.14671567,0.3401953
1079,xgb_shap_list_ir_2,xgb_shap_list_ir_2_subset_14,Age,localMax_Age,0.22032106,0.15418294,0.2864592
1080,xgb_shap_list_ir_1,xgb_shap_list_ir_1_subset_67,Pregnancies,localMax_Pregnancies,0.14607197,0.3153007,0.2476092
1081,xgb_shap_list_ir_1,xgb_shap_list_ir_1_subset_67,Glucose,localMax_Glucose,0.92463756,1.3340384,-0.30356503
1082,xgb_shap_list_ir_1,xgb_shap_list_ir_1_subset_67,BloodPressure,localMax_BloodPressure,0.054252505,-0.09258163,0.9352573
1083,xgb_shap_list_ir_1,xgb_shap_list_ir_1_subset_67,SkinThickness,localMax_SkinThickness,0.006892681,-0.03885971,0.052645087
1084,xgb_shap_list_ir_1,xgb_shap_list_ir_1_subset_67,Insulin,localMax_Insulin,0.5014722,-0.017812967,0.57565576
1085,xgb_shap_list_ir_1,xgb_shap_list_ir_1_subset_67,BMI,localMax_BMI,1.4673537,0.9874927,1.2274232
1086,xgb_shap_list_ir_1,xgb_shap_list_ir_1_subset_67,DiabetesPedigreeFunction,localMax_DiabetesPedigreeFunction,1.0530505,0.88975763,0.39987922
1087,xgb_shap_list_ir_1,xgb_shap_list_ir_1_subset_67,Age,localMax_Age,1.0614604,1.2964703,0.82645047
1088,xgb_shap_list_ir_4,xgb_shap_list_ir_4_subset_117,Pregnancies,localMax_Pregnancies,0.20183527,0.474149,0.33799213
1089,xgb_shap_list_ir_4,xgb_shap_list_ir_4_subset_117,Glucose,localMax_Glucose,0.9074333,1.3518121,1.796191
1090,xgb_shap_list_ir_4,xgb_shap_list_ir_4_subset_117,BloodPressure,localMax_BloodPressure,0.09923729,0.017535716,0.18093887
1091,xgb_shap_list_ir_4,xgb_shap_list_ir_4_subset_117,SkinThickness,localMax_SkinThickness,0.10647002,0.03750603,0.24439797
1092,xgb_shap_list_ir_4,xgb_shap_list_ir_4_subset_117,Insulin,localMax_Insulin,-0.06238514,-0.16356532,0.038795024
1093,xgb_shap_list_ir_4,xgb_shap_list_ir_4_subset_117,BMI,localMax_BMI,0.40311694,0.711293,1.019469
1094,xgb_shap_list_ir_4,xgb_shap_list_ir_4_subset_117,DiabetesPedigreeFunction,localMax_DiabetesPedigreeFunction,0.17204648,0.34905356,0.52606064
1095,xgb_shap_list_ir_4,xgb_shap_list_ir_4_subset_117,Age,localMax_Age,-0.32729968,-0.12890127,-0.52569807
1096,xgb_shap_list_ir_1,xgb_shap_list_ir_1_subset_92,Pregnancies,localMax_Pregnancies,0.7804235,0.9284221,0.632425
1097,xgb_shap_list_ir_1,xgb_shap_list_ir_1_subset_92,Glucose,localMax_Glucose,0.9392812,1.1001197,1.2609582
1098,xgb_shap_list_ir_1,xgb_shap_list_ir_1_subset_92,BloodPressure,localMax_BloodPressure,1.0497755,0.88867533,-0.72232556
1099,xgb_shap_list_ir_1,xgb_shap_list_ir_1_subset_92,SkinThickness,localMax_SkinThickness,0.27613956,0.097952306,0.45432675
1100,xgb_shap_list_ir_1,xgb_shap_list_ir_1_subset_92,Insulin,localMax_Insulin,0.45627624,-0.09656346,0.29832202
1101,xgb_shap_list_ir_1,xgb_shap_list_ir_1_subset_92,BMI,localMax_BMI,0.5758163,0.0013968647,-0.113487005
1102,xgb_shap_list_ir_1,xgb_shap_list_ir_1_subset_92,DiabetesPedigreeFunction,localMax_DiabetesPedigreeFunction,0.34102803,0.41499943,-0.25074315
1103,xgb_shap_list_ir_1,xgb_shap_list_ir_1_subset_92,Age,localMax_Age,0.90668225,0.7480829,1.0652816
1104,xgb_shap_list_ir_2,xgb_shap_list_ir_2_subset_19,Pregnancies,localMax_Pregnancies,-0.039088696,0.05267024,0.1444292
1105,xgb_shap_list_ir_2,xgb_shap_list_ir_2_subset_19,Glucose,localMax_Glucose,2.1684723,2.4983823,1.8385625
1106,xgb_shap_list_ir_2,xgb_shap_list_ir_2_subset_19,BloodPressure,localMax_BloodPressure,0.110892594,-0.015153259,-0.14119914
1107,xgb_shap_list_ir_2,xgb_shap_list_ir_2_subset_19,SkinThickness,localMax_SkinThickness,0.14589363,0.067830384,0.22395688
1108,xgb_shap_list_ir_2,xgb_shap_list_ir_2_subset_19,Insulin,localMax_Insulin,-0.40936115,-0.24942788,0.23037207
1109,xgb_shap_list_ir_2,xgb_shap_list_ir_2_subset_19,BMI,localMax_BMI,1.00526,-0.027847052,-0.23446846
1110,xgb_shap_list_ir_2,xgb_shap_list_ir_2_subset_19,DiabetesPedigreeFunction,localMax_DiabetesPedigreeFunction,0.19008863,0.43329656,0.9197124
1111,xgb_shap_list_ir_2,xgb_shap_list_ir_2_subset_19,Age,localMax_Age,0.6693574,0.53752035,0.40568328
1112,xgb_shap_list_ir_5,xgb_shap_list_ir_5_subset_141,Pregnancies,localMax_Pregnancies,0.5522652,0.12297681,0.2088345
1113,xgb_shap_list_ir_5,xgb_shap_list_ir_5_subset_141,Glucose,localMax_Glucose,1.4103715,1.7557774,1.0649656
1114,xgb_shap_list_ir_5,xgb_shap_list_ir_5_subset_141,BloodPressure,localMax_BloodPressure,0.19683242,0.069770366,-0.057291657
1115,xgb_shap_list_ir_5,xgb_shap_list_ir_5_subset_141,SkinThickness,localMax_SkinThickness,0.1307007,0.2438029,0.47000742
1116,xgb_shap_list_ir_5,xgb_shap_list_ir_5_subset_141,Insulin,localMax_Insulin,-0.046536922,0.098526,0.3886518
1117,xgb_shap_list_ir_5,xgb_shap_list_ir_5_subset_141,BMI,localMax_BMI,0.28081298,-0.23997885,0.020417035
1118,xgb_shap_list_ir_5,xgb_shap_list_ir_5_subset_141,DiabetesPedigreeFunction,localMax_DiabetesPedigreeFunction,0.07332608,0.18599096,0.29865587
1119,xgb_shap_list_ir_5,xgb_shap_list_ir_5_subset_141,Age,localMax_Age,1.145634,0.9691019,0.79256976
1120,xgb_shap_list_ir_4,xgb_shap_list_ir_4_subset_107,Pregnancies,localMax_Pregnancies,0.37595928,0.18527955,0.56663907
1121,xgb_shap_list_ir_4,xgb_shap_list_ir_4_subset_107,Glucose,localMax_Glucose,0.5460335,0.9340575,0.15800941
1122,xgb_shap_list_ir_4,xgb_shap_list_ir_4_subset_107,BloodPressure,localMax_BloodPressure,0.26150256,0.38648272,0.13652247
1123,xgb_shap_list_ir_4,xgb_shap_list_ir_4_subset_107,SkinThickness,localMax_SkinThickness,0.1306828,0.3525281,0.18614414
1124,xgb_shap_list_ir_4,xgb_shap_list_ir_4_subset_107,Insulin,localMax_Insulin,0.08751425,0.20608073,-0.031052202
1125,xgb_shap_list_ir_4,xgb_shap_list_ir_4_subset_107,BMI,localMax_BMI,-0.015696943,0.33561116,0.15995711
1126,xgb_shap_list_ir_4,xgb_shap_list_ir_4_subset_107,DiabetesPedigreeFunction,localMax_DiabetesPedigreeFunction,0.63085806,0.8385321,0.21550971
1127,xgb_shap_list_ir_4,xgb_shap_list_ir_4_subset_107,Age,localMax_Age,0.666604,0.5013867,0.17095202
1128,xgb_shap_list_ir_1,xgb_shap_list_ir_1_subset_3,Pregnancies,localMax_Pregnancies,0.06725541,0.14331266,-0.008801818
1129,xgb_shap_list_ir_1,xgb_shap_list_ir_1_subset_3,Glucose,localMax_Glucose,0.010024309,0.115252346,-0.09520376
1130,xgb_shap_list_ir_1,xgb_shap_list_ir_1_subset_3,BloodPressure,localMax_BloodPressure,1.3350909,1.1987329,-0.16484651
1131,xgb_shap_list_ir_1,xgb_shap_list_ir_1_subset_3,SkinThickness,localMax_SkinThickness,0.57958674,0.2764423,0.42801452
1132,xgb_shap_list_ir_1,xgb_shap_list_ir_1_subset_3,Insulin,localMax_Insulin,-0.37547296,-0.26891375,0.47700107
1133,xgb_shap_list_ir_1,xgb_shap_list_ir_1_subset_3,BMI,localMax_BMI,0.5163553,0.10329017,0.7228878
1134,xgb_shap_list_ir_1,xgb_shap_list_ir_1_subset_3,DiabetesPedigreeFunction,localMax_DiabetesPedigreeFunction,-0.06426698,0.47181433,0.337794
1135,xgb_shap_list_ir_1,xgb_shap_list_ir_1_subset_3,Age,localMax_Age,0.37405652,0.50337917,0.6327018
1136,xgb_shap_list_ir_3,xgb_shap_list_ir_3_subset_94,Pregnancies,localMax_Pregnancies,0.28727734,0.19906843,0.37548625
1137,xgb_shap_list_ir_3,xgb_shap_list_ir_3_subset_94,Glucose,localMax_Glucose,2.010455,1.6309521,2.3899577
1138,xgb_shap_list_ir_3,xgb_shap_list_ir_3_subset_94,BloodPressure,localMax_BloodPressure,0.08471075,0.16561767,0.0038038194
1139,xgb_shap_list_ir_3,xgb_shap_list_ir_3_subset_94,SkinThickness,localMax_SkinThickness,0.17739624,-0.109829724,0.27313825
1140,xgb_shap_list_ir_3,xgb_shap_list_ir_3_subset_94,Insulin,localMax_Insulin,-0.12335518,0.37723404,0.27711618
1141,xgb_shap_list_ir_3,xgb_shap_list_ir_3_subset_94,BMI,localMax_BMI,-0.012445569,1.7840549,-0.41166782
1142,xgb_shap_list_ir_3,xgb_shap_list_ir_3_subset_94,DiabetesPedigreeFunction,localMax_DiabetesPedigreeFunction,0.27303785,0.44812787,0.62321794
1143,xgb_shap_list_ir_3,xgb_shap_list_ir_3_subset_94,Age,localMax_Age,0.86934924,0.7006619,0.1946001
1144,xgb_shap_list_ir_4,xgb_shap_list_ir_4_subset_127,Pregnancies,localMax_Pregnancies,0.19935298,0.5650985,0.38222575
1145,xgb_shap_list_ir_4,xgb_shap_list_ir_4_subset_127,Glucose,localMax_Glucose,1.5763292,1.1744835,0.7726381
1146,xgb_shap_list_ir_4,xgb_shap_list_ir_4_subset_127,BloodPressure,localMax_BloodPressure,0.10287231,0.31177187,0.52067137
1147,xgb_shap_list_ir_4,xgb_shap_list_ir_4_subset_127,SkinThickness,localMax_SkinThickness,0.25311244,0.3150821,0.37705177
1148,xgb_shap_list_ir_4,xgb_shap_list_ir_4_subset_127,Insulin,localMax_Insulin,0.13296089,0.019966781,0.24595499
1149,xgb_shap_list_ir_4,xgb_shap_list_ir_4_subset_127,BMI,localMax_BMI,0.047455966,0.33713686,-0.24222487
1150,xgb_shap_list_ir_4,xgb_shap_list_ir_4_subset_127,DiabetesPedigreeFunction,localMax_DiabetesPedigreeFunction,0.88421845,1.0901812,0.6782557
1151,xgb_shap_list_ir_4,xgb_shap_list_ir_4_subset_127,Age,localMax_Age,0.5170146,0.22528028,0.32252502
1152,xgb_shap_list_ir_2,xgb_shap_list_ir_2_subset_144,Pregnancies,localMax_Pregnancies,0.19988412,0.0924128,-0.23000106
1153,xgb_shap_list_ir_2,xgb_shap_list_ir_2_subset_144,Glucose,localMax_Glucose,0.44371897,0.7630598,0.6033894
1154,xgb_shap_list_ir_2,xgb_shap_list_ir_2_subset_144,BloodPressure,localMax_BloodPressure,0.36968905,0.19616622,0.022643328
1155,xgb_shap_list_ir_2,xgb_shap_list_ir_2_subset_144,SkinThickness,localMax_SkinThickness,0.19191211,0.09796184,-0.27783918
1156,xgb_shap_list_ir_2,xgb_shap_list_ir_2_subset_144,Insulin,localMax_Insulin,0.04334797,-0.015132129,0.10182808
1157,xgb_shap_list_ir_2,xgb_shap_list_ir_2_subset_144,BMI,localMax_BMI,0.488626,1.4848049,0.73767066
1158,xgb_shap_list_ir_2,xgb_shap_list_ir_2_subset_144,DiabetesPedigreeFunction,localMax_DiabetesPedigreeFunction,0.10409564,-0.055783182,0.26397443
1159,xgb_shap_list_ir_2,xgb_shap_list_ir_2_subset_144,Age,localMax_Age,-0.24234086,0.014056563,1.8088387
1160,xgb_shap_list_ir_1,xgb_shap_list_ir_1_subset_110,Pregnancies,localMax_Pregnancies,0.6545995,0.59107447,0.52754945
1161,xgb_shap_list_ir_1,xgb_shap_list_ir_1_subset_110,Glucose,localMax_Glucose,1.7030207,1.4731178,1.243215
1162,xgb_shap_list_ir_1,xgb_shap_list_ir_1_subset_110,BloodPressure,localMax_BloodPressure,0.37529886,-0.20130897,0.5194508
1163,xgb_shap_list_ir_1,xgb_shap_list_ir_1_subset_110,SkinThickness,localMax_SkinThickness,0.57412505,0.3692752,0.7789749
1164,xgb_shap_list_ir_1,xgb_shap_list_ir_1_subset_110,Insulin,localMax_Insulin,0.20741284,0.11707115,0.026729465
1165,xgb_shap_list_ir_1,xgb_shap_list_ir_1_subset_110,BMI,localMax_BMI,0.20462249,0.23080203,-0.057172917
1166,xgb_shap_list_ir_1,xgb_shap_list_ir_1_subset_110,DiabetesPedigreeFunction,localMax_DiabetesPedigreeFunction,0.9983438,1.2624137,-0.057935953
1167,xgb_shap_list_ir_1,xgb_shap_list_ir_1_subset_110,Age,localMax_Age,0.8716624,0.31579304,0.5010829
1168,xgb_shap_list_ir_3,xgb_shap_list_ir_3_subset_140,Pregnancies,localMax_Pregnancies,0.375211,0.21425748,0.53616446
1169,xgb_shap_list_ir_3,xgb_shap_list_ir_3_subset_140,Glucose,localMax_Glucose,0.59688413,0.8715055,0.32226288
1170,xgb_shap_list_ir_3,xgb_shap_list_ir_3_subset_140,BloodPressure,localMax_BloodPressure,0.27159432,0.18191954,0.36126912
1171,xgb_shap_list_ir_3,xgb_shap_list_ir_3_subset_140,SkinThickness,localMax_SkinThickness,0.61282235,0.48403984,0.35525733
1172,xgb_shap_list_ir_3,xgb_shap_list_ir_3_subset_140,Insulin,localMax_Insulin,0.06956172,-0.035028577,-0.13961884
1173,xgb_shap_list_ir_3,xgb_shap_list_ir_3_subset_140,BMI,localMax_BMI,0.25886214,0.49505305,1.9121985
1174,xgb_shap_list_ir_3,xgb_shap_list_ir_3_subset_140,DiabetesPedigreeFunction,localMax_DiabetesPedigreeFunction,0.5651931,0.44501525,0.32483733
1175,xgb_shap_list_ir_3,xgb_shap_list_ir_3_subset_140,Age,localMax_Age,0.7553255,0.89501673,-0.082821906
1176,xgb_shap_list_ir_2,xgb_shap_list_ir_2_subset_126,Pregnancies,localMax_Pregnancies,0.7000463,0.523566,0.8765265
1177,xgb_shap_list_ir_2,xgb_shap_list_ir_2_subset_126,Glucose,localMax_Glucose,1.5580745,0.629444,1.8676181
1178,xgb_shap_list_ir_2,xgb_shap_list_ir_2_subset_126,BloodPressure,localMax_BloodPressure,0.41101766,0.58672833,0.762439
1179,xgb_shap_list_ir_2,xgb_shap_list_ir_2_subset_126,SkinThickness,localMax_SkinThickness,0.41174996,0.25984508,0.5636548
1180,xgb_shap_list_ir_2,xgb_shap_list_ir_2_subset_126,Insulin,localMax_Insulin,0.2639013,0.39163077,0.13617176
1181,xgb_shap_list_ir_2,xgb_shap_list_ir_2_subset_126,BMI,localMax_BMI,0.4156896,0.21394128,1.6261796
1182,xgb_shap_list_ir_2,xgb_shap_list_ir_2_subset_126,DiabetesPedigreeFunction,localMax_DiabetesPedigreeFunction,0.5072217,0.65288043,0.3615629
1183,xgb_shap_list_ir_2,xgb_shap_list_ir_2_subset_126,Age,localMax_Age,0.22989711,0.46432573,0.58154
1184,xgb_shap_list_ir_5,xgb_shap_list_ir_5_subset_52,Pregnancies,localMax_Pregnancies,0.45883673,0.6047541,0.31291944
1185,xgb_shap_list_ir_5,xgb_shap_list_ir_5_subset_52,Glucose,localMax_Glucose,1.0706939,1.6427512,1.9287798
1186,xgb_shap_list_ir_5,xgb_shap_list_ir_5_subset_52,BloodPressure,localMax_BloodPressure,0.21967381,0.0877713,0.3515764
1187,xgb_shap_list_ir_5,xgb_shap_list_ir_5_subset_52,SkinThickness,localMax_SkinThickness,-0.09071426,0.1731686,0.56899285
1188,xgb_shap_list_ir_5,xgb_shap_list_ir_5_subset_52,Insulin,localMax_Insulin,-0.14861432,-0.28705138,0.26669687
1189,xgb_shap_list_ir_5,xgb_shap_list_ir_5_subset_52,BMI,localMax_BMI,0.28081572,-0.030948758,0.5925802
1190,xgb_shap_list_ir_5,xgb_shap_list_ir_5_subset_52,DiabetesPedigreeFunction,localMax_DiabetesPedigreeFunction,0.4598508,0.2261064,0.6935953
1191,xgb_shap_list_ir_5,xgb_shap_list_ir_5_subset_52,Age,localMax_Age,0.46937096,0.3147127,0.0053963065
1192,xgb_shap_list_ir_3,xgb_shap_list_ir_3_subset_87,Pregnancies,localMax_Pregnancies,0.12125951,0.2752421,0.58320725
1193,xgb_shap_list_ir_3,xgb_shap_list_ir_3_subset_87,Glucose,localMax_Glucose,1.5851417,1.1419556,0.69876933
1194,xgb_shap_list_ir_3,xgb_shap_list_ir_3_subset_87,BloodPressure,localMax_BloodPressure,0.25921553,0.1917524,0.124289274
1195,xgb_shap_list_ir_3,xgb_shap_list_ir_3_subset_87,SkinThickness,localMax_SkinThickness,0.33535308,0.46548474,0.20522147
1196,xgb_shap_list_ir_3,xgb_shap_list_ir_3_subset_87,Insulin,localMax_Insulin,0.33042693,0.17461473,0.64205134
1197,xgb_shap_list_ir_3,xgb_shap_list_ir_3_subset_87,BMI,localMax_BMI,1.6513915,1.9016948,0.39987552
1198,xgb_shap_list_ir_3,xgb_shap_list_ir_3_subset_87,DiabetesPedigreeFunction,localMax_DiabetesPedigreeFunction,0.5493727,0.7181364,0.3806088
1199,xgb_shap_list_ir_3,xgb_shap_list_ir_3_subset_87,Age,localMax_Age,1.158329,1.3552327,0.567618
1200,xgb_shap_list_ir_2,xgb_shap_list_ir_2_subset_87,Pregnancies,localMax_Pregnancies,0.48491555,0.34299916,0.059166282
1201,xgb_shap_list_ir_2,xgb_shap_list_ir_2_subset_87,Glucose,localMax_Glucose,0.8752692,1.8536971,2.1798398
1202,xgb_shap_list_ir_2,xgb_shap_list_ir_2_subset_87,BloodPressure,localMax_BloodPressure,0.34586734,0.19733357,0.048799753
1203,xgb_shap_list_ir_2,xgb_shap_list_ir_2_subset_87,SkinThickness,localMax_SkinThickness,0.023531526,-0.013535574,0.17179993
1204,xgb_shap_list_ir_2,xgb_shap_list_ir_2_subset_87,Insulin,localMax_Insulin,-0.13038671,0.36747128,0.2678997
1205,xgb_shap_list_ir_2,xgb_shap_list_ir_2_subset_87,BMI,localMax_BMI,0.39784235,0.23002988,1.0690926
1206,xgb_shap_list_ir_2,xgb_shap_list_ir_2_subset_87,DiabetesPedigreeFunction,localMax_DiabetesPedigreeFunction,0.2628811,0.13409811,-0.12346795
1207,xgb_shap_list_ir_2,xgb_shap_list_ir_2_subset_87,Age,localMax_Age,0.72250414,0.91880417,0.52620417
1208,xgb_shap_list_ir_5,xgb_shap_list_ir_5_subset_65,Pregnancies,localMax_Pregnancies,0.40294743,0.29611057,0.18927369
1209,xgb_shap_list_ir_5,xgb_shap_list_ir_5_subset_65,Glucose,localMax_Glucose,0.34450364,0.70701253,1.0695215
1210,xgb_shap_list_ir_5,xgb_shap_list_ir_5_subset_65,BloodPressure,localMax_BloodPressure,-0.02189809,0.14050305,0.30290425
1211,xgb_shap_list_ir_5,xgb_shap_list_ir_5_subset_65,SkinThickness,localMax_SkinThickness,0.22545207,0.13906983,0.31183434
1212,xgb_shap_list_ir_5,xgb_shap_list_ir_5_subset_65,Insulin,localMax_Insulin,-0.11877182,-0.24224028,0.25163352
1213,xgb_shap_list_ir_5,xgb_shap_list_ir_5_subset_65,BMI,localMax_BMI,-0.4015722,0.5542496,0.07633871
1214,xgb_shap_list_ir_5,xgb_shap_list_ir_5_subset_65,DiabetesPedigreeFunction,localMax_DiabetesPedigreeFunction,0.2604276,0.5004113,0.020443916
1215,xgb_shap_list_ir_5,xgb_shap_list_ir_5_subset_65,Age,localMax_Age,0.920856,1.0891254,-0.59356785
1216,xgb_shap_list_ir_5,xgb_shap_list_ir_5_subset_45,Pregnancies,localMax_Pregnancies,0.2640955,0.17235085,0.08060625
1217,xgb_shap_list_ir_5,xgb_shap_list_ir_5_subset_45,Glucose,localMax_Glucose,1.3920503,2.1752534,1.0004488
1218,xgb_shap_list_ir_5,xgb_shap_list_ir_5_subset_45,BloodPressure,localMax_BloodPressure,0.050828576,0.17156887,-0.06991172
1219,xgb_shap_list_ir_5,xgb_shap_list_ir_5_subset_45,SkinThickness,localMax_SkinThickness,0.046452194,0.11376467,-0.020860285
1220,xgb_shap_list_ir_5,xgb_shap_list_ir_5_subset_45,Insulin,localMax_Insulin,-0.160947,0.25731885,-0.300369
1221,xgb_shap_list_ir_5,xgb_shap_list_ir_5_subset_45,BMI,localMax_BMI,0.043979704,0.25888723,-0.17092782
1222,xgb_shap_list_ir_5,xgb_shap_list_ir_5_subset_45,DiabetesPedigreeFunction,localMax_DiabetesPedigreeFunction,0.24784172,0.47202456,0.023658872
1223,xgb_shap_list_ir_5,xgb_shap_list_ir_5_subset_45,Age,localMax_Age,0.9124541,1.1647137,1.4169732
1224,xgb_shap_list_ir_5,xgb_shap_list_ir_5_subset_97,Pregnancies,localMax_Pregnancies,0.39052296,0.569788,0.211258
1225,xgb_shap_list_ir_5,xgb_shap_list_ir_5_subset_97,Glucose,localMax_Glucose,1.5162199,1.1205814,-0.46197248
1226,xgb_shap_list_ir_5,xgb_shap_list_ir_5_subset_97,BloodPressure,localMax_BloodPressure,-0.024594516,-0.17053226,0.121343255
1227,xgb_shap_list_ir_5,xgb_shap_list_ir_5_subset_97,SkinThickness,localMax_SkinThickness,-0.0050221384,0.04009089,0.085203916
1228,xgb_shap_list_ir_5,xgb_shap_list_ir_5_subset_97,Insulin,localMax_Insulin,-0.012153029,-0.15116462,0.12685853
1229,xgb_shap_list_ir_5,xgb_shap_list_ir_5_subset_97,BMI,localMax_BMI,0.0062763095,-0.21706152,0.22961414
1230,xgb_shap_list_ir_5,xgb_shap_list_ir_5_subset_97,DiabetesPedigreeFunction,localMax_DiabetesPedigreeFunction,0.14026159,-0.017551094,0.2980743
1231,xgb_shap_list_ir_5,xgb_shap_list_ir_5_subset_97,Age,localMax_Age,0.64564884,0.4956864,0.9455737
1232,xgb_shap_list_ir_3,xgb_shap_list_ir_3_subset_81,Pregnancies,localMax_Pregnancies,0.40041226,0.08498046,0.3215543
1233,xgb_shap_list_ir_3,xgb_shap_list_ir_3_subset_81,Glucose,localMax_Glucose,0.48458016,0.06359756,2.168511
1234,xgb_shap_list_ir_3,xgb_shap_list_ir_3_subset_81,BloodPressure,localMax_BloodPressure,0.25768965,0.15861267,0.35676658
1235,xgb_shap_list_ir_3,xgb_shap_list_ir_3_subset_81,SkinThickness,localMax_SkinThickness,0.21066284,-0.04475969,0.29580367
1236,xgb_shap_list_ir_3,xgb_shap_list_ir_3_subset_81,Insulin,localMax_Insulin,-0.029454231,-0.17657518,1.0003922
1237,xgb_shap_list_ir_3,xgb_shap_list_ir_3_subset_81,BMI,localMax_BMI,1.3219784,0.57260597,0.07302439
1238,xgb_shap_list_ir_3,xgb_shap_list_ir_3_subset_81,DiabetesPedigreeFunction,localMax_DiabetesPedigreeFunction,0.67108965,0.5093431,0.34759653
1239,xgb_shap_list_ir_3,xgb_shap_list_ir_3_subset_81,Age,localMax_Age,-0.4575774,1.2934537,1.0988947
1240,xgb_shap_list_ir_4,xgb_shap_list_ir_4_subset_50,Pregnancies,localMax_Pregnancies,0.09313601,0.0028871894,0.18338484
1241,xgb_shap_list_ir_4,xgb_shap_list_ir_4_subset_50,Glucose,localMax_Glucose,0.94075274,0.57214725,2.0465693
1242,xgb_shap_list_ir_4,xgb_shap_list_ir_4_subset_50,BloodPressure,localMax_BloodPressure,0.090593755,0.23267901,0.37476426
1243,xgb_shap_list_ir_4,xgb_shap_list_ir_4_subset_50,SkinThickness,localMax_SkinThickness,0.23066193,0.33000046,-0.067353815
1244,xgb_shap_list_ir_4,xgb_shap_list_ir_4_subset_50,Insulin,localMax_Insulin,-0.27640668,-0.11819106,0.35645586
1245,xgb_shap_list_ir_4,xgb_shap_list_ir_4_subset_50,BMI,localMax_BMI,1.6936463,0.5509926,0.32246184
1246,xgb_shap_list_ir_4,xgb_shap_list_ir_4_subset_50,DiabetesPedigreeFunction,localMax_DiabetesPedigreeFunction,0.8513584,0.6621864,1.0405304
1247,xgb_shap_list_ir_4,xgb_shap_list_ir_4_subset_50,Age,localMax_Age,0.5699528,0.70819587,0.4317097
1248,xgb_shap_list_ir_2,xgb_shap_list_ir_2_subset_152,Pregnancies,localMax_Pregnancies,0.047320753,-0.07725102,-0.20182279
1249,xgb_shap_list_ir_2,xgb_shap_list_ir_2_subset_152,Glucose,localMax_Glucose,1.1399986,1.3571466,0.9228504
1250,xgb_shap_list_ir_2,xgb_shap_list_ir_2_subset_152,BloodPressure,localMax_BloodPressure,-0.09046757,0.019838572,-0.20077372
1251,xgb_shap_list_ir_2,xgb_shap_list_ir_2_subset_152,SkinThickness,localMax_SkinThickness,0.78346705,0.63032866,0.47719026
1252,xgb_shap_list_ir_2,xgb_shap_list_ir_2_subset_152,Insulin,localMax_Insulin,-0.15940666,-0.28033412,-0.4012615
1253,xgb_shap_list_ir_2,xgb_shap_list_ir_2_subset_152,BMI,localMax_BMI,0.44062018,0.18922973,0.0635345
1254,xgb_shap_list_ir_2,xgb_shap_list_ir_2_subset_152,DiabetesPedigreeFunction,localMax_DiabetesPedigreeFunction,-0.11205357,0.109158576,-0.33326575
1255,xgb_shap_list_ir_2,xgb_shap_list_ir_2_subset_152,Age,localMax_Age,0.7400013,1.6436304,0.062279582
1256,xgb_shap_list_ir_5,xgb_shap_list_ir_5_subset_83,Pregnancies,localMax_Pregnancies,-0.03190759,0.6854586,0.5658976
1257,xgb_shap_list_ir_5,xgb_shap_list_ir_5_subset_83,Glucose,localMax_Glucose,0.37134922,1.1101716,0.7407603
1258,xgb_shap_list_ir_5,xgb_shap_list_ir_5_subset_83,BloodPressure,localMax_BloodPressure,0.099233866,0.52751124,0.3847521
1259,xgb_shap_list_ir_5,xgb_shap_list_ir_5_subset_83,SkinThickness,localMax_SkinThickness,0.18207535,0.26591676,0.09823397
1260,xgb_shap_list_ir_5,xgb_shap_list_ir_5_subset_83,Insulin,localMax_Insulin,0.06672943,-0.06480849,0.4613433
1261,xgb_shap_list_ir_5,xgb_shap_list_ir_5_subset_83,BMI,localMax_BMI,0.3167959,0.53017485,0.10341692
1262,xgb_shap_list_ir_5,xgb_shap_list_ir_5_subset_83,DiabetesPedigreeFunction,localMax_DiabetesPedigreeFunction,0.4031806,0.6426289,0.8820772
1263,xgb_shap_list_ir_5,xgb_shap_list_ir_5_subset_83,Age,localMax_Age,0.6907844,-0.1620385,1.0319135
1264,xgb_shap_list_ir_5,xgb_shap_list_ir_5_subset_115,Pregnancies,localMax_Pregnancies,0.22390229,0.43138814,0.84635985
1265,xgb_shap_list_ir_5,xgb_shap_list_ir_5_subset_115,Glucose,localMax_Glucose,1.9889765,1.5784457,2.3995073
1266,xgb_shap_list_ir_5,xgb_shap_list_ir_5_subset_115,BloodPressure,localMax_BloodPressure,0.19650126,-0.01952672,0.41252923
1267,xgb_shap_list_ir_5,xgb_shap_list_ir_5_subset_115,SkinThickness,localMax_SkinThickness,0.19116707,0.08372451,0.1374458
1268,xgb_shap_list_ir_5,xgb_shap_list_ir_5_subset_115,Insulin,localMax_Insulin,-0.11465098,-0.04131238,0.10536486
1269,xgb_shap_list_ir_5,xgb_shap_list_ir_5_subset_115,BMI,localMax_BMI,-0.18428153,0.89437103,1.5415626
1270,xgb_shap_list_ir_5,xgb_shap_list_ir_5_subset_115,DiabetesPedigreeFunction,localMax_DiabetesPedigreeFunction,0.24707139,0.73733616,0.083649755
1271,xgb_shap_list_ir_5,xgb_shap_list_ir_5_subset_115,Age,localMax_Age,0.47793418,0.6486272,0.9900131
1272,xgb_shap_list_ir_1,xgb_shap_list_ir_1_subset_115,Pregnancies,localMax_Pregnancies,0.2916023,0.3750645,0.20814013
1273,xgb_shap_list_ir_1,xgb_shap_list_ir_1_subset_115,Glucose,localMax_Glucose,0.99040484,1.3157315,0.014424205
1274,xgb_shap_list_ir_1,xgb_shap_list_ir_1_subset_115,BloodPressure,localMax_BloodPressure,0.422371,0.4843545,0.3603875
1275,xgb_shap_list_ir_1,xgb_shap_list_ir_1_subset_115,SkinThickness,localMax_SkinThickness,0.016761541,0.24429768,0.16845232
1276,xgb_shap_list_ir_1,xgb_shap_list_ir_1_subset_115,Insulin,localMax_Insulin,0.7139897,0.85846055,1.0029315
1277,xgb_shap_list_ir_1,xgb_shap_list_ir_1_subset_115,BMI,localMax_BMI,0.4351815,0.32294053,0.54742247
1278,xgb_shap_list_ir_1,xgb_shap_list_ir_1_subset_115,DiabetesPedigreeFunction,localMax_DiabetesPedigreeFunction,0.6966485,0.57323277,0.8200642
1279,xgb_shap_list_ir_1,xgb_shap_list_ir_1_subset_115,Age,localMax_Age,0.7103435,0.5206443,0.33094513
1280,xgb_shap_list_ir_1,xgb_shap_list_ir_1_subset_53,Pregnancies,localMax_Pregnancies,0.18340695,0.36186647,0.12392044
1281,xgb_shap_list_ir_1,xgb_shap_list_ir_1_subset_53,Glucose,localMax_Glucose,0.89153636,1.1074523,0.67562044
1282,xgb_shap_list_ir_1,xgb_shap_list_ir_1_subset_53,BloodPressure,localMax_BloodPressure,-0.16355592,0.8731154,-0.29313987
1283,xgb_shap_list_ir_1,xgb_shap_list_ir_1_subset_53,SkinThickness,localMax_SkinThickness,0.7818273,0.7046775,-0.06681968
1284,xgb_shap_list_ir_1,xgb_shap_list_ir_1_subset_53,Insulin,localMax_Insulin,0.3035165,0.17675984,0.43027323
1285,xgb_shap_list_ir_1,xgb_shap_list_ir_1_subset_53,BMI,localMax_BMI,0.5661938,0.32997918,0.4480865
1286,xgb_shap_list_ir_1,xgb_shap_list_ir_1_subset_53,DiabetesPedigreeFunction,localMax_DiabetesPedigreeFunction,1.0796155,0.36124146,1.2232902
1287,xgb_shap_list_ir_1,xgb_shap_list_ir_1_subset_53,Age,localMax_Age,-0.10760307,1.4306974,1.0888529
1288,xgb_shap_list_ir_3,xgb_shap_list_ir_3_subset_21,Pregnancies,localMax_Pregnancies,0.3713175,0.6349221,0.5031198
1289,xgb_shap_list_ir_3,xgb_shap_list_ir_3_subset_21,Glucose,localMax_Glucose,0.9610746,1.3230588,0.59909034
1290,xgb_shap_list_ir_3,xgb_shap_list_ir_3_subset_21,BloodPressure,localMax_BloodPressure,-0.025704503,0.27237368,0.37173307
1291,xgb_shap_list_ir_3,xgb_shap_list_ir_3_subset_21,SkinThickness,localMax_SkinThickness,0.27474302,0.37693274,0.17255336
1292,xgb_shap_list_ir_3,xgb_shap_list_ir_3_subset_21,Insulin,localMax_Insulin,0.011294812,0.10422054,-0.081630915
1293,xgb_shap_list_ir_3,xgb_shap_list_ir_3_subset_21,BMI,localMax_BMI,1.0935966,2.0004585,0.866881
1294,xgb_shap_list_ir_3,xgb_shap_list_ir_3_subset_21,DiabetesPedigreeFunction,localMax_DiabetesPedigreeFunction,0.33034092,0.53607833,0.12460345
1295,xgb_shap_list_ir_3,xgb_shap_list_ir_3_subset_21,Age,localMax_Age,0.17673242,0.32584637,0.4749604
1296,xgb_shap_list_ir_2,xgb_shap_list_ir_2_subset_55,Pregnancies,localMax_Pregnancies,-0.036303,0.23173401,0.16472474
1297,xgb_shap_list_ir_2,xgb_shap_list_ir_2_subset_55,Glucose,localMax_Glucose,1.6243206,1.8622892,1.3863521
1298,xgb_shap_list_ir_2,xgb_shap_list_ir_2_subset_55,BloodPressure,localMax_BloodPressure,0.43836594,0.6515993,0.22513247
1299,xgb_shap_list_ir_2,xgb_shap_list_ir_2_subset_55,SkinThickness,localMax_SkinThickness,0.5603331,0.44537854,0.67528766
1300,xgb_shap_list_ir_2,xgb_shap_list_ir_2_subset_55,Insulin,localMax_Insulin,-0.35543522,0.5484524,-0.46842116
1301,xgb_shap_list_ir_2,xgb_shap_list_ir_2_subset_55,BMI,localMax_BMI,0.29638064,0.06914115,0.5236201
1302,xgb_shap_list_ir_2,xgb_shap_list_ir_2_subset_55,DiabetesPedigreeFunction,localMax_DiabetesPedigreeFunction,0.10278475,-0.11751899,0.32308847
1303,xgb_shap_list_ir_2,xgb_shap_list_ir_2_subset_55,Age,localMax_Age,0.75592005,0.5962081,-0.04263997
1304,xgb_shap_list_ir_3,xgb_shap_list_ir_3_subset_18,Pregnancies,localMax_Pregnancies,0.6961013,0.8607875,0.5314151
1305,xgb_shap_list_ir_3,xgb_shap_list_ir_3_subset_18,Glucose,localMax_Glucose,0.11478436,0.43387103,2.3483913
1306,xgb_shap_list_ir_3,xgb_shap_list_ir_3_subset_18,BloodPressure,localMax_BloodPressure,0.23364952,0.036177784,0.33238542
1307,xgb_shap_list_ir_3,xgb_shap_list_ir_3_subset_18,SkinThickness,localMax_SkinThickness,-0.060152754,-0.0009585023,0.05823575
1308,xgb_shap_list_ir_3,xgb_shap_list_ir_3_subset_18,Insulin,localMax_Insulin,-0.36591306,-0.2050932,0.5990061
1309,xgb_shap_list_ir_3,xgb_shap_list_ir_3_subset_18,BMI,localMax_BMI,0.19662058,0.45252442,-0.059283197
1310,xgb_shap_list_ir_3,xgb_shap_list_ir_3_subset_18,DiabetesPedigreeFunction,localMax_DiabetesPedigreeFunction,0.4792539,0.23185384,-0.26294625
1311,xgb_shap_list_ir_3,xgb_shap_list_ir_3_subset_18,Age,localMax_Age,0.0035972297,0.13829643,0.67709315
1312,xgb_shap_list_ir_5,xgb_shap_list_ir_5_subset_75,Pregnancies,localMax_Pregnancies,0.5596715,0.4039443,0.71539867
1313,xgb_shap_list_ir_5,xgb_shap_list_ir_5_subset_75,Glucose,localMax_Glucose,0.47423446,0.8676412,2.4412682
1314,xgb_shap_list_ir_5,xgb_shap_list_ir_5_subset_75,BloodPressure,localMax_BloodPressure,0.12951195,0.24163091,-0.094725996
1315,xgb_shap_list_ir_5,xgb_shap_list_ir_5_subset_75,SkinThickness,localMax_SkinThickness,0.3695416,0.4495356,0.52952963
1316,xgb_shap_list_ir_5,xgb_shap_list_ir_5_subset_75,Insulin,localMax_Insulin,-0.03062728,0.053588778,-0.11484334
1317,xgb_shap_list_ir_5,xgb_shap_list_ir_5_subset_75,BMI,localMax_BMI,0.49379086,0.2177034,-0.058384
1318,xgb_shap_list_ir_5,xgb_shap_list_ir_5_subset_75,DiabetesPedigreeFunction,localMax_DiabetesPedigreeFunction,0.44484663,0.2884683,0.13208997
1319,xgb_shap_list_ir_5,xgb_shap_list_ir_5_subset_75,Age,localMax_Age,1.0103974,0.84528047,0.6801636
1320,xgb_shap_list_ir_4,xgb_shap_list_ir_4_subset_81,Pregnancies,localMax_Pregnancies,0.42817038,0.27279198,0.11741364
1321,xgb_shap_list_ir_4,xgb_shap_list_ir_4_subset_81,Glucose,localMax_Glucose,2.628418,2.9621153,-0.041158795
1322,xgb_shap_list_ir_4,xgb_shap_list_ir_4_subset_81,BloodPressure,localMax_BloodPressure,0.13509783,0.22285837,-0.040423214
1323,xgb_shap_list_ir_4,xgb_shap_list_ir_4_subset_81,SkinThickness,localMax_SkinThickness,0.1984295,0.25917748,0.38067338
1324,xgb_shap_list_ir_4,xgb_shap_list_ir_4_subset_81,Insulin,localMax_Insulin,0.065050155,0.16198274,-0.031882435
1325,xgb_shap_list_ir_4,xgb_shap_list_ir_4_subset_81,BMI,localMax_BMI,0.4077608,0.17755014,0.6379714
1326,xgb_shap_list_ir_4,xgb_shap_list_ir_4_subset_81,DiabetesPedigreeFunction,localMax_DiabetesPedigreeFunction,0.3994347,0.6542095,0.14465988
1327,xgb_shap_list_ir_4,xgb_shap_list_ir_4_subset_81,Age,localMax_Age,0.71830267,1.037263,0.23986202
1328,xgb_shap_list_ir_2,xgb_shap_list_ir_2_subset_49,Pregnancies,localMax_Pregnancies,0.32411933,0.46920085,0.61428237
1329,xgb_shap_list_ir_2,xgb_shap_list_ir_2_subset_49,Glucose,localMax_Glucose,-0.15387672,0.10152662,1.3785435
1330,xgb_shap_list_ir_2,xgb_shap_list_ir_2_subset_49,BloodPressure,localMax_BloodPressure,0.1471715,0.39474392,0.023385257
1331,xgb_shap_list_ir_2,xgb_shap_list_ir_2_subset_49,SkinThickness,localMax_SkinThickness,0.46880585,0.57651883,0.25337988
1332,xgb_shap_list_ir_2,xgb_shap_list_ir_2_subset_49,Insulin,localMax_Insulin,0.17009288,0.28370517,0.056480587
1333,xgb_shap_list_ir_2,xgb_shap_list_ir_2_subset_49,BMI,localMax_BMI,0.7535895,0.9498247,1.53853
1334,xgb_shap_list_ir_2,xgb_shap_list_ir_2_subset_49,DiabetesPedigreeFunction,localMax_DiabetesPedigreeFunction,0.058933884,0.25712588,-0.13925806
1335,xgb_shap_list_ir_2,xgb_shap_list_ir_2_subset_49,Age,localMax_Age,0.019111872,0.14689165,0.27467144
1336,xgb_shap_list_ir_3,xgb_shap_list_ir_3_subset_99,Pregnancies,localMax_Pregnancies,0.48078203,0.25050974,0.7110543
1337,xgb_shap_list_ir_3,xgb_shap_list_ir_3_subset_99,Glucose,localMax_Glucose,1.7110388,0.64501274,1.4445323
1338,xgb_shap_list_ir_3,xgb_shap_list_ir_3_subset_99,BloodPressure,localMax_BloodPressure,0.58851475,0.31096363,0.1721881
1339,xgb_shap_list_ir_3,xgb_shap_list_ir_3_subset_99,SkinThickness,localMax_SkinThickness,0.41985923,-0.0013191998,0.5040949
1340,xgb_shap_list_ir_3,xgb_shap_list_ir_3_subset_99,Insulin,localMax_Insulin,0.060427338,0.14159262,-0.020737916
1341,xgb_shap_list_ir_3,xgb_shap_list_ir_3_subset_99,BMI,localMax_BMI,0.26921582,-0.05141568,0.5898473
1342,xgb_shap_list_ir_3,xgb_shap_list_ir_3_subset_99,DiabetesPedigreeFunction,localMax_DiabetesPedigreeFunction,0.089564025,0.45346832,0.27151614
1343,xgb_shap_list_ir_3,xgb_shap_list_ir_3_subset_99,Age,localMax_Age,0.47540188,0.32867074,0.6221331
1344,xgb_shap_list_ir_2,xgb_shap_list_ir_2_subset_2,Pregnancies,localMax_Pregnancies,0.13221681,0.3033796,0.47454232
1345,xgb_shap_list_ir_2,xgb_shap_list_ir_2_subset_2,Glucose,localMax_Glucose,1.258548,0.9939407,-0.06448865
1346,xgb_shap_list_ir_2,xgb_shap_list_ir_2_subset_2,BloodPressure,localMax_BloodPressure,0.053568363,-0.13365626,0.4280175
1347,xgb_shap_list_ir_2,xgb_shap_list_ir_2_subset_2,SkinThickness,localMax_SkinThickness,0.9111998,-0.2920255,0.5101247
1348,xgb_shap_list_ir_2,xgb_shap_list_ir_2_subset_2,Insulin,localMax_Insulin,0.10980067,0.2623727,0.03351465
1349,xgb_shap_list_ir_2,xgb_shap_list_ir_2_subset_2,BMI,localMax_BMI,0.52099985,1.524776,1.3574799
1350,xgb_shap_list_ir_2,xgb_shap_list_ir_2_subset_2,DiabetesPedigreeFunction,localMax_DiabetesPedigreeFunction,0.22130209,0.08124691,0.36135727
1351,xgb_shap_list_ir_2,xgb_shap_list_ir_2_subset_2,Age,localMax_Age,0.57915395,0.40893298,0.74937487
1352,xgb_shap_list_ir_5,xgb_shap_list_ir_5_subset_55,Pregnancies,localMax_Pregnancies,0.20137438,0.114094675,0.2886541
1353,xgb_shap_list_ir_5,xgb_shap_list_ir_5_subset_55,Glucose,localMax_Glucose,1.0601493,2.12964,2.4861372
1354,xgb_shap_list_ir_5,xgb_shap_list_ir_5_subset_55,BloodPressure,localMax_BloodPressure,0.23366457,0.116601825,-0.00046089292
1355,xgb_shap_list_ir_5,xgb_shap_list_ir_5_subset_55,SkinThickness,localMax_SkinThickness,0.16330066,0.24586818,0.08073312
1356,xgb_shap_list_ir_5,xgb_shap_list_ir_5_subset_55,Insulin,localMax_Insulin,0.28139403,0.35901356,0.20377454
1357,xgb_shap_list_ir_5,xgb_shap_list_ir_5_subset_55,BMI,localMax_BMI,1.0090762,1.6716906,1.4508191
1358,xgb_shap_list_ir_5,xgb_shap_list_ir_5_subset_55,DiabetesPedigreeFunction,localMax_DiabetesPedigreeFunction,0.36836463,0.20709062,0.04581666
1359,xgb_shap_list_ir_5,xgb_shap_list_ir_5_subset_55,Age,localMax_Age,0.5723746,0.2867974,1.7146834
1360,xgb_shap_list_ir_1,xgb_shap_list_ir_1_subset_128,Pregnancies,localMax_Pregnancies,0.66987044,0.75099236,-0.14134866
1361,xgb_shap_list_ir_1,xgb_shap_list_ir_1_subset_128,Glucose,localMax_Glucose,1.6279068,-0.10575265,1.8205357
1362,xgb_shap_list_ir_1,xgb_shap_list_ir_1_subset_128,BloodPressure,localMax_BloodPressure,0.4339568,0.31364703,0.19333726
1363,xgb_shap_list_ir_1,xgb_shap_list_ir_1_subset_128,SkinThickness,localMax_SkinThickness,-0.18633264,-0.0740605,0.038211644
1364,xgb_shap_list_ir_1,xgb_shap_list_ir_1_subset_128,Insulin,localMax_Insulin,0.29647797,0.2385023,0.0065995157
1365,xgb_shap_list_ir_1,xgb_shap_list_ir_1_subset_128,BMI,localMax_BMI,0.7984793,1.276269,1.0373741
1366,xgb_shap_list_ir_1,xgb_shap_list_ir_1_subset_128,DiabetesPedigreeFunction,localMax_DiabetesPedigreeFunction,0.34775013,0.44869673,0.5496434
1367,xgb_shap_list_ir_1,xgb_shap_list_ir_1_subset_128,Age,localMax_Age,-0.18929406,0.4058041,-0.26368132
1368,xgb_shap_list_ir_1,xgb_shap_list_ir_1_subset_59,Pregnancies,localMax_Pregnancies,-0.22615166,-0.034315825,0.029629469
1369,xgb_shap_list_ir_1,xgb_shap_list_ir_1_subset_59,Glucose,localMax_Glucose,0.8244436,0.53058517,1.1183021
1370,xgb_shap_list_ir_1,xgb_shap_list_ir_1_subset_59,BloodPressure,localMax_BloodPressure,0.39225775,0.5226702,0.2618453
1371,xgb_shap_list_ir_1,xgb_shap_list_ir_1_subset_59,SkinThickness,localMax_SkinThickness,0.48265746,0.54114354,0.42417142
1372,xgb_shap_list_ir_1,xgb_shap_list_ir_1_subset_59,Insulin,localMax_Insulin,-0.12790602,-0.07940598,0.30859444
1373,xgb_shap_list_ir_1,xgb_shap_list_ir_1_subset_59,BMI,localMax_BMI,1.5221894,1.3103914,1.7339873
1374,xgb_shap_list_ir_1,xgb_shap_list_ir_1_subset_59,DiabetesPedigreeFunction,localMax_DiabetesPedigreeFunction,0.18359369,0.07577595,0.39922905
1375,xgb_shap_list_ir_1,xgb_shap_list_ir_1_subset_59,Age,localMax_Age,0.84820664,1.0509777,0.03712207
1376,xgb_shap_list_ir_3,xgb_shap_list_ir_3_subset_133,Pregnancies,localMax_Pregnancies,0.56322145,0.46926498,0.37530857
1377,xgb_shap_list_ir_3,xgb_shap_list_ir_3_subset_133,Glucose,localMax_Glucose,1.5756592,1.7818741,0.5445844
1378,xgb_shap_list_ir_3,xgb_shap_list_ir_3_subset_133,BloodPressure,localMax_BloodPressure,-0.05189106,0.15593112,-0.15580213
1379,xgb_shap_list_ir_3,xgb_shap_list_ir_3_subset_133,SkinThickness,localMax_SkinThickness,0.8283948,0.2334162,0.63006866
1380,xgb_shap_list_ir_3,xgb_shap_list_ir_3_subset_133,Insulin,localMax_Insulin,0.0047038794,-0.16580212,0.5162219
1381,xgb_shap_list_ir_3,xgb_shap_list_ir_3_subset_133,BMI,localMax_BMI,0.085463166,0.24236655,-0.07144022
1382,xgb_shap_list_ir_3,xgb_shap_list_ir_3_subset_133,DiabetesPedigreeFunction,localMax_DiabetesPedigreeFunction,0.45116556,0.66591597,1.0954167
1383,xgb_shap_list_ir_3,xgb_shap_list_ir_3_subset_133,Age,localMax_Age,1.173476,1.4023159,0.9446361
1384,xgb_shap_list_ir_4,xgb_shap_list_ir_4_subset_9,Pregnancies,localMax_Pregnancies,0.37958077,0.2967418,0.13106385
1385,xgb_shap_list_ir_4,xgb_shap_list_ir_4_subset_9,Glucose,localMax_Glucose,1.2848954,1.6808841,2.0768726
1386,xgb_shap_list_ir_4,xgb_shap_list_ir_4_subset_9,BloodPressure,localMax_BloodPressure,0.1541292,0.008669436,0.29958898
1387,xgb_shap_list_ir_4,xgb_shap_list_ir_4_subset_9,SkinThickness,localMax_SkinThickness,0.17844927,0.30187023,0.42529118
1388,xgb_shap_list_ir_4,xgb_shap_list_ir_4_subset_9,Insulin,localMax_Insulin,-0.09901771,0.00836584,-0.20640126
1389,xgb_shap_list_ir_4,xgb_shap_list_ir_4_subset_9,BMI,localMax_BMI,0.10214764,0.3655119,-0.16121656
1390,xgb_shap_list_ir_4,xgb_shap_list_ir_4_subset_9,DiabetesPedigreeFunction,localMax_DiabetesPedigreeFunction,0.45484972,0.17467642,0.735023
1391,xgb_shap_list_ir_4,xgb_shap_list_ir_4_subset_9,Age,localMax_Age,0.6942054,0.37675005,0.53547776
1392,xgb_shap_list_ir_5,xgb_shap_list_ir_5_subset_53,Pregnancies,localMax_Pregnancies,0.9204775,0.16595042,0.7695721
1393,xgb_shap_list_ir_5,xgb_shap_list_ir_5_subset_53,Glucose,localMax_Glucose,2.0219107,2.400472,1.6433494
1394,xgb_shap_list_ir_5,xgb_shap_list_ir_5_subset_53,BloodPressure,localMax_BloodPressure,0.18306732,0.35263246,0.52219754
1395,xgb_shap_list_ir_5,xgb_shap_list_ir_5_subset_53,SkinThickness,localMax_SkinThickness,0.17045861,-0.009560615,0.2604682
1396,xgb_shap_list_ir_5,xgb_shap_list_ir_5_subset_53,Insulin,localMax_Insulin,0.07721409,-0.023403257,0.17783144
1397,xgb_shap_list_ir_5,xgb_shap_list_ir_5_subset_53,BMI,localMax_BMI,0.010135889,-0.2696765,-0.54948896
1398,xgb_shap_list_ir_5,xgb_shap_list_ir_5_subset_53,DiabetesPedigreeFunction,localMax_DiabetesPedigreeFunction,0.60777164,0.3986473,0.18952292
1399,xgb_shap_list_ir_5,xgb_shap_list_ir_5_subset_53,Age,localMax_Age,0.36317277,0.51450753,0.21183807
1400,xgb_shap_list_ir_2,xgb_shap_list_ir_2_subset_71,Pregnancies,localMax_Pregnancies,0.50848734,0.32632923,0.144171
1401,xgb_shap_list_ir_2,xgb_shap_list_ir_2_subset_71,Glucose,localMax_Glucose,1.6226714,1.8934891,1.3518536
1402,xgb_shap_list_ir_2,xgb_shap_list_ir_2_subset_71,BloodPressure,localMax_BloodPressure,-0.17844355,-0.34250224,0.9699675
1403,xgb_shap_list_ir_2,xgb_shap_list_ir_2_subset_71,SkinThickness,localMax_SkinThickness,0.2868626,0.11531645,0.45840883
1404,xgb_shap_list_ir_2,xgb_shap_list_ir_2_subset_71,Insulin,localMax_Insulin,0.12496632,-0.22377752,-0.13659155
1405,xgb_shap_list_ir_2,xgb_shap_list_ir_2_subset_71,BMI,localMax_BMI,0.27472025,0.46419114,0.8431329
1406,xgb_shap_list_ir_2,xgb_shap_list_ir_2_subset_71,DiabetesPedigreeFunction,localMax_DiabetesPedigreeFunction,0.3064536,0.1842159,0.06197822
1407,xgb_shap_list_ir_2,xgb_shap_list_ir_2_subset_71,Age,localMax_Age,0.062382042,0.23378038,-0.1090163
1408,xgb_shap_list_ir_4,xgb_shap_list_ir_4_subset_54,Pregnancies,localMax_Pregnancies,0.09054661,0.1726042,0.008488983
1409,xgb_shap_list_ir_4,xgb_shap_list_ir_4_subset_54,Glucose,localMax_Glucose,1.9968886,1.6010923,2.392685
1410,xgb_shap_list_ir_4,xgb_shap_list_ir_4_subset_54,BloodPressure,localMax_BloodPressure,0.1317758,-0.059477508,0.32302916
1411,xgb_shap_list_ir_4,xgb_shap_list_ir_4_subset_54,SkinThickness,localMax_SkinThickness,0.25384834,0.32217562,0.1855211
1412,xgb_shap_list_ir_4,xgb_shap_list_ir_4_subset_54,Insulin,localMax_Insulin,-0.09073281,0.025232345,0.37312782
1413,xgb_shap_list_ir_4,xgb_shap_list_ir_4_subset_54,BMI,localMax_BMI,-0.060762763,0.1519267,-0.2734522
1414,xgb_shap_list_ir_4,xgb_shap_list_ir_4_subset_54,DiabetesPedigreeFunction,localMax_DiabetesPedigreeFunction,0.854885,0.64027643,1.0694934
1415,xgb_shap_list_ir_4,xgb_shap_list_ir_4_subset_54,Age,localMax_Age,1.1198733,1.3243743,-0.31163418
1416,xgb_shap_list_ir_5,xgb_shap_list_ir_5_subset_99,Pregnancies,localMax_Pregnancies,0.318368,-0.010563403,0.25258172
1417,xgb_shap_list_ir_5,xgb_shap_list_ir_5_subset_99,Glucose,localMax_Glucose,2.6535962,2.9754305,0.7225896
1418,xgb_shap_list_ir_5,xgb_shap_list_ir_5_subset_99,BloodPressure,localMax_BloodPressure,0.22776824,0.4205246,0.035011947
1419,xgb_shap_list_ir_5,xgb_shap_list_ir_5_subset_99,SkinThickness,localMax_SkinThickness,0.26615262,0.38401532,0.14828998
1420,xgb_shap_list_ir_5,xgb_shap_list_ir_5_subset_99,Insulin,localMax_Insulin,0.18924284,-0.106107816,-0.0076576024
1421,xgb_shap_list_ir_5,xgb_shap_list_ir_5_subset_99,BMI,localMax_BMI,0.5006167,-0.2060973,0.67729527
1422,xgb_shap_list_ir_5,xgb_shap_list_ir_5_subset_99,DiabetesPedigreeFunction,localMax_DiabetesPedigreeFunction,0.20293325,-0.24354249,0.7982342
1423,xgb_shap_list_ir_5,xgb_shap_list_ir_5_subset_99,Age,localMax_Age,-0.10467899,-0.33218825,0.35033953
1424,xgb_shap_list_ir_4,xgb_shap_list_ir_4_subset_87,Pregnancies,localMax_Pregnancies,0.20913726,0.3634795,0.5178217
1425,xgb_shap_list_ir_4,xgb_shap_list_ir_4_subset_87,Glucose,localMax_Glucose,1.9127054,1.599508,1.2863107
1426,xgb_shap_list_ir_4,xgb_shap_list_ir_4_subset_87,BloodPressure,localMax_BloodPressure,0.3301965,0.11681098,0.0101181865
1427,xgb_shap_list_ir_4,xgb_shap_list_ir_4_subset_87,SkinThickness,localMax_SkinThickness,0.1313738,0.32426733,0.22782058
1428,xgb_shap_list_ir_4,xgb_shap_list_ir_4_subset_87,Insulin,localMax_Insulin,0.20484543,0.08885157,-0.027142316
1429,xgb_shap_list_ir_4,xgb_shap_list_ir_4_subset_87,BMI,localMax_BMI,0.65804803,0.8278415,-0.021125734
1430,xgb_shap_list_ir_4,xgb_shap_list_ir_4_subset_87,DiabetesPedigreeFunction,localMax_DiabetesPedigreeFunction,0.84503,1.00687,0.6831899
1431,xgb_shap_list_ir_4,xgb_shap_list_ir_4_subset_87,Age,localMax_Age,0.5673436,0.737623,0.90790236
1432,xgb_shap_list_ir_5,xgb_shap_list_ir_5_subset_121,Pregnancies,localMax_Pregnancies,0.29456252,0.18029216,0.40883285
1433,xgb_shap_list_ir_5,xgb_shap_list_ir_5_subset_121,Glucose,localMax_Glucose,1.3234692,1.6741245,0.9728137
1434,xgb_shap_list_ir_5,xgb_shap_list_ir_5_subset_121,BloodPressure,localMax_BloodPressure,0.15446514,0.015169144,0.29376107
1435,xgb_shap_list_ir_5,xgb_shap_list_ir_5_subset_121,SkinThickness,localMax_SkinThickness,0.08087821,0.0105239,0.15123254
1436,xgb_shap_list_ir_5,xgb_shap_list_ir_5_subset_121,Insulin,localMax_Insulin,0.41217196,-0.17670539,-0.07855916
1437,xgb_shap_list_ir_5,xgb_shap_list_ir_5_subset_121,BMI,localMax_BMI,-0.08844733,0.8485906,0.22389865
1438,xgb_shap_list_ir_5,xgb_shap_list_ir_5_subset_121,DiabetesPedigreeFunction,localMax_DiabetesPedigreeFunction,0.3115654,0.53873086,0.7658962
1439,xgb_shap_list_ir_5,xgb_shap_list_ir_5_subset_121,Age,localMax_Age,-0.2777354,0.04445368,0.20554823
1440,xgb_shap_list_ir_3,xgb_shap_list_ir_3_subset_128,Pregnancies,localMax_Pregnancies,1.0478733,0.8072666,1.2884799
1441,xgb_shap_list_ir_3,xgb_shap_list_ir_3_subset_128,Glucose,localMax_Glucose,1.3603604,1.0197937,2.3820603
1442,xgb_shap_list_ir_3,xgb_shap_list_ir_3_subset_128,BloodPressure,localMax_BloodPressure,-0.027515292,0.114355445,-0.16938606
1443,xgb_shap_list_ir_3,xgb_shap_list_ir_3_subset_128,SkinThickness,localMax_SkinThickness,0.053503364,0.14513433,-0.03812763
1444,xgb_shap_list_ir_3,xgb_shap_list_ir_3_subset_128,Insulin,localMax_Insulin,0.0735333,-0.01414153,0.16120815
1445,xgb_shap_list_ir_3,xgb_shap_list_ir_3_subset_128,BMI,localMax_BMI,0.11624986,0.33646768,-0.103967965
1446,xgb_shap_list_ir_3,xgb_shap_list_ir_3_subset_128,DiabetesPedigreeFunction,localMax_DiabetesPedigreeFunction,0.5369221,0.79584455,0.27799964
1447,xgb_shap_list_ir_3,xgb_shap_list_ir_3_subset_128,Age,localMax_Age,0.6229659,-0.052678406,0.7580947
1448,xgb_shap_list_ir_2,xgb_shap_list_ir_2_subset_73,Pregnancies,localMax_Pregnancies,0.3302614,0.45943415,0.20108873
1449,xgb_shap_list_ir_2,xgb_shap_list_ir_2_subset_73,Glucose,localMax_Glucose,1.8053384,0.9460994,1.5189254
1450,xgb_shap_list_ir_2,xgb_shap_list_ir_2_subset_73,BloodPressure,localMax_BloodPressure,0.29793745,0.45091546,0.14495945
1451,xgb_shap_list_ir_2,xgb_shap_list_ir_2_subset_73,SkinThickness,localMax_SkinThickness,0.4036898,0.5106306,0.6175714
1452,xgb_shap_list_ir_2,xgb_shap_list_ir_2_subset_73,Insulin,localMax_Insulin,-0.18094482,-0.28304833,0.22746924
1453,xgb_shap_list_ir_2,xgb_shap_list_ir_2_subset_73,BMI,localMax_BMI,1.1390946,1.4174273,0.5824292
1454,xgb_shap_list_ir_2,xgb_shap_list_ir_2_subset_73,DiabetesPedigreeFunction,localMax_DiabetesPedigreeFunction,0.62657857,0.46254808,1.2827003
1455,xgb_shap_list_ir_2,xgb_shap_list_ir_2_subset_73,Age,localMax_Age,0.6759691,0.7814979,0.46491164
1456,xgb_shap_list_ir_2,xgb_shap_list_ir_2_subset_101,Pregnancies,localMax_Pregnancies,1.2548482,0.7791867,1.0170175
1457,xgb_shap_list_ir_2,xgb_shap_list_ir_2_subset_101,Glucose,localMax_Glucose,1.8320963,0.6346084,0.93398035
1458,xgb_shap_list_ir_2,xgb_shap_list_ir_2_subset_101,BloodPressure,localMax_BloodPressure,0.3806274,-0.44196126,0.24352926
1459,xgb_shap_list_ir_2,xgb_shap_list_ir_2_subset_101,SkinThickness,localMax_SkinThickness,0.060345873,0.020187348,0.1005044
1460,xgb_shap_list_ir_2,xgb_shap_list_ir_2_subset_101,Insulin,localMax_Insulin,0.027748644,0.14087814,-0.08538085
1461,xgb_shap_list_ir_2,xgb_shap_list_ir_2_subset_101,BMI,localMax_BMI,0.45518094,0.27229828,0.6380636
1462,xgb_shap_list_ir_2,xgb_shap_list_ir_2_subset_101,DiabetesPedigreeFunction,localMax_DiabetesPedigreeFunction,0.21309382,0.82479763,0.62089634
1463,xgb_shap_list_ir_2,xgb_shap_list_ir_2_subset_101,Age,localMax_Age,0.69280934,0.50033844,0.30786753
1464,xgb_shap_list_ir_2,xgb_shap_list_ir_2_subset_155,Pregnancies,localMax_Pregnancies,0.4271289,0.27177173,0.11641449
1465,xgb_shap_list_ir_2,xgb_shap_list_ir_2_subset_155,Glucose,localMax_Glucose,2.3746612,2.698224,-0.21384096
1466,xgb_shap_list_ir_2,xgb_shap_list_ir_2_subset_155,BloodPressure,localMax_BloodPressure,0.25094163,0.13534427,-0.09585047
1467,xgb_shap_list_ir_2,xgb_shap_list_ir_2_subset_155,SkinThickness,localMax_SkinThickness,0.53060174,0.38697326,0.315159
1468,xgb_shap_list_ir_2,xgb_shap_list_ir_2_subset_155,Insulin,localMax_Insulin,-0.059109718,0.06732583,0.19376141
1469,xgb_shap_list_ir_2,xgb_shap_list_ir_2_subset_155,BMI,localMax_BMI,0.21885908,1.3980824,0.4547037
1470,xgb_shap_list_ir_2,xgb_shap_list_ir_2_subset_155,DiabetesPedigreeFunction,localMax_DiabetesPedigreeFunction,-0.05940777,-0.20327276,0.08445722
1471,xgb_shap_list_ir_2,xgb_shap_list_ir_2_subset_155,Age,localMax_Age,-0.052652806,0.2103841,0.035026163
1472,xgb_shap_list_ir_3,xgb_shap_list_ir_3_subset_119,Pregnancies,localMax_Pregnancies,0.010646626,-0.06394063,0.0852339
1473,xgb_shap_list_ir_3,xgb_shap_list_ir_3_subset_119,Glucose,localMax_Glucose,2.2657566,1.9619057,2.5696077
1474,xgb_shap_list_ir_3,xgb_shap_list_ir_3_subset_119,BloodPressure,localMax_BloodPressure,0.26225036,0.6367787,0.07498622
1475,xgb_shap_list_ir_3,xgb_shap_list_ir_3_subset_119,SkinThickness,localMax_SkinThickness,0.03696941,0.19021425,-0.03965299
1476,xgb_shap_list_ir_3,xgb_shap_list_ir_3_subset_119,Insulin,localMax_Insulin,-0.0833488,0.24503583,-0.036436714
1477,xgb_shap_list_ir_3,xgb_shap_list_ir_3_subset_119,BMI,localMax_BMI,0.3092243,0.52310115,0.095347464
1478,xgb_shap_list_ir_3,xgb_shap_list_ir_3_subset_119,DiabetesPedigreeFunction,localMax_DiabetesPedigreeFunction,0.08720726,0.23620301,-0.06178853
1479,xgb_shap_list_ir_3,xgb_shap_list_ir_3_subset_119,Age,localMax_Age,1.0158155,1.400451,1.2081332
1480,xgb_shap_list_ir_4,xgb_shap_list_ir_4_subset_1,Pregnancies,localMax_Pregnancies,0.6207408,0.22672546,0.42373312
1481,xgb_shap_list_ir_4,xgb_shap_list_ir_4_subset_1,Glucose,localMax_Glucose,0.63667536,0.9141731,1.1916708
1482,xgb_shap_list_ir_4,xgb_shap_list_ir_4_subset_1,BloodPressure,localMax_BloodPressure,0.12301275,0.22893828,0.33486384
1483,xgb_shap_list_ir_4,xgb_shap_list_ir_4_subset_1,SkinThickness,localMax_SkinThickness,0.14154354,0.2416889,0.041398138
1484,xgb_shap_list_ir_4,xgb_shap_list_ir_4_subset_1,Insulin,localMax_Insulin,0.13864535,0.052235782,0.22505492
1485,xgb_shap_list_ir_4,xgb_shap_list_ir_4_subset_1,BMI,localMax_BMI,0.075573504,0.34598726,-0.19484025
1486,xgb_shap_list_ir_4,xgb_shap_list_ir_4_subset_1,DiabetesPedigreeFunction,localMax_DiabetesPedigreeFunction,-0.31607223,0.51187867,0.84305906
1487,xgb_shap_list_ir_4,xgb_shap_list_ir_4_subset_1,Age,localMax_Age,0.60848606,0.47049707,-0.08145878
1488,xgb_shap_list_ir_2,xgb_shap_list_ir_2_subset_123,Pregnancies,localMax_Pregnancies,1.0595775,0.54230416,0.8009409
1489,xgb_shap_list_ir_2,xgb_shap_list_ir_2_subset_123,Glucose,localMax_Glucose,1.6502242,0.81874824,1.2344863
1490,xgb_shap_list_ir_2,xgb_shap_list_ir_2_subset_123,BloodPressure,localMax_BloodPressure,-0.013109803,0.04673639,-0.07295598
1491,xgb_shap_list_ir_2,xgb_shap_list_ir_2_subset_123,SkinThickness,localMax_SkinThickness,0.50907886,0.41790116,-0.12916487
1492,xgb_shap_list_ir_2,xgb_shap_list_ir_2_subset_123,Insulin,localMax_Insulin,1.1151187,0.37958384,0.13440561
1493,xgb_shap_list_ir_2,xgb_shap_list_ir_2_subset_123,BMI,localMax_BMI,0.7342552,0.34788573,0.54107046
1494,xgb_shap_list_ir_2,xgb_shap_list_ir_2_subset_123,DiabetesPedigreeFunction,localMax_DiabetesPedigreeFunction,0.36856818,0.527859,0.20927733
1495,xgb_shap_list_ir_2,xgb_shap_list_ir_2_subset_123,Age,localMax_Age,0.40025675,0.505115,0.19054025
1496,xgb_shap_list_ir_1,xgb_shap_list_ir_1_subset_43,Pregnancies,localMax_Pregnancies,0.57961434,-0.09581968,0.48312378
1497,xgb_shap_list_ir_1,xgb_shap_list_ir_1_subset_43,Glucose,localMax_Glucose,0.8604468,1.043577,1.2267072
1498,xgb_shap_list_ir_1,xgb_shap_list_ir_1_subset_43,BloodPressure,localMax_BloodPressure,0.45158082,0.6121273,0.29103434
1499,xgb_shap_list_ir_1,xgb_shap_list_ir_1_subset_43,SkinThickness,localMax_SkinThickness,0.21338707,0.32734197,0.09943217
1500,xgb_shap_list_ir_1,xgb_shap_list_ir_1_subset_43,Insulin,localMax_Insulin,0.07618341,0.19350535,0.23261267
1501,xgb_shap_list_ir_1,xgb_shap_list_ir_1_subset_43,BMI,localMax_BMI,0.8972614,1.0488858,0.59401226
1502,xgb_shap_list_ir_1,xgb_shap_list_ir_1_subset_43,DiabetesPedigreeFunction,localMax_DiabetesPedigreeFunction,0.85579455,0.56781423,0.27983373
1503,xgb_shap_list_ir_1,xgb_shap_list_ir_1_subset_43,Age,localMax_Age,1.1452714,0.90707517,1.3834677
1504,xgb_shap_list_ir_5,xgb_shap_list_ir_5_subset_35,Pregnancies,localMax_Pregnancies,0.10886711,0.3475452,0.22820616
1505,xgb_shap_list_ir_5,xgb_shap_list_ir_5_subset_35,Glucose,localMax_Glucose,2.6610928,3.0210986,0.50105715
1506,xgb_shap_list_ir_5,xgb_shap_list_ir_5_subset_35,BloodPressure,localMax_BloodPressure,-0.020056278,0.19129476,0.29697028
1507,xgb_shap_list_ir_5,xgb_shap_list_ir_5_subset_35,SkinThickness,localMax_SkinThickness,0.18369502,0.39193946,-0.024549305
1508,xgb_shap_list_ir_5,xgb_shap_list_ir_5_subset_35,Insulin,localMax_Insulin,-0.15248384,-0.0930513,0.32297644
1509,xgb_shap_list_ir_5,xgb_shap_list_ir_5_subset_35,BMI,localMax_BMI,-0.018899322,0.21706998,0.4530393
1510,xgb_shap_list_ir_5,xgb_shap_list_ir_5_subset_35,DiabetesPedigreeFunction,localMax_DiabetesPedigreeFunction,-0.019897997,0.66585064,-0.1913352
1511,xgb_shap_list_ir_5,xgb_shap_list_ir_5_subset_35,Age,localMax_Age,0.2204935,0.7898766,0.41028792
1512,xgb_shap_list_ir_2,xgb_shap_list_ir_2_subset_7,Pregnancies,localMax_Pregnancies,0.59314054,0.47934246,0.024150074
1513,xgb_shap_list_ir_2,xgb_shap_list_ir_2_subset_7,Glucose,localMax_Glucose,1.259767,1.5325744,0.9869596
1514,xgb_shap_list_ir_2,xgb_shap_list_ir_2_subset_7,BloodPressure,localMax_BloodPressure,0.41641593,0.19221807,0.6406139
1515,xgb_shap_list_ir_2,xgb_shap_list_ir_2_subset_7,SkinThickness,localMax_SkinThickness,0.4533646,0.35626137,0.2591582
1516,xgb_shap_list_ir_2,xgb_shap_list_ir_2_subset_7,Insulin,localMax_Insulin,0.44651937,0.56823224,0.3248065
1517,xgb_shap_list_ir_2,xgb_shap_list_ir_2_subset_7,BMI,localMax_BMI,1.4378282,0.6509303,1.1755289
1518,xgb_shap_list_ir_2,xgb_shap_list_ir_2_subset_7,DiabetesPedigreeFunction,localMax_DiabetesPedigreeFunction,0.4253114,0.25863755,0.5919852
1519,xgb_shap_list_ir_2,xgb_shap_list_ir_2_subset_7,Age,localMax_Age,0.10779655,0.37168634,0.23974144
1520,xgb_shap_list_ir_1,xgb_shap_list_ir_1_subset_50,Pregnancies,localMax_Pregnancies,-0.10053235,-0.07677794,-0.053023532
1521,xgb_shap_list_ir_1,xgb_shap_list_ir_1_subset_50,Glucose,localMax_Glucose,1.2216238,1.0297201,1.4135276
1522,xgb_shap_list_ir_1,xgb_shap_list_ir_1_subset_50,BloodPressure,localMax_BloodPressure,0.2431044,-0.0020300448,0.36567158
1523,xgb_shap_list_ir_1,xgb_shap_list_ir_1_subset_50,SkinThickness,localMax_SkinThickness,0.6267556,0.2643565,0.44555604
1524,xgb_shap_list_ir_1,xgb_shap_list_ir_1_subset_50,Insulin,localMax_Insulin,-0.4489296,1.2561632,1.4111717
1525,xgb_shap_list_ir_1,xgb_shap_list_ir_1_subset_50,BMI,localMax_BMI,0.18774277,0.6443035,0.8725839
1526,xgb_shap_list_ir_1,xgb_shap_list_ir_1_subset_50,DiabetesPedigreeFunction,localMax_DiabetesPedigreeFunction,0.403081,0.27213585,0.79591644
1527,xgb_shap_list_ir_1,xgb_shap_list_ir_1_subset_50,Age,localMax_Age,0.9937273,0.84779304,1.1396617
1528,xgb_shap_list_ir_3,xgb_shap_list_ir_3_subset_92,Pregnancies,localMax_Pregnancies,-0.08612463,-0.18096188,-0.27579916
1529,xgb_shap_list_ir_3,xgb_shap_list_ir_3_subset_92,Glucose,localMax_Glucose,0.9919597,1.613905,1.3029323
1530,xgb_shap_list_ir_3,xgb_shap_list_ir_3_subset_92,BloodPressure,localMax_BloodPressure,0.4194758,0.60070324,0.23824835
1531,xgb_shap_list_ir_3,xgb_shap_list_ir_3_subset_92,SkinThickness,localMax_SkinThickness,-0.006754875,0.12818497,-0.27663454
1532,xgb_shap_list_ir_3,xgb_shap_list_ir_3_subset_92,Insulin,localMax_Insulin,0.04066825,0.13018739,-0.048850894
1533,xgb_shap_list_ir_3,xgb_shap_list_ir_3_subset_92,BMI,localMax_BMI,0.47653592,1.0442408,1.3280932
1534,xgb_shap_list_ir_3,xgb_shap_list_ir_3_subset_92,DiabetesPedigreeFunction,localMax_DiabetesPedigreeFunction,0.43847346,0.6009886,0.7635038
1535,xgb_shap_list_ir_3,xgb_shap_list_ir_3_subset_92,Age,localMax_Age,1.1465356,0.701476,0.4789462
1536,xgb_shap_list_ir_4,xgb_shap_list_ir_4_subset_10,Pregnancies,localMax_Pregnancies,0.6610032,0.77958673,0.30525237
1537,xgb_shap_list_ir_4,xgb_shap_list_ir_4_subset_10,Glucose,localMax_Glucose,0.2975421,-0.031778812,2.273467
1538,xgb_shap_list_ir_4,xgb_shap_list_ir_4_subset_10,BloodPressure,localMax_BloodPressure,0.2773146,0.41355085,0.54978704
1539,xgb_shap_list_ir_4,xgb_shap_list_ir_4_subset_10,SkinThickness,localMax_SkinThickness,0.102585346,0.33337095,0.41029948
1540,xgb_shap_list_ir_4,xgb_shap_list_ir_4_subset_10,Insulin,localMax_Insulin,0.0014340878,0.06662631,0.13181853
1541,xgb_shap_list_ir_4,xgb_shap_list_ir_4_subset_10,BMI,localMax_BMI,1.0077411,0.768957,1.2465252
1542,xgb_shap_list_ir_4,xgb_shap_list_ir_4_subset_10,DiabetesPedigreeFunction,localMax_DiabetesPedigreeFunction,0.44580477,0.3127675,0.17973018
1543,xgb_shap_list_ir_4,xgb_shap_list_ir_4_subset_10,Age,localMax_Age,0.13899195,0.30592924,0.47286648
1544,xgb_shap_list_ir_2,xgb_shap_list_ir_2_subset_42,Pregnancies,localMax_Pregnancies,0.767031,-0.15906411,0.8993303
1545,xgb_shap_list_ir_2,xgb_shap_list_ir_2_subset_42,Glucose,localMax_Glucose,1.1722058,1.5133755,0.8310362
1546,xgb_shap_list_ir_2,xgb_shap_list_ir_2_subset_42,BloodPressure,localMax_BloodPressure,0.403227,0.25882626,0.33102664
1547,xgb_shap_list_ir_2,xgb_shap_list_ir_2_subset_42,SkinThickness,localMax_SkinThickness,0.47427595,0.036661565,0.2554688
1548,xgb_shap_list_ir_2,xgb_shap_list_ir_2_subset_42,Insulin,localMax_Insulin,-0.17335151,-0.087821394,-0.25888163
1549,xgb_shap_list_ir_2,xgb_shap_list_ir_2_subset_42,BMI,localMax_BMI,0.4519832,0.56692386,0.6818645
1550,xgb_shap_list_ir_2,xgb_shap_list_ir_2_subset_42,DiabetesPedigreeFunction,localMax_DiabetesPedigreeFunction,0.30552387,1.3592544,1.0080109
1551,xgb_shap_list_ir_2,xgb_shap_list_ir_2_subset_42,Age,localMax_Age,0.28010678,0.20784223,0.063313186
1552,xgb_shap_list_ir_5,xgb_shap_list_ir_5_subset_32,Pregnancies,localMax_Pregnancies,0.416039,0.5542464,0.0014168322
1553,xgb_shap_list_ir_5,xgb_shap_list_ir_5_subset_32,Glucose,localMax_Glucose,1.6051359,1.9595973,2.3140588
1554,xgb_shap_list_ir_5,xgb_shap_list_ir_5_subset_32,BloodPressure,localMax_BloodPressure,0.053979844,-0.06868619,0.17664587
1555,xgb_shap_list_ir_5,xgb_shap_list_ir_5_subset_32,SkinThickness,localMax_SkinThickness,0.3026387,0.09317011,0.40737307
1556,xgb_shap_list_ir_5,xgb_shap_list_ir_5_subset_32,Insulin,localMax_Insulin,0.02048248,-0.113150746,0.5550154
1557,xgb_shap_list_ir_5,xgb_shap_list_ir_5_subset_32,BMI,localMax_BMI,0.2972095,0.048738062,1.5395665
1558,xgb_shap_list_ir_5,xgb_shap_list_ir_5_subset_32,DiabetesPedigreeFunction,localMax_DiabetesPedigreeFunction,0.48608667,0.64493054,0.32724273
1559,xgb_shap_list_ir_5,xgb_shap_list_ir_5_subset_32,Age,localMax_Age,0.38697958,0.20702082,0.5669384
1560,xgb_shap_list_ir_4,xgb_shap_list_ir_4_subset_119,Pregnancies,localMax_Pregnancies,0.6597148,0.9166025,0.40282714
1561,xgb_shap_list_ir_4,xgb_shap_list_ir_4_subset_119,Glucose,localMax_Glucose,0.42461383,1.5480161,1.9224837
1562,xgb_shap_list_ir_4,xgb_shap_list_ir_4_subset_119,BloodPressure,localMax_BloodPressure,-0.04860425,-0.18995687,0.23410094
1563,xgb_shap_list_ir_4,xgb_shap_list_ir_4_subset_119,SkinThickness,localMax_SkinThickness,0.61179286,0.37679607,0.49429446
1564,xgb_shap_list_ir_4,xgb_shap_list_ir_4_subset_119,Insulin,localMax_Insulin,-0.00018134713,0.10696927,-0.10733196
1565,xgb_shap_list_ir_4,xgb_shap_list_ir_4_subset_119,BMI,localMax_BMI,0.015250325,-0.25686133,0.28736198
1566,xgb_shap_list_ir_4,xgb_shap_list_ir_4_subset_119,DiabetesPedigreeFunction,localMax_DiabetesPedigreeFunction,-0.02842158,0.16945767,-0.22630078
1567,xgb_shap_list_ir_4,xgb_shap_list_ir_4_subset_119,Age,localMax_Age,0.4131475,0.6047408,0.22155416
1568,xgb_shap_list_ir_3,xgb_shap_list_ir_3_subset_28,Pregnancies,localMax_Pregnancies,0.072779894,-0.01559785,0.16115761
1569,xgb_shap_list_ir_3,xgb_shap_list_ir_3_subset_28,Glucose,localMax_Glucose,1.1564329,0.75648713,1.5563786
1570,xgb_shap_list_ir_3,xgb_shap_list_ir_3_subset_28,BloodPressure,localMax_BloodPressure,-0.009556383,0.07176572,0.15308782
1571,xgb_shap_list_ir_3,xgb_shap_list_ir_3_subset_28,SkinThickness,localMax_SkinThickness,0.16477165,0.10790643,0.051041216
1572,xgb_shap_list_ir_3,xgb_shap_list_ir_3_subset_28,Insulin,localMax_Insulin,0.17771024,0.043663323,-0.09038356
1573,xgb_shap_list_ir_3,xgb_shap_list_ir_3_subset_28,BMI,localMax_BMI,1.6678534,0.70376253,0.4627397
1574,xgb_shap_list_ir_3,xgb_shap_list_ir_3_subset_28,DiabetesPedigreeFunction,localMax_DiabetesPedigreeFunction,0.32722896,0.529908,1.1379449
1575,xgb_shap_list_ir_3,xgb_shap_list_ir_3_subset_28,Age,localMax_Age,1.5357006,1.7437497,0.07935661
1576,xgb_shap_list_ir_2,xgb_shap_list_ir_2_subset_29,Pregnancies,localMax_Pregnancies,0.18554926,0.47506523,0.6198232
1577,xgb_shap_list_ir_2,xgb_shap_list_ir_2_subset_29,Glucose,localMax_Glucose,2.1782606,2.4417403,-0.4565373
1578,xgb_shap_list_ir_2,xgb_shap_list_ir_2_subset_29,BloodPressure,localMax_BloodPressure,0.19738367,0.10296258,0.29180476
1579,xgb_shap_list_ir_2,xgb_shap_list_ir_2_subset_29,SkinThickness,localMax_SkinThickness,0.19136691,0.10907638,0.02678585
1580,xgb_shap_list_ir_2,xgb_shap_list_ir_2_subset_29,Insulin,localMax_Insulin,-0.037755385,0.049018785,0.0056317
1581,xgb_shap_list_ir_2,xgb_shap_list_ir_2_subset_29,BMI,localMax_BMI,0.7200494,0.9923426,0.4477563
1582,xgb_shap_list_ir_2,xgb_shap_list_ir_2_subset_29,DiabetesPedigreeFunction,localMax_DiabetesPedigreeFunction,0.3850879,0.01737374,-0.1664834
1583,xgb_shap_list_ir_2,xgb_shap_list_ir_2_subset_29,Age,localMax_Age,0.7128327,0.3342098,0.9021441
1584,xgb_shap_list_ir_3,xgb_shap_list_ir_3_subset_68,Pregnancies,localMax_Pregnancies,-0.0701285,0.31972355,-0.20007914
1585,xgb_shap_list_ir_3,xgb_shap_list_ir_3_subset_68,Glucose,localMax_Glucose,1.5054901,2.6452765,1.1255612
1586,xgb_shap_list_ir_3,xgb_shap_list_ir_3_subset_68,BloodPressure,localMax_BloodPressure,-0.16955784,-0.028773963,0.25279385
1587,xgb_shap_list_ir_3,xgb_shap_list_ir_3_subset_68,SkinThickness,localMax_SkinThickness,-0.22369425,-0.084570274,0.47192565
1588,xgb_shap_list_ir_3,xgb_shap_list_ir_3_subset_68,Insulin,localMax_Insulin,0.23261592,0.31859827,0.14663354
1589,xgb_shap_list_ir_3,xgb_shap_list_ir_3_subset_68,BMI,localMax_BMI,0.7325107,0.42395633,0.11540204
1590,xgb_shap_list_ir_3,xgb_shap_list_ir_3_subset_68,DiabetesPedigreeFunction,localMax_DiabetesPedigreeFunction,0.3071257,0.10294014,0.5113112
1591,xgb_shap_list_ir_3,xgb_shap_list_ir_3_subset_68,Age,localMax_Age,1.413994,-0.4629373,1.6225419
1592,xgb_shap_list_ir_2,xgb_shap_list_ir_2_subset_132,Pregnancies,localMax_Pregnancies,0.07417679,0.016832232,0.13152137
1593,xgb_shap_list_ir_2,xgb_shap_list_ir_2_subset_132,Glucose,localMax_Glucose,0.6839613,1.9367161,0.99714994
1594,xgb_shap_list_ir_2,xgb_shap_list_ir_2_subset_132,BloodPressure,localMax_BloodPressure,0.636968,0.76531255,0.38027894
1595,xgb_shap_list_ir_2,xgb_shap_list_ir_2_subset_132,SkinThickness,localMax_SkinThickness,-0.18627572,-0.0747861,-0.29776537
1596,xgb_shap_list_ir_2,xgb_shap_list_ir_2_subset_132,Insulin,localMax_Insulin,0.1378079,0.04857427,0.31627518
1597,xgb_shap_list_ir_2,xgb_shap_list_ir_2_subset_132,BMI,localMax_BMI,0.89391613,0.52866614,0.7112912
1598,xgb_shap_list_ir_2,xgb_shap_list_ir_2_subset_132,DiabetesPedigreeFunction,localMax_DiabetesPedigreeFunction,0.5977214,0.39782035,0.79762244
1599,xgb_shap_list_ir_2,xgb_shap_list_ir_2_subset_132,Age,localMax_Age,1.6819288,1.4679916,0.8261798
1600,xgb_shap_list_ir_5,xgb_shap_list_ir_5_subset_147,Pregnancies,localMax_Pregnancies,0.23099202,0.88943624,0.06638098
1601,xgb_shap_list_ir_5,xgb_shap_list_ir_5_subset_147,Glucose,localMax_Glucose,1.0791419,0.65081525,0.22248864
1602,xgb_shap_list_ir_5,xgb_shap_list_ir_5_subset_147,BloodPressure,localMax_BloodPressure,0.059792817,-0.035451204,0.15503687
1603,xgb_shap_list_ir_5,xgb_shap_list_ir_5_subset_147,SkinThickness,localMax_SkinThickness,0.12640926,0.0687584,0.18406013
1604,xgb_shap_list_ir_5,xgb_shap_list_ir_5_subset_147,Insulin,localMax_Insulin,0.08595824,0.24440935,0.16518378
1605,xgb_shap_list_ir_5,xgb_shap_list_ir_5_subset_147,BMI,localMax_BMI,-0.027548373,-0.29447407,1.0401547
1606,xgb_shap_list_ir_5,xgb_shap_list_ir_5_subset_147,DiabetesPedigreeFunction,localMax_DiabetesPedigreeFunction,0.52752596,0.38806784,0.6669841
1607,xgb_shap_list_ir_5,xgb_shap_list_ir_5_subset_147,Age,localMax_Age,0.34472597,0.51163477,0.17781723
1608,xgb_shap_list_ir_3,xgb_shap_list_ir_3_subset_118,Pregnancies,localMax_Pregnancies,0.39121908,0.17423815,0.4997095
1609,xgb_shap_list_ir_3,xgb_shap_list_ir_3_subset_118,Glucose,localMax_Glucose,0.7828207,1.1054976,0.4601437
1610,xgb_shap_list_ir_3,xgb_shap_list_ir_3_subset_118,BloodPressure,localMax_BloodPressure,-0.23686796,-0.11120266,0.6427893
1611,xgb_shap_list_ir_3,xgb_shap_list_ir_3_subset_118,SkinThickness,localMax_SkinThickness,0.21184888,0.12867123,-0.28721696
1612,xgb_shap_list_ir_3,xgb_shap_list_ir_3_subset_118,Insulin,localMax_Insulin,0.30844456,0.13062233,0.4862668
1613,xgb_shap_list_ir_3,xgb_shap_list_ir_3_subset_118,BMI,localMax_BMI,0.39897883,0.6926507,2.4546812
1614,xgb_shap_list_ir_3,xgb_shap_list_ir_3_subset_118,DiabetesPedigreeFunction,localMax_DiabetesPedigreeFunction,0.76076055,0.98730266,0.53421843
1615,xgb_shap_list_ir_3,xgb_shap_list_ir_3_subset_118,Age,localMax_Age,0.71487325,0.8448477,0.58489877
1616,xgb_shap_list_ir_4,xgb_shap_list_ir_4_subset_90,Pregnancies,localMax_Pregnancies,0.36762708,0.16351748,0.5717367
1617,xgb_shap_list_ir_4,xgb_shap_list_ir_4_subset_90,Glucose,localMax_Glucose,0.79420364,0.4332553,2.2379968
1618,xgb_shap_list_ir_4,xgb_shap_list_ir_4_subset_90,BloodPressure,localMax_BloodPressure,0.20191246,0.30855626,0.09526864
1619,xgb_shap_list_ir_4,xgb_shap_list_ir_4_subset_90,SkinThickness,localMax_SkinThickness,0.22926289,0.28672317,0.34418344
1620,xgb_shap_list_ir_4,xgb_shap_list_ir_4_subset_90,Insulin,localMax_Insulin,0.05471942,0.15452689,0.2543344
1621,xgb_shap_list_ir_4,xgb_shap_list_ir_4_subset_90,BMI,localMax_BMI,0.18159044,0.72229946,-0.08876407
1622,xgb_shap_list_ir_4,xgb_shap_list_ir_4_subset_90,DiabetesPedigreeFunction,localMax_DiabetesPedigreeFunction,0.83884346,0.64625955,1.0314273
1623,xgb_shap_list_ir_4,xgb_shap_list_ir_4_subset_90,Age,localMax_Age,0.85270584,1.0375322,0.6678796
1624,xgb_shap_list_ir_5,xgb_shap_list_ir_5_subset_138,Pregnancies,localMax_Pregnancies,0.14896643,0.05126369,0.24666917
1625,xgb_shap_list_ir_5,xgb_shap_list_ir_5_subset_138,Glucose,localMax_Glucose,2.1937575,1.7540143,0.8745272
1626,xgb_shap_list_ir_5,xgb_shap_list_ir_5_subset_138,BloodPressure,localMax_BloodPressure,-0.061686903,0.06597498,-0.18934879
1627,xgb_shap_list_ir_5,xgb_shap_list_ir_5_subset_138,SkinThickness,localMax_SkinThickness,0.15152663,0.34494656,0.2482366
1628,xgb_shap_list_ir_5,xgb_shap_list_ir_5_subset_138,Insulin,localMax_Insulin,0.0030359924,-0.10960841,0.56625795
1629,xgb_shap_list_ir_5,xgb_shap_list_ir_5_subset_138,BMI,localMax_BMI,0.43593907,0.12630248,-0.18333411
1630,xgb_shap_list_ir_5,xgb_shap_list_ir_5_subset_138,DiabetesPedigreeFunction,localMax_DiabetesPedigreeFunction,0.62491095,0.7993524,0.97379386
1631,xgb_shap_list_ir_5,xgb_shap_list_ir_5_subset_138,Age,localMax_Age,0.2310412,0.03785944,0.42422295
1632,xgb_shap_list_ir_3,xgb_shap_list_ir_3_subset_55,Pregnancies,localMax_Pregnancies,0.727309,0.52732265,0.9272952
1633,xgb_shap_list_ir_3,xgb_shap_list_ir_3_subset_55,Glucose,localMax_Glucose,2.1065671,0.94526124,2.493669
1634,xgb_shap_list_ir_3,xgb_shap_list_ir_3_subset_55,BloodPressure,localMax_BloodPressure,-0.019752592,-0.27098817,-0.1453704
1635,xgb_shap_list_ir_3,xgb_shap_list_ir_3_subset_55,SkinThickness,localMax_SkinThickness,0.2650294,0.19500473,0.3350541
1636,xgb_shap_list_ir_3,xgb_shap_list_ir_3_subset_55,Insulin,localMax_Insulin,-0.23023668,-0.12962735,0.27280992
1637,xgb_shap_list_ir_3,xgb_shap_list_ir_3_subset_55,BMI,localMax_BMI,0.28011787,0.02985394,2.5324938
1638,xgb_shap_list_ir_3,xgb_shap_list_ir_3_subset_55,DiabetesPedigreeFunction,localMax_DiabetesPedigreeFunction,-0.14654937,0.1294145,0.26739645
1639,xgb_shap_list_ir_3,xgb_shap_list_ir_3_subset_55,Age,localMax_Age,0.07407677,0.22209325,0.37010974
1640,xgb_shap_list_ir_1,xgb_shap_list_ir_1_subset_28,Pregnancies,localMax_Pregnancies,0.2493025,0.12752283,-0.6031554
1641,xgb_shap_list_ir_1,xgb_shap_list_ir_1_subset_28,Glucose,localMax_Glucose,0.6407522,0.5128357,0.38491917
1642,xgb_shap_list_ir_1,xgb_shap_list_ir_1_subset_28,BloodPressure,localMax_BloodPressure,0.9271263,0.7855482,1.0687045
1643,xgb_shap_list_ir_1,xgb_shap_list_ir_1_subset_28,SkinThickness,localMax_SkinThickness,-0.120855935,-0.23641816,-0.06307483
1644,xgb_shap_list_ir_1,xgb_shap_list_ir_1_subset_28,Insulin,localMax_Insulin,0.78739846,0.6137073,0.9610896
1645,xgb_shap_list_ir_1,xgb_shap_list_ir_1_subset_28,BMI,localMax_BMI,1.0107328,0.74565005,-0.049598217
1646,xgb_shap_list_ir_1,xgb_shap_list_ir_1_subset_28,DiabetesPedigreeFunction,localMax_DiabetesPedigreeFunction,0.54444134,1.2821504,1.1346086
1647,xgb_shap_list_ir_1,xgb_shap_list_ir_1_subset_28,Age,localMax_Age,0.47722006,0.3565367,0.59790343
1648,xgb_shap_list_ir_5,xgb_shap_list_ir_5_subset_136,Pregnancies,localMax_Pregnancies,0.46822125,0.6298195,0.30662292
1649,xgb_shap_list_ir_5,xgb_shap_list_ir_5_subset_136,Glucose,localMax_Glucose,1.3405063,1.7269595,0.9540533
1650,xgb_shap_list_ir_5,xgb_shap_list_ir_5_subset_136,BloodPressure,localMax_BloodPressure,-0.05231884,-0.16143107,-0.2705433
1651,xgb_shap_list_ir_5,xgb_shap_list_ir_5_subset_136,SkinThickness,localMax_SkinThickness,0.35073227,0.2538622,0.44760233
1652,xgb_shap_list_ir_5,xgb_shap_list_ir_5_subset_136,Insulin,localMax_Insulin,-0.0858182,-0.21164006,0.5432911
1653,xgb_shap_list_ir_5,xgb_shap_list_ir_5_subset_136,BMI,localMax_BMI,0.670419,0.37709355,0.08376813
1654,xgb_shap_list_ir_5,xgb_shap_list_ir_5_subset_136,DiabetesPedigreeFunction,localMax_DiabetesPedigreeFunction,0.5049281,0.32128352,0.13763887
1655,xgb_shap_list_ir_5,xgb_shap_list_ir_5_subset_136,Age,localMax_Age,0.29821432,0.7799021,0.65948015
1656,xgb_shap_list_ir_5,xgb_shap_list_ir_5_subset_8,Pregnancies,localMax_Pregnancies,0.69088095,0.83356345,0.5481985
1657,xgb_shap_list_ir_5,xgb_shap_list_ir_5_subset_8,Glucose,localMax_Glucose,1.2072444,2.5577455,2.895371
1658,xgb_shap_list_ir_5,xgb_shap_list_ir_5_subset_8,BloodPressure,localMax_BloodPressure,-0.09715605,-0.23749843,-0.37784085
1659,xgb_shap_list_ir_5,xgb_shap_list_ir_5_subset_8,SkinThickness,localMax_SkinThickness,0.22416645,0.3464908,0.101842046
1660,xgb_shap_list_ir_5,xgb_shap_list_ir_5_subset_8,Insulin,localMax_Insulin,-0.052839965,0.06770763,-0.17338753
1661,xgb_shap_list_ir_5,xgb_shap_list_ir_5_subset_8,BMI,localMax_BMI,-0.15404439,0.06619185,0.28642803
1662,xgb_shap_list_ir_5,xgb_shap_list_ir_5_subset_8,DiabetesPedigreeFunction,localMax_DiabetesPedigreeFunction,0.56796706,1.0765904,0.31365532
1663,xgb_shap_list_ir_5,xgb_shap_list_ir_5_subset_8,Age,localMax_Age,0.32815546,0.6054966,0.74416715
1664,xgb_shap_list_ir_4,xgb_shap_list_ir_4_subset_44,Pregnancies,localMax_Pregnancies,0.10447425,0.22717887,0.8407019
1665,xgb_shap_list_ir_4,xgb_shap_list_ir_4_subset_44,Glucose,localMax_Glucose,1.752712,1.3428428,2.162581
1666,xgb_shap_list_ir_4,xgb_shap_list_ir_4_subset_44,BloodPressure,localMax_BloodPressure,-0.034499407,0.053170443,-0.122169286
1667,xgb_shap_list_ir_4,xgb_shap_list_ir_4_subset_44,SkinThickness,localMax_SkinThickness,0.111692965,0.25238144,0.39306992
1668,xgb_shap_list_ir_4,xgb_shap_list_ir_4_subset_44,Insulin,localMax_Insulin,-0.2179715,-0.14197508,0.5419927
1669,xgb_shap_list_ir_4,xgb_shap_list_ir_4_subset_44,BMI,localMax_BMI,-0.1545456,-0.3658015,1.324246
1670,xgb_shap_list_ir_4,xgb_shap_list_ir_4_subset_44,DiabetesPedigreeFunction,localMax_DiabetesPedigreeFunction,0.3922857,0.6037642,0.18080717
1671,xgb_shap_list_ir_4,xgb_shap_list_ir_4_subset_44,Age,localMax_Age,0.42478287,0.64223945,0.2073263
1672,xgb_shap_list_ir_1,xgb_shap_list_ir_1_subset_88,Pregnancies,localMax_Pregnancies,0.31244636,0.041825682,0.40265328
1673,xgb_shap_list_ir_1,xgb_shap_list_ir_1_subset_88,Glucose,localMax_Glucose,1.4440558,1.7816916,0.7687843
1674,xgb_shap_list_ir_1,xgb_shap_list_ir_1_subset_88,BloodPressure,localMax_BloodPressure,0.15388724,0.2364212,0.19515422
1675,xgb_shap_list_ir_1,xgb_shap_list_ir_1_subset_88,SkinThickness,localMax_SkinThickness,0.24401209,0.34688193,0.29544702
1676,xgb_shap_list_ir_1,xgb_shap_list_ir_1_subset_88,Insulin,localMax_Insulin,0.8524811,1.018046,-0.80316776
1677,xgb_shap_list_ir_1,xgb_shap_list_ir_1_subset_88,BMI,localMax_BMI,-0.1649569,-0.10747352,0.5248437
1678,xgb_shap_list_ir_1,xgb_shap_list_ir_1_subset_88,DiabetesPedigreeFunction,localMax_DiabetesPedigreeFunction,0.0070715547,-0.14281952,-0.5924927
1679,xgb_shap_list_ir_1,xgb_shap_list_ir_1_subset_88,Age,localMax_Age,1.0043805,1.2386587,-0.40128875
1680,xgb_shap_list_ir_3,xgb_shap_list_ir_3_subset_96,Pregnancies,localMax_Pregnancies,-0.16021943,-0.08089566,-0.23954318
1681,xgb_shap_list_ir_3,xgb_shap_list_ir_3_subset_96,Glucose,localMax_Glucose,1.5611384,1.3003184,1.8219585
1682,xgb_shap_list_ir_3,xgb_shap_list_ir_3_subset_96,BloodPressure,localMax_BloodPressure,0.44284767,0.273156,0.6125393
1683,xgb_shap_list_ir_3,xgb_shap_list_ir_3_subset_96,SkinThickness,localMax_SkinThickness,0.26700804,0.33027136,0.20374471
1684,xgb_shap_list_ir_3,xgb_shap_list_ir_3_subset_96,Insulin,localMax_Insulin,-0.091991365,0.108216584,-0.19209534
1685,xgb_shap_list_ir_3,xgb_shap_list_ir_3_subset_96,BMI,localMax_BMI,0.5656264,0.20166469,-0.16229713
1686,xgb_shap_list_ir_3,xgb_shap_list_ir_3_subset_96,DiabetesPedigreeFunction,localMax_DiabetesPedigreeFunction,0.4825412,0.6512126,0.31386977
1687,xgb_shap_list_ir_3,xgb_shap_list_ir_3_subset_96,Age,localMax_Age,0.2633295,0.51084805,1.005885
1688,xgb_shap_list_ir_3,xgb_shap_list_ir_3_subset_40,Pregnancies,localMax_Pregnancies,0.318188,0.21177882,0.10536966
1689,xgb_shap_list_ir_3,xgb_shap_list_ir_3_subset_40,Glucose,localMax_Glucose,1.2294455,1.5989385,0.85995245
1690,xgb_shap_list_ir_3,xgb_shap_list_ir_3_subset_40,BloodPressure,localMax_BloodPressure,0.25015938,0.18119729,0.38808364
1691,xgb_shap_list_ir_3,xgb_shap_list_ir_3_subset_40,SkinThickness,localMax_SkinThickness,0.15738386,0.08992794,0.22483975
1692,xgb_shap_list_ir_3,xgb_shap_list_ir_3_subset_40,Insulin,localMax_Insulin,0.36586732,0.24010575,0.4916289
1693,xgb_shap_list_ir_3,xgb_shap_list_ir_3_subset_40,BMI,localMax_BMI,1.2631096,0.89162755,-0.22281832
1694,xgb_shap_list_ir_3,xgb_shap_list_ir_3_subset_40,DiabetesPedigreeFunction,localMax_DiabetesPedigreeFunction,1.3911145,1.1396827,1.6425463
1695,xgb_shap_list_ir_3,xgb_shap_list_ir_3_subset_40,Age,localMax_Age,0.6180521,0.86129737,1.1045426
1696,xgb_shap_list_ir_3,xgb_shap_list_ir_3_subset_158,Pregnancies,localMax_Pregnancies,0.3713243,0.51067704,0.23197156
1697,xgb_shap_list_ir_3,xgb_shap_list_ir_3_subset_158,Glucose,localMax_Glucose,1.4960885,1.841939,1.1502383
1698,xgb_shap_list_ir_3,xgb_shap_list_ir_3_subset_158,BloodPressure,localMax_BloodPressure,0.5785799,0.35970974,0.79745007
1699,xgb_shap_list_ir_3,xgb_shap_list_ir_3_subset_158,SkinThickness,localMax_SkinThickness,0.39510137,0.5246618,0.26554096
1700,xgb_shap_list_ir_3,xgb_shap_list_ir_3_subset_158,Insulin,localMax_Insulin,0.16546631,0.2721718,0.058760792
1701,xgb_shap_list_ir_3,xgb_shap_list_ir_3_subset_158,BMI,localMax_BMI,0.48114938,0.31275558,-0.024032116
1702,xgb_shap_list_ir_3,xgb_shap_list_ir_3_subset_158,DiabetesPedigreeFunction,localMax_DiabetesPedigreeFunction,0.516465,0.24355006,0.6529225
1703,xgb_shap_list_ir_3,xgb_shap_list_ir_3_subset_158,Age,localMax_Age,0.6870903,0.49180686,0.8823737
1704,xgb_shap_list_ir_5,xgb_shap_list_ir_5_subset_42,Pregnancies,localMax_Pregnancies,0.26594895,0.48526025,0.7045715
1705,xgb_shap_list_ir_5,xgb_shap_list_ir_5_subset_42,Glucose,localMax_Glucose,1.3830626,1.7932479,0.97287726
1706,xgb_shap_list_ir_5,xgb_shap_list_ir_5_subset_42,BloodPressure,localMax_BloodPressure,-0.058356285,-0.20166749,0.08495498
1707,xgb_shap_list_ir_5,xgb_shap_list_ir_5_subset_42,SkinThickness,localMax_SkinThickness,0.29362273,0.38921726,0.48481184
1708,xgb_shap_list_ir_5,xgb_shap_list_ir_5_subset_42,Insulin,localMax_Insulin,0.02946642,-0.04650207,0.105434924
1709,xgb_shap_list_ir_5,xgb_shap_list_ir_5_subset_42,BMI,localMax_BMI,-0.058988154,0.21020794,2.094581
1710,xgb_shap_list_ir_5,xgb_shap_list_ir_5_subset_42,DiabetesPedigreeFunction,localMax_DiabetesPedigreeFunction,0.01117909,0.5154765,0.38940215
1711,xgb_shap_list_ir_5,xgb_shap_list_ir_5_subset_42,Age,localMax_Age,0.57814205,0.7434266,0.41285747
1712,xgb_shap_list_ir_5,xgb_shap_list_ir_5_subset_1,Pregnancies,localMax_Pregnancies,0.03390397,-0.034063533,0.10187149
1713,xgb_shap_list_ir_5,xgb_shap_list_ir_5_subset_1,Glucose,localMax_Glucose,1.5598071,1.2739605,1.8456535
1714,xgb_shap_list_ir_5,xgb_shap_list_ir_5_subset_1,BloodPressure,localMax_BloodPressure,0.2500494,0.07529652,-0.09945637
1715,xgb_shap_list_ir_5,xgb_shap_list_ir_5_subset_1,SkinThickness,localMax_SkinThickness,0.36701262,0.4577058,-0.08645317
1716,xgb_shap_list_ir_5,xgb_shap_list_ir_5_subset_1,Insulin,localMax_Insulin,-0.04344234,0.04980755,-0.13669223
1717,xgb_shap_list_ir_5,xgb_shap_list_ir_5_subset_1,BMI,localMax_BMI,0.21595931,0.4850099,-0.053091228
1718,xgb_shap_list_ir_5,xgb_shap_list_ir_5_subset_1,DiabetesPedigreeFunction,localMax_DiabetesPedigreeFunction,0.19701672,0.43256533,0.9036627
1719,xgb_shap_list_ir_5,xgb_shap_list_ir_5_subset_1,Age,localMax_Age,0.20033854,0.3965233,0.788893
1720,xgb_shap_list_ir_1,xgb_shap_list_ir_1_subset_141,Pregnancies,localMax_Pregnancies,0.40938276,0.29301393,0.1766451
1721,xgb_shap_list_ir_1,xgb_shap_list_ir_1_subset_141,Glucose,localMax_Glucose,1.1916267,0.4342171,0.1817472
1722,xgb_shap_list_ir_1,xgb_shap_list_ir_1_subset_141,BloodPressure,localMax_BloodPressure,0.48113406,0.32995808,0.17878217
1723,xgb_shap_list_ir_1,xgb_shap_list_ir_1_subset_141,SkinThickness,localMax_SkinThickness,0.8653176,-0.47234914,0.9767897
1724,xgb_shap_list_ir_1,xgb_shap_list_ir_1_subset_141,Insulin,localMax_Insulin,-0.2812451,-0.38051498,0.31437415
1725,xgb_shap_list_ir_1,xgb_shap_list_ir_1_subset_141,BMI,localMax_BMI,0.4022829,0.29660153,0.1909202
1726,xgb_shap_list_ir_1,xgb_shap_list_ir_1_subset_141,DiabetesPedigreeFunction,localMax_DiabetesPedigreeFunction,0.94502854,0.81829447,-0.06884426
1727,xgb_shap_list_ir_1,xgb_shap_list_ir_1_subset_141,Age,localMax_Age,0.28123403,0.37112576,0.1913423
1728,xgb_shap_list_ir_2,xgb_shap_list_ir_2_subset_92,Pregnancies,localMax_Pregnancies,1.0111473,0.7355,-0.36708933
1729,xgb_shap_list_ir_2,xgb_shap_list_ir_2_subset_92,Glucose,localMax_Glucose,0.4439566,0.16424334,1.2830966
1730,xgb_shap_list_ir_2,xgb_shap_list_ir_2_subset_92,BloodPressure,localMax_BloodPressure,0.5214925,-0.110945225,0.6796019
1731,xgb_shap_list_ir_2,xgb_shap_list_ir_2_subset_92,SkinThickness,localMax_SkinThickness,0.14429626,0.074745566,0.21384698
1732,xgb_shap_list_ir_2,xgb_shap_list_ir_2_subset_92,Insulin,localMax_Insulin,0.08334547,0.81585974,-0.021299422
1733,xgb_shap_list_ir_2,xgb_shap_list_ir_2_subset_92,BMI,localMax_BMI,0.005583644,-0.16888493,0.18005216
1734,xgb_shap_list_ir_2,xgb_shap_list_ir_2_subset_92,DiabetesPedigreeFunction,localMax_DiabetesPedigreeFunction,1.1032953,0.49374568,0.29056245
1735,xgb_shap_list_ir_2,xgb_shap_list_ir_2_subset_92,Age,localMax_Age,0.2175597,0.35109705,0.0840224
1736,xgb_shap_list_ir_2,xgb_shap_list_ir_2_subset_128,Pregnancies,localMax_Pregnancies,0.1604965,0.28780252,0.35145554
1737,xgb_shap_list_ir_2,xgb_shap_list_ir_2_subset_128,Glucose,localMax_Glucose,0.54439044,1.4679847,1.7758496
1738,xgb_shap_list_ir_2,xgb_shap_list_ir_2_subset_128,BloodPressure,localMax_BloodPressure,-0.095988214,-0.19639415,0.5064474
1739,xgb_shap_list_ir_2,xgb_shap_list_ir_2_subset_128,SkinThickness,localMax_SkinThickness,0.42597377,0.33370662,-0.3121638
1740,xgb_shap_list_ir_2,xgb_shap_list_ir_2_subset_128,Insulin,localMax_Insulin,-0.020603925,-0.10413882,0.06293097
1741,xgb_shap_list_ir_2,xgb_shap_list_ir_2_subset_128,BMI,localMax_BMI,1.2418985,1.4227824,0.3374796
1742,xgb_shap_list_ir_2,xgb_shap_list_ir_2_subset_128,DiabetesPedigreeFunction,localMax_DiabetesPedigreeFunction,0.7766291,0.59053063,0.96272755
1743,xgb_shap_list_ir_2,xgb_shap_list_ir_2_subset_128,Age,localMax_Age,-0.1750099,0.46125728,-0.01594311
1744,xgb_shap_list_ir_4,xgb_shap_list_ir_4_subset_35,Pregnancies,localMax_Pregnancies,0.046096742,0.121205986,0.19631523
1745,xgb_shap_list_ir_4,xgb_shap_list_ir_4_subset_35,Glucose,localMax_Glucose,2.0687692,0.34437478,1.6376705
1746,xgb_shap_list_ir_4,xgb_shap_list_ir_4_subset_35,BloodPressure,localMax_BloodPressure,0.27789772,0.12965739,0.42613804
1747,xgb_shap_list_ir_4,xgb_shap_list_ir_4_subset_35,SkinThickness,localMax_SkinThickness,0.4067232,0.5097895,0.30365682
1748,xgb_shap_list_ir_4,xgb_shap_list_ir_4_subset_35,Insulin,localMax_Insulin,0.100290045,0.038117483,-0.024055094
1749,xgb_shap_list_ir_4,xgb_shap_list_ir_4_subset_35,BMI,localMax_BMI,-0.12926471,0.15086687,0.71113
1750,xgb_shap_list_ir_4,xgb_shap_list_ir_4_subset_35,DiabetesPedigreeFunction,localMax_DiabetesPedigreeFunction,0.4676438,0.62109226,0.31419528
1751,xgb_shap_list_ir_4,xgb_shap_list_ir_4_subset_35,Age,localMax_Age,1.0662959,1.2790595,0.8535322
1752,xgb_shap_list_ir_1,xgb_shap_list_ir_1_subset_158,Pregnancies,localMax_Pregnancies,0.4429446,0.5800685,0.7171924
1753,xgb_shap_list_ir_1,xgb_shap_list_ir_1_subset_158,Glucose,localMax_Glucose,0.8119199,1.090777,0.5330628
1754,xgb_shap_list_ir_1,xgb_shap_list_ir_1_subset_158,BloodPressure,localMax_BloodPressure,0.9522582,-0.106414884,-0.21228218
1755,xgb_shap_list_ir_1,xgb_shap_list_ir_1_subset_158,SkinThickness,localMax_SkinThickness,0.40455955,0.32302308,0.24148664
1756,xgb_shap_list_ir_1,xgb_shap_list_ir_1_subset_158,Insulin,localMax_Insulin,0.6184921,-0.07289821,0.70491594
1757,xgb_shap_list_ir_1,xgb_shap_list_ir_1_subset_158,BMI,localMax_BMI,1.2567449,0.025855422,1.4325862
1758,xgb_shap_list_ir_1,xgb_shap_list_ir_1_subset_158,DiabetesPedigreeFunction,localMax_DiabetesPedigreeFunction,0.50421643,0.38660675,0.26899707
1759,xgb_shap_list_ir_1,xgb_shap_list_ir_1_subset_158,Age,localMax_Age,0.73893785,0.9600047,0.517871
1760,xgb_shap_list_ir_4,xgb_shap_list_ir_4_subset_136,Pregnancies,localMax_Pregnancies,0.8091954,1.0094885,0.20831597
1761,xgb_shap_list_ir_4,xgb_shap_list_ir_4_subset_136,Glucose,localMax_Glucose,2.1903875,2.5152736,1.5406151
1762,xgb_shap_list_ir_4,xgb_shap_list_ir_4_subset_136,BloodPressure,localMax_BloodPressure,0.2681805,0.13518631,0.0021921396
1763,xgb_shap_list_ir_4,xgb_shap_list_ir_4_subset_136,SkinThickness,localMax_SkinThickness,0.21144295,0.4482789,0.56669694
1764,xgb_shap_list_ir_4,xgb_shap_list_ir_4_subset_136,Insulin,localMax_Insulin,0.27099314,0.09379879,0.15286356
1765,xgb_shap_list_ir_4,xgb_shap_list_ir_4_subset_136,BMI,localMax_BMI,0.011294007,0.23331988,1.5654753
1766,xgb_shap_list_ir_4,xgb_shap_list_ir_4_subset_136,DiabetesPedigreeFunction,localMax_DiabetesPedigreeFunction,0.11444622,-0.059202075,0.28809446
1767,xgb_shap_list_ir_4,xgb_shap_list_ir_4_subset_136,Age,localMax_Age,0.58082294,0.2964707,0.72299904
1768,xgb_shap_list_ir_5,xgb_shap_list_ir_5_subset_26,Pregnancies,localMax_Pregnancies,0.61063653,0.45855802,0.30647957
1769,xgb_shap_list_ir_5,xgb_shap_list_ir_5_subset_26,Glucose,localMax_Glucose,2.5984116,0.7474644,2.1356747
1770,xgb_shap_list_ir_5,xgb_shap_list_ir_5_subset_26,BloodPressure,localMax_BloodPressure,0.026409924,0.20411327,0.115261614
1771,xgb_shap_list_ir_5,xgb_shap_list_ir_5_subset_26,SkinThickness,localMax_SkinThickness,0.13432705,0.2137034,0.2930798
1772,xgb_shap_list_ir_5,xgb_shap_list_ir_5_subset_26,Insulin,localMax_Insulin,0.08048859,-0.013874203,0.17485139
1773,xgb_shap_list_ir_5,xgb_shap_list_ir_5_subset_26,BMI,localMax_BMI,0.27967066,0.065246165,0.70851946
1774,xgb_shap_list_ir_5,xgb_shap_list_ir_5_subset_26,DiabetesPedigreeFunction,localMax_DiabetesPedigreeFunction,0.58216965,0.3581053,0.13404089
1775,xgb_shap_list_ir_5,xgb_shap_list_ir_5_subset_26,Age,localMax_Age,-0.31983107,0.5465498,1.4129307
1776,xgb_shap_list_ir_2,xgb_shap_list_ir_2_subset_108,Pregnancies,localMax_Pregnancies,0.1559942,0.024041474,0.090017855
1777,xgb_shap_list_ir_2,xgb_shap_list_ir_2_subset_108,Glucose,localMax_Glucose,1.2622149,1.5762916,0.9481385
1778,xgb_shap_list_ir_2,xgb_shap_list_ir_2_subset_108,BloodPressure,localMax_BloodPressure,0.2421667,0.37571764,0.64281946
1779,xgb_shap_list_ir_2,xgb_shap_list_ir_2_subset_108,SkinThickness,localMax_SkinThickness,0.3512274,0.24602339,0.14081934
1780,xgb_shap_list_ir_2,xgb_shap_list_ir_2_subset_108,Insulin,localMax_Insulin,0.2302624,0.34986722,0.11065757
1781,xgb_shap_list_ir_2,xgb_shap_list_ir_2_subset_108,BMI,localMax_BMI,1.891695,0.011297703,1.6230669
1782,xgb_shap_list_ir_2,xgb_shap_list_ir_2_subset_108,DiabetesPedigreeFunction,localMax_DiabetesPedigreeFunction,0.5713515,0.68556374,0.45713925
1783,xgb_shap_list_ir_2,xgb_shap_list_ir_2_subset_108,Age,localMax_Age,0.54478896,0.39737332,0.69220454
1784,xgb_shap_list_ir_1,xgb_shap_list_ir_1_subset_74,Pregnancies,localMax_Pregnancies,0.4337502,0.56085813,0.052426398
1785,xgb_shap_list_ir_1,xgb_shap_list_ir_1_subset_74,Glucose,localMax_Glucose,1.9134893,1.5759807,2.250998
1786,xgb_shap_list_ir_1,xgb_shap_list_ir_1_subset_74,BloodPressure,localMax_BloodPressure,0.6714375,0.98115754,1.1360176
1787,xgb_shap_list_ir_1,xgb_shap_list_ir_1_subset_74,SkinThickness,localMax_SkinThickness,0.43264958,0.36567378,-0.17013276
1788,xgb_shap_list_ir_1,xgb_shap_list_ir_1_subset_74,Insulin,localMax_Insulin,0.15992972,0.42231166,0.33485103
1789,xgb_shap_list_ir_1,xgb_shap_list_ir_1_subset_74,BMI,localMax_BMI,0.5775098,0.705236,0.8329622
1790,xgb_shap_list_ir_1,xgb_shap_list_ir_1_subset_74,DiabetesPedigreeFunction,localMax_DiabetesPedigreeFunction,0.023026675,0.49966323,-0.09613246
1791,xgb_shap_list_ir_1,xgb_shap_list_ir_1_subset_74,Age,localMax_Age,0.087671876,0.39260542,-0.01397264
1792,xgb_shap_list_ir_2,xgb_shap_list_ir_2_subset_76,Pregnancies,localMax_Pregnancies,0.15104613,0.3523525,0.25169933
1793,xgb_shap_list_ir_2,xgb_shap_list_ir_2_subset_76,Glucose,localMax_Glucose,2.823883,2.4329205,1.2600319
1794,xgb_shap_list_ir_2,xgb_shap_list_ir_2_subset_76,BloodPressure,localMax_BloodPressure,0.39791363,0.4863438,0.30948347
1795,xgb_shap_list_ir_2,xgb_shap_list_ir_2_subset_76,SkinThickness,localMax_SkinThickness,0.044340968,-0.019298032,0.10797995
1796,xgb_shap_list_ir_2,xgb_shap_list_ir_2_subset_76,Insulin,localMax_Insulin,-0.0013889074,-0.07698142,0.074203596
1797,xgb_shap_list_ir_2,xgb_shap_list_ir_2_subset_76,BMI,localMax_BMI,0.9576299,0.21223938,1.2060934
1798,xgb_shap_list_ir_2,xgb_shap_list_ir_2_subset_76,DiabetesPedigreeFunction,localMax_DiabetesPedigreeFunction,0.23848325,0.45689344,0.6753037
1799,xgb_shap_list_ir_2,xgb_shap_list_ir_2_subset_76,Age,localMax_Age,0.29578614,0.14021498,0.7624996
1800,xgb_shap_list_ir_3,xgb_shap_list_ir_3_subset_63,Pregnancies,localMax_Pregnancies,-0.08766495,-0.013439685,-0.16189022
1801,xgb_shap_list_ir_3,xgb_shap_list_ir_3_subset_63,Glucose,localMax_Glucose,1.1330508,0.79386055,0.45467043
1802,xgb_shap_list_ir_3,xgb_shap_list_ir_3_subset_63,BloodPressure,localMax_BloodPressure,0.59780943,0.41638303,0.23495662
1803,xgb_shap_list_ir_3,xgb_shap_list_ir_3_subset_63,SkinThickness,localMax_SkinThickness,0.038702816,0.16417837,0.10144058
1804,xgb_shap_list_ir_3,xgb_shap_list_ir_3_subset_63,Insulin,localMax_Insulin,-0.060460493,-0.121602654,0.30639252
1805,xgb_shap_list_ir_3,xgb_shap_list_ir_3_subset_63,BMI,localMax_BMI,0.21674871,0.42708606,0.6374234
1806,xgb_shap_list_ir_3,xgb_shap_list_ir_3_subset_63,DiabetesPedigreeFunction,localMax_DiabetesPedigreeFunction,0.28706437,0.4586407,0.11548802
1807,xgb_shap_list_ir_3,xgb_shap_list_ir_3_subset_63,Age,localMax_Age,0.036475897,0.20137024,-0.12841845
1808,xgb_shap_list_ir_3,xgb_shap_list_ir_3_subset_32,Pregnancies,localMax_Pregnancies,0.22758615,0.32966655,0.43174702
1809,xgb_shap_list_ir_3,xgb_shap_list_ir_3_subset_32,Glucose,localMax_Glucose,0.70682883,1.1195657,0.29409194
1810,xgb_shap_list_ir_3,xgb_shap_list_ir_3_subset_32,BloodPressure,localMax_BloodPressure,-0.11625025,0.14706814,0.5420457
1811,xgb_shap_list_ir_3,xgb_shap_list_ir_3_subset_32,SkinThickness,localMax_SkinThickness,0.22769514,0.31155297,0.14383733
1812,xgb_shap_list_ir_3,xgb_shap_list_ir_3_subset_32,Insulin,localMax_Insulin,-0.26689076,-0.385508,-0.14827359
1813,xgb_shap_list_ir_3,xgb_shap_list_ir_3_subset_32,BMI,localMax_BMI,-0.030098438,0.2464652,-0.30666208
1814,xgb_shap_list_ir_3,xgb_shap_list_ir_3_subset_32,DiabetesPedigreeFunction,localMax_DiabetesPedigreeFunction,0.54795647,0.3935526,0.7023603
1815,xgb_shap_list_ir_3,xgb_shap_list_ir_3_subset_32,Age,localMax_Age,0.8864345,0.7477211,0.6090077
1816,xgb_shap_list_ir_1,xgb_shap_list_ir_1_subset_79,Pregnancies,localMax_Pregnancies,0.94029737,0.17315626,-0.018629074
1817,xgb_shap_list_ir_1,xgb_shap_list_ir_1_subset_79,Glucose,localMax_Glucose,1.7298577,2.0870361,1.3726792
1818,xgb_shap_list_ir_1,xgb_shap_list_ir_1_subset_79,BloodPressure,localMax_BloodPressure,0.16639432,0.25133222,0.33627015
1819,xgb_shap_list_ir_1,xgb_shap_list_ir_1_subset_79,SkinThickness,localMax_SkinThickness,-0.24377197,-0.19131832,0.2807645
1820,xgb_shap_list_ir_1,xgb_shap_list_ir_1_subset_79,Insulin,localMax_Insulin,0.1677382,0.26796174,0.06751463
1821,xgb_shap_list_ir_1,xgb_shap_list_ir_1_subset_79,BMI,localMax_BMI,0.84497404,0.7022611,0.5595482
1822,xgb_shap_list_ir_1,xgb_shap_list_ir_1_subset_79,DiabetesPedigreeFunction,localMax_DiabetesPedigreeFunction,0.56894135,0.7943896,0.3434931
1823,xgb_shap_list_ir_1,xgb_shap_list_ir_1_subset_79,Age,localMax_Age,0.009882033,0.5273246,-0.07635838
1824,xgb_shap_list_ir_5,xgb_shap_list_ir_5_subset_113,Pregnancies,localMax_Pregnancies,0.44284493,0.26757687,0.61811304
1825,xgb_shap_list_ir_5,xgb_shap_list_ir_5_subset_113,Glucose,localMax_Glucose,1.8193963,1.4431481,0.6906518
1826,xgb_shap_list_ir_5,xgb_shap_list_ir_5_subset_113,BloodPressure,localMax_BloodPressure,0.2770177,0.41934925,0.13468617
1827,xgb_shap_list_ir_5,xgb_shap_list_ir_5_subset_113,SkinThickness,localMax_SkinThickness,-0.013043731,-0.0622935,0.3317046
1828,xgb_shap_list_ir_5,xgb_shap_list_ir_5_subset_113,Insulin,localMax_Insulin,0.17115992,0.010573894,-0.15001217
1829,xgb_shap_list_ir_5,xgb_shap_list_ir_5_subset_113,BMI,localMax_BMI,1.1204886,0.9437647,0.5903169
1830,xgb_shap_list_ir_5,xgb_shap_list_ir_5_subset_113,DiabetesPedigreeFunction,localMax_DiabetesPedigreeFunction,-0.11466119,0.43941492,0.7164529
1831,xgb_shap_list_ir_5,xgb_shap_list_ir_5_subset_113,Age,localMax_Age,0.27862155,0.84023666,0.09141648
1832,xgb_shap_list_ir_3,xgb_shap_list_ir_3_subset_39,Pregnancies,localMax_Pregnancies,-0.14458838,-0.051871955,-0.33002126
1833,xgb_shap_list_ir_3,xgb_shap_list_ir_3_subset_39,Glucose,localMax_Glucose,1.2687812,1.5815678,1.8943541
1834,xgb_shap_list_ir_3,xgb_shap_list_ir_3_subset_39,BloodPressure,localMax_BloodPressure,0.38668066,0.2795226,0.06520647
1835,xgb_shap_list_ir_3,xgb_shap_list_ir_3_subset_39,SkinThickness,localMax_SkinThickness,-0.09380758,0.15278113,0.029486775
1836,xgb_shap_list_ir_3,xgb_shap_list_ir_3_subset_39,Insulin,localMax_Insulin,-0.028182894,0.07915275,0.025484934
1837,xgb_shap_list_ir_3,xgb_shap_list_ir_3_subset_39,BMI,localMax_BMI,-0.16509101,1.2860969,-0.32633415
1838,xgb_shap_list_ir_3,xgb_shap_list_ir_3_subset_39,DiabetesPedigreeFunction,localMax_DiabetesPedigreeFunction,0.0895147,-0.07541904,0.25444847
1839,xgb_shap_list_ir_3,xgb_shap_list_ir_3_subset_39,Age,localMax_Age,0.59640694,0.29601026,2.3987865
1840,xgb_shap_list_ir_5,xgb_shap_list_ir_5_subset_127,Pregnancies,localMax_Pregnancies,0.6396096,0.8928392,0.38638008
1841,xgb_shap_list_ir_5,xgb_shap_list_ir_5_subset_127,Glucose,localMax_Glucose,2.0678127,1.7042222,3.1585836
1842,xgb_shap_list_ir_5,xgb_shap_list_ir_5_subset_127,BloodPressure,localMax_BloodPressure,-0.18178168,-0.018097043,-0.34546635
1843,xgb_shap_list_ir_5,xgb_shap_list_ir_5_subset_127,SkinThickness,localMax_SkinThickness,0.34768656,0.11625567,0.42483017
1844,xgb_shap_list_ir_5,xgb_shap_list_ir_5_subset_127,Insulin,localMax_Insulin,-0.13260138,0.22415769,0.13496792
1845,xgb_shap_list_ir_5,xgb_shap_list_ir_5_subset_127,BMI,localMax_BMI,0.43302953,0.25010812,0.981794
1846,xgb_shap_list_ir_5,xgb_shap_list_ir_5_subset_127,DiabetesPedigreeFunction,localMax_DiabetesPedigreeFunction,-0.09341216,0.29688334,0.8823266
1847,xgb_shap_list_ir_5,xgb_shap_list_ir_5_subset_127,Age,localMax_Age,0.79698104,0.966734,0.62722814
1848,xgb_shap_list_ir_4,xgb_shap_list_ir_4_subset_104,Pregnancies,localMax_Pregnancies,0.20618898,0.32327586,0.4403627
1849,xgb_shap_list_ir_4,xgb_shap_list_ir_4_subset_104,Glucose,localMax_Glucose,1.2782679,1.6982222,2.1181767
1850,xgb_shap_list_ir_4,xgb_shap_list_ir_4_subset_104,BloodPressure,localMax_BloodPressure,0.18857354,0.39043945,0.08764055
1851,xgb_shap_list_ir_4,xgb_shap_list_ir_4_subset_104,SkinThickness,localMax_SkinThickness,0.04884419,0.120630056,-0.022941679
1852,xgb_shap_list_ir_4,xgb_shap_list_ir_4_subset_104,Insulin,localMax_Insulin,0.09756586,-0.0016934574,0.19682518
1853,xgb_shap_list_ir_4,xgb_shap_list_ir_4_subset_104,BMI,localMax_BMI,0.07266611,-0.1717028,0.31703508
1854,xgb_shap_list_ir_4,xgb_shap_list_ir_4_subset_104,DiabetesPedigreeFunction,localMax_DiabetesPedigreeFunction,0.39527738,0.61044323,0.18011159
1855,xgb_shap_list_ir_4,xgb_shap_list_ir_4_subset_104,Age,localMax_Age,0.35982746,0.22727394,0.09472042
1856,xgb_shap_list_ir_2,xgb_shap_list_ir_2_subset_110,Pregnancies,localMax_Pregnancies,0.7458156,0.8681275,0.6235036
1857,xgb_shap_list_ir_2,xgb_shap_list_ir_2_subset_110,Glucose,localMax_Glucose,2.0625405,2.4009345,1.7241466
1858,xgb_shap_list_ir_2,xgb_shap_list_ir_2_subset_110,BloodPressure,localMax_BloodPressure,0.32447907,0.25777483,0.19107056
1859,xgb_shap_list_ir_2,xgb_shap_list_ir_2_subset_110,SkinThickness,localMax_SkinThickness,0.2605524,0.19753599,-0.18056263
1860,xgb_shap_list_ir_2,xgb_shap_list_ir_2_subset_110,Insulin,localMax_Insulin,-0.13485813,-0.04583785,-0.22387841
1861,xgb_shap_list_ir_2,xgb_shap_list_ir_2_subset_110,BMI,localMax_BMI,0.101688504,0.237966,0.51052105
1862,xgb_shap_list_ir_2,xgb_shap_list_ir_2_subset_110,DiabetesPedigreeFunction,localMax_DiabetesPedigreeFunction,0.67428297,0.83561945,0.5129464
1863,xgb_shap_list_ir_2,xgb_shap_list_ir_2_subset_110,Age,localMax_Age,0.202703,0.30321515,0.4037273
1864,xgb_shap_list_ir_2,xgb_shap_list_ir_2_subset_10,Pregnancies,localMax_Pregnancies,0.055860966,0.14165822,-0.28732803
1865,xgb_shap_list_ir_2,xgb_shap_list_ir_2_subset_10,Glucose,localMax_Glucose,1.9076767,1.51407,2.3012834
1866,xgb_shap_list_ir_2,xgb_shap_list_ir_2_subset_10,BloodPressure,localMax_BloodPressure,0.5877527,-0.16406345,0.4373895
1867,xgb_shap_list_ir_2,xgb_shap_list_ir_2_subset_10,SkinThickness,localMax_SkinThickness,0.4747436,0.58377254,-0.070400745
1868,xgb_shap_list_ir_2,xgb_shap_list_ir_2_subset_10,Insulin,localMax_Insulin,0.11054325,0.17111093,-0.010592103
1869,xgb_shap_list_ir_2,xgb_shap_list_ir_2_subset_10,BMI,localMax_BMI,0.17457893,0.28716886,0.06198901
1870,xgb_shap_list_ir_2,xgb_shap_list_ir_2_subset_10,DiabetesPedigreeFunction,localMax_DiabetesPedigreeFunction,0.35905296,0.48734164,0.6156304
1871,xgb_shap_list_ir_2,xgb_shap_list_ir_2_subset_10,Age,localMax_Age,1.500617,1.7038004,1.2974336
1872,xgb_shap_list_ir_5,xgb_shap_list_ir_5_subset_13,Pregnancies,localMax_Pregnancies,0.39195895,0.75504804,0.21041435
1873,xgb_shap_list_ir_5,xgb_shap_list_ir_5_subset_13,Glucose,localMax_Glucose,1.6708372,1.2840385,2.444434
1874,xgb_shap_list_ir_5,xgb_shap_list_ir_5_subset_13,BloodPressure,localMax_BloodPressure,0.037112683,0.119333416,-0.04510805
1875,xgb_shap_list_ir_5,xgb_shap_list_ir_5_subset_13,SkinThickness,localMax_SkinThickness,0.27473325,0.12834853,-0.018036187
1876,xgb_shap_list_ir_5,xgb_shap_list_ir_5_subset_13,Insulin,localMax_Insulin,0.22483134,0.110020965,0.3396417
1877,xgb_shap_list_ir_5,xgb_shap_list_ir_5_subset_13,BMI,localMax_BMI,0.3424194,0.041055143,0.6437837
1878,xgb_shap_list_ir_5,xgb_shap_list_ir_5_subset_13,DiabetesPedigreeFunction,localMax_DiabetesPedigreeFunction,0.29578876,0.10632783,0.48524976
1879,xgb_shap_list_ir_5,xgb_shap_list_ir_5_subset_13,Age,localMax_Age,0.8769462,1.0019842,0.0016806424
1880,xgb_shap_list_ir_2,xgb_shap_list_ir_2_subset_154,Pregnancies,localMax_Pregnancies,0.10612196,0.18113595,0.25614992
1881,xgb_shap_list_ir_2,xgb_shap_list_ir_2_subset_154,Glucose,localMax_Glucose,0.60705256,0.9589827,0.25512242
1882,xgb_shap_list_ir_2,xgb_shap_list_ir_2_subset_154,BloodPressure,localMax_BloodPressure,-0.3443342,0.17450398,0.34745002
1883,xgb_shap_list_ir_2,xgb_shap_list_ir_2_subset_154,SkinThickness,localMax_SkinThickness,0.33814007,0.1931721,0.48310798
1884,xgb_shap_list_ir_2,xgb_shap_list_ir_2_subset_154,Insulin,localMax_Insulin,-0.26461875,-0.35894328,0.48997766
1885,xgb_shap_list_ir_2,xgb_shap_list_ir_2_subset_154,BMI,localMax_BMI,0.41892385,0.17315292,0.6646948
1886,xgb_shap_list_ir_2,xgb_shap_list_ir_2_subset_154,DiabetesPedigreeFunction,localMax_DiabetesPedigreeFunction,0.30568182,0.09855282,1.134198
1887,xgb_shap_list_ir_2,xgb_shap_list_ir_2_subset_154,Age,localMax_Age,0.2927478,1.1804878,0.6478437
1888,xgb_shap_list_ir_5,xgb_shap_list_ir_5_subset_6,Pregnancies,localMax_Pregnancies,0.3826744,0.50995404,0.25539482
1889,xgb_shap_list_ir_5,xgb_shap_list_ir_5_subset_6,Glucose,localMax_Glucose,1.2524877,0.8251312,0.39777493
1890,xgb_shap_list_ir_5,xgb_shap_list_ir_5_subset_6,BloodPressure,localMax_BloodPressure,0.082336724,-0.0269472,0.19162065
1891,xgb_shap_list_ir_5,xgb_shap_list_ir_5_subset_6,SkinThickness,localMax_SkinThickness,0.27128637,0.36034536,0.09316844
1892,xgb_shap_list_ir_5,xgb_shap_list_ir_5_subset_6,Insulin,localMax_Insulin,0.027665436,-0.057972223,0.113303125
1893,xgb_shap_list_ir_5,xgb_shap_list_ir_5_subset_6,BMI,localMax_BMI,0.18163025,0.4536327,-0.090372205
1894,xgb_shap_list_ir_5,xgb_shap_list_ir_5_subset_6,DiabetesPedigreeFunction,localMax_DiabetesPedigreeFunction,0.10951561,-0.03875938,0.25779057
1895,xgb_shap_list_ir_5,xgb_shap_list_ir_5_subset_6,Age,localMax_Age,0.9983827,1.1472394,0.8495259
1896,xgb_shap_list_ir_3,xgb_shap_list_ir_3_subset_82,Pregnancies,localMax_Pregnancies,1.0114979,0.88360435,0.49992383
1897,xgb_shap_list_ir_3,xgb_shap_list_ir_3_subset_82,Glucose,localMax_Glucose,1.022978,1.3113015,0.7346543
1898,xgb_shap_list_ir_3,xgb_shap_list_ir_3_subset_82,BloodPressure,localMax_BloodPressure,0.2123102,0.055787623,0.3688327
1899,xgb_shap_list_ir_3,xgb_shap_list_ir_3_subset_82,SkinThickness,localMax_SkinThickness,0.6051293,0.13335294,0.36924118
1900,xgb_shap_list_ir_3,xgb_shap_list_ir_3_subset_82,Insulin,localMax_Insulin,0.031360656,-0.06677809,0.1294994
1901,xgb_shap_list_ir_3,xgb_shap_list_ir_3_subset_82,BMI,localMax_BMI,0.0039702654,0.25936204,-0.25142154
1902,xgb_shap_list_ir_3,xgb_shap_list_ir_3_subset_82,DiabetesPedigreeFunction,localMax_DiabetesPedigreeFunction,0.7170118,0.96197224,0.4720515
1903,xgb_shap_list_ir_3,xgb_shap_list_ir_3_subset_82,Age,localMax_Age,-0.01597023,-0.18751979,0.15557933
1904,xgb_shap_list_ir_2,xgb_shap_list_ir_2_subset_28,Pregnancies,localMax_Pregnancies,0.14187914,-0.022226393,0.9624069
1905,xgb_shap_list_ir_2,xgb_shap_list_ir_2_subset_28,Glucose,localMax_Glucose,1.3436909,1.0069673,0.3335197
1906,xgb_shap_list_ir_2,xgb_shap_list_ir_2_subset_28,BloodPressure,localMax_BloodPressure,-0.12461305,0.8103409,0.031212628
1907,xgb_shap_list_ir_2,xgb_shap_list_ir_2_subset_28,SkinThickness,localMax_SkinThickness,0.609129,0.26722652,0.49516153
1908,xgb_shap_list_ir_2,xgb_shap_list_ir_2_subset_28,Insulin,localMax_Insulin,0.40794092,0.5443966,0.68085223
1909,xgb_shap_list_ir_2,xgb_shap_list_ir_2_subset_28,BMI,localMax_BMI,0.91352093,0.64396703,0.778744
1910,xgb_shap_list_ir_2,xgb_shap_list_ir_2_subset_28,DiabetesPedigreeFunction,localMax_DiabetesPedigreeFunction,0.30828488,0.036055088,0.21754164
1911,xgb_shap_list_ir_2,xgb_shap_list_ir_2_subset_28,Age,localMax_Age,1.4172368,1.2800856,1.554388
1912,xgb_shap_list_ir_5,xgb_shap_list_ir_5_subset_149,Pregnancies,localMax_Pregnancies,-0.01712197,-0.12958947,0.09534553
1913,xgb_shap_list_ir_5,xgb_shap_list_ir_5_subset_149,Glucose,localMax_Glucose,1.6337128,2.001257,2.368801
1914,xgb_shap_list_ir_5,xgb_shap_list_ir_5_subset_149,BloodPressure,localMax_BloodPressure,0.10389334,0.22466439,-0.01687774
1915,xgb_shap_list_ir_5,xgb_shap_list_ir_5_subset_149,SkinThickness,localMax_SkinThickness,0.3158545,0.07954359,0.15831387
1916,xgb_shap_list_ir_5,xgb_shap_list_ir_5_subset_149,Insulin,localMax_Insulin,-0.05787036,0.051989377,-0.1677301
1917,xgb_shap_list_ir_5,xgb_shap_list_ir_5_subset_149,BMI,localMax_BMI,0.3463714,0.12882328,-0.08872485
1918,xgb_shap_list_ir_5,xgb_shap_list_ir_5_subset_149,DiabetesPedigreeFunction,localMax_DiabetesPedigreeFunction,-0.02851981,0.16327566,0.35507113
1919,xgb_shap_list_ir_5,xgb_shap_list_ir_5_subset_149,Age,localMax_Age,0.48887765,0.23366618,1.7649348
1920,xgb_shap_list_ir_5,xgb_shap_list_ir_5_subset_102,Pregnancies,localMax_Pregnancies,0.64684427,0.4580093,0.8356792
1921,xgb_shap_list_ir_5,xgb_shap_list_ir_5_subset_102,Glucose,localMax_Glucose,0.7193736,2.8437243,1.073432
1922,xgb_shap_list_ir_5,xgb_shap_list_ir_5_subset_102,BloodPressure,localMax_BloodPressure,0.033881098,0.15819442,-0.0904322
1923,xgb_shap_list_ir_5,xgb_shap_list_ir_5_subset_102,SkinThickness,localMax_SkinThickness,0.04012409,0.08600907,-0.0057608783
1924,xgb_shap_list_ir_5,xgb_shap_list_ir_5_subset_102,Insulin,localMax_Insulin,0.30796444,0.49896514,0.116963744
1925,xgb_shap_list_ir_5,xgb_shap_list_ir_5_subset_102,BMI,localMax_BMI,0.3653947,0.6544622,0.076327205
1926,xgb_shap_list_ir_5,xgb_shap_list_ir_5_subset_102,DiabetesPedigreeFunction,localMax_DiabetesPedigreeFunction,0.16594213,0.3376435,0.5093449
1927,xgb_shap_list_ir_5,xgb_shap_list_ir_5_subset_102,Age,localMax_Age,1.2512633,0.371369,-0.068578124
1928,xgb_shap_list_ir_1,xgb_shap_list_ir_1_subset_142,Pregnancies,localMax_Pregnancies,0.6283474,0.19188905,0.33737516
1929,xgb_shap_list_ir_1,xgb_shap_list_ir_1_subset_142,Glucose,localMax_Glucose,0.66154516,0.40963376,0.9134567
1930,xgb_shap_list_ir_1,xgb_shap_list_ir_1_subset_142,BloodPressure,localMax_BloodPressure,0.2696007,0.35467875,0.18452257
1931,xgb_shap_list_ir_1,xgb_shap_list_ir_1_subset_142,SkinThickness,localMax_SkinThickness,0.38172448,-0.61328804,0.2988068
1932,xgb_shap_list_ir_1,xgb_shap_list_ir_1_subset_142,Insulin,localMax_Insulin,-0.05044329,0.42779088,0.029262424
1933,xgb_shap_list_ir_1,xgb_shap_list_ir_1_subset_142,BMI,localMax_BMI,1.4128922,1.6007265,-0.27761614
1934,xgb_shap_list_ir_1,xgb_shap_list_ir_1_subset_142,DiabetesPedigreeFunction,localMax_DiabetesPedigreeFunction,0.5816588,0.8727442,-0.14605504
1935,xgb_shap_list_ir_1,xgb_shap_list_ir_1_subset_142,Age,localMax_Age,-0.15722099,-0.072822034,-0.32601893
1936,xgb_shap_list_ir_4,xgb_shap_list_ir_4_subset_69,Pregnancies,localMax_Pregnancies,-0.13305175,0.012283921,1.1749691
1937,xgb_shap_list_ir_4,xgb_shap_list_ir_4_subset_69,Glucose,localMax_Glucose,0.8615997,1.2146032,1.9206107
1938,xgb_shap_list_ir_4,xgb_shap_list_ir_4_subset_69,BloodPressure,localMax_BloodPressure,0.22101897,0.2999463,0.06316432
1939,xgb_shap_list_ir_4,xgb_shap_list_ir_4_subset_69,SkinThickness,localMax_SkinThickness,0.14377204,0.063916415,0.38333896
1940,xgb_shap_list_ir_4,xgb_shap_list_ir_4_subset_69,Insulin,localMax_Insulin,0.1581063,-0.06450856,0.046798855
1941,xgb_shap_list_ir_4,xgb_shap_list_ir_4_subset_69,BMI,localMax_BMI,0.09513819,1.1412319,-0.1663853
1942,xgb_shap_list_ir_4,xgb_shap_list_ir_4_subset_69,DiabetesPedigreeFunction,localMax_DiabetesPedigreeFunction,0.4762302,0.34348905,-0.05473438
1943,xgb_shap_list_ir_4,xgb_shap_list_ir_4_subset_69,Age,localMax_Age,0.24716586,0.08910948,0.40522224
1944,xgb_shap_list_ir_4,xgb_shap_list_ir_4_subset_155,Pregnancies,localMax_Pregnancies,0.116280496,0.27040696,0.19334373
1945,xgb_shap_list_ir_4,xgb_shap_list_ir_4_subset_155,Glucose,localMax_Glucose,1.2890753,1.6388266,0.939324
1946,xgb_shap_list_ir_4,xgb_shap_list_ir_4_subset_155,BloodPressure,localMax_BloodPressure,0.12411499,0.29441637,-0.046186447
1947,xgb_shap_list_ir_4,xgb_shap_list_ir_4_subset_155,SkinThickness,localMax_SkinThickness,0.015954733,0.08231653,0.14867835
1948,xgb_shap_list_ir_4,xgb_shap_list_ir_4_subset_155,Insulin,localMax_Insulin,0.18206114,0.02162388,0.34249836
1949,xgb_shap_list_ir_4,xgb_shap_list_ir_4_subset_155,BMI,localMax_BMI,0.14764345,-0.0462057,-0.24005488
1950,xgb_shap_list_ir_4,xgb_shap_list_ir_4_subset_155,DiabetesPedigreeFunction,localMax_DiabetesPedigreeFunction,0.6632693,0.8501692,0.47636926
1951,xgb_shap_list_ir_4,xgb_shap_list_ir_4_subset_155,Age,localMax_Age,0.6869683,0.5067184,0.86721826
1952,xgb_shap_list_ir_2,xgb_shap_list_ir_2_subset_61,Pregnancies,localMax_Pregnancies,0.13342124,0.070878804,0.008336365
1953,xgb_shap_list_ir_2,xgb_shap_list_ir_2_subset_61,Glucose,localMax_Glucose,1.8361232,1.5437285,1.2513336
1954,xgb_shap_list_ir_2,xgb_shap_list_ir_2_subset_61,BloodPressure,localMax_BloodPressure,0.71383333,0.982327,0.4453398
1955,xgb_shap_list_ir_2,xgb_shap_list_ir_2_subset_61,SkinThickness,localMax_SkinThickness,0.47939622,0.5553503,0.40344208
1956,xgb_shap_list_ir_2,xgb_shap_list_ir_2_subset_61,Insulin,localMax_Insulin,0.14298373,0.039937705,0.2460298
1957,xgb_shap_list_ir_2,xgb_shap_list_ir_2_subset_61,BMI,localMax_BMI,0.059853673,0.29374856,0.9954332
1958,xgb_shap_list_ir_2,xgb_shap_list_ir_2_subset_61,DiabetesPedigreeFunction,localMax_DiabetesPedigreeFunction,-0.09989223,-0.23341396,0.5677164
1959,xgb_shap_list_ir_2,xgb_shap_list_ir_2_subset_61,Age,localMax_Age,0.6074712,0.46313167,0.75181085
1960,xgb_shap_list_ir_4,xgb_shap_list_ir_4_subset_51,Pregnancies,localMax_Pregnancies,0.8085104,0.9719392,0.15479529
1961,xgb_shap_list_ir_4,xgb_shap_list_ir_4_subset_51,Glucose,localMax_Glucose,2.6755638,2.3184848,0.8901676
1962,xgb_shap_list_ir_4,xgb_shap_list_ir_4_subset_51,BloodPressure,localMax_BloodPressure,0.4817735,0.61845636,0.20840764
1963,xgb_shap_list_ir_4,xgb_shap_list_ir_4_subset_51,SkinThickness,localMax_SkinThickness,0.15880561,0.09889388,0.2187173
1964,xgb_shap_list_ir_4,xgb_shap_list_ir_4_subset_51,Insulin,localMax_Insulin,-0.16441639,-0.08790141,0.21815851
1965,xgb_shap_list_ir_4,xgb_shap_list_ir_4_subset_51,BMI,localMax_BMI,0.3553667,0.58421326,0.12652016
1966,xgb_shap_list_ir_4,xgb_shap_list_ir_4_subset_51,DiabetesPedigreeFunction,localMax_DiabetesPedigreeFunction,0.53264284,-0.0076463223,0.71273917
1967,xgb_shap_list_ir_4,xgb_shap_list_ir_4_subset_51,Age,localMax_Age,0.049450874,0.17951083,-0.08060908
1968,xgb_shap_list_ir_1,xgb_shap_list_ir_1_subset_12,Pregnancies,localMax_Pregnancies,0.15978974,0.04531151,0.8466593
1969,xgb_shap_list_ir_1,xgb_shap_list_ir_1_subset_12,Glucose,localMax_Glucose,1.5685172,1.8846717,0.62005424
1970,xgb_shap_list_ir_1,xgb_shap_list_ir_1_subset_12,BloodPressure,localMax_BloodPressure,0.15728533,0.343242,0.25026363
1971,xgb_shap_list_ir_1,xgb_shap_list_ir_1_subset_12,SkinThickness,localMax_SkinThickness,0.118003786,0.15688014,0.19575647
1972,xgb_shap_list_ir_1,xgb_shap_list_ir_1_subset_12,Insulin,localMax_Insulin,0.34033984,0.0881201,0.40339476
1973,xgb_shap_list_ir_1,xgb_shap_list_ir_1_subset_12,BMI,localMax_BMI,0.6814927,0.87950015,0.48348522
1974,xgb_shap_list_ir_1,xgb_shap_list_ir_1_subset_12,DiabetesPedigreeFunction,localMax_DiabetesPedigreeFunction,0.9751421,1.1440612,0.80622315
1975,xgb_shap_list_ir_1,xgb_shap_list_ir_1_subset_12,Age,localMax_Age,1.127324,0.9406675,0.38069785
1976,xgb_shap_list_ir_3,xgb_shap_list_ir_3_subset_93,Pregnancies,localMax_Pregnancies,0.34146613,0.18703568,0.49589658
1977,xgb_shap_list_ir_3,xgb_shap_list_ir_3_subset_93,Glucose,localMax_Glucose,0.052663088,0.3503325,0.9456713
1978,xgb_shap_list_ir_3,xgb_shap_list_ir_3_subset_93,BloodPressure,localMax_BloodPressure,0.12332329,0.014328152,0.34131354
1979,xgb_shap_list_ir_3,xgb_shap_list_ir_3_subset_93,SkinThickness,localMax_SkinThickness,0.086022526,0.5234149,-0.0014559329
1980,xgb_shap_list_ir_3,xgb_shap_list_ir_3_subset_93,Insulin,localMax_Insulin,0.12752217,0.020158947,0.34224862
1981,xgb_shap_list_ir_3,xgb_shap_list_ir_3_subset_93,BMI,localMax_BMI,0.34332728,0.05084747,-0.2416324
1982,xgb_shap_list_ir_3,xgb_shap_list_ir_3_subset_93,DiabetesPedigreeFunction,localMax_DiabetesPedigreeFunction,-0.09930122,0.12264913,0.56654996
1983,xgb_shap_list_ir_3,xgb_shap_list_ir_3_subset_93,Age,localMax_Age,0.46018118,0.5840527,-0.035304755
1984,xgb_shap_list_ir_5,xgb_shap_list_ir_5_subset_156,Pregnancies,localMax_Pregnancies,0.53983617,0.34643126,0.7332412
1985,xgb_shap_list_ir_5,xgb_shap_list_ir_5_subset_156,Glucose,localMax_Glucose,2.1048872,2.550124,0.32394052
1986,xgb_shap_list_ir_5,xgb_shap_list_ir_5_subset_156,BloodPressure,localMax_BloodPressure,0.2538333,0.095195234,0.4124713
1987,xgb_shap_list_ir_5,xgb_shap_list_ir_5_subset_156,SkinThickness,localMax_SkinThickness,0.4162001,0.24823165,0.5841685
1988,xgb_shap_list_ir_5,xgb_shap_list_ir_5_subset_156,Insulin,localMax_Insulin,-0.10283348,-0.26773944,0.55679023
1989,xgb_shap_list_ir_5,xgb_shap_list_ir_5_subset_156,BMI,localMax_BMI,0.065007746,0.32670653,0.5884054
1990,xgb_shap_list_ir_5,xgb_shap_list_ir_5_subset_156,DiabetesPedigreeFunction,localMax_DiabetesPedigreeFunction,0.47590345,0.8402152,0.11159152
1991,xgb_shap_list_ir_5,xgb_shap_list_ir_5_subset_156,Age,localMax_Age,0.7070984,0.5506538,0.86354303
1992,xgb_shap_list_ir_3,xgb_shap_list_ir_3_subset_146,Pregnancies,localMax_Pregnancies,0.12879288,0.46537745,0.016598016
1993,xgb_shap_list_ir_3,xgb_shap_list_ir_3_subset_146,Glucose,localMax_Glucose,1.246623,0.90656877,0.56651473
1994,xgb_shap_list_ir_3,xgb_shap_list_ir_3_subset_146,BloodPressure,localMax_BloodPressure,0.15543109,0.30676025,0.0041019917
1995,xgb_shap_list_ir_3,xgb_shap_list_ir_3_subset_146,SkinThickness,localMax_SkinThickness,0.19621539,0.5419854,0.42672873
1996,xgb_shap_list_ir_3,xgb_shap_list_ir_3_subset_146,Insulin,localMax_Insulin,-0.20639187,-0.3442623,0.75870126
1997,xgb_shap_list_ir_3,xgb_shap_list_ir_3_subset_146,BMI,localMax_BMI,-0.3162114,0.96798897,0.71114886
1998,xgb_shap_list_ir_3,xgb_shap_list_ir_3_subset_146,DiabetesPedigreeFunction,localMax_DiabetesPedigreeFunction,0.283826,0.54664946,-0.11040905
1999,xgb_shap_list_ir_3,xgb_shap_list_ir_3_subset_146,Age,localMax_Age,0.21852869,0.36491787,0.5113071
2000,xgb_shap_list_ir_2,xgb_shap_list_ir_2_subset_45,Pregnancies,localMax_Pregnancies,0.12081087,0.008410573,-0.10398972
2001,xgb_shap_list_ir_2,xgb_shap_list_ir_2_subset_45,Glucose,localMax_Glucose,0.782017,1.381395,1.0817059
2002,xgb_shap_list_ir_2,xgb_shap_list_ir_2_subset_45,BloodPressure,localMax_BloodPressure,0.15044534,0.2948603,0.07823789
2003,xgb_shap_list_ir_2,xgb_shap_list_ir_2_subset_45,SkinThickness,localMax_SkinThickness,0.15287408,0.11599322,0.07911235
2004,xgb_shap_list_ir_2,xgb_shap_list_ir_2_subset_45,Insulin,localMax_Insulin,0.040513903,0.10865256,-0.027624786
2005,xgb_shap_list_ir_2,xgb_shap_list_ir_2_subset_45,BMI,localMax_BMI,0.84172684,1.0062732,0.6771805
2006,xgb_shap_list_ir_2,xgb_shap_list_ir_2_subset_45,DiabetesPedigreeFunction,localMax_DiabetesPedigreeFunction,0.41966265,0.28488082,0.6892264
2007,xgb_shap_list_ir_2,xgb_shap_list_ir_2_subset_45,Age,localMax_Age,2.2290642,2.462576,1.0615063
2008,xgb_shap_list_ir_3,xgb_shap_list_ir_3_subset_71,Pregnancies,localMax_Pregnancies,0.43518573,0.59838194,0.27198952
2009,xgb_shap_list_ir_3,xgb_shap_list_ir_3_subset_71,Glucose,localMax_Glucose,1.3083115,0.9769702,1.6396525
2010,xgb_shap_list_ir_3,xgb_shap_list_ir_3_subset_71,BloodPressure,localMax_BloodPressure,-0.1989029,0.14890474,-0.024999082
2011,xgb_shap_list_ir_3,xgb_shap_list_ir_3_subset_71,SkinThickness,localMax_SkinThickness,0.06047,0.17525731,0.13699487
2012,xgb_shap_list_ir_3,xgb_shap_list_ir_3_subset_71,Insulin,localMax_Insulin,0.064531446,-0.051401943,-0.1673353
2013,xgb_shap_list_ir_3,xgb_shap_list_ir_3_subset_71,BMI,localMax_BMI,0.38408923,-0.083684206,0.15020251
2014,xgb_shap_list_ir_3,xgb_shap_list_ir_3_subset_71,DiabetesPedigreeFunction,localMax_DiabetesPedigreeFunction,0.38446897,0.52588713,0.24305081
2015,xgb_shap_list_ir_3,xgb_shap_list_ir_3_subset_71,Age,localMax_Age,1.4232008,1.6346442,-0.056902826
2016,xgb_shap_list_ir_1,xgb_shap_list_ir_1_subset_23,Pregnancies,localMax_Pregnancies,0.82708824,0.99991286,0.6542636
2017,xgb_shap_list_ir_1,xgb_shap_list_ir_1_subset_23,Glucose,localMax_Glucose,1.1058453,0.7490021,0.9274237
2018,xgb_shap_list_ir_1,xgb_shap_list_ir_1_subset_23,BloodPressure,localMax_BloodPressure,0.20734677,0.14948791,-0.024088651
2019,xgb_shap_list_ir_1,xgb_shap_list_ir_1_subset_23,SkinThickness,localMax_SkinThickness,0.04597476,0.14437816,0.24278158
2020,xgb_shap_list_ir_1,xgb_shap_list_ir_1_subset_23,Insulin,localMax_Insulin,0.15785515,-0.08410101,-0.023611963
2021,xgb_shap_list_ir_1,xgb_shap_list_ir_1_subset_23,BMI,localMax_BMI,0.68278086,0.9992137,1.3156464
2022,xgb_shap_list_ir_1,xgb_shap_list_ir_1_subset_23,DiabetesPedigreeFunction,localMax_DiabetesPedigreeFunction,0.21904516,0.09243107,0.34565932
2023,xgb_shap_list_ir_1,xgb_shap_list_ir_1_subset_23,Age,localMax_Age,0.25721163,0.1762982,0.338125
2024,xgb_shap_list_ir_5,xgb_shap_list_ir_5_subset_56,Pregnancies,localMax_Pregnancies,-0.26176578,0.6945073,-0.14223164
2025,xgb_shap_list_ir_5,xgb_shap_list_ir_5_subset_56,Glucose,localMax_Glucose,1.2098315,1.6121426,2.0144536
2026,xgb_shap_list_ir_5,xgb_shap_list_ir_5_subset_56,BloodPressure,localMax_BloodPressure,0.09763959,-0.025876433,0.22115564
2027,xgb_shap_list_ir_5,xgb_shap_list_ir_5_subset_56,SkinThickness,localMax_SkinThickness,0.16880569,0.24291569,0.09469569
2028,xgb_shap_list_ir_5,xgb_shap_list_ir_5_subset_56,Insulin,localMax_Insulin,-0.19742808,-0.0371702,0.28334546
2029,xgb_shap_list_ir_5,xgb_shap_list_ir_5_subset_56,BMI,localMax_BMI,0.081750214,0.3106737,0.5395972
2030,xgb_shap_list_ir_5,xgb_shap_list_ir_5_subset_56,DiabetesPedigreeFunction,localMax_DiabetesPedigreeFunction,0.48876762,0.34445,0.055814743
2031,xgb_shap_list_ir_5,xgb_shap_list_ir_5_subset_56,Age,localMax_Age,0.32851923,0.6184372,0.4734782
2032,xgb_shap_list_ir_2,xgb_shap_list_ir_2_subset_40,Pregnancies,localMax_Pregnancies,0.00027929246,0.054239422,0.10819957
2033,xgb_shap_list_ir_2,xgb_shap_list_ir_2_subset_40,Glucose,localMax_Glucose,2.581563,2.9314516,1.5318971
2034,xgb_shap_list_ir_2,xgb_shap_list_ir_2_subset_40,BloodPressure,localMax_BloodPressure,-0.3656701,0.42903548,0.111153305
2035,xgb_shap_list_ir_2,xgb_shap_list_ir_2_subset_40,SkinThickness,localMax_SkinThickness,0.638599,0.5196926,0.40078622
2036,xgb_shap_list_ir_2,xgb_shap_list_ir_2_subset_40,Insulin,localMax_Insulin,-0.1197336,-0.21097833,-0.028488874
2037,xgb_shap_list_ir_2,xgb_shap_list_ir_2_subset_40,BMI,localMax_BMI,1.2705857,0.6277201,0.41343164
2038,xgb_shap_list_ir_2,xgb_shap_list_ir_2_subset_40,DiabetesPedigreeFunction,localMax_DiabetesPedigreeFunction,0.5635046,0.40826935,0.7187398
2039,xgb_shap_list_ir_2,xgb_shap_list_ir_2_subset_40,Age,localMax_Age,-0.12136017,0.017337427,-0.26005775
2040,xgb_shap_list_ir_5,xgb_shap_list_ir_5_subset_60,Pregnancies,localMax_Pregnancies,0.007829666,0.08782756,0.16782546
2041,xgb_shap_list_ir_5,xgb_shap_list_ir_5_subset_60,Glucose,localMax_Glucose,1.3804259,1.0146205,1.7462313
2042,xgb_shap_list_ir_5,xgb_shap_list_ir_5_subset_60,BloodPressure,localMax_BloodPressure,0.29530805,0.16273743,0.42787862
2043,xgb_shap_list_ir_5,xgb_shap_list_ir_5_subset_60,SkinThickness,localMax_SkinThickness,0.15964508,0.22845721,0.09083295
2044,xgb_shap_list_ir_5,xgb_shap_list_ir_5_subset_60,Insulin,localMax_Insulin,0.21322966,0.33393288,0.092526436
2045,xgb_shap_list_ir_5,xgb_shap_list_ir_5_subset_60,BMI,localMax_BMI,-0.012038827,-0.2911046,0.26702702
2046,xgb_shap_list_ir_5,xgb_shap_list_ir_5_subset_60,DiabetesPedigreeFunction,localMax_DiabetesPedigreeFunction,0.46185374,-0.025434613,0.705498
2047,xgb_shap_list_ir_5,xgb_shap_list_ir_5_subset_60,Age,localMax_Age,1.121064,0.5602874,0.7472129
2048,xgb_shap_list_ir_2,xgb_shap_list_ir_2_subset_83,Pregnancies,localMax_Pregnancies,0.19780213,0.24176922,0.15383503
2049,xgb_shap_list_ir_2,xgb_shap_list_ir_2_subset_83,Glucose,localMax_Glucose,1.6555698,1.2885773,2.0225623
2050,xgb_shap_list_ir_2,xgb_shap_list_ir_2_subset_83,BloodPressure,localMax_BloodPressure,0.04712023,0.35158595,0.27546954
2051,xgb_shap_list_ir_2,xgb_shap_list_ir_2_subset_83,SkinThickness,localMax_SkinThickness,0.1108014,-0.11866756,0.18729103
2052,xgb_shap_list_ir_2,xgb_shap_list_ir_2_subset_83,Insulin,localMax_Insulin,-0.2112253,-0.12638426,-0.041543216
2053,xgb_shap_list_ir_2,xgb_shap_list_ir_2_subset_83,BMI,localMax_BMI,1.809061,1.2495594,0.41030693
2054,xgb_shap_list_ir_2,xgb_shap_list_ir_2_subset_83,DiabetesPedigreeFunction,localMax_DiabetesPedigreeFunction,0.45473844,0.6386938,0.27078313
2055,xgb_shap_list_ir_2,xgb_shap_list_ir_2_subset_83,Age,localMax_Age,0.5972055,0.4054731,0.21374077
2056,xgb_shap_list_ir_3,xgb_shap_list_ir_3_subset_106,Pregnancies,localMax_Pregnancies,0.47076237,0.63018596,0.31133872
2057,xgb_shap_list_ir_3,xgb_shap_list_ir_3_subset_106,Glucose,localMax_Glucose,0.05991161,1.6665444,0.3812381
2058,xgb_shap_list_ir_3,xgb_shap_list_ir_3_subset_106,BloodPressure,localMax_BloodPressure,0.13798502,0.2889523,0.06250137
2059,xgb_shap_list_ir_3,xgb_shap_list_ir_3_subset_106,SkinThickness,localMax_SkinThickness,0.47720462,0.37533623,0.57907295
2060,xgb_shap_list_ir_3,xgb_shap_list_ir_3_subset_106,Insulin,localMax_Insulin,-0.009506136,-0.089294404,-0.16908269
2061,xgb_shap_list_ir_3,xgb_shap_list_ir_3_subset_106,BMI,localMax_BMI,0.83267164,0.42427772,0.6284747
2062,xgb_shap_list_ir_3,xgb_shap_list_ir_3_subset_106,DiabetesPedigreeFunction,localMax_DiabetesPedigreeFunction,0.40754026,0.54430413,0.2707764
2063,xgb_shap_list_ir_3,xgb_shap_list_ir_3_subset_106,Age,localMax_Age,0.55314827,0.32562852,1.4632273
2064,xgb_shap_list_ir_5,xgb_shap_list_ir_5_subset_91,Pregnancies,localMax_Pregnancies,0.35682344,0.508987,-0.09966737
2065,xgb_shap_list_ir_5,xgb_shap_list_ir_5_subset_91,Glucose,localMax_Glucose,1.3189058,1.7356513,0.90216064
2066,xgb_shap_list_ir_5,xgb_shap_list_ir_5_subset_91,BloodPressure,localMax_BloodPressure,0.07973969,0.27440083,-0.11492145
2067,xgb_shap_list_ir_5,xgb_shap_list_ir_5_subset_91,SkinThickness,localMax_SkinThickness,0.091606915,0.16465205,0.01856178
2068,xgb_shap_list_ir_5,xgb_shap_list_ir_5_subset_91,Insulin,localMax_Insulin,-0.25586277,-0.13083169,-0.0058006346
2069,xgb_shap_list_ir_5,xgb_shap_list_ir_5_subset_91,BMI,localMax_BMI,0.16809684,-0.3256548,-0.07877898
2070,xgb_shap_list_ir_5,xgb_shap_list_ir_5_subset_91,DiabetesPedigreeFunction,localMax_DiabetesPedigreeFunction,0.5745487,0.29783976,0.43619424
2071,xgb_shap_list_ir_5,xgb_shap_list_ir_5_subset_91,Age,localMax_Age,0.3728143,0.82745993,0.52436286
2072,xgb_shap_list_ir_4,xgb_shap_list_ir_4_subset_20,Pregnancies,localMax_Pregnancies,0.04084629,0.5151613,0.6732663
2073,xgb_shap_list_ir_4,xgb_shap_list_ir_4_subset_20,Glucose,localMax_Glucose,1.055548,1.4383767,2.2040348
2074,xgb_shap_list_ir_4,xgb_shap_list_ir_4_subset_20,BloodPressure,localMax_BloodPressure,0.09650791,-0.0035141706,0.296552
2075,xgb_shap_list_ir_4,xgb_shap_list_ir_4_subset_20,SkinThickness,localMax_SkinThickness,0.34788057,0.121891886,0.046562314
2076,xgb_shap_list_ir_4,xgb_shap_list_ir_4_subset_20,Insulin,localMax_Insulin,-0.11009212,-0.031560093,-0.18862413
2077,xgb_shap_list_ir_4,xgb_shap_list_ir_4_subset_20,BMI,localMax_BMI,0.3638599,0.58827305,0.13944674
2078,xgb_shap_list_ir_4,xgb_shap_list_ir_4_subset_20,DiabetesPedigreeFunction,localMax_DiabetesPedigreeFunction,0.30166173,0.049434662,0.5538888
2079,xgb_shap_list_ir_4,xgb_shap_list_ir_4_subset_20,Age,localMax_Age,0.5118742,0.17230386,0.8514446
2080,xgb_shap_list_ir_3,xgb_shap_list_ir_3_subset_154,Pregnancies,localMax_Pregnancies,0.5234579,0.6903665,0.35654914
2081,xgb_shap_list_ir_3,xgb_shap_list_ir_3_subset_154,Glucose,localMax_Glucose,0.62755287,0.33087063,2.4076467
2082,xgb_shap_list_ir_3,xgb_shap_list_ir_3_subset_154,BloodPressure,localMax_BloodPressure,-0.20648307,-0.03373897,0.31174916
2083,xgb_shap_list_ir_3,xgb_shap_list_ir_3_subset_154,SkinThickness,localMax_SkinThickness,0.26719615,0.34634936,0.42550257
2084,xgb_shap_list_ir_3,xgb_shap_list_ir_3_subset_154,Insulin,localMax_Insulin,-0.1321324,0.54064727,-0.22824378
2085,xgb_shap_list_ir_3,xgb_shap_list_ir_3_subset_154,BMI,localMax_BMI,-0.13915676,0.09564459,0.33044595
2086,xgb_shap_list_ir_3,xgb_shap_list_ir_3_subset_154,DiabetesPedigreeFunction,localMax_DiabetesPedigreeFunction,0.79118973,0.35752577,-0.22069278
2087,xgb_shap_list_ir_3,xgb_shap_list_ir_3_subset_154,Age,localMax_Age,0.49992144,0.37946856,0.25901568
2088,xgb_shap_list_ir_4,xgb_shap_list_ir_4_subset_61,Pregnancies,localMax_Pregnancies,0.07472785,0.020968243,-0.03279136
2089,xgb_shap_list_ir_4,xgb_shap_list_ir_4_subset_61,Glucose,localMax_Glucose,1.5616257,1.9219475,2.2822692
2090,xgb_shap_list_ir_4,xgb_shap_list_ir_4_subset_61,BloodPressure,localMax_BloodPressure,0.6368448,0.80901587,0.29250276
2091,xgb_shap_list_ir_4,xgb_shap_list_ir_4_subset_61,SkinThickness,localMax_SkinThickness,0.77104604,0.62030804,0.46957004
2092,xgb_shap_list_ir_4,xgb_shap_list_ir_4_subset_61,Insulin,localMax_Insulin,-0.15619758,-0.2958394,0.40236956
2093,xgb_shap_list_ir_4,xgb_shap_list_ir_4_subset_61,BMI,localMax_BMI,-0.40927756,-0.10619724,2.3184457
2094,xgb_shap_list_ir_4,xgb_shap_list_ir_4_subset_61,DiabetesPedigreeFunction,localMax_DiabetesPedigreeFunction,0.18637592,0.022125214,0.35062665
2095,xgb_shap_list_ir_4,xgb_shap_list_ir_4_subset_61,Age,localMax_Age,0.894519,0.7052609,0.13748646
2096,xgb_shap_list_ir_3,xgb_shap_list_ir_3_subset_34,Pregnancies,localMax_Pregnancies,0.15083441,0.2428079,0.058860928
2097,xgb_shap_list_ir_3,xgb_shap_list_ir_3_subset_34,Glucose,localMax_Glucose,1.4414024,1.8106449,1.07216
2098,xgb_shap_list_ir_3,xgb_shap_list_ir_3_subset_34,BloodPressure,localMax_BloodPressure,0.25755113,0.3625651,0.46757913
2099,xgb_shap_list_ir_3,xgb_shap_list_ir_3_subset_34,SkinThickness,localMax_SkinThickness,0.5594882,0.16829395,0.42909008
2100,xgb_shap_list_ir_3,xgb_shap_list_ir_3_subset_34,Insulin,localMax_Insulin,0.16926703,0.08858603,0.007905066
2101,xgb_shap_list_ir_3,xgb_shap_list_ir_3_subset_34,BMI,localMax_BMI,0.62897885,0.42798984,0.026011705
2102,xgb_shap_list_ir_3,xgb_shap_list_ir_3_subset_34,DiabetesPedigreeFunction,localMax_DiabetesPedigreeFunction,0.5272457,0.36319882,0.6912926
2103,xgb_shap_list_ir_3,xgb_shap_list_ir_3_subset_34,Age,localMax_Age,0.517324,0.37867087,-0.03728828
2104,xgb_shap_list_ir_4,xgb_shap_list_ir_4_subset_17,Pregnancies,localMax_Pregnancies,0.15001291,-0.025873482,0.062069714
2105,xgb_shap_list_ir_4,xgb_shap_list_ir_4_subset_17,Glucose,localMax_Glucose,3.2274456,2.840561,1.6799064
2106,xgb_shap_list_ir_4,xgb_shap_list_ir_4_subset_17,BloodPressure,localMax_BloodPressure,0.22902018,0.08312863,0.37491173
2107,xgb_shap_list_ir_4,xgb_shap_list_ir_4_subset_17,SkinThickness,localMax_SkinThickness,0.06304036,0.11937709,0.17571384
2108,xgb_shap_list_ir_4,xgb_shap_list_ir_4_subset_17,Insulin,localMax_Insulin,0.01082626,0.12549657,0.2401669
2109,xgb_shap_list_ir_4,xgb_shap_list_ir_4_subset_17,BMI,localMax_BMI,0.035505593,0.24572295,-0.17471176
2110,xgb_shap_list_ir_4,xgb_shap_list_ir_4_subset_17,DiabetesPedigreeFunction,localMax_DiabetesPedigreeFunction,1.1096162,0.6014489,0.94022703
2111,xgb_shap_list_ir_4,xgb_shap_list_ir_4_subset_17,Age,localMax_Age,0.36760378,0.8589802,0.69518805
2112,xgb_shap_list_ir_1,xgb_shap_list_ir_1_subset_83,Pregnancies,localMax_Pregnancies,-0.22591856,-0.14071631,-0.055514067
2113,xgb_shap_list_ir_1,xgb_shap_list_ir_1_subset_83,Glucose,localMax_Glucose,0.44108033,0.8526921,1.058498
2114,xgb_shap_list_ir_1,xgb_shap_list_ir_1_subset_83,BloodPressure,localMax_BloodPressure,-0.36489186,-0.5166801,-0.6684685
2115,xgb_shap_list_ir_1,xgb_shap_list_ir_1_subset_83,SkinThickness,localMax_SkinThickness,0.21049094,0.117887914,0.30309397
2116,xgb_shap_list_ir_1,xgb_shap_list_ir_1_subset_83,Insulin,localMax_Insulin,-0.4249213,-0.5510265,-0.29881606
2117,xgb_shap_list_ir_1,xgb_shap_list_ir_1_subset_83,BMI,localMax_BMI,1.927776,2.1397305,1.7158216
2118,xgb_shap_list_ir_1,xgb_shap_list_ir_1_subset_83,DiabetesPedigreeFunction,localMax_DiabetesPedigreeFunction,0.14218795,0.062868,-0.016451925
2119,xgb_shap_list_ir_1,xgb_shap_list_ir_1_subset_83,Age,localMax_Age,0.8484645,0.65804017,1.0388887
2120,xgb_shap_list_ir_1,xgb_shap_list_ir_1_subset_33,Pregnancies,localMax_Pregnancies,0.5932646,0.23998564,0.41662508
2121,xgb_shap_list_ir_1,xgb_shap_list_ir_1_subset_33,Glucose,localMax_Glucose,1.8188634,2.1206465,2.4224293
2122,xgb_shap_list_ir_1,xgb_shap_list_ir_1_subset_33,BloodPressure,localMax_BloodPressure,0.4698695,0.6647246,-0.30955124
2123,xgb_shap_list_ir_1,xgb_shap_list_ir_1_subset_33,SkinThickness,localMax_SkinThickness,-0.13179858,-0.08854088,-0.17505628
2124,xgb_shap_list_ir_1,xgb_shap_list_ir_1_subset_33,Insulin,localMax_Insulin,0.18039912,0.45236796,0.38437575
2125,xgb_shap_list_ir_1,xgb_shap_list_ir_1_subset_33,BMI,localMax_BMI,1.5567026,0.9429711,1.3521254
2126,xgb_shap_list_ir_1,xgb_shap_list_ir_1_subset_33,DiabetesPedigreeFunction,localMax_DiabetesPedigreeFunction,0.6381193,0.5029368,0.36775422
2127,xgb_shap_list_ir_1,xgb_shap_list_ir_1_subset_33,Age,localMax_Age,-0.34532705,-0.4288188,0.57308227
2128,xgb_shap_list_ir_4,xgb_shap_list_ir_4_subset_101,Pregnancies,localMax_Pregnancies,0.2725724,0.1493901,0.39575464
2129,xgb_shap_list_ir_4,xgb_shap_list_ir_4_subset_101,Glucose,localMax_Glucose,1.3537538,1.0088143,1.6986933
2130,xgb_shap_list_ir_4,xgb_shap_list_ir_4_subset_101,BloodPressure,localMax_BloodPressure,-0.037950665,0.19431311,0.310445
2131,xgb_shap_list_ir_4,xgb_shap_list_ir_4_subset_101,SkinThickness,localMax_SkinThickness,0.14886653,0.09842068,0.19931242
2132,xgb_shap_list_ir_4,xgb_shap_list_ir_4_subset_101,Insulin,localMax_Insulin,0.17937529,0.036750436,0.7498746
2133,xgb_shap_list_ir_4,xgb_shap_list_ir_4_subset_101,BMI,localMax_BMI,-0.106960714,-0.38489962,0.17097825
2134,xgb_shap_list_ir_4,xgb_shap_list_ir_4_subset_101,DiabetesPedigreeFunction,localMax_DiabetesPedigreeFunction,0.6428294,0.3632784,0.92238045
2135,xgb_shap_list_ir_4,xgb_shap_list_ir_4_subset_101,Age,localMax_Age,0.3650095,-0.4042979,-0.14786214
2136,xgb_shap_list_ir_4,xgb_shap_list_ir_4_subset_147,Pregnancies,localMax_Pregnancies,0.17909634,0.32281703,0.46653777
2137,xgb_shap_list_ir_4,xgb_shap_list_ir_4_subset_147,Glucose,localMax_Glucose,1.6278543,1.9529245,1.3027842
2138,xgb_shap_list_ir_4,xgb_shap_list_ir_4_subset_147,BloodPressure,localMax_BloodPressure,0.26617765,0.41123313,0.12112212
2139,xgb_shap_list_ir_4,xgb_shap_list_ir_4_subset_147,SkinThickness,localMax_SkinThickness,-0.010914251,0.068517,-0.09034552
2140,xgb_shap_list_ir_4,xgb_shap_list_ir_4_subset_147,Insulin,localMax_Insulin,-0.014395118,-0.14840421,0.119614005
2141,xgb_shap_list_ir_4,xgb_shap_list_ir_4_subset_147,BMI,localMax_BMI,0.42491734,0.11936271,0.73047185
2142,xgb_shap_list_ir_4,xgb_shap_list_ir_4_subset_147,DiabetesPedigreeFunction,localMax_DiabetesPedigreeFunction,0.40041435,0.22733724,0.054260135
2143,xgb_shap_list_ir_4,xgb_shap_list_ir_4_subset_147,Age,localMax_Age,0.39721918,0.522749,0.2716893
2144,xgb_shap_list_ir_3,xgb_shap_list_ir_3_subset_43,Pregnancies,localMax_Pregnancies,0.4959073,0.621789,0.74767065
2145,xgb_shap_list_ir_3,xgb_shap_list_ir_3_subset_43,Glucose,localMax_Glucose,1.2344475,1.5810492,0.887846
2146,xgb_shap_list_ir_3,xgb_shap_list_ir_3_subset_43,BloodPressure,localMax_BloodPressure,-0.068316996,-0.21637568,0.07974172
2147,xgb_shap_list_ir_3,xgb_shap_list_ir_3_subset_43,SkinThickness,localMax_SkinThickness,0.24953607,0.32316706,0.17590505
2148,xgb_shap_list_ir_3,xgb_shap_list_ir_3_subset_43,Insulin,localMax_Insulin,0.02393812,-0.09547737,0.14335361
2149,xgb_shap_list_ir_3,xgb_shap_list_ir_3_subset_43,BMI,localMax_BMI,-0.12191975,-0.3365584,0.0927189
2150,xgb_shap_list_ir_3,xgb_shap_list_ir_3_subset_43,DiabetesPedigreeFunction,localMax_DiabetesPedigreeFunction,0.6848848,0.82658976,0.96829474
2151,xgb_shap_list_ir_3,xgb_shap_list_ir_3_subset_43,Age,localMax_Age,1.2518841,1.452629,1.653374
2152,xgb_shap_list_ir_3,xgb_shap_list_ir_3_subset_77,Pregnancies,localMax_Pregnancies,0.021392286,0.09571248,-0.05292791
2153,xgb_shap_list_ir_3,xgb_shap_list_ir_3_subset_77,Glucose,localMax_Glucose,2.9634774,1.6335965,1.9660666
2154,xgb_shap_list_ir_3,xgb_shap_list_ir_3_subset_77,BloodPressure,localMax_BloodPressure,0.20401889,0.32136017,0.43870145
2155,xgb_shap_list_ir_3,xgb_shap_list_ir_3_subset_77,SkinThickness,localMax_SkinThickness,-0.09338398,0.054308265,-0.019537851
2156,xgb_shap_list_ir_3,xgb_shap_list_ir_3_subset_77,Insulin,localMax_Insulin,-0.020511597,-0.121353686,0.08033046
2157,xgb_shap_list_ir_3,xgb_shap_list_ir_3_subset_77,BMI,localMax_BMI,0.09700221,0.53553045,0.31626636
2158,xgb_shap_list_ir_3,xgb_shap_list_ir_3_subset_77,DiabetesPedigreeFunction,localMax_DiabetesPedigreeFunction,0.17479438,-0.0071763396,0.35676515
2159,xgb_shap_list_ir_3,xgb_shap_list_ir_3_subset_77,Age,localMax_Age,0.69053364,0.8625418,0.002500832
2160,xgb_shap_list_ir_2,xgb_shap_list_ir_2_subset_58,Pregnancies,localMax_Pregnancies,0.6772684,0.3546368,0.03200519
2161,xgb_shap_list_ir_2,xgb_shap_list_ir_2_subset_58,Glucose,localMax_Glucose,0.5984262,0.23389637,0.96295595
2162,xgb_shap_list_ir_2,xgb_shap_list_ir_2_subset_58,BloodPressure,localMax_BloodPressure,-0.009919047,-0.09187293,0.072034836
2163,xgb_shap_list_ir_2,xgb_shap_list_ir_2_subset_58,SkinThickness,localMax_SkinThickness,-0.05731964,-0.16888598,0.27737933
2164,xgb_shap_list_ir_2,xgb_shap_list_ir_2_subset_58,Insulin,localMax_Insulin,-0.11612362,0.30276853,0.023507088
2165,xgb_shap_list_ir_2,xgb_shap_list_ir_2_subset_58,BMI,localMax_BMI,0.8762413,0.70761395,0.37035918
2166,xgb_shap_list_ir_2,xgb_shap_list_ir_2_subset_58,DiabetesPedigreeFunction,localMax_DiabetesPedigreeFunction,0.73208153,0.96797585,0.4961872
2167,xgb_shap_list_ir_2,xgb_shap_list_ir_2_subset_58,Age,localMax_Age,-0.0027254373,0.07972759,0.24463362
2168,xgb_shap_list_ir_5,xgb_shap_list_ir_5_subset_14,Pregnancies,localMax_Pregnancies,0.28286278,0.080875814,0.4848498
2169,xgb_shap_list_ir_5,xgb_shap_list_ir_5_subset_14,Glucose,localMax_Glucose,0.7355977,2.2977767,1.1261425
2170,xgb_shap_list_ir_5,xgb_shap_list_ir_5_subset_14,BloodPressure,localMax_BloodPressure,-0.07257664,0.083417535,-0.22857082
2171,xgb_shap_list_ir_5,xgb_shap_list_ir_5_subset_14,SkinThickness,localMax_SkinThickness,0.18734348,0.06629151,0.3083955
2172,xgb_shap_list_ir_5,xgb_shap_list_ir_5_subset_14,Insulin,localMax_Insulin,0.106812626,0.2170845,-0.003459245
2173,xgb_shap_list_ir_5,xgb_shap_list_ir_5_subset_14,BMI,localMax_BMI,0.10117167,0.3064909,-0.10414755
2174,xgb_shap_list_ir_5,xgb_shap_list_ir_5_subset_14,DiabetesPedigreeFunction,localMax_DiabetesPedigreeFunction,0.17514086,0.57545596,0.7088944
2175,xgb_shap_list_ir_5,xgb_shap_list_ir_5_subset_14,Age,localMax_Age,0.5070853,0.29492885,0.71924186
2176,xgb_shap_list_ir_2,xgb_shap_list_ir_2_subset_43,Pregnancies,localMax_Pregnancies,0.3041525,-0.0054014325,0.45892948
2177,xgb_shap_list_ir_2,xgb_shap_list_ir_2_subset_43,Glucose,localMax_Glucose,1.0675166,1.7193284,0.08979869
2178,xgb_shap_list_ir_2,xgb_shap_list_ir_2_subset_43,BloodPressure,localMax_BloodPressure,-0.13508475,-0.030422807,-0.23974672
2179,xgb_shap_list_ir_2,xgb_shap_list_ir_2_subset_43,SkinThickness,localMax_SkinThickness,0.5006807,0.37527794,0.62608343
2180,xgb_shap_list_ir_2,xgb_shap_list_ir_2_subset_43,Insulin,localMax_Insulin,-0.20548919,0.07134399,-0.11321145
2181,xgb_shap_list_ir_2,xgb_shap_list_ir_2_subset_43,BMI,localMax_BMI,2.0279498,2.2613375,2.4947252
2182,xgb_shap_list_ir_2,xgb_shap_list_ir_2_subset_43,DiabetesPedigreeFunction,localMax_DiabetesPedigreeFunction,0.14665192,1.0356561,0.8578553
2183,xgb_shap_list_ir_2,xgb_shap_list_ir_2_subset_43,Age,localMax_Age,0.026366651,0.36975986,0.43843848
2184,xgb_shap_list_ir_4,xgb_shap_list_ir_4_subset_145,Pregnancies,localMax_Pregnancies,1.1324266,1.2960925,0.15043122
2185,xgb_shap_list_ir_4,xgb_shap_list_ir_4_subset_145,Glucose,localMax_Glucose,2.8397655,3.2310271,0.88345814
2186,xgb_shap_list_ir_4,xgb_shap_list_ir_4_subset_145,BloodPressure,localMax_BloodPressure,0.08886582,-0.06420115,-0.21726808
2187,xgb_shap_list_ir_4,xgb_shap_list_ir_4_subset_145,SkinThickness,localMax_SkinThickness,0.41290945,0.30593866,0.1989679
2188,xgb_shap_list_ir_4,xgb_shap_list_ir_4_subset_145,Insulin,localMax_Insulin,0.20210099,0.13105834,0.06001568
2189,xgb_shap_list_ir_4,xgb_shap_list_ir_4_subset_145,BMI,localMax_BMI,0.20199496,0.051707447,0.35228246
2190,xgb_shap_list_ir_4,xgb_shap_list_ir_4_subset_145,DiabetesPedigreeFunction,localMax_DiabetesPedigreeFunction,0.78413695,0.46197253,0.13980806
2191,xgb_shap_list_ir_4,xgb_shap_list_ir_4_subset_145,Age,localMax_Age,-0.03413549,0.122855544,-0.19112656
2192,xgb_shap_list_ir_1,xgb_shap_list_ir_1_subset_132,Pregnancies,localMax_Pregnancies,0.0061161816,0.21831134,-0.06461552
2193,xgb_shap_list_ir_1,xgb_shap_list_ir_1_subset_132,Glucose,localMax_Glucose,0.21423972,0.34376228,0.47328478
2194,xgb_shap_list_ir_1,xgb_shap_list_ir_1_subset_132,BloodPressure,localMax_BloodPressure,0.11534271,0.045176566,-0.09515566
2195,xgb_shap_list_ir_1,xgb_shap_list_ir_1_subset_132,SkinThickness,localMax_SkinThickness,0.5242358,0.437271,0.61120063
2196,xgb_shap_list_ir_1,xgb_shap_list_ir_1_subset_132,Insulin,localMax_Insulin,0.9582751,1.120543,1.282811
2197,xgb_shap_list_ir_1,xgb_shap_list_ir_1_subset_132,BMI,localMax_BMI,0.8251462,1.0315009,0.41243672
2198,xgb_shap_list_ir_1,xgb_shap_list_ir_1_subset_132,DiabetesPedigreeFunction,localMax_DiabetesPedigreeFunction,0.52276134,0.6366767,0.40884596
2199,xgb_shap_list_ir_1,xgb_shap_list_ir_1_subset_132,Age,localMax_Age,0.8839879,0.124816775,0.27665102
2200,xgb_shap_list_ir_1,xgb_shap_list_ir_1_subset_117,Pregnancies,localMax_Pregnancies,0.41253632,0.31819493,0.5068777
2201,xgb_shap_list_ir_1,xgb_shap_list_ir_1_subset_117,Glucose,localMax_Glucose,1.2088745,0.7958486,0.3828225
2202,xgb_shap_list_ir_1,xgb_shap_list_ir_1_subset_117,BloodPressure,localMax_BloodPressure,0.012093984,0.060023062,0.036058523
2203,xgb_shap_list_ir_1,xgb_shap_list_ir_1_subset_117,SkinThickness,localMax_SkinThickness,0.352408,0.26649332,0.43832266
2204,xgb_shap_list_ir_1,xgb_shap_list_ir_1_subset_117,Insulin,localMax_Insulin,0.7573087,0.63570523,0.51410174
2205,xgb_shap_list_ir_1,xgb_shap_list_ir_1_subset_117,BMI,localMax_BMI,0.9650066,1.1656862,0.76432705
2206,xgb_shap_list_ir_1,xgb_shap_list_ir_1_subset_117,DiabetesPedigreeFunction,localMax_DiabetesPedigreeFunction,0.6365188,0.4865582,0.33659768
2207,xgb_shap_list_ir_1,xgb_shap_list_ir_1_subset_117,Age,localMax_Age,1.0755957,0.931672,0.35597682
2208,xgb_shap_list_ir_4,xgb_shap_list_ir_4_subset_98,Pregnancies,localMax_Pregnancies,0.18903154,0.34367847,0.03438461
2209,xgb_shap_list_ir_4,xgb_shap_list_ir_4_subset_98,Glucose,localMax_Glucose,1.8922496,-0.009698868,1.5118599
2210,xgb_shap_list_ir_4,xgb_shap_list_ir_4_subset_98,BloodPressure,localMax_BloodPressure,0.17030692,0.36441815,0.26736253
2211,xgb_shap_list_ir_4,xgb_shap_list_ir_4_subset_98,SkinThickness,localMax_SkinThickness,0.3670709,0.047238857,0.15384957
2212,xgb_shap_list_ir_4,xgb_shap_list_ir_4_subset_98,Insulin,localMax_Insulin,-0.22518209,-0.3463864,-0.10397774
2213,xgb_shap_list_ir_4,xgb_shap_list_ir_4_subset_98,BMI,localMax_BMI,0.17650783,-0.09613073,2.3576157
2214,xgb_shap_list_ir_4,xgb_shap_list_ir_4_subset_98,DiabetesPedigreeFunction,localMax_DiabetesPedigreeFunction,0.68193555,0.51114225,-0.1720308
2215,xgb_shap_list_ir_4,xgb_shap_list_ir_4_subset_98,Age,localMax_Age,0.39032638,0.816682,0.17714867
2216,xgb_shap_list_ir_3,xgb_shap_list_ir_3_subset_141,Pregnancies,localMax_Pregnancies,0.24525392,0.39382607,0.8395426
2217,xgb_shap_list_ir_3,xgb_shap_list_ir_3_subset_141,Glucose,localMax_Glucose,2.0190682,2.4514802,1.154244
2218,xgb_shap_list_ir_3,xgb_shap_list_ir_3_subset_141,BloodPressure,localMax_BloodPressure,0.22672981,0.12784377,0.32561582
2219,xgb_shap_list_ir_3,xgb_shap_list_ir_3_subset_141,SkinThickness,localMax_SkinThickness,0.46281588,0.6275492,0.79228246
2220,xgb_shap_list_ir_3,xgb_shap_list_ir_3_subset_141,Insulin,localMax_Insulin,-0.15108424,0.43657804,0.55411047
2221,xgb_shap_list_ir_3,xgb_shap_list_ir_3_subset_141,BMI,localMax_BMI,0.32344198,0.8372264,0.49470353
2222,xgb_shap_list_ir_3,xgb_shap_list_ir_3_subset_141,DiabetesPedigreeFunction,localMax_DiabetesPedigreeFunction,-0.037662446,0.123506725,0.28467584
2223,xgb_shap_list_ir_3,xgb_shap_list_ir_3_subset_141,Age,localMax_Age,0.008708656,0.18178016,1.0471374
2224,xgb_shap_list_ir_3,xgb_shap_list_ir_3_subset_120,Pregnancies,localMax_Pregnancies,0.43730223,0.6215352,0.80576813
2225,xgb_shap_list_ir_3,xgb_shap_list_ir_3_subset_120,Glucose,localMax_Glucose,1.3990016,1.7776241,1.0203788
2226,xgb_shap_list_ir_3,xgb_shap_list_ir_3_subset_120,BloodPressure,localMax_BloodPressure,-0.123248085,-0.20554717,-0.040949017
2227,xgb_shap_list_ir_3,xgb_shap_list_ir_3_subset_120,SkinThickness,localMax_SkinThickness,0.35493654,0.24776292,0.1405893
2228,xgb_shap_list_ir_3,xgb_shap_list_ir_3_subset_120,Insulin,localMax_Insulin,0.1482107,0.27690506,0.40559942
2229,xgb_shap_list_ir_3,xgb_shap_list_ir_3_subset_120,BMI,localMax_BMI,0.35064566,0.18096316,0.5203283
2230,xgb_shap_list_ir_3,xgb_shap_list_ir_3_subset_120,DiabetesPedigreeFunction,localMax_DiabetesPedigreeFunction,0.6843068,0.46979296,0.89882064
2231,xgb_shap_list_ir_3,xgb_shap_list_ir_3_subset_120,Age,localMax_Age,0.8652791,0.6941931,1.036365
2232,xgb_shap_list_ir_5,xgb_shap_list_ir_5_subset_79,Pregnancies,localMax_Pregnancies,0.4690922,0.10761899,-0.0128721
2233,xgb_shap_list_ir_5,xgb_shap_list_ir_5_subset_79,Glucose,localMax_Glucose,1.115643,1.4803774,0.38617408
2234,xgb_shap_list_ir_5,xgb_shap_list_ir_5_subset_79,BloodPressure,localMax_BloodPressure,0.3472368,0.16615784,0.52831584
2235,xgb_shap_list_ir_5,xgb_shap_list_ir_5_subset_79,SkinThickness,localMax_SkinThickness,0.089152545,0.15474182,-0.10761531
2236,xgb_shap_list_ir_5,xgb_shap_list_ir_5_subset_79,Insulin,localMax_Insulin,0.020241797,0.13257027,-0.09208667
2237,xgb_shap_list_ir_5,xgb_shap_list_ir_5_subset_79,BMI,localMax_BMI,-0.019279003,0.8525474,-0.3098877
2238,xgb_shap_list_ir_5,xgb_shap_list_ir_5_subset_79,DiabetesPedigreeFunction,localMax_DiabetesPedigreeFunction,0.58242035,1.0798236,0.8311219
2239,xgb_shap_list_ir_5,xgb_shap_list_ir_5_subset_79,Age,localMax_Age,0.64975315,0.5026195,0.7968868
2240,xgb_shap_list_ir_5,xgb_shap_list_ir_5_subset_153,Pregnancies,localMax_Pregnancies,0.45274115,0.26486254,0.6406199
2241,xgb_shap_list_ir_5,xgb_shap_list_ir_5_subset_153,Glucose,localMax_Glucose,1.331569,0.66297174,0.328673
2242,xgb_shap_list_ir_5,xgb_shap_list_ir_5_subset_153,BloodPressure,localMax_BloodPressure,-0.15170032,-0.028005809,-0.27539486
2243,xgb_shap_list_ir_5,xgb_shap_list_ir_5_subset_153,SkinThickness,localMax_SkinThickness,0.11532208,-0.013194352,0.051063865
2244,xgb_shap_list_ir_5,xgb_shap_list_ir_5_subset_153,Insulin,localMax_Insulin,0.18795365,0.071641475,-0.0446707
2245,xgb_shap_list_ir_5,xgb_shap_list_ir_5_subset_153,BMI,localMax_BMI,0.3247633,0.66730833,-0.017781734
2246,xgb_shap_list_ir_5,xgb_shap_list_ir_5_subset_153,DiabetesPedigreeFunction,localMax_DiabetesPedigreeFunction,0.27991974,0.4556306,0.10420883
2247,xgb_shap_list_ir_5,xgb_shap_list_ir_5_subset_153,Age,localMax_Age,0.74872774,0.88199294,0.6154626
2248,xgb_shap_list_ir_4,xgb_shap_list_ir_4_subset_103,Pregnancies,localMax_Pregnancies,0.055711925,-0.39392388,0.28052986
2249,xgb_shap_list_ir_4,xgb_shap_list_ir_4_subset_103,Glucose,localMax_Glucose,1.6663952,2.01491,1.3178804
2250,xgb_shap_list_ir_4,xgb_shap_list_ir_4_subset_103,BloodPressure,localMax_BloodPressure,0.14141935,0.2756107,0.007227987
2251,xgb_shap_list_ir_4,xgb_shap_list_ir_4_subset_103,SkinThickness,localMax_SkinThickness,0.54772,0.43644494,0.65899515
2252,xgb_shap_list_ir_4,xgb_shap_list_ir_4_subset_103,Insulin,localMax_Insulin,-0.21614096,-0.09872073,0.37096006
2253,xgb_shap_list_ir_4,xgb_shap_list_ir_4_subset_103,BMI,localMax_BMI,0.2924961,0.02976358,0.5552286
2254,xgb_shap_list_ir_4,xgb_shap_list_ir_4_subset_103,DiabetesPedigreeFunction,localMax_DiabetesPedigreeFunction,0.21765405,0.38800353,0.04730457
2255,xgb_shap_list_ir_4,xgb_shap_list_ir_4_subset_103,Age,localMax_Age,0.46831363,0.6218563,0.31477094
2256,xgb_shap_list_ir_3,xgb_shap_list_ir_3_subset_16,Pregnancies,localMax_Pregnancies,0.22218075,0.15823013,0.28613135
2257,xgb_shap_list_ir_3,xgb_shap_list_ir_3_subset_16,Glucose,localMax_Glucose,1.8923542,2.2899318,1.4947767
2258,xgb_shap_list_ir_3,xgb_shap_list_ir_3_subset_16,BloodPressure,localMax_BloodPressure,0.25449216,0.098646045,-0.057200074
2259,xgb_shap_list_ir_3,xgb_shap_list_ir_3_subset_16,SkinThickness,localMax_SkinThickness,0.32687196,0.41811064,0.23563328
2260,xgb_shap_list_ir_3,xgb_shap_list_ir_3_subset_16,Insulin,localMax_Insulin,0.0394755,-0.103387415,0.7537901
2261,xgb_shap_list_ir_3,xgb_shap_list_ir_3_subset_16,BMI,localMax_BMI,0.92745996,1.1719924,1.416525
2262,xgb_shap_list_ir_3,xgb_shap_list_ir_3_subset_16,DiabetesPedigreeFunction,localMax_DiabetesPedigreeFunction,0.17662936,0.01289624,0.34036243
2263,xgb_shap_list_ir_3,xgb_shap_list_ir_3_subset_16,Age,localMax_Age,0.78966105,0.648656,0.9306661
2264,xgb_shap_list_ir_2,xgb_shap_list_ir_2_subset_52,Pregnancies,localMax_Pregnancies,0.2217372,0.13699311,0.39122546
2265,xgb_shap_list_ir_2,xgb_shap_list_ir_2_subset_52,Glucose,localMax_Glucose,0.53951967,0.22893095,0.85010827
2266,xgb_shap_list_ir_2,xgb_shap_list_ir_2_subset_52,BloodPressure,localMax_BloodPressure,0.47158015,0.31432682,-0.00017976761
2267,xgb_shap_list_ir_2,xgb_shap_list_ir_2_subset_52,SkinThickness,localMax_SkinThickness,0.40954202,0.2822684,0.15499479
2268,xgb_shap_list_ir_2,xgb_shap_list_ir_2_subset_52,Insulin,localMax_Insulin,0.009706721,-0.13390781,0.05757822
2269,xgb_shap_list_ir_2,xgb_shap_list_ir_2_subset_52,BMI,localMax_BMI,1.6479775,0.93011284,1.8872657
2270,xgb_shap_list_ir_2,xgb_shap_list_ir_2_subset_52,DiabetesPedigreeFunction,localMax_DiabetesPedigreeFunction,0.44004703,-0.05813551,0.7389566
2271,xgb_shap_list_ir_2,xgb_shap_list_ir_2_subset_52,Age,localMax_Age,0.0847466,-0.05692959,0.22642279
2272,xgb_shap_list_ir_1,xgb_shap_list_ir_1_subset_96,Pregnancies,localMax_Pregnancies,0.763093,0.54975903,-0.09024304
2273,xgb_shap_list_ir_1,xgb_shap_list_ir_1_subset_96,Glucose,localMax_Glucose,1.0434628,1.329838,0.7570877
2274,xgb_shap_list_ir_1,xgb_shap_list_ir_1_subset_96,BloodPressure,localMax_BloodPressure,0.27645636,0.06913972,-0.5528102
2275,xgb_shap_list_ir_1,xgb_shap_list_ir_1_subset_96,SkinThickness,localMax_SkinThickness,0.02152586,-0.048424006,0.16142559
2276,xgb_shap_list_ir_1,xgb_shap_list_ir_1_subset_96,Insulin,localMax_Insulin,-0.20058195,0.737665,-0.11528677
2277,xgb_shap_list_ir_1,xgb_shap_list_ir_1_subset_96,BMI,localMax_BMI,0.8114979,0.9413481,-0.09745324
2278,xgb_shap_list_ir_1,xgb_shap_list_ir_1_subset_96,DiabetesPedigreeFunction,localMax_DiabetesPedigreeFunction,0.40501738,0.62070656,0.83639574
2279,xgb_shap_list_ir_1,xgb_shap_list_ir_1_subset_96,Age,localMax_Age,-0.11003861,0.10355011,0.15694731
2280,xgb_shap_list_ir_1,xgb_shap_list_ir_1_subset_24,Pregnancies,localMax_Pregnancies,0.46141875,0.5963229,0.3265146
2281,xgb_shap_list_ir_1,xgb_shap_list_ir_1_subset_24,Glucose,localMax_Glucose,1.3452058,1.141038,0.9368701
2282,xgb_shap_list_ir_1,xgb_shap_list_ir_1_subset_24,BloodPressure,localMax_BloodPressure,-0.056149542,-0.014133975,0.027881607
2283,xgb_shap_list_ir_1,xgb_shap_list_ir_1_subset_24,SkinThickness,localMax_SkinThickness,0.12220168,0.21325642,0.031146884
2284,xgb_shap_list_ir_1,xgb_shap_list_ir_1_subset_24,Insulin,localMax_Insulin,0.77744853,0.55380976,1.0010872
2285,xgb_shap_list_ir_1,xgb_shap_list_ir_1_subset_24,BMI,localMax_BMI,0.92670286,0.74360824,1.1097976
2286,xgb_shap_list_ir_1,xgb_shap_list_ir_1_subset_24,DiabetesPedigreeFunction,localMax_DiabetesPedigreeFunction,0.69137424,0.81627643,0.56647205
2287,xgb_shap_list_ir_1,xgb_shap_list_ir_1_subset_24,Age,localMax_Age,-0.21061999,0.07987061,0.75768197
2288,xgb_shap_list_ir_2,xgb_shap_list_ir_2_subset_38,Pregnancies,localMax_Pregnancies,0.79374135,1.0185837,0.56889915
2289,xgb_shap_list_ir_2,xgb_shap_list_ir_2_subset_38,Glucose,localMax_Glucose,0.948418,0.61470234,0.28098655
2290,xgb_shap_list_ir_2,xgb_shap_list_ir_2_subset_38,BloodPressure,localMax_BloodPressure,-0.017593026,0.12094414,-0.43320453
2291,xgb_shap_list_ir_2,xgb_shap_list_ir_2_subset_38,SkinThickness,localMax_SkinThickness,0.054430544,0.107801855,0.0010592192
2292,xgb_shap_list_ir_2,xgb_shap_list_ir_2_subset_38,Insulin,localMax_Insulin,-0.08841452,-0.008100778,0.072212964
2293,xgb_shap_list_ir_2,xgb_shap_list_ir_2_subset_38,BMI,localMax_BMI,0.61540043,0.41959536,1.3986202
2294,xgb_shap_list_ir_2,xgb_shap_list_ir_2_subset_38,DiabetesPedigreeFunction,localMax_DiabetesPedigreeFunction,0.1581288,0.44665426,0.59091693
2295,xgb_shap_list_ir_2,xgb_shap_list_ir_2_subset_38,Age,localMax_Age,0.31603837,0.48078394,-0.013452649
2296,xgb_shap_list_ir_1,xgb_shap_list_ir_1_subset_111,Pregnancies,localMax_Pregnancies,-0.004582718,0.047859877,0.10030249
2297,xgb_shap_list_ir_1,xgb_shap_list_ir_1_subset_111,Glucose,localMax_Glucose,1.5001013,0.73375297,1.1169271
2298,xgb_shap_list_ir_1,xgb_shap_list_ir_1_subset_111,BloodPressure,localMax_BloodPressure,0.81974185,0.0070804954,0.7181592
2299,xgb_shap_list_ir_1,xgb_shap_list_ir_1_subset_111,SkinThickness,localMax_SkinThickness,0.41487336,0.35595033,0.23810425
2300,xgb_shap_list_ir_1,xgb_shap_list_ir_1_subset_111,Insulin,localMax_Insulin,-0.008357242,0.040393323,0.0647686
2301,xgb_shap_list_ir_1,xgb_shap_list_ir_1_subset_111,BMI,localMax_BMI,0.6673789,0.8352566,-0.17200989
2302,xgb_shap_list_ir_1,xgb_shap_list_ir_1_subset_111,DiabetesPedigreeFunction,localMax_DiabetesPedigreeFunction,0.34279573,0.2134574,0.472134
2303,xgb_shap_list_ir_1,xgb_shap_list_ir_1_subset_111,Age,localMax_Age,1.2288861,1.4643456,0.75796723
2304,xgb_shap_list_ir_4,xgb_shap_list_ir_4_subset_115,Pregnancies,localMax_Pregnancies,0.08930585,0.024939984,0.15367171
2305,xgb_shap_list_ir_4,xgb_shap_list_ir_4_subset_115,Glucose,localMax_Glucose,1.5054362,1.8747699,1.1361022
2306,xgb_shap_list_ir_4,xgb_shap_list_ir_4_subset_115,BloodPressure,localMax_BloodPressure,0.18491524,0.05945289,0.3103776
2307,xgb_shap_list_ir_4,xgb_shap_list_ir_4_subset_115,SkinThickness,localMax_SkinThickness,0.42861784,0.34679854,0.26497927
2308,xgb_shap_list_ir_4,xgb_shap_list_ir_4_subset_115,Insulin,localMax_Insulin,0.23756737,-0.17744336,0.3413201
2309,xgb_shap_list_ir_4,xgb_shap_list_ir_4_subset_115,BMI,localMax_BMI,0.17606646,-0.07181364,0.4239465
2310,xgb_shap_list_ir_4,xgb_shap_list_ir_4_subset_115,DiabetesPedigreeFunction,localMax_DiabetesPedigreeFunction,0.5130105,0.7359977,0.29002333
2311,xgb_shap_list_ir_4,xgb_shap_list_ir_4_subset_115,Age,localMax_Age,-0.07877171,-0.29714525,0.13960183
2312,xgb_shap_list_ir_1,xgb_shap_list_ir_1_subset_66,Pregnancies,localMax_Pregnancies,0.09634015,0.20313668,0.25653493
2313,xgb_shap_list_ir_1,xgb_shap_list_ir_1_subset_66,Glucose,localMax_Glucose,1.0301478,0.8869107,0.4571991
2314,xgb_shap_list_ir_1,xgb_shap_list_ir_1_subset_66,BloodPressure,localMax_BloodPressure,0.7987392,0.56614816,0.6824437
2315,xgb_shap_list_ir_1,xgb_shap_list_ir_1_subset_66,SkinThickness,localMax_SkinThickness,0.9617747,0.84017915,-0.49737287
2316,xgb_shap_list_ir_1,xgb_shap_list_ir_1_subset_66,Insulin,localMax_Insulin,0.39601958,0.2304514,0.5615877
2317,xgb_shap_list_ir_1,xgb_shap_list_ir_1_subset_66,BMI,localMax_BMI,0.5793996,0.16837144,0.7849138
2318,xgb_shap_list_ir_1,xgb_shap_list_ir_1_subset_66,DiabetesPedigreeFunction,localMax_DiabetesPedigreeFunction,0.98241353,1.1522682,1.3221228
2319,xgb_shap_list_ir_1,xgb_shap_list_ir_1_subset_66,Age,localMax_Age,1.1967009,1.0153497,1.3780522
2320,xgb_shap_list_ir_4,xgb_shap_list_ir_4_subset_118,Pregnancies,localMax_Pregnancies,0.34088415,0.2542431,0.16760209
2321,xgb_shap_list_ir_4,xgb_shap_list_ir_4_subset_118,Glucose,localMax_Glucose,1.748285,0.73728836,1.4112861
2322,xgb_shap_list_ir_4,xgb_shap_list_ir_4_subset_118,BloodPressure,localMax_BloodPressure,0.15588897,0.3663721,-0.05459416
2323,xgb_shap_list_ir_4,xgb_shap_list_ir_4_subset_118,SkinThickness,localMax_SkinThickness,0.47623688,0.15013719,-0.012912691
2324,xgb_shap_list_ir_4,xgb_shap_list_ir_4_subset_118,Insulin,localMax_Insulin,0.03467524,-0.082253456,0.15160394
2325,xgb_shap_list_ir_4,xgb_shap_list_ir_4_subset_118,BMI,localMax_BMI,-0.20489705,1.9166483,-0.47009024
2326,xgb_shap_list_ir_4,xgb_shap_list_ir_4_subset_118,DiabetesPedigreeFunction,localMax_DiabetesPedigreeFunction,0.359479,0.84499514,0.6831564
2327,xgb_shap_list_ir_4,xgb_shap_list_ir_4_subset_118,Age,localMax_Age,1.1463121,0.7722217,-0.16300422
2328,xgb_shap_list_ir_4,xgb_shap_list_ir_4_subset_11,Pregnancies,localMax_Pregnancies,0.33391416,0.15698308,0.5108453
2329,xgb_shap_list_ir_4,xgb_shap_list_ir_4_subset_11,Glucose,localMax_Glucose,1.4883485,1.0732875,0.6582266
2330,xgb_shap_list_ir_4,xgb_shap_list_ir_4_subset_11,BloodPressure,localMax_BloodPressure,0.04102832,0.16648787,0.29194736
2331,xgb_shap_list_ir_4,xgb_shap_list_ir_4_subset_11,SkinThickness,localMax_SkinThickness,0.16002113,0.2962345,0.4324478
2332,xgb_shap_list_ir_4,xgb_shap_list_ir_4_subset_11,Insulin,localMax_Insulin,-0.034749806,0.07430214,0.18335411
2333,xgb_shap_list_ir_4,xgb_shap_list_ir_4_subset_11,BMI,localMax_BMI,0.099843025,0.33170033,-0.13201427
2334,xgb_shap_list_ir_4,xgb_shap_list_ir_4_subset_11,DiabetesPedigreeFunction,localMax_DiabetesPedigreeFunction,0.6407092,0.1992588,-0.021466434
2335,xgb_shap_list_ir_4,xgb_shap_list_ir_4_subset_11,Age,localMax_Age,0.15995479,-0.028454065,0.9135902
2336,xgb_shap_list_ir_4,xgb_shap_list_ir_4_subset_133,Pregnancies,localMax_Pregnancies,0.571066,0.4050424,0.23901874
2337,xgb_shap_list_ir_4,xgb_shap_list_ir_4_subset_133,Glucose,localMax_Glucose,0.47192025,2.0591438,0.868726
2338,xgb_shap_list_ir_4,xgb_shap_list_ir_4_subset_133,BloodPressure,localMax_BloodPressure,0.37212217,0.6506281,0.09361625
2339,xgb_shap_list_ir_4,xgb_shap_list_ir_4_subset_133,SkinThickness,localMax_SkinThickness,0.31159538,0.15966344,0.0077314377
2340,xgb_shap_list_ir_4,xgb_shap_list_ir_4_subset_133,Insulin,localMax_Insulin,-0.029288813,-0.11432952,0.14079258
2341,xgb_shap_list_ir_4,xgb_shap_list_ir_4_subset_133,BMI,localMax_BMI,-0.002981484,0.27196157,-0.27792448
2342,xgb_shap_list_ir_4,xgb_shap_list_ir_4_subset_133,DiabetesPedigreeFunction,localMax_DiabetesPedigreeFunction,0.3070138,0.11853099,0.49549663
2343,xgb_shap_list_ir_4,xgb_shap_list_ir_4_subset_133,Age,localMax_Age,-0.061085165,-0.25513467,-0.4491842
2344,xgb_shap_list_ir_1,xgb_shap_list_ir_1_subset_25,Pregnancies,localMax_Pregnancies,0.68827164,0.55866826,0.4290648
2345,xgb_shap_list_ir_1,xgb_shap_list_ir_1_subset_25,Glucose,localMax_Glucose,1.8752604,2.132929,2.390598
2346,xgb_shap_list_ir_1,xgb_shap_list_ir_1_subset_25,BloodPressure,localMax_BloodPressure,0.17247105,0.073028445,-0.026414156
2347,xgb_shap_list_ir_1,xgb_shap_list_ir_1_subset_25,SkinThickness,localMax_SkinThickness,-0.14272562,-0.19400594,0.37007758
2348,xgb_shap_list_ir_1,xgb_shap_list_ir_1_subset_25,Insulin,localMax_Insulin,-0.074444294,0.011385977,-0.16027455
2349,xgb_shap_list_ir_1,xgb_shap_list_ir_1_subset_25,BMI,localMax_BMI,0.89343226,1.076625,0.7102395
2350,xgb_shap_list_ir_1,xgb_shap_list_ir_1_subset_25,DiabetesPedigreeFunction,localMax_DiabetesPedigreeFunction,0.5379194,0.80935395,0.4022022
2351,xgb_shap_list_ir_1,xgb_shap_list_ir_1_subset_25,Age,localMax_Age,0.24955261,0.34186792,0.15723726
2352,xgb_shap_list_ir_3,xgb_shap_list_ir_3_subset_97,Pregnancies,localMax_Pregnancies,0.031029731,0.4313857,-0.10242227
2353,xgb_shap_list_ir_3,xgb_shap_list_ir_3_subset_97,Glucose,localMax_Glucose,0.44820106,0.077573895,2.301337
2354,xgb_shap_list_ir_3,xgb_shap_list_ir_3_subset_97,BloodPressure,localMax_BloodPressure,0.13084483,0.0020006895,0.25968897
2355,xgb_shap_list_ir_3,xgb_shap_list_ir_3_subset_97,SkinThickness,localMax_SkinThickness,0.2339279,0.3874815,0.08037424
2356,xgb_shap_list_ir_3,xgb_shap_list_ir_3_subset_97,Insulin,localMax_Insulin,-0.1547307,-0.26541862,0.84146035
2357,xgb_shap_list_ir_3,xgb_shap_list_ir_3_subset_97,BMI,localMax_BMI,0.20329928,0.017679691,0.38891894
2358,xgb_shap_list_ir_3,xgb_shap_list_ir_3_subset_97,DiabetesPedigreeFunction,localMax_DiabetesPedigreeFunction,-0.22006842,0.6152568,-0.3592893
2359,xgb_shap_list_ir_3,xgb_shap_list_ir_3_subset_97,Age,localMax_Age,0.90389216,1.0875055,0.72027886
2360,xgb_shap_list_ir_2,xgb_shap_list_ir_2_subset_104,Pregnancies,localMax_Pregnancies,0.37373328,0.4985664,0.24890018
2361,xgb_shap_list_ir_2,xgb_shap_list_ir_2_subset_104,Glucose,localMax_Glucose,0.55032337,1.4922118,0.8642862
2362,xgb_shap_list_ir_2,xgb_shap_list_ir_2_subset_104,BloodPressure,localMax_BloodPressure,0.22062492,0.3969211,-0.043819368
2363,xgb_shap_list_ir_2,xgb_shap_list_ir_2_subset_104,SkinThickness,localMax_SkinThickness,0.64933187,0.45198733,0.5506596
2364,xgb_shap_list_ir_2,xgb_shap_list_ir_2_subset_104,Insulin,localMax_Insulin,0.037783027,0.36792392,0.2028535
2365,xgb_shap_list_ir_2,xgb_shap_list_ir_2_subset_104,BMI,localMax_BMI,0.57348734,0.43059862,0.85926473
2366,xgb_shap_list_ir_2,xgb_shap_list_ir_2_subset_104,DiabetesPedigreeFunction,localMax_DiabetesPedigreeFunction,-0.4571505,0.50392634,0.88835716
2367,xgb_shap_list_ir_2,xgb_shap_list_ir_2_subset_104,Age,localMax_Age,0.5138774,0.70858717,0.90329695
2368,xgb_shap_list_ir_4,xgb_shap_list_ir_4_subset_78,Pregnancies,localMax_Pregnancies,0.8870063,1.1217605,0.6522522
2369,xgb_shap_list_ir_4,xgb_shap_list_ir_4_subset_78,Glucose,localMax_Glucose,1.0745475,0.7407471,0.40694654
2370,xgb_shap_list_ir_4,xgb_shap_list_ir_4_subset_78,BloodPressure,localMax_BloodPressure,-0.16110963,-0.02586037,-0.29635888
2371,xgb_shap_list_ir_4,xgb_shap_list_ir_4_subset_78,SkinThickness,localMax_SkinThickness,0.042924404,0.09993462,0.15694484
2372,xgb_shap_list_ir_4,xgb_shap_list_ir_4_subset_78,Insulin,localMax_Insulin,0.05557701,0.17524934,0.41459394
2373,xgb_shap_list_ir_4,xgb_shap_list_ir_4_subset_78,BMI,localMax_BMI,0.08605456,-0.48784566,-0.20089555
2374,xgb_shap_list_ir_4,xgb_shap_list_ir_4_subset_78,DiabetesPedigreeFunction,localMax_DiabetesPedigreeFunction,0.19451809,-0.03227085,0.42130697
2375,xgb_shap_list_ir_4,xgb_shap_list_ir_4_subset_78,Age,localMax_Age,0.3581264,0.20575881,0.51049393
2376,xgb_shap_list_ir_2,xgb_shap_list_ir_2_subset_136,Pregnancies,localMax_Pregnancies,-0.033854306,-0.089530125,0.021821499
2377,xgb_shap_list_ir_2,xgb_shap_list_ir_2_subset_136,Glucose,localMax_Glucose,1.1992846,1.5181243,0.8804449
2378,xgb_shap_list_ir_2,xgb_shap_list_ir_2_subset_136,BloodPressure,localMax_BloodPressure,0.65423274,0.43670702,0.21918136
2379,xgb_shap_list_ir_2,xgb_shap_list_ir_2_subset_136,SkinThickness,localMax_SkinThickness,0.706986,0.47599542,0.36050016
2380,xgb_shap_list_ir_2,xgb_shap_list_ir_2_subset_136,Insulin,localMax_Insulin,-0.1517039,-0.24427623,0.58887476
2381,xgb_shap_list_ir_2,xgb_shap_list_ir_2_subset_136,BMI,localMax_BMI,1.1152892,0.92030394,0.7253188
2382,xgb_shap_list_ir_2,xgb_shap_list_ir_2_subset_136,DiabetesPedigreeFunction,localMax_DiabetesPedigreeFunction,0.5833895,0.3675412,0.79923797
2383,xgb_shap_list_ir_2,xgb_shap_list_ir_2_subset_136,Age,localMax_Age,0.3299722,0.20972127,0.4502232
2384,xgb_shap_list_ir_3,xgb_shap_list_ir_3_subset_14,Pregnancies,localMax_Pregnancies,0.4450941,0.26210958,0.6280787
2385,xgb_shap_list_ir_3,xgb_shap_list_ir_3_subset_14,Glucose,localMax_Glucose,1.6368227,0.85768557,1.2472541
2386,xgb_shap_list_ir_3,xgb_shap_list_ir_3_subset_14,BloodPressure,localMax_BloodPressure,0.15732074,0.39387918,-0.07923758
2387,xgb_shap_list_ir_3,xgb_shap_list_ir_3_subset_14,SkinThickness,localMax_SkinThickness,0.24875295,0.11574668,0.38175923
2388,xgb_shap_list_ir_3,xgb_shap_list_ir_3_subset_14,Insulin,localMax_Insulin,-0.15187559,-0.28454632,0.37880743
2389,xgb_shap_list_ir_3,xgb_shap_list_ir_3_subset_14,BMI,localMax_BMI,-0.28249168,1.321338,-0.13668898
2390,xgb_shap_list_ir_3,xgb_shap_list_ir_3_subset_14,DiabetesPedigreeFunction,localMax_DiabetesPedigreeFunction,0.27654123,0.089499235,-0.09754276
2391,xgb_shap_list_ir_3,xgb_shap_list_ir_3_subset_14,Age,localMax_Age,1.1698421,-0.26832598,-0.08855498
2392,xgb_shap_list_ir_5,xgb_shap_list_ir_5_subset_43,Pregnancies,localMax_Pregnancies,0.57541335,0.439309,0.7115177
2393,xgb_shap_list_ir_5,xgb_shap_list_ir_5_subset_43,Glucose,localMax_Glucose,1.3775854,0.9743185,1.7808526
2394,xgb_shap_list_ir_5,xgb_shap_list_ir_5_subset_43,BloodPressure,localMax_BloodPressure,0.056367695,0.14933181,0.24229592
2395,xgb_shap_list_ir_5,xgb_shap_list_ir_5_subset_43,SkinThickness,localMax_SkinThickness,-0.03917344,0.039296463,0.11776638
2396,xgb_shap_list_ir_5,xgb_shap_list_ir_5_subset_43,Insulin,localMax_Insulin,0.11621505,-0.013643563,0.24607366
2397,xgb_shap_list_ir_5,xgb_shap_list_ir_5_subset_43,BMI,localMax_BMI,0.47640824,0.7089262,0.24389035
2398,xgb_shap_list_ir_5,xgb_shap_list_ir_5_subset_43,DiabetesPedigreeFunction,localMax_DiabetesPedigreeFunction,0.054423332,0.2453134,-0.13646671
2399,xgb_shap_list_ir_5,xgb_shap_list_ir_5_subset_43,Age,localMax_Age,0.79777306,0.60344124,0.40910935
2400,xgb_shap_list_ir_1,xgb_shap_list_ir_1_subset_160,Pregnancies,localMax_Pregnancies,0.42132056,0.5198236,0.6183267
2401,xgb_shap_list_ir_1,xgb_shap_list_ir_1_subset_160,Glucose,localMax_Glucose,1.4871399,1.2955754,1.6787046
2402,xgb_shap_list_ir_1,xgb_shap_list_ir_1_subset_160,BloodPressure,localMax_BloodPressure,-0.6555922,0.4299364,1.0502384
2403,xgb_shap_list_ir_1,xgb_shap_list_ir_1_subset_160,SkinThickness,localMax_SkinThickness,0.68033135,0.06829715,-0.13571425
2404,xgb_shap_list_ir_1,xgb_shap_list_ir_1_subset_160,Insulin,localMax_Insulin,0.049366638,-0.021933377,-0.1645334
2405,xgb_shap_list_ir_1,xgb_shap_list_ir_1_subset_160,BMI,localMax_BMI,-0.18672812,-0.32799077,0.9433733
2406,xgb_shap_list_ir_1,xgb_shap_list_ir_1_subset_160,DiabetesPedigreeFunction,localMax_DiabetesPedigreeFunction,0.93135977,1.1208385,0.741881
2407,xgb_shap_list_ir_1,xgb_shap_list_ir_1_subset_160,Age,localMax_Age,0.593267,0.74272907,-0.0045811534
2408,xgb_shap_list_ir_1,xgb_shap_list_ir_1_subset_4,Pregnancies,localMax_Pregnancies,-0.06318703,-0.16358337,0.13760567
2409,xgb_shap_list_ir_1,xgb_shap_list_ir_1_subset_4,Glucose,localMax_Glucose,0.51046073,0.76388323,1.0173057
2410,xgb_shap_list_ir_1,xgb_shap_list_ir_1_subset_4,BloodPressure,localMax_BloodPressure,0.16570026,0.26056445,0.07083607
2411,xgb_shap_list_ir_1,xgb_shap_list_ir_1_subset_4,SkinThickness,localMax_SkinThickness,-0.37376356,-0.4973846,-0.25014246
2412,xgb_shap_list_ir_1,xgb_shap_list_ir_1_subset_4,Insulin,localMax_Insulin,0.43531328,0.13223165,0.3342861
2413,xgb_shap_list_ir_1,xgb_shap_list_ir_1_subset_4,BMI,localMax_BMI,1.5702354,1.2110445,1.39064
2414,xgb_shap_list_ir_1,xgb_shap_list_ir_1_subset_4,DiabetesPedigreeFunction,localMax_DiabetesPedigreeFunction,0.1266954,0.30852652,0.49035752
2415,xgb_shap_list_ir_1,xgb_shap_list_ir_1_subset_4,Age,localMax_Age,1.1368127,1.2832007,-0.47345576
2416,xgb_shap_list_ir_3,xgb_shap_list_ir_3_subset_88,Pregnancies,localMax_Pregnancies,0.11473662,0.2688383,-0.039365053
2417,xgb_shap_list_ir_3,xgb_shap_list_ir_3_subset_88,Glucose,localMax_Glucose,2.1199875,2.779484,-0.18825018
2418,xgb_shap_list_ir_3,xgb_shap_list_ir_3_subset_88,BloodPressure,localMax_BloodPressure,0.20937377,0.14510098,0.08082819
2419,xgb_shap_list_ir_3,xgb_shap_list_ir_3_subset_88,SkinThickness,localMax_SkinThickness,0.31318057,0.16852275,0.023864955
2420,xgb_shap_list_ir_3,xgb_shap_list_ir_3_subset_88,Insulin,localMax_Insulin,0.27793157,0.059588492,0.16876
2421,xgb_shap_list_ir_3,xgb_shap_list_ir_3_subset_88,BMI,localMax_BMI,1.2127782,1.4568793,-0.2518283
2422,xgb_shap_list_ir_3,xgb_shap_list_ir_3_subset_88,DiabetesPedigreeFunction,localMax_DiabetesPedigreeFunction,0.33127087,0.16964656,0.49289525
2423,xgb_shap_list_ir_3,xgb_shap_list_ir_3_subset_88,Age,localMax_Age,0.15421456,-0.10697693,0.41540605
2424,xgb_shap_list_ir_2,xgb_shap_list_ir_2_subset_138,Pregnancies,localMax_Pregnancies,0.4931435,0.22902954,0.3610865
2425,xgb_shap_list_ir_2,xgb_shap_list_ir_2_subset_138,Glucose,localMax_Glucose,1.6959913,1.3492513,2.0427313
2426,xgb_shap_list_ir_2,xgb_shap_list_ir_2_subset_138,BloodPressure,localMax_BloodPressure,0.2951517,-0.020511627,0.13732004
2427,xgb_shap_list_ir_2,xgb_shap_list_ir_2_subset_138,SkinThickness,localMax_SkinThickness,0.45128888,0.5240481,-0.058025703
2428,xgb_shap_list_ir_2,xgb_shap_list_ir_2_subset_138,Insulin,localMax_Insulin,-0.41756117,0.5489873,0.6870657
2429,xgb_shap_list_ir_2,xgb_shap_list_ir_2_subset_138,BMI,localMax_BMI,0.8744371,1.076104,1.277771
2430,xgb_shap_list_ir_2,xgb_shap_list_ir_2_subset_138,DiabetesPedigreeFunction,localMax_DiabetesPedigreeFunction,0.24428791,0.06494069,-0.114406556
2431,xgb_shap_list_ir_2,xgb_shap_list_ir_2_subset_138,Age,localMax_Age,0.4837681,0.59336925,0.70297045
2432,xgb_shap_list_ir_5,xgb_shap_list_ir_5_subset_66,Pregnancies,localMax_Pregnancies,0.38139564,0.23239726,-0.06559962
2433,xgb_shap_list_ir_5,xgb_shap_list_ir_5_subset_66,Glucose,localMax_Glucose,1.6292481,1.1810379,0.2846179
2434,xgb_shap_list_ir_5,xgb_shap_list_ir_5_subset_66,BloodPressure,localMax_BloodPressure,-0.051459968,0.042851627,0.13716322
2435,xgb_shap_list_ir_5,xgb_shap_list_ir_5_subset_66,SkinThickness,localMax_SkinThickness,0.21029818,0.10345662,0.3171397
2436,xgb_shap_list_ir_5,xgb_shap_list_ir_5_subset_66,Insulin,localMax_Insulin,0.0600124,0.21913412,0.29869497
2437,xgb_shap_list_ir_5,xgb_shap_list_ir_5_subset_66,BMI,localMax_BMI,0.22235674,0.47224212,-0.027528644
2438,xgb_shap_list_ir_5,xgb_shap_list_ir_5_subset_66,DiabetesPedigreeFunction,localMax_DiabetesPedigreeFunction,0.22456628,0.08428973,0.36484283
2439,xgb_shap_list_ir_5,xgb_shap_list_ir_5_subset_66,Age,localMax_Age,0.7964334,0.61351717,0.9793496
2440,xgb_shap_list_ir_2,xgb_shap_list_ir_2_subset_50,Pregnancies,localMax_Pregnancies,0.65500176,0.48814148,0.8218621
2441,xgb_shap_list_ir_2,xgb_shap_list_ir_2_subset_50,Glucose,localMax_Glucose,1.6852098,2.0868585,1.283561
2442,xgb_shap_list_ir_2,xgb_shap_list_ir_2_subset_50,BloodPressure,localMax_BloodPressure,0.74932337,0.55845726,0.36759114
2443,xgb_shap_list_ir_2,xgb_shap_list_ir_2_subset_50,SkinThickness,localMax_SkinThickness,0.061703756,-0.015517935,0.02309291
2444,xgb_shap_list_ir_2,xgb_shap_list_ir_2_subset_50,Insulin,localMax_Insulin,-0.16817945,-0.058463544,0.81926364
2445,xgb_shap_list_ir_2,xgb_shap_list_ir_2_subset_50,BMI,localMax_BMI,1.2201544,0.9771527,0.0051459074
2446,xgb_shap_list_ir_2,xgb_shap_list_ir_2_subset_50,DiabetesPedigreeFunction,localMax_DiabetesPedigreeFunction,0.49438167,0.6108493,0.7273169
2447,xgb_shap_list_ir_2,xgb_shap_list_ir_2_subset_50,Age,localMax_Age,0.5067192,0.3965463,0.61689204
2448,xgb_shap_list_ir_1,xgb_shap_list_ir_1_subset_69,Pregnancies,localMax_Pregnancies,0.5540401,0.4915854,0.6164947
2449,xgb_shap_list_ir_1,xgb_shap_list_ir_1_subset_69,Glucose,localMax_Glucose,1.3664562,1.2021993,1.5307128
2450,xgb_shap_list_ir_1,xgb_shap_list_ir_1_subset_69,BloodPressure,localMax_BloodPressure,0.22522414,0.06758845,0.38285983
2451,xgb_shap_list_ir_1,xgb_shap_list_ir_1_subset_69,SkinThickness,localMax_SkinThickness,0.55314314,0.46601528,0.37888741
2452,xgb_shap_list_ir_1,xgb_shap_list_ir_1_subset_69,Insulin,localMax_Insulin,0.04934895,-0.35609895,-0.05201301
2453,xgb_shap_list_ir_1,xgb_shap_list_ir_1_subset_69,BMI,localMax_BMI,0.74467826,0.5115546,0.97780204
2454,xgb_shap_list_ir_1,xgb_shap_list_ir_1_subset_69,DiabetesPedigreeFunction,localMax_DiabetesPedigreeFunction,0.49261045,0.66222477,0.32299608
2455,xgb_shap_list_ir_1,xgb_shap_list_ir_1_subset_69,Age,localMax_Age,0.6439642,0.5227353,0.40150642
2456,xgb_shap_list_ir_4,xgb_shap_list_ir_4_subset_106,Pregnancies,localMax_Pregnancies,0.13918406,0.28165072,-0.0032826066
2457,xgb_shap_list_ir_4,xgb_shap_list_ir_4_subset_106,Glucose,localMax_Glucose,2.973845,2.5568075,1.3056955
2458,xgb_shap_list_ir_4,xgb_shap_list_ir_4_subset_106,BloodPressure,localMax_BloodPressure,0.22989541,0.07506174,0.38472915
2459,xgb_shap_list_ir_4,xgb_shap_list_ir_4_subset_106,SkinThickness,localMax_SkinThickness,-0.032068595,0.66483265,0.17700177
2460,xgb_shap_list_ir_4,xgb_shap_list_ir_4_subset_106,Insulin,localMax_Insulin,0.040675074,0.15476394,0.38294172
2461,xgb_shap_list_ir_4,xgb_shap_list_ir_4_subset_106,BMI,localMax_BMI,1.0180298,1.2139633,0.82209647
2462,xgb_shap_list_ir_4,xgb_shap_list_ir_4_subset_106,DiabetesPedigreeFunction,localMax_DiabetesPedigreeFunction,1.1739514,0.96819437,-0.2663476
2463,xgb_shap_list_ir_4,xgb_shap_list_ir_4_subset_106,Age,localMax_Age,0.54927063,0.7458004,0.9423301
2464,xgb_shap_list_ir_2,xgb_shap_list_ir_2_subset_140,Pregnancies,localMax_Pregnancies,0.30323976,0.210359,0.3961205
2465,xgb_shap_list_ir_2,xgb_shap_list_ir_2_subset_140,Glucose,localMax_Glucose,1.736357,2.1079059,0.62171054
2466,xgb_shap_list_ir_2,xgb_shap_list_ir_2_subset_140,BloodPressure,localMax_BloodPressure,0.082206756,-0.25401753,-0.36609226
2467,xgb_shap_list_ir_2,xgb_shap_list_ir_2_subset_140,SkinThickness,localMax_SkinThickness,0.2686575,0.4535824,0.36111993
2468,xgb_shap_list_ir_2,xgb_shap_list_ir_2_subset_140,Insulin,localMax_Insulin,-0.05126384,0.32151622,0.22832122
2469,xgb_shap_list_ir_2,xgb_shap_list_ir_2_subset_140,BMI,localMax_BMI,1.0229967,0.8419509,1.2040424
2470,xgb_shap_list_ir_2,xgb_shap_list_ir_2_subset_140,DiabetesPedigreeFunction,localMax_DiabetesPedigreeFunction,1.0175846,-0.43808174,1.1995429
2471,xgb_shap_list_ir_2,xgb_shap_list_ir_2_subset_140,Age,localMax_Age,1.5747736,1.8073099,0.17955482
2472,xgb_shap_list_ir_5,xgb_shap_list_ir_5_subset_15,Pregnancies,localMax_Pregnancies,0.3875382,0.6228523,0.15222406
2473,xgb_shap_list_ir_5,xgb_shap_list_ir_5_subset_15,Glucose,localMax_Glucose,1.466212,1.852382,1.0800422
2474,xgb_shap_list_ir_5,xgb_shap_list_ir_5_subset_15,BloodPressure,localMax_BloodPressure,0.26599932,0.12402654,-0.3018918
2475,xgb_shap_list_ir_5,xgb_shap_list_ir_5_subset_15,SkinThickness,localMax_SkinThickness,0.22627991,0.15749437,0.2950655
2476,xgb_shap_list_ir_5,xgb_shap_list_ir_5_subset_15,Insulin,localMax_Insulin,0.067706585,-0.096497744,0.5603196
2477,xgb_shap_list_ir_5,xgb_shap_list_ir_5_subset_15,BMI,localMax_BMI,0.79954517,1.5313232,-0.29812187
2478,xgb_shap_list_ir_5,xgb_shap_list_ir_5_subset_15,DiabetesPedigreeFunction,localMax_DiabetesPedigreeFunction,0.28191906,0.4375469,0.12629122
2479,xgb_shap_list_ir_5,xgb_shap_list_ir_5_subset_15,Age,localMax_Age,0.5505631,0.7618041,0.3393221
2480,xgb_shap_list_ir_4,xgb_shap_list_ir_4_subset_2,Pregnancies,localMax_Pregnancies,0.15507054,0.05301121,0.2571299
2481,xgb_shap_list_ir_4,xgb_shap_list_ir_4_subset_2,Glucose,localMax_Glucose,1.8578959,0.74951077,2.2273576
2482,xgb_shap_list_ir_4,xgb_shap_list_ir_4_subset_2,BloodPressure,localMax_BloodPressure,0.19035256,0.34031504,0.040390134
2483,xgb_shap_list_ir_4,xgb_shap_list_ir_4_subset_2,SkinThickness,localMax_SkinThickness,0.26778913,0.36828905,0.16728926
2484,xgb_shap_list_ir_4,xgb_shap_list_ir_4_subset_2,Insulin,localMax_Insulin,-0.0872173,0.36011234,0.06189257
2485,xgb_shap_list_ir_4,xgb_shap_list_ir_4_subset_2,BMI,localMax_BMI,0.0896759,-0.1177423,1.5416033
2486,xgb_shap_list_ir_4,xgb_shap_list_ir_4_subset_2,DiabetesPedigreeFunction,localMax_DiabetesPedigreeFunction,0.7205728,0.921283,0.51986265
2487,xgb_shap_list_ir_4,xgb_shap_list_ir_4_subset_2,Age,localMax_Age,0.11863655,0.7874296,0.6202313
2488,xgb_shap_list_ir_5,xgb_shap_list_ir_5_subset_69,Pregnancies,localMax_Pregnancies,0.30091447,0.1936956,0.08647674
2489,xgb_shap_list_ir_5,xgb_shap_list_ir_5_subset_69,Glucose,localMax_Glucose,0.9910152,1.3391714,2.0354838
2490,xgb_shap_list_ir_5,xgb_shap_list_ir_5_subset_69,BloodPressure,localMax_BloodPressure,0.026436567,0.23421645,-0.18134332
2491,xgb_shap_list_ir_5,xgb_shap_list_ir_5_subset_69,SkinThickness,localMax_SkinThickness,0.010968596,-0.21174285,-0.100387126
2492,xgb_shap_list_ir_5,xgb_shap_list_ir_5_subset_69,Insulin,localMax_Insulin,-0.10464135,-0.23984262,0.4361636
2493,xgb_shap_list_ir_5,xgb_shap_list_ir_5_subset_69,BMI,localMax_BMI,-0.011416435,0.3356477,0.68271196
2494,xgb_shap_list_ir_5,xgb_shap_list_ir_5_subset_69,DiabetesPedigreeFunction,localMax_DiabetesPedigreeFunction,-0.01572752,0.37232602,0.17829925
2495,xgb_shap_list_ir_5,xgb_shap_list_ir_5_subset_69,Age,localMax_Age,-0.37528908,1.5009749,1.7094487
2496,xgb_shap_list_ir_4,xgb_shap_list_ir_4_subset_144,Pregnancies,localMax_Pregnancies,0.093223274,0.22478771,-0.038341224
2497,xgb_shap_list_ir_4,xgb_shap_list_ir_4_subset_144,Glucose,localMax_Glucose,0.57700753,1.4362822,1.006645
2498,xgb_shap_list_ir_4,xgb_shap_list_ir_4_subset_144,BloodPressure,localMax_BloodPressure,0.4420166,0.21330309,-0.015410423
2499,xgb_shap_list_ir_4,xgb_shap_list_ir_4_subset_144,SkinThickness,localMax_SkinThickness,0.070192456,0.1640918,0.3518905
2500,xgb_shap_list_ir_4,xgb_shap_list_ir_4_subset_144,Insulin,localMax_Insulin,0.058579504,0.20479244,0.35100538
2501,xgb_shap_list_ir_4,xgb_shap_list_ir_4_subset_144,BMI,localMax_BMI,0.28389394,0.06716341,0.50062454
2502,xgb_shap_list_ir_4,xgb_shap_list_ir_4_subset_144,DiabetesPedigreeFunction,localMax_DiabetesPedigreeFunction,0.8149271,0.63827884,0.99157536
2503,xgb_shap_list_ir_4,xgb_shap_list_ir_4_subset_144,Age,localMax_Age,0.7650496,0.9407922,0.58930695
2504,xgb_shap_list_ir_4,xgb_shap_list_ir_4_subset_33,Pregnancies,localMax_Pregnancies,0.33708215,0.4981079,0.6591337
2505,xgb_shap_list_ir_4,xgb_shap_list_ir_4_subset_33,Glucose,localMax_Glucose,2.3659177,2.000413,1.6349082
2506,xgb_shap_list_ir_4,xgb_shap_list_ir_4_subset_33,BloodPressure,localMax_BloodPressure,0.014865875,-0.14940524,0.17913699
2507,xgb_shap_list_ir_4,xgb_shap_list_ir_4_subset_33,SkinThickness,localMax_SkinThickness,0.34180576,0.16491288,0.25335932
2508,xgb_shap_list_ir_4,xgb_shap_list_ir_4_subset_33,Insulin,localMax_Insulin,0.2177679,0.06528258,0.3702532
2509,xgb_shap_list_ir_4,xgb_shap_list_ir_4_subset_33,BMI,localMax_BMI,0.15048528,0.62686133,-0.08770275
2510,xgb_shap_list_ir_4,xgb_shap_list_ir_4_subset_33,DiabetesPedigreeFunction,localMax_DiabetesPedigreeFunction,0.28118837,0.60402906,0.4426087
2511,xgb_shap_list_ir_4,xgb_shap_list_ir_4_subset_33,Age,localMax_Age,0.35727584,0.53950536,0.7217349
2512,xgb_shap_list_ir_1,xgb_shap_list_ir_1_subset_159,Pregnancies,localMax_Pregnancies,0.51112485,0.7270957,0.29515386
2513,xgb_shap_list_ir_1,xgb_shap_list_ir_1_subset_159,Glucose,localMax_Glucose,0.5964329,0.7600702,0.9237075
2514,xgb_shap_list_ir_1,xgb_shap_list_ir_1_subset_159,BloodPressure,localMax_BloodPressure,0.86308384,0.25831604,0.7118919
2515,xgb_shap_list_ir_1,xgb_shap_list_ir_1_subset_159,SkinThickness,localMax_SkinThickness,0.29906636,0.13058275,0.21482456
2516,xgb_shap_list_ir_1,xgb_shap_list_ir_1_subset_159,Insulin,localMax_Insulin,-0.034449004,0.0071487054,-0.07604671
2517,xgb_shap_list_ir_1,xgb_shap_list_ir_1_subset_159,BMI,localMax_BMI,1.1577425,0.043549,-0.09572521
2518,xgb_shap_list_ir_1,xgb_shap_list_ir_1_subset_159,DiabetesPedigreeFunction,localMax_DiabetesPedigreeFunction,1.196323,1.0228235,0.84932387
2519,xgb_shap_list_ir_1,xgb_shap_list_ir_1_subset_159,Age,localMax_Age,0.583777,0.45031393,0.71724004
2520,xgb_shap_list_ir_4,xgb_shap_list_ir_4_subset_153,Pregnancies,localMax_Pregnancies,0.31171596,0.22448817,0.39894378
2521,xgb_shap_list_ir_4,xgb_shap_list_ir_4_subset_153,Glucose,localMax_Glucose,1.0220585,1.5391924,0.7634915
2522,xgb_shap_list_ir_4,xgb_shap_list_ir_4_subset_153,BloodPressure,localMax_BloodPressure,0.18415004,0.064198256,0.30410182
2523,xgb_shap_list_ir_4,xgb_shap_list_ir_4_subset_153,SkinThickness,localMax_SkinThickness,0.12038073,0.03971663,0.20104486
2524,xgb_shap_list_ir_4,xgb_shap_list_ir_4_subset_153,Insulin,localMax_Insulin,-0.1879082,-0.2909866,-0.08482978
2525,xgb_shap_list_ir_4,xgb_shap_list_ir_4_subset_153,BMI,localMax_BMI,0.6399462,0.11804986,0.37899804
2526,xgb_shap_list_ir_4,xgb_shap_list_ir_4_subset_153,DiabetesPedigreeFunction,localMax_DiabetesPedigreeFunction,0.59872967,0.4265849,0.25444013
2527,xgb_shap_list_ir_4,xgb_shap_list_ir_4_subset_153,Age,localMax_Age,-0.2502067,1.1970625,1.4038152
2528,xgb_shap_list_ir_4,xgb_shap_list_ir_4_subset_12,Pregnancies,localMax_Pregnancies,0.8910452,0.68623686,1.0958536
2529,xgb_shap_list_ir_4,xgb_shap_list_ir_4_subset_12,Glucose,localMax_Glucose,0.468354,2.1498222,0.047986865
2530,xgb_shap_list_ir_4,xgb_shap_list_ir_4_subset_12,BloodPressure,localMax_BloodPressure,0.3686148,0.22944754,0.5077821
2531,xgb_shap_list_ir_4,xgb_shap_list_ir_4_subset_12,SkinThickness,localMax_SkinThickness,0.09390026,0.16932553,0.018474996
2532,xgb_shap_list_ir_4,xgb_shap_list_ir_4_subset_12,Insulin,localMax_Insulin,-0.013247848,0.104730785,0.3406881
2533,xgb_shap_list_ir_4,xgb_shap_list_ir_4_subset_12,BMI,localMax_BMI,0.8722092,0.6287011,0.3851931
2534,xgb_shap_list_ir_4,xgb_shap_list_ir_4_subset_12,DiabetesPedigreeFunction,localMax_DiabetesPedigreeFunction,0.81318223,0.6306107,0.9957539
2535,xgb_shap_list_ir_4,xgb_shap_list_ir_4_subset_12,Age,localMax_Age,0.7064077,0.8819764,0.004132509
2536,xgb_shap_list_ir_1,xgb_shap_list_ir_1_subset_85,Pregnancies,localMax_Pregnancies,1.0599699,1.2677276,0.021181047
2537,xgb_shap_list_ir_1,xgb_shap_list_ir_1_subset_85,Glucose,localMax_Glucose,0.23791015,1.145878,0.91888607
2538,xgb_shap_list_ir_1,xgb_shap_list_ir_1_subset_85,BloodPressure,localMax_BloodPressure,0.065902054,0.17670888,0.2875157
2539,xgb_shap_list_ir_1,xgb_shap_list_ir_1_subset_85,SkinThickness,localMax_SkinThickness,0.6209148,0.14749396,0.3842044
2540,xgb_shap_list_ir_1,xgb_shap_list_ir_1_subset_85,Insulin,localMax_Insulin,-0.03229636,0.16640487,0.033937395
2541,xgb_shap_list_ir_1,xgb_shap_list_ir_1_subset_85,BMI,localMax_BMI,0.9459419,1.0948744,0.7970096
2542,xgb_shap_list_ir_1,xgb_shap_list_ir_1_subset_85,DiabetesPedigreeFunction,localMax_DiabetesPedigreeFunction,0.9483028,0.81229204,-0.41180542
2543,xgb_shap_list_ir_1,xgb_shap_list_ir_1_subset_85,Age,localMax_Age,0.19328058,0.30388993,0.082671225
2544,xgb_shap_list_ir_5,xgb_shap_list_ir_5_subset_112,Pregnancies,localMax_Pregnancies,-0.027530447,0.05536604,-0.11042695
2545,xgb_shap_list_ir_5,xgb_shap_list_ir_5_subset_112,Glucose,localMax_Glucose,2.9569468,1.4541333,2.5812435
2546,xgb_shap_list_ir_5,xgb_shap_list_ir_5_subset_112,BloodPressure,localMax_BloodPressure,-0.20843074,0.056194484,0.18850708
2547,xgb_shap_list_ir_5,xgb_shap_list_ir_5_subset_112,SkinThickness,localMax_SkinThickness,0.546231,0.19849616,0.024628729
2548,xgb_shap_list_ir_5,xgb_shap_list_ir_5_subset_112,Insulin,localMax_Insulin,-0.17790073,-0.027415574,0.123069644
2549,xgb_shap_list_ir_5,xgb_shap_list_ir_5_subset_112,BMI,localMax_BMI,-0.4078272,1.3425523,-0.15777296
2550,xgb_shap_list_ir_5,xgb_shap_list_ir_5_subset_112,DiabetesPedigreeFunction,localMax_DiabetesPedigreeFunction,0.35381866,0.5143018,0.19333547
2551,xgb_shap_list_ir_5,xgb_shap_list_ir_5_subset_112,Age,localMax_Age,0.9915358,0.72668064,1.256391
2552,xgb_shap_list_ir_3,xgb_shap_list_ir_3_subset_126,Pregnancies,localMax_Pregnancies,0.6714964,0.46231198,0.25312763
2553,xgb_shap_list_ir_3,xgb_shap_list_ir_3_subset_126,Glucose,localMax_Glucose,1.5238354,1.167013,0.8101908
2554,xgb_shap_list_ir_3,xgb_shap_list_ir_3_subset_126,BloodPressure,localMax_BloodPressure,0.18975541,0.07373649,0.30577433
2555,xgb_shap_list_ir_3,xgb_shap_list_ir_3_subset_126,SkinThickness,localMax_SkinThickness,0.03488627,0.38052687,0.17314252
2556,xgb_shap_list_ir_3,xgb_shap_list_ir_3_subset_126,Insulin,localMax_Insulin,0.01148963,0.16319424,0.3148988
2557,xgb_shap_list_ir_3,xgb_shap_list_ir_3_subset_126,BMI,localMax_BMI,0.4371922,-0.1061756,0.16550827
2558,xgb_shap_list_ir_3,xgb_shap_list_ir_3_subset_126,DiabetesPedigreeFunction,localMax_DiabetesPedigreeFunction,0.9533614,0.5326475,0.74300444
2559,xgb_shap_list_ir_3,xgb_shap_list_ir_3_subset_126,Age,localMax_Age,0.17478827,0.27443084,0.07514569
2560,xgb_shap_list_ir_5,xgb_shap_list_ir_5_subset_80,Pregnancies,localMax_Pregnancies,0.58540606,0.38261557,0.7881967
2561,xgb_shap_list_ir_5,xgb_shap_list_ir_5_subset_80,Glucose,localMax_Glucose,0.6069566,0.22270954,2.1439447
2562,xgb_shap_list_ir_5,xgb_shap_list_ir_5_subset_80,BloodPressure,localMax_BloodPressure,0.2241531,-0.032247126,0.39508668
2563,xgb_shap_list_ir_5,xgb_shap_list_ir_5_subset_80,SkinThickness,localMax_SkinThickness,0.35855573,0.032411695,0.2498411
2564,xgb_shap_list_ir_5,xgb_shap_list_ir_5_subset_80,Insulin,localMax_Insulin,-0.23883998,-0.36134627,0.37369156
2565,xgb_shap_list_ir_5,xgb_shap_list_ir_5_subset_80,BMI,localMax_BMI,1.3603808,0.9786897,-0.357229
2566,xgb_shap_list_ir_5,xgb_shap_list_ir_5_subset_80,DiabetesPedigreeFunction,localMax_DiabetesPedigreeFunction,0.822986,0.2588315,0.07078004
2567,xgb_shap_list_ir_5,xgb_shap_list_ir_5_subset_80,Age,localMax_Age,0.94904447,0.26541036,0.7781359
2568,xgb_shap_list_ir_2,xgb_shap_list_ir_2_subset_33,Pregnancies,localMax_Pregnancies,0.55441284,0.7925749,1.0307368
2569,xgb_shap_list_ir_2,xgb_shap_list_ir_2_subset_33,Glucose,localMax_Glucose,1.4635084,0.29604948,1.755373
2570,xgb_shap_list_ir_2,xgb_shap_list_ir_2_subset_33,BloodPressure,localMax_BloodPressure,0.08720338,-0.01998505,0.19439182
2571,xgb_shap_list_ir_2,xgb_shap_list_ir_2_subset_33,SkinThickness,localMax_SkinThickness,0.027824685,-0.032576486,0.08822584
2572,xgb_shap_list_ir_2,xgb_shap_list_ir_2_subset_33,Insulin,localMax_Insulin,0.5645398,0.34007704,0.78900254
2573,xgb_shap_list_ir_2,xgb_shap_list_ir_2_subset_33,BMI,localMax_BMI,0.12813342,-0.009420842,0.403242
2574,xgb_shap_list_ir_2,xgb_shap_list_ir_2_subset_33,DiabetesPedigreeFunction,localMax_DiabetesPedigreeFunction,0.6156627,0.33388817,0.19300091
2575,xgb_shap_list_ir_2,xgb_shap_list_ir_2_subset_33,Age,localMax_Age,0.13239995,0.26128381,0.0035160482
2576,xgb_shap_list_ir_5,xgb_shap_list_ir_5_subset_119,Pregnancies,localMax_Pregnancies,0.0236274,0.100477666,0.17732793
2577,xgb_shap_list_ir_5,xgb_shap_list_ir_5_subset_119,Glucose,localMax_Glucose,1.1956971,0.79578555,1.9955204
2578,xgb_shap_list_ir_5,xgb_shap_list_ir_5_subset_119,BloodPressure,localMax_BloodPressure,0.20167822,0.060234845,0.34312165
2579,xgb_shap_list_ir_5,xgb_shap_list_ir_5_subset_119,SkinThickness,localMax_SkinThickness,0.3235712,0.4229843,0.1247451
2580,xgb_shap_list_ir_5,xgb_shap_list_ir_5_subset_119,Insulin,localMax_Insulin,0.22163713,0.08458078,-0.05247557
2581,xgb_shap_list_ir_5,xgb_shap_list_ir_5_subset_119,BMI,localMax_BMI,0.40996492,0.16163242,0.6582974
2582,xgb_shap_list_ir_5,xgb_shap_list_ir_5_subset_119,DiabetesPedigreeFunction,localMax_DiabetesPedigreeFunction,0.012950569,-0.12076825,0.14666936
2583,xgb_shap_list_ir_5,xgb_shap_list_ir_5_subset_119,Age,localMax_Age,0.31372452,1.2102787,-0.22420788
2584,xgb_shap_list_ir_1,xgb_shap_list_ir_1_subset_139,Pregnancies,localMax_Pregnancies,0.060930192,0.08947551,0.14656615
2585,xgb_shap_list_ir_1,xgb_shap_list_ir_1_subset_139,Glucose,localMax_Glucose,1.5717545,1.8754425,2.1791306
2586,xgb_shap_list_ir_1,xgb_shap_list_ir_1_subset_139,BloodPressure,localMax_BloodPressure,0.28456026,0.43834686,0.3614536
2587,xgb_shap_list_ir_1,xgb_shap_list_ir_1_subset_139,SkinThickness,localMax_SkinThickness,-0.33265483,-0.40802073,-0.48338664
2588,xgb_shap_list_ir_1,xgb_shap_list_ir_1_subset_139,Insulin,localMax_Insulin,0.11122143,0.17834368,0.044099182
2589,xgb_shap_list_ir_1,xgb_shap_list_ir_1_subset_139,BMI,localMax_BMI,0.4717189,0.57218605,-0.030616552
2590,xgb_shap_list_ir_1,xgb_shap_list_ir_1_subset_139,DiabetesPedigreeFunction,localMax_DiabetesPedigreeFunction,1.0714521,1.2165632,0.7812299
2591,xgb_shap_list_ir_1,xgb_shap_list_ir_1_subset_139,Age,localMax_Age,0.73341876,0.8238419,0.64299566
2592,xgb_shap_list_ir_4,xgb_shap_list_ir_4_subset_123,Pregnancies,localMax_Pregnancies,0.29904836,0.16166294,0.43643385
2593,xgb_shap_list_ir_4,xgb_shap_list_ir_4_subset_123,Glucose,localMax_Glucose,2.1929302,1.8042905,1.4156508
2594,xgb_shap_list_ir_4,xgb_shap_list_ir_4_subset_123,BloodPressure,localMax_BloodPressure,0.32059377,0.4595846,-0.23536965
2595,xgb_shap_list_ir_4,xgb_shap_list_ir_4_subset_123,SkinThickness,localMax_SkinThickness,0.10061121,0.03270486,0.16851756
2596,xgb_shap_list_ir_4,xgb_shap_list_ir_4_subset_123,Insulin,localMax_Insulin,-0.1607545,0.45423025,-0.26325196
2597,xgb_shap_list_ir_4,xgb_shap_list_ir_4_subset_123,BMI,localMax_BMI,0.26248717,0.0011433959,0.5238309
2598,xgb_shap_list_ir_4,xgb_shap_list_ir_4_subset_123,DiabetesPedigreeFunction,localMax_DiabetesPedigreeFunction,0.5547366,0.72344697,0.38602638
2599,xgb_shap_list_ir_4,xgb_shap_list_ir_4_subset_123,Age,localMax_Age,0.38443828,0.54301685,0.2258597
2600,xgb_shap_list_ir_1,xgb_shap_list_ir_1_subset_131,Pregnancies,localMax_Pregnancies,-0.06930053,-0.12070358,0.34192392
2601,xgb_shap_list_ir_1,xgb_shap_list_ir_1_subset_131,Glucose,localMax_Glucose,1.363189,1.0463997,0.7296103
2602,xgb_shap_list_ir_1,xgb_shap_list_ir_1_subset_131,BloodPressure,localMax_BloodPressure,0.71524566,0.37534666,0.5452962
2603,xgb_shap_list_ir_1,xgb_shap_list_ir_1_subset_131,SkinThickness,localMax_SkinThickness,0.60110253,0.49694687,0.39279115
2604,xgb_shap_list_ir_1,xgb_shap_list_ir_1_subset_131,Insulin,localMax_Insulin,0.40913826,-0.3156357,-0.39616615
2605,xgb_shap_list_ir_1,xgb_shap_list_ir_1_subset_131,BMI,localMax_BMI,1.1334431,0.15888733,1.5232655
2606,xgb_shap_list_ir_1,xgb_shap_list_ir_1_subset_131,DiabetesPedigreeFunction,localMax_DiabetesPedigreeFunction,1.4228165,1.2604218,-0.52592015
2607,xgb_shap_list_ir_1,xgb_shap_list_ir_1_subset_131,Age,localMax_Age,0.21199286,0.2613099,0.16267583
2608,xgb_shap_list_ir_3,xgb_shap_list_ir_3_subset_137,Pregnancies,localMax_Pregnancies,0.48782873,0.33735275,0.6383047
2609,xgb_shap_list_ir_3,xgb_shap_list_ir_3_subset_137,Glucose,localMax_Glucose,1.9183059,1.5599132,2.2766986
2610,xgb_shap_list_ir_3,xgb_shap_list_ir_3_subset_137,BloodPressure,localMax_BloodPressure,0.50348866,0.3095531,0.11561757
2611,xgb_shap_list_ir_3,xgb_shap_list_ir_3_subset_137,SkinThickness,localMax_SkinThickness,0.012205631,0.0727651,0.13332458
2612,xgb_shap_list_ir_3,xgb_shap_list_ir_3_subset_137,Insulin,localMax_Insulin,0.07043871,0.1672697,0.3609317
2613,xgb_shap_list_ir_3,xgb_shap_list_ir_3_subset_137,BMI,localMax_BMI,0.34701824,0.118097484,-0.11082327
2614,xgb_shap_list_ir_3,xgb_shap_list_ir_3_subset_137,DiabetesPedigreeFunction,localMax_DiabetesPedigreeFunction,1.1247547,0.9245819,0.7244091
2615,xgb_shap_list_ir_3,xgb_shap_list_ir_3_subset_137,Age,localMax_Age,0.50226814,0.29538733,0.08850646
2616,xgb_shap_list_ir_2,xgb_shap_list_ir_2_subset_120,Pregnancies,localMax_Pregnancies,0.5052624,0.3137424,0.69678247
2617,xgb_shap_list_ir_2,xgb_shap_list_ir_2_subset_120,Glucose,localMax_Glucose,1.3635947,1.628753,0.03780341
2618,xgb_shap_list_ir_2,xgb_shap_list_ir_2_subset_120,BloodPressure,localMax_BloodPressure,0.33936203,0.2024768,0.4762472
2619,xgb_shap_list_ir_2,xgb_shap_list_ir_2_subset_120,SkinThickness,localMax_SkinThickness,0.3031284,0.11554977,0.2406022
2620,xgb_shap_list_ir_2,xgb_shap_list_ir_2_subset_120,Insulin,localMax_Insulin,0.17233223,0.48415595,0.3282441
2621,xgb_shap_list_ir_2,xgb_shap_list_ir_2_subset_120,BMI,localMax_BMI,0.35747886,0.54560393,0.16935372
2622,xgb_shap_list_ir_2,xgb_shap_list_ir_2_subset_120,DiabetesPedigreeFunction,localMax_DiabetesPedigreeFunction,0.41711953,0.32879803,0.505441
2623,xgb_shap_list_ir_2,xgb_shap_list_ir_2_subset_120,Age,localMax_Age,0.44485682,0.29051644,0.90787816
2624,xgb_shap_list_ir_3,xgb_shap_list_ir_3_subset_112,Pregnancies,localMax_Pregnancies,1.0971569,0.8285141,0.5598713
2625,xgb_shap_list_ir_3,xgb_shap_list_ir_3_subset_112,Glucose,localMax_Glucose,1.121516,2.3502831,0.7119272
2626,xgb_shap_list_ir_3,xgb_shap_list_ir_3_subset_112,BloodPressure,localMax_BloodPressure,-0.00774464,-0.122873336,-0.238002
2627,xgb_shap_list_ir_3,xgb_shap_list_ir_3_subset_112,SkinThickness,localMax_SkinThickness,0.41993082,0.51709163,0.12844843
2628,xgb_shap_list_ir_3,xgb_shap_list_ir_3_subset_112,Insulin,localMax_Insulin,-0.20144382,0.28727454,-0.07926422
2629,xgb_shap_list_ir_3,xgb_shap_list_ir_3_subset_112,BMI,localMax_BMI,-0.22862625,1.5379776,-0.42491558
2630,xgb_shap_list_ir_3,xgb_shap_list_ir_3_subset_112,DiabetesPedigreeFunction,localMax_DiabetesPedigreeFunction,0.36425352,0.19516176,0.02606994
2631,xgb_shap_list_ir_3,xgb_shap_list_ir_3_subset_112,Age,localMax_Age,-0.097328365,0.05270356,0.50279945
2632,xgb_shap_list_ir_1,xgb_shap_list_ir_1_subset_93,Pregnancies,localMax_Pregnancies,0.6394367,0.54106003,0.73781335
2633,xgb_shap_list_ir_1,xgb_shap_list_ir_1_subset_93,Glucose,localMax_Glucose,1.5714738,1.9042315,1.2387164
2634,xgb_shap_list_ir_1,xgb_shap_list_ir_1_subset_93,BloodPressure,localMax_BloodPressure,-0.5459944,0.3543921,-0.13672778
2635,xgb_shap_list_ir_1,xgb_shap_list_ir_1_subset_93,SkinThickness,localMax_SkinThickness,0.19718572,-0.39617926,0.5362514
2636,xgb_shap_list_ir_1,xgb_shap_list_ir_1_subset_93,Insulin,localMax_Insulin,0.2881191,0.21126449,0.36497372
2637,xgb_shap_list_ir_1,xgb_shap_list_ir_1_subset_93,BMI,localMax_BMI,1.4866639,1.7393978,1.23393
2638,xgb_shap_list_ir_1,xgb_shap_list_ir_1_subset_93,DiabetesPedigreeFunction,localMax_DiabetesPedigreeFunction,0.47928888,0.75478804,0.6170385
2639,xgb_shap_list_ir_1,xgb_shap_list_ir_1_subset_93,Age,localMax_Age,0.4553216,0.57084846,0.6863753
2640,xgb_shap_list_ir_5,xgb_shap_list_ir_5_subset_40,Pregnancies,localMax_Pregnancies,0.60279906,0.4069656,0.7986324
2641,xgb_shap_list_ir_5,xgb_shap_list_ir_5_subset_40,Glucose,localMax_Glucose,1.2442756,0.07442868,1.6342247
2642,xgb_shap_list_ir_5,xgb_shap_list_ir_5_subset_40,BloodPressure,localMax_BloodPressure,0.16686538,0.2556636,0.43326005
2643,xgb_shap_list_ir_5,xgb_shap_list_ir_5_subset_40,SkinThickness,localMax_SkinThickness,0.3202337,0.2203362,0.020541102
2644,xgb_shap_list_ir_5,xgb_shap_list_ir_5_subset_40,Insulin,localMax_Insulin,0.12042773,-0.017711997,0.25856745
2645,xgb_shap_list_ir_5,xgb_shap_list_ir_5_subset_40,BMI,localMax_BMI,0.18761575,1.7298481,1.9868867
2646,xgb_shap_list_ir_5,xgb_shap_list_ir_5_subset_40,DiabetesPedigreeFunction,localMax_DiabetesPedigreeFunction,-0.0504601,0.7874705,0.11712599
2647,xgb_shap_list_ir_5,xgb_shap_list_ir_5_subset_40,Age,localMax_Age,0.20674145,0.33265293,0.08082992
2648,xgb_shap_list_ir_1,xgb_shap_list_ir_1_subset_34,Pregnancies,localMax_Pregnancies,1.3104138,1.146926,1.4739017
2649,xgb_shap_list_ir_1,xgb_shap_list_ir_1_subset_34,Glucose,localMax_Glucose,0.9271643,0.68766916,0.20867908
2650,xgb_shap_list_ir_1,xgb_shap_list_ir_1_subset_34,BloodPressure,localMax_BloodPressure,0.023759067,-0.52436084,0.9829689
2651,xgb_shap_list_ir_1,xgb_shap_list_ir_1_subset_34,SkinThickness,localMax_SkinThickness,0.5576809,0.7027375,0.6302092
2652,xgb_shap_list_ir_1,xgb_shap_list_ir_1_subset_34,Insulin,localMax_Insulin,0.15677375,0.08288184,0.11982779
2653,xgb_shap_list_ir_1,xgb_shap_list_ir_1_subset_34,BMI,localMax_BMI,1.018208,-0.16761014,-0.29936773
2654,xgb_shap_list_ir_1,xgb_shap_list_ir_1_subset_34,DiabetesPedigreeFunction,localMax_DiabetesPedigreeFunction,0.6837723,0.18455815,0.3093617
2655,xgb_shap_list_ir_1,xgb_shap_list_ir_1_subset_34,Age,localMax_Age,0.67744005,0.5797983,0.77508175
2656,xgb_shap_list_ir_1,xgb_shap_list_ir_1_subset_80,Pregnancies,localMax_Pregnancies,0.06802243,-0.12515432,-0.028565943
2657,xgb_shap_list_ir_1,xgb_shap_list_ir_1_subset_80,Glucose,localMax_Glucose,1.1904184,1.4615564,1.7326946
2658,xgb_shap_list_ir_1,xgb_shap_list_ir_1_subset_80,BloodPressure,localMax_BloodPressure,0.06640491,-0.09390062,0.106481284
2659,xgb_shap_list_ir_1,xgb_shap_list_ir_1_subset_80,SkinThickness,localMax_SkinThickness,0.52735835,0.44858336,0.36980838
2660,xgb_shap_list_ir_1,xgb_shap_list_ir_1_subset_80,Insulin,localMax_Insulin,-0.038749784,0.016628295,-0.09412786
2661,xgb_shap_list_ir_1,xgb_shap_list_ir_1_subset_80,BMI,localMax_BMI,1.1482533,0.52353704,0.73177576
2662,xgb_shap_list_ir_1,xgb_shap_list_ir_1_subset_80,DiabetesPedigreeFunction,localMax_DiabetesPedigreeFunction,-0.19581419,0.78910834,0.05041641
2663,xgb_shap_list_ir_1,xgb_shap_list_ir_1_subset_80,Age,localMax_Age,-0.06680322,0.9371836,1.0806103
2664,xgb_shap_list_ir_2,xgb_shap_list_ir_2_subset_111,Pregnancies,localMax_Pregnancies,0.9899261,0.8228687,0.4887539
2665,xgb_shap_list_ir_2,xgb_shap_list_ir_2_subset_111,Glucose,localMax_Glucose,0.95341384,1.1439766,0.7628511
2666,xgb_shap_list_ir_2,xgb_shap_list_ir_2_subset_111,BloodPressure,localMax_BloodPressure,0.20555317,0.44966924,0.6937854
2667,xgb_shap_list_ir_2,xgb_shap_list_ir_2_subset_111,SkinThickness,localMax_SkinThickness,0.5847314,0.27838445,0.4315579
2668,xgb_shap_list_ir_2,xgb_shap_list_ir_2_subset_111,Insulin,localMax_Insulin,0.0053046644,0.06380898,-0.053199664
2669,xgb_shap_list_ir_2,xgb_shap_list_ir_2_subset_111,BMI,localMax_BMI,0.29620707,0.090272784,1.1199442
2670,xgb_shap_list_ir_2,xgb_shap_list_ir_2_subset_111,DiabetesPedigreeFunction,localMax_DiabetesPedigreeFunction,0.8305658,0.65588313,0.4812004
2671,xgb_shap_list_ir_2,xgb_shap_list_ir_2_subset_111,Age,localMax_Age,0.9105283,0.6915462,1.1295104
2672,xgb_shap_list_ir_3,xgb_shap_list_ir_3_subset_131,Pregnancies,localMax_Pregnancies,0.3723123,0.14419055,0.60043395
2673,xgb_shap_list_ir_3,xgb_shap_list_ir_3_subset_131,Glucose,localMax_Glucose,1.8741164,2.191861,-0.35009563
2674,xgb_shap_list_ir_3,xgb_shap_list_ir_3_subset_131,BloodPressure,localMax_BloodPressure,0.2179941,0.3167953,0.11919284
2675,xgb_shap_list_ir_3,xgb_shap_list_ir_3_subset_131,SkinThickness,localMax_SkinThickness,0.030082822,0.18800992,0.34593707
2676,xgb_shap_list_ir_3,xgb_shap_list_ir_3_subset_131,Insulin,localMax_Insulin,-0.0613582,0.3686027,-0.13301833
2677,xgb_shap_list_ir_3,xgb_shap_list_ir_3_subset_131,BMI,localMax_BMI,-0.2284854,0.31131816,0.041416407
2678,xgb_shap_list_ir_3,xgb_shap_list_ir_3_subset_131,DiabetesPedigreeFunction,localMax_DiabetesPedigreeFunction,0.16739589,0.5141044,0.68745863
2679,xgb_shap_list_ir_3,xgb_shap_list_ir_3_subset_131,Age,localMax_Age,0.19470352,0.67172444,0.433214
2680,xgb_shap_list_ir_5,xgb_shap_list_ir_5_subset_34,Pregnancies,localMax_Pregnancies,-0.069186,0.057835013,0.184856
2681,xgb_shap_list_ir_5,xgb_shap_list_ir_5_subset_34,Glucose,localMax_Glucose,2.0546055,1.7282858,1.4019662
2682,xgb_shap_list_ir_5,xgb_shap_list_ir_5_subset_34,BloodPressure,localMax_BloodPressure,-0.034327865,0.2925297,0.4559585
2683,xgb_shap_list_ir_5,xgb_shap_list_ir_5_subset_34,SkinThickness,localMax_SkinThickness,0.23576206,0.1477148,0.059667528
2684,xgb_shap_list_ir_5,xgb_shap_list_ir_5_subset_34,Insulin,localMax_Insulin,0.13687152,-0.032396913,0.30614
2685,xgb_shap_list_ir_5,xgb_shap_list_ir_5_subset_34,BMI,localMax_BMI,1.1179485,0.92839575,-0.20892173
2686,xgb_shap_list_ir_5,xgb_shap_list_ir_5_subset_34,DiabetesPedigreeFunction,localMax_DiabetesPedigreeFunction,0.5092873,0.66579497,0.8223026
2687,xgb_shap_list_ir_5,xgb_shap_list_ir_5_subset_34,Age,localMax_Age,0.33735275,0.79776347,1.104704
2688,xgb_shap_list_ir_4,xgb_shap_list_ir_4_subset_158,Pregnancies,localMax_Pregnancies,0.71587515,0.87694657,0.5548038
2689,xgb_shap_list_ir_4,xgb_shap_list_ir_4_subset_158,Glucose,localMax_Glucose,1.3155439,1.666404,2.017264
2690,xgb_shap_list_ir_4,xgb_shap_list_ir_4_subset_158,BloodPressure,localMax_BloodPressure,0.067395896,-0.033482373,0.470909
2691,xgb_shap_list_ir_4,xgb_shap_list_ir_4_subset_158,SkinThickness,localMax_SkinThickness,0.040486515,-0.05072695,0.13169998
2692,xgb_shap_list_ir_4,xgb_shap_list_ir_4_subset_158,Insulin,localMax_Insulin,-0.046916828,0.015487954,0.51472616
2693,xgb_shap_list_ir_4,xgb_shap_list_ir_4_subset_158,BMI,localMax_BMI,-0.24303412,-0.0073611736,1.8780224
2694,xgb_shap_list_ir_4,xgb_shap_list_ir_4_subset_158,DiabetesPedigreeFunction,localMax_DiabetesPedigreeFunction,0.5614526,0.7792889,0.34361637
2695,xgb_shap_list_ir_4,xgb_shap_list_ir_4_subset_158,Age,localMax_Age,0.35804033,0.7279587,0.912918
2696,xgb_shap_list_ir_5,xgb_shap_list_ir_5_subset_25,Pregnancies,localMax_Pregnancies,0.34611,0.23979956,0.45242035
2697,xgb_shap_list_ir_5,xgb_shap_list_ir_5_subset_25,Glucose,localMax_Glucose,0.5659598,0.94478655,0.18713295
2698,xgb_shap_list_ir_5,xgb_shap_list_ir_5_subset_25,BloodPressure,localMax_BloodPressure,0.23953158,0.35739475,0.003805101
2699,xgb_shap_list_ir_5,xgb_shap_list_ir_5_subset_25,SkinThickness,localMax_SkinThickness,0.30187595,0.21275616,0.123636395
2700,xgb_shap_list_ir_5,xgb_shap_list_ir_5_subset_25,Insulin,localMax_Insulin,-0.2591967,-0.40801436,-0.11037904
2701,xgb_shap_list_ir_5,xgb_shap_list_ir_5_subset_25,BMI,localMax_BMI,-0.13885468,0.080026865,-0.35773623
2702,xgb_shap_list_ir_5,xgb_shap_list_ir_5_subset_25,DiabetesPedigreeFunction,localMax_DiabetesPedigreeFunction,0.92066705,0.3721348,0.1892907
2703,xgb_shap_list_ir_5,xgb_shap_list_ir_5_subset_25,Age,localMax_Age,0.14562666,0.30423105,0.4628355
2704,xgb_shap_list_ir_1,xgb_shap_list_ir_1_subset_7,Pregnancies,localMax_Pregnancies,0.45194834,0.5349145,-0.46067926
2705,xgb_shap_list_ir_1,xgb_shap_list_ir_1_subset_7,Glucose,localMax_Glucose,0.23005176,0.07623297,0.69150805
2706,xgb_shap_list_ir_1,xgb_shap_list_ir_1_subset_7,BloodPressure,localMax_BloodPressure,1.0114585,0.42912048,-0.5026204
2707,xgb_shap_list_ir_1,xgb_shap_list_ir_1_subset_7,SkinThickness,localMax_SkinThickness,0.21465391,0.36151624,0.5083785
2708,xgb_shap_list_ir_1,xgb_shap_list_ir_1_subset_7,Insulin,localMax_Insulin,-0.019936562,-0.074392036,0.14342988
2709,xgb_shap_list_ir_1,xgb_shap_list_ir_1_subset_7,BMI,localMax_BMI,0.3611279,0.7975557,0.21565199
2710,xgb_shap_list_ir_1,xgb_shap_list_ir_1_subset_7,DiabetesPedigreeFunction,localMax_DiabetesPedigreeFunction,0.06771368,0.45565253,0.16469842
2711,xgb_shap_list_ir_1,xgb_shap_list_ir_1_subset_7,Age,localMax_Age,0.92484677,0.60686266,1.2428309
2712,xgb_shap_list_ir_4,xgb_shap_list_ir_4_subset_18,Pregnancies,localMax_Pregnancies,0.12769186,0.20834577,0.04703796
2713,xgb_shap_list_ir_4,xgb_shap_list_ir_4_subset_18,Glucose,localMax_Glucose,1.5524218,2.2896912,2.658326
2714,xgb_shap_list_ir_4,xgb_shap_list_ir_4_subset_18,BloodPressure,localMax_BloodPressure,-0.11173296,0.16621447,0.44416177
2715,xgb_shap_list_ir_4,xgb_shap_list_ir_4_subset_18,SkinThickness,localMax_SkinThickness,0.34997898,0.24285072,0.45710725
2716,xgb_shap_list_ir_4,xgb_shap_list_ir_4_subset_18,Insulin,localMax_Insulin,0.31816608,-0.19829673,-0.069181025
2717,xgb_shap_list_ir_4,xgb_shap_list_ir_4_subset_18,BMI,localMax_BMI,-0.01210624,0.37150234,0.17969805
2718,xgb_shap_list_ir_4,xgb_shap_list_ir_4_subset_18,DiabetesPedigreeFunction,localMax_DiabetesPedigreeFunction,0.114096045,0.42516106,0.5806936
2719,xgb_shap_list_ir_4,xgb_shap_list_ir_4_subset_18,Age,localMax_Age,0.444319,0.21654314,1.5831983
2720,xgb_shap_list_ir_5,xgb_shap_list_ir_5_subset_128,Pregnancies,localMax_Pregnancies,0.76694834,0.96225464,0.57164216
2721,xgb_shap_list_ir_5,xgb_shap_list_ir_5_subset_128,Glucose,localMax_Glucose,0.5132551,0.12047303,0.90603733
2722,xgb_shap_list_ir_5,xgb_shap_list_ir_5_subset_128,BloodPressure,localMax_BloodPressure,0.093964934,0.20791483,-0.01998496
2723,xgb_shap_list_ir_5,xgb_shap_list_ir_5_subset_128,SkinThickness,localMax_SkinThickness,0.21765614,0.12218702,0.31312525
2724,xgb_shap_list_ir_5,xgb_shap_list_ir_5_subset_128,Insulin,localMax_Insulin,-0.011197805,0.09202099,-0.1144166
2725,xgb_shap_list_ir_5,xgb_shap_list_ir_5_subset_128,BMI,localMax_BMI,-0.0055595636,0.26584494,-0.27696407
2726,xgb_shap_list_ir_5,xgb_shap_list_ir_5_subset_128,DiabetesPedigreeFunction,localMax_DiabetesPedigreeFunction,0.359626,0.17069578,0.7374865
2727,xgb_shap_list_ir_5,xgb_shap_list_ir_5_subset_128,Age,localMax_Age,0.50419176,0.73609483,0.27228868
2728,xgb_shap_list_ir_3,xgb_shap_list_ir_3_subset_9,Pregnancies,localMax_Pregnancies,0.23983595,0.042885453,0.17418578
2729,xgb_shap_list_ir_3,xgb_shap_list_ir_3_subset_9,Glucose,localMax_Glucose,0.3456323,0.68420374,1.022775
2730,xgb_shap_list_ir_3,xgb_shap_list_ir_3_subset_9,BloodPressure,localMax_BloodPressure,0.30516088,0.1638661,0.022571325
2731,xgb_shap_list_ir_3,xgb_shap_list_ir_3_subset_9,SkinThickness,localMax_SkinThickness,-0.14784136,0.35894912,0.4434142
2732,xgb_shap_list_ir_3,xgb_shap_list_ir_3_subset_9,Insulin,localMax_Insulin,0.112469435,0.26571465,0.41895986
2733,xgb_shap_list_ir_3,xgb_shap_list_ir_3_subset_9,BMI,localMax_BMI,-0.19450006,0.02400291,0.24250585
2734,xgb_shap_list_ir_3,xgb_shap_list_ir_3_subset_9,DiabetesPedigreeFunction,localMax_DiabetesPedigreeFunction,0.7258798,0.98295295,0.46880674
2735,xgb_shap_list_ir_3,xgb_shap_list_ir_3_subset_9,Age,localMax_Age,0.40273094,0.61186814,0.19359368
2736,xgb_shap_list_ir_3,xgb_shap_list_ir_3_subset_148,Pregnancies,localMax_Pregnancies,-0.026723474,0.03298308,0.09268962
2737,xgb_shap_list_ir_3,xgb_shap_list_ir_3_subset_148,Glucose,localMax_Glucose,2.8798757,0.8750305,2.545735
2738,xgb_shap_list_ir_3,xgb_shap_list_ir_3_subset_148,BloodPressure,localMax_BloodPressure,0.04422286,0.11646137,0.1886999
2739,xgb_shap_list_ir_3,xgb_shap_list_ir_3_subset_148,SkinThickness,localMax_SkinThickness,0.12712127,0.047498524,-0.032124206
2740,xgb_shap_list_ir_3,xgb_shap_list_ir_3_subset_148,Insulin,localMax_Insulin,-0.10762465,0.47387344,0.037749887
2741,xgb_shap_list_ir_3,xgb_shap_list_ir_3_subset_148,BMI,localMax_BMI,0.17973822,-0.08184856,0.44132495
2742,xgb_shap_list_ir_3,xgb_shap_list_ir_3_subset_148,DiabetesPedigreeFunction,localMax_DiabetesPedigreeFunction,0.3900932,0.2938671,0.10141483
2743,xgb_shap_list_ir_3,xgb_shap_list_ir_3_subset_148,Age,localMax_Age,1.2729542,1.0896558,0.90635717
2744,xgb_shap_list_ir_2,xgb_shap_list_ir_2_subset_20,Pregnancies,localMax_Pregnancies,0.38703898,0.29915935,0.4749186
2745,xgb_shap_list_ir_2,xgb_shap_list_ir_2_subset_20,Glucose,localMax_Glucose,1.4811662,1.2351646,0.98916304
2746,xgb_shap_list_ir_2,xgb_shap_list_ir_2_subset_20,BloodPressure,localMax_BloodPressure,0.21685505,0.444901,0.33087802
2747,xgb_shap_list_ir_2,xgb_shap_list_ir_2_subset_20,SkinThickness,localMax_SkinThickness,0.4839996,0.36017692,0.60782224
2748,xgb_shap_list_ir_2,xgb_shap_list_ir_2_subset_20,Insulin,localMax_Insulin,0.45073932,0.30726838,0.5942102
2749,xgb_shap_list_ir_2,xgb_shap_list_ir_2_subset_20,BMI,localMax_BMI,0.9748533,1.2353498,0.7143568
2750,xgb_shap_list_ir_2,xgb_shap_list_ir_2_subset_20,DiabetesPedigreeFunction,localMax_DiabetesPedigreeFunction,0.29561645,0.46718663,0.6387569
2751,xgb_shap_list_ir_2,xgb_shap_list_ir_2_subset_20,Age,localMax_Age,0.94567406,0.744179,1.1471691
2752,xgb_shap_list_ir_4,xgb_shap_list_ir_4_subset_25,Pregnancies,localMax_Pregnancies,0.08713305,0.18542337,-0.011157274
2753,xgb_shap_list_ir_4,xgb_shap_list_ir_4_subset_25,Glucose,localMax_Glucose,0.85770655,1.221998,0.49341536
2754,xgb_shap_list_ir_4,xgb_shap_list_ir_4_subset_25,BloodPressure,localMax_BloodPressure,0.17430764,0.031794906,-0.11071789
2755,xgb_shap_list_ir_4,xgb_shap_list_ir_4_subset_25,SkinThickness,localMax_SkinThickness,0.22059423,0.33834404,0.10284442
2756,xgb_shap_list_ir_4,xgb_shap_list_ir_4_subset_25,Insulin,localMax_Insulin,-0.027214587,0.16775918,-0.22218835
2757,xgb_shap_list_ir_4,xgb_shap_list_ir_4_subset_25,BMI,localMax_BMI,0.47655237,0.18173599,-0.1130805
2758,xgb_shap_list_ir_4,xgb_shap_list_ir_4_subset_25,DiabetesPedigreeFunction,localMax_DiabetesPedigreeFunction,0.26504028,0.12914243,0.4009381
2759,xgb_shap_list_ir_4,xgb_shap_list_ir_4_subset_25,Age,localMax_Age,0.6509136,0.81130135,0.49052578
2760,xgb_shap_list_ir_5,xgb_shap_list_ir_5_subset_74,Pregnancies,localMax_Pregnancies,0.852718,0.6636306,0.4745432
2761,xgb_shap_list_ir_5,xgb_shap_list_ir_5_subset_74,Glucose,localMax_Glucose,1.7184887,1.3271105,0.93573236
2762,xgb_shap_list_ir_5,xgb_shap_list_ir_5_subset_74,BloodPressure,localMax_BloodPressure,0.0037392378,0.19094029,0.28454083
2763,xgb_shap_list_ir_5,xgb_shap_list_ir_5_subset_74,SkinThickness,localMax_SkinThickness,0.26315314,0.13887307,0.38743323
2764,xgb_shap_list_ir_5,xgb_shap_list_ir_5_subset_74,Insulin,localMax_Insulin,0.029666543,0.13587737,0.2420882
2765,xgb_shap_list_ir_5,xgb_shap_list_ir_5_subset_74,BMI,localMax_BMI,0.19770789,-0.13574576,0.53116155
2766,xgb_shap_list_ir_5,xgb_shap_list_ir_5_subset_74,DiabetesPedigreeFunction,localMax_DiabetesPedigreeFunction,0.29053408,0.13592955,0.44513863
2767,xgb_shap_list_ir_5,xgb_shap_list_ir_5_subset_74,Age,localMax_Age,-0.15100026,0.15176523,-0.30238298
2768,xgb_shap_list_ir_3,xgb_shap_list_ir_3_subset_35,Pregnancies,localMax_Pregnancies,-0.08175367,0.3231473,0.12069678
2769,xgb_shap_list_ir_3,xgb_shap_list_ir_3_subset_35,Glucose,localMax_Glucose,2.1555066,-0.055468082,1.839653
2770,xgb_shap_list_ir_3,xgb_shap_list_ir_3_subset_35,BloodPressure,localMax_BloodPressure,0.031463265,0.08817792,-0.08196609
2771,xgb_shap_list_ir_3,xgb_shap_list_ir_3_subset_35,SkinThickness,localMax_SkinThickness,0.34449577,0.43372482,0.16603777
2772,xgb_shap_list_ir_3,xgb_shap_list_ir_3_subset_35,Insulin,localMax_Insulin,0.04796076,0.12157956,0.19519839
2773,xgb_shap_list_ir_3,xgb_shap_list_ir_3_subset_35,BMI,localMax_BMI,1.8663275,0.089090586,0.34298158
2774,xgb_shap_list_ir_3,xgb_shap_list_ir_3_subset_35,DiabetesPedigreeFunction,localMax_DiabetesPedigreeFunction,0.34576416,0.08128524,0.6102431
2775,xgb_shap_list_ir_3,xgb_shap_list_ir_3_subset_35,Age,localMax_Age,0.6149732,1.4163995,1.2160429
2776,xgb_shap_list_ir_4,xgb_shap_list_ir_4_subset_48,Pregnancies,localMax_Pregnancies,0.18855786,0.06449437,0.0024626255
2777,xgb_shap_list_ir_4,xgb_shap_list_ir_4_subset_48,Glucose,localMax_Glucose,0.95489764,2.1753902,0.54806674
2778,xgb_shap_list_ir_4,xgb_shap_list_ir_4_subset_48,BloodPressure,localMax_BloodPressure,-0.26965162,0.14420003,0.0062494874
2779,xgb_shap_list_ir_4,xgb_shap_list_ir_4_subset_48,SkinThickness,localMax_SkinThickness,0.5417294,-0.0054074824,0.4733373
2780,xgb_shap_list_ir_4,xgb_shap_list_ir_4_subset_48,Insulin,localMax_Insulin,-0.054240406,0.012346566,0.07893354
2781,xgb_shap_list_ir_4,xgb_shap_list_ir_4_subset_48,BMI,localMax_BMI,1.27839,1.5675925,0.41078293
2782,xgb_shap_list_ir_4,xgb_shap_list_ir_4_subset_48,DiabetesPedigreeFunction,localMax_DiabetesPedigreeFunction,0.7130536,0.33746743,-0.41370505
2783,xgb_shap_list_ir_4,xgb_shap_list_ir_4_subset_48,Age,localMax_Age,0.9536818,0.78850675,0.6233318
2784,xgb_shap_list_ir_3,xgb_shap_list_ir_3_subset_115,Pregnancies,localMax_Pregnancies,0.066253245,0.1596958,-0.027189344
2785,xgb_shap_list_ir_3,xgb_shap_list_ir_3_subset_115,Glucose,localMax_Glucose,3.084761,2.6869411,-0.4956174
2786,xgb_shap_list_ir_3,xgb_shap_list_ir_3_subset_115,BloodPressure,localMax_BloodPressure,0.070613265,0.1974076,-0.056181073
2787,xgb_shap_list_ir_3,xgb_shap_list_ir_3_subset_115,SkinThickness,localMax_SkinThickness,0.019312426,0.11243731,-0.07381247
2788,xgb_shap_list_ir_3,xgb_shap_list_ir_3_subset_115,Insulin,localMax_Insulin,-0.24193773,0.06403911,0.21702754
2789,xgb_shap_list_ir_3,xgb_shap_list_ir_3_subset_115,BMI,localMax_BMI,1.6628768,1.3312788,0.99968064
2790,xgb_shap_list_ir_3,xgb_shap_list_ir_3_subset_115,DiabetesPedigreeFunction,localMax_DiabetesPedigreeFunction,0.5177021,1.0088551,-0.46460426
2791,xgb_shap_list_ir_3,xgb_shap_list_ir_3_subset_115,Age,localMax_Age,0.5858723,0.79300463,0.3787399
2792,xgb_shap_list_ir_1,xgb_shap_list_ir_1_subset_118,Pregnancies,localMax_Pregnancies,0.21523643,0.45926255,0.33724952
2793,xgb_shap_list_ir_1,xgb_shap_list_ir_1_subset_118,Glucose,localMax_Glucose,1.0934801,0.83679783,1.3501625
2794,xgb_shap_list_ir_1,xgb_shap_list_ir_1_subset_118,BloodPressure,localMax_BloodPressure,0.20998031,0.08975744,0.33020318
2795,xgb_shap_list_ir_1,xgb_shap_list_ir_1_subset_118,SkinThickness,localMax_SkinThickness,-0.28504157,0.3507985,0.43027848
2796,xgb_shap_list_ir_1,xgb_shap_list_ir_1_subset_118,Insulin,localMax_Insulin,0.19275337,0.28810525,0.09740144
2797,xgb_shap_list_ir_1,xgb_shap_list_ir_1_subset_118,BMI,localMax_BMI,-0.06604481,0.74547577,0.8807292
2798,xgb_shap_list_ir_1,xgb_shap_list_ir_1_subset_118,DiabetesPedigreeFunction,localMax_DiabetesPedigreeFunction,0.7740555,0.5577065,0.9904045
2799,xgb_shap_list_ir_1,xgb_shap_list_ir_1_subset_118,Age,localMax_Age,0.05297774,-0.049504578,-0.1519869
2800,xgb_shap_list_ir_4,xgb_shap_list_ir_4_subset_6,Pregnancies,localMax_Pregnancies,0.32795227,-0.06749691,-0.14658675
2801,xgb_shap_list_ir_4,xgb_shap_list_ir_4_subset_6,Glucose,localMax_Glucose,0.5567968,1.3532639,0.15856338
2802,xgb_shap_list_ir_4,xgb_shap_list_ir_4_subset_6,BloodPressure,localMax_BloodPressure,0.20274705,0.36861712,0.036876917
2803,xgb_shap_list_ir_4,xgb_shap_list_ir_4_subset_6,SkinThickness,localMax_SkinThickness,0.2575422,0.3635962,0.15148821
2804,xgb_shap_list_ir_4,xgb_shap_list_ir_4_subset_6,Insulin,localMax_Insulin,0.16686204,0.28360987,0.050114244
2805,xgb_shap_list_ir_4,xgb_shap_list_ir_4_subset_6,BMI,localMax_BMI,0.9579668,0.4022047,0.5874587
2806,xgb_shap_list_ir_4,xgb_shap_list_ir_4_subset_6,DiabetesPedigreeFunction,localMax_DiabetesPedigreeFunction,0.17589766,0.32439584,0.62139225
2807,xgb_shap_list_ir_4,xgb_shap_list_ir_4_subset_6,Age,localMax_Age,0.5525924,0.34239924,1.3933653
2808,xgb_shap_list_ir_3,xgb_shap_list_ir_3_subset_90,Pregnancies,localMax_Pregnancies,0.13575622,0.0019367039,0.068846464
2809,xgb_shap_list_ir_3,xgb_shap_list_ir_3_subset_90,Glucose,localMax_Glucose,2.1934752,1.9066389,2.4803116
2810,xgb_shap_list_ir_3,xgb_shap_list_ir_3_subset_90,BloodPressure,localMax_BloodPressure,0.066424966,-0.20148703,-0.06753102
2811,xgb_shap_list_ir_3,xgb_shap_list_ir_3_subset_90,SkinThickness,localMax_SkinThickness,-0.0055162907,0.13993812,0.28539258
2812,xgb_shap_list_ir_3,xgb_shap_list_ir_3_subset_90,Insulin,localMax_Insulin,-0.1799654,0.37533742,-0.27251586
2813,xgb_shap_list_ir_3,xgb_shap_list_ir_3_subset_90,BMI,localMax_BMI,-0.018657327,1.2244618,-0.19624579
2814,xgb_shap_list_ir_3,xgb_shap_list_ir_3_subset_90,DiabetesPedigreeFunction,localMax_DiabetesPedigreeFunction,0.6798867,0.304924,0.4924054
2815,xgb_shap_list_ir_3,xgb_shap_list_ir_3_subset_90,Age,localMax_Age,0.3130957,1.2348734,1.4192289
2816,xgb_shap_list_ir_5,xgb_shap_list_ir_5_subset_12,Pregnancies,localMax_Pregnancies,0.552594,0.35318178,0.15376955
2817,xgb_shap_list_ir_5,xgb_shap_list_ir_5_subset_12,Glucose,localMax_Glucose,2.3962147,2.752022,0.9729855
2818,xgb_shap_list_ir_5,xgb_shap_list_ir_5_subset_12,BloodPressure,localMax_BloodPressure,0.09409183,0.19268006,-0.10308471
2819,xgb_shap_list_ir_5,xgb_shap_list_ir_5_subset_12,SkinThickness,localMax_SkinThickness,0.24911508,0.09289771,0.17100638
2820,xgb_shap_list_ir_5,xgb_shap_list_ir_5_subset_12,Insulin,localMax_Insulin,-0.116485685,-0.19015373,-0.042817652
2821,xgb_shap_list_ir_5,xgb_shap_list_ir_5_subset_12,BMI,localMax_BMI,0.36176068,0.5563328,0.16718853
2822,xgb_shap_list_ir_5,xgb_shap_list_ir_5_subset_12,DiabetesPedigreeFunction,localMax_DiabetesPedigreeFunction,1.2724129,0.2505564,0.046185076
2823,xgb_shap_list_ir_5,xgb_shap_list_ir_5_subset_12,Age,localMax_Age,-0.13766676,0.43794495,0.05420381
2824,xgb_shap_list_ir_2,xgb_shap_list_ir_2_subset_96,Pregnancies,localMax_Pregnancies,0.048182964,-0.32092118,-0.4439559
2825,xgb_shap_list_ir_2,xgb_shap_list_ir_2_subset_96,Glucose,localMax_Glucose,1.3318983,1.0942744,1.807146
2826,xgb_shap_list_ir_2,xgb_shap_list_ir_2_subset_96,BloodPressure,localMax_BloodPressure,-0.054178894,0.030457556,-0.22345185
2827,xgb_shap_list_ir_2,xgb_shap_list_ir_2_subset_96,SkinThickness,localMax_SkinThickness,0.12354562,0.19817975,0.048911482
2828,xgb_shap_list_ir_2,xgb_shap_list_ir_2_subset_96,Insulin,localMax_Insulin,0.08334741,0.1482822,0.27815178
2829,xgb_shap_list_ir_2,xgb_shap_list_ir_2_subset_96,BMI,localMax_BMI,0.043056726,1.8722972,2.1771705
2830,xgb_shap_list_ir_2,xgb_shap_list_ir_2_subset_96,DiabetesPedigreeFunction,localMax_DiabetesPedigreeFunction,0.20480311,0.6269189,-0.0062547326
2831,xgb_shap_list_ir_2,xgb_shap_list_ir_2_subset_96,Age,localMax_Age,1.2954572,1.5242271,-0.07716268
2832,xgb_shap_list_ir_5,xgb_shap_list_ir_5_subset_18,Pregnancies,localMax_Pregnancies,0.31527036,0.23010844,0.05978453
2833,xgb_shap_list_ir_5,xgb_shap_list_ir_5_subset_18,Glucose,localMax_Glucose,1.2414813,1.9279788,2.2712274
2834,xgb_shap_list_ir_5,xgb_shap_list_ir_5_subset_18,BloodPressure,localMax_BloodPressure,0.0065082014,0.098647505,-0.0856311
2835,xgb_shap_list_ir_5,xgb_shap_list_ir_5_subset_18,SkinThickness,localMax_SkinThickness,0.2618073,0.08110306,0.44251162
2836,xgb_shap_list_ir_5,xgb_shap_list_ir_5_subset_18,Insulin,localMax_Insulin,-0.13625288,-0.2816682,0.29999304
2837,xgb_shap_list_ir_5,xgb_shap_list_ir_5_subset_18,BMI,localMax_BMI,-0.49234495,1.1405747,1.5488046
2838,xgb_shap_list_ir_5,xgb_shap_list_ir_5_subset_18,DiabetesPedigreeFunction,localMax_DiabetesPedigreeFunction,0.48903352,0.014510363,0.17268473
2839,xgb_shap_list_ir_5,xgb_shap_list_ir_5_subset_18,Age,localMax_Age,-0.16781604,0.48280102,0.04905635
2840,xgb_shap_list_ir_5,xgb_shap_list_ir_5_subset_106,Pregnancies,localMax_Pregnancies,0.59598863,0.43368757,0.7582897
2841,xgb_shap_list_ir_5,xgb_shap_list_ir_5_subset_106,Glucose,localMax_Glucose,0.45101,0.8334501,2.3632112
2842,xgb_shap_list_ir_5,xgb_shap_list_ir_5_subset_106,BloodPressure,localMax_BloodPressure,0.28231013,0.03727016,0.15979016
2843,xgb_shap_list_ir_5,xgb_shap_list_ir_5_subset_106,SkinThickness,localMax_SkinThickness,0.08743146,0.16773337,0.00712955
2844,xgb_shap_list_ir_5,xgb_shap_list_ir_5_subset_106,Insulin,localMax_Insulin,-0.28804666,-0.12587756,0.84713686
2845,xgb_shap_list_ir_5,xgb_shap_list_ir_5_subset_106,BMI,localMax_BMI,0.05130136,0.5401332,1.5177969
2846,xgb_shap_list_ir_5,xgb_shap_list_ir_5_subset_106,DiabetesPedigreeFunction,localMax_DiabetesPedigreeFunction,0.839895,0.00659281,0.5065741
2847,xgb_shap_list_ir_5,xgb_shap_list_ir_5_subset_106,Age,localMax_Age,0.822195,0.6810713,-0.024547458
2848,xgb_shap_list_ir_3,xgb_shap_list_ir_3_subset_76,Pregnancies,localMax_Pregnancies,0.3837785,0.5057937,0.62780887
2849,xgb_shap_list_ir_3,xgb_shap_list_ir_3_subset_76,Glucose,localMax_Glucose,0.16389179,2.41926,2.7414556
2850,xgb_shap_list_ir_3,xgb_shap_list_ir_3_subset_76,BloodPressure,localMax_BloodPressure,0.077871144,0.28413552,-0.12839329
2851,xgb_shap_list_ir_3,xgb_shap_list_ir_3_subset_76,SkinThickness,localMax_SkinThickness,0.022555977,0.13936108,-0.09424913
2852,xgb_shap_list_ir_3,xgb_shap_list_ir_3_subset_76,Insulin,localMax_Insulin,-0.26132956,-0.16721708,0.30334526
2853,xgb_shap_list_ir_3,xgb_shap_list_ir_3_subset_76,BMI,localMax_BMI,0.09341937,-0.15011966,0.8240365
2854,xgb_shap_list_ir_3,xgb_shap_list_ir_3_subset_76,DiabetesPedigreeFunction,localMax_DiabetesPedigreeFunction,0.6257433,0.13636917,0.46261865
2855,xgb_shap_list_ir_3,xgb_shap_list_ir_3_subset_76,Age,localMax_Age,-0.06573689,0.33500445,0.7357459
2856,xgb_shap_list_ir_2,xgb_shap_list_ir_2_subset_60,Pregnancies,localMax_Pregnancies,-0.19842058,0.13551688,-0.26520807
2857,xgb_shap_list_ir_2,xgb_shap_list_ir_2_subset_60,Glucose,localMax_Glucose,0.20909667,1.6923683,1.3957139
2858,xgb_shap_list_ir_2,xgb_shap_list_ir_2_subset_60,BloodPressure,localMax_BloodPressure,0.77777636,0.5681584,0.98739445
2859,xgb_shap_list_ir_2,xgb_shap_list_ir_2_subset_60,SkinThickness,localMax_SkinThickness,0.34123427,0.45371276,0.1162771
2860,xgb_shap_list_ir_2,xgb_shap_list_ir_2_subset_60,Insulin,localMax_Insulin,0.009720728,-0.045601472,0.12036513
2861,xgb_shap_list_ir_2,xgb_shap_list_ir_2_subset_60,BMI,localMax_BMI,1.107882,0.5677153,0.7477709
2862,xgb_shap_list_ir_2,xgb_shap_list_ir_2_subset_60,DiabetesPedigreeFunction,localMax_DiabetesPedigreeFunction,0.49500656,0.6813792,0.30863392
2863,xgb_shap_list_ir_2,xgb_shap_list_ir_2_subset_60,Age,localMax_Age,0.62142074,0.9794344,0.80042756
2864,xgb_shap_list_ir_3,xgb_shap_list_ir_3_subset_123,Pregnancies,localMax_Pregnancies,0.25025982,0.31729642,0.11618659
2865,xgb_shap_list_ir_3,xgb_shap_list_ir_3_subset_123,Glucose,localMax_Glucose,1.9086471,1.5959744,1.283302
2866,xgb_shap_list_ir_3,xgb_shap_list_ir_3_subset_123,BloodPressure,localMax_BloodPressure,0.41758078,0.23489845,-0.13046613
2867,xgb_shap_list_ir_3,xgb_shap_list_ir_3_subset_123,SkinThickness,localMax_SkinThickness,0.28481334,0.39060038,0.1790263
2868,xgb_shap_list_ir_3,xgb_shap_list_ir_3_subset_123,Insulin,localMax_Insulin,-0.24227497,0.5732089,0.80620426
2869,xgb_shap_list_ir_3,xgb_shap_list_ir_3_subset_123,BMI,localMax_BMI,1.7953508,1.5451626,1.2949743
2870,xgb_shap_list_ir_3,xgb_shap_list_ir_3_subset_123,DiabetesPedigreeFunction,localMax_DiabetesPedigreeFunction,0.3308779,0.52638423,0.7218907
2871,xgb_shap_list_ir_3,xgb_shap_list_ir_3_subset_123,Age,localMax_Age,0.7782065,0.89905226,0.053132474
2872,xgb_shap_list_ir_3,xgb_shap_list_ir_3_subset_152,Pregnancies,localMax_Pregnancies,0.28975135,0.19648916,0.10322696
2873,xgb_shap_list_ir_3,xgb_shap_list_ir_3_subset_152,Glucose,localMax_Glucose,1.4933238,1.1018922,0.71046066
2874,xgb_shap_list_ir_3,xgb_shap_list_ir_3_subset_152,BloodPressure,localMax_BloodPressure,0.0501917,0.16506469,0.27993768
2875,xgb_shap_list_ir_3,xgb_shap_list_ir_3_subset_152,SkinThickness,localMax_SkinThickness,0.47704566,0.3401519,0.2032581
2876,xgb_shap_list_ir_3,xgb_shap_list_ir_3_subset_152,Insulin,localMax_Insulin,-0.24030408,-0.14736083,0.03852567
2877,xgb_shap_list_ir_3,xgb_shap_list_ir_3_subset_152,BMI,localMax_BMI,0.16142517,-0.05253321,0.37538356
2878,xgb_shap_list_ir_3,xgb_shap_list_ir_3_subset_152,DiabetesPedigreeFunction,localMax_DiabetesPedigreeFunction,0.52751994,0.3292837,1.1222289
2879,xgb_shap_list_ir_3,xgb_shap_list_ir_3_subset_152,Age,localMax_Age,1.0084465,1.3472956,1.1778711
2880,xgb_shap_list_ir_2,xgb_shap_list_ir_2_subset_84,Pregnancies,localMax_Pregnancies,0.32555568,0.4506179,0.2004934
2881,xgb_shap_list_ir_2,xgb_shap_list_ir_2_subset_84,Glucose,localMax_Glucose,0.48311234,0.18075478,1.6925426
2882,xgb_shap_list_ir_2,xgb_shap_list_ir_2_subset_84,BloodPressure,localMax_BloodPressure,0.30929363,0.20119375,0.09309387
2883,xgb_shap_list_ir_2,xgb_shap_list_ir_2_subset_84,SkinThickness,localMax_SkinThickness,0.17032859,0.24089473,0.099762455
2884,xgb_shap_list_ir_2,xgb_shap_list_ir_2_subset_84,Insulin,localMax_Insulin,0.28760326,0.3856092,0.09159148
2885,xgb_shap_list_ir_2,xgb_shap_list_ir_2_subset_84,BMI,localMax_BMI,0.9595917,0.7931173,0.6266429
2886,xgb_shap_list_ir_2,xgb_shap_list_ir_2_subset_84,DiabetesPedigreeFunction,localMax_DiabetesPedigreeFunction,0.85668075,0.6272825,0.168486
2887,xgb_shap_list_ir_2,xgb_shap_list_ir_2_subset_84,Age,localMax_Age,1.3239392,0.3645016,1.1320517
2888,xgb_shap_list_ir_1,xgb_shap_list_ir_1_subset_21,Pregnancies,localMax_Pregnancies,0.01982078,-0.049630523,0.29762602
2889,xgb_shap_list_ir_1,xgb_shap_list_ir_1_subset_21,Glucose,localMax_Glucose,0.742923,0.87168306,-0.41591763
2890,xgb_shap_list_ir_1,xgb_shap_list_ir_1_subset_21,BloodPressure,localMax_BloodPressure,-0.19614613,0.6595528,-0.025006354
2891,xgb_shap_list_ir_1,xgb_shap_list_ir_1_subset_21,SkinThickness,localMax_SkinThickness,0.09574509,0.1926415,-0.0011513233
2892,xgb_shap_list_ir_1,xgb_shap_list_ir_1_subset_21,Insulin,localMax_Insulin,0.57105577,0.37670517,0.76540625
2893,xgb_shap_list_ir_1,xgb_shap_list_ir_1_subset_21,BMI,localMax_BMI,0.8821362,0.46505177,0.673594
2894,xgb_shap_list_ir_1,xgb_shap_list_ir_1_subset_21,DiabetesPedigreeFunction,localMax_DiabetesPedigreeFunction,0.7057149,0.57725775,0.834172
2895,xgb_shap_list_ir_1,xgb_shap_list_ir_1_subset_21,Age,localMax_Age,1.0772505,1.2293644,-0.59600276
2896,xgb_shap_list_ir_1,xgb_shap_list_ir_1_subset_104,Pregnancies,localMax_Pregnancies,-0.20543177,0.54784244,0.48506957
2897,xgb_shap_list_ir_1,xgb_shap_list_ir_1_subset_104,Glucose,localMax_Glucose,1.0905908,1.260316,0.92086565
2898,xgb_shap_list_ir_1,xgb_shap_list_ir_1_subset_104,BloodPressure,localMax_BloodPressure,-0.021493286,0.22018725,-0.38401413
2899,xgb_shap_list_ir_1,xgb_shap_list_ir_1_subset_104,SkinThickness,localMax_SkinThickness,0.5296099,0.5937948,0.46542504
2900,xgb_shap_list_ir_1,xgb_shap_list_ir_1_subset_104,Insulin,localMax_Insulin,0.2073456,0.3337154,0.3969003
2901,xgb_shap_list_ir_1,xgb_shap_list_ir_1_subset_104,BMI,localMax_BMI,1.0816966,1.3190731,0.36956704
2902,xgb_shap_list_ir_1,xgb_shap_list_ir_1_subset_104,DiabetesPedigreeFunction,localMax_DiabetesPedigreeFunction,0.7490946,0.5579777,0.94021153
2903,xgb_shap_list_ir_1,xgb_shap_list_ir_1_subset_104,Age,localMax_Age,0.5079149,0.91783965,0.7128773
2904,xgb_shap_list_ir_5,xgb_shap_list_ir_5_subset_139,Pregnancies,localMax_Pregnancies,0.1491637,0.26566505,0.032662332
2905,xgb_shap_list_ir_5,xgb_shap_list_ir_5_subset_139,Glucose,localMax_Glucose,0.8588412,2.4219353,2.0311618
2906,xgb_shap_list_ir_5,xgb_shap_list_ir_5_subset_139,BloodPressure,localMax_BloodPressure,0.20708954,0.00011098385,-0.20686758
2907,xgb_shap_list_ir_5,xgb_shap_list_ir_5_subset_139,SkinThickness,localMax_SkinThickness,0.21374822,-0.00035467744,0.106696755
2908,xgb_shap_list_ir_5,xgb_shap_list_ir_5_subset_139,Insulin,localMax_Insulin,-0.1483522,-0.26691583,-0.029788584
2909,xgb_shap_list_ir_5,xgb_shap_list_ir_5_subset_139,BMI,localMax_BMI,-0.05391717,0.695951,-0.42885137
2910,xgb_shap_list_ir_5,xgb_shap_list_ir_5_subset_139,DiabetesPedigreeFunction,localMax_DiabetesPedigreeFunction,0.47422886,0.6859621,0.2624957
2911,xgb_shap_list_ir_5,xgb_shap_list_ir_5_subset_139,Age,localMax_Age,0.4898938,0.976442,0.7331679
2912,xgb_shap_list_ir_2,xgb_shap_list_ir_2_subset_131,Pregnancies,localMax_Pregnancies,-0.19007832,-0.30669874,-0.42331916
2913,xgb_shap_list_ir_2,xgb_shap_list_ir_2_subset_131,Glucose,localMax_Glucose,1.0789336,0.84630656,0.6136795
2914,xgb_shap_list_ir_2,xgb_shap_list_ir_2_subset_131,BloodPressure,localMax_BloodPressure,0.4941548,-0.014999598,-0.11683047
2915,xgb_shap_list_ir_2,xgb_shap_list_ir_2_subset_131,SkinThickness,localMax_SkinThickness,-0.016369097,0.04572016,-0.07845835
2916,xgb_shap_list_ir_2,xgb_shap_list_ir_2_subset_131,Insulin,localMax_Insulin,0.27688575,0.1831649,0.3706066
2917,xgb_shap_list_ir_2,xgb_shap_list_ir_2_subset_131,BMI,localMax_BMI,1.6297301,0.4904455,1.0600877
2918,xgb_shap_list_ir_2,xgb_shap_list_ir_2_subset_131,DiabetesPedigreeFunction,localMax_DiabetesPedigreeFunction,0.36655557,0.16195029,0.9803715
2919,xgb_shap_list_ir_2,xgb_shap_list_ir_2_subset_131,Age,localMax_Age,0.03429514,1.546766,1.7988445
2920,xgb_shap_list_ir_2,xgb_shap_list_ir_2_subset_46,Pregnancies,localMax_Pregnancies,0.36800408,0.1728661,-0.022271931
2921,xgb_shap_list_ir_2,xgb_shap_list_ir_2_subset_46,Glucose,localMax_Glucose,1.9130371,1.615963,2.2101114
2922,xgb_shap_list_ir_2,xgb_shap_list_ir_2_subset_46,BloodPressure,localMax_BloodPressure,0.7324899,-0.36919615,0.57510614
2923,xgb_shap_list_ir_2,xgb_shap_list_ir_2_subset_46,SkinThickness,localMax_SkinThickness,0.40598756,0.28200924,0.5299659
2924,xgb_shap_list_ir_2,xgb_shap_list_ir_2_subset_46,Insulin,localMax_Insulin,0.3193668,0.23207784,0.4066558
2925,xgb_shap_list_ir_2,xgb_shap_list_ir_2_subset_46,BMI,localMax_BMI,1.1839066,1.3342457,1.0335675
2926,xgb_shap_list_ir_2,xgb_shap_list_ir_2_subset_46,DiabetesPedigreeFunction,localMax_DiabetesPedigreeFunction,-0.20887965,-0.04002416,1.31082
2927,xgb_shap_list_ir_2,xgb_shap_list_ir_2_subset_46,Age,localMax_Age,0.21926206,0.3467936,0.47432512
2928,xgb_shap_list_ir_1,xgb_shap_list_ir_1_subset_58,Pregnancies,localMax_Pregnancies,0.13960561,0.17459579,-0.10532565
2929,xgb_shap_list_ir_1,xgb_shap_list_ir_1_subset_58,Glucose,localMax_Glucose,1.9779732,2.2963073,1.6596389
2930,xgb_shap_list_ir_1,xgb_shap_list_ir_1_subset_58,BloodPressure,localMax_BloodPressure,0.3295158,0.7268832,0.52819955
2931,xgb_shap_list_ir_1,xgb_shap_list_ir_1_subset_58,SkinThickness,localMax_SkinThickness,0.5815223,0.44866943,-0.082742035
2932,xgb_shap_list_ir_1,xgb_shap_list_ir_1_subset_58,Insulin,localMax_Insulin,-0.089708716,-0.14986357,-0.029553875
2933,xgb_shap_list_ir_1,xgb_shap_list_ir_1_subset_58,BMI,localMax_BMI,0.6596619,0.9104556,0.4088683
2934,xgb_shap_list_ir_1,xgb_shap_list_ir_1_subset_58,DiabetesPedigreeFunction,localMax_DiabetesPedigreeFunction,0.8284626,0.6872045,0.26343018
2935,xgb_shap_list_ir_1,xgb_shap_list_ir_1_subset_58,Age,localMax_Age,0.5453423,0.42410147,0.6665832
2936,xgb_shap_list_ir_1,xgb_shap_list_ir_1_subset_32,Pregnancies,localMax_Pregnancies,0.07899845,0.046791136,0.17562035
2937,xgb_shap_list_ir_1,xgb_shap_list_ir_1_subset_32,Glucose,localMax_Glucose,0.75892115,0.52956426,0.98827803
2938,xgb_shap_list_ir_1,xgb_shap_list_ir_1_subset_32,BloodPressure,localMax_BloodPressure,0.019188464,0.102585524,-0.0642086
2939,xgb_shap_list_ir_1,xgb_shap_list_ir_1_subset_32,SkinThickness,localMax_SkinThickness,0.66800183,0.26023734,0.5660607
2940,xgb_shap_list_ir_1,xgb_shap_list_ir_1_subset_32,Insulin,localMax_Insulin,0.39630204,0.2729932,0.14968431
2941,xgb_shap_list_ir_1,xgb_shap_list_ir_1_subset_32,BMI,localMax_BMI,0.53257704,0.7230669,0.34208715
2942,xgb_shap_list_ir_1,xgb_shap_list_ir_1_subset_32,DiabetesPedigreeFunction,localMax_DiabetesPedigreeFunction,0.74933267,0.50124764,0.9974177
2943,xgb_shap_list_ir_1,xgb_shap_list_ir_1_subset_32,Age,localMax_Age,1.5083926,1.0654434,0.62249434
2944,xgb_shap_list_ir_4,xgb_shap_list_ir_4_subset_8,Pregnancies,localMax_Pregnancies,0.012484223,0.618083,-0.18938205
2945,xgb_shap_list_ir_4,xgb_shap_list_ir_4_subset_8,Glucose,localMax_Glucose,0.6755326,1.0812991,0.26976597
2946,xgb_shap_list_ir_4,xgb_shap_list_ir_4_subset_8,BloodPressure,localMax_BloodPressure,0.14565077,0.45293576,0.043222427
2947,xgb_shap_list_ir_4,xgb_shap_list_ir_4_subset_8,SkinThickness,localMax_SkinThickness,0.18286899,0.36103123,0.2719501
2948,xgb_shap_list_ir_4,xgb_shap_list_ir_4_subset_8,Insulin,localMax_Insulin,-0.05645582,0.02496773,0.10639128
2949,xgb_shap_list_ir_4,xgb_shap_list_ir_4_subset_8,BMI,localMax_BMI,0.041425765,0.23794264,-0.15509108
2950,xgb_shap_list_ir_4,xgb_shap_list_ir_4_subset_8,DiabetesPedigreeFunction,localMax_DiabetesPedigreeFunction,0.29136258,0.16448396,0.5451198
2951,xgb_shap_list_ir_4,xgb_shap_list_ir_4_subset_8,Age,localMax_Age,-0.03245896,-0.18410367,0.119185746
2952,xgb_shap_list_ir_2,xgb_shap_list_ir_2_subset_24,Pregnancies,localMax_Pregnancies,0.1681056,0.28675246,0.049458742
2953,xgb_shap_list_ir_2,xgb_shap_list_ir_2_subset_24,Glucose,localMax_Glucose,0.5314833,1.2851303,0.90830684
2954,xgb_shap_list_ir_2,xgb_shap_list_ir_2_subset_24,BloodPressure,localMax_BloodPressure,-0.51489115,0.6982608,-0.66653514
2955,xgb_shap_list_ir_2,xgb_shap_list_ir_2_subset_24,SkinThickness,localMax_SkinThickness,-0.1487632,-0.22166428,-0.075862095
2956,xgb_shap_list_ir_2,xgb_shap_list_ir_2_subset_24,Insulin,localMax_Insulin,0.6097882,0.4400739,0.7795024
2957,xgb_shap_list_ir_2,xgb_shap_list_ir_2_subset_24,BMI,localMax_BMI,2.0101871,-0.20691842,-0.42862898
2958,xgb_shap_list_ir_2,xgb_shap_list_ir_2_subset_24,DiabetesPedigreeFunction,localMax_DiabetesPedigreeFunction,0.6130729,0.46742988,0.758716
2959,xgb_shap_list_ir_2,xgb_shap_list_ir_2_subset_24,Age,localMax_Age,0.18056437,-0.0777643,0.26667392
2960,xgb_shap_list_ir_3,xgb_shap_list_ir_3_subset_149,Pregnancies,localMax_Pregnancies,1.0894061,0.84168375,0.34623897
2961,xgb_shap_list_ir_3,xgb_shap_list_ir_3_subset_149,Glucose,localMax_Glucose,0.5563215,2.2174342,0.22409892
2962,xgb_shap_list_ir_3,xgb_shap_list_ir_3_subset_149,BloodPressure,localMax_BloodPressure,0.13736033,0.047220945,-0.042918444
2963,xgb_shap_list_ir_3,xgb_shap_list_ir_3_subset_149,SkinThickness,localMax_SkinThickness,0.43401152,0.6061348,0.3479499
2964,xgb_shap_list_ir_3,xgb_shap_list_ir_3_subset_149,Insulin,localMax_Insulin,0.13268045,0.22073957,0.04462132
2965,xgb_shap_list_ir_3,xgb_shap_list_ir_3_subset_149,BMI,localMax_BMI,-0.01963979,-0.17601392,1.0749793
2966,xgb_shap_list_ir_3,xgb_shap_list_ir_3_subset_149,DiabetesPedigreeFunction,localMax_DiabetesPedigreeFunction,1.1979723,0.8157327,1.5802119
2967,xgb_shap_list_ir_3,xgb_shap_list_ir_3_subset_149,Age,localMax_Age,0.15617979,0.29563004,0.016729474
2968,xgb_shap_list_ir_4,xgb_shap_list_ir_4_subset_5,Pregnancies,localMax_Pregnancies,0.29954445,0.101471394,0.20050791
2969,xgb_shap_list_ir_4,xgb_shap_list_ir_4_subset_5,Glucose,localMax_Glucose,1.5755453,-0.066325784,1.9039197
2970,xgb_shap_list_ir_4,xgb_shap_list_ir_4_subset_5,BloodPressure,localMax_BloodPressure,0.13189566,0.29748738,-0.033696055
2971,xgb_shap_list_ir_4,xgb_shap_list_ir_4_subset_5,SkinThickness,localMax_SkinThickness,0.004359603,0.23769176,0.31546915
2972,xgb_shap_list_ir_4,xgb_shap_list_ir_4_subset_5,Insulin,localMax_Insulin,-0.23927718,0.20200092,-0.38636988
2973,xgb_shap_list_ir_4,xgb_shap_list_ir_4_subset_5,BMI,localMax_BMI,-0.35099757,-0.08799106,0.17501551
2974,xgb_shap_list_ir_4,xgb_shap_list_ir_4_subset_5,DiabetesPedigreeFunction,localMax_DiabetesPedigreeFunction,0.6775501,0.48710394,0.29665774
2975,xgb_shap_list_ir_4,xgb_shap_list_ir_4_subset_5,Age,localMax_Age,0.40291655,0.16582555,-0.07126546
2976,xgb_shap_list_ir_4,xgb_shap_list_ir_4_subset_38,Pregnancies,localMax_Pregnancies,0.45755625,0.69338346,0.9292108
2977,xgb_shap_list_ir_4,xgb_shap_list_ir_4_subset_38,Glucose,localMax_Glucose,0.85628664,0.47300518,0.08972359
2978,xgb_shap_list_ir_4,xgb_shap_list_ir_4_subset_38,BloodPressure,localMax_BloodPressure,0.28987288,0.11746311,0.46228266
2979,xgb_shap_list_ir_4,xgb_shap_list_ir_4_subset_38,SkinThickness,localMax_SkinThickness,-0.060577452,0.055610478,-0.17676538
2980,xgb_shap_list_ir_4,xgb_shap_list_ir_4_subset_38,Insulin,localMax_Insulin,-0.092999816,0.03431195,0.16162372
2981,xgb_shap_list_ir_4,xgb_shap_list_ir_4_subset_38,BMI,localMax_BMI,0.18644983,-0.02169758,-0.22984493
2982,xgb_shap_list_ir_4,xgb_shap_list_ir_4_subset_38,DiabetesPedigreeFunction,localMax_DiabetesPedigreeFunction,0.7385416,0.9073509,0.5697323
2983,xgb_shap_list_ir_4,xgb_shap_list_ir_4_subset_38,Age,localMax_Age,0.20975363,0.41108358,0.008423686
2984,xgb_shap_list_ir_5,xgb_shap_list_ir_5_subset_33,Pregnancies,localMax_Pregnancies,0.26143748,0.1097576,0.41311735
2985,xgb_shap_list_ir_5,xgb_shap_list_ir_5_subset_33,Glucose,localMax_Glucose,0.67726576,0.24901426,1.1055174
2986,xgb_shap_list_ir_5,xgb_shap_list_ir_5_subset_33,BloodPressure,localMax_BloodPressure,0.2820661,0.44218415,0.121948004
2987,xgb_shap_list_ir_5,xgb_shap_list_ir_5_subset_33,SkinThickness,localMax_SkinThickness,0.10643375,0.002815485,0.31367028
2988,xgb_shap_list_ir_5,xgb_shap_list_ir_5_subset_33,Insulin,localMax_Insulin,-0.21549991,-0.029883325,0.34134978
2989,xgb_shap_list_ir_5,xgb_shap_list_ir_5_subset_33,BMI,localMax_BMI,0.5337311,0.15065384,-0.2324233
2990,xgb_shap_list_ir_5,xgb_shap_list_ir_5_subset_33,DiabetesPedigreeFunction,localMax_DiabetesPedigreeFunction,0.89306647,0.7299746,-0.41166842
2991,xgb_shap_list_ir_5,xgb_shap_list_ir_5_subset_33,Age,localMax_Age,0.6574367,0.49456012,0.33168352
2992,xgb_shap_list_ir_4,xgb_shap_list_ir_4_subset_154,Pregnancies,localMax_Pregnancies,0.47696126,0.6082717,0.21434045
2993,xgb_shap_list_ir_4,xgb_shap_list_ir_4_subset_154,Glucose,localMax_Glucose,2.024642,1.1963079,0.78214073
2994,xgb_shap_list_ir_4,xgb_shap_list_ir_4_subset_154,BloodPressure,localMax_BloodPressure,0.49017596,0.58744776,0.68471956
2995,xgb_shap_list_ir_4,xgb_shap_list_ir_4_subset_154,SkinThickness,localMax_SkinThickness,-0.16768545,-0.07790783,-0.25746307
2996,xgb_shap_list_ir_4,xgb_shap_list_ir_4_subset_154,Insulin,localMax_Insulin,0.015524924,0.16186565,-0.1308158
2997,xgb_shap_list_ir_4,xgb_shap_list_ir_4_subset_154,BMI,localMax_BMI,0.6066716,0.02240622,0.8988043
2998,xgb_shap_list_ir_4,xgb_shap_list_ir_4_subset_154,DiabetesPedigreeFunction,localMax_DiabetesPedigreeFunction,0.3972963,0.20137537,0.5932174
2999,xgb_shap_list_ir_4,xgb_shap_list_ir_4_subset_154,Age,localMax_Age,0.9465953,0.7688285,1.1243621
3000,xgb_shap_list_ir_1,xgb_shap_list_ir_1_subset_114,Pregnancies,localMax_Pregnancies,0.20852906,0.42068523,0.2792478
3001,xgb_shap_list_ir_1,xgb_shap_list_ir_1_subset_114,Glucose,localMax_Glucose,1.9629638,2.2951815,2.627399
3002,xgb_shap_list_ir_1,xgb_shap_list_ir_1_subset_114,BloodPressure,localMax_BloodPressure,-0.09016694,-0.1693769,-0.4070068
3003,xgb_shap_list_ir_1,xgb_shap_list_ir_1_subset_114,SkinThickness,localMax_SkinThickness,-0.23809576,-0.4021201,0.91007495
3004,xgb_shap_list_ir_1,xgb_shap_list_ir_1_subset_114,Insulin,localMax_Insulin,0.49584383,-0.22683509,-0.28705835
3005,xgb_shap_list_ir_1,xgb_shap_list_ir_1_subset_114,BMI,localMax_BMI,0.23623997,0.09186703,0.1640535
3006,xgb_shap_list_ir_1,xgb_shap_list_ir_1_subset_114,DiabetesPedigreeFunction,localMax_DiabetesPedigreeFunction,0.31918228,0.7614399,0.6140207
3007,xgb_shap_list_ir_1,xgb_shap_list_ir_1_subset_114,Age,localMax_Age,0.6386686,0.059481055,-0.023260027
3008,xgb_shap_list_ir_2,xgb_shap_list_ir_2_subset_119,Pregnancies,localMax_Pregnancies,0.5088526,0.73052216,0.28718305
3009,xgb_shap_list_ir_2,xgb_shap_list_ir_2_subset_119,Glucose,localMax_Glucose,1.4247689,1.9385606,1.6816648
3010,xgb_shap_list_ir_2,xgb_shap_list_ir_2_subset_119,BloodPressure,localMax_BloodPressure,0.014567137,-0.16197228,0.19110656
3011,xgb_shap_list_ir_2,xgb_shap_list_ir_2_subset_119,SkinThickness,localMax_SkinThickness,0.16648912,0.10368797,0.2292903
3012,xgb_shap_list_ir_2,xgb_shap_list_ir_2_subset_119,Insulin,localMax_Insulin,0.32764566,0.21907175,0.43621963
3013,xgb_shap_list_ir_2,xgb_shap_list_ir_2_subset_119,BMI,localMax_BMI,0.90342546,0.67183447,1.5981988
3014,xgb_shap_list_ir_2,xgb_shap_list_ir_2_subset_119,DiabetesPedigreeFunction,localMax_DiabetesPedigreeFunction,0.66663086,0.87606275,0.45719898
3015,xgb_shap_list_ir_2,xgb_shap_list_ir_2_subset_119,Age,localMax_Age,0.30496028,0.22246405,0.38745648
3016,xgb_shap_list_ir_4,xgb_shap_list_ir_4_subset_138,Pregnancies,localMax_Pregnancies,0.4491607,0.67326534,0.89736986
3017,xgb_shap_list_ir_4,xgb_shap_list_ir_4_subset_138,Glucose,localMax_Glucose,1.7505262,1.3333085,0.0816555
3018,xgb_shap_list_ir_4,xgb_shap_list_ir_4_subset_138,BloodPressure,localMax_BloodPressure,0.59298074,0.36149788,0.1300149
3019,xgb_shap_list_ir_4,xgb_shap_list_ir_4_subset_138,SkinThickness,localMax_SkinThickness,0.13617921,0.2025468,0.06981161
3020,xgb_shap_list_ir_4,xgb_shap_list_ir_4_subset_138,Insulin,localMax_Insulin,0.18899375,0.09752312,0.28046435
3021,xgb_shap_list_ir_4,xgb_shap_list_ir_4_subset_138,BMI,localMax_BMI,-0.13717496,0.72652644,0.07875043
3022,xgb_shap_list_ir_4,xgb_shap_list_ir_4_subset_138,DiabetesPedigreeFunction,localMax_DiabetesPedigreeFunction,0.669099,0.8957832,0.44241488
3023,xgb_shap_list_ir_4,xgb_shap_list_ir_4_subset_138,Age,localMax_Age,0.2564078,0.44590402,0.06691158
3024,xgb_shap_list_ir_1,xgb_shap_list_ir_1_subset_14,Pregnancies,localMax_Pregnancies,0.09145573,0.15708277,0.35396382
3025,xgb_shap_list_ir_1,xgb_shap_list_ir_1_subset_14,Glucose,localMax_Glucose,1.5499523,1.8880224,1.2118821
3026,xgb_shap_list_ir_1,xgb_shap_list_ir_1_subset_14,BloodPressure,localMax_BloodPressure,0.005341202,-0.019826382,0.10601154
3027,xgb_shap_list_ir_1,xgb_shap_list_ir_1_subset_14,SkinThickness,localMax_SkinThickness,0.4472592,-0.113910854,0.67172724
3028,xgb_shap_list_ir_1,xgb_shap_list_ir_1_subset_14,Insulin,localMax_Insulin,0.64761025,0.55792683,0.7372936
3029,xgb_shap_list_ir_1,xgb_shap_list_ir_1_subset_14,BMI,localMax_BMI,0.82604253,0.5288956,1.1231896
3030,xgb_shap_list_ir_1,xgb_shap_list_ir_1_subset_14,DiabetesPedigreeFunction,localMax_DiabetesPedigreeFunction,0.6091554,0.21716142,0.543823
3031,xgb_shap_list_ir_1,xgb_shap_list_ir_1_subset_14,Age,localMax_Age,0.84310436,0.66836596,-0.030587435
3032,xgb_shap_list_ir_2,xgb_shap_list_ir_2_subset_13,Pregnancies,localMax_Pregnancies,0.4104073,0.2792349,0.54157966
3033,xgb_shap_list_ir_2,xgb_shap_list_ir_2_subset_13,Glucose,localMax_Glucose,1.5623797,1.3169105,1.8078489
3034,xgb_shap_list_ir_2,xgb_shap_list_ir_2_subset_13,BloodPressure,localMax_BloodPressure,-0.017442197,-0.06222579,-0.10700938
3035,xgb_shap_list_ir_2,xgb_shap_list_ir_2_subset_13,SkinThickness,localMax_SkinThickness,0.32153785,0.4200502,0.2230255
3036,xgb_shap_list_ir_2,xgb_shap_list_ir_2_subset_13,Insulin,localMax_Insulin,0.012702227,-0.1253638,0.97916424
3037,xgb_shap_list_ir_2,xgb_shap_list_ir_2_subset_13,BMI,localMax_BMI,0.35241592,0.14207423,0.7730994
3038,xgb_shap_list_ir_2,xgb_shap_list_ir_2_subset_13,DiabetesPedigreeFunction,localMax_DiabetesPedigreeFunction,0.9158935,0.7773302,0.6387669
3039,xgb_shap_list_ir_2,xgb_shap_list_ir_2_subset_13,Age,localMax_Age,1.5274788,1.289382,1.7655755
3040,xgb_shap_list_ir_3,xgb_shap_list_ir_3_subset_48,Pregnancies,localMax_Pregnancies,0.22048402,0.34276778,0.09820032
3041,xgb_shap_list_ir_3,xgb_shap_list_ir_3_subset_48,Glucose,localMax_Glucose,1.3337283,0.99760723,1.6698496
3042,xgb_shap_list_ir_3,xgb_shap_list_ir_3_subset_48,BloodPressure,localMax_BloodPressure,0.37188184,0.13676953,0.6069943
3043,xgb_shap_list_ir_3,xgb_shap_list_ir_3_subset_48,SkinThickness,localMax_SkinThickness,0.3346668,0.4754941,0.19383955
3044,xgb_shap_list_ir_3,xgb_shap_list_ir_3_subset_48,Insulin,localMax_Insulin,-0.07996637,0.007928997,0.09582433
3045,xgb_shap_list_ir_3,xgb_shap_list_ir_3_subset_48,BMI,localMax_BMI,0.29453093,0.49574536,0.093316495
3046,xgb_shap_list_ir_3,xgb_shap_list_ir_3_subset_48,DiabetesPedigreeFunction,localMax_DiabetesPedigreeFunction,0.40595174,0.17678976,0.29137075
3047,xgb_shap_list_ir_3,xgb_shap_list_ir_3_subset_48,Age,localMax_Age,1.0033952,0.7571387,1.2496518
3048,xgb_shap_list_ir_5,xgb_shap_list_ir_5_subset_151,Pregnancies,localMax_Pregnancies,0.18777364,0.054599106,0.32094824
3049,xgb_shap_list_ir_5,xgb_shap_list_ir_5_subset_151,Glucose,localMax_Glucose,1.7169647,2.070076,2.4231873
3050,xgb_shap_list_ir_5,xgb_shap_list_ir_5_subset_151,BloodPressure,localMax_BloodPressure,0.25852382,0.13810933,-0.22313407
3051,xgb_shap_list_ir_5,xgb_shap_list_ir_5_subset_151,SkinThickness,localMax_SkinThickness,0.18561065,0.043459058,0.32776225
3052,xgb_shap_list_ir_5,xgb_shap_list_ir_5_subset_151,Insulin,localMax_Insulin,0.029206216,0.12714964,-0.06873724
3053,xgb_shap_list_ir_5,xgb_shap_list_ir_5_subset_151,BMI,localMax_BMI,-0.041512668,-0.31333005,0.50212204
3054,xgb_shap_list_ir_5,xgb_shap_list_ir_5_subset_151,DiabetesPedigreeFunction,localMax_DiabetesPedigreeFunction,0.40703762,0.048286796,0.287454
3055,xgb_shap_list_ir_5,xgb_shap_list_ir_5_subset_151,Age,localMax_Age,0.8417778,0.6553798,1.0281758
3056,xgb_shap_list_ir_3,xgb_shap_list_ir_3_subset_156,Pregnancies,localMax_Pregnancies,0.4434309,0.36593902,0.28844714
3057,xgb_shap_list_ir_3,xgb_shap_list_ir_3_subset_156,Glucose,localMax_Glucose,1.6552405,2.3634186,2.0093296
3058,xgb_shap_list_ir_3,xgb_shap_list_ir_3_subset_156,BloodPressure,localMax_BloodPressure,0.20966682,0.10733464,0.005002469
3059,xgb_shap_list_ir_3,xgb_shap_list_ir_3_subset_156,SkinThickness,localMax_SkinThickness,0.21666491,0.06905338,-0.0047523975
3060,xgb_shap_list_ir_3,xgb_shap_list_ir_3_subset_156,Insulin,localMax_Insulin,-0.11618292,-0.2182791,0.49639416
3061,xgb_shap_list_ir_3,xgb_shap_list_ir_3_subset_156,BMI,localMax_BMI,0.79723394,0.42491353,0.61107373
3062,xgb_shap_list_ir_3,xgb_shap_list_ir_3_subset_156,DiabetesPedigreeFunction,localMax_DiabetesPedigreeFunction,-0.15291551,-0.3829485,-0.61298144
3063,xgb_shap_list_ir_3,xgb_shap_list_ir_3_subset_156,Age,localMax_Age,1.2442473,1.448874,1.0396206
3064,xgb_shap_list_ir_1,xgb_shap_list_ir_1_subset_149,Pregnancies,localMax_Pregnancies,0.41419208,-0.16611987,0.18206728
3065,xgb_shap_list_ir_1,xgb_shap_list_ir_1_subset_149,Glucose,localMax_Glucose,1.2060821,1.4099078,0.79843044
3066,xgb_shap_list_ir_1,xgb_shap_list_ir_1_subset_149,BloodPressure,localMax_BloodPressure,0.038119435,0.38567722,-0.031392097
3067,xgb_shap_list_ir_1,xgb_shap_list_ir_1_subset_149,SkinThickness,localMax_SkinThickness,-0.036052153,-0.101695314,0.09523417
3068,xgb_shap_list_ir_1,xgb_shap_list_ir_1_subset_149,Insulin,localMax_Insulin,0.21380311,0.36013675,0.50647044
3069,xgb_shap_list_ir_1,xgb_shap_list_ir_1_subset_149,BMI,localMax_BMI,1.9280334,1.6887449,0.013725162
3070,xgb_shap_list_ir_1,xgb_shap_list_ir_1_subset_149,DiabetesPedigreeFunction,localMax_DiabetesPedigreeFunction,0.08077675,-0.10079253,0.26234603
3071,xgb_shap_list_ir_1,xgb_shap_list_ir_1_subset_149,Age,localMax_Age,0.38010234,0.11998069,0.25004154
3072,xgb_shap_list_ir_1,xgb_shap_list_ir_1_subset_147,Pregnancies,localMax_Pregnancies,1.568639,1.3366902,0.17694616
3073,xgb_shap_list_ir_1,xgb_shap_list_ir_1_subset_147,Glucose,localMax_Glucose,1.2804936,1.539504,1.0214832
3074,xgb_shap_list_ir_1,xgb_shap_list_ir_1_subset_147,BloodPressure,localMax_BloodPressure,0.26304525,0.46697885,0.36501205
3075,xgb_shap_list_ir_1,xgb_shap_list_ir_1_subset_147,SkinThickness,localMax_SkinThickness,0.092814624,-0.047712825,-0.019607335
3076,xgb_shap_list_ir_1,xgb_shap_list_ir_1_subset_147,Insulin,localMax_Insulin,0.40005064,0.25145626,0.845834
3077,xgb_shap_list_ir_1,xgb_shap_list_ir_1_subset_147,BMI,localMax_BMI,1.16964,0.9243648,1.6601901
3078,xgb_shap_list_ir_1,xgb_shap_list_ir_1_subset_147,DiabetesPedigreeFunction,localMax_DiabetesPedigreeFunction,0.12504846,0.28822556,0.206637
3079,xgb_shap_list_ir_1,xgb_shap_list_ir_1_subset_147,Age,localMax_Age,-0.35085317,0.25057113,0.35080856
3080,xgb_shap_list_ir_1,xgb_shap_list_ir_1_subset_2,Pregnancies,localMax_Pregnancies,1.3523093,1.5110866,1.0347549
3081,xgb_shap_list_ir_1,xgb_shap_list_ir_1_subset_2,Glucose,localMax_Glucose,1.268101,0.46445882,0.7323395
3082,xgb_shap_list_ir_1,xgb_shap_list_ir_1_subset_2,BloodPressure,localMax_BloodPressure,0.49709302,0.082612455,0.18623263
3083,xgb_shap_list_ir_1,xgb_shap_list_ir_1_subset_2,SkinThickness,localMax_SkinThickness,0.70484257,0.56380224,0.14068139
3084,xgb_shap_list_ir_1,xgb_shap_list_ir_1_subset_2,Insulin,localMax_Insulin,0.47739524,0.31425375,0.23268303
3085,xgb_shap_list_ir_1,xgb_shap_list_ir_1_subset_2,BMI,localMax_BMI,1.03261,0.74977165,1.1740292
3086,xgb_shap_list_ir_1,xgb_shap_list_ir_1_subset_2,DiabetesPedigreeFunction,localMax_DiabetesPedigreeFunction,0.66385365,0.8738376,0.45386982
3087,xgb_shap_list_ir_1,xgb_shap_list_ir_1_subset_2,Age,localMax_Age,0.10981974,0.05920449,0.16043496
3088,xgb_shap_list_ir_3,xgb_shap_list_ir_3_subset_108,Pregnancies,localMax_Pregnancies,0.6658752,0.5355201,0.7962303
3089,xgb_shap_list_ir_3,xgb_shap_list_ir_3_subset_108,Glucose,localMax_Glucose,1.6786753,1.9361637,2.1936522
3090,xgb_shap_list_ir_3,xgb_shap_list_ir_3_subset_108,BloodPressure,localMax_BloodPressure,0.19181079,0.37808752,0.0055339932
3091,xgb_shap_list_ir_3,xgb_shap_list_ir_3_subset_108,SkinThickness,localMax_SkinThickness,0.34554404,0.2616138,0.4294743
3092,xgb_shap_list_ir_3,xgb_shap_list_ir_3_subset_108,Insulin,localMax_Insulin,0.25025636,0.1075283,0.3929844
3093,xgb_shap_list_ir_3,xgb_shap_list_ir_3_subset_108,BMI,localMax_BMI,0.36209542,0.15352482,0.570666
3094,xgb_shap_list_ir_3,xgb_shap_list_ir_3_subset_108,DiabetesPedigreeFunction,localMax_DiabetesPedigreeFunction,0.3405102,0.20067132,0.06083238
3095,xgb_shap_list_ir_3,xgb_shap_list_ir_3_subset_108,Age,localMax_Age,0.75615513,0.53373706,0.9785733
3096,xgb_shap_list_ir_5,xgb_shap_list_ir_5_subset_142,Pregnancies,localMax_Pregnancies,0.49762625,0.6449893,0.20290023
3097,xgb_shap_list_ir_5,xgb_shap_list_ir_5_subset_142,Glucose,localMax_Glucose,0.67591333,1.7209754,2.0693295
3098,xgb_shap_list_ir_5,xgb_shap_list_ir_5_subset_142,BloodPressure,localMax_BloodPressure,-0.02233398,0.065446734,0.15322748
3099,xgb_shap_list_ir_5,xgb_shap_list_ir_5_subset_142,SkinThickness,localMax_SkinThickness,0.4085129,0.25899667,0.10948044
3100,xgb_shap_list_ir_5,xgb_shap_list_ir_5_subset_142,Insulin,localMax_Insulin,0.008758187,-0.082531124,0.1000475
3101,xgb_shap_list_ir_5,xgb_shap_list_ir_5_subset_142,BMI,localMax_BMI,0.1613288,0.38023543,1.2558618
3102,xgb_shap_list_ir_5,xgb_shap_list_ir_5_subset_142,DiabetesPedigreeFunction,localMax_DiabetesPedigreeFunction,0.38310415,0.55952454,-0.14615709
3103,xgb_shap_list_ir_5,xgb_shap_list_ir_5_subset_142,Age,localMax_Age,0.59344834,0.43700582,0.7498908
3104,xgb_shap_list_ir_2,xgb_shap_list_ir_2_subset_135,Pregnancies,localMax_Pregnancies,0.8407086,0.9988004,1.1568922
3105,xgb_shap_list_ir_2,xgb_shap_list_ir_2_subset_135,Glucose,localMax_Glucose,1.0642345,1.44647,1.8287058
3106,xgb_shap_list_ir_2,xgb_shap_list_ir_2_subset_135,BloodPressure,localMax_BloodPressure,0.29630738,0.41814607,0.5399848
3107,xgb_shap_list_ir_2,xgb_shap_list_ir_2_subset_135,SkinThickness,localMax_SkinThickness,0.5844774,0.7601017,0.40885305
3108,xgb_shap_list_ir_2,xgb_shap_list_ir_2_subset_135,Insulin,localMax_Insulin,-0.103857934,-0.21854243,0.3548801
3109,xgb_shap_list_ir_2,xgb_shap_list_ir_2_subset_135,BMI,localMax_BMI,0.33486474,0.5258018,1.2895504
3110,xgb_shap_list_ir_2,xgb_shap_list_ir_2_subset_135,DiabetesPedigreeFunction,localMax_DiabetesPedigreeFunction,0.4647274,0.61140746,-0.121992975
3111,xgb_shap_list_ir_2,xgb_shap_list_ir_2_subset_135,Age,localMax_Age,0.112870395,0.21452206,0.011218756
3112,xgb_shap_list_ir_5,xgb_shap_list_ir_5_subset_110,Pregnancies,localMax_Pregnancies,0.1238426,0.02714166,0.2205435
3113,xgb_shap_list_ir_5,xgb_shap_list_ir_5_subset_110,Glucose,localMax_Glucose,1.671613,2.9496353,2.0976205
3114,xgb_shap_list_ir_5,xgb_shap_list_ir_5_subset_110,BloodPressure,localMax_BloodPressure,0.122567534,0.25322068,-0.008085549
3115,xgb_shap_list_ir_5,xgb_shap_list_ir_5_subset_110,SkinThickness,localMax_SkinThickness,0.25015604,0.40215027,0.09816182
3116,xgb_shap_list_ir_5,xgb_shap_list_ir_5_subset_110,Insulin,localMax_Insulin,-0.22230151,-0.09579036,-0.3488127
3117,xgb_shap_list_ir_5,xgb_shap_list_ir_5_subset_110,BMI,localMax_BMI,0.4564433,0.2508309,0.045218408
3118,xgb_shap_list_ir_5,xgb_shap_list_ir_5_subset_110,DiabetesPedigreeFunction,localMax_DiabetesPedigreeFunction,0.37014544,0.7042315,0.5371885
3119,xgb_shap_list_ir_5,xgb_shap_list_ir_5_subset_110,Age,localMax_Age,0.8158736,0.6500213,0.9817258
3120,xgb_shap_list_ir_4,xgb_shap_list_ir_4_subset_141,Pregnancies,localMax_Pregnancies,0.32367003,0.50829506,0.13904512
3121,xgb_shap_list_ir_4,xgb_shap_list_ir_4_subset_141,Glucose,localMax_Glucose,1.4873537,1.8097785,1.164929
3122,xgb_shap_list_ir_4,xgb_shap_list_ir_4_subset_141,BloodPressure,localMax_BloodPressure,0.12976176,0.25238466,0.0071388483
3123,xgb_shap_list_ir_4,xgb_shap_list_ir_4_subset_141,SkinThickness,localMax_SkinThickness,0.28198713,0.21891421,0.34506002
3124,xgb_shap_list_ir_4,xgb_shap_list_ir_4_subset_141,Insulin,localMax_Insulin,0.07651317,0.19212458,0.30773598
3125,xgb_shap_list_ir_4,xgb_shap_list_ir_4_subset_141,BMI,localMax_BMI,0.045996964,-0.22078568,0.8463446
3126,xgb_shap_list_ir_4,xgb_shap_list_ir_4_subset_141,DiabetesPedigreeFunction,localMax_DiabetesPedigreeFunction,1.2333298,0.8076403,1.020485
3127,xgb_shap_list_ir_4,xgb_shap_list_ir_4_subset_141,Age,localMax_Age,0.4689725,0.63406104,0.79914963
3128,xgb_shap_list_ir_3,xgb_shap_list_ir_3_subset_62,Pregnancies,localMax_Pregnancies,0.36836404,0.26368296,0.47304505
3129,xgb_shap_list_ir_3,xgb_shap_list_ir_3_subset_62,Glucose,localMax_Glucose,1.7899036,1.4441735,2.135634
3130,xgb_shap_list_ir_3,xgb_shap_list_ir_3_subset_62,BloodPressure,localMax_BloodPressure,0.16954857,-0.06659609,0.090833694
3131,xgb_shap_list_ir_3,xgb_shap_list_ir_3_subset_62,SkinThickness,localMax_SkinThickness,0.18504396,0.060251027,0.122647494
3132,xgb_shap_list_ir_3,xgb_shap_list_ir_3_subset_62,Insulin,localMax_Insulin,-0.026919246,-0.09432764,0.17530596
3133,xgb_shap_list_ir_3,xgb_shap_list_ir_3_subset_62,BMI,localMax_BMI,0.13243604,-0.09004527,0.35491735
3134,xgb_shap_list_ir_3,xgb_shap_list_ir_3_subset_62,DiabetesPedigreeFunction,localMax_DiabetesPedigreeFunction,0.5323684,0.7767947,1.0212209
3135,xgb_shap_list_ir_3,xgb_shap_list_ir_3_subset_62,Age,localMax_Age,0.73087615,0.8727334,0.4471615
3136,xgb_shap_list_ir_3,xgb_shap_list_ir_3_subset_129,Pregnancies,localMax_Pregnancies,0.46916616,0.27958143,0.6587509
3137,xgb_shap_list_ir_3,xgb_shap_list_ir_3_subset_129,Glucose,localMax_Glucose,0.8887712,1.1648076,0.060661912
3138,xgb_shap_list_ir_3,xgb_shap_list_ir_3_subset_129,BloodPressure,localMax_BloodPressure,0.121079504,0.014788687,0.22737038
3139,xgb_shap_list_ir_3,xgb_shap_list_ir_3_subset_129,SkinThickness,localMax_SkinThickness,0.1041432,0.26722378,-0.38509855
3140,xgb_shap_list_ir_3,xgb_shap_list_ir_3_subset_129,Insulin,localMax_Insulin,0.1318753,0.06205398,0.34133935
3141,xgb_shap_list_ir_3,xgb_shap_list_ir_3_subset_129,BMI,localMax_BMI,2.1208296,0.31836593,2.7216508
3142,xgb_shap_list_ir_3,xgb_shap_list_ir_3_subset_129,DiabetesPedigreeFunction,localMax_DiabetesPedigreeFunction,0.73099875,0.97157216,1.2121454
3143,xgb_shap_list_ir_3,xgb_shap_list_ir_3_subset_129,Age,localMax_Age,0.54965633,0.702402,0.39691073
3144,xgb_shap_list_ir_1,xgb_shap_list_ir_1_subset_57,Pregnancies,localMax_Pregnancies,1.0666599,1.2574482,0.8758718
3145,xgb_shap_list_ir_1,xgb_shap_list_ir_1_subset_57,Glucose,localMax_Glucose,0.8083525,0.55944383,1.057261
3146,xgb_shap_list_ir_1,xgb_shap_list_ir_1_subset_57,BloodPressure,localMax_BloodPressure,-0.050525427,-0.12030482,0.57748914
3147,xgb_shap_list_ir_1,xgb_shap_list_ir_1_subset_57,SkinThickness,localMax_SkinThickness,0.87747097,0.05438167,0.75988674
3148,xgb_shap_list_ir_1,xgb_shap_list_ir_1_subset_57,Insulin,localMax_Insulin,0.29302174,0.4282481,0.5634744
3149,xgb_shap_list_ir_1,xgb_shap_list_ir_1_subset_57,BMI,localMax_BMI,0.6369571,-0.028562367,0.5038532
3150,xgb_shap_list_ir_1,xgb_shap_list_ir_1_subset_57,DiabetesPedigreeFunction,localMax_DiabetesPedigreeFunction,0.90998554,1.0798693,-0.44908452
3151,xgb_shap_list_ir_1,xgb_shap_list_ir_1_subset_57,Age,localMax_Age,0.27592364,0.45555818,0.3657409
3152,xgb_shap_list_ir_5,xgb_shap_list_ir_5_subset_132,Pregnancies,localMax_Pregnancies,0.15676144,0.08779031,0.22573256
3153,xgb_shap_list_ir_5,xgb_shap_list_ir_5_subset_132,Glucose,localMax_Glucose,0.9385737,1.2938128,0.58333457
3154,xgb_shap_list_ir_5,xgb_shap_list_ir_5_subset_132,BloodPressure,localMax_BloodPressure,0.4636259,0.30348057,-0.016810238
3155,xgb_shap_list_ir_5,xgb_shap_list_ir_5_subset_132,SkinThickness,localMax_SkinThickness,0.13895926,0.055579543,0.22233894
3156,xgb_shap_list_ir_5,xgb_shap_list_ir_5_subset_132,Insulin,localMax_Insulin,0.06398025,-0.12470725,0.15832397
3157,xgb_shap_list_ir_5,xgb_shap_list_ir_5_subset_132,BMI,localMax_BMI,-0.07778925,0.5025048,0.21235776
3158,xgb_shap_list_ir_5,xgb_shap_list_ir_5_subset_132,DiabetesPedigreeFunction,localMax_DiabetesPedigreeFunction,0.33840245,0.5569482,0.119856656
3159,xgb_shap_list_ir_5,xgb_shap_list_ir_5_subset_132,Age,localMax_Age,0.97536886,1.438131,1.2067499
3160,xgb_shap_list_ir_3,xgb_shap_list_ir_3_subset_1,Pregnancies,localMax_Pregnancies,0.2169872,0.09849608,0.33547825
3161,xgb_shap_list_ir_3,xgb_shap_list_ir_3_subset_1,Glucose,localMax_Glucose,1.0090817,1.3327347,1.6563878
3162,xgb_shap_list_ir_3,xgb_shap_list_ir_3_subset_1,BloodPressure,localMax_BloodPressure,0.2245506,0.03205377,0.41704738
3163,xgb_shap_list_ir_3,xgb_shap_list_ir_3_subset_1,SkinThickness,localMax_SkinThickness,0.22475183,0.41287947,0.31881565
3164,xgb_shap_list_ir_3,xgb_shap_list_ir_3_subset_1,Insulin,localMax_Insulin,-0.0720588,-0.21579105,0.07167351
3165,xgb_shap_list_ir_3,xgb_shap_list_ir_3_subset_1,BMI,localMax_BMI,0.52114713,0.21274024,2.679995
3166,xgb_shap_list_ir_3,xgb_shap_list_ir_3_subset_1,DiabetesPedigreeFunction,localMax_DiabetesPedigreeFunction,0.57629716,0.36268055,0.14906389
3167,xgb_shap_list_ir_3,xgb_shap_list_ir_3_subset_1,Age,localMax_Age,0.15690082,0.71443963,-0.028945386
3168,xgb_shap_list_ir_1,xgb_shap_list_ir_1_subset_87,Pregnancies,localMax_Pregnancies,-0.30809358,-0.40222916,-0.02568677
3169,xgb_shap_list_ir_1,xgb_shap_list_ir_1_subset_87,Glucose,localMax_Glucose,1.997772,2.2141318,1.7814121
3170,xgb_shap_list_ir_1,xgb_shap_list_ir_1_subset_87,BloodPressure,localMax_BloodPressure,0.5513362,0.65530616,0.4473663
3171,xgb_shap_list_ir_1,xgb_shap_list_ir_1_subset_87,SkinThickness,localMax_SkinThickness,0.5907029,0.26967716,0.7512158
3172,xgb_shap_list_ir_1,xgb_shap_list_ir_1_subset_87,Insulin,localMax_Insulin,0.3883723,0.13832515,0.07581338
3173,xgb_shap_list_ir_1,xgb_shap_list_ir_1_subset_87,BMI,localMax_BMI,0.16188177,0.07438424,0.24937928
3174,xgb_shap_list_ir_1,xgb_shap_list_ir_1_subset_87,DiabetesPedigreeFunction,localMax_DiabetesPedigreeFunction,0.33742446,0.46558887,0.2092601
3175,xgb_shap_list_ir_1,xgb_shap_list_ir_1_subset_87,Age,localMax_Age,0.78124034,0.6186347,0.94384587
3176,xgb_shap_list_ir_5,xgb_shap_list_ir_5_subset_76,Pregnancies,localMax_Pregnancies,0.85386026,0.1772582,1.0230107
3177,xgb_shap_list_ir_5,xgb_shap_list_ir_5_subset_76,Glucose,localMax_Glucose,2.005603,2.397941,1.6132653
3178,xgb_shap_list_ir_5,xgb_shap_list_ir_5_subset_76,BloodPressure,localMax_BloodPressure,0.10570711,0.24322832,0.38074958
3179,xgb_shap_list_ir_5,xgb_shap_list_ir_5_subset_76,SkinThickness,localMax_SkinThickness,0.458614,0.35572493,0.04705769
3180,xgb_shap_list_ir_5,xgb_shap_list_ir_5_subset_76,Insulin,localMax_Insulin,0.05444926,0.21881086,0.38317245
3181,xgb_shap_list_ir_5,xgb_shap_list_ir_5_subset_76,BMI,localMax_BMI,0.35041642,0.13713193,-0.0761525
3182,xgb_shap_list_ir_5,xgb_shap_list_ir_5_subset_76,DiabetesPedigreeFunction,localMax_DiabetesPedigreeFunction,0.100069344,0.4102993,0.56541425
3183,xgb_shap_list_ir_5,xgb_shap_list_ir_5_subset_76,Age,localMax_Age,0.18909627,0.9922149,0.34972
3184,xgb_shap_list_ir_3,xgb_shap_list_ir_3_subset_36,Pregnancies,localMax_Pregnancies,-0.07249382,0.029955864,-0.17494354
3185,xgb_shap_list_ir_3,xgb_shap_list_ir_3_subset_36,Glucose,localMax_Glucose,1.8748562,0.6709963,0.37003136
3186,xgb_shap_list_ir_3,xgb_shap_list_ir_3_subset_36,BloodPressure,localMax_BloodPressure,0.24980468,0.14895898,0.35065037
3187,xgb_shap_list_ir_3,xgb_shap_list_ir_3_subset_36,SkinThickness,localMax_SkinThickness,-0.06161835,0.21109214,0.25005078
3188,xgb_shap_list_ir_3,xgb_shap_list_ir_3_subset_36,Insulin,localMax_Insulin,-0.15256898,-0.0610027,0.21369615
3189,xgb_shap_list_ir_3,xgb_shap_list_ir_3_subset_36,BMI,localMax_BMI,1.7275903,-0.4206407,-0.68916965
3190,xgb_shap_list_ir_3,xgb_shap_list_ir_3_subset_36,DiabetesPedigreeFunction,localMax_DiabetesPedigreeFunction,0.74421906,0.59360635,0.4429937
3191,xgb_shap_list_ir_3,xgb_shap_list_ir_3_subset_36,Age,localMax_Age,0.7643609,0.33625185,0.55030644
3192,xgb_shap_list_ir_4,xgb_shap_list_ir_4_subset_13,Pregnancies,localMax_Pregnancies,0.22789866,0.16875723,0.10961577
3193,xgb_shap_list_ir_4,xgb_shap_list_ir_4_subset_13,Glucose,localMax_Glucose,2.0824463,0.5459478,2.466571
3194,xgb_shap_list_ir_4,xgb_shap_list_ir_4_subset_13,BloodPressure,localMax_BloodPressure,0.5932301,-0.17286003,0.74644816
3195,xgb_shap_list_ir_4,xgb_shap_list_ir_4_subset_13,SkinThickness,localMax_SkinThickness,0.1364002,0.18379012,-0.05315958
3196,xgb_shap_list_ir_4,xgb_shap_list_ir_4_subset_13,Insulin,localMax_Insulin,-0.0036818087,-0.112974614,0.105611
3197,xgb_shap_list_ir_4,xgb_shap_list_ir_4_subset_13,BMI,localMax_BMI,0.18101394,-0.024149299,0.38617724
3198,xgb_shap_list_ir_4,xgb_shap_list_ir_4_subset_13,DiabetesPedigreeFunction,localMax_DiabetesPedigreeFunction,0.2508576,0.3974836,0.104231596
3199,xgb_shap_list_ir_4,xgb_shap_list_ir_4_subset_13,Age,localMax_Age,1.4733993,1.7187868,1.9641745
3200,xgb_shap_list_ir_1,xgb_shap_list_ir_1_subset_9,Pregnancies,localMax_Pregnancies,0.43053472,0.5772213,0.503878
3201,xgb_shap_list_ir_1,xgb_shap_list_ir_1_subset_9,Glucose,localMax_Glucose,0.59589726,0.7041902,0.48760432
3202,xgb_shap_list_ir_1,xgb_shap_list_ir_1_subset_9,BloodPressure,localMax_BloodPressure,0.09155923,0.41536915,0.25346416
3203,xgb_shap_list_ir_1,xgb_shap_list_ir_1_subset_9,SkinThickness,localMax_SkinThickness,-0.14513186,-0.1884116,-0.10185213
3204,xgb_shap_list_ir_1,xgb_shap_list_ir_1_subset_9,Insulin,localMax_Insulin,0.79849625,0.56085265,1.5114274
3205,xgb_shap_list_ir_1,xgb_shap_list_ir_1_subset_9,BMI,localMax_BMI,0.62901187,0.8216722,0.43635166
3206,xgb_shap_list_ir_1,xgb_shap_list_ir_1_subset_9,DiabetesPedigreeFunction,localMax_DiabetesPedigreeFunction,-0.33531344,0.7464601,0.626263
3207,xgb_shap_list_ir_1,xgb_shap_list_ir_1_subset_9,Age,localMax_Age,0.9916959,0.8056669,-0.31050682
3208,xgb_shap_list_ir_1,xgb_shap_list_ir_1_subset_71,Pregnancies,localMax_Pregnancies,0.3156359,0.54167855,0.37214655
3209,xgb_shap_list_ir_1,xgb_shap_list_ir_1_subset_71,Glucose,localMax_Glucose,0.9115157,0.6709126,1.1521188
3210,xgb_shap_list_ir_1,xgb_shap_list_ir_1_subset_71,BloodPressure,localMax_BloodPressure,0.35470727,0.1972023,0.11844981
3211,xgb_shap_list_ir_1,xgb_shap_list_ir_1_subset_71,SkinThickness,localMax_SkinThickness,-0.6287329,1.7460169,-0.79835796
3212,xgb_shap_list_ir_1,xgb_shap_list_ir_1_subset_71,Insulin,localMax_Insulin,0.52742875,0.47129405,0.35902458
3213,xgb_shap_list_ir_1,xgb_shap_list_ir_1_subset_71,BMI,localMax_BMI,0.6467396,0.28644,0.4665898
3214,xgb_shap_list_ir_1,xgb_shap_list_ir_1_subset_71,DiabetesPedigreeFunction,localMax_DiabetesPedigreeFunction,0.96702397,0.81644046,1.1176075
3215,xgb_shap_list_ir_1,xgb_shap_list_ir_1_subset_71,Age,localMax_Age,0.55819285,0.37369835,0.18920398
3216,xgb_shap_list_ir_5,xgb_shap_list_ir_5_subset_109,Pregnancies,localMax_Pregnancies,0.32034498,0.17374647,0.4669435
3217,xgb_shap_list_ir_5,xgb_shap_list_ir_5_subset_109,Glucose,localMax_Glucose,0.6195147,0.1737349,1.9568536
3218,xgb_shap_list_ir_5,xgb_shap_list_ir_5_subset_109,BloodPressure,localMax_BloodPressure,0.22108665,0.13744113,0.053795606
3219,xgb_shap_list_ir_5,xgb_shap_list_ir_5_subset_109,SkinThickness,localMax_SkinThickness,0.32997876,0.4306162,0.12870404
3220,xgb_shap_list_ir_5,xgb_shap_list_ir_5_subset_109,Insulin,localMax_Insulin,-0.04506129,0.14883596,0.24578458
3221,xgb_shap_list_ir_5,xgb_shap_list_ir_5_subset_109,BMI,localMax_BMI,0.041538835,0.36947942,0.6974199
3222,xgb_shap_list_ir_5,xgb_shap_list_ir_5_subset_109,DiabetesPedigreeFunction,localMax_DiabetesPedigreeFunction,-0.040079147,0.54484344,0.93479186
3223,xgb_shap_list_ir_5,xgb_shap_list_ir_5_subset_109,Age,localMax_Age,0.71695685,0.9216287,0.512285
3224,xgb_shap_list_ir_3,xgb_shap_list_ir_3_subset_117,Pregnancies,localMax_Pregnancies,0.6956024,0.5249848,0.8662201
3225,xgb_shap_list_ir_3,xgb_shap_list_ir_3_subset_117,Glucose,localMax_Glucose,1.8071141,1.4883764,1.1696386
3226,xgb_shap_list_ir_3,xgb_shap_list_ir_3_subset_117,BloodPressure,localMax_BloodPressure,0.21916378,0.33383942,0.104488194
3227,xgb_shap_list_ir_3,xgb_shap_list_ir_3_subset_117,SkinThickness,localMax_SkinThickness,0.13266015,0.009375334,0.19430256
3228,xgb_shap_list_ir_3,xgb_shap_list_ir_3_subset_117,Insulin,localMax_Insulin,0.30606985,0.44787264,0.164267
3229,xgb_shap_list_ir_3,xgb_shap_list_ir_3_subset_117,BMI,localMax_BMI,0.36605895,0.111474276,0.6206436
3230,xgb_shap_list_ir_3,xgb_shap_list_ir_3_subset_117,DiabetesPedigreeFunction,localMax_DiabetesPedigreeFunction,0.5948157,0.7757135,-0.3096735
3231,xgb_shap_list_ir_3,xgb_shap_list_ir_3_subset_117,Age,localMax_Age,0.8909428,0.63171756,1.1501681
3232,xgb_shap_list_ir_1,xgb_shap_list_ir_1_subset_73,Pregnancies,localMax_Pregnancies,0.43919504,0.32590348,0.21261185
3233,xgb_shap_list_ir_1,xgb_shap_list_ir_1_subset_73,Glucose,localMax_Glucose,1.3475909,1.5998187,1.095363
3234,xgb_shap_list_ir_1,xgb_shap_list_ir_1_subset_73,BloodPressure,localMax_BloodPressure,0.1822156,0.24767298,0.051300824
3235,xgb_shap_list_ir_1,xgb_shap_list_ir_1_subset_73,SkinThickness,localMax_SkinThickness,0.103013545,0.036177814,0.06959568
3236,xgb_shap_list_ir_1,xgb_shap_list_ir_1_subset_73,Insulin,localMax_Insulin,-0.03567338,-0.1412195,0.49205709
3237,xgb_shap_list_ir_1,xgb_shap_list_ir_1_subset_73,BMI,localMax_BMI,0.61840916,1.0611076,1.2086738
3238,xgb_shap_list_ir_1,xgb_shap_list_ir_1_subset_73,DiabetesPedigreeFunction,localMax_DiabetesPedigreeFunction,0.76676303,-0.5516368,0.32729644
3239,xgb_shap_list_ir_1,xgb_shap_list_ir_1_subset_73,Age,localMax_Age,1.0984076,0.942744,0.7870804
3240,xgb_shap_list_ir_2,xgb_shap_list_ir_2_subset_134,Pregnancies,localMax_Pregnancies,0.1870858,0.10534686,0.26882476
3241,xgb_shap_list_ir_2,xgb_shap_list_ir_2_subset_134,Glucose,localMax_Glucose,1.4449726,1.7358634,0.2814095
3242,xgb_shap_list_ir_2,xgb_shap_list_ir_2_subset_134,BloodPressure,localMax_BloodPressure,0.08649331,0.8636528,-0.06893861
3243,xgb_shap_list_ir_2,xgb_shap_list_ir_2_subset_134,SkinThickness,localMax_SkinThickness,0.6183639,0.51269,-0.121353626
3244,xgb_shap_list_ir_2,xgb_shap_list_ir_2_subset_134,Insulin,localMax_Insulin,0.34915096,0.18453264,0.5137693
3245,xgb_shap_list_ir_2,xgb_shap_list_ir_2_subset_134,BMI,localMax_BMI,1.748384,1.49385,0.73024774
3246,xgb_shap_list_ir_2,xgb_shap_list_ir_2_subset_134,DiabetesPedigreeFunction,localMax_DiabetesPedigreeFunction,0.15814006,-0.069019616,0.044560224
3247,xgb_shap_list_ir_2,xgb_shap_list_ir_2_subset_134,Age,localMax_Age,0.5199202,0.6516464,-0.2704368
3248,xgb_shap_list_ir_4,xgb_shap_list_ir_4_subset_43,Pregnancies,localMax_Pregnancies,0.51016325,0.3916868,0.62863976
3249,xgb_shap_list_ir_4,xgb_shap_list_ir_4_subset_43,Glucose,localMax_Glucose,1.6971304,0.498047,2.0968251
3250,xgb_shap_list_ir_4,xgb_shap_list_ir_4_subset_43,BloodPressure,localMax_BloodPressure,0.21979672,-0.068594754,0.027535737
3251,xgb_shap_list_ir_4,xgb_shap_list_ir_4_subset_43,SkinThickness,localMax_SkinThickness,0.055856228,0.16441983,0.27298343
3252,xgb_shap_list_ir_4,xgb_shap_list_ir_4_subset_43,Insulin,localMax_Insulin,-0.3529516,-0.5256466,1.0286084
3253,xgb_shap_list_ir_4,xgb_shap_list_ir_4_subset_43,BMI,localMax_BMI,-0.20069548,0.034560144,-0.43595114
3254,xgb_shap_list_ir_4,xgb_shap_list_ir_4_subset_43,DiabetesPedigreeFunction,localMax_DiabetesPedigreeFunction,0.5004018,0.6494868,0.79857177
3255,xgb_shap_list_ir_4,xgb_shap_list_ir_4_subset_43,Age,localMax_Age,0.70188534,0.91014934,1.1184133
3256,xgb_shap_list_ir_4,xgb_shap_list_ir_4_subset_156,Pregnancies,localMax_Pregnancies,0.50830746,0.32504195,0.14177644
3257,xgb_shap_list_ir_4,xgb_shap_list_ir_4_subset_156,Glucose,localMax_Glucose,0.8866582,2.634969,2.1978912
3258,xgb_shap_list_ir_4,xgb_shap_list_ir_4_subset_156,BloodPressure,localMax_BloodPressure,0.074181765,0.16387752,0.25357327
3259,xgb_shap_list_ir_4,xgb_shap_list_ir_4_subset_156,SkinThickness,localMax_SkinThickness,0.44849408,0.562685,0.3343032
3260,xgb_shap_list_ir_4,xgb_shap_list_ir_4_subset_156,Insulin,localMax_Insulin,0.24913144,-0.05309111,-0.20420235
3261,xgb_shap_list_ir_4,xgb_shap_list_ir_4_subset_156,BMI,localMax_BMI,0.69369113,0.8523036,0.53507864
3262,xgb_shap_list_ir_4,xgb_shap_list_ir_4_subset_156,DiabetesPedigreeFunction,localMax_DiabetesPedigreeFunction,0.30971473,0.5078323,0.7059498
3263,xgb_shap_list_ir_4,xgb_shap_list_ir_4_subset_156,Age,localMax_Age,0.8183563,0.6226413,0.2312113
3264,xgb_shap_list_ir_1,xgb_shap_list_ir_1_subset_144,Pregnancies,localMax_Pregnancies,0.26311356,0.5008866,0.14422703
3265,xgb_shap_list_ir_1,xgb_shap_list_ir_1_subset_144,Glucose,localMax_Glucose,0.9562857,1.2144439,1.4726021
3266,xgb_shap_list_ir_1,xgb_shap_list_ir_1_subset_144,BloodPressure,localMax_BloodPressure,0.79962885,0.63635504,0.96290267
3267,xgb_shap_list_ir_1,xgb_shap_list_ir_1_subset_144,SkinThickness,localMax_SkinThickness,0.66676784,0.48849225,0.13194108
3268,xgb_shap_list_ir_1,xgb_shap_list_ir_1_subset_144,Insulin,localMax_Insulin,-0.30739558,-0.42156622,0.26345754
3269,xgb_shap_list_ir_1,xgb_shap_list_ir_1_subset_144,BMI,localMax_BMI,1.7297789,1.9608306,0.57452047
3270,xgb_shap_list_ir_1,xgb_shap_list_ir_1_subset_144,DiabetesPedigreeFunction,localMax_DiabetesPedigreeFunction,0.20362902,0.28782755,0.11943048
3271,xgb_shap_list_ir_1,xgb_shap_list_ir_1_subset_144,Age,localMax_Age,0.5576093,-0.8000026,0.31077087
3272,xgb_shap_list_ir_2,xgb_shap_list_ir_2_subset_102,Pregnancies,localMax_Pregnancies,0.4791987,0.3566134,0.601784
3273,xgb_shap_list_ir_2,xgb_shap_list_ir_2_subset_102,Glucose,localMax_Glucose,1.5646294,2.0303435,1.3317726
3274,xgb_shap_list_ir_2,xgb_shap_list_ir_2_subset_102,BloodPressure,localMax_BloodPressure,0.5761658,0.7712256,0.3811059
3275,xgb_shap_list_ir_2,xgb_shap_list_ir_2_subset_102,SkinThickness,localMax_SkinThickness,0.52682984,0.4109972,0.2951646
3276,xgb_shap_list_ir_2,xgb_shap_list_ir_2_subset_102,Insulin,localMax_Insulin,0.108811125,0.0547352,0.21696296
3277,xgb_shap_list_ir_2,xgb_shap_list_ir_2_subset_102,BMI,localMax_BMI,0.2996583,0.49763978,0.69562125
3278,xgb_shap_list_ir_2,xgb_shap_list_ir_2_subset_102,DiabetesPedigreeFunction,localMax_DiabetesPedigreeFunction,0.15500015,0.697073,0.87776387
3279,xgb_shap_list_ir_2,xgb_shap_list_ir_2_subset_102,Age,localMax_Age,0.46376348,0.63185585,0.7999482
3280,xgb_shap_list_ir_5,xgb_shap_list_ir_5_subset_63,Pregnancies,localMax_Pregnancies,0.1799885,0.2855215,0.07445553
3281,xgb_shap_list_ir_5,xgb_shap_list_ir_5_subset_63,Glucose,localMax_Glucose,1.038723,2.008263,1.6850832
3282,xgb_shap_list_ir_5,xgb_shap_list_ir_5_subset_63,BloodPressure,localMax_BloodPressure,0.20347238,0.36393666,0.52440095
3283,xgb_shap_list_ir_5,xgb_shap_list_ir_5_subset_63,SkinThickness,localMax_SkinThickness,0.2963848,0.18311608,0.12648171
3284,xgb_shap_list_ir_5,xgb_shap_list_ir_5_subset_63,Insulin,localMax_Insulin,0.09744853,-0.018984526,0.21388161
3285,xgb_shap_list_ir_5,xgb_shap_list_ir_5_subset_63,BMI,localMax_BMI,0.09715021,0.6022767,-0.15541303
3286,xgb_shap_list_ir_5,xgb_shap_list_ir_5_subset_63,DiabetesPedigreeFunction,localMax_DiabetesPedigreeFunction,0.7641096,0.5638797,0.9643394
3287,xgb_shap_list_ir_5,xgb_shap_list_ir_5_subset_63,Age,localMax_Age,0.7474335,0.62869895,0.50996447
3288,xgb_shap_list_ir_2,xgb_shap_list_ir_2_subset_5,Pregnancies,localMax_Pregnancies,1.37039,1.1995684,1.5412116
3289,xgb_shap_list_ir_2,xgb_shap_list_ir_2_subset_5,Glucose,localMax_Glucose,1.7333119,1.3560817,2.110542
3290,xgb_shap_list_ir_2,xgb_shap_list_ir_2_subset_5,BloodPressure,localMax_BloodPressure,0.54762244,0.7635106,0.11584628
3291,xgb_shap_list_ir_2,xgb_shap_list_ir_2_subset_5,SkinThickness,localMax_SkinThickness,0.46984637,0.7692739,0.6195601
3292,xgb_shap_list_ir_2,xgb_shap_list_ir_2_subset_5,Insulin,localMax_Insulin,0.042214334,0.70555365,0.20804918
3293,xgb_shap_list_ir_2,xgb_shap_list_ir_2_subset_5,BMI,localMax_BMI,0.24647853,0.33428484,0.15867221
3294,xgb_shap_list_ir_2,xgb_shap_list_ir_2_subset_5,DiabetesPedigreeFunction,localMax_DiabetesPedigreeFunction,0.2821951,0.46291775,0.10147238
3295,xgb_shap_list_ir_2,xgb_shap_list_ir_2_subset_5,Age,localMax_Age,0.40820223,0.50591224,0.31049222
3296,xgb_shap_list_ir_5,xgb_shap_list_ir_5_subset_114,Pregnancies,localMax_Pregnancies,0.2813018,0.4172951,0.55328834
3297,xgb_shap_list_ir_5,xgb_shap_list_ir_5_subset_114,Glucose,localMax_Glucose,0.7690704,1.6227493,1.1959097
3298,xgb_shap_list_ir_5,xgb_shap_list_ir_5_subset_114,BloodPressure,localMax_BloodPressure,0.19040161,0.34041166,0.040391564
3299,xgb_shap_list_ir_5,xgb_shap_list_ir_5_subset_114,SkinThickness,localMax_SkinThickness,0.21081448,0.3154837,0.10614529
3300,xgb_shap_list_ir_5,xgb_shap_list_ir_5_subset_114,Insulin,localMax_Insulin,-0.08900118,-0.19563472,0.4441666
3301,xgb_shap_list_ir_5,xgb_shap_list_ir_5_subset_114,BMI,localMax_BMI,0.053121388,0.32074994,-0.21450722
3302,xgb_shap_list_ir_5,xgb_shap_list_ir_5_subset_114,DiabetesPedigreeFunction,localMax_DiabetesPedigreeFunction,0.6036724,0.39983767,0.80750716
3303,xgb_shap_list_ir_5,xgb_shap_list_ir_5_subset_114,Age,localMax_Age,0.7701006,0.5941667,0.94603443
3304,xgb_shap_list_ir_4,xgb_shap_list_ir_4_subset_58,Pregnancies,localMax_Pregnancies,0.351878,0.21964228,0.087406576
3305,xgb_shap_list_ir_4,xgb_shap_list_ir_4_subset_58,Glucose,localMax_Glucose,0.62948525,0.98671293,2.0583959
3306,xgb_shap_list_ir_4,xgb_shap_list_ir_4_subset_58,BloodPressure,localMax_BloodPressure,-0.016041964,-0.113981366,0.08189747
3307,xgb_shap_list_ir_4,xgb_shap_list_ir_4_subset_58,SkinThickness,localMax_SkinThickness,0.66562015,0.52282304,0.8084173
3308,xgb_shap_list_ir_4,xgb_shap_list_ir_4_subset_58,Insulin,localMax_Insulin,0.04754263,0.16413718,-0.06905192
3309,xgb_shap_list_ir_4,xgb_shap_list_ir_4_subset_58,BMI,localMax_BMI,0.57545066,-0.07264429,1.0075139
3310,xgb_shap_list_ir_4,xgb_shap_list_ir_4_subset_58,DiabetesPedigreeFunction,localMax_DiabetesPedigreeFunction,0.42717457,0.6194067,0.8116387
3311,xgb_shap_list_ir_4,xgb_shap_list_ir_4_subset_58,Age,localMax_Age,0.2698009,0.41487092,0.55994093
3312,xgb_shap_list_ir_4,xgb_shap_list_ir_4_subset_72,Pregnancies,localMax_Pregnancies,0.36225247,0.09375256,0.2727525
3313,xgb_shap_list_ir_4,xgb_shap_list_ir_4_subset_72,Glucose,localMax_Glucose,1.1135008,0.6828803,3.2666032
3314,xgb_shap_list_ir_4,xgb_shap_list_ir_4_subset_72,BloodPressure,localMax_BloodPressure,-0.067744225,0.27788424,0.047465265
3315,xgb_shap_list_ir_4,xgb_shap_list_ir_4_subset_72,SkinThickness,localMax_SkinThickness,0.2005578,-0.007946104,-0.11219804
3316,xgb_shap_list_ir_4,xgb_shap_list_ir_4_subset_72,Insulin,localMax_Insulin,0.037221134,-0.07351512,0.14795738
3317,xgb_shap_list_ir_4,xgb_shap_list_ir_4_subset_72,BMI,localMax_BMI,0.41730332,0.19333446,-0.030634284
3318,xgb_shap_list_ir_4,xgb_shap_list_ir_4_subset_72,DiabetesPedigreeFunction,localMax_DiabetesPedigreeFunction,0.3332972,0.21886799,0.44772643
3319,xgb_shap_list_ir_4,xgb_shap_list_ir_4_subset_72,Age,localMax_Age,0.2099638,0.08396655,-0.042030722
3320,xgb_shap_list_ir_1,xgb_shap_list_ir_1_subset_94,Pregnancies,localMax_Pregnancies,0.23402655,0.43521976,0.13342994
3321,xgb_shap_list_ir_1,xgb_shap_list_ir_1_subset_94,Glucose,localMax_Glucose,1.4148923,1.6313947,1.1983899
3322,xgb_shap_list_ir_1,xgb_shap_list_ir_1_subset_94,BloodPressure,localMax_BloodPressure,-0.28343627,0.17135027,0.24714804
3323,xgb_shap_list_ir_1,xgb_shap_list_ir_1_subset_94,SkinThickness,localMax_SkinThickness,0.5287995,0.6032891,0.3798201
3324,xgb_shap_list_ir_1,xgb_shap_list_ir_1_subset_94,Insulin,localMax_Insulin,0.575229,0.7117686,0.4386894
3325,xgb_shap_list_ir_1,xgb_shap_list_ir_1_subset_94,BMI,localMax_BMI,0.76660806,0.91206074,-0.2515609
3326,xgb_shap_list_ir_1,xgb_shap_list_ir_1_subset_94,DiabetesPedigreeFunction,localMax_DiabetesPedigreeFunction,-0.059609294,0.89869726,-0.21932706
3327,xgb_shap_list_ir_1,xgb_shap_list_ir_1_subset_94,Age,localMax_Age,0.50976944,0.29287273,0.7266661
3328,xgb_shap_list_ir_1,xgb_shap_list_ir_1_subset_19,Pregnancies,localMax_Pregnancies,0.75291955,1.0556616,0.90429056
3329,xgb_shap_list_ir_1,xgb_shap_list_ir_1_subset_19,Glucose,localMax_Glucose,1.6748457,1.9952555,1.3544357
3330,xgb_shap_list_ir_1,xgb_shap_list_ir_1_subset_19,BloodPressure,localMax_BloodPressure,-0.5447008,0.60322404,0.22058243
3331,xgb_shap_list_ir_1,xgb_shap_list_ir_1_subset_19,SkinThickness,localMax_SkinThickness,0.2571148,0.20565248,0.15419015
3332,xgb_shap_list_ir_1,xgb_shap_list_ir_1_subset_19,Insulin,localMax_Insulin,0.0055132806,-0.14046548,-0.06747611
3333,xgb_shap_list_ir_1,xgb_shap_list_ir_1_subset_19,BMI,localMax_BMI,0.7998973,0.43619335,0.61804533
3334,xgb_shap_list_ir_1,xgb_shap_list_ir_1_subset_19,DiabetesPedigreeFunction,localMax_DiabetesPedigreeFunction,1.0183744,0.24591732,1.1728659
3335,xgb_shap_list_ir_1,xgb_shap_list_ir_1_subset_19,Age,localMax_Age,-0.23478667,-0.2861408,-0.18343252
3336,xgb_shap_list_ir_4,xgb_shap_list_ir_4_subset_27,Pregnancies,localMax_Pregnancies,0.5527576,0.414169,0.2755804
3337,xgb_shap_list_ir_4,xgb_shap_list_ir_4_subset_27,Glucose,localMax_Glucose,1.9672966,2.3575342,1.577059
3338,xgb_shap_list_ir_4,xgb_shap_list_ir_4_subset_27,BloodPressure,localMax_BloodPressure,0.08606583,0.2115519,-0.039420247
3339,xgb_shap_list_ir_4,xgb_shap_list_ir_4_subset_27,SkinThickness,localMax_SkinThickness,0.07979363,0.0065678954,0.15301937
3340,xgb_shap_list_ir_4,xgb_shap_list_ir_4_subset_27,Insulin,localMax_Insulin,-0.21907997,0.10241127,0.2631569
3341,xgb_shap_list_ir_4,xgb_shap_list_ir_4_subset_27,BMI,localMax_BMI,0.072692275,-0.2183168,1.8187468
3342,xgb_shap_list_ir_4,xgb_shap_list_ir_4_subset_27,DiabetesPedigreeFunction,localMax_DiabetesPedigreeFunction,0.23834151,-0.31865996,0.9810101
3343,xgb_shap_list_ir_4,xgb_shap_list_ir_4_subset_27,Age,localMax_Age,-0.09557921,-0.51994324,-0.3077612
3344,xgb_shap_list_ir_4,xgb_shap_list_ir_4_subset_24,Pregnancies,localMax_Pregnancies,-0.093116194,0.0044959188,0.39494443
3345,xgb_shap_list_ir_4,xgb_shap_list_ir_4_subset_24,Glucose,localMax_Glucose,1.9709644,1.3882195,1.679592
3346,xgb_shap_list_ir_4,xgb_shap_list_ir_4_subset_24,BloodPressure,localMax_BloodPressure,0.3298384,0.124586046,0.5350908
3347,xgb_shap_list_ir_4,xgb_shap_list_ir_4_subset_24,SkinThickness,localMax_SkinThickness,0.49251056,0.3351329,0.1777553
3348,xgb_shap_list_ir_4,xgb_shap_list_ir_4_subset_24,Insulin,localMax_Insulin,0.14595014,-0.06839365,0.038778245
3349,xgb_shap_list_ir_4,xgb_shap_list_ir_4_subset_24,BMI,localMax_BMI,0.30885756,0.049148917,0.5685662
3350,xgb_shap_list_ir_4,xgb_shap_list_ir_4_subset_24,DiabetesPedigreeFunction,localMax_DiabetesPedigreeFunction,0.473908,0.30361432,0.13332063
3351,xgb_shap_list_ir_4,xgb_shap_list_ir_4_subset_24,Age,localMax_Age,0.5721713,0.42812836,0.7162141
3352,xgb_shap_list_ir_1,xgb_shap_list_ir_1_subset_37,Pregnancies,localMax_Pregnancies,-0.1496896,0.11069381,0.058617115
3353,xgb_shap_list_ir_1,xgb_shap_list_ir_1_subset_37,Glucose,localMax_Glucose,0.8694469,0.6708605,0.2736876
3354,xgb_shap_list_ir_1,xgb_shap_list_ir_1_subset_37,BloodPressure,localMax_BloodPressure,0.14925218,1.5380294,1.7694924
3355,xgb_shap_list_ir_1,xgb_shap_list_ir_1_subset_37,SkinThickness,localMax_SkinThickness,1.3586674,1.0282332,0.8630161
3356,xgb_shap_list_ir_1,xgb_shap_list_ir_1_subset_37,Insulin,localMax_Insulin,-0.008746982,0.064505816,-0.081999764
3357,xgb_shap_list_ir_1,xgb_shap_list_ir_1_subset_37,BMI,localMax_BMI,0.061489522,0.3246377,0.85093397
3358,xgb_shap_list_ir_1,xgb_shap_list_ir_1_subset_37,DiabetesPedigreeFunction,localMax_DiabetesPedigreeFunction,0.009104133,0.8006706,0.1674174
3359,xgb_shap_list_ir_1,xgb_shap_list_ir_1_subset_37,Age,localMax_Age,0.5837878,0.9402994,0.405532
3360,xgb_shap_list_ir_1,xgb_shap_list_ir_1_subset_76,Pregnancies,localMax_Pregnancies,-0.13548745,0.2864901,0.24429235
3361,xgb_shap_list_ir_1,xgb_shap_list_ir_1_subset_76,Glucose,localMax_Glucose,1.9459558,1.6825247,2.2093868
3362,xgb_shap_list_ir_1,xgb_shap_list_ir_1_subset_76,BloodPressure,localMax_BloodPressure,0.01907599,-0.100372225,0.61631703
3363,xgb_shap_list_ir_1,xgb_shap_list_ir_1_subset_76,SkinThickness,localMax_SkinThickness,0.051804334,-0.48993224,0.70188826
3364,xgb_shap_list_ir_1,xgb_shap_list_ir_1_subset_76,Insulin,localMax_Insulin,0.58564067,0.6599066,-0.008487165
3365,xgb_shap_list_ir_1,xgb_shap_list_ir_1_subset_76,BMI,localMax_BMI,0.32105625,1.2446895,1.0599629
3366,xgb_shap_list_ir_1,xgb_shap_list_ir_1_subset_76,DiabetesPedigreeFunction,localMax_DiabetesPedigreeFunction,0.7034557,0.5983164,0.493177
3367,xgb_shap_list_ir_1,xgb_shap_list_ir_1_subset_76,Age,localMax_Age,-0.38950974,-0.4531894,-0.3258301
3368,xgb_shap_list_ir_1,xgb_shap_list_ir_1_subset_70,Pregnancies,localMax_Pregnancies,0.22189367,0.4375047,0.006282538
3369,xgb_shap_list_ir_1,xgb_shap_list_ir_1_subset_70,Glucose,localMax_Glucose,1.2353536,1.5384367,0.9322705
3370,xgb_shap_list_ir_1,xgb_shap_list_ir_1_subset_70,BloodPressure,localMax_BloodPressure,0.23700592,0.18132702,0.29268482
3371,xgb_shap_list_ir_1,xgb_shap_list_ir_1_subset_70,SkinThickness,localMax_SkinThickness,-0.11545852,-0.2926761,0.4161942
3372,xgb_shap_list_ir_1,xgb_shap_list_ir_1_subset_70,Insulin,localMax_Insulin,0.86966455,1.0511662,0.6881629
3373,xgb_shap_list_ir_1,xgb_shap_list_ir_1_subset_70,BMI,localMax_BMI,0.7616383,0.95743656,0.56584
3374,xgb_shap_list_ir_1,xgb_shap_list_ir_1_subset_70,DiabetesPedigreeFunction,localMax_DiabetesPedigreeFunction,-0.12909481,1.4030488,1.2498344
3375,xgb_shap_list_ir_1,xgb_shap_list_ir_1_subset_70,Age,localMax_Age,0.3683907,0.41869807,0.16716135
3376,xgb_shap_list_ir_2,xgb_shap_list_ir_2_subset_26,Pregnancies,localMax_Pregnancies,0.9848967,0.86239237,0.7398881
3377,xgb_shap_list_ir_2,xgb_shap_list_ir_2_subset_26,Glucose,localMax_Glucose,2.0496163,1.7436438,1.4376711
3378,xgb_shap_list_ir_2,xgb_shap_list_ir_2_subset_26,BloodPressure,localMax_BloodPressure,0.07164559,0.3991155,-0.25582442
3379,xgb_shap_list_ir_2,xgb_shap_list_ir_2_subset_26,SkinThickness,localMax_SkinThickness,0.6636185,0.7661653,0.8687121
3380,xgb_shap_list_ir_2,xgb_shap_list_ir_2_subset_26,Insulin,localMax_Insulin,-0.14866304,0.028302431,-0.32562846
3381,xgb_shap_list_ir_2,xgb_shap_list_ir_2_subset_26,BMI,localMax_BMI,-0.2757408,-0.001773417,1.6420313
3382,xgb_shap_list_ir_2,xgb_shap_list_ir_2_subset_26,DiabetesPedigreeFunction,localMax_DiabetesPedigreeFunction,0.41435122,0.8536444,0.70721334
3383,xgb_shap_list_ir_2,xgb_shap_list_ir_2_subset_26,Age,localMax_Age,-0.06759071,-0.15469268,0.10661319
3384,xgb_shap_list_ir_5,xgb_shap_list_ir_5_subset_50,Pregnancies,localMax_Pregnancies,0.29365897,0.16005749,0.42726046
3385,xgb_shap_list_ir_5,xgb_shap_list_ir_5_subset_50,Glucose,localMax_Glucose,1.7838905,2.1760821,0.99950695
3386,xgb_shap_list_ir_5,xgb_shap_list_ir_5_subset_50,BloodPressure,localMax_BloodPressure,0.25003397,0.3662176,0.017666817
3387,xgb_shap_list_ir_5,xgb_shap_list_ir_5_subset_50,SkinThickness,localMax_SkinThickness,0.26643866,0.36890715,0.47137558
3388,xgb_shap_list_ir_5,xgb_shap_list_ir_5_subset_50,Insulin,localMax_Insulin,-0.1708685,-0.2905503,0.30785874
3389,xgb_shap_list_ir_5,xgb_shap_list_ir_5_subset_50,BMI,localMax_BMI,0.12396884,0.3824904,-0.13455278
3390,xgb_shap_list_ir_5,xgb_shap_list_ir_5_subset_50,DiabetesPedigreeFunction,localMax_DiabetesPedigreeFunction,0.6720362,0.09231955,1.0585138
3391,xgb_shap_list_ir_5,xgb_shap_list_ir_5_subset_50,Age,localMax_Age,0.71925986,0.8411884,0.59733135
3392,xgb_shap_list_ir_3,xgb_shap_list_ir_3_subset_75,Pregnancies,localMax_Pregnancies,0.41333598,0.31521356,0.51145834
3393,xgb_shap_list_ir_3,xgb_shap_list_ir_3_subset_75,Glucose,localMax_Glucose,0.07044768,0.3551867,2.0636203
3394,xgb_shap_list_ir_3,xgb_shap_list_ir_3_subset_75,BloodPressure,localMax_BloodPressure,0.4439355,-0.059827507,0.54468817
3395,xgb_shap_list_ir_3,xgb_shap_list_ir_3_subset_75,SkinThickness,localMax_SkinThickness,0.41811264,0.3164003,0.519825
3396,xgb_shap_list_ir_3,xgb_shap_list_ir_3_subset_75,Insulin,localMax_Insulin,-0.13857338,0.1390712,0.50926393
3397,xgb_shap_list_ir_3,xgb_shap_list_ir_3_subset_75,BMI,localMax_BMI,0.30584127,0.16185099,0.01786074
3398,xgb_shap_list_ir_3,xgb_shap_list_ir_3_subset_75,DiabetesPedigreeFunction,localMax_DiabetesPedigreeFunction,0.72880924,0.5727151,0.4166209
3399,xgb_shap_list_ir_3,xgb_shap_list_ir_3_subset_75,Age,localMax_Age,0.20448154,1.1366726,0.76379615
3400,xgb_shap_list_ir_3,xgb_shap_list_ir_3_subset_65,Pregnancies,localMax_Pregnancies,0.8161694,0.6923548,0.939984
3401,xgb_shap_list_ir_3,xgb_shap_list_ir_3_subset_65,Glucose,localMax_Glucose,2.853408,0.81407535,0.47418654
3402,xgb_shap_list_ir_3,xgb_shap_list_ir_3_subset_65,BloodPressure,localMax_BloodPressure,0.26222998,0.40047526,0.5387206
3403,xgb_shap_list_ir_3,xgb_shap_list_ir_3_subset_65,SkinThickness,localMax_SkinThickness,0.06417099,0.14651233,0.22885367
3404,xgb_shap_list_ir_3,xgb_shap_list_ir_3_subset_65,Insulin,localMax_Insulin,0.05362314,-0.03148684,0.13873309
3405,xgb_shap_list_ir_3,xgb_shap_list_ir_3_subset_65,BMI,localMax_BMI,0.934999,0.65311813,-0.19252473
3406,xgb_shap_list_ir_3,xgb_shap_list_ir_3_subset_65,DiabetesPedigreeFunction,localMax_DiabetesPedigreeFunction,0.61985064,0.92202234,0.31767905
3407,xgb_shap_list_ir_3,xgb_shap_list_ir_3_subset_65,Age,localMax_Age,0.0035547614,0.3807382,0.12928253
3408,xgb_shap_list_ir_5,xgb_shap_list_ir_5_subset_54,Pregnancies,localMax_Pregnancies,0.16823134,0.25563338,0.34303546
3409,xgb_shap_list_ir_5,xgb_shap_list_ir_5_subset_54,Glucose,localMax_Glucose,0.28345168,1.8480055,0.6745901
3410,xgb_shap_list_ir_5,xgb_shap_list_ir_5_subset_54,BloodPressure,localMax_BloodPressure,0.2249074,0.361506,0.08830875
3411,xgb_shap_list_ir_5,xgb_shap_list_ir_5_subset_54,SkinThickness,localMax_SkinThickness,0.2850893,0.16232991,0.40784878
3412,xgb_shap_list_ir_5,xgb_shap_list_ir_5_subset_54,Insulin,localMax_Insulin,0.049455374,0.16264656,-0.06373584
3413,xgb_shap_list_ir_5,xgb_shap_list_ir_5_subset_54,BMI,localMax_BMI,0.61230373,0.3569653,-0.15371156
3414,xgb_shap_list_ir_5,xgb_shap_list_ir_5_subset_54,DiabetesPedigreeFunction,localMax_DiabetesPedigreeFunction,0.15692621,0.48755342,0.32223982
3415,xgb_shap_list_ir_5,xgb_shap_list_ir_5_subset_54,Age,localMax_Age,0.30666524,0.47894996,-0.037904024
3416,xgb_shap_list_ir_4,xgb_shap_list_ir_4_subset_137,Pregnancies,localMax_Pregnancies,0.39874637,0.53955215,0.25794065
3417,xgb_shap_list_ir_4,xgb_shap_list_ir_4_subset_137,Glucose,localMax_Glucose,0.9121361,2.55021,2.1406915
3418,xgb_shap_list_ir_4,xgb_shap_list_ir_4_subset_137,BloodPressure,localMax_BloodPressure,0.17205209,0.38858783,0.06378421
3419,xgb_shap_list_ir_4,xgb_shap_list_ir_4_subset_137,SkinThickness,localMax_SkinThickness,0.17984927,0.25344232,0.10625625
3420,xgb_shap_list_ir_4,xgb_shap_list_ir_4_subset_137,Insulin,localMax_Insulin,-0.12396453,-0.011965185,0.10003418
3421,xgb_shap_list_ir_4,xgb_shap_list_ir_4_subset_137,BMI,localMax_BMI,-0.27557185,0.7291006,-0.47650632
3422,xgb_shap_list_ir_4,xgb_shap_list_ir_4_subset_137,DiabetesPedigreeFunction,localMax_DiabetesPedigreeFunction,0.32566214,0.5747889,0.8239156
3423,xgb_shap_list_ir_4,xgb_shap_list_ir_4_subset_137,Age,localMax_Age,0.9350827,0.75123894,0.5673952
3424,xgb_shap_list_ir_4,xgb_shap_list_ir_4_subset_116,Pregnancies,localMax_Pregnancies,-0.16134599,-0.26976222,0.38073504
3425,xgb_shap_list_ir_4,xgb_shap_list_ir_4_subset_116,Glucose,localMax_Glucose,1.835557,2.1663203,-0.1490246
3426,xgb_shap_list_ir_4,xgb_shap_list_ir_4_subset_116,BloodPressure,localMax_BloodPressure,0.45447028,0.28003585,0.10560149
3427,xgb_shap_list_ir_4,xgb_shap_list_ir_4_subset_116,SkinThickness,localMax_SkinThickness,0.029114723,0.7928023,0.28367728
3428,xgb_shap_list_ir_4,xgb_shap_list_ir_4_subset_116,Insulin,localMax_Insulin,0.076128125,0.13576275,0.19539735
3429,xgb_shap_list_ir_4,xgb_shap_list_ir_4_subset_116,BMI,localMax_BMI,1.536234,-0.022141457,1.758859
3430,xgb_shap_list_ir_4,xgb_shap_list_ir_4_subset_116,DiabetesPedigreeFunction,localMax_DiabetesPedigreeFunction,0.48674017,0.3791132,0.5943671
3431,xgb_shap_list_ir_4,xgb_shap_list_ir_4_subset_116,Age,localMax_Age,0.883631,0.64849603,0.41336107
3432,xgb_shap_list_ir_5,xgb_shap_list_ir_5_subset_11,Pregnancies,localMax_Pregnancies,0.32312346,0.16405177,0.48219514
3433,xgb_shap_list_ir_5,xgb_shap_list_ir_5_subset_11,Glucose,localMax_Glucose,1.4485352,2.871844,0.9740989
3434,xgb_shap_list_ir_5,xgb_shap_list_ir_5_subset_11,BloodPressure,localMax_BloodPressure,0.45290327,0.29209423,0.13128513
3435,xgb_shap_list_ir_5,xgb_shap_list_ir_5_subset_11,SkinThickness,localMax_SkinThickness,0.03560412,0.21182498,0.12371454
3436,xgb_shap_list_ir_5,xgb_shap_list_ir_5_subset_11,Insulin,localMax_Insulin,0.10184276,-0.0065092146,0.2101947
3437,xgb_shap_list_ir_5,xgb_shap_list_ir_5_subset_11,BMI,localMax_BMI,-0.14014602,0.21079421,0.9126749
3438,xgb_shap_list_ir_5,xgb_shap_list_ir_5_subset_11,DiabetesPedigreeFunction,localMax_DiabetesPedigreeFunction,0.5722096,0.37047744,0.16874534
3439,xgb_shap_list_ir_5,xgb_shap_list_ir_5_subset_11,Age,localMax_Age,-0.08114275,0.19660312,0.057730168
3440,xgb_shap_list_ir_5,xgb_shap_list_ir_5_subset_100,Pregnancies,localMax_Pregnancies,0.11179161,0.24062794,0.49830067
3441,xgb_shap_list_ir_5,xgb_shap_list_ir_5_subset_100,Glucose,localMax_Glucose,1.3188124,1.7235045,0.9141203
3442,xgb_shap_list_ir_5,xgb_shap_list_ir_5_subset_100,BloodPressure,localMax_BloodPressure,0.49348134,-0.1150226,0.64560735
3443,xgb_shap_list_ir_5,xgb_shap_list_ir_5_subset_100,SkinThickness,localMax_SkinThickness,0.058296382,0.44673222,0.3172536
3444,xgb_shap_list_ir_5,xgb_shap_list_ir_5_subset_100,Insulin,localMax_Insulin,0.05544114,0.14086059,0.22628003
3445,xgb_shap_list_ir_5,xgb_shap_list_ir_5_subset_100,BMI,localMax_BMI,0.1505633,0.37305212,0.5955409
3446,xgb_shap_list_ir_5,xgb_shap_list_ir_5_subset_100,DiabetesPedigreeFunction,localMax_DiabetesPedigreeFunction,0.1863547,-0.06934658,0.31420535
3447,xgb_shap_list_ir_5,xgb_shap_list_ir_5_subset_100,Age,localMax_Age,0.7836206,0.63332975,0.93391144
3448,xgb_shap_list_ir_3,xgb_shap_list_ir_3_subset_66,Pregnancies,localMax_Pregnancies,0.73859894,0.623494,0.85370386
3449,xgb_shap_list_ir_3,xgb_shap_list_ir_3_subset_66,Glucose,localMax_Glucose,1.8257804,0.6958704,1.0725069
3450,xgb_shap_list_ir_3,xgb_shap_list_ir_3_subset_66,BloodPressure,localMax_BloodPressure,0.20884138,0.28818235,0.12950042
3451,xgb_shap_list_ir_3,xgb_shap_list_ir_3_subset_66,SkinThickness,localMax_SkinThickness,0.42541164,0.5039737,0.3468496
3452,xgb_shap_list_ir_3,xgb_shap_list_ir_3_subset_66,Insulin,localMax_Insulin,0.0013900697,0.07926729,0.23502174
3453,xgb_shap_list_ir_3,xgb_shap_list_ir_3_subset_66,BMI,localMax_BMI,0.6905476,1.1051006,0.89782405
3454,xgb_shap_list_ir_3,xgb_shap_list_ir_3_subset_66,DiabetesPedigreeFunction,localMax_DiabetesPedigreeFunction,0.64520144,0.84712005,0.44328284
3455,xgb_shap_list_ir_3,xgb_shap_list_ir_3_subset_66,Age,localMax_Age,0.5182016,0.24071997,0.3794608
3456,xgb_shap_list_ir_4,xgb_shap_list_ir_4_subset_29,Pregnancies,localMax_Pregnancies,0.4777196,0.6675184,0.8573172
3457,xgb_shap_list_ir_4,xgb_shap_list_ir_4_subset_29,Glucose,localMax_Glucose,0.068395376,0.40953374,2.4563644
3458,xgb_shap_list_ir_4,xgb_shap_list_ir_4_subset_29,BloodPressure,localMax_BloodPressure,0.03117919,0.16781002,-0.10545164
3459,xgb_shap_list_ir_4,xgb_shap_list_ir_4_subset_29,SkinThickness,localMax_SkinThickness,0.04862374,-0.009121776,0.10636926
3460,xgb_shap_list_ir_4,xgb_shap_list_ir_4_subset_29,Insulin,localMax_Insulin,0.14866996,-0.017518044,0.64723396
3461,xgb_shap_list_ir_4,xgb_shap_list_ir_4_subset_29,BMI,localMax_BMI,0.06379151,0.29562283,-0.1680398
3462,xgb_shap_list_ir_4,xgb_shap_list_ir_4_subset_29,DiabetesPedigreeFunction,localMax_DiabetesPedigreeFunction,0.71674883,0.89028776,0.54320985
3463,xgb_shap_list_ir_4,xgb_shap_list_ir_4_subset_29,Age,localMax_Age,0.36715436,0.49815512,0.6291559
3464,xgb_shap_list_ir_4,xgb_shap_list_ir_4_subset_120,Pregnancies,localMax_Pregnancies,0.65936553,0.48896813,0.3185706
3465,xgb_shap_list_ir_4,xgb_shap_list_ir_4_subset_120,Glucose,localMax_Glucose,1.9742969,2.239444,2.504591
3466,xgb_shap_list_ir_4,xgb_shap_list_ir_4_subset_120,BloodPressure,localMax_BloodPressure,0.3425659,0.5311228,0.15400898
3467,xgb_shap_list_ir_4,xgb_shap_list_ir_4_subset_120,SkinThickness,localMax_SkinThickness,0.47890496,0.3978973,0.07386649
3468,xgb_shap_list_ir_4,xgb_shap_list_ir_4_subset_120,Insulin,localMax_Insulin,0.16770956,0.044540197,0.2908789
3469,xgb_shap_list_ir_4,xgb_shap_list_ir_4_subset_120,BMI,localMax_BMI,-0.15682012,0.21004051,1.3106226
3470,xgb_shap_list_ir_4,xgb_shap_list_ir_4_subset_120,DiabetesPedigreeFunction,localMax_DiabetesPedigreeFunction,0.34605837,0.18781304,0.029567719
3471,xgb_shap_list_ir_4,xgb_shap_list_ir_4_subset_120,Age,localMax_Age,0.60977924,0.4599777,0.3101762
3472,xgb_shap_list_ir_1,xgb_shap_list_ir_1_subset_75,Pregnancies,localMax_Pregnancies,0.55474734,0.29592225,0.20964721
3473,xgb_shap_list_ir_1,xgb_shap_list_ir_1_subset_75,Glucose,localMax_Glucose,1.5130138,1.2821841,0.58969474
3474,xgb_shap_list_ir_1,xgb_shap_list_ir_1_subset_75,BloodPressure,localMax_BloodPressure,0.30123806,0.40293902,0.1995371
3475,xgb_shap_list_ir_1,xgb_shap_list_ir_1_subset_75,SkinThickness,localMax_SkinThickness,-0.046025306,-0.13129449,0.124513
3476,xgb_shap_list_ir_1,xgb_shap_list_ir_1_subset_75,Insulin,localMax_Insulin,0.620604,0.05062574,0.73459965
3477,xgb_shap_list_ir_1,xgb_shap_list_ir_1_subset_75,BMI,localMax_BMI,0.2992689,0.4077949,0.19074291
3478,xgb_shap_list_ir_1,xgb_shap_list_ir_1_subset_75,DiabetesPedigreeFunction,localMax_DiabetesPedigreeFunction,1.2339218,1.3834971,1.0843465
3479,xgb_shap_list_ir_1,xgb_shap_list_ir_1_subset_75,Age,localMax_Age,1.0153098,1.1559396,0.73405045
3480,xgb_shap_list_ir_5,xgb_shap_list_ir_5_subset_84,Pregnancies,localMax_Pregnancies,1.1478845,0.27649438,0.5669577
3481,xgb_shap_list_ir_5,xgb_shap_list_ir_5_subset_84,Glucose,localMax_Glucose,2.005132,1.2593005,-0.23236251
3482,xgb_shap_list_ir_5,xgb_shap_list_ir_5_subset_84,BloodPressure,localMax_BloodPressure,0.39869565,0.26375306,-0.27601716
3483,xgb_shap_list_ir_5,xgb_shap_list_ir_5_subset_84,SkinThickness,localMax_SkinThickness,0.18115568,0.12295228,0.06474885
3484,xgb_shap_list_ir_5,xgb_shap_list_ir_5_subset_84,Insulin,localMax_Insulin,-0.13209969,0.4670809,0.017695487
3485,xgb_shap_list_ir_5,xgb_shap_list_ir_5_subset_84,BMI,localMax_BMI,0.3009243,0.011561871,0.5902866
3486,xgb_shap_list_ir_5,xgb_shap_list_ir_5_subset_84,DiabetesPedigreeFunction,localMax_DiabetesPedigreeFunction,0.24048817,0.6566678,0.448578
3487,xgb_shap_list_ir_5,xgb_shap_list_ir_5_subset_84,Age,localMax_Age,0.57212806,0.30868614,0.4404071
3488,xgb_shap_list_ir_1,xgb_shap_list_ir_1_subset_82,Pregnancies,localMax_Pregnancies,0.35696483,0.65052754,0.45481902
3489,xgb_shap_list_ir_1,xgb_shap_list_ir_1_subset_82,Glucose,localMax_Glucose,1.5140857,1.2543565,1.7738147
3490,xgb_shap_list_ir_1,xgb_shap_list_ir_1_subset_82,BloodPressure,localMax_BloodPressure,-0.19421588,-0.13042112,0.31614232
3491,xgb_shap_list_ir_1,xgb_shap_list_ir_1_subset_82,SkinThickness,localMax_SkinThickness,0.2509122,0.45664465,0.6623771
3492,xgb_shap_list_ir_1,xgb_shap_list_ir_1_subset_82,Insulin,localMax_Insulin,0.63963884,-0.286792,-0.101505846
3493,xgb_shap_list_ir_1,xgb_shap_list_ir_1_subset_82,BMI,localMax_BMI,0.18390897,0.25989112,0.107926846
3494,xgb_shap_list_ir_1,xgb_shap_list_ir_1_subset_82,DiabetesPedigreeFunction,localMax_DiabetesPedigreeFunction,0.3114127,0.47041833,0.629424
3495,xgb_shap_list_ir_1,xgb_shap_list_ir_1_subset_82,Age,localMax_Age,1.2349491,1.0220088,1.4478893
3496,xgb_shap_list_ir_1,xgb_shap_list_ir_1_subset_6,Pregnancies,localMax_Pregnancies,0.22539407,0.3263721,-0.38047376
3497,xgb_shap_list_ir_1,xgb_shap_list_ir_1_subset_6,Glucose,localMax_Glucose,1.879045,2.1375067,1.6205834
3498,xgb_shap_list_ir_1,xgb_shap_list_ir_1_subset_6,BloodPressure,localMax_BloodPressure,0.09760177,0.25910467,0.5821105
3499,xgb_shap_list_ir_1,xgb_shap_list_ir_1_subset_6,SkinThickness,localMax_SkinThickness,0.5901821,0.51044685,0.27124077
3500,xgb_shap_list_ir_1,xgb_shap_list_ir_1_subset_6,Insulin,localMax_Insulin,-0.019738823,0.043697685,-0.08317533
3501,xgb_shap_list_ir_1,xgb_shap_list_ir_1_subset_6,BMI,localMax_BMI,0.28005838,0.5400233,0.41004086
3502,xgb_shap_list_ir_1,xgb_shap_list_ir_1_subset_6,DiabetesPedigreeFunction,localMax_DiabetesPedigreeFunction,0.49396658,0.6485127,0.33942032
3503,xgb_shap_list_ir_1,xgb_shap_list_ir_1_subset_6,Age,localMax_Age,0.35833007,-0.30501282,0.4320348
3504,xgb_shap_list_ir_2,xgb_shap_list_ir_2_subset_86,Pregnancies,localMax_Pregnancies,0.6159414,0.8348651,0.3970176
3505,xgb_shap_list_ir_2,xgb_shap_list_ir_2_subset_86,Glucose,localMax_Glucose,1.059792,1.3720443,1.6842966
3506,xgb_shap_list_ir_2,xgb_shap_list_ir_2_subset_86,BloodPressure,localMax_BloodPressure,0.5626731,-0.4045186,-0.30779946
3507,xgb_shap_list_ir_2,xgb_shap_list_ir_2_subset_86,SkinThickness,localMax_SkinThickness,1.1322426,1.2761427,0.9883423
3508,xgb_shap_list_ir_2,xgb_shap_list_ir_2_subset_86,Insulin,localMax_Insulin,-0.26225567,-0.3504644,0.35520518
3509,xgb_shap_list_ir_2,xgb_shap_list_ir_2_subset_86,BMI,localMax_BMI,1.2867582,0.54827905,1.655998
3510,xgb_shap_list_ir_2,xgb_shap_list_ir_2_subset_86,DiabetesPedigreeFunction,localMax_DiabetesPedigreeFunction,0.38566065,0.21708274,0.55423856
3511,xgb_shap_list_ir_2,xgb_shap_list_ir_2_subset_86,Age,localMax_Age,0.23757863,0.3377843,0.13737297
3512,xgb_shap_list_ir_5,xgb_shap_list_ir_5_subset_104,Pregnancies,localMax_Pregnancies,0.28169346,0.428963,0.13442391
3513,xgb_shap_list_ir_5,xgb_shap_list_ir_5_subset_104,Glucose,localMax_Glucose,2.8866656,2.532551,1.1160934
3514,xgb_shap_list_ir_5,xgb_shap_list_ir_5_subset_104,BloodPressure,localMax_BloodPressure,-0.0649336,0.06715876,-0.19702592
3515,xgb_shap_list_ir_5,xgb_shap_list_ir_5_subset_104,SkinThickness,localMax_SkinThickness,0.2369023,0.34105992,0.13274461
3516,xgb_shap_list_ir_5,xgb_shap_list_ir_5_subset_104,Insulin,localMax_Insulin,-0.15752769,0.07183623,-0.042845726
3517,xgb_shap_list_ir_5,xgb_shap_list_ir_5_subset_104,BMI,localMax_BMI,0.18289852,-0.049751937,0.41554892
3518,xgb_shap_list_ir_5,xgb_shap_list_ir_5_subset_104,DiabetesPedigreeFunction,localMax_DiabetesPedigreeFunction,1.0544599,1.2301075,0.8788123
3519,xgb_shap_list_ir_5,xgb_shap_list_ir_5_subset_104,Age,localMax_Age,0.8932178,1.0696738,0.5403058
3520,xgb_shap_list_ir_4,xgb_shap_list_ir_4_subset_37,Pregnancies,localMax_Pregnancies,0.24364442,0.12947363,0.3578152
3521,xgb_shap_list_ir_4,xgb_shap_list_ir_4_subset_37,Glucose,localMax_Glucose,1.4675511,1.722503,1.2125992
3522,xgb_shap_list_ir_4,xgb_shap_list_ir_4_subset_37,BloodPressure,localMax_BloodPressure,-0.023165703,0.10993886,0.24304348
3523,xgb_shap_list_ir_4,xgb_shap_list_ir_4_subset_37,SkinThickness,localMax_SkinThickness,0.06694728,0.15892202,-0.025027454
3524,xgb_shap_list_ir_4,xgb_shap_list_ir_4_subset_37,Insulin,localMax_Insulin,-0.13886026,0.24968076,-0.23599553
3525,xgb_shap_list_ir_4,xgb_shap_list_ir_4_subset_37,BMI,localMax_BMI,0.058853984,2.5838351,1.0057219
3526,xgb_shap_list_ir_4,xgb_shap_list_ir_4_subset_37,DiabetesPedigreeFunction,localMax_DiabetesPedigreeFunction,0.2883237,0.6859548,0.8847703
3527,xgb_shap_list_ir_4,xgb_shap_list_ir_4_subset_37,Age,localMax_Age,0.54003966,0.40660638,-0.26056018
3528,xgb_shap_list_ir_1,xgb_shap_list_ir_1_subset_17,Pregnancies,localMax_Pregnancies,0.021233797,0.06492227,-0.022454679
3529,xgb_shap_list_ir_1,xgb_shap_list_ir_1_subset_17,Glucose,localMax_Glucose,1.6115664,1.8778211,1.3453119
3530,xgb_shap_list_ir_1,xgb_shap_list_ir_1_subset_17,BloodPressure,localMax_BloodPressure,0.90333414,1.0607026,0.43122882
3531,xgb_shap_list_ir_1,xgb_shap_list_ir_1_subset_17,SkinThickness,localMax_SkinThickness,-0.05715576,0.17023358,-0.00030842423
3532,xgb_shap_list_ir_1,xgb_shap_list_ir_1_subset_17,Insulin,localMax_Insulin,-0.047181226,-0.02096796,0.16252488
3533,xgb_shap_list_ir_1,xgb_shap_list_ir_1_subset_17,BMI,localMax_BMI,0.11756638,0.27639326,0.19697982
3534,xgb_shap_list_ir_1,xgb_shap_list_ir_1_subset_17,DiabetesPedigreeFunction,localMax_DiabetesPedigreeFunction,0.23089218,0.3814504,0.08033401
3535,xgb_shap_list_ir_1,xgb_shap_list_ir_1_subset_17,Age,localMax_Age,1.1360062,1.2956742,-0.14133793
3536,xgb_shap_list_ir_3,xgb_shap_list_ir_3_subset_84,Pregnancies,localMax_Pregnancies,0.24943459,0.14534104,0.35352814
3537,xgb_shap_list_ir_3,xgb_shap_list_ir_3_subset_84,Glucose,localMax_Glucose,1.746803,2.1117764,1.3818297
3538,xgb_shap_list_ir_3,xgb_shap_list_ir_3_subset_84,BloodPressure,localMax_BloodPressure,0.100459605,0.0052396953,0.19567952
3539,xgb_shap_list_ir_3,xgb_shap_list_ir_3_subset_84,SkinThickness,localMax_SkinThickness,0.16978076,-0.025011808,0.03991905
3540,xgb_shap_list_ir_3,xgb_shap_list_ir_3_subset_84,Insulin,localMax_Insulin,-0.13039857,-0.04750243,0.2840821
3541,xgb_shap_list_ir_3,xgb_shap_list_ir_3_subset_84,BMI,localMax_BMI,0.2547421,0.46120363,0.048280537
3542,xgb_shap_list_ir_3,xgb_shap_list_ir_3_subset_84,DiabetesPedigreeFunction,localMax_DiabetesPedigreeFunction,0.70741665,0.48535222,0.26328778
3543,xgb_shap_list_ir_3,xgb_shap_list_ir_3_subset_84,Age,localMax_Age,0.11986917,-0.10454857,1.241958
3544,xgb_shap_list_ir_1,xgb_shap_list_ir_1_subset_134,Pregnancies,localMax_Pregnancies,0.20759422,0.15756491,0.057506323
3545,xgb_shap_list_ir_1,xgb_shap_list_ir_1_subset_134,Glucose,localMax_Glucose,1.5526528,1.298978,1.8063278
3546,xgb_shap_list_ir_1,xgb_shap_list_ir_1_subset_134,BloodPressure,localMax_BloodPressure,0.7288911,0.8450411,0.6127411
3547,xgb_shap_list_ir_1,xgb_shap_list_ir_1_subset_134,SkinThickness,localMax_SkinThickness,0.054695934,0.15419775,0.45270324
3548,xgb_shap_list_ir_1,xgb_shap_list_ir_1_subset_134,Insulin,localMax_Insulin,0.36311692,0.16016209,0.26163948
3549,xgb_shap_list_ir_1,xgb_shap_list_ir_1_subset_134,BMI,localMax_BMI,0.18434131,0.33581424,0.032868326
3550,xgb_shap_list_ir_1,xgb_shap_list_ir_1_subset_134,DiabetesPedigreeFunction,localMax_DiabetesPedigreeFunction,0.39986908,0.53543156,0.2643066
3551,xgb_shap_list_ir_1,xgb_shap_list_ir_1_subset_134,Age,localMax_Age,1.2763919,1.1021371,-0.64040995
3552,xgb_shap_list_ir_5,xgb_shap_list_ir_5_subset_78,Pregnancies,localMax_Pregnancies,0.368573,0.548705,0.18844098
3553,xgb_shap_list_ir_5,xgb_shap_list_ir_5_subset_78,Glucose,localMax_Glucose,0.75935435,0.3762281,1.1424809
3554,xgb_shap_list_ir_5,xgb_shap_list_ir_5_subset_78,BloodPressure,localMax_BloodPressure,0.14240003,0.3411188,-0.05631876
3555,xgb_shap_list_ir_5,xgb_shap_list_ir_5_subset_78,SkinThickness,localMax_SkinThickness,0.27876958,0.19160551,0.3659337
3556,xgb_shap_list_ir_5,xgb_shap_list_ir_5_subset_78,Insulin,localMax_Insulin,-0.06916422,0.2389844,-0.17188042
3557,xgb_shap_list_ir_5,xgb_shap_list_ir_5_subset_78,BMI,localMax_BMI,-0.099485815,0.39387357,0.14719385
3558,xgb_shap_list_ir_5,xgb_shap_list_ir_5_subset_78,DiabetesPedigreeFunction,localMax_DiabetesPedigreeFunction,0.40017432,0.5257975,0.02330488
3559,xgb_shap_list_ir_5,xgb_shap_list_ir_5_subset_78,Age,localMax_Age,1.0954914,0.87472975,1.316253
3560,xgb_shap_list_ir_1,xgb_shap_list_ir_1_subset_108,Pregnancies,localMax_Pregnancies,0.16621551,0.06779578,-0.030623943
3561,xgb_shap_list_ir_1,xgb_shap_list_ir_1_subset_108,Glucose,localMax_Glucose,1.4813019,1.2366905,0.99207914
3562,xgb_shap_list_ir_1,xgb_shap_list_ir_1_subset_108,BloodPressure,localMax_BloodPressure,0.17383844,-0.37834987,0.72602665
3563,xgb_shap_list_ir_1,xgb_shap_list_ir_1_subset_108,SkinThickness,localMax_SkinThickness,0.5771811,0.6488391,-0.06774147
3564,xgb_shap_list_ir_1,xgb_shap_list_ir_1_subset_108,Insulin,localMax_Insulin,0.009219393,-0.0154825,0.20683454
3565,xgb_shap_list_ir_1,xgb_shap_list_ir_1_subset_108,BMI,localMax_BMI,-0.06346935,0.052155554,0.16778046
3566,xgb_shap_list_ir_1,xgb_shap_list_ir_1_subset_108,DiabetesPedigreeFunction,localMax_DiabetesPedigreeFunction,1.0004895,-0.08904287,0.18334025
3567,xgb_shap_list_ir_1,xgb_shap_list_ir_1_subset_108,Age,localMax_Age,0.95381725,1.1027781,0.8048564
3568,xgb_shap_list_ir_5,xgb_shap_list_ir_5_subset_73,Pregnancies,localMax_Pregnancies,0.38457382,0.205913,0.56323457
3569,xgb_shap_list_ir_5,xgb_shap_list_ir_5_subset_73,Glucose,localMax_Glucose,2.3105786,1.134433,1.91853
3570,xgb_shap_list_ir_5,xgb_shap_list_ir_5_subset_73,BloodPressure,localMax_BloodPressure,-0.09225133,-0.22598216,0.04147947
3571,xgb_shap_list_ir_5,xgb_shap_list_ir_5_subset_73,SkinThickness,localMax_SkinThickness,0.0030367374,-0.1197758,0.12584928
3572,xgb_shap_list_ir_5,xgb_shap_list_ir_5_subset_73,Insulin,localMax_Insulin,0.04674676,-0.01673846,0.17371723
3573,xgb_shap_list_ir_5,xgb_shap_list_ir_5_subset_73,BMI,localMax_BMI,0.015790224,0.23264521,0.66635513
3574,xgb_shap_list_ir_5,xgb_shap_list_ir_5_subset_73,DiabetesPedigreeFunction,localMax_DiabetesPedigreeFunction,0.03624189,0.25887603,1.1494124
3575,xgb_shap_list_ir_5,xgb_shap_list_ir_5_subset_73,Age,localMax_Age,0.7946291,0.98573136,1.1768336
3576,xgb_shap_list_ir_4,xgb_shap_list_ir_4_subset_79,Pregnancies,localMax_Pregnancies,0.24405265,0.3585232,0.12958205
3577,xgb_shap_list_ir_4,xgb_shap_list_ir_4_subset_79,Glucose,localMax_Glucose,1.6981956,1.3919103,1.0856249
3578,xgb_shap_list_ir_4,xgb_shap_list_ir_4_subset_79,BloodPressure,localMax_BloodPressure,0.047125667,0.14405733,-0.04980597
3579,xgb_shap_list_ir_4,xgb_shap_list_ir_4_subset_79,SkinThickness,localMax_SkinThickness,0.26012033,0.15919474,0.3610459
3580,xgb_shap_list_ir_4,xgb_shap_list_ir_4_subset_79,Insulin,localMax_Insulin,-0.10233098,-0.24604237,0.041380405
3581,xgb_shap_list_ir_4,xgb_shap_list_ir_4_subset_79,BMI,localMax_BMI,-0.02318436,-0.25828314,0.21191442
3582,xgb_shap_list_ir_4,xgb_shap_list_ir_4_subset_79,DiabetesPedigreeFunction,localMax_DiabetesPedigreeFunction,0.68212265,0.036872923,0.5208102
3583,xgb_shap_list_ir_4,xgb_shap_list_ir_4_subset_79,Age,localMax_Age,-0.07293683,-0.30678427,1.3301476
3584,xgb_shap_list_ir_3,xgb_shap_list_ir_3_subset_29,Pregnancies,localMax_Pregnancies,0.16212648,0.026824415,0.29742855
3585,xgb_shap_list_ir_3,xgb_shap_list_ir_3_subset_29,Glucose,localMax_Glucose,0.7140509,0.39740133,1.0307004
3586,xgb_shap_list_ir_3,xgb_shap_list_ir_3_subset_29,BloodPressure,localMax_BloodPressure,0.047355354,-0.06467861,0.27142328
3587,xgb_shap_list_ir_3,xgb_shap_list_ir_3_subset_29,SkinThickness,localMax_SkinThickness,0.28669885,0.23048863,0.11806819
3588,xgb_shap_list_ir_3,xgb_shap_list_ir_3_subset_29,Insulin,localMax_Insulin,-0.086981416,0.5612965,-0.21663699
3589,xgb_shap_list_ir_3,xgb_shap_list_ir_3_subset_29,BMI,localMax_BMI,0.34831727,0.6077825,0.08885199
3590,xgb_shap_list_ir_3,xgb_shap_list_ir_3_subset_29,DiabetesPedigreeFunction,localMax_DiabetesPedigreeFunction,0.09689808,0.27086788,-0.07707167
3591,xgb_shap_list_ir_3,xgb_shap_list_ir_3_subset_29,Age,localMax_Age,0.26882875,0.04995984,0.48769772
3592,xgb_shap_list_ir_1,xgb_shap_list_ir_1_subset_46,Pregnancies,localMax_Pregnancies,0.3415467,0.47501332,0.20808005
3593,xgb_shap_list_ir_1,xgb_shap_list_ir_1_subset_46,Glucose,localMax_Glucose,1.1069037,1.5080401,1.3074719
3594,xgb_shap_list_ir_1,xgb_shap_list_ir_1_subset_46,BloodPressure,localMax_BloodPressure,0.33875155,0.24504316,0.4324599
3595,xgb_shap_list_ir_1,xgb_shap_list_ir_1_subset_46,SkinThickness,localMax_SkinThickness,0.17008942,0.037142396,1.1007185
3596,xgb_shap_list_ir_1,xgb_shap_list_ir_1_subset_46,Insulin,localMax_Insulin,0.014356926,-0.018144462,-0.03439516
3597,xgb_shap_list_ir_1,xgb_shap_list_ir_1_subset_46,BMI,localMax_BMI,1.8758981,-0.018440127,2.1126904
3598,xgb_shap_list_ir_1,xgb_shap_list_ir_1_subset_46,DiabetesPedigreeFunction,localMax_DiabetesPedigreeFunction,0.2950359,0.6230361,0.459036
3599,xgb_shap_list_ir_1,xgb_shap_list_ir_1_subset_46,Age,localMax_Age,0.2637753,0.35627353,0.6337684
3600,xgb_shap_list_ir_2,xgb_shap_list_ir_2_subset_121,Pregnancies,localMax_Pregnancies,0.7271682,0.9708109,0.4835255
3601,xgb_shap_list_ir_2,xgb_shap_list_ir_2_subset_121,Glucose,localMax_Glucose,0.62835443,0.2663753,2.076271
3602,xgb_shap_list_ir_2,xgb_shap_list_ir_2_subset_121,BloodPressure,localMax_BloodPressure,0.3010022,0.1578117,0.4441927
3603,xgb_shap_list_ir_2,xgb_shap_list_ir_2_subset_121,SkinThickness,localMax_SkinThickness,-0.25481838,0.31944543,0.23740774
3604,xgb_shap_list_ir_2,xgb_shap_list_ir_2_subset_121,Insulin,localMax_Insulin,-0.042509705,-0.11845383,0.03343442
3605,xgb_shap_list_ir_2,xgb_shap_list_ir_2_subset_121,BMI,localMax_BMI,0.7346209,0.9488139,0.09204215
3606,xgb_shap_list_ir_2,xgb_shap_list_ir_2_subset_121,DiabetesPedigreeFunction,localMax_DiabetesPedigreeFunction,-0.10113031,-0.2370506,0.03479001
3607,xgb_shap_list_ir_2,xgb_shap_list_ir_2_subset_121,Age,localMax_Age,0.41339642,0.28110695,0.14881754
3608,xgb_shap_list_ir_2,xgb_shap_list_ir_2_subset_35,Pregnancies,localMax_Pregnancies,0.6009828,0.499978,0.19696355
3609,xgb_shap_list_ir_2,xgb_shap_list_ir_2_subset_35,Glucose,localMax_Glucose,1.4564204,1.2129631,1.6998777
3610,xgb_shap_list_ir_2,xgb_shap_list_ir_2_subset_35,BloodPressure,localMax_BloodPressure,0.14377838,0.23792839,0.3320784
3611,xgb_shap_list_ir_2,xgb_shap_list_ir_2_subset_35,SkinThickness,localMax_SkinThickness,0.56106657,0.42037332,0.13898689
3612,xgb_shap_list_ir_2,xgb_shap_list_ir_2_subset_35,Insulin,localMax_Insulin,-0.1419707,-0.0045408607,0.6826085
3613,xgb_shap_list_ir_2,xgb_shap_list_ir_2_subset_35,BMI,localMax_BMI,0.15890509,0.52017957,0.7008168
3614,xgb_shap_list_ir_2,xgb_shap_list_ir_2_subset_35,DiabetesPedigreeFunction,localMax_DiabetesPedigreeFunction,-0.112175584,0.15596771,0.24534881
3615,xgb_shap_list_ir_2,xgb_shap_list_ir_2_subset_35,Age,localMax_Age,0.67557794,0.5545166,0.7966393
3616,xgb_shap_list_ir_2,xgb_shap_list_ir_2_subset_34,Pregnancies,localMax_Pregnancies,0.36681652,0.24545556,0.48817748
3617,xgb_shap_list_ir_2,xgb_shap_list_ir_2_subset_34,Glucose,localMax_Glucose,-0.42685187,2.0644202,-0.15004385
3618,xgb_shap_list_ir_2,xgb_shap_list_ir_2_subset_34,BloodPressure,localMax_BloodPressure,0.61958385,0.40112388,0.18266404
3619,xgb_shap_list_ir_2,xgb_shap_list_ir_2_subset_34,SkinThickness,localMax_SkinThickness,0.49052995,0.4136464,0.18299586
3620,xgb_shap_list_ir_2,xgb_shap_list_ir_2_subset_34,Insulin,localMax_Insulin,0.09633045,0.023571149,-0.049188167
3621,xgb_shap_list_ir_2,xgb_shap_list_ir_2_subset_34,BMI,localMax_BMI,0.95017564,0.7195399,1.1808114
3622,xgb_shap_list_ir_2,xgb_shap_list_ir_2_subset_34,DiabetesPedigreeFunction,localMax_DiabetesPedigreeFunction,1.0704565,0.23464346,0.37394565
3623,xgb_shap_list_ir_2,xgb_shap_list_ir_2_subset_34,Age,localMax_Age,0.6637095,0.11317986,0.2508123
3624,xgb_shap_list_ir_4,xgb_shap_list_ir_4_subset_45,Pregnancies,localMax_Pregnancies,0.41533154,0.2923007,0.1692698
3625,xgb_shap_list_ir_4,xgb_shap_list_ir_4_subset_45,Glucose,localMax_Glucose,0.4961313,2.6209111,2.195955
3626,xgb_shap_list_ir_4,xgb_shap_list_ir_4_subset_45,BloodPressure,localMax_BloodPressure,-0.060456395,-0.1443496,0.023436785
3627,xgb_shap_list_ir_4,xgb_shap_list_ir_4_subset_45,SkinThickness,localMax_SkinThickness,0.33018363,0.20205146,0.073919296
3628,xgb_shap_list_ir_4,xgb_shap_list_ir_4_subset_45,Insulin,localMax_Insulin,0.10252759,0.18633622,0.43776214
3629,xgb_shap_list_ir_4,xgb_shap_list_ir_4_subset_45,BMI,localMax_BMI,1.117715,0.26627237,0.479133
3630,xgb_shap_list_ir_4,xgb_shap_list_ir_4_subset_45,DiabetesPedigreeFunction,localMax_DiabetesPedigreeFunction,0.26923627,0.4147762,0.12369639
3631,xgb_shap_list_ir_4,xgb_shap_list_ir_4_subset_45,Age,localMax_Age,0.24039978,0.026290774,1.3109449
3632,xgb_shap_list_ir_3,xgb_shap_list_ir_3_subset_103,Pregnancies,localMax_Pregnancies,0.30767226,0.42679185,0.18855268
3633,xgb_shap_list_ir_3,xgb_shap_list_ir_3_subset_103,Glucose,localMax_Glucose,0.7815356,1.183147,0.37992418
3634,xgb_shap_list_ir_3,xgb_shap_list_ir_3_subset_103,BloodPressure,localMax_BloodPressure,0.060365885,0.15115085,0.24193579
3635,xgb_shap_list_ir_3,xgb_shap_list_ir_3_subset_103,SkinThickness,localMax_SkinThickness,0.5332882,0.42804807,-0.30863222
3636,xgb_shap_list_ir_3,xgb_shap_list_ir_3_subset_103,Insulin,localMax_Insulin,0.44174737,0.30081522,0.58267957
3637,xgb_shap_list_ir_3,xgb_shap_list_ir_3_subset_103,BMI,localMax_BMI,0.63864684,0.42290068,-0.44008386
3638,xgb_shap_list_ir_3,xgb_shap_list_ir_3_subset_103,DiabetesPedigreeFunction,localMax_DiabetesPedigreeFunction,0.48407006,0.70628166,0.2618584
3639,xgb_shap_list_ir_3,xgb_shap_list_ir_3_subset_103,Age,localMax_Age,0.20055044,-0.0720247,0.4731257
3640,xgb_shap_list_ir_1,xgb_shap_list_ir_1_subset_81,Pregnancies,localMax_Pregnancies,0.3853681,-0.32169703,0.4737512
3641,xgb_shap_list_ir_1,xgb_shap_list_ir_1_subset_81,Glucose,localMax_Glucose,1.3882314,-0.053522706,0.1867696
3642,xgb_shap_list_ir_1,xgb_shap_list_ir_1_subset_81,BloodPressure,localMax_BloodPressure,0.37412155,-0.18478996,0.2725013
3643,xgb_shap_list_ir_1,xgb_shap_list_ir_1_subset_81,SkinThickness,localMax_SkinThickness,0.19026685,0.5969208,0.53882736
3644,xgb_shap_list_ir_1,xgb_shap_list_ir_1_subset_81,Insulin,localMax_Insulin,-0.13693768,0.36173278,-0.20817631
3645,xgb_shap_list_ir_1,xgb_shap_list_ir_1_subset_81,BMI,localMax_BMI,0.8437631,0.5750072,1.1125191
3646,xgb_shap_list_ir_1,xgb_shap_list_ir_1_subset_81,DiabetesPedigreeFunction,localMax_DiabetesPedigreeFunction,0.5523901,0.32880354,1.2231495
3647,xgb_shap_list_ir_1,xgb_shap_list_ir_1_subset_81,Age,localMax_Age,0.5793402,0.8593321,0.71933615
3648,xgb_shap_list_ir_4,xgb_shap_list_ir_4_subset_99,Pregnancies,localMax_Pregnancies,-0.0684827,-0.16650777,-0.2645328
3649,xgb_shap_list_ir_4,xgb_shap_list_ir_4_subset_99,Glucose,localMax_Glucose,1.6746445,1.2638705,0.44232285
3650,xgb_shap_list_ir_4,xgb_shap_list_ir_4_subset_99,BloodPressure,localMax_BloodPressure,0.4264812,0.30706334,-0.17060816
3651,xgb_shap_list_ir_4,xgb_shap_list_ir_4_subset_99,SkinThickness,localMax_SkinThickness,0.20700747,0.043517232,0.86096835
3652,xgb_shap_list_ir_4,xgb_shap_list_ir_4_subset_99,Insulin,localMax_Insulin,-0.36526367,-0.21431366,0.54043627
3653,xgb_shap_list_ir_4,xgb_shap_list_ir_4_subset_99,BMI,localMax_BMI,0.18879038,0.009613216,0.5471448
3654,xgb_shap_list_ir_4,xgb_shap_list_ir_4_subset_99,DiabetesPedigreeFunction,localMax_DiabetesPedigreeFunction,0.1693252,0.2908086,0.412292
3655,xgb_shap_list_ir_4,xgb_shap_list_ir_4_subset_99,Age,localMax_Age,0.52029085,0.3409145,0.16153812
3656,xgb_shap_list_ir_5,xgb_shap_list_ir_5_subset_87,Pregnancies,localMax_Pregnancies,0.27092785,0.42594457,0.11591107
3657,xgb_shap_list_ir_5,xgb_shap_list_ir_5_subset_87,Glucose,localMax_Glucose,0.66820955,1.0553331,2.603827
3658,xgb_shap_list_ir_5,xgb_shap_list_ir_5_subset_87,BloodPressure,localMax_BloodPressure,0.34022582,0.15487158,-0.03048271
3659,xgb_shap_list_ir_5,xgb_shap_list_ir_5_subset_87,SkinThickness,localMax_SkinThickness,0.26008397,0.18126887,0.33889908
3660,xgb_shap_list_ir_5,xgb_shap_list_ir_5_subset_87,Insulin,localMax_Insulin,-0.025105238,-0.12162995,0.07141948
3661,xgb_shap_list_ir_5,xgb_shap_list_ir_5_subset_87,BMI,localMax_BMI,-0.13919461,0.85962784,0.19374621
3662,xgb_shap_list_ir_5,xgb_shap_list_ir_5_subset_87,DiabetesPedigreeFunction,localMax_DiabetesPedigreeFunction,0.22355157,0.39367616,0.05342692
3663,xgb_shap_list_ir_5,xgb_shap_list_ir_5_subset_87,Age,localMax_Age,1.0786772,0.88845205,-0.25289917
3664,xgb_shap_list_ir_3,xgb_shap_list_ir_3_subset_24,Pregnancies,localMax_Pregnancies,0.42806232,0.29315132,0.15824032
3665,xgb_shap_list_ir_3,xgb_shap_list_ir_3_subset_24,Glucose,localMax_Glucose,1.2192705,1.563281,1.9072917
3666,xgb_shap_list_ir_3,xgb_shap_list_ir_3_subset_24,BloodPressure,localMax_BloodPressure,-0.2536295,0.40118378,0.18291274
3667,xgb_shap_list_ir_3,xgb_shap_list_ir_3_subset_24,SkinThickness,localMax_SkinThickness,0.28197277,0.1550791,0.09163225
3668,xgb_shap_list_ir_3,xgb_shap_list_ir_3_subset_24,Insulin,localMax_Insulin,0.040893048,-0.081098735,-0.2030905
3669,xgb_shap_list_ir_3,xgb_shap_list_ir_3_subset_24,BMI,localMax_BMI,1.1031345,0.9030272,0.70291996
3670,xgb_shap_list_ir_3,xgb_shap_list_ir_3_subset_24,DiabetesPedigreeFunction,localMax_DiabetesPedigreeFunction,-0.00040447712,0.15678245,0.6283432
3671,xgb_shap_list_ir_3,xgb_shap_list_ir_3_subset_24,Age,localMax_Age,0.2992046,0.09389138,0.5045178
3672,xgb_shap_list_ir_4,xgb_shap_list_ir_4_subset_100,Pregnancies,localMax_Pregnancies,0.25395012,0.10958475,0.39831543
3673,xgb_shap_list_ir_4,xgb_shap_list_ir_4_subset_100,Glucose,localMax_Glucose,1.090177,1.4588437,1.8275106
3674,xgb_shap_list_ir_4,xgb_shap_list_ir_4_subset_100,BloodPressure,localMax_BloodPressure,0.27544034,0.17602706,0.076613754
3675,xgb_shap_list_ir_4,xgb_shap_list_ir_4_subset_100,SkinThickness,localMax_SkinThickness,0.22498012,0.32772338,0.43046665
3676,xgb_shap_list_ir_4,xgb_shap_list_ir_4_subset_100,Insulin,localMax_Insulin,-0.12162876,0.3587005,0.118535876
3677,xgb_shap_list_ir_4,xgb_shap_list_ir_4_subset_100,BMI,localMax_BMI,0.07985246,-0.20202291,0.36172783
3678,xgb_shap_list_ir_4,xgb_shap_list_ir_4_subset_100,DiabetesPedigreeFunction,localMax_DiabetesPedigreeFunction,1.2899609,-0.26673466,0.122439265
3679,xgb_shap_list_ir_4,xgb_shap_list_ir_4_subset_100,Age,localMax_Age,0.49254698,0.62835956,-0.050703496
3680,xgb_shap_list_ir_4,xgb_shap_list_ir_4_subset_30,Pregnancies,localMax_Pregnancies,0.2759524,0.46924114,0.66252995
3681,xgb_shap_list_ir_4,xgb_shap_list_ir_4_subset_30,Glucose,localMax_Glucose,0.25124216,1.1751047,-0.05671215
3682,xgb_shap_list_ir_4,xgb_shap_list_ir_4_subset_30,BloodPressure,localMax_BloodPressure,0.35945624,0.26633257,0.45257986
3683,xgb_shap_list_ir_4,xgb_shap_list_ir_4_subset_30,SkinThickness,localMax_SkinThickness,0.22894841,0.13658082,0.321316
3684,xgb_shap_list_ir_4,xgb_shap_list_ir_4_subset_30,Insulin,localMax_Insulin,-0.038754165,0.08376232,0.20627877
3685,xgb_shap_list_ir_4,xgb_shap_list_ir_4_subset_30,BMI,localMax_BMI,0.2703567,0.029331088,0.5113823
3686,xgb_shap_list_ir_4,xgb_shap_list_ir_4_subset_30,DiabetesPedigreeFunction,localMax_DiabetesPedigreeFunction,0.2478413,0.43508667,-0.31389487
3687,xgb_shap_list_ir_4,xgb_shap_list_ir_4_subset_30,Age,localMax_Age,0.7498616,0.91395104,0.42168272
3688,xgb_shap_list_ir_2,xgb_shap_list_ir_2_subset_59,Pregnancies,localMax_Pregnancies,0.16528606,0.7371203,0.27965295
3689,xgb_shap_list_ir_2,xgb_shap_list_ir_2_subset_59,Glucose,localMax_Glucose,1.1968408,0.79640913,1.5972722
3690,xgb_shap_list_ir_2,xgb_shap_list_ir_2_subset_59,BloodPressure,localMax_BloodPressure,0.26078862,0.5425919,0.4016903
3691,xgb_shap_list_ir_2,xgb_shap_list_ir_2_subset_59,SkinThickness,localMax_SkinThickness,0.019571602,0.16093448,0.2316159
3692,xgb_shap_list_ir_2,xgb_shap_list_ir_2_subset_59,Insulin,localMax_Insulin,-0.3487378,-0.47716105,0.8070715
3693,xgb_shap_list_ir_2,xgb_shap_list_ir_2_subset_59,BMI,localMax_BMI,-0.021445274,-0.25759763,0.21470708
3694,xgb_shap_list_ir_2,xgb_shap_list_ir_2_subset_59,DiabetesPedigreeFunction,localMax_DiabetesPedigreeFunction,0.28724182,0.5914602,1.5041153
3695,xgb_shap_list_ir_2,xgb_shap_list_ir_2_subset_59,Age,localMax_Age,-0.10284752,0.052863836,0.20857519
3696,xgb_shap_list_ir_5,xgb_shap_list_ir_5_subset_23,Pregnancies,localMax_Pregnancies,0.50777924,0.6655753,0.82337135
3697,xgb_shap_list_ir_5,xgb_shap_list_ir_5_subset_23,Glucose,localMax_Glucose,1.2529519,1.6022716,2.300911
3698,xgb_shap_list_ir_5,xgb_shap_list_ir_5_subset_23,BloodPressure,localMax_BloodPressure,0.20058662,0.11490551,0.2862677
3699,xgb_shap_list_ir_5,xgb_shap_list_ir_5_subset_23,SkinThickness,localMax_SkinThickness,0.0028506517,0.10856184,-0.10286054
3700,xgb_shap_list_ir_5,xgb_shap_list_ir_5_subset_23,Insulin,localMax_Insulin,-0.07976684,0.014740437,0.109247714
3701,xgb_shap_list_ir_5,xgb_shap_list_ir_5_subset_23,BMI,localMax_BMI,-0.011618257,0.4027,0.19554085
3702,xgb_shap_list_ir_5,xgb_shap_list_ir_5_subset_23,DiabetesPedigreeFunction,localMax_DiabetesPedigreeFunction,0.17161894,0.7052597,0.34949917
3703,xgb_shap_list_ir_5,xgb_shap_list_ir_5_subset_23,Age,localMax_Age,0.8592951,0.71227956,0.5652639
3704,xgb_shap_list_ir_4,xgb_shap_list_ir_4_subset_19,Pregnancies,localMax_Pregnancies,0.4906956,0.36224502,0.61914617
3705,xgb_shap_list_ir_4,xgb_shap_list_ir_4_subset_19,Glucose,localMax_Glucose,0.40128887,0.82962954,1.6863112
3706,xgb_shap_list_ir_4,xgb_shap_list_ir_4_subset_19,BloodPressure,localMax_BloodPressure,0.08105832,0.19958395,0.3181095
3707,xgb_shap_list_ir_4,xgb_shap_list_ir_4_subset_19,SkinThickness,localMax_SkinThickness,0.29671812,0.22673166,0.1567452
3708,xgb_shap_list_ir_4,xgb_shap_list_ir_4_subset_19,Insulin,localMax_Insulin,0.14021176,-0.009583458,0.06531416
3709,xgb_shap_list_ir_4,xgb_shap_list_ir_4_subset_19,BMI,localMax_BMI,0.28053993,0.003596127,0.5574838
3710,xgb_shap_list_ir_4,xgb_shap_list_ir_4_subset_19,DiabetesPedigreeFunction,localMax_DiabetesPedigreeFunction,-0.010039449,0.16521204,0.34046352
3711,xgb_shap_list_ir_4,xgb_shap_list_ir_4_subset_19,Age,localMax_Age,1.189104,1.3669336,1.0112743
3712,xgb_shap_list_ir_5,xgb_shap_list_ir_5_subset_155,Pregnancies,localMax_Pregnancies,-0.18525901,0.09182018,0.23035973
3713,xgb_shap_list_ir_5,xgb_shap_list_ir_5_subset_155,Glucose,localMax_Glucose,1.3226109,2.5740771,1.7397661
3714,xgb_shap_list_ir_5,xgb_shap_list_ir_5_subset_155,BloodPressure,localMax_BloodPressure,0.20037293,0.1128504,0.28789544
3715,xgb_shap_list_ir_5,xgb_shap_list_ir_5_subset_155,SkinThickness,localMax_SkinThickness,0.66721976,0.49196804,0.31671625
3716,xgb_shap_list_ir_5,xgb_shap_list_ir_5_subset_155,Insulin,localMax_Insulin,0.026075482,0.1256746,-0.07352367
3717,xgb_shap_list_ir_5,xgb_shap_list_ir_5_subset_155,BMI,localMax_BMI,0.44504118,0.22392106,1.1084013
3718,xgb_shap_list_ir_5,xgb_shap_list_ir_5_subset_155,DiabetesPedigreeFunction,localMax_DiabetesPedigreeFunction,0.74247,0.5299478,0.9549922
3719,xgb_shap_list_ir_5,xgb_shap_list_ir_5_subset_155,Age,localMax_Age,0.35299957,0.23184836,0.11069715
3720,xgb_shap_list_ir_3,xgb_shap_list_ir_3_subset_147,Pregnancies,localMax_Pregnancies,0.92539215,0.7003523,1.1504319
3721,xgb_shap_list_ir_3,xgb_shap_list_ir_3_subset_147,Glucose,localMax_Glucose,2.129794,1.0703485,1.423497
3722,xgb_shap_list_ir_3,xgb_shap_list_ir_3_subset_147,BloodPressure,localMax_BloodPressure,0.08259347,-0.026919395,0.19210634
3723,xgb_shap_list_ir_3,xgb_shap_list_ir_3_subset_147,SkinThickness,localMax_SkinThickness,0.2331968,0.29310328,0.35300973
3724,xgb_shap_list_ir_3,xgb_shap_list_ir_3_subset_147,Insulin,localMax_Insulin,0.1091131,0.2800752,0.6219994
3725,xgb_shap_list_ir_3,xgb_shap_list_ir_3_subset_147,BMI,localMax_BMI,0.25879407,0.06374377,0.4538443
3726,xgb_shap_list_ir_3,xgb_shap_list_ir_3_subset_147,DiabetesPedigreeFunction,localMax_DiabetesPedigreeFunction,0.44690454,0.25080383,0.6430054
3727,xgb_shap_list_ir_3,xgb_shap_list_ir_3_subset_147,Age,localMax_Age,1.0406231,0.033076644,0.20100105
3728,xgb_shap_list_ir_2,xgb_shap_list_ir_2_subset_105,Pregnancies,localMax_Pregnancies,0.96645474,0.85101855,1.081891
3729,xgb_shap_list_ir_2,xgb_shap_list_ir_2_subset_105,Glucose,localMax_Glucose,1.790359,2.1374004,0.7492349
3730,xgb_shap_list_ir_2,xgb_shap_list_ir_2_subset_105,BloodPressure,localMax_BloodPressure,-0.2446214,-0.11235738,0.28443468
3731,xgb_shap_list_ir_2,xgb_shap_list_ir_2_subset_105,SkinThickness,localMax_SkinThickness,0.1645348,0.28448844,0.044581115
3732,xgb_shap_list_ir_2,xgb_shap_list_ir_2_subset_105,Insulin,localMax_Insulin,-0.26625007,0.5749801,-0.35972008
3733,xgb_shap_list_ir_2,xgb_shap_list_ir_2_subset_105,BMI,localMax_BMI,0.61186814,0.80645466,1.0010413
3734,xgb_shap_list_ir_2,xgb_shap_list_ir_2_subset_105,DiabetesPedigreeFunction,localMax_DiabetesPedigreeFunction,0.54908186,0.42922938,0.06967175
3735,xgb_shap_list_ir_2,xgb_shap_list_ir_2_subset_105,Age,localMax_Age,0.4668774,0.13665837,1.1273154
3736,xgb_shap_list_ir_3,xgb_shap_list_ir_3_subset_7,Pregnancies,localMax_Pregnancies,0.68344605,0.5272427,0.37103933
3737,xgb_shap_list_ir_3,xgb_shap_list_ir_3_subset_7,Glucose,localMax_Glucose,0.6686045,0.40892398,0.9282851
3738,xgb_shap_list_ir_3,xgb_shap_list_ir_3_subset_7,BloodPressure,localMax_BloodPressure,0.36916196,0.513663,0.224661
3739,xgb_shap_list_ir_3,xgb_shap_list_ir_3_subset_7,SkinThickness,localMax_SkinThickness,0.38091457,0.23963678,0.09835893
3740,xgb_shap_list_ir_3,xgb_shap_list_ir_3_subset_7,Insulin,localMax_Insulin,0.1479468,0.25244117,0.043452412
3741,xgb_shap_list_ir_3,xgb_shap_list_ir_3_subset_7,BMI,localMax_BMI,0.2526924,-0.26964247,-0.008475006
3742,xgb_shap_list_ir_3,xgb_shap_list_ir_3_subset_7,DiabetesPedigreeFunction,localMax_DiabetesPedigreeFunction,0.44276643,0.63005257,0.06819427
3743,xgb_shap_list_ir_3,xgb_shap_list_ir_3_subset_7,Age,localMax_Age,-0.23386845,1.3863667,1.588896
3744,xgb_shap_list_ir_4,xgb_shap_list_ir_4_subset_140,Pregnancies,localMax_Pregnancies,0.17572737,0.087415606,0.26403916
3745,xgb_shap_list_ir_4,xgb_shap_list_ir_4_subset_140,Glucose,localMax_Glucose,1.7218506,1.4251051,2.0185964
3746,xgb_shap_list_ir_4,xgb_shap_list_ir_4_subset_140,BloodPressure,localMax_BloodPressure,0.4749393,0.63310415,0.31677437
3747,xgb_shap_list_ir_4,xgb_shap_list_ir_4_subset_140,SkinThickness,localMax_SkinThickness,0.082372695,0.14094788,0.023797497
3748,xgb_shap_list_ir_4,xgb_shap_list_ir_4_subset_140,Insulin,localMax_Insulin,-0.03153944,-0.23513873,-0.13333908
3749,xgb_shap_list_ir_4,xgb_shap_list_ir_4_subset_140,BMI,localMax_BMI,0.3349172,0.100203514,0.56963086
3750,xgb_shap_list_ir_4,xgb_shap_list_ir_4_subset_140,DiabetesPedigreeFunction,localMax_DiabetesPedigreeFunction,0.2990445,0.5435893,0.054499686
3751,xgb_shap_list_ir_4,xgb_shap_list_ir_4_subset_140,Age,localMax_Age,1.0282339,0.8241662,-0.19617194
3752,xgb_shap_list_ir_1,xgb_shap_list_ir_1_subset_13,Pregnancies,localMax_Pregnancies,1.0202359,0.06707424,0.18621945
3753,xgb_shap_list_ir_1,xgb_shap_list_ir_1_subset_13,Glucose,localMax_Glucose,0.39831042,0.6040503,0.19257057
3754,xgb_shap_list_ir_1,xgb_shap_list_ir_1_subset_13,BloodPressure,localMax_BloodPressure,0.46711236,0.5564508,0.109758765
3755,xgb_shap_list_ir_1,xgb_shap_list_ir_1_subset_13,SkinThickness,localMax_SkinThickness,0.084540576,0.16924691,0.25395322
3756,xgb_shap_list_ir_1,xgb_shap_list_ir_1_subset_13,Insulin,localMax_Insulin,0.17185146,0.09901613,0.026180834
3757,xgb_shap_list_ir_1,xgb_shap_list_ir_1_subset_13,BMI,localMax_BMI,0.8006979,0.38551152,0.66230243
3758,xgb_shap_list_ir_1,xgb_shap_list_ir_1_subset_13,DiabetesPedigreeFunction,localMax_DiabetesPedigreeFunction,0.7501626,0.93342686,0.56689835
3759,xgb_shap_list_ir_1,xgb_shap_list_ir_1_subset_13,Age,localMax_Age,0.76244247,0.9817555,0.5431293
3760,xgb_shap_list_ir_4,xgb_shap_list_ir_4_subset_68,Pregnancies,localMax_Pregnancies,0.517643,0.43051672,0.6047693
3761,xgb_shap_list_ir_4,xgb_shap_list_ir_4_subset_68,Glucose,localMax_Glucose,0.42978013,1.2011585,1.5868475
3762,xgb_shap_list_ir_4,xgb_shap_list_ir_4_subset_68,BloodPressure,localMax_BloodPressure,0.22182581,-0.09298888,0.15886286
3763,xgb_shap_list_ir_4,xgb_shap_list_ir_4_subset_68,SkinThickness,localMax_SkinThickness,0.41398746,0.5156118,0.3123631
3764,xgb_shap_list_ir_4,xgb_shap_list_ir_4_subset_68,Insulin,localMax_Insulin,0.12543109,0.28833643,0.36978906
3765,xgb_shap_list_ir_4,xgb_shap_list_ir_4_subset_68,BMI,localMax_BMI,0.7200664,0.4999789,0.059803843
3766,xgb_shap_list_ir_4,xgb_shap_list_ir_4_subset_68,DiabetesPedigreeFunction,localMax_DiabetesPedigreeFunction,0.6306263,0.43244374,0.23426121
3767,xgb_shap_list_ir_4,xgb_shap_list_ir_4_subset_68,Age,localMax_Age,1.3779373,1.5913212,1.1645535
3768,xgb_shap_list_ir_3,xgb_shap_list_ir_3_subset_42,Pregnancies,localMax_Pregnancies,0.29855263,0.44868124,0.14842409
3769,xgb_shap_list_ir_3,xgb_shap_list_ir_3_subset_42,Glucose,localMax_Glucose,2.3996632,3.150237,2.77495
3770,xgb_shap_list_ir_3,xgb_shap_list_ir_3_subset_42,BloodPressure,localMax_BloodPressure,-0.02900964,0.01581508,0.0606398
3771,xgb_shap_list_ir_3,xgb_shap_list_ir_3_subset_42,SkinThickness,localMax_SkinThickness,0.070720136,0.13410509,-0.1828196
3772,xgb_shap_list_ir_3,xgb_shap_list_ir_3_subset_42,Insulin,localMax_Insulin,0.29483587,0.14084691,0.44882476
3773,xgb_shap_list_ir_3,xgb_shap_list_ir_3_subset_42,BMI,localMax_BMI,0.4082607,0.6215362,0.19498527
3774,xgb_shap_list_ir_3,xgb_shap_list_ir_3_subset_42,DiabetesPedigreeFunction,localMax_DiabetesPedigreeFunction,0.049528062,0.53071547,0.2901218
3775,xgb_shap_list_ir_3,xgb_shap_list_ir_3_subset_42,Age,localMax_Age,0.21817079,0.04664877,0.13240978
3776,xgb_shap_list_ir_4,xgb_shap_list_ir_4_subset_113,Pregnancies,localMax_Pregnancies,0.30084008,0.41141397,0.52198786
3777,xgb_shap_list_ir_4,xgb_shap_list_ir_4_subset_113,Glucose,localMax_Glucose,0.118305445,0.48883784,1.2299025
3778,xgb_shap_list_ir_4,xgb_shap_list_ir_4_subset_113,BloodPressure,localMax_BloodPressure,-0.042742997,0.08118248,0.32903337
3779,xgb_shap_list_ir_4,xgb_shap_list_ir_4_subset_113,SkinThickness,localMax_SkinThickness,0.28986418,0.07946783,0.18466598
3780,xgb_shap_list_ir_4,xgb_shap_list_ir_4_subset_113,Insulin,localMax_Insulin,0.26216853,0.13556662,0.008964747
3781,xgb_shap_list_ir_4,xgb_shap_list_ir_4_subset_113,BMI,localMax_BMI,-0.016752541,0.24718076,0.511114
3782,xgb_shap_list_ir_4,xgb_shap_list_ir_4_subset_113,DiabetesPedigreeFunction,localMax_DiabetesPedigreeFunction,0.3324607,-0.24282986,0.7159879
3783,xgb_shap_list_ir_4,xgb_shap_list_ir_4_subset_113,Age,localMax_Age,0.48356867,0.6338566,0.3332808
3784,xgb_shap_list_ir_2,xgb_shap_list_ir_2_subset_36,Pregnancies,localMax_Pregnancies,0.66277075,0.8719586,0.03520733
3785,xgb_shap_list_ir_2,xgb_shap_list_ir_2_subset_36,Glucose,localMax_Glucose,0.56024075,0.21963966,1.9226453
3786,xgb_shap_list_ir_2,xgb_shap_list_ir_2_subset_36,BloodPressure,localMax_BloodPressure,0.42115724,0.523031,0.31928343
3787,xgb_shap_list_ir_2,xgb_shap_list_ir_2_subset_36,SkinThickness,localMax_SkinThickness,0.15885913,-0.050473988,-0.15514058
3788,xgb_shap_list_ir_2,xgb_shap_list_ir_2_subset_36,Insulin,localMax_Insulin,-0.0106417835,-0.10222785,-0.19381393
3789,xgb_shap_list_ir_2,xgb_shap_list_ir_2_subset_36,BMI,localMax_BMI,-0.04344541,-0.24435484,1.3629205
3790,xgb_shap_list_ir_2,xgb_shap_list_ir_2_subset_36,DiabetesPedigreeFunction,localMax_DiabetesPedigreeFunction,0.2583143,0.72457266,0.9577018
3791,xgb_shap_list_ir_2,xgb_shap_list_ir_2_subset_36,Age,localMax_Age,0.5254406,0.42407432,0.11997554
3792,xgb_shap_list_ir_3,xgb_shap_list_ir_3_subset_33,Pregnancies,localMax_Pregnancies,0.37297028,0.4822318,0.26370877
3793,xgb_shap_list_ir_3,xgb_shap_list_ir_3_subset_33,Glucose,localMax_Glucose,1.1217325,1.4817381,1.8417437
3794,xgb_shap_list_ir_3,xgb_shap_list_ir_3_subset_33,BloodPressure,localMax_BloodPressure,-0.075051874,-0.16581836,0.28801417
3795,xgb_shap_list_ir_3,xgb_shap_list_ir_3_subset_33,SkinThickness,localMax_SkinThickness,0.047962338,-0.038824707,-0.12561175
3796,xgb_shap_list_ir_3,xgb_shap_list_ir_3_subset_33,Insulin,localMax_Insulin,0.11415899,-0.013370752,0.4967481
3797,xgb_shap_list_ir_3,xgb_shap_list_ir_3_subset_33,BMI,localMax_BMI,0.10779238,0.41432393,-0.19873905
3798,xgb_shap_list_ir_3,xgb_shap_list_ir_3_subset_33,DiabetesPedigreeFunction,localMax_DiabetesPedigreeFunction,0.46023607,0.65292335,0.26754886
3799,xgb_shap_list_ir_3,xgb_shap_list_ir_3_subset_33,Age,localMax_Age,1.4989429,1.725826,0.13764358
3800,xgb_shap_list_ir_3,xgb_shap_list_ir_3_subset_61,Pregnancies,localMax_Pregnancies,0.76284915,0.9162799,0.6094184
3801,xgb_shap_list_ir_3,xgb_shap_list_ir_3_subset_61,Glucose,localMax_Glucose,1.6920896,1.3488028,1.005516
3802,xgb_shap_list_ir_3,xgb_shap_list_ir_3_subset_61,BloodPressure,localMax_BloodPressure,-0.10713416,0.051932395,0.21099895
3803,xgb_shap_list_ir_3,xgb_shap_list_ir_3_subset_61,SkinThickness,localMax_SkinThickness,-0.24577208,-0.14555877,-0.045345455
3804,xgb_shap_list_ir_3,xgb_shap_list_ir_3_subset_61,Insulin,localMax_Insulin,0.041555822,-0.11026822,-0.03435619
3805,xgb_shap_list_ir_3,xgb_shap_list_ir_3_subset_61,BMI,localMax_BMI,0.23308825,0.48231423,-0.01613766
3806,xgb_shap_list_ir_3,xgb_shap_list_ir_3_subset_61,DiabetesPedigreeFunction,localMax_DiabetesPedigreeFunction,0.064198196,0.3082379,1.0403572
3807,xgb_shap_list_ir_3,xgb_shap_list_ir_3_subset_61,Age,localMax_Age,0.4790095,0.3414027,0.20379591
3808,xgb_shap_list_ir_5,xgb_shap_list_ir_5_subset_19,Pregnancies,localMax_Pregnancies,0.5373826,0.39029622,0.684469
3809,xgb_shap_list_ir_5,xgb_shap_list_ir_5_subset_19,Glucose,localMax_Glucose,2.8190355,2.3844907,0.64631164
3810,xgb_shap_list_ir_5,xgb_shap_list_ir_5_subset_19,BloodPressure,localMax_BloodPressure,0.1712895,-0.29716313,0.28840268
3811,xgb_shap_list_ir_5,xgb_shap_list_ir_5_subset_19,SkinThickness,localMax_SkinThickness,0.15809461,-0.0022104979,0.5588573
3812,xgb_shap_list_ir_5,xgb_shap_list_ir_5_subset_19,Insulin,localMax_Insulin,0.2126652,0.076486945,0.34884346
3813,xgb_shap_list_ir_5,xgb_shap_list_ir_5_subset_19,BMI,localMax_BMI,0.19455433,-0.08232719,1.3020804
3814,xgb_shap_list_ir_5,xgb_shap_list_ir_5_subset_19,DiabetesPedigreeFunction,localMax_DiabetesPedigreeFunction,0.33588827,0.57712543,0.8183626
3815,xgb_shap_list_ir_5,xgb_shap_list_ir_5_subset_19,Age,localMax_Age,-0.1542933,0.71101785,-0.29851183
3816,xgb_shap_list_ir_2,xgb_shap_list_ir_2_subset_48,Pregnancies,localMax_Pregnancies,0.13050681,0.2539968,0.62446684
3817,xgb_shap_list_ir_2,xgb_shap_list_ir_2_subset_48,Glucose,localMax_Glucose,1.6415148,2.3606095,2.0010622
3818,xgb_shap_list_ir_2,xgb_shap_list_ir_2_subset_48,BloodPressure,localMax_BloodPressure,0.29990378,0.23528874,0.36451882
3819,xgb_shap_list_ir_2,xgb_shap_list_ir_2_subset_48,SkinThickness,localMax_SkinThickness,0.41417325,0.33395943,0.4943871
3820,xgb_shap_list_ir_2,xgb_shap_list_ir_2_subset_48,Insulin,localMax_Insulin,0.07441479,-0.020844042,0.26493245
3821,xgb_shap_list_ir_2,xgb_shap_list_ir_2_subset_48,BMI,localMax_BMI,0.22018671,0.4705062,1.722104
3822,xgb_shap_list_ir_2,xgb_shap_list_ir_2_subset_48,DiabetesPedigreeFunction,localMax_DiabetesPedigreeFunction,0.21479005,0.3958826,0.5769751
3823,xgb_shap_list_ir_2,xgb_shap_list_ir_2_subset_48,Age,localMax_Age,0.1097033,0.03794563,0.18146098
3824,xgb_shap_list_ir_2,xgb_shap_list_ir_2_subset_27,Pregnancies,localMax_Pregnancies,0.21966153,0.31494933,0.12437379
3825,xgb_shap_list_ir_2,xgb_shap_list_ir_2_subset_27,Glucose,localMax_Glucose,1.5603597,1.2695876,1.8511317
3826,xgb_shap_list_ir_2,xgb_shap_list_ir_2_subset_27,BloodPressure,localMax_BloodPressure,0.13825932,0.058601826,0.21791685
3827,xgb_shap_list_ir_2,xgb_shap_list_ir_2_subset_27,SkinThickness,localMax_SkinThickness,-0.0048888326,-0.13646978,0.38985407
3828,xgb_shap_list_ir_2,xgb_shap_list_ir_2_subset_27,Insulin,localMax_Insulin,0.30328512,0.454849,0.6064129
3829,xgb_shap_list_ir_2,xgb_shap_list_ir_2_subset_27,BMI,localMax_BMI,1.0737363,1.2258809,-0.14342046
3830,xgb_shap_list_ir_2,xgb_shap_list_ir_2_subset_27,DiabetesPedigreeFunction,localMax_DiabetesPedigreeFunction,0.7698182,0.52013534,0.39529395
3831,xgb_shap_list_ir_2,xgb_shap_list_ir_2_subset_27,Age,localMax_Age,-0.10046399,1.2600328,-0.29482067
3832,xgb_shap_list_ir_1,xgb_shap_list_ir_1_subset_39,Pregnancies,localMax_Pregnancies,0.1203599,-0.15849489,-0.21426584
3833,xgb_shap_list_ir_1,xgb_shap_list_ir_1_subset_39,Glucose,localMax_Glucose,0.68087375,0.8971822,0.46456528
3834,xgb_shap_list_ir_1,xgb_shap_list_ir_1_subset_39,BloodPressure,localMax_BloodPressure,0.50368595,0.313213,0.69415903
3835,xgb_shap_list_ir_1,xgb_shap_list_ir_1_subset_39,SkinThickness,localMax_SkinThickness,0.3776875,0.52576965,0.22960544
3836,xgb_shap_list_ir_1,xgb_shap_list_ir_1_subset_39,Insulin,localMax_Insulin,-0.17382386,0.012100995,-0.23579884
3837,xgb_shap_list_ir_1,xgb_shap_list_ir_1_subset_39,BMI,localMax_BMI,0.8853812,-0.28739405,1.0026587
3838,xgb_shap_list_ir_1,xgb_shap_list_ir_1_subset_39,DiabetesPedigreeFunction,localMax_DiabetesPedigreeFunction,1.2034032,0.9732715,0.513008
3839,xgb_shap_list_ir_1,xgb_shap_list_ir_1_subset_39,Age,localMax_Age,0.93049896,1.2474793,1.0889891
3840,xgb_shap_list_ir_5,xgb_shap_list_ir_5_subset_72,Pregnancies,localMax_Pregnancies,0.22865713,0.08977586,0.3675384
3841,xgb_shap_list_ir_5,xgb_shap_list_ir_5_subset_72,Glucose,localMax_Glucose,1.6170084,1.3009647,1.9330521
3842,xgb_shap_list_ir_5,xgb_shap_list_ir_5_subset_72,BloodPressure,localMax_BloodPressure,0.08470625,-0.06699127,0.23640376
3843,xgb_shap_list_ir_5,xgb_shap_list_ir_5_subset_72,SkinThickness,localMax_SkinThickness,0.43953216,0.25855505,0.16806647
3844,xgb_shap_list_ir_5,xgb_shap_list_ir_5_subset_72,Insulin,localMax_Insulin,-0.12813285,-0.053450942,-0.20281477
3845,xgb_shap_list_ir_5,xgb_shap_list_ir_5_subset_72,BMI,localMax_BMI,-0.015230298,-0.31708628,0.28662574
3846,xgb_shap_list_ir_5,xgb_shap_list_ir_5_subset_72,DiabetesPedigreeFunction,localMax_DiabetesPedigreeFunction,0.5514176,0.7354382,0.36739695
3847,xgb_shap_list_ir_5,xgb_shap_list_ir_5_subset_72,Age,localMax_Age,0.52752984,0.18859828,0.019132495
3848,xgb_shap_list_ir_4,xgb_shap_list_ir_4_subset_85,Pregnancies,localMax_Pregnancies,0.886835,0.32824373,1.0730321
3849,xgb_shap_list_ir_4,xgb_shap_list_ir_4_subset_85,Glucose,localMax_Glucose,0.52958,0.88901246,2.3267424
3850,xgb_shap_list_ir_4,xgb_shap_list_ir_4_subset_85,BloodPressure,localMax_BloodPressure,0.07509631,0.21878982,0.50617677
3851,xgb_shap_list_ir_4,xgb_shap_list_ir_4_subset_85,SkinThickness,localMax_SkinThickness,0.26457357,0.15308899,-0.06988028
3852,xgb_shap_list_ir_4,xgb_shap_list_ir_4_subset_85,Insulin,localMax_Insulin,0.16181499,0.029428959,0.29420102
3853,xgb_shap_list_ir_4,xgb_shap_list_ir_4_subset_85,BMI,localMax_BMI,0.01545018,-0.2626571,0.2935574
3854,xgb_shap_list_ir_4,xgb_shap_list_ir_4_subset_85,DiabetesPedigreeFunction,localMax_DiabetesPedigreeFunction,0.6281153,0.41875494,0.20939457
3855,xgb_shap_list_ir_4,xgb_shap_list_ir_4_subset_85,Age,localMax_Age,0.5281292,0.39085412,0.25357896
3856,xgb_shap_list_ir_4,xgb_shap_list_ir_4_subset_55,Pregnancies,localMax_Pregnancies,0.5322782,0.6805014,0.8287247
3857,xgb_shap_list_ir_4,xgb_shap_list_ir_4_subset_55,Glucose,localMax_Glucose,0.030996203,2.342756,0.36124766
3858,xgb_shap_list_ir_4,xgb_shap_list_ir_4_subset_55,BloodPressure,localMax_BloodPressure,0.5112829,-0.1911937,0.37078762
3859,xgb_shap_list_ir_4,xgb_shap_list_ir_4_subset_55,SkinThickness,localMax_SkinThickness,0.116505146,0.16411889,0.06889139
3860,xgb_shap_list_ir_4,xgb_shap_list_ir_4_subset_55,Insulin,localMax_Insulin,-0.16801584,-0.08123857,0.1790933
3861,xgb_shap_list_ir_4,xgb_shap_list_ir_4_subset_55,BMI,localMax_BMI,1.1018164,0.3225332,-0.06710833
3862,xgb_shap_list_ir_4,xgb_shap_list_ir_4_subset_55,DiabetesPedigreeFunction,localMax_DiabetesPedigreeFunction,0.39227563,0.5342262,0.10837448
3863,xgb_shap_list_ir_4,xgb_shap_list_ir_4_subset_55,Age,localMax_Age,0.1570316,0.2941109,0.43119013
3864,xgb_shap_list_ir_3,xgb_shap_list_ir_3_subset_132,Pregnancies,localMax_Pregnancies,0.28653243,0.13588229,0.060557216
3865,xgb_shap_list_ir_3,xgb_shap_list_ir_3_subset_132,Glucose,localMax_Glucose,0.42778063,0.7221533,1.8996441
3866,xgb_shap_list_ir_3,xgb_shap_list_ir_3_subset_132,BloodPressure,localMax_BloodPressure,0.1852647,0.063881755,0.30664766
3867,xgb_shap_list_ir_3,xgb_shap_list_ir_3_subset_132,SkinThickness,localMax_SkinThickness,0.92477936,0.803486,1.0460727
3868,xgb_shap_list_ir_3,xgb_shap_list_ir_3_subset_132,Insulin,localMax_Insulin,-0.16101287,-0.08748646,0.20661911
3869,xgb_shap_list_ir_3,xgb_shap_list_ir_3_subset_132,BMI,localMax_BMI,-0.23328537,1.8938899,-0.46963823
3870,xgb_shap_list_ir_3,xgb_shap_list_ir_3_subset_132,DiabetesPedigreeFunction,localMax_DiabetesPedigreeFunction,1.0490955,1.2570472,0.009337008
3871,xgb_shap_list_ir_3,xgb_shap_list_ir_3_subset_132,Age,localMax_Age,0.43991578,0.19923836,0.31957704
3872,xgb_shap_list_ir_3,xgb_shap_list_ir_3_subset_44,Pregnancies,localMax_Pregnancies,-0.088528425,-0.20832929,0.510476
3873,xgb_shap_list_ir_3,xgb_shap_list_ir_3_subset_44,Glucose,localMax_Glucose,0.26701307,1.3979846,-0.015729785
3874,xgb_shap_list_ir_3,xgb_shap_list_ir_3_subset_44,BloodPressure,localMax_BloodPressure,0.23213959,0.434278,0.030001163
3875,xgb_shap_list_ir_3,xgb_shap_list_ir_3_subset_44,SkinThickness,localMax_SkinThickness,0.18302566,0.015056372,0.350995
3876,xgb_shap_list_ir_3,xgb_shap_list_ir_3_subset_44,Insulin,localMax_Insulin,0.06500751,0.15641066,-0.026395619
3877,xgb_shap_list_ir_3,xgb_shap_list_ir_3_subset_44,BMI,localMax_BMI,0.46231896,0.6845278,-0.20430762
3878,xgb_shap_list_ir_3,xgb_shap_list_ir_3_subset_44,DiabetesPedigreeFunction,localMax_DiabetesPedigreeFunction,0.39393467,0.20029283,0.58757645
3879,xgb_shap_list_ir_3,xgb_shap_list_ir_3_subset_44,Age,localMax_Age,0.27981108,0.41170788,0.14791426
3880,xgb_shap_list_ir_4,xgb_shap_list_ir_4_subset_60,Pregnancies,localMax_Pregnancies,0.27863878,0.6110772,0.112419605
3881,xgb_shap_list_ir_4,xgb_shap_list_ir_4_subset_60,Glucose,localMax_Glucose,2.5382674,2.9010575,1.0871079
3882,xgb_shap_list_ir_4,xgb_shap_list_ir_4_subset_60,BloodPressure,localMax_BloodPressure,-0.036758155,0.16292894,0.06308541
3883,xgb_shap_list_ir_4,xgb_shap_list_ir_4_subset_60,SkinThickness,localMax_SkinThickness,-0.08204043,-0.010117263,0.13372904
3884,xgb_shap_list_ir_4,xgb_shap_list_ir_4_subset_60,Insulin,localMax_Insulin,0.10122752,0.25229025,-0.049835205
3885,xgb_shap_list_ir_4,xgb_shap_list_ir_4_subset_60,BMI,localMax_BMI,0.5975299,0.07870442,0.33811712
3886,xgb_shap_list_ir_4,xgb_shap_list_ir_4_subset_60,DiabetesPedigreeFunction,localMax_DiabetesPedigreeFunction,0.018470228,1.0841492,0.8710134
3887,xgb_shap_list_ir_4,xgb_shap_list_ir_4_subset_60,Age,localMax_Age,0.31761485,0.1520595,0.97983634
3888,xgb_shap_list_ir_5,xgb_shap_list_ir_5_subset_116,Pregnancies,localMax_Pregnancies,0.51157236,0.72510064,0.29804397
3889,xgb_shap_list_ir_5,xgb_shap_list_ir_5_subset_116,Glucose,localMax_Glucose,2.1976538,2.62195,1.7733576
3890,xgb_shap_list_ir_5,xgb_shap_list_ir_5_subset_116,BloodPressure,localMax_BloodPressure,0.22854358,0.34860462,-0.13163948
3891,xgb_shap_list_ir_5,xgb_shap_list_ir_5_subset_116,SkinThickness,localMax_SkinThickness,0.24656269,0.31872433,0.10223943
3892,xgb_shap_list_ir_5,xgb_shap_list_ir_5_subset_116,Insulin,localMax_Insulin,0.038064122,0.1537646,0.2694651
3893,xgb_shap_list_ir_5,xgb_shap_list_ir_5_subset_116,BMI,localMax_BMI,0.2891987,-0.18715101,0.05102384
3894,xgb_shap_list_ir_5,xgb_shap_list_ir_5_subset_116,DiabetesPedigreeFunction,localMax_DiabetesPedigreeFunction,0.20166096,-0.07757476,0.34127885
3895,xgb_shap_list_ir_5,xgb_shap_list_ir_5_subset_116,Age,localMax_Age,0.8616642,0.7172798,0.57289535
3896,xgb_shap_list_ir_5,xgb_shap_list_ir_5_subset_30,Pregnancies,localMax_Pregnancies,0.3727498,0.28520775,0.110123545
3897,xgb_shap_list_ir_5,xgb_shap_list_ir_5_subset_30,Glucose,localMax_Glucose,1.4966943,1.8209045,0.52406347
3898,xgb_shap_list_ir_5,xgb_shap_list_ir_5_subset_30,BloodPressure,localMax_BloodPressure,0.15494907,-0.011788487,0.32168657
3899,xgb_shap_list_ir_5,xgb_shap_list_ir_5_subset_30,SkinThickness,localMax_SkinThickness,0.35000578,0.1934135,0.27170962
3900,xgb_shap_list_ir_5,xgb_shap_list_ir_5_subset_30,Insulin,localMax_Insulin,-0.2564047,-0.12995058,-0.0034964383
3901,xgb_shap_list_ir_5,xgb_shap_list_ir_5_subset_30,BMI,localMax_BMI,0.24342561,0.46330756,0.023543596
3902,xgb_shap_list_ir_5,xgb_shap_list_ir_5_subset_30,DiabetesPedigreeFunction,localMax_DiabetesPedigreeFunction,0.09317154,0.27184492,0.80786526
3903,xgb_shap_list_ir_5,xgb_shap_list_ir_5_subset_30,Age,localMax_Age,0.21155679,0.45452988,-0.031416297
3904,xgb_shap_list_ir_1,xgb_shap_list_ir_1_subset_55,Pregnancies,localMax_Pregnancies,0.6130326,0.7978524,0.42821276
3905,xgb_shap_list_ir_1,xgb_shap_list_ir_1_subset_55,Glucose,localMax_Glucose,0.4241084,1.0996752,0.76189184
3906,xgb_shap_list_ir_1,xgb_shap_list_ir_1_subset_55,BloodPressure,localMax_BloodPressure,0.62380683,-0.29980084,0.45587814
3907,xgb_shap_list_ir_1,xgb_shap_list_ir_1_subset_55,SkinThickness,localMax_SkinThickness,-0.054273248,0.9392055,0.8150207
3908,xgb_shap_list_ir_1,xgb_shap_list_ir_1_subset_55,Insulin,localMax_Insulin,0.10625863,-0.017404795,0.229922
3909,xgb_shap_list_ir_1,xgb_shap_list_ir_1_subset_55,BMI,localMax_BMI,0.92816484,0.8068671,0.6855694
3910,xgb_shap_list_ir_1,xgb_shap_list_ir_1_subset_55,DiabetesPedigreeFunction,localMax_DiabetesPedigreeFunction,0.061592937,0.12273443,0.00045144558
3911,xgb_shap_list_ir_1,xgb_shap_list_ir_1_subset_55,Age,localMax_Age,0.24248421,0.42707586,0.05789244
3912,xgb_shap_list_ir_4,xgb_shap_list_ir_4_subset_77,Pregnancies,localMax_Pregnancies,0.31932306,0.54853773,0.7777524
3913,xgb_shap_list_ir_4,xgb_shap_list_ir_4_subset_77,Glucose,localMax_Glucose,1.316083,1.6775985,0.95456743
3914,xgb_shap_list_ir_4,xgb_shap_list_ir_4_subset_77,BloodPressure,localMax_BloodPressure,0.4384911,0.308693,0.049096704
3915,xgb_shap_list_ir_4,xgb_shap_list_ir_4_subset_77,SkinThickness,localMax_SkinThickness,-0.15084448,0.38798946,0.6035231
3916,xgb_shap_list_ir_4,xgb_shap_list_ir_4_subset_77,Insulin,localMax_Insulin,0.016058177,0.20984969,-0.08083758
3917,xgb_shap_list_ir_4,xgb_shap_list_ir_4_subset_77,BMI,localMax_BMI,0.32640195,0.5836152,0.06918877
3918,xgb_shap_list_ir_4,xgb_shap_list_ir_4_subset_77,DiabetesPedigreeFunction,localMax_DiabetesPedigreeFunction,0.60911846,-0.07856637,0.43719727
3919,xgb_shap_list_ir_4,xgb_shap_list_ir_4_subset_77,Age,localMax_Age,0.74391687,0.024130523,0.20407706
3920,xgb_shap_list_ir_2,xgb_shap_list_ir_2_subset_94,Pregnancies,localMax_Pregnancies,0.77896225,0.19002184,0.28817856
3921,xgb_shap_list_ir_2,xgb_shap_list_ir_2_subset_94,Glucose,localMax_Glucose,1.7056925,-0.16328758,2.2396867
3922,xgb_shap_list_ir_2,xgb_shap_list_ir_2_subset_94,BloodPressure,localMax_BloodPressure,-0.21960586,0.1722396,0.7600076
3923,xgb_shap_list_ir_2,xgb_shap_list_ir_2_subset_94,SkinThickness,localMax_SkinThickness,0.08908397,0.023999274,0.15416867
3924,xgb_shap_list_ir_2,xgb_shap_list_ir_2_subset_94,Insulin,localMax_Insulin,0.051935434,0.08373144,0.11552745
3925,xgb_shap_list_ir_2,xgb_shap_list_ir_2_subset_94,BMI,localMax_BMI,0.67623675,0.89874065,0.45373273
3926,xgb_shap_list_ir_2,xgb_shap_list_ir_2_subset_94,DiabetesPedigreeFunction,localMax_DiabetesPedigreeFunction,0.22150654,0.027485132,0.41552788
3927,xgb_shap_list_ir_2,xgb_shap_list_ir_2_subset_94,Age,localMax_Age,-0.28541362,1.271226,1.4936031
3928,xgb_shap_list_ir_4,xgb_shap_list_ir_4_subset_21,Pregnancies,localMax_Pregnancies,0.08464223,0.56852156,0.24593532
3929,xgb_shap_list_ir_4,xgb_shap_list_ir_4_subset_21,Glucose,localMax_Glucose,1.08725,1.4421453,0.7323544
3930,xgb_shap_list_ir_4,xgb_shap_list_ir_4_subset_21,BloodPressure,localMax_BloodPressure,0.28273147,0.20224956,0.12176764
3931,xgb_shap_list_ir_4,xgb_shap_list_ir_4_subset_21,SkinThickness,localMax_SkinThickness,0.14713791,0.22996557,0.06431028
3932,xgb_shap_list_ir_4,xgb_shap_list_ir_4_subset_21,Insulin,localMax_Insulin,-0.03187573,0.0791322,0.63417184
3933,xgb_shap_list_ir_4,xgb_shap_list_ir_4_subset_21,BMI,localMax_BMI,0.28025573,-0.09089017,0.09468275
3934,xgb_shap_list_ir_4,xgb_shap_list_ir_4_subset_21,DiabetesPedigreeFunction,localMax_DiabetesPedigreeFunction,0.35984743,0.5411631,0.1785317
3935,xgb_shap_list_ir_4,xgb_shap_list_ir_4_subset_21,Age,localMax_Age,0.8448786,0.12838644,-0.050736606
3936,xgb_shap_list_ir_1,xgb_shap_list_ir_1_subset_99,Pregnancies,localMax_Pregnancies,1.9227724,2.2173834,2.5119944
3937,xgb_shap_list_ir_1,xgb_shap_list_ir_1_subset_99,Glucose,localMax_Glucose,0.7432103,0.52418387,-0.13289517
3938,xgb_shap_list_ir_1,xgb_shap_list_ir_1_subset_99,BloodPressure,localMax_BloodPressure,0.114893734,0.057652295,0.00041085482
3939,xgb_shap_list_ir_1,xgb_shap_list_ir_1_subset_99,SkinThickness,localMax_SkinThickness,0.12522125,0.034408063,-0.32884473
3940,xgb_shap_list_ir_1,xgb_shap_list_ir_1_subset_99,Insulin,localMax_Insulin,0.130911,-0.38896465,0.39084876
3941,xgb_shap_list_ir_1,xgb_shap_list_ir_1_subset_99,BMI,localMax_BMI,0.8185481,0.12456763,1.0498749
3942,xgb_shap_list_ir_1,xgb_shap_list_ir_1_subset_99,DiabetesPedigreeFunction,localMax_DiabetesPedigreeFunction,0.60898066,-0.15805894,0.8007405
3943,xgb_shap_list_ir_1,xgb_shap_list_ir_1_subset_99,Age,localMax_Age,0.6542237,0.50133705,0.57778037
3944,xgb_shap_list_ir_1,xgb_shap_list_ir_1_subset_101,Pregnancies,localMax_Pregnancies,0.26468068,0.0666765,0.36368275
3945,xgb_shap_list_ir_1,xgb_shap_list_ir_1_subset_101,Glucose,localMax_Glucose,1.6351484,1.4017807,1.1684132
3946,xgb_shap_list_ir_1,xgb_shap_list_ir_1_subset_101,BloodPressure,localMax_BloodPressure,0.0069865286,-0.048474446,0.062447518
3947,xgb_shap_list_ir_1,xgb_shap_list_ir_1_subset_101,SkinThickness,localMax_SkinThickness,-0.03774389,0.044446528,0.07184334
3948,xgb_shap_list_ir_1,xgb_shap_list_ir_1_subset_101,Insulin,localMax_Insulin,0.7196183,0.97744024,0.46179628
3949,xgb_shap_list_ir_1,xgb_shap_list_ir_1_subset_101,BMI,localMax_BMI,1.3077582,1.0971733,0.8865886
3950,xgb_shap_list_ir_1,xgb_shap_list_ir_1_subset_101,DiabetesPedigreeFunction,localMax_DiabetesPedigreeFunction,1.1267247,1.308893,0.03371501
3951,xgb_shap_list_ir_1,xgb_shap_list_ir_1_subset_101,Age,localMax_Age,0.4061536,0.34660658,0.46570063
3952,xgb_shap_list_ir_2,xgb_shap_list_ir_2_subset_150,Pregnancies,localMax_Pregnancies,0.08455786,0.004285246,0.16483048
3953,xgb_shap_list_ir_2,xgb_shap_list_ir_2_subset_150,Glucose,localMax_Glucose,1.0743724,1.3635981,0.7851467
3954,xgb_shap_list_ir_2,xgb_shap_list_ir_2_subset_150,BloodPressure,localMax_BloodPressure,0.6547253,0.45959604,0.84985447
3955,xgb_shap_list_ir_2,xgb_shap_list_ir_2_subset_150,SkinThickness,localMax_SkinThickness,0.015488714,0.29314107,0.10803953
3956,xgb_shap_list_ir_2,xgb_shap_list_ir_2_subset_150,Insulin,localMax_Insulin,0.04043615,-0.047973394,0.12884569
3957,xgb_shap_list_ir_2,xgb_shap_list_ir_2_subset_150,BMI,localMax_BMI,0.3877079,0.17693716,1.6523324
3958,xgb_shap_list_ir_2,xgb_shap_list_ir_2_subset_150,DiabetesPedigreeFunction,localMax_DiabetesPedigreeFunction,0.41015983,0.63212705,0.1881926
3959,xgb_shap_list_ir_2,xgb_shap_list_ir_2_subset_150,Age,localMax_Age,0.5354466,0.65039164,0.42050147
3960,xgb_shap_list_ir_3,xgb_shap_list_ir_3_subset_114,Pregnancies,localMax_Pregnancies,0.9565191,0.69299316,1.2200451
3961,xgb_shap_list_ir_3,xgb_shap_list_ir_3_subset_114,Glucose,localMax_Glucose,2.3587363,2.6696017,2.980467
3962,xgb_shap_list_ir_3,xgb_shap_list_ir_3_subset_114,BloodPressure,localMax_BloodPressure,0.53599155,0.72042,-0.20172203
3963,xgb_shap_list_ir_3,xgb_shap_list_ir_3_subset_114,SkinThickness,localMax_SkinThickness,0.16252446,0.255727,0.06932187
3964,xgb_shap_list_ir_3,xgb_shap_list_ir_3_subset_114,Insulin,localMax_Insulin,0.097501874,0.28250575,0.37500775
3965,xgb_shap_list_ir_3,xgb_shap_list_ir_3_subset_114,BMI,localMax_BMI,0.5048914,0.24104464,1.5602785
3966,xgb_shap_list_ir_3,xgb_shap_list_ir_3_subset_114,DiabetesPedigreeFunction,localMax_DiabetesPedigreeFunction,0.19974726,0.051078916,0.34841555
3967,xgb_shap_list_ir_3,xgb_shap_list_ir_3_subset_114,Age,localMax_Age,0.2694171,0.09445298,0.44438118
3968,xgb_shap_list_ir_2,xgb_shap_list_ir_2_subset_115,Pregnancies,localMax_Pregnancies,0.1572892,0.10503796,0.052786738
3969,xgb_shap_list_ir_2,xgb_shap_list_ir_2_subset_115,Glucose,localMax_Glucose,0.5845642,0.35822868,0.81089973
3970,xgb_shap_list_ir_2,xgb_shap_list_ir_2_subset_115,BloodPressure,localMax_BloodPressure,0.023328424,0.12808514,-0.08142829
3971,xgb_shap_list_ir_2,xgb_shap_list_ir_2_subset_115,SkinThickness,localMax_SkinThickness,0.51497066,0.6493083,-0.022379875
3972,xgb_shap_list_ir_2,xgb_shap_list_ir_2_subset_115,Insulin,localMax_Insulin,-0.0067857504,-0.108264655,0.60208774
3973,xgb_shap_list_ir_2,xgb_shap_list_ir_2_subset_115,BMI,localMax_BMI,2.465086,2.1925302,-0.260473
3974,xgb_shap_list_ir_2,xgb_shap_list_ir_2_subset_115,DiabetesPedigreeFunction,localMax_DiabetesPedigreeFunction,0.038232267,-0.13175559,1.0581592
3975,xgb_shap_list_ir_2,xgb_shap_list_ir_2_subset_115,Age,localMax_Age,0.61025995,-0.2628579,-0.16584483
3976,xgb_shap_list_ir_3,xgb_shap_list_ir_3_subset_79,Pregnancies,localMax_Pregnancies,0.24902156,0.18964994,0.30839315
3977,xgb_shap_list_ir_3,xgb_shap_list_ir_3_subset_79,Glucose,localMax_Glucose,2.1903985,1.8232634,0.35472274
3978,xgb_shap_list_ir_3,xgb_shap_list_ir_3_subset_79,BloodPressure,localMax_BloodPressure,0.40886492,0.53268605,0.28504378
3979,xgb_shap_list_ir_3,xgb_shap_list_ir_3_subset_79,SkinThickness,localMax_SkinThickness,0.19442612,0.46096578,-0.0054786354
3980,xgb_shap_list_ir_3,xgb_shap_list_ir_3_subset_79,Insulin,localMax_Insulin,-0.09510705,0.02635166,0.14781037
3981,xgb_shap_list_ir_3,xgb_shap_list_ir_3_subset_79,BMI,localMax_BMI,0.90691113,1.1326243,1.8097634
3982,xgb_shap_list_ir_3,xgb_shap_list_ir_3_subset_79,DiabetesPedigreeFunction,localMax_DiabetesPedigreeFunction,0.24488801,0.11550373,0.3742723
3983,xgb_shap_list_ir_3,xgb_shap_list_ir_3_subset_79,Age,localMax_Age,0.43224597,0.5673483,0.29714364
3984,xgb_shap_list_ir_1,xgb_shap_list_ir_1_subset_63,Pregnancies,localMax_Pregnancies,0.8419683,0.6910012,0.08713251
3985,xgb_shap_list_ir_1,xgb_shap_list_ir_1_subset_63,Glucose,localMax_Glucose,1.4184866,1.6668577,1.1701156
3986,xgb_shap_list_ir_1,xgb_shap_list_ir_1_subset_63,BloodPressure,localMax_BloodPressure,0.20641309,-0.15662244,0.2582753
3987,xgb_shap_list_ir_1,xgb_shap_list_ir_1_subset_63,SkinThickness,localMax_SkinThickness,0.5418497,0.60782105,0.14602143
3988,xgb_shap_list_ir_1,xgb_shap_list_ir_1_subset_63,Insulin,localMax_Insulin,-0.05517809,-0.10806054,-0.002295643
3989,xgb_shap_list_ir_1,xgb_shap_list_ir_1_subset_63,BMI,localMax_BMI,0.34977615,0.20085704,0.051937938
3990,xgb_shap_list_ir_1,xgb_shap_list_ir_1_subset_63,DiabetesPedigreeFunction,localMax_DiabetesPedigreeFunction,0.75679314,0.60038793,0.4439826
3991,xgb_shap_list_ir_1,xgb_shap_list_ir_1_subset_63,Age,localMax_Age,0.6726544,0.8039017,0.93514895
3992,xgb_shap_list_ir_2,xgb_shap_list_ir_2_subset_122,Pregnancies,localMax_Pregnancies,0.07778561,0.16942298,0.26106036
3993,xgb_shap_list_ir_2,xgb_shap_list_ir_2_subset_122,Glucose,localMax_Glucose,0.9597695,0.31947756,1.2799155
3994,xgb_shap_list_ir_2,xgb_shap_list_ir_2_subset_122,BloodPressure,localMax_BloodPressure,0.422046,0.5072523,0.3368397
3995,xgb_shap_list_ir_2,xgb_shap_list_ir_2_subset_122,SkinThickness,localMax_SkinThickness,0.114763975,0.35699964,0.2358818
3996,xgb_shap_list_ir_2,xgb_shap_list_ir_2_subset_122,Insulin,localMax_Insulin,0.13440633,0.23096499,0.32752368
3997,xgb_shap_list_ir_2,xgb_shap_list_ir_2_subset_122,BMI,localMax_BMI,-0.40287793,-0.18423548,1.564904
3998,xgb_shap_list_ir_2,xgb_shap_list_ir_2_subset_122,DiabetesPedigreeFunction,localMax_DiabetesPedigreeFunction,0.43525046,0.24073678,-0.34280413
3999,xgb_shap_list_ir_2,xgb_shap_list_ir_2_subset_122,Age,localMax_Age,0.14931178,-0.1453659,0.4439894
4000,xgb_shap_list_ir_5,xgb_shap_list_ir_5_subset_28,Pregnancies,localMax_Pregnancies,0.33906817,0.47393817,0.20419812
4001,xgb_shap_list_ir_5,xgb_shap_list_ir_5_subset_28,Glucose,localMax_Glucose,1.9847026,2.3687725,1.6006324
4002,xgb_shap_list_ir_5,xgb_shap_list_ir_5_subset_28,BloodPressure,localMax_BloodPressure,0.3486609,0.19029498,0.5070268
4003,xgb_shap_list_ir_5,xgb_shap_list_ir_5_subset_28,SkinThickness,localMax_SkinThickness,0.32219023,0.23190561,0.4124748
4004,xgb_shap_list_ir_5,xgb_shap_list_ir_5_subset_28,Insulin,localMax_Insulin,-0.14796463,0.25107825,0.38409257
4005,xgb_shap_list_ir_5,xgb_shap_list_ir_5_subset_28,BMI,localMax_BMI,0.25774038,0.47526532,0.040215373
4006,xgb_shap_list_ir_5,xgb_shap_list_ir_5_subset_28,DiabetesPedigreeFunction,localMax_DiabetesPedigreeFunction,0.2979198,0.07803577,0.51780385
4007,xgb_shap_list_ir_5,xgb_shap_list_ir_5_subset_28,Age,localMax_Age,1.001612,0.8271812,0.6527505
4008,xgb_shap_list_ir_5,xgb_shap_list_ir_5_subset_67,Pregnancies,localMax_Pregnancies,0.24166757,0.5095129,0.37559026
4009,xgb_shap_list_ir_5,xgb_shap_list_ir_5_subset_67,Glucose,localMax_Glucose,1.013395,0.6719563,1.3548335
4010,xgb_shap_list_ir_5,xgb_shap_list_ir_5_subset_67,BloodPressure,localMax_BloodPressure,-0.20048782,0.103503495,0.30616432
4011,xgb_shap_list_ir_5,xgb_shap_list_ir_5_subset_67,SkinThickness,localMax_SkinThickness,0.3853972,0.2960267,0.11728582
4012,xgb_shap_list_ir_5,xgb_shap_list_ir_5_subset_67,Insulin,localMax_Insulin,-0.14272168,-0.046284735,0.24302608
4013,xgb_shap_list_ir_5,xgb_shap_list_ir_5_subset_67,BMI,localMax_BMI,-0.07255733,0.23853397,0.8607167
4014,xgb_shap_list_ir_5,xgb_shap_list_ir_5_subset_67,DiabetesPedigreeFunction,localMax_DiabetesPedigreeFunction,-0.1359281,0.4345352,0.24438077
4015,xgb_shap_list_ir_5,xgb_shap_list_ir_5_subset_67,Age,localMax_Age,1.1632571,0.7896497,0.9764534
4016,xgb_shap_list_ir_2,xgb_shap_list_ir_2_subset_82,Pregnancies,localMax_Pregnancies,0.23615405,0.31165272,0.16065541
4017,xgb_shap_list_ir_2,xgb_shap_list_ir_2_subset_82,Glucose,localMax_Glucose,2.5544164,2.858593,2.25024
4018,xgb_shap_list_ir_2,xgb_shap_list_ir_2_subset_82,BloodPressure,localMax_BloodPressure,0.06680906,-0.13002306,0.26364118
4019,xgb_shap_list_ir_2,xgb_shap_list_ir_2_subset_82,SkinThickness,localMax_SkinThickness,-0.056094617,-0.1329259,-0.20975718
4020,xgb_shap_list_ir_2,xgb_shap_list_ir_2_subset_82,Insulin,localMax_Insulin,-0.404284,-0.2562649,0.63184977
4021,xgb_shap_list_ir_2,xgb_shap_list_ir_2_subset_82,BMI,localMax_BMI,0.63942623,1.1511818,0.8953041
4022,xgb_shap_list_ir_2,xgb_shap_list_ir_2_subset_82,DiabetesPedigreeFunction,localMax_DiabetesPedigreeFunction,-0.2630043,-0.09656072,0.06988287
4023,xgb_shap_list_ir_2,xgb_shap_list_ir_2_subset_82,Age,localMax_Age,0.572573,0.44158882,0.70355713
4024,xgb_shap_list_ir_1,xgb_shap_list_ir_1_subset_91,Pregnancies,localMax_Pregnancies,0.872187,0.49976176,0.37562
4025,xgb_shap_list_ir_1,xgb_shap_list_ir_1_subset_91,Glucose,localMax_Glucose,1.6208205,1.2767994,1.9648416
4026,xgb_shap_list_ir_1,xgb_shap_list_ir_1_subset_91,BloodPressure,localMax_BloodPressure,-0.15182957,0.07464905,0.21053621
4027,xgb_shap_list_ir_1,xgb_shap_list_ir_1_subset_91,SkinThickness,localMax_SkinThickness,0.34004572,0.08244191,0.12537588
4028,xgb_shap_list_ir_1,xgb_shap_list_ir_1_subset_91,Insulin,localMax_Insulin,0.50810385,0.67379,-1.3144436
4029,xgb_shap_list_ir_1,xgb_shap_list_ir_1_subset_91,BMI,localMax_BMI,0.61540157,0.71690524,0.51389784
4030,xgb_shap_list_ir_1,xgb_shap_list_ir_1_subset_91,DiabetesPedigreeFunction,localMax_DiabetesPedigreeFunction,0.26941657,0.3844989,0.15433425
4031,xgb_shap_list_ir_1,xgb_shap_list_ir_1_subset_91,Age,localMax_Age,0.8043308,0.578225,0.9173838
4032,xgb_shap_list_ir_2,xgb_shap_list_ir_2_subset_127,Pregnancies,localMax_Pregnancies,0.5217556,0.007609993,0.6074465
4033,xgb_shap_list_ir_2,xgb_shap_list_ir_2_subset_127,Glucose,localMax_Glucose,0.6537695,0.96584713,1.2779249
4034,xgb_shap_list_ir_2,xgb_shap_list_ir_2_subset_127,BloodPressure,localMax_BloodPressure,0.08337855,-0.03177452,0.31368476
4035,xgb_shap_list_ir_2,xgb_shap_list_ir_2_subset_127,SkinThickness,localMax_SkinThickness,0.25839317,0.17444676,0.42628598
4036,xgb_shap_list_ir_2,xgb_shap_list_ir_2_subset_127,Insulin,localMax_Insulin,0.06315032,-0.047700793,0.17400146
4037,xgb_shap_list_ir_2,xgb_shap_list_ir_2_subset_127,BMI,localMax_BMI,0.25525367,0.05886662,0.45164067
4038,xgb_shap_list_ir_2,xgb_shap_list_ir_2_subset_127,DiabetesPedigreeFunction,localMax_DiabetesPedigreeFunction,0.4247254,0.1938979,0.07848415
4039,xgb_shap_list_ir_2,xgb_shap_list_ir_2_subset_127,Age,localMax_Age,0.6212163,0.771048,0.92087966
4040,xgb_shap_list_ir_2,xgb_shap_list_ir_2_subset_67,Pregnancies,localMax_Pregnancies,-0.22900529,0.26209542,0.654976
4041,xgb_shap_list_ir_2,xgb_shap_list_ir_2_subset_67,Glucose,localMax_Glucose,1.4124553,1.0390515,1.7858589
4042,xgb_shap_list_ir_2,xgb_shap_list_ir_2_subset_67,BloodPressure,localMax_BloodPressure,0.003989637,-0.17785352,0.1858328
4043,xgb_shap_list_ir_2,xgb_shap_list_ir_2_subset_67,SkinThickness,localMax_SkinThickness,-0.07378963,-0.19670665,0.0491274
4044,xgb_shap_list_ir_2,xgb_shap_list_ir_2_subset_67,Insulin,localMax_Insulin,0.45442355,0.3232035,0.06076348
4045,xgb_shap_list_ir_2,xgb_shap_list_ir_2_subset_67,BMI,localMax_BMI,-0.13551182,1.8826454,2.1349149
4046,xgb_shap_list_ir_2,xgb_shap_list_ir_2_subset_67,DiabetesPedigreeFunction,localMax_DiabetesPedigreeFunction,0.08149579,0.23732889,-0.0743373
4047,xgb_shap_list_ir_2,xgb_shap_list_ir_2_subset_67,Age,localMax_Age,0.052586585,0.6119954,0.798465
4048,xgb_shap_list_ir_4,xgb_shap_list_ir_4_subset_73,Pregnancies,localMax_Pregnancies,0.4617468,0.5940494,0.726352
4049,xgb_shap_list_ir_4,xgb_shap_list_ir_4_subset_73,Glucose,localMax_Glucose,0.090489864,0.4292431,1.4455026
4050,xgb_shap_list_ir_4,xgb_shap_list_ir_4_subset_73,BloodPressure,localMax_BloodPressure,0.058930755,0.15625572,-0.038394213
4051,xgb_shap_list_ir_4,xgb_shap_list_ir_4_subset_73,SkinThickness,localMax_SkinThickness,0.26547813,0.13886821,0.012258291
4052,xgb_shap_list_ir_4,xgb_shap_list_ir_4_subset_73,Insulin,localMax_Insulin,0.10181764,0.3074004,0.204609
4053,xgb_shap_list_ir_4,xgb_shap_list_ir_4_subset_73,BMI,localMax_BMI,0.026486456,-0.23619038,0.81451726
4054,xgb_shap_list_ir_4,xgb_shap_list_ir_4_subset_73,DiabetesPedigreeFunction,localMax_DiabetesPedigreeFunction,0.16922134,0.29341394,0.41760653
4055,xgb_shap_list_ir_4,xgb_shap_list_ir_4_subset_73,Age,localMax_Age,1.4434856,0.6304196,0.020619929
4056,xgb_shap_list_ir_3,xgb_shap_list_ir_3_subset_4,Pregnancies,localMax_Pregnancies,0.36634403,0.19158089,0.016817689
4057,xgb_shap_list_ir_3,xgb_shap_list_ir_3_subset_4,Glucose,localMax_Glucose,1.735043,1.4181337,-0.48332214
4058,xgb_shap_list_ir_3,xgb_shap_list_ir_3_subset_4,BloodPressure,localMax_BloodPressure,0.28606534,0.15552229,0.41660833
4059,xgb_shap_list_ir_3,xgb_shap_list_ir_3_subset_4,SkinThickness,localMax_SkinThickness,0.32894602,0.27669495,0.22444388
4060,xgb_shap_list_ir_3,xgb_shap_list_ir_3_subset_4,Insulin,localMax_Insulin,0.15374506,-0.0049604177,0.31245053
4061,xgb_shap_list_ir_3,xgb_shap_list_ir_3_subset_4,BMI,localMax_BMI,0.10469949,0.33650088,-0.12710196
4062,xgb_shap_list_ir_3,xgb_shap_list_ir_3_subset_4,DiabetesPedigreeFunction,localMax_DiabetesPedigreeFunction,0.2802933,0.06202972,-0.15623385
4063,xgb_shap_list_ir_3,xgb_shap_list_ir_3_subset_4,Age,localMax_Age,0.52668226,0.37012917,0.21357608
4064,xgb_shap_list_ir_2,xgb_shap_list_ir_2_subset_118,Pregnancies,localMax_Pregnancies,0.036130026,-0.015875593,-0.06788121
4065,xgb_shap_list_ir_2,xgb_shap_list_ir_2_subset_118,Glucose,localMax_Glucose,1.2971215,0.9493003,1.6449425
4066,xgb_shap_list_ir_2,xgb_shap_list_ir_2_subset_118,BloodPressure,localMax_BloodPressure,0.20921382,0.2828733,0.13555437
4067,xgb_shap_list_ir_2,xgb_shap_list_ir_2_subset_118,SkinThickness,localMax_SkinThickness,0.754333,0.60304415,0.45175534
4068,xgb_shap_list_ir_2,xgb_shap_list_ir_2_subset_118,Insulin,localMax_Insulin,-0.07119194,-0.00866279,0.24145389
4069,xgb_shap_list_ir_2,xgb_shap_list_ir_2_subset_118,BMI,localMax_BMI,1.4922935,0.34228736,1.3006258
4070,xgb_shap_list_ir_2,xgb_shap_list_ir_2_subset_118,DiabetesPedigreeFunction,localMax_DiabetesPedigreeFunction,0.80338037,0.11341655,1.0333682
4071,xgb_shap_list_ir_2,xgb_shap_list_ir_2_subset_118,Age,localMax_Age,0.44874197,0.34756,0.54992396
4072,xgb_shap_list_ir_3,xgb_shap_list_ir_3_subset_101,Pregnancies,localMax_Pregnancies,0.20765269,0.3675822,0.047723174
4073,xgb_shap_list_ir_3,xgb_shap_list_ir_3_subset_101,Glucose,localMax_Glucose,0.5403508,0.19841886,0.88228285
4074,xgb_shap_list_ir_3,xgb_shap_list_ir_3_subset_101,BloodPressure,localMax_BloodPressure,0.42768258,0.31340444,-0.029430062
4075,xgb_shap_list_ir_3,xgb_shap_list_ir_3_subset_101,SkinThickness,localMax_SkinThickness,0.13112724,0.3959577,0.042850405
4076,xgb_shap_list_ir_3,xgb_shap_list_ir_3_subset_101,Insulin,localMax_Insulin,0.05428946,-0.08054602,-0.2153815
4077,xgb_shap_list_ir_3,xgb_shap_list_ir_3_subset_101,BMI,localMax_BMI,0.09254086,-0.15973133,0.344813
4078,xgb_shap_list_ir_3,xgb_shap_list_ir_3_subset_101,DiabetesPedigreeFunction,localMax_DiabetesPedigreeFunction,0.15567914,0.32081243,-0.009454191
4079,xgb_shap_list_ir_3,xgb_shap_list_ir_3_subset_101,Age,localMax_Age,0.34435648,0.55217344,0.44826496
4080,xgb_shap_list_ir_5,xgb_shap_list_ir_5_subset_29,Pregnancies,localMax_Pregnancies,0.2467016,0.4751569,0.018246293
4081,xgb_shap_list_ir_5,xgb_shap_list_ir_5_subset_29,Glucose,localMax_Glucose,2.3798993,2.7182267,1.7032449
4082,xgb_shap_list_ir_5,xgb_shap_list_ir_5_subset_29,BloodPressure,localMax_BloodPressure,0.013685375,-0.05261758,0.27889723
4083,xgb_shap_list_ir_5,xgb_shap_list_ir_5_subset_29,SkinThickness,localMax_SkinThickness,0.27099258,0.175264,0.36672115
4084,xgb_shap_list_ir_5,xgb_shap_list_ir_5_subset_29,Insulin,localMax_Insulin,0.06832653,-0.117319226,-0.302965
4085,xgb_shap_list_ir_5,xgb_shap_list_ir_5_subset_29,BMI,localMax_BMI,0.30387437,0.081671596,0.52607715
4086,xgb_shap_list_ir_5,xgb_shap_list_ir_5_subset_29,DiabetesPedigreeFunction,localMax_DiabetesPedigreeFunction,-0.28514397,-0.5242597,0.9104346
4087,xgb_shap_list_ir_5,xgb_shap_list_ir_5_subset_29,Age,localMax_Age,0.91518664,0.7542816,0.5933765
4088,xgb_shap_list_ir_4,xgb_shap_list_ir_4_subset_70,Pregnancies,localMax_Pregnancies,0.24542254,0.34555435,0.44568616
4089,xgb_shap_list_ir_4,xgb_shap_list_ir_4_subset_70,Glucose,localMax_Glucose,2.0735517,1.6636441,0.8438289
4090,xgb_shap_list_ir_4,xgb_shap_list_ir_4_subset_70,BloodPressure,localMax_BloodPressure,-0.034273505,0.13429344,0.30286038
4091,xgb_shap_list_ir_4,xgb_shap_list_ir_4_subset_70,SkinThickness,localMax_SkinThickness,0.14655429,0.26654357,0.20654893
4092,xgb_shap_list_ir_4,xgb_shap_list_ir_4_subset_70,Insulin,localMax_Insulin,0.1663512,0.0045701265,0.32813227
4093,xgb_shap_list_ir_4,xgb_shap_list_ir_4_subset_70,BMI,localMax_BMI,0.091778874,0.35925806,0.62673724
4094,xgb_shap_list_ir_4,xgb_shap_list_ir_4_subset_70,DiabetesPedigreeFunction,localMax_DiabetesPedigreeFunction,0.04946232,0.7978351,0.29891992
4095,xgb_shap_list_ir_4,xgb_shap_list_ir_4_subset_70,Age,localMax_Age,-0.29081595,-0.47517788,0.07790792
4096,xgb_shap_list_ir_4,xgb_shap_list_ir_4_subset_109,Pregnancies,localMax_Pregnancies,0.15637276,0.05014184,0.26260364
4097,xgb_shap_list_ir_4,xgb_shap_list_ir_4_subset_109,Glucose,localMax_Glucose,1.290456,1.716721,0.86419106
4098,xgb_shap_list_ir_4,xgb_shap_list_ir_4_subset_109,BloodPressure,localMax_BloodPressure,0.1734991,0.29300183,0.053996384
4099,xgb_shap_list_ir_4,xgb_shap_list_ir_4_subset_109,SkinThickness,localMax_SkinThickness,0.22154707,0.3790338,0.3002904
4100,xgb_shap_list_ir_4,xgb_shap_list_ir_4_subset_109,Insulin,localMax_Insulin,-0.118611544,-0.23827958,0.7190648
4101,xgb_shap_list_ir_4,xgb_shap_list_ir_4_subset_109,BMI,localMax_BMI,0.037947893,0.3175999,0.5972519
4102,xgb_shap_list_ir_4,xgb_shap_list_ir_4_subset_109,DiabetesPedigreeFunction,localMax_DiabetesPedigreeFunction,0.39446926,0.58105075,0.20788789
4103,xgb_shap_list_ir_4,xgb_shap_list_ir_4_subset_109,Age,localMax_Age,0.69961214,0.5308738,0.8683506
4104,xgb_shap_list_ir_2,xgb_shap_list_ir_2_subset_44,Pregnancies,localMax_Pregnancies,0.82927954,1.0201128,0.63844645
4105,xgb_shap_list_ir_2,xgb_shap_list_ir_2_subset_44,Glucose,localMax_Glucose,1.4130437,2.647583,1.0015306
4106,xgb_shap_list_ir_2,xgb_shap_list_ir_2_subset_44,BloodPressure,localMax_BloodPressure,0.008400202,0.10253909,-0.08573866
4107,xgb_shap_list_ir_2,xgb_shap_list_ir_2_subset_44,SkinThickness,localMax_SkinThickness,0.104996294,-0.00864175,0.048177272
4108,xgb_shap_list_ir_2,xgb_shap_list_ir_2_subset_44,Insulin,localMax_Insulin,-0.14613299,0.25984177,-0.22732796
4109,xgb_shap_list_ir_2,xgb_shap_list_ir_2_subset_44,BMI,localMax_BMI,0.66632223,-0.015930414,0.120520115
4110,xgb_shap_list_ir_2,xgb_shap_list_ir_2_subset_44,DiabetesPedigreeFunction,localMax_DiabetesPedigreeFunction,0.16068694,0.24138546,0.32208395
4111,xgb_shap_list_ir_2,xgb_shap_list_ir_2_subset_44,Age,localMax_Age,1.1777009,1.3701239,0.9852779
4112,xgb_shap_list_ir_2,xgb_shap_list_ir_2_subset_145,Pregnancies,localMax_Pregnancies,0.03817016,0.13432604,0.23048192
4113,xgb_shap_list_ir_2,xgb_shap_list_ir_2_subset_145,Glucose,localMax_Glucose,2.7393181,3.0939133,2.384723
4114,xgb_shap_list_ir_2,xgb_shap_list_ir_2_subset_145,BloodPressure,localMax_BloodPressure,0.75739324,0.22263354,0.40088677
4115,xgb_shap_list_ir_2,xgb_shap_list_ir_2_subset_145,SkinThickness,localMax_SkinThickness,0.28233495,0.35444328,0.06601009
4116,xgb_shap_list_ir_2,xgb_shap_list_ir_2_subset_145,Insulin,localMax_Insulin,-0.07789493,0.11089833,-0.030696616
4117,xgb_shap_list_ir_2,xgb_shap_list_ir_2_subset_145,BMI,localMax_BMI,0.33561528,0.19304317,0.90590376
4118,xgb_shap_list_ir_2,xgb_shap_list_ir_2_subset_145,DiabetesPedigreeFunction,localMax_DiabetesPedigreeFunction,0.4298302,0.24865878,0.6110016
4119,xgb_shap_list_ir_2,xgb_shap_list_ir_2_subset_145,Age,localMax_Age,1.0844253,0.9032849,0.35986388
4120,xgb_shap_list_ir_1,xgb_shap_list_ir_1_subset_109,Pregnancies,localMax_Pregnancies,0.9074447,0.75031674,-0.035322905
4121,xgb_shap_list_ir_1,xgb_shap_list_ir_1_subset_109,Glucose,localMax_Glucose,0.7716267,0.5781256,1.158629
4122,xgb_shap_list_ir_1,xgb_shap_list_ir_1_subset_109,BloodPressure,localMax_BloodPressure,-0.10638117,0.050811373,0.077010125
4123,xgb_shap_list_ir_1,xgb_shap_list_ir_1_subset_109,SkinThickness,localMax_SkinThickness,0.5729854,0.4832034,0.9321134
4124,xgb_shap_list_ir_1,xgb_shap_list_ir_1_subset_109,Insulin,localMax_Insulin,0.027995594,0.0106380135,-0.024077144
4125,xgb_shap_list_ir_1,xgb_shap_list_ir_1_subset_109,BMI,localMax_BMI,0.5316006,0.6687637,0.80592674
4126,xgb_shap_list_ir_1,xgb_shap_list_ir_1_subset_109,DiabetesPedigreeFunction,localMax_DiabetesPedigreeFunction,0.9267316,0.74319136,0.55965114
4127,xgb_shap_list_ir_1,xgb_shap_list_ir_1_subset_109,Age,localMax_Age,0.5433199,0.38726622,0.6993736
4128,xgb_shap_list_ir_5,xgb_shap_list_ir_5_subset_146,Pregnancies,localMax_Pregnancies,0.056608066,0.007941157,-0.040725738
4129,xgb_shap_list_ir_5,xgb_shap_list_ir_5_subset_146,Glucose,localMax_Glucose,2.4594436,2.8324594,2.0864277
4130,xgb_shap_list_ir_5,xgb_shap_list_ir_5_subset_146,BloodPressure,localMax_BloodPressure,0.005709052,-0.12878191,0.14020002
4131,xgb_shap_list_ir_5,xgb_shap_list_ir_5_subset_146,SkinThickness,localMax_SkinThickness,0.4639175,0.15968478,0.31180114
4132,xgb_shap_list_ir_5,xgb_shap_list_ir_5_subset_146,Insulin,localMax_Insulin,-0.00096413493,0.1205332,0.3635279
4133,xgb_shap_list_ir_5,xgb_shap_list_ir_5_subset_146,BMI,localMax_BMI,0.18249643,-0.13417614,1.7658594
4134,xgb_shap_list_ir_5,xgb_shap_list_ir_5_subset_146,DiabetesPedigreeFunction,localMax_DiabetesPedigreeFunction,0.44807005,0.6285423,0.80901456
4135,xgb_shap_list_ir_5,xgb_shap_list_ir_5_subset_146,Age,localMax_Age,0.901088,1.0707468,0.73142934
4136,xgb_shap_list_ir_3,xgb_shap_list_ir_3_subset_89,Pregnancies,localMax_Pregnancies,0.16031733,0.061354965,0.25927973
4137,xgb_shap_list_ir_3,xgb_shap_list_ir_3_subset_89,Glucose,localMax_Glucose,2.1497843,1.8491361,1.5484878
4138,xgb_shap_list_ir_3,xgb_shap_list_ir_3_subset_89,BloodPressure,localMax_BloodPressure,0.21743464,0.09791696,0.33695233
4139,xgb_shap_list_ir_3,xgb_shap_list_ir_3_subset_89,SkinThickness,localMax_SkinThickness,0.3094648,0.23763993,0.16581509
4140,xgb_shap_list_ir_3,xgb_shap_list_ir_3_subset_89,Insulin,localMax_Insulin,-0.08369149,0.24340507,0.025340706
4141,xgb_shap_list_ir_3,xgb_shap_list_ir_3_subset_89,BMI,localMax_BMI,1.5873754,-0.3976781,1.3888701
4142,xgb_shap_list_ir_3,xgb_shap_list_ir_3_subset_89,DiabetesPedigreeFunction,localMax_DiabetesPedigreeFunction,0.66652143,0.884706,0.44833672
4143,xgb_shap_list_ir_3,xgb_shap_list_ir_3_subset_89,Age,localMax_Age,0.6653408,0.49424362,0.83643794
4144,xgb_shap_list_ir_3,xgb_shap_list_ir_3_subset_37,Pregnancies,localMax_Pregnancies,0.53095496,0.7726654,0.28924453
4145,xgb_shap_list_ir_3,xgb_shap_list_ir_3_subset_37,Glucose,localMax_Glucose,1.0501437,0.70534265,0.36054146
4146,xgb_shap_list_ir_3,xgb_shap_list_ir_3_subset_37,BloodPressure,localMax_BloodPressure,0.51691127,0.38744706,0.1285187
4147,xgb_shap_list_ir_3,xgb_shap_list_ir_3_subset_37,SkinThickness,localMax_SkinThickness,0.7401166,0.61014867,0.3502128
4148,xgb_shap_list_ir_3,xgb_shap_list_ir_3_subset_37,Insulin,localMax_Insulin,0.21867022,0.077445656,0.35989475
4149,xgb_shap_list_ir_3,xgb_shap_list_ir_3_subset_37,BMI,localMax_BMI,-0.015200257,-0.27659732,0.507594
4150,xgb_shap_list_ir_3,xgb_shap_list_ir_3_subset_37,DiabetesPedigreeFunction,localMax_DiabetesPedigreeFunction,0.3333186,0.4559716,0.5786246
4151,xgb_shap_list_ir_3,xgb_shap_list_ir_3_subset_37,Age,localMax_Age,0.49792022,0.32476693,0.15161371
4152,xgb_shap_list_ir_1,xgb_shap_list_ir_1_subset_125,Pregnancies,localMax_Pregnancies,0.43349332,0.24956995,0.34153163
4153,xgb_shap_list_ir_1,xgb_shap_list_ir_1_subset_125,Glucose,localMax_Glucose,1.3756807,1.081179,-0.39132953
4154,xgb_shap_list_ir_1,xgb_shap_list_ir_1_subset_125,BloodPressure,localMax_BloodPressure,0.29647404,0.35532093,0.5318616
4155,xgb_shap_list_ir_1,xgb_shap_list_ir_1_subset_125,SkinThickness,localMax_SkinThickness,0.06975813,0.13201195,0.007504329
4156,xgb_shap_list_ir_1,xgb_shap_list_ir_1_subset_125,Insulin,localMax_Insulin,0.87055707,0.6906928,1.0504214
4157,xgb_shap_list_ir_1,xgb_shap_list_ir_1_subset_125,BMI,localMax_BMI,0.8218647,0.6211128,0.01885742
4158,xgb_shap_list_ir_1,xgb_shap_list_ir_1_subset_125,DiabetesPedigreeFunction,localMax_DiabetesPedigreeFunction,0.069268584,-0.01493451,0.15347171
4159,xgb_shap_list_ir_1,xgb_shap_list_ir_1_subset_125,Age,localMax_Age,0.48878133,0.3733803,1.0657862
4160,xgb_shap_list_ir_3,xgb_shap_list_ir_3_subset_17,Pregnancies,localMax_Pregnancies,0.26692206,0.20382681,0.3300173
4161,xgb_shap_list_ir_3,xgb_shap_list_ir_3_subset_17,Glucose,localMax_Glucose,1.9053781,1.3664466,1.6359124
4162,xgb_shap_list_ir_3,xgb_shap_list_ir_3_subset_17,BloodPressure,localMax_BloodPressure,-0.07582474,-0.22467852,0.3707366
4163,xgb_shap_list_ir_3,xgb_shap_list_ir_3_subset_17,SkinThickness,localMax_SkinThickness,0.010601699,0.10852581,-0.087322414
4164,xgb_shap_list_ir_3,xgb_shap_list_ir_3_subset_17,Insulin,localMax_Insulin,0.107492805,0.29793084,-0.08294523
4165,xgb_shap_list_ir_3,xgb_shap_list_ir_3_subset_17,BMI,localMax_BMI,0.34629232,-0.08056164,-0.29398865
4166,xgb_shap_list_ir_3,xgb_shap_list_ir_3_subset_17,DiabetesPedigreeFunction,localMax_DiabetesPedigreeFunction,0.46269262,0.6783055,0.24707979
4167,xgb_shap_list_ir_3,xgb_shap_list_ir_3_subset_17,Age,localMax_Age,0.00714761,1.7105651,1.9539105
4168,xgb_shap_list_ir_2,xgb_shap_list_ir_2_subset_23,Pregnancies,localMax_Pregnancies,0.60396314,0.47349763,0.08210099
4169,xgb_shap_list_ir_2,xgb_shap_list_ir_2_subset_23,Glucose,localMax_Glucose,0.8070713,1.1577734,2.2098799
4170,xgb_shap_list_ir_2,xgb_shap_list_ir_2_subset_23,BloodPressure,localMax_BloodPressure,0.49808687,0.2922035,0.39514518
4171,xgb_shap_list_ir_2,xgb_shap_list_ir_2_subset_23,SkinThickness,localMax_SkinThickness,0.13843045,0.03835818,0.088394314
4172,xgb_shap_list_ir_2,xgb_shap_list_ir_2_subset_23,Insulin,localMax_Insulin,0.30977863,0.43555862,0.1839987
4173,xgb_shap_list_ir_2,xgb_shap_list_ir_2_subset_23,BMI,localMax_BMI,0.7340836,0.92673314,1.1193827
4174,xgb_shap_list_ir_2,xgb_shap_list_ir_2_subset_23,DiabetesPedigreeFunction,localMax_DiabetesPedigreeFunction,0.845914,0.6592864,0.47265875
4175,xgb_shap_list_ir_2,xgb_shap_list_ir_2_subset_23,Age,localMax_Age,0.7433428,-0.14327276,-0.03244579
4176,xgb_shap_list_ir_2,xgb_shap_list_ir_2_subset_41,Pregnancies,localMax_Pregnancies,0.69846964,0.49902725,0.897912
4177,xgb_shap_list_ir_2,xgb_shap_list_ir_2_subset_41,Glucose,localMax_Glucose,0.15883666,0.4121101,-0.094436705
4178,xgb_shap_list_ir_2,xgb_shap_list_ir_2_subset_41,BloodPressure,localMax_BloodPressure,0.5207619,0.3954335,0.01944837
4179,xgb_shap_list_ir_2,xgb_shap_list_ir_2_subset_41,SkinThickness,localMax_SkinThickness,0.19193682,0.055428237,0.12368253
4180,xgb_shap_list_ir_2,xgb_shap_list_ir_2_subset_41,Insulin,localMax_Insulin,-0.045746714,0.007448882,-0.09894231
4181,xgb_shap_list_ir_2,xgb_shap_list_ir_2_subset_41,BMI,localMax_BMI,0.30750465,0.5067053,0.108304024
4182,xgb_shap_list_ir_2,xgb_shap_list_ir_2_subset_41,DiabetesPedigreeFunction,localMax_DiabetesPedigreeFunction,0.99795794,0.80728376,0.61660945
4183,xgb_shap_list_ir_2,xgb_shap_list_ir_2_subset_41,Age,localMax_Age,1.047822,1.2001634,0.8954806
4184,xgb_shap_list_ir_4,xgb_shap_list_ir_4_subset_66,Pregnancies,localMax_Pregnancies,0.57554847,0.42730343,0.72379345
4185,xgb_shap_list_ir_4,xgb_shap_list_ir_4_subset_66,Glucose,localMax_Glucose,1.0982723,2.5060894,1.802181
4186,xgb_shap_list_ir_4,xgb_shap_list_ir_4_subset_66,BloodPressure,localMax_BloodPressure,0.22988483,0.04055175,0.32455134
4187,xgb_shap_list_ir_4,xgb_shap_list_ir_4_subset_66,SkinThickness,localMax_SkinThickness,0.12224451,0.18922347,0.055265546
4188,xgb_shap_list_ir_4,xgb_shap_list_ir_4_subset_66,Insulin,localMax_Insulin,-0.0368028,-0.11411853,-0.19143425
4189,xgb_shap_list_ir_4,xgb_shap_list_ir_4_subset_66,BMI,localMax_BMI,0.41763163,0.2165556,0.015479624
4190,xgb_shap_list_ir_4,xgb_shap_list_ir_4_subset_66,DiabetesPedigreeFunction,localMax_DiabetesPedigreeFunction,0.65464604,0.4732443,-0.25236273
4191,xgb_shap_list_ir_4,xgb_shap_list_ir_4_subset_66,Age,localMax_Age,0.48664886,0.62901515,0.34428257
4192,xgb_shap_list_ir_5,xgb_shap_list_ir_5_subset_131,Pregnancies,localMax_Pregnancies,0.641479,0.29728514,0.46938205
4193,xgb_shap_list_ir_5,xgb_shap_list_ir_5_subset_131,Glucose,localMax_Glucose,1.1613829,0.7815385,1.5412276
4194,xgb_shap_list_ir_5,xgb_shap_list_ir_5_subset_131,BloodPressure,localMax_BloodPressure,-0.085192055,-0.23961905,0.06923491
4195,xgb_shap_list_ir_5,xgb_shap_list_ir_5_subset_131,SkinThickness,localMax_SkinThickness,0.10859802,0.19603083,0.021165192
4196,xgb_shap_list_ir_5,xgb_shap_list_ir_5_subset_131,Insulin,localMax_Insulin,-0.068795115,-0.19238245,0.054792196
4197,xgb_shap_list_ir_5,xgb_shap_list_ir_5_subset_131,BMI,localMax_BMI,0.23796016,0.6399174,0.036981523
4198,xgb_shap_list_ir_5,xgb_shap_list_ir_5_subset_131,DiabetesPedigreeFunction,localMax_DiabetesPedigreeFunction,0.46991128,0.3008989,0.1318866
4199,xgb_shap_list_ir_5,xgb_shap_list_ir_5_subset_131,Age,localMax_Age,0.54813623,0.72310907,0.8980819
4200,xgb_shap_list_ir_2,xgb_shap_list_ir_2_subset_31,Pregnancies,localMax_Pregnancies,0.062209964,-0.08408056,-0.1572258
4201,xgb_shap_list_ir_2,xgb_shap_list_ir_2_subset_31,Glucose,localMax_Glucose,1.4412067,1.9749382,1.7080724
4202,xgb_shap_list_ir_2,xgb_shap_list_ir_2_subset_31,BloodPressure,localMax_BloodPressure,0.007894248,0.10862738,0.20936054
4203,xgb_shap_list_ir_2,xgb_shap_list_ir_2_subset_31,SkinThickness,localMax_SkinThickness,0.16094306,0.23302993,0.08885619
4204,xgb_shap_list_ir_2,xgb_shap_list_ir_2_subset_31,Insulin,localMax_Insulin,0.008841753,-0.145697,-0.06842762
4205,xgb_shap_list_ir_2,xgb_shap_list_ir_2_subset_31,BMI,localMax_BMI,0.13873881,0.36321145,1.485575
4206,xgb_shap_list_ir_2,xgb_shap_list_ir_2_subset_31,DiabetesPedigreeFunction,localMax_DiabetesPedigreeFunction,1.0104066,0.7857983,0.5611899
4207,xgb_shap_list_ir_2,xgb_shap_list_ir_2_subset_31,Age,localMax_Age,0.94120234,0.79068387,-0.2629457
4208,xgb_shap_list_ir_4,xgb_shap_list_ir_4_subset_92,Pregnancies,localMax_Pregnancies,0.024585187,0.13702232,-0.08785194
4209,xgb_shap_list_ir_4,xgb_shap_list_ir_4_subset_92,Glucose,localMax_Glucose,0.85294557,1.2216554,0.48423576
4210,xgb_shap_list_ir_4,xgb_shap_list_ir_4_subset_92,BloodPressure,localMax_BloodPressure,0.1884681,0.052107126,-0.08425382
4211,xgb_shap_list_ir_4,xgb_shap_list_ir_4_subset_92,SkinThickness,localMax_SkinThickness,0.14472884,0.043217838,0.24623984
4212,xgb_shap_list_ir_4,xgb_shap_list_ir_4_subset_92,Insulin,localMax_Insulin,-0.012524307,0.35457283,0.10984141
4213,xgb_shap_list_ir_4,xgb_shap_list_ir_4_subset_92,BMI,localMax_BMI,0.027608871,0.31601954,2.6233044
4214,xgb_shap_list_ir_4,xgb_shap_list_ir_4_subset_92,DiabetesPedigreeFunction,localMax_DiabetesPedigreeFunction,0.4178558,0.26500976,0.57070184
4215,xgb_shap_list_ir_4,xgb_shap_list_ir_4_subset_92,Age,localMax_Age,0.2361806,0.5844399,0.4103102
4216,xgb_shap_list_ir_4,xgb_shap_list_ir_4_subset_32,Pregnancies,localMax_Pregnancies,0.6425381,0.98502374,1.1562666
4217,xgb_shap_list_ir_4,xgb_shap_list_ir_4_subset_32,Glucose,localMax_Glucose,0.55899453,0.17184901,1.7204311
4218,xgb_shap_list_ir_4,xgb_shap_list_ir_4_subset_32,BloodPressure,localMax_BloodPressure,0.20099303,0.13473642,0.26724964
4219,xgb_shap_list_ir_4,xgb_shap_list_ir_4_subset_32,SkinThickness,localMax_SkinThickness,0.114396244,0.060748786,0.007101327
4220,xgb_shap_list_ir_4,xgb_shap_list_ir_4_subset_32,Insulin,localMax_Insulin,-0.14835101,0.5793777,-0.23931709
4221,xgb_shap_list_ir_4,xgb_shap_list_ir_4_subset_32,BMI,localMax_BMI,0.37366152,0.6288593,0.118463755
4222,xgb_shap_list_ir_4,xgb_shap_list_ir_4_subset_32,DiabetesPedigreeFunction,localMax_DiabetesPedigreeFunction,-0.1694985,-0.017286062,0.13492638
4223,xgb_shap_list_ir_4,xgb_shap_list_ir_4_subset_32,Age,localMax_Age,0.41867375,0.21708208,0.62026536
4224,xgb_shap_list_ir_5,xgb_shap_list_ir_5_subset_130,Pregnancies,localMax_Pregnancies,0.21723682,0.2945913,0.37194586
4225,xgb_shap_list_ir_5,xgb_shap_list_ir_5_subset_130,Glucose,localMax_Glucose,1.8357008,2.193,0.7638025
4226,xgb_shap_list_ir_5,xgb_shap_list_ir_5_subset_130,BloodPressure,localMax_BloodPressure,0.111388445,-0.09534067,0.31811762
4227,xgb_shap_list_ir_5,xgb_shap_list_ir_5_subset_130,SkinThickness,localMax_SkinThickness,0.2049979,0.43320012,0.090896845
4228,xgb_shap_list_ir_5,xgb_shap_list_ir_5_subset_130,Insulin,localMax_Insulin,0.008463949,-0.08631694,0.10324481
4229,xgb_shap_list_ir_5,xgb_shap_list_ir_5_subset_130,BMI,localMax_BMI,0.15307486,1.685723,0.4085163
4230,xgb_shap_list_ir_5,xgb_shap_list_ir_5_subset_130,DiabetesPedigreeFunction,localMax_DiabetesPedigreeFunction,0.22089458,0.0836364,0.35815275
4231,xgb_shap_list_ir_5,xgb_shap_list_ir_5_subset_130,Age,localMax_Age,1.0683403,0.8222581,0.57617605
4232,xgb_shap_list_ir_2,xgb_shap_list_ir_2_subset_117,Pregnancies,localMax_Pregnancies,0.36268795,0.06863582,0.14214885
4233,xgb_shap_list_ir_2,xgb_shap_list_ir_2_subset_117,Glucose,localMax_Glucose,0.6002243,0.8023679,0.3980807
4234,xgb_shap_list_ir_2,xgb_shap_list_ir_2_subset_117,BloodPressure,localMax_BloodPressure,-0.12824959,0.03232807,0.5140611
4235,xgb_shap_list_ir_2,xgb_shap_list_ir_2_subset_117,SkinThickness,localMax_SkinThickness,0.06893307,0.22419089,-0.08632481
4236,xgb_shap_list_ir_2,xgb_shap_list_ir_2_subset_117,Insulin,localMax_Insulin,-0.16169518,-0.06380358,-0.25958675
4237,xgb_shap_list_ir_2,xgb_shap_list_ir_2_subset_117,BMI,localMax_BMI,1.5969805,1.8080972,-0.3030702
4238,xgb_shap_list_ir_2,xgb_shap_list_ir_2_subset_117,DiabetesPedigreeFunction,localMax_DiabetesPedigreeFunction,0.3893898,0.6690314,0.52921057
4239,xgb_shap_list_ir_2,xgb_shap_list_ir_2_subset_117,Age,localMax_Age,0.9201995,0.5406269,0.7304132
4240,xgb_shap_list_ir_1,xgb_shap_list_ir_1_subset_41,Pregnancies,localMax_Pregnancies,0.021064758,0.060261846,-0.018132336
4241,xgb_shap_list_ir_1,xgb_shap_list_ir_1_subset_41,Glucose,localMax_Glucose,0.7431351,0.8641556,0.985176
4242,xgb_shap_list_ir_1,xgb_shap_list_ir_1_subset_41,BloodPressure,localMax_BloodPressure,0.72612184,0.60974056,0.84250313
4243,xgb_shap_list_ir_1,xgb_shap_list_ir_1_subset_41,SkinThickness,localMax_SkinThickness,0.693478,0.8540573,0.53289866
4244,xgb_shap_list_ir_1,xgb_shap_list_ir_1_subset_41,Insulin,localMax_Insulin,-0.23105516,-0.3030625,0.5610254
4245,xgb_shap_list_ir_1,xgb_shap_list_ir_1_subset_41,BMI,localMax_BMI,0.27430397,0.8916007,-0.18866855
4246,xgb_shap_list_ir_1,xgb_shap_list_ir_1_subset_41,DiabetesPedigreeFunction,localMax_DiabetesPedigreeFunction,0.046464145,0.17371362,-0.080785364
4247,xgb_shap_list_ir_1,xgb_shap_list_ir_1_subset_41,Age,localMax_Age,0.7920147,0.60907114,0.42612755
4248,xgb_shap_list_ir_4,xgb_shap_list_ir_4_subset_86,Pregnancies,localMax_Pregnancies,0.40518147,0.23669064,0.57367224
4249,xgb_shap_list_ir_4,xgb_shap_list_ir_4_subset_86,Glucose,localMax_Glucose,2.4268453,2.809574,2.0441165
4250,xgb_shap_list_ir_4,xgb_shap_list_ir_4_subset_86,BloodPressure,localMax_BloodPressure,0.16287112,0.03931424,0.28642797
4251,xgb_shap_list_ir_4,xgb_shap_list_ir_4_subset_86,SkinThickness,localMax_SkinThickness,0.24392426,0.3710147,0.11683375
4252,xgb_shap_list_ir_4,xgb_shap_list_ir_4_subset_86,Insulin,localMax_Insulin,-0.16828981,0.52638227,-0.029355407
4253,xgb_shap_list_ir_4,xgb_shap_list_ir_4_subset_86,BMI,localMax_BMI,0.22901589,0.5968282,0.41292208
4254,xgb_shap_list_ir_4,xgb_shap_list_ir_4_subset_86,DiabetesPedigreeFunction,localMax_DiabetesPedigreeFunction,0.07581097,0.44881994,0.26231545
4255,xgb_shap_list_ir_4,xgb_shap_list_ir_4_subset_86,Age,localMax_Age,0.057917893,0.7984178,0.5868464
4256,xgb_shap_list_ir_2,xgb_shap_list_ir_2_subset_69,Pregnancies,localMax_Pregnancies,0.3792715,0.5926876,0.16585541
4257,xgb_shap_list_ir_2,xgb_shap_list_ir_2_subset_69,Glucose,localMax_Glucose,1.4459798,1.0167942,1.8751655
4258,xgb_shap_list_ir_2,xgb_shap_list_ir_2_subset_69,BloodPressure,localMax_BloodPressure,0.4696703,0.063693345,-0.24078938
4259,xgb_shap_list_ir_2,xgb_shap_list_ir_2_subset_69,SkinThickness,localMax_SkinThickness,0.9931843,1.3176063,0.83097327
4260,xgb_shap_list_ir_2,xgb_shap_list_ir_2_subset_69,Insulin,localMax_Insulin,0.40058708,0.5249919,0.15177727
4261,xgb_shap_list_ir_2,xgb_shap_list_ir_2_subset_69,BMI,localMax_BMI,-0.0040183663,-0.18510813,0.17707139
4262,xgb_shap_list_ir_2,xgb_shap_list_ir_2_subset_69,DiabetesPedigreeFunction,localMax_DiabetesPedigreeFunction,0.21669468,0.3460158,0.7339792
4263,xgb_shap_list_ir_2,xgb_shap_list_ir_2_subset_69,Age,localMax_Age,0.79134995,0.66130966,0.92139024
4264,xgb_shap_list_ir_2,xgb_shap_list_ir_2_subset_9,Pregnancies,localMax_Pregnancies,0.43617493,0.3033306,0.5690192
4265,xgb_shap_list_ir_2,xgb_shap_list_ir_2_subset_9,Glucose,localMax_Glucose,3.079503,3.3870776,2.4643538
4266,xgb_shap_list_ir_2,xgb_shap_list_ir_2_subset_9,BloodPressure,localMax_BloodPressure,0.2525046,0.06242615,0.44258308
4267,xgb_shap_list_ir_2,xgb_shap_list_ir_2_subset_9,SkinThickness,localMax_SkinThickness,0.4829017,0.36019886,0.6056046
4268,xgb_shap_list_ir_2,xgb_shap_list_ir_2_subset_9,Insulin,localMax_Insulin,0.09981489,0.15291429,0.046715483
4269,xgb_shap_list_ir_2,xgb_shap_list_ir_2_subset_9,BMI,localMax_BMI,0.6189959,0.8475846,0.3904072
4270,xgb_shap_list_ir_2,xgb_shap_list_ir_2_subset_9,DiabetesPedigreeFunction,localMax_DiabetesPedigreeFunction,0.21783733,0.570796,0.041357934
4271,xgb_shap_list_ir_2,xgb_shap_list_ir_2_subset_9,Age,localMax_Age,0.56723696,0.70810354,0.8489701
4272,xgb_shap_list_ir_2,xgb_shap_list_ir_2_subset_99,Pregnancies,localMax_Pregnancies,0.30918044,0.39179623,0.22656465
4273,xgb_shap_list_ir_2,xgb_shap_list_ir_2_subset_99,Glucose,localMax_Glucose,0.9505049,1.2570031,1.5635011
4274,xgb_shap_list_ir_2,xgb_shap_list_ir_2_subset_99,BloodPressure,localMax_BloodPressure,0.35882553,0.49736392,0.42809474
4275,xgb_shap_list_ir_2,xgb_shap_list_ir_2_subset_99,SkinThickness,localMax_SkinThickness,-0.26075667,0.8968472,-0.13213402
4276,xgb_shap_list_ir_2,xgb_shap_list_ir_2_subset_99,Insulin,localMax_Insulin,0.11350423,0.33983046,0.00034111738
4277,xgb_shap_list_ir_2,xgb_shap_list_ir_2_subset_99,BMI,localMax_BMI,0.23143971,1.2067813,0.426508
4278,xgb_shap_list_ir_2,xgb_shap_list_ir_2_subset_99,DiabetesPedigreeFunction,localMax_DiabetesPedigreeFunction,0.4188978,0.255103,0.5826927
4279,xgb_shap_list_ir_2,xgb_shap_list_ir_2_subset_99,Age,localMax_Age,1.1351279,1.3551468,0.47507155
4280,xgb_shap_list_ir_5,xgb_shap_list_ir_5_subset_140,Pregnancies,localMax_Pregnancies,0.5218099,0.34360474,0.16539967
4281,xgb_shap_list_ir_5,xgb_shap_list_ir_5_subset_140,Glucose,localMax_Glucose,0.7472143,0.38091338,1.8461173
4282,xgb_shap_list_ir_5,xgb_shap_list_ir_5_subset_140,BloodPressure,localMax_BloodPressure,0.079135716,0.23938054,-0.08110911
4283,xgb_shap_list_ir_5,xgb_shap_list_ir_5_subset_140,SkinThickness,localMax_SkinThickness,0.04935728,0.11172059,0.17408389
4284,xgb_shap_list_ir_5,xgb_shap_list_ir_5_subset_140,Insulin,localMax_Insulin,0.016051233,-0.14199537,0.64823747
4285,xgb_shap_list_ir_5,xgb_shap_list_ir_5_subset_140,BMI,localMax_BMI,0.32436764,0.07577294,0.5729623
4286,xgb_shap_list_ir_5,xgb_shap_list_ir_5_subset_140,DiabetesPedigreeFunction,localMax_DiabetesPedigreeFunction,0.6119228,0.45926565,0.30660856
4287,xgb_shap_list_ir_5,xgb_shap_list_ir_5_subset_140,Age,localMax_Age,0.785735,0.9642134,0.42877817
4288,xgb_shap_list_ir_3,xgb_shap_list_ir_3_subset_38,Pregnancies,localMax_Pregnancies,0.47522432,0.3538829,0.2325415
4289,xgb_shap_list_ir_3,xgb_shap_list_ir_3_subset_38,Glucose,localMax_Glucose,0.3254677,2.7976477,0.6786363
4290,xgb_shap_list_ir_3,xgb_shap_list_ir_3_subset_38,BloodPressure,localMax_BloodPressure,0.13316342,0.053022414,0.21330443
4291,xgb_shap_list_ir_3,xgb_shap_list_ir_3_subset_38,SkinThickness,localMax_SkinThickness,0.073750675,0.260481,0.19823757
4292,xgb_shap_list_ir_3,xgb_shap_list_ir_3_subset_38,Insulin,localMax_Insulin,-0.02729547,-0.20663375,0.33138114
4293,xgb_shap_list_ir_3,xgb_shap_list_ir_3_subset_38,BMI,localMax_BMI,0.3254429,-0.09420514,0.115618885
4294,xgb_shap_list_ir_3,xgb_shap_list_ir_3_subset_38,DiabetesPedigreeFunction,localMax_DiabetesPedigreeFunction,0.69843554,0.45886195,0.21928823
4295,xgb_shap_list_ir_3,xgb_shap_list_ir_3_subset_38,Age,localMax_Age,0.52879083,0.6682495,0.8077081
4296,xgb_shap_list_ir_2,xgb_shap_list_ir_2_subset_112,Pregnancies,localMax_Pregnancies,0.29158866,0.39369905,0.18947828
4297,xgb_shap_list_ir_2,xgb_shap_list_ir_2_subset_112,Glucose,localMax_Glucose,0.46826792,0.15532291,1.4071031
4298,xgb_shap_list_ir_2,xgb_shap_list_ir_2_subset_112,BloodPressure,localMax_BloodPressure,0.127505,0.37091202,0.005801499
4299,xgb_shap_list_ir_2,xgb_shap_list_ir_2_subset_112,SkinThickness,localMax_SkinThickness,0.1804358,0.31599957,0.044872016
4300,xgb_shap_list_ir_2,xgb_shap_list_ir_2_subset_112,Insulin,localMax_Insulin,0.18469712,0.27290443,0.3611117
4301,xgb_shap_list_ir_2,xgb_shap_list_ir_2_subset_112,BMI,localMax_BMI,0.0020574331,0.22160757,1.5389086
4302,xgb_shap_list_ir_2,xgb_shap_list_ir_2_subset_112,DiabetesPedigreeFunction,localMax_DiabetesPedigreeFunction,0.6133249,0.36098552,0.8656641
4303,xgb_shap_list_ir_2,xgb_shap_list_ir_2_subset_112,Age,localMax_Age,1.6416352,1.8634152,-0.57616544
4304,xgb_shap_list_ir_5,xgb_shap_list_ir_5_subset_120,Pregnancies,localMax_Pregnancies,0.2847866,0.20276248,0.12073836
4305,xgb_shap_list_ir_5,xgb_shap_list_ir_5_subset_120,Glucose,localMax_Glucose,1.059563,2.4610257,1.4099288
4306,xgb_shap_list_ir_5,xgb_shap_list_ir_5_subset_120,BloodPressure,localMax_BloodPressure,-0.085350364,0.047964513,-0.21866527
4307,xgb_shap_list_ir_5,xgb_shap_list_ir_5_subset_120,SkinThickness,localMax_SkinThickness,0.27642393,0.38941908,0.16342884
4308,xgb_shap_list_ir_5,xgb_shap_list_ir_5_subset_120,Insulin,localMax_Insulin,0.084089845,-0.062000275,0.0110447705
4309,xgb_shap_list_ir_5,xgb_shap_list_ir_5_subset_120,BMI,localMax_BMI,0.35340643,0.08835459,0.6184584
4310,xgb_shap_list_ir_5,xgb_shap_list_ir_5_subset_120,DiabetesPedigreeFunction,localMax_DiabetesPedigreeFunction,0.62030077,0.4083429,0.8322587
4311,xgb_shap_list_ir_5,xgb_shap_list_ir_5_subset_120,Age,localMax_Age,1.4974755,-0.38876286,0.7901362
4312,xgb_shap_list_ir_1,xgb_shap_list_ir_1_subset_35,Pregnancies,localMax_Pregnancies,0.52909774,0.64437985,0.41381556
4313,xgb_shap_list_ir_1,xgb_shap_list_ir_1_subset_35,Glucose,localMax_Glucose,0.87530947,0.15732181,0.6958126
4314,xgb_shap_list_ir_1,xgb_shap_list_ir_1_subset_35,BloodPressure,localMax_BloodPressure,0.08936882,-0.08429271,0.61035347
4315,xgb_shap_list_ir_1,xgb_shap_list_ir_1_subset_35,SkinThickness,localMax_SkinThickness,1.0369282,1.1662979,0.6488188
4316,xgb_shap_list_ir_1,xgb_shap_list_ir_1_subset_35,Insulin,localMax_Insulin,-0.052336633,0.03872162,-0.14339489
4317,xgb_shap_list_ir_1,xgb_shap_list_ir_1_subset_35,BMI,localMax_BMI,0.40403083,0.32808077,0.25213075
4318,xgb_shap_list_ir_1,xgb_shap_list_ir_1_subset_35,DiabetesPedigreeFunction,localMax_DiabetesPedigreeFunction,1.1392149,1.3409837,0.9374461
4319,xgb_shap_list_ir_1,xgb_shap_list_ir_1_subset_35,Age,localMax_Age,0.4310891,0.54691076,0.083623946
4320,xgb_shap_list_ir_4,xgb_shap_list_ir_4_subset_59,Pregnancies,localMax_Pregnancies,0.42906988,0.8355324,0.6323011
4321,xgb_shap_list_ir_4,xgb_shap_list_ir_4_subset_59,Glucose,localMax_Glucose,1.8311806,2.5045452,2.167863
4322,xgb_shap_list_ir_4,xgb_shap_list_ir_4_subset_59,BloodPressure,localMax_BloodPressure,0.11355719,0.21204641,0.015067935
4323,xgb_shap_list_ir_4,xgb_shap_list_ir_4_subset_59,SkinThickness,localMax_SkinThickness,0.06251013,0.15540767,-0.030387402
4324,xgb_shap_list_ir_4,xgb_shap_list_ir_4_subset_59,Insulin,localMax_Insulin,0.17846155,0.3634385,-0.006515324
4325,xgb_shap_list_ir_4,xgb_shap_list_ir_4_subset_59,BMI,localMax_BMI,0.55326414,0.7976377,0.30889058
4326,xgb_shap_list_ir_4,xgb_shap_list_ir_4_subset_59,DiabetesPedigreeFunction,localMax_DiabetesPedigreeFunction,0.40977192,0.13338882,0.2715804
4327,xgb_shap_list_ir_4,xgb_shap_list_ir_4_subset_59,Age,localMax_Age,0.3230698,0.1514346,0.6663401
4328,xgb_shap_list_ir_2,xgb_shap_list_ir_2_subset_95,Pregnancies,localMax_Pregnancies,0.856699,0.70176125,0.5468234
4329,xgb_shap_list_ir_2,xgb_shap_list_ir_2_subset_95,Glucose,localMax_Glucose,1.767426,2.0683396,2.3692534
4330,xgb_shap_list_ir_2,xgb_shap_list_ir_2_subset_95,BloodPressure,localMax_BloodPressure,0.51756775,-0.04196906,0.2377994
4331,xgb_shap_list_ir_2,xgb_shap_list_ir_2_subset_95,SkinThickness,localMax_SkinThickness,0.23558506,0.83487576,-0.021253794
4332,xgb_shap_list_ir_2,xgb_shap_list_ir_2_subset_95,Insulin,localMax_Insulin,0.0066425204,0.038336843,0.070031166
4333,xgb_shap_list_ir_2,xgb_shap_list_ir_2_subset_95,BMI,localMax_BMI,0.19959056,0.862347,1.0280362
4334,xgb_shap_list_ir_2,xgb_shap_list_ir_2_subset_95,DiabetesPedigreeFunction,localMax_DiabetesPedigreeFunction,1.051642,0.09860432,0.33686376
4335,xgb_shap_list_ir_2,xgb_shap_list_ir_2_subset_95,Age,localMax_Age,0.44658673,0.6842855,0.20888805
4336,xgb_shap_list_ir_5,xgb_shap_list_ir_5_subset_96,Pregnancies,localMax_Pregnancies,0.10081741,0.03811997,0.16351485
4337,xgb_shap_list_ir_5,xgb_shap_list_ir_5_subset_96,Glucose,localMax_Glucose,1.9955504,1.5946891,0.39210486
4338,xgb_shap_list_ir_5,xgb_shap_list_ir_5_subset_96,BloodPressure,localMax_BloodPressure,-0.11057529,-0.22280562,0.0016550422
4339,xgb_shap_list_ir_5,xgb_shap_list_ir_5_subset_96,SkinThickness,localMax_SkinThickness,0.18948868,0.25576186,-0.075604126
4340,xgb_shap_list_ir_5,xgb_shap_list_ir_5_subset_96,Insulin,localMax_Insulin,-0.16211787,-0.27470943,-0.049526334
4341,xgb_shap_list_ir_5,xgb_shap_list_ir_5_subset_96,BMI,localMax_BMI,0.3913052,0.6430112,-0.11210686
4342,xgb_shap_list_ir_5,xgb_shap_list_ir_5_subset_96,DiabetesPedigreeFunction,localMax_DiabetesPedigreeFunction,0.34542423,0.48264658,0.20820183
4343,xgb_shap_list_ir_5,xgb_shap_list_ir_5_subset_96,Age,localMax_Age,-0.47635067,0.44751847,0.21655118
4344,xgb_shap_list_ir_1,xgb_shap_list_ir_1_subset_27,Pregnancies,localMax_Pregnancies,-0.0036607534,-0.07018505,-0.13670933
4345,xgb_shap_list_ir_1,xgb_shap_list_ir_1_subset_27,Glucose,localMax_Glucose,0.70823514,0.4939121,0.92255807
4346,xgb_shap_list_ir_1,xgb_shap_list_ir_1_subset_27,BloodPressure,localMax_BloodPressure,0.73074925,0.51361215,0.29647517
4347,xgb_shap_list_ir_1,xgb_shap_list_ir_1_subset_27,SkinThickness,localMax_SkinThickness,0.8525157,0.5894798,0.72099775
4348,xgb_shap_list_ir_1,xgb_shap_list_ir_1_subset_27,Insulin,localMax_Insulin,0.3009169,0.39911318,0.49730945
4349,xgb_shap_list_ir_1,xgb_shap_list_ir_1_subset_27,BMI,localMax_BMI,0.84223187,1.025255,1.208278
4350,xgb_shap_list_ir_1,xgb_shap_list_ir_1_subset_27,DiabetesPedigreeFunction,localMax_DiabetesPedigreeFunction,0.60148567,0.46803296,0.33458024
4351,xgb_shap_list_ir_1,xgb_shap_list_ir_1_subset_27,Age,localMax_Age,0.6843925,0.44017094,0.8065033
4352,xgb_shap_list_ir_1,xgb_shap_list_ir_1_subset_38,Pregnancies,localMax_Pregnancies,0.03978342,-0.15021992,-0.0077174157
4353,xgb_shap_list_ir_1,xgb_shap_list_ir_1_subset_38,Glucose,localMax_Glucose,1.3735652,1.5920157,1.1551147
4354,xgb_shap_list_ir_1,xgb_shap_list_ir_1_subset_38,BloodPressure,localMax_BloodPressure,-0.1025981,-0.03551647,-0.16967972
4355,xgb_shap_list_ir_1,xgb_shap_list_ir_1_subset_38,SkinThickness,localMax_SkinThickness,0.61306685,0.71062535,-0.26495948
4356,xgb_shap_list_ir_1,xgb_shap_list_ir_1_subset_38,Insulin,localMax_Insulin,-0.07993297,-0.11978395,-0.00023103505
4357,xgb_shap_list_ir_1,xgb_shap_list_ir_1_subset_38,BMI,localMax_BMI,0.7001938,0.551009,0.8493787
4358,xgb_shap_list_ir_1,xgb_shap_list_ir_1_subset_38,DiabetesPedigreeFunction,localMax_DiabetesPedigreeFunction,0.8493582,0.6661284,1.0325879
4359,xgb_shap_list_ir_1,xgb_shap_list_ir_1_subset_38,Age,localMax_Age,0.15579182,0.3023588,0.009224892
4360,xgb_shap_list_ir_4,xgb_shap_list_ir_4_subset_111,Pregnancies,localMax_Pregnancies,0.24502581,0.4034465,0.5618672
4361,xgb_shap_list_ir_4,xgb_shap_list_ir_4_subset_111,Glucose,localMax_Glucose,2.681852,1.22457,3.0461724
4362,xgb_shap_list_ir_4,xgb_shap_list_ir_4_subset_111,BloodPressure,localMax_BloodPressure,-0.16275203,-0.019662261,0.6957866
4363,xgb_shap_list_ir_4,xgb_shap_list_ir_4_subset_111,SkinThickness,localMax_SkinThickness,0.11322868,0.24442929,-0.017971873
4364,xgb_shap_list_ir_4,xgb_shap_list_ir_4_subset_111,Insulin,localMax_Insulin,0.036598593,0.12616193,-0.052964717
4365,xgb_shap_list_ir_4,xgb_shap_list_ir_4_subset_111,BMI,localMax_BMI,0.28388202,0.6981007,0.14580911
4366,xgb_shap_list_ir_4,xgb_shap_list_ir_4_subset_111,DiabetesPedigreeFunction,localMax_DiabetesPedigreeFunction,-0.029206097,0.15507132,-0.21348351
4367,xgb_shap_list_ir_4,xgb_shap_list_ir_4_subset_111,Age,localMax_Age,0.73216295,0.9194132,0.3576625
4368,xgb_shap_list_ir_3,xgb_shap_list_ir_3_subset_20,Pregnancies,localMax_Pregnancies,1.0588516,0.05706483,0.25742215
4369,xgb_shap_list_ir_3,xgb_shap_list_ir_3_subset_20,Glucose,localMax_Glucose,1.9703648,0.31515956,1.142762
4370,xgb_shap_list_ir_3,xgb_shap_list_ir_3_subset_20,BloodPressure,localMax_BloodPressure,0.03376594,-0.04767014,0.11520204
4371,xgb_shap_list_ir_3,xgb_shap_list_ir_3_subset_20,SkinThickness,localMax_SkinThickness,0.43057048,0.34405974,0.25754902
4372,xgb_shap_list_ir_3,xgb_shap_list_ir_3_subset_20,Insulin,localMax_Insulin,0.28791255,0.4564088,0.1194163
4373,xgb_shap_list_ir_3,xgb_shap_list_ir_3_subset_20,BMI,localMax_BMI,-0.06741661,0.21820861,0.075396
4374,xgb_shap_list_ir_3,xgb_shap_list_ir_3_subset_20,DiabetesPedigreeFunction,localMax_DiabetesPedigreeFunction,0.82153505,0.27610838,0.094299436
4375,xgb_shap_list_ir_3,xgb_shap_list_ir_3_subset_20,Age,localMax_Age,-0.1252833,0.3473869,-0.0071157515
4376,xgb_shap_list_ir_3,xgb_shap_list_ir_3_subset_116,Pregnancies,localMax_Pregnancies,0.19232929,0.3667274,0.8899218
4377,xgb_shap_list_ir_3,xgb_shap_list_ir_3_subset_116,Glucose,localMax_Glucose,1.137906,0.85195565,1.4238564
4378,xgb_shap_list_ir_3,xgb_shap_list_ir_3_subset_116,BloodPressure,localMax_BloodPressure,0.57885295,0.4185626,0.7391434
4379,xgb_shap_list_ir_3,xgb_shap_list_ir_3_subset_116,SkinThickness,localMax_SkinThickness,0.19751403,0.13926569,0.081017315
4380,xgb_shap_list_ir_3,xgb_shap_list_ir_3_subset_116,Insulin,localMax_Insulin,0.011777103,0.0823486,0.15292011
4381,xgb_shap_list_ir_3,xgb_shap_list_ir_3_subset_116,BMI,localMax_BMI,0.017257273,-0.20901638,0.24353093
4382,xgb_shap_list_ir_3,xgb_shap_list_ir_3_subset_116,DiabetesPedigreeFunction,localMax_DiabetesPedigreeFunction,0.704118,0.92751384,1.1509098
4383,xgb_shap_list_ir_3,xgb_shap_list_ir_3_subset_116,Age,localMax_Age,0.13437015,0.2604522,0.51261634
4384,xgb_shap_list_ir_2,xgb_shap_list_ir_2_subset_62,Pregnancies,localMax_Pregnancies,0.15268317,0.31786972,0.40046304
4385,xgb_shap_list_ir_2,xgb_shap_list_ir_2_subset_62,Glucose,localMax_Glucose,0.13467133,1.910907,1.3188283
4386,xgb_shap_list_ir_2,xgb_shap_list_ir_2_subset_62,BloodPressure,localMax_BloodPressure,0.37626523,0.47052222,0.18775141
4387,xgb_shap_list_ir_2,xgb_shap_list_ir_2_subset_62,SkinThickness,localMax_SkinThickness,0.22013205,-0.054733574,-0.14635545
4388,xgb_shap_list_ir_2,xgb_shap_list_ir_2_subset_62,Insulin,localMax_Insulin,-0.076358706,0.00989598,-0.16261338
4389,xgb_shap_list_ir_2,xgb_shap_list_ir_2_subset_62,BMI,localMax_BMI,1.21298,1.3972613,-0.26126963
4390,xgb_shap_list_ir_2,xgb_shap_list_ir_2_subset_62,DiabetesPedigreeFunction,localMax_DiabetesPedigreeFunction,0.06030345,0.4456066,0.574041
4391,xgb_shap_list_ir_2,xgb_shap_list_ir_2_subset_62,Age,localMax_Age,0.9847313,1.1968232,0.7726394
4392,xgb_shap_list_ir_2,xgb_shap_list_ir_2_subset_77,Pregnancies,localMax_Pregnancies,0.06358905,-0.05950758,-0.121055886
4393,xgb_shap_list_ir_2,xgb_shap_list_ir_2_subset_77,Glucose,localMax_Glucose,0.45713258,0.78581846,0.6214755
4394,xgb_shap_list_ir_2,xgb_shap_list_ir_2_subset_77,BloodPressure,localMax_BloodPressure,0.2548895,0.37896776,0.50304604
4395,xgb_shap_list_ir_2,xgb_shap_list_ir_2_subset_77,SkinThickness,localMax_SkinThickness,0.20961636,0.35782295,0.06140977
4396,xgb_shap_list_ir_2,xgb_shap_list_ir_2_subset_77,Insulin,localMax_Insulin,0.15167451,0.31585604,0.23376527
4397,xgb_shap_list_ir_2,xgb_shap_list_ir_2_subset_77,BMI,localMax_BMI,0.26743233,1.6140963,-0.0019004345
4398,xgb_shap_list_ir_2,xgb_shap_list_ir_2_subset_77,DiabetesPedigreeFunction,localMax_DiabetesPedigreeFunction,-0.11483222,0.042281866,0.82785213
4399,xgb_shap_list_ir_2,xgb_shap_list_ir_2_subset_77,Age,localMax_Age,1.5273492,1.7905672,1.0009135
4400,xgb_shap_list_ir_1,xgb_shap_list_ir_1_subset_135,Pregnancies,localMax_Pregnancies,0.10721943,0.2867831,-0.52125365
4401,xgb_shap_list_ir_1,xgb_shap_list_ir_1_subset_135,Glucose,localMax_Glucose,1.4608984,1.1837275,1.7380693
4402,xgb_shap_list_ir_1,xgb_shap_list_ir_1_subset_135,BloodPressure,localMax_BloodPressure,0.6291165,0.350366,0.5594289
4403,xgb_shap_list_ir_1,xgb_shap_list_ir_1_subset_135,SkinThickness,localMax_SkinThickness,0.3336984,0.2573499,0.18100137
4404,xgb_shap_list_ir_1,xgb_shap_list_ir_1_subset_135,Insulin,localMax_Insulin,-0.08724089,-0.16995817,0.16091096
4405,xgb_shap_list_ir_1,xgb_shap_list_ir_1_subset_135,BMI,localMax_BMI,1.2119099,1.0299649,1.393855
4406,xgb_shap_list_ir_1,xgb_shap_list_ir_1_subset_135,DiabetesPedigreeFunction,localMax_DiabetesPedigreeFunction,1.2829862,1.1347711,-0.4955945
4407,xgb_shap_list_ir_1,xgb_shap_list_ir_1_subset_135,Age,localMax_Age,0.33453888,0.21674782,0.45232987
4408,xgb_shap_list_ir_2,xgb_shap_list_ir_2_subset_1,Pregnancies,localMax_Pregnancies,0.22645319,0.36473215,0.50301117
4409,xgb_shap_list_ir_2,xgb_shap_list_ir_2_subset_1,Glucose,localMax_Glucose,0.6592928,0.896139,0.4224465
4410,xgb_shap_list_ir_2,xgb_shap_list_ir_2_subset_1,BloodPressure,localMax_BloodPressure,0.6512057,0.5084373,0.22290045
4411,xgb_shap_list_ir_2,xgb_shap_list_ir_2_subset_1,SkinThickness,localMax_SkinThickness,0.6019344,0.36093867,0.48143655
4412,xgb_shap_list_ir_2,xgb_shap_list_ir_2_subset_1,Insulin,localMax_Insulin,0.55311114,0.6704229,-0.03344798
4413,xgb_shap_list_ir_2,xgb_shap_list_ir_2_subset_1,BMI,localMax_BMI,0.5394973,-0.20201355,1.5281785
4414,xgb_shap_list_ir_2,xgb_shap_list_ir_2_subset_1,DiabetesPedigreeFunction,localMax_DiabetesPedigreeFunction,0.63343155,0.42135322,0.8455099
4415,xgb_shap_list_ir_2,xgb_shap_list_ir_2_subset_1,Age,localMax_Age,1.1117984,-0.38545984,1.2989556
4416,xgb_shap_list_ir_3,xgb_shap_list_ir_3_subset_72,Pregnancies,localMax_Pregnancies,0.47174692,0.68927383,0.25422
4417,xgb_shap_list_ir_3,xgb_shap_list_ir_3_subset_72,Glucose,localMax_Glucose,0.6848998,1.8328872,1.0675623
4418,xgb_shap_list_ir_3,xgb_shap_list_ir_3_subset_72,BloodPressure,localMax_BloodPressure,0.18181407,0.097544044,0.26608407
4419,xgb_shap_list_ir_3,xgb_shap_list_ir_3_subset_72,SkinThickness,localMax_SkinThickness,0.27320102,0.2158351,0.33056697
4420,xgb_shap_list_ir_3,xgb_shap_list_ir_3_subset_72,Insulin,localMax_Insulin,0.06878853,0.18573672,0.30268496
4421,xgb_shap_list_ir_3,xgb_shap_list_ir_3_subset_72,BMI,localMax_BMI,0.4292761,0.20441139,0.65414083
4422,xgb_shap_list_ir_3,xgb_shap_list_ir_3_subset_72,DiabetesPedigreeFunction,localMax_DiabetesPedigreeFunction,0.44707108,0.7686721,0.12547016
4423,xgb_shap_list_ir_3,xgb_shap_list_ir_3_subset_72,Age,localMax_Age,1.0697044,0.91375995,1.2256489
4424,xgb_shap_list_ir_2,xgb_shap_list_ir_2_subset_63,Pregnancies,localMax_Pregnancies,-0.11693409,0.02047962,-0.2543478
4425,xgb_shap_list_ir_2,xgb_shap_list_ir_2_subset_63,Glucose,localMax_Glucose,1.7648313,1.461174,1.157517
4426,xgb_shap_list_ir_2,xgb_shap_list_ir_2_subset_63,BloodPressure,localMax_BloodPressure,-0.38945478,-0.27272648,-0.506183
4427,xgb_shap_list_ir_2,xgb_shap_list_ir_2_subset_63,SkinThickness,localMax_SkinThickness,0.17937395,0.23364669,0.12510118
4428,xgb_shap_list_ir_2,xgb_shap_list_ir_2_subset_63,Insulin,localMax_Insulin,-0.04188177,0.0861648,-0.16992837
4429,xgb_shap_list_ir_2,xgb_shap_list_ir_2_subset_63,BMI,localMax_BMI,1.1266403,1.5531259,1.7663686
4430,xgb_shap_list_ir_2,xgb_shap_list_ir_2_subset_63,DiabetesPedigreeFunction,localMax_DiabetesPedigreeFunction,-0.13899046,0.9955003,0.61733663
4431,xgb_shap_list_ir_2,xgb_shap_list_ir_2_subset_63,Age,localMax_Age,0.31407374,0.45064622,0.1775012
4432,xgb_shap_list_ir_2,xgb_shap_list_ir_2_subset_11,Pregnancies,localMax_Pregnancies,0.38826558,0.33034024,0.44619092
4433,xgb_shap_list_ir_2,xgb_shap_list_ir_2_subset_11,Glucose,localMax_Glucose,1.5747771,1.1532059,0.7316346
4434,xgb_shap_list_ir_2,xgb_shap_list_ir_2_subset_11,BloodPressure,localMax_BloodPressure,0.2748512,0.37872607,0.17097634
4435,xgb_shap_list_ir_2,xgb_shap_list_ir_2_subset_11,SkinThickness,localMax_SkinThickness,0.54050833,0.6588564,0.1854642
4436,xgb_shap_list_ir_2,xgb_shap_list_ir_2_subset_11,Insulin,localMax_Insulin,-0.20902902,-0.34293038,0.5943791
4437,xgb_shap_list_ir_2,xgb_shap_list_ir_2_subset_11,BMI,localMax_BMI,-0.054261208,0.09336305,0.2409873
4438,xgb_shap_list_ir_2,xgb_shap_list_ir_2_subset_11,DiabetesPedigreeFunction,localMax_DiabetesPedigreeFunction,0.5064692,0.19432902,0.35039908
4439,xgb_shap_list_ir_2,xgb_shap_list_ir_2_subset_11,Age,localMax_Age,0.9108457,-0.24267766,0.78267646
4440,xgb_shap_list_ir_5,xgb_shap_list_ir_5_subset_124,Pregnancies,localMax_Pregnancies,0.36463398,0.44430923,0.28495866
4441,xgb_shap_list_ir_5,xgb_shap_list_ir_5_subset_124,Glucose,localMax_Glucose,1.4499788,1.0988224,1.8011353
4442,xgb_shap_list_ir_5,xgb_shap_list_ir_5_subset_124,BloodPressure,localMax_BloodPressure,0.25887704,0.0928815,0.42487264
4443,xgb_shap_list_ir_5,xgb_shap_list_ir_5_subset_124,SkinThickness,localMax_SkinThickness,0.21160606,0.12597036,0.29724175
4444,xgb_shap_list_ir_5,xgb_shap_list_ir_5_subset_124,Insulin,localMax_Insulin,0.2851677,0.13641316,-0.0123413205
4445,xgb_shap_list_ir_5,xgb_shap_list_ir_5_subset_124,BMI,localMax_BMI,0.36493695,0.07732952,0.6525444
4446,xgb_shap_list_ir_5,xgb_shap_list_ir_5_subset_124,DiabetesPedigreeFunction,localMax_DiabetesPedigreeFunction,0.5015551,0.31511414,0.68799603
4447,xgb_shap_list_ir_5,xgb_shap_list_ir_5_subset_124,Age,localMax_Age,0.34001166,0.15075916,0.9077692
4448,xgb_shap_list_ir_5,xgb_shap_list_ir_5_subset_152,Pregnancies,localMax_Pregnancies,0.31550068,0.44915676,0.18184459
4449,xgb_shap_list_ir_5,xgb_shap_list_ir_5_subset_152,Glucose,localMax_Glucose,0.39517426,0.76463675,0.025711775
4450,xgb_shap_list_ir_5,xgb_shap_list_ir_5_subset_152,BloodPressure,localMax_BloodPressure,0.40088093,0.24493378,0.088986635
4451,xgb_shap_list_ir_5,xgb_shap_list_ir_5_subset_152,SkinThickness,localMax_SkinThickness,0.23824888,0.13666528,0.33983245
4452,xgb_shap_list_ir_5,xgb_shap_list_ir_5_subset_152,Insulin,localMax_Insulin,0.14953804,-0.020148993,0.319225
4453,xgb_shap_list_ir_5,xgb_shap_list_ir_5_subset_152,BMI,localMax_BMI,0.4377985,0.16563177,-0.10653502
4454,xgb_shap_list_ir_5,xgb_shap_list_ir_5_subset_152,DiabetesPedigreeFunction,localMax_DiabetesPedigreeFunction,0.5925542,0.74963534,0.43547314
4455,xgb_shap_list_ir_5,xgb_shap_list_ir_5_subset_152,Age,localMax_Age,0.57763606,0.71650505,0.43876708
4456,xgb_shap_list_ir_2,xgb_shap_list_ir_2_subset_78,Pregnancies,localMax_Pregnancies,0.06749523,0.17569172,-0.04070127
4457,xgb_shap_list_ir_2,xgb_shap_list_ir_2_subset_78,Glucose,localMax_Glucose,0.85238516,1.1024688,0.6023016
4458,xgb_shap_list_ir_2,xgb_shap_list_ir_2_subset_78,BloodPressure,localMax_BloodPressure,0.24128711,0.34213573,0.14043844
4459,xgb_shap_list_ir_2,xgb_shap_list_ir_2_subset_78,SkinThickness,localMax_SkinThickness,0.42419535,0.34552324,0.18817908
4460,xgb_shap_list_ir_2,xgb_shap_list_ir_2_subset_78,Insulin,localMax_Insulin,0.14068902,0.43243384,0.28656143
4461,xgb_shap_list_ir_2,xgb_shap_list_ir_2_subset_78,BMI,localMax_BMI,0.39750683,0.6116574,-0.24494487
4462,xgb_shap_list_ir_2,xgb_shap_list_ir_2_subset_78,DiabetesPedigreeFunction,localMax_DiabetesPedigreeFunction,0.3924687,0.0902186,0.24134368
4463,xgb_shap_list_ir_2,xgb_shap_list_ir_2_subset_78,Age,localMax_Age,0.78661716,0.6002785,0.97295594
4464,xgb_shap_list_ir_3,xgb_shap_list_ir_3_subset_60,Pregnancies,localMax_Pregnancies,0.4065228,0.53727645,0.27576917
4465,xgb_shap_list_ir_3,xgb_shap_list_ir_3_subset_60,Glucose,localMax_Glucose,1.0481014,-0.11419511,2.5978298
4466,xgb_shap_list_ir_3,xgb_shap_list_ir_3_subset_60,BloodPressure,localMax_BloodPressure,-0.16603181,0.48296577,-0.29583135
4467,xgb_shap_list_ir_3,xgb_shap_list_ir_3_subset_60,SkinThickness,localMax_SkinThickness,0.020809889,-0.09474671,-0.2103033
4468,xgb_shap_list_ir_3,xgb_shap_list_ir_3_subset_60,Insulin,localMax_Insulin,-0.06595978,0.04509005,-0.17700961
4469,xgb_shap_list_ir_3,xgb_shap_list_ir_3_subset_60,BMI,localMax_BMI,1.3452123,0.8719802,0.6353641
4470,xgb_shap_list_ir_3,xgb_shap_list_ir_3_subset_60,DiabetesPedigreeFunction,localMax_DiabetesPedigreeFunction,0.3426707,0.23824474,0.4470967
4471,xgb_shap_list_ir_3,xgb_shap_list_ir_3_subset_60,Age,localMax_Age,-0.29549456,1.3090012,-0.11721724
4472,xgb_shap_list_ir_2,xgb_shap_list_ir_2_subset_91,Pregnancies,localMax_Pregnancies,0.7052394,0.08474076,0.82933915
4473,xgb_shap_list_ir_2,xgb_shap_list_ir_2_subset_91,Glucose,localMax_Glucose,2.7568676,-0.1624893,2.3398166
4474,xgb_shap_list_ir_2,xgb_shap_list_ir_2_subset_91,BloodPressure,localMax_BloodPressure,0.38714182,-0.18436164,0.029952168
4475,xgb_shap_list_ir_2,xgb_shap_list_ir_2_subset_91,SkinThickness,localMax_SkinThickness,-0.03800994,0.20121333,0.08160171
4476,xgb_shap_list_ir_2,xgb_shap_list_ir_2_subset_91,Insulin,localMax_Insulin,0.21675187,-0.12486102,0.1484293
4477,xgb_shap_list_ir_2,xgb_shap_list_ir_2_subset_91,BMI,localMax_BMI,0.36052468,0.0910742,0.22579944
4478,xgb_shap_list_ir_2,xgb_shap_list_ir_2_subset_91,DiabetesPedigreeFunction,localMax_DiabetesPedigreeFunction,0.37083185,0.21427375,0.5273899
4479,xgb_shap_list_ir_2,xgb_shap_list_ir_2_subset_91,Age,localMax_Age,0.31883222,0.44322932,0.19443518
4480,xgb_shap_list_ir_2,xgb_shap_list_ir_2_subset_37,Pregnancies,localMax_Pregnancies,0.20222896,0.2878788,0.37352866
4481,xgb_shap_list_ir_2,xgb_shap_list_ir_2_subset_37,Glucose,localMax_Glucose,0.9510256,0.31965756,1.2667096
4482,xgb_shap_list_ir_2,xgb_shap_list_ir_2_subset_37,BloodPressure,localMax_BloodPressure,0.25071073,0.10367364,0.3977478
4483,xgb_shap_list_ir_2,xgb_shap_list_ir_2_subset_37,SkinThickness,localMax_SkinThickness,0.046248853,0.15860462,-0.066106915
4484,xgb_shap_list_ir_2,xgb_shap_list_ir_2_subset_37,Insulin,localMax_Insulin,-0.04378158,0.04554981,0.31354403
4485,xgb_shap_list_ir_2,xgb_shap_list_ir_2_subset_37,BMI,localMax_BMI,0.2025801,-0.008014798,0.413175
4486,xgb_shap_list_ir_2,xgb_shap_list_ir_2_subset_37,DiabetesPedigreeFunction,localMax_DiabetesPedigreeFunction,0.9076116,1.1721488,0.6430743
4487,xgb_shap_list_ir_2,xgb_shap_list_ir_2_subset_37,Age,localMax_Age,0.41749954,0.2209884,0.6140107
4488,xgb_shap_list_ir_4,xgb_shap_list_ir_4_subset_126,Pregnancies,localMax_Pregnancies,0.35253626,0.5151545,-0.13531828
4489,xgb_shap_list_ir_4,xgb_shap_list_ir_4_subset_126,Glucose,localMax_Glucose,1.9495468,1.0757964,1.5126715
4490,xgb_shap_list_ir_4,xgb_shap_list_ir_4_subset_126,BloodPressure,localMax_BloodPressure,0.037394047,0.48355532,-0.2600469
4491,xgb_shap_list_ir_4,xgb_shap_list_ir_4_subset_126,SkinThickness,localMax_SkinThickness,0.30405775,0.21390873,0.12375969
4492,xgb_shap_list_ir_4,xgb_shap_list_ir_4_subset_126,Insulin,localMax_Insulin,-0.10152918,0.010417223,0.12236363
4493,xgb_shap_list_ir_4,xgb_shap_list_ir_4_subset_126,BMI,localMax_BMI,0.26039636,0.54416907,0.8279419
4494,xgb_shap_list_ir_4,xgb_shap_list_ir_4_subset_126,DiabetesPedigreeFunction,localMax_DiabetesPedigreeFunction,0.32303143,0.08248097,0.56358194
4495,xgb_shap_list_ir_4,xgb_shap_list_ir_4_subset_126,Age,localMax_Age,0.09636539,-0.08227992,0.27501065
4496,xgb_shap_list_ir_1,xgb_shap_list_ir_1_subset_112,Pregnancies,localMax_Pregnancies,0.44832218,0.6009801,0.2956642
4497,xgb_shap_list_ir_1,xgb_shap_list_ir_1_subset_112,Glucose,localMax_Glucose,1.4143857,1.6469551,1.1818161
4498,xgb_shap_list_ir_1,xgb_shap_list_ir_1_subset_112,BloodPressure,localMax_BloodPressure,0.15484422,0.062612236,0.61600405
4499,xgb_shap_list_ir_1,xgb_shap_list_ir_1_subset_112,SkinThickness,localMax_SkinThickness,0.31135842,0.01852505,-0.030280516
4500,xgb_shap_list_ir_1,xgb_shap_list_ir_1_subset_112,Insulin,localMax_Insulin,0.104318246,0.13820574,0.0026557893
4501,xgb_shap_list_ir_1,xgb_shap_list_ir_1_subset_112,BMI,localMax_BMI,0.6623043,0.8355236,1.0087429
4502,xgb_shap_list_ir_1,xgb_shap_list_ir_1_subset_112,DiabetesPedigreeFunction,localMax_DiabetesPedigreeFunction,0.082938194,-0.031915605,-0.26162317
4503,xgb_shap_list_ir_1,xgb_shap_list_ir_1_subset_112,Age,localMax_Age,0.96060956,0.6601251,0.81036735
4504,xgb_shap_list_ir_1,xgb_shap_list_ir_1_subset_44,Pregnancies,localMax_Pregnancies,0.54299676,0.42801172,-0.836824
4505,xgb_shap_list_ir_1,xgb_shap_list_ir_1_subset_44,Glucose,localMax_Glucose,1.2540413,1.4631947,-0.0008789301
4506,xgb_shap_list_ir_1,xgb_shap_list_ir_1_subset_44,BloodPressure,localMax_BloodPressure,0.114688545,-0.10682848,0.18852755
4507,xgb_shap_list_ir_1,xgb_shap_list_ir_1_subset_44,SkinThickness,localMax_SkinThickness,-0.25409544,-0.1707828,-0.087470174
4508,xgb_shap_list_ir_1,xgb_shap_list_ir_1_subset_44,Insulin,localMax_Insulin,0.60052055,0.44854695,0.7524942
4509,xgb_shap_list_ir_1,xgb_shap_list_ir_1_subset_44,BMI,localMax_BMI,0.50812083,-0.01847145,0.5958862
4510,xgb_shap_list_ir_1,xgb_shap_list_ir_1_subset_44,DiabetesPedigreeFunction,localMax_DiabetesPedigreeFunction,1.1934044,1.4039524,0.9828564
4511,xgb_shap_list_ir_1,xgb_shap_list_ir_1_subset_44,Age,localMax_Age,0.97723174,1.1702859,1.3633401
4512,xgb_shap_list_ir_2,xgb_shap_list_ir_2_subset_160,Pregnancies,localMax_Pregnancies,0.8026823,0.55527604,0.3078698
4513,xgb_shap_list_ir_2,xgb_shap_list_ir_2_subset_160,Glucose,localMax_Glucose,0.9811034,2.0701067,0.6181023
4514,xgb_shap_list_ir_2,xgb_shap_list_ir_2_subset_160,BloodPressure,localMax_BloodPressure,0.27694315,0.4548419,0.09904438
4515,xgb_shap_list_ir_2,xgb_shap_list_ir_2_subset_160,SkinThickness,localMax_SkinThickness,0.81249523,0.6490581,0.97593236
4516,xgb_shap_list_ir_2,xgb_shap_list_ir_2_subset_160,Insulin,localMax_Insulin,-0.17820755,0.25473014,0.34131762
4517,xgb_shap_list_ir_2,xgb_shap_list_ir_2_subset_160,BMI,localMax_BMI,0.97724843,1.5646262,1.8583152
4518,xgb_shap_list_ir_2,xgb_shap_list_ir_2_subset_160,DiabetesPedigreeFunction,localMax_DiabetesPedigreeFunction,0.33478802,0.49730444,0.009755254
4519,xgb_shap_list_ir_2,xgb_shap_list_ir_2_subset_160,Age,localMax_Age,0.31171587,0.40195608,0.49219632
4520,xgb_shap_list_ir_1,xgb_shap_list_ir_1_subset_150,Pregnancies,localMax_Pregnancies,0.2456395,0.3345306,0.15674847
4521,xgb_shap_list_ir_1,xgb_shap_list_ir_1_subset_150,Glucose,localMax_Glucose,0.5489817,0.6807765,0.41718698
4522,xgb_shap_list_ir_1,xgb_shap_list_ir_1_subset_150,BloodPressure,localMax_BloodPressure,0.8461505,1.006137,0.686164
4523,xgb_shap_list_ir_1,xgb_shap_list_ir_1_subset_150,SkinThickness,localMax_SkinThickness,0.30583417,0.22107911,0.39058924
4524,xgb_shap_list_ir_1,xgb_shap_list_ir_1_subset_150,Insulin,localMax_Insulin,-0.26387995,-0.058012977,-0.19525765
4525,xgb_shap_list_ir_1,xgb_shap_list_ir_1_subset_150,BMI,localMax_BMI,1.27198,1.4396544,-0.069414616
4526,xgb_shap_list_ir_1,xgb_shap_list_ir_1_subset_150,DiabetesPedigreeFunction,localMax_DiabetesPedigreeFunction,0.6904222,0.9316802,0.44916415
4527,xgb_shap_list_ir_1,xgb_shap_list_ir_1_subset_150,Age,localMax_Age,0.94031906,0.7602118,0.5801046
4528,xgb_shap_list_ir_5,xgb_shap_list_ir_5_subset_129,Pregnancies,localMax_Pregnancies,0.4340924,0.23677105,0.03944969
4529,xgb_shap_list_ir_5,xgb_shap_list_ir_5_subset_129,Glucose,localMax_Glucose,1.4883828,1.9289498,2.369517
4530,xgb_shap_list_ir_5,xgb_shap_list_ir_5_subset_129,BloodPressure,localMax_BloodPressure,0.23756203,-0.06024775,0.1382921
4531,xgb_shap_list_ir_5,xgb_shap_list_ir_5_subset_129,SkinThickness,localMax_SkinThickness,0.11349431,0.03322801,0.1937606
4532,xgb_shap_list_ir_5,xgb_shap_list_ir_5_subset_129,Insulin,localMax_Insulin,0.23031008,0.09564772,-0.039014608
4533,xgb_shap_list_ir_5,xgb_shap_list_ir_5_subset_129,BMI,localMax_BMI,-0.13079202,0.14509642,-0.40668046
4534,xgb_shap_list_ir_5,xgb_shap_list_ir_5_subset_129,DiabetesPedigreeFunction,localMax_DiabetesPedigreeFunction,0.55135715,0.38848156,0.22560596
4535,xgb_shap_list_ir_5,xgb_shap_list_ir_5_subset_129,Age,localMax_Age,0.8183693,1.1731682,0.9957688
4536,xgb_shap_list_ir_2,xgb_shap_list_ir_2_subset_6,Pregnancies,localMax_Pregnancies,0.12393522,0.27412194,0.42430866
4537,xgb_shap_list_ir_2,xgb_shap_list_ir_2_subset_6,Glucose,localMax_Glucose,0.4100536,0.9671829,1.2457474
4538,xgb_shap_list_ir_2,xgb_shap_list_ir_2_subset_6,BloodPressure,localMax_BloodPressure,0.38304758,0.5712246,0.19487059
4539,xgb_shap_list_ir_2,xgb_shap_list_ir_2_subset_6,SkinThickness,localMax_SkinThickness,-0.08659652,0.02622822,-0.19942123
4540,xgb_shap_list_ir_2,xgb_shap_list_ir_2_subset_6,Insulin,localMax_Insulin,0.22608411,0.34247255,0.1096957
4541,xgb_shap_list_ir_2,xgb_shap_list_ir_2_subset_6,BMI,localMax_BMI,2.2347913,-0.1569171,1.9358277
4542,xgb_shap_list_ir_2,xgb_shap_list_ir_2_subset_6,DiabetesPedigreeFunction,localMax_DiabetesPedigreeFunction,0.8651677,1.012218,0.71811736
4543,xgb_shap_list_ir_2,xgb_shap_list_ir_2_subset_6,Age,localMax_Age,1.1734494,1.3891073,0.95779145
4544,xgb_shap_list_ir_3,xgb_shap_list_ir_3_subset_27,Pregnancies,localMax_Pregnancies,0.37279874,0.46771926,0.27787822
4545,xgb_shap_list_ir_3,xgb_shap_list_ir_3_subset_27,Glucose,localMax_Glucose,1.6993222,0.20723522,1.3263004
4546,xgb_shap_list_ir_3,xgb_shap_list_ir_3_subset_27,BloodPressure,localMax_BloodPressure,0.59511024,0.4959551,0.2976448
4547,xgb_shap_list_ir_3,xgb_shap_list_ir_3_subset_27,SkinThickness,localMax_SkinThickness,0.45861375,0.33293724,0.58429027
4548,xgb_shap_list_ir_3,xgb_shap_list_ir_3_subset_27,Insulin,localMax_Insulin,-0.10460457,-0.0184834,0.32600126
4549,xgb_shap_list_ir_3,xgb_shap_list_ir_3_subset_27,BMI,localMax_BMI,-0.28173363,-0.02031219,1.0253736
4550,xgb_shap_list_ir_3,xgb_shap_list_ir_3_subset_27,DiabetesPedigreeFunction,localMax_DiabetesPedigreeFunction,0.43392277,0.6479485,0.21989709
4551,xgb_shap_list_ir_3,xgb_shap_list_ir_3_subset_27,Age,localMax_Age,0.06352118,0.14062294,0.21772471
4552,xgb_shap_list_ir_3,xgb_shap_list_ir_3_subset_47,Pregnancies,localMax_Pregnancies,0.20431322,0.3356874,0.46706152
4553,xgb_shap_list_ir_3,xgb_shap_list_ir_3_subset_47,Glucose,localMax_Glucose,0.67369425,1.4350002,1.8156533
4554,xgb_shap_list_ir_3,xgb_shap_list_ir_3_subset_47,BloodPressure,localMax_BloodPressure,0.15539879,0.30130845,0.009489119
4555,xgb_shap_list_ir_3,xgb_shap_list_ir_3_subset_47,SkinThickness,localMax_SkinThickness,0.21256131,0.42866695,0.32061416
4556,xgb_shap_list_ir_3,xgb_shap_list_ir_3_subset_47,Insulin,localMax_Insulin,-0.037846446,0.25802368,0.06077692
4557,xgb_shap_list_ir_3,xgb_shap_list_ir_3_subset_47,BMI,localMax_BMI,-0.09808558,-0.32306755,0.12689632
4558,xgb_shap_list_ir_3,xgb_shap_list_ir_3_subset_47,DiabetesPedigreeFunction,localMax_DiabetesPedigreeFunction,0.8412924,0.68523633,0.9973484
4559,xgb_shap_list_ir_3,xgb_shap_list_ir_3_subset_47,Age,localMax_Age,0.2268511,0.38511336,0.5433756
4560,xgb_shap_list_ir_3,xgb_shap_list_ir_3_subset_127,Pregnancies,localMax_Pregnancies,0.16460425,0.5935846,0.4863395
4561,xgb_shap_list_ir_3,xgb_shap_list_ir_3_subset_127,Glucose,localMax_Glucose,0.6908823,0.3583349,0.025787473
4562,xgb_shap_list_ir_3,xgb_shap_list_ir_3_subset_127,BloodPressure,localMax_BloodPressure,0.51457244,0.6315079,0.39763695
4563,xgb_shap_list_ir_3,xgb_shap_list_ir_3_subset_127,SkinThickness,localMax_SkinThickness,0.5215749,0.40013623,0.2786975
4564,xgb_shap_list_ir_3,xgb_shap_list_ir_3_subset_127,Insulin,localMax_Insulin,-0.0895682,0.024606079,-0.20374246
4565,xgb_shap_list_ir_3,xgb_shap_list_ir_3_subset_127,BMI,localMax_BMI,1.4350386,1.7034994,0.6296561
4566,xgb_shap_list_ir_3,xgb_shap_list_ir_3_subset_127,DiabetesPedigreeFunction,localMax_DiabetesPedigreeFunction,0.0893656,0.52430344,0.37932414
4567,xgb_shap_list_ir_3,xgb_shap_list_ir_3_subset_127,Age,localMax_Age,0.7522484,1.0063843,-0.010159373
4568,xgb_shap_list_ir_5,xgb_shap_list_ir_5_subset_134,Pregnancies,localMax_Pregnancies,0.3966454,0.48639488,0.30689588
4569,xgb_shap_list_ir_5,xgb_shap_list_ir_5_subset_134,Glucose,localMax_Glucose,2.3730755,0.15801585,0.60102785
4570,xgb_shap_list_ir_5,xgb_shap_list_ir_5_subset_134,BloodPressure,localMax_BloodPressure,0.10362449,-0.004329473,0.21157846
4571,xgb_shap_list_ir_5,xgb_shap_list_ir_5_subset_134,SkinThickness,localMax_SkinThickness,0.47214264,0.21192294,-0.04829687
4572,xgb_shap_list_ir_5,xgb_shap_list_ir_5_subset_134,Insulin,localMax_Insulin,-0.04750687,0.23887664,0.095684886
4573,xgb_shap_list_ir_5,xgb_shap_list_ir_5_subset_134,BMI,localMax_BMI,0.49641395,0.262932,0.72989583
4574,xgb_shap_list_ir_5,xgb_shap_list_ir_5_subset_134,DiabetesPedigreeFunction,localMax_DiabetesPedigreeFunction,0.651067,-0.17807537,0.44378144
4575,xgb_shap_list_ir_5,xgb_shap_list_ir_5_subset_134,Age,localMax_Age,1.1544658,0.9583585,1.3505731
4576,xgb_shap_list_ir_3,xgb_shap_list_ir_3_subset_104,Pregnancies,localMax_Pregnancies,0.17773652,0.585487,0.27967417
4577,xgb_shap_list_ir_3,xgb_shap_list_ir_3_subset_104,Glucose,localMax_Glucose,1.1640556,1.5319982,0.79611313
4578,xgb_shap_list_ir_3,xgb_shap_list_ir_3_subset_104,BloodPressure,localMax_BloodPressure,0.097563505,0.34589458,0.22172904
4579,xgb_shap_list_ir_3,xgb_shap_list_ir_3_subset_104,SkinThickness,localMax_SkinThickness,0.14712265,0.06580013,0.22844514
4580,xgb_shap_list_ir_3,xgb_shap_list_ir_3_subset_104,Insulin,localMax_Insulin,-0.040352717,-0.105151,0.024445549
4581,xgb_shap_list_ir_3,xgb_shap_list_ir_3_subset_104,BMI,localMax_BMI,0.1586152,0.43449116,0.2965532
4582,xgb_shap_list_ir_3,xgb_shap_list_ir_3_subset_104,DiabetesPedigreeFunction,localMax_DiabetesPedigreeFunction,1.0214843,0.173787,1.4453329
4583,xgb_shap_list_ir_3,xgb_shap_list_ir_3_subset_104,Age,localMax_Age,0.93392575,1.1089239,0.7589276
4584,xgb_shap_list_ir_3,xgb_shap_list_ir_3_subset_143,Pregnancies,localMax_Pregnancies,0.490762,0.65480494,0.326719
4585,xgb_shap_list_ir_3,xgb_shap_list_ir_3_subset_143,Glucose,localMax_Glucose,1.9731343,2.3021781,1.6440904
4586,xgb_shap_list_ir_3,xgb_shap_list_ir_3_subset_143,BloodPressure,localMax_BloodPressure,0.2160455,0.33490777,0.09718323
4587,xgb_shap_list_ir_3,xgb_shap_list_ir_3_subset_143,SkinThickness,localMax_SkinThickness,0.12167886,0.04778567,-0.026107505
4588,xgb_shap_list_ir_3,xgb_shap_list_ir_3_subset_143,Insulin,localMax_Insulin,0.28114682,-0.2028582,0.37794787
4589,xgb_shap_list_ir_3,xgb_shap_list_ir_3_subset_143,BMI,localMax_BMI,0.19628525,-0.013760805,0.40633136
4590,xgb_shap_list_ir_3,xgb_shap_list_ir_3_subset_143,DiabetesPedigreeFunction,localMax_DiabetesPedigreeFunction,0.7758362,1.0307858,0.52088666
4591,xgb_shap_list_ir_3,xgb_shap_list_ir_3_subset_143,Age,localMax_Age,0.6446358,0.5182168,0.7710548
4592,xgb_shap_list_ir_1,xgb_shap_list_ir_1_subset_52,Pregnancies,localMax_Pregnancies,0.011709243,0.20577781,-0.016014837
4593,xgb_shap_list_ir_1,xgb_shap_list_ir_1_subset_52,Glucose,localMax_Glucose,1.2039349,0.3254918,1.4967494
4594,xgb_shap_list_ir_1,xgb_shap_list_ir_1_subset_52,BloodPressure,localMax_BloodPressure,0.15374422,0.57019794,0.46608448
4595,xgb_shap_list_ir_1,xgb_shap_list_ir_1_subset_52,SkinThickness,localMax_SkinThickness,0.81367636,0.58653635,0.7001064
4596,xgb_shap_list_ir_1,xgb_shap_list_ir_1_subset_52,Insulin,localMax_Insulin,-0.0605684,-0.036701128,0.13036975
4597,xgb_shap_list_ir_1,xgb_shap_list_ir_1_subset_52,BMI,localMax_BMI,0.682075,0.88555384,0.4785961
4598,xgb_shap_list_ir_1,xgb_shap_list_ir_1_subset_52,DiabetesPedigreeFunction,localMax_DiabetesPedigreeFunction,1.0027167,1.2721531,0.73328006
4599,xgb_shap_list_ir_1,xgb_shap_list_ir_1_subset_52,Age,localMax_Age,0.14795753,0.4041842,0.08390084
4600,xgb_shap_list_ir_1,xgb_shap_list_ir_1_subset_1,Pregnancies,localMax_Pregnancies,0.23341316,0.1298061,0.54423434
4601,xgb_shap_list_ir_1,xgb_shap_list_ir_1_subset_1,Glucose,localMax_Glucose,0.6455729,0.84303844,0.44810736
4602,xgb_shap_list_ir_1,xgb_shap_list_ir_1_subset_1,BloodPressure,localMax_BloodPressure,0.42084575,0.24067402,0.06050223
4603,xgb_shap_list_ir_1,xgb_shap_list_ir_1_subset_1,SkinThickness,localMax_SkinThickness,0.052877724,-0.044081658,0.14983708
4604,xgb_shap_list_ir_1,xgb_shap_list_ir_1_subset_1,Insulin,localMax_Insulin,-0.03156309,0.03142886,-0.09455502
4605,xgb_shap_list_ir_1,xgb_shap_list_ir_1_subset_1,BMI,localMax_BMI,1.320874,1.1670597,-0.06345463
4606,xgb_shap_list_ir_1,xgb_shap_list_ir_1_subset_1,DiabetesPedigreeFunction,localMax_DiabetesPedigreeFunction,0.37525636,0.25642967,0.49408305
4607,xgb_shap_list_ir_1,xgb_shap_list_ir_1_subset_1,Age,localMax_Age,0.96412325,-0.16672522,0.5400551
4608,xgb_shap_list_ir_1,xgb_shap_list_ir_1_subset_72,Pregnancies,localMax_Pregnancies,2.0662856,2.2825751,1.8499962
4609,xgb_shap_list_ir_1,xgb_shap_list_ir_1_subset_72,Glucose,localMax_Glucose,1.3298914,1.016257,0.7026228
4610,xgb_shap_list_ir_1,xgb_shap_list_ir_1_subset_72,BloodPressure,localMax_BloodPressure,0.16798306,0.24565831,0.0903078
4611,xgb_shap_list_ir_1,xgb_shap_list_ir_1_subset_72,SkinThickness,localMax_SkinThickness,0.033548564,-0.1852304,-0.25815675
4612,xgb_shap_list_ir_1,xgb_shap_list_ir_1_subset_72,Insulin,localMax_Insulin,0.94669986,0.72457874,0.5024576
4613,xgb_shap_list_ir_1,xgb_shap_list_ir_1_subset_72,BMI,localMax_BMI,0.4717909,0.56414455,0.28708363
4614,xgb_shap_list_ir_1,xgb_shap_list_ir_1_subset_72,DiabetesPedigreeFunction,localMax_DiabetesPedigreeFunction,0.4791963,0.8126817,0.97942436
4615,xgb_shap_list_ir_1,xgb_shap_list_ir_1_subset_72,Age,localMax_Age,-0.002437055,0.069378555,-0.07425268
4616,xgb_shap_list_ir_4,xgb_shap_list_ir_4_subset_65,Pregnancies,localMax_Pregnancies,0.54816675,0.39206845,0.70426506
4617,xgb_shap_list_ir_4,xgb_shap_list_ir_4_subset_65,Glucose,localMax_Glucose,1.2943134,0.9009545,1.6876724
4618,xgb_shap_list_ir_4,xgb_shap_list_ir_4_subset_65,BloodPressure,localMax_BloodPressure,0.49915338,0.7135812,0.28472555
4619,xgb_shap_list_ir_4,xgb_shap_list_ir_4_subset_65,SkinThickness,localMax_SkinThickness,0.26554275,0.16389391,0.06224504
4620,xgb_shap_list_ir_4,xgb_shap_list_ir_4_subset_65,Insulin,localMax_Insulin,-0.014322996,0.08255446,0.17943195
4621,xgb_shap_list_ir_4,xgb_shap_list_ir_4_subset_65,BMI,localMax_BMI,-0.15340728,0.13100904,0.41542542
4622,xgb_shap_list_ir_4,xgb_shap_list_ir_4_subset_65,DiabetesPedigreeFunction,localMax_DiabetesPedigreeFunction,0.31617832,0.091706455,-0.13276547
4623,xgb_shap_list_ir_4,xgb_shap_list_ir_4_subset_65,Age,localMax_Age,0.32807297,0.1941055,0.46204042
4624,xgb_shap_list_ir_2,xgb_shap_list_ir_2_subset_103,Pregnancies,localMax_Pregnancies,0.49421513,0.3236577,0.15310031
4625,xgb_shap_list_ir_2,xgb_shap_list_ir_2_subset_103,Glucose,localMax_Glucose,2.0348744,1.5955019,2.474247
4626,xgb_shap_list_ir_2,xgb_shap_list_ir_2_subset_103,BloodPressure,localMax_BloodPressure,0.42034793,0.16416478,-0.092018485
4627,xgb_shap_list_ir_2,xgb_shap_list_ir_2_subset_103,SkinThickness,localMax_SkinThickness,0.70826125,0.9264916,0.490031
4628,xgb_shap_list_ir_2,xgb_shap_list_ir_2_subset_103,Insulin,localMax_Insulin,0.123271435,-0.06672326,0.02827409
4629,xgb_shap_list_ir_2,xgb_shap_list_ir_2_subset_103,BMI,localMax_BMI,0.93617535,0.44662762,1.099358
4630,xgb_shap_list_ir_2,xgb_shap_list_ir_2_subset_103,DiabetesPedigreeFunction,localMax_DiabetesPedigreeFunction,1.0467497,0.6710193,1.2346148
4631,xgb_shap_list_ir_2,xgb_shap_list_ir_2_subset_103,Age,localMax_Age,0.20309085,0.34358913,0.48408735
4632,xgb_shap_list_ir_5,xgb_shap_list_ir_5_subset_16,Pregnancies,localMax_Pregnancies,0.16115111,0.2752064,0.38926166
4633,xgb_shap_list_ir_5,xgb_shap_list_ir_5_subset_16,Glucose,localMax_Glucose,0.4157616,2.1403544,1.7092061
4634,xgb_shap_list_ir_5,xgb_shap_list_ir_5_subset_16,BloodPressure,localMax_BloodPressure,0.10358703,-0.092057824,0.20140946
4635,xgb_shap_list_ir_5,xgb_shap_list_ir_5_subset_16,SkinThickness,localMax_SkinThickness,0.30303937,0.40996176,0.19611701
4636,xgb_shap_list_ir_5,xgb_shap_list_ir_5_subset_16,Insulin,localMax_Insulin,-0.27168944,-0.40806755,-0.13531134
4637,xgb_shap_list_ir_5,xgb_shap_list_ir_5_subset_16,BMI,localMax_BMI,0.000114262104,0.25913227,0.5181502
4638,xgb_shap_list_ir_5,xgb_shap_list_ir_5_subset_16,DiabetesPedigreeFunction,localMax_DiabetesPedigreeFunction,0.81395733,-0.24485111,0.6021956
4639,xgb_shap_list_ir_5,xgb_shap_list_ir_5_subset_16,Age,localMax_Age,0.5879738,0.40895712,0.22994047
4640,xgb_shap_list_ir_1,xgb_shap_list_ir_1_subset_157,Pregnancies,localMax_Pregnancies,-0.0068950877,0.04530132,0.07139951
4641,xgb_shap_list_ir_1,xgb_shap_list_ir_1_subset_157,Glucose,localMax_Glucose,1.7262695,0.25252402,1.4806453
4642,xgb_shap_list_ir_1,xgb_shap_list_ir_1_subset_157,BloodPressure,localMax_BloodPressure,0.520083,0.37474674,0.6654193
4643,xgb_shap_list_ir_1,xgb_shap_list_ir_1_subset_157,SkinThickness,localMax_SkinThickness,0.35097155,0.29117492,0.41076818
4644,xgb_shap_list_ir_1,xgb_shap_list_ir_1_subset_157,Insulin,localMax_Insulin,-0.24731985,0.18072122,0.11957249
4645,xgb_shap_list_ir_1,xgb_shap_list_ir_1_subset_157,BMI,localMax_BMI,0.8328601,0.49166787,1.1740524
4646,xgb_shap_list_ir_1,xgb_shap_list_ir_1_subset_157,DiabetesPedigreeFunction,localMax_DiabetesPedigreeFunction,0.5491795,-0.08572,0.0730049
4647,xgb_shap_list_ir_1,xgb_shap_list_ir_1_subset_157,Age,localMax_Age,0.4152199,0.5912969,0.2391429
4648,xgb_shap_list_ir_2,xgb_shap_list_ir_2_subset_70,Pregnancies,localMax_Pregnancies,0.9083638,0.7417722,1.0749555
4649,xgb_shap_list_ir_2,xgb_shap_list_ir_2_subset_70,Glucose,localMax_Glucose,0.39256084,0.73894095,1.085321
4650,xgb_shap_list_ir_2,xgb_shap_list_ir_2_subset_70,BloodPressure,localMax_BloodPressure,-0.08096251,-0.21409705,0.5847101
4651,xgb_shap_list_ir_2,xgb_shap_list_ir_2_subset_70,SkinThickness,localMax_SkinThickness,0.27821153,0.20823318,0.34818992
4652,xgb_shap_list_ir_2,xgb_shap_list_ir_2_subset_70,Insulin,localMax_Insulin,0.22516602,0.6007872,0.47558016
4653,xgb_shap_list_ir_2,xgb_shap_list_ir_2_subset_70,BMI,localMax_BMI,1.5393103,1.753766,0.4670329
4654,xgb_shap_list_ir_2,xgb_shap_list_ir_2_subset_70,DiabetesPedigreeFunction,localMax_DiabetesPedigreeFunction,0.6347259,0.79666793,0.47278398
4655,xgb_shap_list_ir_2,xgb_shap_list_ir_2_subset_70,Age,localMax_Age,0.5867659,0.67345333,0.5000785
4656,xgb_shap_list_ir_4,xgb_shap_list_ir_4_subset_105,Pregnancies,localMax_Pregnancies,0.3905908,0.27801818,0.5031634
4657,xgb_shap_list_ir_4,xgb_shap_list_ir_4_subset_105,Glucose,localMax_Glucose,0.8605745,1.2474306,0.47371817
4658,xgb_shap_list_ir_4,xgb_shap_list_ir_4_subset_105,BloodPressure,localMax_BloodPressure,0.22799075,-0.07653844,0.07572615
4659,xgb_shap_list_ir_4,xgb_shap_list_ir_4_subset_105,SkinThickness,localMax_SkinThickness,0.28870612,0.18024445,0.07178271
4660,xgb_shap_list_ir_4,xgb_shap_list_ir_4_subset_105,Insulin,localMax_Insulin,0.008537352,-0.07590824,0.09298295
4661,xgb_shap_list_ir_4,xgb_shap_list_ir_4_subset_105,BMI,localMax_BMI,-0.013651133,-0.29591256,0.26861024
4662,xgb_shap_list_ir_4,xgb_shap_list_ir_4_subset_105,DiabetesPedigreeFunction,localMax_DiabetesPedigreeFunction,0.2503428,0.40670586,0.56306887
4663,xgb_shap_list_ir_4,xgb_shap_list_ir_4_subset_105,Age,localMax_Age,1.3079165,1.1256021,-0.33291304
4664,xgb_shap_list_ir_2,xgb_shap_list_ir_2_subset_4,Pregnancies,localMax_Pregnancies,0.034518868,0.102189034,0.1698592
4665,xgb_shap_list_ir_2,xgb_shap_list_ir_2_subset_4,Glucose,localMax_Glucose,1.9006531,1.6134601,2.1878462
4666,xgb_shap_list_ir_2,xgb_shap_list_ir_2_subset_4,BloodPressure,localMax_BloodPressure,-0.26895884,-0.37846148,-0.15945622
4667,xgb_shap_list_ir_2,xgb_shap_list_ir_2_subset_4,SkinThickness,localMax_SkinThickness,0.54705244,0.6551005,0.4390043
4668,xgb_shap_list_ir_2,xgb_shap_list_ir_2_subset_4,Insulin,localMax_Insulin,-0.12074098,0.06747803,-0.026631474
4669,xgb_shap_list_ir_2,xgb_shap_list_ir_2_subset_4,BMI,localMax_BMI,-0.102353096,0.15235138,0.40705585
4670,xgb_shap_list_ir_2,xgb_shap_list_ir_2_subset_4,DiabetesPedigreeFunction,localMax_DiabetesPedigreeFunction,0.5252228,0.6858616,0.8465004
4671,xgb_shap_list_ir_2,xgb_shap_list_ir_2_subset_4,Age,localMax_Age,0.23887116,0.124240756,0.3535015
4672,xgb_shap_list_ir_3,xgb_shap_list_ir_3_subset_41,Pregnancies,localMax_Pregnancies,0.13461137,0.23029009,0.03893268
4673,xgb_shap_list_ir_3,xgb_shap_list_ir_3_subset_41,Glucose,localMax_Glucose,1.3258823,0.44012058,1.6211362
4674,xgb_shap_list_ir_3,xgb_shap_list_ir_3_subset_41,BloodPressure,localMax_BloodPressure,0.23576385,0.40578878,0.06573886
4675,xgb_shap_list_ir_3,xgb_shap_list_ir_3_subset_41,SkinThickness,localMax_SkinThickness,0.123081475,0.20581564,0.040347308
4676,xgb_shap_list_ir_3,xgb_shap_list_ir_3_subset_41,Insulin,localMax_Insulin,-0.25935265,-0.12566775,0.40907174
4677,xgb_shap_list_ir_3,xgb_shap_list_ir_3_subset_41,BMI,localMax_BMI,2.1007788,0.2117331,0.4815967
4678,xgb_shap_list_ir_3,xgb_shap_list_ir_3_subset_41,DiabetesPedigreeFunction,localMax_DiabetesPedigreeFunction,0.2336719,-0.005565256,0.11405334
4679,xgb_shap_list_ir_3,xgb_shap_list_ir_3_subset_41,Age,localMax_Age,0.62660366,0.7889644,0.9513252
4680,xgb_shap_list_ir_5,xgb_shap_list_ir_5_subset_68,Pregnancies,localMax_Pregnancies,0.5776433,0.7298129,0.8819825
4681,xgb_shap_list_ir_5,xgb_shap_list_ir_5_subset_68,Glucose,localMax_Glucose,0.8167486,0.48047578,0.14420283
4682,xgb_shap_list_ir_5,xgb_shap_list_ir_5_subset_68,BloodPressure,localMax_BloodPressure,0.26639158,0.15272179,0.38006133
4683,xgb_shap_list_ir_5,xgb_shap_list_ir_5_subset_68,SkinThickness,localMax_SkinThickness,0.19226542,0.24953288,0.134998
4684,xgb_shap_list_ir_5,xgb_shap_list_ir_5_subset_68,Insulin,localMax_Insulin,-0.05592239,-0.1707896,0.05894482
4685,xgb_shap_list_ir_5,xgb_shap_list_ir_5_subset_68,BMI,localMax_BMI,-0.018494487,0.23903477,0.49656403
4686,xgb_shap_list_ir_5,xgb_shap_list_ir_5_subset_68,DiabetesPedigreeFunction,localMax_DiabetesPedigreeFunction,0.6235467,0.79267585,0.96180487
4687,xgb_shap_list_ir_5,xgb_shap_list_ir_5_subset_68,Age,localMax_Age,0.40912342,0.7385801,0.57385176
4688,xgb_shap_list_ir_3,xgb_shap_list_ir_3_subset_83,Pregnancies,localMax_Pregnancies,0.17874297,-0.07683882,0.008355111
4689,xgb_shap_list_ir_3,xgb_shap_list_ir_3_subset_83,Glucose,localMax_Glucose,1.3631651,0.457927,0.91054606
4690,xgb_shap_list_ir_3,xgb_shap_list_ir_3_subset_83,BloodPressure,localMax_BloodPressure,0.14693996,0.19854358,0.35335436
4691,xgb_shap_list_ir_3,xgb_shap_list_ir_3_subset_83,SkinThickness,localMax_SkinThickness,0.45388085,0.3602441,0.26660734
4692,xgb_shap_list_ir_3,xgb_shap_list_ir_3_subset_83,Insulin,localMax_Insulin,-0.10287809,0.6984587,0.05738926
4693,xgb_shap_list_ir_3,xgb_shap_list_ir_3_subset_83,BMI,localMax_BMI,-0.022748291,-0.23872769,1.4891076
4694,xgb_shap_list_ir_3,xgb_shap_list_ir_3_subset_83,DiabetesPedigreeFunction,localMax_DiabetesPedigreeFunction,0.6384965,0.4070133,-0.055953264
4695,xgb_shap_list_ir_3,xgb_shap_list_ir_3_subset_83,Age,localMax_Age,0.85074794,0.65647614,1.0450199
4696,xgb_shap_list_ir_1,xgb_shap_list_ir_1_subset_68,Pregnancies,localMax_Pregnancies,0.3051312,0.4407215,0.16954094
4697,xgb_shap_list_ir_1,xgb_shap_list_ir_1_subset_68,Glucose,localMax_Glucose,0.8812995,1.5168948,1.1990972
4698,xgb_shap_list_ir_1,xgb_shap_list_ir_1_subset_68,BloodPressure,localMax_BloodPressure,0.03038311,0.15183881,0.2732945
4699,xgb_shap_list_ir_1,xgb_shap_list_ir_1_subset_68,SkinThickness,localMax_SkinThickness,0.10414538,0.06853971,0.13975106
4700,xgb_shap_list_ir_1,xgb_shap_list_ir_1_subset_68,Insulin,localMax_Insulin,0.039420664,0.06483275,0.09024483
4701,xgb_shap_list_ir_1,xgb_shap_list_ir_1_subset_68,BMI,localMax_BMI,1.048296,1.2528975,0.8436943
4702,xgb_shap_list_ir_1,xgb_shap_list_ir_1_subset_68,DiabetesPedigreeFunction,localMax_DiabetesPedigreeFunction,1.4075711,1.6124127,0.7930461
4703,xgb_shap_list_ir_1,xgb_shap_list_ir_1_subset_68,Age,localMax_Age,1.0497274,0.2702217,1.1610855
4704,xgb_shap_list_ir_4,xgb_shap_list_ir_4_subset_114,Pregnancies,localMax_Pregnancies,0.22414747,0.3006335,0.37711948
4705,xgb_shap_list_ir_4,xgb_shap_list_ir_4_subset_114,Glucose,localMax_Glucose,0.5333506,0.82190466,0.24479651
4706,xgb_shap_list_ir_4,xgb_shap_list_ir_4_subset_114,BloodPressure,localMax_BloodPressure,0.41563016,-0.17736214,0.05983478
4707,xgb_shap_list_ir_4,xgb_shap_list_ir_4_subset_114,SkinThickness,localMax_SkinThickness,0.2618459,0.36773914,0.4736324
4708,xgb_shap_list_ir_4,xgb_shap_list_ir_4_subset_114,Insulin,localMax_Insulin,0.040636033,0.24751735,0.1440767
4709,xgb_shap_list_ir_4,xgb_shap_list_ir_4_subset_114,BMI,localMax_BMI,-0.16726083,0.10065645,0.36857378
4710,xgb_shap_list_ir_4,xgb_shap_list_ir_4_subset_114,DiabetesPedigreeFunction,localMax_DiabetesPedigreeFunction,0.15593588,0.33131683,0.50669783
4711,xgb_shap_list_ir_4,xgb_shap_list_ir_4_subset_114,Age,localMax_Age,1.5436611,-0.42044985,1.2981473
4712,xgb_shap_list_ir_1,xgb_shap_list_ir_1_subset_156,Pregnancies,localMax_Pregnancies,0.7299551,0.16504502,0.61697304
4713,xgb_shap_list_ir_1,xgb_shap_list_ir_1_subset_156,Glucose,localMax_Glucose,0.5731491,0.76621115,0.38008702
4714,xgb_shap_list_ir_1,xgb_shap_list_ir_1_subset_156,BloodPressure,localMax_BloodPressure,0.050985754,-0.009147942,0.11111945
4715,xgb_shap_list_ir_1,xgb_shap_list_ir_1_subset_156,SkinThickness,localMax_SkinThickness,1.0124688,0.915577,0.62490165
4716,xgb_shap_list_ir_1,xgb_shap_list_ir_1_subset_156,Insulin,localMax_Insulin,-0.091781266,0.26059085,-0.14212015
4717,xgb_shap_list_ir_1,xgb_shap_list_ir_1_subset_156,BMI,localMax_BMI,0.21547467,0.02392739,0.407022
4718,xgb_shap_list_ir_1,xgb_shap_list_ir_1_subset_156,DiabetesPedigreeFunction,localMax_DiabetesPedigreeFunction,0.630617,0.8763995,0.3848344
4719,xgb_shap_list_ir_1,xgb_shap_list_ir_1_subset_156,Age,localMax_Age,0.937233,0.79964364,1.0748222
4720,xgb_shap_list_ir_5,xgb_shap_list_ir_5_subset_82,Pregnancies,localMax_Pregnancies,0.5378151,0.73866415,0.33696604
4721,xgb_shap_list_ir_5,xgb_shap_list_ir_5_subset_82,Glucose,localMax_Glucose,1.3735454,1.7670481,2.1605508
4722,xgb_shap_list_ir_5,xgb_shap_list_ir_5_subset_82,BloodPressure,localMax_BloodPressure,0.25160694,0.41547972,0.5793525
4723,xgb_shap_list_ir_5,xgb_shap_list_ir_5_subset_82,SkinThickness,localMax_SkinThickness,0.34257078,0.24492842,0.44021314
4724,xgb_shap_list_ir_5,xgb_shap_list_ir_5_subset_82,Insulin,localMax_Insulin,0.11447382,0.27300817,-0.04406047
4725,xgb_shap_list_ir_5,xgb_shap_list_ir_5_subset_82,BMI,localMax_BMI,0.14005762,0.3905145,-0.110399306
4726,xgb_shap_list_ir_5,xgb_shap_list_ir_5_subset_82,DiabetesPedigreeFunction,localMax_DiabetesPedigreeFunction,0.50690424,0.32170308,0.13650185
4727,xgb_shap_list_ir_5,xgb_shap_list_ir_5_subset_82,Age,localMax_Age,0.8252233,0.96724105,0.68320566
4728,xgb_shap_list_ir_2,xgb_shap_list_ir_2_subset_47,Pregnancies,localMax_Pregnancies,0.40190244,0.6171442,0.18666065
4729,xgb_shap_list_ir_2,xgb_shap_list_ir_2_subset_47,Glucose,localMax_Glucose,1.3685628,1.117651,0.86673915
4730,xgb_shap_list_ir_2,xgb_shap_list_ir_2_subset_47,BloodPressure,localMax_BloodPressure,0.3482848,0.2375192,-0.20554318
4731,xgb_shap_list_ir_2,xgb_shap_list_ir_2_subset_47,SkinThickness,localMax_SkinThickness,-0.18794605,0.3231345,-0.11493455
4732,xgb_shap_list_ir_2,xgb_shap_list_ir_2_subset_47,Insulin,localMax_Insulin,-0.21157739,-0.3162065,-0.10694829
4733,xgb_shap_list_ir_2,xgb_shap_list_ir_2_subset_47,BMI,localMax_BMI,0.9006642,1.0811406,0.7201878
4734,xgb_shap_list_ir_2,xgb_shap_list_ir_2_subset_47,DiabetesPedigreeFunction,localMax_DiabetesPedigreeFunction,1.0580131,0.8288611,1.287165
4735,xgb_shap_list_ir_2,xgb_shap_list_ir_2_subset_47,Age,localMax_Age,0.14069018,0.2537728,-0.08547509
4736,xgb_shap_list_ir_3,xgb_shap_list_ir_3_subset_74,Pregnancies,localMax_Pregnancies,0.44369566,0.59755534,0.289836
4737,xgb_shap_list_ir_3,xgb_shap_list_ir_3_subset_74,Glucose,localMax_Glucose,1.9265895,1.5497744,0.79614437
4738,xgb_shap_list_ir_3,xgb_shap_list_ir_3_subset_74,BloodPressure,localMax_BloodPressure,0.27116302,0.2123462,0.15352938
4739,xgb_shap_list_ir_3,xgb_shap_list_ir_3_subset_74,SkinThickness,localMax_SkinThickness,0.15608248,0.2635138,0.04865113
4740,xgb_shap_list_ir_3,xgb_shap_list_ir_3_subset_74,Insulin,localMax_Insulin,0.059286058,0.15699428,0.2547025
4741,xgb_shap_list_ir_3,xgb_shap_list_ir_3_subset_74,BMI,localMax_BMI,0.39527595,0.1129055,2.0894988
4742,xgb_shap_list_ir_3,xgb_shap_list_ir_3_subset_74,DiabetesPedigreeFunction,localMax_DiabetesPedigreeFunction,0.19203383,0.33322567,0.050841987
4743,xgb_shap_list_ir_3,xgb_shap_list_ir_3_subset_74,Age,localMax_Age,0.7716448,0.59411556,0.4165864
4744,xgb_shap_list_ir_3,xgb_shap_list_ir_3_subset_160,Pregnancies,localMax_Pregnancies,0.1777395,-0.02803117,1.0008222
4745,xgb_shap_list_ir_3,xgb_shap_list_ir_3_subset_160,Glucose,localMax_Glucose,0.86343145,0.4684502,0.07346904
4746,xgb_shap_list_ir_3,xgb_shap_list_ir_3_subset_160,BloodPressure,localMax_BloodPressure,0.004121542,0.22482586,0.1144737
4747,xgb_shap_list_ir_3,xgb_shap_list_ir_3_subset_160,SkinThickness,localMax_SkinThickness,0.19952273,0.37091446,0.2852186
4748,xgb_shap_list_ir_3,xgb_shap_list_ir_3_subset_160,Insulin,localMax_Insulin,-0.17902069,-0.06725997,0.71506506
4749,xgb_shap_list_ir_3,xgb_shap_list_ir_3_subset_160,BMI,localMax_BMI,-0.019274294,-0.20335668,1.0852199
4750,xgb_shap_list_ir_3,xgb_shap_list_ir_3_subset_160,DiabetesPedigreeFunction,localMax_DiabetesPedigreeFunction,0.7593106,0.22026908,0.5796301
4751,xgb_shap_list_ir_3,xgb_shap_list_ir_3_subset_160,Age,localMax_Age,0.36924016,0.2767995,0.46168083
4752,xgb_shap_list_ir_4,xgb_shap_list_ir_4_subset_7,Pregnancies,localMax_Pregnancies,0.0060507655,0.0820654,-0.0699639
4753,xgb_shap_list_ir_4,xgb_shap_list_ir_4_subset_7,Glucose,localMax_Glucose,1.2403669,2.1190932,1.6797299
4754,xgb_shap_list_ir_4,xgb_shap_list_ir_4_subset_7,BloodPressure,localMax_BloodPressure,-0.019529283,-0.120306194,-0.22108313
4755,xgb_shap_list_ir_4,xgb_shap_list_ir_4_subset_7,SkinThickness,localMax_SkinThickness,0.49981272,0.3165183,0.68310714
4756,xgb_shap_list_ir_4,xgb_shap_list_ir_4_subset_7,Insulin,localMax_Insulin,0.13704857,-0.008802265,0.28289944
4757,xgb_shap_list_ir_4,xgb_shap_list_ir_4_subset_7,BMI,localMax_BMI,0.11350405,-0.14448935,0.3714975
4758,xgb_shap_list_ir_4,xgb_shap_list_ir_4_subset_7,DiabetesPedigreeFunction,localMax_DiabetesPedigreeFunction,0.89541996,0.7190503,0.54268056
4759,xgb_shap_list_ir_4,xgb_shap_list_ir_4_subset_7,Age,localMax_Age,0.849741,0.6796777,1.1898673
4760,xgb_shap_list_ir_2,xgb_shap_list_ir_2_subset_30,Pregnancies,localMax_Pregnancies,-0.0688867,0.020671785,-0.15844521
4761,xgb_shap_list_ir_2,xgb_shap_list_ir_2_subset_30,Glucose,localMax_Glucose,1.951195,1.6900615,2.2123284
4762,xgb_shap_list_ir_2,xgb_shap_list_ir_2_subset_30,BloodPressure,localMax_BloodPressure,0.40676975,0.55792093,-0.19783485
4763,xgb_shap_list_ir_2,xgb_shap_list_ir_2_subset_30,SkinThickness,localMax_SkinThickness,0.35433134,0.4394217,0.09906033
4764,xgb_shap_list_ir_2,xgb_shap_list_ir_2_subset_30,Insulin,localMax_Insulin,0.2672099,0.14402193,0.3903979
4765,xgb_shap_list_ir_2,xgb_shap_list_ir_2_subset_30,BMI,localMax_BMI,0.9719081,0.77679896,0.5816897
4766,xgb_shap_list_ir_2,xgb_shap_list_ir_2_subset_30,DiabetesPedigreeFunction,localMax_DiabetesPedigreeFunction,0.28548414,0.37662256,-0.1702081
4767,xgb_shap_list_ir_2,xgb_shap_list_ir_2_subset_30,Age,localMax_Age,1.434917,1.7221229,-0.28831804
4768,xgb_shap_list_ir_1,xgb_shap_list_ir_1_subset_130,Pregnancies,localMax_Pregnancies,1.6998141,1.4179451,0.5723382
4769,xgb_shap_list_ir_1,xgb_shap_list_ir_1_subset_130,Glucose,localMax_Glucose,0.41509563,1.1399618,0.8500153
4770,xgb_shap_list_ir_1,xgb_shap_list_ir_1_subset_130,BloodPressure,localMax_BloodPressure,0.6496125,0.7742612,0.52496386
4771,xgb_shap_list_ir_1,xgb_shap_list_ir_1_subset_130,SkinThickness,localMax_SkinThickness,0.22135186,0.059148014,0.18080091
4772,xgb_shap_list_ir_1,xgb_shap_list_ir_1_subset_130,Insulin,localMax_Insulin,0.5172734,0.6947299,0.8721864
4773,xgb_shap_list_ir_1,xgb_shap_list_ir_1_subset_130,BMI,localMax_BMI,0.2754066,0.4879591,0.16913038
4774,xgb_shap_list_ir_1,xgb_shap_list_ir_1_subset_130,DiabetesPedigreeFunction,localMax_DiabetesPedigreeFunction,0.67931205,0.3560449,0.51767844
4775,xgb_shap_list_ir_1,xgb_shap_list_ir_1_subset_130,Age,localMax_Age,0.30689323,0.42219514,0.19159132
4776,xgb_shap_list_ir_3,xgb_shap_list_ir_3_subset_59,Pregnancies,localMax_Pregnancies,0.24950296,0.32743868,0.17156723
4777,xgb_shap_list_ir_3,xgb_shap_list_ir_3_subset_59,Glucose,localMax_Glucose,1.1305957,0.77083147,1.4903598
4778,xgb_shap_list_ir_3,xgb_shap_list_ir_3_subset_59,BloodPressure,localMax_BloodPressure,0.2984718,0.1443404,-0.009791017
4779,xgb_shap_list_ir_3,xgb_shap_list_ir_3_subset_59,SkinThickness,localMax_SkinThickness,0.56817675,0.45760077,0.6787527
4780,xgb_shap_list_ir_3,xgb_shap_list_ir_3_subset_59,Insulin,localMax_Insulin,0.18012846,0.08957851,0.2706784
4781,xgb_shap_list_ir_3,xgb_shap_list_ir_3_subset_59,BMI,localMax_BMI,0.09611988,1.391289,-0.11974168
4782,xgb_shap_list_ir_3,xgb_shap_list_ir_3_subset_59,DiabetesPedigreeFunction,localMax_DiabetesPedigreeFunction,0.22524571,0.58357024,0.04608345
4783,xgb_shap_list_ir_3,xgb_shap_list_ir_3_subset_59,Age,localMax_Age,0.8588096,0.6750765,0.12387735
4784,xgb_shap_list_ir_1,xgb_shap_list_ir_1_subset_31,Pregnancies,localMax_Pregnancies,0.08002031,0.12665132,-0.013241753
4785,xgb_shap_list_ir_1,xgb_shap_list_ir_1_subset_31,Glucose,localMax_Glucose,0.7130896,1.4811251,1.2251133
4786,xgb_shap_list_ir_1,xgb_shap_list_ir_1_subset_31,BloodPressure,localMax_BloodPressure,-0.1265088,-0.22887161,-0.33123446
4787,xgb_shap_list_ir_1,xgb_shap_list_ir_1_subset_31,SkinThickness,localMax_SkinThickness,0.27884287,0.45513666,0.22007826
4788,xgb_shap_list_ir_1,xgb_shap_list_ir_1_subset_31,Insulin,localMax_Insulin,-0.28158283,0.43181932,0.74888694
4789,xgb_shap_list_ir_1,xgb_shap_list_ir_1_subset_31,BMI,localMax_BMI,-0.2522823,0.81309193,1.2696809
4790,xgb_shap_list_ir_1,xgb_shap_list_ir_1_subset_31,DiabetesPedigreeFunction,localMax_DiabetesPedigreeFunction,-0.23750967,-0.1119937,1.0176501
4791,xgb_shap_list_ir_1,xgb_shap_list_ir_1_subset_31,Age,localMax_Age,1.1606904,1.5452234,1.3529569
4792,xgb_shap_list_ir_1,xgb_shap_list_ir_1_subset_129,Pregnancies,localMax_Pregnancies,0.21889347,0.3021105,-0.3636256
4793,xgb_shap_list_ir_1,xgb_shap_list_ir_1_subset_129,Glucose,localMax_Glucose,1.6738955,1.9044851,1.4433059
4794,xgb_shap_list_ir_1,xgb_shap_list_ir_1_subset_129,BloodPressure,localMax_BloodPressure,0.14709932,0.29209852,0.72709596
4795,xgb_shap_list_ir_1,xgb_shap_list_ir_1_subset_129,SkinThickness,localMax_SkinThickness,-0.34890082,0.9675367,1.1320914
4796,xgb_shap_list_ir_1,xgb_shap_list_ir_1_subset_129,Insulin,localMax_Insulin,0.08801385,0.07250297,0.056992084
4797,xgb_shap_list_ir_1,xgb_shap_list_ir_1_subset_129,BMI,localMax_BMI,0.9388943,0.14155936,-0.057774365
4798,xgb_shap_list_ir_1,xgb_shap_list_ir_1_subset_129,DiabetesPedigreeFunction,localMax_DiabetesPedigreeFunction,0.8725134,0.5624565,1.0275418
4799,xgb_shap_list_ir_1,xgb_shap_list_ir_1_subset_129,Age,localMax_Age,0.41061512,0.06593138,0.5255098
4800,xgb_shap_list_ir_2,xgb_shap_list_ir_2_subset_89,Pregnancies,localMax_Pregnancies,0.13210943,0.19734263,0.0668762
4801,xgb_shap_list_ir_2,xgb_shap_list_ir_2_subset_89,Glucose,localMax_Glucose,1.3914467,1.157704,1.6251894
4802,xgb_shap_list_ir_2,xgb_shap_list_ir_2_subset_89,BloodPressure,localMax_BloodPressure,0.23014769,0.3065884,0.07726622
4803,xgb_shap_list_ir_2,xgb_shap_list_ir_2_subset_89,SkinThickness,localMax_SkinThickness,0.22298306,-0.12549847,-0.24165899
4804,xgb_shap_list_ir_2,xgb_shap_list_ir_2_subset_89,Insulin,localMax_Insulin,0.14942434,0.23361287,0.31780142
4805,xgb_shap_list_ir_2,xgb_shap_list_ir_2_subset_89,BMI,localMax_BMI,0.38471484,0.17433071,-0.24643755
4806,xgb_shap_list_ir_2,xgb_shap_list_ir_2_subset_89,DiabetesPedigreeFunction,localMax_DiabetesPedigreeFunction,0.2802508,-0.056254,0.16808254
4807,xgb_shap_list_ir_2,xgb_shap_list_ir_2_subset_89,Age,localMax_Age,0.8324454,0.36316568,0.5978055
4808,xgb_shap_list_ir_4,xgb_shap_list_ir_4_subset_36,Pregnancies,localMax_Pregnancies,0.05492565,-0.054827422,0.27443188
4809,xgb_shap_list_ir_4,xgb_shap_list_ir_4_subset_36,Glucose,localMax_Glucose,0.8839078,1.3384652,0.42935038
4810,xgb_shap_list_ir_4,xgb_shap_list_ir_4_subset_36,BloodPressure,localMax_BloodPressure,0.57274944,0.24082321,0.40678632
4811,xgb_shap_list_ir_4,xgb_shap_list_ir_4_subset_36,SkinThickness,localMax_SkinThickness,0.14790311,0.23494014,0.060866088
4812,xgb_shap_list_ir_4,xgb_shap_list_ir_4_subset_36,Insulin,localMax_Insulin,0.06645116,0.25396448,0.16020781
4813,xgb_shap_list_ir_4,xgb_shap_list_ir_4_subset_36,BMI,localMax_BMI,-0.16403127,0.14989257,1.719512
4814,xgb_shap_list_ir_4,xgb_shap_list_ir_4_subset_36,DiabetesPedigreeFunction,localMax_DiabetesPedigreeFunction,0.3536206,0.59062123,0.116620004
4815,xgb_shap_list_ir_4,xgb_shap_list_ir_4_subset_36,Age,localMax_Age,0.44653893,1.015373,0.63615036
4816,xgb_shap_list_ir_2,xgb_shap_list_ir_2_subset_100,Pregnancies,localMax_Pregnancies,0.36182326,0.5338233,0.18982327
4817,xgb_shap_list_ir_2,xgb_shap_list_ir_2_subset_100,Glucose,localMax_Glucose,1.1053185,1.5298202,0.6808169
4818,xgb_shap_list_ir_2,xgb_shap_list_ir_2_subset_100,BloodPressure,localMax_BloodPressure,0.09770131,0.17098704,-0.19544163
4819,xgb_shap_list_ir_2,xgb_shap_list_ir_2_subset_100,SkinThickness,localMax_SkinThickness,0.15193251,0.34137487,0.05721137
4820,xgb_shap_list_ir_2,xgb_shap_list_ir_2_subset_100,Insulin,localMax_Insulin,0.28340685,-0.22336711,0.23272946
4821,xgb_shap_list_ir_2,xgb_shap_list_ir_2_subset_100,BMI,localMax_BMI,1.6064967,0.40077198,1.8476416
4822,xgb_shap_list_ir_2,xgb_shap_list_ir_2_subset_100,DiabetesPedigreeFunction,localMax_DiabetesPedigreeFunction,0.69684684,0.50520945,0.31357193
4823,xgb_shap_list_ir_2,xgb_shap_list_ir_2_subset_100,Age,localMax_Age,1.0258077,1.1745914,0.87702405
4824,xgb_shap_list_ir_4,xgb_shap_list_ir_4_subset_62,Pregnancies,localMax_Pregnancies,0.68392134,0.49814487,0.3123684
4825,xgb_shap_list_ir_4,xgb_shap_list_ir_4_subset_62,Glucose,localMax_Glucose,2.4185903,0.42950475,1.7555618
4826,xgb_shap_list_ir_4,xgb_shap_list_ir_4_subset_62,BloodPressure,localMax_BloodPressure,0.49639815,0.22337162,0.35988486
4827,xgb_shap_list_ir_4,xgb_shap_list_ir_4_subset_62,SkinThickness,localMax_SkinThickness,0.0017559826,-0.05218813,0.055700094
4828,xgb_shap_list_ir_4,xgb_shap_list_ir_4_subset_62,Insulin,localMax_Insulin,0.15985692,0.03635302,-0.08715084
4829,xgb_shap_list_ir_4,xgb_shap_list_ir_4_subset_62,BMI,localMax_BMI,0.013101876,-0.17951536,0.20571911
4830,xgb_shap_list_ir_4,xgb_shap_list_ir_4_subset_62,DiabetesPedigreeFunction,localMax_DiabetesPedigreeFunction,0.34059513,0.11253786,0.5686523
4831,xgb_shap_list_ir_4,xgb_shap_list_ir_4_subset_62,Age,localMax_Age,0.74936616,0.9851483,0.5135839
4832,xgb_shap_list_ir_4,xgb_shap_list_ir_4_subset_131,Pregnancies,localMax_Pregnancies,0.25757694,0.0499793,0.1537781
4833,xgb_shap_list_ir_4,xgb_shap_list_ir_4_subset_131,Glucose,localMax_Glucose,2.0765371,2.4604754,0.9247217
4834,xgb_shap_list_ir_4,xgb_shap_list_ir_4_subset_131,BloodPressure,localMax_BloodPressure,0.20396411,0.036946416,0.3709818
4835,xgb_shap_list_ir_4,xgb_shap_list_ir_4_subset_131,SkinThickness,localMax_SkinThickness,0.26059002,0.5059406,0.38326532
4836,xgb_shap_list_ir_4,xgb_shap_list_ir_4_subset_131,Insulin,localMax_Insulin,-0.060982585,-0.14605296,0.279299
4837,xgb_shap_list_ir_4,xgb_shap_list_ir_4_subset_131,BMI,localMax_BMI,0.021568954,0.45900673,0.24028784
4838,xgb_shap_list_ir_4,xgb_shap_list_ir_4_subset_131,DiabetesPedigreeFunction,localMax_DiabetesPedigreeFunction,0.32836556,-0.06438297,0.52473974
4839,xgb_shap_list_ir_4,xgb_shap_list_ir_4_subset_131,Age,localMax_Age,1.6114751,1.3573663,1.1032575
4840,xgb_shap_list_ir_1,xgb_shap_list_ir_1_subset_64,Pregnancies,localMax_Pregnancies,0.5599406,-0.29997933,-0.23383164
4841,xgb_shap_list_ir_1,xgb_shap_list_ir_1_subset_64,Glucose,localMax_Glucose,0.53762263,0.7648894,0.8785228
4842,xgb_shap_list_ir_1,xgb_shap_list_ir_1_subset_64,BloodPressure,localMax_BloodPressure,0.6480553,0.472354,0.5602046
4843,xgb_shap_list_ir_1,xgb_shap_list_ir_1_subset_64,SkinThickness,localMax_SkinThickness,1.2896535,0.58238006,0.8181379
4844,xgb_shap_list_ir_1,xgb_shap_list_ir_1_subset_64,Insulin,localMax_Insulin,0.07294406,0.024587795,-0.023768455
4845,xgb_shap_list_ir_1,xgb_shap_list_ir_1_subset_64,BMI,localMax_BMI,0.50135624,0.2932725,0.70944
4846,xgb_shap_list_ir_1,xgb_shap_list_ir_1_subset_64,DiabetesPedigreeFunction,localMax_DiabetesPedigreeFunction,1.1502858,1.3234524,0.97711945
4847,xgb_shap_list_ir_1,xgb_shap_list_ir_1_subset_64,Age,localMax_Age,0.30330557,-0.014986306,0.46245158
4848,xgb_shap_list_ir_4,xgb_shap_list_ir_4_subset_112,Pregnancies,localMax_Pregnancies,0.06625736,0.23354137,0.40082544
4849,xgb_shap_list_ir_4,xgb_shap_list_ir_4_subset_112,Glucose,localMax_Glucose,1.0699153,1.7154553,1.3926853
4850,xgb_shap_list_ir_4,xgb_shap_list_ir_4_subset_112,BloodPressure,localMax_BloodPressure,0.17817181,0.052324653,0.30401897
4851,xgb_shap_list_ir_4,xgb_shap_list_ir_4_subset_112,SkinThickness,localMax_SkinThickness,-0.029578388,0.09370202,0.032061815
4852,xgb_shap_list_ir_4,xgb_shap_list_ir_4_subset_112,Insulin,localMax_Insulin,0.031547815,0.12759328,-0.06449762
4853,xgb_shap_list_ir_4,xgb_shap_list_ir_4_subset_112,BMI,localMax_BMI,0.5160005,0.24586844,0.7861326
4854,xgb_shap_list_ir_4,xgb_shap_list_ir_4_subset_112,DiabetesPedigreeFunction,localMax_DiabetesPedigreeFunction,0.6479826,0.37257183,0.92339337
4855,xgb_shap_list_ir_4,xgb_shap_list_ir_4_subset_112,Age,localMax_Age,1.1409047,-0.024510384,-0.3574861
4856,xgb_shap_list_ir_4,xgb_shap_list_ir_4_subset_102,Pregnancies,localMax_Pregnancies,0.47960502,0.2977934,0.6614167
4857,xgb_shap_list_ir_4,xgb_shap_list_ir_4_subset_102,Glucose,localMax_Glucose,1.5413768,1.9342818,-0.0302428
4858,xgb_shap_list_ir_4,xgb_shap_list_ir_4_subset_102,BloodPressure,localMax_BloodPressure,0.25787038,0.15779838,0.057726413
4859,xgb_shap_list_ir_4,xgb_shap_list_ir_4_subset_102,SkinThickness,localMax_SkinThickness,0.32231164,0.1989851,0.07565856
4860,xgb_shap_list_ir_4,xgb_shap_list_ir_4_subset_102,Insulin,localMax_Insulin,-0.10751009,-0.0052724183,-0.20974776
4861,xgb_shap_list_ir_4,xgb_shap_list_ir_4_subset_102,BMI,localMax_BMI,-0.26971734,-0.065161526,0.3439502
4862,xgb_shap_list_ir_4,xgb_shap_list_ir_4_subset_102,DiabetesPedigreeFunction,localMax_DiabetesPedigreeFunction,0.68962187,0.040742338,-0.17555085
4863,xgb_shap_list_ir_4,xgb_shap_list_ir_4_subset_102,Age,localMax_Age,0.74167454,0.571158,-0.11090815
4864,xgb_shap_list_ir_5,xgb_shap_list_ir_5_subset_49,Pregnancies,localMax_Pregnancies,0.19343024,0.3277189,0.059141576
4865,xgb_shap_list_ir_5,xgb_shap_list_ir_5_subset_49,Glucose,localMax_Glucose,2.2936447,1.9568441,1.6200435
4866,xgb_shap_list_ir_5,xgb_shap_list_ir_5_subset_49,BloodPressure,localMax_BloodPressure,0.44006717,0.2259708,0.011874437
4867,xgb_shap_list_ir_5,xgb_shap_list_ir_5_subset_49,SkinThickness,localMax_SkinThickness,0.17376375,0.099877924,0.3954212
4868,xgb_shap_list_ir_5,xgb_shap_list_ir_5_subset_49,Insulin,localMax_Insulin,-0.10348204,-0.19677693,-0.010187149
4869,xgb_shap_list_ir_5,xgb_shap_list_ir_5_subset_49,BMI,localMax_BMI,0.16059065,-0.13748503,0.45866632
4870,xgb_shap_list_ir_5,xgb_shap_list_ir_5_subset_49,DiabetesPedigreeFunction,localMax_DiabetesPedigreeFunction,0.3786682,0.20713562,0.55020076
4871,xgb_shap_list_ir_5,xgb_shap_list_ir_5_subset_49,Age,localMax_Age,0.89893377,0.7220433,0.54515284
4872,xgb_shap_list_ir_3,xgb_shap_list_ir_3_subset_13,Pregnancies,localMax_Pregnancies,0.38742778,0.13058758,0.30181435
4873,xgb_shap_list_ir_3,xgb_shap_list_ir_3_subset_13,Glucose,localMax_Glucose,1.7044282,2.0807185,1.3281376
4874,xgb_shap_list_ir_3,xgb_shap_list_ir_3_subset_13,BloodPressure,localMax_BloodPressure,0.16122293,0.27628767,0.39135242
4875,xgb_shap_list_ir_3,xgb_shap_list_ir_3_subset_13,SkinThickness,localMax_SkinThickness,0.1758002,0.25518358,0.09641686
4876,xgb_shap_list_ir_3,xgb_shap_list_ir_3_subset_13,Insulin,localMax_Insulin,0.09889251,0.003769666,-0.09135321
4877,xgb_shap_list_ir_3,xgb_shap_list_ir_3_subset_13,BMI,localMax_BMI,-0.16530138,0.042581856,0.2504651
4878,xgb_shap_list_ir_3,xgb_shap_list_ir_3_subset_13,DiabetesPedigreeFunction,localMax_DiabetesPedigreeFunction,0.28285336,0.17113346,0.39457333
4879,xgb_shap_list_ir_3,xgb_shap_list_ir_3_subset_13,Age,localMax_Age,0.8286946,1.0386715,0.61871755
4880,xgb_shap_list_ir_1,xgb_shap_list_ir_1_subset_119,Pregnancies,localMax_Pregnancies,0.6447473,0.095351934,0.7363132
4881,xgb_shap_list_ir_1,xgb_shap_list_ir_1_subset_119,Glucose,localMax_Glucose,1.3476013,1.087155,0.56626225
4882,xgb_shap_list_ir_1,xgb_shap_list_ir_1_subset_119,BloodPressure,localMax_BloodPressure,0.50062,0.27559114,0.050562143
4883,xgb_shap_list_ir_1,xgb_shap_list_ir_1_subset_119,SkinThickness,localMax_SkinThickness,0.23961645,0.19185442,-0.09471774
4884,xgb_shap_list_ir_1,xgb_shap_list_ir_1_subset_119,Insulin,localMax_Insulin,-0.36371174,-0.26842332,-0.45900017
4885,xgb_shap_list_ir_1,xgb_shap_list_ir_1_subset_119,BMI,localMax_BMI,-0.08720952,0.03488317,1.0116248
4886,xgb_shap_list_ir_1,xgb_shap_list_ir_1_subset_119,DiabetesPedigreeFunction,localMax_DiabetesPedigreeFunction,1.0696589,0.94540596,-0.04861754
4887,xgb_shap_list_ir_1,xgb_shap_list_ir_1_subset_119,Age,localMax_Age,0.51618326,0.8273983,0.36057574
4888,xgb_shap_list_ir_4,xgb_shap_list_ir_4_subset_4,Pregnancies,localMax_Pregnancies,-0.06386846,0.04755336,0.38181883
4889,xgb_shap_list_ir_4,xgb_shap_list_ir_4_subset_4,Glucose,localMax_Glucose,1.6720145,1.297965,2.046064
4890,xgb_shap_list_ir_4,xgb_shap_list_ir_4_subset_4,BloodPressure,localMax_BloodPressure,0.1659742,0.26272422,0.35947418
4891,xgb_shap_list_ir_4,xgb_shap_list_ir_4_subset_4,SkinThickness,localMax_SkinThickness,0.15254793,0.2332367,0.07185915
4892,xgb_shap_list_ir_4,xgb_shap_list_ir_4_subset_4,Insulin,localMax_Insulin,0.11882371,0.20516351,0.2915033
4893,xgb_shap_list_ir_4,xgb_shap_list_ir_4_subset_4,BMI,localMax_BMI,-0.16981441,1.8240707,0.2732712
4894,xgb_shap_list_ir_4,xgb_shap_list_ir_4_subset_4,DiabetesPedigreeFunction,localMax_DiabetesPedigreeFunction,0.60178804,0.7696358,0.4339403
4895,xgb_shap_list_ir_4,xgb_shap_list_ir_4_subset_4,Age,localMax_Age,0.6377651,0.49916965,0.36057413
4896,xgb_shap_list_ir_4,xgb_shap_list_ir_4_subset_139,Pregnancies,localMax_Pregnancies,0.3594916,0.19540018,0.03130871
4897,xgb_shap_list_ir_4,xgb_shap_list_ir_4_subset_139,Glucose,localMax_Glucose,1.8171971,2.192195,0.31720603
4898,xgb_shap_list_ir_4,xgb_shap_list_ir_4_subset_139,BloodPressure,localMax_BloodPressure,0.014692664,0.12013757,-0.090752244
4899,xgb_shap_list_ir_4,xgb_shap_list_ir_4_subset_139,SkinThickness,localMax_SkinThickness,0.55675423,0.32244927,0.43960178
4900,xgb_shap_list_ir_4,xgb_shap_list_ir_4_subset_139,Insulin,localMax_Insulin,0.106629014,0.030384302,0.3353632
4901,xgb_shap_list_ir_4,xgb_shap_list_ir_4_subset_139,BMI,localMax_BMI,-0.59511983,0.18427485,0.44407308
4902,xgb_shap_list_ir_4,xgb_shap_list_ir_4_subset_139,DiabetesPedigreeFunction,localMax_DiabetesPedigreeFunction,0.79025877,-0.023352385,0.38345325
4903,xgb_shap_list_ir_4,xgb_shap_list_ir_4_subset_139,Age,localMax_Age,0.8416568,0.58524406,1.0980697
4904,xgb_shap_list_ir_3,xgb_shap_list_ir_3_subset_22,Pregnancies,localMax_Pregnancies,0.070663154,0.13232014,0.0090061575
4905,xgb_shap_list_ir_3,xgb_shap_list_ir_3_subset_22,Glucose,localMax_Glucose,1.2147329,0.26119566,-0.05665016
4906,xgb_shap_list_ir_3,xgb_shap_list_ir_3_subset_22,BloodPressure,localMax_BloodPressure,0.32956445,0.42892843,-0.06789157
4907,xgb_shap_list_ir_3,xgb_shap_list_ir_3_subset_22,SkinThickness,localMax_SkinThickness,0.51063406,0.36874682,0.29780322
4908,xgb_shap_list_ir_3,xgb_shap_list_ir_3_subset_22,Insulin,localMax_Insulin,0.47189385,0.3306554,0.18941694
4909,xgb_shap_list_ir_3,xgb_shap_list_ir_3_subset_22,BMI,localMax_BMI,0.76001453,0.5271933,0.29437208
4910,xgb_shap_list_ir_3,xgb_shap_list_ir_3_subset_22,DiabetesPedigreeFunction,localMax_DiabetesPedigreeFunction,0.68634015,0.8334965,0.53918374
4911,xgb_shap_list_ir_3,xgb_shap_list_ir_3_subset_22,Age,localMax_Age,-0.1674459,0.5836414,0.7714133
4912,xgb_shap_list_ir_3,xgb_shap_list_ir_3_subset_121,Pregnancies,localMax_Pregnancies,-0.014715314,-0.09668662,0.067255974
4913,xgb_shap_list_ir_3,xgb_shap_list_ir_3_subset_121,Glucose,localMax_Glucose,1.6477671,1.3101821,0.29742718
4914,xgb_shap_list_ir_3,xgb_shap_list_ir_3_subset_121,BloodPressure,localMax_BloodPressure,0.32125878,0.20226067,0.0832625
4915,xgb_shap_list_ir_3,xgb_shap_list_ir_3_subset_121,SkinThickness,localMax_SkinThickness,0.2503758,0.18005356,0.32069808
4916,xgb_shap_list_ir_3,xgb_shap_list_ir_3_subset_121,Insulin,localMax_Insulin,0.04797864,0.39433193,0.16342974
4917,xgb_shap_list_ir_3,xgb_shap_list_ir_3_subset_121,BMI,localMax_BMI,0.08548981,-0.16394669,0.83379936
4918,xgb_shap_list_ir_3,xgb_shap_list_ir_3_subset_121,DiabetesPedigreeFunction,localMax_DiabetesPedigreeFunction,0.19630945,0.028688848,-0.13893175
4919,xgb_shap_list_ir_3,xgb_shap_list_ir_3_subset_121,Age,localMax_Age,1.1773449,0.9693167,0.7612884
4920,xgb_shap_list_ir_4,xgb_shap_list_ir_4_subset_157,Pregnancies,localMax_Pregnancies,0.34858024,0.56729925,0.12986124
4921,xgb_shap_list_ir_4,xgb_shap_list_ir_4_subset_157,Glucose,localMax_Glucose,1.2080065,1.5364383,0.87957454
4922,xgb_shap_list_ir_4,xgb_shap_list_ir_4_subset_157,BloodPressure,localMax_BloodPressure,0.22252005,0.036917746,0.4081223
4923,xgb_shap_list_ir_4,xgb_shap_list_ir_4_subset_157,SkinThickness,localMax_SkinThickness,0.09800029,0.036946088,0.15905449
4924,xgb_shap_list_ir_4,xgb_shap_list_ir_4_subset_157,Insulin,localMax_Insulin,0.049886107,-0.017516479,0.25209385
4925,xgb_shap_list_ir_4,xgb_shap_list_ir_4_subset_157,BMI,localMax_BMI,-0.21118945,0.6679511,0.22838086
4926,xgb_shap_list_ir_4,xgb_shap_list_ir_4_subset_157,DiabetesPedigreeFunction,localMax_DiabetesPedigreeFunction,0.6584737,0.33679873,0.81931114
4927,xgb_shap_list_ir_4,xgb_shap_list_ir_4_subset_157,Age,localMax_Age,0.45979345,-0.20010746,0.32781327
4928,xgb_shap_list_ir_3,xgb_shap_list_ir_3_subset_15,Pregnancies,localMax_Pregnancies,1.007349,0.11975032,1.155282
4929,xgb_shap_list_ir_3,xgb_shap_list_ir_3_subset_15,Glucose,localMax_Glucose,0.44094992,0.09955251,1.465142
4930,xgb_shap_list_ir_3,xgb_shap_list_ir_3_subset_15,BloodPressure,localMax_BloodPressure,-0.13033435,0.17815638,0.023911
4931,xgb_shap_list_ir_3,xgb_shap_list_ir_3_subset_15,SkinThickness,localMax_SkinThickness,0.2563138,0.16303733,0.34959024
4932,xgb_shap_list_ir_3,xgb_shap_list_ir_3_subset_15,Insulin,localMax_Insulin,-0.18396676,-0.08442864,0.015109479
4933,xgb_shap_list_ir_3,xgb_shap_list_ir_3_subset_15,BMI,localMax_BMI,0.46218407,0.1889323,-0.08431953
4934,xgb_shap_list_ir_3,xgb_shap_list_ir_3_subset_15,DiabetesPedigreeFunction,localMax_DiabetesPedigreeFunction,0.6176586,0.43612432,0.799193
4935,xgb_shap_list_ir_3,xgb_shap_list_ir_3_subset_15,Age,localMax_Age,1.3727521,1.0022886,1.1875203
4936,xgb_shap_list_ir_5,xgb_shap_list_ir_5_subset_17,Pregnancies,localMax_Pregnancies,0.53629977,0.35068107,0.16506243
4937,xgb_shap_list_ir_5,xgb_shap_list_ir_5_subset_17,Glucose,localMax_Glucose,2.4356854,2.0719,2.7994711
4938,xgb_shap_list_ir_5,xgb_shap_list_ir_5_subset_17,BloodPressure,localMax_BloodPressure,0.37064445,0.19779098,-0.14791614
4939,xgb_shap_list_ir_5,xgb_shap_list_ir_5_subset_17,SkinThickness,localMax_SkinThickness,0.33069992,0.44960892,0.56851786
4940,xgb_shap_list_ir_5,xgb_shap_list_ir_5_subset_17,Insulin,localMax_Insulin,-0.08071202,0.0151159465,0.30259994
4941,xgb_shap_list_ir_5,xgb_shap_list_ir_5_subset_17,BMI,localMax_BMI,0.14239961,0.35512775,1.6314969
4942,xgb_shap_list_ir_5,xgb_shap_list_ir_5_subset_17,DiabetesPedigreeFunction,localMax_DiabetesPedigreeFunction,0.13390625,0.00897184,0.383775
4943,xgb_shap_list_ir_5,xgb_shap_list_ir_5_subset_17,Age,localMax_Age,-0.09937006,-0.28112257,0.99114513
4944,xgb_shap_list_ir_1,xgb_shap_list_ir_1_subset_47,Pregnancies,localMax_Pregnancies,1.2624948,0.5307119,0.7746395
4945,xgb_shap_list_ir_1,xgb_shap_list_ir_1_subset_47,Glucose,localMax_Glucose,2.154606,2.5285969,1.7806153
4946,xgb_shap_list_ir_1,xgb_shap_list_ir_1_subset_47,BloodPressure,localMax_BloodPressure,-0.1066668,0.6604092,0.0211792
4947,xgb_shap_list_ir_1,xgb_shap_list_ir_1_subset_47,SkinThickness,localMax_SkinThickness,0.19185343,0.14729998,0.1027465
4948,xgb_shap_list_ir_1,xgb_shap_list_ir_1_subset_47,Insulin,localMax_Insulin,-0.17646156,0.17165318,0.31089908
4949,xgb_shap_list_ir_1,xgb_shap_list_ir_1_subset_47,BMI,localMax_BMI,0.11758575,0.3806718,0.29297644
4950,xgb_shap_list_ir_1,xgb_shap_list_ir_1_subset_47,DiabetesPedigreeFunction,localMax_DiabetesPedigreeFunction,0.09098643,0.17824775,0.0037251115
4951,xgb_shap_list_ir_1,xgb_shap_list_ir_1_subset_47,Age,localMax_Age,0.04205288,0.009373575,-0.023305744
4952,xgb_shap_list_ir_2,xgb_shap_list_ir_2_subset_3,Pregnancies,localMax_Pregnancies,-0.19259232,0.011767507,-0.09041241
4953,xgb_shap_list_ir_2,xgb_shap_list_ir_2_subset_3,Glucose,localMax_Glucose,1.4177134,1.6727413,1.1626855
4954,xgb_shap_list_ir_2,xgb_shap_list_ir_2_subset_3,BloodPressure,localMax_BloodPressure,0.2560313,0.19004449,0.12405771
4955,xgb_shap_list_ir_2,xgb_shap_list_ir_2_subset_3,SkinThickness,localMax_SkinThickness,0.17877772,0.24202079,0.11553469
4956,xgb_shap_list_ir_2,xgb_shap_list_ir_2_subset_3,Insulin,localMax_Insulin,-0.049229518,-0.104928285,-0.16062705
4957,xgb_shap_list_ir_2,xgb_shap_list_ir_2_subset_3,BMI,localMax_BMI,1.2183185,1.4894387,0.13383794
4958,xgb_shap_list_ir_2,xgb_shap_list_ir_2_subset_3,DiabetesPedigreeFunction,localMax_DiabetesPedigreeFunction,0.970533,0.7882477,0.6059624
4959,xgb_shap_list_ir_2,xgb_shap_list_ir_2_subset_3,Age,localMax_Age,0.7576281,0.5937962,0.92146003
4960,xgb_shap_list_ir_2,xgb_shap_list_ir_2_subset_107,Pregnancies,localMax_Pregnancies,0.31522664,0.38932067,0.24113262
4961,xgb_shap_list_ir_2,xgb_shap_list_ir_2_subset_107,Glucose,localMax_Glucose,1.6691264,1.4654006,1.8728522
4962,xgb_shap_list_ir_2,xgb_shap_list_ir_2_subset_107,BloodPressure,localMax_BloodPressure,-0.1895405,-0.3115784,0.5426867
4963,xgb_shap_list_ir_2,xgb_shap_list_ir_2_subset_107,SkinThickness,localMax_SkinThickness,0.7578231,0.6156691,0.47351497
4964,xgb_shap_list_ir_2,xgb_shap_list_ir_2_subset_107,Insulin,localMax_Insulin,-0.101091444,-0.056411266,-0.14577162
4965,xgb_shap_list_ir_2,xgb_shap_list_ir_2_subset_107,BMI,localMax_BMI,0.6998228,0.47553933,0.92410624
4966,xgb_shap_list_ir_2,xgb_shap_list_ir_2_subset_107,DiabetesPedigreeFunction,localMax_DiabetesPedigreeFunction,0.9166493,-0.14654064,1.372302
4967,xgb_shap_list_ir_2,xgb_shap_list_ir_2_subset_107,Age,localMax_Age,0.910007,0.7915327,0.6730584
4968,xgb_shap_list_ir_5,xgb_shap_list_ir_5_subset_57,Pregnancies,localMax_Pregnancies,0.5729173,0.45240253,0.21137303
4969,xgb_shap_list_ir_5,xgb_shap_list_ir_5_subset_57,Glucose,localMax_Glucose,1.6952088,1.2950325,0.89485645
4970,xgb_shap_list_ir_5,xgb_shap_list_ir_5_subset_57,BloodPressure,localMax_BloodPressure,-0.16189471,-0.2877463,-0.41359794
4971,xgb_shap_list_ir_5,xgb_shap_list_ir_5_subset_57,SkinThickness,localMax_SkinThickness,0.21125627,0.11000371,0.31250882
4972,xgb_shap_list_ir_5,xgb_shap_list_ir_5_subset_57,Insulin,localMax_Insulin,-0.07461268,0.0233832,0.12137908
4973,xgb_shap_list_ir_5,xgb_shap_list_ir_5_subset_57,BMI,localMax_BMI,0.047667682,-0.22877973,0.32411516
4974,xgb_shap_list_ir_5,xgb_shap_list_ir_5_subset_57,DiabetesPedigreeFunction,localMax_DiabetesPedigreeFunction,0.5204187,0.34158158,0.6992559
4975,xgb_shap_list_ir_5,xgb_shap_list_ir_5_subset_57,Age,localMax_Age,1.0894104,1.2610586,-0.4554222
4976,xgb_shap_list_ir_5,xgb_shap_list_ir_5_subset_41,Pregnancies,localMax_Pregnancies,0.20578498,0.094995916,0.31657404
4977,xgb_shap_list_ir_5,xgb_shap_list_ir_5_subset_41,Glucose,localMax_Glucose,1.0676224,1.4572511,0.6779938
4978,xgb_shap_list_ir_5,xgb_shap_list_ir_5_subset_41,BloodPressure,localMax_BloodPressure,0.12479782,0.24990118,0.37500453
4979,xgb_shap_list_ir_5,xgb_shap_list_ir_5_subset_41,SkinThickness,localMax_SkinThickness,0.18285781,0.3854772,0.081548125
4980,xgb_shap_list_ir_5,xgb_shap_list_ir_5_subset_41,Insulin,localMax_Insulin,0.030472904,0.13959408,0.24871528
4981,xgb_shap_list_ir_5,xgb_shap_list_ir_5_subset_41,BMI,localMax_BMI,-0.30440074,-0.044033885,2.038901
4982,xgb_shap_list_ir_5,xgb_shap_list_ir_5_subset_41,DiabetesPedigreeFunction,localMax_DiabetesPedigreeFunction,0.4375617,0.56224465,0.6869276
4983,xgb_shap_list_ir_5,xgb_shap_list_ir_5_subset_41,Age,localMax_Age,-0.13077778,0.085776985,0.30233175
4984,xgb_shap_list_ir_3,xgb_shap_list_ir_3_subset_23,Pregnancies,localMax_Pregnancies,0.32631457,0.45733994,0.19528913
4985,xgb_shap_list_ir_3,xgb_shap_list_ir_3_subset_23,Glucose,localMax_Glucose,0.53607845,1.914959,2.1907349
4986,xgb_shap_list_ir_3,xgb_shap_list_ir_3_subset_23,BloodPressure,localMax_BloodPressure,0.23147267,0.09542221,-0.040628254
4987,xgb_shap_list_ir_3,xgb_shap_list_ir_3_subset_23,SkinThickness,localMax_SkinThickness,-0.032513127,0.046642274,-0.11166854
4988,xgb_shap_list_ir_3,xgb_shap_list_ir_3_subset_23,Insulin,localMax_Insulin,0.22274536,0.32878512,0.11670557
4989,xgb_shap_list_ir_3,xgb_shap_list_ir_3_subset_23,BMI,localMax_BMI,0.2523089,0.014820516,0.48979723
4990,xgb_shap_list_ir_3,xgb_shap_list_ir_3_subset_23,DiabetesPedigreeFunction,localMax_DiabetesPedigreeFunction,1.068327,0.5928823,-0.041043997
4991,xgb_shap_list_ir_3,xgb_shap_list_ir_3_subset_23,Age,localMax_Age,1.0334983,0.38822818,0.06559312
4992,xgb_shap_list_ir_1,xgb_shap_list_ir_1_subset_77,Pregnancies,localMax_Pregnancies,0.88002586,0.68496644,-1.070569
4993,xgb_shap_list_ir_1,xgb_shap_list_ir_1_subset_77,Glucose,localMax_Glucose,0.8856125,0.46444583,0.04327905
4994,xgb_shap_list_ir_1,xgb_shap_list_ir_1_subset_77,BloodPressure,localMax_BloodPressure,0.1116007,0.5554006,0.25953406
4995,xgb_shap_list_ir_1,xgb_shap_list_ir_1_subset_77,SkinThickness,localMax_SkinThickness,0.68297696,0.88348997,0.48246408
4996,xgb_shap_list_ir_1,xgb_shap_list_ir_1_subset_77,Insulin,localMax_Insulin,0.49284112,0.6462194,0.33946294
4997,xgb_shap_list_ir_1,xgb_shap_list_ir_1_subset_77,BMI,localMax_BMI,0.39671183,0.19340372,0.60002005
4998,xgb_shap_list_ir_1,xgb_shap_list_ir_1_subset_77,DiabetesPedigreeFunction,localMax_DiabetesPedigreeFunction,0.7667631,0.34465468,0.5557089
4999,xgb_shap_list_ir_1,xgb_shap_list_ir_1_subset_77,Age,localMax_Age,0.10839099,0.01579979,0.20098221
5000,xgb_shap_list_ir_5,xgb_shap_list_ir_5_subset_48,Pregnancies,localMax_Pregnancies,0.64383984,0.39428186,0.14472389
5001,xgb_shap_list_ir_5,xgb_shap_list_ir_5_subset_48,Glucose,localMax_Glucose,2.2982655,1.9471085,2.6494226
5002,xgb_shap_list_ir_5,xgb_shap_list_ir_5_subset_48,BloodPressure,localMax_BloodPressure,0.18814749,0.030903399,0.34539157
5003,xgb_shap_list_ir_5,xgb_shap_list_ir_5_subset_48,SkinThickness,localMax_SkinThickness,0.17501628,0.2987579,0.051274627
5004,xgb_shap_list_ir_5,xgb_shap_list_ir_5_subset_48,Insulin,localMax_Insulin,-0.044778585,0.0497154,-0.13927259
5005,xgb_shap_list_ir_5,xgb_shap_list_ir_5_subset_48,BMI,localMax_BMI,0.027349353,0.53307617,0.28021276
5006,xgb_shap_list_ir_5,xgb_shap_list_ir_5_subset_48,DiabetesPedigreeFunction,localMax_DiabetesPedigreeFunction,0.2713551,0.074765265,-0.12182456
5007,xgb_shap_list_ir_5,xgb_shap_list_ir_5_subset_48,Age,localMax_Age,0.25327972,0.7829936,0.65056515
5008,xgb_shap_list_ir_5,xgb_shap_list_ir_5_subset_103,Pregnancies,localMax_Pregnancies,0.2847833,0.07151133,1.137871
5009,xgb_shap_list_ir_5,xgb_shap_list_ir_5_subset_103,Glucose,localMax_Glucose,0.6949048,2.443759,2.8809726
5010,xgb_shap_list_ir_5,xgb_shap_list_ir_5_subset_103,BloodPressure,localMax_BloodPressure,0.059032798,0.1576421,-0.03957653
5011,xgb_shap_list_ir_5,xgb_shap_list_ir_5_subset_103,SkinThickness,localMax_SkinThickness,0.28527015,0.10552609,-0.13413267
5012,xgb_shap_list_ir_5,xgb_shap_list_ir_5_subset_103,Insulin,localMax_Insulin,-0.16793558,-0.051103532,0.1825606
5013,xgb_shap_list_ir_5,xgb_shap_list_ir_5_subset_103,BMI,localMax_BMI,0.26568007,0.4709702,0.060389996
5014,xgb_shap_list_ir_5,xgb_shap_list_ir_5_subset_103,DiabetesPedigreeFunction,localMax_DiabetesPedigreeFunction,0.7265018,0.5100558,0.07716346
5015,xgb_shap_list_ir_5,xgb_shap_list_ir_5_subset_103,Age,localMax_Age,-0.08595747,0.25574476,0.084893644
5016,xgb_shap_list_ir_2,xgb_shap_list_ir_2_subset_151,Pregnancies,localMax_Pregnancies,0.1906547,0.14045632,-0.11053546
5017,xgb_shap_list_ir_2,xgb_shap_list_ir_2_subset_151,Glucose,localMax_Glucose,1.2921991,-0.36131442,1.7646315
5018,xgb_shap_list_ir_2,xgb_shap_list_ir_2_subset_151,BloodPressure,localMax_BloodPressure,-0.044963032,-0.15007624,0.27037662
5019,xgb_shap_list_ir_2,xgb_shap_list_ir_2_subset_151,SkinThickness,localMax_SkinThickness,-0.040581524,0.13562924,0.48805058
5020,xgb_shap_list_ir_2,xgb_shap_list_ir_2_subset_151,Insulin,localMax_Insulin,0.29302317,0.053043246,0.17303318
5021,xgb_shap_list_ir_2,xgb_shap_list_ir_2_subset_151,BMI,localMax_BMI,1.8348186,0.5621309,0.7742455
5022,xgb_shap_list_ir_2,xgb_shap_list_ir_2_subset_151,DiabetesPedigreeFunction,localMax_DiabetesPedigreeFunction,0.4452017,0.6108979,0.27950543
5023,xgb_shap_list_ir_2,xgb_shap_list_ir_2_subset_151,Age,localMax_Age,0.43745476,0.80822575,0.99361134
5024,xgb_shap_list_ir_4,xgb_shap_list_ir_4_subset_83,Pregnancies,localMax_Pregnancies,0.23515123,0.086081624,0.38422084
5025,xgb_shap_list_ir_4,xgb_shap_list_ir_4_subset_83,Glucose,localMax_Glucose,1.8965588,0.45344973,2.2573361
5026,xgb_shap_list_ir_4,xgb_shap_list_ir_4_subset_83,BloodPressure,localMax_BloodPressure,0.15030247,0.27783883,0.022766054
5027,xgb_shap_list_ir_4,xgb_shap_list_ir_4_subset_83,SkinThickness,localMax_SkinThickness,0.33928376,0.16362539,0.25145456
5028,xgb_shap_list_ir_4,xgb_shap_list_ir_4_subset_83,Insulin,localMax_Insulin,-0.02080059,0.07775012,-0.1193513
5029,xgb_shap_list_ir_4,xgb_shap_list_ir_4_subset_83,BMI,localMax_BMI,0.18754148,0.4068339,-0.031750977
5030,xgb_shap_list_ir_4,xgb_shap_list_ir_4_subset_83,DiabetesPedigreeFunction,localMax_DiabetesPedigreeFunction,0.4467103,0.6127317,0.28068882
5031,xgb_shap_list_ir_4,xgb_shap_list_ir_4_subset_83,Age,localMax_Age,0.38620627,0.17691696,-0.032372296
5032,xgb_shap_list_ir_3,xgb_shap_list_ir_3_subset_49,Pregnancies,localMax_Pregnancies,0.5195558,0.6394132,0.87912786
5033,xgb_shap_list_ir_3,xgb_shap_list_ir_3_subset_49,Glucose,localMax_Glucose,2.2470555,1.9293308,2.5647802
5034,xgb_shap_list_ir_3,xgb_shap_list_ir_3_subset_49,BloodPressure,localMax_BloodPressure,0.12671036,0.04108718,0.21233353
5035,xgb_shap_list_ir_3,xgb_shap_list_ir_3_subset_49,SkinThickness,localMax_SkinThickness,0.17604077,0.28705758,0.06502402
5036,xgb_shap_list_ir_3,xgb_shap_list_ir_3_subset_49,Insulin,localMax_Insulin,-0.19235447,0.5502573,-0.086267084
5037,xgb_shap_list_ir_3,xgb_shap_list_ir_3_subset_49,BMI,localMax_BMI,0.36388445,0.049722135,0.20680332
5038,xgb_shap_list_ir_3,xgb_shap_list_ir_3_subset_49,DiabetesPedigreeFunction,localMax_DiabetesPedigreeFunction,0.18473583,-0.114239424,0.7826864
5039,xgb_shap_list_ir_3,xgb_shap_list_ir_3_subset_49,Age,localMax_Age,0.8305277,0.07866186,1.0184941
5040,xgb_shap_list_ir_2,xgb_shap_list_ir_2_subset_64,Pregnancies,localMax_Pregnancies,0.60996914,0.7178491,0.5020892
5041,xgb_shap_list_ir_2,xgb_shap_list_ir_2_subset_64,Glucose,localMax_Glucose,0.7317879,1.0134825,0.4500935
5042,xgb_shap_list_ir_2,xgb_shap_list_ir_2_subset_64,BloodPressure,localMax_BloodPressure,-0.051265568,0.05782181,-0.16035296
5043,xgb_shap_list_ir_2,xgb_shap_list_ir_2_subset_64,SkinThickness,localMax_SkinThickness,0.24267763,0.11238158,0.37297368
5044,xgb_shap_list_ir_2,xgb_shap_list_ir_2_subset_64,Insulin,localMax_Insulin,-0.31209737,-0.43504864,0.7944639
5045,xgb_shap_list_ir_2,xgb_shap_list_ir_2_subset_64,BMI,localMax_BMI,0.9416826,1.2931321,-0.11266565
5046,xgb_shap_list_ir_2,xgb_shap_list_ir_2_subset_64,DiabetesPedigreeFunction,localMax_DiabetesPedigreeFunction,0.3844062,0.04578507,0.21509564
5047,xgb_shap_list_ir_2,xgb_shap_list_ir_2_subset_64,Age,localMax_Age,1.13558,0.9701295,-0.35347435
5048,xgb_shap_list_ir_3,xgb_shap_list_ir_3_subset_125,Pregnancies,localMax_Pregnancies,0.2586518,0.37952656,0.13777703
5049,xgb_shap_list_ir_3,xgb_shap_list_ir_3_subset_125,Glucose,localMax_Glucose,1.8032727,1.4800541,2.1264915
5050,xgb_shap_list_ir_3,xgb_shap_list_ir_3_subset_125,BloodPressure,localMax_BloodPressure,0.13555515,-0.375167,0.2632357
5051,xgb_shap_list_ir_3,xgb_shap_list_ir_3_subset_125,SkinThickness,localMax_SkinThickness,0.15871191,0.211014,0.054107696
5052,xgb_shap_list_ir_3,xgb_shap_list_ir_3_subset_125,Insulin,localMax_Insulin,0.20560384,0.08825889,0.3229488
5053,xgb_shap_list_ir_3,xgb_shap_list_ir_3_subset_125,BMI,localMax_BMI,0.19945538,-0.052996278,-0.30544794
5054,xgb_shap_list_ir_3,xgb_shap_list_ir_3_subset_125,DiabetesPedigreeFunction,localMax_DiabetesPedigreeFunction,0.7371775,0.5468279,0.3564784
5055,xgb_shap_list_ir_3,xgb_shap_list_ir_3_subset_125,Age,localMax_Age,-0.14347923,-0.32814062,0.22584343
5056,xgb_shap_list_ir_4,xgb_shap_list_ir_4_subset_89,Pregnancies,localMax_Pregnancies,0.10524824,-0.008861095,0.21935761
5057,xgb_shap_list_ir_4,xgb_shap_list_ir_4_subset_89,Glucose,localMax_Glucose,1.0352824,1.6861832,1.3607328
5058,xgb_shap_list_ir_4,xgb_shap_list_ir_4_subset_89,BloodPressure,localMax_BloodPressure,0.33877096,0.24049094,0.043930918
5059,xgb_shap_list_ir_4,xgb_shap_list_ir_4_subset_89,SkinThickness,localMax_SkinThickness,0.13537404,0.23077181,0.03997627
5060,xgb_shap_list_ir_4,xgb_shap_list_ir_4_subset_89,Insulin,localMax_Insulin,-0.20424592,-0.4080153,1.0183703
5061,xgb_shap_list_ir_4,xgb_shap_list_ir_4_subset_89,BMI,localMax_BMI,0.7247032,0.9471196,0.057453513
5062,xgb_shap_list_ir_4,xgb_shap_list_ir_4_subset_89,DiabetesPedigreeFunction,localMax_DiabetesPedigreeFunction,0.41264182,0.012736857,0.27934015
5063,xgb_shap_list_ir_4,xgb_shap_list_ir_4_subset_89,Age,localMax_Age,0.61632174,0.9432777,0.77979976
5064,xgb_shap_list_ir_1,xgb_shap_list_ir_1_subset_137,Pregnancies,localMax_Pregnancies,-0.1344918,-0.0281502,-0.24083343
5065,xgb_shap_list_ir_1,xgb_shap_list_ir_1_subset_137,Glucose,localMax_Glucose,0.32456893,0.6550162,0.15934521
5066,xgb_shap_list_ir_1,xgb_shap_list_ir_1_subset_137,BloodPressure,localMax_BloodPressure,0.77611685,0.6216185,0.93061507
5067,xgb_shap_list_ir_1,xgb_shap_list_ir_1_subset_137,SkinThickness,localMax_SkinThickness,0.0063266307,0.13948846,0.050713897
5068,xgb_shap_list_ir_1,xgb_shap_list_ir_1_subset_137,Insulin,localMax_Insulin,0.5383244,0.9091532,0.4147148
5069,xgb_shap_list_ir_1,xgb_shap_list_ir_1_subset_137,BMI,localMax_BMI,0.7664143,0.56789255,1.3619797
5070,xgb_shap_list_ir_1,xgb_shap_list_ir_1_subset_137,DiabetesPedigreeFunction,localMax_DiabetesPedigreeFunction,0.6085543,0.14246362,0.37550896
5071,xgb_shap_list_ir_1,xgb_shap_list_ir_1_subset_137,Age,localMax_Age,1.4528319,1.2931417,-0.4634503
5072,xgb_shap_list_ir_1,xgb_shap_list_ir_1_subset_36,Pregnancies,localMax_Pregnancies,-0.01826765,-0.028017022,-0.008518282
5073,xgb_shap_list_ir_1,xgb_shap_list_ir_1_subset_36,Glucose,localMax_Glucose,1.4668064,1.2203975,1.7132155
5074,xgb_shap_list_ir_1,xgb_shap_list_ir_1_subset_36,BloodPressure,localMax_BloodPressure,0.439475,0.36837977,0.51057017
5075,xgb_shap_list_ir_1,xgb_shap_list_ir_1_subset_36,SkinThickness,localMax_SkinThickness,0.31267902,0.35205805,-0.31738573
5076,xgb_shap_list_ir_1,xgb_shap_list_ir_1_subset_36,Insulin,localMax_Insulin,0.013905257,0.031403214,0.048901178
5077,xgb_shap_list_ir_1,xgb_shap_list_ir_1_subset_36,BMI,localMax_BMI,0.7116611,0.959111,1.2065609
5078,xgb_shap_list_ir_1,xgb_shap_list_ir_1_subset_36,DiabetesPedigreeFunction,localMax_DiabetesPedigreeFunction,1.0093669,-0.005423963,1.212325
5079,xgb_shap_list_ir_1,xgb_shap_list_ir_1_subset_36,Age,localMax_Age,1.1654004,1.3337203,0.6604409
5080,xgb_shap_list_ir_4,xgb_shap_list_ir_4_subset_95,Pregnancies,localMax_Pregnancies,0.033698797,0.10041347,-0.033015862
5081,xgb_shap_list_ir_4,xgb_shap_list_ir_4_subset_95,Glucose,localMax_Glucose,1.0730057,1.8648264,1.4689159
5082,xgb_shap_list_ir_4,xgb_shap_list_ir_4_subset_95,BloodPressure,localMax_BloodPressure,0.036266625,0.23997602,0.1381213
5083,xgb_shap_list_ir_4,xgb_shap_list_ir_4_subset_95,SkinThickness,localMax_SkinThickness,-0.048954412,0.17304805,0.3210497
5084,xgb_shap_list_ir_4,xgb_shap_list_ir_4_subset_95,Insulin,localMax_Insulin,0.07828477,-0.025440365,0.18200994
5085,xgb_shap_list_ir_4,xgb_shap_list_ir_4_subset_95,BMI,localMax_BMI,-0.3821932,-0.58958566,1.4843389
5086,xgb_shap_list_ir_4,xgb_shap_list_ir_4_subset_95,DiabetesPedigreeFunction,localMax_DiabetesPedigreeFunction,1.0880132,0.89676416,1.2792622
5087,xgb_shap_list_ir_4,xgb_shap_list_ir_4_subset_95,Age,localMax_Age,0.2307508,1.0263844,0.86725765
5088,xgb_shap_list_ir_5,xgb_shap_list_ir_5_subset_58,Pregnancies,localMax_Pregnancies,0.28217036,0.16429716,0.04642394
5089,xgb_shap_list_ir_5,xgb_shap_list_ir_5_subset_58,Glucose,localMax_Glucose,1.5028801,1.8712945,1.1344655
5090,xgb_shap_list_ir_5,xgb_shap_list_ir_5_subset_58,BloodPressure,localMax_BloodPressure,0.13737607,0.28445548,-0.009703338
5091,xgb_shap_list_ir_5,xgb_shap_list_ir_5_subset_58,SkinThickness,localMax_SkinThickness,0.14132273,0.21772763,0.0649178
5092,xgb_shap_list_ir_5,xgb_shap_list_ir_5_subset_58,Insulin,localMax_Insulin,0.0023358166,0.11334941,0.3353766
5093,xgb_shap_list_ir_5,xgb_shap_list_ir_5_subset_58,BMI,localMax_BMI,0.37471843,0.67090344,-0.2176516
5094,xgb_shap_list_ir_5,xgb_shap_list_ir_5_subset_58,DiabetesPedigreeFunction,localMax_DiabetesPedigreeFunction,0.53585875,0.16650635,0.35118258
5095,xgb_shap_list_ir_5,xgb_shap_list_ir_5_subset_58,Age,localMax_Age,-0.116099715,0.11706436,0.35022843
5096,xgb_shap_list_ir_5,xgb_shap_list_ir_5_subset_159,Pregnancies,localMax_Pregnancies,0.38658613,0.06775731,0.28030986
5097,xgb_shap_list_ir_5,xgb_shap_list_ir_5_subset_159,Glucose,localMax_Glucose,1.787626,0.84300315,1.4727517
5098,xgb_shap_list_ir_5,xgb_shap_list_ir_5_subset_159,BloodPressure,localMax_BloodPressure,0.38002402,0.25309914,0.12617433
5099,xgb_shap_list_ir_5,xgb_shap_list_ir_5_subset_159,SkinThickness,localMax_SkinThickness,0.27210742,0.52692527,0.39951634
5100,xgb_shap_list_ir_5,xgb_shap_list_ir_5_subset_159,Insulin,localMax_Insulin,-0.04382214,-0.13823283,0.33382052
5101,xgb_shap_list_ir_5,xgb_shap_list_ir_5_subset_159,BMI,localMax_BMI,-0.108573735,0.111747324,0.77271044
5102,xgb_shap_list_ir_5,xgb_shap_list_ir_5_subset_159,DiabetesPedigreeFunction,localMax_DiabetesPedigreeFunction,0.45474684,0.25118107,0.04761535
5103,xgb_shap_list_ir_5,xgb_shap_list_ir_5_subset_159,Age,localMax_Age,0.68985796,0.27359676,0.41235048
5104,xgb_shap_list_ir_4,xgb_shap_list_ir_4_subset_16,Pregnancies,localMax_Pregnancies,0.58175904,0.42823237,0.73528564
5105,xgb_shap_list_ir_4,xgb_shap_list_ir_4_subset_16,Glucose,localMax_Glucose,0.419528,1.7054839,1.383995
5106,xgb_shap_list_ir_4,xgb_shap_list_ir_4_subset_16,BloodPressure,localMax_BloodPressure,0.40276247,0.09265709,0.24770975
5107,xgb_shap_list_ir_4,xgb_shap_list_ir_4_subset_16,SkinThickness,localMax_SkinThickness,0.1656394,0.24479952,0.086479306
5108,xgb_shap_list_ir_4,xgb_shap_list_ir_4_subset_16,Insulin,localMax_Insulin,0.33265185,-0.08093059,-0.1843262
5109,xgb_shap_list_ir_4,xgb_shap_list_ir_4_subset_16,BMI,localMax_BMI,-0.2870599,1.2912278,1.7421672
5110,xgb_shap_list_ir_4,xgb_shap_list_ir_4_subset_16,DiabetesPedigreeFunction,localMax_DiabetesPedigreeFunction,0.9853891,0.782197,1.1885812
5111,xgb_shap_list_ir_4,xgb_shap_list_ir_4_subset_16,Age,localMax_Age,0.11785108,0.4380427,0.5981386
5112,xgb_shap_list_ir_2,xgb_shap_list_ir_2_subset_25,Pregnancies,localMax_Pregnancies,-0.079505265,-0.17531352,0.016303003
5113,xgb_shap_list_ir_2,xgb_shap_list_ir_2_subset_25,Glucose,localMax_Glucose,1.2825409,0.9829149,1.5821669
5114,xgb_shap_list_ir_2,xgb_shap_list_ir_2_subset_25,BloodPressure,localMax_BloodPressure,-0.6060611,0.5970377,-0.40554464
5115,xgb_shap_list_ir_2,xgb_shap_list_ir_2_subset_25,SkinThickness,localMax_SkinThickness,0.15756297,0.49959266,0.27157283
5116,xgb_shap_list_ir_2,xgb_shap_list_ir_2_subset_25,Insulin,localMax_Insulin,0.08087692,0.5033233,0.5878126
5117,xgb_shap_list_ir_2,xgb_shap_list_ir_2_subset_25,BMI,localMax_BMI,0.24422091,0.57910854,0.13259172
5118,xgb_shap_list_ir_2,xgb_shap_list_ir_2_subset_25,DiabetesPedigreeFunction,localMax_DiabetesPedigreeFunction,0.012440681,0.16465211,0.31686354
5119,xgb_shap_list_ir_2,xgb_shap_list_ir_2_subset_25,Age,localMax_Age,-0.5226293,-0.3164973,1.7448227
5120,xgb_shap_list_ir_3,xgb_shap_list_ir_3_subset_51,Pregnancies,localMax_Pregnancies,1.1913452,0.9644604,0.73757565
5121,xgb_shap_list_ir_3,xgb_shap_list_ir_3_subset_51,Glucose,localMax_Glucose,1.3637743,0.9067211,1.8208277
5122,xgb_shap_list_ir_3,xgb_shap_list_ir_3_subset_51,BloodPressure,localMax_BloodPressure,0.65399504,0.4395032,-0.20397246
5123,xgb_shap_list_ir_3,xgb_shap_list_ir_3_subset_51,SkinThickness,localMax_SkinThickness,0.21982747,0.095697254,0.34395766
5124,xgb_shap_list_ir_3,xgb_shap_list_ir_3_subset_51,Insulin,localMax_Insulin,0.023333997,0.14198297,-0.09531498
5125,xgb_shap_list_ir_3,xgb_shap_list_ir_3_subset_51,BMI,localMax_BMI,0.12013006,0.41738093,2.4981365
5126,xgb_shap_list_ir_3,xgb_shap_list_ir_3_subset_51,DiabetesPedigreeFunction,localMax_DiabetesPedigreeFunction,0.18123263,0.3011365,0.06132877
5127,xgb_shap_list_ir_3,xgb_shap_list_ir_3_subset_51,Age,localMax_Age,0.1808809,0.13285777,0.084834665
5128,xgb_shap_list_ir_5,xgb_shap_list_ir_5_subset_3,Pregnancies,localMax_Pregnancies,0.30155224,0.16822654,0.034900874
5129,xgb_shap_list_ir_5,xgb_shap_list_ir_5_subset_3,Glucose,localMax_Glucose,0.57329917,0.96089625,0.1857022
5130,xgb_shap_list_ir_5,xgb_shap_list_ir_5_subset_3,BloodPressure,localMax_BloodPressure,0.34661,0.21791202,0.08921403
5131,xgb_shap_list_ir_5,xgb_shap_list_ir_5_subset_3,SkinThickness,localMax_SkinThickness,0.20326024,0.13274139,-0.07881516
5132,xgb_shap_list_ir_5,xgb_shap_list_ir_5_subset_3,Insulin,localMax_Insulin,-0.046494514,0.037431,0.12135649
5133,xgb_shap_list_ir_5,xgb_shap_list_ir_5_subset_3,BMI,localMax_BMI,0.24807096,0.58557105,-0.08942914
5134,xgb_shap_list_ir_5,xgb_shap_list_ir_5_subset_3,DiabetesPedigreeFunction,localMax_DiabetesPedigreeFunction,0.6304276,0.4368683,0.24330896
5135,xgb_shap_list_ir_5,xgb_shap_list_ir_5_subset_3,Age,localMax_Age,1.123516,1.3234024,0.5238568
5136,xgb_shap_list_ir_5,xgb_shap_list_ir_5_subset_145,Pregnancies,localMax_Pregnancies,-0.02459544,0.26485282,0.16837007
5137,xgb_shap_list_ir_5,xgb_shap_list_ir_5_subset_145,Glucose,localMax_Glucose,1.5088799,1.1416724,1.8760874
5138,xgb_shap_list_ir_5,xgb_shap_list_ir_5_subset_145,BloodPressure,localMax_BloodPressure,-0.034376472,-0.1249446,0.14675978
5139,xgb_shap_list_ir_5,xgb_shap_list_ir_5_subset_145,SkinThickness,localMax_SkinThickness,0.1384387,0.31881672,-0.04193926
5140,xgb_shap_list_ir_5,xgb_shap_list_ir_5_subset_145,Insulin,localMax_Insulin,0.048983037,0.19331437,0.3376457
5141,xgb_shap_list_ir_5,xgb_shap_list_ir_5_subset_145,BMI,localMax_BMI,1.1324565,1.3767105,0.88820255
5142,xgb_shap_list_ir_5,xgb_shap_list_ir_5_subset_145,DiabetesPedigreeFunction,localMax_DiabetesPedigreeFunction,0.48281813,0.28492808,0.68070805
5143,xgb_shap_list_ir_5,xgb_shap_list_ir_5_subset_145,Age,localMax_Age,0.39673293,0.56151813,1.0558736
5144,xgb_shap_list_ir_2,xgb_shap_list_ir_2_subset_8,Pregnancies,localMax_Pregnancies,0.42415643,0.017737985,0.525761
5145,xgb_shap_list_ir_2,xgb_shap_list_ir_2_subset_8,Glucose,localMax_Glucose,1.9657555,1.2417994,1.6037774
5146,xgb_shap_list_ir_2,xgb_shap_list_ir_2_subset_8,BloodPressure,localMax_BloodPressure,0.14004833,0.3002162,0.22013226
5147,xgb_shap_list_ir_2,xgb_shap_list_ir_2_subset_8,SkinThickness,localMax_SkinThickness,0.0670037,0.3412915,-0.0015682578
5148,xgb_shap_list_ir_2,xgb_shap_list_ir_2_subset_8,Insulin,localMax_Insulin,-0.09551662,0.000697881,0.096912354
5149,xgb_shap_list_ir_2,xgb_shap_list_ir_2_subset_8,BMI,localMax_BMI,0.4091351,1.3248643,1.5080101
5150,xgb_shap_list_ir_2,xgb_shap_list_ir_2_subset_8,DiabetesPedigreeFunction,localMax_DiabetesPedigreeFunction,0.40519553,0.2479592,0.56243193
5151,xgb_shap_list_ir_2,xgb_shap_list_ir_2_subset_8,Age,localMax_Age,0.4253388,0.9951166,0.56778324
5152,xgb_shap_list_ir_3,xgb_shap_list_ir_3_subset_139,Pregnancies,localMax_Pregnancies,0.33791655,0.1897443,0.48608887
5153,xgb_shap_list_ir_3,xgb_shap_list_ir_3_subset_139,Glucose,localMax_Glucose,1.2315173,2.0926697,0.8009412
5154,xgb_shap_list_ir_3,xgb_shap_list_ir_3_subset_139,BloodPressure,localMax_BloodPressure,0.35040808,0.5575882,0.14322782
5155,xgb_shap_list_ir_3,xgb_shap_list_ir_3_subset_139,SkinThickness,localMax_SkinThickness,0.47607398,0.57483023,0.081048906
5156,xgb_shap_list_ir_3,xgb_shap_list_ir_3_subset_139,Insulin,localMax_Insulin,-0.07319656,0.04403606,0.6301991
5157,xgb_shap_list_ir_3,xgb_shap_list_ir_3_subset_139,BMI,localMax_BMI,0.20558786,-0.061772346,0.47294807
5158,xgb_shap_list_ir_3,xgb_shap_list_ir_3_subset_139,DiabetesPedigreeFunction,localMax_DiabetesPedigreeFunction,0.58141947,0.013122886,0.72349364
5159,xgb_shap_list_ir_3,xgb_shap_list_ir_3_subset_139,Age,localMax_Age,-0.026919931,0.07795662,-0.13179648
5160,xgb_shap_list_ir_5,xgb_shap_list_ir_5_subset_2,Pregnancies,localMax_Pregnancies,0.50120825,0.36776042,0.10086465
5161,xgb_shap_list_ir_5,xgb_shap_list_ir_5_subset_2,Glucose,localMax_Glucose,1.560267,1.9123528,2.2644386
5162,xgb_shap_list_ir_5,xgb_shap_list_ir_5_subset_2,BloodPressure,localMax_BloodPressure,0.12114012,0.25691164,-0.28617433
5163,xgb_shap_list_ir_5,xgb_shap_list_ir_5_subset_2,SkinThickness,localMax_SkinThickness,0.46467745,0.24135709,0.5763376
5164,xgb_shap_list_ir_5,xgb_shap_list_ir_5_subset_2,Insulin,localMax_Insulin,0.10338989,0.022853106,-0.057683676
5165,xgb_shap_list_ir_5,xgb_shap_list_ir_5_subset_2,BMI,localMax_BMI,9.7095966e-05,0.19181842,0.7669822
5166,xgb_shap_list_ir_5,xgb_shap_list_ir_5_subset_2,DiabetesPedigreeFunction,localMax_DiabetesPedigreeFunction,0.27154768,0.45322263,0.08987272
5167,xgb_shap_list_ir_5,xgb_shap_list_ir_5_subset_2,Age,localMax_Age,1.5574352,0.3185202,0.07073718
5168,xgb_shap_list_ir_5,xgb_shap_list_ir_5_subset_98,Pregnancies,localMax_Pregnancies,0.43383354,0.11735207,0.5920742
5169,xgb_shap_list_ir_5,xgb_shap_list_ir_5_subset_98,Glucose,localMax_Glucose,0.96815276,0.5737555,0.17935824
5170,xgb_shap_list_ir_5,xgb_shap_list_ir_5_subset_98,BloodPressure,localMax_BloodPressure,0.18522155,-0.0059598684,0.37640297
5171,xgb_shap_list_ir_5,xgb_shap_list_ir_5_subset_98,SkinThickness,localMax_SkinThickness,0.43204486,0.5040816,-0.0001757145
5172,xgb_shap_list_ir_5,xgb_shap_list_ir_5_subset_98,Insulin,localMax_Insulin,0.033413798,-0.06793597,0.1347636
5173,xgb_shap_list_ir_5,xgb_shap_list_ir_5_subset_98,BMI,localMax_BMI,0.65274656,0.44365442,0.23456222
5174,xgb_shap_list_ir_5,xgb_shap_list_ir_5_subset_98,DiabetesPedigreeFunction,localMax_DiabetesPedigreeFunction,0.48473132,0.29665977,0.10858816
5175,xgb_shap_list_ir_5,xgb_shap_list_ir_5_subset_98,Age,localMax_Age,0.318776,0.46306288,0.17448914
5176,xgb_shap_list_ir_4,xgb_shap_list_ir_4_subset_28,Pregnancies,localMax_Pregnancies,0.45922405,0.6325757,0.28587246
5177,xgb_shap_list_ir_4,xgb_shap_list_ir_4_subset_28,Glucose,localMax_Glucose,2.5173976,0.801234,0.45800138
5178,xgb_shap_list_ir_4,xgb_shap_list_ir_4_subset_28,BloodPressure,localMax_BloodPressure,0.08804566,-0.013462484,0.18955383
5179,xgb_shap_list_ir_4,xgb_shap_list_ir_4_subset_28,SkinThickness,localMax_SkinThickness,0.15585394,0.20496717,0.25408038
5180,xgb_shap_list_ir_4,xgb_shap_list_ir_4_subset_28,Insulin,localMax_Insulin,0.16421545,0.248353,0.08007789
5181,xgb_shap_list_ir_4,xgb_shap_list_ir_4_subset_28,BMI,localMax_BMI,-0.34687582,-0.05575043,1.1087512
5182,xgb_shap_list_ir_4,xgb_shap_list_ir_4_subset_28,DiabetesPedigreeFunction,localMax_DiabetesPedigreeFunction,1.124182,0.675794,1.348376
5183,xgb_shap_list_ir_4,xgb_shap_list_ir_4_subset_28,Age,localMax_Age,0.05992496,0.3165462,-0.06838569
5184,xgb_shap_list_ir_2,xgb_shap_list_ir_2_subset_80,Pregnancies,localMax_Pregnancies,-0.0018200874,0.10354832,0.20891672
5185,xgb_shap_list_ir_2,xgb_shap_list_ir_2_subset_80,Glucose,localMax_Glucose,0.78160906,1.2160003,1.433196
5186,xgb_shap_list_ir_2,xgb_shap_list_ir_2_subset_80,BloodPressure,localMax_BloodPressure,0.79024625,0.1447053,-0.0704751
5187,xgb_shap_list_ir_2,xgb_shap_list_ir_2_subset_80,SkinThickness,localMax_SkinThickness,0.53453803,0.6741918,0.11557686
5188,xgb_shap_list_ir_2,xgb_shap_list_ir_2_subset_80,Insulin,localMax_Insulin,0.7443359,0.55801475,0.9306569
5189,xgb_shap_list_ir_2,xgb_shap_list_ir_2_subset_80,BMI,localMax_BMI,1.1538908,-0.25169384,1.466243
5190,xgb_shap_list_ir_2,xgb_shap_list_ir_2_subset_80,DiabetesPedigreeFunction,localMax_DiabetesPedigreeFunction,0.35830742,0.21916598,0.6365902
5191,xgb_shap_list_ir_2,xgb_shap_list_ir_2_subset_80,Age,localMax_Age,1.0976577,1.2898442,1.4820307
5192,xgb_shap_list_ir_3,xgb_shap_list_ir_3_subset_105,Pregnancies,localMax_Pregnancies,0.12259215,0.3482231,0.23540759
5193,xgb_shap_list_ir_3,xgb_shap_list_ir_3_subset_105,Glucose,localMax_Glucose,0.9023123,1.2630057,1.623699
5194,xgb_shap_list_ir_3,xgb_shap_list_ir_3_subset_105,BloodPressure,localMax_BloodPressure,0.05153525,-0.05369103,0.15676153
5195,xgb_shap_list_ir_3,xgb_shap_list_ir_3_subset_105,SkinThickness,localMax_SkinThickness,-0.0066941082,-0.09812386,0.08473566
5196,xgb_shap_list_ir_3,xgb_shap_list_ir_3_subset_105,Insulin,localMax_Insulin,0.19820851,0.37274057,0.023676515
5197,xgb_shap_list_ir_3,xgb_shap_list_ir_3_subset_105,BMI,localMax_BMI,0.076999664,0.31357455,1.7330239
5198,xgb_shap_list_ir_3,xgb_shap_list_ir_3_subset_105,DiabetesPedigreeFunction,localMax_DiabetesPedigreeFunction,0.4087577,0.26966268,0.13056773
5199,xgb_shap_list_ir_3,xgb_shap_list_ir_3_subset_105,Age,localMax_Age,0.3414449,0.11972219,0.56316763
5200,xgb_shap_list_ir_5,xgb_shap_list_ir_5_subset_144,Pregnancies,localMax_Pregnancies,0.10130894,0.19244051,0.28357208
5201,xgb_shap_list_ir_5,xgb_shap_list_ir_5_subset_144,Glucose,localMax_Glucose,0.17118537,0.5203701,1.2187395
5202,xgb_shap_list_ir_5,xgb_shap_list_ir_5_subset_144,BloodPressure,localMax_BloodPressure,0.12371591,0.26208645,-0.014654666
5203,xgb_shap_list_ir_5,xgb_shap_list_ir_5_subset_144,SkinThickness,localMax_SkinThickness,0.4367891,0.5291094,0.15982825
5204,xgb_shap_list_ir_5,xgb_shap_list_ir_5_subset_144,Insulin,localMax_Insulin,-0.19872141,-0.11407402,-0.029426634
5205,xgb_shap_list_ir_5,xgb_shap_list_ir_5_subset_144,BMI,localMax_BMI,-0.15485722,-0.47398162,0.16426712
5206,xgb_shap_list_ir_5,xgb_shap_list_ir_5_subset_144,DiabetesPedigreeFunction,localMax_DiabetesPedigreeFunction,0.33728838,0.73143685,0.14021415
5207,xgb_shap_list_ir_5,xgb_shap_list_ir_5_subset_144,Age,localMax_Age,0.8572526,0.6713704,-0.25804096
5208,xgb_shap_list_ir_3,xgb_shap_list_ir_3_subset_64,Pregnancies,localMax_Pregnancies,0.17009676,0.104622364,0.23557115
5209,xgb_shap_list_ir_3,xgb_shap_list_ir_3_subset_64,Glucose,localMax_Glucose,0.2631656,0.6107949,-0.084463716
5210,xgb_shap_list_ir_3,xgb_shap_list_ir_3_subset_64,BloodPressure,localMax_BloodPressure,0.089669675,0.178489,0.00085034966
5211,xgb_shap_list_ir_3,xgb_shap_list_ir_3_subset_64,SkinThickness,localMax_SkinThickness,0.24271098,0.35248443,0.13293755
5212,xgb_shap_list_ir_3,xgb_shap_list_ir_3_subset_64,Insulin,localMax_Insulin,0.0010665953,0.08390364,-0.08177045
5213,xgb_shap_list_ir_3,xgb_shap_list_ir_3_subset_64,BMI,localMax_BMI,0.48669505,0.29428887,0.6791012
5214,xgb_shap_list_ir_3,xgb_shap_list_ir_3_subset_64,DiabetesPedigreeFunction,localMax_DiabetesPedigreeFunction,0.71488297,0.83248866,0.5972773
5215,xgb_shap_list_ir_3,xgb_shap_list_ir_3_subset_64,Age,localMax_Age,0.6498258,0.8182279,0.98662996
5216,xgb_shap_list_ir_4,xgb_shap_list_ir_4_subset_74,Pregnancies,localMax_Pregnancies,0.5513084,0.75811815,0.34449857
5217,xgb_shap_list_ir_4,xgb_shap_list_ir_4_subset_74,Glucose,localMax_Glucose,1.9327097,1.6066034,0.9543904
5218,xgb_shap_list_ir_4,xgb_shap_list_ir_4_subset_74,BloodPressure,localMax_BloodPressure,-0.06231746,-0.18282789,0.05819297
5219,xgb_shap_list_ir_4,xgb_shap_list_ir_4_subset_74,SkinThickness,localMax_SkinThickness,0.118802905,-0.067851216,0.02547586
5220,xgb_shap_list_ir_4,xgb_shap_list_ir_4_subset_74,Insulin,localMax_Insulin,0.05244854,0.15276274,0.45370543
5221,xgb_shap_list_ir_4,xgb_shap_list_ir_4_subset_74,BMI,localMax_BMI,-0.31025693,-0.08699322,1.4758527
5222,xgb_shap_list_ir_4,xgb_shap_list_ir_4_subset_74,DiabetesPedigreeFunction,localMax_DiabetesPedigreeFunction,0.13890249,0.31867212,0.85798085
5223,xgb_shap_list_ir_4,xgb_shap_list_ir_4_subset_74,Age,localMax_Age,0.17697394,0.017765641,0.33618224
5224,xgb_shap_list_ir_2,xgb_shap_list_ir_2_subset_156,Pregnancies,localMax_Pregnancies,0.66379774,0.43665993,0.20952213
5225,xgb_shap_list_ir_2,xgb_shap_list_ir_2_subset_156,Glucose,localMax_Glucose,2.5705986,-0.0034412146,2.9383187
5226,xgb_shap_list_ir_2,xgb_shap_list_ir_2_subset_156,BloodPressure,localMax_BloodPressure,-0.18116635,-0.12164067,0.35456476
5227,xgb_shap_list_ir_2,xgb_shap_list_ir_2_subset_156,SkinThickness,localMax_SkinThickness,0.16457081,0.081033826,0.24810779
5228,xgb_shap_list_ir_2,xgb_shap_list_ir_2_subset_156,Insulin,localMax_Insulin,0.119163245,0.20843425,0.2977053
5229,xgb_shap_list_ir_2,xgb_shap_list_ir_2_subset_156,BMI,localMax_BMI,0.63302636,0.89939415,0.36665857
5230,xgb_shap_list_ir_2,xgb_shap_list_ir_2_subset_156,DiabetesPedigreeFunction,localMax_DiabetesPedigreeFunction,0.060309827,-0.05140266,0.39544725
5231,xgb_shap_list_ir_2,xgb_shap_list_ir_2_subset_156,Age,localMax_Age,0.79623157,0.44073707,0.6777334
5232,xgb_shap_list_ir_1,xgb_shap_list_ir_1_subset_97,Pregnancies,localMax_Pregnancies,0.9125184,0.77587026,-0.31731477
5233,xgb_shap_list_ir_1,xgb_shap_list_ir_1_subset_97,Glucose,localMax_Glucose,1.0114572,0.6651989,0.31894052
5234,xgb_shap_list_ir_1,xgb_shap_list_ir_1_subset_97,BloodPressure,localMax_BloodPressure,0.92725986,1.0521096,-0.32123727
5235,xgb_shap_list_ir_1,xgb_shap_list_ir_1_subset_97,SkinThickness,localMax_SkinThickness,0.34355563,0.3974558,-0.24934603
5236,xgb_shap_list_ir_1,xgb_shap_list_ir_1_subset_97,Insulin,localMax_Insulin,0.13200527,0.18420473,0.07980582
5237,xgb_shap_list_ir_1,xgb_shap_list_ir_1_subset_97,BMI,localMax_BMI,1.0390081,0.86312675,0.15960097
5238,xgb_shap_list_ir_1,xgb_shap_list_ir_1_subset_97,DiabetesPedigreeFunction,localMax_DiabetesPedigreeFunction,0.21530968,0.6077259,0.3461151
5239,xgb_shap_list_ir_1,xgb_shap_list_ir_1_subset_97,Age,localMax_Age,0.30114233,0.21939501,0.38288963
5240,xgb_shap_list_ir_2,xgb_shap_list_ir_2_subset_143,Pregnancies,localMax_Pregnancies,0.7114569,0.4701246,0.9527893
5241,xgb_shap_list_ir_2,xgb_shap_list_ir_2_subset_143,Glucose,localMax_Glucose,0.6902634,1.2160769,0.9531702
5242,xgb_shap_list_ir_2,xgb_shap_list_ir_2_subset_143,BloodPressure,localMax_BloodPressure,0.22508496,0.050997555,0.39917237
5243,xgb_shap_list_ir_2,xgb_shap_list_ir_2_subset_143,SkinThickness,localMax_SkinThickness,0.45982152,0.5960767,0.32356638
5244,xgb_shap_list_ir_2,xgb_shap_list_ir_2_subset_143,Insulin,localMax_Insulin,0.0927915,0.19213805,0.04311824
5245,xgb_shap_list_ir_2,xgb_shap_list_ir_2_subset_143,BMI,localMax_BMI,0.34820497,0.53071845,1.8083125
5246,xgb_shap_list_ir_2,xgb_shap_list_ir_2_subset_143,DiabetesPedigreeFunction,localMax_DiabetesPedigreeFunction,0.082128644,-0.034504175,0.7819257
5247,xgb_shap_list_ir_2,xgb_shap_list_ir_2_subset_143,Age,localMax_Age,0.34910664,0.18593296,0.10434614
5248,xgb_shap_list_ir_2,xgb_shap_list_ir_2_subset_57,Pregnancies,localMax_Pregnancies,1.2054585,1.0393561,-0.123360515
5249,xgb_shap_list_ir_2,xgb_shap_list_ir_2_subset_57,Glucose,localMax_Glucose,1.7024419,2.0131216,1.3917623
5250,xgb_shap_list_ir_2,xgb_shap_list_ir_2_subset_57,BloodPressure,localMax_BloodPressure,0.08517945,-0.05685073,0.6533001
5251,xgb_shap_list_ir_2,xgb_shap_list_ir_2_subset_57,SkinThickness,localMax_SkinThickness,0.20109102,0.049266726,0.12517887
5252,xgb_shap_list_ir_2,xgb_shap_list_ir_2_subset_57,Insulin,localMax_Insulin,-0.08204724,-0.043920442,0.03233318
5253,xgb_shap_list_ir_2,xgb_shap_list_ir_2_subset_57,BMI,localMax_BMI,0.29389066,1.4124151,1.6361201
5254,xgb_shap_list_ir_2,xgb_shap_list_ir_2_subset_57,DiabetesPedigreeFunction,localMax_DiabetesPedigreeFunction,0.49928546,0.6937759,0.30479503
5255,xgb_shap_list_ir_2,xgb_shap_list_ir_2_subset_57,Age,localMax_Age,0.557264,0.4359032,0.67862475
5256,xgb_shap_list_ir_3,xgb_shap_list_ir_3_subset_110,Pregnancies,localMax_Pregnancies,0.39059365,0.52912575,0.2520615
5257,xgb_shap_list_ir_3,xgb_shap_list_ir_3_subset_110,Glucose,localMax_Glucose,3.0907395,2.7340333,2.020621
5258,xgb_shap_list_ir_3,xgb_shap_list_ir_3_subset_110,BloodPressure,localMax_BloodPressure,0.27098012,-0.19285226,0.3869382
5259,xgb_shap_list_ir_3,xgb_shap_list_ir_3_subset_110,SkinThickness,localMax_SkinThickness,0.13652414,0.19993383,0.073114485
5260,xgb_shap_list_ir_3,xgb_shap_list_ir_3_subset_110,Insulin,localMax_Insulin,0.23871875,0.14891705,0.05911532
5261,xgb_shap_list_ir_3,xgb_shap_list_ir_3_subset_110,BMI,localMax_BMI,0.30957305,1.8300598,0.0054757595
5262,xgb_shap_list_ir_3,xgb_shap_list_ir_3_subset_110,DiabetesPedigreeFunction,localMax_DiabetesPedigreeFunction,0.98502743,0.8005518,0.24712479
5263,xgb_shap_list_ir_3,xgb_shap_list_ir_3_subset_110,Age,localMax_Age,-0.13219589,0.01656431,-0.2809561
5264,xgb_shap_list_ir_1,xgb_shap_list_ir_1_subset_151,Pregnancies,localMax_Pregnancies,0.4264505,0.5803788,0.27252227
5265,xgb_shap_list_ir_1,xgb_shap_list_ir_1_subset_151,Glucose,localMax_Glucose,0.5902183,1.1452729,1.4228001
5266,xgb_shap_list_ir_1,xgb_shap_list_ir_1_subset_151,BloodPressure,localMax_BloodPressure,0.51177835,1.030092,0.3390072
5267,xgb_shap_list_ir_1,xgb_shap_list_ir_1_subset_151,SkinThickness,localMax_SkinThickness,0.3372019,0.030598104,0.28610128
5268,xgb_shap_list_ir_1,xgb_shap_list_ir_1_subset_151,Insulin,localMax_Insulin,0.06317583,0.5314838,-0.030485779
5269,xgb_shap_list_ir_1,xgb_shap_list_ir_1_subset_151,BMI,localMax_BMI,0.14367503,-0.17721254,0.06345314
5270,xgb_shap_list_ir_1,xgb_shap_list_ir_1_subset_151,DiabetesPedigreeFunction,localMax_DiabetesPedigreeFunction,0.06953114,0.19140899,0.3132869
5271,xgb_shap_list_ir_1,xgb_shap_list_ir_1_subset_151,Age,localMax_Age,0.91940325,0.7985419,0.67768055
5272,xgb_shap_list_ir_1,xgb_shap_list_ir_1_subset_18,Pregnancies,localMax_Pregnancies,0.32421303,0.42217106,0.226255
5273,xgb_shap_list_ir_1,xgb_shap_list_ir_1_subset_18,Glucose,localMax_Glucose,0.926576,1.0796497,1.2327235
5274,xgb_shap_list_ir_1,xgb_shap_list_ir_1_subset_18,BloodPressure,localMax_BloodPressure,-0.3716007,-0.28426987,0.5890381
5275,xgb_shap_list_ir_1,xgb_shap_list_ir_1_subset_18,SkinThickness,localMax_SkinThickness,0.6229141,0.543599,0.22633874
5276,xgb_shap_list_ir_1,xgb_shap_list_ir_1_subset_18,Insulin,localMax_Insulin,0.57188547,0.39594913,0.7478218
5277,xgb_shap_list_ir_1,xgb_shap_list_ir_1_subset_18,BMI,localMax_BMI,-0.025053978,0.09411454,-0.1442225
5278,xgb_shap_list_ir_1,xgb_shap_list_ir_1_subset_18,DiabetesPedigreeFunction,localMax_DiabetesPedigreeFunction,0.08275354,0.61606747,0.34941053
5279,xgb_shap_list_ir_1,xgb_shap_list_ir_1_subset_18,Age,localMax_Age,0.5693966,0.2139185,-0.023066908
5280,xgb_shap_list_ir_2,xgb_shap_list_ir_2_subset_97,Pregnancies,localMax_Pregnancies,0.4569782,0.619723,0.29423338
5281,xgb_shap_list_ir_2,xgb_shap_list_ir_2_subset_97,Glucose,localMax_Glucose,1.9504888,1.646071,2.2549064
5282,xgb_shap_list_ir_2,xgb_shap_list_ir_2_subset_97,BloodPressure,localMax_BloodPressure,0.09678891,0.21029806,-0.016720235
5283,xgb_shap_list_ir_2,xgb_shap_list_ir_2_subset_97,SkinThickness,localMax_SkinThickness,0.26755542,0.10909802,0.42601275
5284,xgb_shap_list_ir_2,xgb_shap_list_ir_2_subset_97,Insulin,localMax_Insulin,-0.2331264,0.4725353,-0.33393523
5285,xgb_shap_list_ir_2,xgb_shap_list_ir_2_subset_97,BMI,localMax_BMI,0.32507074,0.16398901,0.48615247
5286,xgb_shap_list_ir_2,xgb_shap_list_ir_2_subset_97,DiabetesPedigreeFunction,localMax_DiabetesPedigreeFunction,0.63660395,0.76862633,0.9006487
5287,xgb_shap_list_ir_2,xgb_shap_list_ir_2_subset_97,Age,localMax_Age,0.9159339,0.80138665,0.68683934
5288,xgb_shap_list_ir_4,xgb_shap_list_ir_4_subset_63,Pregnancies,localMax_Pregnancies,0.58158755,0.44967133,0.053922772
5289,xgb_shap_list_ir_4,xgb_shap_list_ir_4_subset_63,Glucose,localMax_Glucose,1.4394348,1.1231211,1.7557483
5290,xgb_shap_list_ir_4,xgb_shap_list_ir_4_subset_63,BloodPressure,localMax_BloodPressure,0.03481382,-0.086728364,0.15635598
5291,xgb_shap_list_ir_4,xgb_shap_list_ir_4_subset_63,SkinThickness,localMax_SkinThickness,0.5816918,0.46000314,0.33831447
5292,xgb_shap_list_ir_4,xgb_shap_list_ir_4_subset_63,Insulin,localMax_Insulin,0.08669698,0.248335,-0.07494098
5293,xgb_shap_list_ir_4,xgb_shap_list_ir_4_subset_63,BMI,localMax_BMI,-0.15539181,0.12724173,0.6925088
5294,xgb_shap_list_ir_4,xgb_shap_list_ir_4_subset_63,DiabetesPedigreeFunction,localMax_DiabetesPedigreeFunction,0.33557582,0.14444971,0.5267019
5295,xgb_shap_list_ir_4,xgb_shap_list_ir_4_subset_63,Age,localMax_Age,0.62174076,0.75887233,0.8960039
5296,xgb_shap_list_ir_2,xgb_shap_list_ir_2_subset_114,Pregnancies,localMax_Pregnancies,0.34098095,0.45424366,0.22771823
5297,xgb_shap_list_ir_2,xgb_shap_list_ir_2_subset_114,Glucose,localMax_Glucose,1.6496313,2.0466392,0.85561585
5298,xgb_shap_list_ir_2,xgb_shap_list_ir_2_subset_114,BloodPressure,localMax_BloodPressure,0.3860399,0.50535023,0.028109074
5299,xgb_shap_list_ir_2,xgb_shap_list_ir_2_subset_114,SkinThickness,localMax_SkinThickness,0.2549008,0.13657129,0.018241763
5300,xgb_shap_list_ir_2,xgb_shap_list_ir_2_subset_114,Insulin,localMax_Insulin,-0.12106514,-0.21369421,-0.028436065
5301,xgb_shap_list_ir_2,xgb_shap_list_ir_2_subset_114,BMI,localMax_BMI,0.76516646,-0.5199115,0.44389695
5302,xgb_shap_list_ir_2,xgb_shap_list_ir_2_subset_114,DiabetesPedigreeFunction,localMax_DiabetesPedigreeFunction,0.6339349,0.5049157,0.37589657
5303,xgb_shap_list_ir_2,xgb_shap_list_ir_2_subset_114,Age,localMax_Age,1.0293443,1.2027206,0.8559679
5304,xgb_shap_list_ir_3,xgb_shap_list_ir_3_subset_46,Pregnancies,localMax_Pregnancies,0.4460119,0.2780984,0.61392534
5305,xgb_shap_list_ir_3,xgb_shap_list_ir_3_subset_46,Glucose,localMax_Glucose,0.44405115,0.8736694,2.162524
5306,xgb_shap_list_ir_3,xgb_shap_list_ir_3_subset_46,BloodPressure,localMax_BloodPressure,0.32218283,0.45079857,0.5794143
5307,xgb_shap_list_ir_3,xgb_shap_list_ir_3_subset_46,SkinThickness,localMax_SkinThickness,0.12908942,0.23139027,0.026788533
5308,xgb_shap_list_ir_3,xgb_shap_list_ir_3_subset_46,Insulin,localMax_Insulin,-0.08122887,0.0009804964,0.083189845
5309,xgb_shap_list_ir_3,xgb_shap_list_ir_3_subset_46,BMI,localMax_BMI,0.46886623,0.17222226,0.7655102
5310,xgb_shap_list_ir_3,xgb_shap_list_ir_3_subset_46,DiabetesPedigreeFunction,localMax_DiabetesPedigreeFunction,0.7603903,0.48398638,1.0367943
5311,xgb_shap_list_ir_3,xgb_shap_list_ir_3_subset_46,Age,localMax_Age,0.5648216,0.2012384,0.32243282
5312,xgb_shap_list_ir_1,xgb_shap_list_ir_1_subset_138,Pregnancies,localMax_Pregnancies,0.41017902,0.505357,0.60053504
5313,xgb_shap_list_ir_1,xgb_shap_list_ir_1_subset_138,Glucose,localMax_Glucose,1.7717483,2.002813,1.5406836
5314,xgb_shap_list_ir_1,xgb_shap_list_ir_1_subset_138,BloodPressure,localMax_BloodPressure,0.87218916,1.0986917,0.6456866
5315,xgb_shap_list_ir_1,xgb_shap_list_ir_1_subset_138,SkinThickness,localMax_SkinThickness,0.36530167,0.30374524,-0.0040368736
5316,xgb_shap_list_ir_1,xgb_shap_list_ir_1_subset_138,Insulin,localMax_Insulin,-0.17829865,-0.298049,-0.41779932
5317,xgb_shap_list_ir_1,xgb_shap_list_ir_1_subset_138,BMI,localMax_BMI,0.83772826,1.4735501,1.1556392
5318,xgb_shap_list_ir_1,xgb_shap_list_ir_1_subset_138,DiabetesPedigreeFunction,localMax_DiabetesPedigreeFunction,0.17224395,0.05939281,0.73649967
5319,xgb_shap_list_ir_1,xgb_shap_list_ir_1_subset_138,Age,localMax_Age,0.067246675,-0.009552211,0.2976433
5320,xgb_shap_list_ir_4,xgb_shap_list_ir_4_subset_15,Pregnancies,localMax_Pregnancies,0.09615338,-0.02858992,0.033781737
5321,xgb_shap_list_ir_4,xgb_shap_list_ir_4_subset_15,Glucose,localMax_Glucose,1.1210408,2.119013,0.78838336
5322,xgb_shap_list_ir_4,xgb_shap_list_ir_4_subset_15,BloodPressure,localMax_BloodPressure,0.16573495,0.041292965,0.29017693
5323,xgb_shap_list_ir_4,xgb_shap_list_ir_4_subset_15,SkinThickness,localMax_SkinThickness,0.35717005,0.26931643,0.18146288
5324,xgb_shap_list_ir_4,xgb_shap_list_ir_4_subset_15,Insulin,localMax_Insulin,0.05672872,0.14396372,0.23119873
5325,xgb_shap_list_ir_4,xgb_shap_list_ir_4_subset_15,BMI,localMax_BMI,0.38702786,0.6133747,1.7451088
5326,xgb_shap_list_ir_4,xgb_shap_list_ir_4_subset_15,DiabetesPedigreeFunction,localMax_DiabetesPedigreeFunction,0.8629924,0.6720414,0.4810905
5327,xgb_shap_list_ir_4,xgb_shap_list_ir_4_subset_15,Age,localMax_Age,0.87298703,0.58932483,0.30566275
5328,xgb_shap_list_ir_4,xgb_shap_list_ir_4_subset_3,Pregnancies,localMax_Pregnancies,0.2247513,0.41013014,0.039372385
5329,xgb_shap_list_ir_4,xgb_shap_list_ir_4_subset_3,Glucose,localMax_Glucose,0.81407905,2.2513046,1.1733855
5330,xgb_shap_list_ir_4,xgb_shap_list_ir_4_subset_3,BloodPressure,localMax_BloodPressure,0.16200072,0.04700923,0.2769922
5331,xgb_shap_list_ir_4,xgb_shap_list_ir_4_subset_3,SkinThickness,localMax_SkinThickness,0.09878746,0.04009968,0.1574752
5332,xgb_shap_list_ir_4,xgb_shap_list_ir_4_subset_3,Insulin,localMax_Insulin,-0.1864805,-0.28711182,0.51793885
5333,xgb_shap_list_ir_4,xgb_shap_list_ir_4_subset_3,BMI,localMax_BMI,0.72817767,0.49662983,0.265082
5334,xgb_shap_list_ir_4,xgb_shap_list_ir_4_subset_3,DiabetesPedigreeFunction,localMax_DiabetesPedigreeFunction,0.40057564,0.554378,0.70818025
5335,xgb_shap_list_ir_4,xgb_shap_list_ir_4_subset_3,Age,localMax_Age,0.8627355,0.7210359,0.5793363
5336,xgb_shap_list_ir_1,xgb_shap_list_ir_1_subset_127,Pregnancies,localMax_Pregnancies,0.35267055,0.51526064,0.2713755
5337,xgb_shap_list_ir_1,xgb_shap_list_ir_1_subset_127,Glucose,localMax_Glucose,0.5339222,0.3114041,0.7564403
5338,xgb_shap_list_ir_1,xgb_shap_list_ir_1_subset_127,BloodPressure,localMax_BloodPressure,-0.13403848,-0.2472809,0.7719008
5339,xgb_shap_list_ir_1,xgb_shap_list_ir_1_subset_127,SkinThickness,localMax_SkinThickness,0.0095024705,0.098311394,0.18712035
5340,xgb_shap_list_ir_1,xgb_shap_list_ir_1_subset_127,Insulin,localMax_Insulin,0.21210107,0.2991978,0.12500432
5341,xgb_shap_list_ir_1,xgb_shap_list_ir_1_subset_127,BMI,localMax_BMI,1.2945287,1.1392816,0.51829344
5342,xgb_shap_list_ir_1,xgb_shap_list_ir_1_subset_127,DiabetesPedigreeFunction,localMax_DiabetesPedigreeFunction,0.3833239,0.2054689,0.5611789
5343,xgb_shap_list_ir_1,xgb_shap_list_ir_1_subset_127,Age,localMax_Age,0.8257866,1.1185621,0.9721743
5344,xgb_shap_list_ir_4,xgb_shap_list_ir_4_subset_142,Pregnancies,localMax_Pregnancies,0.09300175,0.19686294,0.3007241
5345,xgb_shap_list_ir_4,xgb_shap_list_ir_4_subset_142,Glucose,localMax_Glucose,1.4693825,1.8524566,0.7032349
5346,xgb_shap_list_ir_4,xgb_shap_list_ir_4_subset_142,BloodPressure,localMax_BloodPressure,0.17539364,0.07152408,0.2792632
5347,xgb_shap_list_ir_4,xgb_shap_list_ir_4_subset_142,SkinThickness,localMax_SkinThickness,0.35687822,0.21833599,0.63396263
5348,xgb_shap_list_ir_4,xgb_shap_list_ir_4_subset_142,Insulin,localMax_Insulin,0.15335912,0.015373528,0.2913447
5349,xgb_shap_list_ir_4,xgb_shap_list_ir_4_subset_142,BMI,localMax_BMI,0.3397382,0.11727035,0.56220603
5350,xgb_shap_list_ir_4,xgb_shap_list_ir_4_subset_142,DiabetesPedigreeFunction,localMax_DiabetesPedigreeFunction,0.645875,0.44922996,0.84252
5351,xgb_shap_list_ir_4,xgb_shap_list_ir_4_subset_142,Age,localMax_Age,1.0830152,1.2628684,0.9031619
5352,xgb_shap_list_ir_5,xgb_shap_list_ir_5_subset_77,Pregnancies,localMax_Pregnancies,0.044285715,0.51579356,0.16216266
5353,xgb_shap_list_ir_5,xgb_shap_list_ir_5_subset_77,Glucose,localMax_Glucose,0.72830915,0.3671322,2.895371
5354,xgb_shap_list_ir_5,xgb_shap_list_ir_5_subset_77,BloodPressure,localMax_BloodPressure,0.07145345,-0.17778543,-0.053166002
5355,xgb_shap_list_ir_5,xgb_shap_list_ir_5_subset_77,SkinThickness,localMax_SkinThickness,0.16802001,0.28891534,0.047124624
5356,xgb_shap_list_ir_5,xgb_shap_list_ir_5_subset_77,Insulin,localMax_Insulin,-0.079568,0.26051962,0.14715707
5357,xgb_shap_list_ir_5,xgb_shap_list_ir_5_subset_77,BMI,localMax_BMI,0.012279153,0.56604016,0.8429208
5358,xgb_shap_list_ir_5,xgb_shap_list_ir_5_subset_77,DiabetesPedigreeFunction,localMax_DiabetesPedigreeFunction,0.41858572,0.60064805,0.23652345
5359,xgb_shap_list_ir_5,xgb_shap_list_ir_5_subset_77,Age,localMax_Age,0.2539003,0.39944065,-0.037180543
5360,xgb_shap_list_ir_2,xgb_shap_list_ir_2_subset_159,Pregnancies,localMax_Pregnancies,0.15306073,0.10296264,0.05286452
5361,xgb_shap_list_ir_2,xgb_shap_list_ir_2_subset_159,Glucose,localMax_Glucose,1.7088007,1.4785492,1.0180463
5362,xgb_shap_list_ir_2,xgb_shap_list_ir_2_subset_159,BloodPressure,localMax_BloodPressure,0.37706968,0.459215,0.29492438
5363,xgb_shap_list_ir_2,xgb_shap_list_ir_2_subset_159,SkinThickness,localMax_SkinThickness,0.40662134,0.5094795,-0.21052766
5364,xgb_shap_list_ir_2,xgb_shap_list_ir_2_subset_159,Insulin,localMax_Insulin,0.31215617,0.41776997,-0.1102989
5365,xgb_shap_list_ir_2,xgb_shap_list_ir_2_subset_159,BMI,localMax_BMI,-0.030430973,0.1688528,-0.22971475
5366,xgb_shap_list_ir_2,xgb_shap_list_ir_2_subset_159,DiabetesPedigreeFunction,localMax_DiabetesPedigreeFunction,0.20252639,0.6055704,0.0010043979
5367,xgb_shap_list_ir_2,xgb_shap_list_ir_2_subset_159,Age,localMax_Age,0.20983768,0.0915004,0.44651216
5368,xgb_shap_list_ir_2,xgb_shap_list_ir_2_subset_130,Pregnancies,localMax_Pregnancies,0.7818571,0.66999274,0.5581284
5369,xgb_shap_list_ir_2,xgb_shap_list_ir_2_subset_130,Glucose,localMax_Glucose,0.69790864,0.3925197,1.0032976
5370,xgb_shap_list_ir_2,xgb_shap_list_ir_2_subset_130,BloodPressure,localMax_BloodPressure,-0.2998944,-0.4668948,0.034106553
5371,xgb_shap_list_ir_2,xgb_shap_list_ir_2_subset_130,SkinThickness,localMax_SkinThickness,0.9886465,1.1430712,0.8342217
5372,xgb_shap_list_ir_2,xgb_shap_list_ir_2_subset_130,Insulin,localMax_Insulin,0.26805997,0.8946047,0.4769082
5373,xgb_shap_list_ir_2,xgb_shap_list_ir_2_subset_130,BMI,localMax_BMI,0.27571243,0.40399474,0.14743012
5374,xgb_shap_list_ir_2,xgb_shap_list_ir_2_subset_130,DiabetesPedigreeFunction,localMax_DiabetesPedigreeFunction,0.5526483,0.7229054,0.89316237
5375,xgb_shap_list_ir_2,xgb_shap_list_ir_2_subset_130,Age,localMax_Age,-0.4184398,1.2298789,1.379726
5376,xgb_shap_list_ir_4,xgb_shap_list_ir_4_subset_84,Pregnancies,localMax_Pregnancies,0.79403746,0.6082754,0.9797996
5377,xgb_shap_list_ir_4,xgb_shap_list_ir_4_subset_84,Glucose,localMax_Glucose,1.401844,1.8127041,0.99098396
5378,xgb_shap_list_ir_4,xgb_shap_list_ir_4_subset_84,BloodPressure,localMax_BloodPressure,0.19121736,0.35163838,0.030796409
5379,xgb_shap_list_ir_4,xgb_shap_list_ir_4_subset_84,SkinThickness,localMax_SkinThickness,0.002781123,0.10989323,0.21700534
5380,xgb_shap_list_ir_4,xgb_shap_list_ir_4_subset_84,Insulin,localMax_Insulin,0.08584595,0.01446265,-0.056920633
5381,xgb_shap_list_ir_4,xgb_shap_list_ir_4_subset_84,BMI,localMax_BMI,0.20740789,0.46973956,2.3060608
5382,xgb_shap_list_ir_4,xgb_shap_list_ir_4_subset_84,DiabetesPedigreeFunction,localMax_DiabetesPedigreeFunction,0.47588038,0.25024557,0.7015153
5383,xgb_shap_list_ir_4,xgb_shap_list_ir_4_subset_84,Age,localMax_Age,0.52133346,0.3355834,0.8928335
5384,xgb_shap_list_ir_5,xgb_shap_list_ir_5_subset_154,Pregnancies,localMax_Pregnancies,0.5273242,0.7013896,0.35325885
5385,xgb_shap_list_ir_5,xgb_shap_list_ir_5_subset_154,Glucose,localMax_Glucose,2.0088258,1.6097767,2.4078748
5386,xgb_shap_list_ir_5,xgb_shap_list_ir_5_subset_154,BloodPressure,localMax_BloodPressure,0.27903724,0.1629641,0.046890974
5387,xgb_shap_list_ir_5,xgb_shap_list_ir_5_subset_154,SkinThickness,localMax_SkinThickness,0.20051667,0.10932544,-0.073057055
5388,xgb_shap_list_ir_5,xgb_shap_list_ir_5_subset_154,Insulin,localMax_Insulin,0.062084883,-0.037984222,0.16215399
5389,xgb_shap_list_ir_5,xgb_shap_list_ir_5_subset_154,BMI,localMax_BMI,-0.14728671,0.1218043,0.39089525
5390,xgb_shap_list_ir_5,xgb_shap_list_ir_5_subset_154,DiabetesPedigreeFunction,localMax_DiabetesPedigreeFunction,0.35136938,0.5733714,0.12936741
5391,xgb_shap_list_ir_5,xgb_shap_list_ir_5_subset_154,Age,localMax_Age,0.42898947,0.27864534,0.1283012
5392,xgb_shap_list_ir_5,xgb_shap_list_ir_5_subset_158,Pregnancies,localMax_Pregnancies,0.12718987,0.32498956,0.91838837
5393,xgb_shap_list_ir_5,xgb_shap_list_ir_5_subset_158,Glucose,localMax_Glucose,1.536279,1.8898561,1.182702
5394,xgb_shap_list_ir_5,xgb_shap_list_ir_5_subset_158,BloodPressure,localMax_BloodPressure,0.174609,-0.029652178,0.37887013
5395,xgb_shap_list_ir_5,xgb_shap_list_ir_5_subset_158,SkinThickness,localMax_SkinThickness,0.15307042,0.2618424,0.04429844
5396,xgb_shap_list_ir_5,xgb_shap_list_ir_5_subset_158,Insulin,localMax_Insulin,-0.10991797,0.031253636,0.3135969
5397,xgb_shap_list_ir_5,xgb_shap_list_ir_5_subset_158,BMI,localMax_BMI,0.95786905,-0.06423384,0.7023432
5398,xgb_shap_list_ir_5,xgb_shap_list_ir_5_subset_158,DiabetesPedigreeFunction,localMax_DiabetesPedigreeFunction,0.73040843,0.93078494,0.5300319
5399,xgb_shap_list_ir_5,xgb_shap_list_ir_5_subset_158,Age,localMax_Age,0.3027717,0.11577803,0.8637527
5400,xgb_shap_list_ir_4,xgb_shap_list_ir_4_subset_53,Pregnancies,localMax_Pregnancies,0.31990087,0.14464414,0.49515766
5401,xgb_shap_list_ir_4,xgb_shap_list_ir_4_subset_53,Glucose,localMax_Glucose,0.6845572,0.3103249,1.0587893
5402,xgb_shap_list_ir_4,xgb_shap_list_ir_4_subset_53,BloodPressure,localMax_BloodPressure,0.6541665,0.50909877,0.36403108
5403,xgb_shap_list_ir_4,xgb_shap_list_ir_4_subset_53,SkinThickness,localMax_SkinThickness,0.22821322,0.1469501,0.06568694
5404,xgb_shap_list_ir_4,xgb_shap_list_ir_4_subset_53,Insulin,localMax_Insulin,0.05882281,0.17521173,0.6407674
5405,xgb_shap_list_ir_4,xgb_shap_list_ir_4_subset_53,BMI,localMax_BMI,0.38023698,0.08128989,0.6791841
5406,xgb_shap_list_ir_4,xgb_shap_list_ir_4_subset_53,DiabetesPedigreeFunction,localMax_DiabetesPedigreeFunction,0.5141648,0.71091497,-0.076085806
5407,xgb_shap_list_ir_4,xgb_shap_list_ir_4_subset_53,Age,localMax_Age,0.6365586,0.473777,0.31099534
5408,xgb_shap_list_ir_1,xgb_shap_list_ir_1_subset_102,Pregnancies,localMax_Pregnancies,0.19876021,0.13079599,-0.34495348
5409,xgb_shap_list_ir_1,xgb_shap_list_ir_1_subset_102,Glucose,localMax_Glucose,1.8583932,1.5474687,-0.31807756
5410,xgb_shap_list_ir_1,xgb_shap_list_ir_1_subset_102,BloodPressure,localMax_BloodPressure,0.6030117,0.44304633,0.28308105
5411,xgb_shap_list_ir_1,xgb_shap_list_ir_1_subset_102,SkinThickness,localMax_SkinThickness,0.03874448,0.112199485,-0.022468025
5412,xgb_shap_list_ir_1,xgb_shap_list_ir_1_subset_102,Insulin,localMax_Insulin,-0.10762726,0.2250467,-0.17416205
5413,xgb_shap_list_ir_1,xgb_shap_list_ir_1_subset_102,BMI,localMax_BMI,0.7240851,0.10528207,0.20841593
5414,xgb_shap_list_ir_1,xgb_shap_list_ir_1_subset_102,DiabetesPedigreeFunction,localMax_DiabetesPedigreeFunction,0.21436891,0.28914487,0.3639208
5415,xgb_shap_list_ir_1,xgb_shap_list_ir_1_subset_102,Age,localMax_Age,1.4179559,1.0482211,0.6784866
5416,xgb_shap_list_ir_2,xgb_shap_list_ir_2_subset_157,Pregnancies,localMax_Pregnancies,0.28321457,0.12474775,0.44168139
5417,xgb_shap_list_ir_2,xgb_shap_list_ir_2_subset_157,Glucose,localMax_Glucose,1.6030235,0.3295269,1.9213977
5418,xgb_shap_list_ir_2,xgb_shap_list_ir_2_subset_157,BloodPressure,localMax_BloodPressure,0.39684874,0.53933144,-0.17308193
5419,xgb_shap_list_ir_2,xgb_shap_list_ir_2_subset_157,SkinThickness,localMax_SkinThickness,0.24803752,0.428383,0.6087284
5420,xgb_shap_list_ir_2,xgb_shap_list_ir_2_subset_157,Insulin,localMax_Insulin,-0.17159012,0.22633597,-0.27107164
5421,xgb_shap_list_ir_2,xgb_shap_list_ir_2_subset_157,BMI,localMax_BMI,0.7668874,0.13668722,-0.07337946
5422,xgb_shap_list_ir_2,xgb_shap_list_ir_2_subset_157,DiabetesPedigreeFunction,localMax_DiabetesPedigreeFunction,0.19386888,-0.017259657,-0.22838822
5423,xgb_shap_list_ir_2,xgb_shap_list_ir_2_subset_157,Age,localMax_Age,1.3835402,1.2051615,-0.2218684
5424,xgb_shap_list_ir_4,xgb_shap_list_ir_4_subset_160,Pregnancies,localMax_Pregnancies,0.46267927,0.62237424,0.3029843
5425,xgb_shap_list_ir_4,xgb_shap_list_ir_4_subset_160,Glucose,localMax_Glucose,1.5427423,1.139504,0.73626566
5426,xgb_shap_list_ir_4,xgb_shap_list_ir_4_subset_160,BloodPressure,localMax_BloodPressure,0.24569684,0.14314082,0.34825283
5427,xgb_shap_list_ir_4,xgb_shap_list_ir_4_subset_160,SkinThickness,localMax_SkinThickness,0.48398554,0.5950288,0.37294233
5428,xgb_shap_list_ir_4,xgb_shap_list_ir_4_subset_160,Insulin,localMax_Insulin,-0.17461553,-0.016696751,0.45705962
5429,xgb_shap_list_ir_4,xgb_shap_list_ir_4_subset_160,BMI,localMax_BMI,0.26549852,0.014648318,0.5163487
5430,xgb_shap_list_ir_4,xgb_shap_list_ir_4_subset_160,DiabetesPedigreeFunction,localMax_DiabetesPedigreeFunction,0.4646722,0.2705782,-0.11760992
5431,xgb_shap_list_ir_4,xgb_shap_list_ir_4_subset_160,Age,localMax_Age,0.642406,0.8252926,0.4595194
5432,xgb_shap_list_ir_5,xgb_shap_list_ir_5_subset_111,Pregnancies,localMax_Pregnancies,0.05351746,0.49317598,0.34662312
5433,xgb_shap_list_ir_5,xgb_shap_list_ir_5_subset_111,Glucose,localMax_Glucose,1.2021427,2.3192167,1.9468586
5434,xgb_shap_list_ir_5,xgb_shap_list_ir_5_subset_111,BloodPressure,localMax_BloodPressure,-0.033772588,0.088758945,-0.15630412
5435,xgb_shap_list_ir_5,xgb_shap_list_ir_5_subset_111,SkinThickness,localMax_SkinThickness,0.3559935,0.010325804,0.079459354
5436,xgb_shap_list_ir_5,xgb_shap_list_ir_5_subset_111,Insulin,localMax_Insulin,-0.041463614,0.057053566,0.25408798
5437,xgb_shap_list_ir_5,xgb_shap_list_ir_5_subset_111,BMI,localMax_BMI,-0.4641999,-0.21833646,1.5027076
5438,xgb_shap_list_ir_5,xgb_shap_list_ir_5_subset_111,DiabetesPedigreeFunction,localMax_DiabetesPedigreeFunction,1.2563467,1.0495441,0.22233337
5439,xgb_shap_list_ir_5,xgb_shap_list_ir_5_subset_111,Age,localMax_Age,-0.009476185,-0.19027662,0.17132425
5440,xgb_shap_list_ir_2,xgb_shap_list_ir_2_subset_125,Pregnancies,localMax_Pregnancies,1.0665842,0.9105514,1.222617
5441,xgb_shap_list_ir_2,xgb_shap_list_ir_2_subset_125,Glucose,localMax_Glucose,0.9322562,1.299855,0.5646572
5442,xgb_shap_list_ir_2,xgb_shap_list_ir_2_subset_125,BloodPressure,localMax_BloodPressure,0.41388154,0.2804129,0.6808189
5443,xgb_shap_list_ir_2,xgb_shap_list_ir_2_subset_125,SkinThickness,localMax_SkinThickness,0.87235534,0.64527,0.41818464
5444,xgb_shap_list_ir_2,xgb_shap_list_ir_2_subset_125,Insulin,localMax_Insulin,-0.14868677,0.6005826,-0.24234545
5445,xgb_shap_list_ir_2,xgb_shap_list_ir_2_subset_125,BMI,localMax_BMI,0.7687247,0.5811298,0.3935349
5446,xgb_shap_list_ir_2,xgb_shap_list_ir_2_subset_125,DiabetesPedigreeFunction,localMax_DiabetesPedigreeFunction,0.35600907,0.18398517,0.528033
5447,xgb_shap_list_ir_2,xgb_shap_list_ir_2_subset_125,Age,localMax_Age,0.15511814,0.09368488,0.21655136
5448,xgb_shap_list_ir_5,xgb_shap_list_ir_5_subset_89,Pregnancies,localMax_Pregnancies,0.06521684,0.4859478,0.20546049
5449,xgb_shap_list_ir_5,xgb_shap_list_ir_5_subset_89,Glucose,localMax_Glucose,0.82154703,2.6641436,0.08450842
5450,xgb_shap_list_ir_5,xgb_shap_list_ir_5_subset_89,BloodPressure,localMax_BloodPressure,0.44874966,0.3246051,0.2004605
5451,xgb_shap_list_ir_5,xgb_shap_list_ir_5_subset_89,SkinThickness,localMax_SkinThickness,0.33452794,0.06807485,0.24571025
5452,xgb_shap_list_ir_5,xgb_shap_list_ir_5_subset_89,Insulin,localMax_Insulin,0.15101317,-0.051115885,0.01626046
5453,xgb_shap_list_ir_5,xgb_shap_list_ir_5_subset_89,BMI,localMax_BMI,0.20922667,-0.24194607,-0.016359687
5454,xgb_shap_list_ir_5,xgb_shap_list_ir_5_subset_89,DiabetesPedigreeFunction,localMax_DiabetesPedigreeFunction,0.86429024,0.4537754,0.6590328
5455,xgb_shap_list_ir_5,xgb_shap_list_ir_5_subset_89,Age,localMax_Age,-0.008362412,0.80411327,0.15413272
5456,xgb_shap_list_ir_2,xgb_shap_list_ir_2_subset_113,Pregnancies,localMax_Pregnancies,0.2633832,0.06396991,0.16367656
5457,xgb_shap_list_ir_2,xgb_shap_list_ir_2_subset_113,Glucose,localMax_Glucose,1.0643597,0.7621068,1.3666127
5458,xgb_shap_list_ir_2,xgb_shap_list_ir_2_subset_113,BloodPressure,localMax_BloodPressure,0.09210533,0.16818815,-0.13614309
5459,xgb_shap_list_ir_2,xgb_shap_list_ir_2_subset_113,SkinThickness,localMax_SkinThickness,0.6205421,0.53631073,0.45207936
5460,xgb_shap_list_ir_2,xgb_shap_list_ir_2_subset_113,Insulin,localMax_Insulin,0.17578384,-0.043588936,0.06609744
5461,xgb_shap_list_ir_2,xgb_shap_list_ir_2_subset_113,BMI,localMax_BMI,0.7755878,0.024927914,1.7764677
5462,xgb_shap_list_ir_2,xgb_shap_list_ir_2_subset_113,DiabetesPedigreeFunction,localMax_DiabetesPedigreeFunction,0.121790886,0.5343312,0.39681774
5463,xgb_shap_list_ir_2,xgb_shap_list_ir_2_subset_113,Age,localMax_Age,0.87346745,0.69419205,0.5149168
5464,xgb_shap_list_ir_3,xgb_shap_list_ir_3_subset_157,Pregnancies,localMax_Pregnancies,0.3174645,0.15878227,0.23812339
5465,xgb_shap_list_ir_3,xgb_shap_list_ir_3_subset_157,Glucose,localMax_Glucose,1.4072777,1.0478815,1.766674
5466,xgb_shap_list_ir_3,xgb_shap_list_ir_3_subset_157,BloodPressure,localMax_BloodPressure,0.17476112,0.073048174,-0.028664768
5467,xgb_shap_list_ir_3,xgb_shap_list_ir_3_subset_157,SkinThickness,localMax_SkinThickness,0.40471154,0.28783947,0.054095328
5468,xgb_shap_list_ir_3,xgb_shap_list_ir_3_subset_157,Insulin,localMax_Insulin,0.30377173,0.45443696,0.15310651
5469,xgb_shap_list_ir_3,xgb_shap_list_ir_3_subset_157,BMI,localMax_BMI,0.19701827,0.39983785,-0.00580132
5470,xgb_shap_list_ir_3,xgb_shap_list_ir_3_subset_157,DiabetesPedigreeFunction,localMax_DiabetesPedigreeFunction,0.7413683,0.55128586,0.93145084
5471,xgb_shap_list_ir_3,xgb_shap_list_ir_3_subset_157,Age,localMax_Age,-0.028876245,0.32186985,-0.20424926
5472,xgb_shap_list_ir_1,xgb_shap_list_ir_1_subset_155,Pregnancies,localMax_Pregnancies,0.8522414,0.71939903,0.9850837
5473,xgb_shap_list_ir_1,xgb_shap_list_ir_1_subset_155,Glucose,localMax_Glucose,1.1867409,0.3249278,0.10947466
5474,xgb_shap_list_ir_1,xgb_shap_list_ir_1_subset_155,BloodPressure,localMax_BloodPressure,-0.12439954,-0.19626382,-0.2681281
5475,xgb_shap_list_ir_1,xgb_shap_list_ir_1_subset_155,SkinThickness,localMax_SkinThickness,0.3185479,0.22274607,-0.54366815
5476,xgb_shap_list_ir_1,xgb_shap_list_ir_1_subset_155,Insulin,localMax_Insulin,0.44695085,0.552945,0.6589392
5477,xgb_shap_list_ir_1,xgb_shap_list_ir_1_subset_155,BMI,localMax_BMI,1.6695576,1.4704399,1.2713223
5478,xgb_shap_list_ir_1,xgb_shap_list_ir_1_subset_155,DiabetesPedigreeFunction,localMax_DiabetesPedigreeFunction,0.91940373,0.2630902,1.0506663
5479,xgb_shap_list_ir_1,xgb_shap_list_ir_1_subset_155,Age,localMax_Age,0.27422935,0.34402427,0.4138192
5480,xgb_shap_list_ir_4,xgb_shap_list_ir_4_subset_110,Pregnancies,localMax_Pregnancies,0.06823388,0.14752254,0.22681123
5481,xgb_shap_list_ir_4,xgb_shap_list_ir_4_subset_110,Glucose,localMax_Glucose,0.8568995,0.49237657,1.5859454
5482,xgb_shap_list_ir_4,xgb_shap_list_ir_4_subset_110,BloodPressure,localMax_BloodPressure,0.024880767,0.14511037,-0.095348835
5483,xgb_shap_list_ir_4,xgb_shap_list_ir_4_subset_110,SkinThickness,localMax_SkinThickness,0.07594964,0.25228548,0.16411757
5484,xgb_shap_list_ir_4,xgb_shap_list_ir_4_subset_110,Insulin,localMax_Insulin,0.072398484,-0.060067683,0.6022631
5485,xgb_shap_list_ir_4,xgb_shap_list_ir_4_subset_110,BMI,localMax_BMI,0.1020838,0.33024585,-0.12607825
5486,xgb_shap_list_ir_4,xgb_shap_list_ir_4_subset_110,DiabetesPedigreeFunction,localMax_DiabetesPedigreeFunction,-0.061498404,0.3610335,0.14976758
5487,xgb_shap_list_ir_4,xgb_shap_list_ir_4_subset_110,Age,localMax_Age,1.2124368,1.0068569,1.6235964
5488,xgb_shap_list_ir_2,xgb_shap_list_ir_2_subset_18,Pregnancies,localMax_Pregnancies,0.739134,0.59808123,0.45702845
5489,xgb_shap_list_ir_2,xgb_shap_list_ir_2_subset_18,Glucose,localMax_Glucose,1.1357288,0.9700643,1.3013934
5490,xgb_shap_list_ir_2,xgb_shap_list_ir_2_subset_18,BloodPressure,localMax_BloodPressure,-0.2157416,0.38952065,-0.2913994
5491,xgb_shap_list_ir_2,xgb_shap_list_ir_2_subset_18,SkinThickness,localMax_SkinThickness,0.010838479,-0.059532136,0.08120909
5492,xgb_shap_list_ir_2,xgb_shap_list_ir_2_subset_18,Insulin,localMax_Insulin,0.12132153,0.0454641,0.19717896
5493,xgb_shap_list_ir_2,xgb_shap_list_ir_2_subset_18,BMI,localMax_BMI,2.665208,2.36748,2.069752
5494,xgb_shap_list_ir_2,xgb_shap_list_ir_2_subset_18,DiabetesPedigreeFunction,localMax_DiabetesPedigreeFunction,0.61776996,0.7850971,0.45044285
5495,xgb_shap_list_ir_2,xgb_shap_list_ir_2_subset_18,Age,localMax_Age,0.046490014,-0.104311466,0.64969605
5496,xgb_shap_list_ir_3,xgb_shap_list_ir_3_subset_2,Pregnancies,localMax_Pregnancies,0.44720733,0.5778101,0.31660455
5497,xgb_shap_list_ir_3,xgb_shap_list_ir_3_subset_2,Glucose,localMax_Glucose,-0.14493704,2.9296474,2.588027
5498,xgb_shap_list_ir_3,xgb_shap_list_ir_3_subset_2,BloodPressure,localMax_BloodPressure,-0.06620854,0.42416435,0.015520275
5499,xgb_shap_list_ir_3,xgb_shap_list_ir_3_subset_2,SkinThickness,localMax_SkinThickness,0.30667463,0.21118173,0.11568883
5500,xgb_shap_list_ir_3,xgb_shap_list_ir_3_subset_2,Insulin,localMax_Insulin,-0.0005119741,0.12924811,-0.13027206
5501,xgb_shap_list_ir_3,xgb_shap_list_ir_3_subset_2,BMI,localMax_BMI,0.53845465,0.78512514,1.0317956
5502,xgb_shap_list_ir_3,xgb_shap_list_ir_3_subset_2,DiabetesPedigreeFunction,localMax_DiabetesPedigreeFunction,0.631446,0.44195592,0.82093596
5503,xgb_shap_list_ir_3,xgb_shap_list_ir_3_subset_2,Age,localMax_Age,0.38540524,0.50392157,0.26688898
5504,xgb_shap_list_ir_4,xgb_shap_list_ir_4_subset_52,Pregnancies,localMax_Pregnancies,0.36877763,0.58239853,0.15515679
5505,xgb_shap_list_ir_4,xgb_shap_list_ir_4_subset_52,Glucose,localMax_Glucose,1.8905089,1.5369756,2.244042
5506,xgb_shap_list_ir_4,xgb_shap_list_ir_4_subset_52,BloodPressure,localMax_BloodPressure,0.27245682,0.075410545,0.17393368
5507,xgb_shap_list_ir_4,xgb_shap_list_ir_4_subset_52,SkinThickness,localMax_SkinThickness,0.33335176,0.38711974,0.010743946
5508,xgb_shap_list_ir_4,xgb_shap_list_ir_4_subset_52,Insulin,localMax_Insulin,-0.18634856,-0.09528804,0.63319594
5509,xgb_shap_list_ir_4,xgb_shap_list_ir_4_subset_52,BMI,localMax_BMI,-0.0750224,0.14683169,0.36868578
5510,xgb_shap_list_ir_4,xgb_shap_list_ir_4_subset_52,DiabetesPedigreeFunction,localMax_DiabetesPedigreeFunction,0.3125891,0.09935409,0.5258241
5511,xgb_shap_list_ir_4,xgb_shap_list_ir_4_subset_52,Age,localMax_Age,0.78646946,0.64345366,0.5004379
5512,xgb_shap_list_ir_3,xgb_shap_list_ir_3_subset_10,Pregnancies,localMax_Pregnancies,0.31344455,0.44599873,0.5785529
5513,xgb_shap_list_ir_3,xgb_shap_list_ir_3_subset_10,Glucose,localMax_Glucose,0.93873763,2.2973592,0.4858637
5514,xgb_shap_list_ir_3,xgb_shap_list_ir_3_subset_10,BloodPressure,localMax_BloodPressure,0.087892205,-0.013391882,0.29046035
5515,xgb_shap_list_ir_3,xgb_shap_list_ir_3_subset_10,SkinThickness,localMax_SkinThickness,0.4606409,0.3552773,-0.27690423
5516,xgb_shap_list_ir_3,xgb_shap_list_ir_3_subset_10,Insulin,localMax_Insulin,-0.2362732,-0.11898339,-0.0016935766
5517,xgb_shap_list_ir_3,xgb_shap_list_ir_3_subset_10,BMI,localMax_BMI,0.07697523,-0.12123144,0.27518195
5518,xgb_shap_list_ir_3,xgb_shap_list_ir_3_subset_10,DiabetesPedigreeFunction,localMax_DiabetesPedigreeFunction,0.33586425,0.21512085,0.45660764
5519,xgb_shap_list_ir_3,xgb_shap_list_ir_3_subset_10,Age,localMax_Age,0.2680019,0.06758201,-0.13283783
5520,xgb_shap_list_ir_1,xgb_shap_list_ir_1_subset_126,Pregnancies,localMax_Pregnancies,1.0118524,0.2732455,-0.022197187
5521,xgb_shap_list_ir_1,xgb_shap_list_ir_1_subset_126,Glucose,localMax_Glucose,1.3972136,1.0999522,1.248583
5522,xgb_shap_list_ir_1,xgb_shap_list_ir_1_subset_126,BloodPressure,localMax_BloodPressure,0.2068702,0.12130785,0.29243255
5523,xgb_shap_list_ir_1,xgb_shap_list_ir_1_subset_126,SkinThickness,localMax_SkinThickness,1.0263249,1.1628505,0.88979924
5524,xgb_shap_list_ir_1,xgb_shap_list_ir_1_subset_126,Insulin,localMax_Insulin,0.09802601,0.22961956,0.27348408
5525,xgb_shap_list_ir_1,xgb_shap_list_ir_1_subset_126,BMI,localMax_BMI,1.3105536,1.0551834,0.289073
5526,xgb_shap_list_ir_1,xgb_shap_list_ir_1_subset_126,DiabetesPedigreeFunction,localMax_DiabetesPedigreeFunction,0.62129354,0.8496909,0.16449845
5527,xgb_shap_list_ir_1,xgb_shap_list_ir_1_subset_126,Age,localMax_Age,0.2020579,0.2877856,0.11633021
5528,xgb_shap_list_ir_1,xgb_shap_list_ir_1_subset_123,Pregnancies,localMax_Pregnancies,0.5391228,0.42744607,0.6507995
5529,xgb_shap_list_ir_1,xgb_shap_list_ir_1_subset_123,Glucose,localMax_Glucose,0.93401724,1.2125213,-0.31925136
5530,xgb_shap_list_ir_1,xgb_shap_list_ir_1_subset_123,BloodPressure,localMax_BloodPressure,-0.27651453,-0.21615899,-0.33687007
5531,xgb_shap_list_ir_1,xgb_shap_list_ir_1_subset_123,SkinThickness,localMax_SkinThickness,0.2494762,-0.2383663,-0.18958208
5532,xgb_shap_list_ir_1,xgb_shap_list_ir_1_subset_123,Insulin,localMax_Insulin,0.20063493,0.3122495,0.1448276
5533,xgb_shap_list_ir_1,xgb_shap_list_ir_1_subset_123,BMI,localMax_BMI,1.2374101,0.07719374,0.309237
5534,xgb_shap_list_ir_1,xgb_shap_list_ir_1_subset_123,DiabetesPedigreeFunction,localMax_DiabetesPedigreeFunction,1.1171153,0.9237052,1.3105253
5535,xgb_shap_list_ir_1,xgb_shap_list_ir_1_subset_123,Age,localMax_Age,1.0339162,1.1938934,0.39400715
5536,xgb_shap_list_ir_5,xgb_shap_list_ir_5_subset_51,Pregnancies,localMax_Pregnancies,-0.036744237,0.16868937,0.06597257
5537,xgb_shap_list_ir_5,xgb_shap_list_ir_5_subset_51,Glucose,localMax_Glucose,1.1627023,0.79273844,3.0125215
5538,xgb_shap_list_ir_5,xgb_shap_list_ir_5_subset_51,BloodPressure,localMax_BloodPressure,0.3892907,0.20740807,0.025525391
5539,xgb_shap_list_ir_5,xgb_shap_list_ir_5_subset_51,SkinThickness,localMax_SkinThickness,0.1191099,0.17258391,0.06563589
5540,xgb_shap_list_ir_5,xgb_shap_list_ir_5_subset_51,Insulin,localMax_Insulin,-0.17522395,0.3804593,0.24153847
5541,xgb_shap_list_ir_5,xgb_shap_list_ir_5_subset_51,BMI,localMax_BMI,-0.0024559498,0.46051478,-0.23394132
5542,xgb_shap_list_ir_5,xgb_shap_list_ir_5_subset_51,DiabetesPedigreeFunction,localMax_DiabetesPedigreeFunction,0.40280044,0.56921756,0.23638332
5543,xgb_shap_list_ir_5,xgb_shap_list_ir_5_subset_51,Age,localMax_Age,0.6570321,0.3214116,0.15360141
5544,xgb_shap_list_ir_5,xgb_shap_list_ir_5_subset_160,Pregnancies,localMax_Pregnancies,0.58909047,0.7872503,0.39093053
5545,xgb_shap_list_ir_5,xgb_shap_list_ir_5_subset_160,Glucose,localMax_Glucose,0.7957084,0.32497787,2.6786304
5546,xgb_shap_list_ir_5,xgb_shap_list_ir_5_subset_160,BloodPressure,localMax_BloodPressure,-0.11883402,-0.0012891293,-0.23637891
5547,xgb_shap_list_ir_5,xgb_shap_list_ir_5_subset_160,SkinThickness,localMax_SkinThickness,0.139393,0.066479415,0.21230662
5548,xgb_shap_list_ir_5,xgb_shap_list_ir_5_subset_160,Insulin,localMax_Insulin,-0.049611807,0.04490626,0.13942432
5549,xgb_shap_list_ir_5,xgb_shap_list_ir_5_subset_160,BMI,localMax_BMI,0.38303018,0.020963907,0.74509645
5550,xgb_shap_list_ir_5,xgb_shap_list_ir_5_subset_160,DiabetesPedigreeFunction,localMax_DiabetesPedigreeFunction,0.49121433,0.6021704,0.7131264
5551,xgb_shap_list_ir_5,xgb_shap_list_ir_5_subset_160,Age,localMax_Age,0.9199896,0.7528337,0.25136602
5552,xgb_shap_list_ir_4,xgb_shap_list_ir_4_subset_143,Pregnancies,localMax_Pregnancies,0.5402448,0.3843465,0.22844815
5553,xgb_shap_list_ir_4,xgb_shap_list_ir_4_subset_143,Glucose,localMax_Glucose,1.2357696,0.9488754,0.37508714
5554,xgb_shap_list_ir_4,xgb_shap_list_ir_4_subset_143,BloodPressure,localMax_BloodPressure,0.27223712,0.09552926,0.448945
5555,xgb_shap_list_ir_4,xgb_shap_list_ir_4_subset_143,SkinThickness,localMax_SkinThickness,0.22616208,0.47295249,0.34955728
5556,xgb_shap_list_ir_4,xgb_shap_list_ir_4_subset_143,Insulin,localMax_Insulin,0.041641474,-0.050174475,0.22527343
5557,xgb_shap_list_ir_4,xgb_shap_list_ir_4_subset_143,BMI,localMax_BMI,-0.005209625,0.23191851,0.4690467
5558,xgb_shap_list_ir_4,xgb_shap_list_ir_4_subset_143,DiabetesPedigreeFunction,localMax_DiabetesPedigreeFunction,0.6816282,-0.2272127,0.86339647
5559,xgb_shap_list_ir_4,xgb_shap_list_ir_4_subset_143,Age,localMax_Age,1.1335598,0.9122113,1.3549082
5560,xgb_shap_list_ir_4,xgb_shap_list_ir_4_subset_14,Pregnancies,localMax_Pregnancies,0.1003415,-0.08606291,-0.17926513
5561,xgb_shap_list_ir_4,xgb_shap_list_ir_4_subset_14,Glucose,localMax_Glucose,2.4127345,2.0472887,0.585505
5562,xgb_shap_list_ir_4,xgb_shap_list_ir_4_subset_14,BloodPressure,localMax_BloodPressure,0.2365455,0.35605937,-0.121996164
5563,xgb_shap_list_ir_4,xgb_shap_list_ir_4_subset_14,SkinThickness,localMax_SkinThickness,0.25608215,0.33175543,0.18040887
5564,xgb_shap_list_ir_4,xgb_shap_list_ir_4_subset_14,Insulin,localMax_Insulin,0.027205944,-0.07079336,0.12520528
5565,xgb_shap_list_ir_4,xgb_shap_list_ir_4_subset_14,BMI,localMax_BMI,0.5300542,0.27741808,0.7826903
5566,xgb_shap_list_ir_4,xgb_shap_list_ir_4_subset_14,DiabetesPedigreeFunction,localMax_DiabetesPedigreeFunction,0.71615696,0.48863292,0.943681
5567,xgb_shap_list_ir_4,xgb_shap_list_ir_4_subset_14,Age,localMax_Age,1.0024446,0.8286605,0.65487623
5568,xgb_shap_list_ir_3,xgb_shap_list_ir_3_subset_86,Pregnancies,localMax_Pregnancies,0.430099,0.5779052,0.2822929
5569,xgb_shap_list_ir_3,xgb_shap_list_ir_3_subset_86,Glucose,localMax_Glucose,1.1129005,1.4570951,0.7687057
5570,xgb_shap_list_ir_3,xgb_shap_list_ir_3_subset_86,BloodPressure,localMax_BloodPressure,0.062168896,0.14310387,-0.018766105
5571,xgb_shap_list_ir_3,xgb_shap_list_ir_3_subset_86,SkinThickness,localMax_SkinThickness,0.12470463,0.21970761,0.02970168
5572,xgb_shap_list_ir_3,xgb_shap_list_ir_3_subset_86,Insulin,localMax_Insulin,0.0005251169,0.13378179,-0.13273159
5573,xgb_shap_list_ir_3,xgb_shap_list_ir_3_subset_86,BMI,localMax_BMI,0.78093326,0.9876348,0.57423174
5574,xgb_shap_list_ir_3,xgb_shap_list_ir_3_subset_86,DiabetesPedigreeFunction,localMax_DiabetesPedigreeFunction,-0.4559378,0.30068594,1.2464657
5575,xgb_shap_list_ir_3,xgb_shap_list_ir_3_subset_86,Age,localMax_Age,1.2210385,0.8579525,1.0394955
5576,xgb_shap_list_ir_5,xgb_shap_list_ir_5_subset_94,Pregnancies,localMax_Pregnancies,0.089337826,0.008879542,0.16979611
5577,xgb_shap_list_ir_5,xgb_shap_list_ir_5_subset_94,Glucose,localMax_Glucose,2.2165432,1.0577593,0.6714978
5578,xgb_shap_list_ir_5,xgb_shap_list_ir_5_subset_94,BloodPressure,localMax_BloodPressure,0.40807593,0.23740661,0.066737354
5579,xgb_shap_list_ir_5,xgb_shap_list_ir_5_subset_94,SkinThickness,localMax_SkinThickness,0.55137193,0.41660154,0.6861424
5580,xgb_shap_list_ir_5,xgb_shap_list_ir_5_subset_94,Insulin,localMax_Insulin,-0.0845277,0.029424012,0.25732744
5581,xgb_shap_list_ir_5,xgb_shap_list_ir_5_subset_94,BMI,localMax_BMI,0.08194733,0.33561218,-0.17171758
5582,xgb_shap_list_ir_5,xgb_shap_list_ir_5_subset_94,DiabetesPedigreeFunction,localMax_DiabetesPedigreeFunction,0.37949997,0.16002864,0.59897125
5583,xgb_shap_list_ir_5,xgb_shap_list_ir_5_subset_94,Age,localMax_Age,0.966915,1.3925294,1.1797222
5584,xgb_shap_list_ir_5,xgb_shap_list_ir_5_subset_61,Pregnancies,localMax_Pregnancies,0.24841267,0.3767507,-0.008263469
5585,xgb_shap_list_ir_5,xgb_shap_list_ir_5_subset_61,Glucose,localMax_Glucose,2.35614,2.0245495,1.692959
5586,xgb_shap_list_ir_5,xgb_shap_list_ir_5_subset_61,BloodPressure,localMax_BloodPressure,0.14417458,0.063453436,0.22489575
5587,xgb_shap_list_ir_5,xgb_shap_list_ir_5_subset_61,SkinThickness,localMax_SkinThickness,0.004757732,0.08338767,-0.07387218
5588,xgb_shap_list_ir_5,xgb_shap_list_ir_5_subset_61,Insulin,localMax_Insulin,-0.14058375,0.25006557,0.44539022
5589,xgb_shap_list_ir_5,xgb_shap_list_ir_5_subset_61,BMI,localMax_BMI,0.35422826,0.13183975,-0.090548754
5590,xgb_shap_list_ir_5,xgb_shap_list_ir_5_subset_61,DiabetesPedigreeFunction,localMax_DiabetesPedigreeFunction,0.3735512,0.1790384,0.7625768
5591,xgb_shap_list_ir_5,xgb_shap_list_ir_5_subset_61,Age,localMax_Age,0.669908,0.8467058,0.49311024
5592,xgb_shap_list_ir_1,xgb_shap_list_ir_1_subset_20,Pregnancies,localMax_Pregnancies,0.2528777,0.9298785,1.0991287
5593,xgb_shap_list_ir_1,xgb_shap_list_ir_1_subset_20,Glucose,localMax_Glucose,0.6779187,0.4669143,0.88892305
5594,xgb_shap_list_ir_1,xgb_shap_list_ir_1_subset_20,BloodPressure,localMax_BloodPressure,0.40098447,0.3281451,-0.4002491
5595,xgb_shap_list_ir_1,xgb_shap_list_ir_1_subset_20,SkinThickness,localMax_SkinThickness,0.05727929,0.008421466,0.1061371
5596,xgb_shap_list_ir_1,xgb_shap_list_ir_1_subset_20,Insulin,localMax_Insulin,0.4115383,-0.10874587,0.12249154
5597,xgb_shap_list_ir_1,xgb_shap_list_ir_1_subset_20,BMI,localMax_BMI,1.4968413,1.2758254,-0.05026996
5598,xgb_shap_list_ir_1,xgb_shap_list_ir_1_subset_20,DiabetesPedigreeFunction,localMax_DiabetesPedigreeFunction,0.74061847,0.18902576,0.32692397
5599,xgb_shap_list_ir_1,xgb_shap_list_ir_1_subset_20,Age,localMax_Age,0.0031667948,0.16710693,0.331047
5600,xgb_shap_list_ir_1,xgb_shap_list_ir_1_subset_116,Pregnancies,localMax_Pregnancies,0.59244436,0.4682783,0.34411222
5601,xgb_shap_list_ir_1,xgb_shap_list_ir_1_subset_116,Glucose,localMax_Glucose,0.44834334,0.3105129,0.72400427
5602,xgb_shap_list_ir_1,xgb_shap_list_ir_1_subset_116,BloodPressure,localMax_BloodPressure,0.12397531,0.3535649,0.06657788
5603,xgb_shap_list_ir_1,xgb_shap_list_ir_1_subset_116,SkinThickness,localMax_SkinThickness,0.37670237,0.5041226,0.63154286
5604,xgb_shap_list_ir_1,xgb_shap_list_ir_1_subset_116,Insulin,localMax_Insulin,0.18882707,0.08584565,0.39478993
5605,xgb_shap_list_ir_1,xgb_shap_list_ir_1_subset_116,BMI,localMax_BMI,1.7147224,1.5266817,1.3386409
5606,xgb_shap_list_ir_1,xgb_shap_list_ir_1_subset_116,DiabetesPedigreeFunction,localMax_DiabetesPedigreeFunction,0.29672754,0.13209927,0.4613558
5607,xgb_shap_list_ir_1,xgb_shap_list_ir_1_subset_116,Age,localMax_Age,1.0210353,0.8478941,1.1941766
5608,xgb_shap_list_ir_5,xgb_shap_list_ir_5_subset_62,Pregnancies,localMax_Pregnancies,0.060619116,0.3391745,0.19989681
5609,xgb_shap_list_ir_5,xgb_shap_list_ir_5_subset_62,Glucose,localMax_Glucose,0.8629575,2.5778975,0.17698145
5610,xgb_shap_list_ir_5,xgb_shap_list_ir_5_subset_62,BloodPressure,localMax_BloodPressure,0.17865348,0.378968,-0.021661043
5611,xgb_shap_list_ir_5,xgb_shap_list_ir_5_subset_62,SkinThickness,localMax_SkinThickness,0.16945928,0.054137528,0.5154245
5612,xgb_shap_list_ir_5,xgb_shap_list_ir_5_subset_62,Insulin,localMax_Insulin,-0.093243,0.25133353,0.079045236
5613,xgb_shap_list_ir_5,xgb_shap_list_ir_5_subset_62,BMI,localMax_BMI,0.14232504,0.3668319,-0.08218181
5614,xgb_shap_list_ir_5,xgb_shap_list_ir_5_subset_62,DiabetesPedigreeFunction,localMax_DiabetesPedigreeFunction,0.16735876,0.44170249,0.7160462
5615,xgb_shap_list_ir_5,xgb_shap_list_ir_5_subset_62,Age,localMax_Age,0.4939493,0.2900952,0.6978034
5616,xgb_shap_list_ir_2,xgb_shap_list_ir_2_subset_124,Pregnancies,localMax_Pregnancies,0.5556941,0.4743594,0.14902043
5617,xgb_shap_list_ir_2,xgb_shap_list_ir_2_subset_124,Glucose,localMax_Glucose,0.44994485,0.7681434,1.7227392
5618,xgb_shap_list_ir_2,xgb_shap_list_ir_2_subset_124,BloodPressure,localMax_BloodPressure,0.49026966,0.2031231,0.7774161
5619,xgb_shap_list_ir_2,xgb_shap_list_ir_2_subset_124,SkinThickness,localMax_SkinThickness,0.60448384,0.73741156,0.47155613
5620,xgb_shap_list_ir_2,xgb_shap_list_ir_2_subset_124,Insulin,localMax_Insulin,-0.18305099,-0.122858204,-0.24324375
5621,xgb_shap_list_ir_2,xgb_shap_list_ir_2_subset_124,BMI,localMax_BMI,1.4673262,0.994537,0.75814235
5622,xgb_shap_list_ir_2,xgb_shap_list_ir_2_subset_124,DiabetesPedigreeFunction,localMax_DiabetesPedigreeFunction,0.42117405,0.12319064,0.32184625
5623,xgb_shap_list_ir_2,xgb_shap_list_ir_2_subset_124,Age,localMax_Age,0.3432691,0.5176387,0.69200826
5624,xgb_shap_list_ir_1,xgb_shap_list_ir_1_subset_11,Pregnancies,localMax_Pregnancies,1.0772498,0.9575269,-0.5988702
5625,xgb_shap_list_ir_1,xgb_shap_list_ir_1_subset_11,Glucose,localMax_Glucose,1.5644665,1.8786602,0.9360795
5626,xgb_shap_list_ir_1,xgb_shap_list_ir_1_subset_11,BloodPressure,localMax_BloodPressure,0.74595404,1.0287929,0.4631151
5627,xgb_shap_list_ir_1,xgb_shap_list_ir_1_subset_11,SkinThickness,localMax_SkinThickness,0.12491599,0.106639266,0.08836253
5628,xgb_shap_list_ir_1,xgb_shap_list_ir_1_subset_11,Insulin,localMax_Insulin,0.40357783,-0.167558,-0.09616603
5629,xgb_shap_list_ir_1,xgb_shap_list_ir_1_subset_11,BMI,localMax_BMI,0.66164,0.034223497,-0.07034594
5630,xgb_shap_list_ir_1,xgb_shap_list_ir_1_subset_11,DiabetesPedigreeFunction,localMax_DiabetesPedigreeFunction,0.86406624,0.31355768,0.45118487
5631,xgb_shap_list_ir_1,xgb_shap_list_ir_1_subset_11,Age,localMax_Age,0.30152994,0.3604315,0.2426284
5632,xgb_shap_list_ir_2,xgb_shap_list_ir_2_subset_39,Pregnancies,localMax_Pregnancies,-0.008329749,0.033235967,0.07480168
5633,xgb_shap_list_ir_2,xgb_shap_list_ir_2_subset_39,Glucose,localMax_Glucose,0.6768303,0.40099573,0.952665
5634,xgb_shap_list_ir_2,xgb_shap_list_ir_2_subset_39,BloodPressure,localMax_BloodPressure,0.17483759,0.31289434,0.036780834
5635,xgb_shap_list_ir_2,xgb_shap_list_ir_2_subset_39,SkinThickness,localMax_SkinThickness,0.4280088,0.54574114,0.3102765
5636,xgb_shap_list_ir_2,xgb_shap_list_ir_2_subset_39,Insulin,localMax_Insulin,0.03475362,0.13863954,0.24252546
5637,xgb_shap_list_ir_2,xgb_shap_list_ir_2_subset_39,BMI,localMax_BMI,0.33341807,0.52441007,0.7154021
5638,xgb_shap_list_ir_2,xgb_shap_list_ir_2_subset_39,DiabetesPedigreeFunction,localMax_DiabetesPedigreeFunction,0.6725037,0.8619926,1.0514815
5639,xgb_shap_list_ir_2,xgb_shap_list_ir_2_subset_39,Age,localMax_Age,1.4595795,0.3441648,0.5300672
5640,xgb_shap_list_ir_3,xgb_shap_list_ir_3_subset_3,Pregnancies,localMax_Pregnancies,0.304847,0.41696948,0.19272459
5641,xgb_shap_list_ir_3,xgb_shap_list_ir_3_subset_3,Glucose,localMax_Glucose,2.1572638,1.7453022,1.3333406
5642,xgb_shap_list_ir_3,xgb_shap_list_ir_3_subset_3,BloodPressure,localMax_BloodPressure,-0.18604323,-0.046117693,-0.32596874
5643,xgb_shap_list_ir_3,xgb_shap_list_ir_3_subset_3,SkinThickness,localMax_SkinThickness,0.27261168,0.18552762,0.011359513
5644,xgb_shap_list_ir_3,xgb_shap_list_ir_3_subset_3,Insulin,localMax_Insulin,-0.23556271,-0.0796603,0.6998517
5645,xgb_shap_list_ir_3,xgb_shap_list_ir_3_subset_3,BMI,localMax_BMI,-0.18924713,0.04060024,1.8793793
5646,xgb_shap_list_ir_3,xgb_shap_list_ir_3_subset_3,DiabetesPedigreeFunction,localMax_DiabetesPedigreeFunction,0.45756567,0.66609025,0.24904096
5647,xgb_shap_list_ir_3,xgb_shap_list_ir_3_subset_3,Age,localMax_Age,0.92548907,1.1219307,0.7290474
5648,xgb_shap_list_ir_5,xgb_shap_list_ir_5_subset_118,Pregnancies,localMax_Pregnancies,0.19206917,-0.032057226,0.08000597
5649,xgb_shap_list_ir_5,xgb_shap_list_ir_5_subset_118,Glucose,localMax_Glucose,1.0601274,0.7423289,1.3779259
5650,xgb_shap_list_ir_5,xgb_shap_list_ir_5_subset_118,BloodPressure,localMax_BloodPressure,-0.039926857,0.054425597,0.14877808
5651,xgb_shap_list_ir_5,xgb_shap_list_ir_5_subset_118,SkinThickness,localMax_SkinThickness,0.027261317,0.13810974,0.24895814
5652,xgb_shap_list_ir_5,xgb_shap_list_ir_5_subset_118,Insulin,localMax_Insulin,0.025220513,-0.13687482,0.18731582
5653,xgb_shap_list_ir_5,xgb_shap_list_ir_5_subset_118,BMI,localMax_BMI,1.1057365,-0.056146383,1.3381131
5654,xgb_shap_list_ir_5,xgb_shap_list_ir_5_subset_118,DiabetesPedigreeFunction,localMax_DiabetesPedigreeFunction,0.6741626,0.4798084,0.2854542
5655,xgb_shap_list_ir_5,xgb_shap_list_ir_5_subset_118,Age,localMax_Age,1.009795,0.83470404,0.65961313
5656,xgb_shap_list_ir_3,xgb_shap_list_ir_3_subset_159,Pregnancies,localMax_Pregnancies,0.3189175,0.50126886,0.6836202
5657,xgb_shap_list_ir_3,xgb_shap_list_ir_3_subset_159,Glucose,localMax_Glucose,0.5006325,0.1540662,2.9265969
5658,xgb_shap_list_ir_3,xgb_shap_list_ir_3_subset_159,BloodPressure,localMax_BloodPressure,0.07026413,-0.23714754,0.17273471
5659,xgb_shap_list_ir_3,xgb_shap_list_ir_3_subset_159,SkinThickness,localMax_SkinThickness,0.1571146,0.37520722,0.084417045
5660,xgb_shap_list_ir_3,xgb_shap_list_ir_3_subset_159,Insulin,localMax_Insulin,0.08936742,0.019230783,0.15950403
5661,xgb_shap_list_ir_3,xgb_shap_list_ir_3_subset_159,BMI,localMax_BMI,0.46101028,0.64021623,0.28180426
5662,xgb_shap_list_ir_3,xgb_shap_list_ir_3_subset_159,DiabetesPedigreeFunction,localMax_DiabetesPedigreeFunction,0.47960812,0.32676554,0.7852932
5663,xgb_shap_list_ir_3,xgb_shap_list_ir_3_subset_159,Age,localMax_Age,0.72763634,0.9362385,0.519034
5664,xgb_shap_list_ir_3,xgb_shap_list_ir_3_subset_130,Pregnancies,localMax_Pregnancies,0.45194536,0.5741922,0.32969856
5665,xgb_shap_list_ir_3,xgb_shap_list_ir_3_subset_130,Glucose,localMax_Glucose,1.218852,0.8301734,1.9962091
5666,xgb_shap_list_ir_3,xgb_shap_list_ir_3_subset_130,BloodPressure,localMax_BloodPressure,0.091796964,0.20231253,-0.01871857
5667,xgb_shap_list_ir_3,xgb_shap_list_ir_3_subset_130,SkinThickness,localMax_SkinThickness,0.08168107,0.4138592,0.1647256
5668,xgb_shap_list_ir_3,xgb_shap_list_ir_3_subset_130,Insulin,localMax_Insulin,0.00492537,-0.13070428,0.6830738
5669,xgb_shap_list_ir_3,xgb_shap_list_ir_3_subset_130,BMI,localMax_BMI,1.4907151,1.2884437,1.6929866
5670,xgb_shap_list_ir_3,xgb_shap_list_ir_3_subset_130,DiabetesPedigreeFunction,localMax_DiabetesPedigreeFunction,0.2591524,0.10522175,0.41308314
5671,xgb_shap_list_ir_3,xgb_shap_list_ir_3_subset_130,Age,localMax_Age,0.33253336,0.50877184,0.15629482
5672,xgb_shap_list_ir_3,xgb_shap_list_ir_3_subset_142,Pregnancies,localMax_Pregnancies,0.32265294,0.49484777,0.15045822
5673,xgb_shap_list_ir_3,xgb_shap_list_ir_3_subset_142,Glucose,localMax_Glucose,2.0934527,1.72965,2.4572554
5674,xgb_shap_list_ir_3,xgb_shap_list_ir_3_subset_142,BloodPressure,localMax_BloodPressure,0.2889849,0.07191098,0.5060588
5675,xgb_shap_list_ir_3,xgb_shap_list_ir_3_subset_142,SkinThickness,localMax_SkinThickness,0.98263764,0.7738842,0.35637712
5676,xgb_shap_list_ir_3,xgb_shap_list_ir_3_subset_142,Insulin,localMax_Insulin,-0.18489653,-0.28965706,0.44366676
5677,xgb_shap_list_ir_3,xgb_shap_list_ir_3_subset_142,BMI,localMax_BMI,0.20332634,0.011320233,0.3953324
5678,xgb_shap_list_ir_3,xgb_shap_list_ir_3_subset_142,DiabetesPedigreeFunction,localMax_DiabetesPedigreeFunction,0.2944454,0.09931052,0.4895804
5679,xgb_shap_list_ir_3,xgb_shap_list_ir_3_subset_142,Age,localMax_Age,0.4429682,0.55967134,0.209562
5680,xgb_shap_list_ir_1,xgb_shap_list_ir_1_subset_45,Pregnancies,localMax_Pregnancies,1.1776724,1.0558515,1.2994934
5681,xgb_shap_list_ir_1,xgb_shap_list_ir_1_subset_45,Glucose,localMax_Glucose,1.061104,0.70942354,0.53358316
5682,xgb_shap_list_ir_1,xgb_shap_list_ir_1_subset_45,BloodPressure,localMax_BloodPressure,0.04803294,-0.16928297,-0.060625017
5683,xgb_shap_list_ir_1,xgb_shap_list_ir_1_subset_45,SkinThickness,localMax_SkinThickness,-0.17855918,-0.0063441396,-0.121154174
5684,xgb_shap_list_ir_1,xgb_shap_list_ir_1_subset_45,Insulin,localMax_Insulin,0.82283294,1.1694587,0.99614584
5685,xgb_shap_list_ir_1,xgb_shap_list_ir_1_subset_45,BMI,localMax_BMI,1.2728969,0.7453431,1.4487482
5686,xgb_shap_list_ir_1,xgb_shap_list_ir_1_subset_45,DiabetesPedigreeFunction,localMax_DiabetesPedigreeFunction,0.5756582,0.31868052,0.70414704
5687,xgb_shap_list_ir_1,xgb_shap_list_ir_1_subset_45,Age,localMax_Age,-0.23439783,0.6226437,-0.32962468
5688,xgb_shap_list_ir_4,xgb_shap_list_ir_4_subset_34,Pregnancies,localMax_Pregnancies,0.41118592,0.59959495,0.22277695
5689,xgb_shap_list_ir_4,xgb_shap_list_ir_4_subset_34,Glucose,localMax_Glucose,0.6068249,0.9744468,2.4449344
5690,xgb_shap_list_ir_4,xgb_shap_list_ir_4_subset_34,BloodPressure,localMax_BloodPressure,0.32687008,-0.01031366,0.43926466
5691,xgb_shap_list_ir_4,xgb_shap_list_ir_4_subset_34,SkinThickness,localMax_SkinThickness,0.42784315,-0.045024335,0.61699015
5692,xgb_shap_list_ir_4,xgb_shap_list_ir_4_subset_34,Insulin,localMax_Insulin,0.32056606,0.13703537,0.50409687
5693,xgb_shap_list_ir_4,xgb_shap_list_ir_4_subset_34,BMI,localMax_BMI,0.16425413,0.90417457,1.397455
5694,xgb_shap_list_ir_4,xgb_shap_list_ir_4_subset_34,DiabetesPedigreeFunction,localMax_DiabetesPedigreeFunction,0.5816681,0.29460943,0.43813878
5695,xgb_shap_list_ir_4,xgb_shap_list_ir_4_subset_34,Age,localMax_Age,0.81472164,0.6843295,0.5539374
5696,xgb_shap_list_ir_1,xgb_shap_list_ir_1_subset_16,Pregnancies,localMax_Pregnancies,0.12610808,0.20962855,-0.29149404
5697,xgb_shap_list_ir_1,xgb_shap_list_ir_1_subset_16,Glucose,localMax_Glucose,0.96724236,0.6886754,1.2458094
5698,xgb_shap_list_ir_1,xgb_shap_list_ir_1_subset_16,BloodPressure,localMax_BloodPressure,0.42223442,-0.14201093,0.35170376
5699,xgb_shap_list_ir_1,xgb_shap_list_ir_1_subset_16,SkinThickness,localMax_SkinThickness,0.1971038,0.29341602,0.10079157
5700,xgb_shap_list_ir_1,xgb_shap_list_ir_1_subset_16,Insulin,localMax_Insulin,-0.28107506,0.5770701,-0.3764245
5701,xgb_shap_list_ir_1,xgb_shap_list_ir_1_subset_16,BMI,localMax_BMI,0.38606167,0.5761657,0.7662697
5702,xgb_shap_list_ir_1,xgb_shap_list_ir_1_subset_16,DiabetesPedigreeFunction,localMax_DiabetesPedigreeFunction,0.4511165,0.26155263,1.3989359
5703,xgb_shap_list_ir_1,xgb_shap_list_ir_1_subset_16,Age,localMax_Age,0.68455225,0.5588095,0.810295
5704,xgb_shap_list_ir_1,xgb_shap_list_ir_1_subset_106,Pregnancies,localMax_Pregnancies,-0.16046348,0.99735314,-0.41775602
5705,xgb_shap_list_ir_1,xgb_shap_list_ir_1_subset_106,Glucose,localMax_Glucose,0.8894433,-0.06241727,1.0480868
5706,xgb_shap_list_ir_1,xgb_shap_list_ir_1_subset_106,BloodPressure,localMax_BloodPressure,0.13588071,-0.037350953,0.3091123
5707,xgb_shap_list_ir_1,xgb_shap_list_ir_1_subset_106,SkinThickness,localMax_SkinThickness,0.6441907,0.47669816,0.5604444
5708,xgb_shap_list_ir_1,xgb_shap_list_ir_1_subset_106,Insulin,localMax_Insulin,-0.14144224,-0.23066789,0.5723628
5709,xgb_shap_list_ir_1,xgb_shap_list_ir_1_subset_106,BMI,localMax_BMI,1.4358032,1.2014785,1.6701279
5710,xgb_shap_list_ir_1,xgb_shap_list_ir_1_subset_106,DiabetesPedigreeFunction,localMax_DiabetesPedigreeFunction,0.4100865,0.5660919,0.2540812
5711,xgb_shap_list_ir_1,xgb_shap_list_ir_1_subset_106,Age,localMax_Age,-0.0974495,-0.052945048,0.08056827
5712,xgb_shap_list_ir_1,xgb_shap_list_ir_1_subset_22,Pregnancies,localMax_Pregnancies,0.92874175,-0.6269705,-0.5073004
5713,xgb_shap_list_ir_1,xgb_shap_list_ir_1_subset_22,Glucose,localMax_Glucose,1.4322705,1.1490096,0.29922688
5714,xgb_shap_list_ir_1,xgb_shap_list_ir_1_subset_22,BloodPressure,localMax_BloodPressure,-0.6856016,-0.8944365,0.1497382
5715,xgb_shap_list_ir_1,xgb_shap_list_ir_1_subset_22,SkinThickness,localMax_SkinThickness,0.022442982,0.058067456,0.12931645
5716,xgb_shap_list_ir_1,xgb_shap_list_ir_1_subset_22,Insulin,localMax_Insulin,0.096314214,0.033518128,0.083754994
5717,xgb_shap_list_ir_1,xgb_shap_list_ir_1_subset_22,BMI,localMax_BMI,1.1457452,0.9091008,0.435812
5718,xgb_shap_list_ir_1,xgb_shap_list_ir_1_subset_22,DiabetesPedigreeFunction,localMax_DiabetesPedigreeFunction,0.22977823,0.09830631,0.27360222
5719,xgb_shap_list_ir_1,xgb_shap_list_ir_1_subset_22,Age,localMax_Age,1.1062633,-0.24017954,1.442874
5720,xgb_shap_list_ir_2,xgb_shap_list_ir_2_subset_139,Pregnancies,localMax_Pregnancies,0.5383322,0.68257165,0.8268111
5721,xgb_shap_list_ir_2,xgb_shap_list_ir_2_subset_139,Glucose,localMax_Glucose,1.4187598,1.1406401,-0.2499581
5722,xgb_shap_list_ir_2,xgb_shap_list_ir_2_subset_139,BloodPressure,localMax_BloodPressure,-0.08608204,0.11124632,0.17702243
5723,xgb_shap_list_ir_2,xgb_shap_list_ir_2_subset_139,SkinThickness,localMax_SkinThickness,0.15479401,-0.022176549,0.09580383
5724,xgb_shap_list_ir_2,xgb_shap_list_ir_2_subset_139,Insulin,localMax_Insulin,-0.29265666,-0.16526997,-0.03788331
5725,xgb_shap_list_ir_2,xgb_shap_list_ir_2_subset_139,BMI,localMax_BMI,0.90029025,0.66782415,0.43535817
5726,xgb_shap_list_ir_2,xgb_shap_list_ir_2_subset_139,DiabetesPedigreeFunction,localMax_DiabetesPedigreeFunction,1.1724254,1.4019375,0.2543769
5727,xgb_shap_list_ir_2,xgb_shap_list_ir_2_subset_139,Age,localMax_Age,0.30136868,0.055332392,-0.10869183
5728,xgb_shap_list_ir_3,xgb_shap_list_ir_3_subset_11,Pregnancies,localMax_Pregnancies,0.51940745,0.33793235,0.15645725
5729,xgb_shap_list_ir_3,xgb_shap_list_ir_3_subset_11,Glucose,localMax_Glucose,0.6514164,0.3060869,2.0327346
5730,xgb_shap_list_ir_3,xgb_shap_list_ir_3_subset_11,BloodPressure,localMax_BloodPressure,0.08651823,0.17775315,-0.0047166944
5731,xgb_shap_list_ir_3,xgb_shap_list_ir_3_subset_11,SkinThickness,localMax_SkinThickness,0.113372326,0.02126968,0.29757762
5732,xgb_shap_list_ir_3,xgb_shap_list_ir_3_subset_11,Insulin,localMax_Insulin,0.014578551,0.35006982,-0.069294274
5733,xgb_shap_list_ir_3,xgb_shap_list_ir_3_subset_11,BMI,localMax_BMI,-0.022529542,-0.2896309,0.24457186
5734,xgb_shap_list_ir_3,xgb_shap_list_ir_3_subset_11,DiabetesPedigreeFunction,localMax_DiabetesPedigreeFunction,0.35288703,0.5313724,0.17440164
5735,xgb_shap_list_ir_3,xgb_shap_list_ir_3_subset_11,Age,localMax_Age,0.5673318,0.6775329,0.23672855
5736,xgb_shap_list_ir_3,xgb_shap_list_ir_3_subset_113,Pregnancies,localMax_Pregnancies,0.31950036,0.25022575,0.18095115
5737,xgb_shap_list_ir_3,xgb_shap_list_ir_3_subset_113,Glucose,localMax_Glucose,1.1424601,0.6985452,1.586375
5738,xgb_shap_list_ir_3,xgb_shap_list_ir_3_subset_113,BloodPressure,localMax_BloodPressure,0.08257884,-0.1544298,-0.07542691
5739,xgb_shap_list_ir_3,xgb_shap_list_ir_3_subset_113,SkinThickness,localMax_SkinThickness,0.2798351,0.20139468,0.12295425
5740,xgb_shap_list_ir_3,xgb_shap_list_ir_3_subset_113,Insulin,localMax_Insulin,0.048034012,0.18424314,0.32045233
5741,xgb_shap_list_ir_3,xgb_shap_list_ir_3_subset_113,BMI,localMax_BMI,0.18420655,0.45163053,-0.0832175
5742,xgb_shap_list_ir_3,xgb_shap_list_ir_3_subset_113,DiabetesPedigreeFunction,localMax_DiabetesPedigreeFunction,0.23663092,0.47194672,0.7072624
5743,xgb_shap_list_ir_3,xgb_shap_list_ir_3_subset_113,Age,localMax_Age,1.0793033,1.3228513,1.5663993
5744,xgb_shap_list_ir_5,xgb_shap_list_ir_5_subset_7,Pregnancies,localMax_Pregnancies,0.2210468,0.31179854,0.03954327
5745,xgb_shap_list_ir_5,xgb_shap_list_ir_5_subset_7,Glucose,localMax_Glucose,1.1819899,1.5301058,1.8782218
5746,xgb_shap_list_ir_5,xgb_shap_list_ir_5_subset_7,BloodPressure,localMax_BloodPressure,0.5991479,0.177499,0.38832343
5747,xgb_shap_list_ir_5,xgb_shap_list_ir_5_subset_7,SkinThickness,localMax_SkinThickness,0.13018051,0.05106044,0.20930058
5748,xgb_shap_list_ir_5,xgb_shap_list_ir_5_subset_7,Insulin,localMax_Insulin,-0.12100491,-0.019642085,0.08172071
5749,xgb_shap_list_ir_5,xgb_shap_list_ir_5_subset_7,BMI,localMax_BMI,0.75322163,0.04153788,-0.19569004
5750,xgb_shap_list_ir_5,xgb_shap_list_ir_5_subset_7,DiabetesPedigreeFunction,localMax_DiabetesPedigreeFunction,0.482049,0.66178614,0.84152335
5751,xgb_shap_list_ir_5,xgb_shap_list_ir_5_subset_7,Age,localMax_Age,0.99958587,1.2084762,0.7906954
5752,xgb_shap_list_ir_3,xgb_shap_list_ir_3_subset_153,Pregnancies,localMax_Pregnancies,0.47964162,0.606016,0.3532672
5753,xgb_shap_list_ir_3,xgb_shap_list_ir_3_subset_153,Glucose,localMax_Glucose,1.3161156,0.91929674,0.5224776
5754,xgb_shap_list_ir_3,xgb_shap_list_ir_3_subset_153,BloodPressure,localMax_BloodPressure,0.19599414,0.29752076,0.09446749
5755,xgb_shap_list_ir_3,xgb_shap_list_ir_3_subset_153,SkinThickness,localMax_SkinThickness,0.39804724,0.22933179,0.31368953
5756,xgb_shap_list_ir_3,xgb_shap_list_ir_3_subset_153,Insulin,localMax_Insulin,0.36009443,0.487877,0.2323119
5757,xgb_shap_list_ir_3,xgb_shap_list_ir_3_subset_153,BMI,localMax_BMI,0.8391525,1.0175575,-0.4096827
5758,xgb_shap_list_ir_3,xgb_shap_list_ir_3_subset_153,DiabetesPedigreeFunction,localMax_DiabetesPedigreeFunction,0.38674533,0.21021456,0.5632762
5759,xgb_shap_list_ir_3,xgb_shap_list_ir_3_subset_153,Age,localMax_Age,1.3859253,-0.058636785,-0.2650028
5760,xgb_shap_list_ir_2,xgb_shap_list_ir_2_subset_148,Pregnancies,localMax_Pregnancies,0.095613286,0.054099083,0.01258488
5761,xgb_shap_list_ir_2,xgb_shap_list_ir_2_subset_148,Glucose,localMax_Glucose,0.4610026,0.27636325,0.0917238
5762,xgb_shap_list_ir_2,xgb_shap_list_ir_2_subset_148,BloodPressure,localMax_BloodPressure,0.36928964,0.48376012,0.2548191
5763,xgb_shap_list_ir_2,xgb_shap_list_ir_2_subset_148,SkinThickness,localMax_SkinThickness,0.116282165,0.019202888,0.31044066
5764,xgb_shap_list_ir_2,xgb_shap_list_ir_2_subset_148,Insulin,localMax_Insulin,-0.42329288,-0.30874753,0.6076154
5765,xgb_shap_list_ir_2,xgb_shap_list_ir_2_subset_148,BMI,localMax_BMI,1.2782239,1.6828564,1.4805402
5766,xgb_shap_list_ir_2,xgb_shap_list_ir_2_subset_148,DiabetesPedigreeFunction,localMax_DiabetesPedigreeFunction,0.5297612,0.89816356,1.2665657
5767,xgb_shap_list_ir_2,xgb_shap_list_ir_2_subset_148,Age,localMax_Age,0.7411527,0.83778894,-0.03193721
5768,xgb_shap_list_ir_4,xgb_shap_list_ir_4_subset_23,Pregnancies,localMax_Pregnancies,0.111228764,0.1725164,-0.19520944
5769,xgb_shap_list_ir_4,xgb_shap_list_ir_4_subset_23,Glucose,localMax_Glucose,1.1956019,0.83163714,0.103707194
5770,xgb_shap_list_ir_4,xgb_shap_list_ir_4_subset_23,BloodPressure,localMax_BloodPressure,0.2574156,0.33953676,0.17529443
5771,xgb_shap_list_ir_4,xgb_shap_list_ir_4_subset_23,SkinThickness,localMax_SkinThickness,-0.04682833,0.8127273,0.075965345
5772,xgb_shap_list_ir_4,xgb_shap_list_ir_4_subset_23,Insulin,localMax_Insulin,0.055231392,0.15494257,-0.044479787
5773,xgb_shap_list_ir_4,xgb_shap_list_ir_4_subset_23,BMI,localMax_BMI,0.6170078,0.3339786,-0.23207965
5774,xgb_shap_list_ir_4,xgb_shap_list_ir_4_subset_23,DiabetesPedigreeFunction,localMax_DiabetesPedigreeFunction,0.30687302,0.48326254,0.65965205
5775,xgb_shap_list_ir_4,xgb_shap_list_ir_4_subset_23,Age,localMax_Age,0.65349495,0.8036002,0.50338966
5776,xgb_shap_list_ir_5,xgb_shap_list_ir_5_subset_86,Pregnancies,localMax_Pregnancies,0.4216689,0.27016383,0.11865872
5777,xgb_shap_list_ir_5,xgb_shap_list_ir_5_subset_86,Glucose,localMax_Glucose,0.9288068,1.6468806,1.2878437
5778,xgb_shap_list_ir_5,xgb_shap_list_ir_5_subset_86,BloodPressure,localMax_BloodPressure,-0.022439063,-0.10457936,0.059701264
5779,xgb_shap_list_ir_5,xgb_shap_list_ir_5_subset_86,SkinThickness,localMax_SkinThickness,0.051885366,0.139738,0.22759065
5780,xgb_shap_list_ir_5,xgb_shap_list_ir_5_subset_86,Insulin,localMax_Insulin,0.07486835,-0.036708385,0.2980218
5781,xgb_shap_list_ir_5,xgb_shap_list_ir_5_subset_86,BMI,localMax_BMI,-0.2201916,0.02951157,0.7786211
5782,xgb_shap_list_ir_5,xgb_shap_list_ir_5_subset_86,DiabetesPedigreeFunction,localMax_DiabetesPedigreeFunction,0.90758526,0.7268332,0.0038251877
5783,xgb_shap_list_ir_5,xgb_shap_list_ir_5_subset_86,Age,localMax_Age,-0.15988666,-0.3601705,1.442384
5784,xgb_shap_list_ir_1,xgb_shap_list_ir_1_subset_51,Pregnancies,localMax_Pregnancies,0.09479436,0.0017553568,0.18783334
5785,xgb_shap_list_ir_1,xgb_shap_list_ir_1_subset_51,Glucose,localMax_Glucose,0.7839848,0.9170836,0.6508859
5786,xgb_shap_list_ir_1,xgb_shap_list_ir_1_subset_51,BloodPressure,localMax_BloodPressure,0.104962885,0.7794964,0.32980734
5787,xgb_shap_list_ir_1,xgb_shap_list_ir_1_subset_51,SkinThickness,localMax_SkinThickness,0.1309349,0.040334046,0.49333817
5788,xgb_shap_list_ir_1,xgb_shap_list_ir_1_subset_51,Insulin,localMax_Insulin,0.38476628,0.5091086,0.26042396
5789,xgb_shap_list_ir_1,xgb_shap_list_ir_1_subset_51,BMI,localMax_BMI,0.65728027,0.42020458,0.5387424
5790,xgb_shap_list_ir_1,xgb_shap_list_ir_1_subset_51,DiabetesPedigreeFunction,localMax_DiabetesPedigreeFunction,0.52840215,0.44322014,0.27285618
5791,xgb_shap_list_ir_1,xgb_shap_list_ir_1_subset_51,Age,localMax_Age,-0.41203165,-0.5746002,1.7013597
5792,xgb_shap_list_ir_5,xgb_shap_list_ir_5_subset_5,Pregnancies,localMax_Pregnancies,0.22496054,0.11934546,0.33057562
5793,xgb_shap_list_ir_5,xgb_shap_list_ir_5_subset_5,Glucose,localMax_Glucose,1.992018,1.6016307,0.820856
5794,xgb_shap_list_ir_5,xgb_shap_list_ir_5_subset_5,BloodPressure,localMax_BloodPressure,0.17904961,0.32543033,0.03266889
5795,xgb_shap_list_ir_5,xgb_shap_list_ir_5_subset_5,SkinThickness,localMax_SkinThickness,0.06010598,0.19233823,0.58903503
5796,xgb_shap_list_ir_5,xgb_shap_list_ir_5_subset_5,Insulin,localMax_Insulin,0.038624972,0.14236239,0.2460998
5797,xgb_shap_list_ir_5,xgb_shap_list_ir_5_subset_5,BMI,localMax_BMI,0.0039700866,0.24397194,0.96397746
5798,xgb_shap_list_ir_5,xgb_shap_list_ir_5_subset_5,DiabetesPedigreeFunction,localMax_DiabetesPedigreeFunction,0.26089078,0.6235137,0.44220227
5799,xgb_shap_list_ir_5,xgb_shap_list_ir_5_subset_5,Age,localMax_Age,0.72683597,0.9755957,1.2243555
5800,xgb_shap_list_ir_3,xgb_shap_list_ir_3_subset_8,Pregnancies,localMax_Pregnancies,0.11205691,0.22933099,-0.0052171648
5801,xgb_shap_list_ir_3,xgb_shap_list_ir_3_subset_8,Glucose,localMax_Glucose,1.9353743,1.5883734,2.2823753
5802,xgb_shap_list_ir_3,xgb_shap_list_ir_3_subset_8,BloodPressure,localMax_BloodPressure,-0.077528656,0.090127885,-0.24518526
5803,xgb_shap_list_ir_3,xgb_shap_list_ir_3_subset_8,SkinThickness,localMax_SkinThickness,-0.0049207807,0.030396461,-0.040238023
5804,xgb_shap_list_ir_3,xgb_shap_list_ir_3_subset_8,Insulin,localMax_Insulin,-0.2473126,-0.12382856,-0.37079665
5805,xgb_shap_list_ir_3,xgb_shap_list_ir_3_subset_8,BMI,localMax_BMI,-0.0967381,2.0342085,0.16963029
5806,xgb_shap_list_ir_3,xgb_shap_list_ir_3_subset_8,DiabetesPedigreeFunction,localMax_DiabetesPedigreeFunction,0.504163,0.6640234,0.34430277
5807,xgb_shap_list_ir_3,xgb_shap_list_ir_3_subset_8,Age,localMax_Age,1.035962,1.476976,-0.28708035
5808,xgb_shap_list_ir_4,xgb_shap_list_ir_4_subset_40,Pregnancies,localMax_Pregnancies,0.3630464,0.46681947,0.5705925
5809,xgb_shap_list_ir_4,xgb_shap_list_ir_4_subset_40,Glucose,localMax_Glucose,2.8620486,2.4564595,0.022925615
5810,xgb_shap_list_ir_4,xgb_shap_list_ir_4_subset_40,BloodPressure,localMax_BloodPressure,0.030600846,0.104851425,-0.043649748
5811,xgb_shap_list_ir_4,xgb_shap_list_ir_4_subset_40,SkinThickness,localMax_SkinThickness,0.2330251,0.15651459,0.3095356
5812,xgb_shap_list_ir_4,xgb_shap_list_ir_4_subset_40,Insulin,localMax_Insulin,-0.058940142,0.030314863,0.29807982
5813,xgb_shap_list_ir_4,xgb_shap_list_ir_4_subset_40,BMI,localMax_BMI,-0.020844579,0.44933403,0.21424472
5814,xgb_shap_list_ir_4,xgb_shap_list_ir_4_subset_40,DiabetesPedigreeFunction,localMax_DiabetesPedigreeFunction,0.27752924,0.49891663,0.056141853
5815,xgb_shap_list_ir_4,xgb_shap_list_ir_4_subset_40,Age,localMax_Age,1.1682895,0.96814084,0.76799214
5816,xgb_shap_list_ir_2,xgb_shap_list_ir_2_subset_146,Pregnancies,localMax_Pregnancies,0.26005393,0.39192575,0.5237976
5817,xgb_shap_list_ir_2,xgb_shap_list_ir_2_subset_146,Glucose,localMax_Glucose,2.2503262,2.5189962,1.9816558
5818,xgb_shap_list_ir_2,xgb_shap_list_ir_2_subset_146,BloodPressure,localMax_BloodPressure,0.06409481,-0.042702854,-0.14950052
5819,xgb_shap_list_ir_2,xgb_shap_list_ir_2_subset_146,SkinThickness,localMax_SkinThickness,0.27447075,0.06454229,0.37943494
5820,xgb_shap_list_ir_2,xgb_shap_list_ir_2_subset_146,Insulin,localMax_Insulin,-0.061288625,-0.16783032,0.04525307
5821,xgb_shap_list_ir_2,xgb_shap_list_ir_2_subset_146,BMI,localMax_BMI,0.79531777,0.3325373,0.56392753
5822,xgb_shap_list_ir_2,xgb_shap_list_ir_2_subset_146,DiabetesPedigreeFunction,localMax_DiabetesPedigreeFunction,0.78974736,1.2940834,0.28541136
5823,xgb_shap_list_ir_2,xgb_shap_list_ir_2_subset_146,Age,localMax_Age,0.968045,0.8352595,0.702474
5824,xgb_shap_list_ir_5,xgb_shap_list_ir_5_subset_126,Pregnancies,localMax_Pregnancies,0.8941895,0.654215,1.134164
5825,xgb_shap_list_ir_5,xgb_shap_list_ir_5_subset_126,Glucose,localMax_Glucose,0.57051253,0.12535465,2.3511443
5826,xgb_shap_list_ir_5,xgb_shap_list_ir_5_subset_126,BloodPressure,localMax_BloodPressure,0.20516992,0.04221487,0.36812496
5827,xgb_shap_list_ir_5,xgb_shap_list_ir_5_subset_126,SkinThickness,localMax_SkinThickness,0.39747712,0.0573394,-0.07871571
5828,xgb_shap_list_ir_5,xgb_shap_list_ir_5_subset_126,Insulin,localMax_Insulin,0.04695481,0.17773777,-0.08382815
5829,xgb_shap_list_ir_5,xgb_shap_list_ir_5_subset_126,BMI,localMax_BMI,0.27550054,1.164763,0.053184927
5830,xgb_shap_list_ir_5,xgb_shap_list_ir_5_subset_126,DiabetesPedigreeFunction,localMax_DiabetesPedigreeFunction,0.30705625,0.75411916,0.5305877
5831,xgb_shap_list_ir_5,xgb_shap_list_ir_5_subset_126,Age,localMax_Age,0.36965334,0.24672976,0.49257696
5832,xgb_shap_list_ir_4,xgb_shap_list_ir_4_subset_134,Pregnancies,localMax_Pregnancies,0.50730276,0.69763017,0.88795745
5833,xgb_shap_list_ir_4,xgb_shap_list_ir_4_subset_134,Glucose,localMax_Glucose,0.6986798,1.9481015,0.28220582
5834,xgb_shap_list_ir_4,xgb_shap_list_ir_4_subset_134,BloodPressure,localMax_BloodPressure,0.36725968,0.72874105,0.18651903
5835,xgb_shap_list_ir_4,xgb_shap_list_ir_4_subset_134,SkinThickness,localMax_SkinThickness,0.42327273,0.27630472,0.20282066
5836,xgb_shap_list_ir_4,xgb_shap_list_ir_4_subset_134,Insulin,localMax_Insulin,-0.06072721,0.02869448,0.11811617
5837,xgb_shap_list_ir_4,xgb_shap_list_ir_4_subset_134,BMI,localMax_BMI,-0.121292114,-0.33270836,0.30154037
5838,xgb_shap_list_ir_4,xgb_shap_list_ir_4_subset_134,DiabetesPedigreeFunction,localMax_DiabetesPedigreeFunction,0.45454597,0.6398381,0.82513034
5839,xgb_shap_list_ir_4,xgb_shap_list_ir_4_subset_134,Age,localMax_Age,0.88721967,-0.20199174,1.023371
5840,xgb_shap_list_ir_1,xgb_shap_list_ir_1_subset_153,Pregnancies,localMax_Pregnancies,0.8792192,1.1493747,0.6090635
5841,xgb_shap_list_ir_1,xgb_shap_list_ir_1_subset_153,Glucose,localMax_Glucose,1.4705027,1.1941406,1.746865
5842,xgb_shap_list_ir_1,xgb_shap_list_ir_1_subset_153,BloodPressure,localMax_BloodPressure,0.10297871,-0.120018005,0.9949652
5843,xgb_shap_list_ir_1,xgb_shap_list_ir_1_subset_153,SkinThickness,localMax_SkinThickness,1.2148808,1.0569826,1.3727789
5844,xgb_shap_list_ir_1,xgb_shap_list_ir_1_subset_153,Insulin,localMax_Insulin,0.23911208,0.51705855,0.14646327
5845,xgb_shap_list_ir_1,xgb_shap_list_ir_1_subset_153,BMI,localMax_BMI,0.072253466,0.57909036,0.19896269
5846,xgb_shap_list_ir_1,xgb_shap_list_ir_1_subset_153,DiabetesPedigreeFunction,localMax_DiabetesPedigreeFunction,0.3989119,0.2629423,0.12697273
5847,xgb_shap_list_ir_1,xgb_shap_list_ir_1_subset_153,Age,localMax_Age,0.1466682,-0.14567205,0.049221426
5848,xgb_shap_list_ir_4,xgb_shap_list_ir_4_subset_80,Pregnancies,localMax_Pregnancies,0.4289658,0.50497365,0.20094228
5849,xgb_shap_list_ir_4,xgb_shap_list_ir_4_subset_80,Glucose,localMax_Glucose,0.8397367,1.5758145,0.47169757
5850,xgb_shap_list_ir_4,xgb_shap_list_ir_4_subset_80,BloodPressure,localMax_BloodPressure,0.48217982,0.3190117,-0.17049289
5851,xgb_shap_list_ir_4,xgb_shap_list_ir_4_subset_80,SkinThickness,localMax_SkinThickness,0.289969,0.11365503,0.201812
5852,xgb_shap_list_ir_4,xgb_shap_list_ir_4_subset_80,Insulin,localMax_Insulin,-0.12213856,-0.02284649,0.07644561
5853,xgb_shap_list_ir_4,xgb_shap_list_ir_4_subset_80,BMI,localMax_BMI,0.2552879,0.007487297,0.5030885
5854,xgb_shap_list_ir_4,xgb_shap_list_ir_4_subset_80,DiabetesPedigreeFunction,localMax_DiabetesPedigreeFunction,0.27474517,0.046974957,0.50251544
5855,xgb_shap_list_ir_4,xgb_shap_list_ir_4_subset_80,Age,localMax_Age,0.7807306,1.0109388,0.55052245
5856,xgb_shap_list_ir_3,xgb_shap_list_ir_3_subset_85,Pregnancies,localMax_Pregnancies,0.065799624,0.14983627,-0.018237025
5857,xgb_shap_list_ir_3,xgb_shap_list_ir_3_subset_85,Glucose,localMax_Glucose,1.3152664,1.7133076,0.91722524
5858,xgb_shap_list_ir_3,xgb_shap_list_ir_3_subset_85,BloodPressure,localMax_BloodPressure,0.5284089,0.28182852,0.0352481
5859,xgb_shap_list_ir_3,xgb_shap_list_ir_3_subset_85,SkinThickness,localMax_SkinThickness,0.052723303,0.11895192,-0.013505295
5860,xgb_shap_list_ir_3,xgb_shap_list_ir_3_subset_85,Insulin,localMax_Insulin,0.0035565197,-0.033190288,-0.0699371
5861,xgb_shap_list_ir_3,xgb_shap_list_ir_3_subset_85,BMI,localMax_BMI,0.2287727,-0.056947052,0.5144924
5862,xgb_shap_list_ir_3,xgb_shap_list_ir_3_subset_85,DiabetesPedigreeFunction,localMax_DiabetesPedigreeFunction,0.48888206,0.024440229,0.25666118
5863,xgb_shap_list_ir_3,xgb_shap_list_ir_3_subset_85,Age,localMax_Age,0.46039844,1.4998306,1.2399726
5864,xgb_shap_list_ir_2,xgb_shap_list_ir_2_subset_93,Pregnancies,localMax_Pregnancies,0.31170374,0.22641867,0.3969888
5865,xgb_shap_list_ir_2,xgb_shap_list_ir_2_subset_93,Glucose,localMax_Glucose,1.7392634,1.4651496,-0.17953342
5866,xgb_shap_list_ir_2,xgb_shap_list_ir_2_subset_93,BloodPressure,localMax_BloodPressure,0.23913479,0.07569671,-0.25117943
5867,xgb_shap_list_ir_2,xgb_shap_list_ir_2_subset_93,SkinThickness,localMax_SkinThickness,0.6811792,0.5854809,-0.2758039
5868,xgb_shap_list_ir_2,xgb_shap_list_ir_2_subset_93,Insulin,localMax_Insulin,0.026940778,0.0745288,0.31246883
5869,xgb_shap_list_ir_2,xgb_shap_list_ir_2_subset_93,BMI,localMax_BMI,0.5871607,0.3635354,0.13990998
5870,xgb_shap_list_ir_2,xgb_shap_list_ir_2_subset_93,DiabetesPedigreeFunction,localMax_DiabetesPedigreeFunction,0.5861967,0.7221991,0.4501943
5871,xgb_shap_list_ir_2,xgb_shap_list_ir_2_subset_93,Age,localMax_Age,-0.15871087,-0.3964474,1.7431811
5872,xgb_shap_list_ir_4,xgb_shap_list_ir_4_subset_64,Pregnancies,localMax_Pregnancies,0.3071732,0.18442804,0.42991835
5873,xgb_shap_list_ir_4,xgb_shap_list_ir_4_subset_64,Glucose,localMax_Glucose,1.0462081,2.0027583,2.3216083
5874,xgb_shap_list_ir_4,xgb_shap_list_ir_4_subset_64,BloodPressure,localMax_BloodPressure,0.20632762,0.056426823,0.35622847
5875,xgb_shap_list_ir_4,xgb_shap_list_ir_4_subset_64,SkinThickness,localMax_SkinThickness,0.18079668,0.06418455,0.29740876
5876,xgb_shap_list_ir_4,xgb_shap_list_ir_4_subset_64,Insulin,localMax_Insulin,0.11123502,-0.039436936,-0.1901089
5877,xgb_shap_list_ir_4,xgb_shap_list_ir_4_subset_64,BMI,localMax_BMI,0.28301644,0.50984454,0.056188285
5878,xgb_shap_list_ir_4,xgb_shap_list_ir_4_subset_64,DiabetesPedigreeFunction,localMax_DiabetesPedigreeFunction,0.5102905,0.31395638,0.90295863
5879,xgb_shap_list_ir_4,xgb_shap_list_ir_4_subset_64,Age,localMax_Age,-0.10723102,-0.30333987,1.4616399
5880,xgb_shap_list_ir_1,xgb_shap_list_ir_1_subset_105,Pregnancies,localMax_Pregnancies,0.41700548,0.3218336,0.51217735
5881,xgb_shap_list_ir_1,xgb_shap_list_ir_1_subset_105,Glucose,localMax_Glucose,1.4798651,1.7871041,0.8653866
5882,xgb_shap_list_ir_1,xgb_shap_list_ir_1_subset_105,BloodPressure,localMax_BloodPressure,0.17664391,-0.043487698,-0.15355349
5883,xgb_shap_list_ir_1,xgb_shap_list_ir_1_subset_105,SkinThickness,localMax_SkinThickness,0.1386638,0.071584255,-0.26381338
5884,xgb_shap_list_ir_1,xgb_shap_list_ir_1_subset_105,Insulin,localMax_Insulin,0.19916004,0.11707702,-0.04708898
5885,xgb_shap_list_ir_1,xgb_shap_list_ir_1_subset_105,BMI,localMax_BMI,0.38496244,0.96578026,1.1593862
5886,xgb_shap_list_ir_1,xgb_shap_list_ir_1_subset_105,DiabetesPedigreeFunction,localMax_DiabetesPedigreeFunction,0.45728248,0.72828865,0.86379176
5887,xgb_shap_list_ir_1,xgb_shap_list_ir_1_subset_105,Age,localMax_Age,0.95258856,0.81122065,0.5284848
5888,xgb_shap_list_ir_4,xgb_shap_list_ir_4_subset_41,Pregnancies,localMax_Pregnancies,0.49665266,0.616071,0.7354893
5889,xgb_shap_list_ir_4,xgb_shap_list_ir_4_subset_41,Glucose,localMax_Glucose,2.0559607,1.6563694,1.256778
5890,xgb_shap_list_ir_4,xgb_shap_list_ir_4_subset_41,BloodPressure,localMax_BloodPressure,0.16190082,0.06393859,0.25986308
5891,xgb_shap_list_ir_4,xgb_shap_list_ir_4_subset_41,SkinThickness,localMax_SkinThickness,0.40131158,0.49297583,0.30964732
5892,xgb_shap_list_ir_4,xgb_shap_list_ir_4_subset_41,Insulin,localMax_Insulin,0.005066544,0.11711511,0.22916365
5893,xgb_shap_list_ir_4,xgb_shap_list_ir_4_subset_41,BMI,localMax_BMI,0.26535112,-0.16863638,0.048357368
5894,xgb_shap_list_ir_4,xgb_shap_list_ir_4_subset_41,DiabetesPedigreeFunction,localMax_DiabetesPedigreeFunction,0.2767887,0.56828105,0.8597733
5895,xgb_shap_list_ir_4,xgb_shap_list_ir_4_subset_41,Age,localMax_Age,0.40553063,0.93092394,0.011485577
5896,xgb_shap_list_ir_1,xgb_shap_list_ir_1_subset_26,Pregnancies,localMax_Pregnancies,0.54794705,0.34279144,0.7531028
5897,xgb_shap_list_ir_1,xgb_shap_list_ir_1_subset_26,Glucose,localMax_Glucose,1.1272594,0.90156054,0.45016277
5898,xgb_shap_list_ir_1,xgb_shap_list_ir_1_subset_26,BloodPressure,localMax_BloodPressure,0.056463078,-0.02059336,0.1335195
5899,xgb_shap_list_ir_1,xgb_shap_list_ir_1_subset_26,SkinThickness,localMax_SkinThickness,0.30767417,0.5005692,0.6934643
5900,xgb_shap_list_ir_1,xgb_shap_list_ir_1_subset_26,Insulin,localMax_Insulin,0.06743038,0.0162552,0.118605524
5901,xgb_shap_list_ir_1,xgb_shap_list_ir_1_subset_26,BMI,localMax_BMI,1.2118089,0.38874602,1.0471964
5902,xgb_shap_list_ir_1,xgb_shap_list_ir_1_subset_26,DiabetesPedigreeFunction,localMax_DiabetesPedigreeFunction,0.8953457,0.77056044,0.6457752
5903,xgb_shap_list_ir_1,xgb_shap_list_ir_1_subset_26,Age,localMax_Age,0.9628867,1.1053396,0.53552806
5904,xgb_shap_list_ir_5,xgb_shap_list_ir_5_subset_24,Pregnancies,localMax_Pregnancies,0.37475038,0.06956726,0.5782058
5905,xgb_shap_list_ir_5,xgb_shap_list_ir_5_subset_24,Glucose,localMax_Glucose,1.9752367,0.81269383,0.42517936
5906,xgb_shap_list_ir_5,xgb_shap_list_ir_5_subset_24,BloodPressure,localMax_BloodPressure,0.1719752,0.06584412,-0.04028696
5907,xgb_shap_list_ir_5,xgb_shap_list_ir_5_subset_24,SkinThickness,localMax_SkinThickness,0.093996644,0.28167045,0.00015974045
5908,xgb_shap_list_ir_5,xgb_shap_list_ir_5_subset_24,Insulin,localMax_Insulin,-0.05369687,0.00864245,-0.11603619
5909,xgb_shap_list_ir_5,xgb_shap_list_ir_5_subset_24,BMI,localMax_BMI,0.2329387,0.4230402,0.042837203
5910,xgb_shap_list_ir_5,xgb_shap_list_ir_5_subset_24,DiabetesPedigreeFunction,localMax_DiabetesPedigreeFunction,0.627609,0.2637034,0.99151456
5911,xgb_shap_list_ir_5,xgb_shap_list_ir_5_subset_24,Age,localMax_Age,0.43054175,0.8777783,0.65416
5912,xgb_shap_list_ir_2,xgb_shap_list_ir_2_subset_88,Pregnancies,localMax_Pregnancies,-0.12815224,0.006691873,0.074113935
5913,xgb_shap_list_ir_2,xgb_shap_list_ir_2_subset_88,Glucose,localMax_Glucose,1.5983572,1.2142563,0.8301555
5914,xgb_shap_list_ir_2,xgb_shap_list_ir_2_subset_88,BloodPressure,localMax_BloodPressure,0.16313624,-0.0149483085,0.3412208
5915,xgb_shap_list_ir_2,xgb_shap_list_ir_2_subset_88,SkinThickness,localMax_SkinThickness,0.49228585,0.35641325,0.2205407
5916,xgb_shap_list_ir_2,xgb_shap_list_ir_2_subset_88,Insulin,localMax_Insulin,0.037273705,-0.0748916,0.26160437
5917,xgb_shap_list_ir_2,xgb_shap_list_ir_2_subset_88,BMI,localMax_BMI,1.6991696,1.50493,1.3106904
5918,xgb_shap_list_ir_2,xgb_shap_list_ir_2_subset_88,DiabetesPedigreeFunction,localMax_DiabetesPedigreeFunction,0.32660365,0.67953086,0.85599446
5919,xgb_shap_list_ir_2,xgb_shap_list_ir_2_subset_88,Age,localMax_Age,0.31982875,0.7611779,0.4669451
5920,xgb_shap_list_ir_4,xgb_shap_list_ir_4_subset_152,Pregnancies,localMax_Pregnancies,0.22508386,0.09755477,0.28884837
5921,xgb_shap_list_ir_4,xgb_shap_list_ir_4_subset_152,Glucose,localMax_Glucose,1.3873327,1.019181,2.1236355
5922,xgb_shap_list_ir_4,xgb_shap_list_ir_4_subset_152,BloodPressure,localMax_BloodPressure,0.17205232,-0.0050863624,0.349191
5923,xgb_shap_list_ir_4,xgb_shap_list_ir_4_subset_152,SkinThickness,localMax_SkinThickness,0.020826444,-0.05008596,0.091738835
5924,xgb_shap_list_ir_4,xgb_shap_list_ir_4_subset_152,Insulin,localMax_Insulin,0.06660904,0.1451385,0.22366798
5925,xgb_shap_list_ir_4,xgb_shap_list_ir_4_subset_152,BMI,localMax_BMI,0.11566752,-0.38983166,2.1376643
5926,xgb_shap_list_ir_4,xgb_shap_list_ir_4_subset_152,DiabetesPedigreeFunction,localMax_DiabetesPedigreeFunction,0.55286825,0.372693,0.73304355
5927,xgb_shap_list_ir_4,xgb_shap_list_ir_4_subset_152,Age,localMax_Age,0.82015175,0.6776639,0.96263963
5928,xgb_shap_list_ir_2,xgb_shap_list_ir_2_subset_158,Pregnancies,localMax_Pregnancies,0.8700454,0.6808711,1.0592197
5929,xgb_shap_list_ir_2,xgb_shap_list_ir_2_subset_158,Glucose,localMax_Glucose,1.7216332,2.0280676,-0.11697304
5930,xgb_shap_list_ir_2,xgb_shap_list_ir_2_subset_158,BloodPressure,localMax_BloodPressure,0.05038047,0.19476652,-0.094005585
5931,xgb_shap_list_ir_2,xgb_shap_list_ir_2_subset_158,SkinThickness,localMax_SkinThickness,0.49646395,0.43105552,0.3656471
5932,xgb_shap_list_ir_2,xgb_shap_list_ir_2_subset_158,Insulin,localMax_Insulin,0.09390986,0.239034,0.81953055
5933,xgb_shap_list_ir_2,xgb_shap_list_ir_2_subset_158,BMI,localMax_BMI,0.469499,0.566733,0.6639671
5934,xgb_shap_list_ir_2,xgb_shap_list_ir_2_subset_158,DiabetesPedigreeFunction,localMax_DiabetesPedigreeFunction,0.36564982,0.5437096,0.18759
5935,xgb_shap_list_ir_2,xgb_shap_list_ir_2_subset_158,Age,localMax_Age,0.4818359,0.33894366,0.19605136
5936,xgb_shap_list_ir_2,xgb_shap_list_ir_2_subset_12,Pregnancies,localMax_Pregnancies,0.55618906,0.19097531,0.06923735
5937,xgb_shap_list_ir_2,xgb_shap_list_ir_2_subset_12,Glucose,localMax_Glucose,0.9910389,0.6753429,0.35964704
5938,xgb_shap_list_ir_2,xgb_shap_list_ir_2_subset_12,BloodPressure,localMax_BloodPressure,-0.40149587,-0.13279992,0.31502667
5939,xgb_shap_list_ir_2,xgb_shap_list_ir_2_subset_12,SkinThickness,localMax_SkinThickness,0.13877869,0.2746544,0.5464059
5940,xgb_shap_list_ir_2,xgb_shap_list_ir_2_subset_12,Insulin,localMax_Insulin,0.5819103,0.75844,0.40538055
5941,xgb_shap_list_ir_2,xgb_shap_list_ir_2_subset_12,BMI,localMax_BMI,0.3579188,0.54433835,1.1035969
5942,xgb_shap_list_ir_2,xgb_shap_list_ir_2_subset_12,DiabetesPedigreeFunction,localMax_DiabetesPedigreeFunction,0.3747157,0.18989766,0.5595337
5943,xgb_shap_list_ir_2,xgb_shap_list_ir_2_subset_12,Age,localMax_Age,0.6542212,1.3417542,1.1125765
5944,xgb_shap_list_ir_5,xgb_shap_list_ir_5_subset_122,Pregnancies,localMax_Pregnancies,0.30558252,0.20290998,0.10023743
5945,xgb_shap_list_ir_5,xgb_shap_list_ir_5_subset_122,Glucose,localMax_Glucose,1.8475873,1.418818,0.99004865
5946,xgb_shap_list_ir_5,xgb_shap_list_ir_5_subset_122,BloodPressure,localMax_BloodPressure,0.1976828,-0.13359627,0.30810916
5947,xgb_shap_list_ir_5,xgb_shap_list_ir_5_subset_122,SkinThickness,localMax_SkinThickness,0.1499497,0.20760354,0.03464201
5948,xgb_shap_list_ir_5,xgb_shap_list_ir_5_subset_122,Insulin,localMax_Insulin,-0.14829078,-0.07369511,0.29928327
5949,xgb_shap_list_ir_5,xgb_shap_list_ir_5_subset_122,BMI,localMax_BMI,0.2906381,0.024783015,0.5564933
5950,xgb_shap_list_ir_5,xgb_shap_list_ir_5_subset_122,DiabetesPedigreeFunction,localMax_DiabetesPedigreeFunction,0.4580853,0.656757,0.060741723
5951,xgb_shap_list_ir_5,xgb_shap_list_ir_5_subset_122,Age,localMax_Age,1.1944093,-0.18491405,1.6541835
5952,xgb_shap_list_ir_3,xgb_shap_list_ir_3_subset_52,Pregnancies,localMax_Pregnancies,0.16569293,0.034190476,-0.09731203
5953,xgb_shap_list_ir_3,xgb_shap_list_ir_3_subset_52,Glucose,localMax_Glucose,1.6051196,1.894289,0.44844186
5954,xgb_shap_list_ir_3,xgb_shap_list_ir_3_subset_52,BloodPressure,localMax_BloodPressure,0.19112629,0.06750065,0.31475192
5955,xgb_shap_list_ir_3,xgb_shap_list_ir_3_subset_52,SkinThickness,localMax_SkinThickness,0.07649708,0.17494798,0.27339888
5956,xgb_shap_list_ir_3,xgb_shap_list_ir_3_subset_52,Insulin,localMax_Insulin,0.091332436,0.19806984,0.30480725
5957,xgb_shap_list_ir_3,xgb_shap_list_ir_3_subset_52,BMI,localMax_BMI,0.06093645,0.35914803,-0.23727506
5958,xgb_shap_list_ir_3,xgb_shap_list_ir_3_subset_52,DiabetesPedigreeFunction,localMax_DiabetesPedigreeFunction,0.60579085,0.80060303,0.41097856
5959,xgb_shap_list_ir_3,xgb_shap_list_ir_3_subset_52,Age,localMax_Age,0.763775,0.97715783,0.55039215
5960,xgb_shap_list_ir_5,xgb_shap_list_ir_5_subset_70,Pregnancies,localMax_Pregnancies,0.2182821,0.39074194,0.045822263
5961,xgb_shap_list_ir_5,xgb_shap_list_ir_5_subset_70,Glucose,localMax_Glucose,2.1173205,1.6992486,1.2811768
5962,xgb_shap_list_ir_5,xgb_shap_list_ir_5_subset_70,BloodPressure,localMax_BloodPressure,0.20912829,0.31729406,-0.0072032213
5963,xgb_shap_list_ir_5,xgb_shap_list_ir_5_subset_70,SkinThickness,localMax_SkinThickness,0.059549928,0.1190353,-0.059420824
5964,xgb_shap_list_ir_5,xgb_shap_list_ir_5_subset_70,Insulin,localMax_Insulin,0.05522853,-0.2326006,0.34305763
5965,xgb_shap_list_ir_5,xgb_shap_list_ir_5_subset_70,BMI,localMax_BMI,0.02487111,0.2434426,0.46201414
5966,xgb_shap_list_ir_5,xgb_shap_list_ir_5_subset_70,DiabetesPedigreeFunction,localMax_DiabetesPedigreeFunction,0.28361303,0.485965,0.08126104
5967,xgb_shap_list_ir_5,xgb_shap_list_ir_5_subset_70,Age,localMax_Age,0.39070797,0.6003864,0.18102956
5968,xgb_shap_list_ir_1,xgb_shap_list_ir_1_subset_121,Pregnancies,localMax_Pregnancies,0.66184396,0.7947149,0.5289729
5969,xgb_shap_list_ir_1,xgb_shap_list_ir_1_subset_121,Glucose,localMax_Glucose,1.0638752,0.7192488,0.37462234
5970,xgb_shap_list_ir_1,xgb_shap_list_ir_1_subset_121,BloodPressure,localMax_BloodPressure,0.49026233,0.07117587,0.3505668
5971,xgb_shap_list_ir_1,xgb_shap_list_ir_1_subset_121,SkinThickness,localMax_SkinThickness,1.1194986,1.2765397,1.4335808
5972,xgb_shap_list_ir_1,xgb_shap_list_ir_1_subset_121,Insulin,localMax_Insulin,-0.2410095,-0.19463725,0.31545758
5973,xgb_shap_list_ir_1,xgb_shap_list_ir_1_subset_121,BMI,localMax_BMI,0.08249122,0.15909079,0.005891621
5974,xgb_shap_list_ir_1,xgb_shap_list_ir_1_subset_121,DiabetesPedigreeFunction,localMax_DiabetesPedigreeFunction,0.4940834,0.25149888,0.3727911
5975,xgb_shap_list_ir_1,xgb_shap_list_ir_1_subset_121,Age,localMax_Age,0.51976407,0.6338739,0.40565425
5976,xgb_shap_list_ir_4,xgb_shap_list_ir_4_subset_47,Pregnancies,localMax_Pregnancies,-0.07810396,0.39611888,0.5541932
5977,xgb_shap_list_ir_4,xgb_shap_list_ir_4_subset_47,Glucose,localMax_Glucose,0.9851637,1.3721039,0.5982232
5978,xgb_shap_list_ir_4,xgb_shap_list_ir_4_subset_47,BloodPressure,localMax_BloodPressure,-0.16230369,-0.07019958,0.3903209
5979,xgb_shap_list_ir_4,xgb_shap_list_ir_4_subset_47,SkinThickness,localMax_SkinThickness,0.3336069,0.53440434,0.43400562
5980,xgb_shap_list_ir_4,xgb_shap_list_ir_4_subset_47,Insulin,localMax_Insulin,0.122939676,0.2216497,0.024229676
5981,xgb_shap_list_ir_4,xgb_shap_list_ir_4_subset_47,BMI,localMax_BMI,0.17446542,0.4579351,-0.10900426
5982,xgb_shap_list_ir_4,xgb_shap_list_ir_4_subset_47,DiabetesPedigreeFunction,localMax_DiabetesPedigreeFunction,0.66555977,0.44277334,0.8883462
5983,xgb_shap_list_ir_4,xgb_shap_list_ir_4_subset_47,Age,localMax_Age,0.5331273,0.43194067,0.1283809
5984,xgb_shap_list_ir_5,xgb_shap_list_ir_5_subset_108,Pregnancies,localMax_Pregnancies,0.27829343,0.560305,0.41929924
5985,xgb_shap_list_ir_5,xgb_shap_list_ir_5_subset_108,Glucose,localMax_Glucose,1.635078,1.1881211,2.082035
5986,xgb_shap_list_ir_5,xgb_shap_list_ir_5_subset_108,BloodPressure,localMax_BloodPressure,0.09577617,0.17221346,0.019338906
5987,xgb_shap_list_ir_5,xgb_shap_list_ir_5_subset_108,SkinThickness,localMax_SkinThickness,0.099545956,-0.003287822,0.2023797
5988,xgb_shap_list_ir_5,xgb_shap_list_ir_5_subset_108,Insulin,localMax_Insulin,-0.07760167,-0.18263172,0.34251848
5989,xgb_shap_list_ir_5,xgb_shap_list_ir_5_subset_108,BMI,localMax_BMI,-0.20921075,0.3830974,0.08694339
5990,xgb_shap_list_ir_5,xgb_shap_list_ir_5_subset_108,DiabetesPedigreeFunction,localMax_DiabetesPedigreeFunction,0.0645529,0.24540699,0.42626107
5991,xgb_shap_list_ir_5,xgb_shap_list_ir_5_subset_108,Age,localMax_Age,1.0181601,1.2115421,0.8247782
5992,xgb_shap_list_ir_3,xgb_shap_list_ir_3_subset_111,Pregnancies,localMax_Pregnancies,0.21585971,0.11874691,0.50719815
5993,xgb_shap_list_ir_3,xgb_shap_list_ir_3_subset_111,Glucose,localMax_Glucose,1.2925406,1.6679974,2.4189105
5994,xgb_shap_list_ir_3,xgb_shap_list_ir_3_subset_111,BloodPressure,localMax_BloodPressure,0.17665535,0.054444373,0.29886633
5995,xgb_shap_list_ir_3,xgb_shap_list_ir_3_subset_111,SkinThickness,localMax_SkinThickness,0.61724865,-0.14071666,0.5414521
5996,xgb_shap_list_ir_3,xgb_shap_list_ir_3_subset_111,Insulin,localMax_Insulin,-0.01731646,-0.100767255,0.06613433
5997,xgb_shap_list_ir_3,xgb_shap_list_ir_3_subset_111,BMI,localMax_BMI,0.25215364,0.45192116,0.6516887
5998,xgb_shap_list_ir_3,xgb_shap_list_ir_3_subset_111,DiabetesPedigreeFunction,localMax_DiabetesPedigreeFunction,-0.12390983,0.0853945,-0.33321416
5999,xgb_shap_list_ir_3,xgb_shap_list_ir_3_subset_111,Age,localMax_Age,0.9757651,0.29455513,0.8054626
6000,xgb_shap_list_ir_3,xgb_shap_list_ir_3_subset_109,Pregnancies,localMax_Pregnancies,0.52274543,0.6967906,0.34870023
6001,xgb_shap_list_ir_3,xgb_shap_list_ir_3_subset_109,Glucose,localMax_Glucose,1.6984444,1.3817888,0.11516702
6002,xgb_shap_list_ir_3,xgb_shap_list_ir_3_subset_109,BloodPressure,localMax_BloodPressure,0.079396516,-0.038726985,0.19752002
6003,xgb_shap_list_ir_3,xgb_shap_list_ir_3_subset_109,SkinThickness,localMax_SkinThickness,0.49602532,0.6547054,0.01998514
6004,xgb_shap_list_ir_3,xgb_shap_list_ir_3_subset_109,Insulin,localMax_Insulin,0.15487766,0.062328517,0.24742681
6005,xgb_shap_list_ir_3,xgb_shap_list_ir_3_subset_109,BMI,localMax_BMI,0.5561389,0.86460793,0.24766994
6006,xgb_shap_list_ir_3,xgb_shap_list_ir_3_subset_109,DiabetesPedigreeFunction,localMax_DiabetesPedigreeFunction,0.32851177,0.5021032,-0.19226271
6007,xgb_shap_list_ir_3,xgb_shap_list_ir_3_subset_109,Age,localMax_Age,0.49246395,0.09248692,0.69245243
6008,xgb_shap_list_ir_1,xgb_shap_list_ir_1_subset_145,Pregnancies,localMax_Pregnancies,-0.011092603,1.229473,1.0227121
6009,xgb_shap_list_ir_1,xgb_shap_list_ir_1_subset_145,Glucose,localMax_Glucose,0.61863077,-0.067285866,0.7166189
6010,xgb_shap_list_ir_1,xgb_shap_list_ir_1_subset_145,BloodPressure,localMax_BloodPressure,0.5611002,-0.32091665,-0.43116876
6011,xgb_shap_list_ir_1,xgb_shap_list_ir_1_subset_145,SkinThickness,localMax_SkinThickness,0.8001435,0.6821806,0.328292
6012,xgb_shap_list_ir_1,xgb_shap_list_ir_1_subset_145,Insulin,localMax_Insulin,0.68515015,0.8593769,0.5109234
6013,xgb_shap_list_ir_1,xgb_shap_list_ir_1_subset_145,BMI,localMax_BMI,0.6636499,0.5161549,0.3686598
6014,xgb_shap_list_ir_1,xgb_shap_list_ir_1_subset_145,DiabetesPedigreeFunction,localMax_DiabetesPedigreeFunction,0.61450714,0.5078131,0.7212012
6015,xgb_shap_list_ir_1,xgb_shap_list_ir_1_subset_145,Age,localMax_Age,0.34348053,0.45571053,0.23125052
6016,xgb_shap_list_ir_2,xgb_shap_list_ir_2_subset_56,Pregnancies,localMax_Pregnancies,0.5116393,0.3950497,0.2784601
6017,xgb_shap_list_ir_2,xgb_shap_list_ir_2_subset_56,Glucose,localMax_Glucose,0.71088386,0.47248816,0.94927955
6018,xgb_shap_list_ir_2,xgb_shap_list_ir_2_subset_56,BloodPressure,localMax_BloodPressure,0.6168146,0.45638806,0.2959615
6019,xgb_shap_list_ir_2,xgb_shap_list_ir_2_subset_56,SkinThickness,localMax_SkinThickness,0.22650176,0.36619055,0.5058793
6020,xgb_shap_list_ir_2,xgb_shap_list_ir_2_subset_56,Insulin,localMax_Insulin,0.15521175,0.071804106,0.23861936
6021,xgb_shap_list_ir_2,xgb_shap_list_ir_2_subset_56,BMI,localMax_BMI,0.36506313,2.193826,1.7366351
6022,xgb_shap_list_ir_2,xgb_shap_list_ir_2_subset_56,DiabetesPedigreeFunction,localMax_DiabetesPedigreeFunction,0.444216,-0.15119508,0.5930688
6023,xgb_shap_list_ir_2,xgb_shap_list_ir_2_subset_56,Age,localMax_Age,0.8928547,0.4654734,0.2517829
6024,xgb_shap_list_ir_5,xgb_shap_list_ir_5_subset_137,Pregnancies,localMax_Pregnancies,0.66000736,0.44022787,0.87978673
6025,xgb_shap_list_ir_5,xgb_shap_list_ir_5_subset_137,Glucose,localMax_Glucose,1.9069688,1.4512913,0.9956138
6026,xgb_shap_list_ir_5,xgb_shap_list_ir_5_subset_137,BloodPressure,localMax_BloodPressure,0.267258,0.17364344,0.36087257
6027,xgb_shap_list_ir_5,xgb_shap_list_ir_5_subset_137,SkinThickness,localMax_SkinThickness,0.2904585,0.04696825,0.16871339
6028,xgb_shap_list_ir_5,xgb_shap_list_ir_5_subset_137,Insulin,localMax_Insulin,0.010277659,0.11080751,-0.09025219
6029,xgb_shap_list_ir_5,xgb_shap_list_ir_5_subset_137,BMI,localMax_BMI,0.10329008,0.38786697,-0.18128681
6030,xgb_shap_list_ir_5,xgb_shap_list_ir_5_subset_137,DiabetesPedigreeFunction,localMax_DiabetesPedigreeFunction,0.5583246,0.3274529,0.78919625
6031,xgb_shap_list_ir_5,xgb_shap_list_ir_5_subset_137,Age,localMax_Age,-0.10828191,0.26339763,0.4492374
6032,xgb_shap_list_ir_1,xgb_shap_list_ir_1_subset_84,Pregnancies,localMax_Pregnancies,-0.41870236,1.024936,1.2470341
6033,xgb_shap_list_ir_1,xgb_shap_list_ir_1_subset_84,Glucose,localMax_Glucose,1.1800883,0.058494806,-0.22190356
6034,xgb_shap_list_ir_1,xgb_shap_list_ir_1_subset_84,BloodPressure,localMax_BloodPressure,0.15834296,0.080456704,0.0025704503
6035,xgb_shap_list_ir_1,xgb_shap_list_ir_1_subset_84,SkinThickness,localMax_SkinThickness,0.3751395,0.44177437,0.30850467
6036,xgb_shap_list_ir_1,xgb_shap_list_ir_1_subset_84,Insulin,localMax_Insulin,-0.16341612,-0.10136675,-0.22546549
6037,xgb_shap_list_ir_1,xgb_shap_list_ir_1_subset_84,BMI,localMax_BMI,0.75513446,0.9732723,0.3188585
6038,xgb_shap_list_ir_1,xgb_shap_list_ir_1_subset_84,DiabetesPedigreeFunction,localMax_DiabetesPedigreeFunction,0.8315579,0.9726002,-0.15573803
6039,xgb_shap_list_ir_1,xgb_shap_list_ir_1_subset_84,Age,localMax_Age,-0.61209404,-0.0782761,-0.7455485
6040,xgb_shap_list_ir_5,xgb_shap_list_ir_5_subset_123,Pregnancies,localMax_Pregnancies,0.17168412,0.29101276,0.41034138
6041,xgb_shap_list_ir_5,xgb_shap_list_ir_5_subset_123,Glucose,localMax_Glucose,1.6612659,1.2878401,2.7815437
6042,xgb_shap_list_ir_5,xgb_shap_list_ir_5_subset_123,BloodPressure,localMax_BloodPressure,0.2256648,0.07078552,0.380544
6043,xgb_shap_list_ir_5,xgb_shap_list_ir_5_subset_123,SkinThickness,localMax_SkinThickness,0.28221878,0.21577424,0.14932972
6044,xgb_shap_list_ir_5,xgb_shap_list_ir_5_subset_123,Insulin,localMax_Insulin,0.098499686,0.013960153,0.18303922
6045,xgb_shap_list_ir_5,xgb_shap_list_ir_5_subset_123,BMI,localMax_BMI,0.43593168,0.04199505,0.23896337
6046,xgb_shap_list_ir_5,xgb_shap_list_ir_5_subset_123,DiabetesPedigreeFunction,localMax_DiabetesPedigreeFunction,0.6856078,0.530958,0.3763082
6047,xgb_shap_list_ir_5,xgb_shap_list_ir_5_subset_123,Age,localMax_Age,0.8737838,1.0948035,0.6527641
6048,xgb_shap_list_ir_1,xgb_shap_list_ir_1_subset_122,Pregnancies,localMax_Pregnancies,1.1380002,1.33865,0.9373504
6049,xgb_shap_list_ir_1,xgb_shap_list_ir_1_subset_122,Glucose,localMax_Glucose,0.2512319,0.5959333,0.94063485
6050,xgb_shap_list_ir_1,xgb_shap_list_ir_1_subset_122,BloodPressure,localMax_BloodPressure,0.2215029,0.77405906,1.0503372
6051,xgb_shap_list_ir_1,xgb_shap_list_ir_1_subset_122,SkinThickness,localMax_SkinThickness,0.15662989,0.24266317,0.11361322
6052,xgb_shap_list_ir_1,xgb_shap_list_ir_1_subset_122,Insulin,localMax_Insulin,0.10355884,0.19201803,0.14778844
6053,xgb_shap_list_ir_1,xgb_shap_list_ir_1_subset_122,BMI,localMax_BMI,0.674792,0.7924965,0.5570875
6054,xgb_shap_list_ir_1,xgb_shap_list_ir_1_subset_122,DiabetesPedigreeFunction,localMax_DiabetesPedigreeFunction,0.5120207,0.67367804,0.35036343
6055,xgb_shap_list_ir_1,xgb_shap_list_ir_1_subset_122,Age,localMax_Age,0.18496001,0.26320577,0.65443444
6056,xgb_shap_list_ir_5,xgb_shap_list_ir_5_subset_27,Pregnancies,localMax_Pregnancies,0.13079351,0.2337212,0.43957645
6057,xgb_shap_list_ir_5,xgb_shap_list_ir_5_subset_27,Glucose,localMax_Glucose,1.755676,1.3932464,2.118106
6058,xgb_shap_list_ir_5,xgb_shap_list_ir_5_subset_27,BloodPressure,localMax_BloodPressure,-0.2032718,0.04302293,-0.08012444
6059,xgb_shap_list_ir_5,xgb_shap_list_ir_5_subset_27,SkinThickness,localMax_SkinThickness,0.100887,0.23839146,0.37589586
6060,xgb_shap_list_ir_5,xgb_shap_list_ir_5_subset_27,Insulin,localMax_Insulin,-0.2396788,-0.0435372,0.15260446
6061,xgb_shap_list_ir_5,xgb_shap_list_ir_5_subset_27,BMI,localMax_BMI,0.84316456,-0.0054055452,-0.28826225
6062,xgb_shap_list_ir_5,xgb_shap_list_ir_5_subset_27,DiabetesPedigreeFunction,localMax_DiabetesPedigreeFunction,0.43904388,0.23715669,-0.16661781
6063,xgb_shap_list_ir_5,xgb_shap_list_ir_5_subset_27,Age,localMax_Age,0.56730914,0.7971456,0.33747268
6064,xgb_shap_list_ir_4,xgb_shap_list_ir_4_subset_108,Pregnancies,localMax_Pregnancies,0.22120917,0.37610906,0.06630933
6065,xgb_shap_list_ir_4,xgb_shap_list_ir_4_subset_108,Glucose,localMax_Glucose,0.9786533,1.2741534,1.5696533
6066,xgb_shap_list_ir_4,xgb_shap_list_ir_4_subset_108,BloodPressure,localMax_BloodPressure,0.062921286,0.18932986,-0.06348729
6067,xgb_shap_list_ir_4,xgb_shap_list_ir_4_subset_108,SkinThickness,localMax_SkinThickness,0.3510567,0.088593304,0.001105532
6068,xgb_shap_list_ir_4,xgb_shap_list_ir_4_subset_108,Insulin,localMax_Insulin,-0.14330876,-0.0542562,0.30195415
6069,xgb_shap_list_ir_4,xgb_shap_list_ir_4_subset_108,BMI,localMax_BMI,0.3448832,-0.17737252,0.083755314
6070,xgb_shap_list_ir_4,xgb_shap_list_ir_4_subset_108,DiabetesPedigreeFunction,localMax_DiabetesPedigreeFunction,0.5188302,0.32386982,0.12890953
6071,xgb_shap_list_ir_4,xgb_shap_list_ir_4_subset_108,Age,localMax_Age,0.3133248,0.6050825,1.7721136
6072,xgb_shap_list_ir_3,xgb_shap_list_ir_3_subset_134,Pregnancies,localMax_Pregnancies,0.14057939,-0.074851364,0.097493246
6073,xgb_shap_list_ir_3,xgb_shap_list_ir_3_subset_134,Glucose,localMax_Glucose,1.2150872,0.87995815,0.54482937
6074,xgb_shap_list_ir_3,xgb_shap_list_ir_3_subset_134,BloodPressure,localMax_BloodPressure,0.0012164116,0.3011877,0.15120202
6075,xgb_shap_list_ir_3,xgb_shap_list_ir_3_subset_134,SkinThickness,localMax_SkinThickness,0.13351797,0.08729315,0.041068316
6076,xgb_shap_list_ir_3,xgb_shap_list_ir_3_subset_134,Insulin,localMax_Insulin,-0.16749349,-0.042140245,0.5846259
6077,xgb_shap_list_ir_3,xgb_shap_list_ir_3_subset_134,BMI,localMax_BMI,0.181544,0.4701684,-0.10708046
6078,xgb_shap_list_ir_3,xgb_shap_list_ir_3_subset_134,DiabetesPedigreeFunction,localMax_DiabetesPedigreeFunction,1.147471,0.9541789,0.5675949
6079,xgb_shap_list_ir_3,xgb_shap_list_ir_3_subset_134,Age,localMax_Age,0.6488535,0.7849638,0.37663305
6080,xgb_shap_list_ir_3,xgb_shap_list_ir_3_subset_56,Pregnancies,localMax_Pregnancies,0.37494522,0.2642523,0.48563814
6081,xgb_shap_list_ir_3,xgb_shap_list_ir_3_subset_56,Glucose,localMax_Glucose,1.4012536,1.7143548,2.027456
6082,xgb_shap_list_ir_3,xgb_shap_list_ir_3_subset_56,BloodPressure,localMax_BloodPressure,0.078085184,-0.09184718,0.41794974
6083,xgb_shap_list_ir_3,xgb_shap_list_ir_3_subset_56,SkinThickness,localMax_SkinThickness,0.3686796,0.20003375,0.31246433
6084,xgb_shap_list_ir_3,xgb_shap_list_ir_3_subset_56,Insulin,localMax_Insulin,0.1946001,0.06652069,0.57883835
6085,xgb_shap_list_ir_3,xgb_shap_list_ir_3_subset_56,BMI,localMax_BMI,1.1231779,1.5385534,1.3308656
6086,xgb_shap_list_ir_3,xgb_shap_list_ir_3_subset_56,DiabetesPedigreeFunction,localMax_DiabetesPedigreeFunction,0.108459294,0.5650358,0.4128437
6087,xgb_shap_list_ir_3,xgb_shap_list_ir_3_subset_56,Age,localMax_Age,1.264499,1.0756707,0.88684237
6088,xgb_shap_list_ir_5,xgb_shap_list_ir_5_subset_44,Pregnancies,localMax_Pregnancies,0.34987956,0.78325963,0.56656957
6089,xgb_shap_list_ir_5,xgb_shap_list_ir_5_subset_44,Glucose,localMax_Glucose,1.8945382,1.5127828,2.2762935
6090,xgb_shap_list_ir_5,xgb_shap_list_ir_5_subset_44,BloodPressure,localMax_BloodPressure,0.18287301,0.05496627,0.31077975
6091,xgb_shap_list_ir_5,xgb_shap_list_ir_5_subset_44,SkinThickness,localMax_SkinThickness,0.36273003,0.30276656,0.0029492378
6092,xgb_shap_list_ir_5,xgb_shap_list_ir_5_subset_44,Insulin,localMax_Insulin,-0.09136531,0.023317426,0.13800013
6093,xgb_shap_list_ir_5,xgb_shap_list_ir_5_subset_44,BMI,localMax_BMI,0.020709872,0.22476256,0.4288153
6094,xgb_shap_list_ir_5,xgb_shap_list_ir_5_subset_44,DiabetesPedigreeFunction,localMax_DiabetesPedigreeFunction,0.8262969,-0.020816565,-0.2325949
6095,xgb_shap_list_ir_5,xgb_shap_list_ir_5_subset_44,Age,localMax_Age,0.34135854,0.19177306,0.4909441
6096,xgb_shap_list_ir_3,xgb_shap_list_ir_3_subset_54,Pregnancies,localMax_Pregnancies,0.5763656,0.77754974,0.37518132
6097,xgb_shap_list_ir_3,xgb_shap_list_ir_3_subset_54,Glucose,localMax_Glucose,1.5638068,1.9577868,0.38186717
6098,xgb_shap_list_ir_3,xgb_shap_list_ir_3_subset_54,BloodPressure,localMax_BloodPressure,-0.07829848,0.023106873,-0.17970383
6099,xgb_shap_list_ir_3,xgb_shap_list_ir_3_subset_54,SkinThickness,localMax_SkinThickness,0.18772301,0.24489707,0.30207112
6100,xgb_shap_list_ir_3,xgb_shap_list_ir_3_subset_54,Insulin,localMax_Insulin,-0.0505089,-0.13326403,0.032246217
6101,xgb_shap_list_ir_3,xgb_shap_list_ir_3_subset_54,BMI,localMax_BMI,0.38412488,0.6311281,0.13712168
6102,xgb_shap_list_ir_3,xgb_shap_list_ir_3_subset_54,DiabetesPedigreeFunction,localMax_DiabetesPedigreeFunction,0.5080343,0.33924598,0.0016695261
6103,xgb_shap_list_ir_3,xgb_shap_list_ir_3_subset_54,Age,localMax_Age,0.34513402,0.23380995,0.45645815
6104,xgb_shap_list_ir_4,xgb_shap_list_ir_4_subset_39,Pregnancies,localMax_Pregnancies,0.18898994,1.0626527,0.8442371
6105,xgb_shap_list_ir_4,xgb_shap_list_ir_4_subset_39,Glucose,localMax_Glucose,1.5669773,1.9718957,1.1620588
6106,xgb_shap_list_ir_4,xgb_shap_list_ir_4_subset_39,BloodPressure,localMax_BloodPressure,-0.3152863,-0.17360008,0.25145853
6107,xgb_shap_list_ir_4,xgb_shap_list_ir_4_subset_39,SkinThickness,localMax_SkinThickness,0.15743244,0.043886602,0.27097833
6108,xgb_shap_list_ir_4,xgb_shap_list_ir_4_subset_39,Insulin,localMax_Insulin,-0.026346147,-0.17070043,0.11800814
6109,xgb_shap_list_ir_4,xgb_shap_list_ir_4_subset_39,BMI,localMax_BMI,0.2291807,1.4871224,1.6967794
6110,xgb_shap_list_ir_4,xgb_shap_list_ir_4_subset_39,DiabetesPedigreeFunction,localMax_DiabetesPedigreeFunction,0.14741337,0.32881725,0.691625
6111,xgb_shap_list_ir_4,xgb_shap_list_ir_4_subset_39,Age,localMax_Age,0.47127867,0.3545438,0.5880136
6112,xgb_shap_list_ir_4,xgb_shap_list_ir_4_subset_57,Pregnancies,localMax_Pregnancies,0.25381047,0.06809878,0.1609546
6113,xgb_shap_list_ir_4,xgb_shap_list_ir_4_subset_57,Glucose,localMax_Glucose,0.95310307,0.588207,-0.14158463
6114,xgb_shap_list_ir_4,xgb_shap_list_ir_4_subset_57,BloodPressure,localMax_BloodPressure,0.12323463,0.29337174,-0.046902537
6115,xgb_shap_list_ir_4,xgb_shap_list_ir_4_subset_57,SkinThickness,localMax_SkinThickness,-0.1352803,0.29526597,0.23375934
6116,xgb_shap_list_ir_4,xgb_shap_list_ir_4_subset_57,Insulin,localMax_Insulin,-0.055369645,-0.0011832416,0.107189566
6117,xgb_shap_list_ir_4,xgb_shap_list_ir_4_subset_57,BMI,localMax_BMI,0.80527997,0.535735,0.26619005
6118,xgb_shap_list_ir_4,xgb_shap_list_ir_4_subset_57,DiabetesPedigreeFunction,localMax_DiabetesPedigreeFunction,0.08967942,0.30475193,-0.12539315
6119,xgb_shap_list_ir_4,xgb_shap_list_ir_4_subset_57,Age,localMax_Age,0.25011134,0.4028316,0.5555519
6120,xgb_shap_list_ir_3,xgb_shap_list_ir_3_subset_155,Pregnancies,localMax_Pregnancies,0.54687405,0.41747433,0.28807467
6121,xgb_shap_list_ir_3,xgb_shap_list_ir_3_subset_155,Glucose,localMax_Glucose,1.3594153,1.6663659,0.7455138
6122,xgb_shap_list_ir_3,xgb_shap_list_ir_3_subset_155,BloodPressure,localMax_BloodPressure,-0.36701712,-0.24272507,-0.4913092
6123,xgb_shap_list_ir_3,xgb_shap_list_ir_3_subset_155,SkinThickness,localMax_SkinThickness,0.16537255,0.017028868,0.31371617
6124,xgb_shap_list_ir_3,xgb_shap_list_ir_3_subset_155,Insulin,localMax_Insulin,0.22904086,0.004255593,0.15411243
6125,xgb_shap_list_ir_3,xgb_shap_list_ir_3_subset_155,BMI,localMax_BMI,0.78900445,0.45266747,0.116330504
6126,xgb_shap_list_ir_3,xgb_shap_list_ir_3_subset_155,DiabetesPedigreeFunction,localMax_DiabetesPedigreeFunction,0.34085822,0.5716879,0.45627308
6127,xgb_shap_list_ir_3,xgb_shap_list_ir_3_subset_155,Age,localMax_Age,0.16401064,-0.102556825,0.43057817
6128,xgb_shap_list_ir_1,xgb_shap_list_ir_1_subset_146,Pregnancies,localMax_Pregnancies,0.5889971,0.89910114,0.43394506
6129,xgb_shap_list_ir_1,xgb_shap_list_ir_1_subset_146,Glucose,localMax_Glucose,1.2609682,0.950336,1.5716004
6130,xgb_shap_list_ir_1,xgb_shap_list_ir_1_subset_146,BloodPressure,localMax_BloodPressure,-0.19504315,-0.26395947,0.2873711
6131,xgb_shap_list_ir_1,xgb_shap_list_ir_1_subset_146,SkinThickness,localMax_SkinThickness,0.2686751,0.14553055,-0.28547528
6132,xgb_shap_list_ir_1,xgb_shap_list_ir_1_subset_146,Insulin,localMax_Insulin,-0.046938837,-0.08840382,0.2847811
6133,xgb_shap_list_ir_1,xgb_shap_list_ir_1_subset_146,BMI,localMax_BMI,-0.14965636,0.852784,0.97808903
6134,xgb_shap_list_ir_1,xgb_shap_list_ir_1_subset_146,DiabetesPedigreeFunction,localMax_DiabetesPedigreeFunction,1.2431418,0.65629935,0.3628782
6135,xgb_shap_list_ir_1,xgb_shap_list_ir_1_subset_146,Age,localMax_Age,0.4642642,-0.25843605,-0.3307061
6136,xgb_shap_list_ir_1,xgb_shap_list_ir_1_subset_56,Pregnancies,localMax_Pregnancies,0.41263568,0.9828197,1.172881
6137,xgb_shap_list_ir_1,xgb_shap_list_ir_1_subset_56,Glucose,localMax_Glucose,1.782886,0.54404426,2.0925965
6138,xgb_shap_list_ir_1,xgb_shap_list_ir_1_subset_56,BloodPressure,localMax_BloodPressure,0.34295195,-0.15387529,0.24358654
6139,xgb_shap_list_ir_1,xgb_shap_list_ir_1_subset_56,SkinThickness,localMax_SkinThickness,0.35825038,0.24686104,0.46963972
6140,xgb_shap_list_ir_1,xgb_shap_list_ir_1_subset_56,Insulin,localMax_Insulin,-0.19932073,0.62914395,-0.2821672
6141,xgb_shap_list_ir_1,xgb_shap_list_ir_1_subset_56,BMI,localMax_BMI,0.98869836,0.5733727,0.3657099
6142,xgb_shap_list_ir_1,xgb_shap_list_ir_1_subset_56,DiabetesPedigreeFunction,localMax_DiabetesPedigreeFunction,0.05262272,0.10214831,0.0030971318
6143,xgb_shap_list_ir_1,xgb_shap_list_ir_1_subset_56,Age,localMax_Age,0.8060843,0.56456333,-0.03923908
6144,xgb_shap_list_ir_3,xgb_shap_list_ir_3_subset_25,Pregnancies,localMax_Pregnancies,0.677215,0.5165191,0.8379108
6145,xgb_shap_list_ir_3,xgb_shap_list_ir_3_subset_25,Glucose,localMax_Glucose,2.0258825,1.6077149,1.1895473
6146,xgb_shap_list_ir_3,xgb_shap_list_ir_3_subset_25,BloodPressure,localMax_BloodPressure,0.5008774,0.37215286,0.6296019
6147,xgb_shap_list_ir_3,xgb_shap_list_ir_3_subset_25,SkinThickness,localMax_SkinThickness,0.29610285,0.22944486,0.3627608
6148,xgb_shap_list_ir_3,xgb_shap_list_ir_3_subset_25,Insulin,localMax_Insulin,0.93440306,0.30477774,0.51465285
6149,xgb_shap_list_ir_3,xgb_shap_list_ir_3_subset_25,BMI,localMax_BMI,-0.03564799,1.7594802,0.18874305
6150,xgb_shap_list_ir_3,xgb_shap_list_ir_3_subset_25,DiabetesPedigreeFunction,localMax_DiabetesPedigreeFunction,0.3095376,0.7133032,0.51142037
6151,xgb_shap_list_ir_3,xgb_shap_list_ir_3_subset_25,Age,localMax_Age,0.60435313,0.4722041,0.73650223
6152,xgb_shap_list_ir_4,xgb_shap_list_ir_4_subset_121,Pregnancies,localMax_Pregnancies,0.058906972,0.1339829,-0.016168952
6153,xgb_shap_list_ir_4,xgb_shap_list_ir_4_subset_121,Glucose,localMax_Glucose,1.0088092,0.6906016,1.3270167
6154,xgb_shap_list_ir_4,xgb_shap_list_ir_4_subset_121,BloodPressure,localMax_BloodPressure,0.23165858,0.3293717,0.13394547
6155,xgb_shap_list_ir_4,xgb_shap_list_ir_4_subset_121,SkinThickness,localMax_SkinThickness,0.12384683,0.19120061,0.2585544
6156,xgb_shap_list_ir_4,xgb_shap_list_ir_4_subset_121,Insulin,localMax_Insulin,-0.06476852,0.033042043,0.13085258
6157,xgb_shap_list_ir_4,xgb_shap_list_ir_4_subset_121,BMI,localMax_BMI,0.11731911,0.7680768,0.5511576
6158,xgb_shap_list_ir_4,xgb_shap_list_ir_4_subset_121,DiabetesPedigreeFunction,localMax_DiabetesPedigreeFunction,0.45250392,0.22822738,-0.22032571
6159,xgb_shap_list_ir_4,xgb_shap_list_ir_4_subset_121,Age,localMax_Age,0.8202722,1.0029328,0.45495087
6160,xgb_shap_list_ir_5,xgb_shap_list_ir_5_subset_71,Pregnancies,localMax_Pregnancies,0.60292554,0.4179464,0.78790474
6161,xgb_shap_list_ir_5,xgb_shap_list_ir_5_subset_71,Glucose,localMax_Glucose,2.205316,2.5154104,0.34474897
6162,xgb_shap_list_ir_5,xgb_shap_list_ir_5_subset_71,BloodPressure,localMax_BloodPressure,0.1687684,0.31093597,0.026600778
6163,xgb_shap_list_ir_5,xgb_shap_list_ir_5_subset_71,SkinThickness,localMax_SkinThickness,-0.1388126,0.30616075,0.08367413
6164,xgb_shap_list_ir_5,xgb_shap_list_ir_5_subset_71,Insulin,localMax_Insulin,0.18277466,-0.005561948,0.93612134
6165,xgb_shap_list_ir_5,xgb_shap_list_ir_5_subset_71,BMI,localMax_BMI,0.012151241,0.45786238,-0.21070433
6166,xgb_shap_list_ir_5,xgb_shap_list_ir_5_subset_71,DiabetesPedigreeFunction,localMax_DiabetesPedigreeFunction,0.3191871,0.5152625,1.1034886
6167,xgb_shap_list_ir_5,xgb_shap_list_ir_5_subset_71,Age,localMax_Age,0.71670234,0.8951783,1.0736542
6168,xgb_shap_list_ir_1,xgb_shap_list_ir_1_subset_86,Pregnancies,localMax_Pregnancies,0.5470559,0.6799343,0.41417748
6169,xgb_shap_list_ir_1,xgb_shap_list_ir_1_subset_86,Glucose,localMax_Glucose,1.4723274,1.1928915,0.9134557
6170,xgb_shap_list_ir_1,xgb_shap_list_ir_1_subset_86,BloodPressure,localMax_BloodPressure,0.12351367,0.03935045,0.20767689
6171,xgb_shap_list_ir_1,xgb_shap_list_ir_1_subset_86,SkinThickness,localMax_SkinThickness,0.49453056,0.6338995,0.35516155
6172,xgb_shap_list_ir_1,xgb_shap_list_ir_1_subset_86,Insulin,localMax_Insulin,0.5418161,0.6712958,0.4123364
6173,xgb_shap_list_ir_1,xgb_shap_list_ir_1_subset_86,BMI,localMax_BMI,0.99286747,0.8460747,1.1396604
6174,xgb_shap_list_ir_1,xgb_shap_list_ir_1_subset_86,DiabetesPedigreeFunction,localMax_DiabetesPedigreeFunction,0.316861,-0.07534471,0.2514934
6175,xgb_shap_list_ir_1,xgb_shap_list_ir_1_subset_86,Age,localMax_Age,0.4003203,0.50059724,0.6008742
6176,xgb_shap_list_ir_2,xgb_shap_list_ir_2_subset_133,Pregnancies,localMax_Pregnancies,-0.3027219,0.06457034,-0.18029115
6177,xgb_shap_list_ir_2,xgb_shap_list_ir_2_subset_133,Glucose,localMax_Glucose,1.4084625,1.7498882,2.0913138
6178,xgb_shap_list_ir_2,xgb_shap_list_ir_2_subset_133,BloodPressure,localMax_BloodPressure,0.03447193,0.16639578,0.5621673
6179,xgb_shap_list_ir_2,xgb_shap_list_ir_2_subset_133,SkinThickness,localMax_SkinThickness,0.5952836,-0.2143079,0.7109396
6180,xgb_shap_list_ir_2,xgb_shap_list_ir_2_subset_133,Insulin,localMax_Insulin,0.006896049,0.04466842,-0.030876309
6181,xgb_shap_list_ir_2,xgb_shap_list_ir_2_subset_133,BMI,localMax_BMI,1.2094772,0.9349414,0.6604055
6182,xgb_shap_list_ir_2,xgb_shap_list_ir_2_subset_133,DiabetesPedigreeFunction,localMax_DiabetesPedigreeFunction,0.44621533,0.58398527,0.3084454
6183,xgb_shap_list_ir_2,xgb_shap_list_ir_2_subset_133,Age,localMax_Age,0.53400546,0.64716506,0.3076862
6184,xgb_shap_list_ir_3,xgb_shap_list_ir_3_subset_138,Pregnancies,localMax_Pregnancies,0.52327085,0.40530896,0.6412327
6185,xgb_shap_list_ir_3,xgb_shap_list_ir_3_subset_138,Glucose,localMax_Glucose,1.312952,1.0066948,1.9254668
6186,xgb_shap_list_ir_3,xgb_shap_list_ir_3_subset_138,BloodPressure,localMax_BloodPressure,0.22220647,0.116450876,0.010695279
6187,xgb_shap_list_ir_3,xgb_shap_list_ir_3_subset_138,SkinThickness,localMax_SkinThickness,0.31738514,0.21052158,0.4242487
6188,xgb_shap_list_ir_3,xgb_shap_list_ir_3_subset_138,Insulin,localMax_Insulin,-0.058188736,0.031227738,-0.14760523
6189,xgb_shap_list_ir_3,xgb_shap_list_ir_3_subset_138,BMI,localMax_BMI,0.07921618,1.3492236,0.9258877
6190,xgb_shap_list_ir_3,xgb_shap_list_ir_3_subset_138,DiabetesPedigreeFunction,localMax_DiabetesPedigreeFunction,0.41600752,0.60596204,0.22605294
6191,xgb_shap_list_ir_3,xgb_shap_list_ir_3_subset_138,Age,localMax_Age,-0.01970929,0.10177916,0.22326761
6192,xgb_shap_list_ir_3,xgb_shap_list_ir_3_subset_150,Pregnancies,localMax_Pregnancies,0.76847935,0.92674124,0.45195568
6193,xgb_shap_list_ir_3,xgb_shap_list_ir_3_subset_150,Glucose,localMax_Glucose,1.239579,1.7004232,0.7787347
6194,xgb_shap_list_ir_3,xgb_shap_list_ir_3_subset_150,BloodPressure,localMax_BloodPressure,0.63873476,0.114791274,0.21957994
6195,xgb_shap_list_ir_3,xgb_shap_list_ir_3_subset_150,SkinThickness,localMax_SkinThickness,0.20635602,0.13031796,0.28239408
6196,xgb_shap_list_ir_3,xgb_shap_list_ir_3_subset_150,Insulin,localMax_Insulin,-0.047636718,-0.09935167,0.0040782243
6197,xgb_shap_list_ir_3,xgb_shap_list_ir_3_subset_150,BMI,localMax_BMI,0.32493687,0.58449066,0.06538308
6198,xgb_shap_list_ir_3,xgb_shap_list_ir_3_subset_150,DiabetesPedigreeFunction,localMax_DiabetesPedigreeFunction,0.92312443,0.73254585,0.5419673
6199,xgb_shap_list_ir_3,xgb_shap_list_ir_3_subset_150,Age,localMax_Age,0.33130556,0.47808337,0.18452775
6200,xgb_shap_list_ir_5,xgb_shap_list_ir_5_subset_21,Pregnancies,localMax_Pregnancies,0.06964949,0.35236245,-0.024588138
6201,xgb_shap_list_ir_5,xgb_shap_list_ir_5_subset_21,Glucose,localMax_Glucose,0.30832744,1.9809535,0.72648406
6202,xgb_shap_list_ir_5,xgb_shap_list_ir_5_subset_21,BloodPressure,localMax_BloodPressure,0.0034024715,0.147856,0.5812165
6203,xgb_shap_list_ir_5,xgb_shap_list_ir_5_subset_21,SkinThickness,localMax_SkinThickness,0.06004995,0.2650457,-0.008281976
6204,xgb_shap_list_ir_5,xgb_shap_list_ir_5_subset_21,Insulin,localMax_Insulin,0.12950891,0.0021351874,0.25688267
6205,xgb_shap_list_ir_5,xgb_shap_list_ir_5_subset_21,BMI,localMax_BMI,0.42624247,0.76938725,0.083097816
6206,xgb_shap_list_ir_5,xgb_shap_list_ir_5_subset_21,DiabetesPedigreeFunction,localMax_DiabetesPedigreeFunction,0.2026158,0.034694374,-0.13322705
6207,xgb_shap_list_ir_5,xgb_shap_list_ir_5_subset_21,Age,localMax_Age,1.3823614,1.1685883,-0.32782304
6208,xgb_shap_list_ir_4,xgb_shap_list_ir_4_subset_26,Pregnancies,localMax_Pregnancies,0.485766,-0.11197582,-0.21159947
6209,xgb_shap_list_ir_4,xgb_shap_list_ir_4_subset_26,Glucose,localMax_Glucose,0.72210896,1.0578225,3.0721033
6210,xgb_shap_list_ir_4,xgb_shap_list_ir_4_subset_26,BloodPressure,localMax_BloodPressure,0.22631273,0.41145438,0.31888354
6211,xgb_shap_list_ir_4,xgb_shap_list_ir_4_subset_26,SkinThickness,localMax_SkinThickness,0.10892159,0.033245742,0.18459743
6212,xgb_shap_list_ir_4,xgb_shap_list_ir_4_subset_26,Insulin,localMax_Insulin,-0.07980038,-0.15432666,-0.005274117
6213,xgb_shap_list_ir_4,xgb_shap_list_ir_4_subset_26,BMI,localMax_BMI,0.42280412,0.19464958,1.3354222
6214,xgb_shap_list_ir_4,xgb_shap_list_ir_4_subset_26,DiabetesPedigreeFunction,localMax_DiabetesPedigreeFunction,0.9188589,-0.19322139,1.1042056
6215,xgb_shap_list_ir_4,xgb_shap_list_ir_4_subset_26,Age,localMax_Age,0.81763816,1.0230675,0.61220896
6216,xgb_shap_list_ir_3,xgb_shap_list_ir_3_subset_107,Pregnancies,localMax_Pregnancies,0.39705592,0.51077056,0.2833413
6217,xgb_shap_list_ir_3,xgb_shap_list_ir_3_subset_107,Glucose,localMax_Glucose,0.5687113,1.8714538,1.0029588
6218,xgb_shap_list_ir_3,xgb_shap_list_ir_3_subset_107,BloodPressure,localMax_BloodPressure,0.39898014,0.6595441,0.5292621
6219,xgb_shap_list_ir_3,xgb_shap_list_ir_3_subset_107,SkinThickness,localMax_SkinThickness,0.2951063,0.17770374,0.060301185
6220,xgb_shap_list_ir_3,xgb_shap_list_ir_3_subset_107,Insulin,localMax_Insulin,-0.23685774,-0.13672,-0.33699548
6221,xgb_shap_list_ir_3,xgb_shap_list_ir_3_subset_107,BMI,localMax_BMI,0.8088145,-0.06299466,0.5908622
6222,xgb_shap_list_ir_3,xgb_shap_list_ir_3_subset_107,DiabetesPedigreeFunction,localMax_DiabetesPedigreeFunction,0.09808278,0.33715224,0.45668697
6223,xgb_shap_list_ir_3,xgb_shap_list_ir_3_subset_107,Age,localMax_Age,1.0687666,1.4332972,-0.3893553
6224,xgb_shap_list_ir_4,xgb_shap_list_ir_4_subset_71,Pregnancies,localMax_Pregnancies,0.28167886,0.003519833,0.14259934
6225,xgb_shap_list_ir_4,xgb_shap_list_ir_4_subset_71,Glucose,localMax_Glucose,1.7181864,0.59223676,0.9675534
6226,xgb_shap_list_ir_4,xgb_shap_list_ir_4_subset_71,BloodPressure,localMax_BloodPressure,0.22489637,0.0867607,-0.051375
6227,xgb_shap_list_ir_4,xgb_shap_list_ir_4_subset_71,SkinThickness,localMax_SkinThickness,0.15312487,0.027129292,0.27912045
6228,xgb_shap_list_ir_4,xgb_shap_list_ir_4_subset_71,Insulin,localMax_Insulin,-0.33230466,-0.20925647,0.77512884
6229,xgb_shap_list_ir_4,xgb_shap_list_ir_4_subset_71,BMI,localMax_BMI,-0.3528217,0.22714722,-0.06283724
6230,xgb_shap_list_ir_4,xgb_shap_list_ir_4_subset_71,DiabetesPedigreeFunction,localMax_DiabetesPedigreeFunction,0.49538225,0.37140334,0.61936116
6231,xgb_shap_list_ir_4,xgb_shap_list_ir_4_subset_71,Age,localMax_Age,1.1752241,1.3857571,0.96469104
6232,xgb_shap_list_ir_5,xgb_shap_list_ir_5_subset_4,Pregnancies,localMax_Pregnancies,0.45727718,0.31493205,0.030241758
6233,xgb_shap_list_ir_5,xgb_shap_list_ir_5_subset_4,Glucose,localMax_Glucose,1.3412929,1.7217662,0.58034587
6234,xgb_shap_list_ir_5,xgb_shap_list_ir_5_subset_4,BloodPressure,localMax_BloodPressure,0.0028111935,-0.11485198,0.12047437
6235,xgb_shap_list_ir_5,xgb_shap_list_ir_5_subset_4,SkinThickness,localMax_SkinThickness,0.022235692,0.2063337,-0.06981331
6236,xgb_shap_list_ir_5,xgb_shap_list_ir_5_subset_4,Insulin,localMax_Insulin,-0.1624218,0.017309755,-0.07255602
6237,xgb_shap_list_ir_5,xgb_shap_list_ir_5_subset_4,BMI,localMax_BMI,0.12958264,0.46856332,-0.20939803
6238,xgb_shap_list_ir_5,xgb_shap_list_ir_5_subset_4,DiabetesPedigreeFunction,localMax_DiabetesPedigreeFunction,0.56162393,0.3474999,0.7757479
6239,xgb_shap_list_ir_5,xgb_shap_list_ir_5_subset_4,Age,localMax_Age,-0.071288645,0.5923324,0.3711254
6240,xgb_shap_list_ir_5,xgb_shap_list_ir_5_subset_107,Pregnancies,localMax_Pregnancies,0.10392207,-0.023639262,0.040141404
6241,xgb_shap_list_ir_5,xgb_shap_list_ir_5_subset_107,Glucose,localMax_Glucose,0.23348558,0.6421639,1.4595208
6242,xgb_shap_list_ir_5,xgb_shap_list_ir_5_subset_107,BloodPressure,localMax_BloodPressure,0.15294111,-0.08044243,0.38632464
6243,xgb_shap_list_ir_5,xgb_shap_list_ir_5_subset_107,SkinThickness,localMax_SkinThickness,0.26428744,0.18053892,0.0967904
6244,xgb_shap_list_ir_5,xgb_shap_list_ir_5_subset_107,Insulin,localMax_Insulin,-0.030303746,-0.104908094,0.044300586
6245,xgb_shap_list_ir_5,xgb_shap_list_ir_5_subset_107,BMI,localMax_BMI,0.38820374,0.13329947,1.917629
6246,xgb_shap_list_ir_5,xgb_shap_list_ir_5_subset_107,DiabetesPedigreeFunction,localMax_DiabetesPedigreeFunction,0.5914687,0.76143503,0.9314014
6247,xgb_shap_list_ir_5,xgb_shap_list_ir_5_subset_107,Age,localMax_Age,1.9744242,-0.78424597,1.0548675
6248,xgb_shap_list_ir_1,xgb_shap_list_ir_1_subset_136,Pregnancies,localMax_Pregnancies,0.03985536,0.10979606,-0.012600169
6249,xgb_shap_list_ir_1,xgb_shap_list_ir_1_subset_136,Glucose,localMax_Glucose,1.1577107,0.8701432,1.4452782
6250,xgb_shap_list_ir_1,xgb_shap_list_ir_1_subset_136,BloodPressure,localMax_BloodPressure,0.3652212,0.4815197,-0.5651666
6251,xgb_shap_list_ir_1,xgb_shap_list_ir_1_subset_136,SkinThickness,localMax_SkinThickness,0.36121356,0.48490232,-0.5046079
6252,xgb_shap_list_ir_1,xgb_shap_list_ir_1_subset_136,Insulin,localMax_Insulin,0.30935562,0.49497163,0.1237396
6253,xgb_shap_list_ir_1,xgb_shap_list_ir_1_subset_136,BMI,localMax_BMI,0.57053125,0.3988698,0.22720832
6254,xgb_shap_list_ir_1,xgb_shap_list_ir_1_subset_136,DiabetesPedigreeFunction,localMax_DiabetesPedigreeFunction,0.66996765,0.33474958,0.44648892
6255,xgb_shap_list_ir_1,xgb_shap_list_ir_1_subset_136,Age,localMax_Age,1.0462985,1.2158673,0.8767297
6256,xgb_shap_list_ir_2,xgb_shap_list_ir_2_subset_75,Pregnancies,localMax_Pregnancies,0.45322728,0.66402566,0.2424289
6257,xgb_shap_list_ir_2,xgb_shap_list_ir_2_subset_75,Glucose,localMax_Glucose,0.7440429,1.0041952,0.48389053
6258,xgb_shap_list_ir_2,xgb_shap_list_ir_2_subset_75,BloodPressure,localMax_BloodPressure,-0.27507254,0.05480671,0.21974635
6259,xgb_shap_list_ir_2,xgb_shap_list_ir_2_subset_75,SkinThickness,localMax_SkinThickness,0.33621562,0.47068393,0.20174736
6260,xgb_shap_list_ir_2,xgb_shap_list_ir_2_subset_75,Insulin,localMax_Insulin,-0.07117462,0.33079678,0.029318243
6261,xgb_shap_list_ir_2,xgb_shap_list_ir_2_subset_75,BMI,localMax_BMI,0.30328196,0.5132442,0.093319714
6262,xgb_shap_list_ir_2,xgb_shap_list_ir_2_subset_75,DiabetesPedigreeFunction,localMax_DiabetesPedigreeFunction,0.7667651,0.6020858,0.9314443
6263,xgb_shap_list_ir_2,xgb_shap_list_ir_2_subset_75,Age,localMax_Age,-0.40596002,-0.24047822,-0.07499644
6264,xgb_shap_list_ir_4,xgb_shap_list_ir_4_subset_124,Pregnancies,localMax_Pregnancies,0.55002666,0.35905886,0.74099445
6265,xgb_shap_list_ir_4,xgb_shap_list_ir_4_subset_124,Glucose,localMax_Glucose,0.51860595,0.9583156,2.277445
6266,xgb_shap_list_ir_4,xgb_shap_list_ir_4_subset_124,BloodPressure,localMax_BloodPressure,0.23051071,0.09449631,0.3665251
6267,xgb_shap_list_ir_4,xgb_shap_list_ir_4_subset_124,SkinThickness,localMax_SkinThickness,0.3905899,0.284926,0.60191756
6268,xgb_shap_list_ir_4,xgb_shap_list_ir_4_subset_124,Insulin,localMax_Insulin,0.117871344,0.02150911,-0.07485312
6269,xgb_shap_list_ir_4,xgb_shap_list_ir_4_subset_124,BMI,localMax_BMI,0.18159896,0.42659414,-0.063396275
6270,xgb_shap_list_ir_4,xgb_shap_list_ir_4_subset_124,DiabetesPedigreeFunction,localMax_DiabetesPedigreeFunction,0.12680787,0.4831615,0.3049847
6271,xgb_shap_list_ir_4,xgb_shap_list_ir_4_subset_124,Age,localMax_Age,0.5429341,0.7079459,0.21291071
6272,xgb_shap_list_ir_3,xgb_shap_list_ir_3_subset_70,Pregnancies,localMax_Pregnancies,0.63275135,0.46654785,-0.03206289
6273,xgb_shap_list_ir_3,xgb_shap_list_ir_3_subset_70,Glucose,localMax_Glucose,0.4552641,0.13539791,2.054595
6274,xgb_shap_list_ir_3,xgb_shap_list_ir_3_subset_70,BloodPressure,localMax_BloodPressure,0.19466919,0.0022933185,0.09848124
6275,xgb_shap_list_ir_3,xgb_shap_list_ir_3_subset_70,SkinThickness,localMax_SkinThickness,0.3538199,0.24066597,0.12751201
6276,xgb_shap_list_ir_3,xgb_shap_list_ir_3_subset_70,Insulin,localMax_Insulin,0.37079233,0.20326358,0.035734832
6277,xgb_shap_list_ir_3,xgb_shap_list_ir_3_subset_70,BMI,localMax_BMI,0.06074348,-0.09320572,0.3686418
6278,xgb_shap_list_ir_3,xgb_shap_list_ir_3_subset_70,DiabetesPedigreeFunction,localMax_DiabetesPedigreeFunction,0.8083283,0.6150725,0.4218167
6279,xgb_shap_list_ir_3,xgb_shap_list_ir_3_subset_70,Age,localMax_Age,0.66895115,0.4908136,0.31267607
6280,xgb_shap_list_ir_1,xgb_shap_list_ir_1_subset_40,Pregnancies,localMax_Pregnancies,0.8749219,0.7069627,0.5390035
6281,xgb_shap_list_ir_1,xgb_shap_list_ir_1_subset_40,Glucose,localMax_Glucose,1.9406276,1.5999146,2.2813406
6282,xgb_shap_list_ir_1,xgb_shap_list_ir_1_subset_40,BloodPressure,localMax_BloodPressure,0.2550835,1.0074041,0.40554762
6283,xgb_shap_list_ir_1,xgb_shap_list_ir_1_subset_40,SkinThickness,localMax_SkinThickness,-0.0566822,-0.0076003373,0.09056339
6284,xgb_shap_list_ir_1,xgb_shap_list_ir_1_subset_40,Insulin,localMax_Insulin,-0.017692298,0.093312874,0.05631116
6285,xgb_shap_list_ir_1,xgb_shap_list_ir_1_subset_40,BMI,localMax_BMI,0.65406376,0.7610609,0.012080967
6286,xgb_shap_list_ir_1,xgb_shap_list_ir_1_subset_40,DiabetesPedigreeFunction,localMax_DiabetesPedigreeFunction,0.57301486,0.44209915,0.70393056
6287,xgb_shap_list_ir_1,xgb_shap_list_ir_1_subset_40,Age,localMax_Age,0.078737676,0.0062609315,-0.06621581
6288,xgb_shap_list_ir_3,xgb_shap_list_ir_3_subset_73,Pregnancies,localMax_Pregnancies,0.4862846,0.57428294,0.6622812
6289,xgb_shap_list_ir_3,xgb_shap_list_ir_3_subset_73,Glucose,localMax_Glucose,0.81175244,0.47638273,1.1471223
6290,xgb_shap_list_ir_3,xgb_shap_list_ir_3_subset_73,BloodPressure,localMax_BloodPressure,0.19142711,0.50478923,0.34810817
6291,xgb_shap_list_ir_3,xgb_shap_list_ir_3_subset_73,SkinThickness,localMax_SkinThickness,0.15551889,0.24975342,-0.032950044
6292,xgb_shap_list_ir_3,xgb_shap_list_ir_3_subset_73,Insulin,localMax_Insulin,-0.041261435,-0.121041566,0.35763913
6293,xgb_shap_list_ir_3,xgb_shap_list_ir_3_subset_73,BMI,localMax_BMI,1.5144238,1.2806431,1.9819856
6294,xgb_shap_list_ir_3,xgb_shap_list_ir_3_subset_73,DiabetesPedigreeFunction,localMax_DiabetesPedigreeFunction,0.78299445,0.06353319,0.96285975
6295,xgb_shap_list_ir_3,xgb_shap_list_ir_3_subset_73,Age,localMax_Age,0.3864786,0.5671945,0.20576274
6296,xgb_shap_list_ir_4,xgb_shap_list_ir_4_subset_129,Pregnancies,localMax_Pregnancies,0.07834333,0.18305713,0.39248472
6297,xgb_shap_list_ir_4,xgb_shap_list_ir_4_subset_129,Glucose,localMax_Glucose,1.3219659,2.511753,2.9083488
6298,xgb_shap_list_ir_4,xgb_shap_list_ir_4_subset_129,BloodPressure,localMax_BloodPressure,0.13627726,-0.010039866,0.28259438
6299,xgb_shap_list_ir_4,xgb_shap_list_ir_4_subset_129,SkinThickness,localMax_SkinThickness,0.17872772,0.11660054,0.24085489
6300,xgb_shap_list_ir_4,xgb_shap_list_ir_4_subset_129,Insulin,localMax_Insulin,0.3051979,0.12666303,0.48373282
6301,xgb_shap_list_ir_4,xgb_shap_list_ir_4_subset_129,BMI,localMax_BMI,-0.18437654,1.0133295,0.84222865
6302,xgb_shap_list_ir_4,xgb_shap_list_ir_4_subset_129,DiabetesPedigreeFunction,localMax_DiabetesPedigreeFunction,0.52556884,0.31749016,0.73364747
6303,xgb_shap_list_ir_4,xgb_shap_list_ir_4_subset_129,Age,localMax_Age,1.6404905,1.4193183,0.75580144
6304,xgb_shap_list_ir_5,xgb_shap_list_ir_5_subset_157,Pregnancies,localMax_Pregnancies,0.32188374,0.15936774,0.4843998
6305,xgb_shap_list_ir_5,xgb_shap_list_ir_5_subset_157,Glucose,localMax_Glucose,1.9721849,2.2979999,1.6463702
6306,xgb_shap_list_ir_5,xgb_shap_list_ir_5_subset_157,BloodPressure,localMax_BloodPressure,0.35125595,0.17126673,0.53124523
6307,xgb_shap_list_ir_5,xgb_shap_list_ir_5_subset_157,SkinThickness,localMax_SkinThickness,0.19262314,0.39847332,0.08969805
6308,xgb_shap_list_ir_5,xgb_shap_list_ir_5_subset_157,Insulin,localMax_Insulin,0.096581936,0.2523961,-0.059232235
6309,xgb_shap_list_ir_5,xgb_shap_list_ir_5_subset_157,BMI,localMax_BMI,-0.091463745,-0.33136654,0.14843905
6310,xgb_shap_list_ir_5,xgb_shap_list_ir_5_subset_157,DiabetesPedigreeFunction,localMax_DiabetesPedigreeFunction,0.25290906,0.42254984,0.083268285
6311,xgb_shap_list_ir_5,xgb_shap_list_ir_5_subset_157,Age,localMax_Age,0.6587393,0.84311724,0.28998345
6312,xgb_shap_list_ir_1,xgb_shap_list_ir_1_subset_62,Pregnancies,localMax_Pregnancies,0.7531754,-0.61834985,0.89032793
6313,xgb_shap_list_ir_1,xgb_shap_list_ir_1_subset_62,Glucose,localMax_Glucose,1.4247063,1.2086235,0.9925406
6314,xgb_shap_list_ir_1,xgb_shap_list_ir_1_subset_62,BloodPressure,localMax_BloodPressure,-0.27114606,-0.123923495,0.023299068
6315,xgb_shap_list_ir_1,xgb_shap_list_ir_1_subset_62,SkinThickness,localMax_SkinThickness,-0.07231155,-0.23811947,-0.1552155
6316,xgb_shap_list_ir_1,xgb_shap_list_ir_1_subset_62,Insulin,localMax_Insulin,0.3637814,0.26326507,-0.1388002
6317,xgb_shap_list_ir_1,xgb_shap_list_ir_1_subset_62,BMI,localMax_BMI,1.1740192,1.4695573,1.3217883
6318,xgb_shap_list_ir_1,xgb_shap_list_ir_1_subset_62,DiabetesPedigreeFunction,localMax_DiabetesPedigreeFunction,0.7097126,0.8940797,0.52534556
6319,xgb_shap_list_ir_1,xgb_shap_list_ir_1_subset_62,Age,localMax_Age,0.07595509,0.9838489,1.3470063
6320,xgb_shap_list_ir_5,xgb_shap_list_ir_5_subset_64,Pregnancies,localMax_Pregnancies,0.44065583,0.22131288,0.6599988
6321,xgb_shap_list_ir_5,xgb_shap_list_ir_5_subset_64,Glucose,localMax_Glucose,1.3679676,0.9547055,3.0210164
6322,xgb_shap_list_ir_5,xgb_shap_list_ir_5_subset_64,BloodPressure,localMax_BloodPressure,0.06989062,-0.014941543,-0.099773705
6323,xgb_shap_list_ir_5,xgb_shap_list_ir_5_subset_64,SkinThickness,localMax_SkinThickness,0.06564635,0.13322118,-0.0019285083
6324,xgb_shap_list_ir_5,xgb_shap_list_ir_5_subset_64,Insulin,localMax_Insulin,0.051570147,-0.042259187,0.14539948
6325,xgb_shap_list_ir_5,xgb_shap_list_ir_5_subset_64,BMI,localMax_BMI,0.28063768,0.5084425,0.0528329
6326,xgb_shap_list_ir_5,xgb_shap_list_ir_5_subset_64,DiabetesPedigreeFunction,localMax_DiabetesPedigreeFunction,0.2788182,0.46157575,0.09606069
6327,xgb_shap_list_ir_5,xgb_shap_list_ir_5_subset_64,Age,localMax_Age,-0.014085412,0.17783439,1.1374335
6328,xgb_shap_list_ir_3,xgb_shap_list_ir_3_subset_100,Pregnancies,localMax_Pregnancies,0.20336616,0.3338865,0.07284582
6329,xgb_shap_list_ir_3,xgb_shap_list_ir_3_subset_100,Glucose,localMax_Glucose,1.5167627,1.1605809,1.8729446
6330,xgb_shap_list_ir_3,xgb_shap_list_ir_3_subset_100,BloodPressure,localMax_BloodPressure,0.08610088,0.21009263,0.14809674
6331,xgb_shap_list_ir_3,xgb_shap_list_ir_3_subset_100,SkinThickness,localMax_SkinThickness,0.25674963,0.33790514,0.09443864
6332,xgb_shap_list_ir_3,xgb_shap_list_ir_3_subset_100,Insulin,localMax_Insulin,0.31683323,0.3988433,-0.093217015
6333,xgb_shap_list_ir_3,xgb_shap_list_ir_3_subset_100,BMI,localMax_BMI,1.7173946,2.2257755,1.971585
6334,xgb_shap_list_ir_3,xgb_shap_list_ir_3_subset_100,DiabetesPedigreeFunction,localMax_DiabetesPedigreeFunction,0.3586688,0.20508456,0.5122531
6335,xgb_shap_list_ir_3,xgb_shap_list_ir_3_subset_100,Age,localMax_Age,-0.250467,-0.059440017,0.89569485
6336,xgb_shap_list_ir_4,xgb_shap_list_ir_4_subset_122,Pregnancies,localMax_Pregnancies,0.5714312,0.3936264,0.7492361
6337,xgb_shap_list_ir_4,xgb_shap_list_ir_4_subset_122,Glucose,localMax_Glucose,0.820323,0.45074558,1.9290547
6338,xgb_shap_list_ir_4,xgb_shap_list_ir_4_subset_122,BloodPressure,localMax_BloodPressure,-0.2311476,0.3047508,-0.14183119
6339,xgb_shap_list_ir_4,xgb_shap_list_ir_4_subset_122,SkinThickness,localMax_SkinThickness,0.13263667,0.25391352,0.011359811
6340,xgb_shap_list_ir_4,xgb_shap_list_ir_4_subset_122,Insulin,localMax_Insulin,-0.09418371,-3.0994415e-05,0.094121724
6341,xgb_shap_list_ir_4,xgb_shap_list_ir_4_subset_122,BMI,localMax_BMI,0.008495629,2.5275524,-0.30638653
6342,xgb_shap_list_ir_4,xgb_shap_list_ir_4_subset_122,DiabetesPedigreeFunction,localMax_DiabetesPedigreeFunction,0.5290935,0.11266655,0.32088
6343,xgb_shap_list_ir_4,xgb_shap_list_ir_4_subset_122,Age,localMax_Age,0.16345912,-0.03416401,0.95395184
6344,xgb_shap_list_ir_2,xgb_shap_list_ir_2_subset_53,Pregnancies,localMax_Pregnancies,1.4715985,1.2788856,1.0861726
6345,xgb_shap_list_ir_2,xgb_shap_list_ir_2_subset_53,Glucose,localMax_Glucose,2.6931624,0.036455393,3.025251
6346,xgb_shap_list_ir_2,xgb_shap_list_ir_2_subset_53,BloodPressure,localMax_BloodPressure,0.28701752,0.14257926,-0.14629728
6347,xgb_shap_list_ir_2,xgb_shap_list_ir_2_subset_53,SkinThickness,localMax_SkinThickness,0.030364633,0.067255914,0.104147196
6348,xgb_shap_list_ir_2,xgb_shap_list_ir_2_subset_53,Insulin,localMax_Insulin,-0.10083121,0.0070225596,0.11487636
6349,xgb_shap_list_ir_2,xgb_shap_list_ir_2_subset_53,BMI,localMax_BMI,0.28230584,0.4044553,0.5266048
6350,xgb_shap_list_ir_2,xgb_shap_list_ir_2_subset_53,DiabetesPedigreeFunction,localMax_DiabetesPedigreeFunction,0.93450665,1.1370182,0.1244607
6351,xgb_shap_list_ir_2,xgb_shap_list_ir_2_subset_53,Age,localMax_Age,-0.048805833,-0.18772578,0.09011412
6352,xgb_shap_list_ir_5,xgb_shap_list_ir_5_subset_148,Pregnancies,localMax_Pregnancies,0.5959703,0.25974697,0.76408184
6353,xgb_shap_list_ir_5,xgb_shap_list_ir_5_subset_148,Glucose,localMax_Glucose,0.13044298,0.47204554,2.5216608
6354,xgb_shap_list_ir_5,xgb_shap_list_ir_5_subset_148,BloodPressure,localMax_BloodPressure,0.27434164,0.13752699,0.0007123947
6355,xgb_shap_list_ir_5,xgb_shap_list_ir_5_subset_148,SkinThickness,localMax_SkinThickness,0.42864174,0.32506704,0.0143429935
6356,xgb_shap_list_ir_5,xgb_shap_list_ir_5_subset_148,Insulin,localMax_Insulin,0.15939817,-0.026441127,-0.119360775
6357,xgb_shap_list_ir_5,xgb_shap_list_ir_5_subset_148,BMI,localMax_BMI,-0.121935904,0.6692599,0.141796
6358,xgb_shap_list_ir_5,xgb_shap_list_ir_5_subset_148,DiabetesPedigreeFunction,localMax_DiabetesPedigreeFunction,0.16464472,-0.0136742,-0.19199309
6359,xgb_shap_list_ir_5,xgb_shap_list_ir_5_subset_148,Age,localMax_Age,0.6195012,0.48073453,0.7582678
6360,xgb_shap_list_ir_5,xgb_shap_list_ir_5_subset_46,Pregnancies,localMax_Pregnancies,0.085005134,0.024775714,0.14523456
6361,xgb_shap_list_ir_5,xgb_shap_list_ir_5_subset_46,Glucose,localMax_Glucose,1.1894829,2.3869352,0.7903323
6362,xgb_shap_list_ir_5,xgb_shap_list_ir_5_subset_46,BloodPressure,localMax_BloodPressure,0.15068507,0.3235218,0.49635845
6363,xgb_shap_list_ir_5,xgb_shap_list_ir_5_subset_46,SkinThickness,localMax_SkinThickness,0.14426684,0.26323202,0.08478421
6364,xgb_shap_list_ir_5,xgb_shap_list_ir_5_subset_46,Insulin,localMax_Insulin,-0.20036265,0.30329442,-0.07444835
6365,xgb_shap_list_ir_5,xgb_shap_list_ir_5_subset_46,BMI,localMax_BMI,0.22581887,0.5398673,1.1679641
6366,xgb_shap_list_ir_5,xgb_shap_list_ir_5_subset_46,DiabetesPedigreeFunction,localMax_DiabetesPedigreeFunction,-0.1658954,0.5139235,0.6838783
6367,xgb_shap_list_ir_5,xgb_shap_list_ir_5_subset_46,Age,localMax_Age,0.7452262,0.9213499,0.3929788
6368,xgb_shap_list_ir_5,xgb_shap_list_ir_5_subset_88,Pregnancies,localMax_Pregnancies,0.5311001,-0.013325751,-0.33998126
6369,xgb_shap_list_ir_5,xgb_shap_list_ir_5_subset_88,Glucose,localMax_Glucose,1.4319446,1.8403947,1.0234945
6370,xgb_shap_list_ir_5,xgb_shap_list_ir_5_subset_88,BloodPressure,localMax_BloodPressure,0.47712988,0.2153992,0.08453387
6371,xgb_shap_list_ir_5,xgb_shap_list_ir_5_subset_88,SkinThickness,localMax_SkinThickness,0.31297353,0.40080398,0.4886344
6372,xgb_shap_list_ir_5,xgb_shap_list_ir_5_subset_88,Insulin,localMax_Insulin,-0.18570983,-0.06643334,0.5299492
6373,xgb_shap_list_ir_5,xgb_shap_list_ir_5_subset_88,BMI,localMax_BMI,-0.19801211,0.045422852,1.2625976
6374,xgb_shap_list_ir_5,xgb_shap_list_ir_5_subset_88,DiabetesPedigreeFunction,localMax_DiabetesPedigreeFunction,0.6797483,0.48097134,0.28219444
6375,xgb_shap_list_ir_5,xgb_shap_list_ir_5_subset_88,Age,localMax_Age,0.12272447,0.3437993,0.012187064
6376,xgb_shap_list_ir_3,xgb_shap_list_ir_3_subset_5,Pregnancies,localMax_Pregnancies,0.29003757,0.39736444,0.1827107
6377,xgb_shap_list_ir_3,xgb_shap_list_ir_3_subset_5,Glucose,localMax_Glucose,1.4919953,0.8027128,1.8366365
6378,xgb_shap_list_ir_3,xgb_shap_list_ir_3_subset_5,BloodPressure,localMax_BloodPressure,0.2696768,-0.27043283,-0.40546024
6379,xgb_shap_list_ir_3,xgb_shap_list_ir_3_subset_5,SkinThickness,localMax_SkinThickness,0.6254363,0.793802,0.45707053
6380,xgb_shap_list_ir_3,xgb_shap_list_ir_3_subset_5,Insulin,localMax_Insulin,-0.13434035,0.18843555,0.027047634
6381,xgb_shap_list_ir_3,xgb_shap_list_ir_3_subset_5,BMI,localMax_BMI,0.2734313,0.7376518,0.50554156
6382,xgb_shap_list_ir_3,xgb_shap_list_ir_3_subset_5,DiabetesPedigreeFunction,localMax_DiabetesPedigreeFunction,0.7663614,-0.10776514,0.5915361
6383,xgb_shap_list_ir_3,xgb_shap_list_ir_3_subset_5,Age,localMax_Age,1.3782206,1.1973983,1.5590427
6384,xgb_shap_list_ir_2,xgb_shap_list_ir_2_subset_74,Pregnancies,localMax_Pregnancies,0.23678741,0.38945597,0.46579027
6385,xgb_shap_list_ir_2,xgb_shap_list_ir_2_subset_74,Glucose,localMax_Glucose,1.1030059,0.7874142,1.4185975
6386,xgb_shap_list_ir_2,xgb_shap_list_ir_2_subset_74,BloodPressure,localMax_BloodPressure,-0.11221063,0.21703559,0.38165867
6387,xgb_shap_list_ir_2,xgb_shap_list_ir_2_subset_74,SkinThickness,localMax_SkinThickness,0.20734662,0.11588779,-0.24994749
6388,xgb_shap_list_ir_2,xgb_shap_list_ir_2_subset_74,Insulin,localMax_Insulin,0.27352518,0.42671734,0.12033296
6389,xgb_shap_list_ir_2,xgb_shap_list_ir_2_subset_74,BMI,localMax_BMI,0.121323586,-0.09401822,0.3366654
6390,xgb_shap_list_ir_2,xgb_shap_list_ir_2_subset_74,DiabetesPedigreeFunction,localMax_DiabetesPedigreeFunction,0.23166263,0.5746724,0.40316755
6391,xgb_shap_list_ir_2,xgb_shap_list_ir_2_subset_74,Age,localMax_Age,-0.19332278,-0.37347448,-0.013171077
6392,xgb_shap_list_ir_5,xgb_shap_list_ir_5_subset_101,Pregnancies,localMax_Pregnancies,0.14181879,0.20509338,0.015269667
6393,xgb_shap_list_ir_5,xgb_shap_list_ir_5_subset_101,Glucose,localMax_Glucose,1.0655955,0.6807724,0.29594922
6394,xgb_shap_list_ir_5,xgb_shap_list_ir_5_subset_101,BloodPressure,localMax_BloodPressure,-0.12360397,0.09603551,-0.01378423
6395,xgb_shap_list_ir_5,xgb_shap_list_ir_5_subset_101,SkinThickness,localMax_SkinThickness,0.046969146,0.1372334,0.31776202
6396,xgb_shap_list_ir_5,xgb_shap_list_ir_5_subset_101,Insulin,localMax_Insulin,-0.12056181,-0.21813968,0.36732757
6397,xgb_shap_list_ir_5,xgb_shap_list_ir_5_subset_101,BMI,localMax_BMI,0.28882194,0.034849167,0.5427947
6398,xgb_shap_list_ir_5,xgb_shap_list_ir_5_subset_101,DiabetesPedigreeFunction,localMax_DiabetesPedigreeFunction,0.807915,0.6136675,0.41941994
6399,xgb_shap_list_ir_5,xgb_shap_list_ir_5_subset_101,Age,localMax_Age,1.1779927,-0.40163732,1.4036541
