,index,shapMean,shapStd,shapSum,subset,imbalance_ratio
0,Pregnancies,0.36537865,0.2579539,186.34311,xgb_shap_list_ir_5_subset_85,xgb_shap_list_ir_5
1,Glucose,1.4469098,1.0160398,737.924,xgb_shap_list_ir_5_subset_85,xgb_shap_list_ir_5
2,BloodPressure,0.30397302,0.21516508,155.02625,xgb_shap_list_ir_5_subset_85,xgb_shap_list_ir_5
3,SkinThickness,0.28052333,0.23256595,143.0669,xgb_shap_list_ir_5_subset_85,xgb_shap_list_ir_5
4,Insulin,0.17374277,0.15908314,88.60881,xgb_shap_list_ir_5_subset_85,xgb_shap_list_ir_5
5,BMI,1.0139639,0.78764856,517.1216,xgb_shap_list_ir_5_subset_85,xgb_shap_list_ir_5
6,DiabetesPedigreeFunction,0.51877815,0.3662674,264.57684,xgb_shap_list_ir_5_subset_85,xgb_shap_list_ir_5
7,Age,0.50201225,0.3638123,256.02625,xgb_shap_list_ir_5_subset_85,xgb_shap_list_ir_5
8,Pregnancies,0.4961799,0.29820865,253.05176,xgb_shap_list_ir_2_subset_79,xgb_shap_list_ir_2
9,Glucose,1.4375539,0.9563323,733.15247,xgb_shap_list_ir_2_subset_79,xgb_shap_list_ir_2
10,BloodPressure,0.20803085,0.20007774,106.09573,xgb_shap_list_ir_2_subset_79,xgb_shap_list_ir_2
11,SkinThickness,0.16135256,0.13193394,82.2898,xgb_shap_list_ir_2_subset_79,xgb_shap_list_ir_2
12,Insulin,0.16075815,0.100200504,81.98666,xgb_shap_list_ir_2_subset_79,xgb_shap_list_ir_2
13,BMI,0.85530007,0.82255423,436.20303,xgb_shap_list_ir_2_subset_79,xgb_shap_list_ir_2
14,DiabetesPedigreeFunction,0.4846609,0.31432942,247.17706,xgb_shap_list_ir_2_subset_79,xgb_shap_list_ir_2
15,Age,0.6087964,0.35382938,310.48618,xgb_shap_list_ir_2_subset_79,xgb_shap_list_ir_2
16,Pregnancies,0.4439399,0.21325228,226.40935,xgb_shap_list_ir_1_subset_143,xgb_shap_list_ir_1
17,Glucose,1.3159039,0.70206976,671.11096,xgb_shap_list_ir_1_subset_143,xgb_shap_list_ir_1
18,BloodPressure,0.46317098,0.13606165,236.2172,xgb_shap_list_ir_1_subset_143,xgb_shap_list_ir_1
19,SkinThickness,0.7468299,0.23743267,380.88327,xgb_shap_list_ir_1_subset_143,xgb_shap_list_ir_1
20,Insulin,0.111359894,0.0987963,56.793545,xgb_shap_list_ir_1_subset_143,xgb_shap_list_ir_1
21,BMI,0.20073104,0.12967494,102.37283,xgb_shap_list_ir_1_subset_143,xgb_shap_list_ir_1
22,DiabetesPedigreeFunction,0.46628517,0.3751372,237.80544,xgb_shap_list_ir_1_subset_143,xgb_shap_list_ir_1
23,Age,0.76272917,0.3087112,388.99188,xgb_shap_list_ir_1_subset_143,xgb_shap_list_ir_1
24,Pregnancies,0.6640644,0.3889866,338.67285,xgb_shap_list_ir_3_subset_50,xgb_shap_list_ir_3
25,Glucose,1.31936,1.056207,672.8736,xgb_shap_list_ir_3_subset_50,xgb_shap_list_ir_3
26,BloodPressure,0.45066366,0.3094971,229.83847,xgb_shap_list_ir_3_subset_50,xgb_shap_list_ir_3
27,SkinThickness,0.31182122,0.20669764,159.02882,xgb_shap_list_ir_3_subset_50,xgb_shap_list_ir_3
28,Insulin,0.27506688,0.23109366,140.2841,xgb_shap_list_ir_3_subset_50,xgb_shap_list_ir_3
29,BMI,1.178508,0.9444188,601.0391,xgb_shap_list_ir_3_subset_50,xgb_shap_list_ir_3
30,DiabetesPedigreeFunction,0.38095486,0.28654182,194.28697,xgb_shap_list_ir_3_subset_50,xgb_shap_list_ir_3
31,Age,0.37643278,0.3201441,191.98071,xgb_shap_list_ir_3_subset_50,xgb_shap_list_ir_3
32,Pregnancies,0.8419946,0.34665653,429.41724,xgb_shap_list_ir_1_subset_65,xgb_shap_list_ir_1
33,Glucose,1.068248,0.582694,544.8065,xgb_shap_list_ir_1_subset_65,xgb_shap_list_ir_1
34,BloodPressure,0.63551885,0.5129818,324.11462,xgb_shap_list_ir_1_subset_65,xgb_shap_list_ir_1
35,SkinThickness,0.1615947,0.12510194,82.4133,xgb_shap_list_ir_1_subset_65,xgb_shap_list_ir_1
36,Insulin,0.11638891,0.12692684,59.358345,xgb_shap_list_ir_1_subset_65,xgb_shap_list_ir_1
37,BMI,0.7426451,0.5986993,378.749,xgb_shap_list_ir_1_subset_65,xgb_shap_list_ir_1
38,DiabetesPedigreeFunction,0.4457439,0.32352892,227.32938,xgb_shap_list_ir_1_subset_65,xgb_shap_list_ir_1
39,Age,0.59772795,0.35556874,304.84125,xgb_shap_list_ir_1_subset_65,xgb_shap_list_ir_1
40,Pregnancies,0.35675845,0.2469118,181.94681,xgb_shap_list_ir_3_subset_19,xgb_shap_list_ir_3
41,Glucose,1.2586768,0.73022413,641.9252,xgb_shap_list_ir_3_subset_19,xgb_shap_list_ir_3
42,BloodPressure,0.5093062,0.2899756,259.74615,xgb_shap_list_ir_3_subset_19,xgb_shap_list_ir_3
43,SkinThickness,0.21922776,0.19171888,111.80616,xgb_shap_list_ir_3_subset_19,xgb_shap_list_ir_3
44,Insulin,0.27477664,0.19078341,140.13608,xgb_shap_list_ir_3_subset_19,xgb_shap_list_ir_3
45,BMI,1.051697,0.9750096,536.3655,xgb_shap_list_ir_3_subset_19,xgb_shap_list_ir_3
46,DiabetesPedigreeFunction,0.6048521,0.37065554,308.47455,xgb_shap_list_ir_3_subset_19,xgb_shap_list_ir_3
47,Age,0.4529587,0.29361215,231.00894,xgb_shap_list_ir_3_subset_19,xgb_shap_list_ir_3
48,Pregnancies,0.3148437,0.21210039,160.5703,xgb_shap_list_ir_1_subset_133,xgb_shap_list_ir_1
49,Glucose,1.1565708,0.48861465,589.8511,xgb_shap_list_ir_1_subset_133,xgb_shap_list_ir_1
50,BloodPressure,0.033044193,0.023786511,16.85254,xgb_shap_list_ir_1_subset_133,xgb_shap_list_ir_1
51,SkinThickness,0.36301193,0.17960054,185.13608,xgb_shap_list_ir_1_subset_133,xgb_shap_list_ir_1
52,Insulin,0.8321069,0.25658858,424.3745,xgb_shap_list_ir_1_subset_133,xgb_shap_list_ir_1
53,BMI,0.56367606,0.34426996,287.4748,xgb_shap_list_ir_1_subset_133,xgb_shap_list_ir_1
54,DiabetesPedigreeFunction,0.5805508,0.20301954,296.0809,xgb_shap_list_ir_1_subset_133,xgb_shap_list_ir_1
55,Age,0.78235483,0.3693803,399.00098,xgb_shap_list_ir_1_subset_133,xgb_shap_list_ir_1
56,Pregnancies,0.23579814,0.13436177,120.25705,xgb_shap_list_ir_1_subset_15,xgb_shap_list_ir_1
57,Glucose,1.1514592,0.4474437,587.2442,xgb_shap_list_ir_1_subset_15,xgb_shap_list_ir_1
58,BloodPressure,0.30453253,0.26416612,155.31158,xgb_shap_list_ir_1_subset_15,xgb_shap_list_ir_1
59,SkinThickness,0.6020321,0.26816243,307.03638,xgb_shap_list_ir_1_subset_15,xgb_shap_list_ir_1
60,Insulin,0.27253622,0.17449261,138.99347,xgb_shap_list_ir_1_subset_15,xgb_shap_list_ir_1
61,BMI,0.69086033,0.4246138,352.33878,xgb_shap_list_ir_1_subset_15,xgb_shap_list_ir_1
62,DiabetesPedigreeFunction,0.26666948,0.23002166,136.00143,xgb_shap_list_ir_1_subset_15,xgb_shap_list_ir_1
63,Age,0.5253973,0.39315704,267.95264,xgb_shap_list_ir_1_subset_15,xgb_shap_list_ir_1
64,Pregnancies,0.28183892,0.18761232,143.73785,xgb_shap_list_ir_3_subset_67,xgb_shap_list_ir_3
65,Glucose,1.2163534,0.8094792,620.3403,xgb_shap_list_ir_3_subset_67,xgb_shap_list_ir_3
66,BloodPressure,0.43588144,0.3089496,222.29953,xgb_shap_list_ir_3_subset_67,xgb_shap_list_ir_3
67,SkinThickness,0.49223816,0.29117024,251.04146,xgb_shap_list_ir_3_subset_67,xgb_shap_list_ir_3
68,Insulin,0.3408114,0.2394318,173.81381,xgb_shap_list_ir_3_subset_67,xgb_shap_list_ir_3
69,BMI,0.90528303,0.80122507,461.69434,xgb_shap_list_ir_3_subset_67,xgb_shap_list_ir_3
70,DiabetesPedigreeFunction,0.6638407,0.59349,338.55878,xgb_shap_list_ir_3_subset_67,xgb_shap_list_ir_3
71,Age,0.86871696,0.7333583,443.04565,xgb_shap_list_ir_3_subset_67,xgb_shap_list_ir_3
72,Pregnancies,0.38940454,0.3455488,198.59631,xgb_shap_list_ir_5_subset_150,xgb_shap_list_ir_5
73,Glucose,1.5906333,1.1445123,811.22296,xgb_shap_list_ir_5_subset_150,xgb_shap_list_ir_5
74,BloodPressure,0.3768487,0.2783731,192.19284,xgb_shap_list_ir_5_subset_150,xgb_shap_list_ir_5
75,SkinThickness,0.3644496,0.25781024,185.8693,xgb_shap_list_ir_5_subset_150,xgb_shap_list_ir_5
76,Insulin,0.25816354,0.20160374,131.6634,xgb_shap_list_ir_5_subset_150,xgb_shap_list_ir_5
77,BMI,0.6864812,0.48648962,350.1054,xgb_shap_list_ir_5_subset_150,xgb_shap_list_ir_5
78,DiabetesPedigreeFunction,0.76451254,0.6416794,389.9014,xgb_shap_list_ir_5_subset_150,xgb_shap_list_ir_5
79,Age,0.6498607,0.44532937,331.42896,xgb_shap_list_ir_5_subset_150,xgb_shap_list_ir_5
80,Pregnancies,0.41962448,0.30918768,214.00848,xgb_shap_list_ir_5_subset_81,xgb_shap_list_ir_5
81,Glucose,1.3935694,0.96129686,710.7204,xgb_shap_list_ir_5_subset_81,xgb_shap_list_ir_5
82,BloodPressure,0.38465402,0.301537,196.17355,xgb_shap_list_ir_5_subset_81,xgb_shap_list_ir_5
83,SkinThickness,0.29627925,0.19750391,151.10242,xgb_shap_list_ir_5_subset_81,xgb_shap_list_ir_5
84,Insulin,0.17956169,0.15575732,91.57646,xgb_shap_list_ir_5_subset_81,xgb_shap_list_ir_5
85,BMI,0.75438964,0.62285626,384.7387,xgb_shap_list_ir_5_subset_81,xgb_shap_list_ir_5
86,DiabetesPedigreeFunction,0.76285785,0.566708,389.0575,xgb_shap_list_ir_5_subset_81,xgb_shap_list_ir_5
87,Age,0.6730796,0.4348432,343.2706,xgb_shap_list_ir_5_subset_81,xgb_shap_list_ir_5
88,Pregnancies,0.24849214,0.17979681,126.73099,xgb_shap_list_ir_5_subset_59,xgb_shap_list_ir_5
89,Glucose,1.3970335,0.87613297,712.48706,xgb_shap_list_ir_5_subset_59,xgb_shap_list_ir_5
90,BloodPressure,0.46011627,0.39800242,234.6593,xgb_shap_list_ir_5_subset_59,xgb_shap_list_ir_5
91,SkinThickness,0.23166706,0.17524153,118.1502,xgb_shap_list_ir_5_subset_59,xgb_shap_list_ir_5
92,Insulin,0.21888562,0.23037218,111.63166,xgb_shap_list_ir_5_subset_59,xgb_shap_list_ir_5
93,BMI,1.004589,0.81022495,512.3404,xgb_shap_list_ir_5_subset_59,xgb_shap_list_ir_5
94,DiabetesPedigreeFunction,0.7714833,0.5349118,393.45648,xgb_shap_list_ir_5_subset_59,xgb_shap_list_ir_5
95,Age,0.5895198,0.44388396,300.6551,xgb_shap_list_ir_5_subset_59,xgb_shap_list_ir_5
96,Pregnancies,0.08847338,0.05666772,45.12142,xgb_shap_list_ir_1_subset_5,xgb_shap_list_ir_1
97,Glucose,0.83795404,0.30561835,427.35657,xgb_shap_list_ir_1_subset_5,xgb_shap_list_ir_1
98,BloodPressure,0.5872811,0.39931592,299.51337,xgb_shap_list_ir_1_subset_5,xgb_shap_list_ir_1
99,SkinThickness,0.55548525,0.23780307,283.2975,xgb_shap_list_ir_1_subset_5,xgb_shap_list_ir_1
100,Insulin,0.3872432,0.17368548,197.49403,xgb_shap_list_ir_1_subset_5,xgb_shap_list_ir_1
101,BMI,0.81027436,0.54917794,413.23993,xgb_shap_list_ir_1_subset_5,xgb_shap_list_ir_1
102,DiabetesPedigreeFunction,0.44587895,0.2833129,227.39827,xgb_shap_list_ir_1_subset_5,xgb_shap_list_ir_1
103,Age,0.8139537,0.20246813,415.1164,xgb_shap_list_ir_1_subset_5,xgb_shap_list_ir_1
104,Pregnancies,0.4202687,0.28775725,214.33705,xgb_shap_list_ir_3_subset_102,xgb_shap_list_ir_3
105,Glucose,1.6229713,1.0478263,827.71533,xgb_shap_list_ir_3_subset_102,xgb_shap_list_ir_3
106,BloodPressure,0.551035,0.36214608,281.02783,xgb_shap_list_ir_3_subset_102,xgb_shap_list_ir_3
107,SkinThickness,0.22063981,0.19478916,112.526306,xgb_shap_list_ir_3_subset_102,xgb_shap_list_ir_3
108,Insulin,0.1654591,0.16814482,84.38414,xgb_shap_list_ir_3_subset_102,xgb_shap_list_ir_3
109,BMI,0.98435587,0.7501981,502.02148,xgb_shap_list_ir_3_subset_102,xgb_shap_list_ir_3
110,DiabetesPedigreeFunction,0.87000495,0.62381804,443.7025,xgb_shap_list_ir_3_subset_102,xgb_shap_list_ir_3
111,Age,0.7554398,0.4967511,385.2743,xgb_shap_list_ir_3_subset_102,xgb_shap_list_ir_3
112,Pregnancies,0.58302206,0.3121789,297.34125,xgb_shap_list_ir_2_subset_149,xgb_shap_list_ir_2
113,Glucose,1.0782043,0.57785344,549.88416,xgb_shap_list_ir_2_subset_149,xgb_shap_list_ir_2
114,BloodPressure,0.7115538,0.4960956,362.89246,xgb_shap_list_ir_2_subset_149,xgb_shap_list_ir_2
115,SkinThickness,0.326771,0.17522287,166.6532,xgb_shap_list_ir_2_subset_149,xgb_shap_list_ir_2
116,Insulin,0.23193,0.15799873,118.2843,xgb_shap_list_ir_2_subset_149,xgb_shap_list_ir_2
117,BMI,1.2562261,0.6896423,640.6753,xgb_shap_list_ir_2_subset_149,xgb_shap_list_ir_2
118,DiabetesPedigreeFunction,0.80632406,0.60407555,411.22528,xgb_shap_list_ir_2_subset_149,xgb_shap_list_ir_2
119,Age,0.25230306,0.18777469,128.67456,xgb_shap_list_ir_2_subset_149,xgb_shap_list_ir_2
120,Pregnancies,0.3042861,0.27998984,155.18591,xgb_shap_list_ir_5_subset_117,xgb_shap_list_ir_5
121,Glucose,1.7037227,0.9057845,868.89856,xgb_shap_list_ir_5_subset_117,xgb_shap_list_ir_5
122,BloodPressure,0.3856035,0.34410238,196.65778,xgb_shap_list_ir_5_subset_117,xgb_shap_list_ir_5
123,SkinThickness,0.3500786,0.23644766,178.54008,xgb_shap_list_ir_5_subset_117,xgb_shap_list_ir_5
124,Insulin,0.26114532,0.22697283,133.18411,xgb_shap_list_ir_5_subset_117,xgb_shap_list_ir_5
125,BMI,0.7761701,0.6424448,395.84674,xgb_shap_list_ir_5_subset_117,xgb_shap_list_ir_5
126,DiabetesPedigreeFunction,0.7364684,0.49034637,375.59888,xgb_shap_list_ir_5_subset_117,xgb_shap_list_ir_5
127,Age,0.6992374,0.5900301,356.61108,xgb_shap_list_ir_5_subset_117,xgb_shap_list_ir_5
128,Pregnancies,0.6646506,0.33254287,338.9718,xgb_shap_list_ir_3_subset_124,xgb_shap_list_ir_3
129,Glucose,1.4305952,0.81462926,729.6035,xgb_shap_list_ir_3_subset_124,xgb_shap_list_ir_3
130,BloodPressure,0.48199257,0.34300956,245.81621,xgb_shap_list_ir_3_subset_124,xgb_shap_list_ir_3
131,SkinThickness,0.37262937,0.27764672,190.04099,xgb_shap_list_ir_3_subset_124,xgb_shap_list_ir_3
132,Insulin,0.29833022,0.21606691,152.1484,xgb_shap_list_ir_3_subset_124,xgb_shap_list_ir_3
133,BMI,0.8371447,0.60567933,426.9438,xgb_shap_list_ir_3_subset_124,xgb_shap_list_ir_3
134,DiabetesPedigreeFunction,0.60264176,0.65479136,307.3473,xgb_shap_list_ir_3_subset_124,xgb_shap_list_ir_3
135,Age,0.5514952,0.34495065,281.26254,xgb_shap_list_ir_3_subset_124,xgb_shap_list_ir_3
136,Pregnancies,0.5527883,0.37680513,281.92203,xgb_shap_list_ir_3_subset_98,xgb_shap_list_ir_3
137,Glucose,1.7389871,1.0471984,886.8834,xgb_shap_list_ir_3_subset_98,xgb_shap_list_ir_3
138,BloodPressure,0.4209222,0.2739171,214.67032,xgb_shap_list_ir_3_subset_98,xgb_shap_list_ir_3
139,SkinThickness,0.3573998,0.2171521,182.2739,xgb_shap_list_ir_3_subset_98,xgb_shap_list_ir_3
140,Insulin,0.34510717,0.2505589,176.00465,xgb_shap_list_ir_3_subset_98,xgb_shap_list_ir_3
141,BMI,0.7389942,0.66928923,376.88702,xgb_shap_list_ir_3_subset_98,xgb_shap_list_ir_3
142,DiabetesPedigreeFunction,0.536381,0.39691433,273.55432,xgb_shap_list_ir_3_subset_98,xgb_shap_list_ir_3
143,Age,0.22899038,0.17336963,116.785095,xgb_shap_list_ir_3_subset_98,xgb_shap_list_ir_3
144,Pregnancies,0.09418796,0.06894135,48.03586,xgb_shap_list_ir_1_subset_100,xgb_shap_list_ir_1
145,Glucose,1.3220958,0.4062929,674.26886,xgb_shap_list_ir_1_subset_100,xgb_shap_list_ir_1
146,BloodPressure,0.52363443,0.18167962,267.05356,xgb_shap_list_ir_1_subset_100,xgb_shap_list_ir_1
147,SkinThickness,0.113203846,0.09881418,57.733963,xgb_shap_list_ir_1_subset_100,xgb_shap_list_ir_1
148,Insulin,0.35132268,0.2565431,179.17456,xgb_shap_list_ir_1_subset_100,xgb_shap_list_ir_1
149,BMI,0.59743905,0.4101545,304.6939,xgb_shap_list_ir_1_subset_100,xgb_shap_list_ir_1
150,DiabetesPedigreeFunction,0.5079153,0.3864079,259.0368,xgb_shap_list_ir_1_subset_100,xgb_shap_list_ir_1
151,Age,0.5747077,0.36763728,293.10092,xgb_shap_list_ir_1_subset_100,xgb_shap_list_ir_1
152,Pregnancies,0.29823476,0.24801409,152.09973,xgb_shap_list_ir_2_subset_22,xgb_shap_list_ir_2
153,Glucose,0.97165394,0.5449673,495.54352,xgb_shap_list_ir_2_subset_22,xgb_shap_list_ir_2
154,BloodPressure,0.5634744,0.4385135,287.37195,xgb_shap_list_ir_2_subset_22,xgb_shap_list_ir_2
155,SkinThickness,0.52560437,0.24635892,268.05823,xgb_shap_list_ir_2_subset_22,xgb_shap_list_ir_2
156,Insulin,0.25543582,0.20605028,130.27228,xgb_shap_list_ir_2_subset_22,xgb_shap_list_ir_2
157,BMI,1.133245,0.7090905,577.95496,xgb_shap_list_ir_2_subset_22,xgb_shap_list_ir_2
158,DiabetesPedigreeFunction,0.38764122,0.24394992,197.69702,xgb_shap_list_ir_2_subset_22,xgb_shap_list_ir_2
159,Age,0.6418804,0.40085655,327.359,xgb_shap_list_ir_2_subset_22,xgb_shap_list_ir_2
160,Pregnancies,0.44671768,0.3064458,227.82602,xgb_shap_list_ir_2_subset_17,xgb_shap_list_ir_2
161,Glucose,0.9352983,0.61524755,477.00214,xgb_shap_list_ir_2_subset_17,xgb_shap_list_ir_2
162,BloodPressure,0.3305911,0.24362579,168.60147,xgb_shap_list_ir_2_subset_17,xgb_shap_list_ir_2
163,SkinThickness,0.21646854,0.16387644,110.39896,xgb_shap_list_ir_2_subset_17,xgb_shap_list_ir_2
164,Insulin,0.3400265,0.20710188,173.41351,xgb_shap_list_ir_2_subset_17,xgb_shap_list_ir_2
165,BMI,0.46917,0.40396,239.2767,xgb_shap_list_ir_2_subset_17,xgb_shap_list_ir_2
166,DiabetesPedigreeFunction,0.7660196,0.6785224,390.66998,xgb_shap_list_ir_2_subset_17,xgb_shap_list_ir_2
167,Age,0.6362107,0.43304864,324.46744,xgb_shap_list_ir_2_subset_17,xgb_shap_list_ir_2
168,Pregnancies,0.5051985,0.3520088,257.6512,xgb_shap_list_ir_4_subset_67,xgb_shap_list_ir_4
169,Glucose,1.4045705,0.9798416,716.33093,xgb_shap_list_ir_4_subset_67,xgb_shap_list_ir_4
170,BloodPressure,0.30483916,0.22090676,155.46797,xgb_shap_list_ir_4_subset_67,xgb_shap_list_ir_4
171,SkinThickness,0.36604786,0.22788069,186.6844,xgb_shap_list_ir_4_subset_67,xgb_shap_list_ir_4
172,Insulin,0.41480252,0.32437494,211.54929,xgb_shap_list_ir_4_subset_67,xgb_shap_list_ir_4
173,BMI,0.8209079,0.56897825,418.66302,xgb_shap_list_ir_4_subset_67,xgb_shap_list_ir_4
174,DiabetesPedigreeFunction,0.57185966,0.42429656,291.64844,xgb_shap_list_ir_4_subset_67,xgb_shap_list_ir_4
175,Age,0.28150544,0.20701654,143.56778,xgb_shap_list_ir_4_subset_67,xgb_shap_list_ir_4
176,Pregnancies,0.2456788,0.21348871,125.29619,xgb_shap_list_ir_4_subset_22,xgb_shap_list_ir_4
177,Glucose,1.191677,0.989746,607.75525,xgb_shap_list_ir_4_subset_22,xgb_shap_list_ir_4
178,BloodPressure,0.27988267,0.20954765,142.74016,xgb_shap_list_ir_4_subset_22,xgb_shap_list_ir_4
179,SkinThickness,0.34383827,0.2491277,175.35751,xgb_shap_list_ir_4_subset_22,xgb_shap_list_ir_4
180,Insulin,0.24647935,0.2344938,125.70447,xgb_shap_list_ir_4_subset_22,xgb_shap_list_ir_4
181,BMI,0.97446954,0.7713211,496.97946,xgb_shap_list_ir_4_subset_22,xgb_shap_list_ir_4
182,DiabetesPedigreeFunction,0.5019278,0.3968769,255.98317,xgb_shap_list_ir_4_subset_22,xgb_shap_list_ir_4
183,Age,0.6931557,0.4948304,353.5094,xgb_shap_list_ir_4_subset_22,xgb_shap_list_ir_4
184,Pregnancies,0.5748008,0.38172656,293.1484,xgb_shap_list_ir_1_subset_124,xgb_shap_list_ir_1
185,Glucose,1.1652025,0.48548776,594.2533,xgb_shap_list_ir_1_subset_124,xgb_shap_list_ir_1
186,BloodPressure,0.5590953,0.39190617,285.1386,xgb_shap_list_ir_1_subset_124,xgb_shap_list_ir_1
187,SkinThickness,0.31808972,0.21420303,162.22575,xgb_shap_list_ir_1_subset_124,xgb_shap_list_ir_1
188,Insulin,0.5537571,0.2141936,282.4161,xgb_shap_list_ir_1_subset_124,xgb_shap_list_ir_1
189,BMI,0.60711944,0.39357686,309.63092,xgb_shap_list_ir_1_subset_124,xgb_shap_list_ir_1
190,DiabetesPedigreeFunction,0.3673205,0.21328549,187.33347,xgb_shap_list_ir_1_subset_124,xgb_shap_list_ir_1
191,Age,0.17493446,0.13296095,89.216576,xgb_shap_list_ir_1_subset_124,xgb_shap_list_ir_1
192,Pregnancies,0.47046366,0.31509894,239.93646,xgb_shap_list_ir_4_subset_148,xgb_shap_list_ir_4
193,Glucose,1.2749335,1.0114304,650.21606,xgb_shap_list_ir_4_subset_148,xgb_shap_list_ir_4
194,BloodPressure,0.34336025,0.29223773,175.11372,xgb_shap_list_ir_4_subset_148,xgb_shap_list_ir_4
195,SkinThickness,0.47697,0.25234264,243.2547,xgb_shap_list_ir_4_subset_148,xgb_shap_list_ir_4
196,Insulin,0.20393442,0.20111284,104.00655,xgb_shap_list_ir_4_subset_148,xgb_shap_list_ir_4
197,BMI,0.8867572,0.7322254,452.24615,xgb_shap_list_ir_4_subset_148,xgb_shap_list_ir_4
198,DiabetesPedigreeFunction,0.6279768,0.48958987,320.26816,xgb_shap_list_ir_4_subset_148,xgb_shap_list_ir_4
199,Age,1.1428325,0.7565522,582.8446,xgb_shap_list_ir_4_subset_148,xgb_shap_list_ir_4
200,Pregnancies,0.19419733,0.09592958,99.040634,xgb_shap_list_ir_2_subset_106,xgb_shap_list_ir_2
201,Glucose,1.1837518,0.7159467,603.71344,xgb_shap_list_ir_2_subset_106,xgb_shap_list_ir_2
202,BloodPressure,0.2530281,0.19325735,129.04433,xgb_shap_list_ir_2_subset_106,xgb_shap_list_ir_2
203,SkinThickness,0.26183268,0.17239831,133.53467,xgb_shap_list_ir_2_subset_106,xgb_shap_list_ir_2
204,Insulin,0.10974702,0.09205253,55.97098,xgb_shap_list_ir_2_subset_106,xgb_shap_list_ir_2
205,BMI,1.026945,0.80951816,523.74194,xgb_shap_list_ir_2_subset_106,xgb_shap_list_ir_2
206,DiabetesPedigreeFunction,0.5184659,0.2884422,264.4176,xgb_shap_list_ir_2_subset_106,xgb_shap_list_ir_2
207,Age,1.2200497,0.8733505,622.22534,xgb_shap_list_ir_2_subset_106,xgb_shap_list_ir_2
208,Pregnancies,0.18661894,0.18652885,95.17566,xgb_shap_list_ir_3_subset_53,xgb_shap_list_ir_3
209,Glucose,1.0071971,0.70876426,513.67053,xgb_shap_list_ir_3_subset_53,xgb_shap_list_ir_3
210,BloodPressure,0.52239645,0.36840722,266.42218,xgb_shap_list_ir_3_subset_53,xgb_shap_list_ir_3
211,SkinThickness,0.32184654,0.20875943,164.14174,xgb_shap_list_ir_3_subset_53,xgb_shap_list_ir_3
212,Insulin,0.5724017,0.49507913,291.92487,xgb_shap_list_ir_3_subset_53,xgb_shap_list_ir_3
213,BMI,0.9642347,0.74931496,491.7597,xgb_shap_list_ir_3_subset_53,xgb_shap_list_ir_3
214,DiabetesPedigreeFunction,0.49787393,0.30645978,253.91571,xgb_shap_list_ir_3_subset_53,xgb_shap_list_ir_3
215,Age,0.8108602,0.39928916,413.5387,xgb_shap_list_ir_3_subset_53,xgb_shap_list_ir_3
216,Pregnancies,0.3751433,0.25841445,191.32307,xgb_shap_list_ir_4_subset_56,xgb_shap_list_ir_4
217,Glucose,1.5797176,0.9783472,805.656,xgb_shap_list_ir_4_subset_56,xgb_shap_list_ir_4
218,BloodPressure,0.3183969,0.21079303,162.38242,xgb_shap_list_ir_4_subset_56,xgb_shap_list_ir_4
219,SkinThickness,0.33303246,0.25788206,169.84656,xgb_shap_list_ir_4_subset_56,xgb_shap_list_ir_4
220,Insulin,0.18061994,0.21604055,92.11617,xgb_shap_list_ir_4_subset_56,xgb_shap_list_ir_4
221,BMI,0.8197298,0.5283483,418.0622,xgb_shap_list_ir_4_subset_56,xgb_shap_list_ir_4
222,DiabetesPedigreeFunction,0.6045033,0.44077003,308.29666,xgb_shap_list_ir_4_subset_56,xgb_shap_list_ir_4
223,Age,0.42069906,0.31752828,214.55652,xgb_shap_list_ir_4_subset_56,xgb_shap_list_ir_4
224,Pregnancies,0.7071862,0.40948996,360.66498,xgb_shap_list_ir_2_subset_137,xgb_shap_list_ir_2
225,Glucose,1.5316129,0.6816274,781.12256,xgb_shap_list_ir_2_subset_137,xgb_shap_list_ir_2
226,BloodPressure,0.28790268,0.24020965,146.83037,xgb_shap_list_ir_2_subset_137,xgb_shap_list_ir_2
227,SkinThickness,0.18416989,0.1358639,93.92664,xgb_shap_list_ir_2_subset_137,xgb_shap_list_ir_2
228,Insulin,0.35884047,0.26361555,183.00864,xgb_shap_list_ir_2_subset_137,xgb_shap_list_ir_2
229,BMI,0.64165854,0.4415281,327.24585,xgb_shap_list_ir_2_subset_137,xgb_shap_list_ir_2
230,DiabetesPedigreeFunction,0.61613506,0.4967989,314.22888,xgb_shap_list_ir_2_subset_137,xgb_shap_list_ir_2
231,Age,0.22182608,0.1641753,113.1313,xgb_shap_list_ir_2_subset_137,xgb_shap_list_ir_2
232,Pregnancies,0.24925062,0.1641535,127.11781,xgb_shap_list_ir_1_subset_10,xgb_shap_list_ir_1
233,Glucose,1.6018194,0.34079242,816.9279,xgb_shap_list_ir_1_subset_10,xgb_shap_list_ir_1
234,BloodPressure,0.9215059,0.4598699,469.96802,xgb_shap_list_ir_1_subset_10,xgb_shap_list_ir_1
235,SkinThickness,0.4683685,0.1497637,238.86794,xgb_shap_list_ir_1_subset_10,xgb_shap_list_ir_1
236,Insulin,0.4914727,0.23709042,250.65108,xgb_shap_list_ir_1_subset_10,xgb_shap_list_ir_1
237,BMI,0.35191113,0.23265137,179.47467,xgb_shap_list_ir_1_subset_10,xgb_shap_list_ir_1
238,DiabetesPedigreeFunction,0.14539231,0.112332195,74.15008,xgb_shap_list_ir_1_subset_10,xgb_shap_list_ir_1
239,Age,0.44484714,0.3705937,226.87204,xgb_shap_list_ir_1_subset_10,xgb_shap_list_ir_1
240,Pregnancies,0.36139506,0.32514226,184.31148,xgb_shap_list_ir_5_subset_38,xgb_shap_list_ir_5
241,Glucose,1.7721608,0.9872919,903.802,xgb_shap_list_ir_5_subset_38,xgb_shap_list_ir_5
242,BloodPressure,0.3824959,0.28336942,195.0729,xgb_shap_list_ir_5_subset_38,xgb_shap_list_ir_5
243,SkinThickness,0.24632512,0.19553807,125.62581,xgb_shap_list_ir_5_subset_38,xgb_shap_list_ir_5
244,Insulin,0.3985927,0.3271888,203.28229,xgb_shap_list_ir_5_subset_38,xgb_shap_list_ir_5
245,BMI,0.71694106,0.6467272,365.63995,xgb_shap_list_ir_5_subset_38,xgb_shap_list_ir_5
246,DiabetesPedigreeFunction,0.5525485,0.38785535,281.79974,xgb_shap_list_ir_5_subset_38,xgb_shap_list_ir_5
247,Age,0.49416715,0.3366672,252.02525,xgb_shap_list_ir_5_subset_38,xgb_shap_list_ir_5
248,Pregnancies,0.04168968,0.046275083,21.261736,xgb_shap_list_ir_1_subset_90,xgb_shap_list_ir_1
249,Glucose,0.8387063,0.4697936,427.74023,xgb_shap_list_ir_1_subset_90,xgb_shap_list_ir_1
250,BloodPressure,0.64619774,0.40497136,329.56085,xgb_shap_list_ir_1_subset_90,xgb_shap_list_ir_1
251,SkinThickness,0.4668626,0.26307303,238.09991,xgb_shap_list_ir_1_subset_90,xgb_shap_list_ir_1
252,Insulin,0.18642077,0.20969042,95.07459,xgb_shap_list_ir_1_subset_90,xgb_shap_list_ir_1
253,BMI,0.6993432,0.390918,356.66504,xgb_shap_list_ir_1_subset_90,xgb_shap_list_ir_1
254,DiabetesPedigreeFunction,0.5523806,0.40522188,281.7141,xgb_shap_list_ir_1_subset_90,xgb_shap_list_ir_1
255,Age,0.70763415,0.36930194,360.8934,xgb_shap_list_ir_1_subset_90,xgb_shap_list_ir_1
256,Pregnancies,0.38339007,0.2552285,195.52893,xgb_shap_list_ir_2_subset_21,xgb_shap_list_ir_2
257,Glucose,1.6166064,0.85275716,824.46924,xgb_shap_list_ir_2_subset_21,xgb_shap_list_ir_2
258,BloodPressure,0.35866863,0.3823367,182.921,xgb_shap_list_ir_2_subset_21,xgb_shap_list_ir_2
259,SkinThickness,0.31156623,0.2392946,158.89877,xgb_shap_list_ir_2_subset_21,xgb_shap_list_ir_2
260,Insulin,0.25313833,0.16860543,129.10056,xgb_shap_list_ir_2_subset_21,xgb_shap_list_ir_2
261,BMI,0.5416604,0.3155806,276.24683,xgb_shap_list_ir_2_subset_21,xgb_shap_list_ir_2
262,DiabetesPedigreeFunction,0.56040716,0.3740917,285.80765,xgb_shap_list_ir_2_subset_21,xgb_shap_list_ir_2
263,Age,0.69323784,0.56842846,353.5513,xgb_shap_list_ir_2_subset_21,xgb_shap_list_ir_2
264,Pregnancies,0.59810644,0.32073888,305.03427,xgb_shap_list_ir_2_subset_32,xgb_shap_list_ir_2
265,Glucose,1.2908622,0.7412943,658.3397,xgb_shap_list_ir_2_subset_32,xgb_shap_list_ir_2
266,BloodPressure,0.5344231,0.267827,272.5558,xgb_shap_list_ir_2_subset_32,xgb_shap_list_ir_2
267,SkinThickness,0.30970675,0.2084055,157.95044,xgb_shap_list_ir_2_subset_32,xgb_shap_list_ir_2
268,Insulin,0.4186267,0.23398706,213.49962,xgb_shap_list_ir_2_subset_32,xgb_shap_list_ir_2
269,BMI,0.57077396,0.52507603,291.09473,xgb_shap_list_ir_2_subset_32,xgb_shap_list_ir_2
270,DiabetesPedigreeFunction,0.5475936,0.4149157,279.27274,xgb_shap_list_ir_2_subset_32,xgb_shap_list_ir_2
271,Age,0.5967078,0.49844983,304.32098,xgb_shap_list_ir_2_subset_32,xgb_shap_list_ir_2
272,Pregnancies,0.33423826,0.323399,170.46152,xgb_shap_list_ir_5_subset_9,xgb_shap_list_ir_5
273,Glucose,1.274172,0.7868257,649.8277,xgb_shap_list_ir_5_subset_9,xgb_shap_list_ir_5
274,BloodPressure,0.416674,0.31189007,212.50374,xgb_shap_list_ir_5_subset_9,xgb_shap_list_ir_5
275,SkinThickness,0.26985487,0.19802485,137.62599,xgb_shap_list_ir_5_subset_9,xgb_shap_list_ir_5
276,Insulin,0.37468415,0.32703966,191.08891,xgb_shap_list_ir_5_subset_9,xgb_shap_list_ir_5
277,BMI,1.0953132,0.99732554,558.60974,xgb_shap_list_ir_5_subset_9,xgb_shap_list_ir_5
278,DiabetesPedigreeFunction,0.5436862,0.40594414,277.27997,xgb_shap_list_ir_5_subset_9,xgb_shap_list_ir_5
279,Age,0.7694977,0.43229878,392.44382,xgb_shap_list_ir_5_subset_9,xgb_shap_list_ir_5
280,Pregnancies,0.69162863,0.43866163,352.7306,xgb_shap_list_ir_3_subset_69,xgb_shap_list_ir_3
281,Glucose,1.2540127,0.8685111,639.5465,xgb_shap_list_ir_3_subset_69,xgb_shap_list_ir_3
282,BloodPressure,0.41461757,0.28628162,211.45496,xgb_shap_list_ir_3_subset_69,xgb_shap_list_ir_3
283,SkinThickness,0.39923382,0.27442172,203.60925,xgb_shap_list_ir_3_subset_69,xgb_shap_list_ir_3
284,Insulin,0.15448113,0.1326092,78.78538,xgb_shap_list_ir_3_subset_69,xgb_shap_list_ir_3
285,BMI,0.77478456,0.5895395,395.14014,xgb_shap_list_ir_3_subset_69,xgb_shap_list_ir_3
286,DiabetesPedigreeFunction,0.4377765,0.32466033,223.26602,xgb_shap_list_ir_3_subset_69,xgb_shap_list_ir_3
287,Age,0.44375587,0.358426,226.31549,xgb_shap_list_ir_3_subset_69,xgb_shap_list_ir_3
288,Pregnancies,0.47880626,0.29125917,244.1912,xgb_shap_list_ir_4_subset_125,xgb_shap_list_ir_4
289,Glucose,1.5903177,1.2236309,811.062,xgb_shap_list_ir_4_subset_125,xgb_shap_list_ir_4
290,BloodPressure,0.31173858,0.25863856,158.98668,xgb_shap_list_ir_4_subset_125,xgb_shap_list_ir_4
291,SkinThickness,0.21838552,0.17088524,111.37662,xgb_shap_list_ir_4_subset_125,xgb_shap_list_ir_4
292,Insulin,0.47776374,0.3974109,243.65952,xgb_shap_list_ir_4_subset_125,xgb_shap_list_ir_4
293,BMI,0.8166489,0.5202059,416.49094,xgb_shap_list_ir_4_subset_125,xgb_shap_list_ir_4
294,DiabetesPedigreeFunction,0.6021585,0.5271913,307.10083,xgb_shap_list_ir_4_subset_125,xgb_shap_list_ir_4
295,Age,0.35208416,0.22765665,179.56293,xgb_shap_list_ir_4_subset_125,xgb_shap_list_ir_4
296,Pregnancies,0.3489982,0.27819404,177.98907,xgb_shap_list_ir_2_subset_81,xgb_shap_list_ir_2
297,Glucose,1.3273568,0.8003688,676.95197,xgb_shap_list_ir_2_subset_81,xgb_shap_list_ir_2
298,BloodPressure,0.53202885,0.55879146,271.33472,xgb_shap_list_ir_2_subset_81,xgb_shap_list_ir_2
299,SkinThickness,0.31527466,0.21259454,160.79007,xgb_shap_list_ir_2_subset_81,xgb_shap_list_ir_2
300,Insulin,0.3555185,0.2503447,181.31442,xgb_shap_list_ir_2_subset_81,xgb_shap_list_ir_2
301,BMI,0.7078529,0.771231,361.00497,xgb_shap_list_ir_2_subset_81,xgb_shap_list_ir_2
302,DiabetesPedigreeFunction,0.82764643,0.44258383,422.09967,xgb_shap_list_ir_2_subset_81,xgb_shap_list_ir_2
303,Age,0.4331957,0.25170678,220.92981,xgb_shap_list_ir_2_subset_81,xgb_shap_list_ir_2
304,Pregnancies,0.5543403,0.33776358,282.71356,xgb_shap_list_ir_3_subset_145,xgb_shap_list_ir_3
305,Glucose,1.583796,0.8034349,807.73596,xgb_shap_list_ir_3_subset_145,xgb_shap_list_ir_3
306,BloodPressure,0.2900597,0.20707779,147.93044,xgb_shap_list_ir_3_subset_145,xgb_shap_list_ir_3
307,SkinThickness,0.27299136,0.2102394,139.22559,xgb_shap_list_ir_3_subset_145,xgb_shap_list_ir_3
308,Insulin,0.29146573,0.24894913,148.64752,xgb_shap_list_ir_3_subset_145,xgb_shap_list_ir_3
309,BMI,0.6154716,0.49920982,313.8905,xgb_shap_list_ir_3_subset_145,xgb_shap_list_ir_3
310,DiabetesPedigreeFunction,0.8065121,0.5436737,411.32117,xgb_shap_list_ir_3_subset_145,xgb_shap_list_ir_3
311,Age,0.52266425,0.34833717,266.55878,xgb_shap_list_ir_3_subset_145,xgb_shap_list_ir_3
312,Pregnancies,0.46392617,0.32359216,236.60234,xgb_shap_list_ir_3_subset_6,xgb_shap_list_ir_3
313,Glucose,1.2738239,0.837326,649.65015,xgb_shap_list_ir_3_subset_6,xgb_shap_list_ir_3
314,BloodPressure,0.25980687,0.21350081,132.50151,xgb_shap_list_ir_3_subset_6,xgb_shap_list_ir_3
315,SkinThickness,0.30969298,0.3269943,157.94342,xgb_shap_list_ir_3_subset_6,xgb_shap_list_ir_3
316,Insulin,0.10877587,0.09604088,55.475693,xgb_shap_list_ir_3_subset_6,xgb_shap_list_ir_3
317,BMI,0.610055,0.58502775,311.12805,xgb_shap_list_ir_3_subset_6,xgb_shap_list_ir_3
318,DiabetesPedigreeFunction,0.769878,0.50237966,392.63776,xgb_shap_list_ir_3_subset_6,xgb_shap_list_ir_3
319,Age,0.95294666,0.81729853,486.0028,xgb_shap_list_ir_3_subset_6,xgb_shap_list_ir_3
320,Pregnancies,0.6110695,0.34826812,311.64545,xgb_shap_list_ir_3_subset_80,xgb_shap_list_ir_3
321,Glucose,1.4832067,0.75181454,756.4354,xgb_shap_list_ir_3_subset_80,xgb_shap_list_ir_3
322,BloodPressure,0.3324905,0.23645274,169.57016,xgb_shap_list_ir_3_subset_80,xgb_shap_list_ir_3
323,SkinThickness,0.27505326,0.16095689,140.27716,xgb_shap_list_ir_3_subset_80,xgb_shap_list_ir_3
324,Insulin,0.5359576,0.37884864,273.33835,xgb_shap_list_ir_3_subset_80,xgb_shap_list_ir_3
325,BMI,0.634553,0.4691346,323.62204,xgb_shap_list_ir_3_subset_80,xgb_shap_list_ir_3
326,DiabetesPedigreeFunction,0.6966395,0.41250575,355.28613,xgb_shap_list_ir_3_subset_80,xgb_shap_list_ir_3
327,Age,0.56999606,0.42363924,290.698,xgb_shap_list_ir_3_subset_80,xgb_shap_list_ir_3
328,Pregnancies,0.6010048,0.17948787,306.51245,xgb_shap_list_ir_1_subset_107,xgb_shap_list_ir_1
329,Glucose,0.4238236,0.19978896,216.15004,xgb_shap_list_ir_1_subset_107,xgb_shap_list_ir_1
330,BloodPressure,0.4532882,0.27892637,231.17699,xgb_shap_list_ir_1_subset_107,xgb_shap_list_ir_1
331,SkinThickness,0.51840305,0.26894683,264.38556,xgb_shap_list_ir_1_subset_107,xgb_shap_list_ir_1
332,Insulin,0.43729547,0.3193084,223.02069,xgb_shap_list_ir_1_subset_107,xgb_shap_list_ir_1
333,BMI,0.63513386,0.24147135,323.91827,xgb_shap_list_ir_1_subset_107,xgb_shap_list_ir_1
334,DiabetesPedigreeFunction,0.60064346,0.38437966,306.32816,xgb_shap_list_ir_1_subset_107,xgb_shap_list_ir_1
335,Age,0.4315386,0.2559494,220.08469,xgb_shap_list_ir_1_subset_107,xgb_shap_list_ir_1
336,Pregnancies,0.3493009,0.28750527,178.14345,xgb_shap_list_ir_3_subset_78,xgb_shap_list_ir_3
337,Glucose,1.2125194,0.5421408,618.3849,xgb_shap_list_ir_3_subset_78,xgb_shap_list_ir_3
338,BloodPressure,0.40435576,0.29287624,206.22144,xgb_shap_list_ir_3_subset_78,xgb_shap_list_ir_3
339,SkinThickness,0.4600633,0.2667517,234.6323,xgb_shap_list_ir_3_subset_78,xgb_shap_list_ir_3
340,Insulin,0.22883973,0.21110238,116.70826,xgb_shap_list_ir_3_subset_78,xgb_shap_list_ir_3
341,BMI,0.9129985,0.73552525,465.62924,xgb_shap_list_ir_3_subset_78,xgb_shap_list_ir_3
342,DiabetesPedigreeFunction,0.5283563,0.42684507,269.46173,xgb_shap_list_ir_3_subset_78,xgb_shap_list_ir_3
343,Age,0.62870437,0.5238059,320.63922,xgb_shap_list_ir_3_subset_78,xgb_shap_list_ir_3
344,Pregnancies,0.23670132,0.2725709,120.717674,xgb_shap_list_ir_3_subset_91,xgb_shap_list_ir_3
345,Glucose,1.5351691,0.89681995,782.9363,xgb_shap_list_ir_3_subset_91,xgb_shap_list_ir_3
346,BloodPressure,0.23192391,0.23932369,118.2812,xgb_shap_list_ir_3_subset_91,xgb_shap_list_ir_3
347,SkinThickness,0.26878643,0.18110679,137.08109,xgb_shap_list_ir_3_subset_91,xgb_shap_list_ir_3
348,Insulin,0.12813643,0.09670098,65.34958,xgb_shap_list_ir_3_subset_91,xgb_shap_list_ir_3
349,BMI,1.1028974,0.67730546,562.47766,xgb_shap_list_ir_3_subset_91,xgb_shap_list_ir_3
350,DiabetesPedigreeFunction,0.41753,0.37024298,212.9403,xgb_shap_list_ir_3_subset_91,xgb_shap_list_ir_3
351,Age,0.7642052,0.62656814,389.74466,xgb_shap_list_ir_3_subset_91,xgb_shap_list_ir_3
352,Pregnancies,0.86569554,0.3552456,441.50473,xgb_shap_list_ir_1_subset_113,xgb_shap_list_ir_1
353,Glucose,0.8090446,0.54096836,412.61273,xgb_shap_list_ir_1_subset_113,xgb_shap_list_ir_1
354,BloodPressure,0.37764797,0.25890407,192.60046,xgb_shap_list_ir_1_subset_113,xgb_shap_list_ir_1
355,SkinThickness,0.19918622,0.10471794,101.58498,xgb_shap_list_ir_1_subset_113,xgb_shap_list_ir_1
356,Insulin,0.17035423,0.11969568,86.88066,xgb_shap_list_ir_1_subset_113,xgb_shap_list_ir_1
357,BMI,0.9222096,0.44955963,470.3269,xgb_shap_list_ir_1_subset_113,xgb_shap_list_ir_1
358,DiabetesPedigreeFunction,0.38380262,0.21083684,195.73933,xgb_shap_list_ir_1_subset_113,xgb_shap_list_ir_1
359,Age,0.4062097,0.40066585,207.16695,xgb_shap_list_ir_1_subset_113,xgb_shap_list_ir_1
360,Pregnancies,1.100686,0.39184418,561.34985,xgb_shap_list_ir_2_subset_142,xgb_shap_list_ir_2
361,Glucose,1.6017611,0.90348756,816.89813,xgb_shap_list_ir_2_subset_142,xgb_shap_list_ir_2
362,BloodPressure,0.7006107,0.4550189,357.31146,xgb_shap_list_ir_2_subset_142,xgb_shap_list_ir_2
363,SkinThickness,0.6291041,0.3309211,320.84308,xgb_shap_list_ir_2_subset_142,xgb_shap_list_ir_2
364,Insulin,0.2511833,0.16413496,128.10349,xgb_shap_list_ir_2_subset_142,xgb_shap_list_ir_2
365,BMI,0.47085992,0.2901856,240.13855,xgb_shap_list_ir_2_subset_142,xgb_shap_list_ir_2
366,DiabetesPedigreeFunction,0.51476574,0.25575417,262.53052,xgb_shap_list_ir_2_subset_142,xgb_shap_list_ir_2
367,Age,0.43063948,0.2871472,219.62613,xgb_shap_list_ir_2_subset_142,xgb_shap_list_ir_2
368,Pregnancies,0.5573156,0.31806913,284.23096,xgb_shap_list_ir_2_subset_15,xgb_shap_list_ir_2
369,Glucose,1.114744,0.83008885,568.5194,xgb_shap_list_ir_2_subset_15,xgb_shap_list_ir_2
370,BloodPressure,0.44472757,0.30186206,226.81107,xgb_shap_list_ir_2_subset_15,xgb_shap_list_ir_2
371,SkinThickness,0.32543185,0.22937919,165.97025,xgb_shap_list_ir_2_subset_15,xgb_shap_list_ir_2
372,Insulin,0.16985252,0.22226956,86.62479,xgb_shap_list_ir_2_subset_15,xgb_shap_list_ir_2
373,BMI,1.0247012,0.7487527,522.59766,xgb_shap_list_ir_2_subset_15,xgb_shap_list_ir_2
374,DiabetesPedigreeFunction,0.5127201,0.35002133,261.48724,xgb_shap_list_ir_2_subset_15,xgb_shap_list_ir_2
375,Age,0.43000025,0.23023297,219.30013,xgb_shap_list_ir_2_subset_15,xgb_shap_list_ir_2
376,Pregnancies,0.5203716,0.4141361,265.38953,xgb_shap_list_ir_4_subset_49,xgb_shap_list_ir_4
377,Glucose,1.2652214,0.8617944,645.2629,xgb_shap_list_ir_4_subset_49,xgb_shap_list_ir_4
378,BloodPressure,0.2400649,0.18026848,122.4331,xgb_shap_list_ir_4_subset_49,xgb_shap_list_ir_4
379,SkinThickness,0.23043266,0.1684391,117.52065,xgb_shap_list_ir_4_subset_49,xgb_shap_list_ir_4
380,Insulin,0.24875155,0.24427098,126.86329,xgb_shap_list_ir_4_subset_49,xgb_shap_list_ir_4
381,BMI,0.9662893,0.79168016,492.80753,xgb_shap_list_ir_4_subset_49,xgb_shap_list_ir_4
382,DiabetesPedigreeFunction,0.65284306,0.4428368,332.94995,xgb_shap_list_ir_4_subset_49,xgb_shap_list_ir_4
383,Age,0.4464362,0.34066454,227.68246,xgb_shap_list_ir_4_subset_49,xgb_shap_list_ir_4
384,Pregnancies,0.19998492,0.18569395,101.99231,xgb_shap_list_ir_3_subset_122,xgb_shap_list_ir_3
385,Glucose,1.4253107,0.79144984,726.90845,xgb_shap_list_ir_3_subset_122,xgb_shap_list_ir_3
386,BloodPressure,0.3899986,0.22832946,198.89929,xgb_shap_list_ir_3_subset_122,xgb_shap_list_ir_3
387,SkinThickness,0.5183681,0.32721904,264.36774,xgb_shap_list_ir_3_subset_122,xgb_shap_list_ir_3
388,Insulin,0.22805317,0.1666304,116.30711,xgb_shap_list_ir_3_subset_122,xgb_shap_list_ir_3
389,BMI,0.96269387,0.6196138,490.97388,xgb_shap_list_ir_3_subset_122,xgb_shap_list_ir_3
390,DiabetesPedigreeFunction,0.90349627,0.48971575,460.78308,xgb_shap_list_ir_3_subset_122,xgb_shap_list_ir_3
391,Age,0.39677843,0.26477647,202.357,xgb_shap_list_ir_3_subset_122,xgb_shap_list_ir_3
392,Pregnancies,0.3254218,0.210568,165.96512,xgb_shap_list_ir_1_subset_154,xgb_shap_list_ir_1
393,Glucose,0.85720634,0.47683102,437.17523,xgb_shap_list_ir_1_subset_154,xgb_shap_list_ir_1
394,BloodPressure,0.30476266,0.116000615,155.42896,xgb_shap_list_ir_1_subset_154,xgb_shap_list_ir_1
395,SkinThickness,0.23863707,0.17212525,121.70491,xgb_shap_list_ir_1_subset_154,xgb_shap_list_ir_1
396,Insulin,0.1547997,0.06657395,78.947845,xgb_shap_list_ir_1_subset_154,xgb_shap_list_ir_1
397,BMI,0.46556923,0.3764434,237.4403,xgb_shap_list_ir_1_subset_154,xgb_shap_list_ir_1
398,DiabetesPedigreeFunction,0.34225357,0.2191965,174.54932,xgb_shap_list_ir_1_subset_154,xgb_shap_list_ir_1
399,Age,1.215402,0.50200903,619.85504,xgb_shap_list_ir_1_subset_154,xgb_shap_list_ir_1
400,Pregnancies,0.33218157,0.24882104,169.4126,xgb_shap_list_ir_5_subset_47,xgb_shap_list_ir_5
401,Glucose,1.5182494,0.96164876,774.3072,xgb_shap_list_ir_5_subset_47,xgb_shap_list_ir_5
402,BloodPressure,0.3280648,0.2464434,167.31305,xgb_shap_list_ir_5_subset_47,xgb_shap_list_ir_5
403,SkinThickness,0.17174014,0.17847915,87.58747,xgb_shap_list_ir_5_subset_47,xgb_shap_list_ir_5
404,Insulin,0.24027036,0.19906528,122.53789,xgb_shap_list_ir_5_subset_47,xgb_shap_list_ir_5
405,BMI,1.268786,1.0101016,647.0808,xgb_shap_list_ir_5_subset_47,xgb_shap_list_ir_5
406,DiabetesPedigreeFunction,0.41735488,0.3056301,212.85098,xgb_shap_list_ir_5_subset_47,xgb_shap_list_ir_5
407,Age,0.67048174,0.473104,341.94568,xgb_shap_list_ir_5_subset_47,xgb_shap_list_ir_5
408,Pregnancies,0.24360417,0.18569833,124.23813,xgb_shap_list_ir_1_subset_148,xgb_shap_list_ir_1
409,Glucose,1.0693243,0.32337046,545.35535,xgb_shap_list_ir_1_subset_148,xgb_shap_list_ir_1
410,BloodPressure,0.3642563,0.19621935,185.7707,xgb_shap_list_ir_1_subset_148,xgb_shap_list_ir_1
411,SkinThickness,0.48088348,0.3524718,245.25058,xgb_shap_list_ir_1_subset_148,xgb_shap_list_ir_1
412,Insulin,0.40401348,0.20550787,206.04688,xgb_shap_list_ir_1_subset_148,xgb_shap_list_ir_1
413,BMI,0.7262443,0.2857071,370.38458,xgb_shap_list_ir_1_subset_148,xgb_shap_list_ir_1
414,DiabetesPedigreeFunction,0.7334008,0.39839712,374.03442,xgb_shap_list_ir_1_subset_148,xgb_shap_list_ir_1
415,Age,0.1634205,0.11001499,83.34445,xgb_shap_list_ir_1_subset_148,xgb_shap_list_ir_1
416,Pregnancies,0.119091526,0.06959969,60.73668,xgb_shap_list_ir_1_subset_98,xgb_shap_list_ir_1
417,Glucose,1.0726501,0.6321243,547.0515,xgb_shap_list_ir_1_subset_98,xgb_shap_list_ir_1
418,BloodPressure,0.24449974,0.23648195,124.69487,xgb_shap_list_ir_1_subset_98,xgb_shap_list_ir_1
419,SkinThickness,0.7031888,0.5016994,358.62628,xgb_shap_list_ir_1_subset_98,xgb_shap_list_ir_1
420,Insulin,0.20113212,0.12255579,102.57738,xgb_shap_list_ir_1_subset_98,xgb_shap_list_ir_1
421,BMI,0.6459544,0.28716353,329.43674,xgb_shap_list_ir_1_subset_98,xgb_shap_list_ir_1
422,DiabetesPedigreeFunction,0.6677433,0.33939174,340.5491,xgb_shap_list_ir_1_subset_98,xgb_shap_list_ir_1
423,Age,0.9026154,0.45451516,460.33386,xgb_shap_list_ir_1_subset_98,xgb_shap_list_ir_1
424,Pregnancies,0.52544206,0.36670518,267.97546,xgb_shap_list_ir_1_subset_140,xgb_shap_list_ir_1
425,Glucose,1.074522,0.3281812,548.0062,xgb_shap_list_ir_1_subset_140,xgb_shap_list_ir_1
426,BloodPressure,0.15228622,0.11085132,77.66597,xgb_shap_list_ir_1_subset_140,xgb_shap_list_ir_1
427,SkinThickness,0.26097858,0.17551355,133.09908,xgb_shap_list_ir_1_subset_140,xgb_shap_list_ir_1
428,Insulin,0.83449775,0.26046547,425.59384,xgb_shap_list_ir_1_subset_140,xgb_shap_list_ir_1
429,BMI,1.1049607,0.4048897,563.52997,xgb_shap_list_ir_1_subset_140,xgb_shap_list_ir_1
430,DiabetesPedigreeFunction,0.56796974,0.3883833,289.66458,xgb_shap_list_ir_1_subset_140,xgb_shap_list_ir_1
431,Age,0.34478042,0.10079915,175.83801,xgb_shap_list_ir_1_subset_140,xgb_shap_list_ir_1
432,Pregnancies,0.3750232,0.2723668,191.26183,xgb_shap_list_ir_5_subset_37,xgb_shap_list_ir_5
433,Glucose,1.2746441,0.88347155,650.0685,xgb_shap_list_ir_5_subset_37,xgb_shap_list_ir_5
434,BloodPressure,0.30233902,0.2749876,154.1929,xgb_shap_list_ir_5_subset_37,xgb_shap_list_ir_5
435,SkinThickness,0.24041143,0.19087647,122.60983,xgb_shap_list_ir_5_subset_37,xgb_shap_list_ir_5
436,Insulin,0.3405344,0.29125407,173.67253,xgb_shap_list_ir_5_subset_37,xgb_shap_list_ir_5
437,BMI,0.79638255,0.7470435,406.1551,xgb_shap_list_ir_5_subset_37,xgb_shap_list_ir_5
438,DiabetesPedigreeFunction,0.7180703,0.4627464,366.21588,xgb_shap_list_ir_5_subset_37,xgb_shap_list_ir_5
439,Age,0.6849249,0.542956,349.3117,xgb_shap_list_ir_5_subset_37,xgb_shap_list_ir_5
440,Pregnancies,0.30396765,0.18056805,155.0235,xgb_shap_list_ir_3_subset_135,xgb_shap_list_ir_3
441,Glucose,1.3296456,0.71601444,678.11926,xgb_shap_list_ir_3_subset_135,xgb_shap_list_ir_3
442,BloodPressure,0.59778464,0.3565035,304.87018,xgb_shap_list_ir_3_subset_135,xgb_shap_list_ir_3
443,SkinThickness,0.14873089,0.1428154,75.85275,xgb_shap_list_ir_3_subset_135,xgb_shap_list_ir_3
444,Insulin,0.29141194,0.268375,148.62009,xgb_shap_list_ir_3_subset_135,xgb_shap_list_ir_3
445,BMI,0.70956457,0.64427626,361.87793,xgb_shap_list_ir_3_subset_135,xgb_shap_list_ir_3
446,DiabetesPedigreeFunction,0.6155218,0.39565018,313.9161,xgb_shap_list_ir_3_subset_135,xgb_shap_list_ir_3
447,Age,0.736319,0.53814024,375.5227,xgb_shap_list_ir_3_subset_135,xgb_shap_list_ir_3
448,Pregnancies,0.23135667,0.1512678,117.9919,xgb_shap_list_ir_1_subset_29,xgb_shap_list_ir_1
449,Glucose,0.67383987,0.51106006,343.65833,xgb_shap_list_ir_1_subset_29,xgb_shap_list_ir_1
450,BloodPressure,0.50829744,0.30739838,259.2317,xgb_shap_list_ir_1_subset_29,xgb_shap_list_ir_1
451,SkinThickness,0.30522087,0.21350247,155.66264,xgb_shap_list_ir_1_subset_29,xgb_shap_list_ir_1
452,Insulin,0.16649999,0.097223006,84.91499,xgb_shap_list_ir_1_subset_29,xgb_shap_list_ir_1
453,BMI,0.82898545,0.4751734,422.7826,xgb_shap_list_ir_1_subset_29,xgb_shap_list_ir_1
454,DiabetesPedigreeFunction,0.4202878,0.22582635,214.34677,xgb_shap_list_ir_1_subset_29,xgb_shap_list_ir_1
455,Age,0.6493157,0.4318952,331.151,xgb_shap_list_ir_1_subset_29,xgb_shap_list_ir_1
456,Pregnancies,0.30751595,0.22223923,156.83313,xgb_shap_list_ir_4_subset_146,xgb_shap_list_ir_4
457,Glucose,1.4461272,0.91993177,737.52484,xgb_shap_list_ir_4_subset_146,xgb_shap_list_ir_4
458,BloodPressure,0.2933889,0.21256572,149.62834,xgb_shap_list_ir_4_subset_146,xgb_shap_list_ir_4
459,SkinThickness,0.34416205,0.25777626,175.52264,xgb_shap_list_ir_4_subset_146,xgb_shap_list_ir_4
460,Insulin,0.22650018,0.16544738,115.51509,xgb_shap_list_ir_4_subset_146,xgb_shap_list_ir_4
461,BMI,0.7285243,0.5726386,371.5474,xgb_shap_list_ir_4_subset_146,xgb_shap_list_ir_4
462,DiabetesPedigreeFunction,0.6809106,0.48915932,347.2644,xgb_shap_list_ir_4_subset_146,xgb_shap_list_ir_4
463,Age,0.570613,0.37385383,291.01263,xgb_shap_list_ir_4_subset_146,xgb_shap_list_ir_4
464,Pregnancies,0.47900075,0.34027782,244.29037,xgb_shap_list_ir_4_subset_88,xgb_shap_list_ir_4
465,Glucose,1.4403495,0.88955814,734.57825,xgb_shap_list_ir_4_subset_88,xgb_shap_list_ir_4
466,BloodPressure,0.27484795,0.23021026,140.17245,xgb_shap_list_ir_4_subset_88,xgb_shap_list_ir_4
467,SkinThickness,0.2476222,0.25534248,126.28732,xgb_shap_list_ir_4_subset_88,xgb_shap_list_ir_4
468,Insulin,0.4540016,0.45904842,231.54082,xgb_shap_list_ir_4_subset_88,xgb_shap_list_ir_4
469,BMI,0.75174755,0.5639581,383.39124,xgb_shap_list_ir_4_subset_88,xgb_shap_list_ir_4
470,DiabetesPedigreeFunction,0.72686386,0.39655975,370.70056,xgb_shap_list_ir_4_subset_88,xgb_shap_list_ir_4
471,Age,0.3948256,0.27524635,201.36105,xgb_shap_list_ir_4_subset_88,xgb_shap_list_ir_4
472,Pregnancies,0.18617901,0.121790394,94.951294,xgb_shap_list_ir_2_subset_54,xgb_shap_list_ir_2
473,Glucose,0.948702,0.47974053,483.838,xgb_shap_list_ir_2_subset_54,xgb_shap_list_ir_2
474,BloodPressure,0.4520043,0.29465872,230.5222,xgb_shap_list_ir_2_subset_54,xgb_shap_list_ir_2
475,SkinThickness,0.22459902,0.13667642,114.5455,xgb_shap_list_ir_2_subset_54,xgb_shap_list_ir_2
476,Insulin,0.33535662,0.22440344,171.03188,xgb_shap_list_ir_2_subset_54,xgb_shap_list_ir_2
477,BMI,0.95383465,0.77446973,486.45566,xgb_shap_list_ir_2_subset_54,xgb_shap_list_ir_2
478,DiabetesPedigreeFunction,0.6191854,0.43488535,315.78455,xgb_shap_list_ir_2_subset_54,xgb_shap_list_ir_2
479,Age,0.6864745,0.6458228,350.102,xgb_shap_list_ir_2_subset_54,xgb_shap_list_ir_2
480,Pregnancies,0.54788744,0.26053,279.4226,xgb_shap_list_ir_2_subset_147,xgb_shap_list_ir_2
481,Glucose,0.6385026,0.4427343,325.63632,xgb_shap_list_ir_2_subset_147,xgb_shap_list_ir_2
482,BloodPressure,0.23353553,0.21926537,119.10312,xgb_shap_list_ir_2_subset_147,xgb_shap_list_ir_2
483,SkinThickness,0.7235838,0.3184481,369.02774,xgb_shap_list_ir_2_subset_147,xgb_shap_list_ir_2
484,Insulin,0.67475885,0.3751099,344.127,xgb_shap_list_ir_2_subset_147,xgb_shap_list_ir_2
485,BMI,0.6021413,0.47461882,307.09207,xgb_shap_list_ir_2_subset_147,xgb_shap_list_ir_2
486,DiabetesPedigreeFunction,0.7300785,0.38869265,372.34006,xgb_shap_list_ir_2_subset_147,xgb_shap_list_ir_2
487,Age,0.7467763,0.45330897,380.8559,xgb_shap_list_ir_2_subset_147,xgb_shap_list_ir_2
488,Pregnancies,0.49452823,0.32805583,252.2094,xgb_shap_list_ir_4_subset_150,xgb_shap_list_ir_4
489,Glucose,1.6829073,1.0048573,858.2827,xgb_shap_list_ir_4_subset_150,xgb_shap_list_ir_4
490,BloodPressure,0.26946065,0.2047838,137.42493,xgb_shap_list_ir_4_subset_150,xgb_shap_list_ir_4
491,SkinThickness,0.22653686,0.18658486,115.5338,xgb_shap_list_ir_4_subset_150,xgb_shap_list_ir_4
492,Insulin,0.24811284,0.22393496,126.53755,xgb_shap_list_ir_4_subset_150,xgb_shap_list_ir_4
493,BMI,0.65509045,0.4940646,334.09613,xgb_shap_list_ir_4_subset_150,xgb_shap_list_ir_4
494,DiabetesPedigreeFunction,0.610627,0.4427067,311.41977,xgb_shap_list_ir_4_subset_150,xgb_shap_list_ir_4
495,Age,0.5235248,0.3942214,266.99765,xgb_shap_list_ir_4_subset_150,xgb_shap_list_ir_4
496,Pregnancies,0.53639144,0.20769957,273.55963,xgb_shap_list_ir_1_subset_152,xgb_shap_list_ir_1
497,Glucose,1.0245876,0.46077546,522.5397,xgb_shap_list_ir_1_subset_152,xgb_shap_list_ir_1
498,BloodPressure,0.63576317,0.4307381,324.23923,xgb_shap_list_ir_1_subset_152,xgb_shap_list_ir_1
499,SkinThickness,0.15382394,0.07793633,78.45021,xgb_shap_list_ir_1_subset_152,xgb_shap_list_ir_1
500,Insulin,0.17145942,0.13239169,87.444305,xgb_shap_list_ir_1_subset_152,xgb_shap_list_ir_1
501,BMI,0.94324857,0.5155586,481.05676,xgb_shap_list_ir_1_subset_152,xgb_shap_list_ir_1
502,DiabetesPedigreeFunction,0.40592855,0.19663383,207.02356,xgb_shap_list_ir_1_subset_152,xgb_shap_list_ir_1
503,Age,0.7723904,0.32287326,393.91913,xgb_shap_list_ir_1_subset_152,xgb_shap_list_ir_1
504,Pregnancies,0.3669211,0.27723268,187.12976,xgb_shap_list_ir_3_subset_151,xgb_shap_list_ir_3
505,Glucose,1.141333,0.8449343,582.07983,xgb_shap_list_ir_3_subset_151,xgb_shap_list_ir_3
506,BloodPressure,0.2994697,0.30588314,152.72955,xgb_shap_list_ir_3_subset_151,xgb_shap_list_ir_3
507,SkinThickness,0.26529455,0.23195201,135.30022,xgb_shap_list_ir_3_subset_151,xgb_shap_list_ir_3
508,Insulin,0.1822928,0.15473391,92.96933,xgb_shap_list_ir_3_subset_151,xgb_shap_list_ir_3
509,BMI,1.0150331,0.9104359,517.6669,xgb_shap_list_ir_3_subset_151,xgb_shap_list_ir_3
510,DiabetesPedigreeFunction,0.58376294,0.38240585,297.71912,xgb_shap_list_ir_3_subset_151,xgb_shap_list_ir_3
511,Age,0.64447147,0.5948076,328.68045,xgb_shap_list_ir_3_subset_151,xgb_shap_list_ir_3
512,Pregnancies,0.7446954,0.44457468,379.79468,xgb_shap_list_ir_1_subset_30,xgb_shap_list_ir_1
513,Glucose,0.3941185,0.2082021,201.00043,xgb_shap_list_ir_1_subset_30,xgb_shap_list_ir_1
514,BloodPressure,0.43005708,0.21986839,219.32912,xgb_shap_list_ir_1_subset_30,xgb_shap_list_ir_1
515,SkinThickness,0.5307689,0.15613236,270.69214,xgb_shap_list_ir_1_subset_30,xgb_shap_list_ir_1
516,Insulin,0.14844035,0.12161965,75.704575,xgb_shap_list_ir_1_subset_30,xgb_shap_list_ir_1
517,BMI,0.6111555,0.45058227,311.6893,xgb_shap_list_ir_1_subset_30,xgb_shap_list_ir_1
518,DiabetesPedigreeFunction,0.7534942,0.27130264,384.28204,xgb_shap_list_ir_1_subset_30,xgb_shap_list_ir_1
519,Age,1.101564,0.46738738,561.79767,xgb_shap_list_ir_1_subset_30,xgb_shap_list_ir_1
520,Pregnancies,0.48806795,0.32050484,248.91466,xgb_shap_list_ir_5_subset_93,xgb_shap_list_ir_5
521,Glucose,1.3904623,1.0145688,709.13574,xgb_shap_list_ir_5_subset_93,xgb_shap_list_ir_5
522,BloodPressure,0.2642384,0.21007045,134.76158,xgb_shap_list_ir_5_subset_93,xgb_shap_list_ir_5
523,SkinThickness,0.2094386,0.16642722,106.81369,xgb_shap_list_ir_5_subset_93,xgb_shap_list_ir_5
524,Insulin,0.33477494,0.28626877,170.73521,xgb_shap_list_ir_5_subset_93,xgb_shap_list_ir_5
525,BMI,0.8307841,0.66899353,423.6999,xgb_shap_list_ir_5_subset_93,xgb_shap_list_ir_5
526,DiabetesPedigreeFunction,0.64378446,0.5067125,328.33008,xgb_shap_list_ir_5_subset_93,xgb_shap_list_ir_5
527,Age,0.5115683,0.42649782,260.89984,xgb_shap_list_ir_5_subset_93,xgb_shap_list_ir_5
528,Pregnancies,0.6746088,0.5010577,344.0505,xgb_shap_list_ir_3_subset_136,xgb_shap_list_ir_3
529,Glucose,1.4161603,1.1890677,722.24176,xgb_shap_list_ir_3_subset_136,xgb_shap_list_ir_3
530,BloodPressure,0.27730483,0.18830892,141.42546,xgb_shap_list_ir_3_subset_136,xgb_shap_list_ir_3
531,SkinThickness,0.36731243,0.24950717,187.32935,xgb_shap_list_ir_3_subset_136,xgb_shap_list_ir_3
532,Insulin,0.21054102,0.22808701,107.37592,xgb_shap_list_ir_3_subset_136,xgb_shap_list_ir_3
533,BMI,0.7744814,0.62886554,394.98553,xgb_shap_list_ir_3_subset_136,xgb_shap_list_ir_3
534,DiabetesPedigreeFunction,0.5794307,0.36177692,295.50964,xgb_shap_list_ir_3_subset_136,xgb_shap_list_ir_3
535,Age,0.36902788,0.38739133,188.20422,xgb_shap_list_ir_3_subset_136,xgb_shap_list_ir_3
536,Pregnancies,0.32973853,0.18273011,168.16666,xgb_shap_list_ir_2_subset_16,xgb_shap_list_ir_2
537,Glucose,1.0869046,0.67735726,554.32135,xgb_shap_list_ir_2_subset_16,xgb_shap_list_ir_2
538,BloodPressure,0.5400239,0.42384744,275.4122,xgb_shap_list_ir_2_subset_16,xgb_shap_list_ir_2
539,SkinThickness,0.29439944,0.20102762,150.1437,xgb_shap_list_ir_2_subset_16,xgb_shap_list_ir_2
540,Insulin,0.45021063,0.25269765,229.60742,xgb_shap_list_ir_2_subset_16,xgb_shap_list_ir_2
541,BMI,1.1092467,0.9699835,565.7158,xgb_shap_list_ir_2_subset_16,xgb_shap_list_ir_2
542,DiabetesPedigreeFunction,0.5734321,0.32279438,292.45038,xgb_shap_list_ir_2_subset_16,xgb_shap_list_ir_2
543,Age,0.56116873,0.3412778,286.19604,xgb_shap_list_ir_2_subset_16,xgb_shap_list_ir_2
544,Pregnancies,1.1005344,0.64637715,561.2726,xgb_shap_list_ir_2_subset_66,xgb_shap_list_ir_2
545,Glucose,1.4023238,0.65169007,715.1852,xgb_shap_list_ir_2_subset_66,xgb_shap_list_ir_2
546,BloodPressure,0.26290432,0.18561326,134.0812,xgb_shap_list_ir_2_subset_66,xgb_shap_list_ir_2
547,SkinThickness,0.39108223,0.267811,199.45193,xgb_shap_list_ir_2_subset_66,xgb_shap_list_ir_2
548,Insulin,0.18179192,0.12740326,92.713875,xgb_shap_list_ir_2_subset_66,xgb_shap_list_ir_2
549,BMI,0.37660342,0.29541796,192.06775,xgb_shap_list_ir_2_subset_66,xgb_shap_list_ir_2
550,DiabetesPedigreeFunction,0.68002534,0.42895344,346.81293,xgb_shap_list_ir_2_subset_66,xgb_shap_list_ir_2
551,Age,0.39673254,0.21979961,202.33359,xgb_shap_list_ir_2_subset_66,xgb_shap_list_ir_2
552,Pregnancies,0.6036491,0.36067033,307.86102,xgb_shap_list_ir_1_subset_60,xgb_shap_list_ir_1
553,Glucose,1.4529345,0.6538979,740.9966,xgb_shap_list_ir_1_subset_60,xgb_shap_list_ir_1
554,BloodPressure,0.25704885,0.1379043,131.09491,xgb_shap_list_ir_1_subset_60,xgb_shap_list_ir_1
555,SkinThickness,0.3378224,0.20339414,172.28943,xgb_shap_list_ir_1_subset_60,xgb_shap_list_ir_1
556,Insulin,0.31506687,0.23535798,160.68411,xgb_shap_list_ir_1_subset_60,xgb_shap_list_ir_1
557,BMI,0.7078581,0.29918215,361.00763,xgb_shap_list_ir_1_subset_60,xgb_shap_list_ir_1
558,DiabetesPedigreeFunction,0.65671074,0.3395232,334.9225,xgb_shap_list_ir_1_subset_60,xgb_shap_list_ir_1
559,Age,0.446488,0.3362901,227.70888,xgb_shap_list_ir_1_subset_60,xgb_shap_list_ir_1
560,Pregnancies,0.38610068,0.24785542,196.91135,xgb_shap_list_ir_5_subset_92,xgb_shap_list_ir_5
561,Glucose,1.4778965,0.9443958,753.7272,xgb_shap_list_ir_5_subset_92,xgb_shap_list_ir_5
562,BloodPressure,0.3452271,0.28919673,176.06581,xgb_shap_list_ir_5_subset_92,xgb_shap_list_ir_5
563,SkinThickness,0.22253008,0.20677377,113.49034,xgb_shap_list_ir_5_subset_92,xgb_shap_list_ir_5
564,Insulin,0.34792295,0.3733964,177.4407,xgb_shap_list_ir_5_subset_92,xgb_shap_list_ir_5
565,BMI,0.8983414,0.7733716,458.1541,xgb_shap_list_ir_5_subset_92,xgb_shap_list_ir_5
566,DiabetesPedigreeFunction,0.48335367,0.3699896,246.51038,xgb_shap_list_ir_5_subset_92,xgb_shap_list_ir_5
567,Age,0.7144085,0.39616495,364.34836,xgb_shap_list_ir_5_subset_92,xgb_shap_list_ir_5
568,Pregnancies,0.30008468,0.20232284,153.04318,xgb_shap_list_ir_4_subset_91,xgb_shap_list_ir_4
569,Glucose,1.4663419,0.89005786,747.83435,xgb_shap_list_ir_4_subset_91,xgb_shap_list_ir_4
570,BloodPressure,0.39363912,0.31501743,200.75595,xgb_shap_list_ir_4_subset_91,xgb_shap_list_ir_4
571,SkinThickness,0.23837158,0.17857036,121.5695,xgb_shap_list_ir_4_subset_91,xgb_shap_list_ir_4
572,Insulin,0.23047355,0.20431118,117.54151,xgb_shap_list_ir_4_subset_91,xgb_shap_list_ir_4
573,BMI,0.8374878,0.525307,427.11877,xgb_shap_list_ir_4_subset_91,xgb_shap_list_ir_4
574,DiabetesPedigreeFunction,0.6471953,0.39041695,330.06958,xgb_shap_list_ir_4_subset_91,xgb_shap_list_ir_4
575,Age,0.5928481,0.43251464,302.35254,xgb_shap_list_ir_4_subset_91,xgb_shap_list_ir_4
576,Pregnancies,0.42175132,0.32416397,215.09317,xgb_shap_list_ir_3_subset_31,xgb_shap_list_ir_3
577,Glucose,1.430537,0.9713708,729.57385,xgb_shap_list_ir_3_subset_31,xgb_shap_list_ir_3
578,BloodPressure,0.20176649,0.1603959,102.90091,xgb_shap_list_ir_3_subset_31,xgb_shap_list_ir_3
579,SkinThickness,0.31743512,0.20532367,161.8919,xgb_shap_list_ir_3_subset_31,xgb_shap_list_ir_3
580,Insulin,0.5782409,0.32222313,294.90283,xgb_shap_list_ir_3_subset_31,xgb_shap_list_ir_3
581,BMI,0.68291366,0.60397655,348.28598,xgb_shap_list_ir_3_subset_31,xgb_shap_list_ir_3
582,DiabetesPedigreeFunction,0.49574912,0.37485832,252.83205,xgb_shap_list_ir_3_subset_31,xgb_shap_list_ir_3
583,Age,0.4951156,0.33070394,252.50896,xgb_shap_list_ir_3_subset_31,xgb_shap_list_ir_3
584,Pregnancies,0.44778532,0.32053763,228.37051,xgb_shap_list_ir_5_subset_135,xgb_shap_list_ir_5
585,Glucose,1.3967015,1.0108882,712.31775,xgb_shap_list_ir_5_subset_135,xgb_shap_list_ir_5
586,BloodPressure,0.30540517,0.28641462,155.75664,xgb_shap_list_ir_5_subset_135,xgb_shap_list_ir_5
587,SkinThickness,0.30773595,0.24749386,156.94533,xgb_shap_list_ir_5_subset_135,xgb_shap_list_ir_5
588,Insulin,0.29653195,0.22299145,151.2313,xgb_shap_list_ir_5_subset_135,xgb_shap_list_ir_5
589,BMI,0.68837637,0.5791043,351.07196,xgb_shap_list_ir_5_subset_135,xgb_shap_list_ir_5
590,DiabetesPedigreeFunction,0.67647815,0.5318456,345.00385,xgb_shap_list_ir_5_subset_135,xgb_shap_list_ir_5
591,Age,0.99341077,0.69185394,506.6395,xgb_shap_list_ir_5_subset_135,xgb_shap_list_ir_5
592,Pregnancies,0.3296753,0.20062867,168.1344,xgb_shap_list_ir_4_subset_151,xgb_shap_list_ir_4
593,Glucose,1.5122997,0.9024227,771.2728,xgb_shap_list_ir_4_subset_151,xgb_shap_list_ir_4
594,BloodPressure,0.25761694,0.1663842,131.38464,xgb_shap_list_ir_4_subset_151,xgb_shap_list_ir_4
595,SkinThickness,0.3213629,0.21974659,163.89508,xgb_shap_list_ir_4_subset_151,xgb_shap_list_ir_4
596,Insulin,0.39391696,0.35797888,200.89766,xgb_shap_list_ir_4_subset_151,xgb_shap_list_ir_4
597,BMI,0.8364563,0.7161339,426.5927,xgb_shap_list_ir_4_subset_151,xgb_shap_list_ir_4
598,DiabetesPedigreeFunction,0.5754403,0.38382405,293.47455,xgb_shap_list_ir_4_subset_151,xgb_shap_list_ir_4
599,Age,0.6228359,0.44419584,317.6463,xgb_shap_list_ir_4_subset_151,xgb_shap_list_ir_4
600,Pregnancies,0.16161928,0.116712034,82.42583,xgb_shap_list_ir_1_subset_49,xgb_shap_list_ir_1
601,Glucose,1.4918942,0.7815081,760.8661,xgb_shap_list_ir_1_subset_49,xgb_shap_list_ir_1
602,BloodPressure,0.48819676,0.34829187,248.98035,xgb_shap_list_ir_1_subset_49,xgb_shap_list_ir_1
603,SkinThickness,0.2914393,0.13508849,148.63403,xgb_shap_list_ir_1_subset_49,xgb_shap_list_ir_1
604,Insulin,0.62166363,0.45775843,317.04846,xgb_shap_list_ir_1_subset_49,xgb_shap_list_ir_1
605,BMI,0.6638033,0.32675618,338.53967,xgb_shap_list_ir_1_subset_49,xgb_shap_list_ir_1
606,DiabetesPedigreeFunction,0.50579596,0.32227966,257.95593,xgb_shap_list_ir_1_subset_49,xgb_shap_list_ir_1
607,Age,0.70240426,0.3140464,358.22617,xgb_shap_list_ir_1_subset_49,xgb_shap_list_ir_1
608,Pregnancies,0.63194233,0.3396997,322.2906,xgb_shap_list_ir_2_subset_90,xgb_shap_list_ir_2
609,Glucose,1.0331318,0.6556948,526.8972,xgb_shap_list_ir_2_subset_90,xgb_shap_list_ir_2
610,BloodPressure,0.49453765,0.37058377,252.2142,xgb_shap_list_ir_2_subset_90,xgb_shap_list_ir_2
611,SkinThickness,0.09707422,0.08564136,49.50785,xgb_shap_list_ir_2_subset_90,xgb_shap_list_ir_2
612,Insulin,0.45450804,0.3062633,231.7991,xgb_shap_list_ir_2_subset_90,xgb_shap_list_ir_2
613,BMI,0.7228452,0.5570451,368.65106,xgb_shap_list_ir_2_subset_90,xgb_shap_list_ir_2
614,DiabetesPedigreeFunction,0.592236,0.36692014,302.04034,xgb_shap_list_ir_2_subset_90,xgb_shap_list_ir_2
615,Age,0.2874453,0.17795002,146.5971,xgb_shap_list_ir_2_subset_90,xgb_shap_list_ir_2
616,Pregnancies,0.51963973,0.3376095,265.01627,xgb_shap_list_ir_4_subset_130,xgb_shap_list_ir_4
617,Glucose,1.2355335,0.81247014,630.1221,xgb_shap_list_ir_4_subset_130,xgb_shap_list_ir_4
618,BloodPressure,0.4773673,0.41465253,243.45734,xgb_shap_list_ir_4_subset_130,xgb_shap_list_ir_4
619,SkinThickness,0.21067324,0.17744806,107.44335,xgb_shap_list_ir_4_subset_130,xgb_shap_list_ir_4
620,Insulin,0.24332331,0.23539753,124.09489,xgb_shap_list_ir_4_subset_130,xgb_shap_list_ir_4
621,BMI,1.0784855,0.76971257,550.0276,xgb_shap_list_ir_4_subset_130,xgb_shap_list_ir_4
622,DiabetesPedigreeFunction,0.6296667,0.44400236,321.13,xgb_shap_list_ir_4_subset_130,xgb_shap_list_ir_4
623,Age,0.28661677,0.27107677,146.17456,xgb_shap_list_ir_4_subset_130,xgb_shap_list_ir_4
624,Pregnancies,0.2368121,0.17532709,120.77417,xgb_shap_list_ir_5_subset_10,xgb_shap_list_ir_5
625,Glucose,1.5632815,0.8822625,797.27356,xgb_shap_list_ir_5_subset_10,xgb_shap_list_ir_5
626,BloodPressure,0.3126221,0.23532064,159.43727,xgb_shap_list_ir_5_subset_10,xgb_shap_list_ir_5
627,SkinThickness,0.26528242,0.21173544,135.29404,xgb_shap_list_ir_5_subset_10,xgb_shap_list_ir_5
628,Insulin,0.23614472,0.25950444,120.43381,xgb_shap_list_ir_5_subset_10,xgb_shap_list_ir_5
629,BMI,0.905604,0.75527126,461.85803,xgb_shap_list_ir_5_subset_10,xgb_shap_list_ir_5
630,DiabetesPedigreeFunction,0.5434873,0.39567414,277.17853,xgb_shap_list_ir_5_subset_10,xgb_shap_list_ir_5
631,Age,0.76833487,0.39541656,391.85077,xgb_shap_list_ir_5_subset_10,xgb_shap_list_ir_5
632,Pregnancies,0.68344855,0.39527875,348.55878,xgb_shap_list_ir_2_subset_141,xgb_shap_list_ir_2
633,Glucose,1.4371763,0.9503457,732.95996,xgb_shap_list_ir_2_subset_141,xgb_shap_list_ir_2
634,BloodPressure,0.27814212,0.23511405,141.85248,xgb_shap_list_ir_2_subset_141,xgb_shap_list_ir_2
635,SkinThickness,0.31416985,0.23257059,160.22662,xgb_shap_list_ir_2_subset_141,xgb_shap_list_ir_2
636,Insulin,0.25852707,0.19514161,131.8488,xgb_shap_list_ir_2_subset_141,xgb_shap_list_ir_2
637,BMI,1.0824525,0.493458,552.0508,xgb_shap_list_ir_2_subset_141,xgb_shap_list_ir_2
638,DiabetesPedigreeFunction,0.522475,0.31793633,266.46225,xgb_shap_list_ir_2_subset_141,xgb_shap_list_ir_2
639,Age,0.37553245,0.3394004,191.52155,xgb_shap_list_ir_2_subset_141,xgb_shap_list_ir_2
640,Pregnancies,0.32162258,0.22170568,164.02751,xgb_shap_list_ir_4_subset_128,xgb_shap_list_ir_4
641,Glucose,1.5189812,1.1088015,774.6804,xgb_shap_list_ir_4_subset_128,xgb_shap_list_ir_4
642,BloodPressure,0.42169815,0.2968925,215.06606,xgb_shap_list_ir_4_subset_128,xgb_shap_list_ir_4
643,SkinThickness,0.18757138,0.15243275,95.6614,xgb_shap_list_ir_4_subset_128,xgb_shap_list_ir_4
644,Insulin,0.30757618,0.24480878,156.86385,xgb_shap_list_ir_4_subset_128,xgb_shap_list_ir_4
645,BMI,1.1930583,0.98223066,608.4597,xgb_shap_list_ir_4_subset_128,xgb_shap_list_ir_4
646,DiabetesPedigreeFunction,0.41859636,0.3538995,213.48415,xgb_shap_list_ir_4_subset_128,xgb_shap_list_ir_4
647,Age,0.44363725,0.29014212,226.255,xgb_shap_list_ir_4_subset_128,xgb_shap_list_ir_4
648,Pregnancies,0.21529214,0.1540163,109.79899,xgb_shap_list_ir_2_subset_116,xgb_shap_list_ir_2
649,Glucose,1.0245398,0.7381935,522.5153,xgb_shap_list_ir_2_subset_116,xgb_shap_list_ir_2
650,BloodPressure,0.5140571,0.3130884,262.16913,xgb_shap_list_ir_2_subset_116,xgb_shap_list_ir_2
651,SkinThickness,0.17638947,0.102239095,89.95863,xgb_shap_list_ir_2_subset_116,xgb_shap_list_ir_2
652,Insulin,0.541674,0.45537603,276.25375,xgb_shap_list_ir_2_subset_116,xgb_shap_list_ir_2
653,BMI,1.1592946,0.84192216,591.24023,xgb_shap_list_ir_2_subset_116,xgb_shap_list_ir_2
654,DiabetesPedigreeFunction,0.7896884,0.53402007,402.7411,xgb_shap_list_ir_2_subset_116,xgb_shap_list_ir_2
655,Age,0.58245033,0.30732316,297.04968,xgb_shap_list_ir_2_subset_116,xgb_shap_list_ir_2
656,Pregnancies,0.50148016,0.34271052,255.75488,xgb_shap_list_ir_5_subset_90,xgb_shap_list_ir_5
657,Glucose,1.4369833,1.062597,732.8615,xgb_shap_list_ir_5_subset_90,xgb_shap_list_ir_5
658,BloodPressure,0.4054683,0.33162734,206.78883,xgb_shap_list_ir_5_subset_90,xgb_shap_list_ir_5
659,SkinThickness,0.3011436,0.22265989,153.58324,xgb_shap_list_ir_5_subset_90,xgb_shap_list_ir_5
660,Insulin,0.25703233,0.20706593,131.08649,xgb_shap_list_ir_5_subset_90,xgb_shap_list_ir_5
661,BMI,0.97336435,0.92694753,496.41583,xgb_shap_list_ir_5_subset_90,xgb_shap_list_ir_5
662,DiabetesPedigreeFunction,0.4485742,0.36002105,228.77283,xgb_shap_list_ir_5_subset_90,xgb_shap_list_ir_5
663,Age,0.75720286,0.5041558,386.17346,xgb_shap_list_ir_5_subset_90,xgb_shap_list_ir_5
664,Pregnancies,0.34029678,0.3060928,173.55136,xgb_shap_list_ir_3_subset_26,xgb_shap_list_ir_3
665,Glucose,1.2241356,0.90555894,624.3092,xgb_shap_list_ir_3_subset_26,xgb_shap_list_ir_3
666,BloodPressure,0.5846469,0.34302974,298.16992,xgb_shap_list_ir_3_subset_26,xgb_shap_list_ir_3
667,SkinThickness,0.31309688,0.21621758,159.67941,xgb_shap_list_ir_3_subset_26,xgb_shap_list_ir_3
668,Insulin,0.21761625,0.20359139,110.98428,xgb_shap_list_ir_3_subset_26,xgb_shap_list_ir_3
669,BMI,0.8814764,0.6558825,449.55298,xgb_shap_list_ir_3_subset_26,xgb_shap_list_ir_3
670,DiabetesPedigreeFunction,0.66093427,0.32361725,337.07648,xgb_shap_list_ir_3_subset_26,xgb_shap_list_ir_3
671,Age,0.47232264,0.34245288,240.88455,xgb_shap_list_ir_3_subset_26,xgb_shap_list_ir_3
672,Pregnancies,0.24647047,0.18794848,125.699936,xgb_shap_list_ir_4_subset_82,xgb_shap_list_ir_4
673,Glucose,1.2850274,0.8426023,655.36395,xgb_shap_list_ir_4_subset_82,xgb_shap_list_ir_4
674,BloodPressure,0.28838468,0.24441563,147.07619,xgb_shap_list_ir_4_subset_82,xgb_shap_list_ir_4
675,SkinThickness,0.25122747,0.17787406,128.126,xgb_shap_list_ir_4_subset_82,xgb_shap_list_ir_4
676,Insulin,0.27286837,0.28047004,139.16287,xgb_shap_list_ir_4_subset_82,xgb_shap_list_ir_4
677,BMI,0.9856161,0.88023585,502.6642,xgb_shap_list_ir_4_subset_82,xgb_shap_list_ir_4
678,DiabetesPedigreeFunction,0.56095356,0.43555605,286.0863,xgb_shap_list_ir_4_subset_82,xgb_shap_list_ir_4
679,Age,1.0734546,1.0144281,547.46185,xgb_shap_list_ir_4_subset_82,xgb_shap_list_ir_4
680,Pregnancies,0.25462085,0.19781956,129.85663,xgb_shap_list_ir_2_subset_129,xgb_shap_list_ir_2
681,Glucose,1.0647528,0.51696384,543.0239,xgb_shap_list_ir_2_subset_129,xgb_shap_list_ir_2
682,BloodPressure,0.53724295,0.36255744,273.9939,xgb_shap_list_ir_2_subset_129,xgb_shap_list_ir_2
683,SkinThickness,0.23749731,0.19216214,121.123634,xgb_shap_list_ir_2_subset_129,xgb_shap_list_ir_2
684,Insulin,0.12236602,0.12660216,62.40667,xgb_shap_list_ir_2_subset_129,xgb_shap_list_ir_2
685,BMI,0.6061806,0.4388998,309.1521,xgb_shap_list_ir_2_subset_129,xgb_shap_list_ir_2
686,DiabetesPedigreeFunction,0.83307314,0.49677908,424.8673,xgb_shap_list_ir_2_subset_129,xgb_shap_list_ir_2
687,Age,1.0422028,0.606866,531.52344,xgb_shap_list_ir_2_subset_129,xgb_shap_list_ir_2
688,Pregnancies,0.17147692,0.123030774,87.453224,xgb_shap_list_ir_4_subset_132,xgb_shap_list_ir_4
689,Glucose,1.2010428,0.79505557,612.5318,xgb_shap_list_ir_4_subset_132,xgb_shap_list_ir_4
690,BloodPressure,0.28664985,0.23418547,146.19142,xgb_shap_list_ir_4_subset_132,xgb_shap_list_ir_4
691,SkinThickness,0.29536182,0.19524433,150.63452,xgb_shap_list_ir_4_subset_132,xgb_shap_list_ir_4
692,Insulin,0.29143345,0.18485904,148.63106,xgb_shap_list_ir_4_subset_132,xgb_shap_list_ir_4
693,BMI,0.87325466,0.69133866,445.35986,xgb_shap_list_ir_4_subset_132,xgb_shap_list_ir_4
694,DiabetesPedigreeFunction,0.69370836,0.4391121,353.79126,xgb_shap_list_ir_4_subset_132,xgb_shap_list_ir_4
695,Age,1.2609496,0.91719574,643.0843,xgb_shap_list_ir_4_subset_132,xgb_shap_list_ir_4
696,Pregnancies,0.26218632,0.20033406,133.71503,xgb_shap_list_ir_5_subset_143,xgb_shap_list_ir_5
697,Glucose,1.6625284,0.9889889,847.88947,xgb_shap_list_ir_5_subset_143,xgb_shap_list_ir_5
698,BloodPressure,0.48235735,0.3608681,246.00224,xgb_shap_list_ir_5_subset_143,xgb_shap_list_ir_5
699,SkinThickness,0.19430082,0.1612126,99.093414,xgb_shap_list_ir_5_subset_143,xgb_shap_list_ir_5
700,Insulin,0.40090036,0.33591914,204.45918,xgb_shap_list_ir_5_subset_143,xgb_shap_list_ir_5
701,BMI,0.8463876,0.7398095,431.65768,xgb_shap_list_ir_5_subset_143,xgb_shap_list_ir_5
702,DiabetesPedigreeFunction,0.610101,0.40291867,311.1515,xgb_shap_list_ir_5_subset_143,xgb_shap_list_ir_5
703,Age,0.6279214,0.43407542,320.23993,xgb_shap_list_ir_5_subset_143,xgb_shap_list_ir_5
704,Pregnancies,0.78414655,0.41603765,399.91473,xgb_shap_list_ir_3_subset_57,xgb_shap_list_ir_3
705,Glucose,1.413743,1.3171623,721.0089,xgb_shap_list_ir_3_subset_57,xgb_shap_list_ir_3
706,BloodPressure,0.32789072,0.24892958,167.22427,xgb_shap_list_ir_3_subset_57,xgb_shap_list_ir_3
707,SkinThickness,0.2737963,0.19866525,139.63611,xgb_shap_list_ir_3_subset_57,xgb_shap_list_ir_3
708,Insulin,0.30602723,0.2791205,156.07388,xgb_shap_list_ir_3_subset_57,xgb_shap_list_ir_3
709,BMI,0.66463137,0.5361301,338.962,xgb_shap_list_ir_3_subset_57,xgb_shap_list_ir_3
710,DiabetesPedigreeFunction,0.4178337,0.3603989,213.09518,xgb_shap_list_ir_3_subset_57,xgb_shap_list_ir_3
711,Age,0.94254017,0.63186157,480.6955,xgb_shap_list_ir_3_subset_57,xgb_shap_list_ir_3
712,Pregnancies,0.512562,0.29356465,261.40662,xgb_shap_list_ir_3_subset_95,xgb_shap_list_ir_3
713,Glucose,1.8114642,1.2144288,923.84674,xgb_shap_list_ir_3_subset_95,xgb_shap_list_ir_3
714,BloodPressure,0.24198821,0.225038,123.41399,xgb_shap_list_ir_3_subset_95,xgb_shap_list_ir_3
715,SkinThickness,0.29244056,0.20411946,149.14468,xgb_shap_list_ir_3_subset_95,xgb_shap_list_ir_3
716,Insulin,0.2005845,0.14679392,102.298096,xgb_shap_list_ir_3_subset_95,xgb_shap_list_ir_3
717,BMI,0.68479544,0.56954753,349.24567,xgb_shap_list_ir_3_subset_95,xgb_shap_list_ir_3
718,DiabetesPedigreeFunction,0.5543933,0.470172,282.74057,xgb_shap_list_ir_3_subset_95,xgb_shap_list_ir_3
719,Age,0.7298046,0.37328926,372.20035,xgb_shap_list_ir_3_subset_95,xgb_shap_list_ir_3
720,Pregnancies,0.4454408,0.3234317,227.1748,xgb_shap_list_ir_5_subset_31,xgb_shap_list_ir_5
721,Glucose,1.5847049,1.0830019,808.19946,xgb_shap_list_ir_5_subset_31,xgb_shap_list_ir_5
722,BloodPressure,0.3293913,0.262277,167.98956,xgb_shap_list_ir_5_subset_31,xgb_shap_list_ir_5
723,SkinThickness,0.26858866,0.17461419,136.98022,xgb_shap_list_ir_5_subset_31,xgb_shap_list_ir_5
724,Insulin,0.31039107,0.24377556,158.29944,xgb_shap_list_ir_5_subset_31,xgb_shap_list_ir_5
725,BMI,0.6186248,0.4930352,315.49866,xgb_shap_list_ir_5_subset_31,xgb_shap_list_ir_5
726,DiabetesPedigreeFunction,0.7175529,0.5669071,365.95197,xgb_shap_list_ir_5_subset_31,xgb_shap_list_ir_5
727,Age,0.63230497,0.38454455,322.47552,xgb_shap_list_ir_5_subset_31,xgb_shap_list_ir_5
728,Pregnancies,0.22855602,0.1657875,116.56357,xgb_shap_list_ir_5_subset_20,xgb_shap_list_ir_5
729,Glucose,1.591981,1.0745608,811.91034,xgb_shap_list_ir_5_subset_20,xgb_shap_list_ir_5
730,BloodPressure,0.34181413,0.2683112,174.32521,xgb_shap_list_ir_5_subset_20,xgb_shap_list_ir_5
731,SkinThickness,0.15685642,0.1268871,79.99677,xgb_shap_list_ir_5_subset_20,xgb_shap_list_ir_5
732,Insulin,0.343929,0.29582697,175.4038,xgb_shap_list_ir_5_subset_20,xgb_shap_list_ir_5
733,BMI,0.95753676,0.720412,488.34375,xgb_shap_list_ir_5_subset_20,xgb_shap_list_ir_5
734,DiabetesPedigreeFunction,0.45456555,0.3244506,231.82843,xgb_shap_list_ir_5_subset_20,xgb_shap_list_ir_5
735,Age,0.6293746,0.45032677,320.98105,xgb_shap_list_ir_5_subset_20,xgb_shap_list_ir_5
736,Pregnancies,0.166185,0.10410894,84.75436,xgb_shap_list_ir_1_subset_89,xgb_shap_list_ir_1
737,Glucose,1.156983,0.59388435,590.06134,xgb_shap_list_ir_1_subset_89,xgb_shap_list_ir_1
738,BloodPressure,0.55836684,0.32986015,284.7671,xgb_shap_list_ir_1_subset_89,xgb_shap_list_ir_1
739,SkinThickness,0.11416012,0.06796833,58.22166,xgb_shap_list_ir_1_subset_89,xgb_shap_list_ir_1
740,Insulin,0.175396,0.12208274,89.45196,xgb_shap_list_ir_1_subset_89,xgb_shap_list_ir_1
741,BMI,0.5087645,0.21614231,259.4699,xgb_shap_list_ir_1_subset_89,xgb_shap_list_ir_1
742,DiabetesPedigreeFunction,0.41671693,0.26418668,212.52563,xgb_shap_list_ir_1_subset_89,xgb_shap_list_ir_1
743,Age,1.2309268,0.39526537,627.77264,xgb_shap_list_ir_1_subset_89,xgb_shap_list_ir_1
744,Pregnancies,1.076878,0.27681068,549.20776,xgb_shap_list_ir_1_subset_42,xgb_shap_list_ir_1
745,Glucose,0.93222827,0.6192878,475.4364,xgb_shap_list_ir_1_subset_42,xgb_shap_list_ir_1
746,BloodPressure,0.17254823,0.16329384,87.9996,xgb_shap_list_ir_1_subset_42,xgb_shap_list_ir_1
747,SkinThickness,0.1829788,0.09723621,93.31918,xgb_shap_list_ir_1_subset_42,xgb_shap_list_ir_1
748,Insulin,0.12983377,0.09321167,66.215225,xgb_shap_list_ir_1_subset_42,xgb_shap_list_ir_1
749,BMI,0.7553756,0.48906317,385.24158,xgb_shap_list_ir_1_subset_42,xgb_shap_list_ir_1
750,DiabetesPedigreeFunction,0.6533417,0.37015972,333.20428,xgb_shap_list_ir_1_subset_42,xgb_shap_list_ir_1
751,Age,0.31252944,0.21760114,159.39001,xgb_shap_list_ir_1_subset_42,xgb_shap_list_ir_1
752,Pregnancies,0.32430798,0.22129318,165.39706,xgb_shap_list_ir_1_subset_61,xgb_shap_list_ir_1
753,Glucose,0.41081145,0.21196957,209.51384,xgb_shap_list_ir_1_subset_61,xgb_shap_list_ir_1
754,BloodPressure,0.30471262,0.1711058,155.40344,xgb_shap_list_ir_1_subset_61,xgb_shap_list_ir_1
755,SkinThickness,0.6816725,0.30328134,347.65298,xgb_shap_list_ir_1_subset_61,xgb_shap_list_ir_1
756,Insulin,0.23995492,0.14621182,122.37701,xgb_shap_list_ir_1_subset_61,xgb_shap_list_ir_1
757,BMI,0.63087016,0.36130252,321.74377,xgb_shap_list_ir_1_subset_61,xgb_shap_list_ir_1
758,DiabetesPedigreeFunction,0.9862348,0.39235407,502.97974,xgb_shap_list_ir_1_subset_61,xgb_shap_list_ir_1
759,Age,0.38391322,0.23094703,195.79575,xgb_shap_list_ir_1_subset_61,xgb_shap_list_ir_1
760,Pregnancies,0.29203007,0.21012188,148.93533,xgb_shap_list_ir_5_subset_39,xgb_shap_list_ir_5
761,Glucose,1.5797569,0.89211035,805.676,xgb_shap_list_ir_5_subset_39,xgb_shap_list_ir_5
762,BloodPressure,0.60305786,0.41945094,307.5595,xgb_shap_list_ir_5_subset_39,xgb_shap_list_ir_5
763,SkinThickness,0.31738073,0.22578491,161.86417,xgb_shap_list_ir_5_subset_39,xgb_shap_list_ir_5
764,Insulin,0.25996923,0.3254472,132.5843,xgb_shap_list_ir_5_subset_39,xgb_shap_list_ir_5
765,BMI,0.8378385,0.71308357,427.2976,xgb_shap_list_ir_5_subset_39,xgb_shap_list_ir_5
766,DiabetesPedigreeFunction,0.59004813,0.5241864,300.92456,xgb_shap_list_ir_5_subset_39,xgb_shap_list_ir_5
767,Age,0.86757153,0.5006759,442.4615,xgb_shap_list_ir_5_subset_39,xgb_shap_list_ir_5
768,Pregnancies,0.35379988,0.22807404,180.43794,xgb_shap_list_ir_3_subset_30,xgb_shap_list_ir_3
769,Glucose,1.2373685,0.79798603,631.0579,xgb_shap_list_ir_3_subset_30,xgb_shap_list_ir_3
770,BloodPressure,0.35956648,0.2744453,183.3789,xgb_shap_list_ir_3_subset_30,xgb_shap_list_ir_3
771,SkinThickness,0.1928329,0.13637078,98.34478,xgb_shap_list_ir_3_subset_30,xgb_shap_list_ir_3
772,Insulin,0.16527207,0.12458256,84.28876,xgb_shap_list_ir_3_subset_30,xgb_shap_list_ir_3
773,BMI,0.696445,0.51522887,355.18695,xgb_shap_list_ir_3_subset_30,xgb_shap_list_ir_3
774,DiabetesPedigreeFunction,0.83520305,0.52711254,425.95355,xgb_shap_list_ir_3_subset_30,xgb_shap_list_ir_3
775,Age,0.97941333,0.7549969,499.5008,xgb_shap_list_ir_3_subset_30,xgb_shap_list_ir_3
776,Pregnancies,0.1983201,0.13004422,101.14326,xgb_shap_list_ir_4_subset_96,xgb_shap_list_ir_4
777,Glucose,1.3222575,0.9392007,674.3513,xgb_shap_list_ir_4_subset_96,xgb_shap_list_ir_4
778,BloodPressure,0.40728274,0.2686026,207.7142,xgb_shap_list_ir_4_subset_96,xgb_shap_list_ir_4
779,SkinThickness,0.20432602,0.18385683,104.20627,xgb_shap_list_ir_4_subset_96,xgb_shap_list_ir_4
780,Insulin,0.24693197,0.17857711,125.9353,xgb_shap_list_ir_4_subset_96,xgb_shap_list_ir_4
781,BMI,0.9532989,0.75562835,486.18246,xgb_shap_list_ir_4_subset_96,xgb_shap_list_ir_4
782,DiabetesPedigreeFunction,0.45778814,0.35377482,233.47195,xgb_shap_list_ir_4_subset_96,xgb_shap_list_ir_4
783,Age,1.0967331,0.69837284,559.33386,xgb_shap_list_ir_4_subset_96,xgb_shap_list_ir_4
784,Pregnancies,0.6027233,0.4549147,307.3889,xgb_shap_list_ir_2_subset_85,xgb_shap_list_ir_2
785,Glucose,1.578496,0.91493344,805.03296,xgb_shap_list_ir_2_subset_85,xgb_shap_list_ir_2
786,BloodPressure,0.3172684,0.25919327,161.80688,xgb_shap_list_ir_2_subset_85,xgb_shap_list_ir_2
787,SkinThickness,0.12926465,0.11218893,65.92497,xgb_shap_list_ir_2_subset_85,xgb_shap_list_ir_2
788,Insulin,0.1281641,0.101981886,65.36369,xgb_shap_list_ir_2_subset_85,xgb_shap_list_ir_2
789,BMI,0.81021726,0.42763072,413.21082,xgb_shap_list_ir_2_subset_85,xgb_shap_list_ir_2
790,DiabetesPedigreeFunction,0.4809343,0.3582749,245.27649,xgb_shap_list_ir_2_subset_85,xgb_shap_list_ir_2
791,Age,0.5832566,0.41710007,297.46088,xgb_shap_list_ir_2_subset_85,xgb_shap_list_ir_2
792,Pregnancies,0.24348156,0.1794776,124.1756,xgb_shap_list_ir_2_subset_68,xgb_shap_list_ir_2
793,Glucose,1.7260885,0.86197203,880.3052,xgb_shap_list_ir_2_subset_68,xgb_shap_list_ir_2
794,BloodPressure,0.29496452,0.15634535,150.4319,xgb_shap_list_ir_2_subset_68,xgb_shap_list_ir_2
795,SkinThickness,0.17251635,0.12263485,87.98334,xgb_shap_list_ir_2_subset_68,xgb_shap_list_ir_2
796,Insulin,0.11347724,0.13824666,57.87339,xgb_shap_list_ir_2_subset_68,xgb_shap_list_ir_2
797,BMI,0.84886295,0.63818765,432.9201,xgb_shap_list_ir_2_subset_68,xgb_shap_list_ir_2
798,DiabetesPedigreeFunction,0.7756301,0.49705663,395.57135,xgb_shap_list_ir_2_subset_68,xgb_shap_list_ir_2
799,Age,1.1777972,0.46161932,600.6766,xgb_shap_list_ir_2_subset_68,xgb_shap_list_ir_2
800,Pregnancies,0.48680186,0.20245534,248.26895,xgb_shap_list_ir_1_subset_103,xgb_shap_list_ir_1
801,Glucose,0.645948,0.4402199,329.43347,xgb_shap_list_ir_1_subset_103,xgb_shap_list_ir_1
802,BloodPressure,0.37000245,0.26126686,188.70125,xgb_shap_list_ir_1_subset_103,xgb_shap_list_ir_1
803,SkinThickness,0.16655901,0.10913375,84.9451,xgb_shap_list_ir_1_subset_103,xgb_shap_list_ir_1
804,Insulin,0.37458864,0.3705089,191.0402,xgb_shap_list_ir_1_subset_103,xgb_shap_list_ir_1
805,BMI,0.46140796,0.29330578,235.31805,xgb_shap_list_ir_1_subset_103,xgb_shap_list_ir_1
806,DiabetesPedigreeFunction,1.0275218,0.5989533,524.03613,xgb_shap_list_ir_1_subset_103,xgb_shap_list_ir_1
807,Age,0.6850466,0.39969674,349.37378,xgb_shap_list_ir_1_subset_103,xgb_shap_list_ir_1
808,Pregnancies,0.5445913,0.4635885,277.74158,xgb_shap_list_ir_2_subset_51,xgb_shap_list_ir_2
809,Glucose,1.4895843,0.6747568,759.688,xgb_shap_list_ir_2_subset_51,xgb_shap_list_ir_2
810,BloodPressure,0.41098508,0.2678518,209.60239,xgb_shap_list_ir_2_subset_51,xgb_shap_list_ir_2
811,SkinThickness,0.6145215,0.41577673,313.40598,xgb_shap_list_ir_2_subset_51,xgb_shap_list_ir_2
812,Insulin,0.26135764,0.1964292,133.29239,xgb_shap_list_ir_2_subset_51,xgb_shap_list_ir_2
813,BMI,0.64722025,0.60702485,330.08234,xgb_shap_list_ir_2_subset_51,xgb_shap_list_ir_2
814,DiabetesPedigreeFunction,0.54273874,0.39459273,276.79675,xgb_shap_list_ir_2_subset_51,xgb_shap_list_ir_2
815,Age,0.6923978,0.5195117,353.12286,xgb_shap_list_ir_2_subset_51,xgb_shap_list_ir_2
816,Pregnancies,0.30311438,0.19012485,154.58833,xgb_shap_list_ir_4_subset_135,xgb_shap_list_ir_4
817,Glucose,1.5021434,1.0064007,766.09314,xgb_shap_list_ir_4_subset_135,xgb_shap_list_ir_4
818,BloodPressure,0.3005912,0.22166325,153.30151,xgb_shap_list_ir_4_subset_135,xgb_shap_list_ir_4
819,SkinThickness,0.2669647,0.34121358,136.152,xgb_shap_list_ir_4_subset_135,xgb_shap_list_ir_4
820,Insulin,0.24874523,0.19086722,126.86007,xgb_shap_list_ir_4_subset_135,xgb_shap_list_ir_4
821,BMI,1.1907498,0.97023106,607.2824,xgb_shap_list_ir_4_subset_135,xgb_shap_list_ir_4
822,DiabetesPedigreeFunction,0.4903764,0.37687403,250.09196,xgb_shap_list_ir_4_subset_135,xgb_shap_list_ir_4
823,Age,0.83637047,0.41273487,426.54895,xgb_shap_list_ir_4_subset_135,xgb_shap_list_ir_4
824,Pregnancies,0.51732045,0.36214498,263.83344,xgb_shap_list_ir_5_subset_125,xgb_shap_list_ir_5
825,Glucose,1.6549022,1.0489852,844.0001,xgb_shap_list_ir_5_subset_125,xgb_shap_list_ir_5
826,BloodPressure,0.33352584,0.25071058,170.09818,xgb_shap_list_ir_5_subset_125,xgb_shap_list_ir_5
827,SkinThickness,0.24696484,0.1919974,125.95207,xgb_shap_list_ir_5_subset_125,xgb_shap_list_ir_5
828,Insulin,0.26253173,0.23101576,133.89117,xgb_shap_list_ir_5_subset_125,xgb_shap_list_ir_5
829,BMI,0.9988947,0.7986928,509.43628,xgb_shap_list_ir_5_subset_125,xgb_shap_list_ir_5
830,DiabetesPedigreeFunction,0.41013005,0.3392434,209.16632,xgb_shap_list_ir_5_subset_125,xgb_shap_list_ir_5
831,Age,0.7364282,0.51716036,375.57837,xgb_shap_list_ir_5_subset_125,xgb_shap_list_ir_5
832,Pregnancies,1.0440333,0.47655034,532.457,xgb_shap_list_ir_1_subset_54,xgb_shap_list_ir_1
833,Glucose,0.92111826,0.5234497,469.77032,xgb_shap_list_ir_1_subset_54,xgb_shap_list_ir_1
834,BloodPressure,0.14821522,0.11809793,75.58976,xgb_shap_list_ir_1_subset_54,xgb_shap_list_ir_1
835,SkinThickness,0.1802986,0.1413561,91.952286,xgb_shap_list_ir_1_subset_54,xgb_shap_list_ir_1
836,Insulin,0.10034649,0.073755376,51.176712,xgb_shap_list_ir_1_subset_54,xgb_shap_list_ir_1
837,BMI,0.59838223,0.4191302,305.17493,xgb_shap_list_ir_1_subset_54,xgb_shap_list_ir_1
838,DiabetesPedigreeFunction,0.6743687,0.5268042,343.92804,xgb_shap_list_ir_1_subset_54,xgb_shap_list_ir_1
839,Age,0.25143212,0.21149874,128.23038,xgb_shap_list_ir_1_subset_54,xgb_shap_list_ir_1
840,Pregnancies,0.23140052,0.10284319,118.01427,xgb_shap_list_ir_1_subset_48,xgb_shap_list_ir_1
841,Glucose,1.1155261,0.60350513,568.9183,xgb_shap_list_ir_1_subset_48,xgb_shap_list_ir_1
842,BloodPressure,0.08523625,0.07504462,43.47049,xgb_shap_list_ir_1_subset_48,xgb_shap_list_ir_1
843,SkinThickness,0.36968833,0.2218607,188.54105,xgb_shap_list_ir_1_subset_48,xgb_shap_list_ir_1
844,Insulin,0.5741785,0.31855616,292.83105,xgb_shap_list_ir_1_subset_48,xgb_shap_list_ir_1
845,BMI,0.5241218,0.41198513,267.30212,xgb_shap_list_ir_1_subset_48,xgb_shap_list_ir_1
846,DiabetesPedigreeFunction,0.6456673,0.4010323,329.29034,xgb_shap_list_ir_1_subset_48,xgb_shap_list_ir_1
847,Age,0.747828,0.22559285,381.39227,xgb_shap_list_ir_1_subset_48,xgb_shap_list_ir_1
848,Pregnancies,0.30379042,0.22925077,154.93312,xgb_shap_list_ir_5_subset_105,xgb_shap_list_ir_5
849,Glucose,1.5903715,1.0623537,811.0895,xgb_shap_list_ir_5_subset_105,xgb_shap_list_ir_5
850,BloodPressure,0.33482003,0.29024175,170.75821,xgb_shap_list_ir_5_subset_105,xgb_shap_list_ir_5
851,SkinThickness,0.28088835,0.19063783,143.25305,xgb_shap_list_ir_5_subset_105,xgb_shap_list_ir_5
852,Insulin,0.34235665,0.29055408,174.6019,xgb_shap_list_ir_5_subset_105,xgb_shap_list_ir_5
853,BMI,0.8604047,0.58932847,438.8064,xgb_shap_list_ir_5_subset_105,xgb_shap_list_ir_5
854,DiabetesPedigreeFunction,0.52551645,0.39492813,268.0134,xgb_shap_list_ir_5_subset_105,xgb_shap_list_ir_5
855,Age,0.5755591,0.40811646,293.53513,xgb_shap_list_ir_5_subset_105,xgb_shap_list_ir_5
856,Pregnancies,0.5042105,0.37471482,257.14734,xgb_shap_list_ir_3_subset_144,xgb_shap_list_ir_3
857,Glucose,1.162016,0.77658886,592.6282,xgb_shap_list_ir_3_subset_144,xgb_shap_list_ir_3
858,BloodPressure,0.29229262,0.24519531,149.06924,xgb_shap_list_ir_3_subset_144,xgb_shap_list_ir_3
859,SkinThickness,0.31140754,0.25690052,158.81784,xgb_shap_list_ir_3_subset_144,xgb_shap_list_ir_3
860,Insulin,0.2826479,0.26991436,144.15044,xgb_shap_list_ir_3_subset_144,xgb_shap_list_ir_3
861,BMI,1.0302826,0.76031625,525.44415,xgb_shap_list_ir_3_subset_144,xgb_shap_list_ir_3
862,DiabetesPedigreeFunction,0.5826696,0.38048804,297.1615,xgb_shap_list_ir_3_subset_144,xgb_shap_list_ir_3
863,Age,0.44392586,0.36343876,226.40219,xgb_shap_list_ir_3_subset_144,xgb_shap_list_ir_3
864,Pregnancies,0.49240908,0.3221224,251.12863,xgb_shap_list_ir_4_subset_149,xgb_shap_list_ir_4
865,Glucose,1.3694767,1.0040889,698.4331,xgb_shap_list_ir_4_subset_149,xgb_shap_list_ir_4
866,BloodPressure,0.24715103,0.204063,126.04703,xgb_shap_list_ir_4_subset_149,xgb_shap_list_ir_4
867,SkinThickness,0.33472648,0.2088927,170.71051,xgb_shap_list_ir_4_subset_149,xgb_shap_list_ir_4
868,Insulin,0.40723333,0.37606007,207.689,xgb_shap_list_ir_4_subset_149,xgb_shap_list_ir_4
869,BMI,1.2913051,1.2931914,658.5656,xgb_shap_list_ir_4_subset_149,xgb_shap_list_ir_4
870,DiabetesPedigreeFunction,0.75154555,0.39453214,383.28824,xgb_shap_list_ir_4_subset_149,xgb_shap_list_ir_4
871,Age,0.41752008,0.27474865,212.93524,xgb_shap_list_ir_4_subset_149,xgb_shap_list_ir_4
872,Pregnancies,0.20410854,0.13255909,104.09535,xgb_shap_list_ir_5_subset_133,xgb_shap_list_ir_5
873,Glucose,1.5358157,0.89429,783.266,xgb_shap_list_ir_5_subset_133,xgb_shap_list_ir_5
874,BloodPressure,0.2544859,0.25090757,129.78781,xgb_shap_list_ir_5_subset_133,xgb_shap_list_ir_5
875,SkinThickness,0.23843655,0.18244441,121.60264,xgb_shap_list_ir_5_subset_133,xgb_shap_list_ir_5
876,Insulin,0.24972898,0.23062338,127.36178,xgb_shap_list_ir_5_subset_133,xgb_shap_list_ir_5
877,BMI,0.9450514,0.85207814,481.9762,xgb_shap_list_ir_5_subset_133,xgb_shap_list_ir_5
878,DiabetesPedigreeFunction,0.6781055,0.41166526,345.8338,xgb_shap_list_ir_5_subset_133,xgb_shap_list_ir_5
879,Age,0.85158706,0.5643476,434.3094,xgb_shap_list_ir_5_subset_133,xgb_shap_list_ir_5
880,Pregnancies,0.6170032,0.33253697,314.67163,xgb_shap_list_ir_5_subset_36,xgb_shap_list_ir_5
881,Glucose,1.5716978,0.7837569,801.5659,xgb_shap_list_ir_5_subset_36,xgb_shap_list_ir_5
882,BloodPressure,0.46780285,0.31966624,238.57945,xgb_shap_list_ir_5_subset_36,xgb_shap_list_ir_5
883,SkinThickness,0.3570992,0.2753944,182.12059,xgb_shap_list_ir_5_subset_36,xgb_shap_list_ir_5
884,Insulin,0.30244184,0.26430774,154.24533,xgb_shap_list_ir_5_subset_36,xgb_shap_list_ir_5
885,BMI,0.9872823,0.73323387,503.51395,xgb_shap_list_ir_5_subset_36,xgb_shap_list_ir_5
886,DiabetesPedigreeFunction,0.66341317,0.476364,338.34073,xgb_shap_list_ir_5_subset_36,xgb_shap_list_ir_5
887,Age,0.6731099,0.3658418,343.28604,xgb_shap_list_ir_5_subset_36,xgb_shap_list_ir_5
888,Pregnancies,0.16020395,0.10729548,81.70401,xgb_shap_list_ir_4_subset_76,xgb_shap_list_ir_4
889,Glucose,1.6558888,1.1396997,844.5033,xgb_shap_list_ir_4_subset_76,xgb_shap_list_ir_4
890,BloodPressure,0.24576227,0.15239389,125.33876,xgb_shap_list_ir_4_subset_76,xgb_shap_list_ir_4
891,SkinThickness,0.20790154,0.16378346,106.029785,xgb_shap_list_ir_4_subset_76,xgb_shap_list_ir_4
892,Insulin,0.2711571,0.30918676,138.29012,xgb_shap_list_ir_4_subset_76,xgb_shap_list_ir_4
893,BMI,0.82162476,0.7616723,419.02863,xgb_shap_list_ir_4_subset_76,xgb_shap_list_ir_4
894,DiabetesPedigreeFunction,0.668781,0.4334158,341.0783,xgb_shap_list_ir_4_subset_76,xgb_shap_list_ir_4
895,Age,0.77110374,0.5605584,393.2629,xgb_shap_list_ir_4_subset_76,xgb_shap_list_ir_4
896,Pregnancies,0.6514331,0.44628334,332.2309,xgb_shap_list_ir_1_subset_8,xgb_shap_list_ir_1
897,Glucose,1.2633976,0.6091034,644.33276,xgb_shap_list_ir_1_subset_8,xgb_shap_list_ir_1
898,BloodPressure,0.24022838,0.17608859,122.51648,xgb_shap_list_ir_1_subset_8,xgb_shap_list_ir_1
899,SkinThickness,0.22436637,0.13587114,114.42685,xgb_shap_list_ir_1_subset_8,xgb_shap_list_ir_1
900,Insulin,0.27008164,0.13678329,137.74164,xgb_shap_list_ir_1_subset_8,xgb_shap_list_ir_1
901,BMI,0.583515,0.3429867,297.59265,xgb_shap_list_ir_1_subset_8,xgb_shap_list_ir_1
902,DiabetesPedigreeFunction,0.3485093,0.21348718,177.73975,xgb_shap_list_ir_1_subset_8,xgb_shap_list_ir_1
903,Age,1.0242305,0.28913307,522.35754,xgb_shap_list_ir_1_subset_8,xgb_shap_list_ir_1
904,Pregnancies,0.53997314,0.43233135,275.3863,xgb_shap_list_ir_5_subset_95,xgb_shap_list_ir_5
905,Glucose,1.4458616,0.9210211,737.3894,xgb_shap_list_ir_5_subset_95,xgb_shap_list_ir_5
906,BloodPressure,0.25328115,0.17954795,129.17339,xgb_shap_list_ir_5_subset_95,xgb_shap_list_ir_5
907,SkinThickness,0.15525877,0.13816899,79.18198,xgb_shap_list_ir_5_subset_95,xgb_shap_list_ir_5
908,Insulin,0.2267644,0.19324188,115.64984,xgb_shap_list_ir_5_subset_95,xgb_shap_list_ir_5
909,BMI,0.9078238,0.80280876,462.99014,xgb_shap_list_ir_5_subset_95,xgb_shap_list_ir_5
910,DiabetesPedigreeFunction,0.6961659,0.5228204,355.04462,xgb_shap_list_ir_5_subset_95,xgb_shap_list_ir_5
911,Age,0.53954655,0.45819372,275.16873,xgb_shap_list_ir_5_subset_95,xgb_shap_list_ir_5
912,Pregnancies,0.8262569,0.3976657,421.391,xgb_shap_list_ir_2_subset_72,xgb_shap_list_ir_2
913,Glucose,0.7696224,0.41783696,392.50742,xgb_shap_list_ir_2_subset_72,xgb_shap_list_ir_2
914,BloodPressure,0.38754326,0.37575704,197.64706,xgb_shap_list_ir_2_subset_72,xgb_shap_list_ir_2
915,SkinThickness,0.25522792,0.13059305,130.16624,xgb_shap_list_ir_2_subset_72,xgb_shap_list_ir_2
916,Insulin,0.5281029,0.33726552,269.33246,xgb_shap_list_ir_2_subset_72,xgb_shap_list_ir_2
917,BMI,0.9702465,0.7998306,494.8257,xgb_shap_list_ir_2_subset_72,xgb_shap_list_ir_2
918,DiabetesPedigreeFunction,0.56836337,0.3601675,289.86533,xgb_shap_list_ir_2_subset_72,xgb_shap_list_ir_2
919,Age,0.58149457,0.35185194,296.56223,xgb_shap_list_ir_2_subset_72,xgb_shap_list_ir_2
920,Pregnancies,0.31776658,0.20052165,162.06096,xgb_shap_list_ir_4_subset_42,xgb_shap_list_ir_4
921,Glucose,1.5628382,0.9356085,797.0475,xgb_shap_list_ir_4_subset_42,xgb_shap_list_ir_4
922,BloodPressure,0.38338125,0.3687696,195.52443,xgb_shap_list_ir_4_subset_42,xgb_shap_list_ir_4
923,SkinThickness,0.42417017,0.3122443,216.32678,xgb_shap_list_ir_4_subset_42,xgb_shap_list_ir_4
924,Insulin,0.27789402,0.2500453,141.72595,xgb_shap_list_ir_4_subset_42,xgb_shap_list_ir_4
925,BMI,0.7885963,0.7074502,402.1841,xgb_shap_list_ir_4_subset_42,xgb_shap_list_ir_4
926,DiabetesPedigreeFunction,0.65864867,0.5599332,335.91083,xgb_shap_list_ir_4_subset_42,xgb_shap_list_ir_4
927,Age,0.51191086,0.32170174,261.07452,xgb_shap_list_ir_4_subset_42,xgb_shap_list_ir_4
928,Pregnancies,0.3748519,0.33049518,191.17447,xgb_shap_list_ir_4_subset_75,xgb_shap_list_ir_4
929,Glucose,1.5120679,0.80192304,771.15466,xgb_shap_list_ir_4_subset_75,xgb_shap_list_ir_4
930,BloodPressure,0.33237344,0.24922533,169.51045,xgb_shap_list_ir_4_subset_75,xgb_shap_list_ir_4
931,SkinThickness,0.31502056,0.19950226,160.66049,xgb_shap_list_ir_4_subset_75,xgb_shap_list_ir_4
932,Insulin,0.25101653,0.21095587,128.01843,xgb_shap_list_ir_4_subset_75,xgb_shap_list_ir_4
933,BMI,0.928769,0.7084667,473.67218,xgb_shap_list_ir_4_subset_75,xgb_shap_list_ir_4
934,DiabetesPedigreeFunction,0.82212925,0.50708526,419.28592,xgb_shap_list_ir_4_subset_75,xgb_shap_list_ir_4
935,Age,0.45388928,0.38864064,231.48354,xgb_shap_list_ir_4_subset_75,xgb_shap_list_ir_4
936,Pregnancies,0.4850917,0.2728708,247.39676,xgb_shap_list_ir_4_subset_31,xgb_shap_list_ir_4
937,Glucose,1.3044178,0.825186,665.2531,xgb_shap_list_ir_4_subset_31,xgb_shap_list_ir_4
938,BloodPressure,0.3921993,0.34486103,200.02165,xgb_shap_list_ir_4_subset_31,xgb_shap_list_ir_4
939,SkinThickness,0.32938313,0.20570771,167.9854,xgb_shap_list_ir_4_subset_31,xgb_shap_list_ir_4
940,Insulin,0.28543496,0.2493235,145.57182,xgb_shap_list_ir_4_subset_31,xgb_shap_list_ir_4
941,BMI,0.93639255,0.6217213,477.5602,xgb_shap_list_ir_4_subset_31,xgb_shap_list_ir_4
942,DiabetesPedigreeFunction,0.43056047,0.32842788,219.58585,xgb_shap_list_ir_4_subset_31,xgb_shap_list_ir_4
943,Age,0.7172372,0.4566851,365.79095,xgb_shap_list_ir_4_subset_31,xgb_shap_list_ir_4
944,Pregnancies,0.389536,0.31098807,198.66336,xgb_shap_list_ir_2_subset_153,xgb_shap_list_ir_2
945,Glucose,1.316753,0.76991636,671.54407,xgb_shap_list_ir_2_subset_153,xgb_shap_list_ir_2
946,BloodPressure,0.36717978,0.21227421,187.26169,xgb_shap_list_ir_2_subset_153,xgb_shap_list_ir_2
947,SkinThickness,0.36400363,0.203633,185.64185,xgb_shap_list_ir_2_subset_153,xgb_shap_list_ir_2
948,Insulin,0.32274583,0.21628878,164.60037,xgb_shap_list_ir_2_subset_153,xgb_shap_list_ir_2
949,BMI,0.798499,0.6524926,407.2345,xgb_shap_list_ir_2_subset_153,xgb_shap_list_ir_2
950,DiabetesPedigreeFunction,0.75881094,0.46796235,386.9936,xgb_shap_list_ir_2_subset_153,xgb_shap_list_ir_2
951,Age,0.4270954,0.29552498,217.81866,xgb_shap_list_ir_2_subset_153,xgb_shap_list_ir_2
952,Pregnancies,0.15887426,0.15109153,81.02587,xgb_shap_list_ir_4_subset_93,xgb_shap_list_ir_4
953,Glucose,1.3132849,0.7587659,669.77527,xgb_shap_list_ir_4_subset_93,xgb_shap_list_ir_4
954,BloodPressure,0.33803234,0.2770038,172.39648,xgb_shap_list_ir_4_subset_93,xgb_shap_list_ir_4
955,SkinThickness,0.3444279,0.22848073,175.65823,xgb_shap_list_ir_4_subset_93,xgb_shap_list_ir_4
956,Insulin,0.21882558,0.18725245,111.60104,xgb_shap_list_ir_4_subset_93,xgb_shap_list_ir_4
957,BMI,1.0547038,0.8394858,537.8989,xgb_shap_list_ir_4_subset_93,xgb_shap_list_ir_4
958,DiabetesPedigreeFunction,0.487288,0.34133103,248.51688,xgb_shap_list_ir_4_subset_93,xgb_shap_list_ir_4
959,Age,0.8216758,0.65874153,419.05466,xgb_shap_list_ir_4_subset_93,xgb_shap_list_ir_4
960,Pregnancies,0.27814925,0.1931379,141.85611,xgb_shap_list_ir_4_subset_94,xgb_shap_list_ir_4
961,Glucose,1.1644737,0.86301064,593.8816,xgb_shap_list_ir_4_subset_94,xgb_shap_list_ir_4
962,BloodPressure,0.37779033,0.26655933,192.67307,xgb_shap_list_ir_4_subset_94,xgb_shap_list_ir_4
963,SkinThickness,0.316762,0.22129884,161.54861,xgb_shap_list_ir_4_subset_94,xgb_shap_list_ir_4
964,Insulin,0.25734445,0.27433524,131.24567,xgb_shap_list_ir_4_subset_94,xgb_shap_list_ir_4
965,BMI,1.0784358,0.88163805,550.00226,xgb_shap_list_ir_4_subset_94,xgb_shap_list_ir_4
966,DiabetesPedigreeFunction,0.48111337,0.33237314,245.36783,xgb_shap_list_ir_4_subset_94,xgb_shap_list_ir_4
967,Age,0.48823968,0.32364595,249.00223,xgb_shap_list_ir_4_subset_94,xgb_shap_list_ir_4
968,Pregnancies,0.4866175,0.3224755,248.17493,xgb_shap_list_ir_2_subset_98,xgb_shap_list_ir_2
969,Glucose,1.2911258,0.98614573,658.4741,xgb_shap_list_ir_2_subset_98,xgb_shap_list_ir_2
970,BloodPressure,0.22938024,0.16581765,116.98392,xgb_shap_list_ir_2_subset_98,xgb_shap_list_ir_2
971,SkinThickness,0.47492245,0.3028534,242.21045,xgb_shap_list_ir_2_subset_98,xgb_shap_list_ir_2
972,Insulin,0.19443332,0.18246228,99.16099,xgb_shap_list_ir_2_subset_98,xgb_shap_list_ir_2
973,BMI,0.8399356,0.61909664,428.36716,xgb_shap_list_ir_2_subset_98,xgb_shap_list_ir_2
974,DiabetesPedigreeFunction,0.4767421,0.35638735,243.13846,xgb_shap_list_ir_2_subset_98,xgb_shap_list_ir_2
975,Age,0.2903725,0.22757487,148.08997,xgb_shap_list_ir_2_subset_98,xgb_shap_list_ir_2
976,Pregnancies,0.31533867,0.16788667,160.82272,xgb_shap_list_ir_2_subset_109,xgb_shap_list_ir_2
977,Glucose,1.8277887,0.79751146,932.17224,xgb_shap_list_ir_2_subset_109,xgb_shap_list_ir_2
978,BloodPressure,0.52421504,0.21973349,267.34967,xgb_shap_list_ir_2_subset_109,xgb_shap_list_ir_2
979,SkinThickness,0.4508346,0.27432054,229.92564,xgb_shap_list_ir_2_subset_109,xgb_shap_list_ir_2
980,Insulin,0.27090946,0.24890834,138.16382,xgb_shap_list_ir_2_subset_109,xgb_shap_list_ir_2
981,BMI,0.6544599,0.4465611,333.77454,xgb_shap_list_ir_2_subset_109,xgb_shap_list_ir_2
982,DiabetesPedigreeFunction,0.7399425,0.531253,377.37067,xgb_shap_list_ir_2_subset_109,xgb_shap_list_ir_2
983,Age,0.43889615,0.27643713,223.83704,xgb_shap_list_ir_2_subset_109,xgb_shap_list_ir_2
984,Pregnancies,0.5907411,0.26286876,301.27795,xgb_shap_list_ir_3_subset_58,xgb_shap_list_ir_3
985,Glucose,1.7531997,0.8710091,894.13184,xgb_shap_list_ir_3_subset_58,xgb_shap_list_ir_3
986,BloodPressure,0.32150567,0.22462511,163.9679,xgb_shap_list_ir_3_subset_58,xgb_shap_list_ir_3
987,SkinThickness,0.30586934,0.20418143,155.99336,xgb_shap_list_ir_3_subset_58,xgb_shap_list_ir_3
988,Insulin,0.5486224,0.2933834,279.79742,xgb_shap_list_ir_3_subset_58,xgb_shap_list_ir_3
989,BMI,0.884851,0.5999527,451.274,xgb_shap_list_ir_3_subset_58,xgb_shap_list_ir_3
990,DiabetesPedigreeFunction,0.6665488,0.6257411,339.93988,xgb_shap_list_ir_3_subset_58,xgb_shap_list_ir_3
991,Age,0.26320586,0.18754427,134.23499,xgb_shap_list_ir_3_subset_58,xgb_shap_list_ir_3
992,Pregnancies,0.35714644,0.32121712,182.14468,xgb_shap_list_ir_3_subset_12,xgb_shap_list_ir_3
993,Glucose,1.4820483,1.0386884,755.8446,xgb_shap_list_ir_3_subset_12,xgb_shap_list_ir_3
994,BloodPressure,0.22588965,0.2532243,115.20372,xgb_shap_list_ir_3_subset_12,xgb_shap_list_ir_3
995,SkinThickness,0.29796195,0.21552427,151.9606,xgb_shap_list_ir_3_subset_12,xgb_shap_list_ir_3
996,Insulin,0.302973,0.26638222,154.51624,xgb_shap_list_ir_3_subset_12,xgb_shap_list_ir_3
997,BMI,0.9004177,0.71535254,459.213,xgb_shap_list_ir_3_subset_12,xgb_shap_list_ir_3
998,DiabetesPedigreeFunction,0.65179765,0.51355606,332.4168,xgb_shap_list_ir_3_subset_12,xgb_shap_list_ir_3
999,Age,0.5808432,0.5518481,296.23004,xgb_shap_list_ir_3_subset_12,xgb_shap_list_ir_3
1000,Pregnancies,0.64341396,0.33910093,328.1411,xgb_shap_list_ir_3_subset_45,xgb_shap_list_ir_3
1001,Glucose,1.2472917,1.0695777,636.1188,xgb_shap_list_ir_3_subset_45,xgb_shap_list_ir_3
1002,BloodPressure,0.28728274,0.21144198,146.51419,xgb_shap_list_ir_3_subset_45,xgb_shap_list_ir_3
1003,SkinThickness,0.41982624,0.29511845,214.11139,xgb_shap_list_ir_3_subset_45,xgb_shap_list_ir_3
1004,Insulin,0.19018449,0.14272447,96.99409,xgb_shap_list_ir_3_subset_45,xgb_shap_list_ir_3
1005,BMI,0.86522645,0.67256314,441.2655,xgb_shap_list_ir_3_subset_45,xgb_shap_list_ir_3
1006,DiabetesPedigreeFunction,0.5345591,0.42617354,272.62512,xgb_shap_list_ir_3_subset_45,xgb_shap_list_ir_3
1007,Age,0.8044387,0.47356632,410.26373,xgb_shap_list_ir_3_subset_45,xgb_shap_list_ir_3
1008,Pregnancies,0.5061671,0.3254601,258.14523,xgb_shap_list_ir_4_subset_46,xgb_shap_list_ir_4
1009,Glucose,1.4695182,0.8350823,749.4543,xgb_shap_list_ir_4_subset_46,xgb_shap_list_ir_4
1010,BloodPressure,0.44676372,0.2816325,227.8495,xgb_shap_list_ir_4_subset_46,xgb_shap_list_ir_4
1011,SkinThickness,0.2807149,0.21081167,143.1646,xgb_shap_list_ir_4_subset_46,xgb_shap_list_ir_4
1012,Insulin,0.39081594,0.32692543,199.31613,xgb_shap_list_ir_4_subset_46,xgb_shap_list_ir_4
1013,BMI,1.1301945,1.0067354,576.39923,xgb_shap_list_ir_4_subset_46,xgb_shap_list_ir_4
1014,DiabetesPedigreeFunction,0.48726705,0.44011772,248.5062,xgb_shap_list_ir_4_subset_46,xgb_shap_list_ir_4
1015,Age,0.8601847,0.5363078,438.6942,xgb_shap_list_ir_4_subset_46,xgb_shap_list_ir_4
1016,Pregnancies,0.2442718,0.18350776,124.57862,xgb_shap_list_ir_1_subset_120,xgb_shap_list_ir_1
1017,Glucose,1.5328981,0.41153118,781.778,xgb_shap_list_ir_1_subset_120,xgb_shap_list_ir_1
1018,BloodPressure,0.4161688,0.17013894,212.2461,xgb_shap_list_ir_1_subset_120,xgb_shap_list_ir_1
1019,SkinThickness,0.28016242,0.15970264,142.88284,xgb_shap_list_ir_1_subset_120,xgb_shap_list_ir_1
1020,Insulin,0.30769852,0.28115067,156.92624,xgb_shap_list_ir_1_subset_120,xgb_shap_list_ir_1
1021,BMI,0.88519406,0.48298633,451.44897,xgb_shap_list_ir_1_subset_120,xgb_shap_list_ir_1
1022,DiabetesPedigreeFunction,0.42546502,0.25907955,216.98715,xgb_shap_list_ir_1_subset_120,xgb_shap_list_ir_1
1023,Age,0.37695426,0.38023984,192.24667,xgb_shap_list_ir_1_subset_120,xgb_shap_list_ir_1
1024,Pregnancies,0.34767437,0.29183415,177.31393,xgb_shap_list_ir_1_subset_95,xgb_shap_list_ir_1
1025,Glucose,1.1885587,0.7844567,606.1649,xgb_shap_list_ir_1_subset_95,xgb_shap_list_ir_1
1026,BloodPressure,0.18451896,0.12709728,94.10467,xgb_shap_list_ir_1_subset_95,xgb_shap_list_ir_1
1027,SkinThickness,0.5156876,0.11356915,263.00067,xgb_shap_list_ir_1_subset_95,xgb_shap_list_ir_1
1028,Insulin,0.110289045,0.07924797,56.247414,xgb_shap_list_ir_1_subset_95,xgb_shap_list_ir_1
1029,BMI,0.78965086,0.38791263,402.72192,xgb_shap_list_ir_1_subset_95,xgb_shap_list_ir_1
1030,DiabetesPedigreeFunction,1.0052229,0.48739943,512.6637,xgb_shap_list_ir_1_subset_95,xgb_shap_list_ir_1
1031,Age,0.55531156,0.27358127,283.2089,xgb_shap_list_ir_1_subset_95,xgb_shap_list_ir_1
1032,Pregnancies,0.32868505,0.20307979,167.62938,xgb_shap_list_ir_2_subset_65,xgb_shap_list_ir_2
1033,Glucose,1.305745,0.9259634,665.92993,xgb_shap_list_ir_2_subset_65,xgb_shap_list_ir_2
1034,BloodPressure,0.43598503,0.33554247,222.35237,xgb_shap_list_ir_2_subset_65,xgb_shap_list_ir_2
1035,SkinThickness,0.1931961,0.1285758,98.530014,xgb_shap_list_ir_2_subset_65,xgb_shap_list_ir_2
1036,Insulin,0.23223318,0.21726315,118.43892,xgb_shap_list_ir_2_subset_65,xgb_shap_list_ir_2
1037,BMI,0.8557789,0.59625506,436.44724,xgb_shap_list_ir_2_subset_65,xgb_shap_list_ir_2
1038,DiabetesPedigreeFunction,0.6989767,0.41990694,356.47812,xgb_shap_list_ir_2_subset_65,xgb_shap_list_ir_2
1039,Age,0.4231672,0.30355874,215.81528,xgb_shap_list_ir_2_subset_65,xgb_shap_list_ir_2
1040,Pregnancies,0.1668368,0.14057471,85.08677,xgb_shap_list_ir_5_subset_22,xgb_shap_list_ir_5
1041,Glucose,1.6915733,1.1685237,862.7024,xgb_shap_list_ir_5_subset_22,xgb_shap_list_ir_5
1042,BloodPressure,0.29935783,0.26948094,152.6725,xgb_shap_list_ir_5_subset_22,xgb_shap_list_ir_5
1043,SkinThickness,0.20704176,0.13692458,105.59129,xgb_shap_list_ir_5_subset_22,xgb_shap_list_ir_5
1044,Insulin,0.14891735,0.12387985,75.947845,xgb_shap_list_ir_5_subset_22,xgb_shap_list_ir_5
1045,BMI,1.0553815,0.84360296,538.24457,xgb_shap_list_ir_5_subset_22,xgb_shap_list_ir_5
1046,DiabetesPedigreeFunction,0.6956085,0.46275538,354.76035,xgb_shap_list_ir_5_subset_22,xgb_shap_list_ir_5
1047,Age,0.78439045,0.5701534,400.03912,xgb_shap_list_ir_5_subset_22,xgb_shap_list_ir_5
1048,Pregnancies,0.28889397,0.19538796,147.33592,xgb_shap_list_ir_4_subset_159,xgb_shap_list_ir_4
1049,Glucose,1.0630664,0.8080107,542.1638,xgb_shap_list_ir_4_subset_159,xgb_shap_list_ir_4
1050,BloodPressure,0.37500483,0.26664454,191.25246,xgb_shap_list_ir_4_subset_159,xgb_shap_list_ir_4
1051,SkinThickness,0.5177862,0.33319384,264.07095,xgb_shap_list_ir_4_subset_159,xgb_shap_list_ir_4
1052,Insulin,0.2877196,0.16937236,146.737,xgb_shap_list_ir_4_subset_159,xgb_shap_list_ir_4
1053,BMI,1.0880656,0.85585296,554.91345,xgb_shap_list_ir_4_subset_159,xgb_shap_list_ir_4
1054,DiabetesPedigreeFunction,0.45731968,0.3037181,233.23303,xgb_shap_list_ir_4_subset_159,xgb_shap_list_ir_4
1055,Age,0.9092873,0.6146037,463.7365,xgb_shap_list_ir_4_subset_159,xgb_shap_list_ir_4
1056,Pregnancies,0.3413381,0.3461808,174.08243,xgb_shap_list_ir_4_subset_97,xgb_shap_list_ir_4
1057,Glucose,1.457844,0.74514985,743.5004,xgb_shap_list_ir_4_subset_97,xgb_shap_list_ir_4
1058,BloodPressure,0.31170142,0.21912186,158.96773,xgb_shap_list_ir_4_subset_97,xgb_shap_list_ir_4
1059,SkinThickness,0.3092604,0.2342736,157.72281,xgb_shap_list_ir_4_subset_97,xgb_shap_list_ir_4
1060,Insulin,0.48576742,0.2985754,247.74138,xgb_shap_list_ir_4_subset_97,xgb_shap_list_ir_4
1061,BMI,0.81915593,0.8135466,417.76953,xgb_shap_list_ir_4_subset_97,xgb_shap_list_ir_4
1062,DiabetesPedigreeFunction,0.67020637,0.58615047,341.80524,xgb_shap_list_ir_4_subset_97,xgb_shap_list_ir_4
1063,Age,0.7445387,0.47643661,379.71475,xgb_shap_list_ir_4_subset_97,xgb_shap_list_ir_4
1064,Pregnancies,1.2121755,0.41805297,618.2095,xgb_shap_list_ir_1_subset_78,xgb_shap_list_ir_1
1065,Glucose,0.4763132,0.30514172,242.91974,xgb_shap_list_ir_1_subset_78,xgb_shap_list_ir_1
1066,BloodPressure,0.58180296,0.3736495,296.7195,xgb_shap_list_ir_1_subset_78,xgb_shap_list_ir_1
1067,SkinThickness,0.64324117,0.3386776,328.053,xgb_shap_list_ir_1_subset_78,xgb_shap_list_ir_1
1068,Insulin,0.75230795,0.3431222,383.67706,xgb_shap_list_ir_1_subset_78,xgb_shap_list_ir_1
1069,BMI,0.4270624,0.2742785,217.80182,xgb_shap_list_ir_1_subset_78,xgb_shap_list_ir_1
1070,DiabetesPedigreeFunction,0.29938215,0.20968653,152.68489,xgb_shap_list_ir_1_subset_78,xgb_shap_list_ir_1
1071,Age,0.34353316,0.23079836,175.2019,xgb_shap_list_ir_1_subset_78,xgb_shap_list_ir_1
1072,Pregnancies,0.8773025,0.3845278,447.4243,xgb_shap_list_ir_2_subset_14,xgb_shap_list_ir_2
1073,Glucose,1.0074675,0.60422504,513.8084,xgb_shap_list_ir_2_subset_14,xgb_shap_list_ir_2
1074,BloodPressure,0.5392671,0.43104866,275.02625,xgb_shap_list_ir_2_subset_14,xgb_shap_list_ir_2
1075,SkinThickness,0.2624133,0.15694869,133.83078,xgb_shap_list_ir_2_subset_14,xgb_shap_list_ir_2
1076,Insulin,0.65687007,0.37336612,335.00372,xgb_shap_list_ir_2_subset_14,xgb_shap_list_ir_2
1077,BMI,0.9704369,0.8396414,494.9228,xgb_shap_list_ir_2_subset_14,xgb_shap_list_ir_2
1078,DiabetesPedigreeFunction,0.37060693,0.22805671,189.00954,xgb_shap_list_ir_2_subset_14,xgb_shap_list_ir_2
1079,Age,0.23513497,0.13350056,119.91884,xgb_shap_list_ir_2_subset_14,xgb_shap_list_ir_2
1080,Pregnancies,0.21777484,0.071961686,111.06517,xgb_shap_list_ir_1_subset_67,xgb_shap_list_ir_1
1081,Glucose,1.0137557,0.59212244,517.0154,xgb_shap_list_ir_1_subset_67,xgb_shap_list_ir_1
1082,BloodPressure,0.45026782,0.426142,229.63658,xgb_shap_list_ir_1_subset_67,xgb_shap_list_ir_1
1083,SkinThickness,0.14655355,0.17251949,74.74231,xgb_shap_list_ir_1_subset_67,xgb_shap_list_ir_1
1084,Insulin,0.35721752,0.24082366,182.18094,xgb_shap_list_ir_1_subset_67,xgb_shap_list_ir_1
1085,BMI,1.0540626,0.57233596,537.5719,xgb_shap_list_ir_1_subset_67,xgb_shap_list_ir_1
1086,DiabetesPedigreeFunction,0.7035861,0.40419844,358.82892,xgb_shap_list_ir_1_subset_67,xgb_shap_list_ir_1
1087,Age,1.1871742,0.419542,605.45886,xgb_shap_list_ir_1_subset_67,xgb_shap_list_ir_1
1088,Pregnancies,0.34591728,0.24685746,176.41782,xgb_shap_list_ir_4_subset_117,xgb_shap_list_ir_4
1089,Glucose,1.2805429,0.936556,653.07684,xgb_shap_list_ir_4_subset_117,xgb_shap_list_ir_4
1090,BloodPressure,0.28372684,0.22321199,144.70068,xgb_shap_list_ir_4_subset_117,xgb_shap_list_ir_4
1091,SkinThickness,0.20548345,0.16275467,104.79656,xgb_shap_list_ir_4_subset_117,xgb_shap_list_ir_4
1092,Insulin,0.28168663,0.24948709,143.66019,xgb_shap_list_ir_4_subset_117,xgb_shap_list_ir_4
1093,BMI,0.72024584,0.5243653,367.32538,xgb_shap_list_ir_4_subset_117,xgb_shap_list_ir_4
1094,DiabetesPedigreeFunction,0.5841989,0.5068933,297.94144,xgb_shap_list_ir_4_subset_117,xgb_shap_list_ir_4
1095,Age,0.8420232,0.63128513,429.43182,xgb_shap_list_ir_4_subset_117,xgb_shap_list_ir_4
1096,Pregnancies,0.7871068,0.25362766,401.42447,xgb_shap_list_ir_1_subset_92,xgb_shap_list_ir_1
1097,Glucose,0.83653986,0.46187997,426.63535,xgb_shap_list_ir_1_subset_92,xgb_shap_list_ir_1
1098,BloodPressure,0.7972752,0.3468033,406.61035,xgb_shap_list_ir_1_subset_92,xgb_shap_list_ir_1
1099,SkinThickness,0.6007836,0.4627948,306.39963,xgb_shap_list_ir_1_subset_92,xgb_shap_list_ir_1
1100,Insulin,0.27005962,0.18738213,137.73041,xgb_shap_list_ir_1_subset_92,xgb_shap_list_ir_1
1101,BMI,0.46247733,0.33282647,235.86343,xgb_shap_list_ir_1_subset_92,xgb_shap_list_ir_1
1102,DiabetesPedigreeFunction,0.32693985,0.16374321,166.73932,xgb_shap_list_ir_1_subset_92,xgb_shap_list_ir_1
1103,Age,0.7352941,0.3887171,375.0,xgb_shap_list_ir_1_subset_92,xgb_shap_list_ir_1
1104,Pregnancies,0.19074641,0.1775225,97.28067,xgb_shap_list_ir_2_subset_19,xgb_shap_list_ir_2
1105,Glucose,1.6433256,1.025911,838.09607,xgb_shap_list_ir_2_subset_19,xgb_shap_list_ir_2
1106,BloodPressure,0.28903186,0.30755958,147.40625,xgb_shap_list_ir_2_subset_19,xgb_shap_list_ir_2
1107,SkinThickness,0.1920225,0.1723356,97.93147,xgb_shap_list_ir_2_subset_19,xgb_shap_list_ir_2
1108,Insulin,0.4303308,0.29794237,219.46872,xgb_shap_list_ir_2_subset_19,xgb_shap_list_ir_2
1109,BMI,0.76957905,0.55672914,392.48532,xgb_shap_list_ir_2_subset_19,xgb_shap_list_ir_2
1110,DiabetesPedigreeFunction,0.81718993,0.66794837,416.76688,xgb_shap_list_ir_2_subset_19,xgb_shap_list_ir_2
1111,Age,0.5256162,0.25121662,268.06427,xgb_shap_list_ir_2_subset_19,xgb_shap_list_ir_2
1112,Pregnancies,0.30382767,0.21588732,154.95212,xgb_shap_list_ir_5_subset_141,xgb_shap_list_ir_5
1113,Glucose,1.3569239,0.7201643,692.0312,xgb_shap_list_ir_5_subset_141,xgb_shap_list_ir_5
1114,BloodPressure,0.2784674,0.2622857,142.01837,xgb_shap_list_ir_5_subset_141,xgb_shap_list_ir_5
1115,SkinThickness,0.2976741,0.21095398,151.81378,xgb_shap_list_ir_5_subset_141,xgb_shap_list_ir_5
1116,Insulin,0.27951175,0.27924207,142.551,xgb_shap_list_ir_5_subset_141,xgb_shap_list_ir_5
1117,BMI,0.9595172,0.9579816,489.35376,xgb_shap_list_ir_5_subset_141,xgb_shap_list_ir_5
1118,DiabetesPedigreeFunction,0.35483208,0.27924755,180.96436,xgb_shap_list_ir_5_subset_141,xgb_shap_list_ir_5
1119,Age,0.92257506,0.48626494,470.51328,xgb_shap_list_ir_5_subset_141,xgb_shap_list_ir_5
1120,Pregnancies,0.397238,0.27961063,202.59137,xgb_shap_list_ir_4_subset_107,xgb_shap_list_ir_4
1121,Glucose,1.3462931,1.004654,686.6095,xgb_shap_list_ir_4_subset_107,xgb_shap_list_ir_4
1122,BloodPressure,0.32726538,0.24578674,166.90535,xgb_shap_list_ir_4_subset_107,xgb_shap_list_ir_4
1123,SkinThickness,0.22249033,0.14816783,113.47006,xgb_shap_list_ir_4_subset_107,xgb_shap_list_ir_4
1124,Insulin,0.22714067,0.22277445,115.841736,xgb_shap_list_ir_4_subset_107,xgb_shap_list_ir_4
1125,BMI,0.6651065,0.5782747,339.2043,xgb_shap_list_ir_4_subset_107,xgb_shap_list_ir_4
1126,DiabetesPedigreeFunction,0.71132344,0.50663096,362.77496,xgb_shap_list_ir_4_subset_107,xgb_shap_list_ir_4
1127,Age,0.60679275,0.41477424,309.4643,xgb_shap_list_ir_4_subset_107,xgb_shap_list_ir_4
1128,Pregnancies,0.18297078,0.17267443,93.315094,xgb_shap_list_ir_1_subset_3,xgb_shap_list_ir_1
1129,Glucose,0.3404465,0.30754176,173.62772,xgb_shap_list_ir_1_subset_3,xgb_shap_list_ir_1
1130,BloodPressure,0.78929853,0.50854576,402.54227,xgb_shap_list_ir_1_subset_3,xgb_shap_list_ir_1
1131,SkinThickness,0.45075732,0.26975062,229.88623,xgb_shap_list_ir_1_subset_3,xgb_shap_list_ir_1
1132,Insulin,0.4705306,0.28129646,239.97061,xgb_shap_list_ir_1_subset_3,xgb_shap_list_ir_1
1133,BMI,0.40697488,0.25833455,207.55719,xgb_shap_list_ir_1_subset_3,xgb_shap_list_ir_1
1134,DiabetesPedigreeFunction,0.50365037,0.40635186,256.8617,xgb_shap_list_ir_1_subset_3,xgb_shap_list_ir_1
1135,Age,0.50000435,0.27658322,255.00223,xgb_shap_list_ir_1_subset_3,xgb_shap_list_ir_1
1136,Pregnancies,0.24752939,0.14973757,126.23999,xgb_shap_list_ir_3_subset_94,xgb_shap_list_ir_3
1137,Glucose,1.799894,0.797757,917.9459,xgb_shap_list_ir_3_subset_94,xgb_shap_list_ir_3
1138,BloodPressure,0.17728107,0.14709117,90.413345,xgb_shap_list_ir_3_subset_94,xgb_shap_list_ir_3
1139,SkinThickness,0.31678945,0.2279479,161.56262,xgb_shap_list_ir_3_subset_94,xgb_shap_list_ir_3
1140,Insulin,0.26780716,0.18840803,136.58165,xgb_shap_list_ir_3_subset_94,xgb_shap_list_ir_3
1141,BMI,0.96472144,0.7159197,492.00793,xgb_shap_list_ir_3_subset_94,xgb_shap_list_ir_3
1142,DiabetesPedigreeFunction,0.47425804,0.3407569,241.8716,xgb_shap_list_ir_3_subset_94,xgb_shap_list_ir_3
1143,Age,0.61066103,0.3453125,311.43713,xgb_shap_list_ir_3_subset_94,xgb_shap_list_ir_3
1144,Pregnancies,0.38152713,0.29957196,194.57883,xgb_shap_list_ir_4_subset_127,xgb_shap_list_ir_4
1145,Glucose,1.2475007,0.80431414,636.22534,xgb_shap_list_ir_4_subset_127,xgb_shap_list_ir_4
1146,BloodPressure,0.39884004,0.34914088,203.40842,xgb_shap_list_ir_4_subset_127,xgb_shap_list_ir_4
1147,SkinThickness,0.24745825,0.13015698,126.203705,xgb_shap_list_ir_4_subset_127,xgb_shap_list_ir_4
1148,Insulin,0.22556524,0.21955173,115.03827,xgb_shap_list_ir_4_subset_127,xgb_shap_list_ir_4
1149,BMI,1.1475737,1.0350181,585.2626,xgb_shap_list_ir_4_subset_127,xgb_shap_list_ir_4
1150,DiabetesPedigreeFunction,0.8548138,0.57562214,435.95505,xgb_shap_list_ir_4_subset_127,xgb_shap_list_ir_4
1151,Age,0.40656823,0.23797284,207.3498,xgb_shap_list_ir_4_subset_127,xgb_shap_list_ir_4
1152,Pregnancies,0.30506405,0.19836538,155.58267,xgb_shap_list_ir_2_subset_144,xgb_shap_list_ir_2
1153,Glucose,0.6619356,0.42420363,337.58716,xgb_shap_list_ir_2_subset_144,xgb_shap_list_ir_2
1154,BloodPressure,0.30371788,0.23514892,154.89612,xgb_shap_list_ir_2_subset_144,xgb_shap_list_ir_2
1155,SkinThickness,0.31587225,0.24463339,161.09485,xgb_shap_list_ir_2_subset_144,xgb_shap_list_ir_2
1156,Insulin,0.13818084,0.12908693,70.47223,xgb_shap_list_ir_2_subset_144,xgb_shap_list_ir_2
1157,BMI,1.0028328,0.7749042,511.44473,xgb_shap_list_ir_2_subset_144,xgb_shap_list_ir_2
1158,DiabetesPedigreeFunction,0.46456784,0.41404027,236.9296,xgb_shap_list_ir_2_subset_144,xgb_shap_list_ir_2
1159,Age,1.1644843,0.9544737,593.88696,xgb_shap_list_ir_2_subset_144,xgb_shap_list_ir_2
1160,Pregnancies,0.37333983,0.19589858,190.40332,xgb_shap_list_ir_1_subset_110,xgb_shap_list_ir_1
1161,Glucose,1.3245586,0.5193563,675.5249,xgb_shap_list_ir_1_subset_110,xgb_shap_list_ir_1
1162,BloodPressure,0.38512862,0.24387363,196.41559,xgb_shap_list_ir_1_subset_110,xgb_shap_list_ir_1
1163,SkinThickness,0.53297216,0.2924847,271.8158,xgb_shap_list_ir_1_subset_110,xgb_shap_list_ir_1
1164,Insulin,0.1625126,0.10675096,82.881424,xgb_shap_list_ir_1_subset_110,xgb_shap_list_ir_1
1165,BMI,0.13397329,0.07656761,68.32638,xgb_shap_list_ir_1_subset_110,xgb_shap_list_ir_1
1166,DiabetesPedigreeFunction,0.81915116,0.48398373,417.7671,xgb_shap_list_ir_1_subset_110,xgb_shap_list_ir_1
1167,Age,0.603705,0.34211996,307.88956,xgb_shap_list_ir_1_subset_110,xgb_shap_list_ir_1
1168,Pregnancies,0.43791193,0.29431647,223.33508,xgb_shap_list_ir_3_subset_140,xgb_shap_list_ir_3
1169,Glucose,0.8868219,0.62140244,452.27917,xgb_shap_list_ir_3_subset_140,xgb_shap_list_ir_3
1170,BloodPressure,0.27811152,0.18885538,141.83687,xgb_shap_list_ir_3_subset_140,xgb_shap_list_ir_3
1171,SkinThickness,0.48123062,0.24226694,245.42761,xgb_shap_list_ir_3_subset_140,xgb_shap_list_ir_3
1172,Insulin,0.4168672,0.3761461,212.60226,xgb_shap_list_ir_3_subset_140,xgb_shap_list_ir_3
1173,BMI,1.0710411,0.80328935,546.23096,xgb_shap_list_ir_3_subset_140,xgb_shap_list_ir_3
1174,DiabetesPedigreeFunction,0.5113688,0.3243689,260.7981,xgb_shap_list_ir_3_subset_140,xgb_shap_list_ir_3
1175,Age,0.54211164,0.37788573,276.47693,xgb_shap_list_ir_3_subset_140,xgb_shap_list_ir_3
1176,Pregnancies,0.60477525,0.3053048,308.43536,xgb_shap_list_ir_2_subset_126,xgb_shap_list_ir_2
1177,Glucose,1.2677078,0.73691905,646.531,xgb_shap_list_ir_2_subset_126,xgb_shap_list_ir_2
1178,BloodPressure,0.5546226,0.29034442,282.8575,xgb_shap_list_ir_2_subset_126,xgb_shap_list_ir_2
1179,SkinThickness,0.44944653,0.29505867,229.21773,xgb_shap_list_ir_2_subset_126,xgb_shap_list_ir_2
1180,Insulin,0.35807094,0.18813889,182.61618,xgb_shap_list_ir_2_subset_126,xgb_shap_list_ir_2
1181,BMI,0.8954735,0.64088774,456.69147,xgb_shap_list_ir_2_subset_126,xgb_shap_list_ir_2
1182,DiabetesPedigreeFunction,0.5095811,0.26111707,259.88635,xgb_shap_list_ir_2_subset_126,xgb_shap_list_ir_2
1183,Age,0.4115768,0.28887662,209.90417,xgb_shap_list_ir_2_subset_126,xgb_shap_list_ir_2
1184,Pregnancies,0.43293622,0.28297195,220.79747,xgb_shap_list_ir_5_subset_52,xgb_shap_list_ir_5
1185,Glucose,1.3089794,0.76082224,667.57947,xgb_shap_list_ir_5_subset_52,xgb_shap_list_ir_5
1186,BloodPressure,0.30862194,0.24606593,157.39719,xgb_shap_list_ir_5_subset_52,xgb_shap_list_ir_5
1187,SkinThickness,0.3036632,0.22221121,154.86823,xgb_shap_list_ir_5_subset_52,xgb_shap_list_ir_5
1188,Insulin,0.41274852,0.30682406,210.50174,xgb_shap_list_ir_5_subset_52,xgb_shap_list_ir_5
1189,BMI,0.96200675,0.88903815,490.62344,xgb_shap_list_ir_5_subset_52,xgb_shap_list_ir_5
1190,DiabetesPedigreeFunction,0.6435281,0.46258444,328.19934,xgb_shap_list_ir_5_subset_52,xgb_shap_list_ir_5
1191,Age,0.55094594,0.41173977,280.98242,xgb_shap_list_ir_5_subset_52,xgb_shap_list_ir_5
1192,Pregnancies,0.3245313,0.25130704,165.51096,xgb_shap_list_ir_3_subset_87,xgb_shap_list_ir_3
1193,Glucose,1.2131183,0.75154227,618.69037,xgb_shap_list_ir_3_subset_87,xgb_shap_list_ir_3
1194,BloodPressure,0.23818412,0.15690401,121.4739,xgb_shap_list_ir_3_subset_87,xgb_shap_list_ir_3
1195,SkinThickness,0.35418487,0.21993671,180.63428,xgb_shap_list_ir_3_subset_87,xgb_shap_list_ir_3
1196,Insulin,0.40039462,0.2753886,204.20125,xgb_shap_list_ir_3_subset_87,xgb_shap_list_ir_3
1197,BMI,1.0491124,0.74015945,535.04736,xgb_shap_list_ir_3_subset_87,xgb_shap_list_ir_3
1198,DiabetesPedigreeFunction,0.5552701,0.32277375,283.18774,xgb_shap_list_ir_3_subset_87,xgb_shap_list_ir_3
1199,Age,0.84543693,0.52668494,431.17282,xgb_shap_list_ir_3_subset_87,xgb_shap_list_ir_3
1200,Pregnancies,0.30800614,0.19610868,157.08313,xgb_shap_list_ir_2_subset_87,xgb_shap_list_ir_2
1201,Glucose,1.3128123,0.829166,669.5343,xgb_shap_list_ir_2_subset_87,xgb_shap_list_ir_2
1202,BloodPressure,0.32903305,0.29546916,167.80685,xgb_shap_list_ir_2_subset_87,xgb_shap_list_ir_2
1203,SkinThickness,0.08902443,0.080757685,45.402462,xgb_shap_list_ir_2_subset_87,xgb_shap_list_ir_2
1204,Insulin,0.33060986,0.23689291,168.61102,xgb_shap_list_ir_2_subset_87,xgb_shap_list_ir_2
1205,BMI,0.616973,0.40914324,314.65622,xgb_shap_list_ir_2_subset_87,xgb_shap_list_ir_2
1206,DiabetesPedigreeFunction,0.45909393,0.35513422,234.13791,xgb_shap_list_ir_2_subset_87,xgb_shap_list_ir_2
1207,Age,0.78552836,0.4450459,400.61948,xgb_shap_list_ir_2_subset_87,xgb_shap_list_ir_2
1208,Pregnancies,0.31435302,0.18653806,160.32004,xgb_shap_list_ir_5_subset_65,xgb_shap_list_ir_5
1209,Glucose,1.299732,0.9538565,662.8633,xgb_shap_list_ir_5_subset_65,xgb_shap_list_ir_5
1210,BloodPressure,0.26952407,0.3071107,137.45728,xgb_shap_list_ir_5_subset_65,xgb_shap_list_ir_5
1211,SkinThickness,0.2591952,0.17528674,132.18956,xgb_shap_list_ir_5_subset_65,xgb_shap_list_ir_5
1212,Insulin,0.3413642,0.28558528,174.09575,xgb_shap_list_ir_5_subset_65,xgb_shap_list_ir_5
1213,BMI,0.8845658,0.75718975,451.12854,xgb_shap_list_ir_5_subset_65,xgb_shap_list_ir_5
1214,DiabetesPedigreeFunction,0.7354673,0.57957447,375.08832,xgb_shap_list_ir_5_subset_65,xgb_shap_list_ir_5
1215,Age,0.83218086,0.4783064,424.41223,xgb_shap_list_ir_5_subset_65,xgb_shap_list_ir_5
1216,Pregnancies,0.22994223,0.17130277,117.27054,xgb_shap_list_ir_5_subset_45,xgb_shap_list_ir_5
1217,Glucose,1.5155634,0.8945085,772.9373,xgb_shap_list_ir_5_subset_45,xgb_shap_list_ir_5
1218,BloodPressure,0.2870759,0.23991817,146.4087,xgb_shap_list_ir_5_subset_45,xgb_shap_list_ir_5
1219,SkinThickness,0.22824699,0.18977062,116.40596,xgb_shap_list_ir_5_subset_45,xgb_shap_list_ir_5
1220,Insulin,0.27250087,0.19978978,138.97545,xgb_shap_list_ir_5_subset_45,xgb_shap_list_ir_5
1221,BMI,0.89280826,0.7282222,455.3322,xgb_shap_list_ir_5_subset_45,xgb_shap_list_ir_5
1222,DiabetesPedigreeFunction,0.5189754,0.48286423,264.67743,xgb_shap_list_ir_5_subset_45,xgb_shap_list_ir_5
1223,Age,0.8604301,0.5184919,438.81937,xgb_shap_list_ir_5_subset_45,xgb_shap_list_ir_5
1224,Pregnancies,0.42260838,0.3139117,215.53027,xgb_shap_list_ir_5_subset_97,xgb_shap_list_ir_5
1225,Glucose,1.6801351,1.2176156,856.8689,xgb_shap_list_ir_5_subset_97,xgb_shap_list_ir_5
1226,BloodPressure,0.37301043,0.34565133,190.23532,xgb_shap_list_ir_5_subset_97,xgb_shap_list_ir_5
1227,SkinThickness,0.14208722,0.11972714,72.464485,xgb_shap_list_ir_5_subset_97,xgb_shap_list_ir_5
1228,Insulin,0.45746318,0.42533937,233.30621,xgb_shap_list_ir_5_subset_97,xgb_shap_list_ir_5
1229,BMI,0.8152479,0.76705396,415.77643,xgb_shap_list_ir_5_subset_97,xgb_shap_list_ir_5
1230,DiabetesPedigreeFunction,0.46763375,0.41901845,238.49321,xgb_shap_list_ir_5_subset_97,xgb_shap_list_ir_5
1231,Age,0.545333,0.3564865,278.11984,xgb_shap_list_ir_5_subset_97,xgb_shap_list_ir_5
1232,Pregnancies,0.28980762,0.19338813,147.80188,xgb_shap_list_ir_3_subset_81,xgb_shap_list_ir_3
1233,Glucose,1.3237883,1.0240548,675.132,xgb_shap_list_ir_3_subset_81,xgb_shap_list_ir_3
1234,BloodPressure,0.27205417,0.205969,138.74762,xgb_shap_list_ir_3_subset_81,xgb_shap_list_ir_3
1235,SkinThickness,0.2604164,0.18552305,132.81236,xgb_shap_list_ir_3_subset_81,xgb_shap_list_ir_3
1236,Insulin,0.5172702,0.44171256,263.8078,xgb_shap_list_ir_3_subset_81,xgb_shap_list_ir_3
1237,BMI,0.9958626,0.6782138,507.88992,xgb_shap_list_ir_3_subset_81,xgb_shap_list_ir_3
1238,DiabetesPedigreeFunction,0.54615253,0.3222649,278.53778,xgb_shap_list_ir_3_subset_81,xgb_shap_list_ir_3
1239,Age,0.986227,0.5804124,502.97577,xgb_shap_list_ir_3_subset_81,xgb_shap_list_ir_3
1240,Pregnancies,0.19073828,0.19285746,97.27652,xgb_shap_list_ir_4_subset_50,xgb_shap_list_ir_4
1241,Glucose,1.4558507,1.0955542,742.4839,xgb_shap_list_ir_4_subset_50,xgb_shap_list_ir_4
1242,BloodPressure,0.41310456,0.31231624,210.68333,xgb_shap_list_ir_4_subset_50,xgb_shap_list_ir_4
1243,SkinThickness,0.27749327,0.19830132,141.52156,xgb_shap_list_ir_4_subset_50,xgb_shap_list_ir_4
1244,Insulin,0.37787482,0.312926,192.71616,xgb_shap_list_ir_4_subset_50,xgb_shap_list_ir_4
1245,BMI,0.9709337,0.7043911,495.17618,xgb_shap_list_ir_4_subset_50,xgb_shap_list_ir_4
1246,DiabetesPedigreeFunction,0.6839962,0.42521107,348.83807,xgb_shap_list_ir_4_subset_50,xgb_shap_list_ir_4
1247,Age,0.5762442,0.32837048,293.88452,xgb_shap_list_ir_4_subset_50,xgb_shap_list_ir_4
1248,Pregnancies,0.31490046,0.35110036,160.59923,xgb_shap_list_ir_2_subset_152,xgb_shap_list_ir_2
1249,Glucose,0.98124,0.54361063,500.43237,xgb_shap_list_ir_2_subset_152,xgb_shap_list_ir_2
1250,BloodPressure,0.27839363,0.26146865,141.98074,xgb_shap_list_ir_2_subset_152,xgb_shap_list_ir_2
1251,SkinThickness,0.5194949,0.32729498,264.94238,xgb_shap_list_ir_2_subset_152,xgb_shap_list_ir_2
1252,Insulin,0.5026428,0.35057893,256.34784,xgb_shap_list_ir_2_subset_152,xgb_shap_list_ir_2
1253,BMI,0.37508526,0.32590848,191.29349,xgb_shap_list_ir_2_subset_152,xgb_shap_list_ir_2
1254,DiabetesPedigreeFunction,0.71819496,0.7027943,366.27942,xgb_shap_list_ir_2_subset_152,xgb_shap_list_ir_2
1255,Age,1.0769562,0.72642064,549.2476,xgb_shap_list_ir_2_subset_152,xgb_shap_list_ir_2
1256,Pregnancies,0.4717478,0.34369817,240.59137,xgb_shap_list_ir_5_subset_83,xgb_shap_list_ir_5
1257,Glucose,1.1815953,0.8595058,602.6136,xgb_shap_list_ir_5_subset_83,xgb_shap_list_ir_5
1258,BloodPressure,0.33981895,0.25613058,173.30766,xgb_shap_list_ir_5_subset_83,xgb_shap_list_ir_5
1259,SkinThickness,0.25297973,0.17711721,129.01965,xgb_shap_list_ir_5_subset_83,xgb_shap_list_ir_5
1260,Insulin,0.33778614,0.2907707,172.27094,xgb_shap_list_ir_5_subset_83,xgb_shap_list_ir_5
1261,BMI,0.7046841,0.586204,359.3889,xgb_shap_list_ir_5_subset_83,xgb_shap_list_ir_5
1262,DiabetesPedigreeFunction,0.7590508,0.55292493,387.1159,xgb_shap_list_ir_5_subset_83,xgb_shap_list_ir_5
1263,Age,0.78409594,0.5178455,399.88892,xgb_shap_list_ir_5_subset_83,xgb_shap_list_ir_5
1264,Pregnancies,0.5044291,0.3672537,257.25885,xgb_shap_list_ir_5_subset_115,xgb_shap_list_ir_5
1265,Glucose,1.6507492,1.0873137,841.8821,xgb_shap_list_ir_5_subset_115,xgb_shap_list_ir_5
1266,BloodPressure,0.51689076,0.4907239,263.6143,xgb_shap_list_ir_5_subset_115,xgb_shap_list_ir_5
1267,SkinThickness,0.16480315,0.1286412,84.04961,xgb_shap_list_ir_5_subset_115,xgb_shap_list_ir_5
1268,Insulin,0.21670936,0.17148791,110.521774,xgb_shap_list_ir_5_subset_115,xgb_shap_list_ir_5
1269,BMI,0.9263865,0.6201995,472.4571,xgb_shap_list_ir_5_subset_115,xgb_shap_list_ir_5
1270,DiabetesPedigreeFunction,0.5763298,0.41798323,293.92822,xgb_shap_list_ir_5_subset_115,xgb_shap_list_ir_5
1271,Age,0.5877865,0.3709522,299.77112,xgb_shap_list_ir_5_subset_115,xgb_shap_list_ir_5
1272,Pregnancies,0.3010759,0.17780872,153.5487,xgb_shap_list_ir_1_subset_115,xgb_shap_list_ir_1
1273,Glucose,1.0011207,0.57856166,510.57156,xgb_shap_list_ir_1_subset_115,xgb_shap_list_ir_1
1274,BloodPressure,0.31611675,0.17831369,161.21954,xgb_shap_list_ir_1_subset_115,xgb_shap_list_ir_1
1275,SkinThickness,0.23613986,0.19926292,120.43133,xgb_shap_list_ir_1_subset_115,xgb_shap_list_ir_1
1276,Insulin,0.7274444,0.3070439,370.99664,xgb_shap_list_ir_1_subset_115,xgb_shap_list_ir_1
1277,BMI,0.41740054,0.17905253,212.87427,xgb_shap_list_ir_1_subset_115,xgb_shap_list_ir_1
1278,DiabetesPedigreeFunction,0.51656383,0.24630125,263.44754,xgb_shap_list_ir_1_subset_115,xgb_shap_list_ir_1
1279,Age,0.5571532,0.337533,284.14813,xgb_shap_list_ir_1_subset_115,xgb_shap_list_ir_1
1280,Pregnancies,0.27781367,0.17801909,141.68497,xgb_shap_list_ir_1_subset_53,xgb_shap_list_ir_1
1281,Glucose,0.7830452,0.43430546,399.35303,xgb_shap_list_ir_1_subset_53,xgb_shap_list_ir_1
1282,BloodPressure,0.55043286,0.35766757,280.72076,xgb_shap_list_ir_1_subset_53,xgb_shap_list_ir_1
1283,SkinThickness,0.37424174,0.3150139,190.86328,xgb_shap_list_ir_1_subset_53,xgb_shap_list_ir_1
1284,Insulin,0.2753573,0.20039622,140.43222,xgb_shap_list_ir_1_subset_53,xgb_shap_list_ir_1
1285,BMI,0.46900505,0.27949867,239.19258,xgb_shap_list_ir_1_subset_53,xgb_shap_list_ir_1
1286,DiabetesPedigreeFunction,0.7252045,0.37700024,369.8543,xgb_shap_list_ir_1_subset_53,xgb_shap_list_ir_1
1287,Age,0.69837,0.56945896,356.1687,xgb_shap_list_ir_1_subset_53,xgb_shap_list_ir_1
1288,Pregnancies,0.48562264,0.27680287,247.66754,xgb_shap_list_ir_3_subset_21,xgb_shap_list_ir_3
1289,Glucose,1.0123119,0.6409983,516.2791,xgb_shap_list_ir_3_subset_21,xgb_shap_list_ir_3
1290,BloodPressure,0.2674521,0.21663155,136.40057,xgb_shap_list_ir_3_subset_21,xgb_shap_list_ir_3
1291,SkinThickness,0.34859732,0.22958314,177.78464,xgb_shap_list_ir_3_subset_21,xgb_shap_list_ir_3
1292,Insulin,0.25929272,0.2445341,132.23929,xgb_shap_list_ir_3_subset_21,xgb_shap_list_ir_3
1293,BMI,1.1586672,0.82198113,590.9203,xgb_shap_list_ir_3_subset_21,xgb_shap_list_ir_3
1294,DiabetesPedigreeFunction,0.5917813,0.51267815,301.80847,xgb_shap_list_ir_3_subset_21,xgb_shap_list_ir_3
1295,Age,0.47286057,0.345015,241.15889,xgb_shap_list_ir_3_subset_21,xgb_shap_list_ir_3
1296,Pregnancies,0.16681057,0.14723887,85.073395,xgb_shap_list_ir_2_subset_55,xgb_shap_list_ir_2
1297,Glucose,1.2193161,0.6393348,621.8512,xgb_shap_list_ir_2_subset_55,xgb_shap_list_ir_2
1298,BloodPressure,0.5090462,0.36625946,259.61356,xgb_shap_list_ir_2_subset_55,xgb_shap_list_ir_2
1299,SkinThickness,0.41281772,0.25857288,210.53703,xgb_shap_list_ir_2_subset_55,xgb_shap_list_ir_2
1300,Insulin,0.59599394,0.21134673,303.9569,xgb_shap_list_ir_2_subset_55,xgb_shap_list_ir_2
1301,BMI,0.70035666,0.57479167,357.1819,xgb_shap_list_ir_2_subset_55,xgb_shap_list_ir_2
1302,DiabetesPedigreeFunction,0.68924767,0.6750092,351.5163,xgb_shap_list_ir_2_subset_55,xgb_shap_list_ir_2
1303,Age,0.5549922,0.38757604,283.04602,xgb_shap_list_ir_2_subset_55,xgb_shap_list_ir_2
1304,Pregnancies,0.6371679,0.34816074,324.95563,xgb_shap_list_ir_3_subset_18,xgb_shap_list_ir_3
1305,Glucose,1.5217175,1.0155575,776.0759,xgb_shap_list_ir_3_subset_18,xgb_shap_list_ir_3
1306,BloodPressure,0.29369757,0.22615686,149.78575,xgb_shap_list_ir_3_subset_18,xgb_shap_list_ir_3
1307,SkinThickness,0.2108478,0.16999058,107.53238,xgb_shap_list_ir_3_subset_18,xgb_shap_list_ir_3
1308,Insulin,0.47947025,0.30408555,244.52983,xgb_shap_list_ir_3_subset_18,xgb_shap_list_ir_3
1309,BMI,0.7042099,0.63589704,359.14706,xgb_shap_list_ir_3_subset_18,xgb_shap_list_ir_3
1310,DiabetesPedigreeFunction,0.7303565,0.6038372,372.4818,xgb_shap_list_ir_3_subset_18,xgb_shap_list_ir_3
1311,Age,0.39784735,0.3221307,202.90215,xgb_shap_list_ir_3_subset_18,xgb_shap_list_ir_3
1312,Pregnancies,0.4495845,0.30690008,229.2881,xgb_shap_list_ir_5_subset_75,xgb_shap_list_ir_5
1313,Glucose,1.5261873,1.2393558,778.3555,xgb_shap_list_ir_5_subset_75,xgb_shap_list_ir_5
1314,BloodPressure,0.2935866,0.22041893,149.72917,xgb_shap_list_ir_5_subset_75,xgb_shap_list_ir_5
1315,SkinThickness,0.3171009,0.20557112,161.72147,xgb_shap_list_ir_5_subset_75,xgb_shap_list_ir_5
1316,Insulin,0.23488216,0.2223141,119.7899,xgb_shap_list_ir_5_subset_75,xgb_shap_list_ir_5
1317,BMI,0.93286943,0.8646239,475.7634,xgb_shap_list_ir_5_subset_75,xgb_shap_list_ir_5
1318,DiabetesPedigreeFunction,0.50461173,0.36515298,257.352,xgb_shap_list_ir_5_subset_75,xgb_shap_list_ir_5
1319,Age,0.75651795,0.40936053,385.82416,xgb_shap_list_ir_5_subset_75,xgb_shap_list_ir_5
1320,Pregnancies,0.46812877,0.33196908,238.74567,xgb_shap_list_ir_4_subset_81,xgb_shap_list_ir_4
1321,Glucose,1.6064343,1.0618211,819.2815,xgb_shap_list_ir_4_subset_81,xgb_shap_list_ir_4
1322,BloodPressure,0.29075265,0.22856301,148.28384,xgb_shap_list_ir_4_subset_81,xgb_shap_list_ir_4
1323,SkinThickness,0.27034464,0.18152025,137.87576,xgb_shap_list_ir_4_subset_81,xgb_shap_list_ir_4
1324,Insulin,0.15675941,0.1743086,79.947296,xgb_shap_list_ir_4_subset_81,xgb_shap_list_ir_4
1325,BMI,0.83490324,0.6784218,425.80066,xgb_shap_list_ir_4_subset_81,xgb_shap_list_ir_4
1326,DiabetesPedigreeFunction,0.6776085,0.49235043,345.58032,xgb_shap_list_ir_4_subset_81,xgb_shap_list_ir_4
1327,Age,0.6390393,0.4666896,325.91003,xgb_shap_list_ir_4_subset_81,xgb_shap_list_ir_4
1328,Pregnancies,0.42568195,0.2786227,217.0978,xgb_shap_list_ir_2_subset_49,xgb_shap_list_ir_2
1329,Glucose,0.934319,0.8405894,476.5027,xgb_shap_list_ir_2_subset_49,xgb_shap_list_ir_2
1330,BloodPressure,0.34294093,0.27658898,174.89987,xgb_shap_list_ir_2_subset_49,xgb_shap_list_ir_2
1331,SkinThickness,0.36871758,0.24456567,188.04596,xgb_shap_list_ir_2_subset_49,xgb_shap_list_ir_2
1332,Insulin,0.27305478,0.19419725,139.25793,xgb_shap_list_ir_2_subset_49,xgb_shap_list_ir_2
1333,BMI,1.0159571,0.6129478,518.1381,xgb_shap_list_ir_2_subset_49,xgb_shap_list_ir_2
1334,DiabetesPedigreeFunction,0.40188596,0.34393513,204.96184,xgb_shap_list_ir_2_subset_49,xgb_shap_list_ir_2
1335,Age,0.406035,0.3248872,207.07785,xgb_shap_list_ir_2_subset_49,xgb_shap_list_ir_2
1336,Pregnancies,0.57749635,0.4589864,294.52313,xgb_shap_list_ir_3_subset_99,xgb_shap_list_ir_3
1337,Glucose,1.2145659,0.7065886,619.4286,xgb_shap_list_ir_3_subset_99,xgb_shap_list_ir_3
1338,BloodPressure,0.4205105,0.27985528,214.46036,xgb_shap_list_ir_3_subset_99,xgb_shap_list_ir_3
1339,SkinThickness,0.38350117,0.27422217,195.5856,xgb_shap_list_ir_3_subset_99,xgb_shap_list_ir_3
1340,Insulin,0.17584027,0.17948505,89.67854,xgb_shap_list_ir_3_subset_99,xgb_shap_list_ir_3
1341,BMI,0.9898582,1.0764431,504.8277,xgb_shap_list_ir_3_subset_99,xgb_shap_list_ir_3
1342,DiabetesPedigreeFunction,0.57282555,0.45796242,292.14102,xgb_shap_list_ir_3_subset_99,xgb_shap_list_ir_3
1343,Age,0.42168635,0.2633668,215.06004,xgb_shap_list_ir_3_subset_99,xgb_shap_list_ir_3
1344,Pregnancies,0.42076632,0.30903214,214.59082,xgb_shap_list_ir_2_subset_2,xgb_shap_list_ir_2
1345,Glucose,0.9215212,0.58230865,469.9758,xgb_shap_list_ir_2_subset_2,xgb_shap_list_ir_2
1346,BloodPressure,0.45270914,0.3949308,230.88167,xgb_shap_list_ir_2_subset_2,xgb_shap_list_ir_2
1347,SkinThickness,0.5837279,0.34552538,297.70123,xgb_shap_list_ir_2_subset_2,xgb_shap_list_ir_2
1348,Insulin,0.2123069,0.15183246,108.27652,xgb_shap_list_ir_2_subset_2,xgb_shap_list_ir_2
1349,BMI,0.81957936,0.5259186,417.98547,xgb_shap_list_ir_2_subset_2,xgb_shap_list_ir_2
1350,DiabetesPedigreeFunction,0.49110615,0.41047347,250.46414,xgb_shap_list_ir_2_subset_2,xgb_shap_list_ir_2
1351,Age,0.58333933,0.29223883,297.50305,xgb_shap_list_ir_2_subset_2,xgb_shap_list_ir_2
1352,Pregnancies,0.28363925,0.19918676,144.65602,xgb_shap_list_ir_5_subset_55,xgb_shap_list_ir_5
1353,Glucose,1.7330971,0.99506533,883.8795,xgb_shap_list_ir_5_subset_55,xgb_shap_list_ir_5
1354,BloodPressure,0.28640634,0.22203512,146.06723,xgb_shap_list_ir_5_subset_55,xgb_shap_list_ir_5
1355,SkinThickness,0.2567525,0.17655917,130.94377,xgb_shap_list_ir_5_subset_55,xgb_shap_list_ir_5
1356,Insulin,0.2647046,0.16043155,134.99936,xgb_shap_list_ir_5_subset_55,xgb_shap_list_ir_5
1357,BMI,0.98226666,0.6363988,500.956,xgb_shap_list_ir_5_subset_55,xgb_shap_list_ir_5
1358,DiabetesPedigreeFunction,0.4237465,0.363022,216.11072,xgb_shap_list_ir_5_subset_55,xgb_shap_list_ir_5
1359,Age,1.0321646,0.79625934,526.40393,xgb_shap_list_ir_5_subset_55,xgb_shap_list_ir_5
1360,Pregnancies,0.43181702,0.22822893,220.22668,xgb_shap_list_ir_1_subset_128,xgb_shap_list_ir_1
1361,Glucose,0.96952105,0.6646381,494.45572,xgb_shap_list_ir_1_subset_128,xgb_shap_list_ir_1
1362,BloodPressure,0.3672046,0.223915,187.27435,xgb_shap_list_ir_1_subset_128,xgb_shap_list_ir_1
1363,SkinThickness,0.3111146,0.29878208,158.66846,xgb_shap_list_ir_1_subset_128,xgb_shap_list_ir_1
1364,Insulin,0.20352924,0.13725646,103.79991,xgb_shap_list_ir_1_subset_128,xgb_shap_list_ir_1
1365,BMI,1.0177776,0.5172754,519.0665,xgb_shap_list_ir_1_subset_128,xgb_shap_list_ir_1
1366,DiabetesPedigreeFunction,0.384087,0.19363084,195.88437,xgb_shap_list_ir_1_subset_128,xgb_shap_list_ir_1
1367,Age,0.3135379,0.19620128,159.90433,xgb_shap_list_ir_1_subset_128,xgb_shap_list_ir_1
1368,Pregnancies,0.18516178,0.13422632,94.43251,xgb_shap_list_ir_1_subset_59,xgb_shap_list_ir_1
1369,Glucose,0.8802084,0.38726547,448.90628,xgb_shap_list_ir_1_subset_59,xgb_shap_list_ir_1
1370,BloodPressure,0.5115121,0.20239738,260.8712,xgb_shap_list_ir_1_subset_59,xgb_shap_list_ir_1
1371,SkinThickness,0.32625467,0.18913238,166.38988,xgb_shap_list_ir_1_subset_59,xgb_shap_list_ir_1
1372,Insulin,0.249294,0.15187715,127.13994,xgb_shap_list_ir_1_subset_59,xgb_shap_list_ir_1
1373,BMI,1.0471996,0.54944104,534.0718,xgb_shap_list_ir_1_subset_59,xgb_shap_list_ir_1
1374,DiabetesPedigreeFunction,0.388681,0.26452246,198.22731,xgb_shap_list_ir_1_subset_59,xgb_shap_list_ir_1
1375,Age,0.7114484,0.4376204,362.83868,xgb_shap_list_ir_1_subset_59,xgb_shap_list_ir_1
1376,Pregnancies,0.3782523,0.21131231,192.90868,xgb_shap_list_ir_3_subset_133,xgb_shap_list_ir_3
1377,Glucose,1.0605768,0.60515887,540.89417,xgb_shap_list_ir_3_subset_133,xgb_shap_list_ir_3
1378,BloodPressure,0.2333318,0.18763165,118.999214,xgb_shap_list_ir_3_subset_133,xgb_shap_list_ir_3
1379,SkinThickness,0.5101849,0.33624297,260.1943,xgb_shap_list_ir_3_subset_133,xgb_shap_list_ir_3
1380,Insulin,0.3529909,0.37745428,180.02536,xgb_shap_list_ir_3_subset_133,xgb_shap_list_ir_3
1381,BMI,0.5694172,0.51182264,290.40277,xgb_shap_list_ir_3_subset_133,xgb_shap_list_ir_3
1382,DiabetesPedigreeFunction,0.9362952,0.5935291,477.51056,xgb_shap_list_ir_3_subset_133,xgb_shap_list_ir_3
1383,Age,0.97703,0.5438931,498.28528,xgb_shap_list_ir_3_subset_133,xgb_shap_list_ir_3
1384,Pregnancies,0.28068727,0.18268332,143.15051,xgb_shap_list_ir_4_subset_9,xgb_shap_list_ir_4
1385,Glucose,1.4762319,0.92779154,752.8783,xgb_shap_list_ir_4_subset_9,xgb_shap_list_ir_4
1386,BloodPressure,0.29495037,0.29191828,150.42468,xgb_shap_list_ir_4_subset_9,xgb_shap_list_ir_4
1387,SkinThickness,0.31543,0.20828511,160.8693,xgb_shap_list_ir_4_subset_9,xgb_shap_list_ir_4
1388,Insulin,0.30479002,0.25112572,155.44292,xgb_shap_list_ir_4_subset_9,xgb_shap_list_ir_4
1389,BMI,0.8646972,0.8957919,440.99557,xgb_shap_list_ir_4_subset_9,xgb_shap_list_ir_4
1390,DiabetesPedigreeFunction,0.5672493,0.44940525,289.29715,xgb_shap_list_ir_4_subset_9,xgb_shap_list_ir_4
1391,Age,0.5839294,0.34066713,297.80402,xgb_shap_list_ir_4_subset_9,xgb_shap_list_ir_4
1392,Pregnancies,0.6151272,0.41224504,313.71487,xgb_shap_list_ir_5_subset_53,xgb_shap_list_ir_5
1393,Glucose,1.7670324,1.0144836,901.1865,xgb_shap_list_ir_5_subset_53,xgb_shap_list_ir_5
1394,BloodPressure,0.4941741,0.40487102,252.0288,xgb_shap_list_ir_5_subset_53,xgb_shap_list_ir_5
1395,SkinThickness,0.2201038,0.18274912,112.25294,xgb_shap_list_ir_5_subset_53,xgb_shap_list_ir_5
1396,Insulin,0.24403453,0.22591516,124.45761,xgb_shap_list_ir_5_subset_53,xgb_shap_list_ir_5
1397,BMI,0.95635664,0.81540245,487.74188,xgb_shap_list_ir_5_subset_53,xgb_shap_list_ir_5
1398,DiabetesPedigreeFunction,0.7755197,0.5350633,395.51508,xgb_shap_list_ir_5_subset_53,xgb_shap_list_ir_5
1399,Age,0.447328,0.2905966,228.13728,xgb_shap_list_ir_5_subset_53,xgb_shap_list_ir_5
1400,Pregnancies,0.54484695,0.33215317,277.87195,xgb_shap_list_ir_2_subset_71,xgb_shap_list_ir_2
1401,Glucose,1.5099148,0.59542507,770.0565,xgb_shap_list_ir_2_subset_71,xgb_shap_list_ir_2
1402,BloodPressure,0.60843277,0.41045508,310.30072,xgb_shap_list_ir_2_subset_71,xgb_shap_list_ir_2
1403,SkinThickness,0.34529987,0.2567337,176.10294,xgb_shap_list_ir_2_subset_71,xgb_shap_list_ir_2
1404,Insulin,0.2818794,0.1951585,143.7585,xgb_shap_list_ir_2_subset_71,xgb_shap_list_ir_2
1405,BMI,0.62921757,0.48198238,320.90097,xgb_shap_list_ir_2_subset_71,xgb_shap_list_ir_2
1406,DiabetesPedigreeFunction,0.41430712,0.30873162,211.29663,xgb_shap_list_ir_2_subset_71,xgb_shap_list_ir_2
1407,Age,0.68281406,0.6160174,348.23517,xgb_shap_list_ir_2_subset_71,xgb_shap_list_ir_2
1408,Pregnancies,0.14990537,0.11871792,76.45174,xgb_shap_list_ir_4_subset_54,xgb_shap_list_ir_4
1409,Glucose,1.6628513,0.97611064,848.0542,xgb_shap_list_ir_4_subset_54,xgb_shap_list_ir_4
1410,BloodPressure,0.31892133,0.36763746,162.64987,xgb_shap_list_ir_4_subset_54,xgb_shap_list_ir_4
1411,SkinThickness,0.2902124,0.16030714,148.00832,xgb_shap_list_ir_4_subset_54,xgb_shap_list_ir_4
1412,Insulin,0.2945173,0.24765463,150.20383,xgb_shap_list_ir_4_subset_54,xgb_shap_list_ir_4
1413,BMI,0.78769255,0.730614,401.7232,xgb_shap_list_ir_4_subset_54,xgb_shap_list_ir_4
1414,DiabetesPedigreeFunction,0.78520703,0.5163887,400.4556,xgb_shap_list_ir_4_subset_54,xgb_shap_list_ir_4
1415,Age,0.87633526,0.55699146,446.93097,xgb_shap_list_ir_4_subset_54,xgb_shap_list_ir_4
1416,Pregnancies,0.26971903,0.20713528,137.5567,xgb_shap_list_ir_5_subset_99,xgb_shap_list_ir_5
1417,Glucose,1.6971822,1.0486562,865.5629,xgb_shap_list_ir_5_subset_99,xgb_shap_list_ir_5
1418,BloodPressure,0.357722,0.33232045,182.43823,xgb_shap_list_ir_5_subset_99,xgb_shap_list_ir_5
1419,SkinThickness,0.35869804,0.23838998,182.936,xgb_shap_list_ir_5_subset_99,xgb_shap_list_ir_5
1420,Insulin,0.18510349,0.15956715,94.40278,xgb_shap_list_ir_5_subset_99,xgb_shap_list_ir_5
1421,BMI,0.72104925,0.52770233,367.7351,xgb_shap_list_ir_5_subset_99,xgb_shap_list_ir_5
1422,DiabetesPedigreeFunction,0.5017578,0.38220054,255.89648,xgb_shap_list_ir_5_subset_99,xgb_shap_list_ir_5
1423,Age,0.76712364,0.5941417,391.23306,xgb_shap_list_ir_5_subset_99,xgb_shap_list_ir_5
1424,Pregnancies,0.399589,0.29951265,203.79039,xgb_shap_list_ir_4_subset_87,xgb_shap_list_ir_4
1425,Glucose,1.2187294,0.7525001,621.552,xgb_shap_list_ir_4_subset_87,xgb_shap_list_ir_4
1426,BloodPressure,0.35403517,0.25994417,180.55794,xgb_shap_list_ir_4_subset_87,xgb_shap_list_ir_4
1427,SkinThickness,0.31602204,0.22489035,161.17123,xgb_shap_list_ir_4_subset_87,xgb_shap_list_ir_4
1428,Insulin,0.27122918,0.27273154,138.32687,xgb_shap_list_ir_4_subset_87,xgb_shap_list_ir_4
1429,BMI,0.6642382,0.50235504,338.76147,xgb_shap_list_ir_4_subset_87,xgb_shap_list_ir_4
1430,DiabetesPedigreeFunction,0.6404458,0.40568462,326.62738,xgb_shap_list_ir_4_subset_87,xgb_shap_list_ir_4
1431,Age,0.7167318,0.41138136,365.5332,xgb_shap_list_ir_4_subset_87,xgb_shap_list_ir_4
1432,Pregnancies,0.30224052,0.18937764,154.14267,xgb_shap_list_ir_5_subset_121,xgb_shap_list_ir_5
1433,Glucose,1.2145905,0.8023499,619.44116,xgb_shap_list_ir_5_subset_121,xgb_shap_list_ir_5
1434,BloodPressure,0.2844737,0.23934175,145.08157,xgb_shap_list_ir_5_subset_121,xgb_shap_list_ir_5
1435,SkinThickness,0.2346837,0.18514062,119.68869,xgb_shap_list_ir_5_subset_121,xgb_shap_list_ir_5
1436,Insulin,0.29836568,0.20310824,152.1665,xgb_shap_list_ir_5_subset_121,xgb_shap_list_ir_5
1437,BMI,1.291733,1.1790987,658.7838,xgb_shap_list_ir_5_subset_121,xgb_shap_list_ir_5
1438,DiabetesPedigreeFunction,0.62578964,0.44363293,319.1527,xgb_shap_list_ir_5_subset_121,xgb_shap_list_ir_5
1439,Age,0.6358297,0.4954857,324.27313,xgb_shap_list_ir_5_subset_121,xgb_shap_list_ir_5
1440,Pregnancies,0.9746811,0.40995434,497.08734,xgb_shap_list_ir_3_subset_128,xgb_shap_list_ir_3
1441,Glucose,1.5086368,0.9661331,769.4048,xgb_shap_list_ir_3_subset_128,xgb_shap_list_ir_3
1442,BloodPressure,0.41723615,0.38567156,212.79044,xgb_shap_list_ir_3_subset_128,xgb_shap_list_ir_3
1443,SkinThickness,0.2880664,0.23112072,146.91386,xgb_shap_list_ir_3_subset_128,xgb_shap_list_ir_3
1444,Insulin,0.17493032,0.21556409,89.21446,xgb_shap_list_ir_3_subset_128,xgb_shap_list_ir_3
1445,BMI,0.701741,0.6159202,357.8879,xgb_shap_list_ir_3_subset_128,xgb_shap_list_ir_3
1446,DiabetesPedigreeFunction,0.6871539,0.44252428,350.4485,xgb_shap_list_ir_3_subset_128,xgb_shap_list_ir_3
1447,Age,0.46342802,0.31772584,236.3483,xgb_shap_list_ir_3_subset_128,xgb_shap_list_ir_3
1448,Pregnancies,0.4129923,0.19608863,210.62607,xgb_shap_list_ir_2_subset_73,xgb_shap_list_ir_2
1449,Glucose,1.2085643,0.66277003,616.3678,xgb_shap_list_ir_2_subset_73,xgb_shap_list_ir_2
1450,BloodPressure,0.45239285,0.29268503,230.72035,xgb_shap_list_ir_2_subset_73,xgb_shap_list_ir_2
1451,SkinThickness,0.4766775,0.28317824,243.10553,xgb_shap_list_ir_2_subset_73,xgb_shap_list_ir_2
1452,Insulin,0.31862396,0.22896309,162.49821,xgb_shap_list_ir_2_subset_73,xgb_shap_list_ir_2
1453,BMI,1.0457507,0.57044816,533.3329,xgb_shap_list_ir_2_subset_73,xgb_shap_list_ir_2
1454,DiabetesPedigreeFunction,0.7084653,0.4603622,361.3173,xgb_shap_list_ir_2_subset_73,xgb_shap_list_ir_2
1455,Age,0.47549433,0.2907977,242.5021,xgb_shap_list_ir_2_subset_73,xgb_shap_list_ir_2
1456,Pregnancies,0.7428461,0.4415089,378.8515,xgb_shap_list_ir_2_subset_101,xgb_shap_list_ir_2
1457,Glucose,1.4030521,0.896187,715.5566,xgb_shap_list_ir_2_subset_101,xgb_shap_list_ir_2
1458,BloodPressure,0.51988864,0.30906075,265.14322,xgb_shap_list_ir_2_subset_101,xgb_shap_list_ir_2
1459,SkinThickness,0.11759018,0.088126436,59.970993,xgb_shap_list_ir_2_subset_101,xgb_shap_list_ir_2
1460,Insulin,0.16865137,0.199964,86.0122,xgb_shap_list_ir_2_subset_101,xgb_shap_list_ir_2
1461,BMI,0.5874515,0.47331718,299.60028,xgb_shap_list_ir_2_subset_101,xgb_shap_list_ir_2
1462,DiabetesPedigreeFunction,0.6574826,0.43049362,335.31613,xgb_shap_list_ir_2_subset_101,xgb_shap_list_ir_2
1463,Age,0.5942268,0.34932458,303.05566,xgb_shap_list_ir_2_subset_101,xgb_shap_list_ir_2
1464,Pregnancies,0.40945202,0.2649699,208.82053,xgb_shap_list_ir_2_subset_155,xgb_shap_list_ir_2
1465,Glucose,1.7914866,1.1739872,913.6582,xgb_shap_list_ir_2_subset_155,xgb_shap_list_ir_2
1466,BloodPressure,0.3017346,0.24648967,153.88464,xgb_shap_list_ir_2_subset_155,xgb_shap_list_ir_2
1467,SkinThickness,0.28781566,0.17794368,146.78598,xgb_shap_list_ir_2_subset_155,xgb_shap_list_ir_2
1468,Insulin,0.24600466,0.2774899,125.46237,xgb_shap_list_ir_2_subset_155,xgb_shap_list_ir_2
1469,BMI,1.0191456,0.74656886,519.7643,xgb_shap_list_ir_2_subset_155,xgb_shap_list_ir_2
1470,DiabetesPedigreeFunction,0.5158848,0.4421747,263.10126,xgb_shap_list_ir_2_subset_155,xgb_shap_list_ir_2
1471,Age,0.25523317,0.192354,130.16891,xgb_shap_list_ir_2_subset_155,xgb_shap_list_ir_2
1472,Pregnancies,0.20870245,0.19330218,106.43825,xgb_shap_list_ir_3_subset_119,xgb_shap_list_ir_3
1473,Glucose,1.7702569,0.80614316,902.831,xgb_shap_list_ir_3_subset_119,xgb_shap_list_ir_3
1474,BloodPressure,0.4977573,0.3687911,253.85622,xgb_shap_list_ir_3_subset_119,xgb_shap_list_ir_3
1475,SkinThickness,0.19702955,0.15924262,100.48507,xgb_shap_list_ir_3_subset_119,xgb_shap_list_ir_3
1476,Insulin,0.18024646,0.1393987,91.92569,xgb_shap_list_ir_3_subset_119,xgb_shap_list_ir_3
1477,BMI,0.79725724,0.6018317,406.6012,xgb_shap_list_ir_3_subset_119,xgb_shap_list_ir_3
1478,DiabetesPedigreeFunction,0.50567615,0.4606782,257.89484,xgb_shap_list_ir_3_subset_119,xgb_shap_list_ir_3
1479,Age,0.9224449,0.50179625,470.4469,xgb_shap_list_ir_3_subset_119,xgb_shap_list_ir_3
1480,Pregnancies,0.5726213,0.42200536,292.03687,xgb_shap_list_ir_4_subset_1,xgb_shap_list_ir_4
1481,Glucose,1.0042179,0.599193,512.1511,xgb_shap_list_ir_4_subset_1,xgb_shap_list_ir_4
1482,BloodPressure,0.2980489,0.21300781,152.00494,xgb_shap_list_ir_4_subset_1,xgb_shap_list_ir_4
1483,SkinThickness,0.28466803,0.25962996,145.1807,xgb_shap_list_ir_4_subset_1,xgb_shap_list_ir_4
1484,Insulin,0.22566852,0.17438203,115.09094,xgb_shap_list_ir_4_subset_1,xgb_shap_list_ir_4
1485,BMI,1.0779873,1.1032324,549.77356,xgb_shap_list_ir_4_subset_1,xgb_shap_list_ir_4
1486,DiabetesPedigreeFunction,0.6360115,0.45562574,324.36584,xgb_shap_list_ir_4_subset_1,xgb_shap_list_ir_4
1487,Age,0.50788265,0.34411424,259.02014,xgb_shap_list_ir_4_subset_1,xgb_shap_list_ir_4
1488,Pregnancies,0.9186147,0.44472188,468.4935,xgb_shap_list_ir_2_subset_123,xgb_shap_list_ir_2
1489,Glucose,1.2973125,0.72940785,661.6294,xgb_shap_list_ir_2_subset_123,xgb_shap_list_ir_2
1490,BloodPressure,0.105683915,0.10571948,53.898796,xgb_shap_list_ir_2_subset_123,xgb_shap_list_ir_2
1491,SkinThickness,0.34584028,0.21017154,176.37854,xgb_shap_list_ir_2_subset_123,xgb_shap_list_ir_2
1492,Insulin,0.7706653,0.5333938,393.0393,xgb_shap_list_ir_2_subset_123,xgb_shap_list_ir_2
1493,BMI,0.71772486,0.40104452,366.03967,xgb_shap_list_ir_2_subset_123,xgb_shap_list_ir_2
1494,DiabetesPedigreeFunction,0.38489452,0.24615602,196.2962,xgb_shap_list_ir_2_subset_123,xgb_shap_list_ir_2
1495,Age,0.39932,0.26035362,203.6532,xgb_shap_list_ir_2_subset_123,xgb_shap_list_ir_2
1496,Pregnancies,0.35765857,0.23154154,182.40587,xgb_shap_list_ir_1_subset_43,xgb_shap_list_ir_1
1497,Glucose,0.90346664,0.31021345,460.76797,xgb_shap_list_ir_1_subset_43,xgb_shap_list_ir_1
1498,BloodPressure,0.55036455,0.31835353,280.6859,xgb_shap_list_ir_1_subset_43,xgb_shap_list_ir_1
1499,SkinThickness,0.33595678,0.21869437,171.33795,xgb_shap_list_ir_1_subset_43,xgb_shap_list_ir_1
1500,Insulin,0.15149063,0.09650623,77.26022,xgb_shap_list_ir_1_subset_43,xgb_shap_list_ir_1
1501,BMI,0.7914009,0.3024461,403.61447,xgb_shap_list_ir_1_subset_43,xgb_shap_list_ir_1
1502,DiabetesPedigreeFunction,0.6514485,0.28678313,332.23874,xgb_shap_list_ir_1_subset_43,xgb_shap_list_ir_1
1503,Age,1.0205284,0.34737313,520.4695,xgb_shap_list_ir_1_subset_43,xgb_shap_list_ir_1
1504,Pregnancies,0.36164933,0.27423465,184.44116,xgb_shap_list_ir_5_subset_35,xgb_shap_list_ir_5
1505,Glucose,1.6423304,1.153083,837.5885,xgb_shap_list_ir_5_subset_35,xgb_shap_list_ir_5
1506,BloodPressure,0.2745737,0.24516894,140.0326,xgb_shap_list_ir_5_subset_35,xgb_shap_list_ir_5
1507,SkinThickness,0.25264072,0.2052324,128.84677,xgb_shap_list_ir_5_subset_35,xgb_shap_list_ir_5
1508,Insulin,0.2308309,0.15649273,117.723755,xgb_shap_list_ir_5_subset_35,xgb_shap_list_ir_5
1509,BMI,0.7869934,0.71093434,401.36664,xgb_shap_list_ir_5_subset_35,xgb_shap_list_ir_5
1510,DiabetesPedigreeFunction,0.55676126,0.44557998,283.94824,xgb_shap_list_ir_5_subset_35,xgb_shap_list_ir_5
1511,Age,0.77073663,0.50082946,393.07568,xgb_shap_list_ir_5_subset_35,xgb_shap_list_ir_5
1512,Pregnancies,0.36265647,0.2536226,184.9548,xgb_shap_list_ir_2_subset_7,xgb_shap_list_ir_2
1513,Glucose,1.2641108,0.4929518,644.69653,xgb_shap_list_ir_2_subset_7,xgb_shap_list_ir_2
1514,BloodPressure,0.48529112,0.36966398,247.49847,xgb_shap_list_ir_2_subset_7,xgb_shap_list_ir_2
1515,SkinThickness,0.33508268,0.1929678,170.89217,xgb_shap_list_ir_2_subset_7,xgb_shap_list_ir_2
1516,Insulin,0.44486526,0.266638,226.88129,xgb_shap_list_ir_2_subset_7,xgb_shap_list_ir_2
1517,BMI,0.9600397,0.56916225,489.62024,xgb_shap_list_ir_2_subset_7,xgb_shap_list_ir_2
1518,DiabetesPedigreeFunction,0.5378058,0.30850637,274.28094,xgb_shap_list_ir_2_subset_7,xgb_shap_list_ir_2
1519,Age,0.44779477,0.3231052,228.37534,xgb_shap_list_ir_2_subset_7,xgb_shap_list_ir_2
1520,Pregnancies,0.09367214,0.054068465,47.772793,xgb_shap_list_ir_1_subset_50,xgb_shap_list_ir_1
1521,Glucose,1.0105631,0.45949653,515.3872,xgb_shap_list_ir_1_subset_50,xgb_shap_list_ir_1
1522,BloodPressure,0.40199843,0.35491946,205.0192,xgb_shap_list_ir_1_subset_50,xgb_shap_list_ir_1
1523,SkinThickness,0.5756925,0.3522743,293.60315,xgb_shap_list_ir_1_subset_50,xgb_shap_list_ir_1
1524,Insulin,0.94559646,0.5082065,482.25418,xgb_shap_list_ir_1_subset_50,xgb_shap_list_ir_1
1525,BMI,0.5052554,0.32918856,257.68027,xgb_shap_list_ir_1_subset_50,xgb_shap_list_ir_1
1526,DiabetesPedigreeFunction,0.4173094,0.269879,212.82779,xgb_shap_list_ir_1_subset_50,xgb_shap_list_ir_1
1527,Age,0.7255845,0.40569735,370.0481,xgb_shap_list_ir_1_subset_50,xgb_shap_list_ir_1
1528,Pregnancies,0.33632368,0.26547152,171.52507,xgb_shap_list_ir_3_subset_92,xgb_shap_list_ir_3
1529,Glucose,1.1793542,0.67169225,601.47064,xgb_shap_list_ir_3_subset_92,xgb_shap_list_ir_3
1530,BloodPressure,0.44385436,0.29589686,226.36572,xgb_shap_list_ir_3_subset_92,xgb_shap_list_ir_3
1531,SkinThickness,0.37912658,0.33073533,193.35455,xgb_shap_list_ir_3_subset_92,xgb_shap_list_ir_3
1532,Insulin,0.25278172,0.23629047,128.91867,xgb_shap_list_ir_3_subset_92,xgb_shap_list_ir_3
1533,BMI,0.8875076,0.5893271,452.62888,xgb_shap_list_ir_3_subset_92,xgb_shap_list_ir_3
1534,DiabetesPedigreeFunction,0.48436236,0.29464477,247.02481,xgb_shap_list_ir_3_subset_92,xgb_shap_list_ir_3
1535,Age,0.8615724,0.57968616,439.40192,xgb_shap_list_ir_3_subset_92,xgb_shap_list_ir_3
1536,Pregnancies,0.4803924,0.27701995,245.00012,xgb_shap_list_ir_4_subset_10,xgb_shap_list_ir_4
1537,Glucose,1.3980428,1.1553106,713.00183,xgb_shap_list_ir_4_subset_10,xgb_shap_list_ir_4
1538,BloodPressure,0.39695662,0.2689214,202.44788,xgb_shap_list_ir_4_subset_10,xgb_shap_list_ir_4
1539,SkinThickness,0.2651794,0.17213386,135.24149,xgb_shap_list_ir_4_subset_10,xgb_shap_list_ir_4
1540,Insulin,0.1153331,0.11996615,58.81988,xgb_shap_list_ir_4_subset_10,xgb_shap_list_ir_4
1541,BMI,0.8689715,0.5791023,443.17548,xgb_shap_list_ir_4_subset_10,xgb_shap_list_ir_4
1542,DiabetesPedigreeFunction,0.39739826,0.2774256,202.67311,xgb_shap_list_ir_4_subset_10,xgb_shap_list_ir_4
1543,Age,0.55547976,0.43799624,283.29468,xgb_shap_list_ir_4_subset_10,xgb_shap_list_ir_4
1544,Pregnancies,0.5913194,0.39604095,301.57288,xgb_shap_list_ir_2_subset_42,xgb_shap_list_ir_2
1545,Glucose,1.148583,0.5612663,585.77734,xgb_shap_list_ir_2_subset_42,xgb_shap_list_ir_2
1546,BloodPressure,0.26309854,0.16601512,134.18025,xgb_shap_list_ir_2_subset_42,xgb_shap_list_ir_2
1547,SkinThickness,0.37231183,0.29342902,189.87903,xgb_shap_list_ir_2_subset_42,xgb_shap_list_ir_2
1548,Insulin,0.34249017,0.22982724,174.66998,xgb_shap_list_ir_2_subset_42,xgb_shap_list_ir_2
1549,BMI,0.43096763,0.2843802,219.79349,xgb_shap_list_ir_2_subset_42,xgb_shap_list_ir_2
1550,DiabetesPedigreeFunction,0.78474414,0.5369188,400.2195,xgb_shap_list_ir_2_subset_42,xgb_shap_list_ir_2
1551,Age,0.26004204,0.17274576,132.62144,xgb_shap_list_ir_2_subset_42,xgb_shap_list_ir_2
1552,Pregnancies,0.3984249,0.27519417,203.1967,xgb_shap_list_ir_5_subset_32,xgb_shap_list_ir_5
1553,Glucose,1.576473,0.8624074,804.0012,xgb_shap_list_ir_5_subset_32,xgb_shap_list_ir_5
1554,BloodPressure,0.29368657,0.25793657,149.78015,xgb_shap_list_ir_5_subset_32,xgb_shap_list_ir_5
1555,SkinThickness,0.26990777,0.19915096,137.65297,xgb_shap_list_ir_5_subset_32,xgb_shap_list_ir_5
1556,Insulin,0.35117257,0.2800484,179.098,xgb_shap_list_ir_5_subset_32,xgb_shap_list_ir_5
1557,BMI,1.061638,0.84679615,541.43536,xgb_shap_list_ir_5_subset_32,xgb_shap_list_ir_5
1558,DiabetesPedigreeFunction,0.5959348,0.4131341,303.92676,xgb_shap_list_ir_5_subset_32,xgb_shap_list_ir_5
1559,Age,0.5596347,0.40626127,285.4137,xgb_shap_list_ir_5_subset_32,xgb_shap_list_ir_5
1560,Pregnancies,0.7230903,0.5008836,368.77606,xgb_shap_list_ir_4_subset_119,xgb_shap_list_ir_4
1561,Glucose,1.2010831,0.85124046,612.55237,xgb_shap_list_ir_4_subset_119,xgb_shap_list_ir_4
1562,BloodPressure,0.4084892,0.36903906,208.3295,xgb_shap_list_ir_4_subset_119,xgb_shap_list_ir_4
1563,SkinThickness,0.43903384,0.25144774,223.90726,xgb_shap_list_ir_4_subset_119,xgb_shap_list_ir_4
1564,Insulin,0.18044388,0.18700857,92.02638,xgb_shap_list_ir_4_subset_119,xgb_shap_list_ir_4
1565,BMI,0.9868892,1.053826,503.31348,xgb_shap_list_ir_4_subset_119,xgb_shap_list_ir_4
1566,DiabetesPedigreeFunction,0.52028173,0.50784874,265.3437,xgb_shap_list_ir_4_subset_119,xgb_shap_list_ir_4
1567,Age,0.54368204,0.36370093,277.27783,xgb_shap_list_ir_4_subset_119,xgb_shap_list_ir_4
1568,Pregnancies,0.1978824,0.20432541,100.92002,xgb_shap_list_ir_3_subset_28,xgb_shap_list_ir_3
1569,Glucose,1.0803913,0.6544388,550.9996,xgb_shap_list_ir_3_subset_28,xgb_shap_list_ir_3
1570,BloodPressure,0.17191154,0.14654563,87.67488,xgb_shap_list_ir_3_subset_28,xgb_shap_list_ir_3
1571,SkinThickness,0.17831767,0.12344916,90.94201,xgb_shap_list_ir_3_subset_28,xgb_shap_list_ir_3
1572,Insulin,0.44664428,0.41151756,227.78857,xgb_shap_list_ir_3_subset_28,xgb_shap_list_ir_3
1573,BMI,1.0091143,0.66466016,514.64825,xgb_shap_list_ir_3_subset_28,xgb_shap_list_ir_3
1574,DiabetesPedigreeFunction,0.80544746,0.59264374,410.7782,xgb_shap_list_ir_3_subset_28,xgb_shap_list_ir_3
1575,Age,0.92661965,0.69633204,472.57602,xgb_shap_list_ir_3_subset_28,xgb_shap_list_ir_3
1576,Pregnancies,0.42499903,0.31336254,216.74951,xgb_shap_list_ir_2_subset_29,xgb_shap_list_ir_2
1577,Glucose,1.4575988,0.8766966,743.37537,xgb_shap_list_ir_2_subset_29,xgb_shap_list_ir_2
1578,BloodPressure,0.22471055,0.1792136,114.60238,xgb_shap_list_ir_2_subset_29,xgb_shap_list_ir_2
1579,SkinThickness,0.20324315,0.15081587,103.65401,xgb_shap_list_ir_2_subset_29,xgb_shap_list_ir_2
1580,Insulin,0.08349699,0.09081221,42.583466,xgb_shap_list_ir_2_subset_29,xgb_shap_list_ir_2
1581,BMI,1.0087203,0.6678621,514.4473,xgb_shap_list_ir_2_subset_29,xgb_shap_list_ir_2
1582,DiabetesPedigreeFunction,0.56330943,0.44328168,287.2878,xgb_shap_list_ir_2_subset_29,xgb_shap_list_ir_2
1583,Age,0.6489214,0.39634508,330.9499,xgb_shap_list_ir_2_subset_29,xgb_shap_list_ir_2
1584,Pregnancies,0.36566678,0.28080413,186.49005,xgb_shap_list_ir_3_subset_68,xgb_shap_list_ir_3
1585,Glucose,1.967134,1.1335176,1003.23834,xgb_shap_list_ir_3_subset_68,xgb_shap_list_ir_3
1586,BloodPressure,0.30608246,0.26726374,156.10205,xgb_shap_list_ir_3_subset_68,xgb_shap_list_ir_3
1587,SkinThickness,0.31033033,0.20407446,158.26846,xgb_shap_list_ir_3_subset_68,xgb_shap_list_ir_3
1588,Insulin,0.23318306,0.15461898,118.923355,xgb_shap_list_ir_3_subset_68,xgb_shap_list_ir_3
1589,BMI,0.61415726,0.42818895,313.2202,xgb_shap_list_ir_3_subset_68,xgb_shap_list_ir_3
1590,DiabetesPedigreeFunction,0.5888824,0.44829956,300.33002,xgb_shap_list_ir_3_subset_68,xgb_shap_list_ir_3
1591,Age,1.1029059,0.546496,562.482,xgb_shap_list_ir_3_subset_68,xgb_shap_list_ir_3
1592,Pregnancies,0.1273015,0.12308305,64.92377,xgb_shap_list_ir_2_subset_132,xgb_shap_list_ir_2
1593,Glucose,1.2950217,0.8157701,660.46106,xgb_shap_list_ir_2_subset_132,xgb_shap_list_ir_2
1594,BloodPressure,0.5553839,0.27166763,283.2458,xgb_shap_list_ir_2_subset_132,xgb_shap_list_ir_2
1595,SkinThickness,0.29330337,0.23659602,149.58472,xgb_shap_list_ir_2_subset_132,xgb_shap_list_ir_2
1596,Insulin,0.21180254,0.1709373,108.019295,xgb_shap_list_ir_2_subset_132,xgb_shap_list_ir_2
1597,BMI,0.72593236,0.42567274,370.2255,xgb_shap_list_ir_2_subset_132,xgb_shap_list_ir_2
1598,DiabetesPedigreeFunction,0.7998601,0.4804335,407.92865,xgb_shap_list_ir_2_subset_132,xgb_shap_list_ir_2
1599,Age,1.0545883,0.7096771,537.84,xgb_shap_list_ir_2_subset_132,xgb_shap_list_ir_2
1600,Pregnancies,0.48944432,0.35971707,249.61661,xgb_shap_list_ir_5_subset_147,xgb_shap_list_ir_5
1601,Glucose,1.3315154,1.0455467,679.0729,xgb_shap_list_ir_5_subset_147,xgb_shap_list_ir_5
1602,BloodPressure,0.2690013,0.22965403,137.19066,xgb_shap_list_ir_5_subset_147,xgb_shap_list_ir_5
1603,SkinThickness,0.19687097,0.15140362,100.40419,xgb_shap_list_ir_5_subset_147,xgb_shap_list_ir_5
1604,Insulin,0.1985103,0.15604037,101.24026,xgb_shap_list_ir_5_subset_147,xgb_shap_list_ir_5
1605,BMI,1.0214782,0.8253932,520.95386,xgb_shap_list_ir_5_subset_147,xgb_shap_list_ir_5
1606,DiabetesPedigreeFunction,0.48187712,0.31664866,245.75732,xgb_shap_list_ir_5_subset_147,xgb_shap_list_ir_5
1607,Age,0.5897818,0.43141243,300.78873,xgb_shap_list_ir_5_subset_147,xgb_shap_list_ir_5
1608,Pregnancies,0.3026054,0.19994184,154.32875,xgb_shap_list_ir_3_subset_118,xgb_shap_list_ir_3
1609,Glucose,1.0182284,0.67447895,519.2965,xgb_shap_list_ir_3_subset_118,xgb_shap_list_ir_3
1610,BloodPressure,0.40187418,0.27847522,204.95584,xgb_shap_list_ir_3_subset_118,xgb_shap_list_ir_3
1611,SkinThickness,0.2561293,0.1673128,130.62595,xgb_shap_list_ir_3_subset_118,xgb_shap_list_ir_3
1612,Insulin,0.6051559,0.40523425,308.62952,xgb_shap_list_ir_3_subset_118,xgb_shap_list_ir_3
1613,BMI,1.2810618,0.9780036,653.3415,xgb_shap_list_ir_3_subset_118,xgb_shap_list_ir_3
1614,DiabetesPedigreeFunction,0.7797899,0.433761,397.69287,xgb_shap_list_ir_3_subset_118,xgb_shap_list_ir_3
1615,Age,0.59098625,0.3138513,301.40298,xgb_shap_list_ir_3_subset_118,xgb_shap_list_ir_3
1616,Pregnancies,0.49279135,0.41379374,251.3236,xgb_shap_list_ir_4_subset_90,xgb_shap_list_ir_4
1617,Glucose,1.3448825,1.0227996,685.8901,xgb_shap_list_ir_4_subset_90,xgb_shap_list_ir_4
1618,BloodPressure,0.27059636,0.19098204,138.00414,xgb_shap_list_ir_4_subset_90,xgb_shap_list_ir_4
1619,SkinThickness,0.22718135,0.13951987,115.86249,xgb_shap_list_ir_4_subset_90,xgb_shap_list_ir_4
1620,Insulin,0.27014756,0.22742955,137.77525,xgb_shap_list_ir_4_subset_90,xgb_shap_list_ir_4
1621,BMI,1.0477419,0.8078718,534.3484,xgb_shap_list_ir_4_subset_90,xgb_shap_list_ir_4
1622,DiabetesPedigreeFunction,0.66109365,0.4553906,337.15778,xgb_shap_list_ir_4_subset_90,xgb_shap_list_ir_4
1623,Age,0.7474619,0.39575747,381.20557,xgb_shap_list_ir_4_subset_90,xgb_shap_list_ir_4
1624,Pregnancies,0.21244358,0.1866882,108.34622,xgb_shap_list_ir_5_subset_138,xgb_shap_list_ir_5
1625,Glucose,1.5088335,0.9181442,769.5051,xgb_shap_list_ir_5_subset_138,xgb_shap_list_ir_5
1626,BloodPressure,0.42748645,0.32676393,218.01808,xgb_shap_list_ir_5_subset_138,xgb_shap_list_ir_5
1627,SkinThickness,0.223329,0.18305197,113.89779,xgb_shap_list_ir_5_subset_138,xgb_shap_list_ir_5
1628,Insulin,0.33820087,0.2925921,172.48244,xgb_shap_list_ir_5_subset_138,xgb_shap_list_ir_5
1629,BMI,1.0442415,0.9581,532.5632,xgb_shap_list_ir_5_subset_138,xgb_shap_list_ir_5
1630,DiabetesPedigreeFunction,0.6582273,0.4166703,335.69592,xgb_shap_list_ir_5_subset_138,xgb_shap_list_ir_5
1631,Age,0.7053273,0.5762362,359.71692,xgb_shap_list_ir_5_subset_138,xgb_shap_list_ir_5
1632,Pregnancies,0.6646941,0.36474964,338.994,xgb_shap_list_ir_3_subset_55,xgb_shap_list_ir_3
1633,Glucose,1.5180397,0.8782326,774.20026,xgb_shap_list_ir_3_subset_55,xgb_shap_list_ir_3
1634,BloodPressure,0.38002703,0.28537953,193.81378,xgb_shap_list_ir_3_subset_55,xgb_shap_list_ir_3
1635,SkinThickness,0.26213554,0.17605993,133.68912,xgb_shap_list_ir_3_subset_55,xgb_shap_list_ir_3
1636,Insulin,0.31186566,0.20857163,159.05148,xgb_shap_list_ir_3_subset_55,xgb_shap_list_ir_3
1637,BMI,1.1413137,0.9406682,582.06995,xgb_shap_list_ir_3_subset_55,xgb_shap_list_ir_3
1638,DiabetesPedigreeFunction,0.45150098,0.3211604,230.2655,xgb_shap_list_ir_3_subset_55,xgb_shap_list_ir_3
1639,Age,0.32991302,0.30029467,168.25565,xgb_shap_list_ir_3_subset_55,xgb_shap_list_ir_3
1640,Pregnancies,0.3444926,0.2514757,175.69124,xgb_shap_list_ir_1_subset_28,xgb_shap_list_ir_1
1641,Glucose,0.5751698,0.21558233,293.3366,xgb_shap_list_ir_1_subset_28,xgb_shap_list_ir_1
1642,BloodPressure,0.81235915,0.3144297,414.30316,xgb_shap_list_ir_1_subset_28,xgb_shap_list_ir_1
1643,SkinThickness,0.25530133,0.18707743,130.20367,xgb_shap_list_ir_1_subset_28,xgb_shap_list_ir_1
1644,Insulin,0.6650612,0.3669243,339.1812,xgb_shap_list_ir_1_subset_28,xgb_shap_list_ir_1
1645,BMI,0.80172986,0.3953595,408.88223,xgb_shap_list_ir_1_subset_28,xgb_shap_list_ir_1
1646,DiabetesPedigreeFunction,0.7710866,0.43277988,393.25415,xgb_shap_list_ir_1_subset_28,xgb_shap_list_ir_1
1647,Age,0.45348853,0.18563463,231.27914,xgb_shap_list_ir_1_subset_28,xgb_shap_list_ir_1
1648,Pregnancies,0.46040663,0.29784182,234.80739,xgb_shap_list_ir_5_subset_136,xgb_shap_list_ir_5
1649,Glucose,1.3514297,0.8565245,689.2291,xgb_shap_list_ir_5_subset_136,xgb_shap_list_ir_5
1650,BloodPressure,0.34265128,0.25794795,174.75215,xgb_shap_list_ir_5_subset_136,xgb_shap_list_ir_5
1651,SkinThickness,0.30076033,0.17268562,153.38777,xgb_shap_list_ir_5_subset_136,xgb_shap_list_ir_5
1652,Insulin,0.39804947,0.31320468,203.00523,xgb_shap_list_ir_5_subset_136,xgb_shap_list_ir_5
1653,BMI,1.2183143,0.9741739,621.3403,xgb_shap_list_ir_5_subset_136,xgb_shap_list_ir_5
1654,DiabetesPedigreeFunction,0.59974676,0.41010848,305.87085,xgb_shap_list_ir_5_subset_136,xgb_shap_list_ir_5
1655,Age,0.48928317,0.3228897,249.53442,xgb_shap_list_ir_5_subset_136,xgb_shap_list_ir_5
1656,Pregnancies,0.5427039,0.35427225,276.779,xgb_shap_list_ir_5_subset_8,xgb_shap_list_ir_5
1657,Glucose,1.5621587,1.0391428,796.7009,xgb_shap_list_ir_5_subset_8,xgb_shap_list_ir_5
1658,BloodPressure,0.4071805,0.3278254,207.66205,xgb_shap_list_ir_5_subset_8,xgb_shap_list_ir_5
1659,SkinThickness,0.281475,0.22137564,143.55226,xgb_shap_list_ir_5_subset_8,xgb_shap_list_ir_5
1660,Insulin,0.3409279,0.2902807,173.87323,xgb_shap_list_ir_5_subset_8,xgb_shap_list_ir_5
1661,BMI,0.69039416,0.5914106,352.101,xgb_shap_list_ir_5_subset_8,xgb_shap_list_ir_5
1662,DiabetesPedigreeFunction,0.87763,0.6345186,447.5913,xgb_shap_list_ir_5_subset_8,xgb_shap_list_ir_5
1663,Age,0.5214558,0.38182908,265.94247,xgb_shap_list_ir_5_subset_8,xgb_shap_list_ir_5
1664,Pregnancies,0.4897294,0.32400832,249.762,xgb_shap_list_ir_4_subset_44,xgb_shap_list_ir_4
1665,Glucose,1.5496403,0.819301,790.3165,xgb_shap_list_ir_4_subset_44,xgb_shap_list_ir_4
1666,BloodPressure,0.19190441,0.21002364,97.87125,xgb_shap_list_ir_4_subset_44,xgb_shap_list_ir_4
1667,SkinThickness,0.30058512,0.24856949,153.29842,xgb_shap_list_ir_4_subset_44,xgb_shap_list_ir_4
1668,Insulin,0.3175846,0.22433484,161.96815,xgb_shap_list_ir_4_subset_44,xgb_shap_list_ir_4
1669,BMI,0.9417456,0.72081995,480.29025,xgb_shap_list_ir_4_subset_44,xgb_shap_list_ir_4
1670,DiabetesPedigreeFunction,0.65702045,0.46946827,335.08044,xgb_shap_list_ir_4_subset_44,xgb_shap_list_ir_4
1671,Age,0.52321887,0.38785174,266.8416,xgb_shap_list_ir_4_subset_44,xgb_shap_list_ir_4
1672,Pregnancies,0.28846937,0.21794206,147.11938,xgb_shap_list_ir_1_subset_88,xgb_shap_list_ir_1
1673,Glucose,1.3957554,0.51628155,711.83527,xgb_shap_list_ir_1_subset_88,xgb_shap_list_ir_1
1674,BloodPressure,0.15887992,0.097264774,81.02876,xgb_shap_list_ir_1_subset_88,xgb_shap_list_ir_1
1675,SkinThickness,0.28502107,0.098620676,145.36075,xgb_shap_list_ir_1_subset_88,xgb_shap_list_ir_1
1676,Insulin,1.0034312,0.1937786,511.74994,xgb_shap_list_ir_1_subset_88,xgb_shap_list_ir_1
1677,BMI,0.27036583,0.194892,137.88658,xgb_shap_list_ir_1_subset_88,xgb_shap_list_ir_1
1678,DiabetesPedigreeFunction,0.39679614,0.35329157,202.36603,xgb_shap_list_ir_1_subset_88,xgb_shap_list_ir_1
1679,Age,1.0117686,0.32354835,516.00195,xgb_shap_list_ir_1_subset_88,xgb_shap_list_ir_1
1680,Pregnancies,0.22652803,0.14858408,115.5293,xgb_shap_list_ir_3_subset_96,xgb_shap_list_ir_3
1681,Glucose,1.4319166,0.76514935,730.27747,xgb_shap_list_ir_3_subset_96,xgb_shap_list_ir_3
1682,BloodPressure,0.4107686,0.2649587,209.49199,xgb_shap_list_ir_3_subset_96,xgb_shap_list_ir_3
1683,SkinThickness,0.23990259,0.14766112,122.35032,xgb_shap_list_ir_3_subset_96,xgb_shap_list_ir_3
1684,Insulin,0.1864305,0.16959614,95.07955,xgb_shap_list_ir_3_subset_96,xgb_shap_list_ir_3
1685,BMI,1.204817,1.1235775,614.4567,xgb_shap_list_ir_3_subset_96,xgb_shap_list_ir_3
1686,DiabetesPedigreeFunction,0.6088408,0.4418732,310.50882,xgb_shap_list_ir_3_subset_96,xgb_shap_list_ir_3
1687,Age,0.75435,0.5365263,384.7185,xgb_shap_list_ir_3_subset_96,xgb_shap_list_ir_3
1688,Pregnancies,0.28550178,0.1827976,145.60591,xgb_shap_list_ir_3_subset_40,xgb_shap_list_ir_3
1689,Glucose,1.2751384,0.6527382,650.32056,xgb_shap_list_ir_3_subset_40,xgb_shap_list_ir_3
1690,BloodPressure,0.23280667,0.147522,118.7314,xgb_shap_list_ir_3_subset_40,xgb_shap_list_ir_3
1691,SkinThickness,0.2084255,0.13695557,106.29701,xgb_shap_list_ir_3_subset_40,xgb_shap_list_ir_3
1692,Insulin,0.47345644,0.34944552,241.46278,xgb_shap_list_ir_3_subset_40,xgb_shap_list_ir_3
1693,BMI,0.874598,0.5342503,446.04498,xgb_shap_list_ir_3_subset_40,xgb_shap_list_ir_3
1694,DiabetesPedigreeFunction,1.0749236,0.5426643,548.21106,xgb_shap_list_ir_3_subset_40,xgb_shap_list_ir_3
1695,Age,0.7669191,0.41577303,391.12872,xgb_shap_list_ir_3_subset_40,xgb_shap_list_ir_3
1696,Pregnancies,0.45115948,0.26683632,230.09134,xgb_shap_list_ir_3_subset_158,xgb_shap_list_ir_3
1697,Glucose,1.2264558,0.71897817,625.49243,xgb_shap_list_ir_3_subset_158,xgb_shap_list_ir_3
1698,BloodPressure,0.6017457,0.39647058,306.89032,xgb_shap_list_ir_3_subset_158,xgb_shap_list_ir_3
1699,SkinThickness,0.43721068,0.26438674,222.97745,xgb_shap_list_ir_3_subset_158,xgb_shap_list_ir_3
1700,Insulin,0.22808422,0.16697542,116.32295,xgb_shap_list_ir_3_subset_158,xgb_shap_list_ir_3
1701,BMI,0.7056127,0.5137727,359.8625,xgb_shap_list_ir_3_subset_158,xgb_shap_list_ir_3
1702,DiabetesPedigreeFunction,0.54651165,0.37344027,278.72095,xgb_shap_list_ir_3_subset_158,xgb_shap_list_ir_3
1703,Age,0.6181687,0.36638895,315.26605,xgb_shap_list_ir_3_subset_158,xgb_shap_list_ir_3
1704,Pregnancies,0.45940122,0.35062656,234.29462,xgb_shap_list_ir_5_subset_42,xgb_shap_list_ir_5
1705,Glucose,1.4159907,0.8734488,722.1553,xgb_shap_list_ir_5_subset_42,xgb_shap_list_ir_5
1706,BloodPressure,0.3643919,0.3196216,185.83986,xgb_shap_list_ir_5_subset_42,xgb_shap_list_ir_5
1707,SkinThickness,0.29432115,0.1924901,150.10379,xgb_shap_list_ir_5_subset_42,xgb_shap_list_ir_5
1708,Insulin,0.25447837,0.23703459,129.78397,xgb_shap_list_ir_5_subset_42,xgb_shap_list_ir_5
1709,BMI,1.0564414,0.83088183,538.78516,xgb_shap_list_ir_5_subset_42,xgb_shap_list_ir_5
1710,DiabetesPedigreeFunction,0.4464726,0.33691683,227.70102,xgb_shap_list_ir_5_subset_42,xgb_shap_list_ir_5
1711,Age,0.5548226,0.35374537,282.95953,xgb_shap_list_ir_5_subset_42,xgb_shap_list_ir_5
1712,Pregnancies,0.1855179,0.17806312,94.614136,xgb_shap_list_ir_5_subset_1,xgb_shap_list_ir_5
1713,Glucose,1.3299788,0.66831875,678.2892,xgb_shap_list_ir_5_subset_1,xgb_shap_list_ir_5
1714,BloodPressure,0.30978408,0.26994646,157.98988,xgb_shap_list_ir_5_subset_1,xgb_shap_list_ir_5
1715,SkinThickness,0.31006894,0.21066459,158.13516,xgb_shap_list_ir_5_subset_1,xgb_shap_list_ir_5
1716,Insulin,0.2906416,0.26650405,148.22722,xgb_shap_list_ir_5_subset_1,xgb_shap_list_ir_5
1717,BMI,1.0268846,0.8691319,523.7111,xgb_shap_list_ir_5_subset_1,xgb_shap_list_ir_5
1718,DiabetesPedigreeFunction,0.6595014,0.5609466,336.3457,xgb_shap_list_ir_5_subset_1,xgb_shap_list_ir_5
1719,Age,0.82236093,0.60162723,419.40408,xgb_shap_list_ir_5_subset_1,xgb_shap_list_ir_5
1720,Pregnancies,0.38250703,0.23437679,195.07858,xgb_shap_list_ir_1_subset_141,xgb_shap_list_ir_1
1721,Glucose,0.70285946,0.53996503,358.4583,xgb_shap_list_ir_1_subset_141,xgb_shap_list_ir_1
1722,BloodPressure,0.477124,0.28491592,243.33324,xgb_shap_list_ir_1_subset_141,xgb_shap_list_ir_1
1723,SkinThickness,0.7050851,0.25620866,359.5934,xgb_shap_list_ir_1_subset_141,xgb_shap_list_ir_1
1724,Insulin,0.41384134,0.23734324,211.05908,xgb_shap_list_ir_1_subset_141,xgb_shap_list_ir_1
1725,BMI,0.36872384,0.2385502,188.04916,xgb_shap_list_ir_1_subset_141,xgb_shap_list_ir_1
1726,DiabetesPedigreeFunction,0.5634476,0.40759033,287.35828,xgb_shap_list_ir_1_subset_141,xgb_shap_list_ir_1
1727,Age,0.33028033,0.18584347,168.44296,xgb_shap_list_ir_1_subset_141,xgb_shap_list_ir_1
1728,Pregnancies,0.7946363,0.44040737,405.26453,xgb_shap_list_ir_2_subset_92,xgb_shap_list_ir_2
1729,Glucose,0.8345762,0.586802,425.63385,xgb_shap_list_ir_2_subset_92,xgb_shap_list_ir_2
1730,BloodPressure,0.5341115,0.33075628,272.39685,xgb_shap_list_ir_2_subset_92,xgb_shap_list_ir_2
1731,SkinThickness,0.20527332,0.14833711,104.68939,xgb_shap_list_ir_2_subset_92,xgb_shap_list_ir_2
1732,Insulin,0.39013582,0.3155625,198.96927,xgb_shap_list_ir_2_subset_92,xgb_shap_list_ir_2
1733,BMI,0.70303714,0.6160752,358.54895,xgb_shap_list_ir_2_subset_92,xgb_shap_list_ir_2
1734,DiabetesPedigreeFunction,0.71045977,0.44932914,362.33447,xgb_shap_list_ir_2_subset_92,xgb_shap_list_ir_2
1735,Age,0.27708733,0.22858122,141.31454,xgb_shap_list_ir_2_subset_92,xgb_shap_list_ir_2
1736,Pregnancies,0.253562,0.14230023,129.31662,xgb_shap_list_ir_2_subset_128,xgb_shap_list_ir_2
1737,Glucose,1.2463075,0.7108892,635.6168,xgb_shap_list_ir_2_subset_128,xgb_shap_list_ir_2
1738,BloodPressure,0.3177703,0.2156903,162.06285,xgb_shap_list_ir_2_subset_128,xgb_shap_list_ir_2
1739,SkinThickness,0.3760489,0.1998108,191.78494,xgb_shap_list_ir_2_subset_128,xgb_shap_list_ir_2
1740,Insulin,0.15527837,0.17262515,79.19197,xgb_shap_list_ir_2_subset_128,xgb_shap_list_ir_2
1741,BMI,0.89872146,0.510719,458.34793,xgb_shap_list_ir_2_subset_128,xgb_shap_list_ir_2
1742,DiabetesPedigreeFunction,0.6351438,0.32228047,323.92334,xgb_shap_list_ir_2_subset_128,xgb_shap_list_ir_2
1743,Age,0.6779991,0.50693256,345.77954,xgb_shap_list_ir_2_subset_128,xgb_shap_list_ir_2
1744,Pregnancies,0.19684732,0.161133,100.392136,xgb_shap_list_ir_4_subset_35,xgb_shap_list_ir_4
1745,Glucose,1.5155056,1.0287027,772.90784,xgb_shap_list_ir_4_subset_35,xgb_shap_list_ir_4
1746,BloodPressure,0.2999836,0.24865833,152.99164,xgb_shap_list_ir_4_subset_35,xgb_shap_list_ir_4
1747,SkinThickness,0.3141412,0.21851674,160.21202,xgb_shap_list_ir_4_subset_35,xgb_shap_list_ir_4
1748,Insulin,0.1885349,0.15937892,96.1528,xgb_shap_list_ir_4_subset_35,xgb_shap_list_ir_4
1749,BMI,1.0045568,0.9630372,512.324,xgb_shap_list_ir_4_subset_35,xgb_shap_list_ir_4
1750,DiabetesPedigreeFunction,0.5306534,0.35560742,270.63324,xgb_shap_list_ir_4_subset_35,xgb_shap_list_ir_4
1751,Age,0.91143507,0.51855195,464.83188,xgb_shap_list_ir_4_subset_35,xgb_shap_list_ir_4
1752,Pregnancies,0.50792295,0.29007334,259.0407,xgb_shap_list_ir_1_subset_158,xgb_shap_list_ir_1
1753,Glucose,0.9592966,0.39074048,489.24127,xgb_shap_list_ir_1_subset_158,xgb_shap_list_ir_1
1754,BloodPressure,0.50613964,0.3903451,258.13123,xgb_shap_list_ir_1_subset_158,xgb_shap_list_ir_1
1755,SkinThickness,0.3006999,0.17073683,153.35695,xgb_shap_list_ir_1_subset_158,xgb_shap_list_ir_1
1756,Insulin,0.3763483,0.27393916,191.93762,xgb_shap_list_ir_1_subset_158,xgb_shap_list_ir_1
1757,BMI,0.7393234,0.5411183,377.05493,xgb_shap_list_ir_1_subset_158,xgb_shap_list_ir_1
1758,DiabetesPedigreeFunction,0.35360414,0.25460312,180.3381,xgb_shap_list_ir_1_subset_158,xgb_shap_list_ir_1
1759,Age,0.91141695,0.36466414,464.82263,xgb_shap_list_ir_1_subset_158,xgb_shap_list_ir_1
1760,Pregnancies,0.6534633,0.39284357,333.2663,xgb_shap_list_ir_4_subset_136,xgb_shap_list_ir_4
1761,Glucose,1.5902499,0.8652312,811.02747,xgb_shap_list_ir_4_subset_136,xgb_shap_list_ir_4
1762,BloodPressure,0.30648506,0.24725479,156.30737,xgb_shap_list_ir_4_subset_136,xgb_shap_list_ir_4
1763,SkinThickness,0.3525147,0.23312785,179.7825,xgb_shap_list_ir_4_subset_136,xgb_shap_list_ir_4
1764,Insulin,0.18557945,0.1136702,94.645515,xgb_shap_list_ir_4_subset_136,xgb_shap_list_ir_4
1765,BMI,0.8771528,0.74118644,447.34793,xgb_shap_list_ir_4_subset_136,xgb_shap_list_ir_4
1766,DiabetesPedigreeFunction,0.6079649,0.47461498,310.06207,xgb_shap_list_ir_4_subset_136,xgb_shap_list_ir_4
1767,Age,0.53747106,0.39042944,274.11023,xgb_shap_list_ir_4_subset_136,xgb_shap_list_ir_4
1768,Pregnancies,0.45644233,0.280019,232.78558,xgb_shap_list_ir_5_subset_26,xgb_shap_list_ir_5
1769,Glucose,1.6552253,1.116377,844.1649,xgb_shap_list_ir_5_subset_26,xgb_shap_list_ir_5
1770,BloodPressure,0.24459176,0.2080897,124.7418,xgb_shap_list_ir_5_subset_26,xgb_shap_list_ir_5
1771,SkinThickness,0.19777714,0.13837998,100.86634,xgb_shap_list_ir_5_subset_26,xgb_shap_list_ir_5
1772,Insulin,0.2772653,0.26358458,141.4053,xgb_shap_list_ir_5_subset_26,xgb_shap_list_ir_5
1773,BMI,0.70074564,0.5900821,357.38028,xgb_shap_list_ir_5_subset_26,xgb_shap_list_ir_5
1774,DiabetesPedigreeFunction,0.6418235,0.50016546,327.32996,xgb_shap_list_ir_5_subset_26,xgb_shap_list_ir_5
1775,Age,0.8475288,0.602374,432.2397,xgb_shap_list_ir_5_subset_26,xgb_shap_list_ir_5
1776,Pregnancies,0.1800664,0.14784373,91.83387,xgb_shap_list_ir_2_subset_108,xgb_shap_list_ir_2
1777,Glucose,1.2303841,0.49481112,627.4959,xgb_shap_list_ir_2_subset_108,xgb_shap_list_ir_2
1778,BloodPressure,0.5258657,0.3468981,268.1915,xgb_shap_list_ir_2_subset_108,xgb_shap_list_ir_2
1779,SkinThickness,0.31910717,0.2106223,162.74466,xgb_shap_list_ir_2_subset_108,xgb_shap_list_ir_2
1780,Insulin,0.2800299,0.17143293,142.81525,xgb_shap_list_ir_2_subset_108,xgb_shap_list_ir_2
1781,BMI,1.082923,0.7785013,552.2908,xgb_shap_list_ir_2_subset_108,xgb_shap_list_ir_2
1782,DiabetesPedigreeFunction,0.45686862,0.307913,233.00299,xgb_shap_list_ir_2_subset_108,xgb_shap_list_ir_2
1783,Age,0.59041435,0.30538353,301.11133,xgb_shap_list_ir_2_subset_108,xgb_shap_list_ir_2
1784,Pregnancies,0.444912,0.2618149,226.9051,xgb_shap_list_ir_1_subset_74,xgb_shap_list_ir_1
1785,Glucose,1.7236657,0.46511817,879.0695,xgb_shap_list_ir_1_subset_74,xgb_shap_list_ir_1
1786,BloodPressure,0.91180944,0.24488524,465.02283,xgb_shap_list_ir_1_subset_74,xgb_shap_list_ir_1
1787,SkinThickness,0.38809744,0.2175432,197.92969,xgb_shap_list_ir_1_subset_74,xgb_shap_list_ir_1
1788,Insulin,0.34255928,0.15468061,174.70523,xgb_shap_list_ir_1_subset_74,xgb_shap_list_ir_1
1789,BMI,0.65679556,0.26143625,334.96573,xgb_shap_list_ir_1_subset_74,xgb_shap_list_ir_1
1790,DiabetesPedigreeFunction,0.37982285,0.29237914,193.70966,xgb_shap_list_ir_1_subset_74,xgb_shap_list_ir_1
1791,Age,0.2429602,0.24787031,123.9097,xgb_shap_list_ir_1_subset_74,xgb_shap_list_ir_1
1792,Pregnancies,0.29985848,0.20075592,152.92783,xgb_shap_list_ir_2_subset_76,xgb_shap_list_ir_2
1793,Glucose,1.6596442,1.0694469,846.4186,xgb_shap_list_ir_2_subset_76,xgb_shap_list_ir_2
1794,BloodPressure,0.34009367,0.178721,173.44777,xgb_shap_list_ir_2_subset_76,xgb_shap_list_ir_2
1795,SkinThickness,0.15910947,0.13569658,81.14583,xgb_shap_list_ir_2_subset_76,xgb_shap_list_ir_2
1796,Insulin,0.19333772,0.24601866,98.60224,xgb_shap_list_ir_2_subset_76,xgb_shap_list_ir_2
1797,BMI,0.7656655,0.52550036,390.48938,xgb_shap_list_ir_2_subset_76,xgb_shap_list_ir_2
1798,DiabetesPedigreeFunction,0.57826954,0.37609863,294.91748,xgb_shap_list_ir_2_subset_76,xgb_shap_list_ir_2
1799,Age,0.4565749,0.330872,232.8532,xgb_shap_list_ir_2_subset_76,xgb_shap_list_ir_2
1800,Pregnancies,0.23187326,0.19390984,118.25536,xgb_shap_list_ir_3_subset_63,xgb_shap_list_ir_3
1801,Glucose,1.3119386,0.94308466,669.0887,xgb_shap_list_ir_3_subset_63,xgb_shap_list_ir_3
1802,BloodPressure,0.49533337,0.33139092,252.62003,xgb_shap_list_ir_3_subset_63,xgb_shap_list_ir_3
1803,SkinThickness,0.16751294,0.1372647,85.431595,xgb_shap_list_ir_3_subset_63,xgb_shap_list_ir_3
1804,Insulin,0.21877776,0.16282755,111.57666,xgb_shap_list_ir_3_subset_63,xgb_shap_list_ir_3
1805,BMI,0.7922501,0.6039532,404.04755,xgb_shap_list_ir_3_subset_63,xgb_shap_list_ir_3
1806,DiabetesPedigreeFunction,0.5352536,0.4622509,272.97934,xgb_shap_list_ir_3_subset_63,xgb_shap_list_ir_3
1807,Age,0.6523918,0.54146063,332.71982,xgb_shap_list_ir_3_subset_63,xgb_shap_list_ir_3
1808,Pregnancies,0.30218413,0.19171287,154.1139,xgb_shap_list_ir_3_subset_32,xgb_shap_list_ir_3
1809,Glucose,1.0726237,0.7424125,547.0381,xgb_shap_list_ir_3_subset_32,xgb_shap_list_ir_3
1810,BloodPressure,0.33153147,0.251795,169.08105,xgb_shap_list_ir_3_subset_32,xgb_shap_list_ir_3
1811,SkinThickness,0.2986213,0.1897772,152.29686,xgb_shap_list_ir_3_subset_32,xgb_shap_list_ir_3
1812,Insulin,0.46636945,0.31080237,237.84842,xgb_shap_list_ir_3_subset_32,xgb_shap_list_ir_3
1813,BMI,1.3121046,1.057811,669.17334,xgb_shap_list_ir_3_subset_32,xgb_shap_list_ir_3
1814,DiabetesPedigreeFunction,0.58532244,0.38240317,298.51443,xgb_shap_list_ir_3_subset_32,xgb_shap_list_ir_3
1815,Age,0.6015625,0.35420105,306.79688,xgb_shap_list_ir_3_subset_32,xgb_shap_list_ir_3
1816,Pregnancies,0.69713575,0.50269586,355.53925,xgb_shap_list_ir_1_subset_79,xgb_shap_list_ir_1
1817,Glucose,1.7365929,0.54175514,885.66235,xgb_shap_list_ir_1_subset_79,xgb_shap_list_ir_1
1818,BloodPressure,0.3616675,0.16463621,184.45044,xgb_shap_list_ir_1_subset_79,xgb_shap_list_ir_1
1819,SkinThickness,0.23139216,0.08580035,118.01,xgb_shap_list_ir_1_subset_79,xgb_shap_list_ir_1
1820,Insulin,0.251248,0.20865938,128.13647,xgb_shap_list_ir_1_subset_79,xgb_shap_list_ir_1
1821,BMI,0.776885,0.21168432,396.21133,xgb_shap_list_ir_1_subset_79,xgb_shap_list_ir_1
1822,DiabetesPedigreeFunction,0.5349933,0.3392933,272.8466,xgb_shap_list_ir_1_subset_79,xgb_shap_list_ir_1
1823,Age,0.22121832,0.27083603,112.82134,xgb_shap_list_ir_1_subset_79,xgb_shap_list_ir_1
1824,Pregnancies,0.45267296,0.32762423,230.8632,xgb_shap_list_ir_5_subset_113,xgb_shap_list_ir_5
1825,Glucose,1.5936441,1.011262,812.7585,xgb_shap_list_ir_5_subset_113,xgb_shap_list_ir_5
1826,BloodPressure,0.3610622,0.25131044,184.14172,xgb_shap_list_ir_5_subset_113,xgb_shap_list_ir_5
1827,SkinThickness,0.18893474,0.13501436,96.35672,xgb_shap_list_ir_5_subset_113,xgb_shap_list_ir_5
1828,Insulin,0.43038198,0.39203995,219.49481,xgb_shap_list_ir_5_subset_113,xgb_shap_list_ir_5
1829,BMI,0.7804953,0.49282733,398.05258,xgb_shap_list_ir_5_subset_113,xgb_shap_list_ir_5
1830,DiabetesPedigreeFunction,0.47855362,0.34328765,244.06235,xgb_shap_list_ir_5_subset_113,xgb_shap_list_ir_5
1831,Age,0.64839685,0.49017668,330.6824,xgb_shap_list_ir_5_subset_113,xgb_shap_list_ir_5
1832,Pregnancies,0.25014746,0.19917323,127.57521,xgb_shap_list_ir_3_subset_39,xgb_shap_list_ir_3
1833,Glucose,1.4283804,0.78532064,728.474,xgb_shap_list_ir_3_subset_39,xgb_shap_list_ir_3
1834,BloodPressure,0.32483998,0.2512562,165.6684,xgb_shap_list_ir_3_subset_39,xgb_shap_list_ir_3
1835,SkinThickness,0.22983171,0.2185517,117.21417,xgb_shap_list_ir_3_subset_39,xgb_shap_list_ir_3
1836,Insulin,0.118907094,0.10879414,60.642616,xgb_shap_list_ir_3_subset_39,xgb_shap_list_ir_3
1837,BMI,0.67109627,0.51990306,342.2591,xgb_shap_list_ir_3_subset_39,xgb_shap_list_ir_3
1838,DiabetesPedigreeFunction,0.43679383,0.40178463,222.76486,xgb_shap_list_ir_3_subset_39,xgb_shap_list_ir_3
1839,Age,1.454639,1.111744,741.86584,xgb_shap_list_ir_3_subset_39,xgb_shap_list_ir_3
1840,Pregnancies,0.707851,0.41956472,361.004,xgb_shap_list_ir_5_subset_127,xgb_shap_list_ir_5
1841,Glucose,2.1437347,1.0902057,1093.3047,xgb_shap_list_ir_5_subset_127,xgb_shap_list_ir_5
1842,BloodPressure,0.5390127,0.3938951,274.89645,xgb_shap_list_ir_5_subset_127,xgb_shap_list_ir_5
1843,SkinThickness,0.26127326,0.17818281,133.24936,xgb_shap_list_ir_5_subset_127,xgb_shap_list_ir_5
1844,Insulin,0.2106667,0.16070928,107.44002,xgb_shap_list_ir_5_subset_127,xgb_shap_list_ir_5
1845,BMI,0.6883918,0.48728192,351.07983,xgb_shap_list_ir_5_subset_127,xgb_shap_list_ir_5
1846,DiabetesPedigreeFunction,0.6129846,0.4667889,312.62213,xgb_shap_list_ir_5_subset_127,xgb_shap_list_ir_5
1847,Age,0.6854569,0.4911231,349.583,xgb_shap_list_ir_5_subset_127,xgb_shap_list_ir_5
1848,Pregnancies,0.35239068,0.25988704,179.71924,xgb_shap_list_ir_4_subset_104,xgb_shap_list_ir_4
1849,Glucose,1.414167,0.86540914,721.2252,xgb_shap_list_ir_4_subset_104,xgb_shap_list_ir_4
1850,BloodPressure,0.27614644,0.19131568,140.83469,xgb_shap_list_ir_4_subset_104,xgb_shap_list_ir_4
1851,SkinThickness,0.21843666,0.15631787,111.402695,xgb_shap_list_ir_4_subset_104,xgb_shap_list_ir_4
1852,Insulin,0.2697737,0.21592265,137.58458,xgb_shap_list_ir_4_subset_104,xgb_shap_list_ir_4
1853,BMI,0.9545788,0.87049884,486.8352,xgb_shap_list_ir_4_subset_104,xgb_shap_list_ir_4
1854,DiabetesPedigreeFunction,0.6494275,0.5219042,331.208,xgb_shap_list_ir_4_subset_104,xgb_shap_list_ir_4
1855,Age,0.43337667,0.32779267,221.0221,xgb_shap_list_ir_4_subset_104,xgb_shap_list_ir_4
1856,Pregnancies,0.5746161,0.30658144,293.0542,xgb_shap_list_ir_2_subset_110,xgb_shap_list_ir_2
1857,Glucose,1.581049,0.84458774,806.33496,xgb_shap_list_ir_2_subset_110,xgb_shap_list_ir_2
1858,BloodPressure,0.2448271,0.15056883,124.861824,xgb_shap_list_ir_2_subset_110,xgb_shap_list_ir_2
1859,SkinThickness,0.22416414,0.14857265,114.323715,xgb_shap_list_ir_2_subset_110,xgb_shap_list_ir_2
1860,Insulin,0.32727298,0.25994316,166.90923,xgb_shap_list_ir_2_subset_110,xgb_shap_list_ir_2
1861,BMI,0.38593408,0.2932138,196.82639,xgb_shap_list_ir_2_subset_110,xgb_shap_list_ir_2
1862,DiabetesPedigreeFunction,0.61854404,0.4025075,315.45746,xgb_shap_list_ir_2_subset_110,xgb_shap_list_ir_2
1863,Age,0.31016833,0.19720471,158.18585,xgb_shap_list_ir_2_subset_110,xgb_shap_list_ir_2
1864,Pregnancies,0.30213833,0.21088862,154.09055,xgb_shap_list_ir_2_subset_10,xgb_shap_list_ir_2
1865,Glucose,1.5482746,0.76843196,789.62006,xgb_shap_list_ir_2_subset_10,xgb_shap_list_ir_2
1866,BloodPressure,0.4313546,0.29620323,219.99084,xgb_shap_list_ir_2_subset_10,xgb_shap_list_ir_2
1867,SkinThickness,0.3381791,0.22070915,172.47134,xgb_shap_list_ir_2_subset_10,xgb_shap_list_ir_2
1868,Insulin,0.16391596,0.10889425,83.59714,xgb_shap_list_ir_2_subset_10,xgb_shap_list_ir_2
1869,BMI,0.46496928,0.3320541,237.13434,xgb_shap_list_ir_2_subset_10,xgb_shap_list_ir_2
1870,DiabetesPedigreeFunction,0.49638402,0.34059608,253.15585,xgb_shap_list_ir_2_subset_10,xgb_shap_list_ir_2
1871,Age,1.05407,0.5596921,537.5757,xgb_shap_list_ir_2_subset_10,xgb_shap_list_ir_2
1872,Pregnancies,0.60862356,0.4136058,310.398,xgb_shap_list_ir_5_subset_13,xgb_shap_list_ir_5
1873,Glucose,1.5319978,0.9362836,781.31885,xgb_shap_list_ir_5_subset_13,xgb_shap_list_ir_5
1874,BloodPressure,0.21584973,0.19180156,110.08336,xgb_shap_list_ir_5_subset_13,xgb_shap_list_ir_5
1875,SkinThickness,0.24502964,0.18040253,124.96512,xgb_shap_list_ir_5_subset_13,xgb_shap_list_ir_5
1876,Insulin,0.31285888,0.2407103,159.55803,xgb_shap_list_ir_5_subset_13,xgb_shap_list_ir_5
1877,BMI,1.0946066,1.131198,558.2494,xgb_shap_list_ir_5_subset_13,xgb_shap_list_ir_5
1878,DiabetesPedigreeFunction,0.49003235,0.3883339,249.91649,xgb_shap_list_ir_5_subset_13,xgb_shap_list_ir_5
1879,Age,0.60724574,0.41182938,309.69534,xgb_shap_list_ir_5_subset_13,xgb_shap_list_ir_5
1880,Pregnancies,0.18891042,0.13118285,96.344315,xgb_shap_list_ir_2_subset_154,xgb_shap_list_ir_2
1881,Glucose,1.0037106,0.6666589,511.89243,xgb_shap_list_ir_2_subset_154,xgb_shap_list_ir_2
1882,BloodPressure,0.46847826,0.3956101,238.92392,xgb_shap_list_ir_2_subset_154,xgb_shap_list_ir_2
1883,SkinThickness,0.2903088,0.17557207,148.0575,xgb_shap_list_ir_2_subset_154,xgb_shap_list_ir_2
1884,Insulin,0.3870483,0.22539482,197.39464,xgb_shap_list_ir_2_subset_154,xgb_shap_list_ir_2
1885,BMI,1.0045104,0.77196604,512.3003,xgb_shap_list_ir_2_subset_154,xgb_shap_list_ir_2
1886,DiabetesPedigreeFunction,0.7929034,0.61008537,404.38074,xgb_shap_list_ir_2_subset_154,xgb_shap_list_ir_2
1887,Age,0.74917996,0.42533347,382.0818,xgb_shap_list_ir_2_subset_154,xgb_shap_list_ir_2
1888,Pregnancies,0.43070883,0.28838107,219.6615,xgb_shap_list_ir_5_subset_6,xgb_shap_list_ir_5
1889,Glucose,1.4396679,1.0600541,734.23065,xgb_shap_list_ir_5_subset_6,xgb_shap_list_ir_5
1890,BloodPressure,0.28172344,0.23627001,143.67896,xgb_shap_list_ir_5_subset_6,xgb_shap_list_ir_5
1891,SkinThickness,0.286415,0.20547651,146.07166,xgb_shap_list_ir_5_subset_6,xgb_shap_list_ir_5
1892,Insulin,0.26819363,0.257843,136.77875,xgb_shap_list_ir_5_subset_6,xgb_shap_list_ir_5
1893,BMI,1.1238145,0.98949,573.1454,xgb_shap_list_ir_5_subset_6,xgb_shap_list_ir_5
1894,DiabetesPedigreeFunction,0.40032774,0.33963925,204.16714,xgb_shap_list_ir_5_subset_6,xgb_shap_list_ir_5
1895,Age,0.7629961,0.3923662,389.128,xgb_shap_list_ir_5_subset_6,xgb_shap_list_ir_5
1896,Pregnancies,0.6269535,0.35654798,319.74628,xgb_shap_list_ir_3_subset_82,xgb_shap_list_ir_3
1897,Glucose,1.0017318,0.51946265,510.8832,xgb_shap_list_ir_3_subset_82,xgb_shap_list_ir_3
1898,BloodPressure,0.38770506,0.28883833,197.72958,xgb_shap_list_ir_3_subset_82,xgb_shap_list_ir_3
1899,SkinThickness,0.42214933,0.2726735,215.29616,xgb_shap_list_ir_3_subset_82,xgb_shap_list_ir_3
1900,Insulin,0.3013608,0.25026736,153.694,xgb_shap_list_ir_3_subset_82,xgb_shap_list_ir_3
1901,BMI,1.0562998,0.9423796,538.7129,xgb_shap_list_ir_3_subset_82,xgb_shap_list_ir_3
1902,DiabetesPedigreeFunction,0.72498226,0.47308695,369.74097,xgb_shap_list_ir_3_subset_82,xgb_shap_list_ir_3
1903,Age,0.5453164,0.5289194,278.11136,xgb_shap_list_ir_3_subset_82,xgb_shap_list_ir_3
1904,Pregnancies,0.5529906,0.50804174,282.0252,xgb_shap_list_ir_2_subset_28,xgb_shap_list_ir_2
1905,Glucose,1.1503372,0.5614775,586.672,xgb_shap_list_ir_2_subset_28,xgb_shap_list_ir_2
1906,BloodPressure,0.54687035,0.3640269,278.90387,xgb_shap_list_ir_2_subset_28,xgb_shap_list_ir_2
1907,SkinThickness,0.4411303,0.2613832,224.97646,xgb_shap_list_ir_2_subset_28,xgb_shap_list_ir_2
1908,Insulin,0.51663995,0.21511279,263.48636,xgb_shap_list_ir_2_subset_28,xgb_shap_list_ir_2
1909,BMI,0.60144824,0.31336877,306.7386,xgb_shap_list_ir_2_subset_28,xgb_shap_list_ir_2
1910,DiabetesPedigreeFunction,0.33339444,0.22482017,170.03116,xgb_shap_list_ir_2_subset_28,xgb_shap_list_ir_2
1911,Age,0.7435147,0.5630648,379.1925,xgb_shap_list_ir_2_subset_28,xgb_shap_list_ir_2
1912,Pregnancies,0.26009455,0.27019593,132.64822,xgb_shap_list_ir_5_subset_149,xgb_shap_list_ir_5
1913,Glucose,1.6164261,0.92295045,824.3773,xgb_shap_list_ir_5_subset_149,xgb_shap_list_ir_5
1914,BloodPressure,0.24915253,0.21466516,127.06779,xgb_shap_list_ir_5_subset_149,xgb_shap_list_ir_5
1915,SkinThickness,0.28336346,0.19468072,144.51537,xgb_shap_list_ir_5_subset_149,xgb_shap_list_ir_5
1916,Insulin,0.32226124,0.32719976,164.35324,xgb_shap_list_ir_5_subset_149,xgb_shap_list_ir_5
1917,BMI,0.8213292,0.64157116,418.87787,xgb_shap_list_ir_5_subset_149,xgb_shap_list_ir_5
1918,DiabetesPedigreeFunction,0.48100683,0.42713106,245.31348,xgb_shap_list_ir_5_subset_149,xgb_shap_list_ir_5
1919,Age,0.9968429,0.7291352,508.3899,xgb_shap_list_ir_5_subset_149,xgb_shap_list_ir_5
1920,Pregnancies,0.54115236,0.34563065,275.9877,xgb_shap_list_ir_5_subset_102,xgb_shap_list_ir_5
1921,Glucose,1.6745892,1.1876525,854.04047,xgb_shap_list_ir_5_subset_102,xgb_shap_list_ir_5
1922,BloodPressure,0.24587932,0.24287102,125.39845,xgb_shap_list_ir_5_subset_102,xgb_shap_list_ir_5
1923,SkinThickness,0.13669463,0.111975476,69.71426,xgb_shap_list_ir_5_subset_102,xgb_shap_list_ir_5
1924,Insulin,0.37140468,0.270234,189.41638,xgb_shap_list_ir_5_subset_102,xgb_shap_list_ir_5
1925,BMI,1.0127815,0.75988,516.51855,xgb_shap_list_ir_5_subset_102,xgb_shap_list_ir_5
1926,DiabetesPedigreeFunction,0.48869523,0.38448545,249.23457,xgb_shap_list_ir_5_subset_102,xgb_shap_list_ir_5
1927,Age,0.7460719,0.5862931,380.49664,xgb_shap_list_ir_5_subset_102,xgb_shap_list_ir_5
1928,Pregnancies,0.49673048,0.27545953,253.33255,xgb_shap_list_ir_1_subset_142,xgb_shap_list_ir_1
1929,Glucose,0.7010498,0.38625467,357.5354,xgb_shap_list_ir_1_subset_142,xgb_shap_list_ir_1
1930,BloodPressure,0.2809114,0.17126085,143.2648,xgb_shap_list_ir_1_subset_142,xgb_shap_list_ir_1
1931,SkinThickness,0.43754777,0.14889257,223.14937,xgb_shap_list_ir_1_subset_142,xgb_shap_list_ir_1
1932,Insulin,0.30054238,0.25782254,153.27661,xgb_shap_list_ir_1_subset_142,xgb_shap_list_ir_1
1933,BMI,1.091446,0.599109,556.63745,xgb_shap_list_ir_1_subset_142,xgb_shap_list_ir_1
1934,DiabetesPedigreeFunction,0.4748572,0.31501552,242.17719,xgb_shap_list_ir_1_subset_142,xgb_shap_list_ir_1
1935,Age,0.31124604,0.22162037,158.73547,xgb_shap_list_ir_1_subset_142,xgb_shap_list_ir_1
1936,Pregnancies,0.6129076,0.44487533,312.58286,xgb_shap_list_ir_4_subset_69,xgb_shap_list_ir_4
1937,Glucose,1.3261901,0.87773573,676.35693,xgb_shap_list_ir_4_subset_69,xgb_shap_list_ir_4
1938,BloodPressure,0.25094047,0.17469908,127.979645,xgb_shap_list_ir_4_subset_69,xgb_shap_list_ir_4
1939,SkinThickness,0.2862642,0.20973064,145.99475,xgb_shap_list_ir_4_subset_69,xgb_shap_list_ir_4
1940,Insulin,0.31134686,0.27104667,158.7869,xgb_shap_list_ir_4_subset_69,xgb_shap_list_ir_4
1941,BMI,0.8883999,0.64687246,453.08395,xgb_shap_list_ir_4_subset_69,xgb_shap_list_ir_4
1942,DiabetesPedigreeFunction,0.48225793,0.35509542,245.95154,xgb_shap_list_ir_4_subset_69,xgb_shap_list_ir_4
1943,Age,0.39200315,0.38265345,199.9216,xgb_shap_list_ir_4_subset_69,xgb_shap_list_ir_4
1944,Pregnancies,0.2374375,0.18250683,121.093124,xgb_shap_list_ir_4_subset_155,xgb_shap_list_ir_4
1945,Glucose,1.7261341,0.9653843,880.32837,xgb_shap_list_ir_4_subset_155,xgb_shap_list_ir_4
1946,BloodPressure,0.34337065,0.27863345,175.11903,xgb_shap_list_ir_4_subset_155,xgb_shap_list_ir_4
1947,SkinThickness,0.17213851,0.15247801,87.79064,xgb_shap_list_ir_4_subset_155,xgb_shap_list_ir_4
1948,Insulin,0.2599127,0.26583502,132.55548,xgb_shap_list_ir_4_subset_155,xgb_shap_list_ir_4
1949,BMI,0.698689,0.6370689,356.3314,xgb_shap_list_ir_4_subset_155,xgb_shap_list_ir_4
1950,DiabetesPedigreeFunction,0.5631841,0.3305437,287.22388,xgb_shap_list_ir_4_subset_155,xgb_shap_list_ir_4
1951,Age,0.7292308,0.46269402,371.9077,xgb_shap_list_ir_4_subset_155,xgb_shap_list_ir_4
1952,Pregnancies,0.19465508,0.1523029,99.274086,xgb_shap_list_ir_2_subset_61,xgb_shap_list_ir_2
1953,Glucose,1.3887745,0.68751985,708.275,xgb_shap_list_ir_2_subset_61,xgb_shap_list_ir_2
1954,BloodPressure,0.72026163,0.4300742,367.33344,xgb_shap_list_ir_2_subset_61,xgb_shap_list_ir_2
1955,SkinThickness,0.31863979,0.19515711,162.50629,xgb_shap_list_ir_2_subset_61,xgb_shap_list_ir_2
1956,Insulin,0.21242066,0.16035458,108.33453,xgb_shap_list_ir_2_subset_61,xgb_shap_list_ir_2
1957,BMI,0.78872967,0.7107939,402.25214,xgb_shap_list_ir_2_subset_61,xgb_shap_list_ir_2
1958,DiabetesPedigreeFunction,0.44489405,0.34629527,226.89597,xgb_shap_list_ir_2_subset_61,xgb_shap_list_ir_2
1959,Age,0.7024971,0.32586026,358.27353,xgb_shap_list_ir_2_subset_61,xgb_shap_list_ir_2
1960,Pregnancies,0.5821436,0.39360496,296.89325,xgb_shap_list_ir_4_subset_51,xgb_shap_list_ir_4
1961,Glucose,1.6601218,1.1320126,846.6621,xgb_shap_list_ir_4_subset_51,xgb_shap_list_ir_4
1962,BloodPressure,0.4015409,0.26743522,204.78586,xgb_shap_list_ir_4_subset_51,xgb_shap_list_ir_4
1963,SkinThickness,0.1844907,0.117055275,94.090256,xgb_shap_list_ir_4_subset_51,xgb_shap_list_ir_4
1964,Insulin,0.26806992,0.18358894,136.71567,xgb_shap_list_ir_4_subset_51,xgb_shap_list_ir_4
1965,BMI,0.7490698,0.60330856,382.0256,xgb_shap_list_ir_4_subset_51,xgb_shap_list_ir_4
1966,DiabetesPedigreeFunction,0.662435,0.50948143,337.84186,xgb_shap_list_ir_4_subset_51,xgb_shap_list_ir_4
1967,Age,0.23868078,0.26489207,121.727196,xgb_shap_list_ir_4_subset_51,xgb_shap_list_ir_4
1968,Pregnancies,0.40459666,0.3546741,206.3443,xgb_shap_list_ir_1_subset_12,xgb_shap_list_ir_1
1969,Glucose,1.4032154,0.7055697,715.63983,xgb_shap_list_ir_1_subset_12,xgb_shap_list_ir_1
1970,BloodPressure,0.28613874,0.17846832,145.93076,xgb_shap_list_ir_1_subset_12,xgb_shap_list_ir_1
1971,SkinThickness,0.15693153,0.05799313,80.03508,xgb_shap_list_ir_1_subset_12,xgb_shap_list_ir_1
1972,Insulin,0.23935913,0.12937744,122.07315,xgb_shap_list_ir_1_subset_12,xgb_shap_list_ir_1
1973,BMI,0.7236195,0.34045032,369.04596,xgb_shap_list_ir_1_subset_12,xgb_shap_list_ir_1
1974,DiabetesPedigreeFunction,0.82590353,0.35488728,421.21082,xgb_shap_list_ir_1_subset_12,xgb_shap_list_ir_1
1975,Age,0.81489307,0.40412956,415.59546,xgb_shap_list_ir_1_subset_12,xgb_shap_list_ir_1
1976,Pregnancies,0.42726374,0.2886761,217.90451,xgb_shap_list_ir_3_subset_93,xgb_shap_list_ir_3
1977,Glucose,1.0899706,0.8657991,555.885,xgb_shap_list_ir_3_subset_93,xgb_shap_list_ir_3
1978,BloodPressure,0.30135953,0.2379631,153.69336,xgb_shap_list_ir_3_subset_93,xgb_shap_list_ir_3
1979,SkinThickness,0.28859344,0.22853206,147.18265,xgb_shap_list_ir_3_subset_93,xgb_shap_list_ir_3
1980,Insulin,0.25221437,0.21310875,128.62933,xgb_shap_list_ir_3_subset_93,xgb_shap_list_ir_3
1981,BMI,1.096171,1.0921099,559.04724,xgb_shap_list_ir_3_subset_93,xgb_shap_list_ir_3
1982,DiabetesPedigreeFunction,0.662059,0.6207575,337.6501,xgb_shap_list_ir_3_subset_93,xgb_shap_list_ir_3
1983,Age,0.42809364,0.28149885,218.32776,xgb_shap_list_ir_3_subset_93,xgb_shap_list_ir_3
1984,Pregnancies,0.47765782,0.33009624,243.60548,xgb_shap_list_ir_5_subset_156,xgb_shap_list_ir_5
1985,Glucose,1.5820358,1.019657,806.83826,xgb_shap_list_ir_5_subset_156,xgb_shap_list_ir_5
1986,BloodPressure,0.31826973,0.25470895,162.31757,xgb_shap_list_ir_5_subset_156,xgb_shap_list_ir_5
1987,SkinThickness,0.39180526,0.2568,199.82068,xgb_shap_list_ir_5_subset_156,xgb_shap_list_ir_5
1988,Insulin,0.37761578,0.31650615,192.58405,xgb_shap_list_ir_5_subset_156,xgb_shap_list_ir_5
1989,BMI,0.8368193,0.7250224,426.77783,xgb_shap_list_ir_5_subset_156,xgb_shap_list_ir_5
1990,DiabetesPedigreeFunction,0.6102003,0.45251352,311.20215,xgb_shap_list_ir_5_subset_156,xgb_shap_list_ir_5
1991,Age,0.59863645,0.34019154,305.3046,xgb_shap_list_ir_5_subset_156,xgb_shap_list_ir_5
1992,Pregnancies,0.35268918,0.25599205,179.87148,xgb_shap_list_ir_3_subset_146,xgb_shap_list_ir_3
1993,Glucose,1.2075101,0.8244942,615.83014,xgb_shap_list_ir_3_subset_146,xgb_shap_list_ir_3
1994,BloodPressure,0.33390287,0.27318108,170.29047,xgb_shap_list_ir_3_subset_146,xgb_shap_list_ir_3
1995,SkinThickness,0.38320008,0.24932861,195.43204,xgb_shap_list_ir_3_subset_146,xgb_shap_list_ir_3
1996,Insulin,0.574031,0.38019097,292.7558,xgb_shap_list_ir_3_subset_146,xgb_shap_list_ir_3
1997,BMI,1.0984013,0.8865147,560.1847,xgb_shap_list_ir_3_subset_146,xgb_shap_list_ir_3
1998,DiabetesPedigreeFunction,0.43082216,0.324034,219.7193,xgb_shap_list_ir_3_subset_146,xgb_shap_list_ir_3
1999,Age,0.41915846,0.29593623,213.77081,xgb_shap_list_ir_3_subset_146,xgb_shap_list_ir_3
2000,Pregnancies,0.21140373,0.20956212,107.8159,xgb_shap_list_ir_2_subset_45,xgb_shap_list_ir_2
2001,Glucose,1.0493746,0.5803474,535.181,xgb_shap_list_ir_2_subset_45,xgb_shap_list_ir_2
2002,BloodPressure,0.29846907,0.20102605,152.21922,xgb_shap_list_ir_2_subset_45,xgb_shap_list_ir_2
2003,SkinThickness,0.1327284,0.09589162,67.69148,xgb_shap_list_ir_2_subset_45,xgb_shap_list_ir_2
2004,Insulin,0.15163258,0.13235037,77.33261,xgb_shap_list_ir_2_subset_45,xgb_shap_list_ir_2
2005,BMI,0.7572573,0.3813259,386.2012,xgb_shap_list_ir_2_subset_45,xgb_shap_list_ir_2
2006,DiabetesPedigreeFunction,0.44315317,0.3322989,226.00812,xgb_shap_list_ir_2_subset_45,xgb_shap_list_ir_2
2007,Age,1.4304378,0.74876404,729.52325,xgb_shap_list_ir_2_subset_45,xgb_shap_list_ir_2
2008,Pregnancies,0.480296,0.28322905,244.95096,xgb_shap_list_ir_3_subset_71,xgb_shap_list_ir_3
2009,Glucose,1.1799854,0.7202182,601.79254,xgb_shap_list_ir_3_subset_71,xgb_shap_list_ir_3
2010,BloodPressure,0.41826165,0.37428752,213.31345,xgb_shap_list_ir_3_subset_71,xgb_shap_list_ir_3
2011,SkinThickness,0.1355679,0.09408151,69.13963,xgb_shap_list_ir_3_subset_71,xgb_shap_list_ir_3
2012,Insulin,0.34218916,0.30764678,174.51648,xgb_shap_list_ir_3_subset_71,xgb_shap_list_ir_3
2013,BMI,0.96052974,0.83019394,489.87018,xgb_shap_list_ir_3_subset_71,xgb_shap_list_ir_3
2014,DiabetesPedigreeFunction,0.48046008,0.30888492,245.03464,xgb_shap_list_ir_3_subset_71,xgb_shap_list_ir_3
2015,Age,0.9990144,0.6612405,509.49734,xgb_shap_list_ir_3_subset_71,xgb_shap_list_ir_3
2016,Pregnancies,0.82308376,0.36805815,419.7727,xgb_shap_list_ir_1_subset_23,xgb_shap_list_ir_1
2017,Glucose,0.8491466,0.38689753,433.06476,xgb_shap_list_ir_1_subset_23,xgb_shap_list_ir_1
2018,BloodPressure,0.21546099,0.12749068,109.8851,xgb_shap_list_ir_1_subset_23,xgb_shap_list_ir_1
2019,SkinThickness,0.24222447,0.22706565,123.53448,xgb_shap_list_ir_1_subset_23,xgb_shap_list_ir_1
2020,Insulin,0.19013962,0.13053647,96.97121,xgb_shap_list_ir_1_subset_23,xgb_shap_list_ir_1
2021,BMI,0.87980205,0.4931296,448.69904,xgb_shap_list_ir_1_subset_23,xgb_shap_list_ir_1
2022,DiabetesPedigreeFunction,0.44700938,0.3142689,227.9748,xgb_shap_list_ir_1_subset_23,xgb_shap_list_ir_1
2023,Age,0.3052799,0.16109085,155.69275,xgb_shap_list_ir_1_subset_23,xgb_shap_list_ir_1
2024,Pregnancies,0.5142996,0.34588504,262.2928,xgb_shap_list_ir_5_subset_56,xgb_shap_list_ir_5
2025,Glucose,1.5135131,0.98088276,771.89166,xgb_shap_list_ir_5_subset_56,xgb_shap_list_ir_5
2026,BloodPressure,0.26799652,0.25979483,136.67822,xgb_shap_list_ir_5_subset_56,xgb_shap_list_ir_5
2027,SkinThickness,0.24014494,0.16737564,122.473915,xgb_shap_list_ir_5_subset_56,xgb_shap_list_ir_5
2028,Insulin,0.32721463,0.2908949,166.87946,xgb_shap_list_ir_5_subset_56,xgb_shap_list_ir_5
2029,BMI,0.8233397,0.7183188,419.90326,xgb_shap_list_ir_5_subset_56,xgb_shap_list_ir_5
2030,DiabetesPedigreeFunction,0.54103714,0.37622648,275.92896,xgb_shap_list_ir_5_subset_56,xgb_shap_list_ir_5
2031,Age,0.5249046,0.32042637,267.70135,xgb_shap_list_ir_5_subset_56,xgb_shap_list_ir_5
2032,Pregnancies,0.08686487,0.08402537,44.301083,xgb_shap_list_ir_2_subset_40,xgb_shap_list_ir_2
2033,Glucose,1.8715476,1.0379542,954.48926,xgb_shap_list_ir_2_subset_40,xgb_shap_list_ir_2
2034,BloodPressure,0.51535594,0.28734657,262.83154,xgb_shap_list_ir_2_subset_40,xgb_shap_list_ir_2
2035,SkinThickness,0.4916288,0.23677744,250.73068,xgb_shap_list_ir_2_subset_40,xgb_shap_list_ir_2
2036,Insulin,0.2776783,0.22137174,141.61594,xgb_shap_list_ir_2_subset_40,xgb_shap_list_ir_2
2037,BMI,0.8641664,0.5893678,440.72485,xgb_shap_list_ir_2_subset_40,xgb_shap_list_ir_2
2038,DiabetesPedigreeFunction,0.64810383,0.37310678,330.53296,xgb_shap_list_ir_2_subset_40,xgb_shap_list_ir_2
2039,Age,0.5021434,0.54299396,256.09314,xgb_shap_list_ir_2_subset_40,xgb_shap_list_ir_2
2040,Pregnancies,0.17758588,0.1603187,90.5688,xgb_shap_list_ir_5_subset_60,xgb_shap_list_ir_5
2041,Glucose,1.2103839,0.76271945,617.2958,xgb_shap_list_ir_5_subset_60,xgb_shap_list_ir_5
2042,BloodPressure,0.39714637,0.26883015,202.54465,xgb_shap_list_ir_5_subset_60,xgb_shap_list_ir_5
2043,SkinThickness,0.2126978,0.14722875,108.47588,xgb_shap_list_ir_5_subset_60,xgb_shap_list_ir_5
2044,Insulin,0.30065385,0.20732947,153.33347,xgb_shap_list_ir_5_subset_60,xgb_shap_list_ir_5
2045,BMI,1.0739863,0.9832467,547.73303,xgb_shap_list_ir_5_subset_60,xgb_shap_list_ir_5
2046,DiabetesPedigreeFunction,0.66169053,0.5342276,337.46216,xgb_shap_list_ir_5_subset_60,xgb_shap_list_ir_5
2047,Age,0.7907248,0.52558005,403.26965,xgb_shap_list_ir_5_subset_60,xgb_shap_list_ir_5
2048,Pregnancies,0.18370612,0.08305966,93.690125,xgb_shap_list_ir_2_subset_83,xgb_shap_list_ir_2
2049,Glucose,1.3435897,0.6867106,685.2307,xgb_shap_list_ir_2_subset_83,xgb_shap_list_ir_2
2050,BloodPressure,0.20701198,0.16204716,105.57611,xgb_shap_list_ir_2_subset_83,xgb_shap_list_ir_2
2051,SkinThickness,0.23179466,0.19416371,118.21527,xgb_shap_list_ir_2_subset_83,xgb_shap_list_ir_2
2052,Insulin,0.3123276,0.2218414,159.28708,xgb_shap_list_ir_2_subset_83,xgb_shap_list_ir_2
2053,BMI,1.1448488,0.75043595,583.8729,xgb_shap_list_ir_2_subset_83,xgb_shap_list_ir_2
2054,DiabetesPedigreeFunction,0.5736248,0.3710321,292.54865,xgb_shap_list_ir_2_subset_83,xgb_shap_list_ir_2
2055,Age,0.5718096,0.3543968,291.6229,xgb_shap_list_ir_2_subset_83,xgb_shap_list_ir_2
2056,Pregnancies,0.5224364,0.25366858,266.44257,xgb_shap_list_ir_3_subset_106,xgb_shap_list_ir_3
2057,Glucose,1.1568571,0.9121551,589.99713,xgb_shap_list_ir_3_subset_106,xgb_shap_list_ir_3
2058,BloodPressure,0.23534659,0.16274172,120.02676,xgb_shap_list_ir_3_subset_106,xgb_shap_list_ir_3
2059,SkinThickness,0.4148677,0.21569087,211.58252,xgb_shap_list_ir_3_subset_106,xgb_shap_list_ir_3
2060,Insulin,0.2713536,0.23259957,138.39034,xgb_shap_list_ir_3_subset_106,xgb_shap_list_ir_3
2061,BMI,0.8668476,0.56402165,442.09225,xgb_shap_list_ir_3_subset_106,xgb_shap_list_ir_3
2062,DiabetesPedigreeFunction,0.46922576,0.30930942,239.30515,xgb_shap_list_ir_3_subset_106,xgb_shap_list_ir_3
2063,Age,0.95138824,0.6487324,485.208,xgb_shap_list_ir_3_subset_106,xgb_shap_list_ir_3
2064,Pregnancies,0.45671016,0.30005282,232.92218,xgb_shap_list_ir_5_subset_91,xgb_shap_list_ir_5
2065,Glucose,1.5854481,1.015232,808.57855,xgb_shap_list_ir_5_subset_91,xgb_shap_list_ir_5
2066,BloodPressure,0.39170018,0.3434733,199.76709,xgb_shap_list_ir_5_subset_91,xgb_shap_list_ir_5
2067,SkinThickness,0.20738368,0.19308557,105.76568,xgb_shap_list_ir_5_subset_91,xgb_shap_list_ir_5
2068,Insulin,0.32319263,0.28013238,164.82823,xgb_shap_list_ir_5_subset_91,xgb_shap_list_ir_5
2069,BMI,1.0718244,0.8363137,546.63043,xgb_shap_list_ir_5_subset_91,xgb_shap_list_ir_5
2070,DiabetesPedigreeFunction,0.4608634,0.3317226,235.04034,xgb_shap_list_ir_5_subset_91,xgb_shap_list_ir_5
2071,Age,0.562016,0.3603175,286.62817,xgb_shap_list_ir_5_subset_91,xgb_shap_list_ir_5
2072,Pregnancies,0.36181414,0.2864641,184.5252,xgb_shap_list_ir_4_subset_20,xgb_shap_list_ir_4
2073,Glucose,1.3099288,0.8467358,668.06366,xgb_shap_list_ir_4_subset_20,xgb_shap_list_ir_4
2074,BloodPressure,0.28195795,0.23310432,143.79855,xgb_shap_list_ir_4_subset_20,xgb_shap_list_ir_4
2075,SkinThickness,0.2490214,0.1669898,127.000916,xgb_shap_list_ir_4_subset_20,xgb_shap_list_ir_4
2076,Insulin,0.24844262,0.19576006,126.705734,xgb_shap_list_ir_4_subset_20,xgb_shap_list_ir_4
2077,BMI,0.68741626,0.5163969,350.58228,xgb_shap_list_ir_4_subset_20,xgb_shap_list_ir_4
2078,DiabetesPedigreeFunction,0.7218508,0.7114699,368.14392,xgb_shap_list_ir_4_subset_20,xgb_shap_list_ir_4
2079,Age,0.7098133,0.47368938,362.0048,xgb_shap_list_ir_4_subset_20,xgb_shap_list_ir_4
2080,Pregnancies,0.5045673,0.30979434,257.32935,xgb_shap_list_ir_3_subset_154,xgb_shap_list_ir_3
2081,Glucose,1.4012706,0.9137094,714.648,xgb_shap_list_ir_3_subset_154,xgb_shap_list_ir_3
2082,BloodPressure,0.55885863,0.44937268,285.0179,xgb_shap_list_ir_3_subset_154,xgb_shap_list_ir_3
2083,SkinThickness,0.28079978,0.17397803,143.20789,xgb_shap_list_ir_3_subset_154,xgb_shap_list_ir_3
2084,Insulin,0.32979172,0.2309606,168.19379,xgb_shap_list_ir_3_subset_154,xgb_shap_list_ir_3
2085,BMI,0.78381956,0.8207411,399.748,xgb_shap_list_ir_3_subset_154,xgb_shap_list_ir_3
2086,DiabetesPedigreeFunction,0.58898246,0.37959513,300.38104,xgb_shap_list_ir_3_subset_154,xgb_shap_list_ir_3
2087,Age,0.42249972,0.26176235,215.47485,xgb_shap_list_ir_3_subset_154,xgb_shap_list_ir_3
2088,Pregnancies,0.10709313,0.100111164,54.617496,xgb_shap_list_ir_4_subset_61,xgb_shap_list_ir_4
2089,Glucose,1.5417062,0.78159255,786.27014,xgb_shap_list_ir_4_subset_61,xgb_shap_list_ir_4
2090,BloodPressure,0.61596906,0.4198381,314.14423,xgb_shap_list_ir_4_subset_61,xgb_shap_list_ir_4
2091,SkinThickness,0.5523183,0.3190194,281.6823,xgb_shap_list_ir_4_subset_61,xgb_shap_list_ir_4
2092,Insulin,0.38466933,0.2609472,196.18137,xgb_shap_list_ir_4_subset_61,xgb_shap_list_ir_4
2093,BMI,1.1728013,1.0679743,598.12866,xgb_shap_list_ir_4_subset_61,xgb_shap_list_ir_4
2094,DiabetesPedigreeFunction,0.44156542,0.4035661,225.19836,xgb_shap_list_ir_4_subset_61,xgb_shap_list_ir_4
2095,Age,0.6775451,0.460868,345.54797,xgb_shap_list_ir_4_subset_61,xgb_shap_list_ir_4
2096,Pregnancies,0.2739501,0.21017314,139.71455,xgb_shap_list_ir_3_subset_34,xgb_shap_list_ir_3
2097,Glucose,1.6786127,0.92970896,856.09247,xgb_shap_list_ir_3_subset_34,xgb_shap_list_ir_3
2098,BloodPressure,0.41944277,0.24747181,213.91582,xgb_shap_list_ir_3_subset_34,xgb_shap_list_ir_3
2099,SkinThickness,0.46302095,0.296915,236.14069,xgb_shap_list_ir_3_subset_34,xgb_shap_list_ir_3
2100,Insulin,0.14972003,0.13738626,76.357216,xgb_shap_list_ir_3_subset_34,xgb_shap_list_ir_3
2101,BMI,0.7485994,0.52523327,381.7857,xgb_shap_list_ir_3_subset_34,xgb_shap_list_ir_3
2102,DiabetesPedigreeFunction,0.57090557,0.3637378,291.16183,xgb_shap_list_ir_3_subset_34,xgb_shap_list_ir_3
2103,Age,0.45142362,0.3176252,230.22604,xgb_shap_list_ir_3_subset_34,xgb_shap_list_ir_3
2104,Pregnancies,0.17750986,0.16261332,90.53003,xgb_shap_list_ir_4_subset_17,xgb_shap_list_ir_4
2105,Glucose,1.8560052,1.1388183,946.5626,xgb_shap_list_ir_4_subset_17,xgb_shap_list_ir_4
2106,BloodPressure,0.30065152,0.26687583,153.33228,xgb_shap_list_ir_4_subset_17,xgb_shap_list_ir_4
2107,SkinThickness,0.21705765,0.18065852,110.6994,xgb_shap_list_ir_4_subset_17,xgb_shap_list_ir_4
2108,Insulin,0.19674872,0.20050356,100.34185,xgb_shap_list_ir_4_subset_17,xgb_shap_list_ir_4
2109,BMI,0.75891435,0.610097,387.04633,xgb_shap_list_ir_4_subset_17,xgb_shap_list_ir_4
2110,DiabetesPedigreeFunction,0.7044597,0.44374564,359.27448,xgb_shap_list_ir_4_subset_17,xgb_shap_list_ir_4
2111,Age,0.5720948,0.42142507,291.76834,xgb_shap_list_ir_4_subset_17,xgb_shap_list_ir_4
2112,Pregnancies,0.29648098,0.21285371,151.2053,xgb_shap_list_ir_1_subset_83,xgb_shap_list_ir_1
2113,Glucose,0.8344147,0.4180065,425.5515,xgb_shap_list_ir_1_subset_83,xgb_shap_list_ir_1
2114,BloodPressure,0.62026453,0.44772342,316.3349,xgb_shap_list_ir_1_subset_83,xgb_shap_list_ir_1
2115,SkinThickness,0.23621471,0.16684136,120.469505,xgb_shap_list_ir_1_subset_83,xgb_shap_list_ir_1
2116,Insulin,0.62829393,0.2893791,320.4299,xgb_shap_list_ir_1_subset_83,xgb_shap_list_ir_1
2117,BMI,1.1723818,0.745202,597.9147,xgb_shap_list_ir_1_subset_83,xgb_shap_list_ir_1
2118,DiabetesPedigreeFunction,0.26482645,0.23783034,135.0615,xgb_shap_list_ir_1_subset_83,xgb_shap_list_ir_1
2119,Age,0.85173756,0.30039263,434.38617,xgb_shap_list_ir_1_subset_83,xgb_shap_list_ir_1
2120,Pregnancies,0.5774554,0.34862453,294.50226,xgb_shap_list_ir_1_subset_33,xgb_shap_list_ir_1
2121,Glucose,1.82819,0.62529045,932.3769,xgb_shap_list_ir_1_subset_33,xgb_shap_list_ir_1
2122,BloodPressure,0.6098799,0.3060721,311.03876,xgb_shap_list_ir_1_subset_33,xgb_shap_list_ir_1
2123,SkinThickness,0.1545327,0.090187915,78.811676,xgb_shap_list_ir_1_subset_33,xgb_shap_list_ir_1
2124,Insulin,0.3063678,0.13983303,156.24759,xgb_shap_list_ir_1_subset_33,xgb_shap_list_ir_1
2125,BMI,1.2481943,0.38314208,636.5791,xgb_shap_list_ir_1_subset_33,xgb_shap_list_ir_1
2126,DiabetesPedigreeFunction,0.56664944,0.22477649,288.9912,xgb_shap_list_ir_1_subset_33,xgb_shap_list_ir_1
2127,Age,0.4690964,0.13796267,239.23917,xgb_shap_list_ir_1_subset_33,xgb_shap_list_ir_1
2128,Pregnancies,0.3188834,0.23576616,162.63052,xgb_shap_list_ir_4_subset_101,xgb_shap_list_ir_4
2129,Glucose,1.3832481,0.8531716,705.45654,xgb_shap_list_ir_4_subset_101,xgb_shap_list_ir_4
2130,BloodPressure,0.29771295,0.24282873,151.8336,xgb_shap_list_ir_4_subset_101,xgb_shap_list_ir_4
2131,SkinThickness,0.15185648,0.098075256,77.44681,xgb_shap_list_ir_4_subset_101,xgb_shap_list_ir_4
2132,Insulin,0.47735602,0.40414563,243.45157,xgb_shap_list_ir_4_subset_101,xgb_shap_list_ir_4
2133,BMI,1.031176,0.9158829,525.8997,xgb_shap_list_ir_4_subset_101,xgb_shap_list_ir_4
2134,DiabetesPedigreeFunction,0.81531745,0.55094385,415.8119,xgb_shap_list_ir_4_subset_101,xgb_shap_list_ir_4
2135,Age,0.9845989,0.8147678,502.14542,xgb_shap_list_ir_4_subset_101,xgb_shap_list_ir_4
2136,Pregnancies,0.36649254,0.26623023,186.9112,xgb_shap_list_ir_4_subset_147,xgb_shap_list_ir_4
2137,Glucose,1.2337816,0.8142691,629.2286,xgb_shap_list_ir_4_subset_147,xgb_shap_list_ir_4
2138,BloodPressure,0.3694359,0.2676486,188.41231,xgb_shap_list_ir_4_subset_147,xgb_shap_list_ir_4
2139,SkinThickness,0.21863711,0.22834681,111.50493,xgb_shap_list_ir_4_subset_147,xgb_shap_list_ir_4
2140,Insulin,0.4324476,0.42469293,220.54828,xgb_shap_list_ir_4_subset_147,xgb_shap_list_ir_4
2141,BMI,1.1077162,0.8547161,564.93524,xgb_shap_list_ir_4_subset_147,xgb_shap_list_ir_4
2142,DiabetesPedigreeFunction,0.5520847,0.42497396,281.5632,xgb_shap_list_ir_4_subset_147,xgb_shap_list_ir_4
2143,Age,0.43808597,0.30949473,223.42384,xgb_shap_list_ir_4_subset_147,xgb_shap_list_ir_4
2144,Pregnancies,0.5005743,0.28874665,255.29288,xgb_shap_list_ir_3_subset_43,xgb_shap_list_ir_3
2145,Glucose,1.1699294,0.6914863,596.664,xgb_shap_list_ir_3_subset_43,xgb_shap_list_ir_3
2146,BloodPressure,0.2993309,0.33959028,152.65875,xgb_shap_list_ir_3_subset_43,xgb_shap_list_ir_3
2147,SkinThickness,0.26486662,0.17511725,135.08197,xgb_shap_list_ir_3_subset_43,xgb_shap_list_ir_3
2148,Insulin,0.31232852,0.290379,159.28754,xgb_shap_list_ir_3_subset_43,xgb_shap_list_ir_3
2149,BMI,0.81953955,0.7226186,417.96518,xgb_shap_list_ir_3_subset_43,xgb_shap_list_ir_3
2150,DiabetesPedigreeFunction,0.6784015,0.35764307,345.98477,xgb_shap_list_ir_3_subset_43,xgb_shap_list_ir_3
2151,Age,0.9510078,0.64606214,485.01398,xgb_shap_list_ir_3_subset_43,xgb_shap_list_ir_3
2152,Pregnancies,0.1417283,0.14388086,72.28143,xgb_shap_list_ir_3_subset_77,xgb_shap_list_ir_3
2153,Glucose,2.0759187,1.0306338,1058.7185,xgb_shap_list_ir_3_subset_77,xgb_shap_list_ir_3
2154,BloodPressure,0.32634097,0.22644973,166.4339,xgb_shap_list_ir_3_subset_77,xgb_shap_list_ir_3
2155,SkinThickness,0.23890378,0.19666651,121.84093,xgb_shap_list_ir_3_subset_77,xgb_shap_list_ir_3
2156,Insulin,0.15476272,0.17124993,78.928986,xgb_shap_list_ir_3_subset_77,xgb_shap_list_ir_3
2157,BMI,0.8633077,0.6052403,440.28693,xgb_shap_list_ir_3_subset_77,xgb_shap_list_ir_3
2158,DiabetesPedigreeFunction,0.501343,0.49593577,255.68494,xgb_shap_list_ir_3_subset_77,xgb_shap_list_ir_3
2159,Age,0.68155104,0.44954377,347.59103,xgb_shap_list_ir_3_subset_77,xgb_shap_list_ir_3
2160,Pregnancies,0.5163645,0.40477064,263.34592,xgb_shap_list_ir_2_subset_58,xgb_shap_list_ir_2
2161,Glucose,1.2032154,0.8638116,613.63983,xgb_shap_list_ir_2_subset_58,xgb_shap_list_ir_2
2162,BloodPressure,0.23341025,0.19569357,119.03923,xgb_shap_list_ir_2_subset_58,xgb_shap_list_ir_2
2163,SkinThickness,0.29933974,0.23740228,152.66327,xgb_shap_list_ir_2_subset_58,xgb_shap_list_ir_2
2164,Insulin,0.43023193,0.39181083,219.41829,xgb_shap_list_ir_2_subset_58,xgb_shap_list_ir_2
2165,BMI,0.61804104,0.36477104,315.20093,xgb_shap_list_ir_2_subset_58,xgb_shap_list_ir_2
2166,DiabetesPedigreeFunction,0.8210815,0.5372793,418.7516,xgb_shap_list_ir_2_subset_58,xgb_shap_list_ir_2
2167,Age,0.2865153,0.25074878,146.1228,xgb_shap_list_ir_2_subset_58,xgb_shap_list_ir_2
2168,Pregnancies,0.46643877,0.35948035,237.88377,xgb_shap_list_ir_5_subset_14,xgb_shap_list_ir_5
2169,Glucose,1.3931423,0.88620126,710.5026,xgb_shap_list_ir_5_subset_14,xgb_shap_list_ir_5
2170,BloodPressure,0.36502066,0.38662326,186.16054,xgb_shap_list_ir_5_subset_14,xgb_shap_list_ir_5
2171,SkinThickness,0.23986582,0.19775932,122.33157,xgb_shap_list_ir_5_subset_14,xgb_shap_list_ir_5
2172,Insulin,0.36935344,0.31897378,188.37025,xgb_shap_list_ir_5_subset_14,xgb_shap_list_ir_5
2173,BMI,0.7803228,0.71755433,397.96463,xgb_shap_list_ir_5_subset_14,xgb_shap_list_ir_5
2174,DiabetesPedigreeFunction,0.51423854,0.38297012,262.26166,xgb_shap_list_ir_5_subset_14,xgb_shap_list_ir_5
2175,Age,0.58613783,0.42278993,298.9303,xgb_shap_list_ir_5_subset_14,xgb_shap_list_ir_5
2176,Pregnancies,0.33843902,0.25911936,172.6039,xgb_shap_list_ir_2_subset_43,xgb_shap_list_ir_2
2177,Glucose,1.1874129,0.7630649,605.58057,xgb_shap_list_ir_2_subset_43,xgb_shap_list_ir_2
2178,BloodPressure,0.3396618,0.24998981,173.22752,xgb_shap_list_ir_2_subset_43,xgb_shap_list_ir_2
2179,SkinThickness,0.42357203,0.19896458,216.02174,xgb_shap_list_ir_2_subset_43,xgb_shap_list_ir_2
2180,Insulin,0.25617215,0.22046499,130.6478,xgb_shap_list_ir_2_subset_43,xgb_shap_list_ir_2
2181,BMI,1.4853482,0.89646477,757.5276,xgb_shap_list_ir_2_subset_43,xgb_shap_list_ir_2
2182,DiabetesPedigreeFunction,0.6969723,0.4685847,355.45587,xgb_shap_list_ir_2_subset_43,xgb_shap_list_ir_2
2183,Age,0.24573672,0.17898305,125.32573,xgb_shap_list_ir_2_subset_43,xgb_shap_list_ir_2
2184,Pregnancies,0.6987554,0.44272044,356.36523,xgb_shap_list_ir_4_subset_145,xgb_shap_list_ir_4
2185,Glucose,1.7307378,1.1464415,882.6763,xgb_shap_list_ir_4_subset_145,xgb_shap_list_ir_4
2186,BloodPressure,0.29973125,0.35674277,152.86295,xgb_shap_list_ir_4_subset_145,xgb_shap_list_ir_4
2187,SkinThickness,0.34473845,0.24224727,175.8166,xgb_shap_list_ir_4_subset_145,xgb_shap_list_ir_4
2188,Insulin,0.19146346,0.1413599,97.64636,xgb_shap_list_ir_4_subset_145,xgb_shap_list_ir_4
2189,BMI,0.5771642,0.49496236,294.35373,xgb_shap_list_ir_4_subset_145,xgb_shap_list_ir_4
2190,DiabetesPedigreeFunction,0.58116347,0.41963023,296.39337,xgb_shap_list_ir_4_subset_145,xgb_shap_list_ir_4
2191,Age,0.33298817,0.36435562,169.82397,xgb_shap_list_ir_4_subset_145,xgb_shap_list_ir_4
2192,Pregnancies,0.2155306,0.17132357,109.92061,xgb_shap_list_ir_1_subset_132,xgb_shap_list_ir_1
2193,Glucose,0.4792769,0.27265254,244.43121,xgb_shap_list_ir_1_subset_132,xgb_shap_list_ir_1
2194,BloodPressure,0.1783832,0.14315616,90.97543,xgb_shap_list_ir_1_subset_132,xgb_shap_list_ir_1
2195,SkinThickness,0.42429125,0.17594612,216.38853,xgb_shap_list_ir_1_subset_132,xgb_shap_list_ir_1
2196,Insulin,0.7616181,0.39212936,388.42523,xgb_shap_list_ir_1_subset_132,xgb_shap_list_ir_1
2197,BMI,0.7759481,0.38103294,395.73352,xgb_shap_list_ir_1_subset_132,xgb_shap_list_ir_1
2198,DiabetesPedigreeFunction,0.50945824,0.214555,259.8237,xgb_shap_list_ir_1_subset_132,xgb_shap_list_ir_1
2199,Age,0.7219995,0.49404675,368.21976,xgb_shap_list_ir_1_subset_132,xgb_shap_list_ir_1
2200,Pregnancies,0.40601683,0.1776342,207.06859,xgb_shap_list_ir_1_subset_117,xgb_shap_list_ir_1
2201,Glucose,1.0223995,0.5276682,521.42377,xgb_shap_list_ir_1_subset_117,xgb_shap_list_ir_1
2202,BloodPressure,0.06208704,0.05532231,31.66439,xgb_shap_list_ir_1_subset_117,xgb_shap_list_ir_1
2203,SkinThickness,0.3592379,0.16188455,183.21133,xgb_shap_list_ir_1_subset_117,xgb_shap_list_ir_1
2204,Insulin,0.61677915,0.21312322,314.55737,xgb_shap_list_ir_1_subset_117,xgb_shap_list_ir_1
2205,BMI,0.8767206,0.37284768,447.1275,xgb_shap_list_ir_1_subset_117,xgb_shap_list_ir_1
2206,DiabetesPedigreeFunction,0.5341737,0.32800445,272.4286,xgb_shap_list_ir_1_subset_117,xgb_shap_list_ir_1
2207,Age,0.83743,0.3613332,427.0893,xgb_shap_list_ir_1_subset_117,xgb_shap_list_ir_1
2208,Pregnancies,0.4386868,0.3500608,223.73026,xgb_shap_list_ir_4_subset_98,xgb_shap_list_ir_4
2209,Glucose,1.2421964,0.9120137,633.5202,xgb_shap_list_ir_4_subset_98,xgb_shap_list_ir_4
2210,BloodPressure,0.2925786,0.22287145,149.21509,xgb_shap_list_ir_4_subset_98,xgb_shap_list_ir_4
2211,SkinThickness,0.29891896,0.22258559,152.44867,xgb_shap_list_ir_4_subset_98,xgb_shap_list_ir_4
2212,Insulin,0.42512745,0.29497474,216.815,xgb_shap_list_ir_4_subset_98,xgb_shap_list_ir_4
2213,BMI,1.1355857,0.9319223,579.1487,xgb_shap_list_ir_4_subset_98,xgb_shap_list_ir_4
2214,DiabetesPedigreeFunction,0.5468426,0.38168657,278.8897,xgb_shap_list_ir_4_subset_98,xgb_shap_list_ir_4
2215,Age,0.44606102,0.321506,227.49112,xgb_shap_list_ir_4_subset_98,xgb_shap_list_ir_4
2216,Pregnancies,0.4982668,0.29044572,254.11606,xgb_shap_list_ir_3_subset_141,xgb_shap_list_ir_3
2217,Glucose,1.6037923,0.9542227,817.9341,xgb_shap_list_ir_3_subset_141,xgb_shap_list_ir_3
2218,BloodPressure,0.28203866,0.19578439,143.83972,xgb_shap_list_ir_3_subset_141,xgb_shap_list_ir_3
2219,SkinThickness,0.5341151,0.2733488,272.39868,xgb_shap_list_ir_3_subset_141,xgb_shap_list_ir_3
2220,Insulin,0.3652178,0.26113555,186.26108,xgb_shap_list_ir_3_subset_141,xgb_shap_list_ir_3
2221,BMI,0.61750585,0.3787313,314.92798,xgb_shap_list_ir_3_subset_141,xgb_shap_list_ir_3
2222,DiabetesPedigreeFunction,0.47281057,0.41259608,241.13339,xgb_shap_list_ir_3_subset_141,xgb_shap_list_ir_3
2223,Age,0.61228424,0.4618054,312.26495,xgb_shap_list_ir_3_subset_141,xgb_shap_list_ir_3
2224,Pregnancies,0.701936,0.3871605,357.98737,xgb_shap_list_ir_3_subset_120,xgb_shap_list_ir_3
2225,Glucose,1.2837076,0.7117723,654.69086,xgb_shap_list_ir_3_subset_120,xgb_shap_list_ir_3
2226,BloodPressure,0.2994338,0.22403328,152.71124,xgb_shap_list_ir_3_subset_120,xgb_shap_list_ir_3
2227,SkinThickness,0.2904608,0.17812297,148.13501,xgb_shap_list_ir_3_subset_120,xgb_shap_list_ir_3
2228,Insulin,0.3099155,0.23287383,158.05692,xgb_shap_list_ir_3_subset_120,xgb_shap_list_ir_3
2229,BMI,0.49440923,0.37710285,252.14871,xgb_shap_list_ir_3_subset_120,xgb_shap_list_ir_3
2230,DiabetesPedigreeFunction,0.77719265,0.5582377,396.36826,xgb_shap_list_ir_3_subset_120,xgb_shap_list_ir_3
2231,Age,0.5966379,0.3603001,304.28534,xgb_shap_list_ir_3_subset_120,xgb_shap_list_ir_3
2232,Pregnancies,0.32726264,0.24588633,166.90395,xgb_shap_list_ir_5_subset_79,xgb_shap_list_ir_5
2233,Glucose,1.4425279,0.9612837,735.6892,xgb_shap_list_ir_5_subset_79,xgb_shap_list_ir_5
2234,BloodPressure,0.43285924,0.32056713,220.75821,xgb_shap_list_ir_5_subset_79,xgb_shap_list_ir_5
2235,SkinThickness,0.18242176,0.13302332,93.035095,xgb_shap_list_ir_5_subset_79,xgb_shap_list_ir_5
2236,Insulin,0.24081257,0.22595946,122.81441,xgb_shap_list_ir_5_subset_79,xgb_shap_list_ir_5
2237,BMI,1.0625988,0.9492714,541.9254,xgb_shap_list_ir_5_subset_79,xgb_shap_list_ir_5
2238,DiabetesPedigreeFunction,0.7435571,0.5099583,379.2141,xgb_shap_list_ir_5_subset_79,xgb_shap_list_ir_5
2239,Age,0.62740105,0.3879245,319.97455,xgb_shap_list_ir_5_subset_79,xgb_shap_list_ir_5
2240,Pregnancies,0.46672663,0.35380298,238.03058,xgb_shap_list_ir_5_subset_153,xgb_shap_list_ir_5
2241,Glucose,1.3859481,1.0285183,706.8335,xgb_shap_list_ir_5_subset_153,xgb_shap_list_ir_5
2242,BloodPressure,0.37110883,0.3194799,189.2655,xgb_shap_list_ir_5_subset_153,xgb_shap_list_ir_5
2243,SkinThickness,0.19912075,0.18295582,101.55158,xgb_shap_list_ir_5_subset_153,xgb_shap_list_ir_5
2244,Insulin,0.27311948,0.2552859,139.29094,xgb_shap_list_ir_5_subset_153,xgb_shap_list_ir_5
2245,BMI,1.1403797,1.0724188,581.5936,xgb_shap_list_ir_5_subset_153,xgb_shap_list_ir_5
2246,DiabetesPedigreeFunction,0.48731378,0.39543688,248.53003,xgb_shap_list_ir_5_subset_153,xgb_shap_list_ir_5
2247,Age,0.58121574,0.39189222,296.42,xgb_shap_list_ir_5_subset_153,xgb_shap_list_ir_5
2248,Pregnancies,0.82730585,0.7541448,421.926,xgb_shap_list_ir_4_subset_103,xgb_shap_list_ir_4
2249,Glucose,1.4467856,0.7564485,737.86066,xgb_shap_list_ir_4_subset_103,xgb_shap_list_ir_4
2250,BloodPressure,0.33785838,0.322191,172.30777,xgb_shap_list_ir_4_subset_103,xgb_shap_list_ir_4
2251,SkinThickness,0.4195401,0.23417169,213.96545,xgb_shap_list_ir_4_subset_103,xgb_shap_list_ir_4
2252,Insulin,0.3070681,0.19771379,156.60474,xgb_shap_list_ir_4_subset_103,xgb_shap_list_ir_4
2253,BMI,0.85703266,0.7063974,437.08667,xgb_shap_list_ir_4_subset_103,xgb_shap_list_ir_4
2254,DiabetesPedigreeFunction,0.4826501,0.42407897,246.15155,xgb_shap_list_ir_4_subset_103,xgb_shap_list_ir_4
2255,Age,0.55556744,0.32860893,283.3394,xgb_shap_list_ir_4_subset_103,xgb_shap_list_ir_4
2256,Pregnancies,0.22642331,0.13123949,115.47588,xgb_shap_list_ir_3_subset_16,xgb_shap_list_ir_3
2257,Glucose,1.6941198,0.7958163,864.0011,xgb_shap_list_ir_3_subset_16,xgb_shap_list_ir_3
2258,BloodPressure,0.34943086,0.3578532,178.20973,xgb_shap_list_ir_3_subset_16,xgb_shap_list_ir_3
2259,SkinThickness,0.3186891,0.19178277,162.53145,xgb_shap_list_ir_3_subset_16,xgb_shap_list_ir_3
2260,Insulin,0.3890046,0.35492182,198.39233,xgb_shap_list_ir_3_subset_16,xgb_shap_list_ir_3
2261,BMI,0.9853351,0.55693525,502.5209,xgb_shap_list_ir_3_subset_16,xgb_shap_list_ir_3
2262,DiabetesPedigreeFunction,0.4186658,0.39094177,213.51956,xgb_shap_list_ir_3_subset_16,xgb_shap_list_ir_3
2263,Age,0.72686446,0.34206364,370.70087,xgb_shap_list_ir_3_subset_16,xgb_shap_list_ir_3
2264,Pregnancies,0.27456045,0.16219011,140.02583,xgb_shap_list_ir_2_subset_52,xgb_shap_list_ir_2
2265,Glucose,0.9184587,0.7708689,468.41394,xgb_shap_list_ir_2_subset_52,xgb_shap_list_ir_2
2266,BloodPressure,0.2799887,0.18931547,142.79424,xgb_shap_list_ir_2_subset_52,xgb_shap_list_ir_2
2267,SkinThickness,0.39297622,0.25908747,200.41788,xgb_shap_list_ir_2_subset_52,xgb_shap_list_ir_2
2268,Insulin,0.146329,0.11058584,74.62779,xgb_shap_list_ir_2_subset_52,xgb_shap_list_ir_2
2269,BMI,0.99797493,0.6761828,508.96722,xgb_shap_list_ir_2_subset_52,xgb_shap_list_ir_2
2270,DiabetesPedigreeFunction,0.48132333,0.3332661,245.4749,xgb_shap_list_ir_2_subset_52,xgb_shap_list_ir_2
2271,Age,0.519418,0.43585178,264.90317,xgb_shap_list_ir_2_subset_52,xgb_shap_list_ir_2
2272,Pregnancies,0.6526672,0.40344036,332.8603,xgb_shap_list_ir_1_subset_96,xgb_shap_list_ir_1
2273,Glucose,1.0832505,0.40221673,552.45776,xgb_shap_list_ir_1_subset_96,xgb_shap_list_ir_1
2274,BloodPressure,0.6964345,0.5598479,355.18158,xgb_shap_list_ir_1_subset_96,xgb_shap_list_ir_1
2275,SkinThickness,0.1718249,0.151279,87.6307,xgb_shap_list_ir_1_subset_96,xgb_shap_list_ir_1
2276,Insulin,0.47813684,0.30051246,243.8498,xgb_shap_list_ir_1_subset_96,xgb_shap_list_ir_1
2277,BMI,0.5649743,0.35679072,288.1369,xgb_shap_list_ir_1_subset_96,xgb_shap_list_ir_1
2278,DiabetesPedigreeFunction,0.617245,0.33642104,314.79495,xgb_shap_list_ir_1_subset_96,xgb_shap_list_ir_1
2279,Age,0.18662268,0.1396741,95.17757,xgb_shap_list_ir_1_subset_96,xgb_shap_list_ir_1
2280,Pregnancies,0.5808548,0.20403253,296.23593,xgb_shap_list_ir_1_subset_24,xgb_shap_list_ir_1
2281,Glucose,0.8872356,0.49928564,452.49014,xgb_shap_list_ir_1_subset_24,xgb_shap_list_ir_1
2282,BloodPressure,0.15459202,0.13028052,78.841934,xgb_shap_list_ir_1_subset_24,xgb_shap_list_ir_1
2283,SkinThickness,0.30355963,0.2518187,154.81541,xgb_shap_list_ir_1_subset_24,xgb_shap_list_ir_1
2284,Insulin,0.7225633,0.3394298,368.5073,xgb_shap_list_ir_1_subset_24,xgb_shap_list_ir_1
2285,BMI,0.77095914,0.36179405,393.18915,xgb_shap_list_ir_1_subset_24,xgb_shap_list_ir_1
2286,DiabetesPedigreeFunction,0.5427454,0.3150162,276.80017,xgb_shap_list_ir_1_subset_24,xgb_shap_list_ir_1
2287,Age,0.4170618,0.33024335,212.70152,xgb_shap_list_ir_1_subset_24,xgb_shap_list_ir_1
2288,Pregnancies,0.82090247,0.35527167,418.66025,xgb_shap_list_ir_2_subset_38,xgb_shap_list_ir_2
2289,Glucose,1.334258,0.90354276,680.47156,xgb_shap_list_ir_2_subset_38,xgb_shap_list_ir_2
2290,BloodPressure,0.5102504,0.4339616,260.2277,xgb_shap_list_ir_2_subset_38,xgb_shap_list_ir_2
2291,SkinThickness,0.1742107,0.14639431,88.84746,xgb_shap_list_ir_2_subset_38,xgb_shap_list_ir_2
2292,Insulin,0.18346216,0.15856244,93.5657,xgb_shap_list_ir_2_subset_38,xgb_shap_list_ir_2
2293,BMI,0.882498,0.54404306,450.074,xgb_shap_list_ir_2_subset_38,xgb_shap_list_ir_2
2294,DiabetesPedigreeFunction,0.5059602,0.33011627,258.0397,xgb_shap_list_ir_2_subset_38,xgb_shap_list_ir_2
2295,Age,0.34458405,0.2521283,175.73787,xgb_shap_list_ir_2_subset_38,xgb_shap_list_ir_2
2296,Pregnancies,0.12785855,0.12280643,65.20786,xgb_shap_list_ir_1_subset_111,xgb_shap_list_ir_1
2297,Glucose,1.2180053,0.52125126,621.1827,xgb_shap_list_ir_1_subset_111,xgb_shap_list_ir_1
2298,BloodPressure,0.5095588,0.33009487,259.875,xgb_shap_list_ir_1_subset_111,xgb_shap_list_ir_1
2299,SkinThickness,0.3362806,0.13163379,171.50311,xgb_shap_list_ir_1_subset_111,xgb_shap_list_ir_1
2300,Insulin,0.055170827,0.04880416,28.137121,xgb_shap_list_ir_1_subset_111,xgb_shap_list_ir_1
2301,BMI,0.55793583,0.38205186,284.54727,xgb_shap_list_ir_1_subset_111,xgb_shap_list_ir_1
2302,DiabetesPedigreeFunction,0.4060624,0.2428742,207.09183,xgb_shap_list_ir_1_subset_111,xgb_shap_list_ir_1
2303,Age,1.0312644,0.476814,525.9449,xgb_shap_list_ir_1_subset_111,xgb_shap_list_ir_1
2304,Pregnancies,0.14319699,0.13488065,73.030464,xgb_shap_list_ir_4_subset_115,xgb_shap_list_ir_4
2305,Glucose,1.4316972,0.774723,730.1656,xgb_shap_list_ir_4_subset_115,xgb_shap_list_ir_4
2306,BloodPressure,0.26471275,0.22567932,135.00351,xgb_shap_list_ir_4_subset_115,xgb_shap_list_ir_4
2307,SkinThickness,0.30996266,0.18411748,158.08096,xgb_shap_list_ir_4_subset_115,xgb_shap_list_ir_4
2308,Insulin,0.22149104,0.15981397,112.96043,xgb_shap_list_ir_4_subset_115,xgb_shap_list_ir_4
2309,BMI,0.92388266,0.84836394,471.18015,xgb_shap_list_ir_4_subset_115,xgb_shap_list_ir_4
2310,DiabetesPedigreeFunction,0.63411087,0.39337897,323.39655,xgb_shap_list_ir_4_subset_115,xgb_shap_list_ir_4
2311,Age,0.788512,0.6509434,402.1411,xgb_shap_list_ir_4_subset_115,xgb_shap_list_ir_4
2312,Pregnancies,0.20238866,0.12900162,103.218216,xgb_shap_list_ir_1_subset_66,xgb_shap_list_ir_1
2313,Glucose,0.78820086,0.30842134,401.98242,xgb_shap_list_ir_1_subset_66,xgb_shap_list_ir_1
2314,BloodPressure,0.5757489,0.26250505,293.63196,xgb_shap_list_ir_1_subset_66,xgb_shap_list_ir_1
2315,SkinThickness,0.67642707,0.35302523,344.9778,xgb_shap_list_ir_1_subset_66,xgb_shap_list_ir_1
2316,Insulin,0.42791232,0.2528955,218.23529,xgb_shap_list_ir_1_subset_66,xgb_shap_list_ir_1
2317,BMI,0.5479335,0.40912277,279.4461,xgb_shap_list_ir_1_subset_66,xgb_shap_list_ir_1
2318,DiabetesPedigreeFunction,0.8570153,0.394481,437.07782,xgb_shap_list_ir_1_subset_66,xgb_shap_list_ir_1
2319,Age,1.0664732,0.43168855,543.90137,xgb_shap_list_ir_1_subset_66,xgb_shap_list_ir_1
2320,Pregnancies,0.31396133,0.20614205,160.12027,xgb_shap_list_ir_4_subset_118,xgb_shap_list_ir_4
2321,Glucose,1.2602644,0.80557704,642.73486,xgb_shap_list_ir_4_subset_118,xgb_shap_list_ir_4
2322,BloodPressure,0.3391675,0.3485375,172.97543,xgb_shap_list_ir_4_subset_118,xgb_shap_list_ir_4
2323,SkinThickness,0.3727846,0.27635947,190.12015,xgb_shap_list_ir_4_subset_118,xgb_shap_list_ir_4
2324,Insulin,0.38385534,0.3788176,195.76622,xgb_shap_list_ir_4_subset_118,xgb_shap_list_ir_4
2325,BMI,0.9115827,0.8450187,464.9072,xgb_shap_list_ir_4_subset_118,xgb_shap_list_ir_4
2326,DiabetesPedigreeFunction,0.56783414,0.34245402,289.5954,xgb_shap_list_ir_4_subset_118,xgb_shap_list_ir_4
2327,Age,0.80091697,0.5056185,408.46765,xgb_shap_list_ir_4_subset_118,xgb_shap_list_ir_4
2328,Pregnancies,0.36666662,0.26766017,186.99997,xgb_shap_list_ir_4_subset_11,xgb_shap_list_ir_4
2329,Glucose,1.3640593,0.9001064,695.6703,xgb_shap_list_ir_4_subset_11,xgb_shap_list_ir_4
2330,BloodPressure,0.21159942,0.21717271,107.9157,xgb_shap_list_ir_4_subset_11,xgb_shap_list_ir_4
2331,SkinThickness,0.29015827,0.2273406,147.98071,xgb_shap_list_ir_4_subset_11,xgb_shap_list_ir_4
2332,Insulin,0.21932773,0.2113677,111.85715,xgb_shap_list_ir_4_subset_11,xgb_shap_list_ir_4
2333,BMI,0.79997617,0.7520426,407.98785,xgb_shap_list_ir_4_subset_11,xgb_shap_list_ir_4
2334,DiabetesPedigreeFunction,0.70797235,0.66385144,361.0659,xgb_shap_list_ir_4_subset_11,xgb_shap_list_ir_4
2335,Age,0.7267247,0.5534238,370.62958,xgb_shap_list_ir_4_subset_11,xgb_shap_list_ir_4
2336,Pregnancies,0.49263784,0.31697968,251.2453,xgb_shap_list_ir_4_subset_133,xgb_shap_list_ir_4
2337,Glucose,1.3585607,0.9636894,692.86597,xgb_shap_list_ir_4_subset_133,xgb_shap_list_ir_4
2338,BloodPressure,0.5198514,0.44951808,265.1242,xgb_shap_list_ir_4_subset_133,xgb_shap_list_ir_4
2339,SkinThickness,0.3317979,0.22924943,169.21693,xgb_shap_list_ir_4_subset_133,xgb_shap_list_ir_4
2340,Insulin,0.21245022,0.17975475,108.34961,xgb_shap_list_ir_4_subset_133,xgb_shap_list_ir_4
2341,BMI,0.86606896,0.7952904,441.69516,xgb_shap_list_ir_4_subset_133,xgb_shap_list_ir_4
2342,DiabetesPedigreeFunction,0.596325,0.4340576,304.12573,xgb_shap_list_ir_4_subset_133,xgb_shap_list_ir_4
2343,Age,0.78115004,0.59947366,398.38654,xgb_shap_list_ir_4_subset_133,xgb_shap_list_ir_4
2344,Pregnancies,0.62903917,0.2293257,320.80997,xgb_shap_list_ir_1_subset_25,xgb_shap_list_ir_1
2345,Glucose,1.6835983,0.64643943,858.63513,xgb_shap_list_ir_1_subset_25,xgb_shap_list_ir_1
2346,BloodPressure,0.37839416,0.3404941,192.98102,xgb_shap_list_ir_1_subset_25,xgb_shap_list_ir_1
2347,SkinThickness,0.24546987,0.11337595,125.18964,xgb_shap_list_ir_1_subset_25,xgb_shap_list_ir_1
2348,Insulin,0.15021494,0.2088877,76.60962,xgb_shap_list_ir_1_subset_25,xgb_shap_list_ir_1
2349,BMI,0.79330456,0.4229912,404.58533,xgb_shap_list_ir_1_subset_25,xgb_shap_list_ir_1
2350,DiabetesPedigreeFunction,0.57357705,0.34502473,292.5243,xgb_shap_list_ir_1_subset_25,xgb_shap_list_ir_1
2351,Age,0.3452273,0.19758014,176.06592,xgb_shap_list_ir_1_subset_25,xgb_shap_list_ir_1
2352,Pregnancies,0.4066886,0.3274869,207.4112,xgb_shap_list_ir_3_subset_97,xgb_shap_list_ir_3
2353,Glucose,1.3267146,1.0274681,676.62445,xgb_shap_list_ir_3_subset_97,xgb_shap_list_ir_3
2354,BloodPressure,0.2992672,0.30483672,152.62627,xgb_shap_list_ir_3_subset_97,xgb_shap_list_ir_3
2355,SkinThickness,0.28018144,0.2156212,142.89253,xgb_shap_list_ir_3_subset_97,xgb_shap_list_ir_3
2356,Insulin,0.5000032,0.3440302,255.00165,xgb_shap_list_ir_3_subset_97,xgb_shap_list_ir_3
2357,BMI,0.6063853,0.48203212,309.2565,xgb_shap_list_ir_3_subset_97,xgb_shap_list_ir_3
2358,DiabetesPedigreeFunction,0.5087695,0.35632935,259.47244,xgb_shap_list_ir_3_subset_97,xgb_shap_list_ir_3
2359,Age,0.88143295,0.48824745,449.5308,xgb_shap_list_ir_3_subset_97,xgb_shap_list_ir_3
2360,Pregnancies,0.37527964,0.2062561,191.39261,xgb_shap_list_ir_2_subset_104,xgb_shap_list_ir_2
2361,Glucose,0.9853884,0.6422875,502.5481,xgb_shap_list_ir_2_subset_104,xgb_shap_list_ir_2
2362,BloodPressure,0.23822214,0.16782977,121.493286,xgb_shap_list_ir_2_subset_104,xgb_shap_list_ir_2
2363,SkinThickness,0.4322046,0.24263835,220.42435,xgb_shap_list_ir_2_subset_104,xgb_shap_list_ir_2
2364,Insulin,0.42284417,0.33832714,215.65053,xgb_shap_list_ir_2_subset_104,xgb_shap_list_ir_2
2365,BMI,0.6399671,0.39490306,326.3832,xgb_shap_list_ir_2_subset_104,xgb_shap_list_ir_2
2366,DiabetesPedigreeFunction,0.8266707,0.5185924,421.60205,xgb_shap_list_ir_2_subset_104,xgb_shap_list_ir_2
2367,Age,0.66439736,0.34679127,338.84265,xgb_shap_list_ir_2_subset_104,xgb_shap_list_ir_2
2368,Pregnancies,0.8327608,0.4441666,424.708,xgb_shap_list_ir_4_subset_78,xgb_shap_list_ir_4
2369,Glucose,1.4021221,1.0216138,715.0823,xgb_shap_list_ir_4_subset_78,xgb_shap_list_ir_4
2370,BloodPressure,0.3173884,0.24188486,161.86807,xgb_shap_list_ir_4_subset_78,xgb_shap_list_ir_4
2371,SkinThickness,0.17017177,0.14845161,86.7876,xgb_shap_list_ir_4_subset_78,xgb_shap_list_ir_4
2372,Insulin,0.3065581,0.2704197,156.34464,xgb_shap_list_ir_4_subset_78,xgb_shap_list_ir_4
2373,BMI,1.1763526,0.97772944,599.9398,xgb_shap_list_ir_4_subset_78,xgb_shap_list_ir_4
2374,DiabetesPedigreeFunction,0.6416161,0.5928541,327.2242,xgb_shap_list_ir_4_subset_78,xgb_shap_list_ir_4
2375,Age,0.40806016,0.29480287,208.11069,xgb_shap_list_ir_4_subset_78,xgb_shap_list_ir_4
2376,Pregnancies,0.2250588,0.18125378,114.77998,xgb_shap_list_ir_2_subset_136,xgb_shap_list_ir_2
2377,Glucose,1.3059165,0.5846444,666.01746,xgb_shap_list_ir_2_subset_136,xgb_shap_list_ir_2
2378,BloodPressure,0.5455169,0.31426612,278.21362,xgb_shap_list_ir_2_subset_136,xgb_shap_list_ir_2
2379,SkinThickness,0.56558484,0.2512489,288.44827,xgb_shap_list_ir_2_subset_136,xgb_shap_list_ir_2
2380,Insulin,0.43404213,0.27467117,221.36148,xgb_shap_list_ir_2_subset_136,xgb_shap_list_ir_2
2381,BMI,0.87027514,0.47498035,443.84033,xgb_shap_list_ir_2_subset_136,xgb_shap_list_ir_2
2382,DiabetesPedigreeFunction,0.7807377,0.4437768,398.17624,xgb_shap_list_ir_2_subset_136,xgb_shap_list_ir_2
2383,Age,0.2889454,0.19406803,147.36215,xgb_shap_list_ir_2_subset_136,xgb_shap_list_ir_2
2384,Pregnancies,0.52545035,0.3296654,267.97968,xgb_shap_list_ir_3_subset_14,xgb_shap_list_ir_3
2385,Glucose,1.5349104,0.792585,782.8043,xgb_shap_list_ir_3_subset_14,xgb_shap_list_ir_3
2386,BloodPressure,0.33644667,0.3624738,171.5878,xgb_shap_list_ir_3_subset_14,xgb_shap_list_ir_3
2387,SkinThickness,0.41520086,0.31101516,211.75244,xgb_shap_list_ir_3_subset_14,xgb_shap_list_ir_3
2388,Insulin,0.3735559,0.25035033,190.5135,xgb_shap_list_ir_3_subset_14,xgb_shap_list_ir_3
2389,BMI,0.68318844,0.49497586,348.42612,xgb_shap_list_ir_3_subset_14,xgb_shap_list_ir_3
2390,DiabetesPedigreeFunction,0.55806106,0.47310656,284.61115,xgb_shap_list_ir_3_subset_14,xgb_shap_list_ir_3
2391,Age,0.7316063,0.5079984,373.1192,xgb_shap_list_ir_3_subset_14,xgb_shap_list_ir_3
2392,Pregnancies,0.45526445,0.26504463,232.18488,xgb_shap_list_ir_5_subset_43,xgb_shap_list_ir_5
2393,Glucose,1.654717,1.0985861,843.90564,xgb_shap_list_ir_5_subset_43,xgb_shap_list_ir_5
2394,BloodPressure,0.19329529,0.16823046,98.5806,xgb_shap_list_ir_5_subset_43,xgb_shap_list_ir_5
2395,SkinThickness,0.1794416,0.18380621,91.51521,xgb_shap_list_ir_5_subset_43,xgb_shap_list_ir_5
2396,Insulin,0.19767061,0.20656413,100.81201,xgb_shap_list_ir_5_subset_43,xgb_shap_list_ir_5
2397,BMI,0.94495755,0.694567,481.92834,xgb_shap_list_ir_5_subset_43,xgb_shap_list_ir_5
2398,DiabetesPedigreeFunction,0.45396182,0.48211673,231.52052,xgb_shap_list_ir_5_subset_43,xgb_shap_list_ir_5
2399,Age,0.76160145,0.516639,388.41675,xgb_shap_list_ir_5_subset_43,xgb_shap_list_ir_5
2400,Pregnancies,0.5359875,0.18843018,273.35364,xgb_shap_list_ir_1_subset_160,xgb_shap_list_ir_1
2401,Glucose,1.004889,0.57769006,512.4934,xgb_shap_list_ir_1_subset_160,xgb_shap_list_ir_1
2402,BloodPressure,0.7360239,0.38318056,375.3722,xgb_shap_list_ir_1_subset_160,xgb_shap_list_ir_1
2403,SkinThickness,0.36155325,0.24045588,184.39215,xgb_shap_list_ir_1_subset_160,xgb_shap_list_ir_1
2404,Insulin,0.12424527,0.18625493,63.36509,xgb_shap_list_ir_1_subset_160,xgb_shap_list_ir_1
2405,BMI,0.5755371,0.4285122,293.52393,xgb_shap_list_ir_1_subset_160,xgb_shap_list_ir_1
2406,DiabetesPedigreeFunction,0.8211036,0.42803589,418.76282,xgb_shap_list_ir_1_subset_160,xgb_shap_list_ir_1
2407,Age,0.52981675,0.36459312,270.20654,xgb_shap_list_ir_1_subset_160,xgb_shap_list_ir_1
2408,Pregnancies,0.32821798,0.2506727,167.39117,xgb_shap_list_ir_1_subset_4,xgb_shap_list_ir_1
2409,Glucose,0.6572772,0.40680444,335.2114,xgb_shap_list_ir_1_subset_4,xgb_shap_list_ir_1
2410,BloodPressure,0.26997328,0.18253724,137.68637,xgb_shap_list_ir_1_subset_4,xgb_shap_list_ir_1
2411,SkinThickness,0.63235855,0.4064542,322.50287,xgb_shap_list_ir_1_subset_4,xgb_shap_list_ir_1
2412,Insulin,0.3165945,0.18133782,161.4632,xgb_shap_list_ir_1_subset_4,xgb_shap_list_ir_1
2413,BMI,1.0000952,0.49585202,510.04858,xgb_shap_list_ir_1_subset_4,xgb_shap_list_ir_1
2414,DiabetesPedigreeFunction,0.41157964,0.3626838,209.90561,xgb_shap_list_ir_1_subset_4,xgb_shap_list_ir_1
2415,Age,0.76566285,0.38404337,390.48807,xgb_shap_list_ir_1_subset_4,xgb_shap_list_ir_1
2416,Pregnancies,0.24161702,0.25249916,123.224686,xgb_shap_list_ir_3_subset_88,xgb_shap_list_ir_3
2417,Glucose,1.7386029,1.0705675,886.68744,xgb_shap_list_ir_3_subset_88,xgb_shap_list_ir_3
2418,BloodPressure,0.19761077,0.1390829,100.781494,xgb_shap_list_ir_3_subset_88,xgb_shap_list_ir_3
2419,SkinThickness,0.3232399,0.27660558,164.85234,xgb_shap_list_ir_3_subset_88,xgb_shap_list_ir_3
2420,Insulin,0.24459678,0.19102007,124.744354,xgb_shap_list_ir_3_subset_88,xgb_shap_list_ir_3
2421,BMI,1.062559,0.6813138,541.9051,xgb_shap_list_ir_3_subset_88,xgb_shap_list_ir_3
2422,DiabetesPedigreeFunction,0.5258599,0.3835009,268.18854,xgb_shap_list_ir_3_subset_88,xgb_shap_list_ir_3
2423,Age,0.89051586,0.79746974,454.1631,xgb_shap_list_ir_3_subset_88,xgb_shap_list_ir_3
2424,Pregnancies,0.39716434,0.21830523,202.55382,xgb_shap_list_ir_2_subset_138,xgb_shap_list_ir_2
2425,Glucose,1.4069164,0.6352526,717.52734,xgb_shap_list_ir_2_subset_138,xgb_shap_list_ir_2
2426,BloodPressure,0.4465005,0.3762655,227.71526,xgb_shap_list_ir_2_subset_138,xgb_shap_list_ir_2
2427,SkinThickness,0.3317459,0.21536973,169.1904,xgb_shap_list_ir_2_subset_138,xgb_shap_list_ir_2
2428,Insulin,0.60751146,0.27940646,309.83084,xgb_shap_list_ir_2_subset_138,xgb_shap_list_ir_2
2429,BMI,1.0050093,0.4364641,512.55475,xgb_shap_list_ir_2_subset_138,xgb_shap_list_ir_2
2430,DiabetesPedigreeFunction,0.61463386,0.57372886,313.46326,xgb_shap_list_ir_2_subset_138,xgb_shap_list_ir_2
2431,Age,0.47608885,0.27281615,242.80531,xgb_shap_list_ir_2_subset_138,xgb_shap_list_ir_2
2432,Pregnancies,0.31254384,0.22080244,159.39735,xgb_shap_list_ir_5_subset_66,xgb_shap_list_ir_5
2433,Glucose,1.6889689,1.1721303,861.37415,xgb_shap_list_ir_5_subset_66,xgb_shap_list_ir_5
2434,BloodPressure,0.256565,0.22547826,130.84816,xgb_shap_list_ir_5_subset_66,xgb_shap_list_ir_5
2435,SkinThickness,0.27017045,0.1912847,137.78693,xgb_shap_list_ir_5_subset_66,xgb_shap_list_ir_5
2436,Insulin,0.23357266,0.19055092,119.122055,xgb_shap_list_ir_5_subset_66,xgb_shap_list_ir_5
2437,BMI,0.8915775,0.78469074,454.70453,xgb_shap_list_ir_5_subset_66,xgb_shap_list_ir_5
2438,DiabetesPedigreeFunction,0.43684566,0.36864027,222.79129,xgb_shap_list_ir_5_subset_66,xgb_shap_list_ir_5
2439,Age,0.6831276,0.45956552,348.39508,xgb_shap_list_ir_5_subset_66,xgb_shap_list_ir_5
2440,Pregnancies,0.5707808,0.26602745,291.0982,xgb_shap_list_ir_2_subset_50,xgb_shap_list_ir_2
2441,Glucose,1.5372585,0.68567395,784.00183,xgb_shap_list_ir_2_subset_50,xgb_shap_list_ir_2
2442,BloodPressure,0.5990073,0.30199564,305.4937,xgb_shap_list_ir_2_subset_50,xgb_shap_list_ir_2
2443,SkinThickness,0.11918361,0.09065565,60.783638,xgb_shap_list_ir_2_subset_50,xgb_shap_list_ir_2
2444,Insulin,0.3930168,0.30230612,200.43857,xgb_shap_list_ir_2_subset_50,xgb_shap_list_ir_2
2445,BMI,1.0331138,0.64454156,526.88806,xgb_shap_list_ir_2_subset_50,xgb_shap_list_ir_2
2446,DiabetesPedigreeFunction,0.5160254,0.25770146,263.17297,xgb_shap_list_ir_2_subset_50,xgb_shap_list_ir_2
2447,Age,0.47673357,0.2643071,243.13412,xgb_shap_list_ir_2_subset_50,xgb_shap_list_ir_2
2448,Pregnancies,0.40333566,0.16791858,205.70119,xgb_shap_list_ir_1_subset_69,xgb_shap_list_ir_1
2449,Glucose,0.9441556,0.42087373,481.51935,xgb_shap_list_ir_1_subset_69,xgb_shap_list_ir_1
2450,BloodPressure,0.41004813,0.34456766,209.12454,xgb_shap_list_ir_1_subset_69,xgb_shap_list_ir_1
2451,SkinThickness,0.43949023,0.1827337,224.14001,xgb_shap_list_ir_1_subset_69,xgb_shap_list_ir_1
2452,Insulin,0.42955282,0.36248484,219.07195,xgb_shap_list_ir_1_subset_69,xgb_shap_list_ir_1
2453,BMI,0.72323775,0.37701687,368.85126,xgb_shap_list_ir_1_subset_69,xgb_shap_list_ir_1
2454,DiabetesPedigreeFunction,0.516998,0.314397,263.66898,xgb_shap_list_ir_1_subset_69,xgb_shap_list_ir_1
2455,Age,0.528767,0.26765934,269.67117,xgb_shap_list_ir_1_subset_69,xgb_shap_list_ir_1
2456,Pregnancies,0.4152198,0.30464727,211.7621,xgb_shap_list_ir_4_subset_106,xgb_shap_list_ir_4
2457,Glucose,1.9466859,1.0785031,992.8098,xgb_shap_list_ir_4_subset_106,xgb_shap_list_ir_4
2458,BloodPressure,0.29388803,0.2705705,149.8829,xgb_shap_list_ir_4_subset_106,xgb_shap_list_ir_4
2459,SkinThickness,0.33614144,0.26809508,171.43213,xgb_shap_list_ir_4_subset_106,xgb_shap_list_ir_4
2460,Insulin,0.22272815,0.18700306,113.591354,xgb_shap_list_ir_4_subset_106,xgb_shap_list_ir_4
2461,BMI,0.74114174,0.49042848,377.9823,xgb_shap_list_ir_4_subset_106,xgb_shap_list_ir_4
2462,DiabetesPedigreeFunction,0.8837436,0.5488271,450.70923,xgb_shap_list_ir_4_subset_106,xgb_shap_list_ir_4
2463,Age,0.63568455,0.39882988,324.19913,xgb_shap_list_ir_4_subset_106,xgb_shap_list_ir_4
2464,Pregnancies,0.28883415,0.20066546,147.30542,xgb_shap_list_ir_2_subset_140,xgb_shap_list_ir_2
2465,Glucose,1.4872186,0.7557014,758.4815,xgb_shap_list_ir_2_subset_140,xgb_shap_list_ir_2
2466,BloodPressure,0.28854886,0.23919365,147.15991,xgb_shap_list_ir_2_subset_140,xgb_shap_list_ir_2
2467,SkinThickness,0.33866343,0.21814841,172.71835,xgb_shap_list_ir_2_subset_140,xgb_shap_list_ir_2
2468,Insulin,0.18543088,0.14472073,94.56975,xgb_shap_list_ir_2_subset_140,xgb_shap_list_ir_2
2469,BMI,0.79934233,0.4478282,407.66458,xgb_shap_list_ir_2_subset_140,xgb_shap_list_ir_2
2470,DiabetesPedigreeFunction,0.74782264,0.5027943,381.38956,xgb_shap_list_ir_2_subset_140,xgb_shap_list_ir_2
2471,Age,1.2566763,0.6575004,640.9049,xgb_shap_list_ir_2_subset_140,xgb_shap_list_ir_2
2472,Pregnancies,0.5025051,0.4062176,256.27762,xgb_shap_list_ir_5_subset_15,xgb_shap_list_ir_5
2473,Glucose,1.747949,1.0944108,891.454,xgb_shap_list_ir_5_subset_15,xgb_shap_list_ir_5
2474,BloodPressure,0.45269686,0.34128034,230.8754,xgb_shap_list_ir_5_subset_15,xgb_shap_list_ir_5
2475,SkinThickness,0.22600454,0.13917659,115.262314,xgb_shap_list_ir_5_subset_15,xgb_shap_list_ir_5
2476,Insulin,0.26972464,0.30361527,137.55957,xgb_shap_list_ir_5_subset_15,xgb_shap_list_ir_5
2477,BMI,0.8639922,0.53663576,440.63602,xgb_shap_list_ir_5_subset_15,xgb_shap_list_ir_5
2478,DiabetesPedigreeFunction,0.4945324,0.3722132,252.21153,xgb_shap_list_ir_5_subset_15,xgb_shap_list_ir_5
2479,Age,0.5742518,0.38261014,292.8684,xgb_shap_list_ir_5_subset_15,xgb_shap_list_ir_5
2480,Pregnancies,0.2301008,0.1802698,117.3514,xgb_shap_list_ir_4_subset_2,xgb_shap_list_ir_4
2481,Glucose,1.4535304,0.87229496,741.30054,xgb_shap_list_ir_4_subset_2,xgb_shap_list_ir_4
2482,BloodPressure,0.30766153,0.24550377,156.90738,xgb_shap_list_ir_4_subset_2,xgb_shap_list_ir_4
2483,SkinThickness,0.3076386,0.22691506,156.89568,xgb_shap_list_ir_4_subset_2,xgb_shap_list_ir_4
2484,Insulin,0.27486932,0.2101863,140.18335,xgb_shap_list_ir_4_subset_2,xgb_shap_list_ir_4
2485,BMI,0.8543714,0.7012899,435.72943,xgb_shap_list_ir_4_subset_2,xgb_shap_list_ir_4
2486,DiabetesPedigreeFunction,0.74933183,0.40528464,382.15924,xgb_shap_list_ir_4_subset_2,xgb_shap_list_ir_4
2487,Age,0.561399,0.42009482,286.31348,xgb_shap_list_ir_4_subset_2,xgb_shap_list_ir_4
2488,Pregnancies,0.31780994,0.21218246,162.08307,xgb_shap_list_ir_5_subset_69,xgb_shap_list_ir_5
2489,Glucose,1.265504,0.82107437,645.40704,xgb_shap_list_ir_5_subset_69,xgb_shap_list_ir_5
2490,BloodPressure,0.34370655,0.41057405,175.29034,xgb_shap_list_ir_5_subset_69,xgb_shap_list_ir_5
2491,SkinThickness,0.38223657,0.34598807,194.94064,xgb_shap_list_ir_5_subset_69,xgb_shap_list_ir_5
2492,Insulin,0.33352092,0.28768998,170.09567,xgb_shap_list_ir_5_subset_69,xgb_shap_list_ir_5
2493,BMI,1.1483277,1.0422196,585.64716,xgb_shap_list_ir_5_subset_69,xgb_shap_list_ir_5
2494,DiabetesPedigreeFunction,0.5216586,0.49416152,266.0459,xgb_shap_list_ir_5_subset_69,xgb_shap_list_ir_5
2495,Age,0.97296035,0.62627846,496.20978,xgb_shap_list_ir_5_subset_69,xgb_shap_list_ir_5
2496,Pregnancies,0.18133669,0.17418776,92.48171,xgb_shap_list_ir_4_subset_144,xgb_shap_list_ir_4
2497,Glucose,1.3302975,0.92045087,678.4517,xgb_shap_list_ir_4_subset_144,xgb_shap_list_ir_4
2498,BloodPressure,0.39687437,0.31096485,202.40593,xgb_shap_list_ir_4_subset_144,xgb_shap_list_ir_4
2499,SkinThickness,0.26165244,0.1953725,133.44275,xgb_shap_list_ir_4_subset_144,xgb_shap_list_ir_4
2500,Insulin,0.27257475,0.24393676,139.01312,xgb_shap_list_ir_4_subset_144,xgb_shap_list_ir_4
2501,BMI,0.85954046,0.7531216,438.36563,xgb_shap_list_ir_4_subset_144,xgb_shap_list_ir_4
2502,DiabetesPedigreeFunction,0.6982606,0.4089617,356.1129,xgb_shap_list_ir_4_subset_144,xgb_shap_list_ir_4
2503,Age,0.68088174,0.39736938,347.2497,xgb_shap_list_ir_4_subset_144,xgb_shap_list_ir_4
2504,Pregnancies,0.47714227,0.29131916,243.34256,xgb_shap_list_ir_4_subset_33,xgb_shap_list_ir_4
2505,Glucose,1.577996,0.9415683,804.77795,xgb_shap_list_ir_4_subset_33,xgb_shap_list_ir_4
2506,BloodPressure,0.3851602,0.35601455,196.4317,xgb_shap_list_ir_4_subset_33,xgb_shap_list_ir_4
2507,SkinThickness,0.31351042,0.18705705,159.89032,xgb_shap_list_ir_4_subset_33,xgb_shap_list_ir_4
2508,Insulin,0.34386873,0.27317393,175.37305,xgb_shap_list_ir_4_subset_33,xgb_shap_list_ir_4
2509,BMI,0.9057167,0.73719555,461.91553,xgb_shap_list_ir_4_subset_33,xgb_shap_list_ir_4
2510,DiabetesPedigreeFunction,0.49992102,0.34492087,254.95972,xgb_shap_list_ir_4_subset_33,xgb_shap_list_ir_4
2511,Age,0.505539,0.32763577,257.8249,xgb_shap_list_ir_4_subset_33,xgb_shap_list_ir_4
2512,Pregnancies,0.6018323,0.36855164,306.93445,xgb_shap_list_ir_1_subset_159,xgb_shap_list_ir_1
2513,Glucose,0.7106847,0.33663848,362.44922,xgb_shap_list_ir_1_subset_159,xgb_shap_list_ir_1
2514,BloodPressure,0.61545086,0.357578,313.87994,xgb_shap_list_ir_1_subset_159,xgb_shap_list_ir_1
2515,SkinThickness,0.32733202,0.20632243,166.93933,xgb_shap_list_ir_1_subset_159,xgb_shap_list_ir_1
2516,Insulin,0.13809067,0.15838431,70.42624,xgb_shap_list_ir_1_subset_159,xgb_shap_list_ir_1
2517,BMI,0.56547403,0.468809,288.39175,xgb_shap_list_ir_1_subset_159,xgb_shap_list_ir_1
2518,DiabetesPedigreeFunction,0.90918416,0.3595832,463.68393,xgb_shap_list_ir_1_subset_159,xgb_shap_list_ir_1
2519,Age,0.4481213,0.23882084,228.54187,xgb_shap_list_ir_1_subset_159,xgb_shap_list_ir_1
2520,Pregnancies,0.32515743,0.22981626,165.83029,xgb_shap_list_ir_4_subset_153,xgb_shap_list_ir_4
2521,Glucose,1.2196627,0.606431,622.02795,xgb_shap_list_ir_4_subset_153,xgb_shap_list_ir_4
2522,BloodPressure,0.26689142,0.21989575,136.11462,xgb_shap_list_ir_4_subset_153,xgb_shap_list_ir_4
2523,SkinThickness,0.2297289,0.18507177,117.16174,xgb_shap_list_ir_4_subset_153,xgb_shap_list_ir_4
2524,Insulin,0.40781748,0.2826981,207.98692,xgb_shap_list_ir_4_subset_153,xgb_shap_list_ir_4
2525,BMI,0.9807572,0.8146835,500.18616,xgb_shap_list_ir_4_subset_153,xgb_shap_list_ir_4
2526,DiabetesPedigreeFunction,0.57396305,0.43269515,292.72116,xgb_shap_list_ir_4_subset_153,xgb_shap_list_ir_4
2527,Age,0.98359454,0.64637387,501.6332,xgb_shap_list_ir_4_subset_153,xgb_shap_list_ir_4
2528,Pregnancies,0.8299057,0.38377884,423.2519,xgb_shap_list_ir_4_subset_12,xgb_shap_list_ir_4
2529,Glucose,1.4081765,1.0569897,718.17004,xgb_shap_list_ir_4_subset_12,xgb_shap_list_ir_4
2530,BloodPressure,0.41687125,0.26905704,212.60434,xgb_shap_list_ir_4_subset_12,xgb_shap_list_ir_4
2531,SkinThickness,0.15944523,0.13092051,81.31706,xgb_shap_list_ir_4_subset_12,xgb_shap_list_ir_4
2532,Insulin,0.24288407,0.20898825,123.87087,xgb_shap_list_ir_4_subset_12,xgb_shap_list_ir_4
2533,BMI,0.79038936,0.55945104,403.09857,xgb_shap_list_ir_4_subset_12,xgb_shap_list_ir_4
2534,DiabetesPedigreeFunction,0.7213833,0.37440547,367.90546,xgb_shap_list_ir_4_subset_12,xgb_shap_list_ir_4
2535,Age,0.65240645,0.44908518,332.7273,xgb_shap_list_ir_4_subset_12,xgb_shap_list_ir_4
2536,Pregnancies,0.8801716,0.54186577,448.8875,xgb_shap_list_ir_1_subset_85,xgb_shap_list_ir_1
2537,Glucose,0.80384785,0.48948255,409.9624,xgb_shap_list_ir_1_subset_85,xgb_shap_list_ir_1
2538,BloodPressure,0.22461843,0.21660346,114.555405,xgb_shap_list_ir_1_subset_85,xgb_shap_list_ir_1
2539,SkinThickness,0.49377626,0.35995433,251.8259,xgb_shap_list_ir_1_subset_85,xgb_shap_list_ir_1
2540,Insulin,0.26052666,0.22473218,132.86859,xgb_shap_list_ir_1_subset_85,xgb_shap_list_ir_1
2541,BMI,0.78717506,0.38447315,401.4593,xgb_shap_list_ir_1_subset_85,xgb_shap_list_ir_1
2542,DiabetesPedigreeFunction,0.6841976,0.37266544,348.94077,xgb_shap_list_ir_1_subset_85,xgb_shap_list_ir_1
2543,Age,0.25739375,0.19471252,131.27081,xgb_shap_list_ir_1_subset_85,xgb_shap_list_ir_1
2544,Pregnancies,0.23559192,0.21405885,120.15188,xgb_shap_list_ir_5_subset_112,xgb_shap_list_ir_5
2545,Glucose,1.8227526,1.1310619,929.6038,xgb_shap_list_ir_5_subset_112,xgb_shap_list_ir_5
2546,BloodPressure,0.34506118,0.28663403,175.9812,xgb_shap_list_ir_5_subset_112,xgb_shap_list_ir_5
2547,SkinThickness,0.30672014,0.22342673,156.42728,xgb_shap_list_ir_5_subset_112,xgb_shap_list_ir_5
2548,Insulin,0.29425144,0.26886874,150.06824,xgb_shap_list_ir_5_subset_112,xgb_shap_list_ir_5
2549,BMI,0.9532699,0.66994977,486.16766,xgb_shap_list_ir_5_subset_112,xgb_shap_list_ir_5
2550,DiabetesPedigreeFunction,0.6122995,0.39637437,312.27274,xgb_shap_list_ir_5_subset_112,xgb_shap_list_ir_5
2551,Age,0.83191735,0.51116043,424.27783,xgb_shap_list_ir_5_subset_112,xgb_shap_list_ir_5
2552,Pregnancies,0.53660595,0.34089142,273.66904,xgb_shap_list_ir_3_subset_126,xgb_shap_list_ir_3
2553,Glucose,1.3423818,0.67076266,684.61475,xgb_shap_list_ir_3_subset_126,xgb_shap_list_ir_3
2554,BloodPressure,0.36016455,0.2784893,183.68393,xgb_shap_list_ir_3_subset_126,xgb_shap_list_ir_3
2555,SkinThickness,0.26190665,0.18830876,133.57239,xgb_shap_list_ir_3_subset_126,xgb_shap_list_ir_3
2556,Insulin,0.26024005,0.2518792,132.72243,xgb_shap_list_ir_3_subset_126,xgb_shap_list_ir_3
2557,BMI,1.1042079,0.9660294,563.146,xgb_shap_list_ir_3_subset_126,xgb_shap_list_ir_3
2558,DiabetesPedigreeFunction,0.71458334,0.5043927,364.4375,xgb_shap_list_ir_3_subset_126,xgb_shap_list_ir_3
2559,Age,0.31122568,0.2277062,158.7251,xgb_shap_list_ir_3_subset_126,xgb_shap_list_ir_3
2560,Pregnancies,0.59055316,0.3790494,301.18213,xgb_shap_list_ir_5_subset_80,xgb_shap_list_ir_5
2561,Glucose,1.4275036,1.1149929,728.02686,xgb_shap_list_ir_5_subset_80,xgb_shap_list_ir_5
2562,BloodPressure,0.29240108,0.21131922,149.12454,xgb_shap_list_ir_5_subset_80,xgb_shap_list_ir_5
2563,SkinThickness,0.3020098,0.22695675,154.025,xgb_shap_list_ir_5_subset_80,xgb_shap_list_ir_5
2564,Insulin,0.47539863,0.29693475,242.45331,xgb_shap_list_ir_5_subset_80,xgb_shap_list_ir_5
2565,BMI,0.82068855,0.5624311,418.55115,xgb_shap_list_ir_5_subset_80,xgb_shap_list_ir_5
2566,DiabetesPedigreeFunction,0.6262499,0.42707437,319.38745,xgb_shap_list_ir_5_subset_80,xgb_shap_list_ir_5
2567,Age,0.68145764,0.4617633,347.5434,xgb_shap_list_ir_5_subset_80,xgb_shap_list_ir_5
2568,Pregnancies,0.7789312,0.40621382,397.2549,xgb_shap_list_ir_2_subset_33,xgb_shap_list_ir_2
2569,Glucose,1.0387084,0.6503254,529.74133,xgb_shap_list_ir_2_subset_33,xgb_shap_list_ir_2
2570,BloodPressure,0.26161563,0.25531885,133.42398,xgb_shap_list_ir_2_subset_33,xgb_shap_list_ir_2
2571,SkinThickness,0.18701956,0.16484879,95.379974,xgb_shap_list_ir_2_subset_33,xgb_shap_list_ir_2
2572,Insulin,0.5725607,0.3183988,292.00598,xgb_shap_list_ir_2_subset_33,xgb_shap_list_ir_2
2573,BMI,0.44244912,0.41972235,225.64905,xgb_shap_list_ir_2_subset_33,xgb_shap_list_ir_2
2574,DiabetesPedigreeFunction,0.4753975,0.28388476,242.45273,xgb_shap_list_ir_2_subset_33,xgb_shap_list_ir_2
2575,Age,0.38899297,0.33889395,198.38641,xgb_shap_list_ir_2_subset_33,xgb_shap_list_ir_2
2576,Pregnancies,0.19152226,0.15915802,97.67635,xgb_shap_list_ir_5_subset_119,xgb_shap_list_ir_5
2577,Glucose,1.7781882,1.171335,906.876,xgb_shap_list_ir_5_subset_119,xgb_shap_list_ir_5
2578,BloodPressure,0.34942093,0.28046516,178.20468,xgb_shap_list_ir_5_subset_119,xgb_shap_list_ir_5
2579,SkinThickness,0.29462183,0.20533669,150.25713,xgb_shap_list_ir_5_subset_119,xgb_shap_list_ir_5
2580,Insulin,0.20593856,0.20567851,105.02866,xgb_shap_list_ir_5_subset_119,xgb_shap_list_ir_5
2581,BMI,0.91830075,0.7562498,468.33337,xgb_shap_list_ir_5_subset_119,xgb_shap_list_ir_5
2582,DiabetesPedigreeFunction,0.43822613,0.39853165,223.49533,xgb_shap_list_ir_5_subset_119,xgb_shap_list_ir_5
2583,Age,0.7481984,0.5148757,381.58118,xgb_shap_list_ir_5_subset_119,xgb_shap_list_ir_5
2584,Pregnancies,0.10156881,0.056175373,51.800095,xgb_shap_list_ir_1_subset_139,xgb_shap_list_ir_1
2585,Glucose,1.5458319,0.6606483,788.37427,xgb_shap_list_ir_1_subset_139,xgb_shap_list_ir_1
2586,BloodPressure,0.37023148,0.1406626,188.81805,xgb_shap_list_ir_1_subset_139,xgb_shap_list_ir_1
2587,SkinThickness,0.38568345,0.16162914,196.69856,xgb_shap_list_ir_1_subset_139,xgb_shap_list_ir_1
2588,Insulin,0.19041756,0.11830409,97.11295,xgb_shap_list_ir_1_subset_139,xgb_shap_list_ir_1
2589,BMI,0.4100402,0.27086896,209.1205,xgb_shap_list_ir_1_subset_139,xgb_shap_list_ir_1
2590,DiabetesPedigreeFunction,0.6714078,0.4619221,342.418,xgb_shap_list_ir_1_subset_139,xgb_shap_list_ir_1
2591,Age,0.5759216,0.2703181,293.72,xgb_shap_list_ir_1_subset_139,xgb_shap_list_ir_1
2592,Pregnancies,0.32660523,0.2285284,166.56866,xgb_shap_list_ir_4_subset_123,xgb_shap_list_ir_4
2593,Glucose,1.6497742,0.8829612,841.3848,xgb_shap_list_ir_4_subset_123,xgb_shap_list_ir_4
2594,BloodPressure,0.46694544,0.3481994,238.14218,xgb_shap_list_ir_4_subset_123,xgb_shap_list_ir_4
2595,SkinThickness,0.22143193,0.16328438,112.93028,xgb_shap_list_ir_4_subset_123,xgb_shap_list_ir_4
2596,Insulin,0.39126652,0.23988084,199.54593,xgb_shap_list_ir_4_subset_123,xgb_shap_list_ir_4
2597,BMI,0.90845746,0.8541027,463.3133,xgb_shap_list_ir_4_subset_123,xgb_shap_list_ir_4
2598,DiabetesPedigreeFunction,0.6334856,0.36394036,323.07767,xgb_shap_list_ir_4_subset_123,xgb_shap_list_ir_4
2599,Age,0.4370455,0.24991752,222.89322,xgb_shap_list_ir_4_subset_123,xgb_shap_list_ir_4
2600,Pregnancies,0.21492949,0.12748882,109.614044,xgb_shap_list_ir_1_subset_131,xgb_shap_list_ir_1
2601,Glucose,1.2309121,0.52880675,627.76514,xgb_shap_list_ir_1_subset_131,xgb_shap_list_ir_1
2602,BloodPressure,0.5208002,0.16971907,265.6081,xgb_shap_list_ir_1_subset_131,xgb_shap_list_ir_1
2603,SkinThickness,0.49758267,0.24069086,253.76717,xgb_shap_list_ir_1_subset_131,xgb_shap_list_ir_1
2604,Insulin,0.4403006,0.12790257,224.55331,xgb_shap_list_ir_1_subset_131,xgb_shap_list_ir_1
2605,BMI,0.82968765,0.5430575,423.14072,xgb_shap_list_ir_1_subset_131,xgb_shap_list_ir_1
2606,DiabetesPedigreeFunction,0.84583807,0.48929134,431.3774,xgb_shap_list_ir_1_subset_131,xgb_shap_list_ir_1
2607,Age,0.20303635,0.101077676,103.54854,xgb_shap_list_ir_1_subset_131,xgb_shap_list_ir_1
2608,Pregnancies,0.43014574,0.26207656,219.37433,xgb_shap_list_ir_3_subset_137,xgb_shap_list_ir_3
2609,Glucose,1.4113597,0.86211884,719.79346,xgb_shap_list_ir_3_subset_137,xgb_shap_list_ir_3
2610,BloodPressure,0.4206014,0.27228707,214.50671,xgb_shap_list_ir_3_subset_137,xgb_shap_list_ir_3
2611,SkinThickness,0.1543953,0.13856761,78.7416,xgb_shap_list_ir_3_subset_137,xgb_shap_list_ir_3
2612,Insulin,0.25142688,0.19560923,128.2277,xgb_shap_list_ir_3_subset_137,xgb_shap_list_ir_3
2613,BMI,0.82362825,0.71561706,420.0504,xgb_shap_list_ir_3_subset_137,xgb_shap_list_ir_3
2614,DiabetesPedigreeFunction,0.8830418,0.5212655,450.35132,xgb_shap_list_ir_3_subset_137,xgb_shap_list_ir_3
2615,Age,0.3907321,0.27478448,199.27338,xgb_shap_list_ir_3_subset_137,xgb_shap_list_ir_3
2616,Pregnancies,0.5688822,0.31105277,290.12994,xgb_shap_list_ir_2_subset_120,xgb_shap_list_ir_2
2617,Glucose,1.1014627,0.76140165,561.746,xgb_shap_list_ir_2_subset_120,xgb_shap_list_ir_2
2618,BloodPressure,0.37870693,0.2639556,193.14053,xgb_shap_list_ir_2_subset_120,xgb_shap_list_ir_2
2619,SkinThickness,0.24081694,0.15725495,122.816635,xgb_shap_list_ir_2_subset_120,xgb_shap_list_ir_2
2620,Insulin,0.28137374,0.21173161,143.50061,xgb_shap_list_ir_2_subset_120,xgb_shap_list_ir_2
2621,BMI,0.56180274,0.4541915,286.5194,xgb_shap_list_ir_2_subset_120,xgb_shap_list_ir_2
2622,DiabetesPedigreeFunction,0.37305087,0.23945166,190.25594,xgb_shap_list_ir_2_subset_120,xgb_shap_list_ir_2
2623,Age,0.5954886,0.37835377,303.6992,xgb_shap_list_ir_2_subset_120,xgb_shap_list_ir_2
2624,Pregnancies,0.8994929,0.41363326,458.7414,xgb_shap_list_ir_3_subset_112,xgb_shap_list_ir_3
2625,Glucose,1.7142806,1.0351634,874.2831,xgb_shap_list_ir_3_subset_112,xgb_shap_list_ir_3
2626,BloodPressure,0.335788,0.3043963,171.25189,xgb_shap_list_ir_3_subset_112,xgb_shap_list_ir_3
2627,SkinThickness,0.31683207,0.2048126,161.58435,xgb_shap_list_ir_3_subset_112,xgb_shap_list_ir_3
2628,Insulin,0.3279364,0.2169065,167.24757,xgb_shap_list_ir_3_subset_112,xgb_shap_list_ir_3
2629,BMI,0.89190465,0.6318083,454.87137,xgb_shap_list_ir_3_subset_112,xgb_shap_list_ir_3
2630,DiabetesPedigreeFunction,0.43424395,0.33171222,221.46442,xgb_shap_list_ir_3_subset_112,xgb_shap_list_ir_3
2631,Age,0.35172063,0.30164915,179.37752,xgb_shap_list_ir_3_subset_112,xgb_shap_list_ir_3
2632,Pregnancies,0.5741486,0.19623002,292.8158,xgb_shap_list_ir_1_subset_93,xgb_shap_list_ir_1
2633,Glucose,1.5931418,0.37400383,812.5023,xgb_shap_list_ir_1_subset_93,xgb_shap_list_ir_1
2634,BloodPressure,0.322031,0.18879515,164.23581,xgb_shap_list_ir_1_subset_93,xgb_shap_list_ir_1
2635,SkinThickness,0.3232425,0.2236002,164.85367,xgb_shap_list_ir_1_subset_93,xgb_shap_list_ir_1
2636,Insulin,0.3377542,0.1602627,172.25464,xgb_shap_list_ir_1_subset_93,xgb_shap_list_ir_1
2637,BMI,1.2580804,0.5211243,641.621,xgb_shap_list_ir_1_subset_93,xgb_shap_list_ir_1
2638,DiabetesPedigreeFunction,0.52343464,0.33261204,266.95166,xgb_shap_list_ir_1_subset_93,xgb_shap_list_ir_1
2639,Age,0.4675538,0.17275064,238.45244,xgb_shap_list_ir_1_subset_93,xgb_shap_list_ir_1
2640,Pregnancies,0.5844283,0.37817106,298.05844,xgb_shap_list_ir_5_subset_40,xgb_shap_list_ir_5
2641,Glucose,1.3349262,1.0511918,680.8124,xgb_shap_list_ir_5_subset_40,xgb_shap_list_ir_5
2642,BloodPressure,0.2935927,0.19806603,149.73227,xgb_shap_list_ir_5_subset_40,xgb_shap_list_ir_5
2643,SkinThickness,0.24727526,0.19377528,126.11038,xgb_shap_list_ir_5_subset_40,xgb_shap_list_ir_5
2644,Insulin,0.4398727,0.3814991,224.33508,xgb_shap_list_ir_5_subset_40,xgb_shap_list_ir_5
2645,BMI,1.0951312,0.7290301,558.5169,xgb_shap_list_ir_5_subset_40,xgb_shap_list_ir_5
2646,DiabetesPedigreeFunction,0.69235253,0.49153042,353.0998,xgb_shap_list_ir_5_subset_40,xgb_shap_list_ir_5
2647,Age,0.3781235,0.2983249,192.84299,xgb_shap_list_ir_5_subset_40,xgb_shap_list_ir_5
2648,Pregnancies,0.9189445,0.5203884,468.66168,xgb_shap_list_ir_1_subset_34,xgb_shap_list_ir_1
2649,Glucose,0.7861911,0.49125582,400.95746,xgb_shap_list_ir_1_subset_34,xgb_shap_list_ir_1
2650,BloodPressure,0.5963634,0.44267133,304.14536,xgb_shap_list_ir_1_subset_34,xgb_shap_list_ir_1
2651,SkinThickness,0.41509035,0.24543157,211.69608,xgb_shap_list_ir_1_subset_34,xgb_shap_list_ir_1
2652,Insulin,0.14748742,0.06695989,75.21858,xgb_shap_list_ir_1_subset_34,xgb_shap_list_ir_1
2653,BMI,0.61591214,0.40259537,314.1152,xgb_shap_list_ir_1_subset_34,xgb_shap_list_ir_1
2654,DiabetesPedigreeFunction,0.43865076,0.25389904,223.71188,xgb_shap_list_ir_1_subset_34,xgb_shap_list_ir_1
2655,Age,0.57016397,0.2307506,290.78363,xgb_shap_list_ir_1_subset_34,xgb_shap_list_ir_1
2656,Pregnancies,0.28626105,0.3047764,145.99313,xgb_shap_list_ir_1_subset_80,xgb_shap_list_ir_1
2657,Glucose,1.0895247,0.5690367,555.6576,xgb_shap_list_ir_1_subset_80,xgb_shap_list_ir_1
2658,BloodPressure,0.113231294,0.0874645,57.74796,xgb_shap_list_ir_1_subset_80,xgb_shap_list_ir_1
2659,SkinThickness,0.40027347,0.18980125,204.13947,xgb_shap_list_ir_1_subset_80,xgb_shap_list_ir_1
2660,Insulin,0.12640579,0.1527766,64.46695,xgb_shap_list_ir_1_subset_80,xgb_shap_list_ir_1
2661,BMI,0.7688153,0.42084095,392.0958,xgb_shap_list_ir_1_subset_80,xgb_shap_list_ir_1
2662,DiabetesPedigreeFunction,0.530978,0.34710363,270.7988,xgb_shap_list_ir_1_subset_80,xgb_shap_list_ir_1
2663,Age,0.6177389,0.46323755,315.04684,xgb_shap_list_ir_1_subset_80,xgb_shap_list_ir_1
2664,Pregnancies,0.7699275,0.31929758,392.66302,xgb_shap_list_ir_2_subset_111,xgb_shap_list_ir_2
2665,Glucose,0.9402979,0.39525568,479.55194,xgb_shap_list_ir_2_subset_111,xgb_shap_list_ir_2
2666,BloodPressure,0.5374225,0.4383769,274.08545,xgb_shap_list_ir_2_subset_111,xgb_shap_list_ir_2
2667,SkinThickness,0.43394154,0.28749457,221.31018,xgb_shap_list_ir_2_subset_111,xgb_shap_list_ir_2
2668,Insulin,0.1728646,0.15410908,88.16095,xgb_shap_list_ir_2_subset_111,xgb_shap_list_ir_2
2669,BMI,0.767672,0.606017,391.51273,xgb_shap_list_ir_2_subset_111,xgb_shap_list_ir_2
2670,DiabetesPedigreeFunction,0.7079916,0.4325363,361.0757,xgb_shap_list_ir_2_subset_111,xgb_shap_list_ir_2
2671,Age,0.8472777,0.41543886,432.11163,xgb_shap_list_ir_2_subset_111,xgb_shap_list_ir_2
2672,Pregnancies,0.46558276,0.3592449,237.4472,xgb_shap_list_ir_3_subset_131,xgb_shap_list_ir_3
2673,Glucose,1.4547919,0.9304441,741.94385,xgb_shap_list_ir_3_subset_131,xgb_shap_list_ir_3
2674,BloodPressure,0.320404,0.23466752,163.40604,xgb_shap_list_ir_3_subset_131,xgb_shap_list_ir_3
2675,SkinThickness,0.43480298,0.41595608,221.74953,xgb_shap_list_ir_3_subset_131,xgb_shap_list_ir_3
2676,Insulin,0.2585205,0.21379969,131.84546,xgb_shap_list_ir_3_subset_131,xgb_shap_list_ir_3
2677,BMI,0.9421511,0.824971,480.49707,xgb_shap_list_ir_3_subset_131,xgb_shap_list_ir_3
2678,DiabetesPedigreeFunction,0.58680254,0.3963164,299.2693,xgb_shap_list_ir_3_subset_131,xgb_shap_list_ir_3
2679,Age,0.43534923,0.2877009,222.0281,xgb_shap_list_ir_3_subset_131,xgb_shap_list_ir_3
2680,Pregnancies,0.5619418,0.42867392,286.59033,xgb_shap_list_ir_5_subset_34,xgb_shap_list_ir_5
2681,Glucose,1.5536845,0.875258,792.3791,xgb_shap_list_ir_5_subset_34,xgb_shap_list_ir_5
2682,BloodPressure,0.48127726,0.36123726,245.4514,xgb_shap_list_ir_5_subset_34,xgb_shap_list_ir_5
2683,SkinThickness,0.23278604,0.16999418,118.72089,xgb_shap_list_ir_5_subset_34,xgb_shap_list_ir_5
2684,Insulin,0.1935282,0.23636279,98.69939,xgb_shap_list_ir_5_subset_34,xgb_shap_list_ir_5
2685,BMI,0.77131534,0.54996014,393.37082,xgb_shap_list_ir_5_subset_34,xgb_shap_list_ir_5
2686,DiabetesPedigreeFunction,0.5625532,0.3386945,286.90216,xgb_shap_list_ir_5_subset_34,xgb_shap_list_ir_5
2687,Age,0.634172,0.4242832,323.42773,xgb_shap_list_ir_5_subset_34,xgb_shap_list_ir_5
2688,Pregnancies,0.7009841,0.3518873,357.5019,xgb_shap_list_ir_4_subset_158,xgb_shap_list_ir_4
2689,Glucose,1.3818734,0.7965029,704.75543,xgb_shap_list_ir_4_subset_158,xgb_shap_list_ir_4
2690,BloodPressure,0.30741748,0.24761479,156.78291,xgb_shap_list_ir_4_subset_158,xgb_shap_list_ir_4
2691,SkinThickness,0.19853432,0.20464708,101.2525,xgb_shap_list_ir_4_subset_158,xgb_shap_list_ir_4
2692,Insulin,0.18793263,0.1933062,95.84564,xgb_shap_list_ir_4_subset_158,xgb_shap_list_ir_4
2693,BMI,0.97914445,0.73888403,499.36368,xgb_shap_list_ir_4_subset_158,xgb_shap_list_ir_4
2694,DiabetesPedigreeFunction,0.58384186,0.42514056,297.75934,xgb_shap_list_ir_4_subset_158,xgb_shap_list_ir_4
2695,Age,0.7133067,0.4194401,363.78644,xgb_shap_list_ir_4_subset_158,xgb_shap_list_ir_4
2696,Pregnancies,0.36251724,0.25482273,184.88379,xgb_shap_list_ir_5_subset_25,xgb_shap_list_ir_5
2697,Glucose,1.5345069,1.0714318,782.5985,xgb_shap_list_ir_5_subset_25,xgb_shap_list_ir_5
2698,BloodPressure,0.338276,0.25284785,172.52075,xgb_shap_list_ir_5_subset_25,xgb_shap_list_ir_5
2699,SkinThickness,0.26449513,0.17566209,134.89252,xgb_shap_list_ir_5_subset_25,xgb_shap_list_ir_5
2700,Insulin,0.61810535,0.42628387,315.23373,xgb_shap_list_ir_5_subset_25,xgb_shap_list_ir_5
2701,BMI,0.74195385,0.5860247,378.39645,xgb_shap_list_ir_5_subset_25,xgb_shap_list_ir_5
2702,DiabetesPedigreeFunction,0.6412331,0.4908511,327.02887,xgb_shap_list_ir_5_subset_25,xgb_shap_list_ir_5
2703,Age,0.42581758,0.34141618,217.16696,xgb_shap_list_ir_5_subset_25,xgb_shap_list_ir_5
2704,Pregnancies,0.4514713,0.14839049,230.25037,xgb_shap_list_ir_1_subset_7,xgb_shap_list_ir_1
2705,Glucose,0.5855342,0.42770082,298.62244,xgb_shap_list_ir_1_subset_7,xgb_shap_list_ir_1
2706,BloodPressure,0.63965225,0.35407642,326.22266,xgb_shap_list_ir_1_subset_7,xgb_shap_list_ir_1
2707,SkinThickness,0.41271004,0.28165627,210.48212,xgb_shap_list_ir_1_subset_7,xgb_shap_list_ir_1
2708,Insulin,0.16564977,0.15335238,84.481384,xgb_shap_list_ir_1_subset_7,xgb_shap_list_ir_1
2709,BMI,0.6059807,0.40859675,309.05014,xgb_shap_list_ir_1_subset_7,xgb_shap_list_ir_1
2710,DiabetesPedigreeFunction,0.32693943,0.24448727,166.7391,xgb_shap_list_ir_1_subset_7,xgb_shap_list_ir_1
2711,Age,0.83370924,0.37263763,425.1917,xgb_shap_list_ir_1_subset_7,xgb_shap_list_ir_1
2712,Pregnancies,0.19278611,0.15049851,98.320915,xgb_shap_list_ir_4_subset_18,xgb_shap_list_ir_4
2713,Glucose,1.7099658,0.9384805,872.0826,xgb_shap_list_ir_4_subset_18,xgb_shap_list_ir_4
2714,BloodPressure,0.5074186,0.55372995,258.78348,xgb_shap_list_ir_4_subset_18,xgb_shap_list_ir_4
2715,SkinThickness,0.28180003,0.18530351,143.71802,xgb_shap_list_ir_4_subset_18,xgb_shap_list_ir_4
2716,Insulin,0.30095834,0.25351325,153.48875,xgb_shap_list_ir_4_subset_18,xgb_shap_list_ir_4
2717,BMI,0.5898614,0.48696303,300.8293,xgb_shap_list_ir_4_subset_18,xgb_shap_list_ir_4
2718,DiabetesPedigreeFunction,0.49823716,0.3581353,254.10095,xgb_shap_list_ir_4_subset_18,xgb_shap_list_ir_4
2719,Age,0.9618407,0.67390835,490.53876,xgb_shap_list_ir_4_subset_18,xgb_shap_list_ir_4
2720,Pregnancies,0.72341436,0.4017381,368.9413,xgb_shap_list_ir_5_subset_128,xgb_shap_list_ir_5
2721,Glucose,1.5024253,1.1704065,766.23694,xgb_shap_list_ir_5_subset_128,xgb_shap_list_ir_5
2722,BloodPressure,0.24226236,0.18809164,123.5538,xgb_shap_list_ir_5_subset_128,xgb_shap_list_ir_5
2723,SkinThickness,0.26059762,0.20202583,132.90479,xgb_shap_list_ir_5_subset_128,xgb_shap_list_ir_5
2724,Insulin,0.25481197,0.24390697,129.9541,xgb_shap_list_ir_5_subset_128,xgb_shap_list_ir_5
2725,BMI,0.7635251,0.72718364,389.39783,xgb_shap_list_ir_5_subset_128,xgb_shap_list_ir_5
2726,DiabetesPedigreeFunction,0.59001094,0.41490847,300.90558,xgb_shap_list_ir_5_subset_128,xgb_shap_list_ir_5
2727,Age,0.6150835,0.43119082,313.6926,xgb_shap_list_ir_5_subset_128,xgb_shap_list_ir_5
2728,Pregnancies,0.23125395,0.1660838,117.939514,xgb_shap_list_ir_3_subset_9,xgb_shap_list_ir_3
2729,Glucose,1.040955,0.75300103,530.887,xgb_shap_list_ir_3_subset_9,xgb_shap_list_ir_3
2730,BloodPressure,0.28783906,0.21825825,146.79791,xgb_shap_list_ir_3_subset_9,xgb_shap_list_ir_3
2731,SkinThickness,0.30097413,0.18582992,153.49681,xgb_shap_list_ir_3_subset_9,xgb_shap_list_ir_3
2732,Insulin,0.385024,0.30205712,196.36224,xgb_shap_list_ir_3_subset_9,xgb_shap_list_ir_3
2733,BMI,0.8833382,0.82664365,450.5025,xgb_shap_list_ir_3_subset_9,xgb_shap_list_ir_3
2734,DiabetesPedigreeFunction,0.85615855,0.4798351,436.64087,xgb_shap_list_ir_3_subset_9,xgb_shap_list_ir_3
2735,Age,0.5594551,0.43682668,285.3221,xgb_shap_list_ir_3_subset_9,xgb_shap_list_ir_3
2736,Pregnancies,0.13310993,0.13874795,67.88606,xgb_shap_list_ir_3_subset_148,xgb_shap_list_ir_3
2737,Glucose,1.7249322,1.0894258,879.7154,xgb_shap_list_ir_3_subset_148,xgb_shap_list_ir_3
2738,BloodPressure,0.17209592,0.15091112,87.76892,xgb_shap_list_ir_3_subset_148,xgb_shap_list_ir_3
2739,SkinThickness,0.23971789,0.1963227,122.25612,xgb_shap_list_ir_3_subset_148,xgb_shap_list_ir_3
2740,Insulin,0.35556257,0.28783584,181.33691,xgb_shap_list_ir_3_subset_148,xgb_shap_list_ir_3
2741,BMI,0.90529305,0.84410137,461.69946,xgb_shap_list_ir_3_subset_148,xgb_shap_list_ir_3
2742,DiabetesPedigreeFunction,0.3251781,0.24068433,165.84082,xgb_shap_list_ir_3_subset_148,xgb_shap_list_ir_3
2743,Age,0.9464186,0.4815288,482.6735,xgb_shap_list_ir_3_subset_148,xgb_shap_list_ir_3
2744,Pregnancies,0.37216613,0.1915482,189.80472,xgb_shap_list_ir_2_subset_20,xgb_shap_list_ir_2
2745,Glucose,0.98824245,0.6252339,504.00366,xgb_shap_list_ir_2_subset_20,xgb_shap_list_ir_2
2746,BloodPressure,0.31962824,0.21905124,163.0104,xgb_shap_list_ir_2_subset_20,xgb_shap_list_ir_2
2747,SkinThickness,0.63211715,0.25141487,322.37976,xgb_shap_list_ir_2_subset_20,xgb_shap_list_ir_2
2748,Insulin,0.44933224,0.20949405,229.15944,xgb_shap_list_ir_2_subset_20,xgb_shap_list_ir_2
2749,BMI,0.9320388,0.54982257,475.33978,xgb_shap_list_ir_2_subset_20,xgb_shap_list_ir_2
2750,DiabetesPedigreeFunction,0.5937263,0.41262913,302.8004,xgb_shap_list_ir_2_subset_20,xgb_shap_list_ir_2
2751,Age,0.9319765,0.37036958,475.308,xgb_shap_list_ir_2_subset_20,xgb_shap_list_ir_2
2752,Pregnancies,0.19987571,0.19177873,101.936615,xgb_shap_list_ir_4_subset_25,xgb_shap_list_ir_4
2753,Glucose,1.4667047,1.0156287,748.0194,xgb_shap_list_ir_4_subset_25,xgb_shap_list_ir_4
2754,BloodPressure,0.3214935,0.29636285,163.96169,xgb_shap_list_ir_4_subset_25,xgb_shap_list_ir_4
2755,SkinThickness,0.27387744,0.20045926,139.67749,xgb_shap_list_ir_4_subset_25,xgb_shap_list_ir_4
2756,Insulin,0.18965137,0.33801806,96.7222,xgb_shap_list_ir_4_subset_25,xgb_shap_list_ir_4
2757,BMI,0.9827379,0.7529399,501.19632,xgb_shap_list_ir_4_subset_25,xgb_shap_list_ir_4
2758,DiabetesPedigreeFunction,0.39995477,0.305287,203.97693,xgb_shap_list_ir_4_subset_25,xgb_shap_list_ir_4
2759,Age,0.5841729,0.34747478,297.9282,xgb_shap_list_ir_4_subset_25,xgb_shap_list_ir_4
2760,Pregnancies,0.6639985,0.38932306,338.63922,xgb_shap_list_ir_5_subset_74,xgb_shap_list_ir_5
2761,Glucose,1.5284113,0.7714218,779.48975,xgb_shap_list_ir_5_subset_74,xgb_shap_list_ir_5
2762,BloodPressure,0.21534248,0.18429814,109.82466,xgb_shap_list_ir_5_subset_74,xgb_shap_list_ir_5
2763,SkinThickness,0.30852187,0.24693194,157.34615,xgb_shap_list_ir_5_subset_74,xgb_shap_list_ir_5
2764,Insulin,0.19342923,0.19279683,98.64891,xgb_shap_list_ir_5_subset_74,xgb_shap_list_ir_5
2765,BMI,1.391476,1.2297435,709.6528,xgb_shap_list_ir_5_subset_74,xgb_shap_list_ir_5
2766,DiabetesPedigreeFunction,0.43264917,0.317019,220.65108,xgb_shap_list_ir_5_subset_74,xgb_shap_list_ir_5
2767,Age,0.5844698,0.47110122,298.0796,xgb_shap_list_ir_5_subset_74,xgb_shap_list_ir_5
2768,Pregnancies,0.2776881,0.20270261,141.62093,xgb_shap_list_ir_3_subset_35,xgb_shap_list_ir_3
2769,Glucose,1.3641902,0.9683844,695.737,xgb_shap_list_ir_3_subset_35,xgb_shap_list_ir_3
2770,BloodPressure,0.12902334,0.11804774,65.8019,xgb_shap_list_ir_3_subset_35,xgb_shap_list_ir_3
2771,SkinThickness,0.3490533,0.22972396,178.01718,xgb_shap_list_ir_3_subset_35,xgb_shap_list_ir_3
2772,Insulin,0.16876529,0.1573792,86.0703,xgb_shap_list_ir_3_subset_35,xgb_shap_list_ir_3
2773,BMI,1.034649,0.7835219,527.671,xgb_shap_list_ir_3_subset_35,xgb_shap_list_ir_3
2774,DiabetesPedigreeFunction,0.8231705,0.65502733,419.81696,xgb_shap_list_ir_3_subset_35,xgb_shap_list_ir_3
2775,Age,0.81607896,0.58739364,416.20026,xgb_shap_list_ir_3_subset_35,xgb_shap_list_ir_3
2776,Pregnancies,0.17467965,0.12612891,89.086624,xgb_shap_list_ir_4_subset_48,xgb_shap_list_ir_4
2777,Glucose,1.4497281,0.9930154,739.3613,xgb_shap_list_ir_4_subset_48,xgb_shap_list_ir_4
2778,BloodPressure,0.40810794,0.30685207,208.13504,xgb_shap_list_ir_4_subset_48,xgb_shap_list_ir_4
2779,SkinThickness,0.30236256,0.1894177,154.20491,xgb_shap_list_ir_4_subset_48,xgb_shap_list_ir_4
2780,Insulin,0.20823164,0.17960592,106.198135,xgb_shap_list_ir_4_subset_48,xgb_shap_list_ir_4
2781,BMI,1.0041192,0.6372788,512.10077,xgb_shap_list_ir_4_subset_48,xgb_shap_list_ir_4
2782,DiabetesPedigreeFunction,0.64788765,0.43230665,330.4227,xgb_shap_list_ir_4_subset_48,xgb_shap_list_ir_4
2783,Age,0.83715373,0.4051473,426.9484,xgb_shap_list_ir_4_subset_48,xgb_shap_list_ir_4
2784,Pregnancies,0.18495584,0.1633056,94.32748,xgb_shap_list_ir_3_subset_115,xgb_shap_list_ir_3
2785,Glucose,2.1427352,1.308337,1092.7949,xgb_shap_list_ir_3_subset_115,xgb_shap_list_ir_3
2786,BloodPressure,0.33632496,0.3146788,171.52573,xgb_shap_list_ir_3_subset_115,xgb_shap_list_ir_3
2787,SkinThickness,0.14975107,0.17245595,76.37305,xgb_shap_list_ir_3_subset_115,xgb_shap_list_ir_3
2788,Insulin,0.272206,0.26129973,138.82506,xgb_shap_list_ir_3_subset_115,xgb_shap_list_ir_3
2789,BMI,1.1392357,0.75678945,581.01025,xgb_shap_list_ir_3_subset_115,xgb_shap_list_ir_3
2790,DiabetesPedigreeFunction,0.6358203,0.40087292,324.26837,xgb_shap_list_ir_3_subset_115,xgb_shap_list_ir_3
2791,Age,0.6636722,0.39014703,338.47284,xgb_shap_list_ir_3_subset_115,xgb_shap_list_ir_3
2792,Pregnancies,0.46251574,0.21948561,235.88303,xgb_shap_list_ir_1_subset_118,xgb_shap_list_ir_1
2793,Glucose,0.9589206,0.4405149,489.0495,xgb_shap_list_ir_1_subset_118,xgb_shap_list_ir_1
2794,BloodPressure,0.33385885,0.25064334,170.268,xgb_shap_list_ir_1_subset_118,xgb_shap_list_ir_1
2795,SkinThickness,0.29215908,0.1472589,149.00113,xgb_shap_list_ir_1_subset_118,xgb_shap_list_ir_1
2796,Insulin,0.25768563,0.16846113,131.41968,xgb_shap_list_ir_1_subset_118,xgb_shap_list_ir_1
2797,BMI,0.55912226,0.38978595,285.15234,xgb_shap_list_ir_1_subset_118,xgb_shap_list_ir_1
2798,DiabetesPedigreeFunction,0.8740729,0.3734243,445.7772,xgb_shap_list_ir_1_subset_118,xgb_shap_list_ir_1
2799,Age,0.40239185,0.32383585,205.21985,xgb_shap_list_ir_1_subset_118,xgb_shap_list_ir_1
2800,Pregnancies,0.30712825,0.21607365,156.6354,xgb_shap_list_ir_4_subset_6,xgb_shap_list_ir_4
2801,Glucose,1.2040584,0.8778404,614.06976,xgb_shap_list_ir_4_subset_6,xgb_shap_list_ir_4
2802,BloodPressure,0.34112793,0.28856438,173.97525,xgb_shap_list_ir_4_subset_6,xgb_shap_list_ir_4
2803,SkinThickness,0.33180296,0.21044843,169.21951,xgb_shap_list_ir_4_subset_6,xgb_shap_list_ir_4
2804,Insulin,0.315184,0.25690508,160.74384,xgb_shap_list_ir_4_subset_6,xgb_shap_list_ir_4
2805,BMI,0.79391646,0.5549931,404.8974,xgb_shap_list_ir_4_subset_6,xgb_shap_list_ir_4
2806,DiabetesPedigreeFunction,0.5309687,0.40170965,270.79404,xgb_shap_list_ir_4_subset_6,xgb_shap_list_ir_4
2807,Age,0.83369195,0.58362174,425.1829,xgb_shap_list_ir_4_subset_6,xgb_shap_list_ir_4
2808,Pregnancies,0.19252317,0.14829603,98.18681,xgb_shap_list_ir_3_subset_90,xgb_shap_list_ir_3
2809,Glucose,1.6215526,0.8809015,826.9918,xgb_shap_list_ir_3_subset_90,xgb_shap_list_ir_3
2810,BloodPressure,0.4242559,0.32674545,216.37051,xgb_shap_list_ir_3_subset_90,xgb_shap_list_ir_3
2811,SkinThickness,0.23983134,0.32348928,122.31399,xgb_shap_list_ir_3_subset_90,xgb_shap_list_ir_3
2812,Insulin,0.36373433,0.22863697,185.50452,xgb_shap_list_ir_3_subset_90,xgb_shap_list_ir_3
2813,BMI,0.7607582,0.5875495,387.9867,xgb_shap_list_ir_3_subset_90,xgb_shap_list_ir_3
2814,DiabetesPedigreeFunction,0.59039617,0.39282703,301.10205,xgb_shap_list_ir_3_subset_90,xgb_shap_list_ir_3
2815,Age,0.80642545,0.58159333,411.27698,xgb_shap_list_ir_3_subset_90,xgb_shap_list_ir_3
2816,Pregnancies,0.44596538,0.3239179,227.44234,xgb_shap_list_ir_5_subset_12,xgb_shap_list_ir_5
2817,Glucose,1.596964,0.98634946,814.45166,xgb_shap_list_ir_5_subset_12,xgb_shap_list_ir_5
2818,BloodPressure,0.28937966,0.23229675,147.58362,xgb_shap_list_ir_5_subset_12,xgb_shap_list_ir_5
2819,SkinThickness,0.2733404,0.20732066,139.40361,xgb_shap_list_ir_5_subset_12,xgb_shap_list_ir_5
2820,Insulin,0.28829873,0.20421162,147.03235,xgb_shap_list_ir_5_subset_12,xgb_shap_list_ir_5
2821,BMI,0.7066611,0.5043105,360.39716,xgb_shap_list_ir_5_subset_12,xgb_shap_list_ir_5
2822,DiabetesPedigreeFunction,0.8313029,0.5972295,423.96448,xgb_shap_list_ir_5_subset_12,xgb_shap_list_ir_5
2823,Age,0.6705684,0.5168988,341.9899,xgb_shap_list_ir_5_subset_12,xgb_shap_list_ir_5
2824,Pregnancies,0.3809646,0.24545474,194.29195,xgb_shap_list_ir_2_subset_96,xgb_shap_list_ir_2
2825,Glucose,1.0635526,0.62646604,542.41187,xgb_shap_list_ir_2_subset_96,xgb_shap_list_ir_2
2826,BloodPressure,0.2777759,0.23595272,141.66571,xgb_shap_list_ir_2_subset_96,xgb_shap_list_ir_2
2827,SkinThickness,0.26785472,0.20979689,136.60591,xgb_shap_list_ir_2_subset_96,xgb_shap_list_ir_2
2828,Insulin,0.18838447,0.15432906,96.07608,xgb_shap_list_ir_2_subset_96,xgb_shap_list_ir_2
2829,BMI,1.3630048,1.0306845,695.13245,xgb_shap_list_ir_2_subset_96,xgb_shap_list_ir_2
2830,DiabetesPedigreeFunction,0.47010708,0.37727523,239.75461,xgb_shap_list_ir_2_subset_96,xgb_shap_list_ir_2
2831,Age,1.0409297,0.6582465,530.87415,xgb_shap_list_ir_2_subset_96,xgb_shap_list_ir_2
2832,Pregnancies,0.2669156,0.18459485,136.12695,xgb_shap_list_ir_5_subset_18,xgb_shap_list_ir_5
2833,Glucose,1.4892377,0.86508,759.5112,xgb_shap_list_ir_5_subset_18,xgb_shap_list_ir_5
2834,BloodPressure,0.25110686,0.2085191,128.0645,xgb_shap_list_ir_5_subset_18,xgb_shap_list_ir_5
2835,SkinThickness,0.29679137,0.22440466,151.3636,xgb_shap_list_ir_5_subset_18,xgb_shap_list_ir_5
2836,Insulin,0.35388082,0.2632988,180.47922,xgb_shap_list_ir_5_subset_18,xgb_shap_list_ir_5
2837,BMI,1.0015162,0.6533294,510.7733,xgb_shap_list_ir_5_subset_18,xgb_shap_list_ir_5
2838,DiabetesPedigreeFunction,0.5623343,0.43106112,286.7905,xgb_shap_list_ir_5_subset_18,xgb_shap_list_ir_5
2839,Age,0.81754005,0.72238433,416.94543,xgb_shap_list_ir_5_subset_18,xgb_shap_list_ir_5
2840,Pregnancies,0.45681912,0.29562822,232.97775,xgb_shap_list_ir_5_subset_106,xgb_shap_list_ir_5
2841,Glucose,1.5185703,1.1273957,774.4708,xgb_shap_list_ir_5_subset_106,xgb_shap_list_ir_5
2842,BloodPressure,0.27720204,0.24028212,141.37305,xgb_shap_list_ir_5_subset_106,xgb_shap_list_ir_5
2843,SkinThickness,0.16043898,0.12810136,81.82388,xgb_shap_list_ir_5_subset_106,xgb_shap_list_ir_5
2844,Insulin,0.487812,0.36468998,248.78413,xgb_shap_list_ir_5_subset_106,xgb_shap_list_ir_5
2845,BMI,1.0174197,0.8351527,518.88403,xgb_shap_list_ir_5_subset_106,xgb_shap_list_ir_5
2846,DiabetesPedigreeFunction,0.5898105,0.4382302,300.80334,xgb_shap_list_ir_5_subset_106,xgb_shap_list_ir_5
2847,Age,0.5957523,0.37985724,303.83368,xgb_shap_list_ir_5_subset_106,xgb_shap_list_ir_5
2848,Pregnancies,0.44659033,0.25751144,227.76108,xgb_shap_list_ir_3_subset_76,xgb_shap_list_ir_3
2849,Glucose,1.6055896,1.2736491,818.8507,xgb_shap_list_ir_3_subset_76,xgb_shap_list_ir_3
2850,BloodPressure,0.48161474,0.552016,245.62352,xgb_shap_list_ir_3_subset_76,xgb_shap_list_ir_3
2851,SkinThickness,0.16131905,0.20925233,82.27271,xgb_shap_list_ir_3_subset_76,xgb_shap_list_ir_3
2852,Insulin,0.34417322,0.21906447,175.52835,xgb_shap_list_ir_3_subset_76,xgb_shap_list_ir_3
2853,BMI,0.89745533,0.8518798,457.7022,xgb_shap_list_ir_3_subset_76,xgb_shap_list_ir_3
2854,DiabetesPedigreeFunction,0.52540845,0.37797403,267.9583,xgb_shap_list_ir_3_subset_76,xgb_shap_list_ir_3
2855,Age,0.49785924,0.36772078,253.90822,xgb_shap_list_ir_3_subset_76,xgb_shap_list_ir_3
2856,Pregnancies,0.29919654,0.19838053,152.59024,xgb_shap_list_ir_2_subset_60,xgb_shap_list_ir_2
2857,Glucose,1.1399431,0.83148915,581.371,xgb_shap_list_ir_2_subset_60,xgb_shap_list_ir_2
2858,BloodPressure,0.7565893,0.40307376,385.86053,xgb_shap_list_ir_2_subset_60,xgb_shap_list_ir_2
2859,SkinThickness,0.35440758,0.21458597,180.74786,xgb_shap_list_ir_2_subset_60,xgb_shap_list_ir_2
2860,Insulin,0.13924325,0.13044381,71.01405,xgb_shap_list_ir_2_subset_60,xgb_shap_list_ir_2
2861,BMI,0.86383057,0.45023742,440.5536,xgb_shap_list_ir_2_subset_60,xgb_shap_list_ir_2
2862,DiabetesPedigreeFunction,0.4944451,0.31800237,252.16699,xgb_shap_list_ir_2_subset_60,xgb_shap_list_ir_2
2863,Age,0.6654669,0.3896659,339.38812,xgb_shap_list_ir_2_subset_60,xgb_shap_list_ir_2
2864,Pregnancies,0.23998837,0.15553278,122.394066,xgb_shap_list_ir_3_subset_123,xgb_shap_list_ir_3
2865,Glucose,1.2306614,0.7697633,627.6373,xgb_shap_list_ir_3_subset_123,xgb_shap_list_ir_3
2866,BloodPressure,0.34346905,0.24509253,175.16922,xgb_shap_list_ir_3_subset_123,xgb_shap_list_ir_3
2867,SkinThickness,0.3472312,0.21284986,177.08792,xgb_shap_list_ir_3_subset_123,xgb_shap_list_ir_3
2868,Insulin,0.45428413,0.2764097,231.6849,xgb_shap_list_ir_3_subset_123,xgb_shap_list_ir_3
2869,BMI,1.0616384,0.69827294,541.43555,xgb_shap_list_ir_3_subset_123,xgb_shap_list_ir_3
2870,DiabetesPedigreeFunction,0.56573176,0.37323317,288.5232,xgb_shap_list_ir_3_subset_123,xgb_shap_list_ir_3
2871,Age,0.5564801,0.3550271,283.80487,xgb_shap_list_ir_3_subset_123,xgb_shap_list_ir_3
2872,Pregnancies,0.29369062,0.23775335,149.78221,xgb_shap_list_ir_3_subset_152,xgb_shap_list_ir_3
2873,Glucose,1.1583312,0.7377326,590.7489,xgb_shap_list_ir_3_subset_152,xgb_shap_list_ir_3
2874,BloodPressure,0.3128128,0.27597445,159.53453,xgb_shap_list_ir_3_subset_152,xgb_shap_list_ir_3
2875,SkinThickness,0.4319287,0.2667092,220.28363,xgb_shap_list_ir_3_subset_152,xgb_shap_list_ir_3
2876,Insulin,0.3762317,0.29620603,191.87817,xgb_shap_list_ir_3_subset_152,xgb_shap_list_ir_3
2877,BMI,0.70875883,0.6547232,361.467,xgb_shap_list_ir_3_subset_152,xgb_shap_list_ir_3
2878,DiabetesPedigreeFunction,0.7923661,0.49088776,404.1067,xgb_shap_list_ir_3_subset_152,xgb_shap_list_ir_3
2879,Age,0.93095106,0.49306563,474.78503,xgb_shap_list_ir_3_subset_152,xgb_shap_list_ir_3
2880,Pregnancies,0.34979722,0.20314592,178.39658,xgb_shap_list_ir_2_subset_84,xgb_shap_list_ir_2
2881,Glucose,1.1508222,0.78411233,586.9193,xgb_shap_list_ir_2_subset_84,xgb_shap_list_ir_2
2882,BloodPressure,0.28252771,0.20651358,144.08914,xgb_shap_list_ir_2_subset_84,xgb_shap_list_ir_2
2883,SkinThickness,0.21453369,0.1446181,109.41218,xgb_shap_list_ir_2_subset_84,xgb_shap_list_ir_2
2884,Insulin,0.2858439,0.15871747,145.7804,xgb_shap_list_ir_2_subset_84,xgb_shap_list_ir_2
2885,BMI,0.6803723,0.44681042,346.98987,xgb_shap_list_ir_2_subset_84,xgb_shap_list_ir_2
2886,DiabetesPedigreeFunction,0.6708076,0.40965268,342.11188,xgb_shap_list_ir_2_subset_84,xgb_shap_list_ir_2
2887,Age,0.7538501,0.4835859,384.46356,xgb_shap_list_ir_2_subset_84,xgb_shap_list_ir_2
2888,Pregnancies,0.20550619,0.17009974,104.80816,xgb_shap_list_ir_1_subset_21,xgb_shap_list_ir_1
2889,Glucose,0.7456615,0.2485959,380.28735,xgb_shap_list_ir_1_subset_21,xgb_shap_list_ir_1
2890,BloodPressure,0.507012,0.3385668,258.5761,xgb_shap_list_ir_1_subset_21,xgb_shap_list_ir_1
2891,SkinThickness,0.40112713,0.28862432,204.57483,xgb_shap_list_ir_1_subset_21,xgb_shap_list_ir_1
2892,Insulin,0.55041957,0.2888749,280.714,xgb_shap_list_ir_1_subset_21,xgb_shap_list_ir_1
2893,BMI,0.57284594,0.3942259,292.15143,xgb_shap_list_ir_1_subset_21,xgb_shap_list_ir_1
2894,DiabetesPedigreeFunction,0.6259801,0.25481284,319.24985,xgb_shap_list_ir_1_subset_21,xgb_shap_list_ir_1
2895,Age,0.9242858,0.4034609,471.38577,xgb_shap_list_ir_1_subset_21,xgb_shap_list_ir_1
2896,Pregnancies,0.36057833,0.20125438,183.89494,xgb_shap_list_ir_1_subset_104,xgb_shap_list_ir_1
2897,Glucose,1.029203,0.32752243,524.89355,xgb_shap_list_ir_1_subset_104,xgb_shap_list_ir_1
2898,BloodPressure,0.41622758,0.33672914,212.27606,xgb_shap_list_ir_1_subset_104,xgb_shap_list_ir_1
2899,SkinThickness,0.39839077,0.1997339,203.17929,xgb_shap_list_ir_1_subset_104,xgb_shap_list_ir_1
2900,Insulin,0.295157,0.11937627,150.53006,xgb_shap_list_ir_1_subset_104,xgb_shap_list_ir_1
2901,BMI,0.83674896,0.5017682,426.74197,xgb_shap_list_ir_1_subset_104,xgb_shap_list_ir_1
2902,DiabetesPedigreeFunction,0.66665614,0.31428647,339.99463,xgb_shap_list_ir_1_subset_104,xgb_shap_list_ir_1
2903,Age,0.89317304,0.33657464,455.51825,xgb_shap_list_ir_1_subset_104,xgb_shap_list_ir_1
2904,Pregnancies,0.26510757,0.22871429,135.20486,xgb_shap_list_ir_5_subset_139,xgb_shap_list_ir_5
2905,Glucose,1.5341318,1.0240276,782.4072,xgb_shap_list_ir_5_subset_139,xgb_shap_list_ir_5
2906,BloodPressure,0.43840966,0.40014124,223.58893,xgb_shap_list_ir_5_subset_139,xgb_shap_list_ir_5
2907,SkinThickness,0.25514886,0.21315643,130.12592,xgb_shap_list_ir_5_subset_139,xgb_shap_list_ir_5
2908,Insulin,0.45317322,0.3751746,231.11835,xgb_shap_list_ir_5_subset_139,xgb_shap_list_ir_5
2909,BMI,1.1968894,1.206502,610.4136,xgb_shap_list_ir_5_subset_139,xgb_shap_list_ir_5
2910,DiabetesPedigreeFunction,0.65573335,0.45945796,334.424,xgb_shap_list_ir_5_subset_139,xgb_shap_list_ir_5
2911,Age,0.931907,0.6190395,475.27258,xgb_shap_list_ir_5_subset_139,xgb_shap_list_ir_5
2912,Pregnancies,0.41699675,0.27364108,212.66833,xgb_shap_list_ir_2_subset_131,xgb_shap_list_ir_2
2913,Glucose,0.9557273,0.5513252,487.4209,xgb_shap_list_ir_2_subset_131,xgb_shap_list_ir_2
2914,BloodPressure,0.34277415,0.25574952,174.81482,xgb_shap_list_ir_2_subset_131,xgb_shap_list_ir_2
2915,SkinThickness,0.11598583,0.12624885,59.152775,xgb_shap_list_ir_2_subset_131,xgb_shap_list_ir_2
2916,Insulin,0.25391823,0.15496548,129.49829,xgb_shap_list_ir_2_subset_131,xgb_shap_list_ir_2
2917,BMI,1.1194041,0.7568709,570.89606,xgb_shap_list_ir_2_subset_131,xgb_shap_list_ir_2
2918,DiabetesPedigreeFunction,0.6238902,0.4771797,318.18402,xgb_shap_list_ir_2_subset_131,xgb_shap_list_ir_2
2919,Age,1.1311604,0.86032486,576.8918,xgb_shap_list_ir_2_subset_131,xgb_shap_list_ir_2
2920,Pregnancies,0.42339203,0.36076316,215.92993,xgb_shap_list_ir_2_subset_46,xgb_shap_list_ir_2
2921,Glucose,1.6999072,0.68725353,866.95264,xgb_shap_list_ir_2_subset_46,xgb_shap_list_ir_2
2922,BloodPressure,0.56505245,0.30564934,288.17676,xgb_shap_list_ir_2_subset_46,xgb_shap_list_ir_2
2923,SkinThickness,0.37168473,0.19951914,189.55922,xgb_shap_list_ir_2_subset_46,xgb_shap_list_ir_2
2924,Insulin,0.26576197,0.14325562,135.5386,xgb_shap_list_ir_2_subset_46,xgb_shap_list_ir_2
2925,BMI,0.7493398,0.47566393,382.1633,xgb_shap_list_ir_2_subset_46,xgb_shap_list_ir_2
2926,DiabetesPedigreeFunction,0.6848292,0.61230063,349.26288,xgb_shap_list_ir_2_subset_46,xgb_shap_list_ir_2
2927,Age,0.3972329,0.29153425,202.58878,xgb_shap_list_ir_2_subset_46,xgb_shap_list_ir_2
2928,Pregnancies,0.1428058,0.069052294,72.830956,xgb_shap_list_ir_1_subset_58,xgb_shap_list_ir_1
2929,Glucose,1.841055,0.6694415,938.93805,xgb_shap_list_ir_1_subset_58,xgb_shap_list_ir_1
2930,BloodPressure,0.54559195,0.37299016,278.2519,xgb_shap_list_ir_1_subset_58,xgb_shap_list_ir_1
2931,SkinThickness,0.40511367,0.29198006,206.60797,xgb_shap_list_ir_1_subset_58,xgb_shap_list_ir_1
2932,Insulin,0.18811151,0.13148673,95.936874,xgb_shap_list_ir_1_subset_58,xgb_shap_list_ir_1
2933,BMI,0.70248973,0.32753536,358.26978,xgb_shap_list_ir_1_subset_58,xgb_shap_list_ir_1
2934,DiabetesPedigreeFunction,0.6411902,0.32564005,327.007,xgb_shap_list_ir_1_subset_58,xgb_shap_list_ir_1
2935,Age,0.5097086,0.2709566,259.9514,xgb_shap_list_ir_1_subset_58,xgb_shap_list_ir_1
2936,Pregnancies,0.120558985,0.08051378,61.48508,xgb_shap_list_ir_1_subset_32,xgb_shap_list_ir_1
2937,Glucose,0.76304954,0.3143977,389.15527,xgb_shap_list_ir_1_subset_32,xgb_shap_list_ir_1
2938,BloodPressure,0.28845572,0.24161468,147.11243,xgb_shap_list_ir_1_subset_32,xgb_shap_list_ir_1
2939,SkinThickness,0.4911028,0.3087301,250.46243,xgb_shap_list_ir_1_subset_32,xgb_shap_list_ir_1
2940,Insulin,0.38067225,0.18150054,194.14285,xgb_shap_list_ir_1_subset_32,xgb_shap_list_ir_1
2941,BMI,0.62604755,0.28485122,319.28424,xgb_shap_list_ir_1_subset_32,xgb_shap_list_ir_1
2942,DiabetesPedigreeFunction,0.78550017,0.34382883,400.60507,xgb_shap_list_ir_1_subset_32,xgb_shap_list_ir_1
2943,Age,1.0921781,0.5583779,557.01086,xgb_shap_list_ir_1_subset_32,xgb_shap_list_ir_1
2944,Pregnancies,0.39734328,0.290997,202.64507,xgb_shap_list_ir_4_subset_8,xgb_shap_list_ir_4
2945,Glucose,1.1937981,0.87237537,608.83704,xgb_shap_list_ir_4_subset_8,xgb_shap_list_ir_4
2946,BloodPressure,0.3432351,0.2476582,175.0499,xgb_shap_list_ir_4_subset_8,xgb_shap_list_ir_4
2947,SkinThickness,0.3255221,0.23490688,166.01627,xgb_shap_list_ir_4_subset_8,xgb_shap_list_ir_4
2948,Insulin,0.26817602,0.25578132,136.76978,xgb_shap_list_ir_4_subset_8,xgb_shap_list_ir_4
2949,BMI,0.74070203,0.60652024,377.75803,xgb_shap_list_ir_4_subset_8,xgb_shap_list_ir_4
2950,DiabetesPedigreeFunction,0.41071483,0.29939973,209.46457,xgb_shap_list_ir_4_subset_8,xgb_shap_list_ir_4
2951,Age,0.48811823,0.48413527,248.94029,xgb_shap_list_ir_4_subset_8,xgb_shap_list_ir_4
2952,Pregnancies,0.25693843,0.20607252,131.0386,xgb_shap_list_ir_2_subset_24,xgb_shap_list_ir_2
2953,Glucose,1.2089531,0.771881,616.5661,xgb_shap_list_ir_2_subset_24,xgb_shap_list_ir_2
2954,BloodPressure,0.6023101,0.28226563,307.17816,xgb_shap_list_ir_2_subset_24,xgb_shap_list_ir_2
2955,SkinThickness,0.32375264,0.20585693,165.11385,xgb_shap_list_ir_2_subset_24,xgb_shap_list_ir_2
2956,Insulin,0.62111574,0.28779733,316.76904,xgb_shap_list_ir_2_subset_24,xgb_shap_list_ir_2
2957,BMI,1.2234097,0.9706003,623.9389,xgb_shap_list_ir_2_subset_24,xgb_shap_list_ir_2
2958,DiabetesPedigreeFunction,0.5141671,0.23355895,262.22522,xgb_shap_list_ir_2_subset_24,xgb_shap_list_ir_2
2959,Age,0.2921738,0.20949207,149.00864,xgb_shap_list_ir_2_subset_24,xgb_shap_list_ir_2
2960,Pregnancies,0.7666272,0.4375145,390.97986,xgb_shap_list_ir_3_subset_149,xgb_shap_list_ir_3
2961,Glucose,1.3776314,0.9463543,702.59204,xgb_shap_list_ir_3_subset_149,xgb_shap_list_ir_3
2962,BloodPressure,0.28650793,0.24841668,146.11905,xgb_shap_list_ir_3_subset_149,xgb_shap_list_ir_3
2963,SkinThickness,0.35854205,0.22912276,182.85645,xgb_shap_list_ir_3_subset_149,xgb_shap_list_ir_3
2964,Insulin,0.22658676,0.16650596,115.55925,xgb_shap_list_ir_3_subset_149,xgb_shap_list_ir_3
2965,BMI,0.5878545,0.49499637,299.8058,xgb_shap_list_ir_3_subset_149,xgb_shap_list_ir_3
2966,DiabetesPedigreeFunction,0.92533845,0.6647018,471.9226,xgb_shap_list_ir_3_subset_149,xgb_shap_list_ir_3
2967,Age,0.2882957,0.24694806,147.0308,xgb_shap_list_ir_3_subset_149,xgb_shap_list_ir_3
2968,Pregnancies,0.28400308,0.2137292,144.84157,xgb_shap_list_ir_4_subset_5,xgb_shap_list_ir_4
2969,Glucose,1.4326016,0.9099279,730.62683,xgb_shap_list_ir_4_subset_5,xgb_shap_list_ir_4
2970,BloodPressure,0.35296243,0.30903015,180.01085,xgb_shap_list_ir_4_subset_5,xgb_shap_list_ir_4
2971,SkinThickness,0.2560587,0.18677227,130.58994,xgb_shap_list_ir_4_subset_5,xgb_shap_list_ir_4
2972,Insulin,0.36211136,0.2702654,184.67679,xgb_shap_list_ir_4_subset_5,xgb_shap_list_ir_4
2973,BMI,1.0174245,0.8394838,518.8865,xgb_shap_list_ir_4_subset_5,xgb_shap_list_ir_4
2974,DiabetesPedigreeFunction,0.7214699,0.4728103,367.94965,xgb_shap_list_ir_4_subset_5,xgb_shap_list_ir_4
2975,Age,0.7885253,0.6629251,402.1479,xgb_shap_list_ir_4_subset_5,xgb_shap_list_ir_4
2976,Pregnancies,0.689249,0.42155227,351.51697,xgb_shap_list_ir_4_subset_38,xgb_shap_list_ir_4
2977,Glucose,1.4624144,1.1048889,745.83136,xgb_shap_list_ir_4_subset_38,xgb_shap_list_ir_4
2978,BloodPressure,0.33479923,0.30422175,170.7476,xgb_shap_list_ir_4_subset_38,xgb_shap_list_ir_4
2979,SkinThickness,0.22265035,0.26341408,113.55168,xgb_shap_list_ir_4_subset_38,xgb_shap_list_ir_4
2980,Insulin,0.3455936,0.29425624,176.25273,xgb_shap_list_ir_4_subset_38,xgb_shap_list_ir_4
2981,BMI,0.79911155,0.6736996,407.54688,xgb_shap_list_ir_4_subset_38,xgb_shap_list_ir_4
2982,DiabetesPedigreeFunction,0.6628561,0.33897427,338.0566,xgb_shap_list_ir_4_subset_38,xgb_shap_list_ir_4
2983,Age,0.41437897,0.3854222,211.33328,xgb_shap_list_ir_4_subset_38,xgb_shap_list_ir_4
2984,Pregnancies,0.27492234,0.23259874,140.21039,xgb_shap_list_ir_5_subset_33,xgb_shap_list_ir_5
2985,Glucose,1.2953671,1.1258289,660.6372,xgb_shap_list_ir_5_subset_33,xgb_shap_list_ir_5
2986,BloodPressure,0.40919104,0.3163267,208.68744,xgb_shap_list_ir_5_subset_33,xgb_shap_list_ir_5
2987,SkinThickness,0.2897364,0.21558945,147.76556,xgb_shap_list_ir_5_subset_33,xgb_shap_list_ir_5
2988,Insulin,0.4332781,0.41882384,220.97183,xgb_shap_list_ir_5_subset_33,xgb_shap_list_ir_5
2989,BMI,1.1861895,1.1042638,604.95667,xgb_shap_list_ir_5_subset_33,xgb_shap_list_ir_5
2990,DiabetesPedigreeFunction,0.73990715,0.4476669,377.35263,xgb_shap_list_ir_5_subset_33,xgb_shap_list_ir_5
2991,Age,0.5522668,0.3340068,281.65607,xgb_shap_list_ir_5_subset_33,xgb_shap_list_ir_5
2992,Pregnancies,0.5217391,0.3183887,266.08694,xgb_shap_list_ir_4_subset_154,xgb_shap_list_ir_4
2993,Glucose,1.5112642,0.822375,770.74475,xgb_shap_list_ir_4_subset_154,xgb_shap_list_ir_4
2994,BloodPressure,0.40877596,0.25655654,208.47574,xgb_shap_list_ir_4_subset_154,xgb_shap_list_ir_4
2995,SkinThickness,0.24539678,0.19048035,125.15236,xgb_shap_list_ir_4_subset_154,xgb_shap_list_ir_4
2996,Insulin,0.42322576,0.41815883,215.84514,xgb_shap_list_ir_4_subset_154,xgb_shap_list_ir_4
2997,BMI,0.9674051,0.77808213,493.3766,xgb_shap_list_ir_4_subset_154,xgb_shap_list_ir_4
2998,DiabetesPedigreeFunction,0.5497113,0.39814296,280.35275,xgb_shap_list_ir_4_subset_154,xgb_shap_list_ir_4
2999,Age,0.7697396,0.39310256,392.5672,xgb_shap_list_ir_4_subset_154,xgb_shap_list_ir_4
3000,Pregnancies,0.26209083,0.14453529,133.66632,xgb_shap_list_ir_1_subset_114,xgb_shap_list_ir_1
3001,Glucose,1.8613274,0.7651957,949.277,xgb_shap_list_ir_1_subset_114,xgb_shap_list_ir_1
3002,BloodPressure,0.2869151,0.2055702,146.32669,xgb_shap_list_ir_1_subset_114,xgb_shap_list_ir_1
3003,SkinThickness,0.57182527,0.34723297,291.6309,xgb_shap_list_ir_1_subset_114,xgb_shap_list_ir_1
3004,Insulin,0.3727782,0.13566746,190.11688,xgb_shap_list_ir_1_subset_114,xgb_shap_list_ir_1
3005,BMI,0.2177723,0.12269058,111.06387,xgb_shap_list_ir_1_subset_114,xgb_shap_list_ir_1
3006,DiabetesPedigreeFunction,0.62610424,0.28354457,319.31317,xgb_shap_list_ir_1_subset_114,xgb_shap_list_ir_1
3007,Age,0.3482903,0.26489264,177.62805,xgb_shap_list_ir_1_subset_114,xgb_shap_list_ir_1
3008,Pregnancies,0.5185857,0.33792105,264.4787,xgb_shap_list_ir_2_subset_119,xgb_shap_list_ir_2
3009,Glucose,1.4457884,0.66386616,737.35205,xgb_shap_list_ir_2_subset_119,xgb_shap_list_ir_2
3010,BloodPressure,0.5437647,0.48054117,277.32,xgb_shap_list_ir_2_subset_119,xgb_shap_list_ir_2
3011,SkinThickness,0.18814656,0.14307158,95.95475,xgb_shap_list_ir_2_subset_119,xgb_shap_list_ir_2
3012,Insulin,0.3349951,0.15447617,170.8475,xgb_shap_list_ir_2_subset_119,xgb_shap_list_ir_2
3013,BMI,1.0048467,0.6025222,512.4718,xgb_shap_list_ir_2_subset_119,xgb_shap_list_ir_2
3014,DiabetesPedigreeFunction,0.7297569,0.38341707,372.17603,xgb_shap_list_ir_2_subset_119,xgb_shap_list_ir_2
3015,Age,0.30001992,0.19111213,153.01016,xgb_shap_list_ir_2_subset_119,xgb_shap_list_ir_2
3016,Pregnancies,0.651777,0.38934168,332.40628,xgb_shap_list_ir_4_subset_138,xgb_shap_list_ir_4
3017,Glucose,1.3806344,0.8174727,704.12354,xgb_shap_list_ir_4_subset_138,xgb_shap_list_ir_4
3018,BloodPressure,0.48159957,0.39528552,245.61578,xgb_shap_list_ir_4_subset_138,xgb_shap_list_ir_4
3019,SkinThickness,0.16706151,0.117810845,85.20137,xgb_shap_list_ir_4_subset_138,xgb_shap_list_ir_4
3020,Insulin,0.24445969,0.17857766,124.67444,xgb_shap_list_ir_4_subset_138,xgb_shap_list_ir_4
3021,BMI,0.9715239,0.70887303,495.47717,xgb_shap_list_ir_4_subset_138,xgb_shap_list_ir_4
3022,DiabetesPedigreeFunction,0.75608283,0.45549497,385.60223,xgb_shap_list_ir_4_subset_138,xgb_shap_list_ir_4
3023,Age,0.6342951,0.48237985,323.4905,xgb_shap_list_ir_4_subset_138,xgb_shap_list_ir_4
3024,Pregnancies,0.21911983,0.13231905,111.751114,xgb_shap_list_ir_1_subset_14,xgb_shap_list_ir_1
3025,Glucose,1.4327077,0.58808476,730.6809,xgb_shap_list_ir_1_subset_14,xgb_shap_list_ir_1
3026,BloodPressure,0.081184976,0.061918262,41.40434,xgb_shap_list_ir_1_subset_14,xgb_shap_list_ir_1
3027,SkinThickness,0.40387022,0.27049053,205.97382,xgb_shap_list_ir_1_subset_14,xgb_shap_list_ir_1
3028,Insulin,0.5452091,0.17025892,278.05664,xgb_shap_list_ir_1_subset_14,xgb_shap_list_ir_1
3029,BMI,0.7766453,0.42468336,396.0891,xgb_shap_list_ir_1_subset_14,xgb_shap_list_ir_1
3030,DiabetesPedigreeFunction,0.38867176,0.17987154,198.2226,xgb_shap_list_ir_1_subset_14,xgb_shap_list_ir_1
3031,Age,0.6078101,0.33698076,309.98315,xgb_shap_list_ir_1_subset_14,xgb_shap_list_ir_1
3032,Pregnancies,0.44418952,0.2675151,226.53665,xgb_shap_list_ir_2_subset_13,xgb_shap_list_ir_2
3033,Glucose,1.1771301,0.6072517,600.33636,xgb_shap_list_ir_2_subset_13,xgb_shap_list_ir_2
3034,BloodPressure,0.13115534,0.122827895,66.88922,xgb_shap_list_ir_2_subset_13,xgb_shap_list_ir_2
3035,SkinThickness,0.33776787,0.21086134,172.26161,xgb_shap_list_ir_2_subset_13,xgb_shap_list_ir_2
3036,Insulin,0.50589216,0.4218367,258.005,xgb_shap_list_ir_2_subset_13,xgb_shap_list_ir_2
3037,BMI,0.5663282,0.4596801,288.8274,xgb_shap_list_ir_2_subset_13,xgb_shap_list_ir_2
3038,DiabetesPedigreeFunction,0.6768738,0.37269574,345.20563,xgb_shap_list_ir_2_subset_13,xgb_shap_list_ir_2
3039,Age,1.329342,0.6481368,677.9644,xgb_shap_list_ir_2_subset_13,xgb_shap_list_ir_2
3040,Pregnancies,0.34573662,0.23976818,176.32568,xgb_shap_list_ir_3_subset_48,xgb_shap_list_ir_3
3041,Glucose,1.2507858,0.69793737,637.90076,xgb_shap_list_ir_3_subset_48,xgb_shap_list_ir_3
3042,BloodPressure,0.4561901,0.38338783,232.65695,xgb_shap_list_ir_3_subset_48,xgb_shap_list_ir_3
3043,SkinThickness,0.408481,0.25649306,208.32532,xgb_shap_list_ir_3_subset_48,xgb_shap_list_ir_3
3044,Insulin,0.22973704,0.21161598,117.16589,xgb_shap_list_ir_3_subset_48,xgb_shap_list_ir_3
3045,BMI,0.75492305,0.69883615,385.01074,xgb_shap_list_ir_3_subset_48,xgb_shap_list_ir_3
3046,DiabetesPedigreeFunction,0.37104642,0.2864053,189.23367,xgb_shap_list_ir_3_subset_48,xgb_shap_list_ir_3
3047,Age,0.8796121,0.50170356,448.60217,xgb_shap_list_ir_3_subset_48,xgb_shap_list_ir_3
3048,Pregnancies,0.28535888,0.22033098,145.53302,xgb_shap_list_ir_5_subset_151,xgb_shap_list_ir_5
3049,Glucose,1.6800419,0.9540997,856.82135,xgb_shap_list_ir_5_subset_151,xgb_shap_list_ir_5
3050,BloodPressure,0.30533114,0.21618265,155.71889,xgb_shap_list_ir_5_subset_151,xgb_shap_list_ir_5
3051,SkinThickness,0.3105036,0.2535589,158.35684,xgb_shap_list_ir_5_subset_151,xgb_shap_list_ir_5
3052,Insulin,0.256247,0.24549451,130.68597,xgb_shap_list_ir_5_subset_151,xgb_shap_list_ir_5
3053,BMI,1.0307012,0.8558778,525.6576,xgb_shap_list_ir_5_subset_151,xgb_shap_list_ir_5
3054,DiabetesPedigreeFunction,0.38452643,0.2948169,196.10847,xgb_shap_list_ir_5_subset_151,xgb_shap_list_ir_5
3055,Age,0.8070963,0.4904944,411.6191,xgb_shap_list_ir_5_subset_151,xgb_shap_list_ir_5
3056,Pregnancies,0.3273879,0.1641213,166.96783,xgb_shap_list_ir_3_subset_156,xgb_shap_list_ir_3
3057,Glucose,1.6699154,0.98446196,851.65686,xgb_shap_list_ir_3_subset_156,xgb_shap_list_ir_3
3058,BloodPressure,0.2545067,0.22518495,129.79842,xgb_shap_list_ir_3_subset_156,xgb_shap_list_ir_3
3059,SkinThickness,0.1885729,0.15573333,96.17218,xgb_shap_list_ir_3_subset_156,xgb_shap_list_ir_3
3060,Insulin,0.3255018,0.21761689,166.00592,xgb_shap_list_ir_3_subset_156,xgb_shap_list_ir_3
3061,BMI,0.6741613,0.49218765,343.82227,xgb_shap_list_ir_3_subset_156,xgb_shap_list_ir_3
3062,DiabetesPedigreeFunction,1.0026797,0.7308757,511.36667,xgb_shap_list_ir_3_subset_156,xgb_shap_list_ir_3
3063,Age,1.015202,0.5444319,517.75305,xgb_shap_list_ir_3_subset_156,xgb_shap_list_ir_3
3064,Pregnancies,0.246338,0.14337303,125.63238,xgb_shap_list_ir_1_subset_149,xgb_shap_list_ir_1
3065,Glucose,1.0344865,0.46185246,527.58813,xgb_shap_list_ir_1_subset_149,xgb_shap_list_ir_1
3066,BloodPressure,0.2457269,0.18518825,125.32072,xgb_shap_list_ir_1_subset_149,xgb_shap_list_ir_1
3067,SkinThickness,0.22459684,0.20382302,114.54439,xgb_shap_list_ir_1_subset_149,xgb_shap_list_ir_1
3068,Insulin,0.37206188,0.26368192,189.75156,xgb_shap_list_ir_1_subset_149,xgb_shap_list_ir_1
3069,BMI,1.1523067,0.7454948,587.6764,xgb_shap_list_ir_1_subset_149,xgb_shap_list_ir_1
3070,DiabetesPedigreeFunction,0.42409366,0.41013086,216.28777,xgb_shap_list_ir_1_subset_149,xgb_shap_list_ir_1
3071,Age,0.3487602,0.23606995,177.86769,xgb_shap_list_ir_1_subset_149,xgb_shap_list_ir_1
3072,Pregnancies,1.2358719,0.5550997,630.2947,xgb_shap_list_ir_1_subset_147,xgb_shap_list_ir_1
3073,Glucose,1.3244945,0.3558647,675.4922,xgb_shap_list_ir_1_subset_147,xgb_shap_list_ir_1
3074,BloodPressure,0.38367704,0.21858832,195.6753,xgb_shap_list_ir_1_subset_147,xgb_shap_list_ir_1
3075,SkinThickness,0.09593211,0.06974115,48.925377,xgb_shap_list_ir_1_subset_147,xgb_shap_list_ir_1
3076,Insulin,0.51828444,0.27752814,264.32507,xgb_shap_list_ir_1_subset_147,xgb_shap_list_ir_1
3077,BMI,1.0672394,0.47435635,544.2921,xgb_shap_list_ir_1_subset_147,xgb_shap_list_ir_1
3078,DiabetesPedigreeFunction,0.2734757,0.14964482,139.47261,xgb_shap_list_ir_1_subset_147,xgb_shap_list_ir_1
3079,Age,0.36356762,0.17191383,185.41948,xgb_shap_list_ir_1_subset_147,xgb_shap_list_ir_1
3080,Pregnancies,1.1565968,0.32956502,589.8644,xgb_shap_list_ir_1_subset_2,xgb_shap_list_ir_1
3081,Glucose,0.9061758,0.5515477,462.14966,xgb_shap_list_ir_1_subset_2,xgb_shap_list_ir_1
3082,BloodPressure,0.32567072,0.20987186,166.09207,xgb_shap_list_ir_1_subset_2,xgb_shap_list_ir_1
3083,SkinThickness,0.44931138,0.24391228,229.1488,xgb_shap_list_ir_1_subset_2,xgb_shap_list_ir_1
3084,Insulin,0.36454827,0.16149092,185.91962,xgb_shap_list_ir_1_subset_2,xgb_shap_list_ir_1
3085,BMI,0.76599765,0.34765607,390.6588,xgb_shap_list_ir_1_subset_2,xgb_shap_list_ir_1
3086,DiabetesPedigreeFunction,0.68526155,0.40116152,349.4834,xgb_shap_list_ir_1_subset_2,xgb_shap_list_ir_1
3087,Age,0.1608059,0.12283908,82.01101,xgb_shap_list_ir_1_subset_2,xgb_shap_list_ir_1
3088,Pregnancies,0.54026526,0.28483522,275.53528,xgb_shap_list_ir_3_subset_108,xgb_shap_list_ir_3
3089,Glucose,1.3185834,0.74327856,672.47754,xgb_shap_list_ir_3_subset_108,xgb_shap_list_ir_3
3090,BloodPressure,0.41591555,0.36404154,212.11693,xgb_shap_list_ir_3_subset_108,xgb_shap_list_ir_3
3091,SkinThickness,0.28994465,0.1760455,147.87177,xgb_shap_list_ir_3_subset_108,xgb_shap_list_ir_3
3092,Insulin,0.35590664,0.25048146,181.51239,xgb_shap_list_ir_3_subset_108,xgb_shap_list_ir_3
3093,BMI,0.79126656,0.6658121,403.54596,xgb_shap_list_ir_3_subset_108,xgb_shap_list_ir_3
3094,DiabetesPedigreeFunction,0.409795,0.2907228,208.99544,xgb_shap_list_ir_3_subset_108,xgb_shap_list_ir_3
3095,Age,0.7235585,0.36880392,369.01483,xgb_shap_list_ir_3_subset_108,xgb_shap_list_ir_3
3096,Pregnancies,0.46939525,0.28474915,239.39157,xgb_shap_list_ir_5_subset_142,xgb_shap_list_ir_5
3097,Glucose,1.4321322,0.9506158,730.38745,xgb_shap_list_ir_5_subset_142,xgb_shap_list_ir_5
3098,BloodPressure,0.27561256,0.23990515,140.56241,xgb_shap_list_ir_5_subset_142,xgb_shap_list_ir_5
3099,SkinThickness,0.3342478,0.24557693,170.46637,xgb_shap_list_ir_5_subset_142,xgb_shap_list_ir_5
3100,Insulin,0.25493768,0.2476975,130.01822,xgb_shap_list_ir_5_subset_142,xgb_shap_list_ir_5
3101,BMI,0.88566023,0.6566969,451.6867,xgb_shap_list_ir_5_subset_142,xgb_shap_list_ir_5
3102,DiabetesPedigreeFunction,0.56735134,0.41122216,289.34918,xgb_shap_list_ir_5_subset_142,xgb_shap_list_ir_5
3103,Age,0.53122675,0.33916682,270.92566,xgb_shap_list_ir_5_subset_142,xgb_shap_list_ir_5
3104,Pregnancies,0.8079258,0.40769222,412.04218,xgb_shap_list_ir_2_subset_135,xgb_shap_list_ir_2
3105,Glucose,1.4628279,0.6358863,746.04224,xgb_shap_list_ir_2_subset_135,xgb_shap_list_ir_2
3106,BloodPressure,0.40586972,0.2542575,206.99356,xgb_shap_list_ir_2_subset_135,xgb_shap_list_ir_2
3107,SkinThickness,0.5988395,0.27676296,305.40814,xgb_shap_list_ir_2_subset_135,xgb_shap_list_ir_2
3108,Insulin,0.2627551,0.18858609,134.0051,xgb_shap_list_ir_2_subset_135,xgb_shap_list_ir_2
3109,BMI,0.76273596,0.44919303,388.99533,xgb_shap_list_ir_2_subset_135,xgb_shap_list_ir_2
3110,DiabetesPedigreeFunction,0.47148156,0.35189676,240.4556,xgb_shap_list_ir_2_subset_135,xgb_shap_list_ir_2
3111,Age,0.23311354,0.18948455,118.88791,xgb_shap_list_ir_2_subset_135,xgb_shap_list_ir_2
3112,Pregnancies,0.24020694,0.20805126,122.50554,xgb_shap_list_ir_5_subset_110,xgb_shap_list_ir_5
3113,Glucose,1.7735261,1.0797753,904.4983,xgb_shap_list_ir_5_subset_110,xgb_shap_list_ir_5
3114,BloodPressure,0.310866,0.25772122,158.54166,xgb_shap_list_ir_5_subset_110,xgb_shap_list_ir_5
3115,SkinThickness,0.32375434,0.23992987,165.11472,xgb_shap_list_ir_5_subset_110,xgb_shap_list_ir_5
3116,Insulin,0.44088447,0.2992946,224.85107,xgb_shap_list_ir_5_subset_110,xgb_shap_list_ir_5
3117,BMI,0.7501006,0.62602454,382.5513,xgb_shap_list_ir_5_subset_110,xgb_shap_list_ir_5
3118,DiabetesPedigreeFunction,0.56998146,0.41565713,290.69055,xgb_shap_list_ir_5_subset_110,xgb_shap_list_ir_5
3119,Age,0.68067724,0.41467956,347.1454,xgb_shap_list_ir_5_subset_110,xgb_shap_list_ir_5
3120,Pregnancies,0.46506244,0.3372022,237.18184,xgb_shap_list_ir_4_subset_141,xgb_shap_list_ir_4
3121,Glucose,1.2690464,0.76485515,647.2137,xgb_shap_list_ir_4_subset_141,xgb_shap_list_ir_4
3122,BloodPressure,0.31358793,0.25224796,159.92984,xgb_shap_list_ir_4_subset_141,xgb_shap_list_ir_4
3123,SkinThickness,0.24903508,0.14546205,127.00789,xgb_shap_list_ir_4_subset_141,xgb_shap_list_ir_4
3124,Insulin,0.24870802,0.2177274,126.841095,xgb_shap_list_ir_4_subset_141,xgb_shap_list_ir_4
3125,BMI,1.1123662,0.8881363,567.30676,xgb_shap_list_ir_4_subset_141,xgb_shap_list_ir_4
3126,DiabetesPedigreeFunction,0.8519159,0.53674525,434.4771,xgb_shap_list_ir_4_subset_141,xgb_shap_list_ir_4
3127,Age,0.5261583,0.30818102,268.34073,xgb_shap_list_ir_4_subset_141,xgb_shap_list_ir_4
3128,Pregnancies,0.35903955,0.20130059,183.11017,xgb_shap_list_ir_3_subset_62,xgb_shap_list_ir_3
3129,Glucose,1.3217856,0.7851343,674.11066,xgb_shap_list_ir_3_subset_62,xgb_shap_list_ir_3
3130,BloodPressure,0.2619496,0.19896401,133.5943,xgb_shap_list_ir_3_subset_62,xgb_shap_list_ir_3
3131,SkinThickness,0.25488317,0.18093622,129.99042,xgb_shap_list_ir_3_subset_62,xgb_shap_list_ir_3
3132,Insulin,0.15579161,0.15803023,79.45372,xgb_shap_list_ir_3_subset_62,xgb_shap_list_ir_3
3133,BMI,0.8854971,0.86236304,451.60352,xgb_shap_list_ir_3_subset_62,xgb_shap_list_ir_3
3134,DiabetesPedigreeFunction,0.7106941,0.41681623,362.45398,xgb_shap_list_ir_3_subset_62,xgb_shap_list_ir_3
3135,Age,0.5490728,0.3525492,280.02713,xgb_shap_list_ir_3_subset_62,xgb_shap_list_ir_3
3136,Pregnancies,0.44953614,0.29154858,229.26343,xgb_shap_list_ir_3_subset_129,xgb_shap_list_ir_3
3137,Glucose,0.985385,0.6713756,502.54636,xgb_shap_list_ir_3_subset_129,xgb_shap_list_ir_3
3138,BloodPressure,0.20979992,0.17265284,106.997955,xgb_shap_list_ir_3_subset_129,xgb_shap_list_ir_3
3139,SkinThickness,0.523888,0.43989873,267.18286,xgb_shap_list_ir_3_subset_129,xgb_shap_list_ir_3
3140,Insulin,0.24016532,0.1741752,122.484314,xgb_shap_list_ir_3_subset_129,xgb_shap_list_ir_3
3141,BMI,1.4545758,1.0175952,741.8336,xgb_shap_list_ir_3_subset_129,xgb_shap_list_ir_3
3142,DiabetesPedigreeFunction,0.95245814,0.50328404,485.75366,xgb_shap_list_ir_3_subset_129,xgb_shap_list_ir_3
3143,Age,0.5401405,0.30801824,275.47165,xgb_shap_list_ir_3_subset_129,xgb_shap_list_ir_3
3144,Pregnancies,1.088558,0.22858326,555.16455,xgb_shap_list_ir_1_subset_57,xgb_shap_list_ir_1
3145,Glucose,0.7574911,0.36897314,386.32047,xgb_shap_list_ir_1_subset_57,xgb_shap_list_ir_1
3146,BloodPressure,0.22642702,0.20257622,115.47778,xgb_shap_list_ir_1_subset_57,xgb_shap_list_ir_1
3147,SkinThickness,0.66112226,0.31894702,337.17236,xgb_shap_list_ir_1_subset_57,xgb_shap_list_ir_1
3148,Insulin,0.41039947,0.1771716,209.30373,xgb_shap_list_ir_1_subset_57,xgb_shap_list_ir_1
3149,BMI,0.6071798,0.31360444,309.6617,xgb_shap_list_ir_1_subset_57,xgb_shap_list_ir_1
3150,DiabetesPedigreeFunction,0.82352895,0.34706524,419.99976,xgb_shap_list_ir_1_subset_57,xgb_shap_list_ir_1
3151,Age,0.401959,0.1839745,204.99908,xgb_shap_list_ir_1_subset_57,xgb_shap_list_ir_1
3152,Pregnancies,0.18598902,0.13748996,94.8544,xgb_shap_list_ir_5_subset_132,xgb_shap_list_ir_5
3153,Glucose,1.1146666,0.7715613,568.48,xgb_shap_list_ir_5_subset_132,xgb_shap_list_ir_5
3154,BloodPressure,0.37134233,0.2899488,189.38458,xgb_shap_list_ir_5_subset_132,xgb_shap_list_ir_5
3155,SkinThickness,0.21275412,0.16915484,108.5046,xgb_shap_list_ir_5_subset_132,xgb_shap_list_ir_5
3156,Insulin,0.28072652,0.2599825,143.17053,xgb_shap_list_ir_5_subset_132,xgb_shap_list_ir_5
3157,BMI,1.0761747,1.0475125,548.8491,xgb_shap_list_ir_5_subset_132,xgb_shap_list_ir_5
3158,DiabetesPedigreeFunction,0.6267921,0.55674124,319.66397,xgb_shap_list_ir_5_subset_132,xgb_shap_list_ir_5
3159,Age,1.0261809,0.6901821,523.35223,xgb_shap_list_ir_5_subset_132,xgb_shap_list_ir_5
3160,Pregnancies,0.32106268,0.24030611,163.74197,xgb_shap_list_ir_3_subset_1,xgb_shap_list_ir_3
3161,Glucose,1.2878783,0.52563536,656.81793,xgb_shap_list_ir_3_subset_1,xgb_shap_list_ir_3
3162,BloodPressure,0.42090148,0.36640418,214.65976,xgb_shap_list_ir_3_subset_1,xgb_shap_list_ir_3
3163,SkinThickness,0.3276486,0.20095035,167.10078,xgb_shap_list_ir_3_subset_1,xgb_shap_list_ir_3
3164,Insulin,0.2516834,0.26112348,128.35854,xgb_shap_list_ir_3_subset_1,xgb_shap_list_ir_3
3165,BMI,1.3276207,1.0987033,677.0866,xgb_shap_list_ir_3_subset_1,xgb_shap_list_ir_3
3166,DiabetesPedigreeFunction,0.5345923,0.41241932,272.64206,xgb_shap_list_ir_3_subset_1,xgb_shap_list_ir_3
3167,Age,0.53478235,0.4001501,272.739,xgb_shap_list_ir_3_subset_1,xgb_shap_list_ir_3
3168,Pregnancies,0.37946147,0.23408343,193.52534,xgb_shap_list_ir_1_subset_87,xgb_shap_list_ir_1
3169,Glucose,1.5255864,0.72237366,778.0491,xgb_shap_list_ir_1_subset_87,xgb_shap_list_ir_1
3170,BloodPressure,0.4797697,0.25414848,244.68256,xgb_shap_list_ir_1_subset_87,xgb_shap_list_ir_1
3171,SkinThickness,0.5582572,0.25512263,284.71118,xgb_shap_list_ir_1_subset_87,xgb_shap_list_ir_1
3172,Insulin,0.25181508,0.16761273,128.42569,xgb_shap_list_ir_1_subset_87,xgb_shap_list_ir_1
3173,BMI,0.30100954,0.22392339,153.51486,xgb_shap_list_ir_1_subset_87,xgb_shap_list_ir_1
3174,DiabetesPedigreeFunction,0.5732359,0.3168134,292.3503,xgb_shap_list_ir_1_subset_87,xgb_shap_list_ir_1
3175,Age,0.6488372,0.3457849,330.90698,xgb_shap_list_ir_1_subset_87,xgb_shap_list_ir_1
3176,Pregnancies,0.6128383,0.40979975,312.54755,xgb_shap_list_ir_5_subset_76,xgb_shap_list_ir_5
3177,Glucose,1.648988,0.9723561,840.9839,xgb_shap_list_ir_5_subset_76,xgb_shap_list_ir_5
3178,BloodPressure,0.3302967,0.26930583,168.45131,xgb_shap_list_ir_5_subset_76,xgb_shap_list_ir_5
3179,SkinThickness,0.29863384,0.20553471,152.30325,xgb_shap_list_ir_5_subset_76,xgb_shap_list_ir_5
3180,Insulin,0.35591862,0.32682377,181.5185,xgb_shap_list_ir_5_subset_76,xgb_shap_list_ir_5
3181,BMI,0.7414398,0.6019383,378.1343,xgb_shap_list_ir_5_subset_76,xgb_shap_list_ir_5
3182,DiabetesPedigreeFunction,0.46506077,0.38130882,237.181,xgb_shap_list_ir_5_subset_76,xgb_shap_list_ir_5
3183,Age,0.65231305,0.47160292,332.67966,xgb_shap_list_ir_5_subset_76,xgb_shap_list_ir_5
3184,Pregnancies,0.26537052,0.27791375,135.33896,xgb_shap_list_ir_3_subset_36,xgb_shap_list_ir_3
3185,Glucose,1.4104737,0.9678589,719.3416,xgb_shap_list_ir_3_subset_36,xgb_shap_list_ir_3
3186,BloodPressure,0.2764265,0.19935691,140.97751,xgb_shap_list_ir_3_subset_36,xgb_shap_list_ir_3
3187,SkinThickness,0.16328971,0.115841255,83.277756,xgb_shap_list_ir_3_subset_36,xgb_shap_list_ir_3
3188,Insulin,0.30558932,0.24498749,155.85056,xgb_shap_list_ir_3_subset_36,xgb_shap_list_ir_3
3189,BMI,1.2746036,0.882335,650.04785,xgb_shap_list_ir_3_subset_36,xgb_shap_list_ir_3
3190,DiabetesPedigreeFunction,0.61036927,0.302924,311.28833,xgb_shap_list_ir_3_subset_36,xgb_shap_list_ir_3
3191,Age,0.501313,0.37817562,255.6696,xgb_shap_list_ir_3_subset_36,xgb_shap_list_ir_3
3192,Pregnancies,0.1991193,0.13802463,101.55084,xgb_shap_list_ir_4_subset_13,xgb_shap_list_ir_4
3193,Glucose,1.5308183,0.9662037,780.71735,xgb_shap_list_ir_4_subset_13,xgb_shap_list_ir_4
3194,BloodPressure,0.48458785,0.32671288,247.1398,xgb_shap_list_ir_4_subset_13,xgb_shap_list_ir_4
3195,SkinThickness,0.14127947,0.10804069,72.05253,xgb_shap_list_ir_4_subset_13,xgb_shap_list_ir_4
3196,Insulin,0.3421122,0.33719832,174.47723,xgb_shap_list_ir_4_subset_13,xgb_shap_list_ir_4
3197,BMI,0.7706566,0.6050168,393.03485,xgb_shap_list_ir_4_subset_13,xgb_shap_list_ir_4
3198,DiabetesPedigreeFunction,0.42224866,0.3122486,215.34682,xgb_shap_list_ir_4_subset_13,xgb_shap_list_ir_4
3199,Age,1.3919652,0.66408604,709.9022,xgb_shap_list_ir_4_subset_13,xgb_shap_list_ir_4
3200,Pregnancies,0.37015495,0.2038665,188.77902,xgb_shap_list_ir_1_subset_9,xgb_shap_list_ir_1
3201,Glucose,0.56664044,0.23889025,288.98663,xgb_shap_list_ir_1_subset_9,xgb_shap_list_ir_1
3202,BloodPressure,0.39085454,0.28115544,199.33582,xgb_shap_list_ir_1_subset_9,xgb_shap_list_ir_1
3203,SkinThickness,0.20638679,0.10452469,105.25726,xgb_shap_list_ir_1_subset_9,xgb_shap_list_ir_1
3204,Insulin,0.8778124,0.384054,447.68433,xgb_shap_list_ir_1_subset_9,xgb_shap_list_ir_1
3205,BMI,0.7002535,0.2264042,357.12927,xgb_shap_list_ir_1_subset_9,xgb_shap_list_ir_1
3206,DiabetesPedigreeFunction,0.46825162,0.27693877,238.80832,xgb_shap_list_ir_1_subset_9,xgb_shap_list_ir_1
3207,Age,0.9797358,0.39576197,499.66525,xgb_shap_list_ir_1_subset_9,xgb_shap_list_ir_1
3208,Pregnancies,0.30823094,0.16786052,157.19778,xgb_shap_list_ir_1_subset_71,xgb_shap_list_ir_1
3209,Glucose,0.78600174,0.41275778,400.8609,xgb_shap_list_ir_1_subset_71,xgb_shap_list_ir_1
3210,BloodPressure,0.30729285,0.17886664,156.71936,xgb_shap_list_ir_1_subset_71,xgb_shap_list_ir_1
3211,SkinThickness,1.0652283,0.5926937,543.2665,xgb_shap_list_ir_1_subset_71,xgb_shap_list_ir_1
3212,Insulin,0.3558663,0.12528306,181.49182,xgb_shap_list_ir_1_subset_71,xgb_shap_list_ir_1
3213,BMI,0.5271459,0.3663587,268.84442,xgb_shap_list_ir_1_subset_71,xgb_shap_list_ir_1
3214,DiabetesPedigreeFunction,0.7397231,0.315698,377.2588,xgb_shap_list_ir_1_subset_71,xgb_shap_list_ir_1
3215,Age,0.4923657,0.2940187,251.1065,xgb_shap_list_ir_1_subset_71,xgb_shap_list_ir_1
3216,Pregnancies,0.45108974,0.3286975,230.05577,xgb_shap_list_ir_5_subset_109,xgb_shap_list_ir_5
3217,Glucose,1.1675956,0.94532466,595.47375,xgb_shap_list_ir_5_subset_109,xgb_shap_list_ir_5
3218,BloodPressure,0.23304161,0.18743767,118.85123,xgb_shap_list_ir_5_subset_109,xgb_shap_list_ir_5
3219,SkinThickness,0.34096214,0.22251572,173.89069,xgb_shap_list_ir_5_subset_109,xgb_shap_list_ir_5
3220,Insulin,0.2523377,0.23209636,128.69223,xgb_shap_list_ir_5_subset_109,xgb_shap_list_ir_5
3221,BMI,1.027156,0.95527446,523.84955,xgb_shap_list_ir_5_subset_109,xgb_shap_list_ir_5
3222,DiabetesPedigreeFunction,0.7070765,0.55230856,360.609,xgb_shap_list_ir_5_subset_109,xgb_shap_list_ir_5
3223,Age,0.69909114,0.47472507,356.53647,xgb_shap_list_ir_5_subset_109,xgb_shap_list_ir_5
3224,Pregnancies,0.56092715,0.33475518,286.07285,xgb_shap_list_ir_3_subset_117,xgb_shap_list_ir_3
3225,Glucose,1.3600858,0.7002698,693.6438,xgb_shap_list_ir_3_subset_117,xgb_shap_list_ir_3
3226,BloodPressure,0.31354693,0.23738523,159.90894,xgb_shap_list_ir_3_subset_117,xgb_shap_list_ir_3
3227,SkinThickness,0.15717877,0.11937551,80.16118,xgb_shap_list_ir_3_subset_117,xgb_shap_list_ir_3
3228,Insulin,0.46950704,0.31355023,239.4486,xgb_shap_list_ir_3_subset_117,xgb_shap_list_ir_3
3229,BMI,0.8550299,0.6936927,436.06525,xgb_shap_list_ir_3_subset_117,xgb_shap_list_ir_3
3230,DiabetesPedigreeFunction,0.74012476,0.5021903,377.46362,xgb_shap_list_ir_3_subset_117,xgb_shap_list_ir_3
3231,Age,0.7560161,0.40139815,385.5682,xgb_shap_list_ir_3_subset_117,xgb_shap_list_ir_3
3232,Pregnancies,0.392663,0.1746751,200.25813,xgb_shap_list_ir_1_subset_73,xgb_shap_list_ir_1
3233,Glucose,1.2257408,0.505957,625.1278,xgb_shap_list_ir_1_subset_73,xgb_shap_list_ir_1
3234,BloodPressure,0.18013547,0.13255592,91.869095,xgb_shap_list_ir_1_subset_73,xgb_shap_list_ir_1
3235,SkinThickness,0.12208735,0.085588895,62.26455,xgb_shap_list_ir_1_subset_73,xgb_shap_list_ir_1
3236,Insulin,0.39140487,0.31594536,199.61649,xgb_shap_list_ir_1_subset_73,xgb_shap_list_ir_1
3237,BMI,0.7180094,0.38402402,366.1848,xgb_shap_list_ir_1_subset_73,xgb_shap_list_ir_1
3238,DiabetesPedigreeFunction,0.578133,0.35197172,294.8478,xgb_shap_list_ir_1_subset_73,xgb_shap_list_ir_1
3239,Age,0.87153184,0.37739742,444.48123,xgb_shap_list_ir_1_subset_73,xgb_shap_list_ir_1
3240,Pregnancies,0.19048677,0.11273479,97.148254,xgb_shap_list_ir_2_subset_134,xgb_shap_list_ir_2
3241,Glucose,1.2102599,0.7811769,617.23254,xgb_shap_list_ir_2_subset_134,xgb_shap_list_ir_2
3242,BloodPressure,0.500287,0.401375,255.14636,xgb_shap_list_ir_2_subset_134,xgb_shap_list_ir_2
3243,SkinThickness,0.46623683,0.23441324,237.78078,xgb_shap_list_ir_2_subset_134,xgb_shap_list_ir_2
3244,Insulin,0.3432704,0.21978919,175.0679,xgb_shap_list_ir_2_subset_134,xgb_shap_list_ir_2
3245,BMI,1.2104088,0.8176221,617.3085,xgb_shap_list_ir_2_subset_134,xgb_shap_list_ir_2
3246,DiabetesPedigreeFunction,0.37717605,0.31979752,192.35979,xgb_shap_list_ir_2_subset_134,xgb_shap_list_ir_2
3247,Age,0.5546623,0.30600235,282.87778,xgb_shap_list_ir_2_subset_134,xgb_shap_list_ir_2
3248,Pregnancies,0.44861114,0.2753803,228.79169,xgb_shap_list_ir_4_subset_43,xgb_shap_list_ir_4
3249,Glucose,1.3595524,0.86758876,693.3717,xgb_shap_list_ir_4_subset_43,xgb_shap_list_ir_4
3250,BloodPressure,0.25173157,0.21586713,128.3831,xgb_shap_list_ir_4_subset_43,xgb_shap_list_ir_4
3251,SkinThickness,0.24118957,0.18607618,123.00668,xgb_shap_list_ir_4_subset_43,xgb_shap_list_ir_4
3252,Insulin,0.68267006,0.41787174,348.16174,xgb_shap_list_ir_4_subset_43,xgb_shap_list_ir_4
3253,BMI,0.91957635,0.7710753,468.98395,xgb_shap_list_ir_4_subset_43,xgb_shap_list_ir_4
3254,DiabetesPedigreeFunction,0.56865585,0.40284443,290.0145,xgb_shap_list_ir_4_subset_43,xgb_shap_list_ir_4
3255,Age,0.7198508,0.4172654,367.1239,xgb_shap_list_ir_4_subset_43,xgb_shap_list_ir_4
3256,Pregnancies,0.4645326,0.31271777,236.91164,xgb_shap_list_ir_4_subset_156,xgb_shap_list_ir_4
3257,Glucose,1.5855246,1.0547984,808.61755,xgb_shap_list_ir_4_subset_156,xgb_shap_list_ir_4
3258,BloodPressure,0.23364776,0.18100499,119.16036,xgb_shap_list_ir_4_subset_156,xgb_shap_list_ir_4
3259,SkinThickness,0.39952853,0.20490493,203.75955,xgb_shap_list_ir_4_subset_156,xgb_shap_list_ir_4
3260,Insulin,0.2625036,0.23891458,133.87683,xgb_shap_list_ir_4_subset_156,xgb_shap_list_ir_4
3261,BMI,0.62296283,0.41839725,317.71106,xgb_shap_list_ir_4_subset_156,xgb_shap_list_ir_4
3262,DiabetesPedigreeFunction,0.68247885,0.47874767,348.0642,xgb_shap_list_ir_4_subset_156,xgb_shap_list_ir_4
3263,Age,0.67457014,0.43945342,344.03076,xgb_shap_list_ir_4_subset_156,xgb_shap_list_ir_4
3264,Pregnancies,0.47439516,0.28261364,241.94153,xgb_shap_list_ir_1_subset_144,xgb_shap_list_ir_1
3265,Glucose,1.0925835,0.46512678,557.2176,xgb_shap_list_ir_1_subset_144,xgb_shap_list_ir_1
3266,BloodPressure,0.7210768,0.29755023,367.74918,xgb_shap_list_ir_1_subset_144,xgb_shap_list_ir_1
3267,SkinThickness,0.53638643,0.2742005,273.55707,xgb_shap_list_ir_1_subset_144,xgb_shap_list_ir_1
3268,Insulin,0.38490412,0.26346004,196.3011,xgb_shap_list_ir_1_subset_144,xgb_shap_list_ir_1
3269,BMI,1.3653947,0.7115659,696.3513,xgb_shap_list_ir_1_subset_144,xgb_shap_list_ir_1
3270,DiabetesPedigreeFunction,0.26189035,0.16366637,133.56409,xgb_shap_list_ir_1_subset_144,xgb_shap_list_ir_1
3271,Age,0.5914911,0.23178253,301.66046,xgb_shap_list_ir_1_subset_144,xgb_shap_list_ir_1
3272,Pregnancies,0.44533703,0.20577377,227.12189,xgb_shap_list_ir_2_subset_102,xgb_shap_list_ir_2
3273,Glucose,1.330924,0.56203705,678.77124,xgb_shap_list_ir_2_subset_102,xgb_shap_list_ir_2
3274,BloodPressure,0.63449025,0.34536523,323.59003,xgb_shap_list_ir_2_subset_102,xgb_shap_list_ir_2
3275,SkinThickness,0.42811227,0.24906172,218.33725,xgb_shap_list_ir_2_subset_102,xgb_shap_list_ir_2
3276,Insulin,0.19400804,0.1513469,98.9441,xgb_shap_list_ir_2_subset_102,xgb_shap_list_ir_2
3277,BMI,0.629892,0.45910475,321.2449,xgb_shap_list_ir_2_subset_102,xgb_shap_list_ir_2
3278,DiabetesPedigreeFunction,0.6449994,0.4749658,328.94968,xgb_shap_list_ir_2_subset_102,xgb_shap_list_ir_2
3279,Age,0.5222647,0.30500835,266.355,xgb_shap_list_ir_2_subset_102,xgb_shap_list_ir_2
3280,Pregnancies,0.27517897,0.22062656,140.34128,xgb_shap_list_ir_5_subset_63,xgb_shap_list_ir_5
3281,Glucose,1.3933126,0.9018946,710.5894,xgb_shap_list_ir_5_subset_63,xgb_shap_list_ir_5
3282,BloodPressure,0.37878475,0.30199677,193.18022,xgb_shap_list_ir_5_subset_63,xgb_shap_list_ir_5
3283,SkinThickness,0.21709971,0.1451101,110.720856,xgb_shap_list_ir_5_subset_63,xgb_shap_list_ir_5
3284,Insulin,0.30853757,0.27513522,157.35416,xgb_shap_list_ir_5_subset_63,xgb_shap_list_ir_5
3285,BMI,1.0780512,0.87354815,549.8061,xgb_shap_list_ir_5_subset_63,xgb_shap_list_ir_5
3286,DiabetesPedigreeFunction,0.72551847,0.4718133,370.0144,xgb_shap_list_ir_5_subset_63,xgb_shap_list_ir_5
3287,Age,0.55960643,0.3335308,285.3993,xgb_shap_list_ir_5_subset_63,xgb_shap_list_ir_5
3288,Pregnancies,0.963284,0.4630237,491.27484,xgb_shap_list_ir_2_subset_5,xgb_shap_list_ir_2
3289,Glucose,1.4636137,0.69975114,746.443,xgb_shap_list_ir_2_subset_5,xgb_shap_list_ir_2
3290,BloodPressure,0.56615585,0.3890255,288.73947,xgb_shap_list_ir_2_subset_5,xgb_shap_list_ir_2
3291,SkinThickness,0.6547407,0.285615,333.91776,xgb_shap_list_ir_2_subset_5,xgb_shap_list_ir_2
3292,Insulin,0.45289898,0.35101998,230.97849,xgb_shap_list_ir_2_subset_5,xgb_shap_list_ir_2
3293,BMI,0.30477396,0.17903759,155.43472,xgb_shap_list_ir_2_subset_5,xgb_shap_list_ir_2
3294,DiabetesPedigreeFunction,0.5716896,0.47477466,291.5617,xgb_shap_list_ir_2_subset_5,xgb_shap_list_ir_2
3295,Age,0.4125465,0.16838503,210.39871,xgb_shap_list_ir_2_subset_5,xgb_shap_list_ir_2
3296,Pregnancies,0.44507554,0.32304707,226.98853,xgb_shap_list_ir_5_subset_114,xgb_shap_list_ir_5
3297,Glucose,1.1324623,0.822483,577.5557,xgb_shap_list_ir_5_subset_114,xgb_shap_list_ir_5
3298,BloodPressure,0.36838096,0.31672618,187.8743,xgb_shap_list_ir_5_subset_114,xgb_shap_list_ir_5
3299,SkinThickness,0.28189972,0.19920538,143.76886,xgb_shap_list_ir_5_subset_114,xgb_shap_list_ir_5
3300,Insulin,0.35669076,0.2844749,181.9123,xgb_shap_list_ir_5_subset_114,xgb_shap_list_ir_5
3301,BMI,0.81029767,0.86927783,413.2518,xgb_shap_list_ir_5_subset_114,xgb_shap_list_ir_5
3302,DiabetesPedigreeFunction,0.69301516,0.56028146,353.43774,xgb_shap_list_ir_5_subset_114,xgb_shap_list_ir_5
3303,Age,0.6782832,0.4429112,345.92444,xgb_shap_list_ir_5_subset_114,xgb_shap_list_ir_5
3304,Pregnancies,0.4047784,0.30805403,206.43698,xgb_shap_list_ir_4_subset_58,xgb_shap_list_ir_4
3305,Glucose,1.3321404,0.89723384,679.3916,xgb_shap_list_ir_4_subset_58,xgb_shap_list_ir_4
3306,BloodPressure,0.2455822,0.22539733,125.24692,xgb_shap_list_ir_4_subset_58,xgb_shap_list_ir_4
3307,SkinThickness,0.48256788,0.3023025,246.10962,xgb_shap_list_ir_4_subset_58,xgb_shap_list_ir_4
3308,Insulin,0.23523231,0.21641652,119.968475,xgb_shap_list_ir_4_subset_58,xgb_shap_list_ir_4
3309,BMI,0.83837,0.6083595,427.56873,xgb_shap_list_ir_4_subset_58,xgb_shap_list_ir_4
3310,DiabetesPedigreeFunction,0.7237355,0.4642102,369.1051,xgb_shap_list_ir_4_subset_58,xgb_shap_list_ir_4
3311,Age,0.48873785,0.3321769,249.2563,xgb_shap_list_ir_4_subset_58,xgb_shap_list_ir_4
3312,Pregnancies,0.3135389,0.2220887,159.90485,xgb_shap_list_ir_4_subset_72,xgb_shap_list_ir_4
3313,Glucose,1.9057549,1.3222972,971.935,xgb_shap_list_ir_4_subset_72,xgb_shap_list_ir_4
3314,BloodPressure,0.27010453,0.21572788,137.75331,xgb_shap_list_ir_4_subset_72,xgb_shap_list_ir_4
3315,SkinThickness,0.25391296,0.2464116,129.4956,xgb_shap_list_ir_4_subset_72,xgb_shap_list_ir_4
3316,Insulin,0.22390333,0.23778327,114.1907,xgb_shap_list_ir_4_subset_72,xgb_shap_list_ir_4
3317,BMI,0.71362174,0.6311128,363.94708,xgb_shap_list_ir_4_subset_72,xgb_shap_list_ir_4
3318,DiabetesPedigreeFunction,0.38602906,0.2744849,196.87482,xgb_shap_list_ir_4_subset_72,xgb_shap_list_ir_4
3319,Age,0.27059278,0.22809304,138.00232,xgb_shap_list_ir_4_subset_72,xgb_shap_list_ir_4
3320,Pregnancies,0.2947767,0.22277576,150.33612,xgb_shap_list_ir_1_subset_94,xgb_shap_list_ir_1
3321,Glucose,1.2611731,0.42726314,643.1983,xgb_shap_list_ir_1_subset_94,xgb_shap_list_ir_1
3322,BloodPressure,0.2837635,0.12431757,144.71939,xgb_shap_list_ir_1_subset_94,xgb_shap_list_ir_1
3323,SkinThickness,0.3994745,0.17199071,203.732,xgb_shap_list_ir_1_subset_94,xgb_shap_list_ir_1
3324,Insulin,0.5856795,0.2163219,298.69653,xgb_shap_list_ir_1_subset_94,xgb_shap_list_ir_1
3325,BMI,0.6583387,0.43665457,335.75275,xgb_shap_list_ir_1_subset_94,xgb_shap_list_ir_1
3326,DiabetesPedigreeFunction,0.6666953,0.5012197,340.0146,xgb_shap_list_ir_1_subset_94,xgb_shap_list_ir_1
3327,Age,0.50953305,0.23504841,259.86185,xgb_shap_list_ir_1_subset_94,xgb_shap_list_ir_1
3328,Pregnancies,0.96005625,0.23864393,489.6287,xgb_shap_list_ir_1_subset_19,xgb_shap_list_ir_1
3329,Glucose,1.3504188,0.6895261,688.71356,xgb_shap_list_ir_1_subset_19,xgb_shap_list_ir_1
3330,BloodPressure,0.7605276,0.5275643,387.86908,xgb_shap_list_ir_1_subset_19,xgb_shap_list_ir_1
3331,SkinThickness,0.22389005,0.086579785,114.18393,xgb_shap_list_ir_1_subset_19,xgb_shap_list_ir_1
3332,Insulin,0.22138989,0.17535488,112.908844,xgb_shap_list_ir_1_subset_19,xgb_shap_list_ir_1
3333,BMI,0.6641397,0.289857,338.71124,xgb_shap_list_ir_1_subset_19,xgb_shap_list_ir_1
3334,DiabetesPedigreeFunction,0.75288755,0.42277178,383.97266,xgb_shap_list_ir_1_subset_19,xgb_shap_list_ir_1
3335,Age,0.27658454,0.087496586,141.05812,xgb_shap_list_ir_1_subset_19,xgb_shap_list_ir_1
3336,Pregnancies,0.42163235,0.25604573,215.0325,xgb_shap_list_ir_4_subset_27,xgb_shap_list_ir_4
3337,Glucose,1.8674804,0.86556166,952.415,xgb_shap_list_ir_4_subset_27,xgb_shap_list_ir_4
3338,BloodPressure,0.3158521,0.25533524,161.08458,xgb_shap_list_ir_4_subset_27,xgb_shap_list_ir_4
3339,SkinThickness,0.14829418,0.13444534,75.630035,xgb_shap_list_ir_4_subset_27,xgb_shap_list_ir_4
3340,Insulin,0.26916432,0.27000687,137.2738,xgb_shap_list_ir_4_subset_27,xgb_shap_list_ir_4
3341,BMI,0.99337953,0.8055612,506.62357,xgb_shap_list_ir_4_subset_27,xgb_shap_list_ir_4
3342,DiabetesPedigreeFunction,0.63784903,0.48891467,325.303,xgb_shap_list_ir_4_subset_27,xgb_shap_list_ir_4
3343,Age,0.83802205,0.5942617,427.39124,xgb_shap_list_ir_4_subset_27,xgb_shap_list_ir_4
3344,Pregnancies,0.31253967,0.24789472,159.39523,xgb_shap_list_ir_4_subset_24,xgb_shap_list_ir_4
3345,Glucose,1.4293312,0.7642876,728.9589,xgb_shap_list_ir_4_subset_24,xgb_shap_list_ir_4
3346,BloodPressure,0.47693503,0.37796104,243.23686,xgb_shap_list_ir_4_subset_24,xgb_shap_list_ir_4
3347,SkinThickness,0.3505967,0.24204257,178.80432,xgb_shap_list_ir_4_subset_24,xgb_shap_list_ir_4
3348,Insulin,0.20977867,0.19765575,106.98712,xgb_shap_list_ir_4_subset_24,xgb_shap_list_ir_4
3349,BMI,0.8951087,0.84211,456.50543,xgb_shap_list_ir_4_subset_24,xgb_shap_list_ir_4
3350,DiabetesPedigreeFunction,0.5217948,0.4056062,266.11536,xgb_shap_list_ir_4_subset_24,xgb_shap_list_ir_4
3351,Age,0.5315533,0.33937496,271.0922,xgb_shap_list_ir_4_subset_24,xgb_shap_list_ir_4
3352,Pregnancies,0.18559523,0.13338514,94.653564,xgb_shap_list_ir_1_subset_37,xgb_shap_list_ir_1
3353,Glucose,0.6641221,0.42449358,338.70227,xgb_shap_list_ir_1_subset_37,xgb_shap_list_ir_1
3354,BloodPressure,1.0546645,0.702786,537.8789,xgb_shap_list_ir_1_subset_37,xgb_shap_list_ir_1
3355,SkinThickness,0.8941072,0.37728456,455.9947,xgb_shap_list_ir_1_subset_37,xgb_shap_list_ir_1
3356,Insulin,0.1616508,0.18162048,82.44191,xgb_shap_list_ir_1_subset_37,xgb_shap_list_ir_1
3357,BMI,0.4983939,0.34510314,254.1809,xgb_shap_list_ir_1_subset_37,xgb_shap_list_ir_1
3358,DiabetesPedigreeFunction,0.4308263,0.3308041,219.72142,xgb_shap_list_ir_1_subset_37,xgb_shap_list_ir_1
3359,Age,0.7943236,0.44064352,405.10504,xgb_shap_list_ir_1_subset_37,xgb_shap_list_ir_1
3360,Pregnancies,0.17640483,0.09473783,89.96647,xgb_shap_list_ir_1_subset_76,xgb_shap_list_ir_1
3361,Glucose,1.8522562,0.3691017,944.65063,xgb_shap_list_ir_1_subset_76,xgb_shap_list_ir_1
3362,BloodPressure,0.37250748,0.32761037,189.97882,xgb_shap_list_ir_1_subset_76,xgb_shap_list_ir_1
3363,SkinThickness,0.5090258,0.3108878,259.60315,xgb_shap_list_ir_1_subset_76,xgb_shap_list_ir_1
3364,Insulin,0.35563743,0.25831047,181.37509,xgb_shap_list_ir_1_subset_76,xgb_shap_list_ir_1
3365,BMI,0.75252193,0.5343684,383.7862,xgb_shap_list_ir_1_subset_76,xgb_shap_list_ir_1
3366,DiabetesPedigreeFunction,0.4679128,0.23629496,238.63553,xgb_shap_list_ir_1_subset_76,xgb_shap_list_ir_1
3367,Age,0.35862732,0.16337568,182.89993,xgb_shap_list_ir_1_subset_76,xgb_shap_list_ir_1
3368,Pregnancies,0.42533553,0.28071532,216.92111,xgb_shap_list_ir_1_subset_70,xgb_shap_list_ir_1
3369,Glucose,1.3109884,0.41492498,668.6041,xgb_shap_list_ir_1_subset_70,xgb_shap_list_ir_1
3370,BloodPressure,0.23157199,0.09371632,118.101715,xgb_shap_list_ir_1_subset_70,xgb_shap_list_ir_1
3371,SkinThickness,0.3741899,0.2146963,190.83685,xgb_shap_list_ir_1_subset_70,xgb_shap_list_ir_1
3372,Insulin,0.92612994,0.21444632,472.32626,xgb_shap_list_ir_1_subset_70,xgb_shap_list_ir_1
3373,BMI,0.9100254,0.29178378,464.11298,xgb_shap_list_ir_1_subset_70,xgb_shap_list_ir_1
3374,DiabetesPedigreeFunction,0.7707765,0.5726509,393.096,xgb_shap_list_ir_1_subset_70,xgb_shap_list_ir_1
3375,Age,0.2963328,0.12671381,151.12973,xgb_shap_list_ir_1_subset_70,xgb_shap_list_ir_1
3376,Pregnancies,0.67641145,0.3153724,344.96985,xgb_shap_list_ir_2_subset_26,xgb_shap_list_ir_2
3377,Glucose,1.6804675,0.72000057,857.0384,xgb_shap_list_ir_2_subset_26,xgb_shap_list_ir_2
3378,BloodPressure,0.39055222,0.2628693,199.18164,xgb_shap_list_ir_2_subset_26,xgb_shap_list_ir_2
3379,SkinThickness,0.5883179,0.29740837,300.0421,xgb_shap_list_ir_2_subset_26,xgb_shap_list_ir_2
3380,Insulin,0.26430592,0.3163219,134.79602,xgb_shap_list_ir_2_subset_26,xgb_shap_list_ir_2
3381,BMI,1.0055072,0.78886646,512.8087,xgb_shap_list_ir_2_subset_26,xgb_shap_list_ir_2
3382,DiabetesPedigreeFunction,0.53533494,0.34083393,273.0208,xgb_shap_list_ir_2_subset_26,xgb_shap_list_ir_2
3383,Age,0.28052312,0.2124321,143.06679,xgb_shap_list_ir_2_subset_26,xgb_shap_list_ir_2
3384,Pregnancies,0.4275495,0.2999959,218.05025,xgb_shap_list_ir_5_subset_50,xgb_shap_list_ir_5
3385,Glucose,1.4323617,0.9728837,730.50446,xgb_shap_list_ir_5_subset_50,xgb_shap_list_ir_5
3386,BloodPressure,0.26294476,0.2117602,134.10182,xgb_shap_list_ir_5_subset_50,xgb_shap_list_ir_5
3387,SkinThickness,0.34065694,0.2107002,173.73503,xgb_shap_list_ir_5_subset_50,xgb_shap_list_ir_5
3388,Insulin,0.3278835,0.2566485,167.2206,xgb_shap_list_ir_5_subset_50,xgb_shap_list_ir_5
3389,BMI,0.8195989,0.6962232,417.99545,xgb_shap_list_ir_5_subset_50,xgb_shap_list_ir_5
3390,DiabetesPedigreeFunction,0.70358956,0.4970901,358.8307,xgb_shap_list_ir_5_subset_50,xgb_shap_list_ir_5
3391,Age,0.56317693,0.32064545,287.22025,xgb_shap_list_ir_5_subset_50,xgb_shap_list_ir_5
3392,Pregnancies,0.35428914,0.20054379,180.68747,xgb_shap_list_ir_3_subset_75,xgb_shap_list_ir_3
3393,Glucose,1.1558903,0.9268942,589.5041,xgb_shap_list_ir_3_subset_75,xgb_shap_list_ir_3
3394,BloodPressure,0.34962556,0.24222147,178.30904,xgb_shap_list_ir_3_subset_75,xgb_shap_list_ir_3
3395,SkinThickness,0.40345567,0.25074103,205.76239,xgb_shap_list_ir_3_subset_75,xgb_shap_list_ir_3
3396,Insulin,0.33295175,0.26242575,169.80539,xgb_shap_list_ir_3_subset_75,xgb_shap_list_ir_3
3397,BMI,0.55118155,0.45498332,281.1026,xgb_shap_list_ir_3_subset_75,xgb_shap_list_ir_3
3398,DiabetesPedigreeFunction,0.62846905,0.33422688,320.51923,xgb_shap_list_ir_3_subset_75,xgb_shap_list_ir_3
3399,Age,0.8418226,0.61658096,429.32953,xgb_shap_list_ir_3_subset_75,xgb_shap_list_ir_3
3400,Pregnancies,0.54523975,0.3220429,278.07227,xgb_shap_list_ir_3_subset_65,xgb_shap_list_ir_3
3401,Glucose,1.6565151,1.1813796,844.8227,xgb_shap_list_ir_3_subset_65,xgb_shap_list_ir_3
3402,BloodPressure,0.42567074,0.27014557,217.09207,xgb_shap_list_ir_3_subset_65,xgb_shap_list_ir_3
3403,SkinThickness,0.19470903,0.14965792,99.301605,xgb_shap_list_ir_3_subset_65,xgb_shap_list_ir_3
3404,Insulin,0.14593963,0.16244712,74.429214,xgb_shap_list_ir_3_subset_65,xgb_shap_list_ir_3
3405,BMI,0.86310786,0.62830263,440.185,xgb_shap_list_ir_3_subset_65,xgb_shap_list_ir_3
3406,DiabetesPedigreeFunction,0.6286488,0.45674273,320.6109,xgb_shap_list_ir_3_subset_65,xgb_shap_list_ir_3
3407,Age,0.39344344,0.32421538,200.65616,xgb_shap_list_ir_3_subset_65,xgb_shap_list_ir_3
3408,Pregnancies,0.24900928,0.17247264,126.994736,xgb_shap_list_ir_5_subset_54,xgb_shap_list_ir_5
3409,Glucose,1.3263538,0.92245173,676.4404,xgb_shap_list_ir_5_subset_54,xgb_shap_list_ir_5
3410,BloodPressure,0.3297794,0.25967172,168.18748,xgb_shap_list_ir_5_subset_54,xgb_shap_list_ir_5
3411,SkinThickness,0.31929225,0.22473173,162.83905,xgb_shap_list_ir_5_subset_54,xgb_shap_list_ir_5
3412,Insulin,0.28184402,0.2453083,143.74045,xgb_shap_list_ir_5_subset_54,xgb_shap_list_ir_5
3413,BMI,0.9162624,0.7358954,467.29382,xgb_shap_list_ir_5_subset_54,xgb_shap_list_ir_5
3414,DiabetesPedigreeFunction,0.60491073,0.45966893,308.5045,xgb_shap_list_ir_5_subset_54,xgb_shap_list_ir_5
3415,Age,0.6643184,0.48903963,338.80237,xgb_shap_list_ir_5_subset_54,xgb_shap_list_ir_5
3416,Pregnancies,0.44338733,0.2509826,226.12753,xgb_shap_list_ir_4_subset_137,xgb_shap_list_ir_4
3417,Glucose,1.6066626,1.0150442,819.39795,xgb_shap_list_ir_4_subset_137,xgb_shap_list_ir_4
3418,BloodPressure,0.3494721,0.25052878,178.23077,xgb_shap_list_ir_4_subset_137,xgb_shap_list_ir_4
3419,SkinThickness,0.20526087,0.13966778,104.683044,xgb_shap_list_ir_4_subset_137,xgb_shap_list_ir_4
3420,Insulin,0.22550122,0.2107962,115.00562,xgb_shap_list_ir_4_subset_137,xgb_shap_list_ir_4
3421,BMI,0.8394056,0.6253616,428.09686,xgb_shap_list_ir_4_subset_137,xgb_shap_list_ir_4
3422,DiabetesPedigreeFunction,0.7614432,0.5197901,388.33603,xgb_shap_list_ir_4_subset_137,xgb_shap_list_ir_4
3423,Age,0.643366,0.37800485,328.11664,xgb_shap_list_ir_4_subset_137,xgb_shap_list_ir_4
3424,Pregnancies,0.42595837,0.31122506,217.23877,xgb_shap_list_ir_4_subset_116,xgb_shap_list_ir_4
3425,Glucose,1.4257833,0.885744,727.1495,xgb_shap_list_ir_4_subset_116,xgb_shap_list_ir_4
3426,BloodPressure,0.42929196,0.30951637,218.9389,xgb_shap_list_ir_4_subset_116,xgb_shap_list_ir_4
3427,SkinThickness,0.44645607,0.3133921,227.6926,xgb_shap_list_ir_4_subset_116,xgb_shap_list_ir_4
3428,Insulin,0.17108448,0.13158461,87.25308,xgb_shap_list_ir_4_subset_116,xgb_shap_list_ir_4
3429,BMI,0.9699143,0.698552,494.6563,xgb_shap_list_ir_4_subset_116,xgb_shap_list_ir_4
3430,DiabetesPedigreeFunction,0.4195023,0.24322104,213.94617,xgb_shap_list_ir_4_subset_116,xgb_shap_list_ir_4
3431,Age,0.7264897,0.43516225,370.50977,xgb_shap_list_ir_4_subset_116,xgb_shap_list_ir_4
3432,Pregnancies,0.35897672,0.29368496,183.07812,xgb_shap_list_ir_5_subset_11,xgb_shap_list_ir_5
3433,Glucose,1.7983289,1.2717961,917.1477,xgb_shap_list_ir_5_subset_11,xgb_shap_list_ir_5
3434,BloodPressure,0.36900496,0.28266025,188.19254,xgb_shap_list_ir_5_subset_11,xgb_shap_list_ir_5
3435,SkinThickness,0.13670711,0.09675753,69.72063,xgb_shap_list_ir_5_subset_11,xgb_shap_list_ir_5
3436,Insulin,0.16956826,0.16766371,86.47981,xgb_shap_list_ir_5_subset_11,xgb_shap_list_ir_5
3437,BMI,1.0993602,0.9739565,560.6737,xgb_shap_list_ir_5_subset_11,xgb_shap_list_ir_5
3438,DiabetesPedigreeFunction,0.5483031,0.388061,279.63458,xgb_shap_list_ir_5_subset_11,xgb_shap_list_ir_5
3439,Age,0.48576838,0.39256936,247.74187,xgb_shap_list_ir_5_subset_11,xgb_shap_list_ir_5
3440,Pregnancies,0.28781894,0.2210204,146.78766,xgb_shap_list_ir_5_subset_100,xgb_shap_list_ir_5
3441,Glucose,1.4428447,0.9353388,735.8508,xgb_shap_list_ir_5_subset_100,xgb_shap_list_ir_5
3442,BloodPressure,0.42817172,0.3021717,218.36758,xgb_shap_list_ir_5_subset_100,xgb_shap_list_ir_5
3443,SkinThickness,0.4464325,0.37258673,227.68057,xgb_shap_list_ir_5_subset_100,xgb_shap_list_ir_5
3444,Insulin,0.19962409,0.1764378,101.80829,xgb_shap_list_ir_5_subset_100,xgb_shap_list_ir_5
3445,BMI,0.9503106,0.7593877,484.6584,xgb_shap_list_ir_5_subset_100,xgb_shap_list_ir_5
3446,DiabetesPedigreeFunction,0.41223076,0.32889485,210.23769,xgb_shap_list_ir_5_subset_100,xgb_shap_list_ir_5
3447,Age,0.65454733,0.3843254,333.81915,xgb_shap_list_ir_5_subset_100,xgb_shap_list_ir_5
3448,Pregnancies,0.5038312,0.2761108,256.95392,xgb_shap_list_ir_3_subset_66,xgb_shap_list_ir_3
3449,Glucose,1.3106217,0.805,668.4171,xgb_shap_list_ir_3_subset_66,xgb_shap_list_ir_3
3450,BloodPressure,0.24105489,0.16300887,122.937996,xgb_shap_list_ir_3_subset_66,xgb_shap_list_ir_3
3451,SkinThickness,0.35589442,0.19138353,181.50615,xgb_shap_list_ir_3_subset_66,xgb_shap_list_ir_3
3452,Insulin,0.26225114,0.2072942,133.74808,xgb_shap_list_ir_3_subset_66,xgb_shap_list_ir_3
3453,BMI,0.7926059,0.5179375,404.229,xgb_shap_list_ir_3_subset_66,xgb_shap_list_ir_3
3454,DiabetesPedigreeFunction,0.65485615,0.42439452,333.97662,xgb_shap_list_ir_3_subset_66,xgb_shap_list_ir_3
3455,Age,0.5331025,0.35040346,271.8823,xgb_shap_list_ir_3_subset_66,xgb_shap_list_ir_3
3456,Pregnancies,0.6978623,0.42807183,355.9098,xgb_shap_list_ir_4_subset_29,xgb_shap_list_ir_4
3457,Glucose,1.5496215,1.2093525,790.30695,xgb_shap_list_ir_4_subset_29,xgb_shap_list_ir_4
3458,BloodPressure,0.2982097,0.2879522,152.08694,xgb_shap_list_ir_4_subset_29,xgb_shap_list_ir_4
3459,SkinThickness,0.13146102,0.12907343,67.04512,xgb_shap_list_ir_4_subset_29,xgb_shap_list_ir_4
3460,Insulin,0.38928366,0.3326092,198.53467,xgb_shap_list_ir_4_subset_29,xgb_shap_list_ir_4
3461,BMI,0.82131207,0.7500115,418.86914,xgb_shap_list_ir_4_subset_29,xgb_shap_list_ir_4
3462,DiabetesPedigreeFunction,0.6372247,0.4184911,324.9846,xgb_shap_list_ir_4_subset_29,xgb_shap_list_ir_4
3463,Age,0.4712525,0.29763106,240.33878,xgb_shap_list_ir_4_subset_29,xgb_shap_list_ir_4
3464,Pregnancies,0.5169213,0.29362002,263.62985,xgb_shap_list_ir_4_subset_120,xgb_shap_list_ir_4
3465,Glucose,1.5155572,0.8281319,772.93414,xgb_shap_list_ir_4_subset_120,xgb_shap_list_ir_4
3466,BloodPressure,0.44326597,0.32336566,226.06564,xgb_shap_list_ir_4_subset_120,xgb_shap_list_ir_4
3467,SkinThickness,0.32927594,0.21534371,167.93073,xgb_shap_list_ir_4_subset_120,xgb_shap_list_ir_4
3468,Insulin,0.2518044,0.21918355,128.42024,xgb_shap_list_ir_4_subset_120,xgb_shap_list_ir_4
3469,BMI,0.75216675,0.5551984,383.60504,xgb_shap_list_ir_4_subset_120,xgb_shap_list_ir_4
3470,DiabetesPedigreeFunction,0.55866855,0.42081395,284.92096,xgb_shap_list_ir_4_subset_120,xgb_shap_list_ir_4
3471,Age,0.5485676,0.4163729,279.76947,xgb_shap_list_ir_4_subset_120,xgb_shap_list_ir_4
3472,Pregnancies,0.42029992,0.20732997,214.35295,xgb_shap_list_ir_1_subset_75,xgb_shap_list_ir_1
3473,Glucose,1.1496458,0.5845817,586.31934,xgb_shap_list_ir_1_subset_75,xgb_shap_list_ir_1
3474,BloodPressure,0.46076798,0.20464379,234.99167,xgb_shap_list_ir_1_subset_75,xgb_shap_list_ir_1
3475,SkinThickness,0.23021851,0.22907522,117.411446,xgb_shap_list_ir_1_subset_75,xgb_shap_list_ir_1
3476,Insulin,0.39858907,0.3009987,203.28043,xgb_shap_list_ir_1_subset_75,xgb_shap_list_ir_1
3477,BMI,0.39628533,0.19183241,202.10551,xgb_shap_list_ir_1_subset_75,xgb_shap_list_ir_1
3478,DiabetesPedigreeFunction,0.7717821,0.43769827,393.60886,xgb_shap_list_ir_1_subset_75,xgb_shap_list_ir_1
3479,Age,0.84219134,0.29466805,429.51758,xgb_shap_list_ir_1_subset_75,xgb_shap_list_ir_1
3480,Pregnancies,0.876991,0.59095305,447.2654,xgb_shap_list_ir_5_subset_84,xgb_shap_list_ir_5
3481,Glucose,1.6736622,1.0821981,853.5677,xgb_shap_list_ir_5_subset_84,xgb_shap_list_ir_5
3482,BloodPressure,0.34501335,0.23439912,175.9568,xgb_shap_list_ir_5_subset_84,xgb_shap_list_ir_5
3483,SkinThickness,0.16025946,0.118082516,81.73232,xgb_shap_list_ir_5_subset_84,xgb_shap_list_ir_5
3484,Insulin,0.33186668,0.25877932,169.25201,xgb_shap_list_ir_5_subset_84,xgb_shap_list_ir_5
3485,BMI,0.87416553,0.77177584,445.82443,xgb_shap_list_ir_5_subset_84,xgb_shap_list_ir_5
3486,DiabetesPedigreeFunction,0.6221139,0.46313044,317.27808,xgb_shap_list_ir_5_subset_84,xgb_shap_list_ir_5
3487,Age,0.45081314,0.32319894,229.9147,xgb_shap_list_ir_5_subset_84,xgb_shap_list_ir_5
3488,Pregnancies,0.52037567,0.21095051,265.3916,xgb_shap_list_ir_1_subset_82,xgb_shap_list_ir_1
3489,Glucose,1.0850478,0.63767946,553.3744,xgb_shap_list_ir_1_subset_82,xgb_shap_list_ir_1
3490,BloodPressure,0.2479016,0.15770538,126.42982,xgb_shap_list_ir_1_subset_82,xgb_shap_list_ir_1
3491,SkinThickness,0.4693876,0.3230698,239.38766,xgb_shap_list_ir_1_subset_82,xgb_shap_list_ir_1
3492,Insulin,0.37383884,0.20767808,190.6578,xgb_shap_list_ir_1_subset_82,xgb_shap_list_ir_1
3493,BMI,0.24184385,0.16622409,123.34036,xgb_shap_list_ir_1_subset_82,xgb_shap_list_ir_1
3494,DiabetesPedigreeFunction,0.52518487,0.3132237,267.84427,xgb_shap_list_ir_1_subset_82,xgb_shap_list_ir_1
3495,Age,1.0427926,0.4230277,531.8242,xgb_shap_list_ir_1_subset_82,xgb_shap_list_ir_1
3496,Pregnancies,0.4215392,0.2340582,214.98499,xgb_shap_list_ir_1_subset_6,xgb_shap_list_ir_1
3497,Glucose,1.4319221,0.7275589,730.2803,xgb_shap_list_ir_1_subset_6,xgb_shap_list_ir_1
3498,BloodPressure,0.3438817,0.29334912,175.37967,xgb_shap_list_ir_1_subset_6,xgb_shap_list_ir_1
3499,SkinThickness,0.39579192,0.18711445,201.85388,xgb_shap_list_ir_1_subset_6,xgb_shap_list_ir_1
3500,Insulin,0.12514183,0.1511201,63.82233,xgb_shap_list_ir_1_subset_6,xgb_shap_list_ir_1
3501,BMI,0.41695505,0.28300175,212.64708,xgb_shap_list_ir_1_subset_6,xgb_shap_list_ir_1
3502,DiabetesPedigreeFunction,0.5474516,0.29227164,279.20032,xgb_shap_list_ir_1_subset_6,xgb_shap_list_ir_1
3503,Age,0.31163803,0.13325815,158.9354,xgb_shap_list_ir_1_subset_6,xgb_shap_list_ir_1
3504,Pregnancies,0.6860902,0.32056856,349.90598,xgb_shap_list_ir_2_subset_86,xgb_shap_list_ir_2
3505,Glucose,1.0123736,0.5995178,516.31055,xgb_shap_list_ir_2_subset_86,xgb_shap_list_ir_2
3506,BloodPressure,0.43024856,0.21892679,219.42676,xgb_shap_list_ir_2_subset_86,xgb_shap_list_ir_2
3507,SkinThickness,0.7513645,0.48082346,383.19592,xgb_shap_list_ir_2_subset_86,xgb_shap_list_ir_2
3508,Insulin,0.40357643,0.16356303,205.82397,xgb_shap_list_ir_2_subset_86,xgb_shap_list_ir_2
3509,BMI,0.98881036,0.63518286,504.29327,xgb_shap_list_ir_2_subset_86,xgb_shap_list_ir_2
3510,DiabetesPedigreeFunction,0.54190296,0.3998803,276.3705,xgb_shap_list_ir_2_subset_86,xgb_shap_list_ir_2
3511,Age,0.30273712,0.21730089,154.39594,xgb_shap_list_ir_2_subset_86,xgb_shap_list_ir_2
3512,Pregnancies,0.3938912,0.27407452,200.8845,xgb_shap_list_ir_5_subset_104,xgb_shap_list_ir_5
3513,Glucose,1.5378568,1.1357342,784.307,xgb_shap_list_ir_5_subset_104,xgb_shap_list_ir_5
3514,BloodPressure,0.30309638,0.2581787,154.57916,xgb_shap_list_ir_5_subset_104,xgb_shap_list_ir_5
3515,SkinThickness,0.3367436,0.22599931,171.73923,xgb_shap_list_ir_5_subset_104,xgb_shap_list_ir_5
3516,Insulin,0.1970184,0.18098857,100.479385,xgb_shap_list_ir_5_subset_104,xgb_shap_list_ir_5
3517,BMI,0.80485946,0.67309636,410.47833,xgb_shap_list_ir_5_subset_104,xgb_shap_list_ir_5
3518,DiabetesPedigreeFunction,0.7206745,0.4611353,367.544,xgb_shap_list_ir_5_subset_104,xgb_shap_list_ir_5
3519,Age,0.77671796,0.4584561,396.12616,xgb_shap_list_ir_5_subset_104,xgb_shap_list_ir_5
3520,Pregnancies,0.26292804,0.19468829,134.09329,xgb_shap_list_ir_4_subset_37,xgb_shap_list_ir_4
3521,Glucose,1.2118737,0.742104,618.05554,xgb_shap_list_ir_4_subset_37,xgb_shap_list_ir_4
3522,BloodPressure,0.28646114,0.26725018,146.09518,xgb_shap_list_ir_4_subset_37,xgb_shap_list_ir_4
3523,SkinThickness,0.35855922,0.27575067,182.8652,xgb_shap_list_ir_4_subset_37,xgb_shap_list_ir_4
3524,Insulin,0.27253252,0.16996945,138.9916,xgb_shap_list_ir_4_subset_37,xgb_shap_list_ir_4
3525,BMI,1.348765,1.0477723,687.8702,xgb_shap_list_ir_4_subset_37,xgb_shap_list_ir_4
3526,DiabetesPedigreeFunction,0.6852806,0.49550444,349.4931,xgb_shap_list_ir_4_subset_37,xgb_shap_list_ir_4
3527,Age,0.5668693,0.36657128,289.10336,xgb_shap_list_ir_4_subset_37,xgb_shap_list_ir_4
3528,Pregnancies,0.1149663,0.10157105,58.632816,xgb_shap_list_ir_1_subset_17,xgb_shap_list_ir_1
3529,Glucose,1.3680621,0.7027886,697.7117,xgb_shap_list_ir_1_subset_17,xgb_shap_list_ir_1
3530,BloodPressure,0.7660451,0.38297674,390.68298,xgb_shap_list_ir_1_subset_17,xgb_shap_list_ir_1
3531,SkinThickness,0.16347174,0.13066499,83.37059,xgb_shap_list_ir_1_subset_17,xgb_shap_list_ir_1
3532,Insulin,0.1031566,0.07584461,52.609863,xgb_shap_list_ir_1_subset_17,xgb_shap_list_ir_1
3533,BMI,0.25444156,0.15909953,129.7652,xgb_shap_list_ir_1_subset_17,xgb_shap_list_ir_1
3534,DiabetesPedigreeFunction,0.29900405,0.24177468,152.49207,xgb_shap_list_ir_1_subset_17,xgb_shap_list_ir_1
3535,Age,0.8189556,0.5111168,417.66736,xgb_shap_list_ir_1_subset_17,xgb_shap_list_ir_1
3536,Pregnancies,0.26230222,0.18814303,133.77414,xgb_shap_list_ir_3_subset_84,xgb_shap_list_ir_3
3537,Glucose,1.4001864,0.8562839,714.0951,xgb_shap_list_ir_3_subset_84,xgb_shap_list_ir_3
3538,BloodPressure,0.2687049,0.21558897,137.03949,xgb_shap_list_ir_3_subset_84,xgb_shap_list_ir_3
3539,SkinThickness,0.21667834,0.16676366,110.50595,xgb_shap_list_ir_3_subset_84,xgb_shap_list_ir_3
3540,Insulin,0.210812,0.15574493,107.51412,xgb_shap_list_ir_3_subset_84,xgb_shap_list_ir_3
3541,BMI,0.7358762,0.5912711,375.29688,xgb_shap_list_ir_3_subset_84,xgb_shap_list_ir_3
3542,DiabetesPedigreeFunction,0.83366257,0.61566174,425.1679,xgb_shap_list_ir_3_subset_84,xgb_shap_list_ir_3
3543,Age,0.7743554,0.6532795,394.92126,xgb_shap_list_ir_3_subset_84,xgb_shap_list_ir_3
3544,Pregnancies,0.16834992,0.11082514,85.85846,xgb_shap_list_ir_1_subset_134,xgb_shap_list_ir_1
3545,Glucose,1.2020411,0.53921074,613.041,xgb_shap_list_ir_1_subset_134,xgb_shap_list_ir_1
3546,BloodPressure,0.6380638,0.27913678,325.41254,xgb_shap_list_ir_1_subset_134,xgb_shap_list_ir_1
3547,SkinThickness,0.3062496,0.20841967,156.18729,xgb_shap_list_ir_1_subset_134,xgb_shap_list_ir_1
3548,Insulin,0.3034219,0.16778895,154.74518,xgb_shap_list_ir_1_subset_134,xgb_shap_list_ir_1
3549,BMI,0.4141206,0.38052386,211.2015,xgb_shap_list_ir_1_subset_134,xgb_shap_list_ir_1
3550,DiabetesPedigreeFunction,0.42776313,0.232994,218.1592,xgb_shap_list_ir_1_subset_134,xgb_shap_list_ir_1
3551,Age,0.94967383,0.5376974,484.33365,xgb_shap_list_ir_1_subset_134,xgb_shap_list_ir_1
3552,Pregnancies,0.4633373,0.32580763,236.30202,xgb_shap_list_ir_5_subset_78,xgb_shap_list_ir_5
3553,Glucose,1.3774804,0.9719795,702.515,xgb_shap_list_ir_5_subset_78,xgb_shap_list_ir_5
3554,BloodPressure,0.35159472,0.331132,179.31331,xgb_shap_list_ir_5_subset_78,xgb_shap_list_ir_5
3555,SkinThickness,0.27088293,0.1849319,138.1503,xgb_shap_list_ir_5_subset_78,xgb_shap_list_ir_5
3556,Insulin,0.3137766,0.26325113,160.02608,xgb_shap_list_ir_5_subset_78,xgb_shap_list_ir_5
3557,BMI,1.0968254,0.9251807,559.3809,xgb_shap_list_ir_5_subset_78,xgb_shap_list_ir_5
3558,DiabetesPedigreeFunction,0.34046224,0.25680336,173.63574,xgb_shap_list_ir_5_subset_78,xgb_shap_list_ir_5
3559,Age,0.8075621,0.4969192,411.8567,xgb_shap_list_ir_5_subset_78,xgb_shap_list_ir_5
3560,Pregnancies,0.27997252,0.21311672,142.78598,xgb_shap_list_ir_1_subset_108,xgb_shap_list_ir_1
3561,Glucose,0.97529644,0.5229463,497.40118,xgb_shap_list_ir_1_subset_108,xgb_shap_list_ir_1
3562,BloodPressure,0.5116363,0.34866437,260.9345,xgb_shap_list_ir_1_subset_108,xgb_shap_list_ir_1
3563,SkinThickness,0.38118413,0.24712166,194.4039,xgb_shap_list_ir_1_subset_108,xgb_shap_list_ir_1
3564,Insulin,0.10458998,0.081877835,53.34089,xgb_shap_list_ir_1_subset_108,xgb_shap_list_ir_1
3565,BMI,0.4257775,0.34585682,217.14651,xgb_shap_list_ir_1_subset_108,xgb_shap_list_ir_1
3566,DiabetesPedigreeFunction,0.58411676,0.4164282,297.89954,xgb_shap_list_ir_1_subset_108,xgb_shap_list_ir_1
3567,Age,0.9416229,0.24045284,480.2277,xgb_shap_list_ir_1_subset_108,xgb_shap_list_ir_1
3568,Pregnancies,0.5381025,0.37326235,274.43228,xgb_shap_list_ir_5_subset_73,xgb_shap_list_ir_5
3569,Glucose,1.6691835,0.9557415,851.28357,xgb_shap_list_ir_5_subset_73,xgb_shap_list_ir_5
3570,BloodPressure,0.31763315,0.2357431,161.9929,xgb_shap_list_ir_5_subset_73,xgb_shap_list_ir_5
3571,SkinThickness,0.22819099,0.19847094,116.3774,xgb_shap_list_ir_5_subset_73,xgb_shap_list_ir_5
3572,Insulin,0.17920583,0.15979709,91.39497,xgb_shap_list_ir_5_subset_73,xgb_shap_list_ir_5
3573,BMI,0.6420489,0.5890616,327.44495,xgb_shap_list_ir_5_subset_73,xgb_shap_list_ir_5
3574,DiabetesPedigreeFunction,0.8744386,0.6531174,445.96368,xgb_shap_list_ir_5_subset_73,xgb_shap_list_ir_5
3575,Age,0.8591395,0.5693474,438.16113,xgb_shap_list_ir_5_subset_73,xgb_shap_list_ir_5
3576,Pregnancies,0.3047954,0.20172608,155.44566,xgb_shap_list_ir_4_subset_79,xgb_shap_list_ir_4
3577,Glucose,1.1925358,0.83434474,608.19324,xgb_shap_list_ir_4_subset_79,xgb_shap_list_ir_4
3578,BloodPressure,0.21423554,0.20268561,109.260124,xgb_shap_list_ir_4_subset_79,xgb_shap_list_ir_4
3579,SkinThickness,0.30501035,0.2083458,155.55528,xgb_shap_list_ir_4_subset_79,xgb_shap_list_ir_4
3580,Insulin,0.5040577,0.42785302,257.06943,xgb_shap_list_ir_4_subset_79,xgb_shap_list_ir_4
3581,BMI,0.786259,0.74204993,400.9921,xgb_shap_list_ir_4_subset_79,xgb_shap_list_ir_4
3582,DiabetesPedigreeFunction,0.58686584,0.43027127,299.30157,xgb_shap_list_ir_4_subset_79,xgb_shap_list_ir_4
3583,Age,0.87939894,0.71429896,448.49347,xgb_shap_list_ir_4_subset_79,xgb_shap_list_ir_4
3584,Pregnancies,0.39090934,0.30877468,199.36377,xgb_shap_list_ir_3_subset_29,xgb_shap_list_ir_3
3585,Glucose,0.8190484,0.5774356,417.7147,xgb_shap_list_ir_3_subset_29,xgb_shap_list_ir_3
3586,BloodPressure,0.2719021,0.2744914,138.67007,xgb_shap_list_ir_3_subset_29,xgb_shap_list_ir_3
3587,SkinThickness,0.20981374,0.14127496,107.00501,xgb_shap_list_ir_3_subset_29,xgb_shap_list_ir_3
3588,Insulin,0.38430727,0.31504682,195.9967,xgb_shap_list_ir_3_subset_29,xgb_shap_list_ir_3
3589,BMI,0.8544095,0.7962979,435.74884,xgb_shap_list_ir_3_subset_29,xgb_shap_list_ir_3
3590,DiabetesPedigreeFunction,0.49970677,0.45789525,254.85045,xgb_shap_list_ir_3_subset_29,xgb_shap_list_ir_3
3591,Age,1.0206621,0.8318882,520.53766,xgb_shap_list_ir_3_subset_29,xgb_shap_list_ir_3
3592,Pregnancies,0.43163213,0.19726859,220.13239,xgb_shap_list_ir_1_subset_46,xgb_shap_list_ir_1
3593,Glucose,0.94190663,0.5454781,480.37238,xgb_shap_list_ir_1_subset_46,xgb_shap_list_ir_1
3594,BloodPressure,0.37819335,0.20348403,192.8786,xgb_shap_list_ir_1_subset_46,xgb_shap_list_ir_1
3595,SkinThickness,0.6237025,0.41505927,318.0883,xgb_shap_list_ir_1_subset_46,xgb_shap_list_ir_1
3596,Insulin,0.053123146,0.050738215,27.092804,xgb_shap_list_ir_1_subset_46,xgb_shap_list_ir_1
3597,BMI,1.1769606,0.8128334,600.2499,xgb_shap_list_ir_1_subset_46,xgb_shap_list_ir_1
3598,DiabetesPedigreeFunction,0.60564744,0.44442728,308.8802,xgb_shap_list_ir_1_subset_46,xgb_shap_list_ir_1
3599,Age,0.38011244,0.21479513,193.85735,xgb_shap_list_ir_1_subset_46,xgb_shap_list_ir_1
3600,Pregnancies,0.72722983,0.3656469,370.8872,xgb_shap_list_ir_2_subset_121,xgb_shap_list_ir_2
3601,Glucose,1.1541706,0.7803438,588.627,xgb_shap_list_ir_2_subset_121,xgb_shap_list_ir_2
3602,BloodPressure,0.31859112,0.23562127,162.48148,xgb_shap_list_ir_2_subset_121,xgb_shap_list_ir_2
3603,SkinThickness,0.35831177,0.24396345,182.739,xgb_shap_list_ir_2_subset_121,xgb_shap_list_ir_2
3604,Insulin,0.24131152,0.20928216,123.06888,xgb_shap_list_ir_2_subset_121,xgb_shap_list_ir_2
3605,BMI,0.6299557,0.35786796,321.2774,xgb_shap_list_ir_2_subset_121,xgb_shap_list_ir_2
3606,DiabetesPedigreeFunction,0.5203954,0.45475924,265.40164,xgb_shap_list_ir_2_subset_121,xgb_shap_list_ir_2
3607,Age,0.3577742,0.24253309,182.46484,xgb_shap_list_ir_2_subset_121,xgb_shap_list_ir_2
3608,Pregnancies,0.40704805,0.253104,207.5945,xgb_shap_list_ir_2_subset_35,xgb_shap_list_ir_2
3609,Glucose,1.1084762,0.62663776,565.3228,xgb_shap_list_ir_2_subset_35,xgb_shap_list_ir_2
3610,BloodPressure,0.30942076,0.21626258,157.8046,xgb_shap_list_ir_2_subset_35,xgb_shap_list_ir_2
3611,SkinThickness,0.3651195,0.2377302,186.21094,xgb_shap_list_ir_2_subset_35,xgb_shap_list_ir_2
3612,Insulin,0.3927899,0.32190445,200.32285,xgb_shap_list_ir_2_subset_35,xgb_shap_list_ir_2
3613,BMI,0.8169167,0.57759273,416.62753,xgb_shap_list_ir_2_subset_35,xgb_shap_list_ir_2
3614,DiabetesPedigreeFunction,0.37749982,0.27277222,192.5249,xgb_shap_list_ir_2_subset_35,xgb_shap_list_ir_2
3615,Age,0.52847385,0.3396929,269.52167,xgb_shap_list_ir_2_subset_35,xgb_shap_list_ir_2
3616,Pregnancies,0.32582697,0.19434258,166.17175,xgb_shap_list_ir_2_subset_34,xgb_shap_list_ir_2
3617,Glucose,1.1914127,0.9936736,607.6205,xgb_shap_list_ir_2_subset_34,xgb_shap_list_ir_2
3618,BloodPressure,0.47480682,0.32009223,242.15147,xgb_shap_list_ir_2_subset_34,xgb_shap_list_ir_2
3619,SkinThickness,0.29760367,0.18329152,151.77786,xgb_shap_list_ir_2_subset_34,xgb_shap_list_ir_2
3620,Insulin,0.19764623,0.17565496,100.799576,xgb_shap_list_ir_2_subset_34,xgb_shap_list_ir_2
3621,BMI,1.0903555,0.5272795,556.0813,xgb_shap_list_ir_2_subset_34,xgb_shap_list_ir_2
3622,DiabetesPedigreeFunction,0.61290395,0.4626607,312.58102,xgb_shap_list_ir_2_subset_34,xgb_shap_list_ir_2
3623,Age,0.4806585,0.33231017,245.13583,xgb_shap_list_ir_2_subset_34,xgb_shap_list_ir_2
3624,Pregnancies,0.37716895,0.22865544,192.35617,xgb_shap_list_ir_4_subset_45,xgb_shap_list_ir_4
3625,Glucose,1.6661465,1.1487494,849.73474,xgb_shap_list_ir_4_subset_45,xgb_shap_list_ir_4
3626,BloodPressure,0.2608863,0.21715386,133.05202,xgb_shap_list_ir_4_subset_45,xgb_shap_list_ir_4
3627,SkinThickness,0.2973683,0.22944696,151.65782,xgb_shap_list_ir_4_subset_45,xgb_shap_list_ir_4
3628,Insulin,0.28503537,0.1954059,145.36804,xgb_shap_list_ir_4_subset_45,xgb_shap_list_ir_4
3629,BMI,0.8871492,0.567593,452.4461,xgb_shap_list_ir_4_subset_45,xgb_shap_list_ir_4
3630,DiabetesPedigreeFunction,0.49197587,0.3649357,250.9077,xgb_shap_list_ir_4_subset_45,xgb_shap_list_ir_4
3631,Age,0.78037107,0.6670063,397.98926,xgb_shap_list_ir_4_subset_45,xgb_shap_list_ir_4
3632,Pregnancies,0.36804762,0.19875413,187.70428,xgb_shap_list_ir_3_subset_103,xgb_shap_list_ir_3
3633,Glucose,1.0969453,0.751069,559.4421,xgb_shap_list_ir_3_subset_103,xgb_shap_list_ir_3
3634,BloodPressure,0.25984672,0.18957353,132.52182,xgb_shap_list_ir_3_subset_103,xgb_shap_list_ir_3
3635,SkinThickness,0.4864882,0.23482594,248.10898,xgb_shap_list_ir_3_subset_103,xgb_shap_list_ir_3
3636,Insulin,0.45585936,0.2461603,232.48828,xgb_shap_list_ir_3_subset_103,xgb_shap_list_ir_3
3637,BMI,0.91989374,0.68403596,469.1458,xgb_shap_list_ir_3_subset_103,xgb_shap_list_ir_3
3638,DiabetesPedigreeFunction,0.7437281,0.53951234,379.30133,xgb_shap_list_ir_3_subset_103,xgb_shap_list_ir_3
3639,Age,0.91659,0.7977893,467.46088,xgb_shap_list_ir_3_subset_103,xgb_shap_list_ir_3
3640,Pregnancies,0.41043368,0.19663256,209.32118,xgb_shap_list_ir_1_subset_81,xgb_shap_list_ir_1
3641,Glucose,0.8927511,0.69490784,455.30307,xgb_shap_list_ir_1_subset_81,xgb_shap_list_ir_1
3642,BloodPressure,0.26481903,0.13563797,135.05771,xgb_shap_list_ir_1_subset_81,xgb_shap_list_ir_1
3643,SkinThickness,0.3527932,0.18303749,179.92453,xgb_shap_list_ir_1_subset_81,xgb_shap_list_ir_1
3644,Insulin,0.3053779,0.13530153,155.74274,xgb_shap_list_ir_1_subset_81,xgb_shap_list_ir_1
3645,BMI,0.7138057,0.34966883,364.0409,xgb_shap_list_ir_1_subset_81,xgb_shap_list_ir_1
3646,DiabetesPedigreeFunction,0.73341095,0.47238883,374.03958,xgb_shap_list_ir_1_subset_81,xgb_shap_list_ir_1
3647,Age,0.5896727,0.33646533,300.73306,xgb_shap_list_ir_1_subset_81,xgb_shap_list_ir_1
3648,Pregnancies,0.3417273,0.26864487,174.28091,xgb_shap_list_ir_4_subset_99,xgb_shap_list_ir_4
3649,Glucose,1.3765694,0.93056935,702.0504,xgb_shap_list_ir_4_subset_99,xgb_shap_list_ir_4
3650,BloodPressure,0.34908435,0.25863636,178.03302,xgb_shap_list_ir_4_subset_99,xgb_shap_list_ir_4
3651,SkinThickness,0.49959788,0.37852523,254.79492,xgb_shap_list_ir_4_subset_99,xgb_shap_list_ir_4
3652,Insulin,0.5690048,0.33917817,290.19244,xgb_shap_list_ir_4_subset_99,xgb_shap_list_ir_4
3653,BMI,0.6486715,0.4852352,330.82248,xgb_shap_list_ir_4_subset_99,xgb_shap_list_ir_4
3654,DiabetesPedigreeFunction,0.39219373,0.29459375,200.0188,xgb_shap_list_ir_4_subset_99,xgb_shap_list_ir_4
3655,Age,0.4783089,0.3911012,243.93753,xgb_shap_list_ir_4_subset_99,xgb_shap_list_ir_4
3656,Pregnancies,0.40644154,0.29349503,207.28519,xgb_shap_list_ir_5_subset_87,xgb_shap_list_ir_5
3657,Glucose,1.6396686,1.1425401,836.23096,xgb_shap_list_ir_5_subset_87,xgb_shap_list_ir_5
3658,BloodPressure,0.43495795,0.42033705,221.82855,xgb_shap_list_ir_5_subset_87,xgb_shap_list_ir_5
3659,SkinThickness,0.24110234,0.16005503,122.96219,xgb_shap_list_ir_5_subset_87,xgb_shap_list_ir_5
3660,Insulin,0.1799406,0.20239694,91.76971,xgb_shap_list_ir_5_subset_87,xgb_shap_list_ir_5
3661,BMI,1.0814162,0.9455425,551.5223,xgb_shap_list_ir_5_subset_87,xgb_shap_list_ir_5
3662,DiabetesPedigreeFunction,0.40005815,0.31059614,204.02966,xgb_shap_list_ir_5_subset_87,xgb_shap_list_ir_5
3663,Age,0.7233433,0.49964646,368.9051,xgb_shap_list_ir_5_subset_87,xgb_shap_list_ir_5
3664,Pregnancies,0.3590318,0.23092519,183.10622,xgb_shap_list_ir_3_subset_24,xgb_shap_list_ir_3
3665,Glucose,1.659349,0.9382034,846.26794,xgb_shap_list_ir_3_subset_24,xgb_shap_list_ir_3
3666,BloodPressure,0.36100212,0.23949203,184.11108,xgb_shap_list_ir_3_subset_24,xgb_shap_list_ir_3
3667,SkinThickness,0.23725636,0.16106938,121.00075,xgb_shap_list_ir_3_subset_24,xgb_shap_list_ir_3
3668,Insulin,0.42246446,0.41018176,215.45688,xgb_shap_list_ir_3_subset_24,xgb_shap_list_ir_3
3669,BMI,0.8392839,0.49170923,428.0348,xgb_shap_list_ir_3_subset_24,xgb_shap_list_ir_3
3670,DiabetesPedigreeFunction,0.5713708,0.44747478,291.3991,xgb_shap_list_ir_3_subset_24,xgb_shap_list_ir_3
3671,Age,0.36722386,0.30957207,187.28416,xgb_shap_list_ir_3_subset_24,xgb_shap_list_ir_3
3672,Pregnancies,0.29145968,0.24150689,148.64444,xgb_shap_list_ir_4_subset_100,xgb_shap_list_ir_4
3673,Glucose,1.6302725,1.0798874,831.43896,xgb_shap_list_ir_4_subset_100,xgb_shap_list_ir_4
3674,BloodPressure,0.22505416,0.16965593,114.77762,xgb_shap_list_ir_4_subset_100,xgb_shap_list_ir_4
3675,SkinThickness,0.2461121,0.16384944,125.517166,xgb_shap_list_ir_4_subset_100,xgb_shap_list_ir_4
3676,Insulin,0.34699288,0.3845738,176.96637,xgb_shap_list_ir_4_subset_100,xgb_shap_list_ir_4
3677,BMI,1.0338947,0.8809069,527.28625,xgb_shap_list_ir_4_subset_100,xgb_shap_list_ir_4
3678,DiabetesPedigreeFunction,0.81899524,0.5891759,417.68756,xgb_shap_list_ir_4_subset_100,xgb_shap_list_ir_4
3679,Age,0.5090893,0.3639531,259.63553,xgb_shap_list_ir_4_subset_100,xgb_shap_list_ir_4
3680,Pregnancies,0.46775728,0.31094965,238.55621,xgb_shap_list_ir_4_subset_30,xgb_shap_list_ir_4
3681,Glucose,1.3488604,0.9703348,687.9188,xgb_shap_list_ir_4_subset_30,xgb_shap_list_ir_4
3682,BloodPressure,0.37214428,0.22348887,189.79358,xgb_shap_list_ir_4_subset_30,xgb_shap_list_ir_4
3683,SkinThickness,0.27939597,0.19291836,142.49194,xgb_shap_list_ir_4_subset_30,xgb_shap_list_ir_4
3684,Insulin,0.20460372,0.22397159,104.34789,xgb_shap_list_ir_4_subset_30,xgb_shap_list_ir_4
3685,BMI,0.86382806,0.75319195,440.5523,xgb_shap_list_ir_4_subset_30,xgb_shap_list_ir_4
3686,DiabetesPedigreeFunction,0.5922086,0.4808983,302.0264,xgb_shap_list_ir_4_subset_30,xgb_shap_list_ir_4
3687,Age,0.6433147,0.39081362,328.0905,xgb_shap_list_ir_4_subset_30,xgb_shap_list_ir_4
3688,Pregnancies,0.47918138,0.3096152,244.3825,xgb_shap_list_ir_2_subset_59,xgb_shap_list_ir_2
3689,Glucose,0.9330996,0.6177497,475.8808,xgb_shap_list_ir_2_subset_59,xgb_shap_list_ir_2
3690,BloodPressure,0.3796556,0.2499097,193.62436,xgb_shap_list_ir_2_subset_59,xgb_shap_list_ir_2
3691,SkinThickness,0.25426733,0.17987244,129.67635,xgb_shap_list_ir_2_subset_59,xgb_shap_list_ir_2
3692,Insulin,0.6553402,0.3582164,334.2235,xgb_shap_list_ir_2_subset_59,xgb_shap_list_ir_2
3693,BMI,0.85670304,0.7150456,436.91855,xgb_shap_list_ir_2_subset_59,xgb_shap_list_ir_2
3694,DiabetesPedigreeFunction,0.7710672,0.5794596,393.24426,xgb_shap_list_ir_2_subset_59,xgb_shap_list_ir_2
3695,Age,0.33386782,0.28563377,170.27258,xgb_shap_list_ir_2_subset_59,xgb_shap_list_ir_2
3696,Pregnancies,0.5228425,0.33854246,266.6497,xgb_shap_list_ir_5_subset_23,xgb_shap_list_ir_5
3697,Glucose,1.7076775,1.1084987,870.9155,xgb_shap_list_ir_5_subset_23,xgb_shap_list_ir_5
3698,BloodPressure,0.21167968,0.15939705,107.956635,xgb_shap_list_ir_5_subset_23,xgb_shap_list_ir_5
3699,SkinThickness,0.29361326,0.2313159,149.74277,xgb_shap_list_ir_5_subset_23,xgb_shap_list_ir_5
3700,Insulin,0.23095869,0.20444512,117.78893,xgb_shap_list_ir_5_subset_23,xgb_shap_list_ir_5
3701,BMI,0.83017504,0.68663853,423.38928,xgb_shap_list_ir_5_subset_23,xgb_shap_list_ir_5
3702,DiabetesPedigreeFunction,0.60085386,0.45947397,306.43546,xgb_shap_list_ir_5_subset_23,xgb_shap_list_ir_5
3703,Age,0.63563496,0.40199864,324.17383,xgb_shap_list_ir_5_subset_23,xgb_shap_list_ir_5
3704,Pregnancies,0.42699474,0.2500912,217.76732,xgb_shap_list_ir_4_subset_19,xgb_shap_list_ir_4
3705,Glucose,1.2071872,0.9441905,615.66547,xgb_shap_list_ir_4_subset_19,xgb_shap_list_ir_4
3706,BloodPressure,0.26430586,0.23894785,134.79599,xgb_shap_list_ir_4_subset_19,xgb_shap_list_ir_4
3707,SkinThickness,0.25473407,0.16567516,129.91437,xgb_shap_list_ir_4_subset_19,xgb_shap_list_ir_4
3708,Insulin,0.18909527,0.16623679,96.43859,xgb_shap_list_ir_4_subset_19,xgb_shap_list_ir_4
3709,BMI,0.9083482,0.8374837,463.25757,xgb_shap_list_ir_4_subset_19,xgb_shap_list_ir_4
3710,DiabetesPedigreeFunction,0.53141886,0.44992402,271.02362,xgb_shap_list_ir_4_subset_19,xgb_shap_list_ir_4
3711,Age,0.8635429,0.49664155,440.4069,xgb_shap_list_ir_4_subset_19,xgb_shap_list_ir_4
3712,Pregnancies,0.4896036,0.36400086,249.69785,xgb_shap_list_ir_5_subset_155,xgb_shap_list_ir_5
3713,Glucose,1.8642004,1.0479593,950.7422,xgb_shap_list_ir_5_subset_155,xgb_shap_list_ir_5
3714,BloodPressure,0.28619587,0.20882799,145.9599,xgb_shap_list_ir_5_subset_155,xgb_shap_list_ir_5
3715,SkinThickness,0.5618263,0.3183426,286.5314,xgb_shap_list_ir_5_subset_155,xgb_shap_list_ir_5
3716,Insulin,0.14660034,0.1686117,74.766174,xgb_shap_list_ir_5_subset_155,xgb_shap_list_ir_5
3717,BMI,0.8121286,0.589573,414.18558,xgb_shap_list_ir_5_subset_155,xgb_shap_list_ir_5
3718,DiabetesPedigreeFunction,0.7705412,0.50743365,392.976,xgb_shap_list_ir_5_subset_155,xgb_shap_list_ir_5
3719,Age,0.31885138,0.24735227,162.61421,xgb_shap_list_ir_5_subset_155,xgb_shap_list_ir_5
3720,Pregnancies,0.807166,0.42518142,411.65466,xgb_shap_list_ir_3_subset_147,xgb_shap_list_ir_3
3721,Glucose,1.4798014,0.93045354,754.6987,xgb_shap_list_ir_3_subset_147,xgb_shap_list_ir_3
3722,BloodPressure,0.25674325,0.26279452,130.93906,xgb_shap_list_ir_3_subset_147,xgb_shap_list_ir_3
3723,SkinThickness,0.20575322,0.12792717,104.93414,xgb_shap_list_ir_3_subset_147,xgb_shap_list_ir_3
3724,Insulin,0.47061762,0.37966606,240.01498,xgb_shap_list_ir_3_subset_147,xgb_shap_list_ir_3
3725,BMI,0.5545708,0.5317255,282.83112,xgb_shap_list_ir_3_subset_147,xgb_shap_list_ir_3
3726,DiabetesPedigreeFunction,0.5847278,0.4193681,298.21118,xgb_shap_list_ir_3_subset_147,xgb_shap_list_ir_3
3727,Age,0.61027807,0.47159585,311.24182,xgb_shap_list_ir_3_subset_147,xgb_shap_list_ir_3
3728,Pregnancies,0.61099374,0.36555415,311.6068,xgb_shap_list_ir_2_subset_105,xgb_shap_list_ir_2
3729,Glucose,1.3661495,0.8232834,696.73627,xgb_shap_list_ir_2_subset_105,xgb_shap_list_ir_2
3730,BloodPressure,0.45446783,0.38044345,231.7786,xgb_shap_list_ir_2_subset_105,xgb_shap_list_ir_2
3731,SkinThickness,0.30619198,0.22900398,156.15791,xgb_shap_list_ir_2_subset_105,xgb_shap_list_ir_2
3732,Insulin,0.4516532,0.19744205,230.34314,xgb_shap_list_ir_2_subset_105,xgb_shap_list_ir_2
3733,BMI,0.5965784,0.36349377,304.255,xgb_shap_list_ir_2_subset_105,xgb_shap_list_ir_2
3734,DiabetesPedigreeFunction,0.37570906,0.25388044,191.61162,xgb_shap_list_ir_2_subset_105,xgb_shap_list_ir_2
3735,Age,0.6987065,0.46574193,356.34033,xgb_shap_list_ir_2_subset_105,xgb_shap_list_ir_2
3736,Pregnancies,0.46672797,0.29701012,238.03127,xgb_shap_list_ir_3_subset_7,xgb_shap_list_ir_3
3737,Glucose,0.9580256,0.6973968,488.59305,xgb_shap_list_ir_3_subset_7,xgb_shap_list_ir_3
3738,BloodPressure,0.4541443,0.26709425,231.61359,xgb_shap_list_ir_3_subset_7,xgb_shap_list_ir_3
3739,SkinThickness,0.31546602,0.26514837,160.88766,xgb_shap_list_ir_3_subset_7,xgb_shap_list_ir_3
3740,Insulin,0.19248971,0.15859246,98.169754,xgb_shap_list_ir_3_subset_7,xgb_shap_list_ir_3
3741,BMI,1.0669498,0.93405247,544.1444,xgb_shap_list_ir_3_subset_7,xgb_shap_list_ir_3
3742,DiabetesPedigreeFunction,0.57321244,0.42417458,292.33835,xgb_shap_list_ir_3_subset_7,xgb_shap_list_ir_3
3743,Age,0.9582517,0.69618493,488.70837,xgb_shap_list_ir_3_subset_7,xgb_shap_list_ir_3
3744,Pregnancies,0.22603218,0.16761212,115.27641,xgb_shap_list_ir_4_subset_140,xgb_shap_list_ir_4
3745,Glucose,1.3213128,0.65912503,673.8695,xgb_shap_list_ir_4_subset_140,xgb_shap_list_ir_4
3746,BloodPressure,0.42383447,0.27984548,216.15558,xgb_shap_list_ir_4_subset_140,xgb_shap_list_ir_4
3747,SkinThickness,0.19405529,0.14617686,98.9682,xgb_shap_list_ir_4_subset_140,xgb_shap_list_ir_4
3748,Insulin,0.3913452,0.29347005,199.58606,xgb_shap_list_ir_4_subset_140,xgb_shap_list_ir_4
3749,BMI,0.8718455,0.71746343,444.6412,xgb_shap_list_ir_4_subset_140,xgb_shap_list_ir_4
3750,DiabetesPedigreeFunction,0.6881472,0.6026954,350.95508,xgb_shap_list_ir_4_subset_140,xgb_shap_list_ir_4
3751,Age,0.7701479,0.50419754,392.77545,xgb_shap_list_ir_4_subset_140,xgb_shap_list_ir_4
3752,Pregnancies,0.5438855,0.39445683,277.38162,xgb_shap_list_ir_1_subset_13,xgb_shap_list_ir_1
3753,Glucose,0.50691867,0.30421656,258.52853,xgb_shap_list_ir_1_subset_13,xgb_shap_list_ir_1
3754,BloodPressure,0.41523984,0.19565886,211.77232,xgb_shap_list_ir_1_subset_13,xgb_shap_list_ir_1
3755,SkinThickness,0.38090652,0.26176828,194.26233,xgb_shap_list_ir_1_subset_13,xgb_shap_list_ir_1
3756,Insulin,0.189713,0.14363761,96.75363,xgb_shap_list_ir_1_subset_13,xgb_shap_list_ir_1
3757,BMI,0.6516921,0.2931309,332.36298,xgb_shap_list_ir_1_subset_13,xgb_shap_list_ir_1
3758,DiabetesPedigreeFunction,0.8184807,0.30323756,417.42514,xgb_shap_list_ir_1_subset_13,xgb_shap_list_ir_1
3759,Age,0.7740298,0.33216995,394.7552,xgb_shap_list_ir_1_subset_13,xgb_shap_list_ir_1
3760,Pregnancies,0.37928888,0.2096946,193.43733,xgb_shap_list_ir_4_subset_68,xgb_shap_list_ir_4
3761,Glucose,1.1253892,0.8151909,573.9485,xgb_shap_list_ir_4_subset_68,xgb_shap_list_ir_4
3762,BloodPressure,0.24292545,0.15632318,123.89198,xgb_shap_list_ir_4_subset_68,xgb_shap_list_ir_4
3763,SkinThickness,0.41578853,0.24473412,212.05215,xgb_shap_list_ir_4_subset_68,xgb_shap_list_ir_4
3764,Insulin,0.23586866,0.16849431,120.293015,xgb_shap_list_ir_4_subset_68,xgb_shap_list_ir_4
3765,BMI,0.8823312,0.64651704,449.98892,xgb_shap_list_ir_4_subset_68,xgb_shap_list_ir_4
3766,DiabetesPedigreeFunction,0.5804606,0.4256489,296.0349,xgb_shap_list_ir_4_subset_68,xgb_shap_list_ir_4
3767,Age,1.1658809,0.58367705,594.59924,xgb_shap_list_ir_4_subset_68,xgb_shap_list_ir_4
3768,Pregnancies,0.41429177,0.28506464,211.2888,xgb_shap_list_ir_3_subset_42,xgb_shap_list_ir_3
3769,Glucose,1.9735587,1.128842,1006.5149,xgb_shap_list_ir_3_subset_42,xgb_shap_list_ir_3
3770,BloodPressure,0.08155528,0.074100494,41.593193,xgb_shap_list_ir_3_subset_42,xgb_shap_list_ir_3
3771,SkinThickness,0.23438598,0.16714175,119.53685,xgb_shap_list_ir_3_subset_42,xgb_shap_list_ir_3
3772,Insulin,0.37514374,0.2935698,191.3233,xgb_shap_list_ir_3_subset_42,xgb_shap_list_ir_3
3773,BMI,0.84333724,0.6354073,430.102,xgb_shap_list_ir_3_subset_42,xgb_shap_list_ir_3
3774,DiabetesPedigreeFunction,0.7802688,0.6083597,397.93707,xgb_shap_list_ir_3_subset_42,xgb_shap_list_ir_3
3775,Age,0.24396384,0.21202767,124.421555,xgb_shap_list_ir_3_subset_42,xgb_shap_list_ir_3
3776,Pregnancies,0.35967568,0.23706418,183.4346,xgb_shap_list_ir_4_subset_113,xgb_shap_list_ir_4
3777,Glucose,1.1608196,0.9013348,592.018,xgb_shap_list_ir_4_subset_113,xgb_shap_list_ir_4
3778,BloodPressure,0.32202664,0.27486554,164.23358,xgb_shap_list_ir_4_subset_113,xgb_shap_list_ir_4
3779,SkinThickness,0.25478306,0.1808261,129.93936,xgb_shap_list_ir_4_subset_113,xgb_shap_list_ir_4
3780,Insulin,0.29718226,0.22366789,151.56296,xgb_shap_list_ir_4_subset_113,xgb_shap_list_ir_4
3781,BMI,1.2316457,1.0501974,628.1393,xgb_shap_list_ir_4_subset_113,xgb_shap_list_ir_4
3782,DiabetesPedigreeFunction,0.61454135,0.48124224,313.41608,xgb_shap_list_ir_4_subset_113,xgb_shap_list_ir_4
3783,Age,0.5582125,0.37112424,284.6884,xgb_shap_list_ir_4_subset_113,xgb_shap_list_ir_4
3784,Pregnancies,0.6304033,0.39795196,321.50568,xgb_shap_list_ir_2_subset_36,xgb_shap_list_ir_2
3785,Glucose,1.2110361,0.9042608,617.6284,xgb_shap_list_ir_2_subset_36,xgb_shap_list_ir_2
3786,BloodPressure,0.41860375,0.23023753,213.48792,xgb_shap_list_ir_2_subset_36,xgb_shap_list_ir_2
3787,SkinThickness,0.37399444,0.27976775,190.73717,xgb_shap_list_ir_2_subset_36,xgb_shap_list_ir_2
3788,Insulin,0.16867454,0.18941623,86.02402,xgb_shap_list_ir_2_subset_36,xgb_shap_list_ir_2
3789,BMI,0.7703933,0.67077917,392.9006,xgb_shap_list_ir_2_subset_36,xgb_shap_list_ir_2
3790,DiabetesPedigreeFunction,0.82980525,0.58979326,423.20068,xgb_shap_list_ir_2_subset_36,xgb_shap_list_ir_2
3791,Age,0.42617857,0.2958202,217.35107,xgb_shap_list_ir_2_subset_36,xgb_shap_list_ir_2
3792,Pregnancies,0.40389642,0.20908713,205.98717,xgb_shap_list_ir_3_subset_33,xgb_shap_list_ir_3
3793,Glucose,1.2874722,0.70493114,656.61084,xgb_shap_list_ir_3_subset_33,xgb_shap_list_ir_3
3794,BloodPressure,0.306293,0.2179226,156.20944,xgb_shap_list_ir_3_subset_33,xgb_shap_list_ir_3
3795,SkinThickness,0.1519025,0.16768643,77.470276,xgb_shap_list_ir_3_subset_33,xgb_shap_list_ir_3
3796,Insulin,0.3074627,0.2653027,156.80597,xgb_shap_list_ir_3_subset_33,xgb_shap_list_ir_3
3797,BMI,0.9418133,0.8508512,480.32477,xgb_shap_list_ir_3_subset_33,xgb_shap_list_ir_3
3798,DiabetesPedigreeFunction,0.6289198,0.447604,320.74908,xgb_shap_list_ir_3_subset_33,xgb_shap_list_ir_3
3799,Age,1.0803515,0.7243166,550.97925,xgb_shap_list_ir_3_subset_33,xgb_shap_list_ir_3
3800,Pregnancies,0.61063766,0.3627208,311.4252,xgb_shap_list_ir_3_subset_61,xgb_shap_list_ir_3
3801,Glucose,1.3116974,0.70826995,668.96564,xgb_shap_list_ir_3_subset_61,xgb_shap_list_ir_3
3802,BloodPressure,0.3066733,0.2658426,156.40338,xgb_shap_list_ir_3_subset_61,xgb_shap_list_ir_3
3803,SkinThickness,0.37308466,0.27941972,190.27318,xgb_shap_list_ir_3_subset_61,xgb_shap_list_ir_3
3804,Insulin,0.23772499,0.20539778,121.239746,xgb_shap_list_ir_3_subset_61,xgb_shap_list_ir_3
3805,BMI,0.93567324,0.7386259,477.19336,xgb_shap_list_ir_3_subset_61,xgb_shap_list_ir_3
3806,DiabetesPedigreeFunction,0.65023667,0.48334286,331.6207,xgb_shap_list_ir_3_subset_61,xgb_shap_list_ir_3
3807,Age,0.47603765,0.31778187,242.7792,xgb_shap_list_ir_3_subset_61,xgb_shap_list_ir_3
3808,Pregnancies,0.5102088,0.2851209,260.20648,xgb_shap_list_ir_5_subset_19,xgb_shap_list_ir_5
3809,Glucose,1.6944001,1.0983733,864.14404,xgb_shap_list_ir_5_subset_19,xgb_shap_list_ir_5
3810,BloodPressure,0.38536334,0.28286883,196.53531,xgb_shap_list_ir_5_subset_19,xgb_shap_list_ir_5
3811,SkinThickness,0.32322353,0.22822693,164.844,xgb_shap_list_ir_5_subset_19,xgb_shap_list_ir_5
3812,Insulin,0.24999157,0.21808635,127.4957,xgb_shap_list_ir_5_subset_19,xgb_shap_list_ir_5
3813,BMI,0.9986138,0.7920413,509.29303,xgb_shap_list_ir_5_subset_19,xgb_shap_list_ir_5
3814,DiabetesPedigreeFunction,0.6593674,0.47891858,336.27737,xgb_shap_list_ir_5_subset_19,xgb_shap_list_ir_5
3815,Age,0.49738607,0.3874959,253.6669,xgb_shap_list_ir_5_subset_19,xgb_shap_list_ir_5
3816,Pregnancies,0.3724307,0.2875343,189.93967,xgb_shap_list_ir_2_subset_48,xgb_shap_list_ir_2
3817,Glucose,1.489183,0.79482025,759.4833,xgb_shap_list_ir_2_subset_48,xgb_shap_list_ir_2
3818,BloodPressure,0.22433724,0.1431996,114.41199,xgb_shap_list_ir_2_subset_48,xgb_shap_list_ir_2
3819,SkinThickness,0.32789174,0.18804504,167.2248,xgb_shap_list_ir_2_subset_48,xgb_shap_list_ir_2
3820,Insulin,0.24891883,0.23949347,126.9486,xgb_shap_list_ir_2_subset_48,xgb_shap_list_ir_2
3821,BMI,0.95973563,0.8263651,489.46518,xgb_shap_list_ir_2_subset_48,xgb_shap_list_ir_2
3822,DiabetesPedigreeFunction,0.4824601,0.36172876,246.05466,xgb_shap_list_ir_2_subset_48,xgb_shap_list_ir_2
3823,Age,0.24200661,0.17889139,123.42337,xgb_shap_list_ir_2_subset_48,xgb_shap_list_ir_2
3824,Pregnancies,0.26041415,0.15836854,132.81122,xgb_shap_list_ir_2_subset_27,xgb_shap_list_ir_2
3825,Glucose,1.3226484,0.6047527,674.55066,xgb_shap_list_ir_2_subset_27,xgb_shap_list_ir_2
3826,BloodPressure,0.2784839,0.2147166,142.0268,xgb_shap_list_ir_2_subset_27,xgb_shap_list_ir_2
3827,SkinThickness,0.26914635,0.25134766,137.26463,xgb_shap_list_ir_2_subset_27,xgb_shap_list_ir_2
3828,Insulin,0.49924967,0.274644,254.61732,xgb_shap_list_ir_2_subset_27,xgb_shap_list_ir_2
3829,BMI,0.71308726,0.49324447,363.6745,xgb_shap_list_ir_2_subset_27,xgb_shap_list_ir_2
3830,DiabetesPedigreeFunction,0.5128661,0.34015387,261.5617,xgb_shap_list_ir_2_subset_27,xgb_shap_list_ir_2
3831,Age,0.7448236,0.566398,379.86002,xgb_shap_list_ir_2_subset_27,xgb_shap_list_ir_2
3832,Pregnancies,0.19153517,0.10581501,97.68294,xgb_shap_list_ir_1_subset_39,xgb_shap_list_ir_1
3833,Glucose,0.7045959,0.31151795,359.34393,xgb_shap_list_ir_1_subset_39,xgb_shap_list_ir_1
3834,BloodPressure,0.52077824,0.27319396,265.5969,xgb_shap_list_ir_1_subset_39,xgb_shap_list_ir_1
3835,SkinThickness,0.45571613,0.23171973,232.41522,xgb_shap_list_ir_1_subset_39,xgb_shap_list_ir_1
3836,Insulin,0.29684365,0.21602273,151.39026,xgb_shap_list_ir_1_subset_39,xgb_shap_list_ir_1
3837,BMI,0.5335934,0.40746424,272.13263,xgb_shap_list_ir_1_subset_39,xgb_shap_list_ir_1
3838,DiabetesPedigreeFunction,0.89856446,0.37652662,458.26788,xgb_shap_list_ir_1_subset_39,xgb_shap_list_ir_1
3839,Age,0.9249635,0.46283358,471.73138,xgb_shap_list_ir_1_subset_39,xgb_shap_list_ir_1
3840,Pregnancies,0.29907292,0.24849044,152.52719,xgb_shap_list_ir_5_subset_72,xgb_shap_list_ir_5
3841,Glucose,1.4589546,0.8903835,744.06683,xgb_shap_list_ir_5_subset_72,xgb_shap_list_ir_5
3842,BloodPressure,0.2951706,0.27806088,150.537,xgb_shap_list_ir_5_subset_72,xgb_shap_list_ir_5
3843,SkinThickness,0.3132694,0.22650987,159.7674,xgb_shap_list_ir_5_subset_72,xgb_shap_list_ir_5
3844,Insulin,0.26034868,0.17858632,132.77783,xgb_shap_list_ir_5_subset_72,xgb_shap_list_ir_5
3845,BMI,1.0668848,1.0366533,544.1112,xgb_shap_list_ir_5_subset_72,xgb_shap_list_ir_5
3846,DiabetesPedigreeFunction,0.65048945,0.42144784,331.74963,xgb_shap_list_ir_5_subset_72,xgb_shap_list_ir_5
3847,Age,0.5591284,0.4089704,285.1555,xgb_shap_list_ir_5_subset_72,xgb_shap_list_ir_5
3848,Pregnancies,0.7287478,0.41298604,371.66138,xgb_shap_list_ir_4_subset_85,xgb_shap_list_ir_4
3849,Glucose,1.5578082,1.0661077,794.4822,xgb_shap_list_ir_4_subset_85,xgb_shap_list_ir_4
3850,BloodPressure,0.362124,0.2741706,184.68324,xgb_shap_list_ir_4_subset_85,xgb_shap_list_ir_4
3851,SkinThickness,0.24328446,0.18553674,124.07507,xgb_shap_list_ir_4_subset_85,xgb_shap_list_ir_4
3852,Insulin,0.20601262,0.18119244,105.06644,xgb_shap_list_ir_4_subset_85,xgb_shap_list_ir_4
3853,BMI,1.0543262,1.0139288,537.70636,xgb_shap_list_ir_4_subset_85,xgb_shap_list_ir_4
3854,DiabetesPedigreeFunction,0.5998108,0.37906447,305.9035,xgb_shap_list_ir_4_subset_85,xgb_shap_list_ir_4
3855,Age,0.50327945,0.35688972,256.67252,xgb_shap_list_ir_4_subset_85,xgb_shap_list_ir_4
3856,Pregnancies,0.59549356,0.35006395,303.70172,xgb_shap_list_ir_4_subset_55,xgb_shap_list_ir_4
3857,Glucose,1.4397777,1.0269141,734.2866,xgb_shap_list_ir_4_subset_55,xgb_shap_list_ir_4
3858,BloodPressure,0.46304896,0.32395804,236.15497,xgb_shap_list_ir_4_subset_55,xgb_shap_list_ir_4
3859,SkinThickness,0.15388048,0.11528303,78.47904,xgb_shap_list_ir_4_subset_55,xgb_shap_list_ir_4
3860,Insulin,0.3326179,0.27718297,169.63513,xgb_shap_list_ir_4_subset_55,xgb_shap_list_ir_4
3861,BMI,0.76614445,0.58313787,390.73367,xgb_shap_list_ir_4_subset_55,xgb_shap_list_ir_4
3862,DiabetesPedigreeFunction,0.5781016,0.39165026,294.83182,xgb_shap_list_ir_4_subset_55,xgb_shap_list_ir_4
3863,Age,0.39388674,0.30199197,200.88223,xgb_shap_list_ir_4_subset_55,xgb_shap_list_ir_4
3864,Pregnancies,0.2744983,0.2057296,139.99414,xgb_shap_list_ir_3_subset_132,xgb_shap_list_ir_3
3865,Glucose,1.1964923,0.82839894,610.21106,xgb_shap_list_ir_3_subset_132,xgb_shap_list_ir_3
3866,BloodPressure,0.24449131,0.17822558,124.69057,xgb_shap_list_ir_3_subset_132,xgb_shap_list_ir_3
3867,SkinThickness,0.56794053,0.3461433,289.64966,xgb_shap_list_ir_3_subset_132,xgb_shap_list_ir_3
3868,Insulin,0.24237189,0.15957649,123.609665,xgb_shap_list_ir_3_subset_132,xgb_shap_list_ir_3
3869,BMI,1.0683428,0.7781702,544.85486,xgb_shap_list_ir_3_subset_132,xgb_shap_list_ir_3
3870,DiabetesPedigreeFunction,0.81372404,0.5487377,414.99927,xgb_shap_list_ir_3_subset_132,xgb_shap_list_ir_3
3871,Age,0.45170024,0.30057913,230.36713,xgb_shap_list_ir_3_subset_132,xgb_shap_list_ir_3
3872,Pregnancies,0.4343109,0.33658683,221.49857,xgb_shap_list_ir_3_subset_44,xgb_shap_list_ir_3
3873,Glucose,0.8577804,0.6330133,437.46802,xgb_shap_list_ir_3_subset_44,xgb_shap_list_ir_3
3874,BloodPressure,0.4947824,0.4437162,252.33902,xgb_shap_list_ir_3_subset_44,xgb_shap_list_ir_3
3875,SkinThickness,0.37342846,0.38653794,190.44852,xgb_shap_list_ir_3_subset_44,xgb_shap_list_ir_3
3876,Insulin,0.26197127,0.24595389,133.60535,xgb_shap_list_ir_3_subset_44,xgb_shap_list_ir_3
3877,BMI,0.9310374,0.6991788,474.8291,xgb_shap_list_ir_3_subset_44,xgb_shap_list_ir_3
3878,DiabetesPedigreeFunction,0.5838738,0.47208613,297.77563,xgb_shap_list_ir_3_subset_44,xgb_shap_list_ir_3
3879,Age,0.40640837,0.3059527,207.26826,xgb_shap_list_ir_3_subset_44,xgb_shap_list_ir_3
3880,Pregnancies,0.4630732,0.3216843,236.16733,xgb_shap_list_ir_4_subset_60,xgb_shap_list_ir_4
3881,Glucose,1.8095354,1.1425923,922.86304,xgb_shap_list_ir_4_subset_60,xgb_shap_list_ir_4
3882,BloodPressure,0.22113955,0.20522393,112.78117,xgb_shap_list_ir_4_subset_60,xgb_shap_list_ir_4
3883,SkinThickness,0.20583615,0.1698296,104.97643,xgb_shap_list_ir_4_subset_60,xgb_shap_list_ir_4
3884,Insulin,0.21270907,0.23850462,108.48163,xgb_shap_list_ir_4_subset_60,xgb_shap_list_ir_4
3885,BMI,0.7898329,0.67980176,402.8148,xgb_shap_list_ir_4_subset_60,xgb_shap_list_ir_4
3886,DiabetesPedigreeFunction,0.6321585,0.4803669,322.40085,xgb_shap_list_ir_4_subset_60,xgb_shap_list_ir_4
3887,Age,0.62339526,0.46487764,317.93158,xgb_shap_list_ir_4_subset_60,xgb_shap_list_ir_4
3888,Pregnancies,0.53472775,0.36061993,272.71115,xgb_shap_list_ir_5_subset_116,xgb_shap_list_ir_5
3889,Glucose,1.7494873,0.9377716,892.2385,xgb_shap_list_ir_5_subset_116,xgb_shap_list_ir_5
3890,BloodPressure,0.32225427,0.21930279,164.34967,xgb_shap_list_ir_5_subset_116,xgb_shap_list_ir_5
3891,SkinThickness,0.25363117,0.15744813,129.3519,xgb_shap_list_ir_5_subset_116,xgb_shap_list_ir_5
3892,Insulin,0.28334016,0.22440661,144.50348,xgb_shap_list_ir_5_subset_116,xgb_shap_list_ir_5
3893,BMI,1.0060793,0.79078084,513.10046,xgb_shap_list_ir_5_subset_116,xgb_shap_list_ir_5
3894,DiabetesPedigreeFunction,0.44304144,0.38600543,225.95114,xgb_shap_list_ir_5_subset_116,xgb_shap_list_ir_5
3895,Age,0.64848506,0.36366794,330.7274,xgb_shap_list_ir_5_subset_116,xgb_shap_list_ir_5
3896,Pregnancies,0.2892161,0.1983024,147.50021,xgb_shap_list_ir_5_subset_30,xgb_shap_list_ir_5
3897,Glucose,1.1805097,0.7881962,602.05994,xgb_shap_list_ir_5_subset_30,xgb_shap_list_ir_5
3898,BloodPressure,0.32750633,0.2788515,167.02823,xgb_shap_list_ir_5_subset_30,xgb_shap_list_ir_5
3899,SkinThickness,0.2579494,0.18190554,131.5542,xgb_shap_list_ir_5_subset_30,xgb_shap_list_ir_5
3900,Insulin,0.40461725,0.3330176,206.3548,xgb_shap_list_ir_5_subset_30,xgb_shap_list_ir_5
3901,BMI,0.8996204,0.7094178,458.8064,xgb_shap_list_ir_5_subset_30,xgb_shap_list_ir_5
3902,DiabetesPedigreeFunction,0.7008394,0.5793153,357.4281,xgb_shap_list_ir_5_subset_30,xgb_shap_list_ir_5
3903,Age,0.86773586,0.7328927,442.5453,xgb_shap_list_ir_5_subset_30,xgb_shap_list_ir_5
3904,Pregnancies,0.7840145,0.30465668,399.8474,xgb_shap_list_ir_1_subset_55,xgb_shap_list_ir_1
3905,Glucose,0.9131924,0.5640405,465.72812,xgb_shap_list_ir_1_subset_55,xgb_shap_list_ir_1
3906,BloodPressure,0.4053017,0.22968021,206.70386,xgb_shap_list_ir_1_subset_55,xgb_shap_list_ir_1
3907,SkinThickness,0.53663903,0.35652575,273.6859,xgb_shap_list_ir_1_subset_55,xgb_shap_list_ir_1
3908,Insulin,0.1688847,0.17787477,86.131195,xgb_shap_list_ir_1_subset_55,xgb_shap_list_ir_1
3909,BMI,0.6588047,0.3244324,335.99042,xgb_shap_list_ir_1_subset_55,xgb_shap_list_ir_1
3910,DiabetesPedigreeFunction,0.22781135,0.19017062,116.18379,xgb_shap_list_ir_1_subset_55,xgb_shap_list_ir_1
3911,Age,0.5298458,0.43696782,270.22134,xgb_shap_list_ir_1_subset_55,xgb_shap_list_ir_1
3912,Pregnancies,0.6249202,0.42889187,318.7093,xgb_shap_list_ir_4_subset_77,xgb_shap_list_ir_4
3913,Glucose,1.2781298,0.85567975,651.8462,xgb_shap_list_ir_4_subset_77,xgb_shap_list_ir_4
3914,BloodPressure,0.3274998,0.24779628,167.0249,xgb_shap_list_ir_4_subset_77,xgb_shap_list_ir_4
3915,SkinThickness,0.35397828,0.25136524,180.52892,xgb_shap_list_ir_4_subset_77,xgb_shap_list_ir_4
3916,Insulin,0.21122426,0.19219734,107.72437,xgb_shap_list_ir_4_subset_77,xgb_shap_list_ir_4
3917,BMI,0.9498026,0.8445245,484.39932,xgb_shap_list_ir_4_subset_77,xgb_shap_list_ir_4
3918,DiabetesPedigreeFunction,0.49212834,0.37556812,250.98546,xgb_shap_list_ir_4_subset_77,xgb_shap_list_ir_4
3919,Age,0.48626733,0.38486838,247.99634,xgb_shap_list_ir_4_subset_77,xgb_shap_list_ir_4
3920,Pregnancies,0.40917706,0.27653113,208.6803,xgb_shap_list_ir_2_subset_94,xgb_shap_list_ir_2
3921,Glucose,1.2207792,0.7963319,622.5974,xgb_shap_list_ir_2_subset_94,xgb_shap_list_ir_2
3922,BloodPressure,0.5201952,0.38549328,265.29953,xgb_shap_list_ir_2_subset_94,xgb_shap_list_ir_2
3923,SkinThickness,0.19189103,0.14857176,97.864426,xgb_shap_list_ir_2_subset_94,xgb_shap_list_ir_2
3924,Insulin,0.09530197,0.08159697,48.604004,xgb_shap_list_ir_2_subset_94,xgb_shap_list_ir_2
3925,BMI,0.5970939,0.40642682,304.51788,xgb_shap_list_ir_2_subset_94,xgb_shap_list_ir_2
3926,DiabetesPedigreeFunction,0.591744,0.54589057,301.78943,xgb_shap_list_ir_2_subset_94,xgb_shap_list_ir_2
3927,Age,0.86146146,0.65219414,439.34534,xgb_shap_list_ir_2_subset_94,xgb_shap_list_ir_2
3928,Pregnancies,0.44483155,0.3226011,226.86409,xgb_shap_list_ir_4_subset_21,xgb_shap_list_ir_4
3929,Glucose,1.5765775,1.0212823,804.05457,xgb_shap_list_ir_4_subset_21,xgb_shap_list_ir_4
3930,BloodPressure,0.25063166,0.16249964,127.82215,xgb_shap_list_ir_4_subset_21,xgb_shap_list_ir_4
3931,SkinThickness,0.18958233,0.14878903,96.68699,xgb_shap_list_ir_4_subset_21,xgb_shap_list_ir_4
3932,Insulin,0.31276208,0.26804888,159.50867,xgb_shap_list_ir_4_subset_21,xgb_shap_list_ir_4
3933,BMI,0.72007865,0.61195254,367.2401,xgb_shap_list_ir_4_subset_21,xgb_shap_list_ir_4
3934,DiabetesPedigreeFunction,0.47640905,0.32192412,242.96861,xgb_shap_list_ir_4_subset_21,xgb_shap_list_ir_4
3935,Age,0.7046241,0.51444095,359.3583,xgb_shap_list_ir_4_subset_21,xgb_shap_list_ir_4
3936,Pregnancies,1.744642,0.6891313,889.76746,xgb_shap_list_ir_1_subset_99,xgb_shap_list_ir_1
3937,Glucose,0.66567385,0.42438865,339.49365,xgb_shap_list_ir_1_subset_99,xgb_shap_list_ir_1
3938,BloodPressure,0.12689643,0.10515105,64.71718,xgb_shap_list_ir_1_subset_99,xgb_shap_list_ir_1
3939,SkinThickness,0.36436597,0.24780323,185.82664,xgb_shap_list_ir_1_subset_99,xgb_shap_list_ir_1
3940,Insulin,0.22019108,0.115891375,112.29745,xgb_shap_list_ir_1_subset_99,xgb_shap_list_ir_1
3941,BMI,0.6400995,0.46843883,326.45074,xgb_shap_list_ir_1_subset_99,xgb_shap_list_ir_1
3942,DiabetesPedigreeFunction,0.5032891,0.31250557,256.67743,xgb_shap_list_ir_1_subset_99,xgb_shap_list_ir_1
3943,Age,0.5169231,0.1907027,263.6308,xgb_shap_list_ir_1_subset_99,xgb_shap_list_ir_1
3944,Pregnancies,0.25928766,0.2081941,132.23671,xgb_shap_list_ir_1_subset_101,xgb_shap_list_ir_1
3945,Glucose,1.384555,0.34469295,706.12305,xgb_shap_list_ir_1_subset_101,xgb_shap_list_ir_1
3946,BloodPressure,0.19313198,0.16921245,98.497314,xgb_shap_list_ir_1_subset_101,xgb_shap_list_ir_1
3947,SkinThickness,0.06853204,0.052468237,34.95134,xgb_shap_list_ir_1_subset_101,xgb_shap_list_ir_1
3948,Insulin,0.72801703,0.35184062,371.2887,xgb_shap_list_ir_1_subset_101,xgb_shap_list_ir_1
3949,BMI,0.98267114,0.49100274,501.1623,xgb_shap_list_ir_1_subset_101,xgb_shap_list_ir_1
3950,DiabetesPedigreeFunction,0.8873936,0.4693898,452.57074,xgb_shap_list_ir_1_subset_101,xgb_shap_list_ir_1
3951,Age,0.35168713,0.13210307,179.36044,xgb_shap_list_ir_1_subset_101,xgb_shap_list_ir_1
3952,Pregnancies,0.17843874,0.21001722,91.00375,xgb_shap_list_ir_2_subset_150,xgb_shap_list_ir_2
3953,Glucose,1.0835141,0.5798538,552.59216,xgb_shap_list_ir_2_subset_150,xgb_shap_list_ir_2
3954,BloodPressure,0.58624387,0.37404713,298.98438,xgb_shap_list_ir_2_subset_150,xgb_shap_list_ir_2
3955,SkinThickness,0.2680648,0.20785832,136.71304,xgb_shap_list_ir_2_subset_150,xgb_shap_list_ir_2
3956,Insulin,0.20598994,0.19281523,105.05487,xgb_shap_list_ir_2_subset_150,xgb_shap_list_ir_2
3957,BMI,0.8604953,0.67516655,438.85263,xgb_shap_list_ir_2_subset_150,xgb_shap_list_ir_2
3958,DiabetesPedigreeFunction,0.5798784,0.35010278,295.73798,xgb_shap_list_ir_2_subset_150,xgb_shap_list_ir_2
3959,Age,0.48415324,0.28197253,246.91815,xgb_shap_list_ir_2_subset_150,xgb_shap_list_ir_2
3960,Pregnancies,0.90782255,0.42300466,462.9895,xgb_shap_list_ir_3_subset_114,xgb_shap_list_ir_3
3961,Glucose,1.7984322,0.9267823,917.20044,xgb_shap_list_ir_3_subset_114,xgb_shap_list_ir_3
3962,BloodPressure,0.6023578,0.3816567,307.20248,xgb_shap_list_ir_3_subset_114,xgb_shap_list_ir_3
3963,SkinThickness,0.2337564,0.17022188,119.21576,xgb_shap_list_ir_3_subset_114,xgb_shap_list_ir_3
3964,Insulin,0.25023642,0.17552254,127.62058,xgb_shap_list_ir_3_subset_114,xgb_shap_list_ir_3
3965,BMI,0.8494113,0.68673784,433.19977,xgb_shap_list_ir_3_subset_114,xgb_shap_list_ir_3
3966,DiabetesPedigreeFunction,0.55334544,0.45051965,282.20618,xgb_shap_list_ir_3_subset_114,xgb_shap_list_ir_3
3967,Age,0.39875248,0.3485552,203.36377,xgb_shap_list_ir_3_subset_114,xgb_shap_list_ir_3
3968,Pregnancies,0.14269798,0.09553153,72.77597,xgb_shap_list_ir_2_subset_115,xgb_shap_list_ir_2
3969,Glucose,0.695251,0.47037876,354.578,xgb_shap_list_ir_2_subset_115,xgb_shap_list_ir_2
3970,BloodPressure,0.337728,0.26767972,172.24127,xgb_shap_list_ir_2_subset_115,xgb_shap_list_ir_2
3971,SkinThickness,0.47479007,0.2743941,242.14293,xgb_shap_list_ir_2_subset_115,xgb_shap_list_ir_2
3972,Insulin,0.30967003,0.26243365,157.93172,xgb_shap_list_ir_2_subset_115,xgb_shap_list_ir_2
3973,BMI,1.5918982,1.0799938,811.8681,xgb_shap_list_ir_2_subset_115,xgb_shap_list_ir_2
3974,DiabetesPedigreeFunction,0.6939178,0.582887,353.89807,xgb_shap_list_ir_2_subset_115,xgb_shap_list_ir_2
3975,Age,0.38903785,0.26696596,198.4093,xgb_shap_list_ir_2_subset_115,xgb_shap_list_ir_2
3976,Pregnancies,0.24071689,0.13360056,122.76562,xgb_shap_list_ir_3_subset_79,xgb_shap_list_ir_3
3977,Glucose,1.3267778,0.8847556,676.6567,xgb_shap_list_ir_3_subset_79,xgb_shap_list_ir_3
3978,BloodPressure,0.4617793,0.29104063,235.50745,xgb_shap_list_ir_3_subset_79,xgb_shap_list_ir_3
3979,SkinThickness,0.28142697,0.19756278,143.52776,xgb_shap_list_ir_3_subset_79,xgb_shap_list_ir_3
3980,Insulin,0.21873029,0.2558481,111.552444,xgb_shap_list_ir_3_subset_79,xgb_shap_list_ir_3
3981,BMI,1.064764,0.55176324,543.02966,xgb_shap_list_ir_3_subset_79,xgb_shap_list_ir_3
3982,DiabetesPedigreeFunction,0.36827686,0.28707948,187.8212,xgb_shap_list_ir_3_subset_79,xgb_shap_list_ir_3
3983,Age,0.54642224,0.33809417,278.67535,xgb_shap_list_ir_3_subset_79,xgb_shap_list_ir_3
3984,Pregnancies,0.5899986,0.41335478,300.8993,xgb_shap_list_ir_1_subset_63,xgb_shap_list_ir_1
3985,Glucose,1.379967,0.5402217,703.78314,xgb_shap_list_ir_1_subset_63,xgb_shap_list_ir_1
3986,BloodPressure,0.21768793,0.12145332,111.02084,xgb_shap_list_ir_1_subset_63,xgb_shap_list_ir_1
3987,SkinThickness,0.35796818,0.19556946,182.56377,xgb_shap_list_ir_1_subset_63,xgb_shap_list_ir_1
3988,Insulin,0.14609662,0.1514619,74.50928,xgb_shap_list_ir_1_subset_63,xgb_shap_list_ir_1
3989,BMI,0.38970152,0.28301212,198.74777,xgb_shap_list_ir_1_subset_63,xgb_shap_list_ir_1
3990,DiabetesPedigreeFunction,0.5137984,0.33447403,262.0372,xgb_shap_list_ir_1_subset_63,xgb_shap_list_ir_1
3991,Age,0.6551451,0.31274977,334.124,xgb_shap_list_ir_1_subset_63,xgb_shap_list_ir_1
3992,Pregnancies,0.229417,0.18118612,117.00267,xgb_shap_list_ir_2_subset_122,xgb_shap_list_ir_2
3993,Glucose,1.062301,0.7142681,541.77356,xgb_shap_list_ir_2_subset_122,xgb_shap_list_ir_2
3994,BloodPressure,0.35882503,0.21634759,183.00076,xgb_shap_list_ir_2_subset_122,xgb_shap_list_ir_2
3995,SkinThickness,0.48447737,0.3211045,247.08347,xgb_shap_list_ir_2_subset_122,xgb_shap_list_ir_2
3996,Insulin,0.20900352,0.1611821,106.5918,xgb_shap_list_ir_2_subset_122,xgb_shap_list_ir_2
3997,BMI,0.8845404,0.70938194,451.1156,xgb_shap_list_ir_2_subset_122,xgb_shap_list_ir_2
3998,DiabetesPedigreeFunction,0.7618442,0.56827676,388.54056,xgb_shap_list_ir_2_subset_122,xgb_shap_list_ir_2
3999,Age,0.3808598,0.28631508,194.2385,xgb_shap_list_ir_2_subset_122,xgb_shap_list_ir_2
4000,Pregnancies,0.41543236,0.26873,211.8705,xgb_shap_list_ir_5_subset_28,xgb_shap_list_ir_5
4001,Glucose,1.7656188,0.9781557,900.4656,xgb_shap_list_ir_5_subset_28,xgb_shap_list_ir_5
4002,BloodPressure,0.34295404,0.24193084,174.90656,xgb_shap_list_ir_5_subset_28,xgb_shap_list_ir_5
4003,SkinThickness,0.31442997,0.20694223,160.35928,xgb_shap_list_ir_5_subset_28,xgb_shap_list_ir_5
4004,Insulin,0.28717107,0.23506866,146.45724,xgb_shap_list_ir_5_subset_28,xgb_shap_list_ir_5
4005,BMI,0.74209696,0.5959393,378.46945,xgb_shap_list_ir_5_subset_28,xgb_shap_list_ir_5
4006,DiabetesPedigreeFunction,0.5971046,0.5408581,304.52335,xgb_shap_list_ir_5_subset_28,xgb_shap_list_ir_5
4007,Age,0.631892,0.37167585,322.26492,xgb_shap_list_ir_5_subset_28,xgb_shap_list_ir_5
4008,Pregnancies,0.29427674,0.19887139,150.08115,xgb_shap_list_ir_5_subset_67,xgb_shap_list_ir_5
4009,Glucose,1.3527576,0.9464784,689.9064,xgb_shap_list_ir_5_subset_67,xgb_shap_list_ir_5
4010,BloodPressure,0.3163613,0.24058051,161.34427,xgb_shap_list_ir_5_subset_67,xgb_shap_list_ir_5
4011,SkinThickness,0.30798697,0.2066021,157.07336,xgb_shap_list_ir_5_subset_67,xgb_shap_list_ir_5
4012,Insulin,0.28749487,0.24898928,146.62238,xgb_shap_list_ir_5_subset_67,xgb_shap_list_ir_5
4013,BMI,1.1513042,1.0644903,587.16516,xgb_shap_list_ir_5_subset_67,xgb_shap_list_ir_5
4014,DiabetesPedigreeFunction,0.5201651,0.42752653,265.28418,xgb_shap_list_ir_5_subset_67,xgb_shap_list_ir_5
4015,Age,0.8398738,0.4890171,428.33563,xgb_shap_list_ir_5_subset_67,xgb_shap_list_ir_5
4016,Pregnancies,0.21961753,0.14579737,112.004944,xgb_shap_list_ir_2_subset_82,xgb_shap_list_ir_2
4017,Glucose,1.5584104,1.0125744,794.7893,xgb_shap_list_ir_2_subset_82,xgb_shap_list_ir_2
4018,BloodPressure,0.4854613,0.53222096,247.58527,xgb_shap_list_ir_2_subset_82,xgb_shap_list_ir_2
4019,SkinThickness,0.3043097,0.22640063,155.19795,xgb_shap_list_ir_2_subset_82,xgb_shap_list_ir_2
4020,Insulin,0.51642466,0.32649735,263.3766,xgb_shap_list_ir_2_subset_82,xgb_shap_list_ir_2
4021,BMI,0.94904476,0.50672317,484.01282,xgb_shap_list_ir_2_subset_82,xgb_shap_list_ir_2
4022,DiabetesPedigreeFunction,0.57452357,0.50876063,293.00702,xgb_shap_list_ir_2_subset_82,xgb_shap_list_ir_2
4023,Age,0.5561565,0.3390807,283.63983,xgb_shap_list_ir_2_subset_82,xgb_shap_list_ir_2
4024,Pregnancies,0.71235204,0.24101752,363.29953,xgb_shap_list_ir_1_subset_91,xgb_shap_list_ir_1
4025,Glucose,1.5573704,0.44367644,794.2589,xgb_shap_list_ir_1_subset_91,xgb_shap_list_ir_1
4026,BloodPressure,0.13846433,0.07556007,70.616806,xgb_shap_list_ir_1_subset_91,xgb_shap_list_ir_1
4027,SkinThickness,0.2464309,0.12825757,125.67976,xgb_shap_list_ir_1_subset_91,xgb_shap_list_ir_1
4028,Insulin,0.62974876,0.24155803,321.17188,xgb_shap_list_ir_1_subset_91,xgb_shap_list_ir_1
4029,BMI,0.49822053,0.2298061,254.09247,xgb_shap_list_ir_1_subset_91,xgb_shap_list_ir_1
4030,DiabetesPedigreeFunction,0.30133307,0.15998246,153.67987,xgb_shap_list_ir_1_subset_91,xgb_shap_list_ir_1
4031,Age,0.644756,0.26924837,328.82556,xgb_shap_list_ir_1_subset_91,xgb_shap_list_ir_1
4032,Pregnancies,0.34374234,0.23526126,175.3086,xgb_shap_list_ir_2_subset_127,xgb_shap_list_ir_2
4033,Glucose,1.272917,0.8036693,649.1877,xgb_shap_list_ir_2_subset_127,xgb_shap_list_ir_2
4034,BloodPressure,0.28307292,0.28590932,144.36719,xgb_shap_list_ir_2_subset_127,xgb_shap_list_ir_2
4035,SkinThickness,0.2756086,0.17776118,140.56038,xgb_shap_list_ir_2_subset_127,xgb_shap_list_ir_2
4036,Insulin,0.17806734,0.2008577,90.81435,xgb_shap_list_ir_2_subset_127,xgb_shap_list_ir_2
4037,BMI,0.70123845,0.64642847,357.63162,xgb_shap_list_ir_2_subset_127,xgb_shap_list_ir_2
4038,DiabetesPedigreeFunction,0.42831472,0.3182405,218.4405,xgb_shap_list_ir_2_subset_127,xgb_shap_list_ir_2
4039,Age,0.66323066,0.40430242,338.24765,xgb_shap_list_ir_2_subset_127,xgb_shap_list_ir_2
4040,Pregnancies,0.4063237,0.26612777,207.22508,xgb_shap_list_ir_2_subset_67,xgb_shap_list_ir_2
4041,Glucose,1.166086,0.6076011,594.70386,xgb_shap_list_ir_2_subset_67,xgb_shap_list_ir_2
4042,BloodPressure,0.49329698,0.44027257,251.58147,xgb_shap_list_ir_2_subset_67,xgb_shap_list_ir_2
4043,SkinThickness,0.3365108,0.34828413,171.62051,xgb_shap_list_ir_2_subset_67,xgb_shap_list_ir_2
4044,Insulin,0.3309751,0.22694394,168.79729,xgb_shap_list_ir_2_subset_67,xgb_shap_list_ir_2
4045,BMI,1.1941851,0.8009237,609.0344,xgb_shap_list_ir_2_subset_67,xgb_shap_list_ir_2
4046,DiabetesPedigreeFunction,0.3207195,0.33594152,163.56696,xgb_shap_list_ir_2_subset_67,xgb_shap_list_ir_2
4047,Age,0.6593811,0.47336325,336.28436,xgb_shap_list_ir_2_subset_67,xgb_shap_list_ir_2
4048,Pregnancies,0.51152354,0.2878642,260.877,xgb_shap_list_ir_4_subset_73,xgb_shap_list_ir_4
4049,Glucose,1.297886,1.0140914,661.9219,xgb_shap_list_ir_4_subset_73,xgb_shap_list_ir_4
4050,BloodPressure,0.23046839,0.23573433,117.53888,xgb_shap_list_ir_4_subset_73,xgb_shap_list_ir_4
4051,SkinThickness,0.3059128,0.27965227,156.01552,xgb_shap_list_ir_4_subset_73,xgb_shap_list_ir_4
4052,Insulin,0.23623738,0.1798977,120.481064,xgb_shap_list_ir_4_subset_73,xgb_shap_list_ir_4
4053,BMI,1.0930303,0.9677377,557.4455,xgb_shap_list_ir_4_subset_73,xgb_shap_list_ir_4
4054,DiabetesPedigreeFunction,0.3647003,0.268174,185.99715,xgb_shap_list_ir_4_subset_73,xgb_shap_list_ir_4
4055,Age,0.8572418,0.58927447,437.19333,xgb_shap_list_ir_4_subset_73,xgb_shap_list_ir_4
4056,Pregnancies,0.4777556,0.351603,243.65536,xgb_shap_list_ir_3_subset_4,xgb_shap_list_ir_3
4057,Glucose,1.5710429,0.8394056,801.2319,xgb_shap_list_ir_3_subset_4,xgb_shap_list_ir_3
4058,BloodPressure,0.29990166,0.21508662,152.94984,xgb_shap_list_ir_3_subset_4,xgb_shap_list_ir_3
4059,SkinThickness,0.21612103,0.13846363,110.221725,xgb_shap_list_ir_3_subset_4,xgb_shap_list_ir_3
4060,Insulin,0.21670632,0.29548618,110.520226,xgb_shap_list_ir_3_subset_4,xgb_shap_list_ir_3
4061,BMI,0.78305805,0.6357986,399.35962,xgb_shap_list_ir_3_subset_4,xgb_shap_list_ir_3
4062,DiabetesPedigreeFunction,0.58553296,0.57722133,298.62183,xgb_shap_list_ir_3_subset_4,xgb_shap_list_ir_3
4063,Age,0.45363098,0.3070339,231.3518,xgb_shap_list_ir_3_subset_4,xgb_shap_list_ir_3
4064,Pregnancies,0.109359466,0.100145355,55.773327,xgb_shap_list_ir_2_subset_118,xgb_shap_list_ir_2
4065,Glucose,1.272262,0.530221,648.85364,xgb_shap_list_ir_2_subset_118,xgb_shap_list_ir_2
4066,BloodPressure,0.21626443,0.15533893,110.29486,xgb_shap_list_ir_2_subset_118,xgb_shap_list_ir_2
4067,SkinThickness,0.5461667,0.3145087,278.545,xgb_shap_list_ir_2_subset_118,xgb_shap_list_ir_2
4068,Insulin,0.16102265,0.115426615,82.12155,xgb_shap_list_ir_2_subset_118,xgb_shap_list_ir_2
4069,BMI,0.903624,0.6198953,460.84824,xgb_shap_list_ir_2_subset_118,xgb_shap_list_ir_2
4070,DiabetesPedigreeFunction,0.74036866,0.5071346,377.588,xgb_shap_list_ir_2_subset_118,xgb_shap_list_ir_2
4071,Age,0.39859596,0.21269508,203.28394,xgb_shap_list_ir_2_subset_118,xgb_shap_list_ir_2
4072,Pregnancies,0.28745693,0.23341848,146.60303,xgb_shap_list_ir_3_subset_101,xgb_shap_list_ir_3
4073,Glucose,1.1740414,0.89418954,598.7611,xgb_shap_list_ir_3_subset_101,xgb_shap_list_ir_3
4074,BloodPressure,0.38690045,0.2705533,197.31923,xgb_shap_list_ir_3_subset_101,xgb_shap_list_ir_3
4075,SkinThickness,0.28141773,0.19837596,143.52304,xgb_shap_list_ir_3_subset_101,xgb_shap_list_ir_3
4076,Insulin,0.33677435,0.3596845,171.75491,xgb_shap_list_ir_3_subset_101,xgb_shap_list_ir_3
4077,BMI,0.97647566,0.83317745,498.0026,xgb_shap_list_ir_3_subset_101,xgb_shap_list_ir_3
4078,DiabetesPedigreeFunction,0.52742916,0.43736124,268.98886,xgb_shap_list_ir_3_subset_101,xgb_shap_list_ir_3
4079,Age,0.45866826,0.25044638,233.9208,xgb_shap_list_ir_3_subset_101,xgb_shap_list_ir_3
4080,Pregnancies,0.4137842,0.3765199,211.02994,xgb_shap_list_ir_5_subset_29,xgb_shap_list_ir_5
4081,Glucose,1.7729784,0.95526505,904.219,xgb_shap_list_ir_5_subset_29,xgb_shap_list_ir_5
4082,BloodPressure,0.20216931,0.16830298,103.10635,xgb_shap_list_ir_5_subset_29,xgb_shap_list_ir_5
4083,SkinThickness,0.27782393,0.16072734,141.6902,xgb_shap_list_ir_5_subset_29,xgb_shap_list_ir_5
4084,Insulin,0.41808572,0.3887028,213.22372,xgb_shap_list_ir_5_subset_29,xgb_shap_list_ir_5
4085,BMI,0.822522,0.6579573,419.4862,xgb_shap_list_ir_5_subset_29,xgb_shap_list_ir_5
4086,DiabetesPedigreeFunction,0.8010918,0.62984085,408.55682,xgb_shap_list_ir_5_subset_29,xgb_shap_list_ir_5
4087,Age,0.6665159,0.42279053,339.9231,xgb_shap_list_ir_5_subset_29,xgb_shap_list_ir_5
4088,Pregnancies,0.30962375,0.2038333,157.90811,xgb_shap_list_ir_4_subset_70,xgb_shap_list_ir_4
4089,Glucose,1.3890519,0.89785326,708.4165,xgb_shap_list_ir_4_subset_70,xgb_shap_list_ir_4
4090,BloodPressure,0.4009808,0.38326323,204.50021,xgb_shap_list_ir_4_subset_70,xgb_shap_list_ir_4
4091,SkinThickness,0.22660525,0.15613334,115.56868,xgb_shap_list_ir_4_subset_70,xgb_shap_list_ir_4
4092,Insulin,0.33751154,0.29966778,172.13089,xgb_shap_list_ir_4_subset_70,xgb_shap_list_ir_4
4093,BMI,0.9495999,0.83723974,484.29596,xgb_shap_list_ir_4_subset_70,xgb_shap_list_ir_4
4094,DiabetesPedigreeFunction,0.65816116,0.57248986,335.6622,xgb_shap_list_ir_4_subset_70,xgb_shap_list_ir_4
4095,Age,0.80663145,0.6431758,411.38205,xgb_shap_list_ir_4_subset_70,xgb_shap_list_ir_4
4096,Pregnancies,0.26545757,0.22955133,135.38336,xgb_shap_list_ir_4_subset_109,xgb_shap_list_ir_4
4097,Glucose,1.4186542,0.9037692,723.5137,xgb_shap_list_ir_4_subset_109,xgb_shap_list_ir_4
4098,BloodPressure,0.32521698,0.25109127,165.86066,xgb_shap_list_ir_4_subset_109,xgb_shap_list_ir_4
4099,SkinThickness,0.31094635,0.18726292,158.58264,xgb_shap_list_ir_4_subset_109,xgb_shap_list_ir_4
4100,Insulin,0.42463458,0.3383711,216.56363,xgb_shap_list_ir_4_subset_109,xgb_shap_list_ir_4
4101,BMI,0.97245675,0.8143694,495.95294,xgb_shap_list_ir_4_subset_109,xgb_shap_list_ir_4
4102,DiabetesPedigreeFunction,0.55735916,0.3992578,284.25317,xgb_shap_list_ir_4_subset_109,xgb_shap_list_ir_4
4103,Age,0.54416513,0.34535617,277.52423,xgb_shap_list_ir_4_subset_109,xgb_shap_list_ir_4
4104,Pregnancies,0.79689664,0.34107086,406.4173,xgb_shap_list_ir_2_subset_44,xgb_shap_list_ir_2
4105,Glucose,1.6903932,0.93360245,862.1005,xgb_shap_list_ir_2_subset_44,xgb_shap_list_ir_2
4106,BloodPressure,0.18833144,0.19219027,96.049034,xgb_shap_list_ir_2_subset_44,xgb_shap_list_ir_2
4107,SkinThickness,0.11931958,0.1027225,60.852985,xgb_shap_list_ir_2_subset_44,xgb_shap_list_ir_2
4108,Insulin,0.32078773,0.17892627,163.60175,xgb_shap_list_ir_2_subset_44,xgb_shap_list_ir_2
4109,BMI,0.5052724,0.37750798,257.6889,xgb_shap_list_ir_2_subset_44,xgb_shap_list_ir_2
4110,DiabetesPedigreeFunction,0.24320406,0.17806756,124.03407,xgb_shap_list_ir_2_subset_44,xgb_shap_list_ir_2
4111,Age,0.9943071,0.55223167,507.09662,xgb_shap_list_ir_2_subset_44,xgb_shap_list_ir_2
4112,Pregnancies,0.14855482,0.15230587,75.762955,xgb_shap_list_ir_2_subset_145,xgb_shap_list_ir_2
4113,Glucose,1.906985,1.2299659,972.5624,xgb_shap_list_ir_2_subset_145,xgb_shap_list_ir_2
4114,BloodPressure,0.58967656,0.3265699,300.73505,xgb_shap_list_ir_2_subset_145,xgb_shap_list_ir_2
4115,SkinThickness,0.24735521,0.15873803,126.15115,xgb_shap_list_ir_2_subset_145,xgb_shap_list_ir_2
4116,Insulin,0.12480741,0.10163392,63.65178,xgb_shap_list_ir_2_subset_145,xgb_shap_list_ir_2
4117,BMI,0.6133754,0.3860431,312.82147,xgb_shap_list_ir_2_subset_145,xgb_shap_list_ir_2
4118,DiabetesPedigreeFunction,0.48487973,0.34865218,247.28867,xgb_shap_list_ir_2_subset_145,xgb_shap_list_ir_2
4119,Age,0.75822777,0.47612837,386.69617,xgb_shap_list_ir_2_subset_145,xgb_shap_list_ir_2
4120,Pregnancies,0.6185164,0.38736564,315.44336,xgb_shap_list_ir_1_subset_109,xgb_shap_list_ir_1
4121,Glucose,0.7740538,0.40270233,394.76746,xgb_shap_list_ir_1_subset_109,xgb_shap_list_ir_1
4122,BloodPressure,0.10160898,0.070461094,51.82058,xgb_shap_list_ir_1_subset_109,xgb_shap_list_ir_1
4123,SkinThickness,0.50438064,0.26561892,257.23413,xgb_shap_list_ir_1_subset_109,xgb_shap_list_ir_1
4124,Insulin,0.059591137,0.042744286,30.39148,xgb_shap_list_ir_1_subset_109,xgb_shap_list_ir_1
4125,BMI,0.63570356,0.34777796,324.20883,xgb_shap_list_ir_1_subset_109,xgb_shap_list_ir_1
4126,DiabetesPedigreeFunction,0.70990235,0.39209187,362.0502,xgb_shap_list_ir_1_subset_109,xgb_shap_list_ir_1
4127,Age,0.563143,0.24485867,287.20294,xgb_shap_list_ir_1_subset_109,xgb_shap_list_ir_1
4128,Pregnancies,0.1136842,0.103303365,57.978943,xgb_shap_list_ir_5_subset_146,xgb_shap_list_ir_5
4129,Glucose,1.8260527,1.0514513,931.28687,xgb_shap_list_ir_5_subset_146,xgb_shap_list_ir_5
4130,BloodPressure,0.36622512,0.32730845,186.77481,xgb_shap_list_ir_5_subset_146,xgb_shap_list_ir_5
4131,SkinThickness,0.45968968,0.31376943,234.44174,xgb_shap_list_ir_5_subset_146,xgb_shap_list_ir_5
4132,Insulin,0.26278272,0.24700345,134.0192,xgb_shap_list_ir_5_subset_146,xgb_shap_list_ir_5
4133,BMI,0.97847503,0.8028907,499.02228,xgb_shap_list_ir_5_subset_146,xgb_shap_list_ir_5
4134,DiabetesPedigreeFunction,0.5222246,0.35156715,266.33453,xgb_shap_list_ir_5_subset_146,xgb_shap_list_ir_5
4135,Age,0.79489124,0.4337991,405.39453,xgb_shap_list_ir_5_subset_146,xgb_shap_list_ir_5
4136,Pregnancies,0.31815556,0.23917815,162.25934,xgb_shap_list_ir_3_subset_89,xgb_shap_list_ir_3
4137,Glucose,1.4933528,0.8114085,761.6099,xgb_shap_list_ir_3_subset_89,xgb_shap_list_ir_3
4138,BloodPressure,0.27946103,0.21577063,142.52512,xgb_shap_list_ir_3_subset_89,xgb_shap_list_ir_3
4139,SkinThickness,0.21846893,0.14926527,111.41916,xgb_shap_list_ir_3_subset_89,xgb_shap_list_ir_3
4140,Insulin,0.2231133,0.25657272,113.78778,xgb_shap_list_ir_3_subset_89,xgb_shap_list_ir_3
4141,BMI,1.0076455,0.67213863,513.8992,xgb_shap_list_ir_3_subset_89,xgb_shap_list_ir_3
4142,DiabetesPedigreeFunction,0.7594981,0.4428806,387.34406,xgb_shap_list_ir_3_subset_89,xgb_shap_list_ir_3
4143,Age,0.57286435,0.3736215,292.16083,xgb_shap_list_ir_3_subset_89,xgb_shap_list_ir_3
4144,Pregnancies,0.6321828,0.39506915,322.4132,xgb_shap_list_ir_3_subset_37,xgb_shap_list_ir_3
4145,Glucose,1.0130163,0.6662105,516.6383,xgb_shap_list_ir_3_subset_37,xgb_shap_list_ir_3
4146,BloodPressure,0.43689054,0.278926,222.81418,xgb_shap_list_ir_3_subset_37,xgb_shap_list_ir_3
4147,SkinThickness,0.5477942,0.31716445,279.37506,xgb_shap_list_ir_3_subset_37,xgb_shap_list_ir_3
4148,Insulin,0.263437,0.25815374,134.35287,xgb_shap_list_ir_3_subset_37,xgb_shap_list_ir_3
4149,BMI,0.9493593,0.817344,484.17325,xgb_shap_list_ir_3_subset_37,xgb_shap_list_ir_3
4150,DiabetesPedigreeFunction,0.44088152,0.25562564,224.84958,xgb_shap_list_ir_3_subset_37,xgb_shap_list_ir_3
4151,Age,0.4372018,0.2885892,222.97292,xgb_shap_list_ir_3_subset_37,xgb_shap_list_ir_3
4152,Pregnancies,0.3990831,0.1891049,203.53238,xgb_shap_list_ir_1_subset_125,xgb_shap_list_ir_1
4153,Glucose,1.0435501,0.51622486,532.2106,xgb_shap_list_ir_1_subset_125,xgb_shap_list_ir_1
4154,BloodPressure,0.30157924,0.17138393,153.8054,xgb_shap_list_ir_1_subset_125,xgb_shap_list_ir_1
4155,SkinThickness,0.1990266,0.17144743,101.50356,xgb_shap_list_ir_1_subset_125,xgb_shap_list_ir_1
4156,Insulin,0.7927313,0.26679692,404.29297,xgb_shap_list_ir_1_subset_125,xgb_shap_list_ir_1
4157,BMI,0.5728056,0.3570262,292.13086,xgb_shap_list_ir_1_subset_125,xgb_shap_list_ir_1
4158,DiabetesPedigreeFunction,0.22438478,0.18489741,114.43624,xgb_shap_list_ir_1_subset_125,xgb_shap_list_ir_1
4159,Age,0.60419905,0.27561122,308.1415,xgb_shap_list_ir_1_subset_125,xgb_shap_list_ir_1
4160,Pregnancies,0.21325894,0.14178905,108.762054,xgb_shap_list_ir_3_subset_17,xgb_shap_list_ir_3
4161,Glucose,1.5821906,0.6509853,806.91724,xgb_shap_list_ir_3_subset_17,xgb_shap_list_ir_3
4162,BloodPressure,0.32067746,0.26061803,163.5455,xgb_shap_list_ir_3_subset_17,xgb_shap_list_ir_3
4163,SkinThickness,0.25656158,0.23382312,130.8464,xgb_shap_list_ir_3_subset_17,xgb_shap_list_ir_3
4164,Insulin,0.31289595,0.31341723,159.57693,xgb_shap_list_ir_3_subset_17,xgb_shap_list_ir_3
4165,BMI,0.7719457,0.6159669,393.69232,xgb_shap_list_ir_3_subset_17,xgb_shap_list_ir_3
4166,DiabetesPedigreeFunction,0.63966185,0.4113816,326.22754,xgb_shap_list_ir_3_subset_17,xgb_shap_list_ir_3
4167,Age,1.217425,0.88540995,620.8867,xgb_shap_list_ir_3_subset_17,xgb_shap_list_ir_3
4168,Pregnancies,0.43467784,0.26598403,221.6857,xgb_shap_list_ir_2_subset_23,xgb_shap_list_ir_2
4169,Glucose,1.3854983,0.74843293,706.6041,xgb_shap_list_ir_2_subset_23,xgb_shap_list_ir_2
4170,BloodPressure,0.40295684,0.20774503,205.508,xgb_shap_list_ir_2_subset_23,xgb_shap_list_ir_2
4171,SkinThickness,0.15170458,0.11026612,77.36934,xgb_shap_list_ir_2_subset_23,xgb_shap_list_ir_2
4172,Insulin,0.3069914,0.2144273,156.56561,xgb_shap_list_ir_2_subset_23,xgb_shap_list_ir_2
4173,BMI,0.8670501,0.4465028,442.19556,xgb_shap_list_ir_2_subset_23,xgb_shap_list_ir_2
4174,DiabetesPedigreeFunction,0.8472375,0.37051508,432.09113,xgb_shap_list_ir_2_subset_23,xgb_shap_list_ir_2
4175,Age,0.4301276,0.29577693,219.36507,xgb_shap_list_ir_2_subset_23,xgb_shap_list_ir_2
4176,Pregnancies,0.634108,0.29401734,323.39508,xgb_shap_list_ir_2_subset_41,xgb_shap_list_ir_2
4177,Glucose,0.76881427,0.6808092,392.09528,xgb_shap_list_ir_2_subset_41,xgb_shap_list_ir_2
4178,BloodPressure,0.46106112,0.27065662,235.14117,xgb_shap_list_ir_2_subset_41,xgb_shap_list_ir_2
4179,SkinThickness,0.20364934,0.16293557,103.86117,xgb_shap_list_ir_2_subset_41,xgb_shap_list_ir_2
4180,Insulin,0.14450638,0.12757783,73.69826,xgb_shap_list_ir_2_subset_41,xgb_shap_list_ir_2
4181,BMI,0.83288276,0.6487457,424.7702,xgb_shap_list_ir_2_subset_41,xgb_shap_list_ir_2
4182,DiabetesPedigreeFunction,0.7651902,0.38019794,390.24698,xgb_shap_list_ir_2_subset_41,xgb_shap_list_ir_2
4183,Age,0.71840775,0.42748803,366.38794,xgb_shap_list_ir_2_subset_41,xgb_shap_list_ir_2
4184,Pregnancies,0.5415812,0.31754416,276.20642,xgb_shap_list_ir_4_subset_66,xgb_shap_list_ir_4
4185,Glucose,1.792746,1.0588205,914.3004,xgb_shap_list_ir_4_subset_66,xgb_shap_list_ir_4
4186,BloodPressure,0.31815436,0.24271396,162.25873,xgb_shap_list_ir_4_subset_66,xgb_shap_list_ir_4
4187,SkinThickness,0.17578837,0.1328099,89.65207,xgb_shap_list_ir_4_subset_66,xgb_shap_list_ir_4
4188,Insulin,0.26061797,0.2079363,132.91516,xgb_shap_list_ir_4_subset_66,xgb_shap_list_ir_4
4189,BMI,0.6495748,0.51738393,331.28314,xgb_shap_list_ir_4_subset_66,xgb_shap_list_ir_4
4190,DiabetesPedigreeFunction,0.6097519,0.41722396,310.97345,xgb_shap_list_ir_4_subset_66,xgb_shap_list_ir_4
4191,Age,0.47805357,0.33464998,243.80733,xgb_shap_list_ir_4_subset_66,xgb_shap_list_ir_4
4192,Pregnancies,0.53598285,0.36777478,273.35126,xgb_shap_list_ir_5_subset_131,xgb_shap_list_ir_5
4193,Glucose,1.3819559,0.9148067,704.7975,xgb_shap_list_ir_5_subset_131,xgb_shap_list_ir_5
4194,BloodPressure,0.47393054,0.3815562,241.70457,xgb_shap_list_ir_5_subset_131,xgb_shap_list_ir_5
4195,SkinThickness,0.22190763,0.17447355,113.17289,xgb_shap_list_ir_5_subset_131,xgb_shap_list_ir_5
4196,Insulin,0.31884244,0.28138712,162.60965,xgb_shap_list_ir_5_subset_131,xgb_shap_list_ir_5
4197,BMI,0.812458,0.6458681,414.35358,xgb_shap_list_ir_5_subset_131,xgb_shap_list_ir_5
4198,DiabetesPedigreeFunction,0.5809685,0.45279858,296.29395,xgb_shap_list_ir_5_subset_131,xgb_shap_list_ir_5
4199,Age,0.6803134,0.42936134,346.95984,xgb_shap_list_ir_5_subset_131,xgb_shap_list_ir_5
4200,Pregnancies,0.20019443,0.15779963,102.09916,xgb_shap_list_ir_2_subset_31,xgb_shap_list_ir_2
4201,Glucose,1.3748633,0.6742428,701.18024,xgb_shap_list_ir_2_subset_31,xgb_shap_list_ir_2
4202,BloodPressure,0.29935429,0.24885899,152.67068,xgb_shap_list_ir_2_subset_31,xgb_shap_list_ir_2
4203,SkinThickness,0.21713667,0.16358718,110.7397,xgb_shap_list_ir_2_subset_31,xgb_shap_list_ir_2
4204,Insulin,0.2457027,0.20589344,125.30838,xgb_shap_list_ir_2_subset_31,xgb_shap_list_ir_2
4205,BMI,0.7769704,0.7116368,396.25488,xgb_shap_list_ir_2_subset_31,xgb_shap_list_ir_2
4206,DiabetesPedigreeFunction,0.7649274,0.41444552,390.11298,xgb_shap_list_ir_2_subset_31,xgb_shap_list_ir_2
4207,Age,0.6905179,0.4436759,352.16412,xgb_shap_list_ir_2_subset_31,xgb_shap_list_ir_2
4208,Pregnancies,0.26168153,0.26289648,133.45758,xgb_shap_list_ir_4_subset_92,xgb_shap_list_ir_4
4209,Glucose,1.1427778,0.7723505,582.81665,xgb_shap_list_ir_4_subset_92,xgb_shap_list_ir_4
4210,BloodPressure,0.40559956,0.43155876,206.85577,xgb_shap_list_ir_4_subset_92,xgb_shap_list_ir_4
4211,SkinThickness,0.21592024,0.2043789,110.11932,xgb_shap_list_ir_4_subset_92,xgb_shap_list_ir_4
4212,Insulin,0.26928833,0.26503572,137.33705,xgb_shap_list_ir_4_subset_92,xgb_shap_list_ir_4
4213,BMI,1.1321126,1.0059979,577.37744,xgb_shap_list_ir_4_subset_92,xgb_shap_list_ir_4
4214,DiabetesPedigreeFunction,0.55674773,0.39920637,283.94135,xgb_shap_list_ir_4_subset_92,xgb_shap_list_ir_4
4215,Age,0.70006984,0.51353174,357.0356,xgb_shap_list_ir_4_subset_92,xgb_shap_list_ir_4
4216,Pregnancies,0.6707954,0.39830017,342.10565,xgb_shap_list_ir_4_subset_32,xgb_shap_list_ir_4
4217,Glucose,1.4720889,1.0763266,750.7654,xgb_shap_list_ir_4_subset_32,xgb_shap_list_ir_4
4218,BloodPressure,0.21682873,0.16200578,110.58266,xgb_shap_list_ir_4_subset_32,xgb_shap_list_ir_4
4219,SkinThickness,0.13865003,0.11321953,70.71152,xgb_shap_list_ir_4_subset_32,xgb_shap_list_ir_4
4220,Insulin,0.38998866,0.25074574,198.89421,xgb_shap_list_ir_4_subset_32,xgb_shap_list_ir_4
4221,BMI,0.995207,0.77617896,507.55557,xgb_shap_list_ir_4_subset_32,xgb_shap_list_ir_4
4222,DiabetesPedigreeFunction,0.40976226,0.32210413,208.97876,xgb_shap_list_ir_4_subset_32,xgb_shap_list_ir_4
4223,Age,0.5603153,0.3762742,285.7608,xgb_shap_list_ir_4_subset_32,xgb_shap_list_ir_4
4224,Pregnancies,0.26795095,0.16228172,136.65498,xgb_shap_list_ir_5_subset_130,xgb_shap_list_ir_5
4225,Glucose,1.4991138,0.91254973,764.54803,xgb_shap_list_ir_5_subset_130,xgb_shap_list_ir_5
4226,BloodPressure,0.39629537,0.39591548,202.11064,xgb_shap_list_ir_5_subset_130,xgb_shap_list_ir_5
4227,SkinThickness,0.29133072,0.20399287,148.57867,xgb_shap_list_ir_5_subset_130,xgb_shap_list_ir_5
4228,Insulin,0.29591295,0.3132031,150.9156,xgb_shap_list_ir_5_subset_130,xgb_shap_list_ir_5
4229,BMI,0.96271455,0.7214344,490.98444,xgb_shap_list_ir_5_subset_130,xgb_shap_list_ir_5
4230,DiabetesPedigreeFunction,0.39038637,0.33176026,199.09705,xgb_shap_list_ir_5_subset_130,xgb_shap_list_ir_5
4231,Age,0.7815794,0.5037259,398.60547,xgb_shap_list_ir_5_subset_130,xgb_shap_list_ir_5
4232,Pregnancies,0.31280902,0.2025877,159.5326,xgb_shap_list_ir_2_subset_117,xgb_shap_list_ir_2
4233,Glucose,0.7725341,0.4741466,393.99237,xgb_shap_list_ir_2_subset_117,xgb_shap_list_ir_2
4234,BloodPressure,0.38368675,0.30858588,195.68024,xgb_shap_list_ir_2_subset_117,xgb_shap_list_ir_2
4235,SkinThickness,0.2823454,0.2536644,143.99615,xgb_shap_list_ir_2_subset_117,xgb_shap_list_ir_2
4236,Insulin,0.3388299,0.2569645,172.80325,xgb_shap_list_ir_2_subset_117,xgb_shap_list_ir_2
4237,BMI,1.0552211,0.69919246,538.1628,xgb_shap_list_ir_2_subset_117,xgb_shap_list_ir_2
4238,DiabetesPedigreeFunction,0.50555205,0.32401636,257.83154,xgb_shap_list_ir_2_subset_117,xgb_shap_list_ir_2
4239,Age,0.7658198,0.45253956,390.56808,xgb_shap_list_ir_2_subset_117,xgb_shap_list_ir_2
4240,Pregnancies,0.13824514,0.113200516,70.50502,xgb_shap_list_ir_1_subset_41,xgb_shap_list_ir_1
4241,Glucose,0.62713313,0.34562644,319.8379,xgb_shap_list_ir_1_subset_41,xgb_shap_list_ir_1
4242,BloodPressure,0.52800894,0.28657442,269.28455,xgb_shap_list_ir_1_subset_41,xgb_shap_list_ir_1
4243,SkinThickness,0.5899614,0.277733,300.8803,xgb_shap_list_ir_1_subset_41,xgb_shap_list_ir_1
4244,Insulin,0.3848992,0.19425265,196.29858,xgb_shap_list_ir_1_subset_41,xgb_shap_list_ir_1
4245,BMI,0.5765451,0.40738785,294.03802,xgb_shap_list_ir_1_subset_41,xgb_shap_list_ir_1
4246,DiabetesPedigreeFunction,0.45382273,0.38084835,231.4496,xgb_shap_list_ir_1_subset_41,xgb_shap_list_ir_1
4247,Age,0.56715673,0.32876828,289.24994,xgb_shap_list_ir_1_subset_41,xgb_shap_list_ir_1
4248,Pregnancies,0.3744901,0.23934238,190.98996,xgb_shap_list_ir_4_subset_86,xgb_shap_list_ir_4
4249,Glucose,1.8558311,0.96512395,946.4739,xgb_shap_list_ir_4_subset_86,xgb_shap_list_ir_4
4250,BloodPressure,0.4050901,0.3189902,206.59595,xgb_shap_list_ir_4_subset_86,xgb_shap_list_ir_4
4251,SkinThickness,0.36669788,0.27162382,187.01591,xgb_shap_list_ir_4_subset_86,xgb_shap_list_ir_4
4252,Insulin,0.30562392,0.24118374,155.8682,xgb_shap_list_ir_4_subset_86,xgb_shap_list_ir_4
4253,BMI,0.67739534,0.49779555,345.47162,xgb_shap_list_ir_4_subset_86,xgb_shap_list_ir_4
4254,DiabetesPedigreeFunction,0.55124444,0.46354565,281.13467,xgb_shap_list_ir_4_subset_86,xgb_shap_list_ir_4
4255,Age,0.46836174,0.3110813,238.86449,xgb_shap_list_ir_4_subset_86,xgb_shap_list_ir_4
4256,Pregnancies,0.4885557,0.35531634,249.1634,xgb_shap_list_ir_2_subset_69,xgb_shap_list_ir_2
4257,Glucose,1.3224356,0.710402,674.44214,xgb_shap_list_ir_2_subset_69,xgb_shap_list_ir_2
4258,BloodPressure,0.37461692,0.23667899,191.05463,xgb_shap_list_ir_2_subset_69,xgb_shap_list_ir_2
4259,SkinThickness,0.7549297,0.4512122,385.01416,xgb_shap_list_ir_2_subset_69,xgb_shap_list_ir_2
4260,Insulin,0.37193963,0.18803911,189.68921,xgb_shap_list_ir_2_subset_69,xgb_shap_list_ir_2
4261,BMI,0.6162224,0.52392274,314.2734,xgb_shap_list_ir_2_subset_69,xgb_shap_list_ir_2
4262,DiabetesPedigreeFunction,0.5175409,0.37352532,263.94583,xgb_shap_list_ir_2_subset_69,xgb_shap_list_ir_2
4263,Age,0.70451397,0.26967078,359.30212,xgb_shap_list_ir_2_subset_69,xgb_shap_list_ir_2
4264,Pregnancies,0.474238,0.20419054,241.86139,xgb_shap_list_ir_2_subset_9,xgb_shap_list_ir_2
4265,Glucose,1.9906293,1.1434327,1015.22095,xgb_shap_list_ir_2_subset_9,xgb_shap_list_ir_2
4266,BloodPressure,0.31923634,0.3044823,162.81053,xgb_shap_list_ir_2_subset_9,xgb_shap_list_ir_2
4267,SkinThickness,0.4825002,0.24076429,246.0751,xgb_shap_list_ir_2_subset_9,xgb_shap_list_ir_2
4268,Insulin,0.13878919,0.09406217,70.782486,xgb_shap_list_ir_2_subset_9,xgb_shap_list_ir_2
4269,BMI,0.69345236,0.3870866,353.6607,xgb_shap_list_ir_2_subset_9,xgb_shap_list_ir_2
4270,DiabetesPedigreeFunction,0.5204781,0.47693202,265.44385,xgb_shap_list_ir_2_subset_9,xgb_shap_list_ir_2
4271,Age,0.57231385,0.32560056,291.88007,xgb_shap_list_ir_2_subset_9,xgb_shap_list_ir_2
4272,Pregnancies,0.30265325,0.15371498,154.35316,xgb_shap_list_ir_2_subset_99,xgb_shap_list_ir_2
4273,Glucose,1.024332,0.6535442,522.40936,xgb_shap_list_ir_2_subset_99,xgb_shap_list_ir_2
4274,BloodPressure,0.32538775,0.1594314,165.94775,xgb_shap_list_ir_2_subset_99,xgb_shap_list_ir_2
4275,SkinThickness,0.5300495,0.3638998,270.32526,xgb_shap_list_ir_2_subset_99,xgb_shap_list_ir_2
4276,Insulin,0.2624584,0.2137415,133.85379,xgb_shap_list_ir_2_subset_99,xgb_shap_list_ir_2
4277,BMI,0.76688784,0.5416797,391.1128,xgb_shap_list_ir_2_subset_99,xgb_shap_list_ir_2
4278,DiabetesPedigreeFunction,0.4786643,0.33071017,244.1188,xgb_shap_list_ir_2_subset_99,xgb_shap_list_ir_2
4279,Age,1.1196883,0.5477292,571.041,xgb_shap_list_ir_2_subset_99,xgb_shap_list_ir_2
4280,Pregnancies,0.43064678,0.29383796,219.62985,xgb_shap_list_ir_5_subset_140,xgb_shap_list_ir_5
4281,Glucose,1.5403174,1.0642287,785.5619,xgb_shap_list_ir_5_subset_140,xgb_shap_list_ir_5
4282,BloodPressure,0.28658843,0.28436837,146.1601,xgb_shap_list_ir_5_subset_140,xgb_shap_list_ir_5
4283,SkinThickness,0.22091289,0.16529448,112.66557,xgb_shap_list_ir_5_subset_140,xgb_shap_list_ir_5
4284,Insulin,0.39553797,0.3223932,201.72437,xgb_shap_list_ir_5_subset_140,xgb_shap_list_ir_5
4285,BMI,0.8283188,0.7405192,422.44257,xgb_shap_list_ir_5_subset_140,xgb_shap_list_ir_5
4286,DiabetesPedigreeFunction,0.48623857,0.3022883,247.98167,xgb_shap_list_ir_5_subset_140,xgb_shap_list_ir_5
4287,Age,0.68486625,0.44430792,349.2818,xgb_shap_list_ir_5_subset_140,xgb_shap_list_ir_5
4288,Pregnancies,0.35993046,0.2065061,183.56453,xgb_shap_list_ir_3_subset_38,xgb_shap_list_ir_3
4289,Glucose,1.6211782,1.1210061,826.80084,xgb_shap_list_ir_3_subset_38,xgb_shap_list_ir_3
4290,BloodPressure,0.20032306,0.15621296,102.164764,xgb_shap_list_ir_3_subset_38,xgb_shap_list_ir_3
4291,SkinThickness,0.21685974,0.1532213,110.59847,xgb_shap_list_ir_3_subset_38,xgb_shap_list_ir_3
4292,Insulin,0.3214448,0.3527531,163.93686,xgb_shap_list_ir_3_subset_38,xgb_shap_list_ir_3
4293,BMI,0.7948847,0.6381835,405.39117,xgb_shap_list_ir_3_subset_38,xgb_shap_list_ir_3
4294,DiabetesPedigreeFunction,0.73315835,0.51786834,373.91077,xgb_shap_list_ir_3_subset_38,xgb_shap_list_ir_3
4295,Age,0.61856544,0.31177464,315.46838,xgb_shap_list_ir_3_subset_38,xgb_shap_list_ir_3
4296,Pregnancies,0.3032031,0.22314097,154.63359,xgb_shap_list_ir_2_subset_112,xgb_shap_list_ir_2
4297,Glucose,0.93415433,0.7116828,476.4187,xgb_shap_list_ir_2_subset_112,xgb_shap_list_ir_2
4298,BloodPressure,0.43036374,0.35480478,219.4855,xgb_shap_list_ir_2_subset_112,xgb_shap_list_ir_2
4299,SkinThickness,0.38035104,0.32465357,193.97903,xgb_shap_list_ir_2_subset_112,xgb_shap_list_ir_2
4300,Insulin,0.27459517,0.14807585,140.04353,xgb_shap_list_ir_2_subset_112,xgb_shap_list_ir_2
4301,BMI,0.6439405,0.65844786,328.40967,xgb_shap_list_ir_2_subset_112,xgb_shap_list_ir_2
4302,DiabetesPedigreeFunction,0.61720014,0.3451015,314.77206,xgb_shap_list_ir_2_subset_112,xgb_shap_list_ir_2
4303,Age,1.1726149,0.7475586,598.0336,xgb_shap_list_ir_2_subset_112,xgb_shap_list_ir_2
4304,Pregnancies,0.27886403,0.1711391,142.22066,xgb_shap_list_ir_5_subset_120,xgb_shap_list_ir_5
4305,Glucose,1.7260588,0.8981778,880.29004,xgb_shap_list_ir_5_subset_120,xgb_shap_list_ir_5
4306,BloodPressure,0.29301998,0.31052732,149.44019,xgb_shap_list_ir_5_subset_120,xgb_shap_list_ir_5
4307,SkinThickness,0.329569,0.23593679,168.0802,xgb_shap_list_ir_5_subset_120,xgb_shap_list_ir_5
4308,Insulin,0.22758268,0.19032769,116.06717,xgb_shap_list_ir_5_subset_120,xgb_shap_list_ir_5
4309,BMI,0.8439914,0.71618223,430.4356,xgb_shap_list_ir_5_subset_120,xgb_shap_list_ir_5
4310,DiabetesPedigreeFunction,0.615391,0.43948337,313.84943,xgb_shap_list_ir_5_subset_120,xgb_shap_list_ir_5
4311,Age,1.0621709,0.7018447,541.70715,xgb_shap_list_ir_5_subset_120,xgb_shap_list_ir_5
4312,Pregnancies,0.44913054,0.24150215,229.05658,xgb_shap_list_ir_1_subset_35,xgb_shap_list_ir_1
4313,Glucose,0.6172026,0.42951664,314.77332,xgb_shap_list_ir_1_subset_35,xgb_shap_list_ir_1
4314,BloodPressure,0.43565637,0.34963575,222.18475,xgb_shap_list_ir_1_subset_35,xgb_shap_list_ir_1
4315,SkinThickness,0.71757835,0.32932884,365.96497,xgb_shap_list_ir_1_subset_35,xgb_shap_list_ir_1
4316,Insulin,0.368279,0.31324077,187.8223,xgb_shap_list_ir_1_subset_35,xgb_shap_list_ir_1
4317,BMI,0.30826536,0.16162387,157.21533,xgb_shap_list_ir_1_subset_35,xgb_shap_list_ir_1
4318,DiabetesPedigreeFunction,0.90957355,0.4359609,463.8825,xgb_shap_list_ir_1_subset_35,xgb_shap_list_ir_1
4319,Age,0.33883417,0.22806951,172.80542,xgb_shap_list_ir_1_subset_35,xgb_shap_list_ir_1
4320,Pregnancies,0.6232872,0.3975042,317.87646,xgb_shap_list_ir_4_subset_59,xgb_shap_list_ir_4
4321,Glucose,1.4278973,0.8949027,728.22766,xgb_shap_list_ir_4_subset_59,xgb_shap_list_ir_4
4322,BloodPressure,0.22702053,0.21522792,115.78047,xgb_shap_list_ir_4_subset_59,xgb_shap_list_ir_4
4323,SkinThickness,0.22537836,0.21688768,114.94296,xgb_shap_list_ir_4_subset_59,xgb_shap_list_ir_4
4324,Insulin,0.28391084,0.24871738,144.79453,xgb_shap_list_ir_4_subset_59,xgb_shap_list_ir_4
4325,BMI,1.0673239,0.8261557,544.3352,xgb_shap_list_ir_4_subset_59,xgb_shap_list_ir_4
4326,DiabetesPedigreeFunction,0.4421083,0.3512819,225.47523,xgb_shap_list_ir_4_subset_59,xgb_shap_list_ir_4
4327,Age,0.4459852,0.35915658,227.45245,xgb_shap_list_ir_4_subset_59,xgb_shap_list_ir_4
4328,Pregnancies,0.62101203,0.31872207,316.71613,xgb_shap_list_ir_2_subset_95,xgb_shap_list_ir_2
4329,Glucose,1.6802653,0.6325995,856.9353,xgb_shap_list_ir_2_subset_95,xgb_shap_list_ir_2
4330,BloodPressure,0.4780587,0.42635778,243.80994,xgb_shap_list_ir_2_subset_95,xgb_shap_list_ir_2
4331,SkinThickness,0.39265478,0.30610967,200.25394,xgb_shap_list_ir_2_subset_95,xgb_shap_list_ir_2
4332,Insulin,0.06839263,0.061386175,34.88024,xgb_shap_list_ir_2_subset_95,xgb_shap_list_ir_2
4333,BMI,0.6430743,0.4364349,327.96786,xgb_shap_list_ir_2_subset_95,xgb_shap_list_ir_2
4334,DiabetesPedigreeFunction,0.72738117,0.5097325,370.9644,xgb_shap_list_ir_2_subset_95,xgb_shap_list_ir_2
4335,Age,0.525154,0.31526083,267.82855,xgb_shap_list_ir_2_subset_95,xgb_shap_list_ir_2
4336,Pregnancies,0.1720923,0.13149522,87.767075,xgb_shap_list_ir_5_subset_96,xgb_shap_list_ir_5
4337,Glucose,1.3907058,0.90938383,709.25995,xgb_shap_list_ir_5_subset_96,xgb_shap_list_ir_5
4338,BloodPressure,0.35118285,0.27773845,179.10326,xgb_shap_list_ir_5_subset_96,xgb_shap_list_ir_5
4339,SkinThickness,0.20626834,0.14898685,105.19685,xgb_shap_list_ir_5_subset_96,xgb_shap_list_ir_5
4340,Insulin,0.46501213,0.3688137,237.15619,xgb_shap_list_ir_5_subset_96,xgb_shap_list_ir_5
4341,BMI,0.99464804,0.78169507,507.2705,xgb_shap_list_ir_5_subset_96,xgb_shap_list_ir_5
4342,DiabetesPedigreeFunction,0.45130175,0.35288697,230.1639,xgb_shap_list_ir_5_subset_96,xgb_shap_list_ir_5
4343,Age,1.0552328,0.8457783,538.1687,xgb_shap_list_ir_5_subset_96,xgb_shap_list_ir_5
4344,Pregnancies,0.19982408,0.21089989,101.91028,xgb_shap_list_ir_1_subset_27,xgb_shap_list_ir_1
4345,Glucose,0.75092953,0.33918118,382.97406,xgb_shap_list_ir_1_subset_27,xgb_shap_list_ir_1
4346,BloodPressure,0.611805,0.38575867,312.02057,xgb_shap_list_ir_1_subset_27,xgb_shap_list_ir_1
4347,SkinThickness,0.6232349,0.27488983,317.84982,xgb_shap_list_ir_1_subset_27,xgb_shap_list_ir_1
4348,Insulin,0.3453248,0.20209077,176.11566,xgb_shap_list_ir_1_subset_27,xgb_shap_list_ir_1
4349,BMI,0.7698398,0.39844882,392.61832,xgb_shap_list_ir_1_subset_27,xgb_shap_list_ir_1
4350,DiabetesPedigreeFunction,0.46366718,0.23945321,236.47026,xgb_shap_list_ir_1_subset_27,xgb_shap_list_ir_1
4351,Age,0.5328014,0.27689704,271.7287,xgb_shap_list_ir_1_subset_27,xgb_shap_list_ir_1
4352,Pregnancies,0.14395952,0.13955367,73.41936,xgb_shap_list_ir_1_subset_38,xgb_shap_list_ir_1
4353,Glucose,1.0693532,0.5432403,545.3701,xgb_shap_list_ir_1_subset_38,xgb_shap_list_ir_1
4354,BloodPressure,0.22938278,0.1618556,116.98522,xgb_shap_list_ir_1_subset_38,xgb_shap_list_ir_1
4355,SkinThickness,0.52459717,0.25761873,267.54456,xgb_shap_list_ir_1_subset_38,xgb_shap_list_ir_1
4356,Insulin,0.14558183,0.11333788,74.246735,xgb_shap_list_ir_1_subset_38,xgb_shap_list_ir_1
4357,BMI,0.60761046,0.3067668,309.88135,xgb_shap_list_ir_1_subset_38,xgb_shap_list_ir_1
4358,DiabetesPedigreeFunction,0.70266706,0.34020934,358.3602,xgb_shap_list_ir_1_subset_38,xgb_shap_list_ir_1
4359,Age,0.5407602,0.44104272,275.78772,xgb_shap_list_ir_1_subset_38,xgb_shap_list_ir_1
4360,Pregnancies,0.46827546,0.31963778,238.82048,xgb_shap_list_ir_4_subset_111,xgb_shap_list_ir_4
4361,Glucose,1.7601857,1.0831904,897.6947,xgb_shap_list_ir_4_subset_111,xgb_shap_list_ir_4
4362,BloodPressure,0.4852724,0.3502402,247.48892,xgb_shap_list_ir_4_subset_111,xgb_shap_list_ir_4
4363,SkinThickness,0.23006831,0.22440183,117.33484,xgb_shap_list_ir_4_subset_111,xgb_shap_list_ir_4
4364,Insulin,0.23554233,0.19648527,120.12659,xgb_shap_list_ir_4_subset_111,xgb_shap_list_ir_4
4365,BMI,0.5237706,0.3655165,267.123,xgb_shap_list_ir_4_subset_111,xgb_shap_list_ir_4
4366,DiabetesPedigreeFunction,0.5671244,0.47036466,289.23346,xgb_shap_list_ir_4_subset_111,xgb_shap_list_ir_4
4367,Age,0.77021986,0.49957308,392.81213,xgb_shap_list_ir_4_subset_111,xgb_shap_list_ir_4
4368,Pregnancies,0.6180116,0.44731128,315.1859,xgb_shap_list_ir_3_subset_20,xgb_shap_list_ir_3
4369,Glucose,1.510976,0.9435593,770.5977,xgb_shap_list_ir_3_subset_20,xgb_shap_list_ir_3
4370,BloodPressure,0.15339433,0.1680479,78.23111,xgb_shap_list_ir_3_subset_20,xgb_shap_list_ir_3
4371,SkinThickness,0.35384747,0.19961198,180.46222,xgb_shap_list_ir_3_subset_20,xgb_shap_list_ir_3
4372,Insulin,0.3927241,0.32185158,200.28929,xgb_shap_list_ir_3_subset_20,xgb_shap_list_ir_3
4373,BMI,0.46893364,0.3923631,239.15616,xgb_shap_list_ir_3_subset_20,xgb_shap_list_ir_3
4374,DiabetesPedigreeFunction,0.7107282,0.5207723,362.4714,xgb_shap_list_ir_3_subset_20,xgb_shap_list_ir_3
4375,Age,0.3848928,0.30227643,196.29532,xgb_shap_list_ir_3_subset_20,xgb_shap_list_ir_3
4376,Pregnancies,0.5410187,0.39029562,275.91956,xgb_shap_list_ir_3_subset_116,xgb_shap_list_ir_3
4377,Glucose,1.4027417,0.8158595,715.39825,xgb_shap_list_ir_3_subset_116,xgb_shap_list_ir_3
4378,BloodPressure,0.5487219,0.3373974,279.84818,xgb_shap_list_ir_3_subset_116,xgb_shap_list_ir_3
4379,SkinThickness,0.20069268,0.13493133,102.35327,xgb_shap_list_ir_3_subset_116,xgb_shap_list_ir_3
4380,Insulin,0.16121492,0.15594585,82.219604,xgb_shap_list_ir_3_subset_116,xgb_shap_list_ir_3
4381,BMI,0.6757767,0.6251816,344.64612,xgb_shap_list_ir_3_subset_116,xgb_shap_list_ir_3
4382,DiabetesPedigreeFunction,0.8961695,0.5571011,457.04645,xgb_shap_list_ir_3_subset_116,xgb_shap_list_ir_3
4383,Age,0.43788233,0.34453782,223.31999,xgb_shap_list_ir_3_subset_116,xgb_shap_list_ir_3
4384,Pregnancies,0.30068958,0.18488495,153.35168,xgb_shap_list_ir_2_subset_62,xgb_shap_list_ir_2
4385,Glucose,1.2605668,0.89070827,642.8891,xgb_shap_list_ir_2_subset_62,xgb_shap_list_ir_2
4386,BloodPressure,0.4011304,0.19259726,204.5765,xgb_shap_list_ir_2_subset_62,xgb_shap_list_ir_2
4387,SkinThickness,0.3009496,0.22829375,153.4843,xgb_shap_list_ir_2_subset_62,xgb_shap_list_ir_2
4388,Insulin,0.1977487,0.20667802,100.85184,xgb_shap_list_ir_2_subset_62,xgb_shap_list_ir_2
4389,BMI,0.8403799,0.5827582,428.59375,xgb_shap_list_ir_2_subset_62,xgb_shap_list_ir_2
4390,DiabetesPedigreeFunction,0.40153825,0.3026919,204.78452,xgb_shap_list_ir_2_subset_62,xgb_shap_list_ir_2
4391,Age,0.96967727,0.44389006,494.5354,xgb_shap_list_ir_2_subset_62,xgb_shap_list_ir_2
4392,Pregnancies,0.14862265,0.12635052,75.79755,xgb_shap_list_ir_2_subset_77,xgb_shap_list_ir_2
4393,Glucose,0.6621894,0.32037422,337.7166,xgb_shap_list_ir_2_subset_77,xgb_shap_list_ir_2
4394,BloodPressure,0.38135424,0.23936468,194.49066,xgb_shap_list_ir_2_subset_77,xgb_shap_list_ir_2
4395,SkinThickness,0.32220656,0.23482142,164.32535,xgb_shap_list_ir_2_subset_77,xgb_shap_list_ir_2
4396,Insulin,0.26784238,0.16811022,136.59961,xgb_shap_list_ir_2_subset_77,xgb_shap_list_ir_2
4397,BMI,1.1540325,0.91150004,588.5566,xgb_shap_list_ir_2_subset_77,xgb_shap_list_ir_2
4398,DiabetesPedigreeFunction,0.51821154,0.4404834,264.28787,xgb_shap_list_ir_2_subset_77,xgb_shap_list_ir_2
4399,Age,1.2129437,0.69260526,618.60126,xgb_shap_list_ir_2_subset_77,xgb_shap_list_ir_2
4400,Pregnancies,0.31537825,0.19995083,160.84291,xgb_shap_list_ir_1_subset_135,xgb_shap_list_ir_1
4401,Glucose,1.2807401,0.49646586,653.1775,xgb_shap_list_ir_1_subset_135,xgb_shap_list_ir_1
4402,BloodPressure,0.3625762,0.22973114,184.91385,xgb_shap_list_ir_1_subset_135,xgb_shap_list_ir_1
4403,SkinThickness,0.21375097,0.12232984,109.01299,xgb_shap_list_ir_1_subset_135,xgb_shap_list_ir_1
4404,Insulin,0.2238205,0.20938855,114.14845,xgb_shap_list_ir_1_subset_135,xgb_shap_list_ir_1
4405,BMI,0.9075068,0.43622547,462.8285,xgb_shap_list_ir_1_subset_135,xgb_shap_list_ir_1
4406,DiabetesPedigreeFunction,0.8188515,0.478823,417.61426,xgb_shap_list_ir_1_subset_135,xgb_shap_list_ir_1
4407,Age,0.35818237,0.20119151,182.673,xgb_shap_list_ir_1_subset_135,xgb_shap_list_ir_1
4408,Pregnancies,0.32927486,0.17766048,167.93018,xgb_shap_list_ir_2_subset_1,xgb_shap_list_ir_2
4409,Glucose,0.92769945,0.496644,473.1267,xgb_shap_list_ir_2_subset_1,xgb_shap_list_ir_2
4410,BloodPressure,0.49224234,0.27533364,251.0436,xgb_shap_list_ir_2_subset_1,xgb_shap_list_ir_2
4411,SkinThickness,0.37866116,0.22863702,193.11719,xgb_shap_list_ir_2_subset_1,xgb_shap_list_ir_2
4412,Insulin,0.46891552,0.2934367,239.14691,xgb_shap_list_ir_2_subset_1,xgb_shap_list_ir_2
4413,BMI,0.86691254,0.68147457,442.1254,xgb_shap_list_ir_2_subset_1,xgb_shap_list_ir_2
4414,DiabetesPedigreeFunction,0.6983207,0.34107235,356.14355,xgb_shap_list_ir_2_subset_1,xgb_shap_list_ir_2
4415,Age,0.80645484,0.5249231,411.29196,xgb_shap_list_ir_2_subset_1,xgb_shap_list_ir_2
4416,Pregnancies,0.61555994,0.32393184,313.93558,xgb_shap_list_ir_3_subset_72,xgb_shap_list_ir_3
4417,Glucose,1.288449,0.8318831,657.109,xgb_shap_list_ir_3_subset_72,xgb_shap_list_ir_3
4418,BloodPressure,0.27214605,0.1904331,138.79448,xgb_shap_list_ir_3_subset_72,xgb_shap_list_ir_3
4419,SkinThickness,0.1998574,0.12850124,101.92728,xgb_shap_list_ir_3_subset_72,xgb_shap_list_ir_3
4420,Insulin,0.28967598,0.23686586,147.73476,xgb_shap_list_ir_3_subset_72,xgb_shap_list_ir_3
4421,BMI,0.6924276,0.5494282,353.13806,xgb_shap_list_ir_3_subset_72,xgb_shap_list_ir_3
4422,DiabetesPedigreeFunction,0.7951775,0.6838391,405.54053,xgb_shap_list_ir_3_subset_72,xgb_shap_list_ir_3
4423,Age,0.7800235,0.44784507,397.81198,xgb_shap_list_ir_3_subset_72,xgb_shap_list_ir_3
4424,Pregnancies,0.5059714,0.4821421,258.0454,xgb_shap_list_ir_2_subset_63,xgb_shap_list_ir_2
4425,Glucose,1.5014459,0.50172144,765.7374,xgb_shap_list_ir_2_subset_63,xgb_shap_list_ir_2
4426,BloodPressure,0.43044558,0.2682863,219.52725,xgb_shap_list_ir_2_subset_63,xgb_shap_list_ir_2
4427,SkinThickness,0.1742169,0.10781922,88.85062,xgb_shap_list_ir_2_subset_63,xgb_shap_list_ir_2
4428,Insulin,0.3618274,0.33304054,184.53198,xgb_shap_list_ir_2_subset_63,xgb_shap_list_ir_2
4429,BMI,1.0411935,0.66548127,531.00867,xgb_shap_list_ir_2_subset_63,xgb_shap_list_ir_2
4430,DiabetesPedigreeFunction,0.59587896,0.41333202,303.89825,xgb_shap_list_ir_2_subset_63,xgb_shap_list_ir_2
4431,Age,0.43640634,0.23900242,222.56723,xgb_shap_list_ir_2_subset_63,xgb_shap_list_ir_2
4432,Pregnancies,0.3076243,0.13841905,156.8884,xgb_shap_list_ir_2_subset_11,xgb_shap_list_ir_2
4433,Glucose,1.224898,0.67432857,624.698,xgb_shap_list_ir_2_subset_11,xgb_shap_list_ir_2
4434,BloodPressure,0.38214284,0.2287938,194.89285,xgb_shap_list_ir_2_subset_11,xgb_shap_list_ir_2
4435,SkinThickness,0.44213185,0.24487792,225.48724,xgb_shap_list_ir_2_subset_11,xgb_shap_list_ir_2
4436,Insulin,0.5574963,0.44475314,284.32312,xgb_shap_list_ir_2_subset_11,xgb_shap_list_ir_2
4437,BMI,0.5853799,0.49198312,298.54376,xgb_shap_list_ir_2_subset_11,xgb_shap_list_ir_2
4438,DiabetesPedigreeFunction,0.42038977,0.29838455,214.39879,xgb_shap_list_ir_2_subset_11,xgb_shap_list_ir_2
4439,Age,0.5897073,0.32528073,300.75073,xgb_shap_list_ir_2_subset_11,xgb_shap_list_ir_2
4440,Pregnancies,0.31065407,0.20390555,158.43358,xgb_shap_list_ir_5_subset_124,xgb_shap_list_ir_5
4441,Glucose,1.2799106,0.7939625,652.7544,xgb_shap_list_ir_5_subset_124,xgb_shap_list_ir_5
4442,BloodPressure,0.3759476,0.30921185,191.73328,xgb_shap_list_ir_5_subset_124,xgb_shap_list_ir_5
4443,SkinThickness,0.2466502,0.20580317,125.7916,xgb_shap_list_ir_5_subset_124,xgb_shap_list_ir_5
4444,Insulin,0.41620559,0.36117586,212.26485,xgb_shap_list_ir_5_subset_124,xgb_shap_list_ir_5
4445,BMI,0.9280816,0.87229306,473.3216,xgb_shap_list_ir_5_subset_124,xgb_shap_list_ir_5
4446,DiabetesPedigreeFunction,0.71223795,0.4420042,363.24136,xgb_shap_list_ir_5_subset_124,xgb_shap_list_ir_5
4447,Age,0.6590695,0.51579833,336.12543,xgb_shap_list_ir_5_subset_124,xgb_shap_list_ir_5
4448,Pregnancies,0.36140895,0.27835923,184.31856,xgb_shap_list_ir_5_subset_152,xgb_shap_list_ir_5
4449,Glucose,1.2821358,1.1232523,653.8893,xgb_shap_list_ir_5_subset_152,xgb_shap_list_ir_5
4450,BloodPressure,0.46815726,0.36745825,238.76021,xgb_shap_list_ir_5_subset_152,xgb_shap_list_ir_5
4451,SkinThickness,0.31941086,0.24478592,162.89954,xgb_shap_list_ir_5_subset_152,xgb_shap_list_ir_5
4452,Insulin,0.255759,0.25595573,130.43709,xgb_shap_list_ir_5_subset_152,xgb_shap_list_ir_5
4453,BMI,0.84958375,0.8294014,433.28772,xgb_shap_list_ir_5_subset_152,xgb_shap_list_ir_5
4454,DiabetesPedigreeFunction,0.6101989,0.39176533,311.20145,xgb_shap_list_ir_5_subset_152,xgb_shap_list_ir_5
4455,Age,0.5331766,0.31666234,271.92007,xgb_shap_list_ir_5_subset_152,xgb_shap_list_ir_5
4456,Pregnancies,0.31072697,0.2925031,158.47075,xgb_shap_list_ir_2_subset_78,xgb_shap_list_ir_2
4457,Glucose,0.9327825,0.5059874,475.71906,xgb_shap_list_ir_2_subset_78,xgb_shap_list_ir_2
4458,BloodPressure,0.33316016,0.21464565,169.91168,xgb_shap_list_ir_2_subset_78,xgb_shap_list_ir_2
4459,SkinThickness,0.29839784,0.18634067,152.18289,xgb_shap_list_ir_2_subset_78,xgb_shap_list_ir_2
4460,Insulin,0.40886548,0.27099523,208.5214,xgb_shap_list_ir_2_subset_78,xgb_shap_list_ir_2
4461,BMI,0.72663224,0.5949507,370.58243,xgb_shap_list_ir_2_subset_78,xgb_shap_list_ir_2
4462,DiabetesPedigreeFunction,0.47636977,0.36781973,242.94858,xgb_shap_list_ir_2_subset_78,xgb_shap_list_ir_2
4463,Age,0.7474699,0.38537335,381.20966,xgb_shap_list_ir_2_subset_78,xgb_shap_list_ir_2
4464,Pregnancies,0.38790092,0.24866985,197.82947,xgb_shap_list_ir_3_subset_60,xgb_shap_list_ir_3
4465,Glucose,1.4874614,1.0447356,758.60535,xgb_shap_list_ir_3_subset_60,xgb_shap_list_ir_3
4466,BloodPressure,0.3967138,0.27817953,202.32404,xgb_shap_list_ir_3_subset_60,xgb_shap_list_ir_3
4467,SkinThickness,0.29404292,0.2993439,149.96188,xgb_shap_list_ir_3_subset_60,xgb_shap_list_ir_3
4468,Insulin,0.3437428,0.32648316,175.30882,xgb_shap_list_ir_3_subset_60,xgb_shap_list_ir_3
4469,BMI,1.0795927,0.68160415,550.5923,xgb_shap_list_ir_3_subset_60,xgb_shap_list_ir_3
4470,DiabetesPedigreeFunction,0.31161976,0.2307078,158.92607,xgb_shap_list_ir_3_subset_60,xgb_shap_list_ir_3
4471,Age,0.874253,0.59368527,445.86902,xgb_shap_list_ir_3_subset_60,xgb_shap_list_ir_3
4472,Pregnancies,0.52469575,0.33535734,267.59485,xgb_shap_list_ir_2_subset_91,xgb_shap_list_ir_2
4473,Glucose,1.7321029,1.1792092,883.37244,xgb_shap_list_ir_2_subset_91,xgb_shap_list_ir_2
4474,BloodPressure,0.2581826,0.168503,131.67311,xgb_shap_list_ir_2_subset_91,xgb_shap_list_ir_2
4475,SkinThickness,0.19259474,0.15021761,98.22331,xgb_shap_list_ir_2_subset_91,xgb_shap_list_ir_2
4476,Insulin,0.19783418,0.13759774,100.89543,xgb_shap_list_ir_2_subset_91,xgb_shap_list_ir_2
4477,BMI,0.38785622,0.35688078,197.80667,xgb_shap_list_ir_2_subset_91,xgb_shap_list_ir_2
4478,DiabetesPedigreeFunction,0.36357883,0.27094826,185.4252,xgb_shap_list_ir_2_subset_91,xgb_shap_list_ir_2
4479,Age,0.47860715,0.2883802,244.08965,xgb_shap_list_ir_2_subset_91,xgb_shap_list_ir_2
4480,Pregnancies,0.247014,0.14348325,125.97714,xgb_shap_list_ir_2_subset_37,xgb_shap_list_ir_2
4481,Glucose,0.9570953,0.65490025,488.11862,xgb_shap_list_ir_2_subset_37,xgb_shap_list_ir_2
4482,BloodPressure,0.3269683,0.28520525,166.75385,xgb_shap_list_ir_2_subset_37,xgb_shap_list_ir_2
4483,SkinThickness,0.34329087,0.2966971,175.07834,xgb_shap_list_ir_2_subset_37,xgb_shap_list_ir_2
4484,Insulin,0.22928634,0.20654066,116.936035,xgb_shap_list_ir_2_subset_37,xgb_shap_list_ir_2
4485,BMI,0.8712266,0.6567736,444.32556,xgb_shap_list_ir_2_subset_37,xgb_shap_list_ir_2
4486,DiabetesPedigreeFunction,0.7909867,0.42542872,403.40323,xgb_shap_list_ir_2_subset_37,xgb_shap_list_ir_2
4487,Age,0.40466022,0.29981986,206.37671,xgb_shap_list_ir_2_subset_37,xgb_shap_list_ir_2
4488,Pregnancies,0.39885882,0.29862323,203.418,xgb_shap_list_ir_4_subset_126,xgb_shap_list_ir_4
4489,Glucose,1.5107946,0.87087107,770.50525,xgb_shap_list_ir_4_subset_126,xgb_shap_list_ir_4
4490,BloodPressure,0.44876432,0.31174576,228.86981,xgb_shap_list_ir_4_subset_126,xgb_shap_list_ir_4
4491,SkinThickness,0.24687453,0.17854695,125.906006,xgb_shap_list_ir_4_subset_126,xgb_shap_list_ir_4
4492,Insulin,0.26854947,0.214931,136.96024,xgb_shap_list_ir_4_subset_126,xgb_shap_list_ir_4
4493,BMI,1.0164443,0.7761899,518.3866,xgb_shap_list_ir_4_subset_126,xgb_shap_list_ir_4
4494,DiabetesPedigreeFunction,0.739278,0.70462155,377.0318,xgb_shap_list_ir_4_subset_126,xgb_shap_list_ir_4
4495,Age,0.5657801,0.5498685,288.54785,xgb_shap_list_ir_4_subset_126,xgb_shap_list_ir_4
4496,Pregnancies,0.4834067,0.27390093,246.53741,xgb_shap_list_ir_1_subset_112,xgb_shap_list_ir_1
4497,Glucose,1.2240441,0.49239185,624.2625,xgb_shap_list_ir_1_subset_112,xgb_shap_list_ir_1
4498,BloodPressure,0.30272222,0.21924715,154.38834,xgb_shap_list_ir_1_subset_112,xgb_shap_list_ir_1
4499,SkinThickness,0.20921923,0.14663841,106.701805,xgb_shap_list_ir_1_subset_112,xgb_shap_list_ir_1
4500,Insulin,0.12309074,0.080399945,62.776276,xgb_shap_list_ir_1_subset_112,xgb_shap_list_ir_1
4501,BMI,0.69307417,0.31954795,353.46783,xgb_shap_list_ir_1_subset_112,xgb_shap_list_ir_1
4502,DiabetesPedigreeFunction,0.4146908,0.33491254,211.49231,xgb_shap_list_ir_1_subset_112,xgb_shap_list_ir_1
4503,Age,0.65166163,0.3056541,332.34744,xgb_shap_list_ir_1_subset_112,xgb_shap_list_ir_1
4504,Pregnancies,0.6429537,0.2075332,327.90637,xgb_shap_list_ir_1_subset_44,xgb_shap_list_ir_1
4505,Glucose,0.9275845,0.6516294,473.0681,xgb_shap_list_ir_1_subset_44,xgb_shap_list_ir_1
4506,BloodPressure,0.270892,0.17347665,138.15492,xgb_shap_list_ir_1_subset_44,xgb_shap_list_ir_1
4507,SkinThickness,0.42739618,0.2903884,217.97205,xgb_shap_list_ir_1_subset_44,xgb_shap_list_ir_1
4508,Insulin,0.5835637,0.21232407,297.6175,xgb_shap_list_ir_1_subset_44,xgb_shap_list_ir_1
4509,BMI,0.38010186,0.23803127,193.85194,xgb_shap_list_ir_1_subset_44,xgb_shap_list_ir_1
4510,DiabetesPedigreeFunction,1.1744722,0.25679,598.98083,xgb_shap_list_ir_1_subset_44,xgb_shap_list_ir_1
4511,Age,1.1111438,0.44598502,566.68335,xgb_shap_list_ir_1_subset_44,xgb_shap_list_ir_1
4512,Pregnancies,0.711839,0.36122996,363.0379,xgb_shap_list_ir_2_subset_160,xgb_shap_list_ir_2
4513,Glucose,1.3365854,0.8987174,681.65857,xgb_shap_list_ir_2_subset_160,xgb_shap_list_ir_2
4514,BloodPressure,0.51116574,0.3255293,260.69452,xgb_shap_list_ir_2_subset_160,xgb_shap_list_ir_2
4515,SkinThickness,0.73405105,0.31903484,374.36603,xgb_shap_list_ir_2_subset_160,xgb_shap_list_ir_2
4516,Insulin,0.28578255,0.15925968,145.7491,xgb_shap_list_ir_2_subset_160,xgb_shap_list_ir_2
4517,BMI,1.1618499,0.6766018,592.54346,xgb_shap_list_ir_2_subset_160,xgb_shap_list_ir_2
4518,DiabetesPedigreeFunction,0.5143129,0.36415634,262.2996,xgb_shap_list_ir_2_subset_160,xgb_shap_list_ir_2
4519,Age,0.38207835,0.22360194,194.85995,xgb_shap_list_ir_2_subset_160,xgb_shap_list_ir_2
4520,Pregnancies,0.32549474,0.1875649,166.00232,xgb_shap_list_ir_1_subset_150,xgb_shap_list_ir_1
4521,Glucose,0.51641315,0.2635164,263.3707,xgb_shap_list_ir_1_subset_150,xgb_shap_list_ir_1
4522,BloodPressure,0.6253837,0.37052894,318.94568,xgb_shap_list_ir_1_subset_150,xgb_shap_list_ir_1
4523,SkinThickness,0.41120082,0.14335401,209.71242,xgb_shap_list_ir_1_subset_150,xgb_shap_list_ir_1
4524,Insulin,0.24703151,0.15569161,125.98607,xgb_shap_list_ir_1_subset_150,xgb_shap_list_ir_1
4525,BMI,0.88098645,0.53065044,449.3031,xgb_shap_list_ir_1_subset_150,xgb_shap_list_ir_1
4526,DiabetesPedigreeFunction,0.67494,0.36298224,344.2194,xgb_shap_list_ir_1_subset_150,xgb_shap_list_ir_1
4527,Age,0.76129663,0.37880585,388.2613,xgb_shap_list_ir_1_subset_150,xgb_shap_list_ir_1
4528,Pregnancies,0.39477542,0.306999,201.33546,xgb_shap_list_ir_5_subset_129,xgb_shap_list_ir_5
4529,Glucose,1.7371215,1.0309423,885.93195,xgb_shap_list_ir_5_subset_129,xgb_shap_list_ir_5
4530,BloodPressure,0.33946884,0.25357726,173.1291,xgb_shap_list_ir_5_subset_129,xgb_shap_list_ir_5
4531,SkinThickness,0.21173999,0.17119631,107.9874,xgb_shap_list_ir_5_subset_129,xgb_shap_list_ir_5
4532,Insulin,0.39205608,0.33693814,199.9486,xgb_shap_list_ir_5_subset_129,xgb_shap_list_ir_5
4533,BMI,0.87354773,0.90231097,445.50934,xgb_shap_list_ir_5_subset_129,xgb_shap_list_ir_5
4534,DiabetesPedigreeFunction,0.60546815,0.3756241,308.78876,xgb_shap_list_ir_5_subset_129,xgb_shap_list_ir_5
4535,Age,0.8291419,0.49642476,422.86237,xgb_shap_list_ir_5_subset_129,xgb_shap_list_ir_5
4536,Pregnancies,0.3936251,0.3021815,200.74881,xgb_shap_list_ir_2_subset_6,xgb_shap_list_ir_2
4537,Glucose,0.9195448,0.54282373,468.96786,xgb_shap_list_ir_2_subset_6,xgb_shap_list_ir_2
4538,BloodPressure,0.48834306,0.30461103,249.05496,xgb_shap_list_ir_2_subset_6,xgb_shap_list_ir_2
4539,SkinThickness,0.2493957,0.25311992,127.1918,xgb_shap_list_ir_2_subset_6,xgb_shap_list_ir_2
4540,Insulin,0.26275998,0.17820384,134.0076,xgb_shap_list_ir_2_subset_6,xgb_shap_list_ir_2
4541,BMI,1.2798046,0.86025786,652.7003,xgb_shap_list_ir_2_subset_6,xgb_shap_list_ir_2
4542,DiabetesPedigreeFunction,0.59247893,0.38574076,302.16425,xgb_shap_list_ir_2_subset_6,xgb_shap_list_ir_2
4543,Age,0.9803985,0.497895,500.00323,xgb_shap_list_ir_2_subset_6,xgb_shap_list_ir_2
4544,Pregnancies,0.33373785,0.17207246,170.2063,xgb_shap_list_ir_3_subset_27,xgb_shap_list_ir_3
4545,Glucose,1.1921948,0.86676913,608.01935,xgb_shap_list_ir_3_subset_27,xgb_shap_list_ir_3
4546,BloodPressure,0.39153385,0.23777568,199.68227,xgb_shap_list_ir_3_subset_27,xgb_shap_list_ir_3
4547,SkinThickness,0.46001646,0.2758385,234.6084,xgb_shap_list_ir_3_subset_27,xgb_shap_list_ir_3
4548,Insulin,0.2512538,0.19830532,128.13945,xgb_shap_list_ir_3_subset_27,xgb_shap_list_ir_3
4549,BMI,1.2132066,1.1159686,618.7354,xgb_shap_list_ir_3_subset_27,xgb_shap_list_ir_3
4550,DiabetesPedigreeFunction,0.65704185,0.41703445,335.09134,xgb_shap_list_ir_3_subset_27,xgb_shap_list_ir_3
4551,Age,0.23427208,0.19043984,119.47876,xgb_shap_list_ir_3_subset_27,xgb_shap_list_ir_3
4552,Pregnancies,0.36152026,0.23591478,184.37534,xgb_shap_list_ir_3_subset_47,xgb_shap_list_ir_3
4553,Glucose,1.6382021,1.0315313,835.48303,xgb_shap_list_ir_3_subset_47,xgb_shap_list_ir_3
4554,BloodPressure,0.40478832,0.3135585,206.44205,xgb_shap_list_ir_3_subset_47,xgb_shap_list_ir_3
4555,SkinThickness,0.28497595,0.19251598,145.33774,xgb_shap_list_ir_3_subset_47,xgb_shap_list_ir_3
4556,Insulin,0.20605959,0.19352435,105.09039,xgb_shap_list_ir_3_subset_47,xgb_shap_list_ir_3
4557,BMI,0.8502099,0.79969156,433.60706,xgb_shap_list_ir_3_subset_47,xgb_shap_list_ir_3
4558,DiabetesPedigreeFunction,0.6340017,0.37215906,323.34085,xgb_shap_list_ir_3_subset_47,xgb_shap_list_ir_3
4559,Age,0.40581366,0.2838098,206.96497,xgb_shap_list_ir_3_subset_47,xgb_shap_list_ir_3
4560,Pregnancies,0.33711955,0.22680216,171.93097,xgb_shap_list_ir_3_subset_127,xgb_shap_list_ir_3
4561,Glucose,1.238846,1.1007394,631.8114,xgb_shap_list_ir_3_subset_127,xgb_shap_list_ir_3
4562,BloodPressure,0.43292677,0.27611178,220.79265,xgb_shap_list_ir_3_subset_127,xgb_shap_list_ir_3
4563,SkinThickness,0.43110883,0.24872439,219.86551,xgb_shap_list_ir_3_subset_127,xgb_shap_list_ir_3
4564,Insulin,0.19351457,0.2070562,98.69243,xgb_shap_list_ir_3_subset_127,xgb_shap_list_ir_3
4565,BMI,1.0739033,0.7261604,547.6907,xgb_shap_list_ir_3_subset_127,xgb_shap_list_ir_3
4566,DiabetesPedigreeFunction,0.471644,0.36634013,240.53845,xgb_shap_list_ir_3_subset_127,xgb_shap_list_ir_3
4567,Age,0.6434977,0.46299356,328.18384,xgb_shap_list_ir_3_subset_127,xgb_shap_list_ir_3
4568,Pregnancies,0.33171344,0.22918051,169.17386,xgb_shap_list_ir_5_subset_134,xgb_shap_list_ir_5
4569,Glucose,1.6094148,1.1415675,820.8016,xgb_shap_list_ir_5_subset_134,xgb_shap_list_ir_5
4570,BloodPressure,0.20802204,0.19487478,106.09124,xgb_shap_list_ir_5_subset_134,xgb_shap_list_ir_5
4571,SkinThickness,0.31192765,0.22620025,159.0831,xgb_shap_list_ir_5_subset_134,xgb_shap_list_ir_5
4572,Insulin,0.27360597,0.2580518,139.53905,xgb_shap_list_ir_5_subset_134,xgb_shap_list_ir_5
4573,BMI,0.8096397,0.61608917,412.91623,xgb_shap_list_ir_5_subset_134,xgb_shap_list_ir_5
4574,DiabetesPedigreeFunction,0.695012,0.49978507,354.45612,xgb_shap_list_ir_5_subset_134,xgb_shap_list_ir_5
4575,Age,0.9466858,0.51191217,482.80975,xgb_shap_list_ir_5_subset_134,xgb_shap_list_ir_5
4576,Pregnancies,0.43958682,0.27335262,224.18927,xgb_shap_list_ir_3_subset_104,xgb_shap_list_ir_3
4577,Glucose,1.4739677,0.86958456,751.7235,xgb_shap_list_ir_3_subset_104,xgb_shap_list_ir_3
4578,BloodPressure,0.28555435,0.21775924,145.63272,xgb_shap_list_ir_3_subset_104,xgb_shap_list_ir_3
4579,SkinThickness,0.21489531,0.16625018,109.5966,xgb_shap_list_ir_3_subset_104,xgb_shap_list_ir_3
4580,Insulin,0.21652497,0.21936987,110.427734,xgb_shap_list_ir_3_subset_104,xgb_shap_list_ir_3
4581,BMI,0.45224118,0.32904673,230.643,xgb_shap_list_ir_3_subset_104,xgb_shap_list_ir_3
4582,DiabetesPedigreeFunction,0.7625846,0.50865,388.91815,xgb_shap_list_ir_3_subset_104,xgb_shap_list_ir_3
4583,Age,0.8455503,0.43833908,431.23065,xgb_shap_list_ir_3_subset_104,xgb_shap_list_ir_3
4584,Pregnancies,0.42225954,0.25967553,215.35237,xgb_shap_list_ir_3_subset_143,xgb_shap_list_ir_3
4585,Glucose,1.4654399,0.93638635,747.3743,xgb_shap_list_ir_3_subset_143,xgb_shap_list_ir_3
4586,BloodPressure,0.30698812,0.238941,156.56393,xgb_shap_list_ir_3_subset_143,xgb_shap_list_ir_3
4587,SkinThickness,0.1864435,0.19013071,95.08618,xgb_shap_list_ir_3_subset_143,xgb_shap_list_ir_3
4588,Insulin,0.30347422,0.2216516,154.77185,xgb_shap_list_ir_3_subset_143,xgb_shap_list_ir_3
4589,BMI,0.590086,0.4974187,300.94385,xgb_shap_list_ir_3_subset_143,xgb_shap_list_ir_3
4590,DiabetesPedigreeFunction,0.8360599,0.58180267,426.39056,xgb_shap_list_ir_3_subset_143,xgb_shap_list_ir_3
4591,Age,0.5485982,0.3165646,279.78506,xgb_shap_list_ir_3_subset_143,xgb_shap_list_ir_3
4592,Pregnancies,0.103679605,0.0830642,52.8766,xgb_shap_list_ir_1_subset_52,xgb_shap_list_ir_1
4593,Glucose,0.8829357,0.6332223,450.2972,xgb_shap_list_ir_1_subset_52,xgb_shap_list_ir_1
4594,BloodPressure,0.39444864,0.2218572,201.16881,xgb_shap_list_ir_1_subset_52,xgb_shap_list_ir_1
4595,SkinThickness,0.7186095,0.18195954,366.49084,xgb_shap_list_ir_1_subset_52,xgb_shap_list_ir_1
4596,Insulin,0.09773473,0.057060894,49.84471,xgb_shap_list_ir_1_subset_52,xgb_shap_list_ir_1
4597,BMI,0.7273032,0.33105153,370.92462,xgb_shap_list_ir_1_subset_52,xgb_shap_list_ir_1
4598,DiabetesPedigreeFunction,1.0226413,0.39410308,521.54706,xgb_shap_list_ir_1_subset_52,xgb_shap_list_ir_1
4599,Age,0.24463114,0.15669306,124.76188,xgb_shap_list_ir_1_subset_52,xgb_shap_list_ir_1
4600,Pregnancies,0.44979402,0.26003915,229.39496,xgb_shap_list_ir_1_subset_1,xgb_shap_list_ir_1
4601,Glucose,0.7200741,0.31183055,367.2378,xgb_shap_list_ir_1_subset_1,xgb_shap_list_ir_1
4602,BloodPressure,0.54136366,0.3874069,276.09546,xgb_shap_list_ir_1_subset_1,xgb_shap_list_ir_1
4603,SkinThickness,0.35275224,0.31070438,179.90364,xgb_shap_list_ir_1_subset_1,xgb_shap_list_ir_1
4604,Insulin,0.1899698,0.16733842,96.8846,xgb_shap_list_ir_1_subset_1,xgb_shap_list_ir_1
4605,BMI,0.7249216,0.4799049,369.71002,xgb_shap_list_ir_1_subset_1,xgb_shap_list_ir_1
4606,DiabetesPedigreeFunction,0.37148732,0.19263873,189.45853,xgb_shap_list_ir_1_subset_1,xgb_shap_list_ir_1
4607,Age,0.65225637,0.34207886,332.65076,xgb_shap_list_ir_1_subset_1,xgb_shap_list_ir_1
4608,Pregnancies,1.5204343,0.6720457,775.42145,xgb_shap_list_ir_1_subset_72,xgb_shap_list_ir_1
4609,Glucose,1.1496798,0.47679678,586.3367,xgb_shap_list_ir_1_subset_72,xgb_shap_list_ir_1
4610,BloodPressure,0.22388895,0.117791414,114.183365,xgb_shap_list_ir_1_subset_72,xgb_shap_list_ir_1
4611,SkinThickness,0.21258688,0.20080598,108.41931,xgb_shap_list_ir_1_subset_72,xgb_shap_list_ir_1
4612,Insulin,0.78124833,0.31882513,398.43665,xgb_shap_list_ir_1_subset_72,xgb_shap_list_ir_1
4613,BMI,0.47132227,0.17686853,240.37436,xgb_shap_list_ir_1_subset_72,xgb_shap_list_ir_1
4614,DiabetesPedigreeFunction,0.7913752,0.34784037,403.60135,xgb_shap_list_ir_1_subset_72,xgb_shap_list_ir_1
4615,Age,0.13750048,0.18512017,70.125244,xgb_shap_list_ir_1_subset_72,xgb_shap_list_ir_1
4616,Pregnancies,0.45517486,0.29215696,232.13918,xgb_shap_list_ir_4_subset_65,xgb_shap_list_ir_4
4617,Glucose,1.1973325,0.7355136,610.6396,xgb_shap_list_ir_4_subset_65,xgb_shap_list_ir_4
4618,BloodPressure,0.5181412,0.34989458,264.252,xgb_shap_list_ir_4_subset_65,xgb_shap_list_ir_4
4619,SkinThickness,0.2821562,0.20936939,143.89966,xgb_shap_list_ir_4_subset_65,xgb_shap_list_ir_4
4620,Insulin,0.28162104,0.25050604,143.62672,xgb_shap_list_ir_4_subset_65,xgb_shap_list_ir_4
4621,BMI,1.1170181,0.9792635,569.67926,xgb_shap_list_ir_4_subset_65,xgb_shap_list_ir_4
4622,DiabetesPedigreeFunction,0.75080687,0.60170394,382.9115,xgb_shap_list_ir_4_subset_65,xgb_shap_list_ir_4
4623,Age,0.33095047,0.22924873,168.78474,xgb_shap_list_ir_4_subset_65,xgb_shap_list_ir_4
4624,Pregnancies,0.39017454,0.28906313,198.98901,xgb_shap_list_ir_2_subset_103,xgb_shap_list_ir_2
4625,Glucose,1.65956,0.7576103,846.3756,xgb_shap_list_ir_2_subset_103,xgb_shap_list_ir_2
4626,BloodPressure,0.562312,0.47625256,286.7791,xgb_shap_list_ir_2_subset_103,xgb_shap_list_ir_2
4627,SkinThickness,0.76209265,0.36563382,388.66724,xgb_shap_list_ir_2_subset_103,xgb_shap_list_ir_2
4628,Insulin,0.22910362,0.20046546,116.84285,xgb_shap_list_ir_2_subset_103,xgb_shap_list_ir_2
4629,BMI,0.7075673,0.405836,360.8593,xgb_shap_list_ir_2_subset_103,xgb_shap_list_ir_2
4630,DiabetesPedigreeFunction,0.8600326,0.52492416,438.61664,xgb_shap_list_ir_2_subset_103,xgb_shap_list_ir_2
4631,Age,0.33279586,0.22548242,169.72589,xgb_shap_list_ir_2_subset_103,xgb_shap_list_ir_2
4632,Pregnancies,0.33607656,0.24390906,171.39905,xgb_shap_list_ir_5_subset_16,xgb_shap_list_ir_5
4633,Glucose,1.3274617,0.9819772,677.0055,xgb_shap_list_ir_5_subset_16,xgb_shap_list_ir_5
4634,BloodPressure,0.30479285,0.22932413,155.44435,xgb_shap_list_ir_5_subset_16,xgb_shap_list_ir_5
4635,SkinThickness,0.26134753,0.17743768,133.28725,xgb_shap_list_ir_5_subset_16,xgb_shap_list_ir_5
4636,Insulin,0.5458729,0.38113657,278.3952,xgb_shap_list_ir_5_subset_16,xgb_shap_list_ir_5
4637,BMI,0.68355507,0.5913819,348.6131,xgb_shap_list_ir_5_subset_16,xgb_shap_list_ir_5
4638,DiabetesPedigreeFunction,0.7816247,0.6305576,398.62857,xgb_shap_list_ir_5_subset_16,xgb_shap_list_ir_5
4639,Age,0.67255515,0.445793,343.0031,xgb_shap_list_ir_5_subset_16,xgb_shap_list_ir_5
4640,Pregnancies,0.084584974,0.06651868,43.138336,xgb_shap_list_ir_1_subset_157,xgb_shap_list_ir_1
4641,Glucose,1.095753,0.6832238,558.834,xgb_shap_list_ir_1_subset_157,xgb_shap_list_ir_1
4642,BloodPressure,0.6432158,0.2744599,328.04004,xgb_shap_list_ir_1_subset_157,xgb_shap_list_ir_1
4643,SkinThickness,0.3123841,0.13954924,159.31589,xgb_shap_list_ir_1_subset_157,xgb_shap_list_ir_1
4644,Insulin,0.23150672,0.13650455,118.06843,xgb_shap_list_ir_1_subset_157,xgb_shap_list_ir_1
4645,BMI,0.70835906,0.4391657,361.26312,xgb_shap_list_ir_1_subset_157,xgb_shap_list_ir_1
4646,DiabetesPedigreeFunction,0.53320706,0.39664617,271.9356,xgb_shap_list_ir_1_subset_157,xgb_shap_list_ir_1
4647,Age,0.47186694,0.30729777,240.65213,xgb_shap_list_ir_1_subset_157,xgb_shap_list_ir_1
4648,Pregnancies,0.79360425,0.3027898,404.73816,xgb_shap_list_ir_2_subset_70,xgb_shap_list_ir_2
4649,Glucose,0.999324,0.6827228,509.65524,xgb_shap_list_ir_2_subset_70,xgb_shap_list_ir_2
4650,BloodPressure,0.5256552,0.3299081,268.08417,xgb_shap_list_ir_2_subset_70,xgb_shap_list_ir_2
4651,SkinThickness,0.27190626,0.1651459,138.6722,xgb_shap_list_ir_2_subset_70,xgb_shap_list_ir_2
4652,Insulin,0.36689076,0.2567004,187.11429,xgb_shap_list_ir_2_subset_70,xgb_shap_list_ir_2
4653,BMI,0.9606308,0.6756226,489.9217,xgb_shap_list_ir_2_subset_70,xgb_shap_list_ir_2
4654,DiabetesPedigreeFunction,0.6710745,0.29230514,342.248,xgb_shap_list_ir_2_subset_70,xgb_shap_list_ir_2
4655,Age,0.41729817,0.24151893,212.82207,xgb_shap_list_ir_2_subset_70,xgb_shap_list_ir_2
4656,Pregnancies,0.39920315,0.24082786,203.59361,xgb_shap_list_ir_4_subset_105,xgb_shap_list_ir_4
4657,Glucose,1.3248612,0.9298034,675.6792,xgb_shap_list_ir_4_subset_105,xgb_shap_list_ir_4
4658,BloodPressure,0.33708578,0.30027467,171.91374,xgb_shap_list_ir_4_subset_105,xgb_shap_list_ir_4
4659,SkinThickness,0.26054245,0.18398692,132.87665,xgb_shap_list_ir_4_subset_105,xgb_shap_list_ir_4
4660,Insulin,0.16340804,0.14970943,83.338104,xgb_shap_list_ir_4_subset_105,xgb_shap_list_ir_4
4661,BMI,0.983063,0.9877986,501.36212,xgb_shap_list_ir_4_subset_105,xgb_shap_list_ir_4
4662,DiabetesPedigreeFunction,0.46499902,0.34236142,237.1495,xgb_shap_list_ir_4_subset_105,xgb_shap_list_ir_4
4663,Age,0.907188,0.5245899,462.6659,xgb_shap_list_ir_4_subset_105,xgb_shap_list_ir_4
4664,Pregnancies,0.19497004,0.16771095,99.43472,xgb_shap_list_ir_2_subset_4,xgb_shap_list_ir_2
4665,Glucose,1.6947255,0.6050047,864.31,xgb_shap_list_ir_2_subset_4,xgb_shap_list_ir_2
4666,BloodPressure,0.4295297,0.25832948,219.06015,xgb_shap_list_ir_2_subset_4,xgb_shap_list_ir_2
4667,SkinThickness,0.45273307,0.23504423,230.89386,xgb_shap_list_ir_2_subset_4,xgb_shap_list_ir_2
4668,Insulin,0.21197426,0.19838732,108.10687,xgb_shap_list_ir_2_subset_4,xgb_shap_list_ir_2
4669,BMI,1.1257246,0.9178778,574.1195,xgb_shap_list_ir_2_subset_4,xgb_shap_list_ir_2
4670,DiabetesPedigreeFunction,0.64020854,0.3781593,326.50635,xgb_shap_list_ir_2_subset_4,xgb_shap_list_ir_2
4671,Age,0.37510377,0.27967492,191.30292,xgb_shap_list_ir_2_subset_4,xgb_shap_list_ir_2
4672,Pregnancies,0.22496691,0.17148407,114.73312,xgb_shap_list_ir_3_subset_41,xgb_shap_list_ir_3
4673,Glucose,1.0532439,0.67899984,537.15436,xgb_shap_list_ir_3_subset_41,xgb_shap_list_ir_3
4674,BloodPressure,0.35805497,0.2624677,182.60803,xgb_shap_list_ir_3_subset_41,xgb_shap_list_ir_3
4675,SkinThickness,0.22456637,0.1656581,114.52885,xgb_shap_list_ir_3_subset_41,xgb_shap_list_ir_3
4676,Insulin,0.4372233,0.31893817,222.98387,xgb_shap_list_ir_3_subset_41,xgb_shap_list_ir_3
4677,BMI,1.1006569,0.79447013,561.335,xgb_shap_list_ir_3_subset_41,xgb_shap_list_ir_3
4678,DiabetesPedigreeFunction,0.4089898,0.35150436,208.5848,xgb_shap_list_ir_3_subset_41,xgb_shap_list_ir_3
4679,Age,0.699939,0.426935,356.9689,xgb_shap_list_ir_3_subset_41,xgb_shap_list_ir_3
4680,Pregnancies,0.546849,0.3346053,278.893,xgb_shap_list_ir_5_subset_68,xgb_shap_list_ir_5
4681,Glucose,1.3561432,0.9804305,691.63306,xgb_shap_list_ir_5_subset_68,xgb_shap_list_ir_5
4682,BloodPressure,0.35248226,0.25663447,179.76595,xgb_shap_list_ir_5_subset_68,xgb_shap_list_ir_5
4683,SkinThickness,0.19997552,0.1302474,101.98752,xgb_shap_list_ir_5_subset_68,xgb_shap_list_ir_5
4684,Insulin,0.31759417,0.26924092,161.97302,xgb_shap_list_ir_5_subset_68,xgb_shap_list_ir_5
4685,BMI,0.8234042,0.8061811,419.93613,xgb_shap_list_ir_5_subset_68,xgb_shap_list_ir_5
4686,DiabetesPedigreeFunction,0.66061914,0.43315554,336.91577,xgb_shap_list_ir_5_subset_68,xgb_shap_list_ir_5
4687,Age,0.54478043,0.35502818,277.838,xgb_shap_list_ir_5_subset_68,xgb_shap_list_ir_5
4688,Pregnancies,0.24057545,0.1940188,122.69348,xgb_shap_list_ir_3_subset_83,xgb_shap_list_ir_3
4689,Glucose,1.2357266,0.9119674,630.2206,xgb_shap_list_ir_3_subset_83,xgb_shap_list_ir_3
4690,BloodPressure,0.19813782,0.13023055,101.050285,xgb_shap_list_ir_3_subset_83,xgb_shap_list_ir_3
4691,SkinThickness,0.4069945,0.24445094,207.56718,xgb_shap_list_ir_3_subset_83,xgb_shap_list_ir_3
4692,Insulin,0.44991893,0.37476885,229.45865,xgb_shap_list_ir_3_subset_83,xgb_shap_list_ir_3
4693,BMI,0.92055434,0.7320376,469.48273,xgb_shap_list_ir_3_subset_83,xgb_shap_list_ir_3
4694,DiabetesPedigreeFunction,0.74542123,0.57695585,380.16483,xgb_shap_list_ir_3_subset_83,xgb_shap_list_ir_3
4695,Age,0.7034906,0.33886003,358.7802,xgb_shap_list_ir_3_subset_83,xgb_shap_list_ir_3
4696,Pregnancies,0.41402608,0.25120717,211.1533,xgb_shap_list_ir_1_subset_68,xgb_shap_list_ir_1
4697,Glucose,1.1480554,0.57899594,585.5083,xgb_shap_list_ir_1_subset_68,xgb_shap_list_ir_1
4698,BloodPressure,0.39785808,0.41920125,202.90762,xgb_shap_list_ir_1_subset_68,xgb_shap_list_ir_1
4699,SkinThickness,0.09810028,0.04889721,50.031143,xgb_shap_list_ir_1_subset_68,xgb_shap_list_ir_1
4700,Insulin,0.07556829,0.039464086,38.539825,xgb_shap_list_ir_1_subset_68,xgb_shap_list_ir_1
4701,BMI,1.0550219,0.27876106,538.06116,xgb_shap_list_ir_1_subset_68,xgb_shap_list_ir_1
4702,DiabetesPedigreeFunction,1.1335087,0.49206844,578.0894,xgb_shap_list_ir_1_subset_68,xgb_shap_list_ir_1
4703,Age,0.59441835,0.36445066,303.15335,xgb_shap_list_ir_1_subset_68,xgb_shap_list_ir_1
4704,Pregnancies,0.25250334,0.15016207,128.7767,xgb_shap_list_ir_4_subset_114,xgb_shap_list_ir_4
4705,Glucose,1.2665223,0.8552968,645.9264,xgb_shap_list_ir_4_subset_114,xgb_shap_list_ir_4
4706,BloodPressure,0.36684218,0.27163255,187.08951,xgb_shap_list_ir_4_subset_114,xgb_shap_list_ir_4
4707,SkinThickness,0.35644734,0.20190631,181.78815,xgb_shap_list_ir_4_subset_114,xgb_shap_list_ir_4
4708,Insulin,0.25379917,0.22668277,129.43758,xgb_shap_list_ir_4_subset_114,xgb_shap_list_ir_4
4709,BMI,0.91371465,0.8460848,465.99448,xgb_shap_list_ir_4_subset_114,xgb_shap_list_ir_4
4710,DiabetesPedigreeFunction,0.58991134,0.47924703,300.8548,xgb_shap_list_ir_4_subset_114,xgb_shap_list_ir_4
4711,Age,1.0269825,0.6912092,523.7611,xgb_shap_list_ir_4_subset_114,xgb_shap_list_ir_4
4712,Pregnancies,0.4389832,0.30391136,223.88144,xgb_shap_list_ir_1_subset_156,xgb_shap_list_ir_1
4713,Glucose,0.62469804,0.31876191,318.596,xgb_shap_list_ir_1_subset_156,xgb_shap_list_ir_1
4714,BloodPressure,0.14830893,0.1476508,75.63756,xgb_shap_list_ir_1_subset_156,xgb_shap_list_ir_1
4715,SkinThickness,0.5992333,0.31845787,305.609,xgb_shap_list_ir_1_subset_156,xgb_shap_list_ir_1
4716,Insulin,0.26461104,0.17219049,134.95163,xgb_shap_list_ir_1_subset_156,xgb_shap_list_ir_1
4717,BMI,0.67688614,0.51949847,345.21194,xgb_shap_list_ir_1_subset_156,xgb_shap_list_ir_1
4718,DiabetesPedigreeFunction,0.78359026,0.42669368,399.63104,xgb_shap_list_ir_1_subset_156,xgb_shap_list_ir_1
4719,Age,0.7374837,0.3816873,376.11667,xgb_shap_list_ir_1_subset_156,xgb_shap_list_ir_1
4720,Pregnancies,0.55287683,0.3480398,281.9672,xgb_shap_list_ir_5_subset_82,xgb_shap_list_ir_5
4721,Glucose,1.4572552,0.783224,743.2002,xgb_shap_list_ir_5_subset_82,xgb_shap_list_ir_5
4722,BloodPressure,0.4464987,0.32696918,227.71434,xgb_shap_list_ir_5_subset_82,xgb_shap_list_ir_5
4723,SkinThickness,0.32588735,0.19468081,166.20255,xgb_shap_list_ir_5_subset_82,xgb_shap_list_ir_5
4724,Insulin,0.23904239,0.21702835,121.91161,xgb_shap_list_ir_5_subset_82,xgb_shap_list_ir_5
4725,BMI,0.9127227,0.7650367,465.4886,xgb_shap_list_ir_5_subset_82,xgb_shap_list_ir_5
4726,DiabetesPedigreeFunction,0.517429,0.38803056,263.8888,xgb_shap_list_ir_5_subset_82,xgb_shap_list_ir_5
4727,Age,0.6541006,0.4126237,333.5913,xgb_shap_list_ir_5_subset_82,xgb_shap_list_ir_5
4728,Pregnancies,0.40414378,0.27649862,206.11333,xgb_shap_list_ir_2_subset_47,xgb_shap_list_ir_2
4729,Glucose,1.0469602,0.4702222,533.9497,xgb_shap_list_ir_2_subset_47,xgb_shap_list_ir_2
4730,BloodPressure,0.3938297,0.27600098,200.85315,xgb_shap_list_ir_2_subset_47,xgb_shap_list_ir_2
4731,SkinThickness,0.26881543,0.15303212,137.09587,xgb_shap_list_ir_2_subset_47,xgb_shap_list_ir_2
4732,Insulin,0.50503814,0.35537297,257.56946,xgb_shap_list_ir_2_subset_47,xgb_shap_list_ir_2
4733,BMI,0.65040547,0.39574847,331.7068,xgb_shap_list_ir_2_subset_47,xgb_shap_list_ir_2
4734,DiabetesPedigreeFunction,0.91351914,0.46370488,465.89478,xgb_shap_list_ir_2_subset_47,xgb_shap_list_ir_2
4735,Age,0.28202358,0.26988807,143.83203,xgb_shap_list_ir_2_subset_47,xgb_shap_list_ir_2
4736,Pregnancies,0.45389238,0.2890189,231.4851,xgb_shap_list_ir_3_subset_74,xgb_shap_list_ir_3
4737,Glucose,1.4877111,0.83526546,758.73267,xgb_shap_list_ir_3_subset_74,xgb_shap_list_ir_3
4738,BloodPressure,0.19164476,0.11250508,97.73882,xgb_shap_list_ir_3_subset_74,xgb_shap_list_ir_3
4739,SkinThickness,0.3335631,0.2406384,170.11717,xgb_shap_list_ir_3_subset_74,xgb_shap_list_ir_3
4740,Insulin,0.20560034,0.1620601,104.85617,xgb_shap_list_ir_3_subset_74,xgb_shap_list_ir_3
4741,BMI,1.0684997,0.8764297,544.9348,xgb_shap_list_ir_3_subset_74,xgb_shap_list_ir_3
4742,DiabetesPedigreeFunction,0.4366006,0.36288688,222.6663,xgb_shap_list_ir_3_subset_74,xgb_shap_list_ir_3
4743,Age,0.6561,0.3693002,334.611,xgb_shap_list_ir_3_subset_74,xgb_shap_list_ir_3
4744,Pregnancies,0.6482844,0.4729543,330.62503,xgb_shap_list_ir_3_subset_160,xgb_shap_list_ir_3
4745,Glucose,1.0466444,0.84160143,533.7887,xgb_shap_list_ir_3_subset_160,xgb_shap_list_ir_3
4746,BloodPressure,0.33843014,0.29325503,172.59937,xgb_shap_list_ir_3_subset_160,xgb_shap_list_ir_3
4747,SkinThickness,0.30872616,0.20975374,157.45035,xgb_shap_list_ir_3_subset_160,xgb_shap_list_ir_3
4748,Insulin,0.38672963,0.32818884,197.23212,xgb_shap_list_ir_3_subset_160,xgb_shap_list_ir_3
4749,BMI,0.67298305,0.5556552,343.22134,xgb_shap_list_ir_3_subset_160,xgb_shap_list_ir_3
4750,DiabetesPedigreeFunction,0.7003323,0.551735,357.16946,xgb_shap_list_ir_3_subset_160,xgb_shap_list_ir_3
4751,Age,0.33694902,0.22561158,171.844,xgb_shap_list_ir_3_subset_160,xgb_shap_list_ir_3
4752,Pregnancies,0.19116867,0.17662586,97.49602,xgb_shap_list_ir_4_subset_7,xgb_shap_list_ir_4
4753,Glucose,1.4622805,0.98411566,745.76306,xgb_shap_list_ir_4_subset_7,xgb_shap_list_ir_4
4754,BloodPressure,0.32857373,0.2639344,167.5726,xgb_shap_list_ir_4_subset_7,xgb_shap_list_ir_4
4755,SkinThickness,0.49905068,0.32159853,254.51584,xgb_shap_list_ir_4_subset_7,xgb_shap_list_ir_4
4756,Insulin,0.30299792,0.357334,154.52893,xgb_shap_list_ir_4_subset_7,xgb_shap_list_ir_4
4757,BMI,0.9756581,0.8822025,497.58563,xgb_shap_list_ir_4_subset_7,xgb_shap_list_ir_4
4758,DiabetesPedigreeFunction,0.68855876,0.45833188,351.16498,xgb_shap_list_ir_4_subset_7,xgb_shap_list_ir_4
4759,Age,0.7446872,0.41180724,379.79047,xgb_shap_list_ir_4_subset_7,xgb_shap_list_ir_4
4760,Pregnancies,0.240501,0.21812294,122.65551,xgb_shap_list_ir_2_subset_30,xgb_shap_list_ir_2
4761,Glucose,1.314791,0.77365774,670.5434,xgb_shap_list_ir_2_subset_30,xgb_shap_list_ir_2
4762,BloodPressure,0.41304126,0.24115133,210.65105,xgb_shap_list_ir_2_subset_30,xgb_shap_list_ir_2
4763,SkinThickness,0.34173715,0.20213036,174.28595,xgb_shap_list_ir_2_subset_30,xgb_shap_list_ir_2
4764,Insulin,0.3163432,0.22073376,161.33502,xgb_shap_list_ir_2_subset_30,xgb_shap_list_ir_2
4765,BMI,0.7293597,0.38868275,371.97345,xgb_shap_list_ir_2_subset_30,xgb_shap_list_ir_2
4766,DiabetesPedigreeFunction,0.38436404,0.22527637,196.02567,xgb_shap_list_ir_2_subset_30,xgb_shap_list_ir_2
4767,Age,1.0765314,0.6787325,549.031,xgb_shap_list_ir_2_subset_30,xgb_shap_list_ir_2
4768,Pregnancies,1.3488774,0.54241073,687.9275,xgb_shap_list_ir_1_subset_130,xgb_shap_list_ir_1
4769,Glucose,0.7601442,0.33054125,387.67352,xgb_shap_list_ir_1_subset_130,xgb_shap_list_ir_1
4770,BloodPressure,0.67680466,0.21367109,345.17038,xgb_shap_list_ir_1_subset_130,xgb_shap_list_ir_1
4771,SkinThickness,0.17893593,0.0945007,91.257324,xgb_shap_list_ir_1_subset_130,xgb_shap_list_ir_1
4772,Insulin,0.709644,0.2706545,361.91846,xgb_shap_list_ir_1_subset_130,xgb_shap_list_ir_1
4773,BMI,0.47272757,0.2365867,241.09106,xgb_shap_list_ir_1_subset_130,xgb_shap_list_ir_1
4774,DiabetesPedigreeFunction,0.77568954,0.36458978,395.60165,xgb_shap_list_ir_1_subset_130,xgb_shap_list_ir_1
4775,Age,0.38501713,0.25881964,196.35873,xgb_shap_list_ir_1_subset_130,xgb_shap_list_ir_1
4776,Pregnancies,0.25237525,0.15651353,128.71138,xgb_shap_list_ir_3_subset_59,xgb_shap_list_ir_3
4777,Glucose,1.0271456,0.6083637,523.84424,xgb_shap_list_ir_3_subset_59,xgb_shap_list_ir_3
4778,BloodPressure,0.4605708,0.35549238,234.89111,xgb_shap_list_ir_3_subset_59,xgb_shap_list_ir_3
4779,SkinThickness,0.46474877,0.26737675,237.02187,xgb_shap_list_ir_3_subset_59,xgb_shap_list_ir_3
4780,Insulin,0.24197453,0.18311843,123.40701,xgb_shap_list_ir_3_subset_59,xgb_shap_list_ir_3
4781,BMI,0.79376245,0.6462767,404.81885,xgb_shap_list_ir_3_subset_59,xgb_shap_list_ir_3
4782,DiabetesPedigreeFunction,0.54261917,0.45845744,276.73578,xgb_shap_list_ir_3_subset_59,xgb_shap_list_ir_3
4783,Age,0.702543,0.47229657,358.29694,xgb_shap_list_ir_3_subset_59,xgb_shap_list_ir_3
4784,Pregnancies,0.1438867,0.12058237,73.38222,xgb_shap_list_ir_1_subset_31,xgb_shap_list_ir_1
4785,Glucose,1.116659,0.53720737,569.4961,xgb_shap_list_ir_1_subset_31,xgb_shap_list_ir_1
4786,BloodPressure,0.31254563,0.24103965,159.39827,xgb_shap_list_ir_1_subset_31,xgb_shap_list_ir_1
4787,SkinThickness,0.30926752,0.1299246,157.72644,xgb_shap_list_ir_1_subset_31,xgb_shap_list_ir_1
4788,Insulin,0.44619244,0.21101816,227.55815,xgb_shap_list_ir_1_subset_31,xgb_shap_list_ir_1
4789,BMI,0.75721115,0.48904702,386.17767,xgb_shap_list_ir_1_subset_31,xgb_shap_list_ir_1
4790,DiabetesPedigreeFunction,0.5334166,0.3763105,272.04248,xgb_shap_list_ir_1_subset_31,xgb_shap_list_ir_1
4791,Age,1.0504122,0.5304888,535.7102,xgb_shap_list_ir_1_subset_31,xgb_shap_list_ir_1
4792,Pregnancies,0.3239391,0.21544915,165.20895,xgb_shap_list_ir_1_subset_129,xgb_shap_list_ir_1
4793,Glucose,1.5557301,0.45314953,793.42236,xgb_shap_list_ir_1_subset_129,xgb_shap_list_ir_1
4794,BloodPressure,0.51010627,0.3791326,260.1542,xgb_shap_list_ir_1_subset_129,xgb_shap_list_ir_1
4795,SkinThickness,0.76225597,0.41655824,388.75055,xgb_shap_list_ir_1_subset_129,xgb_shap_list_ir_1
4796,Insulin,0.07466311,0.025414603,38.078186,xgb_shap_list_ir_1_subset_129,xgb_shap_list_ir_1
4797,BMI,0.58244056,0.48755977,297.04468,xgb_shap_list_ir_1_subset_129,xgb_shap_list_ir_1
4798,DiabetesPedigreeFunction,0.75012946,0.2971906,382.56604,xgb_shap_list_ir_1_subset_129,xgb_shap_list_ir_1
4799,Age,0.25732833,0.1697379,131.23744,xgb_shap_list_ir_1_subset_129,xgb_shap_list_ir_1
4800,Pregnancies,0.18872501,0.12545785,96.249756,xgb_shap_list_ir_2_subset_89,xgb_shap_list_ir_2
4801,Glucose,1.056255,0.5654534,538.69006,xgb_shap_list_ir_2_subset_89,xgb_shap_list_ir_2
4802,BloodPressure,0.25981262,0.15320557,132.50444,xgb_shap_list_ir_2_subset_89,xgb_shap_list_ir_2
4803,SkinThickness,0.41528386,0.30926058,211.79477,xgb_shap_list_ir_2_subset_89,xgb_shap_list_ir_2
4804,Insulin,0.36636066,0.25305685,186.84393,xgb_shap_list_ir_2_subset_89,xgb_shap_list_ir_2
4805,BMI,0.94582504,0.78651935,482.37076,xgb_shap_list_ir_2_subset_89,xgb_shap_list_ir_2
4806,DiabetesPedigreeFunction,0.38890836,0.30589536,198.34326,xgb_shap_list_ir_2_subset_89,xgb_shap_list_ir_2
4807,Age,0.66105694,0.4270406,337.13904,xgb_shap_list_ir_2_subset_89,xgb_shap_list_ir_2
4808,Pregnancies,0.42953068,0.3059138,219.06065,xgb_shap_list_ir_4_subset_36,xgb_shap_list_ir_4
4809,Glucose,1.3066764,0.95320314,666.40497,xgb_shap_list_ir_4_subset_36,xgb_shap_list_ir_4
4810,BloodPressure,0.52664024,0.3526739,268.58652,xgb_shap_list_ir_4_subset_36,xgb_shap_list_ir_4
4811,SkinThickness,0.18819721,0.15030637,95.980576,xgb_shap_list_ir_4_subset_36,xgb_shap_list_ir_4
4812,Insulin,0.22693287,0.20374697,115.73576,xgb_shap_list_ir_4_subset_36,xgb_shap_list_ir_4
4813,BMI,0.921211,0.764488,469.81763,xgb_shap_list_ir_4_subset_36,xgb_shap_list_ir_4
4814,DiabetesPedigreeFunction,0.44696686,0.3390419,227.9531,xgb_shap_list_ir_4_subset_36,xgb_shap_list_ir_4
4815,Age,0.67994124,0.5049853,346.77002,xgb_shap_list_ir_4_subset_36,xgb_shap_list_ir_4
4816,Pregnancies,0.49056515,0.29395267,250.18823,xgb_shap_list_ir_2_subset_100,xgb_shap_list_ir_2
4817,Glucose,1.1427447,0.7028401,582.7998,xgb_shap_list_ir_2_subset_100,xgb_shap_list_ir_2
4818,BloodPressure,0.2355276,0.16238575,120.11908,xgb_shap_list_ir_2_subset_100,xgb_shap_list_ir_2
4819,SkinThickness,0.32413444,0.22743623,165.30856,xgb_shap_list_ir_2_subset_100,xgb_shap_list_ir_2
4820,Insulin,0.2539543,0.08521237,129.5167,xgb_shap_list_ir_2_subset_100,xgb_shap_list_ir_2
4821,BMI,1.0045588,0.6980236,512.325,xgb_shap_list_ir_2_subset_100,xgb_shap_list_ir_2
4822,DiabetesPedigreeFunction,0.6860764,0.36865538,349.89896,xgb_shap_list_ir_2_subset_100,xgb_shap_list_ir_2
4823,Age,0.7538173,0.428753,384.44684,xgb_shap_list_ir_2_subset_100,xgb_shap_list_ir_2
4824,Pregnancies,0.57649785,0.33577493,294.01392,xgb_shap_list_ir_4_subset_62,xgb_shap_list_ir_4
4825,Glucose,1.4230012,0.9625026,725.7306,xgb_shap_list_ir_4_subset_62,xgb_shap_list_ir_4
4826,BloodPressure,0.36563948,0.27781713,186.47614,xgb_shap_list_ir_4_subset_62,xgb_shap_list_ir_4
4827,SkinThickness,0.14631501,0.124797136,74.62065,xgb_shap_list_ir_4_subset_62,xgb_shap_list_ir_4
4828,Insulin,0.23511553,0.2269274,119.90892,xgb_shap_list_ir_4_subset_62,xgb_shap_list_ir_4
4829,BMI,0.48760158,0.5224301,248.6768,xgb_shap_list_ir_4_subset_62,xgb_shap_list_ir_4
4830,DiabetesPedigreeFunction,0.6570571,0.47745302,335.09912,xgb_shap_list_ir_4_subset_62,xgb_shap_list_ir_4
4831,Age,0.7763576,0.51250714,395.94238,xgb_shap_list_ir_4_subset_62,xgb_shap_list_ir_4
4832,Pregnancies,0.20047686,0.15860048,102.243195,xgb_shap_list_ir_4_subset_131,xgb_shap_list_ir_4
4833,Glucose,1.563629,0.8908763,797.4508,xgb_shap_list_ir_4_subset_131,xgb_shap_list_ir_4
4834,BloodPressure,0.4803243,0.39751306,244.9654,xgb_shap_list_ir_4_subset_131,xgb_shap_list_ir_4
4835,SkinThickness,0.37400213,0.221949,190.74109,xgb_shap_list_ir_4_subset_131,xgb_shap_list_ir_4
4836,Insulin,0.2519832,0.20665957,128.51143,xgb_shap_list_ir_4_subset_131,xgb_shap_list_ir_4
4837,BMI,0.80755633,0.7170916,411.85373,xgb_shap_list_ir_4_subset_131,xgb_shap_list_ir_4
4838,DiabetesPedigreeFunction,0.550388,0.4408021,280.69788,xgb_shap_list_ir_4_subset_131,xgb_shap_list_ir_4
4839,Age,1.1313316,0.607663,576.9791,xgb_shap_list_ir_4_subset_131,xgb_shap_list_ir_4
4840,Pregnancies,0.329491,0.16740797,168.0404,xgb_shap_list_ir_1_subset_64,xgb_shap_list_ir_1
4841,Glucose,0.5261399,0.30640972,268.33136,xgb_shap_list_ir_1_subset_64,xgb_shap_list_ir_1
4842,BloodPressure,0.47004256,0.20074944,239.72171,xgb_shap_list_ir_1_subset_64,xgb_shap_list_ir_1
4843,SkinThickness,0.9769857,0.52081746,498.2627,xgb_shap_list_ir_1_subset_64,xgb_shap_list_ir_1
4844,Insulin,0.1482526,0.12456973,75.608826,xgb_shap_list_ir_1_subset_64,xgb_shap_list_ir_1
4845,BMI,0.6115359,0.34877118,311.8833,xgb_shap_list_ir_1_subset_64,xgb_shap_list_ir_1
4846,DiabetesPedigreeFunction,1.0519484,0.35566896,536.4937,xgb_shap_list_ir_1_subset_64,xgb_shap_list_ir_1
4847,Age,0.28840384,0.19225243,147.08595,xgb_shap_list_ir_1_subset_64,xgb_shap_list_ir_1
4848,Pregnancies,0.4276959,0.34785807,218.12491,xgb_shap_list_ir_4_subset_112,xgb_shap_list_ir_4
4849,Glucose,1.3067335,0.7468652,666.4341,xgb_shap_list_ir_4_subset_112,xgb_shap_list_ir_4
4850,BloodPressure,0.3470732,0.2617989,177.00732,xgb_shap_list_ir_4_subset_112,xgb_shap_list_ir_4
4851,SkinThickness,0.2001233,0.17116153,102.06288,xgb_shap_list_ir_4_subset_112,xgb_shap_list_ir_4
4852,Insulin,0.1250025,0.14287956,63.751274,xgb_shap_list_ir_4_subset_112,xgb_shap_list_ir_4
4853,BMI,1.0390953,0.77638227,529.9386,xgb_shap_list_ir_4_subset_112,xgb_shap_list_ir_4
4854,DiabetesPedigreeFunction,0.83532923,0.5898663,426.0179,xgb_shap_list_ir_4_subset_112,xgb_shap_list_ir_4
4855,Age,0.71636915,0.5087738,365.34827,xgb_shap_list_ir_4_subset_112,xgb_shap_list_ir_4
4856,Pregnancies,0.5253339,0.37668508,267.9203,xgb_shap_list_ir_4_subset_102,xgb_shap_list_ir_4
4857,Glucose,1.2888986,0.8954649,657.33826,xgb_shap_list_ir_4_subset_102,xgb_shap_list_ir_4
4858,BloodPressure,0.27126482,0.2288879,138.34506,xgb_shap_list_ir_4_subset_102,xgb_shap_list_ir_4
4859,SkinThickness,0.29988164,0.21995091,152.93964,xgb_shap_list_ir_4_subset_102,xgb_shap_list_ir_4
4860,Insulin,0.34503073,0.27369395,175.96567,xgb_shap_list_ir_4_subset_102,xgb_shap_list_ir_4
4861,BMI,0.5374798,0.44686022,274.11472,xgb_shap_list_ir_4_subset_102,xgb_shap_list_ir_4
4862,DiabetesPedigreeFunction,0.83576715,0.66052777,426.24124,xgb_shap_list_ir_4_subset_102,xgb_shap_list_ir_4
4863,Age,0.587063,0.44355386,299.40213,xgb_shap_list_ir_4_subset_102,xgb_shap_list_ir_4
4864,Pregnancies,0.27304137,0.23370025,139.2511,xgb_shap_list_ir_5_subset_49,xgb_shap_list_ir_5
4865,Glucose,1.6785263,0.84515965,856.0484,xgb_shap_list_ir_5_subset_49,xgb_shap_list_ir_5
4866,BloodPressure,0.42978853,0.3876398,219.19215,xgb_shap_list_ir_5_subset_49,xgb_shap_list_ir_5
4867,SkinThickness,0.2801427,0.19142269,142.87277,xgb_shap_list_ir_5_subset_49,xgb_shap_list_ir_5
4868,Insulin,0.30645764,0.24534544,156.2934,xgb_shap_list_ir_5_subset_49,xgb_shap_list_ir_5
4869,BMI,1.0215333,0.80339766,520.98193,xgb_shap_list_ir_5_subset_49,xgb_shap_list_ir_5
4870,DiabetesPedigreeFunction,0.44508266,0.35356578,226.99216,xgb_shap_list_ir_5_subset_49,xgb_shap_list_ir_5
4871,Age,0.66935724,0.37419915,341.3722,xgb_shap_list_ir_5_subset_49,xgb_shap_list_ir_5
4872,Pregnancies,0.27505895,0.19685371,140.28006,xgb_shap_list_ir_3_subset_13,xgb_shap_list_ir_3
4873,Glucose,1.4828912,0.8404447,756.27454,xgb_shap_list_ir_3_subset_13,xgb_shap_list_ir_3
4874,BloodPressure,0.31866968,0.25292206,162.52153,xgb_shap_list_ir_3_subset_13,xgb_shap_list_ir_3
4875,SkinThickness,0.23670584,0.1613627,120.71998,xgb_shap_list_ir_3_subset_13,xgb_shap_list_ir_3
4876,Insulin,0.299646,0.27246034,152.81946,xgb_shap_list_ir_3_subset_13,xgb_shap_list_ir_3
4877,BMI,0.76258266,0.68855584,388.91714,xgb_shap_list_ir_3_subset_13,xgb_shap_list_ir_3
4878,DiabetesPedigreeFunction,0.37973678,0.28763393,193.66576,xgb_shap_list_ir_3_subset_13,xgb_shap_list_ir_3
4879,Age,0.72681075,0.43295264,370.6735,xgb_shap_list_ir_3_subset_13,xgb_shap_list_ir_3
4880,Pregnancies,0.4494377,0.24517114,229.21323,xgb_shap_list_ir_1_subset_119,xgb_shap_list_ir_1
4881,Glucose,0.9738043,0.48040292,496.6402,xgb_shap_list_ir_1_subset_119,xgb_shap_list_ir_1
4882,BloodPressure,0.52041644,0.4376014,265.41238,xgb_shap_list_ir_1_subset_119,xgb_shap_list_ir_1
4883,SkinThickness,0.18466118,0.09967233,94.1772,xgb_shap_list_ir_1_subset_119,xgb_shap_list_ir_1
4884,Insulin,0.48423183,0.26478973,246.95824,xgb_shap_list_ir_1_subset_119,xgb_shap_list_ir_1
4885,BMI,0.4945328,0.42261052,252.21173,xgb_shap_list_ir_1_subset_119,xgb_shap_list_ir_1
4886,DiabetesPedigreeFunction,0.6265405,0.41808096,319.53564,xgb_shap_list_ir_1_subset_119,xgb_shap_list_ir_1
4887,Age,0.61545837,0.32039902,313.88376,xgb_shap_list_ir_1_subset_119,xgb_shap_list_ir_1
4888,Pregnancies,0.40828204,0.31111735,208.22385,xgb_shap_list_ir_4_subset_4,xgb_shap_list_ir_4
4889,Glucose,1.4404627,0.8198252,734.636,xgb_shap_list_ir_4_subset_4,xgb_shap_list_ir_4
4890,BloodPressure,0.32794628,0.22204785,167.2526,xgb_shap_list_ir_4_subset_4,xgb_shap_list_ir_4
4891,SkinThickness,0.20278533,0.16476995,103.42052,xgb_shap_list_ir_4_subset_4,xgb_shap_list_ir_4
4892,Insulin,0.22578798,0.17500304,115.15187,xgb_shap_list_ir_4_subset_4,xgb_shap_list_ir_4
4893,BMI,0.9552765,0.7036363,487.191,xgb_shap_list_ir_4_subset_4,xgb_shap_list_ir_4
4894,DiabetesPedigreeFunction,0.5679147,0.3593025,289.6365,xgb_shap_list_ir_4_subset_4,xgb_shap_list_ir_4
4895,Age,0.61126816,0.39675894,311.74677,xgb_shap_list_ir_4_subset_4,xgb_shap_list_ir_4
4896,Pregnancies,0.32594153,0.25752184,166.23018,xgb_shap_list_ir_4_subset_139,xgb_shap_list_ir_4
4897,Glucose,1.4879674,1.0032697,758.86334,xgb_shap_list_ir_4_subset_139,xgb_shap_list_ir_4
4898,BloodPressure,0.21939422,0.203285,111.89105,xgb_shap_list_ir_4_subset_139,xgb_shap_list_ir_4
4899,SkinThickness,0.38957426,0.2446892,198.68288,xgb_shap_list_ir_4_subset_139,xgb_shap_list_ir_4
4900,Insulin,0.22079599,0.16754787,112.60596,xgb_shap_list_ir_4_subset_139,xgb_shap_list_ir_4
4901,BMI,1.0003883,0.84528244,510.19803,xgb_shap_list_ir_4_subset_139,xgb_shap_list_ir_4
4902,DiabetesPedigreeFunction,0.7069608,0.51781994,360.55002,xgb_shap_list_ir_4_subset_139,xgb_shap_list_ir_4
4903,Age,0.79441494,0.46123078,405.1516,xgb_shap_list_ir_4_subset_139,xgb_shap_list_ir_4
4904,Pregnancies,0.14695932,0.12705493,74.94925,xgb_shap_list_ir_3_subset_22,xgb_shap_list_ir_3
4905,Glucose,0.8646258,0.6859514,440.95917,xgb_shap_list_ir_3_subset_22,xgb_shap_list_ir_3
4906,BloodPressure,0.34418443,0.2200274,175.53406,xgb_shap_list_ir_3_subset_22,xgb_shap_list_ir_3
4907,SkinThickness,0.3383846,0.21095513,172.57614,xgb_shap_list_ir_3_subset_22,xgb_shap_list_ir_3
4908,Insulin,0.43342504,0.3423104,221.04677,xgb_shap_list_ir_3_subset_22,xgb_shap_list_ir_3
4909,BMI,0.9488659,0.74540174,483.9216,xgb_shap_list_ir_3_subset_22,xgb_shap_list_ir_3
4910,DiabetesPedigreeFunction,0.5825681,0.40751475,297.10974,xgb_shap_list_ir_3_subset_22,xgb_shap_list_ir_3
4911,Age,0.5948395,0.38572916,303.36816,xgb_shap_list_ir_3_subset_22,xgb_shap_list_ir_3
4912,Pregnancies,0.20963776,0.20938663,106.91526,xgb_shap_list_ir_3_subset_121,xgb_shap_list_ir_3
4913,Glucose,1.1120355,0.7060296,567.1381,xgb_shap_list_ir_3_subset_121,xgb_shap_list_ir_3
4914,BloodPressure,0.28813076,0.22054447,146.94669,xgb_shap_list_ir_3_subset_121,xgb_shap_list_ir_3
4915,SkinThickness,0.26153225,0.15259531,133.38144,xgb_shap_list_ir_3_subset_121,xgb_shap_list_ir_3
4916,Insulin,0.27480707,0.25486377,140.1516,xgb_shap_list_ir_3_subset_121,xgb_shap_list_ir_3
4917,BMI,0.99623424,0.8403423,508.07947,xgb_shap_list_ir_3_subset_121,xgb_shap_list_ir_3
4918,DiabetesPedigreeFunction,0.50889677,0.4983929,259.53735,xgb_shap_list_ir_3_subset_121,xgb_shap_list_ir_3
4919,Age,0.88664144,0.58140653,452.18713,xgb_shap_list_ir_3_subset_121,xgb_shap_list_ir_3
4920,Pregnancies,0.5051328,0.39444366,257.61774,xgb_shap_list_ir_4_subset_157,xgb_shap_list_ir_4
4921,Glucose,1.5344346,0.9373986,782.56165,xgb_shap_list_ir_4_subset_157,xgb_shap_list_ir_4
4922,BloodPressure,0.35272264,0.31960717,179.88855,xgb_shap_list_ir_4_subset_157,xgb_shap_list_ir_4
4923,SkinThickness,0.15524176,0.12157868,79.173294,xgb_shap_list_ir_4_subset_157,xgb_shap_list_ir_4
4924,Insulin,0.19646329,0.16582145,100.19627,xgb_shap_list_ir_4_subset_157,xgb_shap_list_ir_4
4925,BMI,0.9081014,0.71629435,463.1317,xgb_shap_list_ir_4_subset_157,xgb_shap_list_ir_4
4926,DiabetesPedigreeFunction,0.6191806,0.39953038,315.7821,xgb_shap_list_ir_4_subset_157,xgb_shap_list_ir_4
4927,Age,0.4085415,0.29995465,208.35617,xgb_shap_list_ir_4_subset_157,xgb_shap_list_ir_4
4928,Pregnancies,0.62569773,0.43780947,319.10583,xgb_shap_list_ir_3_subset_15,xgb_shap_list_ir_3
4929,Glucose,0.8684493,0.69130296,442.90912,xgb_shap_list_ir_3_subset_15,xgb_shap_list_ir_3
4930,BloodPressure,0.40967235,0.36854964,208.93289,xgb_shap_list_ir_3_subset_15,xgb_shap_list_ir_3
4931,SkinThickness,0.24267744,0.15441836,123.765495,xgb_shap_list_ir_3_subset_15,xgb_shap_list_ir_3
4932,Insulin,0.36151108,0.28568646,184.37065,xgb_shap_list_ir_3_subset_15,xgb_shap_list_ir_3
4933,BMI,1.0276506,0.8779449,524.1018,xgb_shap_list_ir_3_subset_15,xgb_shap_list_ir_3
4934,DiabetesPedigreeFunction,0.59571236,0.3665692,303.8133,xgb_shap_list_ir_3_subset_15,xgb_shap_list_ir_3
4935,Age,0.9166444,0.49298954,467.48865,xgb_shap_list_ir_3_subset_15,xgb_shap_list_ir_3
4936,Pregnancies,0.40465018,0.30630577,206.3716,xgb_shap_list_ir_5_subset_17,xgb_shap_list_ir_5
4937,Glucose,1.8321478,1.0166385,934.3954,xgb_shap_list_ir_5_subset_17,xgb_shap_list_ir_5
4938,BloodPressure,0.4109265,0.324635,209.57251,xgb_shap_list_ir_5_subset_17,xgb_shap_list_ir_5
4939,SkinThickness,0.36568114,0.23632526,186.49738,xgb_shap_list_ir_5_subset_17,xgb_shap_list_ir_5
4940,Insulin,0.21802728,0.19062692,111.19391,xgb_shap_list_ir_5_subset_17,xgb_shap_list_ir_5
4941,BMI,0.89666295,0.70938087,457.2981,xgb_shap_list_ir_5_subset_17,xgb_shap_list_ir_5
4942,DiabetesPedigreeFunction,0.43857732,0.35320464,223.67444,xgb_shap_list_ir_5_subset_17,xgb_shap_list_ir_5
4943,Age,0.68874294,0.5313729,351.2589,xgb_shap_list_ir_5_subset_17,xgb_shap_list_ir_5
4944,Pregnancies,1.0506301,0.4428216,535.82135,xgb_shap_list_ir_1_subset_47,xgb_shap_list_ir_1
4945,Glucose,2.1277223,0.5076984,1085.1383,xgb_shap_list_ir_1_subset_47,xgb_shap_list_ir_1
4946,BloodPressure,0.47668636,0.35335794,243.11005,xgb_shap_list_ir_1_subset_47,xgb_shap_list_ir_1
4947,SkinThickness,0.13885795,0.10306828,70.81755,xgb_shap_list_ir_1_subset_47,xgb_shap_list_ir_1
4948,Insulin,0.3035634,0.14824419,154.81732,xgb_shap_list_ir_1_subset_47,xgb_shap_list_ir_1
4949,BMI,0.327518,0.21159776,167.03418,xgb_shap_list_ir_1_subset_47,xgb_shap_list_ir_1
4950,DiabetesPedigreeFunction,0.17369299,0.15597181,88.58342,xgb_shap_list_ir_1_subset_47,xgb_shap_list_ir_1
4951,Age,0.07358253,0.06321352,37.527092,xgb_shap_list_ir_1_subset_47,xgb_shap_list_ir_1
4952,Pregnancies,0.34126672,0.269476,174.04602,xgb_shap_list_ir_2_subset_3,xgb_shap_list_ir_2
4953,Glucose,1.0846094,0.73067665,553.1508,xgb_shap_list_ir_2_subset_3,xgb_shap_list_ir_2
4954,BloodPressure,0.23663494,0.13049628,120.68382,xgb_shap_list_ir_2_subset_3,xgb_shap_list_ir_2
4955,SkinThickness,0.2384811,0.15149862,121.62537,xgb_shap_list_ir_2_subset_3,xgb_shap_list_ir_2
4956,Insulin,0.13293913,0.11617045,67.79896,xgb_shap_list_ir_2_subset_3,xgb_shap_list_ir_2
4957,BMI,0.9468587,0.60688347,482.89795,xgb_shap_list_ir_2_subset_3,xgb_shap_list_ir_2
4958,DiabetesPedigreeFunction,0.6870691,0.39186063,350.40524,xgb_shap_list_ir_2_subset_3,xgb_shap_list_ir_2
4959,Age,0.660585,0.32496467,336.89835,xgb_shap_list_ir_2_subset_3,xgb_shap_list_ir_2
4960,Pregnancies,0.3776746,0.18599956,192.61404,xgb_shap_list_ir_2_subset_107,xgb_shap_list_ir_2
4961,Glucose,1.2629212,0.52790266,644.08984,xgb_shap_list_ir_2_subset_107,xgb_shap_list_ir_2
4962,BloodPressure,0.4008433,0.27132818,204.43008,xgb_shap_list_ir_2_subset_107,xgb_shap_list_ir_2
4963,SkinThickness,0.49693787,0.31287628,253.43831,xgb_shap_list_ir_2_subset_107,xgb_shap_list_ir_2
4964,Insulin,0.20132025,0.14510734,102.673325,xgb_shap_list_ir_2_subset_107,xgb_shap_list_ir_2
4965,BMI,0.89762294,0.5272126,457.7877,xgb_shap_list_ir_2_subset_107,xgb_shap_list_ir_2
4966,DiabetesPedigreeFunction,0.72232556,0.49972278,368.38605,xgb_shap_list_ir_2_subset_107,xgb_shap_list_ir_2
4967,Age,0.55648494,0.33415753,283.8073,xgb_shap_list_ir_2_subset_107,xgb_shap_list_ir_2
4968,Pregnancies,0.4396854,0.26339224,224.23956,xgb_shap_list_ir_5_subset_57,xgb_shap_list_ir_5
4969,Glucose,1.9082267,1.1741972,973.1956,xgb_shap_list_ir_5_subset_57,xgb_shap_list_ir_5
4970,BloodPressure,0.41885367,0.3006653,213.61537,xgb_shap_list_ir_5_subset_57,xgb_shap_list_ir_5
4971,SkinThickness,0.26921502,0.18727927,137.29965,xgb_shap_list_ir_5_subset_57,xgb_shap_list_ir_5
4972,Insulin,0.17934717,0.1841403,91.46706,xgb_shap_list_ir_5_subset_57,xgb_shap_list_ir_5
4973,BMI,1.0466616,0.90110624,533.7974,xgb_shap_list_ir_5_subset_57,xgb_shap_list_ir_5
4974,DiabetesPedigreeFunction,0.5760881,0.41824058,293.8049,xgb_shap_list_ir_5_subset_57,xgb_shap_list_ir_5
4975,Age,0.89642227,0.48909795,457.17535,xgb_shap_list_ir_5_subset_57,xgb_shap_list_ir_5
4976,Pregnancies,0.23345385,0.19168764,119.06146,xgb_shap_list_ir_5_subset_41,xgb_shap_list_ir_5
4977,Glucose,1.3083539,0.870018,667.2605,xgb_shap_list_ir_5_subset_41,xgb_shap_list_ir_5
4978,BloodPressure,0.28044838,0.2296188,143.02867,xgb_shap_list_ir_5_subset_41,xgb_shap_list_ir_5
4979,SkinThickness,0.27820253,0.21759973,141.88329,xgb_shap_list_ir_5_subset_41,xgb_shap_list_ir_5
4980,Insulin,0.22004195,0.19630505,112.22139,xgb_shap_list_ir_5_subset_41,xgb_shap_list_ir_5
4981,BMI,1.1022695,0.8574925,562.1575,xgb_shap_list_ir_5_subset_41,xgb_shap_list_ir_5
4982,DiabetesPedigreeFunction,0.49833614,0.3074595,254.15143,xgb_shap_list_ir_5_subset_41,xgb_shap_list_ir_5
4983,Age,0.632923,0.52608854,322.79074,xgb_shap_list_ir_5_subset_41,xgb_shap_list_ir_5
4984,Pregnancies,0.4565771,0.3288116,232.85432,xgb_shap_list_ir_3_subset_23,xgb_shap_list_ir_3
4985,Glucose,1.1971118,0.7895517,610.52704,xgb_shap_list_ir_3_subset_23,xgb_shap_list_ir_3
4986,BloodPressure,0.32424787,0.3109632,165.36641,xgb_shap_list_ir_3_subset_23,xgb_shap_list_ir_3
4987,SkinThickness,0.22714417,0.19188721,115.84353,xgb_shap_list_ir_3_subset_23,xgb_shap_list_ir_3
4988,Insulin,0.27007362,0.20414308,137.73755,xgb_shap_list_ir_3_subset_23,xgb_shap_list_ir_3
4989,BMI,0.72958255,0.6246212,372.0871,xgb_shap_list_ir_3_subset_23,xgb_shap_list_ir_3
4990,DiabetesPedigreeFunction,0.72336113,0.49489558,368.91418,xgb_shap_list_ir_3_subset_23,xgb_shap_list_ir_3
4991,Age,0.6935027,0.47662333,353.6864,xgb_shap_list_ir_3_subset_23,xgb_shap_list_ir_3
4992,Pregnancies,0.8411965,0.26012307,429.0102,xgb_shap_list_ir_1_subset_77,xgb_shap_list_ir_1
4993,Glucose,0.80895776,0.5271183,412.56845,xgb_shap_list_ir_1_subset_77,xgb_shap_list_ir_1
4994,BloodPressure,0.34401014,0.27475804,175.44518,xgb_shap_list_ir_1_subset_77,xgb_shap_list_ir_1
4995,SkinThickness,0.6291776,0.33420542,320.88055,xgb_shap_list_ir_1_subset_77,xgb_shap_list_ir_1
4996,Insulin,0.53758496,0.2411826,274.16833,xgb_shap_list_ir_1_subset_77,xgb_shap_list_ir_1
4997,BMI,0.3925285,0.31790686,200.18954,xgb_shap_list_ir_1_subset_77,xgb_shap_list_ir_1
4998,DiabetesPedigreeFunction,0.5047114,0.3259973,257.4028,xgb_shap_list_ir_1_subset_77,xgb_shap_list_ir_1
4999,Age,0.2534881,0.21841961,129.27893,xgb_shap_list_ir_1_subset_77,xgb_shap_list_ir_1
5000,Pregnancies,0.56936705,0.43797472,290.3772,xgb_shap_list_ir_5_subset_48,xgb_shap_list_ir_5
5001,Glucose,1.5275779,0.89157945,779.0647,xgb_shap_list_ir_5_subset_48,xgb_shap_list_ir_5
5002,BloodPressure,0.35288426,0.32442707,179.97098,xgb_shap_list_ir_5_subset_48,xgb_shap_list_ir_5
5003,SkinThickness,0.28983992,0.21712978,147.81836,xgb_shap_list_ir_5_subset_48,xgb_shap_list_ir_5
5004,Insulin,0.26729384,0.24679713,136.31985,xgb_shap_list_ir_5_subset_48,xgb_shap_list_ir_5
5005,BMI,0.94331706,0.8750052,481.0917,xgb_shap_list_ir_5_subset_48,xgb_shap_list_ir_5
5006,DiabetesPedigreeFunction,0.58019733,0.518902,295.90063,xgb_shap_list_ir_5_subset_48,xgb_shap_list_ir_5
5007,Age,0.4828606,0.32324177,246.2589,xgb_shap_list_ir_5_subset_48,xgb_shap_list_ir_5
5008,Pregnancies,0.7034713,0.51377934,358.77036,xgb_shap_list_ir_5_subset_103,xgb_shap_list_ir_5
5009,Glucose,1.7816722,1.2133758,908.65283,xgb_shap_list_ir_5_subset_103,xgb_shap_list_ir_5
5010,BloodPressure,0.20957488,0.19578016,106.88319,xgb_shap_list_ir_5_subset_103,xgb_shap_list_ir_5
5011,SkinThickness,0.21874772,0.13366964,111.56134,xgb_shap_list_ir_5_subset_103,xgb_shap_list_ir_5
5012,Insulin,0.38729307,0.3192819,197.51947,xgb_shap_list_ir_5_subset_103,xgb_shap_list_ir_5
5013,BMI,0.61804855,0.540866,315.20477,xgb_shap_list_ir_5_subset_103,xgb_shap_list_ir_5
5014,DiabetesPedigreeFunction,0.5865741,0.42156133,299.15277,xgb_shap_list_ir_5_subset_103,xgb_shap_list_ir_5
5015,Age,0.48186287,0.39990613,245.75006,xgb_shap_list_ir_5_subset_103,xgb_shap_list_ir_5
5016,Pregnancies,0.17926823,0.114728145,91.426796,xgb_shap_list_ir_2_subset_151,xgb_shap_list_ir_2
5017,Glucose,1.0681014,0.6975976,544.7317,xgb_shap_list_ir_2_subset_151,xgb_shap_list_ir_2
5018,BloodPressure,0.35572553,0.2694619,181.42001,xgb_shap_list_ir_2_subset_151,xgb_shap_list_ir_2
5019,SkinThickness,0.32988185,0.30913848,168.23975,xgb_shap_list_ir_2_subset_151,xgb_shap_list_ir_2
5020,Insulin,0.3249188,0.26097992,165.70859,xgb_shap_list_ir_2_subset_151,xgb_shap_list_ir_2
5021,BMI,0.94861907,0.7336653,483.79572,xgb_shap_list_ir_2_subset_151,xgb_shap_list_ir_2
5022,DiabetesPedigreeFunction,0.45538306,0.28305593,232.24536,xgb_shap_list_ir_2_subset_151,xgb_shap_list_ir_2
5023,Age,0.75198555,0.5043603,383.51263,xgb_shap_list_ir_2_subset_151,xgb_shap_list_ir_2
5024,Pregnancies,0.22831613,0.20879953,116.44122,xgb_shap_list_ir_4_subset_83,xgb_shap_list_ir_4
5025,Glucose,1.50539,0.8540842,767.7489,xgb_shap_list_ir_4_subset_83,xgb_shap_list_ir_4
5026,BloodPressure,0.24374,0.19772178,124.3074,xgb_shap_list_ir_4_subset_83,xgb_shap_list_ir_4
5027,SkinThickness,0.2705452,0.17710735,137.97806,xgb_shap_list_ir_4_subset_83,xgb_shap_list_ir_4
5028,Insulin,0.21394166,0.20009714,109.110245,xgb_shap_list_ir_4_subset_83,xgb_shap_list_ir_4
5029,BMI,0.933302,0.81550443,475.984,xgb_shap_list_ir_4_subset_83,xgb_shap_list_ir_4
5030,DiabetesPedigreeFunction,0.574278,0.34333208,292.88177,xgb_shap_list_ir_4_subset_83,xgb_shap_list_ir_4
5031,Age,0.6826348,0.56913525,348.14374,xgb_shap_list_ir_4_subset_83,xgb_shap_list_ir_4
5032,Pregnancies,0.56198436,0.3180019,286.61203,xgb_shap_list_ir_3_subset_49,xgb_shap_list_ir_3
5033,Glucose,1.548733,0.93226314,789.8538,xgb_shap_list_ir_3_subset_49,xgb_shap_list_ir_3
5034,BloodPressure,0.22247697,0.19188212,113.46326,xgb_shap_list_ir_3_subset_49,xgb_shap_list_ir_3
5035,SkinThickness,0.24393962,0.1740916,124.40921,xgb_shap_list_ir_3_subset_49,xgb_shap_list_ir_3
5036,Insulin,0.4014425,0.27368677,204.73567,xgb_shap_list_ir_3_subset_49,xgb_shap_list_ir_3
5037,BMI,0.5515733,0.46077073,281.30237,xgb_shap_list_ir_3_subset_49,xgb_shap_list_ir_3
5038,DiabetesPedigreeFunction,0.57147485,0.4307799,291.45218,xgb_shap_list_ir_3_subset_49,xgb_shap_list_ir_3
5039,Age,0.6267915,0.5008866,319.66367,xgb_shap_list_ir_3_subset_49,xgb_shap_list_ir_3
5040,Pregnancies,0.43021196,0.23717697,219.4081,xgb_shap_list_ir_2_subset_64,xgb_shap_list_ir_2
5041,Glucose,0.85164374,0.4825835,434.33832,xgb_shap_list_ir_2_subset_64,xgb_shap_list_ir_2
5042,BloodPressure,0.19542801,0.24009271,99.66829,xgb_shap_list_ir_2_subset_64,xgb_shap_list_ir_2
5043,SkinThickness,0.33236355,0.2450696,169.5054,xgb_shap_list_ir_2_subset_64,xgb_shap_list_ir_2
5044,Insulin,0.6148735,0.3345527,313.5855,xgb_shap_list_ir_2_subset_64,xgb_shap_list_ir_2
5045,BMI,0.90569794,0.5471523,461.90594,xgb_shap_list_ir_2_subset_64,xgb_shap_list_ir_2
5046,DiabetesPedigreeFunction,0.6514214,0.60322773,332.2249,xgb_shap_list_ir_2_subset_64,xgb_shap_list_ir_2
5047,Age,0.6677051,0.4316791,340.5296,xgb_shap_list_ir_2_subset_64,xgb_shap_list_ir_2
5048,Pregnancies,0.32480964,0.21609984,165.65292,xgb_shap_list_ir_3_subset_125,xgb_shap_list_ir_3
5049,Glucose,1.5747191,0.86807615,803.10675,xgb_shap_list_ir_3_subset_125,xgb_shap_list_ir_3
5050,BloodPressure,0.40584168,0.31003997,206.97926,xgb_shap_list_ir_3_subset_125,xgb_shap_list_ir_3
5051,SkinThickness,0.15928777,0.10952289,81.23676,xgb_shap_list_ir_3_subset_125,xgb_shap_list_ir_3
5052,Insulin,0.25517687,0.22860532,130.1402,xgb_shap_list_ir_3_subset_125,xgb_shap_list_ir_3
5053,BMI,1.0077153,0.9756588,513.9348,xgb_shap_list_ir_3_subset_125,xgb_shap_list_ir_3
5054,DiabetesPedigreeFunction,0.63155603,0.4305312,322.09357,xgb_shap_list_ir_3_subset_125,xgb_shap_list_ir_3
5055,Age,0.6771861,0.5819993,345.3649,xgb_shap_list_ir_3_subset_125,xgb_shap_list_ir_3
5056,Pregnancies,0.22113928,0.22987601,112.78104,xgb_shap_list_ir_4_subset_89,xgb_shap_list_ir_4
5057,Glucose,1.551085,0.91635215,791.05334,xgb_shap_list_ir_4_subset_89,xgb_shap_list_ir_4
5058,BloodPressure,0.28936055,0.20446286,147.57388,xgb_shap_list_ir_4_subset_89,xgb_shap_list_ir_4
5059,SkinThickness,0.23577172,0.21103124,120.243576,xgb_shap_list_ir_4_subset_89,xgb_shap_list_ir_4
5060,Insulin,0.5965709,0.4406318,304.25116,xgb_shap_list_ir_4_subset_89,xgb_shap_list_ir_4
5061,BMI,0.8557258,0.59320164,436.42017,xgb_shap_list_ir_4_subset_89,xgb_shap_list_ir_4
5062,DiabetesPedigreeFunction,0.39062825,0.31526926,199.22041,xgb_shap_list_ir_4_subset_89,xgb_shap_list_ir_4
5063,Age,0.780926,0.4393765,398.27225,xgb_shap_list_ir_4_subset_89,xgb_shap_list_ir_4
5064,Pregnancies,0.3279594,0.27683592,167.2593,xgb_shap_list_ir_1_subset_137,xgb_shap_list_ir_1
5065,Glucose,0.50199753,0.28395912,256.01874,xgb_shap_list_ir_1_subset_137,xgb_shap_list_ir_1
5066,BloodPressure,0.70369864,0.32892808,358.8863,xgb_shap_list_ir_1_subset_137,xgb_shap_list_ir_1
5067,SkinThickness,0.10703064,0.08872477,54.585625,xgb_shap_list_ir_1_subset_137,xgb_shap_list_ir_1
5068,Insulin,0.61339784,0.23903804,312.8329,xgb_shap_list_ir_1_subset_137,xgb_shap_list_ir_1
5069,BMI,0.983132,0.445799,501.3973,xgb_shap_list_ir_1_subset_137,xgb_shap_list_ir_1
5070,DiabetesPedigreeFunction,0.44517857,0.26705548,227.04108,xgb_shap_list_ir_1_subset_137,xgb_shap_list_ir_1
5071,Age,0.98870015,0.50317305,504.2371,xgb_shap_list_ir_1_subset_137,xgb_shap_list_ir_1
5072,Pregnancies,0.025804982,0.023627136,13.160541,xgb_shap_list_ir_1_subset_36,xgb_shap_list_ir_1
5073,Glucose,1.2764368,0.50836724,650.9828,xgb_shap_list_ir_1_subset_36,xgb_shap_list_ir_1
5074,BloodPressure,0.3607607,0.15530865,183.98795,xgb_shap_list_ir_1_subset_36,xgb_shap_list_ir_1
5075,SkinThickness,0.24760689,0.116846524,126.27951,xgb_shap_list_ir_1_subset_36,xgb_shap_list_ir_1
5076,Insulin,0.051899403,0.039542977,26.468697,xgb_shap_list_ir_1_subset_36,xgb_shap_list_ir_1
5077,BMI,0.90064615,0.45587578,459.32953,xgb_shap_list_ir_1_subset_36,xgb_shap_list_ir_1
5078,DiabetesPedigreeFunction,0.7840136,0.55513793,399.84695,xgb_shap_list_ir_1_subset_36,xgb_shap_list_ir_1
5079,Age,0.89388883,0.42238364,455.8833,xgb_shap_list_ir_1_subset_36,xgb_shap_list_ir_1
5080,Pregnancies,0.18861173,0.15997106,96.191986,xgb_shap_list_ir_4_subset_95,xgb_shap_list_ir_4
5081,Glucose,1.3235165,0.82151955,674.9934,xgb_shap_list_ir_4_subset_95,xgb_shap_list_ir_4
5082,BloodPressure,0.2852449,0.24451487,145.4749,xgb_shap_list_ir_4_subset_95,xgb_shap_list_ir_4
5083,SkinThickness,0.2760122,0.20495385,140.76624,xgb_shap_list_ir_4_subset_95,xgb_shap_list_ir_4
5084,Insulin,0.22382706,0.25853583,114.1518,xgb_shap_list_ir_4_subset_95,xgb_shap_list_ir_4
5085,BMI,1.0461156,0.6537292,533.519,xgb_shap_list_ir_4_subset_95,xgb_shap_list_ir_4
5086,DiabetesPedigreeFunction,0.7905167,0.4790168,403.1635,xgb_shap_list_ir_4_subset_95,xgb_shap_list_ir_4
5087,Age,0.6279691,0.43947372,320.26422,xgb_shap_list_ir_4_subset_95,xgb_shap_list_ir_4
5088,Pregnancies,0.2635932,0.22220111,134.43253,xgb_shap_list_ir_5_subset_58,xgb_shap_list_ir_5
5089,Glucose,1.5182143,0.8124758,774.2893,xgb_shap_list_ir_5_subset_58,xgb_shap_list_ir_5
5090,BloodPressure,0.39819077,0.3405471,203.07729,xgb_shap_list_ir_5_subset_58,xgb_shap_list_ir_5
5091,SkinThickness,0.20013365,0.14143802,102.06816,xgb_shap_list_ir_5_subset_58,xgb_shap_list_ir_5
5092,Insulin,0.2438017,0.23386252,124.33887,xgb_shap_list_ir_5_subset_58,xgb_shap_list_ir_5
5093,BMI,1.1272892,0.9114774,574.9175,xgb_shap_list_ir_5_subset_58,xgb_shap_list_ir_5
5094,DiabetesPedigreeFunction,0.58158356,0.40120015,296.6076,xgb_shap_list_ir_5_subset_58,xgb_shap_list_ir_5
5095,Age,0.85435003,0.6908589,435.7185,xgb_shap_list_ir_5_subset_58,xgb_shap_list_ir_5
5096,Pregnancies,0.3462217,0.25848675,176.57306,xgb_shap_list_ir_5_subset_159,xgb_shap_list_ir_5
5097,Glucose,1.2768213,0.79840446,651.17883,xgb_shap_list_ir_5_subset_159,xgb_shap_list_ir_5
5098,BloodPressure,0.32599363,0.25462505,166.25674,xgb_shap_list_ir_5_subset_159,xgb_shap_list_ir_5
5099,SkinThickness,0.41260988,0.28490144,210.43103,xgb_shap_list_ir_5_subset_159,xgb_shap_list_ir_5
5100,Insulin,0.28897333,0.2224978,147.3764,xgb_shap_list_ir_5_subset_159,xgb_shap_list_ir_5
5101,BMI,0.76383847,0.63773775,389.55762,xgb_shap_list_ir_5_subset_159,xgb_shap_list_ir_5
5102,DiabetesPedigreeFunction,0.75769526,0.59225273,386.4246,xgb_shap_list_ir_5_subset_159,xgb_shap_list_ir_5
5103,Age,0.49153095,0.32755885,250.68079,xgb_shap_list_ir_5_subset_159,xgb_shap_list_ir_5
5104,Pregnancies,0.47422174,0.30939338,241.85309,xgb_shap_list_ir_4_subset_16,xgb_shap_list_ir_4
5105,Glucose,1.1614131,0.8190626,592.3207,xgb_shap_list_ir_4_subset_16,xgb_shap_list_ir_4
5106,BloodPressure,0.3696012,0.2668069,188.49661,xgb_shap_list_ir_4_subset_16,xgb_shap_list_ir_4
5107,SkinThickness,0.22816662,0.15951204,116.364975,xgb_shap_list_ir_4_subset_16,xgb_shap_list_ir_4
5108,Insulin,0.3928003,0.28041577,200.32816,xgb_shap_list_ir_4_subset_16,xgb_shap_list_ir_4
5109,BMI,0.9907721,0.7053661,505.2938,xgb_shap_list_ir_4_subset_16,xgb_shap_list_ir_4
5110,DiabetesPedigreeFunction,0.7035179,0.4616636,358.79413,xgb_shap_list_ir_4_subset_16,xgb_shap_list_ir_4
5111,Age,0.6140248,0.425568,313.15265,xgb_shap_list_ir_4_subset_16,xgb_shap_list_ir_4
5112,Pregnancies,0.27863577,0.23295419,142.10425,xgb_shap_list_ir_2_subset_25,xgb_shap_list_ir_2
5113,Glucose,1.0801018,0.63209087,550.8519,xgb_shap_list_ir_2_subset_25,xgb_shap_list_ir_2
5114,BloodPressure,0.8521542,0.56973916,434.59863,xgb_shap_list_ir_2_subset_25,xgb_shap_list_ir_2
5115,SkinThickness,0.45598832,0.29456002,232.55405,xgb_shap_list_ir_2_subset_25,xgb_shap_list_ir_2
5116,Insulin,0.33553532,0.21680538,171.12302,xgb_shap_list_ir_2_subset_25,xgb_shap_list_ir_2
5117,BMI,0.4070098,0.27779382,207.575,xgb_shap_list_ir_2_subset_25,xgb_shap_list_ir_2
5118,DiabetesPedigreeFunction,0.36873454,0.37273926,188.05461,xgb_shap_list_ir_2_subset_25,xgb_shap_list_ir_2
5119,Age,1.1055089,0.7917863,563.8096,xgb_shap_list_ir_2_subset_25,xgb_shap_list_ir_2
5120,Pregnancies,0.81678003,0.49406448,416.55783,xgb_shap_list_ir_3_subset_51,xgb_shap_list_ir_3
5121,Glucose,1.3050345,0.7416038,665.5676,xgb_shap_list_ir_3_subset_51,xgb_shap_list_ir_3
5122,BloodPressure,0.56801564,0.36487204,289.688,xgb_shap_list_ir_3_subset_51,xgb_shap_list_ir_3
5123,SkinThickness,0.32068977,0.2915048,163.55179,xgb_shap_list_ir_3_subset_51,xgb_shap_list_ir_3
5124,Insulin,0.32437673,0.29990548,165.43213,xgb_shap_list_ir_3_subset_51,xgb_shap_list_ir_3
5125,BMI,1.1839013,0.94250757,603.7897,xgb_shap_list_ir_3_subset_51,xgb_shap_list_ir_3
5126,DiabetesPedigreeFunction,0.30761197,0.2452181,156.88211,xgb_shap_list_ir_3_subset_51,xgb_shap_list_ir_3
5127,Age,0.17463212,0.12081883,89.06238,xgb_shap_list_ir_3_subset_51,xgb_shap_list_ir_3
5128,Pregnancies,0.32603377,0.24573405,166.27722,xgb_shap_list_ir_5_subset_3,xgb_shap_list_ir_5
5129,Glucose,1.2609959,1.0133334,643.1079,xgb_shap_list_ir_5_subset_3,xgb_shap_list_ir_5
5130,BloodPressure,0.31981865,0.23707083,163.10751,xgb_shap_list_ir_5_subset_3,xgb_shap_list_ir_5
5131,SkinThickness,0.18562503,0.145703,94.66877,xgb_shap_list_ir_5_subset_3,xgb_shap_list_ir_5
5132,Insulin,0.25893903,0.22730695,132.0589,xgb_shap_list_ir_5_subset_3,xgb_shap_list_ir_5
5133,BMI,1.0526707,1.0690768,536.86206,xgb_shap_list_ir_5_subset_3,xgb_shap_list_ir_5
5134,DiabetesPedigreeFunction,0.5780168,0.384176,294.78857,xgb_shap_list_ir_5_subset_3,xgb_shap_list_ir_5
5135,Age,0.9728072,0.581956,496.13168,xgb_shap_list_ir_5_subset_3,xgb_shap_list_ir_5
5136,Pregnancies,0.2591398,0.21762304,132.1613,xgb_shap_list_ir_5_subset_145,xgb_shap_list_ir_5
5137,Glucose,1.7967668,1.0873259,916.3511,xgb_shap_list_ir_5_subset_145,xgb_shap_list_ir_5
5138,BloodPressure,0.23771334,0.1961152,121.2338,xgb_shap_list_ir_5_subset_145,xgb_shap_list_ir_5
5139,SkinThickness,0.3943175,0.35695273,201.10193,xgb_shap_list_ir_5_subset_145,xgb_shap_list_ir_5
5140,Insulin,0.2344724,0.2539623,119.58092,xgb_shap_list_ir_5_subset_145,xgb_shap_list_ir_5
5141,BMI,0.99124867,0.6900648,505.53683,xgb_shap_list_ir_5_subset_145,xgb_shap_list_ir_5
5142,DiabetesPedigreeFunction,0.6163899,0.40131608,314.35883,xgb_shap_list_ir_5_subset_145,xgb_shap_list_ir_5
5143,Age,0.63296574,0.4115911,322.81253,xgb_shap_list_ir_5_subset_145,xgb_shap_list_ir_5
5144,Pregnancies,0.31382248,0.2152721,160.04947,xgb_shap_list_ir_2_subset_8,xgb_shap_list_ir_2
5145,Glucose,1.4886118,0.7302173,759.192,xgb_shap_list_ir_2_subset_8,xgb_shap_list_ir_2
5146,BloodPressure,0.25924012,0.20598295,132.21246,xgb_shap_list_ir_2_subset_8,xgb_shap_list_ir_2
5147,SkinThickness,0.26798365,0.18612555,136.67166,xgb_shap_list_ir_2_subset_8,xgb_shap_list_ir_2
5148,Insulin,0.21389675,0.24581657,109.08734,xgb_shap_list_ir_2_subset_8,xgb_shap_list_ir_2
5149,BMI,0.7956488,0.57468826,405.78088,xgb_shap_list_ir_2_subset_8,xgb_shap_list_ir_2
5150,DiabetesPedigreeFunction,0.56596106,0.42530477,288.64014,xgb_shap_list_ir_2_subset_8,xgb_shap_list_ir_2
5151,Age,0.63331956,0.4155049,322.99298,xgb_shap_list_ir_2_subset_8,xgb_shap_list_ir_2
5152,Pregnancies,0.352414,0.2366045,179.73114,xgb_shap_list_ir_3_subset_139,xgb_shap_list_ir_3
5153,Glucose,1.5288934,0.8151809,779.7356,xgb_shap_list_ir_3_subset_139,xgb_shap_list_ir_3
5154,BloodPressure,0.5307776,0.40930024,270.69656,xgb_shap_list_ir_3_subset_139,xgb_shap_list_ir_3
5155,SkinThickness,0.33461684,0.22710381,170.65459,xgb_shap_list_ir_3_subset_139,xgb_shap_list_ir_3
5156,Insulin,0.36720294,0.31055918,187.2735,xgb_shap_list_ir_3_subset_139,xgb_shap_list_ir_3
5157,BMI,1.0139982,0.83874375,517.13904,xgb_shap_list_ir_3_subset_139,xgb_shap_list_ir_3
5158,DiabetesPedigreeFunction,0.4972862,0.35355252,253.61597,xgb_shap_list_ir_3_subset_139,xgb_shap_list_ir_3
5159,Age,0.14131846,0.19747785,72.07241,xgb_shap_list_ir_3_subset_139,xgb_shap_list_ir_3
5160,Pregnancies,0.41401,0.29794303,211.1451,xgb_shap_list_ir_5_subset_2,xgb_shap_list_ir_5
5161,Glucose,1.8713701,0.878528,954.39874,xgb_shap_list_ir_5_subset_2,xgb_shap_list_ir_5
5162,BloodPressure,0.34527004,0.27478108,176.08772,xgb_shap_list_ir_5_subset_2,xgb_shap_list_ir_5
5163,SkinThickness,0.3469492,0.21557653,176.94409,xgb_shap_list_ir_5_subset_2,xgb_shap_list_ir_5
5164,Insulin,0.19098419,0.18447721,97.40194,xgb_shap_list_ir_5_subset_2,xgb_shap_list_ir_5
5165,BMI,0.6577214,0.5167042,335.43793,xgb_shap_list_ir_5_subset_2,xgb_shap_list_ir_5
5166,DiabetesPedigreeFunction,0.57429034,0.4674837,292.88806,xgb_shap_list_ir_5_subset_2,xgb_shap_list_ir_5
5167,Age,0.96135044,0.68166363,490.28873,xgb_shap_list_ir_5_subset_2,xgb_shap_list_ir_5
5168,Pregnancies,0.38413337,0.2776718,195.90802,xgb_shap_list_ir_5_subset_98,xgb_shap_list_ir_5
5169,Glucose,1.5483323,1.0740966,789.6495,xgb_shap_list_ir_5_subset_98,xgb_shap_list_ir_5
5170,BloodPressure,0.29215646,0.29443413,148.99979,xgb_shap_list_ir_5_subset_98,xgb_shap_list_ir_5
5171,SkinThickness,0.30813247,0.19178952,157.14755,xgb_shap_list_ir_5_subset_98,xgb_shap_list_ir_5
5172,Insulin,0.2553894,0.2584312,130.2486,xgb_shap_list_ir_5_subset_98,xgb_shap_list_ir_5
5173,BMI,0.80472714,0.57705134,410.41083,xgb_shap_list_ir_5_subset_98,xgb_shap_list_ir_5
5174,DiabetesPedigreeFunction,0.64613265,0.46057075,329.52765,xgb_shap_list_ir_5_subset_98,xgb_shap_list_ir_5
5175,Age,0.5749887,0.4097305,293.24426,xgb_shap_list_ir_5_subset_98,xgb_shap_list_ir_5
5176,Pregnancies,0.5258752,0.31352746,268.19635,xgb_shap_list_ir_4_subset_28,xgb_shap_list_ir_4
5177,Glucose,1.7509757,1.1230997,892.9976,xgb_shap_list_ir_4_subset_28,xgb_shap_list_ir_4
5178,BloodPressure,0.23942928,0.23525336,122.10893,xgb_shap_list_ir_4_subset_28,xgb_shap_list_ir_4
5179,SkinThickness,0.17971505,0.11416535,91.65468,xgb_shap_list_ir_4_subset_28,xgb_shap_list_ir_4
5180,Insulin,0.21158253,0.16418417,107.90709,xgb_shap_list_ir_4_subset_28,xgb_shap_list_ir_4
5181,BMI,1.0098749,0.922609,515.0362,xgb_shap_list_ir_4_subset_28,xgb_shap_list_ir_4
5182,DiabetesPedigreeFunction,0.93515897,0.50799835,476.93106,xgb_shap_list_ir_4_subset_28,xgb_shap_list_ir_4
5183,Age,0.37225705,0.30596277,189.8511,xgb_shap_list_ir_4_subset_28,xgb_shap_list_ir_4
5184,Pregnancies,0.22856754,0.21123789,116.56944,xgb_shap_list_ir_2_subset_80,xgb_shap_list_ir_2
5185,Glucose,0.96780264,0.47018787,493.57935,xgb_shap_list_ir_2_subset_80,xgb_shap_list_ir_2
5186,BloodPressure,0.53081095,0.42893228,270.7136,xgb_shap_list_ir_2_subset_80,xgb_shap_list_ir_2
5187,SkinThickness,0.4280107,0.25370288,218.28546,xgb_shap_list_ir_2_subset_80,xgb_shap_list_ir_2
5188,Insulin,0.6829912,0.28485814,348.3255,xgb_shap_list_ir_2_subset_80,xgb_shap_list_ir_2
5189,BMI,0.738062,0.54270077,376.41162,xgb_shap_list_ir_2_subset_80,xgb_shap_list_ir_2
5190,DiabetesPedigreeFunction,0.53304046,0.35327595,271.85065,xgb_shap_list_ir_2_subset_80,xgb_shap_list_ir_2
5191,Age,0.9575009,0.44905147,488.32544,xgb_shap_list_ir_2_subset_80,xgb_shap_list_ir_2
5192,Pregnancies,0.39985865,0.2820184,203.92792,xgb_shap_list_ir_3_subset_105,xgb_shap_list_ir_3
5193,Glucose,1.2900229,0.8568211,657.9117,xgb_shap_list_ir_3_subset_105,xgb_shap_list_ir_3
5194,BloodPressure,0.316551,0.3114318,161.44101,xgb_shap_list_ir_3_subset_105,xgb_shap_list_ir_3
5195,SkinThickness,0.23254108,0.205876,118.595955,xgb_shap_list_ir_3_subset_105,xgb_shap_list_ir_3
5196,Insulin,0.42482853,0.32606962,216.66255,xgb_shap_list_ir_3_subset_105,xgb_shap_list_ir_3
5197,BMI,0.9338923,0.7341126,476.28506,xgb_shap_list_ir_3_subset_105,xgb_shap_list_ir_3
5198,DiabetesPedigreeFunction,0.36899954,0.22813316,188.18976,xgb_shap_list_ir_3_subset_105,xgb_shap_list_ir_3
5199,Age,0.765759,0.6273837,390.53708,xgb_shap_list_ir_3_subset_105,xgb_shap_list_ir_3
5200,Pregnancies,0.24448149,0.18892026,124.68556,xgb_shap_list_ir_5_subset_144,xgb_shap_list_ir_5
5201,Glucose,1.1981547,1.044791,611.0589,xgb_shap_list_ir_5_subset_144,xgb_shap_list_ir_5
5202,BloodPressure,0.3135187,0.28972495,159.89453,xgb_shap_list_ir_5_subset_144,xgb_shap_list_ir_5
5203,SkinThickness,0.35765526,0.22899833,182.40417,xgb_shap_list_ir_5_subset_144,xgb_shap_list_ir_5
5204,Insulin,0.21817364,0.1677588,111.268555,xgb_shap_list_ir_5_subset_144,xgb_shap_list_ir_5
5205,BMI,1.1998403,1.0817837,611.9186,xgb_shap_list_ir_5_subset_144,xgb_shap_list_ir_5
5206,DiabetesPedigreeFunction,0.67479146,0.4936861,344.14365,xgb_shap_list_ir_5_subset_144,xgb_shap_list_ir_5
5207,Age,0.7395562,0.46516255,377.17365,xgb_shap_list_ir_5_subset_144,xgb_shap_list_ir_5
5208,Pregnancies,0.20452133,0.15556511,104.30588,xgb_shap_list_ir_3_subset_64,xgb_shap_list_ir_3
5209,Glucose,1.0890472,0.989915,555.41406,xgb_shap_list_ir_3_subset_64,xgb_shap_list_ir_3
5210,BloodPressure,0.25273097,0.23144065,128.89279,xgb_shap_list_ir_3_subset_64,xgb_shap_list_ir_3
5211,SkinThickness,0.30847603,0.22694792,157.32277,xgb_shap_list_ir_3_subset_64,xgb_shap_list_ir_3
5212,Insulin,0.2235705,0.22524,114.02095,xgb_shap_list_ir_3_subset_64,xgb_shap_list_ir_3
5213,BMI,0.7834159,0.6112239,399.5421,xgb_shap_list_ir_3_subset_64,xgb_shap_list_ir_3
5214,DiabetesPedigreeFunction,0.5851265,0.3532921,298.41452,xgb_shap_list_ir_3_subset_64,xgb_shap_list_ir_3
5215,Age,0.730492,0.35379905,372.5509,xgb_shap_list_ir_3_subset_64,xgb_shap_list_ir_3
5216,Pregnancies,0.58782446,0.39227018,299.79047,xgb_shap_list_ir_4_subset_74,xgb_shap_list_ir_4
5217,Glucose,1.3618705,0.82047594,694.55396,xgb_shap_list_ir_4_subset_74,xgb_shap_list_ir_4
5218,BloodPressure,0.32904533,0.29239148,167.81311,xgb_shap_list_ir_4_subset_74,xgb_shap_list_ir_4
5219,SkinThickness,0.23602636,0.20582825,120.37344,xgb_shap_list_ir_4_subset_74,xgb_shap_list_ir_4
5220,Insulin,0.26811668,0.19985068,136.7395,xgb_shap_list_ir_4_subset_74,xgb_shap_list_ir_4
5221,BMI,0.93879366,0.7409466,478.78476,xgb_shap_list_ir_4_subset_74,xgb_shap_list_ir_4
5222,DiabetesPedigreeFunction,0.66579944,0.4671727,339.5577,xgb_shap_list_ir_4_subset_74,xgb_shap_list_ir_4
5223,Age,0.50540346,0.44593486,257.75577,xgb_shap_list_ir_4_subset_74,xgb_shap_list_ir_4
5224,Pregnancies,0.6267599,0.39805055,319.64755,xgb_shap_list_ir_2_subset_156,xgb_shap_list_ir_2
5225,Glucose,1.6624373,1.1061554,847.843,xgb_shap_list_ir_2_subset_156,xgb_shap_list_ir_2
5226,BloodPressure,0.21788877,0.13870683,111.123276,xgb_shap_list_ir_2_subset_156,xgb_shap_list_ir_2
5227,SkinThickness,0.20107433,0.14838022,102.54791,xgb_shap_list_ir_2_subset_156,xgb_shap_list_ir_2
5228,Insulin,0.19994809,0.18109292,101.973526,xgb_shap_list_ir_2_subset_156,xgb_shap_list_ir_2
5229,BMI,0.72318476,0.40474266,368.82422,xgb_shap_list_ir_2_subset_156,xgb_shap_list_ir_2
5230,DiabetesPedigreeFunction,0.27783245,0.2510927,141.69455,xgb_shap_list_ir_2_subset_156,xgb_shap_list_ir_2
5231,Age,0.5169341,0.30660355,263.63638,xgb_shap_list_ir_2_subset_156,xgb_shap_list_ir_2
5232,Pregnancies,0.75321007,0.31215858,384.13715,xgb_shap_list_ir_1_subset_97,xgb_shap_list_ir_1
5233,Glucose,0.88146925,0.48575017,449.54932,xgb_shap_list_ir_1_subset_97,xgb_shap_list_ir_1
5234,BloodPressure,0.68758667,0.36807668,350.6692,xgb_shap_list_ir_1_subset_97,xgb_shap_list_ir_1
5235,SkinThickness,0.3039173,0.16000211,154.99782,xgb_shap_list_ir_1_subset_97,xgb_shap_list_ir_1
5236,Insulin,0.1671954,0.07913611,85.26965,xgb_shap_list_ir_1_subset_97,xgb_shap_list_ir_1
5237,BMI,0.613796,0.39600042,313.03595,xgb_shap_list_ir_1_subset_97,xgb_shap_list_ir_1
5238,DiabetesPedigreeFunction,0.45592368,0.26146507,232.52107,xgb_shap_list_ir_1_subset_97,xgb_shap_list_ir_1
5239,Age,0.34834433,0.18082592,177.65561,xgb_shap_list_ir_1_subset_97,xgb_shap_list_ir_1
5240,Pregnancies,0.70815873,0.36220568,361.16095,xgb_shap_list_ir_2_subset_143,xgb_shap_list_ir_2
5241,Glucose,1.0676122,0.5914198,544.4822,xgb_shap_list_ir_2_subset_143,xgb_shap_list_ir_2
5242,BloodPressure,0.34345722,0.31868297,175.16318,xgb_shap_list_ir_2_subset_143,xgb_shap_list_ir_2
5243,SkinThickness,0.4544052,0.22665405,231.74664,xgb_shap_list_ir_2_subset_143,xgb_shap_list_ir_2
5244,Insulin,0.17803353,0.1274259,90.797104,xgb_shap_list_ir_2_subset_143,xgb_shap_list_ir_2
5245,BMI,0.85539275,0.64543414,436.2503,xgb_shap_list_ir_2_subset_143,xgb_shap_list_ir_2
5246,DiabetesPedigreeFunction,0.47585204,0.38579014,242.68454,xgb_shap_list_ir_2_subset_143,xgb_shap_list_ir_2
5247,Age,0.25965318,0.20406489,132.42313,xgb_shap_list_ir_2_subset_143,xgb_shap_list_ir_2
5248,Pregnancies,0.7404821,0.5031121,377.64587,xgb_shap_list_ir_2_subset_57,xgb_shap_list_ir_2
5249,Glucose,1.427966,0.74525994,728.26263,xgb_shap_list_ir_2_subset_57,xgb_shap_list_ir_2
5250,BloodPressure,0.49130204,0.36727613,250.56404,xgb_shap_list_ir_2_subset_57,xgb_shap_list_ir_2
5251,SkinThickness,0.2137283,0.17889467,109.00143,xgb_shap_list_ir_2_subset_57,xgb_shap_list_ir_2
5252,Insulin,0.085068166,0.06990493,43.384766,xgb_shap_list_ir_2_subset_57,xgb_shap_list_ir_2
5253,BMI,0.8509565,0.63497746,433.98782,xgb_shap_list_ir_2_subset_57,xgb_shap_list_ir_2
5254,DiabetesPedigreeFunction,0.5253493,0.33058584,267.92816,xgb_shap_list_ir_2_subset_57,xgb_shap_list_ir_2
5255,Age,0.504112,0.22266202,257.09714,xgb_shap_list_ir_2_subset_57,xgb_shap_list_ir_2
5256,Pregnancies,0.40422848,0.2404027,206.15652,xgb_shap_list_ir_3_subset_110,xgb_shap_list_ir_3
5257,Glucose,2.017476,1.1891363,1028.9128,xgb_shap_list_ir_3_subset_110,xgb_shap_list_ir_3
5258,BloodPressure,0.28812513,0.19836125,146.94382,xgb_shap_list_ir_3_subset_110,xgb_shap_list_ir_3
5259,SkinThickness,0.19425653,0.13455571,99.07083,xgb_shap_list_ir_3_subset_110,xgb_shap_list_ir_3
5260,Insulin,0.25589672,0.17049636,130.50732,xgb_shap_list_ir_3_subset_110,xgb_shap_list_ir_3
5261,BMI,1.1312089,0.8832908,576.91656,xgb_shap_list_ir_3_subset_110,xgb_shap_list_ir_3
5262,DiabetesPedigreeFunction,0.6346945,0.42486322,323.6942,xgb_shap_list_ir_3_subset_110,xgb_shap_list_ir_3
5263,Age,0.44343263,0.40859267,226.15063,xgb_shap_list_ir_3_subset_110,xgb_shap_list_ir_3
5264,Pregnancies,0.45724878,0.20799878,233.19687,xgb_shap_list_ir_1_subset_151,xgb_shap_list_ir_1
5265,Glucose,0.9613235,0.5557984,490.275,xgb_shap_list_ir_1_subset_151,xgb_shap_list_ir_1
5266,BloodPressure,0.6602836,0.41365254,336.74466,xgb_shap_list_ir_1_subset_151,xgb_shap_list_ir_1
5267,SkinThickness,0.20801987,0.13838598,106.09013,xgb_shap_list_ir_1_subset_151,xgb_shap_list_ir_1
5268,Insulin,0.30444086,0.2600926,155.26483,xgb_shap_list_ir_1_subset_151,xgb_shap_list_ir_1
5269,BMI,0.28653845,0.221156,146.13461,xgb_shap_list_ir_1_subset_151,xgb_shap_list_ir_1
5270,DiabetesPedigreeFunction,0.33450025,0.2643229,170.59512,xgb_shap_list_ir_1_subset_151,xgb_shap_list_ir_1
5271,Age,0.565811,0.3210584,288.5636,xgb_shap_list_ir_1_subset_151,xgb_shap_list_ir_1
5272,Pregnancies,0.34657162,0.22416282,176.75153,xgb_shap_list_ir_1_subset_18,xgb_shap_list_ir_1
5273,Glucose,0.8754334,0.3727034,446.47104,xgb_shap_list_ir_1_subset_18,xgb_shap_list_ir_1
5274,BloodPressure,0.4081151,0.21919288,208.1387,xgb_shap_list_ir_1_subset_18,xgb_shap_list_ir_1
5275,SkinThickness,0.4183334,0.19319275,213.35004,xgb_shap_list_ir_1_subset_18,xgb_shap_list_ir_1
5276,Insulin,0.53493446,0.28968805,272.8166,xgb_shap_list_ir_1_subset_18,xgb_shap_list_ir_1
5277,BMI,0.4190005,0.36362252,213.69026,xgb_shap_list_ir_1_subset_18,xgb_shap_list_ir_1
5278,DiabetesPedigreeFunction,0.46363705,0.33452588,236.4549,xgb_shap_list_ir_1_subset_18,xgb_shap_list_ir_1
5279,Age,0.4064141,0.29502633,207.27118,xgb_shap_list_ir_1_subset_18,xgb_shap_list_ir_1
5280,Pregnancies,0.46598548,0.24012418,237.65259,xgb_shap_list_ir_2_subset_97,xgb_shap_list_ir_2
5281,Glucose,1.3768071,0.73517907,702.17163,xgb_shap_list_ir_2_subset_97,xgb_shap_list_ir_2
5282,BloodPressure,0.26470092,0.26048598,134.99747,xgb_shap_list_ir_2_subset_97,xgb_shap_list_ir_2
5283,SkinThickness,0.34854987,0.31570145,177.76044,xgb_shap_list_ir_2_subset_97,xgb_shap_list_ir_2
5284,Insulin,0.4461679,0.21665457,227.54562,xgb_shap_list_ir_2_subset_97,xgb_shap_list_ir_2
5285,BMI,0.5296987,0.37328926,270.14636,xgb_shap_list_ir_2_subset_97,xgb_shap_list_ir_2
5286,DiabetesPedigreeFunction,0.6013309,0.3624095,306.67874,xgb_shap_list_ir_2_subset_97,xgb_shap_list_ir_2
5287,Age,0.56847197,0.32879448,289.92072,xgb_shap_list_ir_2_subset_97,xgb_shap_list_ir_2
5288,Pregnancies,0.45523304,0.3341021,232.16885,xgb_shap_list_ir_4_subset_63,xgb_shap_list_ir_4
5289,Glucose,1.2574216,0.65904546,641.28503,xgb_shap_list_ir_4_subset_63,xgb_shap_list_ir_4
5290,BloodPressure,0.26585692,0.2608445,135.58704,xgb_shap_list_ir_4_subset_63,xgb_shap_list_ir_4
5291,SkinThickness,0.39443523,0.2439542,201.16197,xgb_shap_list_ir_4_subset_63,xgb_shap_list_ir_4
5292,Insulin,0.38422024,0.32648143,195.95232,xgb_shap_list_ir_4_subset_63,xgb_shap_list_ir_4
5293,BMI,1.0560721,1.0623072,538.5968,xgb_shap_list_ir_4_subset_63,xgb_shap_list_ir_4
5294,DiabetesPedigreeFunction,0.58207005,0.4530256,296.8557,xgb_shap_list_ir_4_subset_63,xgb_shap_list_ir_4
5295,Age,0.60351825,0.3538136,307.7943,xgb_shap_list_ir_4_subset_63,xgb_shap_list_ir_4
5296,Pregnancies,0.47379085,0.29798836,241.63333,xgb_shap_list_ir_2_subset_114,xgb_shap_list_ir_2
5297,Glucose,1.3404764,0.7517519,683.64294,xgb_shap_list_ir_2_subset_114,xgb_shap_list_ir_2
5298,BloodPressure,0.42631546,0.29224476,217.42088,xgb_shap_list_ir_2_subset_114,xgb_shap_list_ir_2
5299,SkinThickness,0.2834947,0.21722351,144.5823,xgb_shap_list_ir_2_subset_114,xgb_shap_list_ir_2
5300,Insulin,0.20473184,0.16985482,104.41324,xgb_shap_list_ir_2_subset_114,xgb_shap_list_ir_2
5301,BMI,0.6804386,0.4635937,347.02368,xgb_shap_list_ir_2_subset_114,xgb_shap_list_ir_2
5302,DiabetesPedigreeFunction,0.51533693,0.28996286,262.82184,xgb_shap_list_ir_2_subset_114,xgb_shap_list_ir_2
5303,Age,0.9624527,0.3682061,490.8509,xgb_shap_list_ir_2_subset_114,xgb_shap_list_ir_2
5304,Pregnancies,0.4834858,0.28598824,246.57776,xgb_shap_list_ir_3_subset_46,xgb_shap_list_ir_3
5305,Glucose,1.2675779,0.883176,646.4647,xgb_shap_list_ir_3_subset_46,xgb_shap_list_ir_3
5306,BloodPressure,0.42525175,0.24209228,216.87839,xgb_shap_list_ir_3_subset_46,xgb_shap_list_ir_3
5307,SkinThickness,0.2574999,0.20187633,131.32495,xgb_shap_list_ir_3_subset_46,xgb_shap_list_ir_3
5308,Insulin,0.12827402,0.14782692,65.419754,xgb_shap_list_ir_3_subset_46,xgb_shap_list_ir_3
5309,BMI,0.9995274,0.7815033,509.75897,xgb_shap_list_ir_3_subset_46,xgb_shap_list_ir_3
5310,DiabetesPedigreeFunction,0.7748311,0.52202237,395.16388,xgb_shap_list_ir_3_subset_46,xgb_shap_list_ir_3
5311,Age,0.40442866,0.27424958,206.25862,xgb_shap_list_ir_3_subset_46,xgb_shap_list_ir_3
5312,Pregnancies,0.43323216,0.20449217,220.9484,xgb_shap_list_ir_1_subset_138,xgb_shap_list_ir_1
5313,Glucose,1.5394719,0.6255816,785.1307,xgb_shap_list_ir_1_subset_138,xgb_shap_list_ir_1
5314,BloodPressure,1.0471327,0.37242535,534.0377,xgb_shap_list_ir_1_subset_138,xgb_shap_list_ir_1
5315,SkinThickness,0.25768378,0.14171836,131.41873,xgb_shap_list_ir_1_subset_138,xgb_shap_list_ir_1
5316,Insulin,0.38643643,0.31934088,197.08258,xgb_shap_list_ir_1_subset_138,xgb_shap_list_ir_1
5317,BMI,1.1909115,0.58957195,607.36487,xgb_shap_list_ir_1_subset_138,xgb_shap_list_ir_1
5318,DiabetesPedigreeFunction,0.40907112,0.34866694,208.62627,xgb_shap_list_ir_1_subset_138,xgb_shap_list_ir_1
5319,Age,0.18752025,0.15579434,95.63533,xgb_shap_list_ir_1_subset_138,xgb_shap_list_ir_1
5320,Pregnancies,0.122327894,0.111872725,62.387226,xgb_shap_list_ir_4_subset_15,xgb_shap_list_ir_4
5321,Glucose,1.4012463,0.88055855,714.6356,xgb_shap_list_ir_4_subset_15,xgb_shap_list_ir_4
5322,BloodPressure,0.22284535,0.19755852,113.65112,xgb_shap_list_ir_4_subset_15,xgb_shap_list_ir_4
5323,SkinThickness,0.33166337,0.2161523,169.14832,xgb_shap_list_ir_4_subset_15,xgb_shap_list_ir_4
5324,Insulin,0.20103464,0.17176612,102.527664,xgb_shap_list_ir_4_subset_15,xgb_shap_list_ir_4
5325,BMI,1.0590366,0.7022655,540.10864,xgb_shap_list_ir_4_subset_15,xgb_shap_list_ir_4
5326,DiabetesPedigreeFunction,0.7454436,0.4767356,380.17624,xgb_shap_list_ir_4_subset_15,xgb_shap_list_ir_4
5327,Age,0.75723267,0.5687651,386.18866,xgb_shap_list_ir_4_subset_15,xgb_shap_list_ir_4
5328,Pregnancies,0.45097777,0.34907827,229.99866,xgb_shap_list_ir_4_subset_3,xgb_shap_list_ir_4
5329,Glucose,1.4238517,0.87411696,726.16437,xgb_shap_list_ir_4_subset_3,xgb_shap_list_ir_4
5330,BloodPressure,0.2606211,0.20652524,132.91676,xgb_shap_list_ir_4_subset_3,xgb_shap_list_ir_4
5331,SkinThickness,0.17478667,0.13636392,89.141205,xgb_shap_list_ir_4_subset_3,xgb_shap_list_ir_4
5332,Insulin,0.40988177,0.26409805,209.0397,xgb_shap_list_ir_4_subset_3,xgb_shap_list_ir_4
5333,BMI,0.95043266,0.64462876,484.72064,xgb_shap_list_ir_4_subset_3,xgb_shap_list_ir_4
5334,DiabetesPedigreeFunction,0.5670015,0.39614287,289.17078,xgb_shap_list_ir_4_subset_3,xgb_shap_list_ir_4
5335,Age,0.613465,0.35542384,312.86716,xgb_shap_list_ir_4_subset_3,xgb_shap_list_ir_4
5336,Pregnancies,0.38506147,0.21328837,196.38135,xgb_shap_list_ir_1_subset_127,xgb_shap_list_ir_1
5337,Glucose,0.4796249,0.3035562,244.6087,xgb_shap_list_ir_1_subset_127,xgb_shap_list_ir_1
5338,BloodPressure,0.44557393,0.28905857,227.2427,xgb_shap_list_ir_1_subset_127,xgb_shap_list_ir_1
5339,SkinThickness,0.30940735,0.23975947,157.79774,xgb_shap_list_ir_1_subset_127,xgb_shap_list_ir_1
5340,Insulin,0.27392533,0.14929684,139.70192,xgb_shap_list_ir_1_subset_127,xgb_shap_list_ir_1
5341,BMI,0.68381613,0.42610386,348.74622,xgb_shap_list_ir_1_subset_127,xgb_shap_list_ir_1
5342,DiabetesPedigreeFunction,0.5364593,0.34379783,273.59427,xgb_shap_list_ir_1_subset_127,xgb_shap_list_ir_1
5343,Age,0.7837186,0.3493019,399.69647,xgb_shap_list_ir_1_subset_127,xgb_shap_list_ir_1
5344,Pregnancies,0.19832657,0.16674119,101.14655,xgb_shap_list_ir_4_subset_142,xgb_shap_list_ir_4
5345,Glucose,1.2406574,0.8112557,632.7353,xgb_shap_list_ir_4_subset_142,xgb_shap_list_ir_4
5346,BloodPressure,0.2601082,0.21957916,132.65518,xgb_shap_list_ir_4_subset_142,xgb_shap_list_ir_4
5347,SkinThickness,0.4183793,0.28153822,213.37344,xgb_shap_list_ir_4_subset_142,xgb_shap_list_ir_4
5348,Insulin,0.33813933,0.2867534,172.45105,xgb_shap_list_ir_4_subset_142,xgb_shap_list_ir_4
5349,BMI,0.6609741,0.5660016,337.09677,xgb_shap_list_ir_4_subset_142,xgb_shap_list_ir_4
5350,DiabetesPedigreeFunction,0.79743147,0.5379506,406.69006,xgb_shap_list_ir_4_subset_142,xgb_shap_list_ir_4
5351,Age,0.8039667,0.5000444,410.023,xgb_shap_list_ir_4_subset_142,xgb_shap_list_ir_4
5352,Pregnancies,0.358293,0.2748632,182.72943,xgb_shap_list_ir_5_subset_77,xgb_shap_list_ir_5
5353,Glucose,1.5578889,1.1137116,794.5233,xgb_shap_list_ir_5_subset_77,xgb_shap_list_ir_5
5354,BloodPressure,0.34870163,0.3026713,177.83783,xgb_shap_list_ir_5_subset_77,xgb_shap_list_ir_5
5355,SkinThickness,0.30587193,0.2379641,155.99469,xgb_shap_list_ir_5_subset_77,xgb_shap_list_ir_5
5356,Insulin,0.22433475,0.19097997,114.41072,xgb_shap_list_ir_5_subset_77,xgb_shap_list_ir_5
5357,BMI,0.9864032,0.8741508,503.06564,xgb_shap_list_ir_5_subset_77,xgb_shap_list_ir_5
5358,DiabetesPedigreeFunction,0.57720506,0.37240118,294.37457,xgb_shap_list_ir_5_subset_77,xgb_shap_list_ir_5
5359,Age,0.49311808,0.38892296,251.49022,xgb_shap_list_ir_5_subset_77,xgb_shap_list_ir_5
5360,Pregnancies,0.16032428,0.11180295,81.76538,xgb_shap_list_ir_2_subset_159,xgb_shap_list_ir_2
5361,Glucose,1.1499301,0.69101983,586.46436,xgb_shap_list_ir_2_subset_159,xgb_shap_list_ir_2
5362,BloodPressure,0.33700022,0.20720987,171.87012,xgb_shap_list_ir_2_subset_159,xgb_shap_list_ir_2
5363,SkinThickness,0.3853865,0.2383896,196.54712,xgb_shap_list_ir_2_subset_159,xgb_shap_list_ir_2
5364,Insulin,0.33249122,0.24636953,169.57053,xgb_shap_list_ir_2_subset_159,xgb_shap_list_ir_2
5365,BMI,0.81731683,0.707602,416.83157,xgb_shap_list_ir_2_subset_159,xgb_shap_list_ir_2
5366,DiabetesPedigreeFunction,0.5750031,0.46803907,293.2516,xgb_shap_list_ir_2_subset_159,xgb_shap_list_ir_2
5367,Age,0.47460717,0.32020357,242.04965,xgb_shap_list_ir_2_subset_159,xgb_shap_list_ir_2
5368,Pregnancies,0.5645233,0.24484512,287.90686,xgb_shap_list_ir_2_subset_130,xgb_shap_list_ir_2
5369,Glucose,0.66267633,0.43914565,337.96494,xgb_shap_list_ir_2_subset_130,xgb_shap_list_ir_2
5370,BloodPressure,0.5607668,0.44845113,285.9911,xgb_shap_list_ir_2_subset_130,xgb_shap_list_ir_2
5371,SkinThickness,0.8197968,0.36255237,418.09637,xgb_shap_list_ir_2_subset_130,xgb_shap_list_ir_2
5372,Insulin,0.56953126,0.39967838,290.46094,xgb_shap_list_ir_2_subset_130,xgb_shap_list_ir_2
5373,BMI,0.53690284,0.3859955,273.82047,xgb_shap_list_ir_2_subset_130,xgb_shap_list_ir_2
5374,DiabetesPedigreeFunction,0.6938314,0.37234408,353.854,xgb_shap_list_ir_2_subset_130,xgb_shap_list_ir_2
5375,Age,0.733487,0.504782,374.07837,xgb_shap_list_ir_2_subset_130,xgb_shap_list_ir_2
5376,Pregnancies,0.6357074,0.35534722,324.21075,xgb_shap_list_ir_4_subset_84,xgb_shap_list_ir_4
5377,Glucose,1.2660215,0.71627045,645.67096,xgb_shap_list_ir_4_subset_84,xgb_shap_list_ir_4
5378,BloodPressure,0.41913092,0.3428519,213.75677,xgb_shap_list_ir_4_subset_84,xgb_shap_list_ir_4
5379,SkinThickness,0.24480891,0.21068892,124.85255,xgb_shap_list_ir_4_subset_84,xgb_shap_list_ir_4
5380,Insulin,0.17439558,0.16624497,88.94174,xgb_shap_list_ir_4_subset_84,xgb_shap_list_ir_4
5381,BMI,1.046878,0.8748171,533.9078,xgb_shap_list_ir_4_subset_84,xgb_shap_list_ir_4
5382,DiabetesPedigreeFunction,0.77079207,0.49187556,393.10394,xgb_shap_list_ir_4_subset_84,xgb_shap_list_ir_4
5383,Age,0.713697,0.4191006,363.98547,xgb_shap_list_ir_4_subset_84,xgb_shap_list_ir_4
5384,Pregnancies,0.5358791,0.328049,273.29834,xgb_shap_list_ir_5_subset_154,xgb_shap_list_ir_5
5385,Glucose,1.5669571,1.0162537,799.14813,xgb_shap_list_ir_5_subset_154,xgb_shap_list_ir_5
5386,BloodPressure,0.28346497,0.20476468,144.56714,xgb_shap_list_ir_5_subset_154,xgb_shap_list_ir_5
5387,SkinThickness,0.20881814,0.18244493,106.49725,xgb_shap_list_ir_5_subset_154,xgb_shap_list_ir_5
5388,Insulin,0.29304108,0.26580277,149.45096,xgb_shap_list_ir_5_subset_154,xgb_shap_list_ir_5
5389,BMI,0.9750553,0.83195704,497.2782,xgb_shap_list_ir_5_subset_154,xgb_shap_list_ir_5
5390,DiabetesPedigreeFunction,0.54427236,0.40792316,277.57892,xgb_shap_list_ir_5_subset_154,xgb_shap_list_ir_5
5391,Age,0.5595295,0.4298337,285.36005,xgb_shap_list_ir_5_subset_154,xgb_shap_list_ir_5
5392,Pregnancies,0.47091064,0.42020482,240.16443,xgb_shap_list_ir_5_subset_158,xgb_shap_list_ir_5
5393,Glucose,1.4018387,0.79926217,714.93774,xgb_shap_list_ir_5_subset_158,xgb_shap_list_ir_5
5394,BloodPressure,0.29123738,0.3505509,148.53107,xgb_shap_list_ir_5_subset_158,xgb_shap_list_ir_5
5395,SkinThickness,0.254501,0.19581307,129.7955,xgb_shap_list_ir_5_subset_158,xgb_shap_list_ir_5
5396,Insulin,0.29651347,0.26432902,151.22186,xgb_shap_list_ir_5_subset_158,xgb_shap_list_ir_5
5397,BMI,0.9444755,0.69411343,481.6825,xgb_shap_list_ir_5_subset_158,xgb_shap_list_ir_5
5398,DiabetesPedigreeFunction,0.6807271,0.43665174,347.17084,xgb_shap_list_ir_5_subset_158,xgb_shap_list_ir_5
5399,Age,0.65333897,0.49649915,333.20288,xgb_shap_list_ir_5_subset_158,xgb_shap_list_ir_5
5400,Pregnancies,0.34411103,0.2797754,175.49663,xgb_shap_list_ir_4_subset_53,xgb_shap_list_ir_4
5401,Glucose,1.2874858,0.9625673,656.6178,xgb_shap_list_ir_4_subset_53,xgb_shap_list_ir_4
5402,BloodPressure,0.49168804,0.31008857,250.7609,xgb_shap_list_ir_4_subset_53,xgb_shap_list_ir_4
5403,SkinThickness,0.20120035,0.15138716,102.61218,xgb_shap_list_ir_4_subset_53,xgb_shap_list_ir_4
5404,Insulin,0.36678407,0.32785508,187.05988,xgb_shap_list_ir_4_subset_53,xgb_shap_list_ir_4
5405,BMI,1.0883807,0.95484555,555.07416,xgb_shap_list_ir_4_subset_53,xgb_shap_list_ir_4
5406,DiabetesPedigreeFunction,0.6232764,0.41841784,317.87097,xgb_shap_list_ir_4_subset_53,xgb_shap_list_ir_4
5407,Age,0.5307239,0.31876525,270.6692,xgb_shap_list_ir_4_subset_53,xgb_shap_list_ir_4
5408,Pregnancies,0.28689986,0.18433557,146.31892,xgb_shap_list_ir_1_subset_102,xgb_shap_list_ir_1
5409,Glucose,1.4297081,0.7638778,729.1511,xgb_shap_list_ir_1_subset_102,xgb_shap_list_ir_1
5410,BloodPressure,0.51726025,0.21116532,263.80273,xgb_shap_list_ir_1_subset_102,xgb_shap_list_ir_1
5411,SkinThickness,0.05227388,0.038879707,26.65968,xgb_shap_list_ir_1_subset_102,xgb_shap_list_ir_1
5412,Insulin,0.23580569,0.16951267,120.2609,xgb_shap_list_ir_1_subset_102,xgb_shap_list_ir_1
5413,BMI,0.42459944,0.28480807,216.54572,xgb_shap_list_ir_1_subset_102,xgb_shap_list_ir_1
5414,DiabetesPedigreeFunction,0.2364102,0.12969188,120.5692,xgb_shap_list_ir_1_subset_102,xgb_shap_list_ir_1
5415,Age,1.1225768,0.6097136,572.51416,xgb_shap_list_ir_1_subset_102,xgb_shap_list_ir_1
5416,Pregnancies,0.35530463,0.23707488,181.20537,xgb_shap_list_ir_2_subset_157,xgb_shap_list_ir_2
5417,Glucose,1.1504049,0.75969434,586.70654,xgb_shap_list_ir_2_subset_157,xgb_shap_list_ir_2
5418,BloodPressure,0.38301495,0.24387012,195.33762,xgb_shap_list_ir_2_subset_157,xgb_shap_list_ir_2
5419,SkinThickness,0.40168762,0.2773235,204.86069,xgb_shap_list_ir_2_subset_157,xgb_shap_list_ir_2
5420,Insulin,0.31254297,0.2129794,159.39691,xgb_shap_list_ir_2_subset_157,xgb_shap_list_ir_2
5421,BMI,0.76070786,0.56835014,387.961,xgb_shap_list_ir_2_subset_157,xgb_shap_list_ir_2
5422,DiabetesPedigreeFunction,0.69544166,0.5877475,354.67526,xgb_shap_list_ir_2_subset_157,xgb_shap_list_ir_2
5423,Age,0.82383287,0.5375169,420.15475,xgb_shap_list_ir_2_subset_157,xgb_shap_list_ir_2
5424,Pregnancies,0.47382092,0.27131352,241.64867,xgb_shap_list_ir_4_subset_160,xgb_shap_list_ir_4
5425,Glucose,1.3957244,0.9083164,711.81946,xgb_shap_list_ir_4_subset_160,xgb_shap_list_ir_4
5426,BloodPressure,0.27715382,0.20031919,141.34845,xgb_shap_list_ir_4_subset_160,xgb_shap_list_ir_4
5427,SkinThickness,0.43719873,0.23483153,222.97134,xgb_shap_list_ir_4_subset_160,xgb_shap_list_ir_4
5428,Insulin,0.30771476,0.26817143,156.93452,xgb_shap_list_ir_4_subset_160,xgb_shap_list_ir_4
5429,BMI,0.9272709,0.81952757,472.90814,xgb_shap_list_ir_4_subset_160,xgb_shap_list_ir_4
5430,DiabetesPedigreeFunction,0.59866726,0.489196,305.3203,xgb_shap_list_ir_4_subset_160,xgb_shap_list_ir_4
5431,Age,0.6187531,0.4044005,315.56406,xgb_shap_list_ir_4_subset_160,xgb_shap_list_ir_4
5432,Pregnancies,0.34763783,0.26055434,177.29529,xgb_shap_list_ir_5_subset_111,xgb_shap_list_ir_5
5433,Glucose,1.6038569,0.9633032,817.96704,xgb_shap_list_ir_5_subset_111,xgb_shap_list_ir_5
5434,BloodPressure,0.33602002,0.29174635,171.37021,xgb_shap_list_ir_5_subset_111,xgb_shap_list_ir_5
5435,SkinThickness,0.22085671,0.16598226,112.636925,xgb_shap_list_ir_5_subset_111,xgb_shap_list_ir_5
5436,Insulin,0.22462922,0.20453851,114.560905,xgb_shap_list_ir_5_subset_111,xgb_shap_list_ir_5
5437,BMI,0.97267,0.69105583,496.0617,xgb_shap_list_ir_5_subset_111,xgb_shap_list_ir_5
5438,DiabetesPedigreeFunction,0.8375463,0.54931027,427.14862,xgb_shap_list_ir_5_subset_111,xgb_shap_list_ir_5
5439,Age,0.5826507,0.4800482,297.15186,xgb_shap_list_ir_5_subset_111,xgb_shap_list_ir_5
5440,Pregnancies,0.7673316,0.43750873,391.3391,xgb_shap_list_ir_2_subset_125,xgb_shap_list_ir_2
5441,Glucose,0.955904,0.62867117,487.51105,xgb_shap_list_ir_2_subset_125,xgb_shap_list_ir_2
5442,BloodPressure,0.49563143,0.310078,252.77203,xgb_shap_list_ir_2_subset_125,xgb_shap_list_ir_2
5443,SkinThickness,0.70856404,0.42228258,361.36768,xgb_shap_list_ir_2_subset_125,xgb_shap_list_ir_2
5444,Insulin,0.38487485,0.25997877,196.28618,xgb_shap_list_ir_2_subset_125,xgb_shap_list_ir_2
5445,BMI,0.80686384,0.4940057,411.50055,xgb_shap_list_ir_2_subset_125,xgb_shap_list_ir_2
5446,DiabetesPedigreeFunction,0.50584245,0.36361212,257.97964,xgb_shap_list_ir_2_subset_125,xgb_shap_list_ir_2
5447,Age,0.18525007,0.13338703,94.47754,xgb_shap_list_ir_2_subset_125,xgb_shap_list_ir_2
5448,Pregnancies,0.3869018,0.30037633,197.31992,xgb_shap_list_ir_5_subset_89,xgb_shap_list_ir_5
5449,Glucose,1.5313172,1.0779467,780.9718,xgb_shap_list_ir_5_subset_89,xgb_shap_list_ir_5
5450,BloodPressure,0.36184794,0.24156845,184.54245,xgb_shap_list_ir_5_subset_89,xgb_shap_list_ir_5
5451,SkinThickness,0.23016354,0.16995846,117.38341,xgb_shap_list_ir_5_subset_89,xgb_shap_list_ir_5
5452,Insulin,0.13922559,0.12076875,71.00505,xgb_shap_list_ir_5_subset_89,xgb_shap_list_ir_5
5453,BMI,0.79194677,0.70410275,403.89285,xgb_shap_list_ir_5_subset_89,xgb_shap_list_ir_5
5454,DiabetesPedigreeFunction,0.7069519,0.46424612,360.54547,xgb_shap_list_ir_5_subset_89,xgb_shap_list_ir_5
5455,Age,0.6200559,0.48298487,316.22852,xgb_shap_list_ir_5_subset_89,xgb_shap_list_ir_5
5456,Pregnancies,0.26635334,0.23487058,135.84021,xgb_shap_list_ir_2_subset_113,xgb_shap_list_ir_2
5457,Glucose,0.83494955,0.49119294,425.82428,xgb_shap_list_ir_2_subset_113,xgb_shap_list_ir_2
5458,BloodPressure,0.28914586,0.22529128,147.46439,xgb_shap_list_ir_2_subset_113,xgb_shap_list_ir_2
5459,SkinThickness,0.4002587,0.24068978,204.13193,xgb_shap_list_ir_2_subset_113,xgb_shap_list_ir_2
5460,Insulin,0.24033664,0.1942161,122.571686,xgb_shap_list_ir_2_subset_113,xgb_shap_list_ir_2
5461,BMI,1.1575879,0.8966199,590.3698,xgb_shap_list_ir_2_subset_113,xgb_shap_list_ir_2
5462,DiabetesPedigreeFunction,0.44568098,0.3528309,227.2973,xgb_shap_list_ir_2_subset_113,xgb_shap_list_ir_2
5463,Age,0.8191026,0.45311815,417.7423,xgb_shap_list_ir_2_subset_113,xgb_shap_list_ir_2
5464,Pregnancies,0.24838929,0.16696724,126.678535,xgb_shap_list_ir_3_subset_157,xgb_shap_list_ir_3
5465,Glucose,1.2746615,0.7107578,650.0774,xgb_shap_list_ir_3_subset_157,xgb_shap_list_ir_3
5466,BloodPressure,0.3050274,0.25311577,155.56396,xgb_shap_list_ir_3_subset_157,xgb_shap_list_ir_3
5467,SkinThickness,0.38293043,0.3047164,195.29453,xgb_shap_list_ir_3_subset_157,xgb_shap_list_ir_3
5468,Insulin,0.38906062,0.24145977,198.42091,xgb_shap_list_ir_3_subset_157,xgb_shap_list_ir_3
5469,BMI,0.92693555,0.7878561,472.73712,xgb_shap_list_ir_3_subset_157,xgb_shap_list_ir_3
5470,DiabetesPedigreeFunction,0.5529131,0.33600175,281.9857,xgb_shap_list_ir_3_subset_157,xgb_shap_list_ir_3
5471,Age,0.6427361,0.544863,327.7954,xgb_shap_list_ir_3_subset_157,xgb_shap_list_ir_3
5472,Pregnancies,0.76619524,0.30821562,390.75958,xgb_shap_list_ir_1_subset_155,xgb_shap_list_ir_1
5473,Glucose,0.6894098,0.488811,351.599,xgb_shap_list_ir_1_subset_155,xgb_shap_list_ir_1
5474,BloodPressure,0.28895485,0.22783735,147.36697,xgb_shap_list_ir_1_subset_155,xgb_shap_list_ir_1
5475,SkinThickness,0.45026934,0.21834467,229.63736,xgb_shap_list_ir_1_subset_155,xgb_shap_list_ir_1
5476,Insulin,0.47003767,0.18845621,239.71921,xgb_shap_list_ir_1_subset_155,xgb_shap_list_ir_1
5477,BMI,1.0372946,0.6021557,529.02026,xgb_shap_list_ir_1_subset_155,xgb_shap_list_ir_1
5478,DiabetesPedigreeFunction,0.619832,0.3899336,316.11432,xgb_shap_list_ir_1_subset_155,xgb_shap_list_ir_1
5479,Age,0.30181822,0.13122188,153.92729,xgb_shap_list_ir_1_subset_155,xgb_shap_list_ir_1
5480,Pregnancies,0.16937816,0.13652246,86.382866,xgb_shap_list_ir_4_subset_110,xgb_shap_list_ir_4
5481,Glucose,1.1650656,0.785246,594.1835,xgb_shap_list_ir_4_subset_110,xgb_shap_list_ir_4
5482,BloodPressure,0.30809432,0.29024386,157.1281,xgb_shap_list_ir_4_subset_110,xgb_shap_list_ir_4
5483,SkinThickness,0.20107104,0.15629327,102.54623,xgb_shap_list_ir_4_subset_110,xgb_shap_list_ir_4
5484,Insulin,0.41652364,0.3827676,212.42705,xgb_shap_list_ir_4_subset_110,xgb_shap_list_ir_4
5485,BMI,0.95744616,0.7208238,488.29755,xgb_shap_list_ir_4_subset_110,xgb_shap_list_ir_4
5486,DiabetesPedigreeFunction,0.5971779,0.52969736,304.56073,xgb_shap_list_ir_4_subset_110,xgb_shap_list_ir_4
5487,Age,1.010102,0.6026733,515.15204,xgb_shap_list_ir_4_subset_110,xgb_shap_list_ir_4
5488,Pregnancies,0.45142943,0.2677315,230.229,xgb_shap_list_ir_2_subset_18,xgb_shap_list_ir_2
5489,Glucose,0.97489685,0.42195255,497.1974,xgb_shap_list_ir_2_subset_18,xgb_shap_list_ir_2
5490,BloodPressure,0.31951433,0.16304842,162.95232,xgb_shap_list_ir_2_subset_18,xgb_shap_list_ir_2
5491,SkinThickness,0.19038531,0.1631657,97.09651,xgb_shap_list_ir_2_subset_18,xgb_shap_list_ir_2
5492,Insulin,0.17716932,0.1391089,90.35635,xgb_shap_list_ir_2_subset_18,xgb_shap_list_ir_2
5493,BMI,1.6300372,1.0344424,831.319,xgb_shap_list_ir_2_subset_18,xgb_shap_list_ir_2
5494,DiabetesPedigreeFunction,0.5530779,0.3327224,282.0697,xgb_shap_list_ir_2_subset_18,xgb_shap_list_ir_2
5495,Age,0.47389755,0.40623352,241.68774,xgb_shap_list_ir_2_subset_18,xgb_shap_list_ir_2
5496,Pregnancies,0.4875406,0.2504464,248.6457,xgb_shap_list_ir_3_subset_2,xgb_shap_list_ir_3
5497,Glucose,1.625362,1.1499561,828.93463,xgb_shap_list_ir_3_subset_2,xgb_shap_list_ir_3
5498,BloodPressure,0.29276606,0.19927368,149.3107,xgb_shap_list_ir_3_subset_2,xgb_shap_list_ir_3
5499,SkinThickness,0.29672605,0.22432655,151.33029,xgb_shap_list_ir_3_subset_2,xgb_shap_list_ir_3
5500,Insulin,0.12984407,0.20006314,66.220474,xgb_shap_list_ir_3_subset_2,xgb_shap_list_ir_3
5501,BMI,0.9684034,0.61886114,493.88574,xgb_shap_list_ir_3_subset_2,xgb_shap_list_ir_3
5502,DiabetesPedigreeFunction,0.52505875,0.34175715,267.77997,xgb_shap_list_ir_3_subset_2,xgb_shap_list_ir_3
5503,Age,0.4678085,0.30502188,238.58234,xgb_shap_list_ir_3_subset_2,xgb_shap_list_ir_3
5504,Pregnancies,0.46698597,0.34594536,238.16284,xgb_shap_list_ir_4_subset_52,xgb_shap_list_ir_4
5505,Glucose,1.4090121,0.8687569,718.5961,xgb_shap_list_ir_4_subset_52,xgb_shap_list_ir_4
5506,BloodPressure,0.27942967,0.2394596,142.50914,xgb_shap_list_ir_4_subset_52,xgb_shap_list_ir_4
5507,SkinThickness,0.20681347,0.13987604,105.47487,xgb_shap_list_ir_4_subset_52,xgb_shap_list_ir_4
5508,Insulin,0.36667842,0.26569527,187.006,xgb_shap_list_ir_4_subset_52,xgb_shap_list_ir_4
5509,BMI,0.8779223,0.7262277,447.74036,xgb_shap_list_ir_4_subset_52,xgb_shap_list_ir_4
5510,DiabetesPedigreeFunction,0.5687397,0.5281176,290.05725,xgb_shap_list_ir_4_subset_52,xgb_shap_list_ir_4
5511,Age,0.6030257,0.36464822,307.5431,xgb_shap_list_ir_4_subset_52,xgb_shap_list_ir_4
5512,Pregnancies,0.35504013,0.2134277,181.07047,xgb_shap_list_ir_3_subset_10,xgb_shap_list_ir_3
5513,Glucose,1.5322486,0.914488,781.4468,xgb_shap_list_ir_3_subset_10,xgb_shap_list_ir_3
5514,BloodPressure,0.27261865,0.21557061,139.0355,xgb_shap_list_ir_3_subset_10,xgb_shap_list_ir_3
5515,SkinThickness,0.39385298,0.18153194,200.86502,xgb_shap_list_ir_3_subset_10,xgb_shap_list_ir_3
5516,Insulin,0.5045072,0.40515038,257.29868,xgb_shap_list_ir_3_subset_10,xgb_shap_list_ir_3
5517,BMI,0.71487534,0.65801656,364.58643,xgb_shap_list_ir_3_subset_10,xgb_shap_list_ir_3
5518,DiabetesPedigreeFunction,0.38869652,0.2318266,198.23523,xgb_shap_list_ir_3_subset_10,xgb_shap_list_ir_3
5519,Age,0.7365737,0.6007129,375.6526,xgb_shap_list_ir_3_subset_10,xgb_shap_list_ir_3
5520,Pregnancies,0.5264815,0.4097623,268.50558,xgb_shap_list_ir_1_subset_126,xgb_shap_list_ir_1
5521,Glucose,0.7115143,0.49511054,362.87228,xgb_shap_list_ir_1_subset_126,xgb_shap_list_ir_1
5522,BloodPressure,0.34229603,0.18298061,174.57098,xgb_shap_list_ir_1_subset_126,xgb_shap_list_ir_1
5523,SkinThickness,0.82185966,0.31237906,419.14844,xgb_shap_list_ir_1_subset_126,xgb_shap_list_ir_1
5524,Insulin,0.17610566,0.10409036,89.81389,xgb_shap_list_ir_1_subset_126,xgb_shap_list_ir_1
5525,BMI,0.89465344,0.5651208,456.27325,xgb_shap_list_ir_1_subset_126,xgb_shap_list_ir_1
5526,DiabetesPedigreeFunction,0.6118834,0.42530102,312.06055,xgb_shap_list_ir_1_subset_126,xgb_shap_list_ir_1
5527,Age,0.2873297,0.19818969,146.53815,xgb_shap_list_ir_1_subset_126,xgb_shap_list_ir_1
5528,Pregnancies,0.54626083,0.18632455,278.59302,xgb_shap_list_ir_1_subset_123,xgb_shap_list_ir_1
5529,Glucose,0.7367155,0.42758292,375.7249,xgb_shap_list_ir_1_subset_123,xgb_shap_list_ir_1
5530,BloodPressure,0.32366392,0.11885536,165.0686,xgb_shap_list_ir_1_subset_123,xgb_shap_list_ir_1
5531,SkinThickness,0.27377343,0.07276346,139.62445,xgb_shap_list_ir_1_subset_123,xgb_shap_list_ir_1
5532,Insulin,0.2547012,0.100137696,129.89761,xgb_shap_list_ir_1_subset_123,xgb_shap_list_ir_1
5533,BMI,0.85580945,0.60888356,436.46283,xgb_shap_list_ir_1_subset_123,xgb_shap_list_ir_1
5534,DiabetesPedigreeFunction,1.0136305,0.37652218,516.95154,xgb_shap_list_ir_1_subset_123,xgb_shap_list_ir_1
5535,Age,1.00062,0.3471443,510.31622,xgb_shap_list_ir_1_subset_123,xgb_shap_list_ir_1
5536,Pregnancies,0.4623811,0.3683528,235.81436,xgb_shap_list_ir_5_subset_51,xgb_shap_list_ir_5
5537,Glucose,1.6681392,1.0915974,850.751,xgb_shap_list_ir_5_subset_51,xgb_shap_list_ir_5
5538,BloodPressure,0.3868617,0.3074428,197.29947,xgb_shap_list_ir_5_subset_51,xgb_shap_list_ir_5
5539,SkinThickness,0.15195952,0.11477677,77.49936,xgb_shap_list_ir_5_subset_51,xgb_shap_list_ir_5
5540,Insulin,0.33881348,0.26931813,172.79488,xgb_shap_list_ir_5_subset_51,xgb_shap_list_ir_5
5541,BMI,0.75715494,0.6219711,386.14902,xgb_shap_list_ir_5_subset_51,xgb_shap_list_ir_5
5542,DiabetesPedigreeFunction,0.5527473,0.41105807,281.90112,xgb_shap_list_ir_5_subset_51,xgb_shap_list_ir_5
5543,Age,0.7085148,0.4964694,361.34256,xgb_shap_list_ir_5_subset_51,xgb_shap_list_ir_5
5544,Pregnancies,0.6605988,0.4023878,336.9054,xgb_shap_list_ir_5_subset_160,xgb_shap_list_ir_5
5545,Glucose,1.7338518,1.2658998,884.2644,xgb_shap_list_ir_5_subset_160,xgb_shap_list_ir_5
5546,BloodPressure,0.33818358,0.29961604,172.47363,xgb_shap_list_ir_5_subset_160,xgb_shap_list_ir_5
5547,SkinThickness,0.19681689,0.16316906,100.37662,xgb_shap_list_ir_5_subset_160,xgb_shap_list_ir_5
5548,Insulin,0.22021814,0.19133909,112.31125,xgb_shap_list_ir_5_subset_160,xgb_shap_list_ir_5
5549,BMI,1.1889352,1.1563634,606.35693,xgb_shap_list_ir_5_subset_160,xgb_shap_list_ir_5
5550,DiabetesPedigreeFunction,0.45377722,0.3023322,231.42639,xgb_shap_list_ir_5_subset_160,xgb_shap_list_ir_5
5551,Age,0.6256862,0.38441303,319.09998,xgb_shap_list_ir_5_subset_160,xgb_shap_list_ir_5
5552,Pregnancies,0.47194046,0.2939915,240.68964,xgb_shap_list_ir_4_subset_143,xgb_shap_list_ir_4
5553,Glucose,1.0114818,0.66346544,515.8557,xgb_shap_list_ir_4_subset_143,xgb_shap_list_ir_4
5554,BloodPressure,0.33654013,0.27714503,171.63547,xgb_shap_list_ir_4_subset_143,xgb_shap_list_ir_4
5555,SkinThickness,0.4249261,0.2926227,216.71231,xgb_shap_list_ir_4_subset_143,xgb_shap_list_ir_4
5556,Insulin,0.16015512,0.15925749,81.67911,xgb_shap_list_ir_4_subset_143,xgb_shap_list_ir_4
5557,BMI,0.81266445,0.77279866,414.45886,xgb_shap_list_ir_4_subset_143,xgb_shap_list_ir_4
5558,DiabetesPedigreeFunction,0.699832,0.48611805,356.91434,xgb_shap_list_ir_4_subset_143,xgb_shap_list_ir_4
5559,Age,0.87604934,0.5302173,446.78516,xgb_shap_list_ir_4_subset_143,xgb_shap_list_ir_4
5560,Pregnancies,0.4004299,0.30832282,204.21925,xgb_shap_list_ir_4_subset_14,xgb_shap_list_ir_4
5561,Glucose,1.4106393,0.9534923,719.426,xgb_shap_list_ir_4_subset_14,xgb_shap_list_ir_4
5562,BloodPressure,0.35105658,0.25915772,179.03885,xgb_shap_list_ir_4_subset_14,xgb_shap_list_ir_4
5563,SkinThickness,0.24942368,0.1746114,127.20608,xgb_shap_list_ir_4_subset_14,xgb_shap_list_ir_4
5564,Insulin,0.25095865,0.23330973,127.98891,xgb_shap_list_ir_4_subset_14,xgb_shap_list_ir_4
5565,BMI,0.9056126,0.6659711,461.86243,xgb_shap_list_ir_4_subset_14,xgb_shap_list_ir_4
5566,DiabetesPedigreeFunction,0.7373253,0.47940847,376.03592,xgb_shap_list_ir_4_subset_14,xgb_shap_list_ir_4
5567,Age,0.8059283,0.47550583,411.02344,xgb_shap_list_ir_4_subset_14,xgb_shap_list_ir_4
5568,Pregnancies,0.51492226,0.28288567,262.61035,xgb_shap_list_ir_3_subset_86,xgb_shap_list_ir_3
5569,Glucose,1.0595016,0.64719355,540.3458,xgb_shap_list_ir_3_subset_86,xgb_shap_list_ir_3
5570,BloodPressure,0.23388861,0.1921576,119.283195,xgb_shap_list_ir_3_subset_86,xgb_shap_list_ir_3
5571,SkinThickness,0.21276948,0.16311751,108.512436,xgb_shap_list_ir_3_subset_86,xgb_shap_list_ir_3
5572,Insulin,0.31291142,0.31462687,159.58482,xgb_shap_list_ir_3_subset_86,xgb_shap_list_ir_3
5573,BMI,0.66823286,0.41488308,340.79877,xgb_shap_list_ir_3_subset_86,xgb_shap_list_ir_3
5574,DiabetesPedigreeFunction,0.7239306,0.51697,369.2046,xgb_shap_list_ir_3_subset_86,xgb_shap_list_ir_3
5575,Age,0.7642877,0.49054095,389.78674,xgb_shap_list_ir_3_subset_86,xgb_shap_list_ir_3
5576,Pregnancies,0.16071065,0.15743911,81.96243,xgb_shap_list_ir_5_subset_94,xgb_shap_list_ir_5
5577,Glucose,1.4665432,0.9867267,747.937,xgb_shap_list_ir_5_subset_94,xgb_shap_list_ir_5
5578,BloodPressure,0.44879347,0.3492653,228.88467,xgb_shap_list_ir_5_subset_94,xgb_shap_list_ir_5
5579,SkinThickness,0.47020444,0.27491337,239.80426,xgb_shap_list_ir_5_subset_94,xgb_shap_list_ir_5
5580,Insulin,0.26446053,0.21146065,134.87488,xgb_shap_list_ir_5_subset_94,xgb_shap_list_ir_5
5581,BMI,0.6923257,0.6537785,353.08612,xgb_shap_list_ir_5_subset_94,xgb_shap_list_ir_5
5582,DiabetesPedigreeFunction,0.6514196,0.53609437,332.224,xgb_shap_list_ir_5_subset_94,xgb_shap_list_ir_5
5583,Age,0.87249875,0.53751606,444.97437,xgb_shap_list_ir_5_subset_94,xgb_shap_list_ir_5
5584,Pregnancies,0.34375075,0.25438002,175.31288,xgb_shap_list_ir_5_subset_61,xgb_shap_list_ir_5
5585,Glucose,1.6279665,0.9563275,830.26294,xgb_shap_list_ir_5_subset_61,xgb_shap_list_ir_5
5586,BloodPressure,0.19113803,0.16015823,97.48039,xgb_shap_list_ir_5_subset_61,xgb_shap_list_ir_5
5587,SkinThickness,0.24093561,0.20387919,122.87716,xgb_shap_list_ir_5_subset_61,xgb_shap_list_ir_5
5588,Insulin,0.3936592,0.40067127,200.76619,xgb_shap_list_ir_5_subset_61,xgb_shap_list_ir_5
5589,BMI,0.9278342,0.7012,473.19543,xgb_shap_list_ir_5_subset_61,xgb_shap_list_ir_5
5590,DiabetesPedigreeFunction,0.61887264,0.4633193,315.62506,xgb_shap_list_ir_5_subset_61,xgb_shap_list_ir_5
5591,Age,0.57586324,0.33153203,293.69025,xgb_shap_list_ir_5_subset_61,xgb_shap_list_ir_5
5592,Pregnancies,0.629198,0.37948498,320.891,xgb_shap_list_ir_1_subset_20,xgb_shap_list_ir_1
5593,Glucose,0.6451744,0.39533687,329.03894,xgb_shap_list_ir_1_subset_20,xgb_shap_list_ir_1
5594,BloodPressure,0.3506198,0.16905168,178.8161,xgb_shap_list_ir_1_subset_20,xgb_shap_list_ir_1
5595,SkinThickness,0.19321269,0.1414545,98.53847,xgb_shap_list_ir_1_subset_20,xgb_shap_list_ir_1
5596,Insulin,0.23659717,0.16650237,120.66455,xgb_shap_list_ir_1_subset_20,xgb_shap_list_ir_1
5597,BMI,0.9461345,0.6034727,482.5286,xgb_shap_list_ir_1_subset_20,xgb_shap_list_ir_1
5598,DiabetesPedigreeFunction,0.4931278,0.28266108,251.49518,xgb_shap_list_ir_1_subset_20,xgb_shap_list_ir_1
5599,Age,0.3221286,0.2989279,164.28558,xgb_shap_list_ir_1_subset_20,xgb_shap_list_ir_1
5600,Pregnancies,0.5517135,0.21153598,281.3739,xgb_shap_list_ir_1_subset_116,xgb_shap_list_ir_1
5601,Glucose,0.56748194,0.30675018,289.4158,xgb_shap_list_ir_1_subset_116,xgb_shap_list_ir_1
5602,BloodPressure,0.22503595,0.1347744,114.76833,xgb_shap_list_ir_1_subset_116,xgb_shap_list_ir_1
5603,SkinThickness,0.5565328,0.28764102,283.83173,xgb_shap_list_ir_1_subset_116,xgb_shap_list_ir_1
5604,Insulin,0.32734874,0.20477274,166.94786,xgb_shap_list_ir_1_subset_116,xgb_shap_list_ir_1
5605,BMI,1.3318304,0.3978587,679.2335,xgb_shap_list_ir_1_subset_116,xgb_shap_list_ir_1
5606,DiabetesPedigreeFunction,0.616383,0.43066618,314.35535,xgb_shap_list_ir_1_subset_116,xgb_shap_list_ir_1
5607,Age,0.8705978,0.43697944,444.00488,xgb_shap_list_ir_1_subset_116,xgb_shap_list_ir_1
5608,Pregnancies,0.35024527,0.2926658,178.62509,xgb_shap_list_ir_5_subset_62,xgb_shap_list_ir_5
5609,Glucose,1.5871161,1.1214039,809.4292,xgb_shap_list_ir_5_subset_62,xgb_shap_list_ir_5
5610,BloodPressure,0.518733,0.3952693,264.55383,xgb_shap_list_ir_5_subset_62,xgb_shap_list_ir_5
5611,SkinThickness,0.41359234,0.28852502,210.9321,xgb_shap_list_ir_5_subset_62,xgb_shap_list_ir_5
5612,Insulin,0.235715,0.22763187,120.21465,xgb_shap_list_ir_5_subset_62,xgb_shap_list_ir_5
5613,BMI,0.7180311,0.58868587,366.19586,xgb_shap_list_ir_5_subset_62,xgb_shap_list_ir_5
5614,DiabetesPedigreeFunction,0.69509554,0.6406894,354.49872,xgb_shap_list_ir_5_subset_62,xgb_shap_list_ir_5
5615,Age,0.5894299,0.39454055,300.60925,xgb_shap_list_ir_5_subset_62,xgb_shap_list_ir_5
5616,Pregnancies,0.36916417,0.18036173,188.27373,xgb_shap_list_ir_2_subset_124,xgb_shap_list_ir_2
5617,Glucose,1.0801646,0.7817288,550.8839,xgb_shap_list_ir_2_subset_124,xgb_shap_list_ir_2
5618,BloodPressure,0.4580011,0.38322264,233.58057,xgb_shap_list_ir_2_subset_124,xgb_shap_list_ir_2
5619,SkinThickness,0.63997555,0.2527645,326.38754,xgb_shap_list_ir_2_subset_124,xgb_shap_list_ir_2
5620,Insulin,0.28445897,0.15941504,145.07407,xgb_shap_list_ir_2_subset_124,xgb_shap_list_ir_2
5621,BMI,1.026203,0.6409346,523.3635,xgb_shap_list_ir_2_subset_124,xgb_shap_list_ir_2
5622,DiabetesPedigreeFunction,0.39019522,0.25163707,198.99956,xgb_shap_list_ir_2_subset_124,xgb_shap_list_ir_2
5623,Age,0.48377866,0.29571828,246.72711,xgb_shap_list_ir_2_subset_124,xgb_shap_list_ir_2
5624,Pregnancies,0.89406824,0.26642066,455.9748,xgb_shap_list_ir_1_subset_11,xgb_shap_list_ir_1
5625,Glucose,1.6292834,0.3694986,830.9346,xgb_shap_list_ir_1_subset_11,xgb_shap_list_ir_1
5626,BloodPressure,0.87280554,0.35453725,445.13083,xgb_shap_list_ir_1_subset_11,xgb_shap_list_ir_1
5627,SkinThickness,0.0771359,0.041533135,39.33931,xgb_shap_list_ir_1_subset_11,xgb_shap_list_ir_1
5628,Insulin,0.29565495,0.15525343,150.78403,xgb_shap_list_ir_1_subset_11,xgb_shap_list_ir_1
5629,BMI,0.477974,0.3540974,243.76674,xgb_shap_list_ir_1_subset_11,xgb_shap_list_ir_1
5630,DiabetesPedigreeFunction,0.6813308,0.36924416,347.4787,xgb_shap_list_ir_1_subset_11,xgb_shap_list_ir_1
5631,Age,0.29770017,0.121770546,151.82709,xgb_shap_list_ir_1_subset_11,xgb_shap_list_ir_1
5632,Pregnancies,0.10715063,0.09821709,54.64682,xgb_shap_list_ir_2_subset_39,xgb_shap_list_ir_2
5633,Glucose,0.68430406,0.4095532,348.99506,xgb_shap_list_ir_2_subset_39,xgb_shap_list_ir_2
5634,BloodPressure,0.49545377,0.37386605,252.68143,xgb_shap_list_ir_2_subset_39,xgb_shap_list_ir_2
5635,SkinThickness,0.45985153,0.27196354,234.52428,xgb_shap_list_ir_2_subset_39,xgb_shap_list_ir_2
5636,Insulin,0.24416573,0.22473001,124.52452,xgb_shap_list_ir_2_subset_39,xgb_shap_list_ir_2
5637,BMI,0.87718683,0.5871373,447.3653,xgb_shap_list_ir_2_subset_39,xgb_shap_list_ir_2
5638,DiabetesPedigreeFunction,0.62932116,0.39466912,320.9538,xgb_shap_list_ir_2_subset_39,xgb_shap_list_ir_2
5639,Age,0.82577103,0.5435467,421.14322,xgb_shap_list_ir_2_subset_39,xgb_shap_list_ir_2
5640,Pregnancies,0.3425921,0.20260838,174.72197,xgb_shap_list_ir_3_subset_3,xgb_shap_list_ir_3
5641,Glucose,1.6888777,0.91670656,861.32764,xgb_shap_list_ir_3_subset_3,xgb_shap_list_ir_3
5642,BloodPressure,0.3826891,0.36169714,195.17143,xgb_shap_list_ir_3_subset_3,xgb_shap_list_ir_3
5643,SkinThickness,0.2594082,0.2113183,132.29819,xgb_shap_list_ir_3_subset_3,xgb_shap_list_ir_3
5644,Insulin,0.46638033,0.34392866,237.85397,xgb_shap_list_ir_3_subset_3,xgb_shap_list_ir_3
5645,BMI,0.8308895,0.8029789,423.75366,xgb_shap_list_ir_3_subset_3,xgb_shap_list_ir_3
5646,DiabetesPedigreeFunction,0.7013969,0.5174257,357.7124,xgb_shap_list_ir_3_subset_3,xgb_shap_list_ir_3
5647,Age,0.8263528,0.44694796,421.4399,xgb_shap_list_ir_3_subset_3,xgb_shap_list_ir_3
5648,Pregnancies,0.29532322,0.23743549,150.61484,xgb_shap_list_ir_5_subset_118,xgb_shap_list_ir_5
5649,Glucose,1.465457,1.0171514,747.38306,xgb_shap_list_ir_5_subset_118,xgb_shap_list_ir_5
5650,BloodPressure,0.31923115,0.26230493,162.80789,xgb_shap_list_ir_5_subset_118,xgb_shap_list_ir_5
5651,SkinThickness,0.28799212,0.2584432,146.87598,xgb_shap_list_ir_5_subset_118,xgb_shap_list_ir_5
5652,Insulin,0.21745975,0.27979505,110.90447,xgb_shap_list_ir_5_subset_118,xgb_shap_list_ir_5
5653,BMI,0.88193256,0.60230994,449.7856,xgb_shap_list_ir_5_subset_118,xgb_shap_list_ir_5
5654,DiabetesPedigreeFunction,0.7634772,0.5108927,389.37338,xgb_shap_list_ir_5_subset_118,xgb_shap_list_ir_5
5655,Age,0.708721,0.49197596,361.4477,xgb_shap_list_ir_5_subset_118,xgb_shap_list_ir_5
5656,Pregnancies,0.5090623,0.33104464,259.62177,xgb_shap_list_ir_3_subset_159,xgb_shap_list_ir_3
5657,Glucose,1.6063008,1.2235148,819.21344,xgb_shap_list_ir_3_subset_159,xgb_shap_list_ir_3
5658,BloodPressure,0.25040367,0.19930163,127.70588,xgb_shap_list_ir_3_subset_159,xgb_shap_list_ir_3
5659,SkinThickness,0.27321258,0.18107219,139.33841,xgb_shap_list_ir_3_subset_159,xgb_shap_list_ir_3
5660,Insulin,0.18653305,0.16636263,95.13185,xgb_shap_list_ir_3_subset_159,xgb_shap_list_ir_3
5661,BMI,0.63175255,0.39633346,322.1938,xgb_shap_list_ir_3_subset_159,xgb_shap_list_ir_3
5662,DiabetesPedigreeFunction,0.6403638,0.4133532,326.58554,xgb_shap_list_ir_3_subset_159,xgb_shap_list_ir_3
5663,Age,0.7228695,0.41309738,368.66345,xgb_shap_list_ir_3_subset_159,xgb_shap_list_ir_3
5664,Pregnancies,0.524416,0.22393249,267.45218,xgb_shap_list_ir_3_subset_130,xgb_shap_list_ir_3
5665,Glucose,1.4094683,0.84142065,718.82886,xgb_shap_list_ir_3_subset_130,xgb_shap_list_ir_3
5666,BloodPressure,0.22286434,0.19570449,113.66081,xgb_shap_list_ir_3_subset_130,xgb_shap_list_ir_3
5667,SkinThickness,0.27222472,0.18072201,138.83461,xgb_shap_list_ir_3_subset_130,xgb_shap_list_ir_3
5668,Insulin,0.33876917,0.29503778,172.77228,xgb_shap_list_ir_3_subset_130,xgb_shap_list_ir_3
5669,BMI,0.95108736,0.61515015,485.05457,xgb_shap_list_ir_3_subset_130,xgb_shap_list_ir_3
5670,DiabetesPedigreeFunction,0.4570036,0.41835427,233.07184,xgb_shap_list_ir_3_subset_130,xgb_shap_list_ir_3
5671,Age,0.5821593,0.42968187,296.90125,xgb_shap_list_ir_3_subset_130,xgb_shap_list_ir_3
5672,Pregnancies,0.4111391,0.26054654,209.68094,xgb_shap_list_ir_3_subset_142,xgb_shap_list_ir_3
5673,Glucose,1.7827513,0.7298748,909.2032,xgb_shap_list_ir_3_subset_142,xgb_shap_list_ir_3
5674,BloodPressure,0.37193206,0.331428,189.68535,xgb_shap_list_ir_3_subset_142,xgb_shap_list_ir_3
5675,SkinThickness,0.72064626,0.38639715,367.5296,xgb_shap_list_ir_3_subset_142,xgb_shap_list_ir_3
5676,Insulin,0.44631892,0.2845938,227.62265,xgb_shap_list_ir_3_subset_142,xgb_shap_list_ir_3
5677,BMI,0.6784431,0.5874239,346.00598,xgb_shap_list_ir_3_subset_142,xgb_shap_list_ir_3
5678,DiabetesPedigreeFunction,0.4777549,0.42487502,243.655,xgb_shap_list_ir_3_subset_142,xgb_shap_list_ir_3
5679,Age,0.47631764,0.2646513,242.922,xgb_shap_list_ir_3_subset_142,xgb_shap_list_ir_3
5680,Pregnancies,0.8428745,0.37052184,429.866,xgb_shap_list_ir_1_subset_45,xgb_shap_list_ir_1
5681,Glucose,0.7856023,0.36320716,400.65717,xgb_shap_list_ir_1_subset_45,xgb_shap_list_ir_1
5682,BloodPressure,0.32476974,0.24476466,165.63257,xgb_shap_list_ir_1_subset_45,xgb_shap_list_ir_1
5683,SkinThickness,0.20545988,0.1322843,104.78454,xgb_shap_list_ir_1_subset_45,xgb_shap_list_ir_1
5684,Insulin,0.8849157,0.27963915,451.307,xgb_shap_list_ir_1_subset_45,xgb_shap_list_ir_1
5685,BMI,0.805499,0.47397685,410.8045,xgb_shap_list_ir_1_subset_45,xgb_shap_list_ir_1
5686,DiabetesPedigreeFunction,0.47552943,0.2608438,242.52,xgb_shap_list_ir_1_subset_45,xgb_shap_list_ir_1
5687,Age,0.51965934,0.2518006,265.02628,xgb_shap_list_ir_1_subset_45,xgb_shap_list_ir_1
5688,Pregnancies,0.50431025,0.34385347,257.19824,xgb_shap_list_ir_4_subset_34,xgb_shap_list_ir_4
5689,Glucose,1.447292,0.96847296,738.1189,xgb_shap_list_ir_4_subset_34,xgb_shap_list_ir_4
5690,BloodPressure,0.32937163,0.25049275,167.97954,xgb_shap_list_ir_4_subset_34,xgb_shap_list_ir_4
5691,SkinThickness,0.31600988,0.22927262,161.16504,xgb_shap_list_ir_4_subset_34,xgb_shap_list_ir_4
5692,Insulin,0.33968267,0.22848268,173.23816,xgb_shap_list_ir_4_subset_34,xgb_shap_list_ir_4
5693,BMI,0.9097479,0.6822931,463.97144,xgb_shap_list_ir_4_subset_34,xgb_shap_list_ir_4
5694,DiabetesPedigreeFunction,0.50104207,0.3421702,255.53146,xgb_shap_list_ir_4_subset_34,xgb_shap_list_ir_4
5695,Age,0.6052562,0.32370856,308.68066,xgb_shap_list_ir_4_subset_34,xgb_shap_list_ir_4
5696,Pregnancies,0.2694789,0.15832724,137.43423,xgb_shap_list_ir_1_subset_16,xgb_shap_list_ir_1
5697,Glucose,0.83487254,0.48005816,425.785,xgb_shap_list_ir_1_subset_16,xgb_shap_list_ir_1
5698,BloodPressure,0.3090987,0.18033744,157.64034,xgb_shap_list_ir_1_subset_16,xgb_shap_list_ir_1
5699,SkinThickness,0.23454612,0.15063727,119.61852,xgb_shap_list_ir_1_subset_16,xgb_shap_list_ir_1
5700,Insulin,0.5486183,0.2093585,279.79535,xgb_shap_list_ir_1_subset_16,xgb_shap_list_ir_1
5701,BMI,0.56015295,0.32677302,285.678,xgb_shap_list_ir_1_subset_16,xgb_shap_list_ir_1
5702,DiabetesPedigreeFunction,0.9659398,0.6189171,492.6293,xgb_shap_list_ir_1_subset_16,xgb_shap_list_ir_1
5703,Age,0.626805,0.21735449,319.67056,xgb_shap_list_ir_1_subset_16,xgb_shap_list_ir_1
5704,Pregnancies,0.59977967,0.4008581,305.88763,xgb_shap_list_ir_1_subset_106,xgb_shap_list_ir_1
5705,Glucose,0.6129269,0.43936768,312.5927,xgb_shap_list_ir_1_subset_106,xgb_shap_list_ir_1
5706,BloodPressure,0.33723876,0.32632786,171.99176,xgb_shap_list_ir_1_subset_106,xgb_shap_list_ir_1
5707,SkinThickness,0.39838254,0.2202629,203.1751,xgb_shap_list_ir_1_subset_106,xgb_shap_list_ir_1
5708,Insulin,0.39013642,0.2571976,198.96957,xgb_shap_list_ir_1_subset_106,xgb_shap_list_ir_1
5709,BMI,1.0685145,0.6422569,544.9424,xgb_shap_list_ir_1_subset_106,xgb_shap_list_ir_1
5710,DiabetesPedigreeFunction,0.42968133,0.30107284,219.13748,xgb_shap_list_ir_1_subset_106,xgb_shap_list_ir_1
5711,Age,0.15000069,0.12858985,76.50035,xgb_shap_list_ir_1_subset_106,xgb_shap_list_ir_1
5712,Pregnancies,0.7701772,0.37885797,392.79037,xgb_shap_list_ir_1_subset_22,xgb_shap_list_ir_1
5713,Glucose,0.9983975,0.6161988,509.18274,xgb_shap_list_ir_1_subset_22,xgb_shap_list_ir_1
5714,BloodPressure,1.0270066,0.6423113,523.7734,xgb_shap_list_ir_1_subset_22,xgb_shap_list_ir_1
5715,SkinThickness,0.08106567,0.065218575,41.34349,xgb_shap_list_ir_1_subset_22,xgb_shap_list_ir_1
5716,Insulin,0.06336775,0.035719406,32.31755,xgb_shap_list_ir_1_subset_22,xgb_shap_list_ir_1
5717,BMI,1.1091202,0.5156766,565.6513,xgb_shap_list_ir_1_subset_22,xgb_shap_list_ir_1
5718,DiabetesPedigreeFunction,0.1839243,0.10404724,93.80139,xgb_shap_list_ir_1_subset_22,xgb_shap_list_ir_1
5719,Age,0.8521572,0.5296271,434.60016,xgb_shap_list_ir_1_subset_22,xgb_shap_list_ir_1
5720,Pregnancies,0.63354814,0.30173674,323.10956,xgb_shap_list_ir_2_subset_139,xgb_shap_list_ir_2
5721,Glucose,0.9817856,0.6083993,500.71066,xgb_shap_list_ir_2_subset_139,xgb_shap_list_ir_2
5722,BloodPressure,0.21863422,0.17579915,111.50345,xgb_shap_list_ir_2_subset_139,xgb_shap_list_ir_2
5723,SkinThickness,0.19693688,0.13819039,100.437805,xgb_shap_list_ir_2_subset_139,xgb_shap_list_ir_2
5724,Insulin,0.46821874,0.40194952,238.79156,xgb_shap_list_ir_2_subset_139,xgb_shap_list_ir_2
5725,BMI,0.8761593,0.47632524,446.84125,xgb_shap_list_ir_2_subset_139,xgb_shap_list_ir_2
5726,DiabetesPedigreeFunction,0.9675342,0.52601314,493.44244,xgb_shap_list_ir_2_subset_139,xgb_shap_list_ir_2
5727,Age,0.27429965,0.19851403,139.89282,xgb_shap_list_ir_2_subset_139,xgb_shap_list_ir_2
5728,Pregnancies,0.51102525,0.32815823,260.62286,xgb_shap_list_ir_3_subset_11,xgb_shap_list_ir_3
5729,Glucose,1.2695221,0.99072146,647.45624,xgb_shap_list_ir_3_subset_11,xgb_shap_list_ir_3
5730,BloodPressure,0.32854536,0.24474856,167.55814,xgb_shap_list_ir_3_subset_11,xgb_shap_list_ir_3
5731,SkinThickness,0.3040647,0.25674698,155.073,xgb_shap_list_ir_3_subset_11,xgb_shap_list_ir_3
5732,Insulin,0.25579432,0.23974535,130.45511,xgb_shap_list_ir_3_subset_11,xgb_shap_list_ir_3
5733,BMI,1.0258169,0.9095653,523.1666,xgb_shap_list_ir_3_subset_11,xgb_shap_list_ir_3
5734,DiabetesPedigreeFunction,0.49076304,0.3372508,250.28915,xgb_shap_list_ir_3_subset_11,xgb_shap_list_ir_3
5735,Age,0.44358522,0.30556247,226.22845,xgb_shap_list_ir_3_subset_11,xgb_shap_list_ir_3
5736,Pregnancies,0.25904536,0.1482398,132.11313,xgb_shap_list_ir_3_subset_113,xgb_shap_list_ir_3
5737,Glucose,1.2415229,0.8077502,633.1767,xgb_shap_list_ir_3_subset_113,xgb_shap_list_ir_3
5738,BloodPressure,0.24186538,0.19209859,123.35134,xgb_shap_list_ir_3_subset_113,xgb_shap_list_ir_3
5739,SkinThickness,0.20316614,0.120220006,103.61473,xgb_shap_list_ir_3_subset_113,xgb_shap_list_ir_3
5740,Insulin,0.38883758,0.38604453,198.30716,xgb_shap_list_ir_3_subset_113,xgb_shap_list_ir_3
5741,BMI,1.1008902,0.89777875,561.454,xgb_shap_list_ir_3_subset_113,xgb_shap_list_ir_3
5742,DiabetesPedigreeFunction,0.6586854,0.47777033,335.92953,xgb_shap_list_ir_3_subset_113,xgb_shap_list_ir_3
5743,Age,0.99937266,0.5718302,509.68005,xgb_shap_list_ir_3_subset_113,xgb_shap_list_ir_3
5744,Pregnancies,0.2861379,0.21221292,145.93033,xgb_shap_list_ir_5_subset_7,xgb_shap_list_ir_5
5745,Glucose,1.3888491,0.80567086,708.31305,xgb_shap_list_ir_5_subset_7,xgb_shap_list_ir_5
5746,BloodPressure,0.49088082,0.39091733,250.34921,xgb_shap_list_ir_5_subset_7,xgb_shap_list_ir_5
5747,SkinThickness,0.17831616,0.14227398,90.94124,xgb_shap_list_ir_5_subset_7,xgb_shap_list_ir_5
5748,Insulin,0.2971789,0.28869435,151.56123,xgb_shap_list_ir_5_subset_7,xgb_shap_list_ir_5
5749,BMI,0.8349176,0.6490937,425.80798,xgb_shap_list_ir_5_subset_7,xgb_shap_list_ir_5
5750,DiabetesPedigreeFunction,0.700045,0.44992298,357.02295,xgb_shap_list_ir_5_subset_7,xgb_shap_list_ir_5
5751,Age,0.85609937,0.51651084,436.6107,xgb_shap_list_ir_5_subset_7,xgb_shap_list_ir_5
5752,Pregnancies,0.4246973,0.27068415,216.59563,xgb_shap_list_ir_3_subset_153,xgb_shap_list_ir_3
5753,Glucose,1.2725699,0.94295114,649.0106,xgb_shap_list_ir_3_subset_153,xgb_shap_list_ir_3
5754,BloodPressure,0.26707676,0.19437763,136.20915,xgb_shap_list_ir_3_subset_153,xgb_shap_list_ir_3
5755,SkinThickness,0.32389215,0.21880485,165.185,xgb_shap_list_ir_3_subset_153,xgb_shap_list_ir_3
5756,Insulin,0.36362323,0.21117264,185.44785,xgb_shap_list_ir_3_subset_153,xgb_shap_list_ir_3
5757,BMI,0.7942261,0.4438731,405.05533,xgb_shap_list_ir_3_subset_153,xgb_shap_list_ir_3
5758,DiabetesPedigreeFunction,0.58643574,0.44702962,299.0822,xgb_shap_list_ir_3_subset_153,xgb_shap_list_ir_3
5759,Age,0.909406,0.6438552,463.79706,xgb_shap_list_ir_3_subset_153,xgb_shap_list_ir_3
5760,Pregnancies,0.15684876,0.10909343,79.99287,xgb_shap_list_ir_2_subset_148,xgb_shap_list_ir_2
5761,Glucose,0.5076945,0.39995697,258.9242,xgb_shap_list_ir_2_subset_148,xgb_shap_list_ir_2
5762,BloodPressure,0.47528622,0.28688416,242.39597,xgb_shap_list_ir_2_subset_148,xgb_shap_list_ir_2
5763,SkinThickness,0.25215647,0.19343063,128.5998,xgb_shap_list_ir_2_subset_148,xgb_shap_list_ir_2
5764,Insulin,0.55284864,0.2868529,281.95282,xgb_shap_list_ir_2_subset_148,xgb_shap_list_ir_2
5765,BMI,1.0311676,0.6326008,525.8955,xgb_shap_list_ir_2_subset_148,xgb_shap_list_ir_2
5766,DiabetesPedigreeFunction,0.8214283,0.49622953,418.92844,xgb_shap_list_ir_2_subset_148,xgb_shap_list_ir_2
5767,Age,0.4586845,0.3047323,233.9291,xgb_shap_list_ir_2_subset_148,xgb_shap_list_ir_2
5768,Pregnancies,0.20788296,0.14842108,106.02031,xgb_shap_list_ir_4_subset_23,xgb_shap_list_ir_4
5769,Glucose,1.1654373,0.8798437,594.37305,xgb_shap_list_ir_4_subset_23,xgb_shap_list_ir_4
5770,BloodPressure,0.2508782,0.1775679,127.94789,xgb_shap_list_ir_4_subset_23,xgb_shap_list_ir_4
5771,SkinThickness,0.4883657,0.36383176,249.06651,xgb_shap_list_ir_4_subset_23,xgb_shap_list_ir_4
5772,Insulin,0.23818402,0.21905449,121.47385,xgb_shap_list_ir_4_subset_23,xgb_shap_list_ir_4
5773,BMI,1.2016047,1.0093317,612.8184,xgb_shap_list_ir_4_subset_23,xgb_shap_list_ir_4
5774,DiabetesPedigreeFunction,0.5546687,0.44305068,282.88104,xgb_shap_list_ir_4_subset_23,xgb_shap_list_ir_4
5775,Age,0.6441266,0.3377125,328.50458,xgb_shap_list_ir_4_subset_23,xgb_shap_list_ir_4
5776,Pregnancies,0.39644098,0.2682878,202.1849,xgb_shap_list_ir_5_subset_86,xgb_shap_list_ir_5
5777,Glucose,1.2611711,0.8057245,643.19727,xgb_shap_list_ir_5_subset_86,xgb_shap_list_ir_5
5778,BloodPressure,0.22073783,0.18290259,112.576294,xgb_shap_list_ir_5_subset_86,xgb_shap_list_ir_5
5779,SkinThickness,0.25727862,0.19806024,131.2121,xgb_shap_list_ir_5_subset_86,xgb_shap_list_ir_5
5780,Insulin,0.2511937,0.22128376,128.1088,xgb_shap_list_ir_5_subset_86,xgb_shap_list_ir_5
5781,BMI,0.958591,0.76059425,488.8814,xgb_shap_list_ir_5_subset_86,xgb_shap_list_ir_5
5782,DiabetesPedigreeFunction,0.7517927,0.49627447,383.4143,xgb_shap_list_ir_5_subset_86,xgb_shap_list_ir_5
5783,Age,0.81433344,0.62039584,415.31006,xgb_shap_list_ir_5_subset_86,xgb_shap_list_ir_5
5784,Pregnancies,0.286109,0.2697566,145.91559,xgb_shap_list_ir_1_subset_51,xgb_shap_list_ir_1
5785,Glucose,0.53623235,0.30799913,273.4785,xgb_shap_list_ir_1_subset_51,xgb_shap_list_ir_1
5786,BloodPressure,0.39775795,0.25805604,202.85655,xgb_shap_list_ir_1_subset_51,xgb_shap_list_ir_1
5787,SkinThickness,0.31608218,0.23990113,161.2019,xgb_shap_list_ir_1_subset_51,xgb_shap_list_ir_1
5788,Insulin,0.41308168,0.21017772,210.67166,xgb_shap_list_ir_1_subset_51,xgb_shap_list_ir_1
5789,BMI,0.46085835,0.28070122,235.03775,xgb_shap_list_ir_1_subset_51,xgb_shap_list_ir_1
5790,DiabetesPedigreeFunction,0.37373632,0.21420005,190.60553,xgb_shap_list_ir_1_subset_51,xgb_shap_list_ir_1
5791,Age,0.9627895,0.6501949,491.02264,xgb_shap_list_ir_1_subset_51,xgb_shap_list_ir_1
5792,Pregnancies,0.23657319,0.18035568,120.65233,xgb_shap_list_ir_5_subset_5,xgb_shap_list_ir_5
5793,Glucose,1.3669589,0.9105358,697.149,xgb_shap_list_ir_5_subset_5,xgb_shap_list_ir_5
5794,BloodPressure,0.27857906,0.2481784,142.07532,xgb_shap_list_ir_5_subset_5,xgb_shap_list_ir_5
5795,SkinThickness,0.4459376,0.33827716,227.42818,xgb_shap_list_ir_5_subset_5,xgb_shap_list_ir_5
5796,Insulin,0.17439361,0.16272116,88.94074,xgb_shap_list_ir_5_subset_5,xgb_shap_list_ir_5
5797,BMI,0.7945159,0.66790974,405.20312,xgb_shap_list_ir_5_subset_5,xgb_shap_list_ir_5
5798,DiabetesPedigreeFunction,0.6271329,0.4319303,319.83777,xgb_shap_list_ir_5_subset_5,xgb_shap_list_ir_5
5799,Age,0.7710534,0.52293366,393.2372,xgb_shap_list_ir_5_subset_5,xgb_shap_list_ir_5
5800,Pregnancies,0.23875941,0.21240109,121.7673,xgb_shap_list_ir_3_subset_8,xgb_shap_list_ir_3
5801,Glucose,1.5041565,0.8250589,767.1198,xgb_shap_list_ir_3_subset_8,xgb_shap_list_ir_3
5802,BloodPressure,0.57612664,0.42656472,293.8246,xgb_shap_list_ir_3_subset_8,xgb_shap_list_ir_3
5803,SkinThickness,0.07639082,0.062215444,38.959316,xgb_shap_list_ir_3_subset_8,xgb_shap_list_ir_3
5804,Insulin,0.40416577,0.26795092,206.12454,xgb_shap_list_ir_3_subset_8,xgb_shap_list_ir_3
5805,BMI,1.0868819,0.84594196,554.30975,xgb_shap_list_ir_3_subset_8,xgb_shap_list_ir_3
5806,DiabetesPedigreeFunction,0.5217883,0.315073,266.11203,xgb_shap_list_ir_3_subset_8,xgb_shap_list_ir_3
5807,Age,1.126227,0.6147178,574.3758,xgb_shap_list_ir_3_subset_8,xgb_shap_list_ir_3
5808,Pregnancies,0.39481285,0.22795191,201.35455,xgb_shap_list_ir_4_subset_40,xgb_shap_list_ir_4
5809,Glucose,1.733871,1.1397519,884.27423,xgb_shap_list_ir_4_subset_40,xgb_shap_list_ir_4
5810,BloodPressure,0.18528287,0.18183126,94.49426,xgb_shap_list_ir_4_subset_40,xgb_shap_list_ir_4
5811,SkinThickness,0.21708694,0.14763531,110.71434,xgb_shap_list_ir_4_subset_40,xgb_shap_list_ir_4
5812,Insulin,0.20391124,0.20033246,103.994736,xgb_shap_list_ir_4_subset_40,xgb_shap_list_ir_4
5813,BMI,0.85597557,0.6604248,436.54755,xgb_shap_list_ir_4_subset_40,xgb_shap_list_ir_4
5814,DiabetesPedigreeFunction,0.49485725,0.42809862,252.3772,xgb_shap_list_ir_4_subset_40,xgb_shap_list_ir_4
5815,Age,0.8975622,0.5437237,457.7567,xgb_shap_list_ir_4_subset_40,xgb_shap_list_ir_4
5816,Pregnancies,0.3552211,0.24906974,181.16275,xgb_shap_list_ir_2_subset_146,xgb_shap_list_ir_2
5817,Glucose,1.55895,0.96636415,795.06445,xgb_shap_list_ir_2_subset_146,xgb_shap_list_ir_2
5818,BloodPressure,0.1895811,0.22743526,96.686356,xgb_shap_list_ir_2_subset_146,xgb_shap_list_ir_2
5819,SkinThickness,0.23944007,0.1946254,122.11443,xgb_shap_list_ir_2_subset_146,xgb_shap_list_ir_2
5820,Insulin,0.17915985,0.19392008,91.37152,xgb_shap_list_ir_2_subset_146,xgb_shap_list_ir_2
5821,BMI,0.6584761,0.38321918,335.8228,xgb_shap_list_ir_2_subset_146,xgb_shap_list_ir_2
5822,DiabetesPedigreeFunction,0.8779893,0.58267593,447.77454,xgb_shap_list_ir_2_subset_146,xgb_shap_list_ir_2
5823,Age,0.6631687,0.33642185,338.21606,xgb_shap_list_ir_2_subset_146,xgb_shap_list_ir_2
5824,Pregnancies,0.811875,0.4790849,414.05624,xgb_shap_list_ir_5_subset_126,xgb_shap_list_ir_5
5825,Glucose,1.4829929,1.1546541,756.32635,xgb_shap_list_ir_5_subset_126,xgb_shap_list_ir_5
5826,BloodPressure,0.43779507,0.35360968,223.27548,xgb_shap_list_ir_5_subset_126,xgb_shap_list_ir_5
5827,SkinThickness,0.25084382,0.17891252,127.93035,xgb_shap_list_ir_5_subset_126,xgb_shap_list_ir_5
5828,Insulin,0.292138,0.26497573,148.99039,xgb_shap_list_ir_5_subset_126,xgb_shap_list_ir_5
5829,BMI,0.8025331,0.54922175,409.29187,xgb_shap_list_ir_5_subset_126,xgb_shap_list_ir_5
5830,DiabetesPedigreeFunction,0.7430986,0.52007216,378.9803,xgb_shap_list_ir_5_subset_126,xgb_shap_list_ir_5
5831,Age,0.41821882,0.30932844,213.2916,xgb_shap_list_ir_5_subset_126,xgb_shap_list_ir_5
5832,Pregnancies,0.547782,0.3495893,279.36884,xgb_shap_list_ir_4_subset_134,xgb_shap_list_ir_4
5833,Glucose,1.4934865,0.98059344,761.6781,xgb_shap_list_ir_4_subset_134,xgb_shap_list_ir_4
5834,BloodPressure,0.4991195,0.33187515,254.55093,xgb_shap_list_ir_4_subset_134,xgb_shap_list_ir_4
5835,SkinThickness,0.28949657,0.1829278,147.64325,xgb_shap_list_ir_4_subset_134,xgb_shap_list_ir_4
5836,Insulin,0.3089014,0.26399657,157.53972,xgb_shap_list_ir_4_subset_134,xgb_shap_list_ir_4
5837,BMI,0.7058116,0.5617628,359.96393,xgb_shap_list_ir_4_subset_134,xgb_shap_list_ir_4
5838,DiabetesPedigreeFunction,0.73547196,0.4601801,375.0907,xgb_shap_list_ir_4_subset_134,xgb_shap_list_ir_4
5839,Age,0.5672181,0.36087072,289.28125,xgb_shap_list_ir_4_subset_134,xgb_shap_list_ir_4
5840,Pregnancies,1.0118239,0.35449815,516.0302,xgb_shap_list_ir_1_subset_153,xgb_shap_list_ir_1
5841,Glucose,1.2933557,0.45787776,659.6114,xgb_shap_list_ir_1_subset_153,xgb_shap_list_ir_1
5842,BloodPressure,0.38937122,0.4399596,198.57932,xgb_shap_list_ir_1_subset_153,xgb_shap_list_ir_1
5843,SkinThickness,0.8786321,0.49547487,448.1024,xgb_shap_list_ir_1_subset_153,xgb_shap_list_ir_1
5844,Insulin,0.31528232,0.1840678,160.79398,xgb_shap_list_ir_1_subset_153,xgb_shap_list_ir_1
5845,BMI,0.32944283,0.29749992,168.01584,xgb_shap_list_ir_1_subset_153,xgb_shap_list_ir_1
5846,DiabetesPedigreeFunction,0.34901932,0.21680431,177.99985,xgb_shap_list_ir_1_subset_153,xgb_shap_list_ir_1
5847,Age,0.2141125,0.19876611,109.19738,xgb_shap_list_ir_1_subset_153,xgb_shap_list_ir_1
5848,Pregnancies,0.31444377,0.18979345,160.36632,xgb_shap_list_ir_4_subset_80,xgb_shap_list_ir_4
5849,Glucose,1.2664808,0.8533213,645.9052,xgb_shap_list_ir_4_subset_80,xgb_shap_list_ir_4
5850,BloodPressure,0.51275516,0.34504655,261.50513,xgb_shap_list_ir_4_subset_80,xgb_shap_list_ir_4
5851,SkinThickness,0.23837781,0.17826241,121.572685,xgb_shap_list_ir_4_subset_80,xgb_shap_list_ir_4
5852,Insulin,0.24260595,0.22251195,123.729034,xgb_shap_list_ir_4_subset_80,xgb_shap_list_ir_4
5853,BMI,0.90703535,0.7910423,462.58804,xgb_shap_list_ir_4_subset_80,xgb_shap_list_ir_4
5854,DiabetesPedigreeFunction,0.5836614,0.5736808,297.6673,xgb_shap_list_ir_4_subset_80,xgb_shap_list_ir_4
5855,Age,0.7315053,0.5120335,373.0677,xgb_shap_list_ir_4_subset_80,xgb_shap_list_ir_4
5856,Pregnancies,0.14709567,0.12718269,75.01879,xgb_shap_list_ir_3_subset_85,xgb_shap_list_ir_3
5857,Glucose,1.4355141,0.80784345,732.1122,xgb_shap_list_ir_3_subset_85,xgb_shap_list_ir_3
5858,BloodPressure,0.46404684,0.3220084,236.66388,xgb_shap_list_ir_3_subset_85,xgb_shap_list_ir_3
5859,SkinThickness,0.2119435,0.2053056,108.09119,xgb_shap_list_ir_3_subset_85,xgb_shap_list_ir_3
5860,Insulin,0.0841533,0.08562418,42.918182,xgb_shap_list_ir_3_subset_85,xgb_shap_list_ir_3
5861,BMI,1.09324,1.0078526,557.5524,xgb_shap_list_ir_3_subset_85,xgb_shap_list_ir_3
5862,DiabetesPedigreeFunction,0.60298246,0.47304186,307.52106,xgb_shap_list_ir_3_subset_85,xgb_shap_list_ir_3
5863,Age,1.0136523,0.651509,516.9627,xgb_shap_list_ir_3_subset_85,xgb_shap_list_ir_3
5864,Pregnancies,0.29716483,0.15602282,151.55406,xgb_shap_list_ir_2_subset_93,xgb_shap_list_ir_2
5865,Glucose,1.2691987,0.8161327,647.2913,xgb_shap_list_ir_2_subset_93,xgb_shap_list_ir_2
5866,BloodPressure,0.5031709,0.38119707,256.61716,xgb_shap_list_ir_2_subset_93,xgb_shap_list_ir_2
5867,SkinThickness,0.4280636,0.26512885,218.31244,xgb_shap_list_ir_2_subset_93,xgb_shap_list_ir_2
5868,Insulin,0.16825235,0.1332232,85.8087,xgb_shap_list_ir_2_subset_93,xgb_shap_list_ir_2
5869,BMI,0.52491677,0.34967285,267.70755,xgb_shap_list_ir_2_subset_93,xgb_shap_list_ir_2
5870,DiabetesPedigreeFunction,0.57212824,0.32918665,291.7854,xgb_shap_list_ir_2_subset_93,xgb_shap_list_ir_2
5871,Age,1.240849,0.95966685,632.833,xgb_shap_list_ir_2_subset_93,xgb_shap_list_ir_2
5872,Pregnancies,0.33970255,0.24550085,173.2483,xgb_shap_list_ir_4_subset_64,xgb_shap_list_ir_4
5873,Glucose,1.408757,0.8892003,718.46606,xgb_shap_list_ir_4_subset_64,xgb_shap_list_ir_4
5874,BloodPressure,0.30112728,0.27672583,153.57492,xgb_shap_list_ir_4_subset_64,xgb_shap_list_ir_4
5875,SkinThickness,0.29348338,0.21312602,149.67653,xgb_shap_list_ir_4_subset_64,xgb_shap_list_ir_4
5876,Insulin,0.1855056,0.21275948,94.60786,xgb_shap_list_ir_4_subset_64,xgb_shap_list_ir_4
5877,BMI,0.8174761,0.6316685,416.9128,xgb_shap_list_ir_4_subset_64,xgb_shap_list_ir_4
5878,DiabetesPedigreeFunction,0.730255,0.5008107,372.43005,xgb_shap_list_ir_4_subset_64,xgb_shap_list_ir_4
5879,Age,0.79589266,0.68680143,405.90524,xgb_shap_list_ir_4_subset_64,xgb_shap_list_ir_4
5880,Pregnancies,0.3821283,0.1934325,194.88544,xgb_shap_list_ir_1_subset_105,xgb_shap_list_ir_1
5881,Glucose,1.1795247,0.60445195,601.55756,xgb_shap_list_ir_1_subset_105,xgb_shap_list_ir_1
5882,BloodPressure,0.309874,0.30614898,158.03574,xgb_shap_list_ir_1_subset_105,xgb_shap_list_ir_1
5883,SkinThickness,0.22699142,0.20786148,115.765625,xgb_shap_list_ir_1_subset_105,xgb_shap_list_ir_1
5884,Insulin,0.18177924,0.13880345,92.70741,xgb_shap_list_ir_1_subset_105,xgb_shap_list_ir_1
5885,BMI,0.8592611,0.43987077,438.22314,xgb_shap_list_ir_1_subset_105,xgb_shap_list_ir_1
5886,DiabetesPedigreeFunction,0.6230784,0.3186573,317.77,xgb_shap_list_ir_1_subset_105,xgb_shap_list_ir_1
5887,Age,0.6185924,0.3260543,315.48212,xgb_shap_list_ir_1_subset_105,xgb_shap_list_ir_1
5888,Pregnancies,0.4521828,0.28305617,230.61322,xgb_shap_list_ir_4_subset_41,xgb_shap_list_ir_4
5889,Glucose,1.5531973,0.84368646,792.1306,xgb_shap_list_ir_4_subset_41,xgb_shap_list_ir_4
5890,BloodPressure,0.22591902,0.1796484,115.218704,xgb_shap_list_ir_4_subset_41,xgb_shap_list_ir_4
5891,SkinThickness,0.35442922,0.2007719,180.7589,xgb_shap_list_ir_4_subset_41,xgb_shap_list_ir_4
5892,Insulin,0.3264105,0.29102427,166.46936,xgb_shap_list_ir_4_subset_41,xgb_shap_list_ir_4
5893,BMI,0.8754013,0.7496375,446.45468,xgb_shap_list_ir_4_subset_41,xgb_shap_list_ir_4
5894,DiabetesPedigreeFunction,0.5928417,0.4440772,302.34927,xgb_shap_list_ir_4_subset_41,xgb_shap_list_ir_4
5895,Age,0.56934494,0.40235448,290.3659,xgb_shap_list_ir_4_subset_41,xgb_shap_list_ir_4
5896,Pregnancies,0.50970644,0.28388417,259.9503,xgb_shap_list_ir_1_subset_26,xgb_shap_list_ir_1
5897,Glucose,0.7650346,0.4227324,390.16766,xgb_shap_list_ir_1_subset_26,xgb_shap_list_ir_1
5898,BloodPressure,0.17683122,0.20579027,90.18392,xgb_shap_list_ir_1_subset_26,xgb_shap_list_ir_1
5899,SkinThickness,0.5165973,0.34828645,263.4646,xgb_shap_list_ir_1_subset_26,xgb_shap_list_ir_1
5900,Insulin,0.13249275,0.119154036,67.571304,xgb_shap_list_ir_1_subset_26,xgb_shap_list_ir_1
5901,BMI,0.7023262,0.49188453,358.18634,xgb_shap_list_ir_1_subset_26,xgb_shap_list_ir_1
5902,DiabetesPedigreeFunction,0.8386399,0.17835124,427.70636,xgb_shap_list_ir_1_subset_26,xgb_shap_list_ir_1
5903,Age,0.8231565,0.34799787,419.8098,xgb_shap_list_ir_1_subset_26,xgb_shap_list_ir_1
5904,Pregnancies,0.3790376,0.27832082,193.30917,xgb_shap_list_ir_5_subset_24,xgb_shap_list_ir_5
5905,Glucose,1.4642514,0.96556693,746.7682,xgb_shap_list_ir_5_subset_24,xgb_shap_list_ir_5
5906,BloodPressure,0.21794547,0.22544661,111.15219,xgb_shap_list_ir_5_subset_24,xgb_shap_list_ir_5
5907,SkinThickness,0.36026976,0.258558,183.73758,xgb_shap_list_ir_5_subset_24,xgb_shap_list_ir_5
5908,Insulin,0.19973099,0.16085406,101.86281,xgb_shap_list_ir_5_subset_24,xgb_shap_list_ir_5
5909,BMI,0.634094,0.5237973,323.38794,xgb_shap_list_ir_5_subset_24,xgb_shap_list_ir_5
5910,DiabetesPedigreeFunction,0.64890414,0.48848262,330.9411,xgb_shap_list_ir_5_subset_24,xgb_shap_list_ir_5
5911,Age,0.63652664,0.414407,324.6286,xgb_shap_list_ir_5_subset_24,xgb_shap_list_ir_5
5912,Pregnancies,0.19889718,0.15877888,101.43756,xgb_shap_list_ir_2_subset_88,xgb_shap_list_ir_2
5913,Glucose,1.2165982,0.68387985,620.4651,xgb_shap_list_ir_2_subset_88,xgb_shap_list_ir_2
5914,BloodPressure,0.4673915,0.49258372,238.36966,xgb_shap_list_ir_2_subset_88,xgb_shap_list_ir_2
5915,SkinThickness,0.38644946,0.23965417,197.08922,xgb_shap_list_ir_2_subset_88,xgb_shap_list_ir_2
5916,Insulin,0.17417881,0.19732055,88.83119,xgb_shap_list_ir_2_subset_88,xgb_shap_list_ir_2
5917,BMI,0.9384226,0.6239014,478.59555,xgb_shap_list_ir_2_subset_88,xgb_shap_list_ir_2
5918,DiabetesPedigreeFunction,0.60559875,0.4205353,308.85535,xgb_shap_list_ir_2_subset_88,xgb_shap_list_ir_2
5919,Age,0.5729096,0.37173757,292.1839,xgb_shap_list_ir_2_subset_88,xgb_shap_list_ir_2
5920,Pregnancies,0.2068171,0.14477009,105.47672,xgb_shap_list_ir_4_subset_152,xgb_shap_list_ir_4
5921,Glucose,1.4415412,0.90518314,735.18604,xgb_shap_list_ir_4_subset_152,xgb_shap_list_ir_4
5922,BloodPressure,0.3358312,0.3155391,171.27391,xgb_shap_list_ir_4_subset_152,xgb_shap_list_ir_4
5923,SkinThickness,0.15726286,0.15907599,80.204056,xgb_shap_list_ir_4_subset_152,xgb_shap_list_ir_4
5924,Insulin,0.22241016,0.1737982,113.429184,xgb_shap_list_ir_4_subset_152,xgb_shap_list_ir_4
5925,BMI,1.1635373,0.89780146,593.404,xgb_shap_list_ir_4_subset_152,xgb_shap_list_ir_4
5926,DiabetesPedigreeFunction,0.54708964,0.39743552,279.01572,xgb_shap_list_ir_4_subset_152,xgb_shap_list_ir_4
5927,Age,0.676546,0.41253018,345.03845,xgb_shap_list_ir_4_subset_152,xgb_shap_list_ir_4
5928,Pregnancies,0.69406545,0.3359047,353.9734,xgb_shap_list_ir_2_subset_158,xgb_shap_list_ir_2
5929,Glucose,1.3052297,0.8292987,665.6671,xgb_shap_list_ir_2_subset_158,xgb_shap_list_ir_2
5930,BloodPressure,0.41763175,0.42746904,212.99219,xgb_shap_list_ir_2_subset_158,xgb_shap_list_ir_2
5931,SkinThickness,0.33610648,0.16194895,171.4143,xgb_shap_list_ir_2_subset_158,xgb_shap_list_ir_2
5932,Insulin,0.46498683,0.3543108,237.14328,xgb_shap_list_ir_2_subset_158,xgb_shap_list_ir_2
5933,BMI,0.43265274,0.29724362,220.6529,xgb_shap_list_ir_2_subset_158,xgb_shap_list_ir_2
5934,DiabetesPedigreeFunction,0.57345647,0.40144634,292.4628,xgb_shap_list_ir_2_subset_158,xgb_shap_list_ir_2
5935,Age,0.41635084,0.24078007,212.33893,xgb_shap_list_ir_2_subset_158,xgb_shap_list_ir_2
5936,Pregnancies,0.37119034,0.24297619,189.30707,xgb_shap_list_ir_2_subset_12,xgb_shap_list_ir_2
5937,Glucose,0.7251689,0.506437,369.83612,xgb_shap_list_ir_2_subset_12,xgb_shap_list_ir_2
5938,BloodPressure,0.29835287,0.20466171,152.15996,xgb_shap_list_ir_2_subset_12,xgb_shap_list_ir_2
5939,SkinThickness,0.36275995,0.24940188,185.00757,xgb_shap_list_ir_2_subset_12,xgb_shap_list_ir_2
5940,Insulin,0.58556604,0.2871722,298.63867,xgb_shap_list_ir_2_subset_12,xgb_shap_list_ir_2
5941,BMI,0.7051917,0.44063777,359.64777,xgb_shap_list_ir_2_subset_12,xgb_shap_list_ir_2
5942,DiabetesPedigreeFunction,0.5757608,0.48003554,293.638,xgb_shap_list_ir_2_subset_12,xgb_shap_list_ir_2
5943,Age,0.99411064,0.49701223,506.99643,xgb_shap_list_ir_2_subset_12,xgb_shap_list_ir_2
5944,Pregnancies,0.31194717,0.22953609,159.09305,xgb_shap_list_ir_5_subset_122,xgb_shap_list_ir_5
5945,Glucose,1.5329801,0.9816927,781.8198,xgb_shap_list_ir_5_subset_122,xgb_shap_list_ir_5
5946,BloodPressure,0.3300658,0.24055193,168.33356,xgb_shap_list_ir_5_subset_122,xgb_shap_list_ir_5
5947,SkinThickness,0.18365021,0.12646163,93.661606,xgb_shap_list_ir_5_subset_122,xgb_shap_list_ir_5
5948,Insulin,0.2689637,0.18836218,137.17148,xgb_shap_list_ir_5_subset_122,xgb_shap_list_ir_5
5949,BMI,0.8275345,0.80504054,422.0426,xgb_shap_list_ir_5_subset_122,xgb_shap_list_ir_5
5950,DiabetesPedigreeFunction,0.55217856,0.3983566,281.61105,xgb_shap_list_ir_5_subset_122,xgb_shap_list_ir_5
5951,Age,0.9013975,0.6548062,459.71274,xgb_shap_list_ir_5_subset_122,xgb_shap_list_ir_5
5952,Pregnancies,0.17007156,0.16864763,86.736496,xgb_shap_list_ir_3_subset_52,xgb_shap_list_ir_3
5953,Glucose,1.2753849,0.82583284,650.4463,xgb_shap_list_ir_3_subset_52,xgb_shap_list_ir_3
5954,BloodPressure,0.26756212,0.23069914,136.45668,xgb_shap_list_ir_3_subset_52,xgb_shap_list_ir_3
5955,SkinThickness,0.24430028,0.18322478,124.59314,xgb_shap_list_ir_3_subset_52,xgb_shap_list_ir_3
5956,Insulin,0.25492638,0.18304542,130.01245,xgb_shap_list_ir_3_subset_52,xgb_shap_list_ir_3
5957,BMI,0.9651894,0.9556337,492.24658,xgb_shap_list_ir_3_subset_52,xgb_shap_list_ir_3
5958,DiabetesPedigreeFunction,0.56266344,0.39611128,286.95834,xgb_shap_list_ir_3_subset_52,xgb_shap_list_ir_3
5959,Age,0.80359733,0.48171514,409.83463,xgb_shap_list_ir_3_subset_52,xgb_shap_list_ir_3
5960,Pregnancies,0.47351637,0.35143906,241.49335,xgb_shap_list_ir_5_subset_70,xgb_shap_list_ir_5
5961,Glucose,1.5422127,0.90236825,786.5285,xgb_shap_list_ir_5_subset_70,xgb_shap_list_ir_5
5962,BloodPressure,0.36376038,0.27402464,185.51779,xgb_shap_list_ir_5_subset_70,xgb_shap_list_ir_5
5963,SkinThickness,0.22170433,0.16959207,113.069214,xgb_shap_list_ir_5_subset_70,xgb_shap_list_ir_5
5964,Insulin,0.33333364,0.2958056,170.00015,xgb_shap_list_ir_5_subset_70,xgb_shap_list_ir_5
5965,BMI,0.79579794,0.68716323,405.85696,xgb_shap_list_ir_5_subset_70,xgb_shap_list_ir_5
5966,DiabetesPedigreeFunction,0.5279803,0.380471,269.26996,xgb_shap_list_ir_5_subset_70,xgb_shap_list_ir_5
5967,Age,0.57124776,0.39130276,291.33636,xgb_shap_list_ir_5_subset_70,xgb_shap_list_ir_5
5968,Pregnancies,0.5519159,0.2846616,281.4771,xgb_shap_list_ir_1_subset_121,xgb_shap_list_ir_1
5969,Glucose,0.94954044,0.46655297,484.26562,xgb_shap_list_ir_1_subset_121,xgb_shap_list_ir_1
5970,BloodPressure,0.40062213,0.27884194,204.31729,xgb_shap_list_ir_1_subset_121,xgb_shap_list_ir_1
5971,SkinThickness,0.8775562,0.44411412,447.55365,xgb_shap_list_ir_1_subset_121,xgb_shap_list_ir_1
5972,Insulin,0.27792996,0.08072227,141.74428,xgb_shap_list_ir_1_subset_121,xgb_shap_list_ir_1
5973,BMI,0.29632324,0.25669262,151.12485,xgb_shap_list_ir_1_subset_121,xgb_shap_list_ir_1
5974,DiabetesPedigreeFunction,0.40863377,0.24637713,208.40323,xgb_shap_list_ir_1_subset_121,xgb_shap_list_ir_1
5975,Age,0.4846347,0.23607725,247.1637,xgb_shap_list_ir_1_subset_121,xgb_shap_list_ir_1
5976,Pregnancies,0.48513156,0.38736102,247.4171,xgb_shap_list_ir_4_subset_47,xgb_shap_list_ir_4
5977,Glucose,1.1509962,0.77529603,587.00806,xgb_shap_list_ir_4_subset_47,xgb_shap_list_ir_4
5978,BloodPressure,0.3078077,0.21095824,156.98193,xgb_shap_list_ir_4_subset_47,xgb_shap_list_ir_4
5979,SkinThickness,0.34886947,0.21986175,177.92343,xgb_shap_list_ir_4_subset_47,xgb_shap_list_ir_4
5980,Insulin,0.33335674,0.28344068,170.01193,xgb_shap_list_ir_4_subset_47,xgb_shap_list_ir_4
5981,BMI,1.0406605,1.0086834,530.7369,xgb_shap_list_ir_4_subset_47,xgb_shap_list_ir_4
5982,DiabetesPedigreeFunction,0.7124234,0.46222723,363.33594,xgb_shap_list_ir_4_subset_47,xgb_shap_list_ir_4
5983,Age,0.39541498,0.27503905,201.66164,xgb_shap_list_ir_4_subset_47,xgb_shap_list_ir_4
5984,Pregnancies,0.40287095,0.27311036,205.46419,xgb_shap_list_ir_5_subset_108,xgb_shap_list_ir_5
5985,Glucose,1.5127792,0.8677786,771.5174,xgb_shap_list_ir_5_subset_108,xgb_shap_list_ir_5
5986,BloodPressure,0.19867031,0.1752568,101.32186,xgb_shap_list_ir_5_subset_108,xgb_shap_list_ir_5
5987,SkinThickness,0.15854128,0.15236902,80.85605,xgb_shap_list_ir_5_subset_108,xgb_shap_list_ir_5
5988,Insulin,0.3248032,0.25983518,165.64963,xgb_shap_list_ir_5_subset_108,xgb_shap_list_ir_5
5989,BMI,1.1242417,1.0879867,573.3633,xgb_shap_list_ir_5_subset_108,xgb_shap_list_ir_5
5990,DiabetesPedigreeFunction,0.6097935,0.4944638,310.9947,xgb_shap_list_ir_5_subset_108,xgb_shap_list_ir_5
5991,Age,0.79211307,0.4819256,403.97766,xgb_shap_list_ir_5_subset_108,xgb_shap_list_ir_5
5992,Pregnancies,0.34583125,0.23151332,176.37393,xgb_shap_list_ir_3_subset_111,xgb_shap_list_ir_3
5993,Glucose,1.6983408,0.86741173,866.1538,xgb_shap_list_ir_3_subset_111,xgb_shap_list_ir_3
5994,BloodPressure,0.37225616,0.3145524,189.85065,xgb_shap_list_ir_3_subset_111,xgb_shap_list_ir_3
5995,SkinThickness,0.37648538,0.23850295,192.00754,xgb_shap_list_ir_3_subset_111,xgb_shap_list_ir_3
5996,Insulin,0.16236629,0.15721859,82.80681,xgb_shap_list_ir_3_subset_111,xgb_shap_list_ir_3
5997,BMI,0.6101055,0.44471958,311.1538,xgb_shap_list_ir_3_subset_111,xgb_shap_list_ir_3
5998,DiabetesPedigreeFunction,0.72871214,0.5903109,371.6432,xgb_shap_list_ir_3_subset_111,xgb_shap_list_ir_3
5999,Age,0.6812642,0.430895,347.44476,xgb_shap_list_ir_3_subset_111,xgb_shap_list_ir_3
6000,Pregnancies,0.579893,0.30874774,295.74542,xgb_shap_list_ir_3_subset_109,xgb_shap_list_ir_3
6001,Glucose,1.3902806,0.91918194,709.0431,xgb_shap_list_ir_3_subset_109,xgb_shap_list_ir_3
6002,BloodPressure,0.2427305,0.23675627,123.79256,xgb_shap_list_ir_3_subset_109,xgb_shap_list_ir_3
6003,SkinThickness,0.40759397,0.26480326,207.87292,xgb_shap_list_ir_3_subset_109,xgb_shap_list_ir_3
6004,Insulin,0.21758665,0.15506625,110.96919,xgb_shap_list_ir_3_subset_109,xgb_shap_list_ir_3
6005,BMI,1.2384063,1.02942,631.5872,xgb_shap_list_ir_3_subset_109,xgb_shap_list_ir_3
6006,DiabetesPedigreeFunction,0.41460472,0.31671,211.44841,xgb_shap_list_ir_3_subset_109,xgb_shap_list_ir_3
6007,Age,0.5124611,0.388647,261.35516,xgb_shap_list_ir_3_subset_109,xgb_shap_list_ir_3
6008,Pregnancies,0.8617542,0.6059926,439.49463,xgb_shap_list_ir_1_subset_145,xgb_shap_list_ir_1
6009,Glucose,0.41479123,0.27734008,211.54352,xgb_shap_list_ir_1_subset_145,xgb_shap_list_ir_1
6010,BloodPressure,0.48937893,0.23268186,249.58325,xgb_shap_list_ir_1_subset_145,xgb_shap_list_ir_1
6011,SkinThickness,0.5131886,0.3316166,261.7262,xgb_shap_list_ir_1_subset_145,xgb_shap_list_ir_1
6012,Insulin,0.63648087,0.30333376,324.60526,xgb_shap_list_ir_1_subset_145,xgb_shap_list_ir_1
6013,BMI,0.54687804,0.28364334,278.9078,xgb_shap_list_ir_1_subset_145,xgb_shap_list_ir_1
6014,DiabetesPedigreeFunction,0.5182809,0.2061904,264.32327,xgb_shap_list_ir_1_subset_145,xgb_shap_list_ir_1
6015,Age,0.37195614,0.23046105,189.69763,xgb_shap_list_ir_1_subset_145,xgb_shap_list_ir_1
6016,Pregnancies,0.3545771,0.20898946,180.83432,xgb_shap_list_ir_2_subset_56,xgb_shap_list_ir_2
6017,Glucose,0.8033348,0.5077505,409.70074,xgb_shap_list_ir_2_subset_56,xgb_shap_list_ir_2
6018,BloodPressure,0.56217915,0.31686306,286.71136,xgb_shap_list_ir_2_subset_56,xgb_shap_list_ir_2
6019,SkinThickness,0.3776703,0.21878116,192.61185,xgb_shap_list_ir_2_subset_56,xgb_shap_list_ir_2
6020,Insulin,0.26169196,0.19808099,133.4629,xgb_shap_list_ir_2_subset_56,xgb_shap_list_ir_2
6021,BMI,1.156165,0.79181653,589.64417,xgb_shap_list_ir_2_subset_56,xgb_shap_list_ir_2
6022,DiabetesPedigreeFunction,0.54440314,0.38725045,277.6456,xgb_shap_list_ir_2_subset_56,xgb_shap_list_ir_2
6023,Age,0.69840896,0.4148219,356.18857,xgb_shap_list_ir_2_subset_56,xgb_shap_list_ir_2
6024,Pregnancies,0.63043,0.38105473,321.5193,xgb_shap_list_ir_5_subset_137,xgb_shap_list_ir_5
6025,Glucose,1.497219,1.0006115,763.58167,xgb_shap_list_ir_5_subset_137,xgb_shap_list_ir_5
6026,BloodPressure,0.30583227,0.20818149,155.97446,xgb_shap_list_ir_5_subset_137,xgb_shap_list_ir_5
6027,SkinThickness,0.2912873,0.23016338,148.55652,xgb_shap_list_ir_5_subset_137,xgb_shap_list_ir_5
6028,Insulin,0.3307361,0.3177939,168.67542,xgb_shap_list_ir_5_subset_137,xgb_shap_list_ir_5
6029,BMI,0.89027977,0.82046884,454.0427,xgb_shap_list_ir_5_subset_137,xgb_shap_list_ir_5
6030,DiabetesPedigreeFunction,0.7382543,0.5114818,376.5097,xgb_shap_list_ir_5_subset_137,xgb_shap_list_ir_5
6031,Age,0.524071,0.44650772,267.27618,xgb_shap_list_ir_5_subset_137,xgb_shap_list_ir_5
6032,Pregnancies,0.8003072,0.37835348,408.15668,xgb_shap_list_ir_1_subset_84,xgb_shap_list_ir_1
6033,Glucose,0.8307057,0.6341304,423.6599,xgb_shap_list_ir_1_subset_84,xgb_shap_list_ir_1
6034,BloodPressure,0.21024103,0.14909549,107.22293,xgb_shap_list_ir_1_subset_84,xgb_shap_list_ir_1
6035,SkinThickness,0.33678523,0.1348133,171.76047,xgb_shap_list_ir_1_subset_84,xgb_shap_list_ir_1
6036,Insulin,0.23102158,0.15269072,117.82101,xgb_shap_list_ir_1_subset_84,xgb_shap_list_ir_1
6037,BMI,0.74233,0.47691867,378.58832,xgb_shap_list_ir_1_subset_84,xgb_shap_list_ir_1
6038,DiabetesPedigreeFunction,0.5355909,0.35953394,273.15137,xgb_shap_list_ir_1_subset_84,xgb_shap_list_ir_1
6039,Age,0.5954515,0.35759184,303.68024,xgb_shap_list_ir_1_subset_84,xgb_shap_list_ir_1
6040,Pregnancies,0.2930966,0.21893027,149.47926,xgb_shap_list_ir_5_subset_123,xgb_shap_list_ir_5
6041,Glucose,1.6353539,0.99425316,834.0305,xgb_shap_list_ir_5_subset_123,xgb_shap_list_ir_5
6042,BloodPressure,0.3199686,0.2710113,163.18399,xgb_shap_list_ir_5_subset_123,xgb_shap_list_ir_5
6043,SkinThickness,0.21003106,0.12974839,107.115845,xgb_shap_list_ir_5_subset_123,xgb_shap_list_ir_5
6044,Insulin,0.15605283,0.14954273,79.586945,xgb_shap_list_ir_5_subset_123,xgb_shap_list_ir_5
6045,BMI,0.7916674,0.5778481,403.75037,xgb_shap_list_ir_5_subset_123,xgb_shap_list_ir_5
6046,DiabetesPedigreeFunction,0.59435767,0.38994813,303.1224,xgb_shap_list_ir_5_subset_123,xgb_shap_list_ir_5
6047,Age,0.7785153,0.5071692,397.0428,xgb_shap_list_ir_5_subset_123,xgb_shap_list_ir_5
6048,Pregnancies,1.0607209,0.3369119,540.96765,xgb_shap_list_ir_1_subset_122,xgb_shap_list_ir_1
6049,Glucose,0.6374768,0.35718638,325.11316,xgb_shap_list_ir_1_subset_122,xgb_shap_list_ir_1
6050,BloodPressure,0.66250694,0.5071332,337.87854,xgb_shap_list_ir_1_subset_122,xgb_shap_list_ir_1
6051,SkinThickness,0.14288387,0.089531176,72.87077,xgb_shap_list_ir_1_subset_122,xgb_shap_list_ir_1
6052,Insulin,0.15663904,0.09216125,79.88591,xgb_shap_list_ir_1_subset_122,xgb_shap_list_ir_1
6053,BMI,0.6538658,0.20601098,333.47156,xgb_shap_list_ir_1_subset_122,xgb_shap_list_ir_1
6054,DiabetesPedigreeFunction,0.50988877,0.27413633,260.04327,xgb_shap_list_ir_1_subset_122,xgb_shap_list_ir_1
6055,Age,0.32118446,0.21108967,163.80408,xgb_shap_list_ir_1_subset_122,xgb_shap_list_ir_1
6056,Pregnancies,0.32557386,0.21192753,166.04266,xgb_shap_list_ir_5_subset_27,xgb_shap_list_ir_5
6057,Glucose,1.6217811,0.92295545,827.10834,xgb_shap_list_ir_5_subset_27,xgb_shap_list_ir_5
6058,BloodPressure,0.42921838,0.34733054,218.90137,xgb_shap_list_ir_5_subset_27,xgb_shap_list_ir_5
6059,SkinThickness,0.23711766,0.19370657,120.93001,xgb_shap_list_ir_5_subset_27,xgb_shap_list_ir_5
6060,Insulin,0.340034,0.32000193,173.41734,xgb_shap_list_ir_5_subset_27,xgb_shap_list_ir_5
6061,BMI,0.880314,0.70279205,448.96014,xgb_shap_list_ir_5_subset_27,xgb_shap_list_ir_5
6062,DiabetesPedigreeFunction,0.6944663,0.50640357,354.1778,xgb_shap_list_ir_5_subset_27,xgb_shap_list_ir_5
6063,Age,0.6395891,0.43369442,326.19043,xgb_shap_list_ir_5_subset_27,xgb_shap_list_ir_5
6064,Pregnancies,0.3650626,0.27614805,186.18193,xgb_shap_list_ir_4_subset_108,xgb_shap_list_ir_4
6065,Glucose,1.1574712,0.70919865,590.3103,xgb_shap_list_ir_4_subset_108,xgb_shap_list_ir_4
6066,BloodPressure,0.29309997,0.28264287,149.48099,xgb_shap_list_ir_4_subset_108,xgb_shap_list_ir_4
6067,SkinThickness,0.23873854,0.16287981,121.75665,xgb_shap_list_ir_4_subset_108,xgb_shap_list_ir_4
6068,Insulin,0.27188787,0.19169272,138.66281,xgb_shap_list_ir_4_subset_108,xgb_shap_list_ir_4
6069,BMI,1.0284551,0.87753624,524.51215,xgb_shap_list_ir_4_subset_108,xgb_shap_list_ir_4
6070,DiabetesPedigreeFunction,0.41675362,0.33276168,212.54434,xgb_shap_list_ir_4_subset_108,xgb_shap_list_ir_4
6071,Age,0.9927152,0.77391917,506.28473,xgb_shap_list_ir_4_subset_108,xgb_shap_list_ir_4
6072,Pregnancies,0.14884357,0.092657514,75.910225,xgb_shap_list_ir_3_subset_134,xgb_shap_list_ir_3
6073,Glucose,1.0673493,0.6775613,544.34814,xgb_shap_list_ir_3_subset_134,xgb_shap_list_ir_3
6074,BloodPressure,0.3064362,0.275441,156.28247,xgb_shap_list_ir_3_subset_134,xgb_shap_list_ir_3
6075,SkinThickness,0.17090857,0.13452338,87.16337,xgb_shap_list_ir_3_subset_134,xgb_shap_list_ir_3
6076,Insulin,0.48056358,0.35886467,245.08743,xgb_shap_list_ir_3_subset_134,xgb_shap_list_ir_3
6077,BMI,1.4227859,1.2562468,725.6208,xgb_shap_list_ir_3_subset_134,xgb_shap_list_ir_3
6078,DiabetesPedigreeFunction,0.7632778,0.47494888,389.2717,xgb_shap_list_ir_3_subset_134,xgb_shap_list_ir_3
6079,Age,0.54717976,0.36392453,279.06168,xgb_shap_list_ir_3_subset_134,xgb_shap_list_ir_3
6080,Pregnancies,0.36153612,0.23463151,184.38342,xgb_shap_list_ir_3_subset_56,xgb_shap_list_ir_3
6081,Glucose,1.2343818,0.73548806,629.5347,xgb_shap_list_ir_3_subset_56,xgb_shap_list_ir_3
6082,BloodPressure,0.38532883,0.35413918,196.5177,xgb_shap_list_ir_3_subset_56,xgb_shap_list_ir_3
6083,SkinThickness,0.24887319,0.15700038,126.92532,xgb_shap_list_ir_3_subset_56,xgb_shap_list_ir_3
6084,Insulin,0.359777,0.25217062,183.48627,xgb_shap_list_ir_3_subset_56,xgb_shap_list_ir_3
6085,BMI,1.0600022,0.5735062,540.60114,xgb_shap_list_ir_3_subset_56,xgb_shap_list_ir_3
6086,DiabetesPedigreeFunction,0.52315474,0.39131278,266.80893,xgb_shap_list_ir_3_subset_56,xgb_shap_list_ir_3
6087,Age,0.82721317,0.45598093,421.87872,xgb_shap_list_ir_3_subset_56,xgb_shap_list_ir_3
6088,Pregnancies,0.55075735,0.3804395,280.88626,xgb_shap_list_ir_5_subset_44,xgb_shap_list_ir_5
6089,Glucose,1.5813302,0.87531626,806.4784,xgb_shap_list_ir_5_subset_44,xgb_shap_list_ir_5
6090,BloodPressure,0.29645327,0.24878377,151.19116,xgb_shap_list_ir_5_subset_44,xgb_shap_list_ir_5
6091,SkinThickness,0.20471835,0.14206043,104.40636,xgb_shap_list_ir_5_subset_44,xgb_shap_list_ir_5
6092,Insulin,0.318029,0.27787817,162.19478,xgb_shap_list_ir_5_subset_44,xgb_shap_list_ir_5
6093,BMI,0.7286044,0.60896516,371.58823,xgb_shap_list_ir_5_subset_44,xgb_shap_list_ir_5
6094,DiabetesPedigreeFunction,0.6705594,0.48657396,341.9853,xgb_shap_list_ir_5_subset_44,xgb_shap_list_ir_5
6095,Age,0.41726995,0.31473425,212.80768,xgb_shap_list_ir_5_subset_44,xgb_shap_list_ir_5
6096,Pregnancies,0.62529725,0.353244,318.9016,xgb_shap_list_ir_3_subset_54,xgb_shap_list_ir_3
6097,Glucose,1.3974023,0.8973773,712.6752,xgb_shap_list_ir_3_subset_54,xgb_shap_list_ir_3
6098,BloodPressure,0.35215545,0.30897346,179.59927,xgb_shap_list_ir_3_subset_54,xgb_shap_list_ir_3
6099,SkinThickness,0.19036913,0.12020243,97.08826,xgb_shap_list_ir_3_subset_54,xgb_shap_list_ir_3
6100,Insulin,0.30699468,0.25639677,156.56729,xgb_shap_list_ir_3_subset_54,xgb_shap_list_ir_3
6101,BMI,0.917838,0.726482,468.09738,xgb_shap_list_ir_3_subset_54,xgb_shap_list_ir_3
6102,DiabetesPedigreeFunction,0.5340816,0.38747442,272.3816,xgb_shap_list_ir_3_subset_54,xgb_shap_list_ir_3
6103,Age,0.36516538,0.26172596,186.23434,xgb_shap_list_ir_3_subset_54,xgb_shap_list_ir_3
6104,Pregnancies,0.6688913,0.45472166,341.13458,xgb_shap_list_ir_4_subset_39,xgb_shap_list_ir_4
6105,Glucose,1.5191809,0.876751,774.7822,xgb_shap_list_ir_4_subset_39,xgb_shap_list_ir_4
6106,BloodPressure,0.4278273,0.3138565,218.19193,xgb_shap_list_ir_4_subset_39,xgb_shap_list_ir_4
6107,SkinThickness,0.23311155,0.20124386,118.88689,xgb_shap_list_ir_4_subset_39,xgb_shap_list_ir_4
6108,Insulin,0.50215405,0.4715338,256.09857,xgb_shap_list_ir_4_subset_39,xgb_shap_list_ir_4
6109,BMI,0.9190488,0.61030734,468.71487,xgb_shap_list_ir_4_subset_39,xgb_shap_list_ir_4
6110,DiabetesPedigreeFunction,0.6048193,0.43558523,308.45786,xgb_shap_list_ir_4_subset_39,xgb_shap_list_ir_4
6111,Age,0.41857216,0.26146567,213.4718,xgb_shap_list_ir_4_subset_39,xgb_shap_list_ir_4
6112,Pregnancies,0.24891475,0.19437367,126.94652,xgb_shap_list_ir_4_subset_57,xgb_shap_list_ir_4
6113,Glucose,1.3338518,1.0095522,680.2644,xgb_shap_list_ir_4_subset_57,xgb_shap_list_ir_4
6114,BloodPressure,0.36866143,0.37391725,188.01733,xgb_shap_list_ir_4_subset_57,xgb_shap_list_ir_4
6115,SkinThickness,0.24508955,0.16432148,124.99567,xgb_shap_list_ir_4_subset_57,xgb_shap_list_ir_4
6116,Insulin,0.18380676,0.15105267,93.74145,xgb_shap_list_ir_4_subset_57,xgb_shap_list_ir_4
6117,BMI,0.95324814,0.71356183,486.15656,xgb_shap_list_ir_4_subset_57,xgb_shap_list_ir_4
6118,DiabetesPedigreeFunction,0.69557244,0.6139057,354.74194,xgb_shap_list_ir_4_subset_57,xgb_shap_list_ir_4
6119,Age,0.43621612,0.30670926,222.47021,xgb_shap_list_ir_4_subset_57,xgb_shap_list_ir_4
6120,Pregnancies,0.37353846,0.22936326,190.50462,xgb_shap_list_ir_3_subset_155,xgb_shap_list_ir_3
6121,Glucose,1.2912749,0.7981461,658.55023,xgb_shap_list_ir_3_subset_155,xgb_shap_list_ir_3
6122,BloodPressure,0.5239698,0.35048795,267.2246,xgb_shap_list_ir_3_subset_155,xgb_shap_list_ir_3
6123,SkinThickness,0.35346723,0.36209807,180.26828,xgb_shap_list_ir_3_subset_155,xgb_shap_list_ir_3
6124,Insulin,0.17938747,0.15134361,91.48761,xgb_shap_list_ir_3_subset_155,xgb_shap_list_ir_3
6125,BMI,0.60712266,0.5017667,309.63257,xgb_shap_list_ir_3_subset_155,xgb_shap_list_ir_3
6126,DiabetesPedigreeFunction,0.40040627,0.28501755,204.2072,xgb_shap_list_ir_3_subset_155,xgb_shap_list_ir_3
6127,Age,1.2219607,1.1662176,623.19995,xgb_shap_list_ir_3_subset_155,xgb_shap_list_ir_3
6128,Pregnancies,0.81026274,0.308689,413.234,xgb_shap_list_ir_1_subset_146,xgb_shap_list_ir_1
6129,Glucose,1.0798124,0.5125443,550.70435,xgb_shap_list_ir_1_subset_146,xgb_shap_list_ir_1
6130,BloodPressure,0.27567586,0.16265465,140.5947,xgb_shap_list_ir_1_subset_146,xgb_shap_list_ir_1
6131,SkinThickness,0.3093014,0.121909946,157.74371,xgb_shap_list_ir_1_subset_146,xgb_shap_list_ir_1
6132,Insulin,0.17622966,0.13546105,89.87712,xgb_shap_list_ir_1_subset_146,xgb_shap_list_ir_1
6133,BMI,0.50727135,0.39760354,258.70837,xgb_shap_list_ir_1_subset_146,xgb_shap_list_ir_1
6134,DiabetesPedigreeFunction,0.8994484,0.5318252,458.7187,xgb_shap_list_ir_1_subset_146,xgb_shap_list_ir_1
6135,Age,0.4011034,0.18307745,204.56274,xgb_shap_list_ir_1_subset_146,xgb_shap_list_ir_1
6136,Pregnancies,0.81107694,0.39386988,413.64923,xgb_shap_list_ir_1_subset_56,xgb_shap_list_ir_1
6137,Glucose,1.4512315,0.6558651,740.12805,xgb_shap_list_ir_1_subset_56,xgb_shap_list_ir_1
6138,BloodPressure,0.31832644,0.21084167,162.34648,xgb_shap_list_ir_1_subset_56,xgb_shap_list_ir_1
6139,SkinThickness,0.3378844,0.21636504,172.32104,xgb_shap_list_ir_1_subset_56,xgb_shap_list_ir_1
6140,Insulin,0.4734878,0.28229228,241.47878,xgb_shap_list_ir_1_subset_56,xgb_shap_list_ir_1
6141,BMI,0.73780864,0.33962476,376.2824,xgb_shap_list_ir_1_subset_56,xgb_shap_list_ir_1
6142,DiabetesPedigreeFunction,0.1458867,0.12663126,74.40222,xgb_shap_list_ir_1_subset_56,xgb_shap_list_ir_1
6143,Age,0.517412,0.3253799,263.88013,xgb_shap_list_ir_1_subset_56,xgb_shap_list_ir_1
6144,Pregnancies,0.5685499,0.3355588,289.96045,xgb_shap_list_ir_3_subset_25,xgb_shap_list_ir_3
6145,Glucose,1.4956169,0.8174359,762.76465,xgb_shap_list_ir_3_subset_25,xgb_shap_list_ir_3
6146,BloodPressure,0.42672652,0.23119389,217.63052,xgb_shap_list_ir_3_subset_25,xgb_shap_list_ir_3
6147,SkinThickness,0.23549892,0.14461139,120.10445,xgb_shap_list_ir_3_subset_25,xgb_shap_list_ir_3
6148,Insulin,0.6613011,0.39700198,337.26355,xgb_shap_list_ir_3_subset_25,xgb_shap_list_ir_3
6149,BMI,0.93807167,0.69037664,478.41656,xgb_shap_list_ir_3_subset_25,xgb_shap_list_ir_3
6150,DiabetesPedigreeFunction,0.576602,0.3722349,294.06702,xgb_shap_list_ir_3_subset_25,xgb_shap_list_ir_3
6151,Age,0.5622744,0.36467582,286.75995,xgb_shap_list_ir_3_subset_25,xgb_shap_list_ir_3
6152,Pregnancies,0.22783993,0.2008113,116.198364,xgb_shap_list_ir_4_subset_121,xgb_shap_list_ir_4
6153,Glucose,1.3628814,0.83376104,695.0695,xgb_shap_list_ir_4_subset_121,xgb_shap_list_ir_4
6154,BloodPressure,0.33939856,0.25334117,173.09326,xgb_shap_list_ir_4_subset_121,xgb_shap_list_ir_4
6155,SkinThickness,0.22621965,0.15293556,115.372025,xgb_shap_list_ir_4_subset_121,xgb_shap_list_ir_4
6156,Insulin,0.20838349,0.1807618,106.27558,xgb_shap_list_ir_4_subset_121,xgb_shap_list_ir_4
6157,BMI,0.9131867,0.6411838,465.72522,xgb_shap_list_ir_4_subset_121,xgb_shap_list_ir_4
6158,DiabetesPedigreeFunction,0.7453451,0.6618089,380.126,xgb_shap_list_ir_4_subset_121,xgb_shap_list_ir_4
6159,Age,0.7085462,0.43016198,361.35858,xgb_shap_list_ir_4_subset_121,xgb_shap_list_ir_4
6160,Pregnancies,0.5238112,0.3743366,267.14374,xgb_shap_list_ir_5_subset_71,xgb_shap_list_ir_5
6161,Glucose,1.4653487,1.0009959,747.3278,xgb_shap_list_ir_5_subset_71,xgb_shap_list_ir_5
6162,BloodPressure,0.2618856,0.24028568,133.56166,xgb_shap_list_ir_5_subset_71,xgb_shap_list_ir_5
6163,SkinThickness,0.25865564,0.20457016,131.91437,xgb_shap_list_ir_5_subset_71,xgb_shap_list_ir_5
6164,Insulin,0.375934,0.37900525,191.72635,xgb_shap_list_ir_5_subset_71,xgb_shap_list_ir_5
6165,BMI,0.7123537,0.5910032,363.30038,xgb_shap_list_ir_5_subset_71,xgb_shap_list_ir_5
6166,DiabetesPedigreeFunction,0.67404056,0.4600834,343.76068,xgb_shap_list_ir_5_subset_71,xgb_shap_list_ir_5
6167,Age,0.71458775,0.4831832,364.43976,xgb_shap_list_ir_5_subset_71,xgb_shap_list_ir_5
6168,Pregnancies,0.52286243,0.2594441,266.65985,xgb_shap_list_ir_1_subset_86,xgb_shap_list_ir_1
6169,Glucose,1.2530882,0.34867337,639.075,xgb_shap_list_ir_1_subset_86,xgb_shap_list_ir_1
6170,BloodPressure,0.32205254,0.23787613,164.2468,xgb_shap_list_ir_1_subset_86,xgb_shap_list_ir_1
6171,SkinThickness,0.532655,0.25848833,271.65405,xgb_shap_list_ir_1_subset_86,xgb_shap_list_ir_1
6172,Insulin,0.5599668,0.18615374,285.58307,xgb_shap_list_ir_1_subset_86,xgb_shap_list_ir_1
6173,BMI,0.71662563,0.40211323,365.47906,xgb_shap_list_ir_1_subset_86,xgb_shap_list_ir_1
6174,DiabetesPedigreeFunction,0.22262684,0.14648758,113.53969,xgb_shap_list_ir_1_subset_86,xgb_shap_list_ir_1
6175,Age,0.47881117,0.14274491,244.1937,xgb_shap_list_ir_1_subset_86,xgb_shap_list_ir_1
6176,Pregnancies,0.5271774,0.39900562,268.86047,xgb_shap_list_ir_2_subset_133,xgb_shap_list_ir_2
6177,Glucose,1.4234985,0.7485823,725.98425,xgb_shap_list_ir_2_subset_133,xgb_shap_list_ir_2
6178,BloodPressure,0.35859388,0.2792439,182.88287,xgb_shap_list_ir_2_subset_133,xgb_shap_list_ir_2
6179,SkinThickness,0.49405307,0.31381032,251.96706,xgb_shap_list_ir_2_subset_133,xgb_shap_list_ir_2
6180,Insulin,0.06321051,0.079195134,32.23736,xgb_shap_list_ir_2_subset_133,xgb_shap_list_ir_2
6181,BMI,0.9575174,0.47347438,488.33386,xgb_shap_list_ir_2_subset_133,xgb_shap_list_ir_2
6182,DiabetesPedigreeFunction,0.4897518,0.32298705,249.7734,xgb_shap_list_ir_2_subset_133,xgb_shap_list_ir_2
6183,Age,0.476328,0.2654933,242.92728,xgb_shap_list_ir_2_subset_133,xgb_shap_list_ir_2
6184,Pregnancies,0.4729868,0.21950762,241.22327,xgb_shap_list_ir_3_subset_138,xgb_shap_list_ir_3
6185,Glucose,1.5240374,0.8941935,777.25903,xgb_shap_list_ir_3_subset_138,xgb_shap_list_ir_3
6186,BloodPressure,0.21619071,0.18305688,110.25726,xgb_shap_list_ir_3_subset_138,xgb_shap_list_ir_3
6187,SkinThickness,0.31645724,0.18177347,161.39319,xgb_shap_list_ir_3_subset_138,xgb_shap_list_ir_3
6188,Insulin,0.30290785,0.25438774,154.483,xgb_shap_list_ir_3_subset_138,xgb_shap_list_ir_3
6189,BMI,0.783922,0.5812477,399.80023,xgb_shap_list_ir_3_subset_138,xgb_shap_list_ir_3
6190,DiabetesPedigreeFunction,0.7163011,0.47110942,365.31354,xgb_shap_list_ir_3_subset_138,xgb_shap_list_ir_3
6191,Age,0.35344514,0.3157446,180.25702,xgb_shap_list_ir_3_subset_138,xgb_shap_list_ir_3
6192,Pregnancies,0.5891295,0.3293999,300.45605,xgb_shap_list_ir_3_subset_150,xgb_shap_list_ir_3
6193,Glucose,1.4668354,0.8369746,748.08606,xgb_shap_list_ir_3_subset_150,xgb_shap_list_ir_3
6194,BloodPressure,0.39690828,0.29309514,202.42322,xgb_shap_list_ir_3_subset_150,xgb_shap_list_ir_3
6195,SkinThickness,0.26074865,0.16802087,132.98181,xgb_shap_list_ir_3_subset_150,xgb_shap_list_ir_3
6196,Insulin,0.18529959,0.15522216,94.50279,xgb_shap_list_ir_3_subset_150,xgb_shap_list_ir_3
6197,BMI,0.7700612,0.61096936,392.7312,xgb_shap_list_ir_3_subset_150,xgb_shap_list_ir_3
6198,DiabetesPedigreeFunction,0.6747226,0.36701947,344.10852,xgb_shap_list_ir_3_subset_150,xgb_shap_list_ir_3
6199,Age,0.4698165,0.29357395,239.60641,xgb_shap_list_ir_3_subset_150,xgb_shap_list_ir_3
6200,Pregnancies,0.29149953,0.22820646,148.66476,xgb_shap_list_ir_5_subset_21,xgb_shap_list_ir_5
6201,Glucose,1.4586825,0.9886423,743.9281,xgb_shap_list_ir_5_subset_21,xgb_shap_list_ir_5
6202,BloodPressure,0.3566291,0.29968417,181.88084,xgb_shap_list_ir_5_subset_21,xgb_shap_list_ir_5
6203,SkinThickness,0.18430492,0.13792355,93.995514,xgb_shap_list_ir_5_subset_21,xgb_shap_list_ir_5
6204,Insulin,0.24249366,0.20766865,123.67177,xgb_shap_list_ir_5_subset_21,xgb_shap_list_ir_5
6205,BMI,1.1336656,1.0091829,578.16943,xgb_shap_list_ir_5_subset_21,xgb_shap_list_ir_5
6206,DiabetesPedigreeFunction,0.44736975,0.37514308,228.15857,xgb_shap_list_ir_5_subset_21,xgb_shap_list_ir_5
6207,Age,0.8687292,0.5765823,443.05188,xgb_shap_list_ir_5_subset_21,xgb_shap_list_ir_5
6208,Pregnancies,0.34087512,0.23983291,173.84631,xgb_shap_list_ir_4_subset_26,xgb_shap_list_ir_4
6209,Glucose,1.5718344,1.0676318,801.63556,xgb_shap_list_ir_4_subset_26,xgb_shap_list_ir_4
6210,BloodPressure,0.31021127,0.20711745,158.20775,xgb_shap_list_ir_4_subset_26,xgb_shap_list_ir_4
6211,SkinThickness,0.2551443,0.20422259,130.1236,xgb_shap_list_ir_4_subset_26,xgb_shap_list_ir_4
6212,Insulin,0.19882305,0.18651351,101.39976,xgb_shap_list_ir_4_subset_26,xgb_shap_list_ir_4
6213,BMI,0.7868693,0.6279447,401.30334,xgb_shap_list_ir_4_subset_26,xgb_shap_list_ir_4
6214,DiabetesPedigreeFunction,0.6698771,0.45592344,341.63733,xgb_shap_list_ir_4_subset_26,xgb_shap_list_ir_4
6215,Age,0.79258114,0.48517838,404.21637,xgb_shap_list_ir_4_subset_26,xgb_shap_list_ir_4
6216,Pregnancies,0.40552333,0.23045196,206.8169,xgb_shap_list_ir_3_subset_107,xgb_shap_list_ir_3
6217,Glucose,1.4739962,0.9500994,751.73804,xgb_shap_list_ir_3_subset_107,xgb_shap_list_ir_3
6218,BloodPressure,0.4592792,0.24838138,234.23239,xgb_shap_list_ir_3_subset_107,xgb_shap_list_ir_3
6219,SkinThickness,0.32602108,0.23028252,166.27075,xgb_shap_list_ir_3_subset_107,xgb_shap_list_ir_3
6220,Insulin,0.42704642,0.27534485,217.79367,xgb_shap_list_ir_3_subset_107,xgb_shap_list_ir_3
6221,BMI,0.5079499,0.40495348,259.05444,xgb_shap_list_ir_3_subset_107,xgb_shap_list_ir_3
6222,DiabetesPedigreeFunction,0.47305012,0.30487284,241.25555,xgb_shap_list_ir_3_subset_107,xgb_shap_list_ir_3
6223,Age,0.87774205,0.5794325,447.64844,xgb_shap_list_ir_3_subset_107,xgb_shap_list_ir_3
6224,Pregnancies,0.24209774,0.20256796,123.46985,xgb_shap_list_ir_4_subset_71,xgb_shap_list_ir_4
6225,Glucose,1.39361,0.8079099,710.7411,xgb_shap_list_ir_4_subset_71,xgb_shap_list_ir_4
6226,BloodPressure,0.2841837,0.27907574,144.93369,xgb_shap_list_ir_4_subset_71,xgb_shap_list_ir_4
6227,SkinThickness,0.31553003,0.27747896,160.92032,xgb_shap_list_ir_4_subset_71,xgb_shap_list_ir_4
6228,Insulin,0.5775454,0.34570032,294.54816,xgb_shap_list_ir_4_subset_71,xgb_shap_list_ir_4
6229,BMI,1.1177342,0.8846863,570.04443,xgb_shap_list_ir_4_subset_71,xgb_shap_list_ir_4
6230,DiabetesPedigreeFunction,0.4546704,0.28970724,231.8819,xgb_shap_list_ir_4_subset_71,xgb_shap_list_ir_4
6231,Age,0.95405143,0.56503814,486.56622,xgb_shap_list_ir_4_subset_71,xgb_shap_list_ir_4
6232,Pregnancies,0.4828686,0.33606905,246.26299,xgb_shap_list_ir_5_subset_4,xgb_shap_list_ir_5
6233,Glucose,1.2283897,0.7801981,626.47876,xgb_shap_list_ir_5_subset_4,xgb_shap_list_ir_5
6234,BloodPressure,0.33801994,0.30081806,172.39017,xgb_shap_list_ir_5_subset_4,xgb_shap_list_ir_5
6235,SkinThickness,0.18942294,0.16455022,96.6057,xgb_shap_list_ir_5_subset_4,xgb_shap_list_ir_5
6236,Insulin,0.32705545,0.27652803,166.79828,xgb_shap_list_ir_5_subset_4,xgb_shap_list_ir_5
6237,BMI,1.0282131,0.9637529,524.38873,xgb_shap_list_ir_5_subset_4,xgb_shap_list_ir_5
6238,DiabetesPedigreeFunction,0.57930374,0.39000383,295.44492,xgb_shap_list_ir_5_subset_4,xgb_shap_list_ir_5
6239,Age,0.87073743,0.65057504,444.07608,xgb_shap_list_ir_5_subset_4,xgb_shap_list_ir_5
6240,Pregnancies,0.15216379,0.14406912,77.60353,xgb_shap_list_ir_5_subset_107,xgb_shap_list_ir_5
6241,Glucose,1.2943184,0.96336603,660.1024,xgb_shap_list_ir_5_subset_107,xgb_shap_list_ir_5
6242,BloodPressure,0.35936376,0.3659685,183.27551,xgb_shap_list_ir_5_subset_107,xgb_shap_list_ir_5
6243,SkinThickness,0.26496348,0.18526867,135.13138,xgb_shap_list_ir_5_subset_107,xgb_shap_list_ir_5
6244,Insulin,0.30098328,0.23821722,153.50148,xgb_shap_list_ir_5_subset_107,xgb_shap_list_ir_5
6245,BMI,1.0485208,0.81580645,534.7456,xgb_shap_list_ir_5_subset_107,xgb_shap_list_ir_5
6246,DiabetesPedigreeFunction,0.614327,0.37942958,313.30676,xgb_shap_list_ir_5_subset_107,xgb_shap_list_ir_5
6247,Age,1.2319233,0.69683677,628.2809,xgb_shap_list_ir_5_subset_107,xgb_shap_list_ir_5
6248,Pregnancies,0.069847286,0.045435123,35.622116,xgb_shap_list_ir_1_subset_136,xgb_shap_list_ir_1
6249,Glucose,1.1014713,0.47952753,561.75037,xgb_shap_list_ir_1_subset_136,xgb_shap_list_ir_1
6250,BloodPressure,0.5037832,0.15037467,256.92944,xgb_shap_list_ir_1_subset_136,xgb_shap_list_ir_1
6251,SkinThickness,0.6233151,0.28527513,317.8907,xgb_shap_list_ir_1_subset_136,xgb_shap_list_ir_1
6252,Insulin,0.42330214,0.22592424,215.8841,xgb_shap_list_ir_1_subset_136,xgb_shap_list_ir_1
6253,BMI,0.57378215,0.35739684,292.6289,xgb_shap_list_ir_1_subset_136,xgb_shap_list_ir_1
6254,DiabetesPedigreeFunction,0.5602363,0.2296591,285.7205,xgb_shap_list_ir_1_subset_136,xgb_shap_list_ir_1
6255,Age,0.8417351,0.42020842,429.2849,xgb_shap_list_ir_1_subset_136,xgb_shap_list_ir_1
6256,Pregnancies,0.54642177,0.33637142,278.6751,xgb_shap_list_ir_2_subset_75,xgb_shap_list_ir_2
6257,Glucose,0.69454336,0.41775864,354.2171,xgb_shap_list_ir_2_subset_75,xgb_shap_list_ir_2
6258,BloodPressure,0.48378915,0.41763106,246.73247,xgb_shap_list_ir_2_subset_75,xgb_shap_list_ir_2
6259,SkinThickness,0.38446537,0.24295075,196.07733,xgb_shap_list_ir_2_subset_75,xgb_shap_list_ir_2
6260,Insulin,0.26676732,0.2145323,136.05133,xgb_shap_list_ir_2_subset_75,xgb_shap_list_ir_2
6261,BMI,0.9771095,0.77026194,498.32584,xgb_shap_list_ir_2_subset_75,xgb_shap_list_ir_2
6262,DiabetesPedigreeFunction,0.62293714,0.40697023,317.69794,xgb_shap_list_ir_2_subset_75,xgb_shap_list_ir_2
6263,Age,0.6763886,0.52726847,344.9582,xgb_shap_list_ir_2_subset_75,xgb_shap_list_ir_2
6264,Pregnancies,0.5211866,0.29625836,265.80518,xgb_shap_list_ir_4_subset_124,xgb_shap_list_ir_4
6265,Glucose,1.5917959,1.086987,811.8159,xgb_shap_list_ir_4_subset_124,xgb_shap_list_ir_4
6266,BloodPressure,0.30177432,0.25240543,153.9049,xgb_shap_list_ir_4_subset_124,xgb_shap_list_ir_4
6267,SkinThickness,0.3954798,0.24921393,201.6947,xgb_shap_list_ir_4_subset_124,xgb_shap_list_ir_4
6268,Insulin,0.26756427,0.22557852,136.45778,xgb_shap_list_ir_4_subset_124,xgb_shap_list_ir_4
6269,BMI,0.83198744,0.7622667,424.3136,xgb_shap_list_ir_4_subset_124,xgb_shap_list_ir_4
6270,DiabetesPedigreeFunction,0.61233264,0.46123114,312.28964,xgb_shap_list_ir_4_subset_124,xgb_shap_list_ir_4
6271,Age,0.46681657,0.3492261,238.07645,xgb_shap_list_ir_4_subset_124,xgb_shap_list_ir_4
6272,Pregnancies,0.5187169,0.33832029,264.5456,xgb_shap_list_ir_3_subset_70,xgb_shap_list_ir_3
6273,Glucose,1.2245816,0.8714025,624.5366,xgb_shap_list_ir_3_subset_70,xgb_shap_list_ir_3
6274,BloodPressure,0.2937365,0.21309292,149.8056,xgb_shap_list_ir_3_subset_70,xgb_shap_list_ir_3
6275,SkinThickness,0.37216252,0.25395423,189.80289,xgb_shap_list_ir_3_subset_70,xgb_shap_list_ir_3
6276,Insulin,0.35083067,0.2519402,178.92365,xgb_shap_list_ir_3_subset_70,xgb_shap_list_ir_3
6277,BMI,0.57952064,0.4796054,295.55554,xgb_shap_list_ir_3_subset_70,xgb_shap_list_ir_3
6278,DiabetesPedigreeFunction,0.6955544,0.4256682,354.73273,xgb_shap_list_ir_3_subset_70,xgb_shap_list_ir_3
6279,Age,0.53102064,0.3552858,270.82053,xgb_shap_list_ir_3_subset_70,xgb_shap_list_ir_3
6280,Pregnancies,0.77852875,0.32112738,397.04965,xgb_shap_list_ir_1_subset_40,xgb_shap_list_ir_1
6281,Glucose,1.6557556,0.62304384,844.43536,xgb_shap_list_ir_1_subset_40,xgb_shap_list_ir_1
6282,BloodPressure,0.50808066,0.40616894,259.12112,xgb_shap_list_ir_1_subset_40,xgb_shap_list_ir_1
6283,SkinThickness,0.12656622,0.11704646,64.54877,xgb_shap_list_ir_1_subset_40,xgb_shap_list_ir_1
6284,Insulin,0.10990158,0.0851925,56.049805,xgb_shap_list_ir_1_subset_40,xgb_shap_list_ir_1
6285,BMI,0.456018,0.29449818,232.56918,xgb_shap_list_ir_1_subset_40,xgb_shap_list_ir_1
6286,DiabetesPedigreeFunction,0.49799696,0.22941123,253.97845,xgb_shap_list_ir_1_subset_40,xgb_shap_list_ir_1
6287,Age,0.22587106,0.21151835,115.19424,xgb_shap_list_ir_1_subset_40,xgb_shap_list_ir_1
6288,Pregnancies,0.4352076,0.22094059,221.95587,xgb_shap_list_ir_3_subset_73,xgb_shap_list_ir_3
6289,Glucose,1.2801716,0.98028976,652.8875,xgb_shap_list_ir_3_subset_73,xgb_shap_list_ir_3
6290,BloodPressure,0.34737086,0.23614773,177.15913,xgb_shap_list_ir_3_subset_73,xgb_shap_list_ir_3
6291,SkinThickness,0.20247896,0.16245063,103.26427,xgb_shap_list_ir_3_subset_73,xgb_shap_list_ir_3
6292,Insulin,0.23357898,0.18573028,119.12528,xgb_shap_list_ir_3_subset_73,xgb_shap_list_ir_3
6293,BMI,1.1484178,0.65175384,585.6931,xgb_shap_list_ir_3_subset_73,xgb_shap_list_ir_3
6294,DiabetesPedigreeFunction,0.6555699,0.43913907,334.34067,xgb_shap_list_ir_3_subset_73,xgb_shap_list_ir_3
6295,Age,0.5390351,0.43311313,274.9079,xgb_shap_list_ir_3_subset_73,xgb_shap_list_ir_3
6296,Pregnancies,0.31571138,0.22685647,161.0128,xgb_shap_list_ir_4_subset_129,xgb_shap_list_ir_4
6297,Glucose,1.7244147,1.0422835,879.4515,xgb_shap_list_ir_4_subset_129,xgb_shap_list_ir_4
6298,BloodPressure,0.34876943,0.28306493,177.8724,xgb_shap_list_ir_4_subset_129,xgb_shap_list_ir_4
6299,SkinThickness,0.21983711,0.15106148,112.11693,xgb_shap_list_ir_4_subset_129,xgb_shap_list_ir_4
6300,Insulin,0.34349412,0.24499075,175.182,xgb_shap_list_ir_4_subset_129,xgb_shap_list_ir_4
6301,BMI,0.6322866,0.4601406,322.46616,xgb_shap_list_ir_4_subset_129,xgb_shap_list_ir_4
6302,DiabetesPedigreeFunction,0.5776099,0.4295429,294.58105,xgb_shap_list_ir_4_subset_129,xgb_shap_list_ir_4
6303,Age,1.0598063,0.64815974,540.5012,xgb_shap_list_ir_4_subset_129,xgb_shap_list_ir_4
6304,Pregnancies,0.36745593,0.25945398,187.40253,xgb_shap_list_ir_5_subset_157,xgb_shap_list_ir_5
6305,Glucose,1.439684,0.8504134,734.23883,xgb_shap_list_ir_5_subset_157,xgb_shap_list_ir_5
6306,BloodPressure,0.39653477,0.3251082,202.23273,xgb_shap_list_ir_5_subset_157,xgb_shap_list_ir_5
6307,SkinThickness,0.31110525,0.2435466,158.66368,xgb_shap_list_ir_5_subset_157,xgb_shap_list_ir_5
6308,Insulin,0.30674452,0.27937803,156.4397,xgb_shap_list_ir_5_subset_157,xgb_shap_list_ir_5
6309,BMI,1.0438063,0.7933114,532.34125,xgb_shap_list_ir_5_subset_157,xgb_shap_list_ir_5
6310,DiabetesPedigreeFunction,0.4986893,0.40037045,254.33154,xgb_shap_list_ir_5_subset_157,xgb_shap_list_ir_5
6311,Age,0.6313759,0.39634448,322.0017,xgb_shap_list_ir_5_subset_157,xgb_shap_list_ir_5
6312,Pregnancies,0.610987,0.27038372,311.60336,xgb_shap_list_ir_1_subset_62,xgb_shap_list_ir_1
6313,Glucose,1.2042733,0.36710835,614.1794,xgb_shap_list_ir_1_subset_62,xgb_shap_list_ir_1
6314,BloodPressure,0.22284517,0.18813059,113.65103,xgb_shap_list_ir_1_subset_62,xgb_shap_list_ir_1
6315,SkinThickness,0.33627105,0.2700991,171.49823,xgb_shap_list_ir_1_subset_62,xgb_shap_list_ir_1
6316,Insulin,0.31406352,0.1755339,160.1724,xgb_shap_list_ir_1_subset_62,xgb_shap_list_ir_1
6317,BMI,0.92196393,0.46410194,470.2016,xgb_shap_list_ir_1_subset_62,xgb_shap_list_ir_1
6318,DiabetesPedigreeFunction,0.70376956,0.29270375,358.9225,xgb_shap_list_ir_1_subset_62,xgb_shap_list_ir_1
6319,Age,0.82926905,0.5546936,422.92722,xgb_shap_list_ir_1_subset_62,xgb_shap_list_ir_1
6320,Pregnancies,0.42632753,0.3138616,217.42703,xgb_shap_list_ir_5_subset_64,xgb_shap_list_ir_5
6321,Glucose,1.7257731,1.1872654,880.1443,xgb_shap_list_ir_5_subset_64,xgb_shap_list_ir_5
6322,BloodPressure,0.26470187,0.23432769,134.99796,xgb_shap_list_ir_5_subset_64,xgb_shap_list_ir_5
6323,SkinThickness,0.20909856,0.16371351,106.64027,xgb_shap_list_ir_5_subset_64,xgb_shap_list_ir_5
6324,Insulin,0.20953433,0.20218168,106.86251,xgb_shap_list_ir_5_subset_64,xgb_shap_list_ir_5
6325,BMI,0.8074297,0.70187044,411.78912,xgb_shap_list_ir_5_subset_64,xgb_shap_list_ir_5
6326,DiabetesPedigreeFunction,0.5025321,0.39155394,256.29138,xgb_shap_list_ir_5_subset_64,xgb_shap_list_ir_5
6327,Age,0.71084225,0.56665146,362.52954,xgb_shap_list_ir_5_subset_64,xgb_shap_list_ir_5
6328,Pregnancies,0.2719971,0.22474521,138.71852,xgb_shap_list_ir_3_subset_100,xgb_shap_list_ir_3
6329,Glucose,1.5528493,0.8595631,791.9531,xgb_shap_list_ir_3_subset_100,xgb_shap_list_ir_3
6330,BloodPressure,0.17616972,0.12600802,89.84656,xgb_shap_list_ir_3_subset_100,xgb_shap_list_ir_3
6331,SkinThickness,0.25949606,0.17990759,132.34299,xgb_shap_list_ir_3_subset_100,xgb_shap_list_ir_3
6332,Insulin,0.283629,0.17491497,144.65079,xgb_shap_list_ir_3_subset_100,xgb_shap_list_ir_3
6333,BMI,1.2225192,0.81701124,623.48474,xgb_shap_list_ir_3_subset_100,xgb_shap_list_ir_3
6334,DiabetesPedigreeFunction,0.4784422,0.36396763,244.00552,xgb_shap_list_ir_3_subset_100,xgb_shap_list_ir_3
6335,Age,0.6178416,0.53048074,315.0992,xgb_shap_list_ir_3_subset_100,xgb_shap_list_ir_3
6336,Pregnancies,0.5323087,0.3062074,271.47745,xgb_shap_list_ir_4_subset_122,xgb_shap_list_ir_4
6337,Glucose,1.5567654,1.0091327,793.9504,xgb_shap_list_ir_4_subset_122,xgb_shap_list_ir_4
6338,BloodPressure,0.29144433,0.18213786,148.63661,xgb_shap_list_ir_4_subset_122,xgb_shap_list_ir_4
6339,SkinThickness,0.22941977,0.20385236,117.00408,xgb_shap_list_ir_4_subset_122,xgb_shap_list_ir_4
6340,Insulin,0.24465095,0.22109246,124.77198,xgb_shap_list_ir_4_subset_122,xgb_shap_list_ir_4
6341,BMI,1.2477671,1.0884676,636.3612,xgb_shap_list_ir_4_subset_122,xgb_shap_list_ir_4
6342,DiabetesPedigreeFunction,0.6258318,0.50961983,319.1742,xgb_shap_list_ir_4_subset_122,xgb_shap_list_ir_4
6343,Age,0.59162134,0.5138954,301.7269,xgb_shap_list_ir_4_subset_122,xgb_shap_list_ir_4
6344,Pregnancies,0.984038,0.5930221,501.85938,xgb_shap_list_ir_2_subset_53,xgb_shap_list_ir_2
6345,Glucose,1.5703982,1.1656159,800.9031,xgb_shap_list_ir_2_subset_53,xgb_shap_list_ir_2
6346,BloodPressure,0.31802937,0.29574743,162.19498,xgb_shap_list_ir_2_subset_53,xgb_shap_list_ir_2
6347,SkinThickness,0.12869105,0.09407206,65.63243,xgb_shap_list_ir_2_subset_53,xgb_shap_list_ir_2
6348,Insulin,0.19007179,0.23367861,96.936615,xgb_shap_list_ir_2_subset_53,xgb_shap_list_ir_2
6349,BMI,0.44565502,0.29498002,227.28406,xgb_shap_list_ir_2_subset_53,xgb_shap_list_ir_2
6350,DiabetesPedigreeFunction,0.76816803,0.4734957,391.7657,xgb_shap_list_ir_2_subset_53,xgb_shap_list_ir_2
6351,Age,0.31055918,0.3509598,158.38518,xgb_shap_list_ir_2_subset_53,xgb_shap_list_ir_2
6352,Pregnancies,0.5655618,0.34347835,288.4365,xgb_shap_list_ir_5_subset_148,xgb_shap_list_ir_5
6353,Glucose,1.4067029,1.0106277,717.41846,xgb_shap_list_ir_5_subset_148,xgb_shap_list_ir_5
6354,BloodPressure,0.2998892,0.2474209,152.9435,xgb_shap_list_ir_5_subset_148,xgb_shap_list_ir_5
6355,SkinThickness,0.33587128,0.22821783,171.29436,xgb_shap_list_ir_5_subset_148,xgb_shap_list_ir_5
6356,Insulin,0.18074153,0.16178967,92.178185,xgb_shap_list_ir_5_subset_148,xgb_shap_list_ir_5
6357,BMI,1.0354873,0.85702974,528.0985,xgb_shap_list_ir_5_subset_148,xgb_shap_list_ir_5
6358,DiabetesPedigreeFunction,0.53117615,0.49911702,270.89984,xgb_shap_list_ir_5_subset_148,xgb_shap_list_ir_5
6359,Age,0.5511288,0.35857084,281.07568,xgb_shap_list_ir_5_subset_148,xgb_shap_list_ir_5
6360,Pregnancies,0.16167016,0.142215,82.45178,xgb_shap_list_ir_5_subset_46,xgb_shap_list_ir_5
6361,Glucose,1.4923809,1.0296777,761.11426,xgb_shap_list_ir_5_subset_46,xgb_shap_list_ir_5
6362,BloodPressure,0.39306998,0.33253407,200.4657,xgb_shap_list_ir_5_subset_46,xgb_shap_list_ir_5
6363,SkinThickness,0.21722929,0.14549902,110.78694,xgb_shap_list_ir_5_subset_46,xgb_shap_list_ir_5
6364,Insulin,0.3301219,0.23707874,168.36217,xgb_shap_list_ir_5_subset_46,xgb_shap_list_ir_5
6365,BMI,1.1611587,0.8706752,592.1909,xgb_shap_list_ir_5_subset_46,xgb_shap_list_ir_5
6366,DiabetesPedigreeFunction,0.5122216,0.37693268,261.233,xgb_shap_list_ir_5_subset_46,xgb_shap_list_ir_5
6367,Age,0.6923244,0.47618547,353.08545,xgb_shap_list_ir_5_subset_46,xgb_shap_list_ir_5
6368,Pregnancies,0.43970042,0.28314424,224.24722,xgb_shap_list_ir_5_subset_88,xgb_shap_list_ir_5
6369,Glucose,1.363945,0.89926094,695.61194,xgb_shap_list_ir_5_subset_88,xgb_shap_list_ir_5
6370,BloodPressure,0.37775782,0.27976888,192.6565,xgb_shap_list_ir_5_subset_88,xgb_shap_list_ir_5
6371,SkinThickness,0.3244859,0.2100167,165.48781,xgb_shap_list_ir_5_subset_88,xgb_shap_list_ir_5
6372,Insulin,0.34805346,0.26666412,177.50726,xgb_shap_list_ir_5_subset_88,xgb_shap_list_ir_5
6373,BMI,1.0435185,0.78751874,532.19446,xgb_shap_list_ir_5_subset_88,xgb_shap_list_ir_5
6374,DiabetesPedigreeFunction,0.6517183,0.42565042,332.37634,xgb_shap_list_ir_5_subset_88,xgb_shap_list_ir_5
6375,Age,0.37900025,0.2724009,193.29013,xgb_shap_list_ir_5_subset_88,xgb_shap_list_ir_5
6376,Pregnancies,0.41265467,0.2713649,210.45389,xgb_shap_list_ir_3_subset_5,xgb_shap_list_ir_3
6377,Glucose,1.0519314,0.70066065,536.485,xgb_shap_list_ir_3_subset_5,xgb_shap_list_ir_3
6378,BloodPressure,0.38717118,0.29396358,197.4573,xgb_shap_list_ir_3_subset_5,xgb_shap_list_ir_3
6379,SkinThickness,0.54267365,0.2880819,276.76355,xgb_shap_list_ir_3_subset_5,xgb_shap_list_ir_3
6380,Insulin,0.26087108,0.2980746,133.04425,xgb_shap_list_ir_3_subset_5,xgb_shap_list_ir_3
6381,BMI,0.8172567,0.5915627,416.8009,xgb_shap_list_ir_3_subset_5,xgb_shap_list_ir_3
6382,DiabetesPedigreeFunction,0.68300784,0.5039235,348.33398,xgb_shap_list_ir_3_subset_5,xgb_shap_list_ir_3
6383,Age,0.8216422,0.5363997,419.03754,xgb_shap_list_ir_3_subset_5,xgb_shap_list_ir_3
6384,Pregnancies,0.31717032,0.20566124,161.75687,xgb_shap_list_ir_2_subset_74,xgb_shap_list_ir_2
6385,Glucose,0.9736881,0.6013499,496.58093,xgb_shap_list_ir_2_subset_74,xgb_shap_list_ir_2
6386,BloodPressure,0.36336207,0.2952781,185.31465,xgb_shap_list_ir_2_subset_74,xgb_shap_list_ir_2
6387,SkinThickness,0.3364372,0.21231094,171.58298,xgb_shap_list_ir_2_subset_74,xgb_shap_list_ir_2
6388,Insulin,0.3691182,0.2247287,188.25029,xgb_shap_list_ir_2_subset_74,xgb_shap_list_ir_2
6389,BMI,0.78198147,0.72268885,398.81055,xgb_shap_list_ir_2_subset_74,xgb_shap_list_ir_2
6390,DiabetesPedigreeFunction,0.5377968,0.3402243,274.27637,xgb_shap_list_ir_2_subset_74,xgb_shap_list_ir_2
6391,Age,0.67680484,0.5143968,345.17047,xgb_shap_list_ir_2_subset_74,xgb_shap_list_ir_2
6392,Pregnancies,0.19223005,0.14386359,98.03732,xgb_shap_list_ir_5_subset_101,xgb_shap_list_ir_5
6393,Glucose,1.2494003,0.90668344,637.19415,xgb_shap_list_ir_5_subset_101,xgb_shap_list_ir_5
6394,BloodPressure,0.3693507,0.31031936,188.36885,xgb_shap_list_ir_5_subset_101,xgb_shap_list_ir_5
6395,SkinThickness,0.22458576,0.17667307,114.538734,xgb_shap_list_ir_5_subset_101,xgb_shap_list_ir_5
6396,Insulin,0.25535068,0.19054112,130.22885,xgb_shap_list_ir_5_subset_101,xgb_shap_list_ir_5
6397,BMI,0.94443893,0.7535237,481.66385,xgb_shap_list_ir_5_subset_101,xgb_shap_list_ir_5
6398,DiabetesPedigreeFunction,0.6214229,0.44785228,316.92566,xgb_shap_list_ir_5_subset_101,xgb_shap_list_ir_5
6399,Age,0.95005995,0.6084765,484.53058,xgb_shap_list_ir_5_subset_101,xgb_shap_list_ir_5
