,imbalanceRatio,Subset,Indicator,Sorted_Features
0,lr_shap_list_ir_2,lr_shap_list_ir_2_subset_147,orderMean,"['X2', 'X3', 'X4', 'X1', 'X6', 'X5']"
1,lr_shap_list_ir_2,lr_shap_list_ir_2_subset_147,orderStd,"['X3', 'X2', 'X1', 'X5', 'X4', 'X6']"
2,lr_shap_list_ir_2,lr_shap_list_ir_2_subset_147,orderSum,"['X2', 'X3', 'X4', 'X1', 'X6', 'X5']"
3,lr_shap_list_ir_5,lr_shap_list_ir_5_subset_19,orderMean,"['X4', 'X5', 'X3', 'X1', 'X2', 'X6']"
4,lr_shap_list_ir_5,lr_shap_list_ir_5_subset_19,orderStd,"['X5', 'X4', 'X3', 'X1', 'X2', 'X6']"
5,lr_shap_list_ir_5,lr_shap_list_ir_5_subset_19,orderSum,"['X4', 'X5', 'X3', 'X1', 'X2', 'X6']"
6,lr_shap_list_ir_3,lr_shap_list_ir_3_subset_39,orderMean,"['X5', 'X4', 'X1', 'X2', 'X3', 'X6']"
7,lr_shap_list_ir_3,lr_shap_list_ir_3_subset_39,orderStd,"['X5', 'X1', 'X2', 'X3', 'X4', 'X6']"
8,lr_shap_list_ir_3,lr_shap_list_ir_3_subset_39,orderSum,"['X5', 'X4', 'X1', 'X2', 'X3', 'X6']"
9,lr_shap_list_ir_1,lr_shap_list_ir_1_subset_100,orderMean,"['X3', 'X6', 'X1', 'X4', 'X5', 'X2']"
10,lr_shap_list_ir_1,lr_shap_list_ir_1_subset_100,orderStd,"['X3', 'X1', 'X5', 'X6', 'X4', 'X2']"
11,lr_shap_list_ir_1,lr_shap_list_ir_1_subset_100,orderSum,"['X3', 'X6', 'X1', 'X4', 'X5', 'X2']"
12,lr_shap_list_ir_4,lr_shap_list_ir_4_subset_147,orderMean,"['X4', 'X2', 'X3', 'X5', 'X1', 'X6']"
13,lr_shap_list_ir_4,lr_shap_list_ir_4_subset_147,orderStd,"['X3', 'X2', 'X4', 'X5', 'X1', 'X6']"
14,lr_shap_list_ir_4,lr_shap_list_ir_4_subset_147,orderSum,"['X4', 'X2', 'X3', 'X5', 'X1', 'X6']"
15,lr_shap_list_ir_4,lr_shap_list_ir_4_subset_55,orderMean,"['X4', 'X2', 'X5', 'X3', 'X1', 'X6']"
16,lr_shap_list_ir_4,lr_shap_list_ir_4_subset_55,orderStd,"['X2', 'X5', 'X3', 'X4', 'X1', 'X6']"
17,lr_shap_list_ir_4,lr_shap_list_ir_4_subset_55,orderSum,"['X4', 'X2', 'X5', 'X3', 'X1', 'X6']"
18,lr_shap_list_ir_4,lr_shap_list_ir_4_subset_146,orderMean,"['X4', 'X3', 'X5', 'X2', 'X1', 'X6']"
19,lr_shap_list_ir_4,lr_shap_list_ir_4_subset_146,orderStd,"['X5', 'X3', 'X4', 'X2', 'X1', 'X6']"
20,lr_shap_list_ir_4,lr_shap_list_ir_4_subset_146,orderSum,"['X4', 'X3', 'X5', 'X2', 'X1', 'X6']"
21,lr_shap_list_ir_1,lr_shap_list_ir_1_subset_68,orderMean,"['X2', 'X4', 'X3', 'X5', 'X6', 'X1']"
22,lr_shap_list_ir_1,lr_shap_list_ir_1_subset_68,orderStd,"['X2', 'X3', 'X5', 'X4', 'X1', 'X6']"
23,lr_shap_list_ir_1,lr_shap_list_ir_1_subset_68,orderSum,"['X2', 'X4', 'X3', 'X5', 'X6', 'X1']"
24,lr_shap_list_ir_1,lr_shap_list_ir_1_subset_99,orderMean,"['X3', 'X4', 'X2', 'X1', 'X6', 'X5']"
25,lr_shap_list_ir_1,lr_shap_list_ir_1_subset_99,orderStd,"['X3', 'X2', 'X4', 'X1', 'X5', 'X6']"
26,lr_shap_list_ir_1,lr_shap_list_ir_1_subset_99,orderSum,"['X3', 'X4', 'X2', 'X1', 'X6', 'X5']"
27,lr_shap_list_ir_4,lr_shap_list_ir_4_subset_145,orderMean,"['X3', 'X4', 'X5', 'X2', 'X1', 'X6']"
28,lr_shap_list_ir_4,lr_shap_list_ir_4_subset_145,orderStd,"['X3', 'X5', 'X4', 'X2', 'X1', 'X6']"
29,lr_shap_list_ir_4,lr_shap_list_ir_4_subset_145,orderSum,"['X3', 'X4', 'X5', 'X2', 'X1', 'X6']"
30,lr_shap_list_ir_4,lr_shap_list_ir_4_subset_128,orderMean,"['X5', 'X4', 'X2', 'X1', 'X3', 'X6']"
31,lr_shap_list_ir_4,lr_shap_list_ir_4_subset_128,orderStd,"['X5', 'X1', 'X2', 'X4', 'X3', 'X6']"
32,lr_shap_list_ir_4,lr_shap_list_ir_4_subset_128,orderSum,"['X5', 'X4', 'X2', 'X1', 'X3', 'X6']"
33,lr_shap_list_ir_1,lr_shap_list_ir_1_subset_61,orderMean,"['X6', 'X3', 'X4', 'X2', 'X5', 'X1']"
34,lr_shap_list_ir_1,lr_shap_list_ir_1_subset_61,orderStd,"['X3', 'X2', 'X6', 'X4', 'X5', 'X1']"
35,lr_shap_list_ir_1,lr_shap_list_ir_1_subset_61,orderSum,"['X6', 'X3', 'X4', 'X2', 'X5', 'X1']"
36,lr_shap_list_ir_5,lr_shap_list_ir_5_subset_96,orderMean,"['X4', 'X3', 'X5', 'X2', 'X1', 'X6']"
37,lr_shap_list_ir_5,lr_shap_list_ir_5_subset_96,orderStd,"['X3', 'X5', 'X4', 'X2', 'X1', 'X6']"
38,lr_shap_list_ir_5,lr_shap_list_ir_5_subset_96,orderSum,"['X4', 'X3', 'X5', 'X2', 'X1', 'X6']"
39,lr_shap_list_ir_1,lr_shap_list_ir_1_subset_12,orderMean,"['X3', 'X4', 'X6', 'X5', 'X1', 'X2']"
40,lr_shap_list_ir_1,lr_shap_list_ir_1_subset_12,orderStd,"['X3', 'X5', 'X4', 'X1', 'X6', 'X2']"
41,lr_shap_list_ir_1,lr_shap_list_ir_1_subset_12,orderSum,"['X3', 'X4', 'X6', 'X5', 'X1', 'X2']"
42,lr_shap_list_ir_1,lr_shap_list_ir_1_subset_137,orderMean,"['X1', 'X3', 'X2', 'X6', 'X4', 'X5']"
43,lr_shap_list_ir_1,lr_shap_list_ir_1_subset_137,orderStd,"['X3', 'X1', 'X2', 'X5', 'X4', 'X6']"
44,lr_shap_list_ir_1,lr_shap_list_ir_1_subset_137,orderSum,"['X1', 'X3', 'X2', 'X6', 'X4', 'X5']"
45,lr_shap_list_ir_2,lr_shap_list_ir_2_subset_126,orderMean,"['X4', 'X5', 'X2', 'X1', 'X3', 'X6']"
46,lr_shap_list_ir_2,lr_shap_list_ir_2_subset_126,orderStd,"['X5', 'X1', 'X2', 'X3', 'X4', 'X6']"
47,lr_shap_list_ir_2,lr_shap_list_ir_2_subset_126,orderSum,"['X4', 'X5', 'X2', 'X1', 'X3', 'X6']"
48,lr_shap_list_ir_3,lr_shap_list_ir_3_subset_36,orderMean,"['X4', 'X2', 'X3', 'X5', 'X1', 'X6']"
49,lr_shap_list_ir_3,lr_shap_list_ir_3_subset_36,orderStd,"['X4', 'X2', 'X5', 'X3', 'X1', 'X6']"
50,lr_shap_list_ir_3,lr_shap_list_ir_3_subset_36,orderSum,"['X4', 'X2', 'X3', 'X5', 'X1', 'X6']"
51,lr_shap_list_ir_1,lr_shap_list_ir_1_subset_18,orderMean,"['X2', 'X3', 'X4', 'X6', 'X1', 'X5']"
52,lr_shap_list_ir_1,lr_shap_list_ir_1_subset_18,orderStd,"['X3', 'X2', 'X4', 'X1', 'X5', 'X6']"
53,lr_shap_list_ir_1,lr_shap_list_ir_1_subset_18,orderSum,"['X2', 'X3', 'X4', 'X6', 'X1', 'X5']"
54,lr_shap_list_ir_1,lr_shap_list_ir_1_subset_115,orderMean,"['X6', 'X4', 'X1', 'X5', 'X2', 'X3']"
55,lr_shap_list_ir_1,lr_shap_list_ir_1_subset_115,orderStd,"['X5', 'X1', 'X2', 'X4', 'X6', 'X3']"
56,lr_shap_list_ir_1,lr_shap_list_ir_1_subset_115,orderSum,"['X6', 'X4', 'X1', 'X5', 'X2', 'X3']"
57,lr_shap_list_ir_2,lr_shap_list_ir_2_subset_39,orderMean,"['X4', 'X1', 'X5', 'X3', 'X2', 'X6']"
58,lr_shap_list_ir_2,lr_shap_list_ir_2_subset_39,orderStd,"['X1', 'X5', 'X2', 'X3', 'X4', 'X6']"
59,lr_shap_list_ir_2,lr_shap_list_ir_2_subset_39,orderSum,"['X4', 'X1', 'X5', 'X3', 'X2', 'X6']"
60,lr_shap_list_ir_4,lr_shap_list_ir_4_subset_143,orderMean,"['X4', 'X5', 'X1', 'X3', 'X2', 'X6']"
61,lr_shap_list_ir_4,lr_shap_list_ir_4_subset_143,orderStd,"['X5', 'X1', 'X3', 'X4', 'X2', 'X6']"
62,lr_shap_list_ir_4,lr_shap_list_ir_4_subset_143,orderSum,"['X4', 'X5', 'X1', 'X3', 'X2', 'X6']"
63,lr_shap_list_ir_1,lr_shap_list_ir_1_subset_73,orderMean,"['X2', 'X3', 'X5', 'X1', 'X6', 'X4']"
64,lr_shap_list_ir_1,lr_shap_list_ir_1_subset_73,orderStd,"['X2', 'X3', 'X5', 'X1', 'X6', 'X4']"
65,lr_shap_list_ir_1,lr_shap_list_ir_1_subset_73,orderSum,"['X2', 'X3', 'X5', 'X1', 'X6', 'X4']"
66,lr_shap_list_ir_3,lr_shap_list_ir_3_subset_127,orderMean,"['X4', 'X3', 'X5', 'X2', 'X1', 'X6']"
67,lr_shap_list_ir_3,lr_shap_list_ir_3_subset_127,orderStd,"['X5', 'X2', 'X3', 'X1', 'X4', 'X6']"
68,lr_shap_list_ir_3,lr_shap_list_ir_3_subset_127,orderSum,"['X4', 'X3', 'X5', 'X2', 'X1', 'X6']"
69,lr_shap_list_ir_3,lr_shap_list_ir_3_subset_21,orderMean,"['X4', 'X5', 'X3', 'X1', 'X6', 'X2']"
70,lr_shap_list_ir_3,lr_shap_list_ir_3_subset_21,orderStd,"['X5', 'X1', 'X3', 'X4', 'X2', 'X6']"
71,lr_shap_list_ir_3,lr_shap_list_ir_3_subset_21,orderSum,"['X4', 'X5', 'X3', 'X1', 'X6', 'X2']"
72,lr_shap_list_ir_1,lr_shap_list_ir_1_subset_44,orderMean,"['X3', 'X1', 'X4', 'X5', 'X6', 'X2']"
73,lr_shap_list_ir_1,lr_shap_list_ir_1_subset_44,orderStd,"['X3', 'X1', 'X5', 'X4', 'X2', 'X6']"
74,lr_shap_list_ir_1,lr_shap_list_ir_1_subset_44,orderSum,"['X3', 'X1', 'X4', 'X5', 'X6', 'X2']"
75,lr_shap_list_ir_4,lr_shap_list_ir_4_subset_93,orderMean,"['X4', 'X5', 'X3', 'X2', 'X1', 'X6']"
76,lr_shap_list_ir_4,lr_shap_list_ir_4_subset_93,orderStd,"['X3', 'X5', 'X4', 'X2', 'X1', 'X6']"
77,lr_shap_list_ir_4,lr_shap_list_ir_4_subset_93,orderSum,"['X4', 'X5', 'X3', 'X2', 'X1', 'X6']"
78,lr_shap_list_ir_2,lr_shap_list_ir_2_subset_101,orderMean,"['X1', 'X2', 'X5', 'X4', 'X6', 'X3']"
79,lr_shap_list_ir_2,lr_shap_list_ir_2_subset_101,orderStd,"['X1', 'X5', 'X2', 'X4', 'X6', 'X3']"
80,lr_shap_list_ir_2,lr_shap_list_ir_2_subset_101,orderSum,"['X1', 'X2', 'X5', 'X4', 'X6', 'X3']"
81,lr_shap_list_ir_4,lr_shap_list_ir_4_subset_64,orderMean,"['X4', 'X5', 'X3', 'X2', 'X1', 'X6']"
82,lr_shap_list_ir_4,lr_shap_list_ir_4_subset_64,orderStd,"['X5', 'X3', 'X4', 'X2', 'X1', 'X6']"
83,lr_shap_list_ir_4,lr_shap_list_ir_4_subset_64,orderSum,"['X4', 'X5', 'X3', 'X2', 'X1', 'X6']"
84,lr_shap_list_ir_2,lr_shap_list_ir_2_subset_75,orderMean,"['X1', 'X3', 'X2', 'X5', 'X4', 'X6']"
85,lr_shap_list_ir_2,lr_shap_list_ir_2_subset_75,orderStd,"['X1', 'X3', 'X2', 'X5', 'X4', 'X6']"
86,lr_shap_list_ir_2,lr_shap_list_ir_2_subset_75,orderSum,"['X1', 'X3', 'X2', 'X5', 'X4', 'X6']"
87,lr_shap_list_ir_4,lr_shap_list_ir_4_subset_135,orderMean,"['X4', 'X5', 'X3', 'X1', 'X2', 'X6']"
88,lr_shap_list_ir_4,lr_shap_list_ir_4_subset_135,orderStd,"['X5', 'X2', 'X3', 'X4', 'X1', 'X6']"
89,lr_shap_list_ir_4,lr_shap_list_ir_4_subset_135,orderSum,"['X4', 'X5', 'X3', 'X1', 'X2', 'X6']"
90,lr_shap_list_ir_5,lr_shap_list_ir_5_subset_45,orderMean,"['X4', 'X5', 'X3', 'X2', 'X1', 'X6']"
91,lr_shap_list_ir_5,lr_shap_list_ir_5_subset_45,orderStd,"['X5', 'X3', 'X4', 'X2', 'X1', 'X6']"
92,lr_shap_list_ir_5,lr_shap_list_ir_5_subset_45,orderSum,"['X4', 'X5', 'X3', 'X2', 'X1', 'X6']"
93,lr_shap_list_ir_4,lr_shap_list_ir_4_subset_39,orderMean,"['X3', 'X4', 'X5', 'X2', 'X1', 'X6']"
94,lr_shap_list_ir_4,lr_shap_list_ir_4_subset_39,orderStd,"['X3', 'X5', 'X4', 'X2', 'X1', 'X6']"
95,lr_shap_list_ir_4,lr_shap_list_ir_4_subset_39,orderSum,"['X3', 'X4', 'X5', 'X2', 'X1', 'X6']"
96,lr_shap_list_ir_5,lr_shap_list_ir_5_subset_72,orderMean,"['X4', 'X5', 'X3', 'X2', 'X1', 'X6']"
97,lr_shap_list_ir_5,lr_shap_list_ir_5_subset_72,orderStd,"['X5', 'X4', 'X3', 'X2', 'X1', 'X6']"
98,lr_shap_list_ir_5,lr_shap_list_ir_5_subset_72,orderSum,"['X4', 'X5', 'X3', 'X2', 'X1', 'X6']"
99,lr_shap_list_ir_3,lr_shap_list_ir_3_subset_72,orderMean,"['X4', 'X5', 'X2', 'X1', 'X3', 'X6']"
100,lr_shap_list_ir_3,lr_shap_list_ir_3_subset_72,orderStd,"['X5', 'X2', 'X1', 'X3', 'X4', 'X6']"
101,lr_shap_list_ir_3,lr_shap_list_ir_3_subset_72,orderSum,"['X4', 'X5', 'X2', 'X1', 'X3', 'X6']"
102,lr_shap_list_ir_2,lr_shap_list_ir_2_subset_37,orderMean,"['X3', 'X2', 'X4', 'X1', 'X5', 'X6']"
103,lr_shap_list_ir_2,lr_shap_list_ir_2_subset_37,orderStd,"['X3', 'X2', 'X4', 'X1', 'X5', 'X6']"
104,lr_shap_list_ir_2,lr_shap_list_ir_2_subset_37,orderSum,"['X3', 'X2', 'X4', 'X1', 'X5', 'X6']"
105,lr_shap_list_ir_5,lr_shap_list_ir_5_subset_74,orderMean,"['X4', 'X5', 'X3', 'X2', 'X1', 'X6']"
106,lr_shap_list_ir_5,lr_shap_list_ir_5_subset_74,orderStd,"['X5', 'X3', 'X4', 'X2', 'X1', 'X6']"
107,lr_shap_list_ir_5,lr_shap_list_ir_5_subset_74,orderSum,"['X4', 'X5', 'X3', 'X2', 'X1', 'X6']"
108,lr_shap_list_ir_2,lr_shap_list_ir_2_subset_48,orderMean,"['X2', 'X4', 'X1', 'X5', 'X3', 'X6']"
109,lr_shap_list_ir_2,lr_shap_list_ir_2_subset_48,orderStd,"['X2', 'X1', 'X5', 'X3', 'X4', 'X6']"
110,lr_shap_list_ir_2,lr_shap_list_ir_2_subset_48,orderSum,"['X2', 'X4', 'X1', 'X5', 'X3', 'X6']"
111,lr_shap_list_ir_4,lr_shap_list_ir_4_subset_87,orderMean,"['X4', 'X5', 'X2', 'X1', 'X3', 'X6']"
112,lr_shap_list_ir_4,lr_shap_list_ir_4_subset_87,orderStd,"['X2', 'X5', 'X1', 'X3', 'X4', 'X6']"
113,lr_shap_list_ir_4,lr_shap_list_ir_4_subset_87,orderSum,"['X4', 'X5', 'X2', 'X1', 'X3', 'X6']"
114,lr_shap_list_ir_3,lr_shap_list_ir_3_subset_47,orderMean,"['X4', 'X5', 'X1', 'X3', 'X6', 'X2']"
115,lr_shap_list_ir_3,lr_shap_list_ir_3_subset_47,orderStd,"['X5', 'X3', 'X1', 'X4', 'X2', 'X6']"
116,lr_shap_list_ir_3,lr_shap_list_ir_3_subset_47,orderSum,"['X4', 'X5', 'X1', 'X3', 'X6', 'X2']"
117,lr_shap_list_ir_1,lr_shap_list_ir_1_subset_80,orderMean,"['X6', 'X4', 'X2', 'X1', 'X5', 'X3']"
118,lr_shap_list_ir_1,lr_shap_list_ir_1_subset_80,orderStd,"['X2', 'X6', 'X1', 'X4', 'X5', 'X3']"
119,lr_shap_list_ir_1,lr_shap_list_ir_1_subset_80,orderSum,"['X6', 'X4', 'X2', 'X1', 'X5', 'X3']"
120,lr_shap_list_ir_4,lr_shap_list_ir_4_subset_26,orderMean,"['X4', 'X1', 'X5', 'X3', 'X2', 'X6']"
121,lr_shap_list_ir_4,lr_shap_list_ir_4_subset_26,orderStd,"['X3', 'X5', 'X1', 'X4', 'X2', 'X6']"
122,lr_shap_list_ir_4,lr_shap_list_ir_4_subset_26,orderSum,"['X4', 'X1', 'X5', 'X3', 'X2', 'X6']"
123,lr_shap_list_ir_3,lr_shap_list_ir_3_subset_143,orderMean,"['X4', 'X5', 'X3', 'X1', 'X6', 'X2']"
124,lr_shap_list_ir_3,lr_shap_list_ir_3_subset_143,orderStd,"['X5', 'X3', 'X4', 'X2', 'X1', 'X6']"
125,lr_shap_list_ir_3,lr_shap_list_ir_3_subset_143,orderSum,"['X4', 'X5', 'X3', 'X1', 'X6', 'X2']"
126,lr_shap_list_ir_3,lr_shap_list_ir_3_subset_136,orderMean,"['X3', 'X4', 'X1', 'X5', 'X6', 'X2']"
127,lr_shap_list_ir_3,lr_shap_list_ir_3_subset_136,orderStd,"['X3', 'X5', 'X2', 'X1', 'X4', 'X6']"
128,lr_shap_list_ir_3,lr_shap_list_ir_3_subset_136,orderSum,"['X3', 'X4', 'X1', 'X5', 'X6', 'X2']"
129,lr_shap_list_ir_5,lr_shap_list_ir_5_subset_86,orderMean,"['X4', 'X5', 'X2', 'X3', 'X1', 'X6']"
130,lr_shap_list_ir_5,lr_shap_list_ir_5_subset_86,orderStd,"['X3', 'X5', 'X2', 'X4', 'X1', 'X6']"
131,lr_shap_list_ir_5,lr_shap_list_ir_5_subset_86,orderSum,"['X4', 'X5', 'X2', 'X3', 'X1', 'X6']"
132,lr_shap_list_ir_2,lr_shap_list_ir_2_subset_22,orderMean,"['X3', 'X4', 'X5', 'X1', 'X2', 'X6']"
133,lr_shap_list_ir_2,lr_shap_list_ir_2_subset_22,orderStd,"['X3', 'X1', 'X5', 'X4', 'X2', 'X6']"
134,lr_shap_list_ir_2,lr_shap_list_ir_2_subset_22,orderSum,"['X3', 'X4', 'X5', 'X1', 'X2', 'X6']"
135,lr_shap_list_ir_4,lr_shap_list_ir_4_subset_105,orderMean,"['X4', 'X3', 'X5', 'X2', 'X1', 'X6']"
136,lr_shap_list_ir_4,lr_shap_list_ir_4_subset_105,orderStd,"['X3', 'X5', 'X4', 'X2', 'X1', 'X6']"
137,lr_shap_list_ir_4,lr_shap_list_ir_4_subset_105,orderSum,"['X4', 'X3', 'X5', 'X2', 'X1', 'X6']"
138,lr_shap_list_ir_2,lr_shap_list_ir_2_subset_54,orderMean,"['X2', 'X4', 'X5', 'X1', 'X6', 'X3']"
139,lr_shap_list_ir_2,lr_shap_list_ir_2_subset_54,orderStd,"['X5', 'X2', 'X1', 'X4', 'X3', 'X6']"
140,lr_shap_list_ir_2,lr_shap_list_ir_2_subset_54,orderSum,"['X2', 'X4', 'X5', 'X1', 'X6', 'X3']"
141,lr_shap_list_ir_3,lr_shap_list_ir_3_subset_113,orderMean,"['X4', 'X2', 'X3', 'X5', 'X1', 'X6']"
142,lr_shap_list_ir_3,lr_shap_list_ir_3_subset_113,orderStd,"['X2', 'X5', 'X3', 'X4', 'X1', 'X6']"
143,lr_shap_list_ir_3,lr_shap_list_ir_3_subset_113,orderSum,"['X4', 'X2', 'X3', 'X5', 'X1', 'X6']"
144,lr_shap_list_ir_3,lr_shap_list_ir_3_subset_57,orderMean,"['X3', 'X4', 'X5', 'X1', 'X2', 'X6']"
145,lr_shap_list_ir_3,lr_shap_list_ir_3_subset_57,orderStd,"['X3', 'X1', 'X5', 'X4', 'X2', 'X6']"
146,lr_shap_list_ir_3,lr_shap_list_ir_3_subset_57,orderSum,"['X3', 'X4', 'X5', 'X1', 'X2', 'X6']"
147,lr_shap_list_ir_4,lr_shap_list_ir_4_subset_83,orderMean,"['X4', 'X5', 'X2', 'X3', 'X1', 'X6']"
148,lr_shap_list_ir_4,lr_shap_list_ir_4_subset_83,orderStd,"['X2', 'X5', 'X3', 'X4', 'X1', 'X6']"
149,lr_shap_list_ir_4,lr_shap_list_ir_4_subset_83,orderSum,"['X4', 'X5', 'X2', 'X3', 'X1', 'X6']"
150,lr_shap_list_ir_1,lr_shap_list_ir_1_subset_89,orderMean,"['X3', 'X2', 'X4', 'X6', 'X5', 'X1']"
151,lr_shap_list_ir_1,lr_shap_list_ir_1_subset_89,orderStd,"['X3', 'X2', 'X4', 'X5', 'X6', 'X1']"
152,lr_shap_list_ir_1,lr_shap_list_ir_1_subset_89,orderSum,"['X3', 'X2', 'X4', 'X6', 'X5', 'X1']"
153,lr_shap_list_ir_5,lr_shap_list_ir_5_subset_110,orderMean,"['X4', 'X5', 'X3', 'X2', 'X6', 'X1']"
154,lr_shap_list_ir_5,lr_shap_list_ir_5_subset_110,orderStd,"['X5', 'X4', 'X3', 'X2', 'X1', 'X6']"
155,lr_shap_list_ir_5,lr_shap_list_ir_5_subset_110,orderSum,"['X4', 'X5', 'X3', 'X2', 'X6', 'X1']"
156,lr_shap_list_ir_2,lr_shap_list_ir_2_subset_71,orderMean,"['X4', 'X5', 'X3', 'X2', 'X6', 'X1']"
157,lr_shap_list_ir_2,lr_shap_list_ir_2_subset_71,orderStd,"['X5', 'X3', 'X4', 'X2', 'X1', 'X6']"
158,lr_shap_list_ir_2,lr_shap_list_ir_2_subset_71,orderSum,"['X4', 'X5', 'X3', 'X2', 'X6', 'X1']"
159,lr_shap_list_ir_5,lr_shap_list_ir_5_subset_93,orderMean,"['X4', 'X5', 'X2', 'X3', 'X1', 'X6']"
160,lr_shap_list_ir_5,lr_shap_list_ir_5_subset_93,orderStd,"['X5', 'X3', 'X2', 'X4', 'X1', 'X6']"
161,lr_shap_list_ir_5,lr_shap_list_ir_5_subset_93,orderSum,"['X4', 'X5', 'X2', 'X3', 'X1', 'X6']"
162,lr_shap_list_ir_4,lr_shap_list_ir_4_subset_127,orderMean,"['X4', 'X3', 'X5', 'X2', 'X6', 'X1']"
163,lr_shap_list_ir_4,lr_shap_list_ir_4_subset_127,orderStd,"['X3', 'X5', 'X2', 'X4', 'X1', 'X6']"
164,lr_shap_list_ir_4,lr_shap_list_ir_4_subset_127,orderSum,"['X4', 'X3', 'X5', 'X2', 'X6', 'X1']"
165,lr_shap_list_ir_2,lr_shap_list_ir_2_subset_84,orderMean,"['X4', 'X3', 'X6', 'X5', 'X2', 'X1']"
166,lr_shap_list_ir_2,lr_shap_list_ir_2_subset_84,orderStd,"['X3', 'X5', 'X4', 'X2', 'X1', 'X6']"
167,lr_shap_list_ir_2,lr_shap_list_ir_2_subset_84,orderSum,"['X4', 'X3', 'X6', 'X5', 'X2', 'X1']"
168,lr_shap_list_ir_1,lr_shap_list_ir_1_subset_50,orderMean,"['X4', 'X2', 'X3', 'X6', 'X1', 'X5']"
169,lr_shap_list_ir_1,lr_shap_list_ir_1_subset_50,orderStd,"['X2', 'X3', 'X1', 'X4', 'X6', 'X5']"
170,lr_shap_list_ir_1,lr_shap_list_ir_1_subset_50,orderSum,"['X4', 'X2', 'X3', 'X6', 'X1', 'X5']"
171,lr_shap_list_ir_5,lr_shap_list_ir_5_subset_117,orderMean,"['X4', 'X5', 'X3', 'X2', 'X6', 'X1']"
172,lr_shap_list_ir_5,lr_shap_list_ir_5_subset_117,orderStd,"['X3', 'X5', 'X4', 'X2', 'X1', 'X6']"
173,lr_shap_list_ir_5,lr_shap_list_ir_5_subset_117,orderSum,"['X4', 'X5', 'X3', 'X2', 'X6', 'X1']"
174,lr_shap_list_ir_1,lr_shap_list_ir_1_subset_92,orderMean,"['X3', 'X2', 'X6', 'X1', 'X4', 'X5']"
175,lr_shap_list_ir_1,lr_shap_list_ir_1_subset_92,orderStd,"['X3', 'X2', 'X1', 'X5', 'X4', 'X6']"
176,lr_shap_list_ir_1,lr_shap_list_ir_1_subset_92,orderSum,"['X3', 'X2', 'X6', 'X1', 'X4', 'X5']"
177,lr_shap_list_ir_3,lr_shap_list_ir_3_subset_32,orderMean,"['X4', 'X5', 'X1', 'X2', 'X3', 'X6']"
178,lr_shap_list_ir_3,lr_shap_list_ir_3_subset_32,orderStd,"['X5', 'X2', 'X1', 'X3', 'X4', 'X6']"
179,lr_shap_list_ir_3,lr_shap_list_ir_3_subset_32,orderSum,"['X4', 'X5', 'X1', 'X2', 'X3', 'X6']"
180,lr_shap_list_ir_1,lr_shap_list_ir_1_subset_55,orderMean,"['X1', 'X6', 'X4', 'X5', 'X2', 'X3']"
181,lr_shap_list_ir_1,lr_shap_list_ir_1_subset_55,orderStd,"['X1', 'X5', 'X4', 'X2', 'X6', 'X3']"
182,lr_shap_list_ir_1,lr_shap_list_ir_1_subset_55,orderSum,"['X1', 'X6', 'X4', 'X5', 'X2', 'X3']"
183,lr_shap_list_ir_3,lr_shap_list_ir_3_subset_19,orderMean,"['X3', 'X4', 'X5', 'X1', 'X2', 'X6']"
184,lr_shap_list_ir_3,lr_shap_list_ir_3_subset_19,orderStd,"['X3', 'X5', 'X2', 'X1', 'X4', 'X6']"
185,lr_shap_list_ir_3,lr_shap_list_ir_3_subset_19,orderSum,"['X3', 'X4', 'X5', 'X1', 'X2', 'X6']"
186,lr_shap_list_ir_2,lr_shap_list_ir_2_subset_70,orderMean,"['X2', 'X4', 'X3', 'X5', 'X6', 'X1']"
187,lr_shap_list_ir_2,lr_shap_list_ir_2_subset_70,orderStd,"['X2', 'X3', 'X4', 'X5', 'X1', 'X6']"
188,lr_shap_list_ir_2,lr_shap_list_ir_2_subset_70,orderSum,"['X2', 'X4', 'X3', 'X5', 'X6', 'X1']"
189,lr_shap_list_ir_2,lr_shap_list_ir_2_subset_20,orderMean,"['X3', 'X2', 'X4', 'X5', 'X6', 'X1']"
190,lr_shap_list_ir_2,lr_shap_list_ir_2_subset_20,orderStd,"['X3', 'X2', 'X4', 'X5', 'X1', 'X6']"
191,lr_shap_list_ir_2,lr_shap_list_ir_2_subset_20,orderSum,"['X3', 'X2', 'X4', 'X5', 'X6', 'X1']"
192,lr_shap_list_ir_2,lr_shap_list_ir_2_subset_139,orderMean,"['X2', 'X4', 'X5', 'X1', 'X3', 'X6']"
193,lr_shap_list_ir_2,lr_shap_list_ir_2_subset_139,orderStd,"['X2', 'X5', 'X3', 'X1', 'X4', 'X6']"
194,lr_shap_list_ir_2,lr_shap_list_ir_2_subset_139,orderSum,"['X2', 'X4', 'X5', 'X1', 'X3', 'X6']"
195,lr_shap_list_ir_1,lr_shap_list_ir_1_subset_40,orderMean,"['X2', 'X4', 'X5', 'X3', 'X1', 'X6']"
196,lr_shap_list_ir_1,lr_shap_list_ir_1_subset_40,orderStd,"['X2', 'X3', 'X5', 'X4', 'X1', 'X6']"
197,lr_shap_list_ir_1,lr_shap_list_ir_1_subset_40,orderSum,"['X2', 'X4', 'X5', 'X3', 'X1', 'X6']"
198,lr_shap_list_ir_4,lr_shap_list_ir_4_subset_69,orderMean,"['X4', 'X5', 'X3', 'X2', 'X1', 'X6']"
199,lr_shap_list_ir_4,lr_shap_list_ir_4_subset_69,orderStd,"['X5', 'X4', 'X3', 'X2', 'X1', 'X6']"
200,lr_shap_list_ir_4,lr_shap_list_ir_4_subset_69,orderSum,"['X4', 'X5', 'X3', 'X2', 'X1', 'X6']"
201,lr_shap_list_ir_4,lr_shap_list_ir_4_subset_137,orderMean,"['X3', 'X6', 'X4', 'X5', 'X1', 'X2']"
202,lr_shap_list_ir_4,lr_shap_list_ir_4_subset_137,orderStd,"['X3', 'X5', 'X1', 'X4', 'X2', 'X6']"
203,lr_shap_list_ir_4,lr_shap_list_ir_4_subset_137,orderSum,"['X3', 'X6', 'X4', 'X5', 'X1', 'X2']"
204,lr_shap_list_ir_4,lr_shap_list_ir_4_subset_67,orderMean,"['X5', 'X4', 'X3', 'X2', 'X1', 'X6']"
205,lr_shap_list_ir_4,lr_shap_list_ir_4_subset_67,orderStd,"['X5', 'X2', 'X3', 'X1', 'X4', 'X6']"
206,lr_shap_list_ir_4,lr_shap_list_ir_4_subset_67,orderSum,"['X5', 'X4', 'X3', 'X2', 'X1', 'X6']"
207,lr_shap_list_ir_5,lr_shap_list_ir_5_subset_23,orderMean,"['X3', 'X5', 'X4', 'X2', 'X1', 'X6']"
208,lr_shap_list_ir_5,lr_shap_list_ir_5_subset_23,orderStd,"['X3', 'X5', 'X2', 'X1', 'X4', 'X6']"
209,lr_shap_list_ir_5,lr_shap_list_ir_5_subset_23,orderSum,"['X3', 'X5', 'X4', 'X2', 'X1', 'X6']"
210,lr_shap_list_ir_1,lr_shap_list_ir_1_subset_106,orderMean,"['X1', 'X6', 'X2', 'X3', 'X5', 'X4']"
211,lr_shap_list_ir_1,lr_shap_list_ir_1_subset_106,orderStd,"['X1', 'X5', 'X3', 'X2', 'X6', 'X4']"
212,lr_shap_list_ir_1,lr_shap_list_ir_1_subset_106,orderSum,"['X1', 'X6', 'X2', 'X3', 'X5', 'X4']"
213,lr_shap_list_ir_5,lr_shap_list_ir_5_subset_12,orderMean,"['X4', 'X5', 'X2', 'X3', 'X1', 'X6']"
214,lr_shap_list_ir_5,lr_shap_list_ir_5_subset_12,orderStd,"['X5', 'X2', 'X3', 'X4', 'X1', 'X6']"
215,lr_shap_list_ir_5,lr_shap_list_ir_5_subset_12,orderSum,"['X4', 'X5', 'X2', 'X3', 'X1', 'X6']"
216,lr_shap_list_ir_3,lr_shap_list_ir_3_subset_44,orderMean,"['X4', 'X5', 'X3', 'X2', 'X1', 'X6']"
217,lr_shap_list_ir_3,lr_shap_list_ir_3_subset_44,orderStd,"['X5', 'X3', 'X1', 'X2', 'X4', 'X6']"
218,lr_shap_list_ir_3,lr_shap_list_ir_3_subset_44,orderSum,"['X4', 'X5', 'X3', 'X2', 'X1', 'X6']"
219,lr_shap_list_ir_1,lr_shap_list_ir_1_subset_116,orderMean,"['X2', 'X4', 'X6', 'X3', 'X5', 'X1']"
220,lr_shap_list_ir_1,lr_shap_list_ir_1_subset_116,orderStd,"['X2', 'X3', 'X4', 'X5', 'X1', 'X6']"
221,lr_shap_list_ir_1,lr_shap_list_ir_1_subset_116,orderSum,"['X2', 'X4', 'X6', 'X3', 'X5', 'X1']"
222,lr_shap_list_ir_4,lr_shap_list_ir_4_subset_123,orderMean,"['X4', 'X5', 'X2', 'X3', 'X1', 'X6']"
223,lr_shap_list_ir_4,lr_shap_list_ir_4_subset_123,orderStd,"['X5', 'X3', 'X4', 'X2', 'X1', 'X6']"
224,lr_shap_list_ir_4,lr_shap_list_ir_4_subset_123,orderSum,"['X4', 'X5', 'X2', 'X3', 'X1', 'X6']"
225,lr_shap_list_ir_3,lr_shap_list_ir_3_subset_54,orderMean,"['X4', 'X5', 'X2', 'X3', 'X1', 'X6']"
226,lr_shap_list_ir_3,lr_shap_list_ir_3_subset_54,orderStd,"['X5', 'X2', 'X4', 'X3', 'X1', 'X6']"
227,lr_shap_list_ir_3,lr_shap_list_ir_3_subset_54,orderSum,"['X4', 'X5', 'X2', 'X3', 'X1', 'X6']"
228,lr_shap_list_ir_5,lr_shap_list_ir_5_subset_39,orderMean,"['X4', 'X5', 'X3', 'X1', 'X2', 'X6']"
229,lr_shap_list_ir_5,lr_shap_list_ir_5_subset_39,orderStd,"['X5', 'X3', 'X4', 'X1', 'X2', 'X6']"
230,lr_shap_list_ir_5,lr_shap_list_ir_5_subset_39,orderSum,"['X4', 'X5', 'X3', 'X1', 'X2', 'X6']"
231,lr_shap_list_ir_2,lr_shap_list_ir_2_subset_111,orderMean,"['X4', 'X3', 'X2', 'X5', 'X6', 'X1']"
232,lr_shap_list_ir_2,lr_shap_list_ir_2_subset_111,orderStd,"['X3', 'X5', 'X4', 'X2', 'X1', 'X6']"
233,lr_shap_list_ir_2,lr_shap_list_ir_2_subset_111,orderSum,"['X4', 'X3', 'X2', 'X5', 'X6', 'X1']"
234,lr_shap_list_ir_4,lr_shap_list_ir_4_subset_53,orderMean,"['X4', 'X5', 'X3', 'X1', 'X2', 'X6']"
235,lr_shap_list_ir_4,lr_shap_list_ir_4_subset_53,orderStd,"['X3', 'X5', 'X1', 'X2', 'X4', 'X6']"
236,lr_shap_list_ir_4,lr_shap_list_ir_4_subset_53,orderSum,"['X4', 'X5', 'X3', 'X1', 'X2', 'X6']"
237,lr_shap_list_ir_1,lr_shap_list_ir_1_subset_39,orderMean,"['X5', 'X1', 'X3', 'X6', 'X2', 'X4']"
238,lr_shap_list_ir_1,lr_shap_list_ir_1_subset_39,orderStd,"['X5', 'X3', 'X1', 'X2', 'X6', 'X4']"
239,lr_shap_list_ir_1,lr_shap_list_ir_1_subset_39,orderSum,"['X5', 'X1', 'X3', 'X6', 'X2', 'X4']"
240,lr_shap_list_ir_3,lr_shap_list_ir_3_subset_46,orderMean,"['X3', 'X4', 'X5', 'X1', 'X2', 'X6']"
241,lr_shap_list_ir_3,lr_shap_list_ir_3_subset_46,orderStd,"['X3', 'X5', 'X1', 'X2', 'X4', 'X6']"
242,lr_shap_list_ir_3,lr_shap_list_ir_3_subset_46,orderSum,"['X3', 'X4', 'X5', 'X1', 'X2', 'X6']"
243,lr_shap_list_ir_3,lr_shap_list_ir_3_subset_119,orderMean,"['X3', 'X1', 'X4', 'X5', 'X6', 'X2']"
244,lr_shap_list_ir_3,lr_shap_list_ir_3_subset_119,orderStd,"['X3', 'X5', 'X1', 'X2', 'X4', 'X6']"
245,lr_shap_list_ir_3,lr_shap_list_ir_3_subset_119,orderSum,"['X3', 'X1', 'X4', 'X5', 'X6', 'X2']"
246,lr_shap_list_ir_1,lr_shap_list_ir_1_subset_107,orderMean,"['X2', 'X1', 'X4', 'X5', 'X6', 'X3']"
247,lr_shap_list_ir_1,lr_shap_list_ir_1_subset_107,orderStd,"['X1', 'X2', 'X5', 'X4', 'X3', 'X6']"
248,lr_shap_list_ir_1,lr_shap_list_ir_1_subset_107,orderSum,"['X2', 'X1', 'X4', 'X5', 'X6', 'X3']"
249,lr_shap_list_ir_4,lr_shap_list_ir_4_subset_107,orderMean,"['X4', 'X5', 'X3', 'X2', 'X1', 'X6']"
250,lr_shap_list_ir_4,lr_shap_list_ir_4_subset_107,orderStd,"['X5', 'X3', 'X4', 'X2', 'X1', 'X6']"
251,lr_shap_list_ir_4,lr_shap_list_ir_4_subset_107,orderSum,"['X4', 'X5', 'X3', 'X2', 'X1', 'X6']"
252,lr_shap_list_ir_5,lr_shap_list_ir_5_subset_90,orderMean,"['X4', 'X5', 'X2', 'X3', 'X1', 'X6']"
253,lr_shap_list_ir_5,lr_shap_list_ir_5_subset_90,orderStd,"['X5', 'X3', 'X2', 'X4', 'X1', 'X6']"
254,lr_shap_list_ir_5,lr_shap_list_ir_5_subset_90,orderSum,"['X4', 'X5', 'X2', 'X3', 'X1', 'X6']"
255,lr_shap_list_ir_1,lr_shap_list_ir_1_subset_119,orderMean,"['X3', 'X4', 'X2', 'X5', 'X6', 'X1']"
256,lr_shap_list_ir_1,lr_shap_list_ir_1_subset_119,orderStd,"['X3', 'X2', 'X4', 'X5', 'X1', 'X6']"
257,lr_shap_list_ir_1,lr_shap_list_ir_1_subset_119,orderSum,"['X3', 'X4', 'X2', 'X5', 'X6', 'X1']"
258,lr_shap_list_ir_4,lr_shap_list_ir_4_subset_25,orderMean,"['X4', 'X2', 'X5', 'X3', 'X1', 'X6']"
259,lr_shap_list_ir_4,lr_shap_list_ir_4_subset_25,orderStd,"['X3', 'X5', 'X2', 'X1', 'X4', 'X6']"
260,lr_shap_list_ir_4,lr_shap_list_ir_4_subset_25,orderSum,"['X4', 'X2', 'X5', 'X3', 'X1', 'X6']"
261,lr_shap_list_ir_5,lr_shap_list_ir_5_subset_35,orderMean,"['X5', 'X4', 'X3', 'X1', 'X2', 'X6']"
262,lr_shap_list_ir_5,lr_shap_list_ir_5_subset_35,orderStd,"['X5', 'X3', 'X2', 'X1', 'X4', 'X6']"
263,lr_shap_list_ir_5,lr_shap_list_ir_5_subset_35,orderSum,"['X5', 'X4', 'X3', 'X1', 'X2', 'X6']"
264,lr_shap_list_ir_3,lr_shap_list_ir_3_subset_65,orderMean,"['X3', 'X4', 'X5', 'X2', 'X6', 'X1']"
265,lr_shap_list_ir_3,lr_shap_list_ir_3_subset_65,orderStd,"['X3', 'X5', 'X2', 'X4', 'X1', 'X6']"
266,lr_shap_list_ir_3,lr_shap_list_ir_3_subset_65,orderSum,"['X3', 'X4', 'X5', 'X2', 'X6', 'X1']"
267,lr_shap_list_ir_3,lr_shap_list_ir_3_subset_95,orderMean,"['X4', 'X3', 'X1', 'X5', 'X2', 'X6']"
268,lr_shap_list_ir_3,lr_shap_list_ir_3_subset_95,orderStd,"['X5', 'X1', 'X3', 'X2', 'X4', 'X6']"
269,lr_shap_list_ir_3,lr_shap_list_ir_3_subset_95,orderSum,"['X4', 'X3', 'X1', 'X5', 'X2', 'X6']"
270,lr_shap_list_ir_1,lr_shap_list_ir_1_subset_14,orderMean,"['X4', 'X2', 'X3', 'X6', 'X5', 'X1']"
271,lr_shap_list_ir_1,lr_shap_list_ir_1_subset_14,orderStd,"['X2', 'X3', 'X4', 'X5', 'X6', 'X1']"
272,lr_shap_list_ir_1,lr_shap_list_ir_1_subset_14,orderSum,"['X4', 'X2', 'X3', 'X6', 'X5', 'X1']"
273,lr_shap_list_ir_2,lr_shap_list_ir_2_subset_127,orderMean,"['X4', 'X5', 'X2', 'X1', 'X6', 'X3']"
274,lr_shap_list_ir_2,lr_shap_list_ir_2_subset_127,orderStd,"['X2', 'X5', 'X1', 'X3', 'X4', 'X6']"
275,lr_shap_list_ir_2,lr_shap_list_ir_2_subset_127,orderSum,"['X4', 'X5', 'X2', 'X1', 'X6', 'X3']"
276,lr_shap_list_ir_2,lr_shap_list_ir_2_subset_19,orderMean,"['X3', 'X2', 'X4', 'X6', 'X5', 'X1']"
277,lr_shap_list_ir_2,lr_shap_list_ir_2_subset_19,orderStd,"['X2', 'X3', 'X5', 'X1', 'X4', 'X6']"
278,lr_shap_list_ir_2,lr_shap_list_ir_2_subset_19,orderSum,"['X3', 'X2', 'X4', 'X6', 'X5', 'X1']"
279,lr_shap_list_ir_4,lr_shap_list_ir_4_subset_7,orderMean,"['X4', 'X3', 'X5', 'X2', 'X1', 'X6']"
280,lr_shap_list_ir_4,lr_shap_list_ir_4_subset_7,orderStd,"['X3', 'X5', 'X4', 'X2', 'X1', 'X6']"
281,lr_shap_list_ir_4,lr_shap_list_ir_4_subset_7,orderSum,"['X4', 'X3', 'X5', 'X2', 'X1', 'X6']"
282,lr_shap_list_ir_3,lr_shap_list_ir_3_subset_2,orderMean,"['X4', 'X5', 'X3', 'X1', 'X2', 'X6']"
283,lr_shap_list_ir_3,lr_shap_list_ir_3_subset_2,orderStd,"['X3', 'X5', 'X4', 'X2', 'X1', 'X6']"
284,lr_shap_list_ir_3,lr_shap_list_ir_3_subset_2,orderSum,"['X4', 'X5', 'X3', 'X1', 'X2', 'X6']"
285,lr_shap_list_ir_3,lr_shap_list_ir_3_subset_103,orderMean,"['X4', 'X3', 'X5', 'X1', 'X2', 'X6']"
286,lr_shap_list_ir_3,lr_shap_list_ir_3_subset_103,orderStd,"['X3', 'X5', 'X1', 'X4', 'X2', 'X6']"
287,lr_shap_list_ir_3,lr_shap_list_ir_3_subset_103,orderSum,"['X4', 'X3', 'X5', 'X1', 'X2', 'X6']"
288,lr_shap_list_ir_4,lr_shap_list_ir_4_subset_41,orderMean,"['X5', 'X6', 'X3', 'X1', 'X2', 'X4']"
289,lr_shap_list_ir_4,lr_shap_list_ir_4_subset_41,orderStd,"['X5', 'X2', 'X3', 'X1', 'X4', 'X6']"
290,lr_shap_list_ir_4,lr_shap_list_ir_4_subset_41,orderSum,"['X5', 'X6', 'X3', 'X1', 'X2', 'X4']"
291,lr_shap_list_ir_2,lr_shap_list_ir_2_subset_9,orderMean,"['X3', 'X6', 'X4', 'X2', 'X1', 'X5']"
292,lr_shap_list_ir_2,lr_shap_list_ir_2_subset_9,orderStd,"['X3', 'X1', 'X2', 'X5', 'X4', 'X6']"
293,lr_shap_list_ir_2,lr_shap_list_ir_2_subset_9,orderSum,"['X3', 'X6', 'X4', 'X2', 'X1', 'X5']"
294,lr_shap_list_ir_4,lr_shap_list_ir_4_subset_54,orderMean,"['X4', 'X5', 'X3', 'X2', 'X1', 'X6']"
295,lr_shap_list_ir_4,lr_shap_list_ir_4_subset_54,orderStd,"['X3', 'X5', 'X4', 'X2', 'X1', 'X6']"
296,lr_shap_list_ir_4,lr_shap_list_ir_4_subset_54,orderSum,"['X4', 'X5', 'X3', 'X2', 'X1', 'X6']"
297,lr_shap_list_ir_1,lr_shap_list_ir_1_subset_148,orderMean,"['X3', 'X6', 'X1', 'X2', 'X5', 'X4']"
298,lr_shap_list_ir_1,lr_shap_list_ir_1_subset_148,orderStd,"['X3', 'X1', 'X2', 'X6', 'X5', 'X4']"
299,lr_shap_list_ir_1,lr_shap_list_ir_1_subset_148,orderSum,"['X3', 'X6', 'X1', 'X2', 'X5', 'X4']"
300,lr_shap_list_ir_1,lr_shap_list_ir_1_subset_49,orderMean,"['X4', 'X6', 'X5', 'X3', 'X1', 'X2']"
301,lr_shap_list_ir_1,lr_shap_list_ir_1_subset_49,orderStd,"['X4', 'X5', 'X1', 'X3', 'X6', 'X2']"
302,lr_shap_list_ir_1,lr_shap_list_ir_1_subset_49,orderSum,"['X4', 'X6', 'X5', 'X3', 'X1', 'X2']"
303,lr_shap_list_ir_2,lr_shap_list_ir_2_subset_17,orderMean,"['X4', 'X2', 'X3', 'X5', 'X1', 'X6']"
304,lr_shap_list_ir_2,lr_shap_list_ir_2_subset_17,orderStd,"['X3', 'X2', 'X5', 'X1', 'X4', 'X6']"
305,lr_shap_list_ir_2,lr_shap_list_ir_2_subset_17,orderSum,"['X4', 'X2', 'X3', 'X5', 'X1', 'X6']"
306,lr_shap_list_ir_1,lr_shap_list_ir_1_subset_63,orderMean,"['X1', 'X6', 'X5', 'X4', 'X2', 'X3']"
307,lr_shap_list_ir_1,lr_shap_list_ir_1_subset_63,orderStd,"['X1', 'X2', 'X5', 'X3', 'X4', 'X6']"
308,lr_shap_list_ir_1,lr_shap_list_ir_1_subset_63,orderSum,"['X1', 'X6', 'X5', 'X4', 'X2', 'X3']"
309,lr_shap_list_ir_5,lr_shap_list_ir_5_subset_145,orderMean,"['X4', 'X5', 'X3', 'X1', 'X2', 'X6']"
310,lr_shap_list_ir_5,lr_shap_list_ir_5_subset_145,orderStd,"['X3', 'X5', 'X4', 'X2', 'X1', 'X6']"
311,lr_shap_list_ir_5,lr_shap_list_ir_5_subset_145,orderSum,"['X4', 'X5', 'X3', 'X1', 'X2', 'X6']"
312,lr_shap_list_ir_3,lr_shap_list_ir_3_subset_142,orderMean,"['X3', 'X6', 'X1', 'X4', 'X5', 'X2']"
313,lr_shap_list_ir_3,lr_shap_list_ir_3_subset_142,orderStd,"['X3', 'X1', 'X2', 'X5', 'X4', 'X6']"
314,lr_shap_list_ir_3,lr_shap_list_ir_3_subset_142,orderSum,"['X3', 'X6', 'X1', 'X4', 'X5', 'X2']"
315,lr_shap_list_ir_3,lr_shap_list_ir_3_subset_138,orderMean,"['X4', 'X5', 'X3', 'X2', 'X6', 'X1']"
316,lr_shap_list_ir_3,lr_shap_list_ir_3_subset_138,orderStd,"['X5', 'X3', 'X4', 'X2', 'X1', 'X6']"
317,lr_shap_list_ir_3,lr_shap_list_ir_3_subset_138,orderSum,"['X4', 'X5', 'X3', 'X2', 'X6', 'X1']"
318,lr_shap_list_ir_1,lr_shap_list_ir_1_subset_10,orderMean,"['X6', 'X4', 'X1', 'X5', 'X2', 'X3']"
319,lr_shap_list_ir_1,lr_shap_list_ir_1_subset_10,orderStd,"['X5', 'X1', 'X2', 'X4', 'X6', 'X3']"
320,lr_shap_list_ir_1,lr_shap_list_ir_1_subset_10,orderSum,"['X6', 'X4', 'X1', 'X5', 'X2', 'X3']"
321,lr_shap_list_ir_2,lr_shap_list_ir_2_subset_7,orderMean,"['X4', 'X3', 'X5', 'X6', 'X1', 'X2']"
322,lr_shap_list_ir_2,lr_shap_list_ir_2_subset_7,orderStd,"['X3', 'X5', 'X4', 'X2', 'X1', 'X6']"
323,lr_shap_list_ir_2,lr_shap_list_ir_2_subset_7,orderSum,"['X4', 'X3', 'X5', 'X6', 'X1', 'X2']"
324,lr_shap_list_ir_5,lr_shap_list_ir_5_subset_107,orderMean,"['X5', 'X4', 'X3', 'X2', 'X1', 'X6']"
325,lr_shap_list_ir_5,lr_shap_list_ir_5_subset_107,orderStd,"['X5', 'X2', 'X3', 'X4', 'X1', 'X6']"
326,lr_shap_list_ir_5,lr_shap_list_ir_5_subset_107,orderSum,"['X5', 'X4', 'X3', 'X2', 'X1', 'X6']"
327,lr_shap_list_ir_1,lr_shap_list_ir_1_subset_79,orderMean,"['X3', 'X2', 'X4', 'X1', 'X5', 'X6']"
328,lr_shap_list_ir_1,lr_shap_list_ir_1_subset_79,orderStd,"['X3', 'X2', 'X4', 'X1', 'X5', 'X6']"
329,lr_shap_list_ir_1,lr_shap_list_ir_1_subset_79,orderSum,"['X3', 'X2', 'X4', 'X1', 'X5', 'X6']"
330,lr_shap_list_ir_2,lr_shap_list_ir_2_subset_109,orderMean,"['X3', 'X4', 'X2', 'X6', 'X1', 'X5']"
331,lr_shap_list_ir_2,lr_shap_list_ir_2_subset_109,orderStd,"['X3', 'X2', 'X1', 'X5', 'X4', 'X6']"
332,lr_shap_list_ir_2,lr_shap_list_ir_2_subset_109,orderSum,"['X3', 'X4', 'X2', 'X6', 'X1', 'X5']"
333,lr_shap_list_ir_2,lr_shap_list_ir_2_subset_82,orderMean,"['X4', 'X3', 'X2', 'X1', 'X5', 'X6']"
334,lr_shap_list_ir_2,lr_shap_list_ir_2_subset_82,orderStd,"['X2', 'X3', 'X1', 'X5', 'X4', 'X6']"
335,lr_shap_list_ir_2,lr_shap_list_ir_2_subset_82,orderSum,"['X4', 'X3', 'X2', 'X1', 'X5', 'X6']"
336,lr_shap_list_ir_3,lr_shap_list_ir_3_subset_50,orderMean,"['X3', 'X4', 'X2', 'X6', 'X5', 'X1']"
337,lr_shap_list_ir_3,lr_shap_list_ir_3_subset_50,orderStd,"['X3', 'X2', 'X5', 'X4', 'X1', 'X6']"
338,lr_shap_list_ir_3,lr_shap_list_ir_3_subset_50,orderSum,"['X3', 'X4', 'X2', 'X6', 'X5', 'X1']"
339,lr_shap_list_ir_1,lr_shap_list_ir_1_subset_17,orderMean,"['X4', 'X5', 'X1', 'X3', 'X2', 'X6']"
340,lr_shap_list_ir_1,lr_shap_list_ir_1_subset_17,orderStd,"['X5', 'X1', 'X3', 'X2', 'X4', 'X6']"
341,lr_shap_list_ir_1,lr_shap_list_ir_1_subset_17,orderSum,"['X4', 'X5', 'X1', 'X3', 'X2', 'X6']"
342,lr_shap_list_ir_3,lr_shap_list_ir_3_subset_135,orderMean,"['X2', 'X4', 'X3', 'X5', 'X6', 'X1']"
343,lr_shap_list_ir_3,lr_shap_list_ir_3_subset_135,orderStd,"['X2', 'X3', 'X5', 'X4', 'X1', 'X6']"
344,lr_shap_list_ir_3,lr_shap_list_ir_3_subset_135,orderSum,"['X2', 'X4', 'X3', 'X5', 'X6', 'X1']"
345,lr_shap_list_ir_3,lr_shap_list_ir_3_subset_131,orderMean,"['X4', 'X3', 'X5', 'X2', 'X1', 'X6']"
346,lr_shap_list_ir_3,lr_shap_list_ir_3_subset_131,orderStd,"['X3', 'X4', 'X2', 'X5', 'X1', 'X6']"
347,lr_shap_list_ir_3,lr_shap_list_ir_3_subset_131,orderSum,"['X4', 'X3', 'X5', 'X2', 'X1', 'X6']"
348,lr_shap_list_ir_3,lr_shap_list_ir_3_subset_17,orderMean,"['X6', 'X3', 'X5', 'X1', 'X2', 'X4']"
349,lr_shap_list_ir_3,lr_shap_list_ir_3_subset_17,orderStd,"['X5', 'X3', 'X1', 'X2', 'X4', 'X6']"
350,lr_shap_list_ir_3,lr_shap_list_ir_3_subset_17,orderSum,"['X6', 'X3', 'X5', 'X1', 'X2', 'X4']"
351,lr_shap_list_ir_4,lr_shap_list_ir_4_subset_66,orderMean,"['X3', 'X5', 'X4', 'X2', 'X6', 'X1']"
352,lr_shap_list_ir_4,lr_shap_list_ir_4_subset_66,orderStd,"['X3', 'X5', 'X2', 'X1', 'X4', 'X6']"
353,lr_shap_list_ir_4,lr_shap_list_ir_4_subset_66,orderSum,"['X3', 'X5', 'X4', 'X2', 'X6', 'X1']"
354,lr_shap_list_ir_5,lr_shap_list_ir_5_subset_75,orderMean,"['X4', 'X5', 'X3', 'X2', 'X1', 'X6']"
355,lr_shap_list_ir_5,lr_shap_list_ir_5_subset_75,orderStd,"['X5', 'X3', 'X4', 'X2', 'X1', 'X6']"
356,lr_shap_list_ir_5,lr_shap_list_ir_5_subset_75,orderSum,"['X4', 'X5', 'X3', 'X2', 'X1', 'X6']"
357,lr_shap_list_ir_3,lr_shap_list_ir_3_subset_66,orderMean,"['X3', 'X2', 'X4', 'X1', 'X5', 'X6']"
358,lr_shap_list_ir_3,lr_shap_list_ir_3_subset_66,orderStd,"['X3', 'X2', 'X5', 'X1', 'X4', 'X6']"
359,lr_shap_list_ir_3,lr_shap_list_ir_3_subset_66,orderSum,"['X3', 'X2', 'X4', 'X1', 'X5', 'X6']"
360,lr_shap_list_ir_1,lr_shap_list_ir_1_subset_47,orderMean,"['X3', 'X4', 'X2', 'X6', 'X1', 'X5']"
361,lr_shap_list_ir_1,lr_shap_list_ir_1_subset_47,orderStd,"['X3', 'X2', 'X4', 'X1', 'X5', 'X6']"
362,lr_shap_list_ir_1,lr_shap_list_ir_1_subset_47,orderSum,"['X3', 'X4', 'X2', 'X6', 'X1', 'X5']"
363,lr_shap_list_ir_3,lr_shap_list_ir_3_subset_77,orderMean,"['X4', 'X2', 'X3', 'X5', 'X6', 'X1']"
364,lr_shap_list_ir_3,lr_shap_list_ir_3_subset_77,orderStd,"['X3', 'X2', 'X5', 'X4', 'X1', 'X6']"
365,lr_shap_list_ir_3,lr_shap_list_ir_3_subset_77,orderSum,"['X4', 'X2', 'X3', 'X5', 'X6', 'X1']"
366,lr_shap_list_ir_3,lr_shap_list_ir_3_subset_60,orderMean,"['X4', 'X5', 'X6', 'X2', 'X3', 'X1']"
367,lr_shap_list_ir_3,lr_shap_list_ir_3_subset_60,orderStd,"['X5', 'X4', 'X2', 'X1', 'X3', 'X6']"
368,lr_shap_list_ir_3,lr_shap_list_ir_3_subset_60,orderSum,"['X4', 'X5', 'X6', 'X2', 'X3', 'X1']"
369,lr_shap_list_ir_1,lr_shap_list_ir_1_subset_46,orderMean,"['X4', 'X1', 'X6', 'X5', 'X2', 'X3']"
370,lr_shap_list_ir_1,lr_shap_list_ir_1_subset_46,orderStd,"['X1', 'X5', 'X4', 'X2', 'X3', 'X6']"
371,lr_shap_list_ir_1,lr_shap_list_ir_1_subset_46,orderSum,"['X4', 'X1', 'X6', 'X5', 'X2', 'X3']"
372,lr_shap_list_ir_1,lr_shap_list_ir_1_subset_37,orderMean,"['X1', 'X4', 'X5', 'X2', 'X6', 'X3']"
373,lr_shap_list_ir_1,lr_shap_list_ir_1_subset_37,orderStd,"['X1', 'X5', 'X2', 'X4', 'X3', 'X6']"
374,lr_shap_list_ir_1,lr_shap_list_ir_1_subset_37,orderSum,"['X1', 'X4', 'X5', 'X2', 'X6', 'X3']"
375,lr_shap_list_ir_5,lr_shap_list_ir_5_subset_133,orderMean,"['X5', 'X4', 'X3', 'X1', 'X2', 'X6']"
376,lr_shap_list_ir_5,lr_shap_list_ir_5_subset_133,orderStd,"['X5', 'X2', 'X3', 'X1', 'X4', 'X6']"
377,lr_shap_list_ir_5,lr_shap_list_ir_5_subset_133,orderSum,"['X5', 'X4', 'X3', 'X1', 'X2', 'X6']"
378,lr_shap_list_ir_5,lr_shap_list_ir_5_subset_8,orderMean,"['X4', 'X3', 'X5', 'X2', 'X1', 'X6']"
379,lr_shap_list_ir_5,lr_shap_list_ir_5_subset_8,orderStd,"['X3', 'X5', 'X2', 'X4', 'X1', 'X6']"
380,lr_shap_list_ir_5,lr_shap_list_ir_5_subset_8,orderSum,"['X4', 'X3', 'X5', 'X2', 'X1', 'X6']"
381,lr_shap_list_ir_2,lr_shap_list_ir_2_subset_131,orderMean,"['X2', 'X4', 'X3', 'X5', 'X1', 'X6']"
382,lr_shap_list_ir_2,lr_shap_list_ir_2_subset_131,orderStd,"['X2', 'X3', 'X5', 'X4', 'X1', 'X6']"
383,lr_shap_list_ir_2,lr_shap_list_ir_2_subset_131,orderSum,"['X2', 'X4', 'X3', 'X5', 'X1', 'X6']"
384,lr_shap_list_ir_5,lr_shap_list_ir_5_subset_43,orderMean,"['X4', 'X5', 'X1', 'X3', 'X2', 'X6']"
385,lr_shap_list_ir_5,lr_shap_list_ir_5_subset_43,orderStd,"['X5', 'X4', 'X1', 'X3', 'X2', 'X6']"
386,lr_shap_list_ir_5,lr_shap_list_ir_5_subset_43,orderSum,"['X4', 'X5', 'X1', 'X3', 'X2', 'X6']"
387,lr_shap_list_ir_5,lr_shap_list_ir_5_subset_41,orderMean,"['X5', 'X4', 'X3', 'X2', 'X1', 'X6']"
388,lr_shap_list_ir_5,lr_shap_list_ir_5_subset_41,orderStd,"['X5', 'X3', 'X2', 'X4', 'X1', 'X6']"
389,lr_shap_list_ir_5,lr_shap_list_ir_5_subset_41,orderSum,"['X5', 'X4', 'X3', 'X2', 'X1', 'X6']"
390,lr_shap_list_ir_5,lr_shap_list_ir_5_subset_148,orderMean,"['X4', 'X5', 'X2', 'X3', 'X1', 'X6']"
391,lr_shap_list_ir_5,lr_shap_list_ir_5_subset_148,orderStd,"['X2', 'X5', 'X3', 'X1', 'X4', 'X6']"
392,lr_shap_list_ir_5,lr_shap_list_ir_5_subset_148,orderSum,"['X4', 'X5', 'X2', 'X3', 'X1', 'X6']"
393,lr_shap_list_ir_4,lr_shap_list_ir_4_subset_111,orderMean,"['X4', 'X5', 'X2', 'X3', 'X1', 'X6']"
394,lr_shap_list_ir_4,lr_shap_list_ir_4_subset_111,orderStd,"['X5', 'X3', 'X2', 'X4', 'X1', 'X6']"
395,lr_shap_list_ir_4,lr_shap_list_ir_4_subset_111,orderSum,"['X4', 'X5', 'X2', 'X3', 'X1', 'X6']"
396,lr_shap_list_ir_4,lr_shap_list_ir_4_subset_46,orderMean,"['X2', 'X3', 'X4', 'X1', 'X5', 'X6']"
397,lr_shap_list_ir_4,lr_shap_list_ir_4_subset_46,orderStd,"['X2', 'X3', 'X1', 'X4', 'X5', 'X6']"
398,lr_shap_list_ir_4,lr_shap_list_ir_4_subset_46,orderSum,"['X2', 'X3', 'X4', 'X1', 'X5', 'X6']"
399,lr_shap_list_ir_4,lr_shap_list_ir_4_subset_85,orderMean,"['X5', 'X3', 'X4', 'X2', 'X1', 'X6']"
400,lr_shap_list_ir_4,lr_shap_list_ir_4_subset_85,orderStd,"['X3', 'X5', 'X2', 'X4', 'X1', 'X6']"
401,lr_shap_list_ir_4,lr_shap_list_ir_4_subset_85,orderSum,"['X5', 'X3', 'X4', 'X2', 'X1', 'X6']"
402,lr_shap_list_ir_1,lr_shap_list_ir_1_subset_15,orderMean,"['X1', 'X4', 'X5', 'X6', 'X2', 'X3']"
403,lr_shap_list_ir_1,lr_shap_list_ir_1_subset_15,orderStd,"['X1', 'X5', 'X4', 'X2', 'X3', 'X6']"
404,lr_shap_list_ir_1,lr_shap_list_ir_1_subset_15,orderSum,"['X1', 'X4', 'X5', 'X6', 'X2', 'X3']"
405,lr_shap_list_ir_5,lr_shap_list_ir_5_subset_42,orderMean,"['X4', 'X5', 'X3', 'X2', 'X1', 'X6']"
406,lr_shap_list_ir_5,lr_shap_list_ir_5_subset_42,orderStd,"['X5', 'X3', 'X2', 'X4', 'X1', 'X6']"
407,lr_shap_list_ir_5,lr_shap_list_ir_5_subset_42,orderSum,"['X4', 'X5', 'X3', 'X2', 'X1', 'X6']"
408,lr_shap_list_ir_2,lr_shap_list_ir_2_subset_28,orderMean,"['X3', 'X4', 'X5', 'X1', 'X6', 'X2']"
409,lr_shap_list_ir_2,lr_shap_list_ir_2_subset_28,orderStd,"['X3', 'X5', 'X2', 'X1', 'X4', 'X6']"
410,lr_shap_list_ir_2,lr_shap_list_ir_2_subset_28,orderSum,"['X3', 'X4', 'X5', 'X1', 'X6', 'X2']"
411,lr_shap_list_ir_3,lr_shap_list_ir_3_subset_144,orderMean,"['X4', 'X3', 'X2', 'X5', 'X1', 'X6']"
412,lr_shap_list_ir_3,lr_shap_list_ir_3_subset_144,orderStd,"['X3', 'X5', 'X2', 'X4', 'X1', 'X6']"
413,lr_shap_list_ir_3,lr_shap_list_ir_3_subset_144,orderSum,"['X4', 'X3', 'X2', 'X5', 'X1', 'X6']"
414,lr_shap_list_ir_1,lr_shap_list_ir_1_subset_127,orderMean,"['X2', 'X6', 'X1', 'X4', 'X5', 'X3']"
415,lr_shap_list_ir_1,lr_shap_list_ir_1_subset_127,orderStd,"['X2', 'X1', 'X6', 'X5', 'X4', 'X3']"
416,lr_shap_list_ir_1,lr_shap_list_ir_1_subset_127,orderSum,"['X2', 'X6', 'X1', 'X4', 'X5', 'X3']"
417,lr_shap_list_ir_5,lr_shap_list_ir_5_subset_68,orderMean,"['X4', 'X3', 'X5', 'X2', 'X1', 'X6']"
418,lr_shap_list_ir_5,lr_shap_list_ir_5_subset_68,orderStd,"['X3', 'X5', 'X4', 'X2', 'X1', 'X6']"
419,lr_shap_list_ir_5,lr_shap_list_ir_5_subset_68,orderSum,"['X4', 'X3', 'X5', 'X2', 'X1', 'X6']"
420,lr_shap_list_ir_2,lr_shap_list_ir_2_subset_103,orderMean,"['X4', 'X3', 'X5', 'X2', 'X1', 'X6']"
421,lr_shap_list_ir_2,lr_shap_list_ir_2_subset_103,orderStd,"['X3', 'X5', 'X4', 'X2', 'X1', 'X6']"
422,lr_shap_list_ir_2,lr_shap_list_ir_2_subset_103,orderSum,"['X4', 'X3', 'X5', 'X2', 'X1', 'X6']"
423,lr_shap_list_ir_3,lr_shap_list_ir_3_subset_18,orderMean,"['X1', 'X4', 'X5', 'X2', 'X3', 'X6']"
424,lr_shap_list_ir_3,lr_shap_list_ir_3_subset_18,orderStd,"['X5', 'X1', 'X2', 'X4', 'X3', 'X6']"
425,lr_shap_list_ir_3,lr_shap_list_ir_3_subset_18,orderSum,"['X1', 'X4', 'X5', 'X2', 'X3', 'X6']"
426,lr_shap_list_ir_3,lr_shap_list_ir_3_subset_74,orderMean,"['X4', 'X5', 'X2', 'X1', 'X3', 'X6']"
427,lr_shap_list_ir_3,lr_shap_list_ir_3_subset_74,orderStd,"['X5', 'X4', 'X2', 'X3', 'X1', 'X6']"
428,lr_shap_list_ir_3,lr_shap_list_ir_3_subset_74,orderSum,"['X4', 'X5', 'X2', 'X1', 'X3', 'X6']"
429,lr_shap_list_ir_5,lr_shap_list_ir_5_subset_84,orderMean,"['X4', 'X5', 'X1', 'X2', 'X3', 'X6']"
430,lr_shap_list_ir_5,lr_shap_list_ir_5_subset_84,orderStd,"['X5', 'X4', 'X2', 'X3', 'X1', 'X6']"
431,lr_shap_list_ir_5,lr_shap_list_ir_5_subset_84,orderSum,"['X4', 'X5', 'X1', 'X2', 'X3', 'X6']"
432,lr_shap_list_ir_5,lr_shap_list_ir_5_subset_92,orderMean,"['X4', 'X5', 'X3', 'X2', 'X1', 'X6']"
433,lr_shap_list_ir_5,lr_shap_list_ir_5_subset_92,orderStd,"['X3', 'X5', 'X4', 'X2', 'X1', 'X6']"
434,lr_shap_list_ir_5,lr_shap_list_ir_5_subset_92,orderSum,"['X4', 'X5', 'X3', 'X2', 'X1', 'X6']"
435,lr_shap_list_ir_2,lr_shap_list_ir_2_subset_112,orderMean,"['X3', 'X2', 'X4', 'X1', 'X5', 'X6']"
436,lr_shap_list_ir_2,lr_shap_list_ir_2_subset_112,orderStd,"['X3', 'X2', 'X5', 'X1', 'X4', 'X6']"
437,lr_shap_list_ir_2,lr_shap_list_ir_2_subset_112,orderSum,"['X3', 'X2', 'X4', 'X1', 'X5', 'X6']"
438,lr_shap_list_ir_1,lr_shap_list_ir_1_subset_32,orderMean,"['X4', 'X6', 'X2', 'X3', 'X5', 'X1']"
439,lr_shap_list_ir_1,lr_shap_list_ir_1_subset_32,orderStd,"['X4', 'X2', 'X6', 'X3', 'X5', 'X1']"
440,lr_shap_list_ir_1,lr_shap_list_ir_1_subset_32,orderSum,"['X4', 'X6', 'X2', 'X3', 'X5', 'X1']"
441,lr_shap_list_ir_3,lr_shap_list_ir_3_subset_81,orderMean,"['X4', 'X1', 'X3', 'X5', 'X2', 'X6']"
442,lr_shap_list_ir_3,lr_shap_list_ir_3_subset_81,orderStd,"['X1', 'X3', 'X5', 'X2', 'X4', 'X6']"
443,lr_shap_list_ir_3,lr_shap_list_ir_3_subset_81,orderSum,"['X4', 'X1', 'X3', 'X5', 'X2', 'X6']"
444,lr_shap_list_ir_1,lr_shap_list_ir_1_subset_56,orderMean,"['X2', 'X3', 'X1', 'X6', 'X4', 'X5']"
445,lr_shap_list_ir_1,lr_shap_list_ir_1_subset_56,orderStd,"['X3', 'X2', 'X1', 'X5', 'X4', 'X6']"
446,lr_shap_list_ir_1,lr_shap_list_ir_1_subset_56,orderSum,"['X2', 'X3', 'X1', 'X6', 'X4', 'X5']"
447,lr_shap_list_ir_5,lr_shap_list_ir_5_subset_147,orderMean,"['X4', 'X5', 'X3', 'X2', 'X1', 'X6']"
448,lr_shap_list_ir_5,lr_shap_list_ir_5_subset_147,orderStd,"['X5', 'X2', 'X3', 'X4', 'X1', 'X6']"
449,lr_shap_list_ir_5,lr_shap_list_ir_5_subset_147,orderSum,"['X4', 'X5', 'X3', 'X2', 'X1', 'X6']"
450,lr_shap_list_ir_2,lr_shap_list_ir_2_subset_80,orderMean,"['X2', 'X4', 'X3', 'X6', 'X1', 'X5']"
451,lr_shap_list_ir_2,lr_shap_list_ir_2_subset_80,orderStd,"['X2', 'X3', 'X4', 'X1', 'X5', 'X6']"
452,lr_shap_list_ir_2,lr_shap_list_ir_2_subset_80,orderSum,"['X2', 'X4', 'X3', 'X6', 'X1', 'X5']"
453,lr_shap_list_ir_4,lr_shap_list_ir_4_subset_42,orderMean,"['X3', 'X4', 'X5', 'X2', 'X6', 'X1']"
454,lr_shap_list_ir_4,lr_shap_list_ir_4_subset_42,orderStd,"['X3', 'X5', 'X2', 'X4', 'X1', 'X6']"
455,lr_shap_list_ir_4,lr_shap_list_ir_4_subset_42,orderSum,"['X3', 'X4', 'X5', 'X2', 'X6', 'X1']"
456,lr_shap_list_ir_3,lr_shap_list_ir_3_subset_101,orderMean,"['X2', 'X4', 'X3', 'X5', 'X1', 'X6']"
457,lr_shap_list_ir_3,lr_shap_list_ir_3_subset_101,orderStd,"['X2', 'X3', 'X5', 'X4', 'X1', 'X6']"
458,lr_shap_list_ir_3,lr_shap_list_ir_3_subset_101,orderSum,"['X2', 'X4', 'X3', 'X5', 'X1', 'X6']"
459,lr_shap_list_ir_2,lr_shap_list_ir_2_subset_136,orderMean,"['X3', 'X4', 'X5', 'X1', 'X6', 'X2']"
460,lr_shap_list_ir_2,lr_shap_list_ir_2_subset_136,orderStd,"['X3', 'X5', 'X1', 'X4', 'X2', 'X6']"
461,lr_shap_list_ir_2,lr_shap_list_ir_2_subset_136,orderSum,"['X3', 'X4', 'X5', 'X1', 'X6', 'X2']"
462,lr_shap_list_ir_1,lr_shap_list_ir_1_subset_112,orderMean,"['X3', 'X6', 'X2', 'X5', 'X1', 'X4']"
463,lr_shap_list_ir_1,lr_shap_list_ir_1_subset_112,orderStd,"['X3', 'X2', 'X5', 'X1', 'X6', 'X4']"
464,lr_shap_list_ir_1,lr_shap_list_ir_1_subset_112,orderSum,"['X3', 'X6', 'X2', 'X5', 'X1', 'X4']"
465,lr_shap_list_ir_3,lr_shap_list_ir_3_subset_116,orderMean,"['X4', 'X5', 'X3', 'X2', 'X1', 'X6']"
466,lr_shap_list_ir_3,lr_shap_list_ir_3_subset_116,orderStd,"['X5', 'X4', 'X3', 'X2', 'X1', 'X6']"
467,lr_shap_list_ir_3,lr_shap_list_ir_3_subset_116,orderSum,"['X4', 'X5', 'X3', 'X2', 'X1', 'X6']"
468,lr_shap_list_ir_5,lr_shap_list_ir_5_subset_94,orderMean,"['X5', 'X4', 'X1', 'X3', 'X2', 'X6']"
469,lr_shap_list_ir_5,lr_shap_list_ir_5_subset_94,orderStd,"['X5', 'X2', 'X1', 'X4', 'X3', 'X6']"
470,lr_shap_list_ir_5,lr_shap_list_ir_5_subset_94,orderSum,"['X5', 'X4', 'X1', 'X3', 'X2', 'X6']"
471,lr_shap_list_ir_5,lr_shap_list_ir_5_subset_140,orderMean,"['X5', 'X4', 'X3', 'X2', 'X1', 'X6']"
472,lr_shap_list_ir_5,lr_shap_list_ir_5_subset_140,orderStd,"['X5', 'X3', 'X4', 'X2', 'X1', 'X6']"
473,lr_shap_list_ir_5,lr_shap_list_ir_5_subset_140,orderSum,"['X5', 'X4', 'X3', 'X2', 'X1', 'X6']"
474,lr_shap_list_ir_2,lr_shap_list_ir_2_subset_148,orderMean,"['X4', 'X2', 'X3', 'X5', 'X6', 'X1']"
475,lr_shap_list_ir_2,lr_shap_list_ir_2_subset_148,orderStd,"['X2', 'X5', 'X3', 'X4', 'X1', 'X6']"
476,lr_shap_list_ir_2,lr_shap_list_ir_2_subset_148,orderSum,"['X4', 'X2', 'X3', 'X5', 'X6', 'X1']"
477,lr_shap_list_ir_2,lr_shap_list_ir_2_subset_143,orderMean,"['X3', 'X4', 'X5', 'X2', 'X1', 'X6']"
478,lr_shap_list_ir_2,lr_shap_list_ir_2_subset_143,orderStd,"['X3', 'X4', 'X5', 'X2', 'X1', 'X6']"
479,lr_shap_list_ir_2,lr_shap_list_ir_2_subset_143,orderSum,"['X3', 'X4', 'X5', 'X2', 'X1', 'X6']"
480,lr_shap_list_ir_4,lr_shap_list_ir_4_subset_115,orderMean,"['X4', 'X3', 'X5', 'X2', 'X1', 'X6']"
481,lr_shap_list_ir_4,lr_shap_list_ir_4_subset_115,orderStd,"['X3', 'X5', 'X4', 'X2', 'X1', 'X6']"
482,lr_shap_list_ir_4,lr_shap_list_ir_4_subset_115,orderSum,"['X4', 'X3', 'X5', 'X2', 'X1', 'X6']"
483,lr_shap_list_ir_3,lr_shap_list_ir_3_subset_132,orderMean,"['X3', 'X2', 'X4', 'X5', 'X6', 'X1']"
484,lr_shap_list_ir_3,lr_shap_list_ir_3_subset_132,orderStd,"['X2', 'X3', 'X5', 'X4', 'X1', 'X6']"
485,lr_shap_list_ir_3,lr_shap_list_ir_3_subset_132,orderSum,"['X3', 'X2', 'X4', 'X5', 'X6', 'X1']"
486,lr_shap_list_ir_4,lr_shap_list_ir_4_subset_35,orderMean,"['X4', 'X5', 'X3', 'X1', 'X2', 'X6']"
487,lr_shap_list_ir_4,lr_shap_list_ir_4_subset_35,orderStd,"['X5', 'X3', 'X4', 'X1', 'X2', 'X6']"
488,lr_shap_list_ir_4,lr_shap_list_ir_4_subset_35,orderSum,"['X4', 'X5', 'X3', 'X1', 'X2', 'X6']"
489,lr_shap_list_ir_2,lr_shap_list_ir_2_subset_14,orderMean,"['X4', 'X3', 'X2', 'X5', 'X1', 'X6']"
490,lr_shap_list_ir_2,lr_shap_list_ir_2_subset_14,orderStd,"['X2', 'X3', 'X5', 'X4', 'X1', 'X6']"
491,lr_shap_list_ir_2,lr_shap_list_ir_2_subset_14,orderSum,"['X4', 'X3', 'X2', 'X5', 'X1', 'X6']"
492,lr_shap_list_ir_4,lr_shap_list_ir_4_subset_134,orderMean,"['X5', 'X4', 'X3', 'X1', 'X2', 'X6']"
493,lr_shap_list_ir_4,lr_shap_list_ir_4_subset_134,orderStd,"['X5', 'X3', 'X1', 'X4', 'X2', 'X6']"
494,lr_shap_list_ir_4,lr_shap_list_ir_4_subset_134,orderSum,"['X5', 'X4', 'X3', 'X1', 'X2', 'X6']"
495,lr_shap_list_ir_4,lr_shap_list_ir_4_subset_116,orderMean,"['X4', 'X5', 'X3', 'X1', 'X2', 'X6']"
496,lr_shap_list_ir_4,lr_shap_list_ir_4_subset_116,orderStd,"['X5', 'X1', 'X4', 'X3', 'X2', 'X6']"
497,lr_shap_list_ir_4,lr_shap_list_ir_4_subset_116,orderSum,"['X4', 'X5', 'X3', 'X1', 'X2', 'X6']"
498,lr_shap_list_ir_3,lr_shap_list_ir_3_subset_20,orderMean,"['X5', 'X4', 'X3', 'X1', 'X2', 'X6']"
499,lr_shap_list_ir_3,lr_shap_list_ir_3_subset_20,orderStd,"['X5', 'X3', 'X1', 'X2', 'X4', 'X6']"
500,lr_shap_list_ir_3,lr_shap_list_ir_3_subset_20,orderSum,"['X5', 'X4', 'X3', 'X1', 'X2', 'X6']"
501,lr_shap_list_ir_2,lr_shap_list_ir_2_subset_67,orderMean,"['X4', 'X2', 'X3', 'X6', 'X5', 'X1']"
502,lr_shap_list_ir_2,lr_shap_list_ir_2_subset_67,orderStd,"['X2', 'X3', 'X4', 'X5', 'X1', 'X6']"
503,lr_shap_list_ir_2,lr_shap_list_ir_2_subset_67,orderSum,"['X4', 'X2', 'X3', 'X6', 'X5', 'X1']"
504,lr_shap_list_ir_1,lr_shap_list_ir_1_subset_4,orderMean,"['X1', 'X5', 'X2', 'X4', 'X6', 'X3']"
505,lr_shap_list_ir_1,lr_shap_list_ir_1_subset_4,orderStd,"['X5', 'X1', 'X2', 'X4', 'X3', 'X6']"
506,lr_shap_list_ir_1,lr_shap_list_ir_1_subset_4,orderSum,"['X1', 'X5', 'X2', 'X4', 'X6', 'X3']"
507,lr_shap_list_ir_4,lr_shap_list_ir_4_subset_60,orderMean,"['X3', 'X5', 'X4', 'X2', 'X1', 'X6']"
508,lr_shap_list_ir_4,lr_shap_list_ir_4_subset_60,orderStd,"['X3', 'X5', 'X2', 'X1', 'X4', 'X6']"
509,lr_shap_list_ir_4,lr_shap_list_ir_4_subset_60,orderSum,"['X3', 'X5', 'X4', 'X2', 'X1', 'X6']"
510,lr_shap_list_ir_2,lr_shap_list_ir_2_subset_81,orderMean,"['X4', 'X5', 'X2', 'X1', 'X3', 'X6']"
511,lr_shap_list_ir_2,lr_shap_list_ir_2_subset_81,orderStd,"['X5', 'X2', 'X4', 'X1', 'X3', 'X6']"
512,lr_shap_list_ir_2,lr_shap_list_ir_2_subset_81,orderSum,"['X4', 'X5', 'X2', 'X1', 'X3', 'X6']"
513,lr_shap_list_ir_1,lr_shap_list_ir_1_subset_9,orderMean,"['X3', 'X1', 'X4', 'X2', 'X6', 'X5']"
514,lr_shap_list_ir_1,lr_shap_list_ir_1_subset_9,orderStd,"['X3', 'X1', 'X2', 'X4', 'X5', 'X6']"
515,lr_shap_list_ir_1,lr_shap_list_ir_1_subset_9,orderSum,"['X3', 'X1', 'X4', 'X2', 'X6', 'X5']"
516,lr_shap_list_ir_5,lr_shap_list_ir_5_subset_52,orderMean,"['X4', 'X5', 'X2', 'X3', 'X1', 'X6']"
517,lr_shap_list_ir_5,lr_shap_list_ir_5_subset_52,orderStd,"['X5', 'X2', 'X4', 'X3', 'X1', 'X6']"
518,lr_shap_list_ir_5,lr_shap_list_ir_5_subset_52,orderSum,"['X4', 'X5', 'X2', 'X3', 'X1', 'X6']"
519,lr_shap_list_ir_2,lr_shap_list_ir_2_subset_23,orderMean,"['X5', 'X3', 'X2', 'X4', 'X1', 'X6']"
520,lr_shap_list_ir_2,lr_shap_list_ir_2_subset_23,orderStd,"['X5', 'X3', 'X2', 'X1', 'X4', 'X6']"
521,lr_shap_list_ir_2,lr_shap_list_ir_2_subset_23,orderSum,"['X5', 'X3', 'X2', 'X4', 'X1', 'X6']"
522,lr_shap_list_ir_1,lr_shap_list_ir_1_subset_142,orderMean,"['X6', 'X5', 'X4', 'X1', 'X3', 'X2']"
523,lr_shap_list_ir_1,lr_shap_list_ir_1_subset_142,orderStd,"['X5', 'X1', 'X4', 'X6', 'X3', 'X2']"
524,lr_shap_list_ir_1,lr_shap_list_ir_1_subset_142,orderSum,"['X6', 'X5', 'X4', 'X1', 'X3', 'X2']"
525,lr_shap_list_ir_4,lr_shap_list_ir_4_subset_68,orderMean,"['X4', 'X5', 'X3', 'X1', 'X2', 'X6']"
526,lr_shap_list_ir_4,lr_shap_list_ir_4_subset_68,orderStd,"['X4', 'X5', 'X3', 'X1', 'X2', 'X6']"
527,lr_shap_list_ir_4,lr_shap_list_ir_4_subset_68,orderSum,"['X4', 'X5', 'X3', 'X1', 'X2', 'X6']"
528,lr_shap_list_ir_1,lr_shap_list_ir_1_subset_20,orderMean,"['X6', 'X4', 'X2', 'X5', 'X1', 'X3']"
529,lr_shap_list_ir_1,lr_shap_list_ir_1_subset_20,orderStd,"['X2', 'X5', 'X4', 'X6', 'X3', 'X1']"
530,lr_shap_list_ir_1,lr_shap_list_ir_1_subset_20,orderSum,"['X6', 'X4', 'X2', 'X5', 'X1', 'X3']"
531,lr_shap_list_ir_3,lr_shap_list_ir_3_subset_128,orderMean,"['X3', 'X4', 'X5', 'X1', 'X2', 'X6']"
532,lr_shap_list_ir_3,lr_shap_list_ir_3_subset_128,orderStd,"['X5', 'X3', 'X1', 'X2', 'X4', 'X6']"
533,lr_shap_list_ir_3,lr_shap_list_ir_3_subset_128,orderSum,"['X3', 'X4', 'X5', 'X1', 'X2', 'X6']"
534,lr_shap_list_ir_3,lr_shap_list_ir_3_subset_70,orderMean,"['X4', 'X3', 'X5', 'X2', 'X1', 'X6']"
535,lr_shap_list_ir_3,lr_shap_list_ir_3_subset_70,orderStd,"['X3', 'X5', 'X4', 'X2', 'X1', 'X6']"
536,lr_shap_list_ir_3,lr_shap_list_ir_3_subset_70,orderSum,"['X4', 'X3', 'X5', 'X2', 'X1', 'X6']"
537,lr_shap_list_ir_5,lr_shap_list_ir_5_subset_105,orderMean,"['X4', 'X5', 'X3', 'X2', 'X1', 'X6']"
538,lr_shap_list_ir_5,lr_shap_list_ir_5_subset_105,orderStd,"['X5', 'X3', 'X2', 'X4', 'X1', 'X6']"
539,lr_shap_list_ir_5,lr_shap_list_ir_5_subset_105,orderSum,"['X4', 'X5', 'X3', 'X2', 'X1', 'X6']"
540,lr_shap_list_ir_2,lr_shap_list_ir_2_subset_65,orderMean,"['X3', 'X4', 'X6', 'X1', 'X2', 'X5']"
541,lr_shap_list_ir_2,lr_shap_list_ir_2_subset_65,orderStd,"['X3', 'X1', 'X5', 'X2', 'X4', 'X6']"
542,lr_shap_list_ir_2,lr_shap_list_ir_2_subset_65,orderSum,"['X3', 'X4', 'X6', 'X1', 'X2', 'X5']"
543,lr_shap_list_ir_3,lr_shap_list_ir_3_subset_104,orderMean,"['X4', 'X5', 'X3', 'X1', 'X2', 'X6']"
544,lr_shap_list_ir_3,lr_shap_list_ir_3_subset_104,orderStd,"['X5', 'X3', 'X2', 'X1', 'X4', 'X6']"
545,lr_shap_list_ir_3,lr_shap_list_ir_3_subset_104,orderSum,"['X4', 'X5', 'X3', 'X1', 'X2', 'X6']"
546,lr_shap_list_ir_4,lr_shap_list_ir_4_subset_80,orderMean,"['X4', 'X3', 'X5', 'X2', 'X1', 'X6']"
547,lr_shap_list_ir_4,lr_shap_list_ir_4_subset_80,orderStd,"['X3', 'X5', 'X4', 'X2', 'X1', 'X6']"
548,lr_shap_list_ir_4,lr_shap_list_ir_4_subset_80,orderSum,"['X4', 'X3', 'X5', 'X2', 'X1', 'X6']"
549,lr_shap_list_ir_4,lr_shap_list_ir_4_subset_45,orderMean,"['X4', 'X5', 'X3', 'X2', 'X1', 'X6']"
550,lr_shap_list_ir_4,lr_shap_list_ir_4_subset_45,orderStd,"['X5', 'X3', 'X2', 'X4', 'X1', 'X6']"
551,lr_shap_list_ir_4,lr_shap_list_ir_4_subset_45,orderSum,"['X4', 'X5', 'X3', 'X2', 'X1', 'X6']"
552,lr_shap_list_ir_4,lr_shap_list_ir_4_subset_122,orderMean,"['X4', 'X2', 'X1', 'X5', 'X3', 'X6']"
553,lr_shap_list_ir_4,lr_shap_list_ir_4_subset_122,orderStd,"['X2', 'X3', 'X5', 'X1', 'X4', 'X6']"
554,lr_shap_list_ir_4,lr_shap_list_ir_4_subset_122,orderSum,"['X4', 'X2', 'X1', 'X5', 'X3', 'X6']"
555,lr_shap_list_ir_3,lr_shap_list_ir_3_subset_79,orderMean,"['X4', 'X3', 'X5', 'X2', 'X6', 'X1']"
556,lr_shap_list_ir_3,lr_shap_list_ir_3_subset_79,orderStd,"['X3', 'X5', 'X2', 'X4', 'X1', 'X6']"
557,lr_shap_list_ir_3,lr_shap_list_ir_3_subset_79,orderSum,"['X4', 'X3', 'X5', 'X2', 'X6', 'X1']"
558,lr_shap_list_ir_2,lr_shap_list_ir_2_subset_132,orderMean,"['X3', 'X2', 'X1', 'X6', 'X4', 'X5']"
559,lr_shap_list_ir_2,lr_shap_list_ir_2_subset_132,orderStd,"['X3', 'X2', 'X1', 'X5', 'X4', 'X6']"
560,lr_shap_list_ir_2,lr_shap_list_ir_2_subset_132,orderSum,"['X3', 'X2', 'X1', 'X6', 'X4', 'X5']"
561,lr_shap_list_ir_2,lr_shap_list_ir_2_subset_3,orderMean,"['X3', 'X2', 'X4', 'X1', 'X6', 'X5']"
562,lr_shap_list_ir_2,lr_shap_list_ir_2_subset_3,orderStd,"['X3', 'X2', 'X1', 'X5', 'X4', 'X6']"
563,lr_shap_list_ir_2,lr_shap_list_ir_2_subset_3,orderSum,"['X3', 'X2', 'X4', 'X1', 'X6', 'X5']"
564,lr_shap_list_ir_4,lr_shap_list_ir_4_subset_94,orderMean,"['X5', 'X4', 'X3', 'X2', 'X1', 'X6']"
565,lr_shap_list_ir_4,lr_shap_list_ir_4_subset_94,orderStd,"['X5', 'X3', 'X1', 'X4', 'X2', 'X6']"
566,lr_shap_list_ir_4,lr_shap_list_ir_4_subset_94,orderSum,"['X5', 'X4', 'X3', 'X2', 'X1', 'X6']"
567,lr_shap_list_ir_2,lr_shap_list_ir_2_subset_116,orderMean,"['X3', 'X4', 'X1', 'X2', 'X5', 'X6']"
568,lr_shap_list_ir_2,lr_shap_list_ir_2_subset_116,orderStd,"['X3', 'X5', 'X1', 'X4', 'X2', 'X6']"
569,lr_shap_list_ir_2,lr_shap_list_ir_2_subset_116,orderSum,"['X3', 'X4', 'X1', 'X2', 'X5', 'X6']"
570,lr_shap_list_ir_3,lr_shap_list_ir_3_subset_48,orderMean,"['X2', 'X4', 'X3', 'X5', 'X1', 'X6']"
571,lr_shap_list_ir_3,lr_shap_list_ir_3_subset_48,orderStd,"['X2', 'X3', 'X5', 'X4', 'X1', 'X6']"
572,lr_shap_list_ir_3,lr_shap_list_ir_3_subset_48,orderSum,"['X2', 'X4', 'X3', 'X5', 'X1', 'X6']"
573,lr_shap_list_ir_5,lr_shap_list_ir_5_subset_56,orderMean,"['X4', 'X5', 'X3', 'X2', 'X1', 'X6']"
574,lr_shap_list_ir_5,lr_shap_list_ir_5_subset_56,orderStd,"['X5', 'X3', 'X4', 'X2', 'X1', 'X6']"
575,lr_shap_list_ir_5,lr_shap_list_ir_5_subset_56,orderSum,"['X4', 'X5', 'X3', 'X2', 'X1', 'X6']"
576,lr_shap_list_ir_1,lr_shap_list_ir_1_subset_69,orderMean,"['X2', 'X3', 'X4', 'X6', 'X5', 'X1']"
577,lr_shap_list_ir_1,lr_shap_list_ir_1_subset_69,orderStd,"['X2', 'X3', 'X4', 'X5', 'X6', 'X1']"
578,lr_shap_list_ir_1,lr_shap_list_ir_1_subset_69,orderSum,"['X2', 'X3', 'X4', 'X6', 'X5', 'X1']"
579,lr_shap_list_ir_2,lr_shap_list_ir_2_subset_56,orderMean,"['X3', 'X4', 'X2', 'X5', 'X6', 'X1']"
580,lr_shap_list_ir_2,lr_shap_list_ir_2_subset_56,orderStd,"['X3', 'X2', 'X4', 'X5', 'X1', 'X6']"
581,lr_shap_list_ir_2,lr_shap_list_ir_2_subset_56,orderSum,"['X3', 'X4', 'X2', 'X5', 'X6', 'X1']"
582,lr_shap_list_ir_1,lr_shap_list_ir_1_subset_95,orderMean,"['X2', 'X1', 'X4', 'X5', 'X6', 'X3']"
583,lr_shap_list_ir_1,lr_shap_list_ir_1_subset_95,orderStd,"['X2', 'X1', 'X5', 'X4', 'X3', 'X6']"
584,lr_shap_list_ir_1,lr_shap_list_ir_1_subset_95,orderSum,"['X2', 'X1', 'X4', 'X5', 'X6', 'X3']"
585,lr_shap_list_ir_3,lr_shap_list_ir_3_subset_22,orderMean,"['X3', 'X4', 'X2', 'X5', 'X1', 'X6']"
586,lr_shap_list_ir_3,lr_shap_list_ir_3_subset_22,orderStd,"['X3', 'X2', 'X4', 'X5', 'X1', 'X6']"
587,lr_shap_list_ir_3,lr_shap_list_ir_3_subset_22,orderSum,"['X3', 'X4', 'X2', 'X5', 'X1', 'X6']"
588,lr_shap_list_ir_1,lr_shap_list_ir_1_subset_134,orderMean,"['X3', 'X6', 'X2', 'X4', 'X1', 'X5']"
589,lr_shap_list_ir_1,lr_shap_list_ir_1_subset_134,orderStd,"['X3', 'X2', 'X1', 'X5', 'X4', 'X6']"
590,lr_shap_list_ir_1,lr_shap_list_ir_1_subset_134,orderSum,"['X3', 'X6', 'X2', 'X4', 'X1', 'X5']"
591,lr_shap_list_ir_1,lr_shap_list_ir_1_subset_27,orderMean,"['X3', 'X4', 'X1', 'X5', 'X6', 'X2']"
592,lr_shap_list_ir_1,lr_shap_list_ir_1_subset_27,orderStd,"['X3', 'X1', 'X5', 'X4', 'X2', 'X6']"
593,lr_shap_list_ir_1,lr_shap_list_ir_1_subset_27,orderSum,"['X3', 'X4', 'X1', 'X5', 'X6', 'X2']"
594,lr_shap_list_ir_4,lr_shap_list_ir_4_subset_8,orderMean,"['X4', 'X2', 'X5', 'X3', 'X1', 'X6']"
595,lr_shap_list_ir_4,lr_shap_list_ir_4_subset_8,orderStd,"['X2', 'X5', 'X3', 'X4', 'X1', 'X6']"
596,lr_shap_list_ir_4,lr_shap_list_ir_4_subset_8,orderSum,"['X4', 'X2', 'X5', 'X3', 'X1', 'X6']"
597,lr_shap_list_ir_4,lr_shap_list_ir_4_subset_88,orderMean,"['X4', 'X3', 'X2', 'X5', 'X1', 'X6']"
598,lr_shap_list_ir_4,lr_shap_list_ir_4_subset_88,orderStd,"['X3', 'X2', 'X5', 'X4', 'X1', 'X6']"
599,lr_shap_list_ir_4,lr_shap_list_ir_4_subset_88,orderSum,"['X4', 'X3', 'X2', 'X5', 'X1', 'X6']"
600,lr_shap_list_ir_3,lr_shap_list_ir_3_subset_84,orderMean,"['X2', 'X4', 'X3', 'X6', 'X1', 'X5']"
601,lr_shap_list_ir_3,lr_shap_list_ir_3_subset_84,orderStd,"['X2', 'X3', 'X5', 'X1', 'X4', 'X6']"
602,lr_shap_list_ir_3,lr_shap_list_ir_3_subset_84,orderSum,"['X2', 'X4', 'X3', 'X6', 'X1', 'X5']"
603,lr_shap_list_ir_1,lr_shap_list_ir_1_subset_114,orderMean,"['X3', 'X2', 'X5', 'X1', 'X4', 'X6']"
604,lr_shap_list_ir_1,lr_shap_list_ir_1_subset_114,orderStd,"['X3', 'X2', 'X1', 'X5', 'X4', 'X6']"
605,lr_shap_list_ir_1,lr_shap_list_ir_1_subset_114,orderSum,"['X3', 'X2', 'X5', 'X1', 'X4', 'X6']"
606,lr_shap_list_ir_1,lr_shap_list_ir_1_subset_108,orderMean,"['X4', 'X6', 'X3', 'X5', 'X1', 'X2']"
607,lr_shap_list_ir_1,lr_shap_list_ir_1_subset_108,orderStd,"['X1', 'X3', 'X5', 'X4', 'X2', 'X6']"
608,lr_shap_list_ir_1,lr_shap_list_ir_1_subset_108,orderSum,"['X4', 'X6', 'X3', 'X5', 'X1', 'X2']"
609,lr_shap_list_ir_4,lr_shap_list_ir_4_subset_91,orderMean,"['X4', 'X2', 'X3', 'X5', 'X1', 'X6']"
610,lr_shap_list_ir_4,lr_shap_list_ir_4_subset_91,orderStd,"['X2', 'X3', 'X5', 'X4', 'X1', 'X6']"
611,lr_shap_list_ir_4,lr_shap_list_ir_4_subset_91,orderSum,"['X4', 'X2', 'X3', 'X5', 'X1', 'X6']"
612,lr_shap_list_ir_1,lr_shap_list_ir_1_subset_25,orderMean,"['X1', 'X5', 'X4', 'X2', 'X3', 'X6']"
613,lr_shap_list_ir_1,lr_shap_list_ir_1_subset_25,orderStd,"['X5', 'X1', 'X2', 'X3', 'X4', 'X6']"
614,lr_shap_list_ir_1,lr_shap_list_ir_1_subset_25,orderSum,"['X1', 'X5', 'X4', 'X2', 'X3', 'X6']"
615,lr_shap_list_ir_4,lr_shap_list_ir_4_subset_36,orderMean,"['X5', 'X4', 'X3', 'X2', 'X1', 'X6']"
616,lr_shap_list_ir_4,lr_shap_list_ir_4_subset_36,orderStd,"['X5', 'X3', 'X4', 'X2', 'X1', 'X6']"
617,lr_shap_list_ir_4,lr_shap_list_ir_4_subset_36,orderSum,"['X5', 'X4', 'X3', 'X2', 'X1', 'X6']"
618,lr_shap_list_ir_5,lr_shap_list_ir_5_subset_18,orderMean,"['X5', 'X4', 'X3', 'X1', 'X2', 'X6']"
619,lr_shap_list_ir_5,lr_shap_list_ir_5_subset_18,orderStd,"['X3', 'X5', 'X1', 'X2', 'X4', 'X6']"
620,lr_shap_list_ir_5,lr_shap_list_ir_5_subset_18,orderSum,"['X5', 'X4', 'X3', 'X1', 'X2', 'X6']"
621,lr_shap_list_ir_1,lr_shap_list_ir_1_subset_139,orderMean,"['X6', 'X4', 'X5', 'X3', 'X2', 'X1']"
622,lr_shap_list_ir_1,lr_shap_list_ir_1_subset_139,orderStd,"['X5', 'X4', 'X3', 'X6', 'X2', 'X1']"
623,lr_shap_list_ir_1,lr_shap_list_ir_1_subset_139,orderSum,"['X6', 'X4', 'X5', 'X3', 'X2', 'X1']"
624,lr_shap_list_ir_5,lr_shap_list_ir_5_subset_119,orderMean,"['X5', 'X4', 'X1', 'X3', 'X2', 'X6']"
625,lr_shap_list_ir_5,lr_shap_list_ir_5_subset_119,orderStd,"['X5', 'X3', 'X1', 'X4', 'X2', 'X6']"
626,lr_shap_list_ir_5,lr_shap_list_ir_5_subset_119,orderSum,"['X5', 'X4', 'X1', 'X3', 'X2', 'X6']"
627,lr_shap_list_ir_5,lr_shap_list_ir_5_subset_114,orderMean,"['X4', 'X5', 'X3', 'X2', 'X1', 'X6']"
628,lr_shap_list_ir_5,lr_shap_list_ir_5_subset_114,orderStd,"['X5', 'X3', 'X4', 'X2', 'X1', 'X6']"
629,lr_shap_list_ir_5,lr_shap_list_ir_5_subset_114,orderSum,"['X4', 'X5', 'X3', 'X2', 'X1', 'X6']"
630,lr_shap_list_ir_2,lr_shap_list_ir_2_subset_130,orderMean,"['X2', 'X1', 'X4', 'X5', 'X6', 'X3']"
631,lr_shap_list_ir_2,lr_shap_list_ir_2_subset_130,orderStd,"['X2', 'X1', 'X5', 'X4', 'X3', 'X6']"
632,lr_shap_list_ir_2,lr_shap_list_ir_2_subset_130,orderSum,"['X2', 'X1', 'X4', 'X5', 'X6', 'X3']"
633,lr_shap_list_ir_3,lr_shap_list_ir_3_subset_52,orderMean,"['X4', 'X2', 'X5', 'X3', 'X1', 'X6']"
634,lr_shap_list_ir_3,lr_shap_list_ir_3_subset_52,orderStd,"['X2', 'X5', 'X4', 'X3', 'X1', 'X6']"
635,lr_shap_list_ir_3,lr_shap_list_ir_3_subset_52,orderSum,"['X4', 'X2', 'X5', 'X3', 'X1', 'X6']"
636,lr_shap_list_ir_2,lr_shap_list_ir_2_subset_123,orderMean,"['X5', 'X3', 'X4', 'X2', 'X1', 'X6']"
637,lr_shap_list_ir_2,lr_shap_list_ir_2_subset_123,orderStd,"['X5', 'X3', 'X2', 'X4', 'X1', 'X6']"
638,lr_shap_list_ir_2,lr_shap_list_ir_2_subset_123,orderSum,"['X5', 'X3', 'X4', 'X2', 'X1', 'X6']"
639,lr_shap_list_ir_5,lr_shap_list_ir_5_subset_81,orderMean,"['X4', 'X5', 'X2', 'X1', 'X3', 'X6']"
640,lr_shap_list_ir_5,lr_shap_list_ir_5_subset_81,orderStd,"['X5', 'X4', 'X2', 'X1', 'X3', 'X6']"
641,lr_shap_list_ir_5,lr_shap_list_ir_5_subset_81,orderSum,"['X4', 'X5', 'X2', 'X1', 'X3', 'X6']"
642,lr_shap_list_ir_3,lr_shap_list_ir_3_subset_3,orderMean,"['X2', 'X1', 'X4', 'X5', 'X3', 'X6']"
643,lr_shap_list_ir_3,lr_shap_list_ir_3_subset_3,orderStd,"['X2', 'X1', 'X5', 'X3', 'X4', 'X6']"
644,lr_shap_list_ir_3,lr_shap_list_ir_3_subset_3,orderSum,"['X2', 'X1', 'X4', 'X5', 'X3', 'X6']"
645,lr_shap_list_ir_5,lr_shap_list_ir_5_subset_13,orderMean,"['X4', 'X5', 'X3', 'X2', 'X1', 'X6']"
646,lr_shap_list_ir_5,lr_shap_list_ir_5_subset_13,orderStd,"['X3', 'X5', 'X4', 'X2', 'X1', 'X6']"
647,lr_shap_list_ir_5,lr_shap_list_ir_5_subset_13,orderSum,"['X4', 'X5', 'X3', 'X2', 'X1', 'X6']"
648,lr_shap_list_ir_2,lr_shap_list_ir_2_subset_91,orderMean,"['X3', 'X4', 'X2', 'X5', 'X6', 'X1']"
649,lr_shap_list_ir_2,lr_shap_list_ir_2_subset_91,orderStd,"['X3', 'X2', 'X5', 'X4', 'X1', 'X6']"
650,lr_shap_list_ir_2,lr_shap_list_ir_2_subset_91,orderSum,"['X3', 'X4', 'X2', 'X5', 'X6', 'X1']"
651,lr_shap_list_ir_5,lr_shap_list_ir_5_subset_91,orderMean,"['X5', 'X4', 'X3', 'X1', 'X2', 'X6']"
652,lr_shap_list_ir_5,lr_shap_list_ir_5_subset_91,orderStd,"['X5', 'X3', 'X2', 'X1', 'X4', 'X6']"
653,lr_shap_list_ir_5,lr_shap_list_ir_5_subset_91,orderSum,"['X5', 'X4', 'X3', 'X1', 'X2', 'X6']"
654,lr_shap_list_ir_5,lr_shap_list_ir_5_subset_127,orderMean,"['X3', 'X5', 'X4', 'X1', 'X2', 'X6']"
655,lr_shap_list_ir_5,lr_shap_list_ir_5_subset_127,orderStd,"['X3', 'X5', 'X4', 'X1', 'X2', 'X6']"
656,lr_shap_list_ir_5,lr_shap_list_ir_5_subset_127,orderSum,"['X3', 'X5', 'X4', 'X1', 'X2', 'X6']"
657,lr_shap_list_ir_5,lr_shap_list_ir_5_subset_129,orderMean,"['X4', 'X5', 'X3', 'X1', 'X2', 'X6']"
658,lr_shap_list_ir_5,lr_shap_list_ir_5_subset_129,orderStd,"['X5', 'X3', 'X2', 'X4', 'X1', 'X6']"
659,lr_shap_list_ir_5,lr_shap_list_ir_5_subset_129,orderSum,"['X4', 'X5', 'X3', 'X1', 'X2', 'X6']"
660,lr_shap_list_ir_2,lr_shap_list_ir_2_subset_21,orderMean,"['X3', 'X4', 'X2', 'X5', 'X1', 'X6']"
661,lr_shap_list_ir_2,lr_shap_list_ir_2_subset_21,orderStd,"['X3', 'X2', 'X5', 'X4', 'X1', 'X6']"
662,lr_shap_list_ir_2,lr_shap_list_ir_2_subset_21,orderSum,"['X3', 'X4', 'X2', 'X5', 'X1', 'X6']"
663,lr_shap_list_ir_5,lr_shap_list_ir_5_subset_25,orderMean,"['X5', 'X4', 'X2', 'X3', 'X1', 'X6']"
664,lr_shap_list_ir_5,lr_shap_list_ir_5_subset_25,orderStd,"['X5', 'X2', 'X4', 'X3', 'X1', 'X6']"
665,lr_shap_list_ir_5,lr_shap_list_ir_5_subset_25,orderSum,"['X5', 'X4', 'X2', 'X3', 'X1', 'X6']"
666,lr_shap_list_ir_4,lr_shap_list_ir_4_subset_81,orderMean,"['X4', 'X5', 'X3', 'X2', 'X1', 'X6']"
667,lr_shap_list_ir_4,lr_shap_list_ir_4_subset_81,orderStd,"['X3', 'X5', 'X4', 'X2', 'X1', 'X6']"
668,lr_shap_list_ir_4,lr_shap_list_ir_4_subset_81,orderSum,"['X4', 'X5', 'X3', 'X2', 'X1', 'X6']"
669,lr_shap_list_ir_2,lr_shap_list_ir_2_subset_140,orderMean,"['X2', 'X3', 'X1', 'X4', 'X6', 'X5']"
670,lr_shap_list_ir_2,lr_shap_list_ir_2_subset_140,orderStd,"['X2', 'X3', 'X1', 'X5', 'X4', 'X6']"
671,lr_shap_list_ir_2,lr_shap_list_ir_2_subset_140,orderSum,"['X2', 'X3', 'X1', 'X4', 'X6', 'X5']"
672,lr_shap_list_ir_4,lr_shap_list_ir_4_subset_43,orderMean,"['X4', 'X5', 'X3', 'X2', 'X1', 'X6']"
673,lr_shap_list_ir_4,lr_shap_list_ir_4_subset_43,orderStd,"['X5', 'X4', 'X3', 'X2', 'X1', 'X6']"
674,lr_shap_list_ir_4,lr_shap_list_ir_4_subset_43,orderSum,"['X4', 'X5', 'X3', 'X2', 'X1', 'X6']"
675,lr_shap_list_ir_2,lr_shap_list_ir_2_subset_4,orderMean,"['X4', 'X5', 'X2', 'X6', 'X1', 'X3']"
676,lr_shap_list_ir_2,lr_shap_list_ir_2_subset_4,orderStd,"['X5', 'X2', 'X4', 'X1', 'X3', 'X6']"
677,lr_shap_list_ir_2,lr_shap_list_ir_2_subset_4,orderSum,"['X4', 'X5', 'X2', 'X6', 'X1', 'X3']"
678,lr_shap_list_ir_1,lr_shap_list_ir_1_subset_76,orderMean,"['X6', 'X3', 'X5', 'X1', 'X2', 'X4']"
679,lr_shap_list_ir_1,lr_shap_list_ir_1_subset_76,orderStd,"['X3', 'X1', 'X5', 'X2', 'X6', 'X4']"
680,lr_shap_list_ir_1,lr_shap_list_ir_1_subset_76,orderSum,"['X6', 'X3', 'X5', 'X1', 'X2', 'X4']"
681,lr_shap_list_ir_1,lr_shap_list_ir_1_subset_1,orderMean,"['X2', 'X4', 'X5', 'X1', 'X3', 'X6']"
682,lr_shap_list_ir_1,lr_shap_list_ir_1_subset_1,orderStd,"['X2', 'X3', 'X5', 'X1', 'X4', 'X6']"
683,lr_shap_list_ir_1,lr_shap_list_ir_1_subset_1,orderSum,"['X2', 'X4', 'X5', 'X1', 'X3', 'X6']"
684,lr_shap_list_ir_1,lr_shap_list_ir_1_subset_21,orderMean,"['X2', 'X3', 'X4', 'X6', 'X5', 'X1']"
685,lr_shap_list_ir_1,lr_shap_list_ir_1_subset_21,orderStd,"['X2', 'X3', 'X5', 'X4', 'X1', 'X6']"
686,lr_shap_list_ir_1,lr_shap_list_ir_1_subset_21,orderSum,"['X2', 'X3', 'X4', 'X6', 'X5', 'X1']"
687,lr_shap_list_ir_1,lr_shap_list_ir_1_subset_113,orderMean,"['X2', 'X1', 'X5', 'X4', 'X6', 'X3']"
688,lr_shap_list_ir_1,lr_shap_list_ir_1_subset_113,orderStd,"['X2', 'X1', 'X5', 'X3', 'X4', 'X6']"
689,lr_shap_list_ir_1,lr_shap_list_ir_1_subset_113,orderSum,"['X2', 'X1', 'X5', 'X4', 'X6', 'X3']"
690,lr_shap_list_ir_3,lr_shap_list_ir_3_subset_118,orderMean,"['X3', 'X4', 'X2', 'X5', 'X6', 'X1']"
691,lr_shap_list_ir_3,lr_shap_list_ir_3_subset_118,orderStd,"['X3', 'X5', 'X2', 'X4', 'X1', 'X6']"
692,lr_shap_list_ir_3,lr_shap_list_ir_3_subset_118,orderSum,"['X3', 'X4', 'X2', 'X5', 'X6', 'X1']"
693,lr_shap_list_ir_3,lr_shap_list_ir_3_subset_53,orderMean,"['X3', 'X4', 'X6', 'X1', 'X5', 'X2']"
694,lr_shap_list_ir_3,lr_shap_list_ir_3_subset_53,orderStd,"['X3', 'X2', 'X5', 'X1', 'X4', 'X6']"
695,lr_shap_list_ir_3,lr_shap_list_ir_3_subset_53,orderSum,"['X3', 'X4', 'X6', 'X1', 'X5', 'X2']"
696,lr_shap_list_ir_2,lr_shap_list_ir_2_subset_106,orderMean,"['X2', 'X1', 'X3', 'X4', 'X5', 'X6']"
697,lr_shap_list_ir_2,lr_shap_list_ir_2_subset_106,orderStd,"['X2', 'X3', 'X1', 'X5', 'X4', 'X6']"
698,lr_shap_list_ir_2,lr_shap_list_ir_2_subset_106,orderSum,"['X2', 'X1', 'X3', 'X4', 'X5', 'X6']"
699,lr_shap_list_ir_1,lr_shap_list_ir_1_subset_123,orderMean,"['X2', 'X6', 'X4', 'X1', 'X5', 'X3']"
700,lr_shap_list_ir_1,lr_shap_list_ir_1_subset_123,orderStd,"['X2', 'X1', 'X4', 'X6', 'X5', 'X3']"
701,lr_shap_list_ir_1,lr_shap_list_ir_1_subset_123,orderSum,"['X2', 'X6', 'X4', 'X1', 'X5', 'X3']"
702,lr_shap_list_ir_4,lr_shap_list_ir_4_subset_11,orderMean,"['X4', 'X2', 'X5', 'X3', 'X1', 'X6']"
703,lr_shap_list_ir_4,lr_shap_list_ir_4_subset_11,orderStd,"['X5', 'X2', 'X3', 'X4', 'X1', 'X6']"
704,lr_shap_list_ir_4,lr_shap_list_ir_4_subset_11,orderSum,"['X4', 'X2', 'X5', 'X3', 'X1', 'X6']"
705,lr_shap_list_ir_2,lr_shap_list_ir_2_subset_42,orderMean,"['X4', 'X3', 'X2', 'X1', 'X6', 'X5']"
706,lr_shap_list_ir_2,lr_shap_list_ir_2_subset_42,orderStd,"['X3', 'X4', 'X5', 'X2', 'X1', 'X6']"
707,lr_shap_list_ir_2,lr_shap_list_ir_2_subset_42,orderSum,"['X4', 'X3', 'X2', 'X1', 'X6', 'X5']"
708,lr_shap_list_ir_3,lr_shap_list_ir_3_subset_27,orderMean,"['X4', 'X3', 'X5', 'X2', 'X1', 'X6']"
709,lr_shap_list_ir_3,lr_shap_list_ir_3_subset_27,orderStd,"['X5', 'X3', 'X2', 'X4', 'X1', 'X6']"
710,lr_shap_list_ir_3,lr_shap_list_ir_3_subset_27,orderSum,"['X4', 'X3', 'X5', 'X2', 'X1', 'X6']"
711,lr_shap_list_ir_5,lr_shap_list_ir_5_subset_37,orderMean,"['X4', 'X5', 'X3', 'X2', 'X1', 'X6']"
712,lr_shap_list_ir_5,lr_shap_list_ir_5_subset_37,orderStd,"['X5', 'X4', 'X3', 'X2', 'X1', 'X6']"
713,lr_shap_list_ir_5,lr_shap_list_ir_5_subset_37,orderSum,"['X4', 'X5', 'X3', 'X2', 'X1', 'X6']"
714,lr_shap_list_ir_2,lr_shap_list_ir_2_subset_114,orderMean,"['X2', 'X4', 'X5', 'X1', 'X3', 'X6']"
715,lr_shap_list_ir_2,lr_shap_list_ir_2_subset_114,orderStd,"['X2', 'X5', 'X4', 'X3', 'X1', 'X6']"
716,lr_shap_list_ir_2,lr_shap_list_ir_2_subset_114,orderSum,"['X2', 'X4', 'X5', 'X1', 'X3', 'X6']"
717,lr_shap_list_ir_1,lr_shap_list_ir_1_subset_81,orderMean,"['X1', 'X4', 'X3', 'X6', 'X2', 'X5']"
718,lr_shap_list_ir_1,lr_shap_list_ir_1_subset_81,orderStd,"['X1', 'X3', 'X2', 'X5', 'X4', 'X6']"
719,lr_shap_list_ir_1,lr_shap_list_ir_1_subset_81,orderSum,"['X1', 'X4', 'X3', 'X6', 'X2', 'X5']"
720,lr_shap_list_ir_5,lr_shap_list_ir_5_subset_134,orderMean,"['X4', 'X5', 'X2', 'X3', 'X1', 'X6']"
721,lr_shap_list_ir_5,lr_shap_list_ir_5_subset_134,orderStd,"['X5', 'X4', 'X3', 'X2', 'X1', 'X6']"
722,lr_shap_list_ir_5,lr_shap_list_ir_5_subset_134,orderSum,"['X4', 'X5', 'X2', 'X3', 'X1', 'X6']"
723,lr_shap_list_ir_4,lr_shap_list_ir_4_subset_86,orderMean,"['X4', 'X5', 'X3', 'X2', 'X1', 'X6']"
724,lr_shap_list_ir_4,lr_shap_list_ir_4_subset_86,orderStd,"['X5', 'X3', 'X4', 'X2', 'X1', 'X6']"
725,lr_shap_list_ir_4,lr_shap_list_ir_4_subset_86,orderSum,"['X4', 'X5', 'X3', 'X2', 'X1', 'X6']"
726,lr_shap_list_ir_2,lr_shap_list_ir_2_subset_89,orderMean,"['X4', 'X5', 'X2', 'X1', 'X3', 'X6']"
727,lr_shap_list_ir_2,lr_shap_list_ir_2_subset_89,orderStd,"['X2', 'X5', 'X3', 'X4', 'X1', 'X6']"
728,lr_shap_list_ir_2,lr_shap_list_ir_2_subset_89,orderSum,"['X4', 'X5', 'X2', 'X1', 'X3', 'X6']"
729,lr_shap_list_ir_5,lr_shap_list_ir_5_subset_22,orderMean,"['X5', 'X4', 'X3', 'X1', 'X2', 'X6']"
730,lr_shap_list_ir_5,lr_shap_list_ir_5_subset_22,orderStd,"['X5', 'X3', 'X1', 'X2', 'X4', 'X6']"
731,lr_shap_list_ir_5,lr_shap_list_ir_5_subset_22,orderSum,"['X5', 'X4', 'X3', 'X1', 'X2', 'X6']"
732,lr_shap_list_ir_3,lr_shap_list_ir_3_subset_147,orderMean,"['X2', 'X3', 'X1', 'X5', 'X4', 'X6']"
733,lr_shap_list_ir_3,lr_shap_list_ir_3_subset_147,orderStd,"['X1', 'X5', 'X3', 'X2', 'X4', 'X6']"
734,lr_shap_list_ir_3,lr_shap_list_ir_3_subset_147,orderSum,"['X2', 'X3', 'X1', 'X5', 'X4', 'X6']"
735,lr_shap_list_ir_3,lr_shap_list_ir_3_subset_6,orderMean,"['X4', 'X3', 'X5', 'X2', 'X1', 'X6']"
736,lr_shap_list_ir_3,lr_shap_list_ir_3_subset_6,orderStd,"['X3', 'X5', 'X2', 'X4', 'X1', 'X6']"
737,lr_shap_list_ir_3,lr_shap_list_ir_3_subset_6,orderSum,"['X4', 'X3', 'X5', 'X2', 'X1', 'X6']"
738,lr_shap_list_ir_1,lr_shap_list_ir_1_subset_98,orderMean,"['X3', 'X2', 'X6', 'X4', 'X5', 'X1']"
739,lr_shap_list_ir_1,lr_shap_list_ir_1_subset_98,orderStd,"['X3', 'X2', 'X5', 'X4', 'X1', 'X6']"
740,lr_shap_list_ir_1,lr_shap_list_ir_1_subset_98,orderSum,"['X3', 'X2', 'X6', 'X4', 'X5', 'X1']"
741,lr_shap_list_ir_3,lr_shap_list_ir_3_subset_41,orderMean,"['X2', 'X4', 'X3', 'X1', 'X5', 'X6']"
742,lr_shap_list_ir_3,lr_shap_list_ir_3_subset_41,orderStd,"['X2', 'X3', 'X5', 'X4', 'X1', 'X6']"
743,lr_shap_list_ir_3,lr_shap_list_ir_3_subset_41,orderSum,"['X2', 'X4', 'X3', 'X1', 'X5', 'X6']"
744,lr_shap_list_ir_3,lr_shap_list_ir_3_subset_73,orderMean,"['X5', 'X4', 'X3', 'X2', 'X1', 'X6']"
745,lr_shap_list_ir_3,lr_shap_list_ir_3_subset_73,orderStd,"['X5', 'X3', 'X4', 'X2', 'X1', 'X6']"
746,lr_shap_list_ir_3,lr_shap_list_ir_3_subset_73,orderSum,"['X5', 'X4', 'X3', 'X2', 'X1', 'X6']"
747,lr_shap_list_ir_2,lr_shap_list_ir_2_subset_46,orderMean,"['X4', 'X5', 'X3', 'X1', 'X2', 'X6']"
748,lr_shap_list_ir_2,lr_shap_list_ir_2_subset_46,orderStd,"['X3', 'X5', 'X1', 'X2', 'X4', 'X6']"
749,lr_shap_list_ir_2,lr_shap_list_ir_2_subset_46,orderSum,"['X4', 'X5', 'X3', 'X1', 'X2', 'X6']"
750,lr_shap_list_ir_5,lr_shap_list_ir_5_subset_99,orderMean,"['X4', 'X5', 'X3', 'X1', 'X2', 'X6']"
751,lr_shap_list_ir_5,lr_shap_list_ir_5_subset_99,orderStd,"['X3', 'X5', 'X4', 'X1', 'X2', 'X6']"
752,lr_shap_list_ir_5,lr_shap_list_ir_5_subset_99,orderSum,"['X4', 'X5', 'X3', 'X1', 'X2', 'X6']"
753,lr_shap_list_ir_4,lr_shap_list_ir_4_subset_4,orderMean,"['X4', 'X5', 'X3', 'X2', 'X1', 'X6']"
754,lr_shap_list_ir_4,lr_shap_list_ir_4_subset_4,orderStd,"['X5', 'X3', 'X2', 'X4', 'X1', 'X6']"
755,lr_shap_list_ir_4,lr_shap_list_ir_4_subset_4,orderSum,"['X4', 'X5', 'X3', 'X2', 'X1', 'X6']"
756,lr_shap_list_ir_1,lr_shap_list_ir_1_subset_130,orderMean,"['X4', 'X3', 'X2', 'X1', 'X5', 'X6']"
757,lr_shap_list_ir_1,lr_shap_list_ir_1_subset_130,orderStd,"['X2', 'X3', 'X4', 'X5', 'X1', 'X6']"
758,lr_shap_list_ir_1,lr_shap_list_ir_1_subset_130,orderSum,"['X4', 'X3', 'X2', 'X1', 'X5', 'X6']"
759,lr_shap_list_ir_4,lr_shap_list_ir_4_subset_132,orderMean,"['X3', 'X4', 'X5', 'X2', 'X1', 'X6']"
760,lr_shap_list_ir_4,lr_shap_list_ir_4_subset_132,orderStd,"['X3', 'X5', 'X2', 'X4', 'X1', 'X6']"
761,lr_shap_list_ir_4,lr_shap_list_ir_4_subset_132,orderSum,"['X3', 'X4', 'X5', 'X2', 'X1', 'X6']"
762,lr_shap_list_ir_4,lr_shap_list_ir_4_subset_106,orderMean,"['X4', 'X5', 'X1', 'X3', 'X2', 'X6']"
763,lr_shap_list_ir_4,lr_shap_list_ir_4_subset_106,orderStd,"['X5', 'X3', 'X1', 'X4', 'X2', 'X6']"
764,lr_shap_list_ir_4,lr_shap_list_ir_4_subset_106,orderSum,"['X4', 'X5', 'X1', 'X3', 'X2', 'X6']"
765,lr_shap_list_ir_1,lr_shap_list_ir_1_subset_94,orderMean,"['X6', 'X3', 'X4', 'X1', 'X5', 'X2']"
766,lr_shap_list_ir_1,lr_shap_list_ir_1_subset_94,orderStd,"['X3', 'X5', 'X6', 'X1', 'X4', 'X2']"
767,lr_shap_list_ir_1,lr_shap_list_ir_1_subset_94,orderSum,"['X6', 'X3', 'X4', 'X1', 'X5', 'X2']"
768,lr_shap_list_ir_2,lr_shap_list_ir_2_subset_61,orderMean,"['X4', 'X5', 'X1', 'X2', 'X6', 'X3']"
769,lr_shap_list_ir_2,lr_shap_list_ir_2_subset_61,orderStd,"['X4', 'X5', 'X1', 'X2', 'X3', 'X6']"
770,lr_shap_list_ir_2,lr_shap_list_ir_2_subset_61,orderSum,"['X4', 'X5', 'X1', 'X2', 'X6', 'X3']"
771,lr_shap_list_ir_3,lr_shap_list_ir_3_subset_117,orderMean,"['X3', 'X5', 'X4', 'X2', 'X6', 'X1']"
772,lr_shap_list_ir_3,lr_shap_list_ir_3_subset_117,orderStd,"['X3', 'X5', 'X2', 'X1', 'X4', 'X6']"
773,lr_shap_list_ir_3,lr_shap_list_ir_3_subset_117,orderSum,"['X3', 'X5', 'X4', 'X2', 'X6', 'X1']"
774,lr_shap_list_ir_5,lr_shap_list_ir_5_subset_34,orderMean,"['X4', 'X5', 'X2', 'X3', 'X1', 'X6']"
775,lr_shap_list_ir_5,lr_shap_list_ir_5_subset_34,orderStd,"['X5', 'X3', 'X4', 'X2', 'X1', 'X6']"
776,lr_shap_list_ir_5,lr_shap_list_ir_5_subset_34,orderSum,"['X4', 'X5', 'X2', 'X3', 'X1', 'X6']"
777,lr_shap_list_ir_4,lr_shap_list_ir_4_subset_12,orderMean,"['X5', 'X4', 'X2', 'X3', 'X1', 'X6']"
778,lr_shap_list_ir_4,lr_shap_list_ir_4_subset_12,orderStd,"['X3', 'X5', 'X2', 'X1', 'X4', 'X6']"
779,lr_shap_list_ir_4,lr_shap_list_ir_4_subset_12,orderSum,"['X5', 'X4', 'X2', 'X3', 'X1', 'X6']"
780,lr_shap_list_ir_5,lr_shap_list_ir_5_subset_62,orderMean,"['X4', 'X2', 'X5', 'X1', 'X3', 'X6']"
781,lr_shap_list_ir_5,lr_shap_list_ir_5_subset_62,orderStd,"['X2', 'X5', 'X4', 'X3', 'X1', 'X6']"
782,lr_shap_list_ir_5,lr_shap_list_ir_5_subset_62,orderSum,"['X4', 'X2', 'X5', 'X1', 'X3', 'X6']"
783,lr_shap_list_ir_3,lr_shap_list_ir_3_subset_33,orderMean,"['X2', 'X4', 'X3', 'X1', 'X5', 'X6']"
784,lr_shap_list_ir_3,lr_shap_list_ir_3_subset_33,orderStd,"['X2', 'X3', 'X5', 'X1', 'X4', 'X6']"
785,lr_shap_list_ir_3,lr_shap_list_ir_3_subset_33,orderSum,"['X2', 'X4', 'X3', 'X1', 'X5', 'X6']"
786,lr_shap_list_ir_5,lr_shap_list_ir_5_subset_79,orderMean,"['X4', 'X5', 'X3', 'X2', 'X1', 'X6']"
787,lr_shap_list_ir_5,lr_shap_list_ir_5_subset_79,orderStd,"['X5', 'X3', 'X2', 'X4', 'X1', 'X6']"
788,lr_shap_list_ir_5,lr_shap_list_ir_5_subset_79,orderSum,"['X4', 'X5', 'X3', 'X2', 'X1', 'X6']"
789,lr_shap_list_ir_4,lr_shap_list_ir_4_subset_49,orderMean,"['X4', 'X2', 'X5', 'X3', 'X1', 'X6']"
790,lr_shap_list_ir_4,lr_shap_list_ir_4_subset_49,orderStd,"['X2', 'X3', 'X5', 'X4', 'X1', 'X6']"
791,lr_shap_list_ir_4,lr_shap_list_ir_4_subset_49,orderSum,"['X4', 'X2', 'X5', 'X3', 'X1', 'X6']"
792,lr_shap_list_ir_4,lr_shap_list_ir_4_subset_51,orderMean,"['X4', 'X3', 'X2', 'X1', 'X5', 'X6']"
793,lr_shap_list_ir_4,lr_shap_list_ir_4_subset_51,orderStd,"['X3', 'X2', 'X1', 'X5', 'X4', 'X6']"
794,lr_shap_list_ir_4,lr_shap_list_ir_4_subset_51,orderSum,"['X4', 'X3', 'X2', 'X1', 'X5', 'X6']"
795,lr_shap_list_ir_2,lr_shap_list_ir_2_subset_97,orderMean,"['X4', 'X2', 'X5', 'X6', 'X3', 'X1']"
796,lr_shap_list_ir_2,lr_shap_list_ir_2_subset_97,orderStd,"['X2', 'X4', 'X5', 'X3', 'X1', 'X6']"
797,lr_shap_list_ir_2,lr_shap_list_ir_2_subset_97,orderSum,"['X4', 'X2', 'X5', 'X6', 'X3', 'X1']"
798,lr_shap_list_ir_5,lr_shap_list_ir_5_subset_47,orderMean,"['X5', 'X3', 'X4', 'X2', 'X1', 'X6']"
799,lr_shap_list_ir_5,lr_shap_list_ir_5_subset_47,orderStd,"['X3', 'X5', 'X2', 'X1', 'X4', 'X6']"
800,lr_shap_list_ir_5,lr_shap_list_ir_5_subset_47,orderSum,"['X5', 'X3', 'X4', 'X2', 'X1', 'X6']"
801,lr_shap_list_ir_2,lr_shap_list_ir_2_subset_133,orderMean,"['X4', 'X6', 'X2', 'X5', 'X3', 'X1']"
802,lr_shap_list_ir_2,lr_shap_list_ir_2_subset_133,orderStd,"['X2', 'X5', 'X4', 'X3', 'X1', 'X6']"
803,lr_shap_list_ir_2,lr_shap_list_ir_2_subset_133,orderSum,"['X4', 'X6', 'X2', 'X5', 'X3', 'X1']"
804,lr_shap_list_ir_2,lr_shap_list_ir_2_subset_1,orderMean,"['X2', 'X1', 'X6', 'X4', 'X5', 'X3']"
805,lr_shap_list_ir_2,lr_shap_list_ir_2_subset_1,orderStd,"['X2', 'X1', 'X5', 'X4', 'X3', 'X6']"
806,lr_shap_list_ir_2,lr_shap_list_ir_2_subset_1,orderSum,"['X2', 'X1', 'X6', 'X4', 'X5', 'X3']"
807,lr_shap_list_ir_2,lr_shap_list_ir_2_subset_16,orderMean,"['X3', 'X2', 'X4', 'X5', 'X1', 'X6']"
808,lr_shap_list_ir_2,lr_shap_list_ir_2_subset_16,orderStd,"['X2', 'X3', 'X5', 'X1', 'X4', 'X6']"
809,lr_shap_list_ir_2,lr_shap_list_ir_2_subset_16,orderSum,"['X3', 'X2', 'X4', 'X5', 'X1', 'X6']"
810,lr_shap_list_ir_1,lr_shap_list_ir_1_subset_60,orderMean,"['X3', 'X6', 'X1', 'X5', 'X2', 'X4']"
811,lr_shap_list_ir_1,lr_shap_list_ir_1_subset_60,orderStd,"['X3', 'X1', 'X5', 'X2', 'X6', 'X4']"
812,lr_shap_list_ir_1,lr_shap_list_ir_1_subset_60,orderSum,"['X3', 'X6', 'X1', 'X5', 'X2', 'X4']"
813,lr_shap_list_ir_1,lr_shap_list_ir_1_subset_118,orderMean,"['X3', 'X4', 'X2', 'X6', 'X5', 'X1']"
814,lr_shap_list_ir_1,lr_shap_list_ir_1_subset_118,orderStd,"['X3', 'X2', 'X4', 'X5', 'X6', 'X1']"
815,lr_shap_list_ir_1,lr_shap_list_ir_1_subset_118,orderSum,"['X3', 'X4', 'X2', 'X6', 'X5', 'X1']"
816,lr_shap_list_ir_5,lr_shap_list_ir_5_subset_143,orderMean,"['X5', 'X4', 'X3', 'X2', 'X1', 'X6']"
817,lr_shap_list_ir_5,lr_shap_list_ir_5_subset_143,orderStd,"['X5', 'X4', 'X3', 'X2', 'X1', 'X6']"
818,lr_shap_list_ir_5,lr_shap_list_ir_5_subset_143,orderSum,"['X5', 'X4', 'X3', 'X2', 'X1', 'X6']"
819,lr_shap_list_ir_4,lr_shap_list_ir_4_subset_73,orderMean,"['X3', 'X4', 'X5', 'X2', 'X1', 'X6']"
820,lr_shap_list_ir_4,lr_shap_list_ir_4_subset_73,orderStd,"['X3', 'X5', 'X4', 'X2', 'X1', 'X6']"
821,lr_shap_list_ir_4,lr_shap_list_ir_4_subset_73,orderSum,"['X3', 'X4', 'X5', 'X2', 'X1', 'X6']"
822,lr_shap_list_ir_2,lr_shap_list_ir_2_subset_128,orderMean,"['X4', 'X2', 'X6', 'X5', 'X1', 'X3']"
823,lr_shap_list_ir_2,lr_shap_list_ir_2_subset_128,orderStd,"['X2', 'X1', 'X5', 'X4', 'X3', 'X6']"
824,lr_shap_list_ir_2,lr_shap_list_ir_2_subset_128,orderSum,"['X4', 'X2', 'X6', 'X5', 'X1', 'X3']"
825,lr_shap_list_ir_4,lr_shap_list_ir_4_subset_112,orderMean,"['X4', 'X5', 'X2', 'X3', 'X1', 'X6']"
826,lr_shap_list_ir_4,lr_shap_list_ir_4_subset_112,orderStd,"['X2', 'X5', 'X4', 'X3', 'X1', 'X6']"
827,lr_shap_list_ir_4,lr_shap_list_ir_4_subset_112,orderSum,"['X4', 'X5', 'X2', 'X3', 'X1', 'X6']"
828,lr_shap_list_ir_5,lr_shap_list_ir_5_subset_82,orderMean,"['X5', 'X4', 'X3', 'X2', 'X1', 'X6']"
829,lr_shap_list_ir_5,lr_shap_list_ir_5_subset_82,orderStd,"['X3', 'X5', 'X2', 'X4', 'X1', 'X6']"
830,lr_shap_list_ir_5,lr_shap_list_ir_5_subset_82,orderSum,"['X5', 'X4', 'X3', 'X2', 'X1', 'X6']"
831,lr_shap_list_ir_5,lr_shap_list_ir_5_subset_17,orderMean,"['X4', 'X5', 'X3', 'X2', 'X1', 'X6']"
832,lr_shap_list_ir_5,lr_shap_list_ir_5_subset_17,orderStd,"['X5', 'X3', 'X4', 'X2', 'X1', 'X6']"
833,lr_shap_list_ir_5,lr_shap_list_ir_5_subset_17,orderSum,"['X4', 'X5', 'X3', 'X2', 'X1', 'X6']"
834,lr_shap_list_ir_3,lr_shap_list_ir_3_subset_26,orderMean,"['X4', 'X5', 'X1', 'X2', 'X3', 'X6']"
835,lr_shap_list_ir_3,lr_shap_list_ir_3_subset_26,orderStd,"['X5', 'X2', 'X1', 'X3', 'X4', 'X6']"
836,lr_shap_list_ir_3,lr_shap_list_ir_3_subset_26,orderSum,"['X4', 'X5', 'X1', 'X2', 'X3', 'X6']"
837,lr_shap_list_ir_3,lr_shap_list_ir_3_subset_130,orderMean,"['X4', 'X5', 'X1', 'X2', 'X3', 'X6']"
838,lr_shap_list_ir_3,lr_shap_list_ir_3_subset_130,orderStd,"['X5', 'X4', 'X1', 'X2', 'X3', 'X6']"
839,lr_shap_list_ir_3,lr_shap_list_ir_3_subset_130,orderSum,"['X4', 'X5', 'X1', 'X2', 'X3', 'X6']"
840,lr_shap_list_ir_1,lr_shap_list_ir_1_subset_143,orderMean,"['X3', 'X1', 'X2', 'X6', 'X4', 'X5']"
841,lr_shap_list_ir_1,lr_shap_list_ir_1_subset_143,orderStd,"['X3', 'X1', 'X2', 'X5', 'X4', 'X6']"
842,lr_shap_list_ir_1,lr_shap_list_ir_1_subset_143,orderSum,"['X3', 'X1', 'X2', 'X6', 'X4', 'X5']"
843,lr_shap_list_ir_3,lr_shap_list_ir_3_subset_13,orderMean,"['X4', 'X3', 'X5', 'X2', 'X1', 'X6']"
844,lr_shap_list_ir_3,lr_shap_list_ir_3_subset_13,orderStd,"['X3', 'X5', 'X4', 'X2', 'X1', 'X6']"
845,lr_shap_list_ir_3,lr_shap_list_ir_3_subset_13,orderSum,"['X4', 'X3', 'X5', 'X2', 'X1', 'X6']"
846,lr_shap_list_ir_4,lr_shap_list_ir_4_subset_140,orderMean,"['X4', 'X3', 'X5', 'X2', 'X1', 'X6']"
847,lr_shap_list_ir_4,lr_shap_list_ir_4_subset_140,orderStd,"['X3', 'X5', 'X4', 'X2', 'X1', 'X6']"
848,lr_shap_list_ir_4,lr_shap_list_ir_4_subset_140,orderSum,"['X4', 'X3', 'X5', 'X2', 'X1', 'X6']"
849,lr_shap_list_ir_1,lr_shap_list_ir_1_subset_102,orderMean,"['X2', 'X6', 'X4', 'X3', 'X5', 'X1']"
850,lr_shap_list_ir_1,lr_shap_list_ir_1_subset_102,orderStd,"['X2', 'X5', 'X3', 'X4', 'X6', 'X1']"
851,lr_shap_list_ir_1,lr_shap_list_ir_1_subset_102,orderSum,"['X2', 'X6', 'X4', 'X3', 'X5', 'X1']"
852,lr_shap_list_ir_2,lr_shap_list_ir_2_subset_73,orderMean,"['X4', 'X2', 'X5', 'X1', 'X3', 'X6']"
853,lr_shap_list_ir_2,lr_shap_list_ir_2_subset_73,orderStd,"['X5', 'X2', 'X4', 'X3', 'X1', 'X6']"
854,lr_shap_list_ir_2,lr_shap_list_ir_2_subset_73,orderSum,"['X4', 'X2', 'X5', 'X1', 'X3', 'X6']"
855,lr_shap_list_ir_4,lr_shap_list_ir_4_subset_16,orderMean,"['X4', 'X5', 'X3', 'X2', 'X1', 'X6']"
856,lr_shap_list_ir_4,lr_shap_list_ir_4_subset_16,orderStd,"['X5', 'X3', 'X4', 'X2', 'X1', 'X6']"
857,lr_shap_list_ir_4,lr_shap_list_ir_4_subset_16,orderSum,"['X4', 'X5', 'X3', 'X2', 'X1', 'X6']"
858,lr_shap_list_ir_3,lr_shap_list_ir_3_subset_9,orderMean,"['X4', 'X5', 'X1', 'X3', 'X2', 'X6']"
859,lr_shap_list_ir_3,lr_shap_list_ir_3_subset_9,orderStd,"['X5', 'X4', 'X1', 'X2', 'X3', 'X6']"
860,lr_shap_list_ir_3,lr_shap_list_ir_3_subset_9,orderSum,"['X4', 'X5', 'X1', 'X3', 'X2', 'X6']"
861,lr_shap_list_ir_2,lr_shap_list_ir_2_subset_110,orderMean,"['X2', 'X4', 'X6', 'X3', 'X5', 'X1']"
862,lr_shap_list_ir_2,lr_shap_list_ir_2_subset_110,orderStd,"['X3', 'X2', 'X5', 'X4', 'X1', 'X6']"
863,lr_shap_list_ir_2,lr_shap_list_ir_2_subset_110,orderSum,"['X2', 'X4', 'X6', 'X3', 'X5', 'X1']"
864,lr_shap_list_ir_5,lr_shap_list_ir_5_subset_106,orderMean,"['X4', 'X5', 'X3', 'X2', 'X1', 'X6']"
865,lr_shap_list_ir_5,lr_shap_list_ir_5_subset_106,orderStd,"['X5', 'X3', 'X4', 'X2', 'X1', 'X6']"
866,lr_shap_list_ir_5,lr_shap_list_ir_5_subset_106,orderSum,"['X4', 'X5', 'X3', 'X2', 'X1', 'X6']"
867,lr_shap_list_ir_3,lr_shap_list_ir_3_subset_56,orderMean,"['X2', 'X4', 'X3', 'X5', 'X1', 'X6']"
868,lr_shap_list_ir_3,lr_shap_list_ir_3_subset_56,orderStd,"['X2', 'X3', 'X5', 'X1', 'X4', 'X6']"
869,lr_shap_list_ir_3,lr_shap_list_ir_3_subset_56,orderSum,"['X2', 'X4', 'X3', 'X5', 'X1', 'X6']"
870,lr_shap_list_ir_2,lr_shap_list_ir_2_subset_104,orderMean,"['X4', 'X3', 'X2', 'X5', 'X1', 'X6']"
871,lr_shap_list_ir_2,lr_shap_list_ir_2_subset_104,orderStd,"['X3', 'X2', 'X5', 'X4', 'X1', 'X6']"
872,lr_shap_list_ir_2,lr_shap_list_ir_2_subset_104,orderSum,"['X4', 'X3', 'X2', 'X5', 'X1', 'X6']"
873,lr_shap_list_ir_4,lr_shap_list_ir_4_subset_20,orderMean,"['X4', 'X5', 'X3', 'X2', 'X1', 'X6']"
874,lr_shap_list_ir_4,lr_shap_list_ir_4_subset_20,orderStd,"['X5', 'X3', 'X2', 'X4', 'X1', 'X6']"
875,lr_shap_list_ir_4,lr_shap_list_ir_4_subset_20,orderSum,"['X4', 'X5', 'X3', 'X2', 'X1', 'X6']"
876,lr_shap_list_ir_1,lr_shap_list_ir_1_subset_11,orderMean,"['X4', 'X3', 'X5', 'X6', 'X2', 'X1']"
877,lr_shap_list_ir_1,lr_shap_list_ir_1_subset_11,orderStd,"['X3', 'X5', 'X4', 'X2', 'X1', 'X6']"
878,lr_shap_list_ir_1,lr_shap_list_ir_1_subset_11,orderSum,"['X4', 'X3', 'X5', 'X6', 'X2', 'X1']"
879,lr_shap_list_ir_2,lr_shap_list_ir_2_subset_33,orderMean,"['X6', 'X4', 'X5', 'X1', 'X2', 'X3']"
880,lr_shap_list_ir_2,lr_shap_list_ir_2_subset_33,orderStd,"['X5', 'X1', 'X2', 'X4', 'X3', 'X6']"
881,lr_shap_list_ir_2,lr_shap_list_ir_2_subset_33,orderSum,"['X6', 'X4', 'X5', 'X1', 'X2', 'X3']"
882,lr_shap_list_ir_5,lr_shap_list_ir_5_subset_104,orderMean,"['X5', 'X4', 'X3', 'X1', 'X2', 'X6']"
883,lr_shap_list_ir_5,lr_shap_list_ir_5_subset_104,orderStd,"['X5', 'X3', 'X4', 'X2', 'X1', 'X6']"
884,lr_shap_list_ir_5,lr_shap_list_ir_5_subset_104,orderSum,"['X5', 'X4', 'X3', 'X1', 'X2', 'X6']"
885,lr_shap_list_ir_1,lr_shap_list_ir_1_subset_86,orderMean,"['X3', 'X6', 'X2', 'X1', 'X4', 'X5']"
886,lr_shap_list_ir_1,lr_shap_list_ir_1_subset_86,orderStd,"['X3', 'X2', 'X1', 'X5', 'X6', 'X4']"
887,lr_shap_list_ir_1,lr_shap_list_ir_1_subset_86,orderSum,"['X3', 'X6', 'X2', 'X1', 'X4', 'X5']"
888,lr_shap_list_ir_3,lr_shap_list_ir_3_subset_7,orderMean,"['X2', 'X4', 'X1', 'X3', 'X5', 'X6']"
889,lr_shap_list_ir_3,lr_shap_list_ir_3_subset_7,orderStd,"['X2', 'X5', 'X4', 'X3', 'X1', 'X6']"
890,lr_shap_list_ir_3,lr_shap_list_ir_3_subset_7,orderSum,"['X2', 'X4', 'X1', 'X3', 'X5', 'X6']"
891,lr_shap_list_ir_3,lr_shap_list_ir_3_subset_38,orderMean,"['X4', 'X2', 'X3', 'X5', 'X1', 'X6']"
892,lr_shap_list_ir_3,lr_shap_list_ir_3_subset_38,orderStd,"['X2', 'X3', 'X4', 'X5', 'X1', 'X6']"
893,lr_shap_list_ir_3,lr_shap_list_ir_3_subset_38,orderSum,"['X4', 'X2', 'X3', 'X5', 'X1', 'X6']"
894,lr_shap_list_ir_2,lr_shap_list_ir_2_subset_144,orderMean,"['X4', 'X2', 'X5', 'X3', 'X6', 'X1']"
895,lr_shap_list_ir_2,lr_shap_list_ir_2_subset_144,orderStd,"['X3', 'X5', 'X2', 'X4', 'X1', 'X6']"
896,lr_shap_list_ir_2,lr_shap_list_ir_2_subset_144,orderSum,"['X4', 'X2', 'X5', 'X3', 'X6', 'X1']"
897,lr_shap_list_ir_5,lr_shap_list_ir_5_subset_63,orderMean,"['X5', 'X4', 'X2', 'X3', 'X1', 'X6']"
898,lr_shap_list_ir_5,lr_shap_list_ir_5_subset_63,orderStd,"['X5', 'X2', 'X3', 'X4', 'X1', 'X6']"
899,lr_shap_list_ir_5,lr_shap_list_ir_5_subset_63,orderSum,"['X5', 'X4', 'X2', 'X3', 'X1', 'X6']"
900,lr_shap_list_ir_5,lr_shap_list_ir_5_subset_50,orderMean,"['X3', 'X5', 'X4', 'X6', 'X2', 'X1']"
901,lr_shap_list_ir_5,lr_shap_list_ir_5_subset_50,orderStd,"['X5', 'X3', 'X4', 'X2', 'X1', 'X6']"
902,lr_shap_list_ir_5,lr_shap_list_ir_5_subset_50,orderSum,"['X3', 'X5', 'X4', 'X6', 'X2', 'X1']"
903,lr_shap_list_ir_1,lr_shap_list_ir_1_subset_41,orderMean,"['X5', 'X4', 'X6', 'X3', 'X2', 'X1']"
904,lr_shap_list_ir_1,lr_shap_list_ir_1_subset_41,orderStd,"['X5', 'X3', 'X2', 'X4', 'X6', 'X1']"
905,lr_shap_list_ir_1,lr_shap_list_ir_1_subset_41,orderSum,"['X5', 'X4', 'X6', 'X3', 'X2', 'X1']"
906,lr_shap_list_ir_3,lr_shap_list_ir_3_subset_126,orderMean,"['X1', 'X4', 'X2', 'X3', 'X5', 'X6']"
907,lr_shap_list_ir_3,lr_shap_list_ir_3_subset_126,orderStd,"['X2', 'X1', 'X5', 'X3', 'X4', 'X6']"
908,lr_shap_list_ir_3,lr_shap_list_ir_3_subset_126,orderSum,"['X1', 'X4', 'X2', 'X3', 'X5', 'X6']"
909,lr_shap_list_ir_3,lr_shap_list_ir_3_subset_62,orderMean,"['X4', 'X5', 'X2', 'X1', 'X6', 'X3']"
910,lr_shap_list_ir_3,lr_shap_list_ir_3_subset_62,orderStd,"['X5', 'X4', 'X1', 'X2', 'X3', 'X6']"
911,lr_shap_list_ir_3,lr_shap_list_ir_3_subset_62,orderSum,"['X4', 'X5', 'X2', 'X1', 'X6', 'X3']"
912,lr_shap_list_ir_1,lr_shap_list_ir_1_subset_146,orderMean,"['X6', 'X4', 'X5', 'X1', 'X3', 'X2']"
913,lr_shap_list_ir_1,lr_shap_list_ir_1_subset_146,orderStd,"['X5', 'X4', 'X6', 'X1', 'X3', 'X2']"
914,lr_shap_list_ir_1,lr_shap_list_ir_1_subset_146,orderSum,"['X6', 'X4', 'X5', 'X1', 'X3', 'X2']"
915,lr_shap_list_ir_5,lr_shap_list_ir_5_subset_54,orderMean,"['X4', 'X5', 'X3', 'X2', 'X1', 'X6']"
916,lr_shap_list_ir_5,lr_shap_list_ir_5_subset_54,orderStd,"['X5', 'X4', 'X3', 'X2', 'X1', 'X6']"
917,lr_shap_list_ir_5,lr_shap_list_ir_5_subset_54,orderSum,"['X4', 'X5', 'X3', 'X2', 'X1', 'X6']"
918,lr_shap_list_ir_5,lr_shap_list_ir_5_subset_115,orderMean,"['X4', 'X5', 'X3', 'X2', 'X1', 'X6']"
919,lr_shap_list_ir_5,lr_shap_list_ir_5_subset_115,orderStd,"['X5', 'X3', 'X4', 'X2', 'X1', 'X6']"
920,lr_shap_list_ir_5,lr_shap_list_ir_5_subset_115,orderSum,"['X4', 'X5', 'X3', 'X2', 'X1', 'X6']"
921,lr_shap_list_ir_5,lr_shap_list_ir_5_subset_46,orderMean,"['X4', 'X5', 'X3', 'X1', 'X2', 'X6']"
922,lr_shap_list_ir_5,lr_shap_list_ir_5_subset_46,orderStd,"['X5', 'X3', 'X4', 'X2', 'X1', 'X6']"
923,lr_shap_list_ir_5,lr_shap_list_ir_5_subset_46,orderSum,"['X4', 'X5', 'X3', 'X1', 'X2', 'X6']"
924,lr_shap_list_ir_4,lr_shap_list_ir_4_subset_47,orderMean,"['X4', 'X5', 'X1', 'X3', 'X2', 'X6']"
925,lr_shap_list_ir_4,lr_shap_list_ir_4_subset_47,orderStd,"['X3', 'X5', 'X2', 'X1', 'X4', 'X6']"
926,lr_shap_list_ir_4,lr_shap_list_ir_4_subset_47,orderSum,"['X4', 'X5', 'X1', 'X3', 'X2', 'X6']"
927,lr_shap_list_ir_3,lr_shap_list_ir_3_subset_40,orderMean,"['X4', 'X5', 'X2', 'X1', 'X3', 'X6']"
928,lr_shap_list_ir_3,lr_shap_list_ir_3_subset_40,orderStd,"['X5', 'X4', 'X2', 'X1', 'X3', 'X6']"
929,lr_shap_list_ir_3,lr_shap_list_ir_3_subset_40,orderSum,"['X4', 'X5', 'X2', 'X1', 'X3', 'X6']"
930,lr_shap_list_ir_3,lr_shap_list_ir_3_subset_71,orderMean,"['X4', 'X5', 'X2', 'X3', 'X1', 'X6']"
931,lr_shap_list_ir_3,lr_shap_list_ir_3_subset_71,orderStd,"['X5', 'X2', 'X4', 'X3', 'X1', 'X6']"
932,lr_shap_list_ir_3,lr_shap_list_ir_3_subset_71,orderSum,"['X4', 'X5', 'X2', 'X3', 'X1', 'X6']"
933,lr_shap_list_ir_5,lr_shap_list_ir_5_subset_95,orderMean,"['X4', 'X3', 'X5', 'X1', 'X2', 'X6']"
934,lr_shap_list_ir_5,lr_shap_list_ir_5_subset_95,orderStd,"['X3', 'X5', 'X4', 'X2', 'X1', 'X6']"
935,lr_shap_list_ir_5,lr_shap_list_ir_5_subset_95,orderSum,"['X4', 'X3', 'X5', 'X1', 'X2', 'X6']"
936,lr_shap_list_ir_5,lr_shap_list_ir_5_subset_29,orderMean,"['X5', 'X4', 'X3', 'X2', 'X1', 'X6']"
937,lr_shap_list_ir_5,lr_shap_list_ir_5_subset_29,orderStd,"['X5', 'X3', 'X2', 'X1', 'X4', 'X6']"
938,lr_shap_list_ir_5,lr_shap_list_ir_5_subset_29,orderSum,"['X5', 'X4', 'X3', 'X2', 'X1', 'X6']"
939,lr_shap_list_ir_2,lr_shap_list_ir_2_subset_121,orderMean,"['X3', 'X4', 'X2', 'X5', 'X1', 'X6']"
940,lr_shap_list_ir_2,lr_shap_list_ir_2_subset_121,orderStd,"['X3', 'X5', 'X2', 'X1', 'X4', 'X6']"
941,lr_shap_list_ir_2,lr_shap_list_ir_2_subset_121,orderSum,"['X3', 'X4', 'X2', 'X5', 'X1', 'X6']"
942,lr_shap_list_ir_4,lr_shap_list_ir_4_subset_109,orderMean,"['X3', 'X4', 'X5', 'X2', 'X1', 'X6']"
943,lr_shap_list_ir_4,lr_shap_list_ir_4_subset_109,orderStd,"['X5', 'X3', 'X2', 'X4', 'X1', 'X6']"
944,lr_shap_list_ir_4,lr_shap_list_ir_4_subset_109,orderSum,"['X3', 'X4', 'X5', 'X2', 'X1', 'X6']"
945,lr_shap_list_ir_3,lr_shap_list_ir_3_subset_100,orderMean,"['X5', 'X4', 'X3', 'X2', 'X1', 'X6']"
946,lr_shap_list_ir_3,lr_shap_list_ir_3_subset_100,orderStd,"['X5', 'X3', 'X4', 'X1', 'X2', 'X6']"
947,lr_shap_list_ir_3,lr_shap_list_ir_3_subset_100,orderSum,"['X5', 'X4', 'X3', 'X2', 'X1', 'X6']"
948,lr_shap_list_ir_3,lr_shap_list_ir_3_subset_76,orderMean,"['X4', 'X3', 'X2', 'X5', 'X1', 'X6']"
949,lr_shap_list_ir_3,lr_shap_list_ir_3_subset_76,orderStd,"['X3', 'X5', 'X4', 'X2', 'X1', 'X6']"
950,lr_shap_list_ir_3,lr_shap_list_ir_3_subset_76,orderSum,"['X4', 'X3', 'X2', 'X5', 'X1', 'X6']"
951,lr_shap_list_ir_2,lr_shap_list_ir_2_subset_13,orderMean,"['X4', 'X2', 'X5', 'X3', 'X1', 'X6']"
952,lr_shap_list_ir_2,lr_shap_list_ir_2_subset_13,orderStd,"['X2', 'X5', 'X4', 'X3', 'X1', 'X6']"
953,lr_shap_list_ir_2,lr_shap_list_ir_2_subset_13,orderSum,"['X4', 'X2', 'X5', 'X3', 'X1', 'X6']"
954,lr_shap_list_ir_1,lr_shap_list_ir_1_subset_117,orderMean,"['X4', 'X1', 'X2', 'X3', 'X6', 'X5']"
955,lr_shap_list_ir_1,lr_shap_list_ir_1_subset_117,orderStd,"['X2', 'X1', 'X4', 'X3', 'X5', 'X6']"
956,lr_shap_list_ir_1,lr_shap_list_ir_1_subset_117,orderSum,"['X4', 'X1', 'X2', 'X3', 'X6', 'X5']"
957,lr_shap_list_ir_1,lr_shap_list_ir_1_subset_140,orderMean,"['X3', 'X2', 'X6', 'X4', 'X5', 'X1']"
958,lr_shap_list_ir_1,lr_shap_list_ir_1_subset_140,orderStd,"['X3', 'X2', 'X5', 'X1', 'X4', 'X6']"
959,lr_shap_list_ir_1,lr_shap_list_ir_1_subset_140,orderSum,"['X3', 'X2', 'X6', 'X4', 'X5', 'X1']"
960,lr_shap_list_ir_3,lr_shap_list_ir_3_subset_15,orderMean,"['X3', 'X4', 'X5', 'X1', 'X6', 'X2']"
961,lr_shap_list_ir_3,lr_shap_list_ir_3_subset_15,orderStd,"['X3', 'X5', 'X1', 'X4', 'X2', 'X6']"
962,lr_shap_list_ir_3,lr_shap_list_ir_3_subset_15,orderSum,"['X3', 'X4', 'X5', 'X1', 'X6', 'X2']"
963,lr_shap_list_ir_1,lr_shap_list_ir_1_subset_122,orderMean,"['X2', 'X6', 'X1', 'X3', 'X5', 'X4']"
964,lr_shap_list_ir_1,lr_shap_list_ir_1_subset_122,orderStd,"['X2', 'X1', 'X3', 'X5', 'X6', 'X4']"
965,lr_shap_list_ir_1,lr_shap_list_ir_1_subset_122,orderSum,"['X2', 'X6', 'X1', 'X3', 'X5', 'X4']"
966,lr_shap_list_ir_2,lr_shap_list_ir_2_subset_86,orderMean,"['X3', 'X2', 'X4', 'X6', 'X1', 'X5']"
967,lr_shap_list_ir_2,lr_shap_list_ir_2_subset_86,orderStd,"['X3', 'X2', 'X5', 'X4', 'X1', 'X6']"
968,lr_shap_list_ir_2,lr_shap_list_ir_2_subset_86,orderSum,"['X3', 'X2', 'X4', 'X6', 'X1', 'X5']"
969,lr_shap_list_ir_5,lr_shap_list_ir_5_subset_128,orderMean,"['X4', 'X5', 'X2', 'X3', 'X1', 'X6']"
970,lr_shap_list_ir_5,lr_shap_list_ir_5_subset_128,orderStd,"['X2', 'X5', 'X4', 'X3', 'X1', 'X6']"
971,lr_shap_list_ir_5,lr_shap_list_ir_5_subset_128,orderSum,"['X4', 'X5', 'X2', 'X3', 'X1', 'X6']"
972,lr_shap_list_ir_4,lr_shap_list_ir_4_subset_32,orderMean,"['X4', 'X5', 'X3', 'X1', 'X2', 'X6']"
973,lr_shap_list_ir_4,lr_shap_list_ir_4_subset_32,orderStd,"['X5', 'X3', 'X4', 'X1', 'X2', 'X6']"
974,lr_shap_list_ir_4,lr_shap_list_ir_4_subset_32,orderSum,"['X4', 'X5', 'X3', 'X1', 'X2', 'X6']"
975,lr_shap_list_ir_3,lr_shap_list_ir_3_subset_92,orderMean,"['X4', 'X5', 'X2', 'X3', 'X1', 'X6']"
976,lr_shap_list_ir_3,lr_shap_list_ir_3_subset_92,orderStd,"['X2', 'X3', 'X5', 'X4', 'X1', 'X6']"
977,lr_shap_list_ir_3,lr_shap_list_ir_3_subset_92,orderSum,"['X4', 'X5', 'X2', 'X3', 'X1', 'X6']"
978,lr_shap_list_ir_2,lr_shap_list_ir_2_subset_142,orderMean,"['X2', 'X1', 'X4', 'X3', 'X5', 'X6']"
979,lr_shap_list_ir_2,lr_shap_list_ir_2_subset_142,orderStd,"['X2', 'X1', 'X3', 'X5', 'X4', 'X6']"
980,lr_shap_list_ir_2,lr_shap_list_ir_2_subset_142,orderSum,"['X2', 'X1', 'X4', 'X3', 'X5', 'X6']"
981,lr_shap_list_ir_2,lr_shap_list_ir_2_subset_6,orderMean,"['X3', 'X4', 'X2', 'X5', 'X1', 'X6']"
982,lr_shap_list_ir_2,lr_shap_list_ir_2_subset_6,orderStd,"['X5', 'X3', 'X2', 'X1', 'X4', 'X6']"
983,lr_shap_list_ir_2,lr_shap_list_ir_2_subset_6,orderSum,"['X3', 'X4', 'X2', 'X5', 'X1', 'X6']"
984,lr_shap_list_ir_5,lr_shap_list_ir_5_subset_55,orderMean,"['X4', 'X5', 'X3', 'X2', 'X1', 'X6']"
985,lr_shap_list_ir_5,lr_shap_list_ir_5_subset_55,orderStd,"['X5', 'X4', 'X3', 'X2', 'X1', 'X6']"
986,lr_shap_list_ir_5,lr_shap_list_ir_5_subset_55,orderSum,"['X4', 'X5', 'X3', 'X2', 'X1', 'X6']"
987,lr_shap_list_ir_2,lr_shap_list_ir_2_subset_47,orderMean,"['X4', 'X2', 'X1', 'X5', 'X3', 'X6']"
988,lr_shap_list_ir_2,lr_shap_list_ir_2_subset_47,orderStd,"['X2', 'X1', 'X3', 'X5', 'X4', 'X6']"
989,lr_shap_list_ir_2,lr_shap_list_ir_2_subset_47,orderSum,"['X4', 'X2', 'X1', 'X5', 'X3', 'X6']"
990,lr_shap_list_ir_3,lr_shap_list_ir_3_subset_10,orderMean,"['X4', 'X5', 'X3', 'X1', 'X2', 'X6']"
991,lr_shap_list_ir_3,lr_shap_list_ir_3_subset_10,orderStd,"['X5', 'X1', 'X3', 'X4', 'X2', 'X6']"
992,lr_shap_list_ir_3,lr_shap_list_ir_3_subset_10,orderSum,"['X4', 'X5', 'X3', 'X1', 'X2', 'X6']"
993,lr_shap_list_ir_2,lr_shap_list_ir_2_subset_129,orderMean,"['X6', 'X3', 'X5', 'X4', 'X2', 'X1']"
994,lr_shap_list_ir_2,lr_shap_list_ir_2_subset_129,orderStd,"['X5', 'X3', 'X2', 'X1', 'X6', 'X4']"
995,lr_shap_list_ir_2,lr_shap_list_ir_2_subset_129,orderSum,"['X6', 'X3', 'X5', 'X4', 'X2', 'X1']"
996,lr_shap_list_ir_4,lr_shap_list_ir_4_subset_90,orderMean,"['X4', 'X1', 'X2', 'X5', 'X3', 'X6']"
997,lr_shap_list_ir_4,lr_shap_list_ir_4_subset_90,orderStd,"['X2', 'X1', 'X5', 'X3', 'X4', 'X6']"
998,lr_shap_list_ir_4,lr_shap_list_ir_4_subset_90,orderSum,"['X4', 'X1', 'X2', 'X5', 'X3', 'X6']"
999,lr_shap_list_ir_4,lr_shap_list_ir_4_subset_84,orderMean,"['X5', 'X3', 'X4', 'X2', 'X1', 'X6']"
1000,lr_shap_list_ir_4,lr_shap_list_ir_4_subset_84,orderStd,"['X5', 'X3', 'X2', 'X1', 'X4', 'X6']"
1001,lr_shap_list_ir_4,lr_shap_list_ir_4_subset_84,orderSum,"['X5', 'X3', 'X4', 'X2', 'X1', 'X6']"
1002,lr_shap_list_ir_2,lr_shap_list_ir_2_subset_43,orderMean,"['X3', 'X5', 'X4', 'X1', 'X2', 'X6']"
1003,lr_shap_list_ir_2,lr_shap_list_ir_2_subset_43,orderStd,"['X3', 'X5', 'X2', 'X1', 'X4', 'X6']"
1004,lr_shap_list_ir_2,lr_shap_list_ir_2_subset_43,orderSum,"['X3', 'X5', 'X4', 'X1', 'X2', 'X6']"
1005,lr_shap_list_ir_2,lr_shap_list_ir_2_subset_58,orderMean,"['X3', 'X5', 'X1', 'X2', 'X6', 'X4']"
1006,lr_shap_list_ir_2,lr_shap_list_ir_2_subset_58,orderStd,"['X3', 'X5', 'X1', 'X2', 'X6', 'X4']"
1007,lr_shap_list_ir_2,lr_shap_list_ir_2_subset_58,orderSum,"['X3', 'X5', 'X1', 'X2', 'X6', 'X4']"
1008,lr_shap_list_ir_4,lr_shap_list_ir_4_subset_50,orderMean,"['X3', 'X4', 'X5', 'X1', 'X2', 'X6']"
1009,lr_shap_list_ir_4,lr_shap_list_ir_4_subset_50,orderStd,"['X3', 'X5', 'X2', 'X1', 'X4', 'X6']"
1010,lr_shap_list_ir_4,lr_shap_list_ir_4_subset_50,orderSum,"['X3', 'X4', 'X5', 'X1', 'X2', 'X6']"
1011,lr_shap_list_ir_5,lr_shap_list_ir_5_subset_100,orderMean,"['X4', 'X5', 'X3', 'X1', 'X2', 'X6']"
1012,lr_shap_list_ir_5,lr_shap_list_ir_5_subset_100,orderStd,"['X5', 'X3', 'X4', 'X1', 'X2', 'X6']"
1013,lr_shap_list_ir_5,lr_shap_list_ir_5_subset_100,orderSum,"['X4', 'X5', 'X3', 'X1', 'X2', 'X6']"
1014,lr_shap_list_ir_2,lr_shap_list_ir_2_subset_93,orderMean,"['X3', 'X2', 'X6', 'X1', 'X5', 'X4']"
1015,lr_shap_list_ir_2,lr_shap_list_ir_2_subset_93,orderStd,"['X3', 'X2', 'X5', 'X1', 'X6', 'X4']"
1016,lr_shap_list_ir_2,lr_shap_list_ir_2_subset_93,orderSum,"['X3', 'X2', 'X6', 'X1', 'X5', 'X4']"
1017,lr_shap_list_ir_5,lr_shap_list_ir_5_subset_31,orderMean,"['X4', 'X5', 'X3', 'X2', 'X1', 'X6']"
1018,lr_shap_list_ir_5,lr_shap_list_ir_5_subset_31,orderStd,"['X5', 'X3', 'X4', 'X2', 'X1', 'X6']"
1019,lr_shap_list_ir_5,lr_shap_list_ir_5_subset_31,orderSum,"['X4', 'X5', 'X3', 'X2', 'X1', 'X6']"
1020,lr_shap_list_ir_1,lr_shap_list_ir_1_subset_30,orderMean,"['X1', 'X2', 'X6', 'X5', 'X4', 'X3']"
1021,lr_shap_list_ir_1,lr_shap_list_ir_1_subset_30,orderStd,"['X1', 'X2', 'X5', 'X3', 'X4', 'X6']"
1022,lr_shap_list_ir_1,lr_shap_list_ir_1_subset_30,orderSum,"['X1', 'X2', 'X6', 'X5', 'X4', 'X3']"
1023,lr_shap_list_ir_1,lr_shap_list_ir_1_subset_93,orderMean,"['X4', 'X3', 'X5', 'X2', 'X1', 'X6']"
1024,lr_shap_list_ir_1,lr_shap_list_ir_1_subset_93,orderStd,"['X3', 'X4', 'X5', 'X2', 'X1', 'X6']"
1025,lr_shap_list_ir_1,lr_shap_list_ir_1_subset_93,orderSum,"['X4', 'X3', 'X5', 'X2', 'X1', 'X6']"
1026,lr_shap_list_ir_2,lr_shap_list_ir_2_subset_5,orderMean,"['X4', 'X3', 'X2', 'X5', 'X6', 'X1']"
1027,lr_shap_list_ir_2,lr_shap_list_ir_2_subset_5,orderStd,"['X3', 'X2', 'X5', 'X4', 'X1', 'X6']"
1028,lr_shap_list_ir_2,lr_shap_list_ir_2_subset_5,orderSum,"['X4', 'X3', 'X2', 'X5', 'X6', 'X1']"
1029,lr_shap_list_ir_4,lr_shap_list_ir_4_subset_124,orderMean,"['X3', 'X5', 'X4', 'X2', 'X1', 'X6']"
1030,lr_shap_list_ir_4,lr_shap_list_ir_4_subset_124,orderStd,"['X3', 'X5', 'X2', 'X1', 'X4', 'X6']"
1031,lr_shap_list_ir_4,lr_shap_list_ir_4_subset_124,orderSum,"['X3', 'X5', 'X4', 'X2', 'X1', 'X6']"
1032,lr_shap_list_ir_3,lr_shap_list_ir_3_subset_35,orderMean,"['X4', 'X5', 'X2', 'X1', 'X3', 'X6']"
1033,lr_shap_list_ir_3,lr_shap_list_ir_3_subset_35,orderStd,"['X5', 'X3', 'X2', 'X4', 'X1', 'X6']"
1034,lr_shap_list_ir_3,lr_shap_list_ir_3_subset_35,orderSum,"['X4', 'X5', 'X2', 'X1', 'X3', 'X6']"
1035,lr_shap_list_ir_1,lr_shap_list_ir_1_subset_5,orderMean,"['X1', 'X2', 'X3', 'X4', 'X5', 'X6']"
1036,lr_shap_list_ir_1,lr_shap_list_ir_1_subset_5,orderStd,"['X3', 'X2', 'X1', 'X5', 'X4', 'X6']"
1037,lr_shap_list_ir_1,lr_shap_list_ir_1_subset_5,orderSum,"['X1', 'X2', 'X3', 'X4', 'X5', 'X6']"
1038,lr_shap_list_ir_5,lr_shap_list_ir_5_subset_98,orderMean,"['X4', 'X5', 'X2', 'X3', 'X1', 'X6']"
1039,lr_shap_list_ir_5,lr_shap_list_ir_5_subset_98,orderStd,"['X5', 'X2', 'X4', 'X3', 'X1', 'X6']"
1040,lr_shap_list_ir_5,lr_shap_list_ir_5_subset_98,orderSum,"['X4', 'X5', 'X2', 'X3', 'X1', 'X6']"
1041,lr_shap_list_ir_5,lr_shap_list_ir_5_subset_27,orderMean,"['X4', 'X5', 'X3', 'X2', 'X1', 'X6']"
1042,lr_shap_list_ir_5,lr_shap_list_ir_5_subset_27,orderStd,"['X3', 'X5', 'X4', 'X2', 'X1', 'X6']"
1043,lr_shap_list_ir_5,lr_shap_list_ir_5_subset_27,orderSum,"['X4', 'X5', 'X3', 'X2', 'X1', 'X6']"
1044,lr_shap_list_ir_1,lr_shap_list_ir_1_subset_22,orderMean,"['X4', 'X3', 'X2', 'X6', 'X5', 'X1']"
1045,lr_shap_list_ir_1,lr_shap_list_ir_1_subset_22,orderStd,"['X3', 'X2', 'X4', 'X5', 'X1', 'X6']"
1046,lr_shap_list_ir_1,lr_shap_list_ir_1_subset_22,orderSum,"['X4', 'X3', 'X2', 'X6', 'X5', 'X1']"
1047,lr_shap_list_ir_5,lr_shap_list_ir_5_subset_20,orderMean,"['X5', 'X4', 'X3', 'X1', 'X2', 'X6']"
1048,lr_shap_list_ir_5,lr_shap_list_ir_5_subset_20,orderStd,"['X5', 'X3', 'X1', 'X2', 'X4', 'X6']"
1049,lr_shap_list_ir_5,lr_shap_list_ir_5_subset_20,orderSum,"['X5', 'X4', 'X3', 'X1', 'X2', 'X6']"
1050,lr_shap_list_ir_4,lr_shap_list_ir_4_subset_24,orderMean,"['X4', 'X2', 'X3', 'X5', 'X1', 'X6']"
1051,lr_shap_list_ir_4,lr_shap_list_ir_4_subset_24,orderStd,"['X2', 'X3', 'X5', 'X4', 'X1', 'X6']"
1052,lr_shap_list_ir_4,lr_shap_list_ir_4_subset_24,orderSum,"['X4', 'X2', 'X3', 'X5', 'X1', 'X6']"
1053,lr_shap_list_ir_1,lr_shap_list_ir_1_subset_29,orderMean,"['X3', 'X2', 'X5', 'X1', 'X4', 'X6']"
1054,lr_shap_list_ir_1,lr_shap_list_ir_1_subset_29,orderStd,"['X3', 'X5', 'X2', 'X1', 'X4', 'X6']"
1055,lr_shap_list_ir_1,lr_shap_list_ir_1_subset_29,orderSum,"['X3', 'X2', 'X5', 'X1', 'X4', 'X6']"
1056,lr_shap_list_ir_1,lr_shap_list_ir_1_subset_111,orderMean,"['X2', 'X3', 'X6', 'X4', 'X5', 'X1']"
1057,lr_shap_list_ir_1,lr_shap_list_ir_1_subset_111,orderStd,"['X2', 'X3', 'X5', 'X6', 'X4', 'X1']"
1058,lr_shap_list_ir_1,lr_shap_list_ir_1_subset_111,orderSum,"['X2', 'X3', 'X6', 'X4', 'X5', 'X1']"
1059,lr_shap_list_ir_2,lr_shap_list_ir_2_subset_62,orderMean,"['X4', 'X3', 'X2', 'X5', 'X1', 'X6']"
1060,lr_shap_list_ir_2,lr_shap_list_ir_2_subset_62,orderStd,"['X3', 'X2', 'X4', 'X5', 'X1', 'X6']"
1061,lr_shap_list_ir_2,lr_shap_list_ir_2_subset_62,orderSum,"['X4', 'X3', 'X2', 'X5', 'X1', 'X6']"
1062,lr_shap_list_ir_1,lr_shap_list_ir_1_subset_83,orderMean,"['X6', 'X1', 'X5', 'X3', 'X4', 'X2']"
1063,lr_shap_list_ir_1,lr_shap_list_ir_1_subset_83,orderStd,"['X5', 'X1', 'X6', 'X3', 'X2', 'X4']"
1064,lr_shap_list_ir_1,lr_shap_list_ir_1_subset_83,orderSum,"['X6', 'X1', 'X5', 'X3', 'X4', 'X2']"
1065,lr_shap_list_ir_5,lr_shap_list_ir_5_subset_4,orderMean,"['X4', 'X5', 'X2', 'X1', 'X3', 'X6']"
1066,lr_shap_list_ir_5,lr_shap_list_ir_5_subset_4,orderStd,"['X5', 'X2', 'X1', 'X4', 'X3', 'X6']"
1067,lr_shap_list_ir_5,lr_shap_list_ir_5_subset_4,orderSum,"['X4', 'X5', 'X2', 'X1', 'X3', 'X6']"
1068,lr_shap_list_ir_1,lr_shap_list_ir_1_subset_97,orderMean,"['X3', 'X6', 'X1', 'X2', 'X5', 'X4']"
1069,lr_shap_list_ir_1,lr_shap_list_ir_1_subset_97,orderStd,"['X3', 'X1', 'X2', 'X5', 'X6', 'X4']"
1070,lr_shap_list_ir_1,lr_shap_list_ir_1_subset_97,orderSum,"['X3', 'X6', 'X1', 'X2', 'X5', 'X4']"
1071,lr_shap_list_ir_2,lr_shap_list_ir_2_subset_53,orderMean,"['X1', 'X5', 'X6', 'X3', 'X4', 'X2']"
1072,lr_shap_list_ir_2,lr_shap_list_ir_2_subset_53,orderStd,"['X5', 'X1', 'X3', 'X2', 'X4', 'X6']"
1073,lr_shap_list_ir_2,lr_shap_list_ir_2_subset_53,orderSum,"['X1', 'X5', 'X6', 'X3', 'X4', 'X2']"
1074,lr_shap_list_ir_2,lr_shap_list_ir_2_subset_26,orderMean,"['X2', 'X1', 'X4', 'X5', 'X3', 'X6']"
1075,lr_shap_list_ir_2,lr_shap_list_ir_2_subset_26,orderStd,"['X2', 'X5', 'X1', 'X4', 'X3', 'X6']"
1076,lr_shap_list_ir_2,lr_shap_list_ir_2_subset_26,orderSum,"['X2', 'X1', 'X4', 'X5', 'X3', 'X6']"
1077,lr_shap_list_ir_3,lr_shap_list_ir_3_subset_86,orderMean,"['X3', 'X4', 'X2', 'X5', 'X1', 'X6']"
1078,lr_shap_list_ir_3,lr_shap_list_ir_3_subset_86,orderStd,"['X3', 'X2', 'X5', 'X4', 'X1', 'X6']"
1079,lr_shap_list_ir_3,lr_shap_list_ir_3_subset_86,orderSum,"['X3', 'X4', 'X2', 'X5', 'X1', 'X6']"
1080,lr_shap_list_ir_2,lr_shap_list_ir_2_subset_78,orderMean,"['X4', 'X5', 'X1', 'X3', 'X2', 'X6']"
1081,lr_shap_list_ir_2,lr_shap_list_ir_2_subset_78,orderStd,"['X5', 'X4', 'X1', 'X2', 'X3', 'X6']"
1082,lr_shap_list_ir_2,lr_shap_list_ir_2_subset_78,orderSum,"['X4', 'X5', 'X1', 'X3', 'X2', 'X6']"
1083,lr_shap_list_ir_3,lr_shap_list_ir_3_subset_83,orderMean,"['X3', 'X4', 'X5', 'X2', 'X6', 'X1']"
1084,lr_shap_list_ir_3,lr_shap_list_ir_3_subset_83,orderStd,"['X3', 'X5', 'X2', 'X4', 'X1', 'X6']"
1085,lr_shap_list_ir_3,lr_shap_list_ir_3_subset_83,orderSum,"['X3', 'X4', 'X5', 'X2', 'X6', 'X1']"
1086,lr_shap_list_ir_4,lr_shap_list_ir_4_subset_28,orderMean,"['X5', 'X4', 'X1', 'X2', 'X3', 'X6']"
1087,lr_shap_list_ir_4,lr_shap_list_ir_4_subset_28,orderStd,"['X5', 'X1', 'X2', 'X3', 'X4', 'X6']"
1088,lr_shap_list_ir_4,lr_shap_list_ir_4_subset_28,orderSum,"['X5', 'X4', 'X1', 'X2', 'X3', 'X6']"
1089,lr_shap_list_ir_3,lr_shap_list_ir_3_subset_99,orderMean,"['X3', 'X4', 'X5', 'X2', 'X1', 'X6']"
1090,lr_shap_list_ir_3,lr_shap_list_ir_3_subset_99,orderStd,"['X3', 'X2', 'X5', 'X1', 'X4', 'X6']"
1091,lr_shap_list_ir_3,lr_shap_list_ir_3_subset_99,orderSum,"['X3', 'X4', 'X5', 'X2', 'X1', 'X6']"
1092,lr_shap_list_ir_4,lr_shap_list_ir_4_subset_92,orderMean,"['X4', 'X5', 'X3', 'X2', 'X1', 'X6']"
1093,lr_shap_list_ir_4,lr_shap_list_ir_4_subset_92,orderStd,"['X3', 'X5', 'X2', 'X4', 'X1', 'X6']"
1094,lr_shap_list_ir_4,lr_shap_list_ir_4_subset_92,orderSum,"['X4', 'X5', 'X3', 'X2', 'X1', 'X6']"
1095,lr_shap_list_ir_3,lr_shap_list_ir_3_subset_109,orderMean,"['X4', 'X3', 'X5', 'X1', 'X2', 'X6']"
1096,lr_shap_list_ir_3,lr_shap_list_ir_3_subset_109,orderStd,"['X3', 'X1', 'X5', 'X2', 'X4', 'X6']"
1097,lr_shap_list_ir_3,lr_shap_list_ir_3_subset_109,orderSum,"['X4', 'X3', 'X5', 'X1', 'X2', 'X6']"
1098,lr_shap_list_ir_4,lr_shap_list_ir_4_subset_70,orderMean,"['X2', 'X5', 'X3', 'X4', 'X1', 'X6']"
1099,lr_shap_list_ir_4,lr_shap_list_ir_4_subset_70,orderStd,"['X2', 'X5', 'X3', 'X1', 'X4', 'X6']"
1100,lr_shap_list_ir_4,lr_shap_list_ir_4_subset_70,orderSum,"['X2', 'X5', 'X3', 'X4', 'X1', 'X6']"
1101,lr_shap_list_ir_4,lr_shap_list_ir_4_subset_2,orderMean,"['X4', 'X5', 'X3', 'X2', 'X6', 'X1']"
1102,lr_shap_list_ir_4,lr_shap_list_ir_4_subset_2,orderStd,"['X5', 'X3', 'X2', 'X4', 'X1', 'X6']"
1103,lr_shap_list_ir_4,lr_shap_list_ir_4_subset_2,orderSum,"['X4', 'X5', 'X3', 'X2', 'X6', 'X1']"
1104,lr_shap_list_ir_5,lr_shap_list_ir_5_subset_87,orderMean,"['X5', 'X3', 'X4', 'X1', 'X2', 'X6']"
1105,lr_shap_list_ir_5,lr_shap_list_ir_5_subset_87,orderStd,"['X5', 'X3', 'X1', 'X2', 'X4', 'X6']"
1106,lr_shap_list_ir_5,lr_shap_list_ir_5_subset_87,orderSum,"['X5', 'X3', 'X4', 'X1', 'X2', 'X6']"
1107,lr_shap_list_ir_3,lr_shap_list_ir_3_subset_51,orderMean,"['X4', 'X5', 'X2', 'X3', 'X1', 'X6']"
1108,lr_shap_list_ir_3,lr_shap_list_ir_3_subset_51,orderStd,"['X5', 'X2', 'X3', 'X4', 'X1', 'X6']"
1109,lr_shap_list_ir_3,lr_shap_list_ir_3_subset_51,orderSum,"['X4', 'X5', 'X2', 'X3', 'X1', 'X6']"
1110,lr_shap_list_ir_5,lr_shap_list_ir_5_subset_65,orderMean,"['X4', 'X3', 'X5', 'X1', 'X2', 'X6']"
1111,lr_shap_list_ir_5,lr_shap_list_ir_5_subset_65,orderStd,"['X3', 'X5', 'X1', 'X2', 'X4', 'X6']"
1112,lr_shap_list_ir_5,lr_shap_list_ir_5_subset_65,orderSum,"['X4', 'X3', 'X5', 'X1', 'X2', 'X6']"
1113,lr_shap_list_ir_2,lr_shap_list_ir_2_subset_120,orderMean,"['X4', 'X2', 'X1', 'X3', 'X5', 'X6']"
1114,lr_shap_list_ir_2,lr_shap_list_ir_2_subset_120,orderStd,"['X2', 'X3', 'X1', 'X4', 'X5', 'X6']"
1115,lr_shap_list_ir_2,lr_shap_list_ir_2_subset_120,orderSum,"['X4', 'X2', 'X1', 'X3', 'X5', 'X6']"
1116,lr_shap_list_ir_1,lr_shap_list_ir_1_subset_59,orderMean,"['X2', 'X4', 'X6', 'X1', 'X5', 'X3']"
1117,lr_shap_list_ir_1,lr_shap_list_ir_1_subset_59,orderStd,"['X2', 'X1', 'X5', 'X4', 'X3', 'X6']"
1118,lr_shap_list_ir_1,lr_shap_list_ir_1_subset_59,orderSum,"['X2', 'X4', 'X6', 'X1', 'X5', 'X3']"
1119,lr_shap_list_ir_4,lr_shap_list_ir_4_subset_141,orderMean,"['X4', 'X3', 'X5', 'X2', 'X1', 'X6']"
1120,lr_shap_list_ir_4,lr_shap_list_ir_4_subset_141,orderStd,"['X3', 'X5', 'X4', 'X2', 'X1', 'X6']"
1121,lr_shap_list_ir_4,lr_shap_list_ir_4_subset_141,orderSum,"['X4', 'X3', 'X5', 'X2', 'X1', 'X6']"
1122,lr_shap_list_ir_1,lr_shap_list_ir_1_subset_84,orderMean,"['X3', 'X2', 'X4', 'X6', 'X5', 'X1']"
1123,lr_shap_list_ir_1,lr_shap_list_ir_1_subset_84,orderStd,"['X3', 'X2', 'X4', 'X5', 'X6', 'X1']"
1124,lr_shap_list_ir_1,lr_shap_list_ir_1_subset_84,orderSum,"['X3', 'X2', 'X4', 'X6', 'X5', 'X1']"
1125,lr_shap_list_ir_4,lr_shap_list_ir_4_subset_96,orderMean,"['X4', 'X5', 'X3', 'X2', 'X1', 'X6']"
1126,lr_shap_list_ir_4,lr_shap_list_ir_4_subset_96,orderStd,"['X3', 'X5', 'X2', 'X4', 'X1', 'X6']"
1127,lr_shap_list_ir_4,lr_shap_list_ir_4_subset_96,orderSum,"['X4', 'X5', 'X3', 'X2', 'X1', 'X6']"
1128,lr_shap_list_ir_4,lr_shap_list_ir_4_subset_117,orderMean,"['X4', 'X5', 'X3', 'X1', 'X2', 'X6']"
1129,lr_shap_list_ir_4,lr_shap_list_ir_4_subset_117,orderStd,"['X5', 'X1', 'X4', 'X3', 'X2', 'X6']"
1130,lr_shap_list_ir_4,lr_shap_list_ir_4_subset_117,orderSum,"['X4', 'X5', 'X3', 'X1', 'X2', 'X6']"
1131,lr_shap_list_ir_2,lr_shap_list_ir_2_subset_83,orderMean,"['X3', 'X4', 'X1', 'X5', 'X2', 'X6']"
1132,lr_shap_list_ir_2,lr_shap_list_ir_2_subset_83,orderStd,"['X3', 'X1', 'X5', 'X2', 'X4', 'X6']"
1133,lr_shap_list_ir_2,lr_shap_list_ir_2_subset_83,orderSum,"['X3', 'X4', 'X1', 'X5', 'X2', 'X6']"
1134,lr_shap_list_ir_2,lr_shap_list_ir_2_subset_18,orderMean,"['X3', 'X4', 'X1', 'X6', 'X5', 'X2']"
1135,lr_shap_list_ir_2,lr_shap_list_ir_2_subset_18,orderStd,"['X3', 'X5', 'X2', 'X1', 'X4', 'X6']"
1136,lr_shap_list_ir_2,lr_shap_list_ir_2_subset_18,orderSum,"['X3', 'X4', 'X1', 'X6', 'X5', 'X2']"
1137,lr_shap_list_ir_1,lr_shap_list_ir_1_subset_77,orderMean,"['X1', 'X6', 'X5', 'X4', 'X2', 'X3']"
1138,lr_shap_list_ir_1,lr_shap_list_ir_1_subset_77,orderStd,"['X1', 'X5', 'X3', 'X2', 'X4', 'X6']"
1139,lr_shap_list_ir_1,lr_shap_list_ir_1_subset_77,orderSum,"['X1', 'X6', 'X5', 'X4', 'X2', 'X3']"
1140,lr_shap_list_ir_3,lr_shap_list_ir_3_subset_29,orderMean,"['X3', 'X2', 'X4', 'X5', 'X1', 'X6']"
1141,lr_shap_list_ir_3,lr_shap_list_ir_3_subset_29,orderStd,"['X3', 'X2', 'X5', 'X4', 'X1', 'X6']"
1142,lr_shap_list_ir_3,lr_shap_list_ir_3_subset_29,orderSum,"['X3', 'X2', 'X4', 'X5', 'X1', 'X6']"
1143,lr_shap_list_ir_1,lr_shap_list_ir_1_subset_91,orderMean,"['X2', 'X3', 'X4', 'X1', 'X5', 'X6']"
1144,lr_shap_list_ir_1,lr_shap_list_ir_1_subset_91,orderStd,"['X3', 'X2', 'X1', 'X4', 'X5', 'X6']"
1145,lr_shap_list_ir_1,lr_shap_list_ir_1_subset_91,orderSum,"['X2', 'X3', 'X4', 'X1', 'X5', 'X6']"
1146,lr_shap_list_ir_4,lr_shap_list_ir_4_subset_3,orderMean,"['X4', 'X5', 'X3', 'X2', 'X6', 'X1']"
1147,lr_shap_list_ir_4,lr_shap_list_ir_4_subset_3,orderStd,"['X5', 'X3', 'X4', 'X2', 'X1', 'X6']"
1148,lr_shap_list_ir_4,lr_shap_list_ir_4_subset_3,orderSum,"['X4', 'X5', 'X3', 'X2', 'X6', 'X1']"
1149,lr_shap_list_ir_4,lr_shap_list_ir_4_subset_79,orderMean,"['X4', 'X2', 'X5', 'X3', 'X1', 'X6']"
1150,lr_shap_list_ir_4,lr_shap_list_ir_4_subset_79,orderStd,"['X2', 'X5', 'X3', 'X4', 'X1', 'X6']"
1151,lr_shap_list_ir_4,lr_shap_list_ir_4_subset_79,orderSum,"['X4', 'X2', 'X5', 'X3', 'X1', 'X6']"
1152,lr_shap_list_ir_5,lr_shap_list_ir_5_subset_57,orderMean,"['X4', 'X5', 'X2', 'X3', 'X1', 'X6']"
1153,lr_shap_list_ir_5,lr_shap_list_ir_5_subset_57,orderStd,"['X5', 'X4', 'X3', 'X2', 'X1', 'X6']"
1154,lr_shap_list_ir_5,lr_shap_list_ir_5_subset_57,orderSum,"['X4', 'X5', 'X2', 'X3', 'X1', 'X6']"
1155,lr_shap_list_ir_4,lr_shap_list_ir_4_subset_17,orderMean,"['X4', 'X3', 'X5', 'X1', 'X2', 'X6']"
1156,lr_shap_list_ir_4,lr_shap_list_ir_4_subset_17,orderStd,"['X3', 'X5', 'X4', 'X2', 'X1', 'X6']"
1157,lr_shap_list_ir_4,lr_shap_list_ir_4_subset_17,orderSum,"['X4', 'X3', 'X5', 'X1', 'X2', 'X6']"
1158,lr_shap_list_ir_2,lr_shap_list_ir_2_subset_38,orderMean,"['X3', 'X2', 'X4', 'X6', 'X5', 'X1']"
1159,lr_shap_list_ir_2,lr_shap_list_ir_2_subset_38,orderStd,"['X2', 'X3', 'X4', 'X5', 'X6', 'X1']"
1160,lr_shap_list_ir_2,lr_shap_list_ir_2_subset_38,orderSum,"['X3', 'X2', 'X4', 'X6', 'X5', 'X1']"
1161,lr_shap_list_ir_5,lr_shap_list_ir_5_subset_69,orderMean,"['X4', 'X5', 'X3', 'X2', 'X1', 'X6']"
1162,lr_shap_list_ir_5,lr_shap_list_ir_5_subset_69,orderStd,"['X5', 'X2', 'X4', 'X3', 'X1', 'X6']"
1163,lr_shap_list_ir_5,lr_shap_list_ir_5_subset_69,orderSum,"['X4', 'X5', 'X3', 'X2', 'X1', 'X6']"
1164,lr_shap_list_ir_5,lr_shap_list_ir_5_subset_97,orderMean,"['X4', 'X5', 'X3', 'X2', 'X1', 'X6']"
1165,lr_shap_list_ir_5,lr_shap_list_ir_5_subset_97,orderStd,"['X5', 'X3', 'X4', 'X2', 'X1', 'X6']"
1166,lr_shap_list_ir_5,lr_shap_list_ir_5_subset_97,orderSum,"['X4', 'X5', 'X3', 'X2', 'X1', 'X6']"
1167,lr_shap_list_ir_4,lr_shap_list_ir_4_subset_98,orderMean,"['X4', 'X2', 'X3', 'X5', 'X1', 'X6']"
1168,lr_shap_list_ir_4,lr_shap_list_ir_4_subset_98,orderStd,"['X2', 'X5', 'X3', 'X4', 'X1', 'X6']"
1169,lr_shap_list_ir_4,lr_shap_list_ir_4_subset_98,orderSum,"['X4', 'X2', 'X3', 'X5', 'X1', 'X6']"
1170,lr_shap_list_ir_3,lr_shap_list_ir_3_subset_23,orderMean,"['X3', 'X4', 'X5', 'X1', 'X2', 'X6']"
1171,lr_shap_list_ir_3,lr_shap_list_ir_3_subset_23,orderStd,"['X5', 'X3', 'X2', 'X1', 'X4', 'X6']"
1172,lr_shap_list_ir_3,lr_shap_list_ir_3_subset_23,orderSum,"['X3', 'X4', 'X5', 'X1', 'X2', 'X6']"
1173,lr_shap_list_ir_5,lr_shap_list_ir_5_subset_66,orderMean,"['X4', 'X5', 'X3', 'X1', 'X2', 'X6']"
1174,lr_shap_list_ir_5,lr_shap_list_ir_5_subset_66,orderStd,"['X5', 'X3', 'X4', 'X1', 'X2', 'X6']"
1175,lr_shap_list_ir_5,lr_shap_list_ir_5_subset_66,orderSum,"['X4', 'X5', 'X3', 'X1', 'X2', 'X6']"
1176,lr_shap_list_ir_3,lr_shap_list_ir_3_subset_12,orderMean,"['X4', 'X5', 'X3', 'X2', 'X1', 'X6']"
1177,lr_shap_list_ir_3,lr_shap_list_ir_3_subset_12,orderStd,"['X3', 'X5', 'X4', 'X2', 'X1', 'X6']"
1178,lr_shap_list_ir_3,lr_shap_list_ir_3_subset_12,orderSum,"['X4', 'X5', 'X3', 'X2', 'X1', 'X6']"
1179,lr_shap_list_ir_1,lr_shap_list_ir_1_subset_8,orderMean,"['X3', 'X4', 'X2', 'X5', 'X6', 'X1']"
1180,lr_shap_list_ir_1,lr_shap_list_ir_1_subset_8,orderStd,"['X3', 'X4', 'X2', 'X5', 'X6', 'X1']"
1181,lr_shap_list_ir_1,lr_shap_list_ir_1_subset_8,orderSum,"['X3', 'X4', 'X2', 'X5', 'X6', 'X1']"
1182,lr_shap_list_ir_3,lr_shap_list_ir_3_subset_25,orderMean,"['X4', 'X5', 'X3', 'X6', 'X2', 'X1']"
1183,lr_shap_list_ir_3,lr_shap_list_ir_3_subset_25,orderStd,"['X5', 'X3', 'X4', 'X2', 'X1', 'X6']"
1184,lr_shap_list_ir_3,lr_shap_list_ir_3_subset_25,orderSum,"['X4', 'X5', 'X3', 'X6', 'X2', 'X1']"
1185,lr_shap_list_ir_4,lr_shap_list_ir_4_subset_52,orderMean,"['X4', 'X5', 'X2', 'X3', 'X1', 'X6']"
1186,lr_shap_list_ir_4,lr_shap_list_ir_4_subset_52,orderStd,"['X5', 'X2', 'X4', 'X3', 'X1', 'X6']"
1187,lr_shap_list_ir_4,lr_shap_list_ir_4_subset_52,orderSum,"['X4', 'X5', 'X2', 'X3', 'X1', 'X6']"
1188,lr_shap_list_ir_3,lr_shap_list_ir_3_subset_87,orderMean,"['X3', 'X4', 'X5', 'X1', 'X6', 'X2']"
1189,lr_shap_list_ir_3,lr_shap_list_ir_3_subset_87,orderStd,"['X3', 'X5', 'X2', 'X1', 'X4', 'X6']"
1190,lr_shap_list_ir_3,lr_shap_list_ir_3_subset_87,orderSum,"['X3', 'X4', 'X5', 'X1', 'X6', 'X2']"
1191,lr_shap_list_ir_3,lr_shap_list_ir_3_subset_11,orderMean,"['X4', 'X5', 'X3', 'X2', 'X1', 'X6']"
1192,lr_shap_list_ir_3,lr_shap_list_ir_3_subset_11,orderStd,"['X3', 'X5', 'X2', 'X4', 'X1', 'X6']"
1193,lr_shap_list_ir_3,lr_shap_list_ir_3_subset_11,orderSum,"['X4', 'X5', 'X3', 'X2', 'X1', 'X6']"
1194,lr_shap_list_ir_4,lr_shap_list_ir_4_subset_82,orderMean,"['X4', 'X5', 'X3', 'X1', 'X2', 'X6']"
1195,lr_shap_list_ir_4,lr_shap_list_ir_4_subset_82,orderStd,"['X5', 'X3', 'X4', 'X1', 'X2', 'X6']"
1196,lr_shap_list_ir_4,lr_shap_list_ir_4_subset_82,orderSum,"['X4', 'X5', 'X3', 'X1', 'X2', 'X6']"
1197,lr_shap_list_ir_1,lr_shap_list_ir_1_subset_109,orderMean,"['X2', 'X4', 'X3', 'X5', 'X1', 'X6']"
1198,lr_shap_list_ir_1,lr_shap_list_ir_1_subset_109,orderStd,"['X2', 'X3', 'X5', 'X4', 'X1', 'X6']"
1199,lr_shap_list_ir_1,lr_shap_list_ir_1_subset_109,orderSum,"['X2', 'X4', 'X3', 'X5', 'X1', 'X6']"
1200,lr_shap_list_ir_2,lr_shap_list_ir_2_subset_41,orderMean,"['X4', 'X5', 'X1', 'X2', 'X3', 'X6']"
1201,lr_shap_list_ir_2,lr_shap_list_ir_2_subset_41,orderStd,"['X1', 'X5', 'X2', 'X3', 'X4', 'X6']"
1202,lr_shap_list_ir_2,lr_shap_list_ir_2_subset_41,orderSum,"['X4', 'X5', 'X1', 'X2', 'X3', 'X6']"
1203,lr_shap_list_ir_3,lr_shap_list_ir_3_subset_49,orderMean,"['X4', 'X5', 'X3', 'X1', 'X2', 'X6']"
1204,lr_shap_list_ir_3,lr_shap_list_ir_3_subset_49,orderStd,"['X5', 'X3', 'X4', 'X1', 'X2', 'X6']"
1205,lr_shap_list_ir_3,lr_shap_list_ir_3_subset_49,orderSum,"['X4', 'X5', 'X3', 'X1', 'X2', 'X6']"
1206,lr_shap_list_ir_3,lr_shap_list_ir_3_subset_139,orderMean,"['X4', 'X3', 'X5', 'X2', 'X1', 'X6']"
1207,lr_shap_list_ir_3,lr_shap_list_ir_3_subset_139,orderStd,"['X3', 'X5', 'X4', 'X2', 'X1', 'X6']"
1208,lr_shap_list_ir_3,lr_shap_list_ir_3_subset_139,orderSum,"['X4', 'X3', 'X5', 'X2', 'X1', 'X6']"
1209,lr_shap_list_ir_3,lr_shap_list_ir_3_subset_5,orderMean,"['X3', 'X4', 'X5', 'X2', 'X1', 'X6']"
1210,lr_shap_list_ir_3,lr_shap_list_ir_3_subset_5,orderStd,"['X3', 'X1', 'X2', 'X5', 'X4', 'X6']"
1211,lr_shap_list_ir_3,lr_shap_list_ir_3_subset_5,orderSum,"['X3', 'X4', 'X5', 'X2', 'X1', 'X6']"
1212,lr_shap_list_ir_5,lr_shap_list_ir_5_subset_1,orderMean,"['X4', 'X5', 'X3', 'X6', 'X2', 'X1']"
1213,lr_shap_list_ir_5,lr_shap_list_ir_5_subset_1,orderStd,"['X5', 'X3', 'X2', 'X4', 'X1', 'X6']"
1214,lr_shap_list_ir_5,lr_shap_list_ir_5_subset_1,orderSum,"['X4', 'X5', 'X3', 'X6', 'X2', 'X1']"
1215,lr_shap_list_ir_2,lr_shap_list_ir_2_subset_40,orderMean,"['X1', 'X5', 'X4', 'X6', 'X2', 'X3']"
1216,lr_shap_list_ir_2,lr_shap_list_ir_2_subset_40,orderStd,"['X1', 'X5', 'X2', 'X4', 'X3', 'X6']"
1217,lr_shap_list_ir_2,lr_shap_list_ir_2_subset_40,orderSum,"['X1', 'X5', 'X4', 'X6', 'X2', 'X3']"
1218,lr_shap_list_ir_1,lr_shap_list_ir_1_subset_58,orderMean,"['X3', 'X4', 'X2', 'X6', 'X1', 'X5']"
1219,lr_shap_list_ir_1,lr_shap_list_ir_1_subset_58,orderStd,"['X3', 'X2', 'X1', 'X4', 'X5', 'X6']"
1220,lr_shap_list_ir_1,lr_shap_list_ir_1_subset_58,orderSum,"['X3', 'X4', 'X2', 'X6', 'X1', 'X5']"
1221,lr_shap_list_ir_4,lr_shap_list_ir_4_subset_30,orderMean,"['X3', 'X4', 'X5', 'X2', 'X1', 'X6']"
1222,lr_shap_list_ir_4,lr_shap_list_ir_4_subset_30,orderStd,"['X5', 'X3', 'X2', 'X1', 'X4', 'X6']"
1223,lr_shap_list_ir_4,lr_shap_list_ir_4_subset_30,orderSum,"['X3', 'X4', 'X5', 'X2', 'X1', 'X6']"
1224,lr_shap_list_ir_3,lr_shap_list_ir_3_subset_8,orderMean,"['X4', 'X3', 'X5', 'X1', 'X2', 'X6']"
1225,lr_shap_list_ir_3,lr_shap_list_ir_3_subset_8,orderStd,"['X3', 'X5', 'X4', 'X2', 'X1', 'X6']"
1226,lr_shap_list_ir_3,lr_shap_list_ir_3_subset_8,orderSum,"['X4', 'X3', 'X5', 'X1', 'X2', 'X6']"
1227,lr_shap_list_ir_4,lr_shap_list_ir_4_subset_95,orderMean,"['X5', 'X4', 'X1', 'X2', 'X3', 'X6']"
1228,lr_shap_list_ir_4,lr_shap_list_ir_4_subset_95,orderStd,"['X5', 'X1', 'X3', 'X2', 'X4', 'X6']"
1229,lr_shap_list_ir_4,lr_shap_list_ir_4_subset_95,orderSum,"['X5', 'X4', 'X1', 'X2', 'X3', 'X6']"
1230,lr_shap_list_ir_4,lr_shap_list_ir_4_subset_148,orderMean,"['X4', 'X5', 'X3', 'X2', 'X6', 'X1']"
1231,lr_shap_list_ir_4,lr_shap_list_ir_4_subset_148,orderStd,"['X5', 'X3', 'X2', 'X4', 'X1', 'X6']"
1232,lr_shap_list_ir_4,lr_shap_list_ir_4_subset_148,orderSum,"['X4', 'X5', 'X3', 'X2', 'X6', 'X1']"
1233,lr_shap_list_ir_5,lr_shap_list_ir_5_subset_16,orderMean,"['X4', 'X5', 'X3', 'X2', 'X1', 'X6']"
1234,lr_shap_list_ir_5,lr_shap_list_ir_5_subset_16,orderStd,"['X3', 'X5', 'X4', 'X2', 'X1', 'X6']"
1235,lr_shap_list_ir_5,lr_shap_list_ir_5_subset_16,orderSum,"['X4', 'X5', 'X3', 'X2', 'X1', 'X6']"
1236,lr_shap_list_ir_2,lr_shap_list_ir_2_subset_94,orderMean,"['X3', 'X4', 'X2', 'X5', 'X1', 'X6']"
1237,lr_shap_list_ir_2,lr_shap_list_ir_2_subset_94,orderStd,"['X3', 'X2', 'X4', 'X5', 'X1', 'X6']"
1238,lr_shap_list_ir_2,lr_shap_list_ir_2_subset_94,orderSum,"['X3', 'X4', 'X2', 'X5', 'X1', 'X6']"
1239,lr_shap_list_ir_1,lr_shap_list_ir_1_subset_23,orderMean,"['X6', 'X4', 'X5', 'X1', 'X2', 'X3']"
1240,lr_shap_list_ir_1,lr_shap_list_ir_1_subset_23,orderStd,"['X5', 'X6', 'X4', 'X1', 'X2', 'X3']"
1241,lr_shap_list_ir_1,lr_shap_list_ir_1_subset_23,orderSum,"['X6', 'X4', 'X5', 'X1', 'X2', 'X3']"
1242,lr_shap_list_ir_5,lr_shap_list_ir_5_subset_61,orderMean,"['X4', 'X5', 'X3', 'X2', 'X1', 'X6']"
1243,lr_shap_list_ir_5,lr_shap_list_ir_5_subset_61,orderStd,"['X3', 'X5', 'X4', 'X2', 'X1', 'X6']"
1244,lr_shap_list_ir_5,lr_shap_list_ir_5_subset_61,orderSum,"['X4', 'X5', 'X3', 'X2', 'X1', 'X6']"
1245,lr_shap_list_ir_3,lr_shap_list_ir_3_subset_24,orderMean,"['X4', 'X5', 'X1', 'X3', 'X2', 'X6']"
1246,lr_shap_list_ir_3,lr_shap_list_ir_3_subset_24,orderStd,"['X5', 'X4', 'X1', 'X3', 'X2', 'X6']"
1247,lr_shap_list_ir_3,lr_shap_list_ir_3_subset_24,orderSum,"['X4', 'X5', 'X1', 'X3', 'X2', 'X6']"
1248,lr_shap_list_ir_3,lr_shap_list_ir_3_subset_146,orderMean,"['X2', 'X1', 'X3', 'X4', 'X5', 'X6']"
1249,lr_shap_list_ir_3,lr_shap_list_ir_3_subset_146,orderStd,"['X3', 'X2', 'X1', 'X5', 'X4', 'X6']"
1250,lr_shap_list_ir_3,lr_shap_list_ir_3_subset_146,orderSum,"['X2', 'X1', 'X3', 'X4', 'X5', 'X6']"
1251,lr_shap_list_ir_1,lr_shap_list_ir_1_subset_88,orderMean,"['X3', 'X4', 'X5', 'X2', 'X6', 'X1']"
1252,lr_shap_list_ir_1,lr_shap_list_ir_1_subset_88,orderStd,"['X3', 'X5', 'X4', 'X2', 'X1', 'X6']"
1253,lr_shap_list_ir_1,lr_shap_list_ir_1_subset_88,orderSum,"['X3', 'X4', 'X5', 'X2', 'X6', 'X1']"
1254,lr_shap_list_ir_2,lr_shap_list_ir_2_subset_90,orderMean,"['X2', 'X4', 'X3', 'X5', 'X1', 'X6']"
1255,lr_shap_list_ir_2,lr_shap_list_ir_2_subset_90,orderStd,"['X2', 'X3', 'X5', 'X4', 'X1', 'X6']"
1256,lr_shap_list_ir_2,lr_shap_list_ir_2_subset_90,orderSum,"['X2', 'X4', 'X3', 'X5', 'X1', 'X6']"
1257,lr_shap_list_ir_4,lr_shap_list_ir_4_subset_130,orderMean,"['X4', 'X5', 'X3', 'X1', 'X2', 'X6']"
1258,lr_shap_list_ir_4,lr_shap_list_ir_4_subset_130,orderStd,"['X5', 'X3', 'X4', 'X1', 'X2', 'X6']"
1259,lr_shap_list_ir_4,lr_shap_list_ir_4_subset_130,orderSum,"['X4', 'X5', 'X3', 'X1', 'X2', 'X6']"
1260,lr_shap_list_ir_4,lr_shap_list_ir_4_subset_56,orderMean,"['X4', 'X5', 'X2', 'X3', 'X6', 'X1']"
1261,lr_shap_list_ir_4,lr_shap_list_ir_4_subset_56,orderStd,"['X3', 'X5', 'X2', 'X4', 'X1', 'X6']"
1262,lr_shap_list_ir_4,lr_shap_list_ir_4_subset_56,orderSum,"['X4', 'X5', 'X2', 'X3', 'X6', 'X1']"
1263,lr_shap_list_ir_3,lr_shap_list_ir_3_subset_89,orderMean,"['X5', 'X4', 'X2', 'X1', 'X3', 'X6']"
1264,lr_shap_list_ir_3,lr_shap_list_ir_3_subset_89,orderStd,"['X5', 'X1', 'X2', 'X4', 'X3', 'X6']"
1265,lr_shap_list_ir_3,lr_shap_list_ir_3_subset_89,orderSum,"['X5', 'X4', 'X2', 'X1', 'X3', 'X6']"
1266,lr_shap_list_ir_5,lr_shap_list_ir_5_subset_138,orderMean,"['X4', 'X5', 'X3', 'X1', 'X2', 'X6']"
1267,lr_shap_list_ir_5,lr_shap_list_ir_5_subset_138,orderStd,"['X5', 'X1', 'X4', 'X3', 'X2', 'X6']"
1268,lr_shap_list_ir_5,lr_shap_list_ir_5_subset_138,orderSum,"['X4', 'X5', 'X3', 'X1', 'X2', 'X6']"
1269,lr_shap_list_ir_5,lr_shap_list_ir_5_subset_28,orderMean,"['X4', 'X3', 'X5', 'X2', 'X1', 'X6']"
1270,lr_shap_list_ir_5,lr_shap_list_ir_5_subset_28,orderStd,"['X5', 'X3', 'X4', 'X2', 'X1', 'X6']"
1271,lr_shap_list_ir_5,lr_shap_list_ir_5_subset_28,orderSum,"['X4', 'X3', 'X5', 'X2', 'X1', 'X6']"
1272,lr_shap_list_ir_4,lr_shap_list_ir_4_subset_97,orderMean,"['X1', 'X4', 'X5', 'X2', 'X3', 'X6']"
1273,lr_shap_list_ir_4,lr_shap_list_ir_4_subset_97,orderStd,"['X5', 'X1', 'X3', 'X2', 'X4', 'X6']"
1274,lr_shap_list_ir_4,lr_shap_list_ir_4_subset_97,orderSum,"['X1', 'X4', 'X5', 'X2', 'X3', 'X6']"
1275,lr_shap_list_ir_3,lr_shap_list_ir_3_subset_45,orderMean,"['X4', 'X3', 'X5', 'X1', 'X2', 'X6']"
1276,lr_shap_list_ir_3,lr_shap_list_ir_3_subset_45,orderStd,"['X3', 'X5', 'X4', 'X1', 'X2', 'X6']"
1277,lr_shap_list_ir_3,lr_shap_list_ir_3_subset_45,orderSum,"['X4', 'X3', 'X5', 'X1', 'X2', 'X6']"
1278,lr_shap_list_ir_4,lr_shap_list_ir_4_subset_59,orderMean,"['X4', 'X5', 'X3', 'X2', 'X1', 'X6']"
1279,lr_shap_list_ir_4,lr_shap_list_ir_4_subset_59,orderStd,"['X5', 'X3', 'X4', 'X2', 'X1', 'X6']"
1280,lr_shap_list_ir_4,lr_shap_list_ir_4_subset_59,orderSum,"['X4', 'X5', 'X3', 'X2', 'X1', 'X6']"
1281,lr_shap_list_ir_1,lr_shap_list_ir_1_subset_66,orderMean,"['X2', 'X3', 'X4', 'X5', 'X6', 'X1']"
1282,lr_shap_list_ir_1,lr_shap_list_ir_1_subset_66,orderStd,"['X2', 'X3', 'X5', 'X4', 'X1', 'X6']"
1283,lr_shap_list_ir_1,lr_shap_list_ir_1_subset_66,orderSum,"['X2', 'X3', 'X4', 'X5', 'X6', 'X1']"
1284,lr_shap_list_ir_2,lr_shap_list_ir_2_subset_74,orderMean,"['X4', 'X2', 'X3', 'X5', 'X6', 'X1']"
1285,lr_shap_list_ir_2,lr_shap_list_ir_2_subset_74,orderStd,"['X2', 'X3', 'X4', 'X5', 'X1', 'X6']"
1286,lr_shap_list_ir_2,lr_shap_list_ir_2_subset_74,orderSum,"['X4', 'X2', 'X3', 'X5', 'X6', 'X1']"
1287,lr_shap_list_ir_5,lr_shap_list_ir_5_subset_3,orderMean,"['X4', 'X5', 'X2', 'X3', 'X6', 'X1']"
1288,lr_shap_list_ir_5,lr_shap_list_ir_5_subset_3,orderStd,"['X3', 'X5', 'X2', 'X4', 'X1', 'X6']"
1289,lr_shap_list_ir_5,lr_shap_list_ir_5_subset_3,orderSum,"['X4', 'X5', 'X2', 'X3', 'X6', 'X1']"
1290,lr_shap_list_ir_1,lr_shap_list_ir_1_subset_125,orderMean,"['X6', 'X1', 'X4', 'X5', 'X3', 'X2']"
1291,lr_shap_list_ir_1,lr_shap_list_ir_1_subset_125,orderStd,"['X1', 'X5', 'X3', 'X4', 'X6', 'X2']"
1292,lr_shap_list_ir_1,lr_shap_list_ir_1_subset_125,orderSum,"['X6', 'X1', 'X4', 'X5', 'X3', 'X2']"
1293,lr_shap_list_ir_3,lr_shap_list_ir_3_subset_93,orderMean,"['X3', 'X5', 'X4', 'X2', 'X1', 'X6']"
1294,lr_shap_list_ir_3,lr_shap_list_ir_3_subset_93,orderStd,"['X3', 'X2', 'X5', 'X1', 'X4', 'X6']"
1295,lr_shap_list_ir_3,lr_shap_list_ir_3_subset_93,orderSum,"['X3', 'X5', 'X4', 'X2', 'X1', 'X6']"
1296,lr_shap_list_ir_4,lr_shap_list_ir_4_subset_38,orderMean,"['X4', 'X5', 'X1', 'X2', 'X3', 'X6']"
1297,lr_shap_list_ir_4,lr_shap_list_ir_4_subset_38,orderStd,"['X5', 'X1', 'X4', 'X3', 'X2', 'X6']"
1298,lr_shap_list_ir_4,lr_shap_list_ir_4_subset_38,orderSum,"['X4', 'X5', 'X1', 'X2', 'X3', 'X6']"
1299,lr_shap_list_ir_5,lr_shap_list_ir_5_subset_77,orderMean,"['X5', 'X4', 'X3', 'X6', 'X1', 'X2']"
1300,lr_shap_list_ir_5,lr_shap_list_ir_5_subset_77,orderStd,"['X3', 'X5', 'X4', 'X1', 'X2', 'X6']"
1301,lr_shap_list_ir_5,lr_shap_list_ir_5_subset_77,orderSum,"['X5', 'X4', 'X3', 'X6', 'X1', 'X2']"
1302,lr_shap_list_ir_4,lr_shap_list_ir_4_subset_58,orderMean,"['X4', 'X3', 'X2', 'X5', 'X1', 'X6']"
1303,lr_shap_list_ir_4,lr_shap_list_ir_4_subset_58,orderStd,"['X2', 'X3', 'X5', 'X4', 'X1', 'X6']"
1304,lr_shap_list_ir_4,lr_shap_list_ir_4_subset_58,orderSum,"['X4', 'X3', 'X2', 'X5', 'X1', 'X6']"
1305,lr_shap_list_ir_5,lr_shap_list_ir_5_subset_32,orderMean,"['X4', 'X5', 'X3', 'X2', 'X1', 'X6']"
1306,lr_shap_list_ir_5,lr_shap_list_ir_5_subset_32,orderStd,"['X5', 'X3', 'X4', 'X2', 'X1', 'X6']"
1307,lr_shap_list_ir_5,lr_shap_list_ir_5_subset_32,orderSum,"['X4', 'X5', 'X3', 'X2', 'X1', 'X6']"
1308,lr_shap_list_ir_4,lr_shap_list_ir_4_subset_37,orderMean,"['X4', 'X5', 'X3', 'X2', 'X1', 'X6']"
1309,lr_shap_list_ir_4,lr_shap_list_ir_4_subset_37,orderStd,"['X5', 'X2', 'X3', 'X4', 'X1', 'X6']"
1310,lr_shap_list_ir_4,lr_shap_list_ir_4_subset_37,orderSum,"['X4', 'X5', 'X3', 'X2', 'X1', 'X6']"
1311,lr_shap_list_ir_3,lr_shap_list_ir_3_subset_42,orderMean,"['X4', 'X5', 'X1', 'X2', 'X3', 'X6']"
1312,lr_shap_list_ir_3,lr_shap_list_ir_3_subset_42,orderStd,"['X5', 'X2', 'X4', 'X1', 'X3', 'X6']"
1313,lr_shap_list_ir_3,lr_shap_list_ir_3_subset_42,orderSum,"['X4', 'X5', 'X1', 'X2', 'X3', 'X6']"
1314,lr_shap_list_ir_5,lr_shap_list_ir_5_subset_111,orderMean,"['X4', 'X5', 'X3', 'X2', 'X1', 'X6']"
1315,lr_shap_list_ir_5,lr_shap_list_ir_5_subset_111,orderStd,"['X5', 'X3', 'X4', 'X2', 'X1', 'X6']"
1316,lr_shap_list_ir_5,lr_shap_list_ir_5_subset_111,orderSum,"['X4', 'X5', 'X3', 'X2', 'X1', 'X6']"
1317,lr_shap_list_ir_4,lr_shap_list_ir_4_subset_89,orderMean,"['X4', 'X5', 'X3', 'X2', 'X6', 'X1']"
1318,lr_shap_list_ir_4,lr_shap_list_ir_4_subset_89,orderStd,"['X3', 'X5', 'X2', 'X4', 'X1', 'X6']"
1319,lr_shap_list_ir_4,lr_shap_list_ir_4_subset_89,orderSum,"['X4', 'X5', 'X3', 'X2', 'X6', 'X1']"
1320,lr_shap_list_ir_5,lr_shap_list_ir_5_subset_7,orderMean,"['X5', 'X4', 'X2', 'X1', 'X3', 'X6']"
1321,lr_shap_list_ir_5,lr_shap_list_ir_5_subset_7,orderStd,"['X5', 'X2', 'X3', 'X1', 'X4', 'X6']"
1322,lr_shap_list_ir_5,lr_shap_list_ir_5_subset_7,orderSum,"['X5', 'X4', 'X2', 'X1', 'X3', 'X6']"
1323,lr_shap_list_ir_4,lr_shap_list_ir_4_subset_5,orderMean,"['X4', 'X5', 'X3', 'X2', 'X1', 'X6']"
1324,lr_shap_list_ir_4,lr_shap_list_ir_4_subset_5,orderStd,"['X5', 'X3', 'X2', 'X1', 'X4', 'X6']"
1325,lr_shap_list_ir_4,lr_shap_list_ir_4_subset_5,orderSum,"['X4', 'X5', 'X3', 'X2', 'X1', 'X6']"
1326,lr_shap_list_ir_2,lr_shap_list_ir_2_subset_92,orderMean,"['X4', 'X2', 'X3', 'X6', 'X5', 'X1']"
1327,lr_shap_list_ir_2,lr_shap_list_ir_2_subset_92,orderStd,"['X3', 'X2', 'X4', 'X5', 'X6', 'X1']"
1328,lr_shap_list_ir_2,lr_shap_list_ir_2_subset_92,orderSum,"['X4', 'X2', 'X3', 'X6', 'X5', 'X1']"
1329,lr_shap_list_ir_5,lr_shap_list_ir_5_subset_53,orderMean,"['X4', 'X3', 'X5', 'X1', 'X2', 'X6']"
1330,lr_shap_list_ir_5,lr_shap_list_ir_5_subset_53,orderStd,"['X3', 'X5', 'X2', 'X4', 'X1', 'X6']"
1331,lr_shap_list_ir_5,lr_shap_list_ir_5_subset_53,orderSum,"['X4', 'X3', 'X5', 'X1', 'X2', 'X6']"
1332,lr_shap_list_ir_5,lr_shap_list_ir_5_subset_126,orderMean,"['X4', 'X5', 'X2', 'X1', 'X3', 'X6']"
1333,lr_shap_list_ir_5,lr_shap_list_ir_5_subset_126,orderStd,"['X5', 'X3', 'X2', 'X4', 'X1', 'X6']"
1334,lr_shap_list_ir_5,lr_shap_list_ir_5_subset_126,orderSum,"['X4', 'X5', 'X2', 'X1', 'X3', 'X6']"
1335,lr_shap_list_ir_1,lr_shap_list_ir_1_subset_75,orderMean,"['X3', 'X2', 'X1', 'X6', 'X5', 'X4']"
1336,lr_shap_list_ir_1,lr_shap_list_ir_1_subset_75,orderStd,"['X3', 'X2', 'X1', 'X5', 'X4', 'X6']"
1337,lr_shap_list_ir_1,lr_shap_list_ir_1_subset_75,orderSum,"['X3', 'X2', 'X1', 'X6', 'X5', 'X4']"
1338,lr_shap_list_ir_2,lr_shap_list_ir_2_subset_25,orderMean,"['X4', 'X1', 'X5', 'X6', 'X2', 'X3']"
1339,lr_shap_list_ir_2,lr_shap_list_ir_2_subset_25,orderStd,"['X5', 'X1', 'X3', 'X4', 'X2', 'X6']"
1340,lr_shap_list_ir_2,lr_shap_list_ir_2_subset_25,orderSum,"['X4', 'X1', 'X5', 'X6', 'X2', 'X3']"
1341,lr_shap_list_ir_5,lr_shap_list_ir_5_subset_101,orderMean,"['X4', 'X5', 'X3', 'X2', 'X1', 'X6']"
1342,lr_shap_list_ir_5,lr_shap_list_ir_5_subset_101,orderStd,"['X3', 'X5', 'X4', 'X2', 'X1', 'X6']"
1343,lr_shap_list_ir_5,lr_shap_list_ir_5_subset_101,orderSum,"['X4', 'X5', 'X3', 'X2', 'X1', 'X6']"
1344,lr_shap_list_ir_5,lr_shap_list_ir_5_subset_58,orderMean,"['X5', 'X4', 'X3', 'X1', 'X2', 'X6']"
1345,lr_shap_list_ir_5,lr_shap_list_ir_5_subset_58,orderStd,"['X5', 'X3', 'X1', 'X4', 'X2', 'X6']"
1346,lr_shap_list_ir_5,lr_shap_list_ir_5_subset_58,orderSum,"['X5', 'X4', 'X3', 'X1', 'X2', 'X6']"
1347,lr_shap_list_ir_1,lr_shap_list_ir_1_subset_19,orderMean,"['X3', 'X1', 'X6', 'X2', 'X4', 'X5']"
1348,lr_shap_list_ir_1,lr_shap_list_ir_1_subset_19,orderStd,"['X3', 'X1', 'X2', 'X5', 'X6', 'X4']"
1349,lr_shap_list_ir_1,lr_shap_list_ir_1_subset_19,orderSum,"['X3', 'X1', 'X6', 'X2', 'X4', 'X5']"
1350,lr_shap_list_ir_5,lr_shap_list_ir_5_subset_124,orderMean,"['X4', 'X2', 'X3', 'X5', 'X1', 'X6']"
1351,lr_shap_list_ir_5,lr_shap_list_ir_5_subset_124,orderStd,"['X2', 'X3', 'X5', 'X4', 'X1', 'X6']"
1352,lr_shap_list_ir_5,lr_shap_list_ir_5_subset_124,orderSum,"['X4', 'X2', 'X3', 'X5', 'X1', 'X6']"
1353,lr_shap_list_ir_1,lr_shap_list_ir_1_subset_103,orderMean,"['X3', 'X6', 'X4', 'X1', 'X5', 'X2']"
1354,lr_shap_list_ir_1,lr_shap_list_ir_1_subset_103,orderStd,"['X3', 'X1', 'X6', 'X5', 'X4', 'X2']"
1355,lr_shap_list_ir_1,lr_shap_list_ir_1_subset_103,orderSum,"['X3', 'X6', 'X4', 'X1', 'X5', 'X2']"
1356,lr_shap_list_ir_3,lr_shap_list_ir_3_subset_90,orderMean,"['X4', 'X5', 'X1', 'X2', 'X3', 'X6']"
1357,lr_shap_list_ir_3,lr_shap_list_ir_3_subset_90,orderStd,"['X5', 'X1', 'X2', 'X4', 'X3', 'X6']"
1358,lr_shap_list_ir_3,lr_shap_list_ir_3_subset_90,orderSum,"['X4', 'X5', 'X1', 'X2', 'X3', 'X6']"
1359,lr_shap_list_ir_1,lr_shap_list_ir_1_subset_28,orderMean,"['X4', 'X5', 'X6', 'X1', 'X3', 'X2']"
1360,lr_shap_list_ir_1,lr_shap_list_ir_1_subset_28,orderStd,"['X5', 'X1', 'X4', 'X3', 'X6', 'X2']"
1361,lr_shap_list_ir_1,lr_shap_list_ir_1_subset_28,orderSum,"['X4', 'X5', 'X6', 'X1', 'X3', 'X2']"
1362,lr_shap_list_ir_1,lr_shap_list_ir_1_subset_31,orderMean,"['X6', 'X3', 'X2', 'X1', 'X5', 'X4']"
1363,lr_shap_list_ir_1,lr_shap_list_ir_1_subset_31,orderStd,"['X3', 'X2', 'X6', 'X1', 'X5', 'X4']"
1364,lr_shap_list_ir_1,lr_shap_list_ir_1_subset_31,orderSum,"['X6', 'X3', 'X2', 'X1', 'X5', 'X4']"
1365,lr_shap_list_ir_3,lr_shap_list_ir_3_subset_67,orderMean,"['X3', 'X2', 'X6', 'X5', 'X1', 'X4']"
1366,lr_shap_list_ir_3,lr_shap_list_ir_3_subset_67,orderStd,"['X2', 'X3', 'X5', 'X1', 'X4', 'X6']"
1367,lr_shap_list_ir_3,lr_shap_list_ir_3_subset_67,orderSum,"['X3', 'X2', 'X6', 'X5', 'X1', 'X4']"
1368,lr_shap_list_ir_2,lr_shap_list_ir_2_subset_64,orderMean,"['X2', 'X4', 'X3', 'X5', 'X1', 'X6']"
1369,lr_shap_list_ir_2,lr_shap_list_ir_2_subset_64,orderStd,"['X2', 'X3', 'X5', 'X4', 'X1', 'X6']"
1370,lr_shap_list_ir_2,lr_shap_list_ir_2_subset_64,orderSum,"['X2', 'X4', 'X3', 'X5', 'X1', 'X6']"
1371,lr_shap_list_ir_1,lr_shap_list_ir_1_subset_129,orderMean,"['X2', 'X3', 'X6', 'X4', 'X1', 'X5']"
1372,lr_shap_list_ir_1,lr_shap_list_ir_1_subset_129,orderStd,"['X2', 'X3', 'X1', 'X4', 'X5', 'X6']"
1373,lr_shap_list_ir_1,lr_shap_list_ir_1_subset_129,orderSum,"['X2', 'X3', 'X6', 'X4', 'X1', 'X5']"
1374,lr_shap_list_ir_1,lr_shap_list_ir_1_subset_6,orderMean,"['X4', 'X3', 'X2', 'X6', 'X5', 'X1']"
1375,lr_shap_list_ir_1,lr_shap_list_ir_1_subset_6,orderStd,"['X3', 'X2', 'X4', 'X5', 'X6', 'X1']"
1376,lr_shap_list_ir_1,lr_shap_list_ir_1_subset_6,orderSum,"['X4', 'X3', 'X2', 'X6', 'X5', 'X1']"
1377,lr_shap_list_ir_2,lr_shap_list_ir_2_subset_115,orderMean,"['X4', 'X2', 'X3', 'X1', 'X5', 'X6']"
1378,lr_shap_list_ir_2,lr_shap_list_ir_2_subset_115,orderStd,"['X3', 'X2', 'X4', 'X1', 'X5', 'X6']"
1379,lr_shap_list_ir_2,lr_shap_list_ir_2_subset_115,orderSum,"['X4', 'X2', 'X3', 'X1', 'X5', 'X6']"
1380,lr_shap_list_ir_3,lr_shap_list_ir_3_subset_78,orderMean,"['X3', 'X4', 'X2', 'X5', 'X1', 'X6']"
1381,lr_shap_list_ir_3,lr_shap_list_ir_3_subset_78,orderStd,"['X3', 'X5', 'X2', 'X1', 'X4', 'X6']"
1382,lr_shap_list_ir_3,lr_shap_list_ir_3_subset_78,orderSum,"['X3', 'X4', 'X2', 'X5', 'X1', 'X6']"
1383,lr_shap_list_ir_5,lr_shap_list_ir_5_subset_109,orderMean,"['X4', 'X5', 'X3', 'X2', 'X1', 'X6']"
1384,lr_shap_list_ir_5,lr_shap_list_ir_5_subset_109,orderStd,"['X5', 'X4', 'X2', 'X3', 'X1', 'X6']"
1385,lr_shap_list_ir_5,lr_shap_list_ir_5_subset_109,orderSum,"['X4', 'X5', 'X3', 'X2', 'X1', 'X6']"
1386,lr_shap_list_ir_1,lr_shap_list_ir_1_subset_26,orderMean,"['X2', 'X4', 'X6', 'X3', 'X1', 'X5']"
1387,lr_shap_list_ir_1,lr_shap_list_ir_1_subset_26,orderStd,"['X2', 'X3', 'X5', 'X1', 'X4', 'X6']"
1388,lr_shap_list_ir_1,lr_shap_list_ir_1_subset_26,orderSum,"['X2', 'X4', 'X6', 'X3', 'X1', 'X5']"
1389,lr_shap_list_ir_2,lr_shap_list_ir_2_subset_35,orderMean,"['X4', 'X2', 'X6', 'X3', 'X5', 'X1']"
1390,lr_shap_list_ir_2,lr_shap_list_ir_2_subset_35,orderStd,"['X2', 'X4', 'X5', 'X3', 'X1', 'X6']"
1391,lr_shap_list_ir_2,lr_shap_list_ir_2_subset_35,orderSum,"['X4', 'X2', 'X6', 'X3', 'X5', 'X1']"
1392,lr_shap_list_ir_1,lr_shap_list_ir_1_subset_64,orderMean,"['X5', 'X2', 'X6', 'X1', 'X4', 'X3']"
1393,lr_shap_list_ir_1,lr_shap_list_ir_1_subset_64,orderStd,"['X5', 'X2', 'X1', 'X3', 'X6', 'X4']"
1394,lr_shap_list_ir_1,lr_shap_list_ir_1_subset_64,orderSum,"['X5', 'X2', 'X6', 'X1', 'X4', 'X3']"
1395,lr_shap_list_ir_1,lr_shap_list_ir_1_subset_87,orderMean,"['X6', 'X4', 'X5', 'X2', 'X3', 'X1']"
1396,lr_shap_list_ir_1,lr_shap_list_ir_1_subset_87,orderStd,"['X2', 'X5', 'X3', 'X4', 'X6', 'X1']"
1397,lr_shap_list_ir_1,lr_shap_list_ir_1_subset_87,orderSum,"['X6', 'X4', 'X5', 'X2', 'X3', 'X1']"
1398,lr_shap_list_ir_1,lr_shap_list_ir_1_subset_2,orderMean,"['X2', 'X3', 'X6', 'X1', 'X4', 'X5']"
1399,lr_shap_list_ir_1,lr_shap_list_ir_1_subset_2,orderStd,"['X2', 'X3', 'X1', 'X4', 'X5', 'X6']"
1400,lr_shap_list_ir_1,lr_shap_list_ir_1_subset_2,orderSum,"['X2', 'X3', 'X6', 'X1', 'X4', 'X5']"
1401,lr_shap_list_ir_4,lr_shap_list_ir_4_subset_102,orderMean,"['X4', 'X2', 'X3', 'X5', 'X1', 'X6']"
1402,lr_shap_list_ir_4,lr_shap_list_ir_4_subset_102,orderStd,"['X2', 'X3', 'X5', 'X4', 'X1', 'X6']"
1403,lr_shap_list_ir_4,lr_shap_list_ir_4_subset_102,orderSum,"['X4', 'X2', 'X3', 'X5', 'X1', 'X6']"
1404,lr_shap_list_ir_4,lr_shap_list_ir_4_subset_99,orderMean,"['X4', 'X5', 'X3', 'X1', 'X2', 'X6']"
1405,lr_shap_list_ir_4,lr_shap_list_ir_4_subset_99,orderStd,"['X5', 'X3', 'X4', 'X1', 'X2', 'X6']"
1406,lr_shap_list_ir_4,lr_shap_list_ir_4_subset_99,orderSum,"['X4', 'X5', 'X3', 'X1', 'X2', 'X6']"
1407,lr_shap_list_ir_4,lr_shap_list_ir_4_subset_101,orderMean,"['X4', 'X5', 'X3', 'X2', 'X1', 'X6']"
1408,lr_shap_list_ir_4,lr_shap_list_ir_4_subset_101,orderStd,"['X5', 'X3', 'X4', 'X2', 'X1', 'X6']"
1409,lr_shap_list_ir_4,lr_shap_list_ir_4_subset_101,orderSum,"['X4', 'X5', 'X3', 'X2', 'X1', 'X6']"
1410,lr_shap_list_ir_4,lr_shap_list_ir_4_subset_13,orderMean,"['X4', 'X5', 'X3', 'X2', 'X1', 'X6']"
1411,lr_shap_list_ir_4,lr_shap_list_ir_4_subset_13,orderStd,"['X3', 'X5', 'X4', 'X2', 'X1', 'X6']"
1412,lr_shap_list_ir_4,lr_shap_list_ir_4_subset_13,orderSum,"['X4', 'X5', 'X3', 'X2', 'X1', 'X6']"
1413,lr_shap_list_ir_5,lr_shap_list_ir_5_subset_24,orderMean,"['X4', 'X3', 'X5', 'X2', 'X1', 'X6']"
1414,lr_shap_list_ir_5,lr_shap_list_ir_5_subset_24,orderStd,"['X3', 'X2', 'X5', 'X4', 'X1', 'X6']"
1415,lr_shap_list_ir_5,lr_shap_list_ir_5_subset_24,orderSum,"['X4', 'X3', 'X5', 'X2', 'X1', 'X6']"
1416,lr_shap_list_ir_4,lr_shap_list_ir_4_subset_138,orderMean,"['X4', 'X5', 'X3', 'X1', 'X2', 'X6']"
1417,lr_shap_list_ir_4,lr_shap_list_ir_4_subset_138,orderStd,"['X5', 'X4', 'X1', 'X3', 'X2', 'X6']"
1418,lr_shap_list_ir_4,lr_shap_list_ir_4_subset_138,orderSum,"['X4', 'X5', 'X3', 'X1', 'X2', 'X6']"
1419,lr_shap_list_ir_3,lr_shap_list_ir_3_subset_125,orderMean,"['X4', 'X3', 'X5', 'X2', 'X1', 'X6']"
1420,lr_shap_list_ir_3,lr_shap_list_ir_3_subset_125,orderStd,"['X3', 'X5', 'X4', 'X2', 'X1', 'X6']"
1421,lr_shap_list_ir_3,lr_shap_list_ir_3_subset_125,orderSum,"['X4', 'X3', 'X5', 'X2', 'X1', 'X6']"
1422,lr_shap_list_ir_4,lr_shap_list_ir_4_subset_34,orderMean,"['X4', 'X5', 'X2', 'X3', 'X1', 'X6']"
1423,lr_shap_list_ir_4,lr_shap_list_ir_4_subset_34,orderStd,"['X5', 'X3', 'X2', 'X4', 'X1', 'X6']"
1424,lr_shap_list_ir_4,lr_shap_list_ir_4_subset_34,orderSum,"['X4', 'X5', 'X2', 'X3', 'X1', 'X6']"
1425,lr_shap_list_ir_5,lr_shap_list_ir_5_subset_108,orderMean,"['X5', 'X4', 'X3', 'X1', 'X2', 'X6']"
1426,lr_shap_list_ir_5,lr_shap_list_ir_5_subset_108,orderStd,"['X3', 'X5', 'X4', 'X2', 'X1', 'X6']"
1427,lr_shap_list_ir_5,lr_shap_list_ir_5_subset_108,orderSum,"['X5', 'X4', 'X3', 'X1', 'X2', 'X6']"
1428,lr_shap_list_ir_3,lr_shap_list_ir_3_subset_122,orderMean,"['X4', 'X5', 'X2', 'X3', 'X1', 'X6']"
1429,lr_shap_list_ir_3,lr_shap_list_ir_3_subset_122,orderStd,"['X5', 'X3', 'X2', 'X4', 'X1', 'X6']"
1430,lr_shap_list_ir_3,lr_shap_list_ir_3_subset_122,orderSum,"['X4', 'X5', 'X2', 'X3', 'X1', 'X6']"
1431,lr_shap_list_ir_4,lr_shap_list_ir_4_subset_29,orderMean,"['X4', 'X3', 'X5', 'X2', 'X1', 'X6']"
1432,lr_shap_list_ir_4,lr_shap_list_ir_4_subset_29,orderStd,"['X3', 'X5', 'X2', 'X1', 'X4', 'X6']"
1433,lr_shap_list_ir_4,lr_shap_list_ir_4_subset_29,orderSum,"['X4', 'X3', 'X5', 'X2', 'X1', 'X6']"
1434,lr_shap_list_ir_5,lr_shap_list_ir_5_subset_67,orderMean,"['X5', 'X4', 'X1', 'X2', 'X3', 'X6']"
1435,lr_shap_list_ir_5,lr_shap_list_ir_5_subset_67,orderStd,"['X5', 'X1', 'X3', 'X2', 'X4', 'X6']"
1436,lr_shap_list_ir_5,lr_shap_list_ir_5_subset_67,orderSum,"['X5', 'X4', 'X1', 'X2', 'X3', 'X6']"
1437,lr_shap_list_ir_5,lr_shap_list_ir_5_subset_142,orderMean,"['X5', 'X4', 'X1', 'X2', 'X3', 'X6']"
1438,lr_shap_list_ir_5,lr_shap_list_ir_5_subset_142,orderStd,"['X5', 'X3', 'X2', 'X1', 'X4', 'X6']"
1439,lr_shap_list_ir_5,lr_shap_list_ir_5_subset_142,orderSum,"['X5', 'X4', 'X1', 'X2', 'X3', 'X6']"
1440,lr_shap_list_ir_4,lr_shap_list_ir_4_subset_65,orderMean,"['X4', 'X5', 'X3', 'X1', 'X2', 'X6']"
1441,lr_shap_list_ir_4,lr_shap_list_ir_4_subset_65,orderStd,"['X5', 'X3', 'X4', 'X1', 'X2', 'X6']"
1442,lr_shap_list_ir_4,lr_shap_list_ir_4_subset_65,orderSum,"['X4', 'X5', 'X3', 'X1', 'X2', 'X6']"
1443,lr_shap_list_ir_4,lr_shap_list_ir_4_subset_15,orderMean,"['X5', 'X4', 'X3', 'X1', 'X2', 'X6']"
1444,lr_shap_list_ir_4,lr_shap_list_ir_4_subset_15,orderStd,"['X5', 'X3', 'X1', 'X4', 'X2', 'X6']"
1445,lr_shap_list_ir_4,lr_shap_list_ir_4_subset_15,orderSum,"['X5', 'X4', 'X3', 'X1', 'X2', 'X6']"
1446,lr_shap_list_ir_5,lr_shap_list_ir_5_subset_132,orderMean,"['X5', 'X4', 'X3', 'X1', 'X2', 'X6']"
1447,lr_shap_list_ir_5,lr_shap_list_ir_5_subset_132,orderStd,"['X5', 'X3', 'X4', 'X2', 'X1', 'X6']"
1448,lr_shap_list_ir_5,lr_shap_list_ir_5_subset_132,orderSum,"['X5', 'X4', 'X3', 'X1', 'X2', 'X6']"
1449,lr_shap_list_ir_4,lr_shap_list_ir_4_subset_100,orderMean,"['X4', 'X3', 'X5', 'X2', 'X1', 'X6']"
1450,lr_shap_list_ir_4,lr_shap_list_ir_4_subset_100,orderStd,"['X3', 'X2', 'X5', 'X4', 'X1', 'X6']"
1451,lr_shap_list_ir_4,lr_shap_list_ir_4_subset_100,orderSum,"['X4', 'X3', 'X5', 'X2', 'X1', 'X6']"
1452,lr_shap_list_ir_4,lr_shap_list_ir_4_subset_33,orderMean,"['X4', 'X5', 'X3', 'X2', 'X1', 'X6']"
1453,lr_shap_list_ir_4,lr_shap_list_ir_4_subset_33,orderStd,"['X5', 'X3', 'X2', 'X1', 'X4', 'X6']"
1454,lr_shap_list_ir_4,lr_shap_list_ir_4_subset_33,orderSum,"['X4', 'X5', 'X3', 'X2', 'X1', 'X6']"
1455,lr_shap_list_ir_5,lr_shap_list_ir_5_subset_118,orderMean,"['X5', 'X4', 'X3', 'X1', 'X2', 'X6']"
1456,lr_shap_list_ir_5,lr_shap_list_ir_5_subset_118,orderStd,"['X5', 'X3', 'X1', 'X2', 'X4', 'X6']"
1457,lr_shap_list_ir_5,lr_shap_list_ir_5_subset_118,orderSum,"['X5', 'X4', 'X3', 'X1', 'X2', 'X6']"
1458,lr_shap_list_ir_2,lr_shap_list_ir_2_subset_30,orderMean,"['X3', 'X4', 'X2', 'X1', 'X5', 'X6']"
1459,lr_shap_list_ir_2,lr_shap_list_ir_2_subset_30,orderStd,"['X3', 'X2', 'X4', 'X5', 'X1', 'X6']"
1460,lr_shap_list_ir_2,lr_shap_list_ir_2_subset_30,orderSum,"['X3', 'X4', 'X2', 'X1', 'X5', 'X6']"
1461,lr_shap_list_ir_5,lr_shap_list_ir_5_subset_146,orderMean,"['X5', 'X4', 'X3', 'X2', 'X1', 'X6']"
1462,lr_shap_list_ir_5,lr_shap_list_ir_5_subset_146,orderStd,"['X5', 'X4', 'X3', 'X2', 'X1', 'X6']"
1463,lr_shap_list_ir_5,lr_shap_list_ir_5_subset_146,orderSum,"['X5', 'X4', 'X3', 'X2', 'X1', 'X6']"
1464,lr_shap_list_ir_2,lr_shap_list_ir_2_subset_8,orderMean,"['X4', 'X5', 'X1', 'X2', 'X3', 'X6']"
1465,lr_shap_list_ir_2,lr_shap_list_ir_2_subset_8,orderStd,"['X5', 'X1', 'X4', 'X3', 'X2', 'X6']"
1466,lr_shap_list_ir_2,lr_shap_list_ir_2_subset_8,orderSum,"['X4', 'X5', 'X1', 'X2', 'X3', 'X6']"
1467,lr_shap_list_ir_5,lr_shap_list_ir_5_subset_123,orderMean,"['X5', 'X4', 'X3', 'X2', 'X1', 'X6']"
1468,lr_shap_list_ir_5,lr_shap_list_ir_5_subset_123,orderStd,"['X5', 'X2', 'X3', 'X1', 'X4', 'X6']"
1469,lr_shap_list_ir_5,lr_shap_list_ir_5_subset_123,orderSum,"['X5', 'X4', 'X3', 'X2', 'X1', 'X6']"
1470,lr_shap_list_ir_3,lr_shap_list_ir_3_subset_112,orderMean,"['X3', 'X4', 'X5', 'X1', 'X6', 'X2']"
1471,lr_shap_list_ir_3,lr_shap_list_ir_3_subset_112,orderStd,"['X3', 'X5', 'X1', 'X4', 'X2', 'X6']"
1472,lr_shap_list_ir_3,lr_shap_list_ir_3_subset_112,orderSum,"['X3', 'X4', 'X5', 'X1', 'X6', 'X2']"
1473,lr_shap_list_ir_4,lr_shap_list_ir_4_subset_119,orderMean,"['X4', 'X2', 'X3', 'X5', 'X1', 'X6']"
1474,lr_shap_list_ir_4,lr_shap_list_ir_4_subset_119,orderStd,"['X2', 'X3', 'X4', 'X5', 'X1', 'X6']"
1475,lr_shap_list_ir_4,lr_shap_list_ir_4_subset_119,orderSum,"['X4', 'X2', 'X3', 'X5', 'X1', 'X6']"
1476,lr_shap_list_ir_1,lr_shap_list_ir_1_subset_132,orderMean,"['X6', 'X2', 'X4', 'X3', 'X1', 'X5']"
1477,lr_shap_list_ir_1,lr_shap_list_ir_1_subset_132,orderStd,"['X2', 'X3', 'X6', 'X1', 'X4', 'X5']"
1478,lr_shap_list_ir_1,lr_shap_list_ir_1_subset_132,orderSum,"['X6', 'X2', 'X4', 'X3', 'X1', 'X5']"
1479,lr_shap_list_ir_3,lr_shap_list_ir_3_subset_63,orderMean,"['X4', 'X5', 'X1', 'X2', 'X3', 'X6']"
1480,lr_shap_list_ir_3,lr_shap_list_ir_3_subset_63,orderStd,"['X5', 'X2', 'X1', 'X4', 'X3', 'X6']"
1481,lr_shap_list_ir_3,lr_shap_list_ir_3_subset_63,orderSum,"['X4', 'X5', 'X1', 'X2', 'X3', 'X6']"
1482,lr_shap_list_ir_1,lr_shap_list_ir_1_subset_33,orderMean,"['X3', 'X2', 'X6', 'X4', 'X5', 'X1']"
1483,lr_shap_list_ir_1,lr_shap_list_ir_1_subset_33,orderStd,"['X3', 'X2', 'X4', 'X5', 'X6', 'X1']"
1484,lr_shap_list_ir_1,lr_shap_list_ir_1_subset_33,orderSum,"['X3', 'X2', 'X6', 'X4', 'X5', 'X1']"
1485,lr_shap_list_ir_3,lr_shap_list_ir_3_subset_141,orderMean,"['X4', 'X3', 'X5', 'X1', 'X2', 'X6']"
1486,lr_shap_list_ir_3,lr_shap_list_ir_3_subset_141,orderStd,"['X3', 'X5', 'X2', 'X4', 'X1', 'X6']"
1487,lr_shap_list_ir_3,lr_shap_list_ir_3_subset_141,orderSum,"['X4', 'X3', 'X5', 'X1', 'X2', 'X6']"
1488,lr_shap_list_ir_4,lr_shap_list_ir_4_subset_71,orderMean,"['X5', 'X4', 'X3', 'X1', 'X2', 'X6']"
1489,lr_shap_list_ir_4,lr_shap_list_ir_4_subset_71,orderStd,"['X3', 'X5', 'X1', 'X2', 'X4', 'X6']"
1490,lr_shap_list_ir_4,lr_shap_list_ir_4_subset_71,orderSum,"['X5', 'X4', 'X3', 'X1', 'X2', 'X6']"
1491,lr_shap_list_ir_4,lr_shap_list_ir_4_subset_120,orderMean,"['X4', 'X2', 'X5', 'X3', 'X1', 'X6']"
1492,lr_shap_list_ir_4,lr_shap_list_ir_4_subset_120,orderStd,"['X5', 'X2', 'X3', 'X4', 'X1', 'X6']"
1493,lr_shap_list_ir_4,lr_shap_list_ir_4_subset_120,orderSum,"['X4', 'X2', 'X5', 'X3', 'X1', 'X6']"
1494,lr_shap_list_ir_4,lr_shap_list_ir_4_subset_78,orderMean,"['X5', 'X3', 'X4', 'X1', 'X2', 'X6']"
1495,lr_shap_list_ir_4,lr_shap_list_ir_4_subset_78,orderStd,"['X3', 'X5', 'X4', 'X1', 'X2', 'X6']"
1496,lr_shap_list_ir_4,lr_shap_list_ir_4_subset_78,orderSum,"['X5', 'X3', 'X4', 'X1', 'X2', 'X6']"
1497,lr_shap_list_ir_5,lr_shap_list_ir_5_subset_71,orderMean,"['X5', 'X4', 'X3', 'X2', 'X1', 'X6']"
1498,lr_shap_list_ir_5,lr_shap_list_ir_5_subset_71,orderStd,"['X5', 'X3', 'X1', 'X4', 'X2', 'X6']"
1499,lr_shap_list_ir_5,lr_shap_list_ir_5_subset_71,orderSum,"['X5', 'X4', 'X3', 'X2', 'X1', 'X6']"
1500,lr_shap_list_ir_1,lr_shap_list_ir_1_subset_57,orderMean,"['X3', 'X2', 'X6', 'X1', 'X4', 'X5']"
1501,lr_shap_list_ir_1,lr_shap_list_ir_1_subset_57,orderStd,"['X3', 'X2', 'X1', 'X4', 'X6', 'X5']"
1502,lr_shap_list_ir_1,lr_shap_list_ir_1_subset_57,orderSum,"['X3', 'X2', 'X6', 'X1', 'X4', 'X5']"
1503,lr_shap_list_ir_1,lr_shap_list_ir_1_subset_74,orderMean,"['X1', 'X5', 'X4', 'X2', 'X6', 'X3']"
1504,lr_shap_list_ir_1,lr_shap_list_ir_1_subset_74,orderStd,"['X1', 'X5', 'X2', 'X3', 'X4', 'X6']"
1505,lr_shap_list_ir_1,lr_shap_list_ir_1_subset_74,orderSum,"['X1', 'X5', 'X4', 'X2', 'X6', 'X3']"
1506,lr_shap_list_ir_5,lr_shap_list_ir_5_subset_44,orderMean,"['X5', 'X4', 'X1', 'X3', 'X2', 'X6']"
1507,lr_shap_list_ir_5,lr_shap_list_ir_5_subset_44,orderStd,"['X5', 'X3', 'X1', 'X2', 'X4', 'X6']"
1508,lr_shap_list_ir_5,lr_shap_list_ir_5_subset_44,orderSum,"['X5', 'X4', 'X1', 'X3', 'X2', 'X6']"
1509,lr_shap_list_ir_4,lr_shap_list_ir_4_subset_21,orderMean,"['X3', 'X4', 'X5', 'X2', 'X1', 'X6']"
1510,lr_shap_list_ir_4,lr_shap_list_ir_4_subset_21,orderStd,"['X3', 'X5', 'X2', 'X4', 'X1', 'X6']"
1511,lr_shap_list_ir_4,lr_shap_list_ir_4_subset_21,orderSum,"['X3', 'X4', 'X5', 'X2', 'X1', 'X6']"
1512,lr_shap_list_ir_2,lr_shap_list_ir_2_subset_2,orderMean,"['X4', 'X5', 'X6', 'X2', 'X3', 'X1']"
1513,lr_shap_list_ir_2,lr_shap_list_ir_2_subset_2,orderStd,"['X5', 'X2', 'X4', 'X3', 'X1', 'X6']"
1514,lr_shap_list_ir_2,lr_shap_list_ir_2_subset_2,orderSum,"['X4', 'X5', 'X6', 'X2', 'X3', 'X1']"
1515,lr_shap_list_ir_5,lr_shap_list_ir_5_subset_5,orderMean,"['X5', 'X4', 'X3', 'X1', 'X2', 'X6']"
1516,lr_shap_list_ir_5,lr_shap_list_ir_5_subset_5,orderStd,"['X5', 'X3', 'X4', 'X2', 'X1', 'X6']"
1517,lr_shap_list_ir_5,lr_shap_list_ir_5_subset_5,orderSum,"['X5', 'X4', 'X3', 'X1', 'X2', 'X6']"
1518,lr_shap_list_ir_2,lr_shap_list_ir_2_subset_102,orderMean,"['X4', 'X3', 'X2', 'X6', 'X5', 'X1']"
1519,lr_shap_list_ir_2,lr_shap_list_ir_2_subset_102,orderStd,"['X3', 'X2', 'X4', 'X5', 'X1', 'X6']"
1520,lr_shap_list_ir_2,lr_shap_list_ir_2_subset_102,orderSum,"['X4', 'X3', 'X2', 'X6', 'X5', 'X1']"
1521,lr_shap_list_ir_3,lr_shap_list_ir_3_subset_14,orderMean,"['X3', 'X4', 'X5', 'X2', 'X1', 'X6']"
1522,lr_shap_list_ir_3,lr_shap_list_ir_3_subset_14,orderStd,"['X3', 'X5', 'X4', 'X2', 'X1', 'X6']"
1523,lr_shap_list_ir_3,lr_shap_list_ir_3_subset_14,orderSum,"['X3', 'X4', 'X5', 'X2', 'X1', 'X6']"
1524,lr_shap_list_ir_1,lr_shap_list_ir_1_subset_42,orderMean,"['X4', 'X1', 'X6', 'X5', 'X2', 'X3']"
1525,lr_shap_list_ir_1,lr_shap_list_ir_1_subset_42,orderStd,"['X1', 'X5', 'X4', 'X2', 'X6', 'X3']"
1526,lr_shap_list_ir_1,lr_shap_list_ir_1_subset_42,orderSum,"['X4', 'X1', 'X6', 'X5', 'X2', 'X3']"
1527,lr_shap_list_ir_2,lr_shap_list_ir_2_subset_137,orderMean,"['X2', 'X1', 'X4', 'X5', 'X3', 'X6']"
1528,lr_shap_list_ir_2,lr_shap_list_ir_2_subset_137,orderStd,"['X2', 'X1', 'X5', 'X3', 'X4', 'X6']"
1529,lr_shap_list_ir_2,lr_shap_list_ir_2_subset_137,orderSum,"['X2', 'X1', 'X4', 'X5', 'X3', 'X6']"
1530,lr_shap_list_ir_1,lr_shap_list_ir_1_subset_101,orderMean,"['X2', 'X3', 'X4', 'X6', 'X5', 'X1']"
1531,lr_shap_list_ir_1,lr_shap_list_ir_1_subset_101,orderStd,"['X3', 'X2', 'X5', 'X4', 'X6', 'X1']"
1532,lr_shap_list_ir_1,lr_shap_list_ir_1_subset_101,orderSum,"['X2', 'X3', 'X4', 'X6', 'X5', 'X1']"
1533,lr_shap_list_ir_3,lr_shap_list_ir_3_subset_134,orderMean,"['X4', 'X3', 'X2', 'X5', 'X1', 'X6']"
1534,lr_shap_list_ir_3,lr_shap_list_ir_3_subset_134,orderStd,"['X2', 'X3', 'X5', 'X4', 'X1', 'X6']"
1535,lr_shap_list_ir_3,lr_shap_list_ir_3_subset_134,orderSum,"['X4', 'X3', 'X2', 'X5', 'X1', 'X6']"
1536,lr_shap_list_ir_3,lr_shap_list_ir_3_subset_69,orderMean,"['X4', 'X5', 'X2', 'X6', 'X3', 'X1']"
1537,lr_shap_list_ir_3,lr_shap_list_ir_3_subset_69,orderStd,"['X2', 'X5', 'X4', 'X1', 'X3', 'X6']"
1538,lr_shap_list_ir_3,lr_shap_list_ir_3_subset_69,orderSum,"['X4', 'X5', 'X2', 'X6', 'X3', 'X1']"
1539,lr_shap_list_ir_2,lr_shap_list_ir_2_subset_79,orderMean,"['X3', 'X4', 'X2', 'X1', 'X5', 'X6']"
1540,lr_shap_list_ir_2,lr_shap_list_ir_2_subset_79,orderStd,"['X3', 'X2', 'X1', 'X5', 'X4', 'X6']"
1541,lr_shap_list_ir_2,lr_shap_list_ir_2_subset_79,orderSum,"['X3', 'X4', 'X2', 'X1', 'X5', 'X6']"
1542,lr_shap_list_ir_5,lr_shap_list_ir_5_subset_112,orderMean,"['X4', 'X3', 'X5', 'X1', 'X2', 'X6']"
1543,lr_shap_list_ir_5,lr_shap_list_ir_5_subset_112,orderStd,"['X3', 'X5', 'X4', 'X2', 'X1', 'X6']"
1544,lr_shap_list_ir_5,lr_shap_list_ir_5_subset_112,orderSum,"['X4', 'X3', 'X5', 'X1', 'X2', 'X6']"
1545,lr_shap_list_ir_2,lr_shap_list_ir_2_subset_117,orderMean,"['X2', 'X4', 'X3', 'X5', 'X1', 'X6']"
1546,lr_shap_list_ir_2,lr_shap_list_ir_2_subset_117,orderStd,"['X2', 'X3', 'X5', 'X4', 'X1', 'X6']"
1547,lr_shap_list_ir_2,lr_shap_list_ir_2_subset_117,orderSum,"['X2', 'X4', 'X3', 'X5', 'X1', 'X6']"
1548,lr_shap_list_ir_3,lr_shap_list_ir_3_subset_145,orderMean,"['X3', 'X4', 'X5', 'X2', 'X1', 'X6']"
1549,lr_shap_list_ir_3,lr_shap_list_ir_3_subset_145,orderStd,"['X3', 'X5', 'X4', 'X2', 'X1', 'X6']"
1550,lr_shap_list_ir_3,lr_shap_list_ir_3_subset_145,orderSum,"['X3', 'X4', 'X5', 'X2', 'X1', 'X6']"
1551,lr_shap_list_ir_1,lr_shap_list_ir_1_subset_3,orderMean,"['X3', 'X6', 'X1', 'X4', 'X2', 'X5']"
1552,lr_shap_list_ir_1,lr_shap_list_ir_1_subset_3,orderStd,"['X3', 'X1', 'X5', 'X2', 'X4', 'X6']"
1553,lr_shap_list_ir_1,lr_shap_list_ir_1_subset_3,orderSum,"['X3', 'X6', 'X1', 'X4', 'X2', 'X5']"
1554,lr_shap_list_ir_5,lr_shap_list_ir_5_subset_130,orderMean,"['X4', 'X5', 'X3', 'X1', 'X2', 'X6']"
1555,lr_shap_list_ir_5,lr_shap_list_ir_5_subset_130,orderStd,"['X5', 'X3', 'X1', 'X4', 'X2', 'X6']"
1556,lr_shap_list_ir_5,lr_shap_list_ir_5_subset_130,orderSum,"['X4', 'X5', 'X3', 'X1', 'X2', 'X6']"
1557,lr_shap_list_ir_1,lr_shap_list_ir_1_subset_53,orderMean,"['X6', 'X2', 'X4', 'X1', 'X3', 'X5']"
1558,lr_shap_list_ir_1,lr_shap_list_ir_1_subset_53,orderStd,"['X2', 'X1', 'X6', 'X3', 'X5', 'X4']"
1559,lr_shap_list_ir_1,lr_shap_list_ir_1_subset_53,orderSum,"['X6', 'X2', 'X4', 'X1', 'X3', 'X5']"
1560,lr_shap_list_ir_2,lr_shap_list_ir_2_subset_36,orderMean,"['X3', 'X6', 'X4', 'X5', 'X1', 'X2']"
1561,lr_shap_list_ir_2,lr_shap_list_ir_2_subset_36,orderStd,"['X3', 'X5', 'X1', 'X4', 'X2', 'X6']"
1562,lr_shap_list_ir_2,lr_shap_list_ir_2_subset_36,orderSum,"['X3', 'X6', 'X4', 'X5', 'X1', 'X2']"
1563,lr_shap_list_ir_5,lr_shap_list_ir_5_subset_120,orderMean,"['X4', 'X5', 'X3', 'X2', 'X1', 'X6']"
1564,lr_shap_list_ir_5,lr_shap_list_ir_5_subset_120,orderStd,"['X5', 'X3', 'X4', 'X2', 'X1', 'X6']"
1565,lr_shap_list_ir_5,lr_shap_list_ir_5_subset_120,orderSum,"['X4', 'X5', 'X3', 'X2', 'X1', 'X6']"
1566,lr_shap_list_ir_3,lr_shap_list_ir_3_subset_64,orderMean,"['X4', 'X2', 'X5', 'X1', 'X3', 'X6']"
1567,lr_shap_list_ir_3,lr_shap_list_ir_3_subset_64,orderStd,"['X2', 'X5', 'X1', 'X3', 'X4', 'X6']"
1568,lr_shap_list_ir_3,lr_shap_list_ir_3_subset_64,orderSum,"['X4', 'X2', 'X5', 'X1', 'X3', 'X6']"
1569,lr_shap_list_ir_5,lr_shap_list_ir_5_subset_33,orderMean,"['X4', 'X5', 'X3', 'X2', 'X1', 'X6']"
1570,lr_shap_list_ir_5,lr_shap_list_ir_5_subset_33,orderStd,"['X3', 'X5', 'X4', 'X2', 'X1', 'X6']"
1571,lr_shap_list_ir_5,lr_shap_list_ir_5_subset_33,orderSum,"['X4', 'X5', 'X3', 'X2', 'X1', 'X6']"
1572,lr_shap_list_ir_5,lr_shap_list_ir_5_subset_40,orderMean,"['X4', 'X5', 'X3', 'X2', 'X1', 'X6']"
1573,lr_shap_list_ir_5,lr_shap_list_ir_5_subset_40,orderStd,"['X3', 'X5', 'X2', 'X4', 'X1', 'X6']"
1574,lr_shap_list_ir_5,lr_shap_list_ir_5_subset_40,orderSum,"['X4', 'X5', 'X3', 'X2', 'X1', 'X6']"
1575,lr_shap_list_ir_2,lr_shap_list_ir_2_subset_119,orderMean,"['X4', 'X3', 'X2', 'X1', 'X5', 'X6']"
1576,lr_shap_list_ir_2,lr_shap_list_ir_2_subset_119,orderStd,"['X3', 'X2', 'X5', 'X1', 'X4', 'X6']"
1577,lr_shap_list_ir_2,lr_shap_list_ir_2_subset_119,orderSum,"['X4', 'X3', 'X2', 'X1', 'X5', 'X6']"
1578,lr_shap_list_ir_2,lr_shap_list_ir_2_subset_63,orderMean,"['X6', 'X5', 'X4', 'X3', 'X1', 'X2']"
1579,lr_shap_list_ir_2,lr_shap_list_ir_2_subset_63,orderStd,"['X3', 'X5', 'X1', 'X6', 'X2', 'X4']"
1580,lr_shap_list_ir_2,lr_shap_list_ir_2_subset_63,orderSum,"['X6', 'X5', 'X4', 'X3', 'X1', 'X2']"
1581,lr_shap_list_ir_4,lr_shap_list_ir_4_subset_104,orderMean,"['X5', 'X4', 'X3', 'X1', 'X6', 'X2']"
1582,lr_shap_list_ir_4,lr_shap_list_ir_4_subset_104,orderStd,"['X5', 'X3', 'X1', 'X2', 'X4', 'X6']"
1583,lr_shap_list_ir_4,lr_shap_list_ir_4_subset_104,orderSum,"['X5', 'X4', 'X3', 'X1', 'X6', 'X2']"
1584,lr_shap_list_ir_1,lr_shap_list_ir_1_subset_144,orderMean,"['X5', 'X1', 'X3', 'X4', 'X6', 'X2']"
1585,lr_shap_list_ir_1,lr_shap_list_ir_1_subset_144,orderStd,"['X1', 'X3', 'X5', 'X2', 'X4', 'X6']"
1586,lr_shap_list_ir_1,lr_shap_list_ir_1_subset_144,orderSum,"['X5', 'X1', 'X3', 'X4', 'X6', 'X2']"
1587,lr_shap_list_ir_4,lr_shap_list_ir_4_subset_6,orderMean,"['X4', 'X5', 'X3', 'X2', 'X1', 'X6']"
1588,lr_shap_list_ir_4,lr_shap_list_ir_4_subset_6,orderStd,"['X3', 'X4', 'X5', 'X2', 'X1', 'X6']"
1589,lr_shap_list_ir_4,lr_shap_list_ir_4_subset_6,orderSum,"['X4', 'X5', 'X3', 'X2', 'X1', 'X6']"
1590,lr_shap_list_ir_3,lr_shap_list_ir_3_subset_108,orderMean,"['X4', 'X3', 'X5', 'X1', 'X2', 'X6']"
1591,lr_shap_list_ir_3,lr_shap_list_ir_3_subset_108,orderStd,"['X3', 'X5', 'X4', 'X1', 'X2', 'X6']"
1592,lr_shap_list_ir_3,lr_shap_list_ir_3_subset_108,orderSum,"['X4', 'X3', 'X5', 'X1', 'X2', 'X6']"
1593,lr_shap_list_ir_3,lr_shap_list_ir_3_subset_114,orderMean,"['X2', 'X4', 'X1', 'X3', 'X5', 'X6']"
1594,lr_shap_list_ir_3,lr_shap_list_ir_3_subset_114,orderStd,"['X2', 'X3', 'X1', 'X5', 'X4', 'X6']"
1595,lr_shap_list_ir_3,lr_shap_list_ir_3_subset_114,orderSum,"['X2', 'X4', 'X1', 'X3', 'X5', 'X6']"
1596,lr_shap_list_ir_3,lr_shap_list_ir_3_subset_137,orderMean,"['X4', 'X3', 'X5', 'X1', 'X2', 'X6']"
1597,lr_shap_list_ir_3,lr_shap_list_ir_3_subset_137,orderStd,"['X3', 'X5', 'X4', 'X1', 'X2', 'X6']"
1598,lr_shap_list_ir_3,lr_shap_list_ir_3_subset_137,orderSum,"['X4', 'X3', 'X5', 'X1', 'X2', 'X6']"
1599,lr_shap_list_ir_1,lr_shap_list_ir_1_subset_34,orderMean,"['X6', 'X4', 'X3', 'X1', 'X5', 'X2']"
1600,lr_shap_list_ir_1,lr_shap_list_ir_1_subset_34,orderStd,"['X6', 'X3', 'X5', 'X1', 'X2', 'X4']"
1601,lr_shap_list_ir_1,lr_shap_list_ir_1_subset_34,orderSum,"['X6', 'X4', 'X3', 'X1', 'X5', 'X2']"
1602,lr_shap_list_ir_5,lr_shap_list_ir_5_subset_78,orderMean,"['X4', 'X2', 'X3', 'X5', 'X1', 'X6']"
1603,lr_shap_list_ir_5,lr_shap_list_ir_5_subset_78,orderStd,"['X3', 'X2', 'X5', 'X4', 'X1', 'X6']"
1604,lr_shap_list_ir_5,lr_shap_list_ir_5_subset_78,orderSum,"['X4', 'X2', 'X3', 'X5', 'X1', 'X6']"
1605,lr_shap_list_ir_4,lr_shap_list_ir_4_subset_126,orderMean,"['X3', 'X4', 'X5', 'X2', 'X1', 'X6']"
1606,lr_shap_list_ir_4,lr_shap_list_ir_4_subset_126,orderStd,"['X3', 'X5', 'X2', 'X4', 'X1', 'X6']"
1607,lr_shap_list_ir_4,lr_shap_list_ir_4_subset_126,orderSum,"['X3', 'X4', 'X5', 'X2', 'X1', 'X6']"
1608,lr_shap_list_ir_3,lr_shap_list_ir_3_subset_80,orderMean,"['X4', 'X5', 'X3', 'X1', 'X2', 'X6']"
1609,lr_shap_list_ir_3,lr_shap_list_ir_3_subset_80,orderStd,"['X5', 'X1', 'X4', 'X2', 'X3', 'X6']"
1610,lr_shap_list_ir_3,lr_shap_list_ir_3_subset_80,orderSum,"['X4', 'X5', 'X3', 'X1', 'X2', 'X6']"
1611,lr_shap_list_ir_5,lr_shap_list_ir_5_subset_38,orderMean,"['X4', 'X2', 'X5', 'X3', 'X1', 'X6']"
1612,lr_shap_list_ir_5,lr_shap_list_ir_5_subset_38,orderStd,"['X3', 'X2', 'X5', 'X4', 'X1', 'X6']"
1613,lr_shap_list_ir_5,lr_shap_list_ir_5_subset_38,orderSum,"['X4', 'X2', 'X5', 'X3', 'X1', 'X6']"
1614,lr_shap_list_ir_3,lr_shap_list_ir_3_subset_140,orderMean,"['X4', 'X3', 'X5', 'X2', 'X1', 'X6']"
1615,lr_shap_list_ir_3,lr_shap_list_ir_3_subset_140,orderStd,"['X3', 'X5', 'X2', 'X4', 'X1', 'X6']"
1616,lr_shap_list_ir_3,lr_shap_list_ir_3_subset_140,orderSum,"['X4', 'X3', 'X5', 'X2', 'X1', 'X6']"
1617,lr_shap_list_ir_4,lr_shap_list_ir_4_subset_142,orderMean,"['X4', 'X3', 'X2', 'X5', 'X1', 'X6']"
1618,lr_shap_list_ir_4,lr_shap_list_ir_4_subset_142,orderStd,"['X5', 'X3', 'X2', 'X4', 'X1', 'X6']"
1619,lr_shap_list_ir_4,lr_shap_list_ir_4_subset_142,orderSum,"['X4', 'X3', 'X2', 'X5', 'X1', 'X6']"
1620,lr_shap_list_ir_2,lr_shap_list_ir_2_subset_146,orderMean,"['X3', 'X4', 'X2', 'X6', 'X5', 'X1']"
1621,lr_shap_list_ir_2,lr_shap_list_ir_2_subset_146,orderStd,"['X3', 'X2', 'X4', 'X5', 'X1', 'X6']"
1622,lr_shap_list_ir_2,lr_shap_list_ir_2_subset_146,orderSum,"['X3', 'X4', 'X2', 'X6', 'X5', 'X1']"
1623,lr_shap_list_ir_2,lr_shap_list_ir_2_subset_57,orderMean,"['X3', 'X4', 'X2', 'X1', 'X5', 'X6']"
1624,lr_shap_list_ir_2,lr_shap_list_ir_2_subset_57,orderStd,"['X3', 'X1', 'X2', 'X5', 'X4', 'X6']"
1625,lr_shap_list_ir_2,lr_shap_list_ir_2_subset_57,orderSum,"['X3', 'X4', 'X2', 'X1', 'X5', 'X6']"
1626,lr_shap_list_ir_1,lr_shap_list_ir_1_subset_138,orderMean,"['X6', 'X2', 'X4', 'X3', 'X1', 'X5']"
1627,lr_shap_list_ir_1,lr_shap_list_ir_1_subset_138,orderStd,"['X2', 'X6', 'X3', 'X4', 'X1', 'X5']"
1628,lr_shap_list_ir_1,lr_shap_list_ir_1_subset_138,orderSum,"['X6', 'X2', 'X4', 'X3', 'X1', 'X5']"
1629,lr_shap_list_ir_1,lr_shap_list_ir_1_subset_38,orderMean,"['X2', 'X3', 'X4', 'X1', 'X5', 'X6']"
1630,lr_shap_list_ir_1,lr_shap_list_ir_1_subset_38,orderStd,"['X2', 'X3', 'X1', 'X5', 'X4', 'X6']"
1631,lr_shap_list_ir_1,lr_shap_list_ir_1_subset_38,orderSum,"['X2', 'X3', 'X4', 'X1', 'X5', 'X6']"
1632,lr_shap_list_ir_3,lr_shap_list_ir_3_subset_82,orderMean,"['X4', 'X3', 'X1', 'X5', 'X2', 'X6']"
1633,lr_shap_list_ir_3,lr_shap_list_ir_3_subset_82,orderStd,"['X3', 'X5', 'X2', 'X1', 'X4', 'X6']"
1634,lr_shap_list_ir_3,lr_shap_list_ir_3_subset_82,orderSum,"['X4', 'X3', 'X1', 'X5', 'X2', 'X6']"
1635,lr_shap_list_ir_1,lr_shap_list_ir_1_subset_85,orderMean,"['X2', 'X4', 'X5', 'X3', 'X1', 'X6']"
1636,lr_shap_list_ir_1,lr_shap_list_ir_1_subset_85,orderStd,"['X2', 'X3', 'X5', 'X1', 'X4', 'X6']"
1637,lr_shap_list_ir_1,lr_shap_list_ir_1_subset_85,orderSum,"['X2', 'X4', 'X5', 'X3', 'X1', 'X6']"
1638,lr_shap_list_ir_5,lr_shap_list_ir_5_subset_83,orderMean,"['X3', 'X4', 'X5', 'X6', 'X2', 'X1']"
1639,lr_shap_list_ir_5,lr_shap_list_ir_5_subset_83,orderStd,"['X3', 'X5', 'X4', 'X2', 'X1', 'X6']"
1640,lr_shap_list_ir_5,lr_shap_list_ir_5_subset_83,orderSum,"['X3', 'X4', 'X5', 'X6', 'X2', 'X1']"
1641,lr_shap_list_ir_5,lr_shap_list_ir_5_subset_30,orderMean,"['X4', 'X5', 'X2', 'X3', 'X1', 'X6']"
1642,lr_shap_list_ir_5,lr_shap_list_ir_5_subset_30,orderStd,"['X5', 'X2', 'X3', 'X4', 'X1', 'X6']"
1643,lr_shap_list_ir_5,lr_shap_list_ir_5_subset_30,orderSum,"['X4', 'X5', 'X2', 'X3', 'X1', 'X6']"
1644,lr_shap_list_ir_2,lr_shap_list_ir_2_subset_105,orderMean,"['X1', 'X6', 'X4', 'X2', 'X5', 'X3']"
1645,lr_shap_list_ir_2,lr_shap_list_ir_2_subset_105,orderStd,"['X1', 'X5', 'X3', 'X2', 'X4', 'X6']"
1646,lr_shap_list_ir_2,lr_shap_list_ir_2_subset_105,orderSum,"['X1', 'X6', 'X4', 'X2', 'X5', 'X3']"
1647,lr_shap_list_ir_4,lr_shap_list_ir_4_subset_139,orderMean,"['X4', 'X2', 'X5', 'X1', 'X3', 'X6']"
1648,lr_shap_list_ir_4,lr_shap_list_ir_4_subset_139,orderStd,"['X3', 'X2', 'X5', 'X1', 'X4', 'X6']"
1649,lr_shap_list_ir_4,lr_shap_list_ir_4_subset_139,orderSum,"['X4', 'X2', 'X5', 'X1', 'X3', 'X6']"
1650,lr_shap_list_ir_5,lr_shap_list_ir_5_subset_88,orderMean,"['X5', 'X4', 'X3', 'X1', 'X2', 'X6']"
1651,lr_shap_list_ir_5,lr_shap_list_ir_5_subset_88,orderStd,"['X5', 'X3', 'X2', 'X1', 'X4', 'X6']"
1652,lr_shap_list_ir_5,lr_shap_list_ir_5_subset_88,orderSum,"['X5', 'X4', 'X3', 'X1', 'X2', 'X6']"
1653,lr_shap_list_ir_5,lr_shap_list_ir_5_subset_103,orderMean,"['X4', 'X5', 'X3', 'X2', 'X1', 'X6']"
1654,lr_shap_list_ir_5,lr_shap_list_ir_5_subset_103,orderStd,"['X5', 'X3', 'X2', 'X4', 'X1', 'X6']"
1655,lr_shap_list_ir_5,lr_shap_list_ir_5_subset_103,orderSum,"['X4', 'X5', 'X3', 'X2', 'X1', 'X6']"
1656,lr_shap_list_ir_1,lr_shap_list_ir_1_subset_16,orderMean,"['X2', 'X3', 'X4', 'X6', 'X1', 'X5']"
1657,lr_shap_list_ir_1,lr_shap_list_ir_1_subset_16,orderStd,"['X2', 'X3', 'X1', 'X4', 'X5', 'X6']"
1658,lr_shap_list_ir_1,lr_shap_list_ir_1_subset_16,orderSum,"['X2', 'X3', 'X4', 'X6', 'X1', 'X5']"
1659,lr_shap_list_ir_4,lr_shap_list_ir_4_subset_113,orderMean,"['X4', 'X5', 'X3', 'X2', 'X1', 'X6']"
1660,lr_shap_list_ir_4,lr_shap_list_ir_4_subset_113,orderStd,"['X5', 'X3', 'X2', 'X4', 'X1', 'X6']"
1661,lr_shap_list_ir_4,lr_shap_list_ir_4_subset_113,orderSum,"['X4', 'X5', 'X3', 'X2', 'X1', 'X6']"
1662,lr_shap_list_ir_5,lr_shap_list_ir_5_subset_51,orderMean,"['X4', 'X5', 'X3', 'X2', 'X1', 'X6']"
1663,lr_shap_list_ir_5,lr_shap_list_ir_5_subset_51,orderStd,"['X5', 'X4', 'X3', 'X2', 'X1', 'X6']"
1664,lr_shap_list_ir_5,lr_shap_list_ir_5_subset_51,orderSum,"['X4', 'X5', 'X3', 'X2', 'X1', 'X6']"
1665,lr_shap_list_ir_3,lr_shap_list_ir_3_subset_28,orderMean,"['X3', 'X4', 'X5', 'X2', 'X1', 'X6']"
1666,lr_shap_list_ir_3,lr_shap_list_ir_3_subset_28,orderStd,"['X5', 'X3', 'X4', 'X2', 'X1', 'X6']"
1667,lr_shap_list_ir_3,lr_shap_list_ir_3_subset_28,orderSum,"['X3', 'X4', 'X5', 'X2', 'X1', 'X6']"
1668,lr_shap_list_ir_4,lr_shap_list_ir_4_subset_131,orderMean,"['X5', 'X4', 'X3', 'X1', 'X2', 'X6']"
1669,lr_shap_list_ir_4,lr_shap_list_ir_4_subset_131,orderStd,"['X5', 'X3', 'X4', 'X1', 'X2', 'X6']"
1670,lr_shap_list_ir_4,lr_shap_list_ir_4_subset_131,orderSum,"['X5', 'X4', 'X3', 'X1', 'X2', 'X6']"
1671,lr_shap_list_ir_3,lr_shap_list_ir_3_subset_148,orderMean,"['X4', 'X5', 'X1', 'X3', 'X2', 'X6']"
1672,lr_shap_list_ir_3,lr_shap_list_ir_3_subset_148,orderStd,"['X5', 'X1', 'X2', 'X3', 'X4', 'X6']"
1673,lr_shap_list_ir_3,lr_shap_list_ir_3_subset_148,orderSum,"['X4', 'X5', 'X1', 'X3', 'X2', 'X6']"
1674,lr_shap_list_ir_4,lr_shap_list_ir_4_subset_129,orderMean,"['X3', 'X4', 'X5', 'X2', 'X1', 'X6']"
1675,lr_shap_list_ir_4,lr_shap_list_ir_4_subset_129,orderStd,"['X3', 'X5', 'X4', 'X2', 'X1', 'X6']"
1676,lr_shap_list_ir_4,lr_shap_list_ir_4_subset_129,orderSum,"['X3', 'X4', 'X5', 'X2', 'X1', 'X6']"
1677,lr_shap_list_ir_5,lr_shap_list_ir_5_subset_59,orderMean,"['X5', 'X4', 'X3', 'X1', 'X2', 'X6']"
1678,lr_shap_list_ir_5,lr_shap_list_ir_5_subset_59,orderStd,"['X5', 'X3', 'X4', 'X2', 'X1', 'X6']"
1679,lr_shap_list_ir_5,lr_shap_list_ir_5_subset_59,orderSum,"['X5', 'X4', 'X3', 'X1', 'X2', 'X6']"
1680,lr_shap_list_ir_1,lr_shap_list_ir_1_subset_110,orderMean,"['X2', 'X4', 'X6', 'X3', 'X1', 'X5']"
1681,lr_shap_list_ir_1,lr_shap_list_ir_1_subset_110,orderStd,"['X2', 'X3', 'X4', 'X1', 'X6', 'X5']"
1682,lr_shap_list_ir_1,lr_shap_list_ir_1_subset_110,orderSum,"['X2', 'X4', 'X6', 'X3', 'X1', 'X5']"
1683,lr_shap_list_ir_5,lr_shap_list_ir_5_subset_70,orderMean,"['X4', 'X5', 'X3', 'X2', 'X1', 'X6']"
1684,lr_shap_list_ir_5,lr_shap_list_ir_5_subset_70,orderStd,"['X5', 'X3', 'X2', 'X4', 'X1', 'X6']"
1685,lr_shap_list_ir_5,lr_shap_list_ir_5_subset_70,orderSum,"['X4', 'X5', 'X3', 'X2', 'X1', 'X6']"
1686,lr_shap_list_ir_1,lr_shap_list_ir_1_subset_141,orderMean,"['X2', 'X6', 'X1', 'X4', 'X5', 'X3']"
1687,lr_shap_list_ir_1,lr_shap_list_ir_1_subset_141,orderStd,"['X2', 'X1', 'X3', 'X6', 'X5', 'X4']"
1688,lr_shap_list_ir_1,lr_shap_list_ir_1_subset_141,orderSum,"['X2', 'X6', 'X1', 'X4', 'X5', 'X3']"
1689,lr_shap_list_ir_3,lr_shap_list_ir_3_subset_59,orderMean,"['X4', 'X5', 'X2', 'X1', 'X3', 'X6']"
1690,lr_shap_list_ir_3,lr_shap_list_ir_3_subset_59,orderStd,"['X5', 'X2', 'X1', 'X4', 'X3', 'X6']"
1691,lr_shap_list_ir_3,lr_shap_list_ir_3_subset_59,orderSum,"['X4', 'X5', 'X2', 'X1', 'X3', 'X6']"
1692,lr_shap_list_ir_1,lr_shap_list_ir_1_subset_67,orderMean,"['X3', 'X4', 'X2', 'X6', 'X5', 'X1']"
1693,lr_shap_list_ir_1,lr_shap_list_ir_1_subset_67,orderStd,"['X3', 'X4', 'X2', 'X5', 'X6', 'X1']"
1694,lr_shap_list_ir_1,lr_shap_list_ir_1_subset_67,orderSum,"['X3', 'X4', 'X2', 'X6', 'X5', 'X1']"
1695,lr_shap_list_ir_3,lr_shap_list_ir_3_subset_34,orderMean,"['X3', 'X6', 'X5', 'X4', 'X1', 'X2']"
1696,lr_shap_list_ir_3,lr_shap_list_ir_3_subset_34,orderStd,"['X3', 'X5', 'X1', 'X2', 'X4', 'X6']"
1697,lr_shap_list_ir_3,lr_shap_list_ir_3_subset_34,orderSum,"['X3', 'X6', 'X5', 'X4', 'X1', 'X2']"
1698,lr_shap_list_ir_5,lr_shap_list_ir_5_subset_141,orderMean,"['X4', 'X5', 'X2', 'X3', 'X1', 'X6']"
1699,lr_shap_list_ir_5,lr_shap_list_ir_5_subset_141,orderStd,"['X2', 'X5', 'X4', 'X3', 'X1', 'X6']"
1700,lr_shap_list_ir_5,lr_shap_list_ir_5_subset_141,orderSum,"['X4', 'X5', 'X2', 'X3', 'X1', 'X6']"
1701,lr_shap_list_ir_3,lr_shap_list_ir_3_subset_111,orderMean,"['X4', 'X3', 'X2', 'X5', 'X6', 'X1']"
1702,lr_shap_list_ir_3,lr_shap_list_ir_3_subset_111,orderStd,"['X3', 'X2', 'X4', 'X5', 'X1', 'X6']"
1703,lr_shap_list_ir_3,lr_shap_list_ir_3_subset_111,orderSum,"['X4', 'X3', 'X2', 'X5', 'X6', 'X1']"
1704,lr_shap_list_ir_2,lr_shap_list_ir_2_subset_99,orderMean,"['X3', 'X4', 'X2', 'X5', 'X6', 'X1']"
1705,lr_shap_list_ir_2,lr_shap_list_ir_2_subset_99,orderStd,"['X3', 'X2', 'X4', 'X5', 'X1', 'X6']"
1706,lr_shap_list_ir_2,lr_shap_list_ir_2_subset_99,orderSum,"['X3', 'X4', 'X2', 'X5', 'X6', 'X1']"
1707,lr_shap_list_ir_4,lr_shap_list_ir_4_subset_18,orderMean,"['X4', 'X5', 'X3', 'X1', 'X2', 'X6']"
1708,lr_shap_list_ir_4,lr_shap_list_ir_4_subset_18,orderStd,"['X5', 'X1', 'X3', 'X4', 'X2', 'X6']"
1709,lr_shap_list_ir_4,lr_shap_list_ir_4_subset_18,orderSum,"['X4', 'X5', 'X3', 'X1', 'X2', 'X6']"
1710,lr_shap_list_ir_4,lr_shap_list_ir_4_subset_44,orderMean,"['X5', 'X4', 'X1', 'X2', 'X3', 'X6']"
1711,lr_shap_list_ir_4,lr_shap_list_ir_4_subset_44,orderStd,"['X5', 'X3', 'X1', 'X2', 'X4', 'X6']"
1712,lr_shap_list_ir_4,lr_shap_list_ir_4_subset_44,orderSum,"['X5', 'X4', 'X1', 'X2', 'X3', 'X6']"
1713,lr_shap_list_ir_1,lr_shap_list_ir_1_subset_51,orderMean,"['X3', 'X4', 'X2', 'X1', 'X6', 'X5']"
1714,lr_shap_list_ir_1,lr_shap_list_ir_1_subset_51,orderStd,"['X2', 'X3', 'X1', 'X4', 'X5', 'X6']"
1715,lr_shap_list_ir_1,lr_shap_list_ir_1_subset_51,orderSum,"['X3', 'X4', 'X2', 'X1', 'X6', 'X5']"
1716,lr_shap_list_ir_2,lr_shap_list_ir_2_subset_31,orderMean,"['X3', 'X2', 'X4', 'X5', 'X1', 'X6']"
1717,lr_shap_list_ir_2,lr_shap_list_ir_2_subset_31,orderStd,"['X3', 'X2', 'X5', 'X1', 'X4', 'X6']"
1718,lr_shap_list_ir_2,lr_shap_list_ir_2_subset_31,orderSum,"['X3', 'X2', 'X4', 'X5', 'X1', 'X6']"
1719,lr_shap_list_ir_3,lr_shap_list_ir_3_subset_61,orderMean,"['X4', 'X5', 'X3', 'X2', 'X1', 'X6']"
1720,lr_shap_list_ir_3,lr_shap_list_ir_3_subset_61,orderStd,"['X5', 'X3', 'X4', 'X2', 'X1', 'X6']"
1721,lr_shap_list_ir_3,lr_shap_list_ir_3_subset_61,orderSum,"['X4', 'X5', 'X3', 'X2', 'X1', 'X6']"
1722,lr_shap_list_ir_2,lr_shap_list_ir_2_subset_49,orderMean,"['X4', 'X3', 'X2', 'X5', 'X1', 'X6']"
1723,lr_shap_list_ir_2,lr_shap_list_ir_2_subset_49,orderStd,"['X3', 'X2', 'X4', 'X5', 'X1', 'X6']"
1724,lr_shap_list_ir_2,lr_shap_list_ir_2_subset_49,orderSum,"['X4', 'X3', 'X2', 'X5', 'X1', 'X6']"
1725,lr_shap_list_ir_5,lr_shap_list_ir_5_subset_60,orderMean,"['X4', 'X3', 'X5', 'X2', 'X1', 'X6']"
1726,lr_shap_list_ir_5,lr_shap_list_ir_5_subset_60,orderStd,"['X5', 'X3', 'X2', 'X4', 'X1', 'X6']"
1727,lr_shap_list_ir_5,lr_shap_list_ir_5_subset_60,orderSum,"['X4', 'X3', 'X5', 'X2', 'X1', 'X6']"
1728,lr_shap_list_ir_5,lr_shap_list_ir_5_subset_131,orderMean,"['X5', 'X4', 'X3', 'X2', 'X1', 'X6']"
1729,lr_shap_list_ir_5,lr_shap_list_ir_5_subset_131,orderStd,"['X5', 'X3', 'X2', 'X4', 'X1', 'X6']"
1730,lr_shap_list_ir_5,lr_shap_list_ir_5_subset_131,orderSum,"['X5', 'X4', 'X3', 'X2', 'X1', 'X6']"
1731,lr_shap_list_ir_4,lr_shap_list_ir_4_subset_9,orderMean,"['X5', 'X4', 'X1', 'X3', 'X2', 'X6']"
1732,lr_shap_list_ir_4,lr_shap_list_ir_4_subset_9,orderStd,"['X5', 'X1', 'X2', 'X3', 'X4', 'X6']"
1733,lr_shap_list_ir_4,lr_shap_list_ir_4_subset_9,orderSum,"['X5', 'X4', 'X1', 'X3', 'X2', 'X6']"
1734,lr_shap_list_ir_4,lr_shap_list_ir_4_subset_22,orderMean,"['X4', 'X3', 'X5', 'X2', 'X6', 'X1']"
1735,lr_shap_list_ir_4,lr_shap_list_ir_4_subset_22,orderStd,"['X3', 'X5', 'X4', 'X2', 'X1', 'X6']"
1736,lr_shap_list_ir_4,lr_shap_list_ir_4_subset_22,orderSum,"['X4', 'X3', 'X5', 'X2', 'X6', 'X1']"
1737,lr_shap_list_ir_1,lr_shap_list_ir_1_subset_128,orderMean,"['X6', 'X4', 'X2', 'X1', 'X5', 'X3']"
1738,lr_shap_list_ir_1,lr_shap_list_ir_1_subset_128,orderStd,"['X2', 'X6', 'X1', 'X5', 'X4', 'X3']"
1739,lr_shap_list_ir_1,lr_shap_list_ir_1_subset_128,orderSum,"['X6', 'X4', 'X2', 'X1', 'X5', 'X3']"
1740,lr_shap_list_ir_3,lr_shap_list_ir_3_subset_133,orderMean,"['X2', 'X4', 'X1', 'X5', 'X3', 'X6']"
1741,lr_shap_list_ir_3,lr_shap_list_ir_3_subset_133,orderStd,"['X2', 'X1', 'X5', 'X3', 'X4', 'X6']"
1742,lr_shap_list_ir_3,lr_shap_list_ir_3_subset_133,orderSum,"['X2', 'X4', 'X1', 'X5', 'X3', 'X6']"
1743,lr_shap_list_ir_1,lr_shap_list_ir_1_subset_13,orderMean,"['X1', 'X6', 'X2', 'X5', 'X3', 'X4']"
1744,lr_shap_list_ir_1,lr_shap_list_ir_1_subset_13,orderStd,"['X1', 'X2', 'X5', 'X3', 'X6', 'X4']"
1745,lr_shap_list_ir_1,lr_shap_list_ir_1_subset_13,orderSum,"['X1', 'X6', 'X2', 'X5', 'X3', 'X4']"
1746,lr_shap_list_ir_5,lr_shap_list_ir_5_subset_11,orderMean,"['X4', 'X5', 'X3', 'X2', 'X1', 'X6']"
1747,lr_shap_list_ir_5,lr_shap_list_ir_5_subset_11,orderStd,"['X5', 'X2', 'X4', 'X3', 'X1', 'X6']"
1748,lr_shap_list_ir_5,lr_shap_list_ir_5_subset_11,orderSum,"['X4', 'X5', 'X3', 'X2', 'X1', 'X6']"
1749,lr_shap_list_ir_2,lr_shap_list_ir_2_subset_145,orderMean,"['X3', 'X4', 'X2', 'X6', 'X5', 'X1']"
1750,lr_shap_list_ir_2,lr_shap_list_ir_2_subset_145,orderStd,"['X3', 'X2', 'X4', 'X5', 'X1', 'X6']"
1751,lr_shap_list_ir_2,lr_shap_list_ir_2_subset_145,orderSum,"['X3', 'X4', 'X2', 'X6', 'X5', 'X1']"
1752,lr_shap_list_ir_4,lr_shap_list_ir_4_subset_103,orderMean,"['X5', 'X1', 'X4', 'X3', 'X2', 'X6']"
1753,lr_shap_list_ir_4,lr_shap_list_ir_4_subset_103,orderStd,"['X5', 'X2', 'X3', 'X1', 'X4', 'X6']"
1754,lr_shap_list_ir_4,lr_shap_list_ir_4_subset_103,orderSum,"['X5', 'X1', 'X4', 'X3', 'X2', 'X6']"
1755,lr_shap_list_ir_1,lr_shap_list_ir_1_subset_45,orderMean,"['X3', 'X4', 'X5', 'X1', 'X6', 'X2']"
1756,lr_shap_list_ir_1,lr_shap_list_ir_1_subset_45,orderStd,"['X3', 'X1', 'X5', 'X4', 'X2', 'X6']"
1757,lr_shap_list_ir_1,lr_shap_list_ir_1_subset_45,orderSum,"['X3', 'X4', 'X5', 'X1', 'X6', 'X2']"
1758,lr_shap_list_ir_1,lr_shap_list_ir_1_subset_121,orderMean,"['X1', 'X2', 'X3', 'X5', 'X6', 'X4']"
1759,lr_shap_list_ir_1,lr_shap_list_ir_1_subset_121,orderStd,"['X1', 'X2', 'X3', 'X5', 'X6', 'X4']"
1760,lr_shap_list_ir_1,lr_shap_list_ir_1_subset_121,orderSum,"['X1', 'X2', 'X3', 'X5', 'X6', 'X4']"
1761,lr_shap_list_ir_3,lr_shap_list_ir_3_subset_91,orderMean,"['X4', 'X5', 'X3', 'X1', 'X2', 'X6']"
1762,lr_shap_list_ir_3,lr_shap_list_ir_3_subset_91,orderStd,"['X3', 'X5', 'X2', 'X4', 'X1', 'X6']"
1763,lr_shap_list_ir_3,lr_shap_list_ir_3_subset_91,orderSum,"['X4', 'X5', 'X3', 'X1', 'X2', 'X6']"
1764,lr_shap_list_ir_3,lr_shap_list_ir_3_subset_106,orderMean,"['X3', 'X5', 'X4', 'X2', 'X1', 'X6']"
1765,lr_shap_list_ir_3,lr_shap_list_ir_3_subset_106,orderStd,"['X3', 'X5', 'X2', 'X1', 'X4', 'X6']"
1766,lr_shap_list_ir_3,lr_shap_list_ir_3_subset_106,orderSum,"['X3', 'X5', 'X4', 'X2', 'X1', 'X6']"
1767,lr_shap_list_ir_3,lr_shap_list_ir_3_subset_75,orderMean,"['X4', 'X5', 'X3', 'X1', 'X2', 'X6']"
1768,lr_shap_list_ir_3,lr_shap_list_ir_3_subset_75,orderStd,"['X5', 'X3', 'X4', 'X1', 'X2', 'X6']"
1769,lr_shap_list_ir_3,lr_shap_list_ir_3_subset_75,orderSum,"['X4', 'X5', 'X3', 'X1', 'X2', 'X6']"
1770,lr_shap_list_ir_3,lr_shap_list_ir_3_subset_123,orderMean,"['X3', 'X4', 'X5', 'X1', 'X2', 'X6']"
1771,lr_shap_list_ir_3,lr_shap_list_ir_3_subset_123,orderStd,"['X3', 'X5', 'X2', 'X1', 'X4', 'X6']"
1772,lr_shap_list_ir_3,lr_shap_list_ir_3_subset_123,orderSum,"['X3', 'X4', 'X5', 'X1', 'X2', 'X6']"
1773,lr_shap_list_ir_3,lr_shap_list_ir_3_subset_4,orderMean,"['X2', 'X3', 'X4', 'X5', 'X1', 'X6']"
1774,lr_shap_list_ir_3,lr_shap_list_ir_3_subset_4,orderStd,"['X3', 'X2', 'X5', 'X1', 'X4', 'X6']"
1775,lr_shap_list_ir_3,lr_shap_list_ir_3_subset_4,orderSum,"['X2', 'X3', 'X4', 'X5', 'X1', 'X6']"
1776,lr_shap_list_ir_4,lr_shap_list_ir_4_subset_121,orderMean,"['X4', 'X5', 'X3', 'X2', 'X1', 'X6']"
1777,lr_shap_list_ir_4,lr_shap_list_ir_4_subset_121,orderStd,"['X3', 'X5', 'X4', 'X2', 'X1', 'X6']"
1778,lr_shap_list_ir_4,lr_shap_list_ir_4_subset_121,orderSum,"['X4', 'X5', 'X3', 'X2', 'X1', 'X6']"
1779,lr_shap_list_ir_2,lr_shap_list_ir_2_subset_95,orderMean,"['X4', 'X5', 'X3', 'X6', 'X2', 'X1']"
1780,lr_shap_list_ir_2,lr_shap_list_ir_2_subset_95,orderStd,"['X5', 'X4', 'X3', 'X2', 'X1', 'X6']"
1781,lr_shap_list_ir_2,lr_shap_list_ir_2_subset_95,orderSum,"['X4', 'X5', 'X3', 'X6', 'X2', 'X1']"
1782,lr_shap_list_ir_5,lr_shap_list_ir_5_subset_26,orderMean,"['X5', 'X4', 'X2', 'X1', 'X3', 'X6']"
1783,lr_shap_list_ir_5,lr_shap_list_ir_5_subset_26,orderStd,"['X5', 'X2', 'X1', 'X3', 'X4', 'X6']"
1784,lr_shap_list_ir_5,lr_shap_list_ir_5_subset_26,orderSum,"['X5', 'X4', 'X2', 'X1', 'X3', 'X6']"
1785,lr_shap_list_ir_2,lr_shap_list_ir_2_subset_138,orderMean,"['X4', 'X5', 'X3', 'X1', 'X2', 'X6']"
1786,lr_shap_list_ir_2,lr_shap_list_ir_2_subset_138,orderStd,"['X3', 'X5', 'X1', 'X4', 'X2', 'X6']"
1787,lr_shap_list_ir_2,lr_shap_list_ir_2_subset_138,orderSum,"['X4', 'X5', 'X3', 'X1', 'X2', 'X6']"
1788,lr_shap_list_ir_1,lr_shap_list_ir_1_subset_7,orderMean,"['X4', 'X3', 'X6', 'X5', 'X1', 'X2']"
1789,lr_shap_list_ir_1,lr_shap_list_ir_1_subset_7,orderStd,"['X3', 'X5', 'X4', 'X1', 'X2', 'X6']"
1790,lr_shap_list_ir_1,lr_shap_list_ir_1_subset_7,orderSum,"['X4', 'X3', 'X6', 'X5', 'X1', 'X2']"
1791,lr_shap_list_ir_5,lr_shap_list_ir_5_subset_2,orderMean,"['X4', 'X5', 'X3', 'X2', 'X1', 'X6']"
1792,lr_shap_list_ir_5,lr_shap_list_ir_5_subset_2,orderStd,"['X5', 'X3', 'X2', 'X4', 'X1', 'X6']"
1793,lr_shap_list_ir_5,lr_shap_list_ir_5_subset_2,orderSum,"['X4', 'X5', 'X3', 'X2', 'X1', 'X6']"
1794,lr_shap_list_ir_2,lr_shap_list_ir_2_subset_113,orderMean,"['X4', 'X5', 'X6', 'X3', 'X2', 'X1']"
1795,lr_shap_list_ir_2,lr_shap_list_ir_2_subset_113,orderStd,"['X5', 'X4', 'X3', 'X2', 'X6', 'X1']"
1796,lr_shap_list_ir_2,lr_shap_list_ir_2_subset_113,orderSum,"['X4', 'X5', 'X6', 'X3', 'X2', 'X1']"
1797,lr_shap_list_ir_2,lr_shap_list_ir_2_subset_77,orderMean,"['X6', 'X1', 'X2', 'X4', 'X3', 'X5']"
1798,lr_shap_list_ir_2,lr_shap_list_ir_2_subset_77,orderStd,"['X2', 'X1', 'X5', 'X3', 'X6', 'X4']"
1799,lr_shap_list_ir_2,lr_shap_list_ir_2_subset_77,orderSum,"['X6', 'X1', 'X2', 'X4', 'X3', 'X5']"
1800,lr_shap_list_ir_1,lr_shap_list_ir_1_subset_72,orderMean,"['X2', 'X3', 'X4', 'X6', 'X5', 'X1']"
1801,lr_shap_list_ir_1,lr_shap_list_ir_1_subset_72,orderStd,"['X3', 'X2', 'X5', 'X4', 'X6', 'X1']"
1802,lr_shap_list_ir_1,lr_shap_list_ir_1_subset_72,orderSum,"['X2', 'X3', 'X4', 'X6', 'X5', 'X1']"
1803,lr_shap_list_ir_4,lr_shap_list_ir_4_subset_10,orderMean,"['X4', 'X3', 'X5', 'X2', 'X1', 'X6']"
1804,lr_shap_list_ir_4,lr_shap_list_ir_4_subset_10,orderStd,"['X5', 'X4', 'X2', 'X3', 'X1', 'X6']"
1805,lr_shap_list_ir_4,lr_shap_list_ir_4_subset_10,orderSum,"['X4', 'X3', 'X5', 'X2', 'X1', 'X6']"
1806,lr_shap_list_ir_4,lr_shap_list_ir_4_subset_63,orderMean,"['X5', 'X4', 'X3', 'X2', 'X1', 'X6']"
1807,lr_shap_list_ir_4,lr_shap_list_ir_4_subset_63,orderStd,"['X5', 'X3', 'X2', 'X4', 'X1', 'X6']"
1808,lr_shap_list_ir_4,lr_shap_list_ir_4_subset_63,orderSum,"['X5', 'X4', 'X3', 'X2', 'X1', 'X6']"
1809,lr_shap_list_ir_3,lr_shap_list_ir_3_subset_68,orderMean,"['X2', 'X4', 'X3', 'X6', 'X1', 'X5']"
1810,lr_shap_list_ir_3,lr_shap_list_ir_3_subset_68,orderStd,"['X2', 'X3', 'X4', 'X5', 'X1', 'X6']"
1811,lr_shap_list_ir_3,lr_shap_list_ir_3_subset_68,orderSum,"['X2', 'X4', 'X3', 'X6', 'X1', 'X5']"
1812,lr_shap_list_ir_4,lr_shap_list_ir_4_subset_77,orderMean,"['X4', 'X5', 'X1', 'X3', 'X2', 'X6']"
1813,lr_shap_list_ir_4,lr_shap_list_ir_4_subset_77,orderStd,"['X5', 'X4', 'X3', 'X1', 'X2', 'X6']"
1814,lr_shap_list_ir_4,lr_shap_list_ir_4_subset_77,orderSum,"['X4', 'X5', 'X1', 'X3', 'X2', 'X6']"
1815,lr_shap_list_ir_1,lr_shap_list_ir_1_subset_62,orderMean,"['X3', 'X2', 'X4', 'X1', 'X5', 'X6']"
1816,lr_shap_list_ir_1,lr_shap_list_ir_1_subset_62,orderStd,"['X3', 'X2', 'X1', 'X4', 'X5', 'X6']"
1817,lr_shap_list_ir_1,lr_shap_list_ir_1_subset_62,orderSum,"['X3', 'X2', 'X4', 'X1', 'X5', 'X6']"
1818,lr_shap_list_ir_4,lr_shap_list_ir_4_subset_62,orderMean,"['X5', 'X4', 'X3', 'X1', 'X2', 'X6']"
1819,lr_shap_list_ir_4,lr_shap_list_ir_4_subset_62,orderStd,"['X5', 'X3', 'X4', 'X1', 'X2', 'X6']"
1820,lr_shap_list_ir_4,lr_shap_list_ir_4_subset_62,orderSum,"['X5', 'X4', 'X3', 'X1', 'X2', 'X6']"
1821,lr_shap_list_ir_2,lr_shap_list_ir_2_subset_15,orderMean,"['X2', 'X5', 'X4', 'X1', 'X3', 'X6']"
1822,lr_shap_list_ir_2,lr_shap_list_ir_2_subset_15,orderStd,"['X2', 'X5', 'X1', 'X3', 'X4', 'X6']"
1823,lr_shap_list_ir_2,lr_shap_list_ir_2_subset_15,orderSum,"['X2', 'X5', 'X4', 'X1', 'X3', 'X6']"
1824,lr_shap_list_ir_2,lr_shap_list_ir_2_subset_107,orderMean,"['X1', 'X6', 'X4', 'X5', 'X2', 'X3']"
1825,lr_shap_list_ir_2,lr_shap_list_ir_2_subset_107,orderStd,"['X5', 'X1', 'X4', 'X2', 'X3', 'X6']"
1826,lr_shap_list_ir_2,lr_shap_list_ir_2_subset_107,orderSum,"['X1', 'X6', 'X4', 'X5', 'X2', 'X3']"
1827,lr_shap_list_ir_2,lr_shap_list_ir_2_subset_68,orderMean,"['X3', 'X4', 'X2', 'X5', 'X6', 'X1']"
1828,lr_shap_list_ir_2,lr_shap_list_ir_2_subset_68,orderStd,"['X3', 'X5', 'X2', 'X1', 'X4', 'X6']"
1829,lr_shap_list_ir_2,lr_shap_list_ir_2_subset_68,orderSum,"['X3', 'X4', 'X2', 'X5', 'X6', 'X1']"
1830,lr_shap_list_ir_3,lr_shap_list_ir_3_subset_129,orderMean,"['X4', 'X5', 'X1', 'X2', 'X3', 'X6']"
1831,lr_shap_list_ir_3,lr_shap_list_ir_3_subset_129,orderStd,"['X5', 'X2', 'X1', 'X4', 'X3', 'X6']"
1832,lr_shap_list_ir_3,lr_shap_list_ir_3_subset_129,orderSum,"['X4', 'X5', 'X1', 'X2', 'X3', 'X6']"
1833,lr_shap_list_ir_2,lr_shap_list_ir_2_subset_12,orderMean,"['X4', 'X3', 'X5', 'X6', 'X2', 'X1']"
1834,lr_shap_list_ir_2,lr_shap_list_ir_2_subset_12,orderStd,"['X3', 'X4', 'X5', 'X2', 'X1', 'X6']"
1835,lr_shap_list_ir_2,lr_shap_list_ir_2_subset_12,orderSum,"['X4', 'X3', 'X5', 'X6', 'X2', 'X1']"
1836,lr_shap_list_ir_3,lr_shap_list_ir_3_subset_121,orderMean,"['X5', 'X4', 'X1', 'X3', 'X2', 'X6']"
1837,lr_shap_list_ir_3,lr_shap_list_ir_3_subset_121,orderStd,"['X5', 'X1', 'X3', 'X2', 'X4', 'X6']"
1838,lr_shap_list_ir_3,lr_shap_list_ir_3_subset_121,orderSum,"['X5', 'X4', 'X1', 'X3', 'X2', 'X6']"
1839,lr_shap_list_ir_3,lr_shap_list_ir_3_subset_96,orderMean,"['X1', 'X5', 'X3', 'X2', 'X6', 'X4']"
1840,lr_shap_list_ir_3,lr_shap_list_ir_3_subset_96,orderStd,"['X3', 'X1', 'X5', 'X2', 'X4', 'X6']"
1841,lr_shap_list_ir_3,lr_shap_list_ir_3_subset_96,orderSum,"['X1', 'X5', 'X3', 'X2', 'X6', 'X4']"
1842,lr_shap_list_ir_1,lr_shap_list_ir_1_subset_126,orderMean,"['X4', 'X2', 'X3', 'X5', 'X6', 'X1']"
1843,lr_shap_list_ir_1,lr_shap_list_ir_1_subset_126,orderStd,"['X3', 'X2', 'X4', 'X5', 'X1', 'X6']"
1844,lr_shap_list_ir_1,lr_shap_list_ir_1_subset_126,orderSum,"['X4', 'X2', 'X3', 'X5', 'X6', 'X1']"
1845,lr_shap_list_ir_2,lr_shap_list_ir_2_subset_45,orderMean,"['X3', 'X4', 'X1', 'X5', 'X2', 'X6']"
1846,lr_shap_list_ir_2,lr_shap_list_ir_2_subset_45,orderStd,"['X3', 'X1', 'X5', 'X2', 'X4', 'X6']"
1847,lr_shap_list_ir_2,lr_shap_list_ir_2_subset_45,orderSum,"['X3', 'X4', 'X1', 'X5', 'X2', 'X6']"
1848,lr_shap_list_ir_3,lr_shap_list_ir_3_subset_105,orderMean,"['X6', 'X4', 'X2', 'X3', 'X5', 'X1']"
1849,lr_shap_list_ir_3,lr_shap_list_ir_3_subset_105,orderStd,"['X2', 'X3', 'X5', 'X4', 'X1', 'X6']"
1850,lr_shap_list_ir_3,lr_shap_list_ir_3_subset_105,orderSum,"['X6', 'X4', 'X2', 'X3', 'X5', 'X1']"
1851,lr_shap_list_ir_2,lr_shap_list_ir_2_subset_87,orderMean,"['X4', 'X2', 'X5', 'X6', 'X3', 'X1']"
1852,lr_shap_list_ir_2,lr_shap_list_ir_2_subset_87,orderStd,"['X2', 'X5', 'X4', 'X3', 'X1', 'X6']"
1853,lr_shap_list_ir_2,lr_shap_list_ir_2_subset_87,orderSum,"['X4', 'X2', 'X5', 'X6', 'X3', 'X1']"
1854,lr_shap_list_ir_5,lr_shap_list_ir_5_subset_48,orderMean,"['X4', 'X5', 'X3', 'X2', 'X1', 'X6']"
1855,lr_shap_list_ir_5,lr_shap_list_ir_5_subset_48,orderStd,"['X3', 'X5', 'X2', 'X4', 'X1', 'X6']"
1856,lr_shap_list_ir_5,lr_shap_list_ir_5_subset_48,orderSum,"['X4', 'X5', 'X3', 'X2', 'X1', 'X6']"
1857,lr_shap_list_ir_1,lr_shap_list_ir_1_subset_78,orderMean,"['X3', 'X4', 'X2', 'X5', 'X6', 'X1']"
1858,lr_shap_list_ir_1,lr_shap_list_ir_1_subset_78,orderStd,"['X3', 'X2', 'X5', 'X1', 'X4', 'X6']"
1859,lr_shap_list_ir_1,lr_shap_list_ir_1_subset_78,orderSum,"['X3', 'X4', 'X2', 'X5', 'X6', 'X1']"
1860,lr_shap_list_ir_2,lr_shap_list_ir_2_subset_66,orderMean,"['X5', 'X4', 'X3', 'X1', 'X6', 'X2']"
1861,lr_shap_list_ir_2,lr_shap_list_ir_2_subset_66,orderStd,"['X5', 'X1', 'X3', 'X4', 'X6', 'X2']"
1862,lr_shap_list_ir_2,lr_shap_list_ir_2_subset_66,orderSum,"['X5', 'X4', 'X3', 'X1', 'X6', 'X2']"
1863,lr_shap_list_ir_2,lr_shap_list_ir_2_subset_29,orderMean,"['X4', 'X5', 'X3', 'X1', 'X2', 'X6']"
1864,lr_shap_list_ir_2,lr_shap_list_ir_2_subset_29,orderStd,"['X5', 'X4', 'X3', 'X1', 'X2', 'X6']"
1865,lr_shap_list_ir_2,lr_shap_list_ir_2_subset_29,orderSum,"['X4', 'X5', 'X3', 'X1', 'X2', 'X6']"
1866,lr_shap_list_ir_5,lr_shap_list_ir_5_subset_137,orderMean,"['X5', 'X4', 'X3', 'X2', 'X1', 'X6']"
1867,lr_shap_list_ir_5,lr_shap_list_ir_5_subset_137,orderStd,"['X3', 'X5', 'X2', 'X4', 'X1', 'X6']"
1868,lr_shap_list_ir_5,lr_shap_list_ir_5_subset_137,orderSum,"['X5', 'X4', 'X3', 'X2', 'X1', 'X6']"
1869,lr_shap_list_ir_2,lr_shap_list_ir_2_subset_59,orderMean,"['X2', 'X3', 'X1', 'X6', 'X4', 'X5']"
1870,lr_shap_list_ir_2,lr_shap_list_ir_2_subset_59,orderStd,"['X2', 'X3', 'X1', 'X5', 'X4', 'X6']"
1871,lr_shap_list_ir_2,lr_shap_list_ir_2_subset_59,orderSum,"['X2', 'X3', 'X1', 'X6', 'X4', 'X5']"
1872,lr_shap_list_ir_3,lr_shap_list_ir_3_subset_110,orderMean,"['X3', 'X6', 'X5', 'X4', 'X1', 'X2']"
1873,lr_shap_list_ir_3,lr_shap_list_ir_3_subset_110,orderStd,"['X3', 'X5', 'X1', 'X2', 'X4', 'X6']"
1874,lr_shap_list_ir_3,lr_shap_list_ir_3_subset_110,orderSum,"['X3', 'X6', 'X5', 'X4', 'X1', 'X2']"
1875,lr_shap_list_ir_1,lr_shap_list_ir_1_subset_131,orderMean,"['X2', 'X6', 'X4', 'X1', 'X3', 'X5']"
1876,lr_shap_list_ir_1,lr_shap_list_ir_1_subset_131,orderStd,"['X2', 'X1', 'X3', 'X4', 'X6', 'X5']"
1877,lr_shap_list_ir_1,lr_shap_list_ir_1_subset_131,orderSum,"['X2', 'X6', 'X4', 'X1', 'X3', 'X5']"
1878,lr_shap_list_ir_3,lr_shap_list_ir_3_subset_107,orderMean,"['X4', 'X3', 'X5', 'X2', 'X6', 'X1']"
1879,lr_shap_list_ir_3,lr_shap_list_ir_3_subset_107,orderStd,"['X3', 'X5', 'X2', 'X4', 'X1', 'X6']"
1880,lr_shap_list_ir_3,lr_shap_list_ir_3_subset_107,orderSum,"['X4', 'X3', 'X5', 'X2', 'X6', 'X1']"
1881,lr_shap_list_ir_1,lr_shap_list_ir_1_subset_71,orderMean,"['X6', 'X4', 'X2', 'X1', 'X5', 'X3']"
1882,lr_shap_list_ir_1,lr_shap_list_ir_1_subset_71,orderStd,"['X2', 'X1', 'X4', 'X6', 'X5', 'X3']"
1883,lr_shap_list_ir_1,lr_shap_list_ir_1_subset_71,orderSum,"['X6', 'X4', 'X2', 'X1', 'X5', 'X3']"
1884,lr_shap_list_ir_2,lr_shap_list_ir_2_subset_96,orderMean,"['X4', 'X5', 'X6', 'X2', 'X3', 'X1']"
1885,lr_shap_list_ir_2,lr_shap_list_ir_2_subset_96,orderStd,"['X5', 'X4', 'X3', 'X2', 'X1', 'X6']"
1886,lr_shap_list_ir_2,lr_shap_list_ir_2_subset_96,orderSum,"['X4', 'X5', 'X6', 'X2', 'X3', 'X1']"
1887,lr_shap_list_ir_2,lr_shap_list_ir_2_subset_55,orderMean,"['X3', 'X6', 'X5', 'X4', 'X1', 'X2']"
1888,lr_shap_list_ir_2,lr_shap_list_ir_2_subset_55,orderStd,"['X3', 'X5', 'X1', 'X4', 'X6', 'X2']"
1889,lr_shap_list_ir_2,lr_shap_list_ir_2_subset_55,orderSum,"['X3', 'X6', 'X5', 'X4', 'X1', 'X2']"
1890,lr_shap_list_ir_5,lr_shap_list_ir_5_subset_64,orderMean,"['X5', 'X4', 'X3', 'X1', 'X2', 'X6']"
1891,lr_shap_list_ir_5,lr_shap_list_ir_5_subset_64,orderStd,"['X5', 'X3', 'X1', 'X2', 'X4', 'X6']"
1892,lr_shap_list_ir_5,lr_shap_list_ir_5_subset_64,orderSum,"['X5', 'X4', 'X3', 'X1', 'X2', 'X6']"
1893,lr_shap_list_ir_3,lr_shap_list_ir_3_subset_115,orderMean,"['X3', 'X2', 'X4', 'X6', 'X5', 'X1']"
1894,lr_shap_list_ir_3,lr_shap_list_ir_3_subset_115,orderStd,"['X3', 'X2', 'X4', 'X5', 'X1', 'X6']"
1895,lr_shap_list_ir_3,lr_shap_list_ir_3_subset_115,orderSum,"['X3', 'X2', 'X4', 'X6', 'X5', 'X1']"
1896,lr_shap_list_ir_1,lr_shap_list_ir_1_subset_120,orderMean,"['X6', 'X2', 'X4', 'X1', 'X5', 'X3']"
1897,lr_shap_list_ir_1,lr_shap_list_ir_1_subset_120,orderStd,"['X2', 'X6', 'X4', 'X1', 'X5', 'X3']"
1898,lr_shap_list_ir_1,lr_shap_list_ir_1_subset_120,orderSum,"['X6', 'X2', 'X4', 'X1', 'X5', 'X3']"
1899,lr_shap_list_ir_1,lr_shap_list_ir_1_subset_90,orderMean,"['X4', 'X2', 'X3', 'X6', 'X5', 'X1']"
1900,lr_shap_list_ir_1,lr_shap_list_ir_1_subset_90,orderStd,"['X2', 'X3', 'X4', 'X5', 'X1', 'X6']"
1901,lr_shap_list_ir_1,lr_shap_list_ir_1_subset_90,orderSum,"['X4', 'X2', 'X3', 'X6', 'X5', 'X1']"
1902,lr_shap_list_ir_5,lr_shap_list_ir_5_subset_144,orderMean,"['X4', 'X5', 'X2', 'X3', 'X1', 'X6']"
1903,lr_shap_list_ir_5,lr_shap_list_ir_5_subset_144,orderStd,"['X5', 'X2', 'X3', 'X4', 'X1', 'X6']"
1904,lr_shap_list_ir_5,lr_shap_list_ir_5_subset_144,orderSum,"['X4', 'X5', 'X2', 'X3', 'X1', 'X6']"
1905,lr_shap_list_ir_4,lr_shap_list_ir_4_subset_57,orderMean,"['X4', 'X5', 'X3', 'X2', 'X1', 'X6']"
1906,lr_shap_list_ir_4,lr_shap_list_ir_4_subset_57,orderStd,"['X3', 'X5', 'X2', 'X4', 'X1', 'X6']"
1907,lr_shap_list_ir_4,lr_shap_list_ir_4_subset_57,orderSum,"['X4', 'X5', 'X3', 'X2', 'X1', 'X6']"
1908,lr_shap_list_ir_2,lr_shap_list_ir_2_subset_60,orderMean,"['X2', 'X4', 'X6', 'X1', 'X3', 'X5']"
1909,lr_shap_list_ir_2,lr_shap_list_ir_2_subset_60,orderStd,"['X2', 'X1', 'X3', 'X5', 'X4', 'X6']"
1910,lr_shap_list_ir_2,lr_shap_list_ir_2_subset_60,orderSum,"['X2', 'X4', 'X6', 'X1', 'X3', 'X5']"
1911,lr_shap_list_ir_5,lr_shap_list_ir_5_subset_121,orderMean,"['X5', 'X4', 'X3', 'X2', 'X1', 'X6']"
1912,lr_shap_list_ir_5,lr_shap_list_ir_5_subset_121,orderStd,"['X5', 'X3', 'X4', 'X2', 'X1', 'X6']"
1913,lr_shap_list_ir_5,lr_shap_list_ir_5_subset_121,orderSum,"['X5', 'X4', 'X3', 'X2', 'X1', 'X6']"
1914,lr_shap_list_ir_5,lr_shap_list_ir_5_subset_36,orderMean,"['X4', 'X3', 'X5', 'X2', 'X1', 'X6']"
1915,lr_shap_list_ir_5,lr_shap_list_ir_5_subset_36,orderStd,"['X3', 'X5', 'X4', 'X2', 'X1', 'X6']"
1916,lr_shap_list_ir_5,lr_shap_list_ir_5_subset_36,orderSum,"['X4', 'X3', 'X5', 'X2', 'X1', 'X6']"
1917,lr_shap_list_ir_2,lr_shap_list_ir_2_subset_52,orderMean,"['X4', 'X6', 'X5', 'X1', 'X2', 'X3']"
1918,lr_shap_list_ir_2,lr_shap_list_ir_2_subset_52,orderStd,"['X5', 'X1', 'X4', 'X2', 'X3', 'X6']"
1919,lr_shap_list_ir_2,lr_shap_list_ir_2_subset_52,orderSum,"['X4', 'X6', 'X5', 'X1', 'X2', 'X3']"
1920,lr_shap_list_ir_5,lr_shap_list_ir_5_subset_15,orderMean,"['X5', 'X4', 'X3', 'X2', 'X1', 'X6']"
1921,lr_shap_list_ir_5,lr_shap_list_ir_5_subset_15,orderStd,"['X5', 'X3', 'X4', 'X2', 'X1', 'X6']"
1922,lr_shap_list_ir_5,lr_shap_list_ir_5_subset_15,orderSum,"['X5', 'X4', 'X3', 'X2', 'X1', 'X6']"
1923,lr_shap_list_ir_2,lr_shap_list_ir_2_subset_85,orderMean,"['X4', 'X5', 'X6', 'X1', 'X2', 'X3']"
1924,lr_shap_list_ir_2,lr_shap_list_ir_2_subset_85,orderStd,"['X5', 'X4', 'X1', 'X2', 'X3', 'X6']"
1925,lr_shap_list_ir_2,lr_shap_list_ir_2_subset_85,orderSum,"['X4', 'X5', 'X6', 'X1', 'X2', 'X3']"
1926,lr_shap_list_ir_4,lr_shap_list_ir_4_subset_40,orderMean,"['X4', 'X3', 'X5', 'X2', 'X1', 'X6']"
1927,lr_shap_list_ir_4,lr_shap_list_ir_4_subset_40,orderStd,"['X3', 'X4', 'X2', 'X5', 'X1', 'X6']"
1928,lr_shap_list_ir_4,lr_shap_list_ir_4_subset_40,orderSum,"['X4', 'X3', 'X5', 'X2', 'X1', 'X6']"
1929,lr_shap_list_ir_5,lr_shap_list_ir_5_subset_116,orderMean,"['X5', 'X4', 'X2', 'X3', 'X1', 'X6']"
1930,lr_shap_list_ir_5,lr_shap_list_ir_5_subset_116,orderStd,"['X5', 'X3', 'X4', 'X2', 'X1', 'X6']"
1931,lr_shap_list_ir_5,lr_shap_list_ir_5_subset_116,orderSum,"['X5', 'X4', 'X2', 'X3', 'X1', 'X6']"
1932,lr_shap_list_ir_4,lr_shap_list_ir_4_subset_118,orderMean,"['X4', 'X2', 'X3', 'X5', 'X1', 'X6']"
1933,lr_shap_list_ir_4,lr_shap_list_ir_4_subset_118,orderStd,"['X2', 'X5', 'X3', 'X1', 'X4', 'X6']"
1934,lr_shap_list_ir_4,lr_shap_list_ir_4_subset_118,orderSum,"['X4', 'X2', 'X3', 'X5', 'X1', 'X6']"
1935,lr_shap_list_ir_4,lr_shap_list_ir_4_subset_136,orderMean,"['X4', 'X3', 'X5', 'X2', 'X1', 'X6']"
1936,lr_shap_list_ir_4,lr_shap_list_ir_4_subset_136,orderStd,"['X3', 'X5', 'X2', 'X4', 'X1', 'X6']"
1937,lr_shap_list_ir_4,lr_shap_list_ir_4_subset_136,orderSum,"['X4', 'X3', 'X5', 'X2', 'X1', 'X6']"
1938,lr_shap_list_ir_2,lr_shap_list_ir_2_subset_44,orderMean,"['X3', 'X4', 'X2', 'X6', 'X5', 'X1']"
1939,lr_shap_list_ir_2,lr_shap_list_ir_2_subset_44,orderStd,"['X3', 'X2', 'X5', 'X4', 'X1', 'X6']"
1940,lr_shap_list_ir_2,lr_shap_list_ir_2_subset_44,orderSum,"['X3', 'X4', 'X2', 'X6', 'X5', 'X1']"
1941,lr_shap_list_ir_5,lr_shap_list_ir_5_subset_14,orderMean,"['X4', 'X5', 'X3', 'X2', 'X1', 'X6']"
1942,lr_shap_list_ir_5,lr_shap_list_ir_5_subset_14,orderStd,"['X3', 'X5', 'X2', 'X4', 'X1', 'X6']"
1943,lr_shap_list_ir_5,lr_shap_list_ir_5_subset_14,orderSum,"['X4', 'X5', 'X3', 'X2', 'X1', 'X6']"
1944,lr_shap_list_ir_5,lr_shap_list_ir_5_subset_102,orderMean,"['X5', 'X2', 'X4', 'X1', 'X3', 'X6']"
1945,lr_shap_list_ir_5,lr_shap_list_ir_5_subset_102,orderStd,"['X5', 'X2', 'X3', 'X1', 'X4', 'X6']"
1946,lr_shap_list_ir_5,lr_shap_list_ir_5_subset_102,orderSum,"['X5', 'X2', 'X4', 'X1', 'X3', 'X6']"
1947,lr_shap_list_ir_2,lr_shap_list_ir_2_subset_122,orderMean,"['X3', 'X4', 'X6', 'X5', 'X2', 'X1']"
1948,lr_shap_list_ir_2,lr_shap_list_ir_2_subset_122,orderStd,"['X3', 'X5', 'X4', 'X2', 'X1', 'X6']"
1949,lr_shap_list_ir_2,lr_shap_list_ir_2_subset_122,orderSum,"['X3', 'X4', 'X6', 'X5', 'X2', 'X1']"
1950,lr_shap_list_ir_2,lr_shap_list_ir_2_subset_76,orderMean,"['X2', 'X4', 'X3', 'X6', 'X5', 'X1']"
1951,lr_shap_list_ir_2,lr_shap_list_ir_2_subset_76,orderStd,"['X2', 'X3', 'X4', 'X5', 'X1', 'X6']"
1952,lr_shap_list_ir_2,lr_shap_list_ir_2_subset_76,orderSum,"['X2', 'X4', 'X3', 'X6', 'X5', 'X1']"
1953,lr_shap_list_ir_1,lr_shap_list_ir_1_subset_35,orderMean,"['X4', 'X2', 'X6', 'X5', 'X3', 'X1']"
1954,lr_shap_list_ir_1,lr_shap_list_ir_1_subset_35,orderStd,"['X2', 'X3', 'X4', 'X5', 'X1', 'X6']"
1955,lr_shap_list_ir_1,lr_shap_list_ir_1_subset_35,orderSum,"['X4', 'X2', 'X6', 'X5', 'X3', 'X1']"
1956,lr_shap_list_ir_2,lr_shap_list_ir_2_subset_24,orderMean,"['X2', 'X3', 'X4', 'X1', 'X5', 'X6']"
1957,lr_shap_list_ir_2,lr_shap_list_ir_2_subset_24,orderStd,"['X3', 'X2', 'X1', 'X4', 'X5', 'X6']"
1958,lr_shap_list_ir_2,lr_shap_list_ir_2_subset_24,orderSum,"['X2', 'X3', 'X4', 'X1', 'X5', 'X6']"
1959,lr_shap_list_ir_1,lr_shap_list_ir_1_subset_43,orderMean,"['X2', 'X1', 'X6', 'X4', 'X5', 'X3']"
1960,lr_shap_list_ir_1,lr_shap_list_ir_1_subset_43,orderStd,"['X2', 'X1', 'X5', 'X6', 'X4', 'X3']"
1961,lr_shap_list_ir_1,lr_shap_list_ir_1_subset_43,orderSum,"['X2', 'X1', 'X6', 'X4', 'X5', 'X3']"
1962,lr_shap_list_ir_5,lr_shap_list_ir_5_subset_49,orderMean,"['X4', 'X5', 'X2', 'X3', 'X1', 'X6']"
1963,lr_shap_list_ir_5,lr_shap_list_ir_5_subset_49,orderStd,"['X5', 'X3', 'X2', 'X4', 'X1', 'X6']"
1964,lr_shap_list_ir_5,lr_shap_list_ir_5_subset_49,orderSum,"['X4', 'X5', 'X2', 'X3', 'X1', 'X6']"
1965,lr_shap_list_ir_1,lr_shap_list_ir_1_subset_54,orderMean,"['X2', 'X3', 'X6', 'X4', 'X5', 'X1']"
1966,lr_shap_list_ir_1,lr_shap_list_ir_1_subset_54,orderStd,"['X2', 'X3', 'X5', 'X6', 'X4', 'X1']"
1967,lr_shap_list_ir_1,lr_shap_list_ir_1_subset_54,orderSum,"['X2', 'X3', 'X6', 'X4', 'X5', 'X1']"
1968,lr_shap_list_ir_3,lr_shap_list_ir_3_subset_94,orderMean,"['X3', 'X4', 'X5', 'X2', 'X6', 'X1']"
1969,lr_shap_list_ir_3,lr_shap_list_ir_3_subset_94,orderStd,"['X3', 'X5', 'X4', 'X2', 'X1', 'X6']"
1970,lr_shap_list_ir_3,lr_shap_list_ir_3_subset_94,orderSum,"['X3', 'X4', 'X5', 'X2', 'X6', 'X1']"
1971,lr_shap_list_ir_2,lr_shap_list_ir_2_subset_51,orderMean,"['X6', 'X3', 'X4', 'X5', 'X2', 'X1']"
1972,lr_shap_list_ir_2,lr_shap_list_ir_2_subset_51,orderStd,"['X3', 'X5', 'X4', 'X2', 'X6', 'X1']"
1973,lr_shap_list_ir_2,lr_shap_list_ir_2_subset_51,orderSum,"['X6', 'X3', 'X4', 'X5', 'X2', 'X1']"
1974,lr_shap_list_ir_4,lr_shap_list_ir_4_subset_31,orderMean,"['X4', 'X3', 'X5', 'X2', 'X1', 'X6']"
1975,lr_shap_list_ir_4,lr_shap_list_ir_4_subset_31,orderStd,"['X3', 'X2', 'X5', 'X4', 'X1', 'X6']"
1976,lr_shap_list_ir_4,lr_shap_list_ir_4_subset_31,orderSum,"['X4', 'X3', 'X5', 'X2', 'X1', 'X6']"
1977,lr_shap_list_ir_2,lr_shap_list_ir_2_subset_118,orderMean,"['X4', 'X5', 'X1', 'X3', 'X2', 'X6']"
1978,lr_shap_list_ir_2,lr_shap_list_ir_2_subset_118,orderStd,"['X5', 'X1', 'X3', 'X2', 'X4', 'X6']"
1979,lr_shap_list_ir_2,lr_shap_list_ir_2_subset_118,orderSum,"['X4', 'X5', 'X1', 'X3', 'X2', 'X6']"
1980,lr_shap_list_ir_2,lr_shap_list_ir_2_subset_134,orderMean,"['X3', 'X4', 'X2', 'X1', 'X5', 'X6']"
1981,lr_shap_list_ir_2,lr_shap_list_ir_2_subset_134,orderStd,"['X3', 'X2', 'X1', 'X5', 'X4', 'X6']"
1982,lr_shap_list_ir_2,lr_shap_list_ir_2_subset_134,orderSum,"['X3', 'X4', 'X2', 'X1', 'X5', 'X6']"
1983,lr_shap_list_ir_4,lr_shap_list_ir_4_subset_108,orderMean,"['X4', 'X3', 'X5', 'X2', 'X1', 'X6']"
1984,lr_shap_list_ir_4,lr_shap_list_ir_4_subset_108,orderStd,"['X3', 'X5', 'X4', 'X2', 'X1', 'X6']"
1985,lr_shap_list_ir_4,lr_shap_list_ir_4_subset_108,orderSum,"['X4', 'X3', 'X5', 'X2', 'X1', 'X6']"
1986,lr_shap_list_ir_4,lr_shap_list_ir_4_subset_61,orderMean,"['X4', 'X5', 'X1', 'X2', 'X3', 'X6']"
1987,lr_shap_list_ir_4,lr_shap_list_ir_4_subset_61,orderStd,"['X5', 'X1', 'X4', 'X2', 'X3', 'X6']"
1988,lr_shap_list_ir_4,lr_shap_list_ir_4_subset_61,orderSum,"['X4', 'X5', 'X1', 'X2', 'X3', 'X6']"
1989,lr_shap_list_ir_3,lr_shap_list_ir_3_subset_58,orderMean,"['X4', 'X5', 'X3', 'X2', 'X1', 'X6']"
1990,lr_shap_list_ir_3,lr_shap_list_ir_3_subset_58,orderStd,"['X5', 'X3', 'X4', 'X2', 'X1', 'X6']"
1991,lr_shap_list_ir_3,lr_shap_list_ir_3_subset_58,orderSum,"['X4', 'X5', 'X3', 'X2', 'X1', 'X6']"
1992,lr_shap_list_ir_2,lr_shap_list_ir_2_subset_10,orderMean,"['X3', 'X4', 'X2', 'X1', 'X5', 'X6']"
1993,lr_shap_list_ir_2,lr_shap_list_ir_2_subset_10,orderStd,"['X3', 'X2', 'X5', 'X4', 'X1', 'X6']"
1994,lr_shap_list_ir_2,lr_shap_list_ir_2_subset_10,orderSum,"['X3', 'X4', 'X2', 'X1', 'X5', 'X6']"
1995,lr_shap_list_ir_3,lr_shap_list_ir_3_subset_55,orderMean,"['X4', 'X3', 'X5', 'X1', 'X2', 'X6']"
1996,lr_shap_list_ir_3,lr_shap_list_ir_3_subset_55,orderStd,"['X5', 'X3', 'X4', 'X1', 'X2', 'X6']"
1997,lr_shap_list_ir_3,lr_shap_list_ir_3_subset_55,orderSum,"['X4', 'X3', 'X5', 'X1', 'X2', 'X6']"
1998,lr_shap_list_ir_4,lr_shap_list_ir_4_subset_72,orderMean,"['X4', 'X3', 'X5', 'X6', 'X2', 'X1']"
1999,lr_shap_list_ir_4,lr_shap_list_ir_4_subset_72,orderStd,"['X5', 'X3', 'X4', 'X2', 'X1', 'X6']"
2000,lr_shap_list_ir_4,lr_shap_list_ir_4_subset_72,orderSum,"['X4', 'X3', 'X5', 'X6', 'X2', 'X1']"
2001,lr_shap_list_ir_1,lr_shap_list_ir_1_subset_65,orderMean,"['X2', 'X6', 'X1', 'X4', 'X5', 'X3']"
2002,lr_shap_list_ir_1,lr_shap_list_ir_1_subset_65,orderStd,"['X2', 'X1', 'X6', 'X5', 'X3', 'X4']"
2003,lr_shap_list_ir_1,lr_shap_list_ir_1_subset_65,orderSum,"['X2', 'X6', 'X1', 'X4', 'X5', 'X3']"
2004,lr_shap_list_ir_3,lr_shap_list_ir_3_subset_1,orderMean,"['X3', 'X1', 'X2', 'X6', 'X5', 'X4']"
2005,lr_shap_list_ir_3,lr_shap_list_ir_3_subset_1,orderStd,"['X3', 'X2', 'X1', 'X5', 'X4', 'X6']"
2006,lr_shap_list_ir_3,lr_shap_list_ir_3_subset_1,orderSum,"['X3', 'X1', 'X2', 'X6', 'X5', 'X4']"
2007,lr_shap_list_ir_5,lr_shap_list_ir_5_subset_73,orderMean,"['X4', 'X5', 'X3', 'X2', 'X1', 'X6']"
2008,lr_shap_list_ir_5,lr_shap_list_ir_5_subset_73,orderStd,"['X5', 'X3', 'X4', 'X2', 'X1', 'X6']"
2009,lr_shap_list_ir_5,lr_shap_list_ir_5_subset_73,orderSum,"['X4', 'X5', 'X3', 'X2', 'X1', 'X6']"
2010,lr_shap_list_ir_3,lr_shap_list_ir_3_subset_97,orderMean,"['X3', 'X4', 'X2', 'X5', 'X6', 'X1']"
2011,lr_shap_list_ir_3,lr_shap_list_ir_3_subset_97,orderStd,"['X3', 'X5', 'X2', 'X4', 'X1', 'X6']"
2012,lr_shap_list_ir_3,lr_shap_list_ir_3_subset_97,orderSum,"['X3', 'X4', 'X2', 'X5', 'X6', 'X1']"
2013,lr_shap_list_ir_5,lr_shap_list_ir_5_subset_139,orderMean,"['X5', 'X4', 'X3', 'X2', 'X1', 'X6']"
2014,lr_shap_list_ir_5,lr_shap_list_ir_5_subset_139,orderStd,"['X3', 'X5', 'X4', 'X1', 'X2', 'X6']"
2015,lr_shap_list_ir_5,lr_shap_list_ir_5_subset_139,orderSum,"['X5', 'X4', 'X3', 'X2', 'X1', 'X6']"
2016,lr_shap_list_ir_5,lr_shap_list_ir_5_subset_76,orderMean,"['X4', 'X5', 'X1', 'X2', 'X3', 'X6']"
2017,lr_shap_list_ir_5,lr_shap_list_ir_5_subset_76,orderStd,"['X5', 'X2', 'X1', 'X4', 'X3', 'X6']"
2018,lr_shap_list_ir_5,lr_shap_list_ir_5_subset_76,orderSum,"['X4', 'X5', 'X1', 'X2', 'X3', 'X6']"
2019,lr_shap_list_ir_4,lr_shap_list_ir_4_subset_144,orderMean,"['X4', 'X5', 'X3', 'X2', 'X1', 'X6']"
2020,lr_shap_list_ir_4,lr_shap_list_ir_4_subset_144,orderStd,"['X5', 'X3', 'X2', 'X4', 'X1', 'X6']"
2021,lr_shap_list_ir_4,lr_shap_list_ir_4_subset_144,orderSum,"['X4', 'X5', 'X3', 'X2', 'X1', 'X6']"
2022,lr_shap_list_ir_1,lr_shap_list_ir_1_subset_145,orderMean,"['X2', 'X1', 'X6', 'X5', 'X3', 'X4']"
2023,lr_shap_list_ir_1,lr_shap_list_ir_1_subset_145,orderStd,"['X2', 'X1', 'X5', 'X3', 'X6', 'X4']"
2024,lr_shap_list_ir_1,lr_shap_list_ir_1_subset_145,orderSum,"['X2', 'X1', 'X6', 'X5', 'X3', 'X4']"
2025,lr_shap_list_ir_5,lr_shap_list_ir_5_subset_125,orderMean,"['X4', 'X5', 'X3', 'X1', 'X2', 'X6']"
2026,lr_shap_list_ir_5,lr_shap_list_ir_5_subset_125,orderStd,"['X5', 'X3', 'X4', 'X1', 'X2', 'X6']"
2027,lr_shap_list_ir_5,lr_shap_list_ir_5_subset_125,orderSum,"['X4', 'X5', 'X3', 'X1', 'X2', 'X6']"
2028,lr_shap_list_ir_3,lr_shap_list_ir_3_subset_88,orderMean,"['X3', 'X5', 'X4', 'X2', 'X6', 'X1']"
2029,lr_shap_list_ir_3,lr_shap_list_ir_3_subset_88,orderStd,"['X3', 'X5', 'X2', 'X1', 'X4', 'X6']"
2030,lr_shap_list_ir_3,lr_shap_list_ir_3_subset_88,orderSum,"['X3', 'X5', 'X4', 'X2', 'X6', 'X1']"
2031,lr_shap_list_ir_1,lr_shap_list_ir_1_subset_52,orderMean,"['X3', 'X4', 'X2', 'X6', 'X5', 'X1']"
2032,lr_shap_list_ir_1,lr_shap_list_ir_1_subset_52,orderStd,"['X3', 'X2', 'X4', 'X5', 'X1', 'X6']"
2033,lr_shap_list_ir_1,lr_shap_list_ir_1_subset_52,orderSum,"['X3', 'X4', 'X2', 'X6', 'X5', 'X1']"
2034,lr_shap_list_ir_2,lr_shap_list_ir_2_subset_27,orderMean,"['X2', 'X4', 'X3', 'X5', 'X1', 'X6']"
2035,lr_shap_list_ir_2,lr_shap_list_ir_2_subset_27,orderStd,"['X2', 'X3', 'X5', 'X4', 'X1', 'X6']"
2036,lr_shap_list_ir_2,lr_shap_list_ir_2_subset_27,orderSum,"['X2', 'X4', 'X3', 'X5', 'X1', 'X6']"
2037,lr_shap_list_ir_4,lr_shap_list_ir_4_subset_110,orderMean,"['X3', 'X4', 'X5', 'X6', 'X2', 'X1']"
2038,lr_shap_list_ir_4,lr_shap_list_ir_4_subset_110,orderStd,"['X3', 'X5', 'X4', 'X2', 'X1', 'X6']"
2039,lr_shap_list_ir_4,lr_shap_list_ir_4_subset_110,orderSum,"['X3', 'X4', 'X5', 'X6', 'X2', 'X1']"
2040,lr_shap_list_ir_4,lr_shap_list_ir_4_subset_1,orderMean,"['X4', 'X5', 'X2', 'X3', 'X1', 'X6']"
2041,lr_shap_list_ir_4,lr_shap_list_ir_4_subset_1,orderStd,"['X5', 'X4', 'X2', 'X1', 'X3', 'X6']"
2042,lr_shap_list_ir_4,lr_shap_list_ir_4_subset_1,orderSum,"['X4', 'X5', 'X2', 'X3', 'X1', 'X6']"
2043,lr_shap_list_ir_3,lr_shap_list_ir_3_subset_31,orderMean,"['X4', 'X2', 'X5', 'X3', 'X1', 'X6']"
2044,lr_shap_list_ir_3,lr_shap_list_ir_3_subset_31,orderStd,"['X2', 'X5', 'X4', 'X3', 'X1', 'X6']"
2045,lr_shap_list_ir_3,lr_shap_list_ir_3_subset_31,orderSum,"['X4', 'X2', 'X5', 'X3', 'X1', 'X6']"
2046,lr_shap_list_ir_5,lr_shap_list_ir_5_subset_122,orderMean,"['X4', 'X5', 'X3', 'X1', 'X2', 'X6']"
2047,lr_shap_list_ir_5,lr_shap_list_ir_5_subset_122,orderStd,"['X5', 'X3', 'X4', 'X2', 'X1', 'X6']"
2048,lr_shap_list_ir_5,lr_shap_list_ir_5_subset_122,orderSum,"['X4', 'X5', 'X3', 'X1', 'X2', 'X6']"
2049,lr_shap_list_ir_1,lr_shap_list_ir_1_subset_135,orderMean,"['X4', 'X6', 'X5', 'X1', 'X3', 'X2']"
2050,lr_shap_list_ir_1,lr_shap_list_ir_1_subset_135,orderStd,"['X5', 'X1', 'X4', 'X3', 'X6', 'X2']"
2051,lr_shap_list_ir_1,lr_shap_list_ir_1_subset_135,orderSum,"['X4', 'X6', 'X5', 'X1', 'X3', 'X2']"
2052,lr_shap_list_ir_2,lr_shap_list_ir_2_subset_50,orderMean,"['X4', 'X3', 'X2', 'X6', 'X5', 'X1']"
2053,lr_shap_list_ir_2,lr_shap_list_ir_2_subset_50,orderStd,"['X3', 'X2', 'X4', 'X5', 'X6', 'X1']"
2054,lr_shap_list_ir_2,lr_shap_list_ir_2_subset_50,orderSum,"['X4', 'X3', 'X2', 'X6', 'X5', 'X1']"
2055,lr_shap_list_ir_4,lr_shap_list_ir_4_subset_133,orderMean,"['X4', 'X3', 'X5', 'X2', 'X6', 'X1']"
2056,lr_shap_list_ir_4,lr_shap_list_ir_4_subset_133,orderStd,"['X5', 'X4', 'X3', 'X2', 'X1', 'X6']"
2057,lr_shap_list_ir_4,lr_shap_list_ir_4_subset_133,orderSum,"['X4', 'X3', 'X5', 'X2', 'X6', 'X1']"
2058,lr_shap_list_ir_2,lr_shap_list_ir_2_subset_32,orderMean,"['X4', 'X2', 'X3', 'X1', 'X5', 'X6']"
2059,lr_shap_list_ir_2,lr_shap_list_ir_2_subset_32,orderStd,"['X2', 'X3', 'X1', 'X4', 'X5', 'X6']"
2060,lr_shap_list_ir_2,lr_shap_list_ir_2_subset_32,orderSum,"['X4', 'X2', 'X3', 'X1', 'X5', 'X6']"
2061,lr_shap_list_ir_3,lr_shap_list_ir_3_subset_16,orderMean,"['X4', 'X2', 'X3', 'X5', 'X6', 'X1']"
2062,lr_shap_list_ir_3,lr_shap_list_ir_3_subset_16,orderStd,"['X3', 'X5', 'X4', 'X2', 'X1', 'X6']"
2063,lr_shap_list_ir_3,lr_shap_list_ir_3_subset_16,orderSum,"['X4', 'X2', 'X3', 'X5', 'X6', 'X1']"
2064,lr_shap_list_ir_2,lr_shap_list_ir_2_subset_135,orderMean,"['X3', 'X4', 'X5', 'X1', 'X6', 'X2']"
2065,lr_shap_list_ir_2,lr_shap_list_ir_2_subset_135,orderStd,"['X3', 'X5', 'X1', 'X2', 'X4', 'X6']"
2066,lr_shap_list_ir_2,lr_shap_list_ir_2_subset_135,orderSum,"['X3', 'X4', 'X5', 'X1', 'X6', 'X2']"
2067,lr_shap_list_ir_5,lr_shap_list_ir_5_subset_113,orderMean,"['X3', 'X5', 'X4', 'X2', 'X1', 'X6']"
2068,lr_shap_list_ir_5,lr_shap_list_ir_5_subset_113,orderStd,"['X3', 'X5', 'X2', 'X4', 'X1', 'X6']"
2069,lr_shap_list_ir_5,lr_shap_list_ir_5_subset_113,orderSum,"['X3', 'X5', 'X4', 'X2', 'X1', 'X6']"
2070,lr_shap_list_ir_4,lr_shap_list_ir_4_subset_125,orderMean,"['X4', 'X5', 'X3', 'X2', 'X1', 'X6']"
2071,lr_shap_list_ir_4,lr_shap_list_ir_4_subset_125,orderStd,"['X5', 'X4', 'X3', 'X1', 'X2', 'X6']"
2072,lr_shap_list_ir_4,lr_shap_list_ir_4_subset_125,orderSum,"['X4', 'X5', 'X3', 'X2', 'X1', 'X6']"
2073,lr_shap_list_ir_2,lr_shap_list_ir_2_subset_69,orderMean,"['X4', 'X5', 'X1', 'X2', 'X6', 'X3']"
2074,lr_shap_list_ir_2,lr_shap_list_ir_2_subset_69,orderStd,"['X5', 'X1', 'X4', 'X2', 'X3', 'X6']"
2075,lr_shap_list_ir_2,lr_shap_list_ir_2_subset_69,orderSum,"['X4', 'X5', 'X1', 'X2', 'X6', 'X3']"
2076,lr_shap_list_ir_1,lr_shap_list_ir_1_subset_82,orderMean,"['X3', 'X5', 'X6', 'X1', 'X2', 'X4']"
2077,lr_shap_list_ir_1,lr_shap_list_ir_1_subset_82,orderStd,"['X3', 'X5', 'X2', 'X1', 'X4', 'X6']"
2078,lr_shap_list_ir_1,lr_shap_list_ir_1_subset_82,orderSum,"['X3', 'X5', 'X6', 'X1', 'X2', 'X4']"
2079,lr_shap_list_ir_5,lr_shap_list_ir_5_subset_10,orderMean,"['X4', 'X3', 'X5', 'X1', 'X2', 'X6']"
2080,lr_shap_list_ir_5,lr_shap_list_ir_5_subset_10,orderStd,"['X3', 'X5', 'X2', 'X4', 'X1', 'X6']"
2081,lr_shap_list_ir_5,lr_shap_list_ir_5_subset_10,orderSum,"['X4', 'X3', 'X5', 'X1', 'X2', 'X6']"
2082,lr_shap_list_ir_3,lr_shap_list_ir_3_subset_43,orderMean,"['X4', 'X5', 'X3', 'X1', 'X2', 'X6']"
2083,lr_shap_list_ir_3,lr_shap_list_ir_3_subset_43,orderStd,"['X3', 'X5', 'X1', 'X4', 'X2', 'X6']"
2084,lr_shap_list_ir_3,lr_shap_list_ir_3_subset_43,orderSum,"['X4', 'X5', 'X3', 'X1', 'X2', 'X6']"
2085,lr_shap_list_ir_5,lr_shap_list_ir_5_subset_80,orderMean,"['X4', 'X5', 'X3', 'X1', 'X2', 'X6']"
2086,lr_shap_list_ir_5,lr_shap_list_ir_5_subset_80,orderStd,"['X5', 'X4', 'X3', 'X2', 'X1', 'X6']"
2087,lr_shap_list_ir_5,lr_shap_list_ir_5_subset_80,orderSum,"['X4', 'X5', 'X3', 'X1', 'X2', 'X6']"
2088,lr_shap_list_ir_2,lr_shap_list_ir_2_subset_72,orderMean,"['X3', 'X4', 'X2', 'X5', 'X1', 'X6']"
2089,lr_shap_list_ir_2,lr_shap_list_ir_2_subset_72,orderStd,"['X3', 'X2', 'X4', 'X5', 'X1', 'X6']"
2090,lr_shap_list_ir_2,lr_shap_list_ir_2_subset_72,orderSum,"['X3', 'X4', 'X2', 'X5', 'X1', 'X6']"
2091,lr_shap_list_ir_1,lr_shap_list_ir_1_subset_124,orderMean,"['X3', 'X2', 'X6', 'X4', 'X5', 'X1']"
2092,lr_shap_list_ir_1,lr_shap_list_ir_1_subset_124,orderStd,"['X3', 'X2', 'X5', 'X4', 'X1', 'X6']"
2093,lr_shap_list_ir_1,lr_shap_list_ir_1_subset_124,orderSum,"['X3', 'X2', 'X6', 'X4', 'X5', 'X1']"
2094,lr_shap_list_ir_1,lr_shap_list_ir_1_subset_105,orderMean,"['X4', 'X6', 'X1', 'X2', 'X3', 'X5']"
2095,lr_shap_list_ir_1,lr_shap_list_ir_1_subset_105,orderStd,"['X1', 'X2', 'X5', 'X4', 'X3', 'X6']"
2096,lr_shap_list_ir_1,lr_shap_list_ir_1_subset_105,orderSum,"['X4', 'X6', 'X1', 'X2', 'X3', 'X5']"
2097,lr_shap_list_ir_5,lr_shap_list_ir_5_subset_9,orderMean,"['X4', 'X5', 'X3', 'X2', 'X1', 'X6']"
2098,lr_shap_list_ir_5,lr_shap_list_ir_5_subset_9,orderStd,"['X5', 'X3', 'X4', 'X2', 'X1', 'X6']"
2099,lr_shap_list_ir_5,lr_shap_list_ir_5_subset_9,orderSum,"['X4', 'X5', 'X3', 'X2', 'X1', 'X6']"
2100,lr_shap_list_ir_4,lr_shap_list_ir_4_subset_48,orderMean,"['X4', 'X5', 'X3', 'X1', 'X2', 'X6']"
2101,lr_shap_list_ir_4,lr_shap_list_ir_4_subset_48,orderStd,"['X5', 'X3', 'X4', 'X1', 'X2', 'X6']"
2102,lr_shap_list_ir_4,lr_shap_list_ir_4_subset_48,orderSum,"['X4', 'X5', 'X3', 'X1', 'X2', 'X6']"
2103,lr_shap_list_ir_2,lr_shap_list_ir_2_subset_100,orderMean,"['X2', 'X4', 'X3', 'X5', 'X1', 'X6']"
2104,lr_shap_list_ir_2,lr_shap_list_ir_2_subset_100,orderStd,"['X2', 'X5', 'X3', 'X4', 'X1', 'X6']"
2105,lr_shap_list_ir_2,lr_shap_list_ir_2_subset_100,orderSum,"['X2', 'X4', 'X3', 'X5', 'X1', 'X6']"
2106,lr_shap_list_ir_1,lr_shap_list_ir_1_subset_70,orderMean,"['X2', 'X4', 'X3', 'X6', 'X5', 'X1']"
2107,lr_shap_list_ir_1,lr_shap_list_ir_1_subset_70,orderStd,"['X2', 'X3', 'X4', 'X5', 'X1', 'X6']"
2108,lr_shap_list_ir_1,lr_shap_list_ir_1_subset_70,orderSum,"['X2', 'X4', 'X3', 'X6', 'X5', 'X1']"
2109,lr_shap_list_ir_5,lr_shap_list_ir_5_subset_85,orderMean,"['X4', 'X5', 'X3', 'X2', 'X1', 'X6']"
2110,lr_shap_list_ir_5,lr_shap_list_ir_5_subset_85,orderStd,"['X5', 'X3', 'X4', 'X2', 'X1', 'X6']"
2111,lr_shap_list_ir_5,lr_shap_list_ir_5_subset_85,orderSum,"['X4', 'X5', 'X3', 'X2', 'X1', 'X6']"
2112,lr_shap_list_ir_3,lr_shap_list_ir_3_subset_30,orderMean,"['X4', 'X3', 'X2', 'X5', 'X1', 'X6']"
2113,lr_shap_list_ir_3,lr_shap_list_ir_3_subset_30,orderStd,"['X3', 'X5', 'X2', 'X4', 'X1', 'X6']"
2114,lr_shap_list_ir_3,lr_shap_list_ir_3_subset_30,orderSum,"['X4', 'X3', 'X2', 'X5', 'X1', 'X6']"
2115,lr_shap_list_ir_5,lr_shap_list_ir_5_subset_21,orderMean,"['X4', 'X5', 'X2', 'X1', 'X3', 'X6']"
2116,lr_shap_list_ir_5,lr_shap_list_ir_5_subset_21,orderStd,"['X5', 'X3', 'X4', 'X1', 'X2', 'X6']"
2117,lr_shap_list_ir_5,lr_shap_list_ir_5_subset_21,orderSum,"['X4', 'X5', 'X2', 'X1', 'X3', 'X6']"
2118,lr_shap_list_ir_3,lr_shap_list_ir_3_subset_37,orderMean,"['X4', 'X3', 'X5', 'X2', 'X1', 'X6']"
2119,lr_shap_list_ir_3,lr_shap_list_ir_3_subset_37,orderStd,"['X3', 'X5', 'X4', 'X2', 'X1', 'X6']"
2120,lr_shap_list_ir_3,lr_shap_list_ir_3_subset_37,orderSum,"['X4', 'X3', 'X5', 'X2', 'X1', 'X6']"
2121,lr_shap_list_ir_1,lr_shap_list_ir_1_subset_48,orderMean,"['X2', 'X4', 'X3', 'X1', 'X5', 'X6']"
2122,lr_shap_list_ir_1,lr_shap_list_ir_1_subset_48,orderStd,"['X2', 'X3', 'X1', 'X4', 'X5', 'X6']"
2123,lr_shap_list_ir_1,lr_shap_list_ir_1_subset_48,orderSum,"['X2', 'X4', 'X3', 'X1', 'X5', 'X6']"
2124,lr_shap_list_ir_1,lr_shap_list_ir_1_subset_24,orderMean,"['X2', 'X1', 'X4', 'X3', 'X6', 'X5']"
2125,lr_shap_list_ir_1,lr_shap_list_ir_1_subset_24,orderStd,"['X2', 'X1', 'X3', 'X4', 'X5', 'X6']"
2126,lr_shap_list_ir_1,lr_shap_list_ir_1_subset_24,orderSum,"['X2', 'X1', 'X4', 'X3', 'X6', 'X5']"
2127,lr_shap_list_ir_1,lr_shap_list_ir_1_subset_96,orderMean,"['X4', 'X6', 'X2', 'X1', 'X3', 'X5']"
2128,lr_shap_list_ir_1,lr_shap_list_ir_1_subset_96,orderStd,"['X2', 'X4', 'X1', 'X3', 'X5', 'X6']"
2129,lr_shap_list_ir_1,lr_shap_list_ir_1_subset_96,orderSum,"['X4', 'X6', 'X2', 'X1', 'X3', 'X5']"
2130,lr_shap_list_ir_3,lr_shap_list_ir_3_subset_124,orderMean,"['X3', 'X4', 'X2', 'X5', 'X6', 'X1']"
2131,lr_shap_list_ir_3,lr_shap_list_ir_3_subset_124,orderStd,"['X3', 'X2', 'X5', 'X1', 'X4', 'X6']"
2132,lr_shap_list_ir_3,lr_shap_list_ir_3_subset_124,orderSum,"['X3', 'X4', 'X2', 'X5', 'X6', 'X1']"
2133,lr_shap_list_ir_2,lr_shap_list_ir_2_subset_141,orderMean,"['X1', 'X4', 'X3', 'X6', 'X2', 'X5']"
2134,lr_shap_list_ir_2,lr_shap_list_ir_2_subset_141,orderStd,"['X1', 'X3', 'X2', 'X5', 'X4', 'X6']"
2135,lr_shap_list_ir_2,lr_shap_list_ir_2_subset_141,orderSum,"['X1', 'X4', 'X3', 'X6', 'X2', 'X5']"
2136,lr_shap_list_ir_5,lr_shap_list_ir_5_subset_89,orderMean,"['X3', 'X4', 'X5', 'X2', 'X1', 'X6']"
2137,lr_shap_list_ir_5,lr_shap_list_ir_5_subset_89,orderStd,"['X5', 'X3', 'X4', 'X1', 'X2', 'X6']"
2138,lr_shap_list_ir_5,lr_shap_list_ir_5_subset_89,orderSum,"['X3', 'X4', 'X5', 'X2', 'X1', 'X6']"
2139,lr_shap_list_ir_1,lr_shap_list_ir_1_subset_104,orderMean,"['X3', 'X4', 'X1', 'X2', 'X6', 'X5']"
2140,lr_shap_list_ir_1,lr_shap_list_ir_1_subset_104,orderStd,"['X3', 'X1', 'X2', 'X4', 'X5', 'X6']"
2141,lr_shap_list_ir_1,lr_shap_list_ir_1_subset_104,orderSum,"['X3', 'X4', 'X1', 'X2', 'X6', 'X5']"
2142,lr_shap_list_ir_3,lr_shap_list_ir_3_subset_98,orderMean,"['X2', 'X4', 'X3', 'X5', 'X1', 'X6']"
2143,lr_shap_list_ir_3,lr_shap_list_ir_3_subset_98,orderStd,"['X3', 'X2', 'X5', 'X4', 'X1', 'X6']"
2144,lr_shap_list_ir_3,lr_shap_list_ir_3_subset_98,orderSum,"['X2', 'X4', 'X3', 'X5', 'X1', 'X6']"
2145,lr_shap_list_ir_1,lr_shap_list_ir_1_subset_36,orderMean,"['X3', 'X6', 'X1', 'X4', 'X2', 'X5']"
2146,lr_shap_list_ir_1,lr_shap_list_ir_1_subset_36,orderStd,"['X3', 'X5', 'X2', 'X1', 'X4', 'X6']"
2147,lr_shap_list_ir_1,lr_shap_list_ir_1_subset_36,orderSum,"['X3', 'X6', 'X1', 'X4', 'X2', 'X5']"
2148,lr_shap_list_ir_2,lr_shap_list_ir_2_subset_34,orderMean,"['X3', 'X1', 'X6', 'X4', 'X5', 'X2']"
2149,lr_shap_list_ir_2,lr_shap_list_ir_2_subset_34,orderStd,"['X3', 'X1', 'X5', 'X2', 'X4', 'X6']"
2150,lr_shap_list_ir_2,lr_shap_list_ir_2_subset_34,orderSum,"['X3', 'X1', 'X6', 'X4', 'X5', 'X2']"
2151,lr_shap_list_ir_2,lr_shap_list_ir_2_subset_11,orderMean,"['X4', 'X6', 'X5', 'X3', 'X2', 'X1']"
2152,lr_shap_list_ir_2,lr_shap_list_ir_2_subset_11,orderStd,"['X5', 'X3', 'X2', 'X4', 'X1', 'X6']"
2153,lr_shap_list_ir_2,lr_shap_list_ir_2_subset_11,orderSum,"['X4', 'X6', 'X5', 'X3', 'X2', 'X1']"
2154,lr_shap_list_ir_2,lr_shap_list_ir_2_subset_108,orderMean,"['X3', 'X4', 'X5', 'X6', 'X2', 'X1']"
2155,lr_shap_list_ir_2,lr_shap_list_ir_2_subset_108,orderStd,"['X3', 'X5', 'X4', 'X2', 'X1', 'X6']"
2156,lr_shap_list_ir_2,lr_shap_list_ir_2_subset_108,orderSum,"['X3', 'X4', 'X5', 'X6', 'X2', 'X1']"
2157,lr_shap_list_ir_4,lr_shap_list_ir_4_subset_114,orderMean,"['X4', 'X5', 'X2', 'X3', 'X1', 'X6']"
2158,lr_shap_list_ir_4,lr_shap_list_ir_4_subset_114,orderStd,"['X5', 'X2', 'X3', 'X4', 'X1', 'X6']"
2159,lr_shap_list_ir_4,lr_shap_list_ir_4_subset_114,orderSum,"['X4', 'X5', 'X2', 'X3', 'X1', 'X6']"
2160,lr_shap_list_ir_4,lr_shap_list_ir_4_subset_23,orderMean,"['X4', 'X5', 'X3', 'X2', 'X1', 'X6']"
2161,lr_shap_list_ir_4,lr_shap_list_ir_4_subset_23,orderStd,"['X3', 'X4', 'X5', 'X2', 'X1', 'X6']"
2162,lr_shap_list_ir_4,lr_shap_list_ir_4_subset_23,orderSum,"['X4', 'X5', 'X3', 'X2', 'X1', 'X6']"
2163,lr_shap_list_ir_5,lr_shap_list_ir_5_subset_6,orderMean,"['X4', 'X5', 'X3', 'X1', 'X2', 'X6']"
2164,lr_shap_list_ir_5,lr_shap_list_ir_5_subset_6,orderStd,"['X5', 'X3', 'X1', 'X4', 'X2', 'X6']"
2165,lr_shap_list_ir_5,lr_shap_list_ir_5_subset_6,orderSum,"['X4', 'X5', 'X3', 'X1', 'X2', 'X6']"
2166,lr_shap_list_ir_4,lr_shap_list_ir_4_subset_27,orderMean,"['X4', 'X3', 'X5', 'X1', 'X2', 'X6']"
2167,lr_shap_list_ir_4,lr_shap_list_ir_4_subset_27,orderStd,"['X3', 'X5', 'X4', 'X1', 'X2', 'X6']"
2168,lr_shap_list_ir_4,lr_shap_list_ir_4_subset_27,orderSum,"['X4', 'X3', 'X5', 'X1', 'X2', 'X6']"
2169,lr_shap_list_ir_4,lr_shap_list_ir_4_subset_75,orderMean,"['X4', 'X3', 'X2', 'X5', 'X1', 'X6']"
2170,lr_shap_list_ir_4,lr_shap_list_ir_4_subset_75,orderStd,"['X3', 'X2', 'X5', 'X1', 'X4', 'X6']"
2171,lr_shap_list_ir_4,lr_shap_list_ir_4_subset_75,orderSum,"['X4', 'X3', 'X2', 'X5', 'X1', 'X6']"
2172,lr_shap_list_ir_4,lr_shap_list_ir_4_subset_14,orderMean,"['X4', 'X5', 'X3', 'X1', 'X2', 'X6']"
2173,lr_shap_list_ir_4,lr_shap_list_ir_4_subset_14,orderStd,"['X5', 'X3', 'X2', 'X4', 'X1', 'X6']"
2174,lr_shap_list_ir_4,lr_shap_list_ir_4_subset_14,orderSum,"['X4', 'X5', 'X3', 'X1', 'X2', 'X6']"
2175,lr_shap_list_ir_1,lr_shap_list_ir_1_subset_136,orderMean,"['X3', 'X4', 'X2', 'X6', 'X5', 'X1']"
2176,lr_shap_list_ir_1,lr_shap_list_ir_1_subset_136,orderStd,"['X3', 'X2', 'X4', 'X5', 'X6', 'X1']"
2177,lr_shap_list_ir_1,lr_shap_list_ir_1_subset_136,orderSum,"['X3', 'X4', 'X2', 'X6', 'X5', 'X1']"
2178,lr_shap_list_ir_3,lr_shap_list_ir_3_subset_120,orderMean,"['X4', 'X2', 'X5', 'X3', 'X1', 'X6']"
2179,lr_shap_list_ir_3,lr_shap_list_ir_3_subset_120,orderStd,"['X5', 'X2', 'X1', 'X3', 'X4', 'X6']"
2180,lr_shap_list_ir_3,lr_shap_list_ir_3_subset_120,orderSum,"['X4', 'X2', 'X5', 'X3', 'X1', 'X6']"
2181,lr_shap_list_ir_5,lr_shap_list_ir_5_subset_136,orderMean,"['X4', 'X5', 'X2', 'X1', 'X3', 'X6']"
2182,lr_shap_list_ir_5,lr_shap_list_ir_5_subset_136,orderStd,"['X5', 'X2', 'X4', 'X3', 'X1', 'X6']"
2183,lr_shap_list_ir_5,lr_shap_list_ir_5_subset_136,orderSum,"['X4', 'X5', 'X2', 'X1', 'X3', 'X6']"
2184,lr_shap_list_ir_5,lr_shap_list_ir_5_subset_135,orderMean,"['X4', 'X5', 'X3', 'X2', 'X1', 'X6']"
2185,lr_shap_list_ir_5,lr_shap_list_ir_5_subset_135,orderStd,"['X5', 'X4', 'X3', 'X2', 'X1', 'X6']"
2186,lr_shap_list_ir_5,lr_shap_list_ir_5_subset_135,orderSum,"['X4', 'X5', 'X3', 'X2', 'X1', 'X6']"
2187,lr_shap_list_ir_1,lr_shap_list_ir_1_subset_147,orderMean,"['X3', 'X2', 'X4', 'X6', 'X5', 'X1']"
2188,lr_shap_list_ir_1,lr_shap_list_ir_1_subset_147,orderStd,"['X3', 'X2', 'X5', 'X4', 'X6', 'X1']"
2189,lr_shap_list_ir_1,lr_shap_list_ir_1_subset_147,orderSum,"['X3', 'X2', 'X4', 'X6', 'X5', 'X1']"
2190,lr_shap_list_ir_3,lr_shap_list_ir_3_subset_85,orderMean,"['X4', 'X3', 'X5', 'X2', 'X1', 'X6']"
2191,lr_shap_list_ir_3,lr_shap_list_ir_3_subset_85,orderStd,"['X5', 'X3', 'X4', 'X2', 'X1', 'X6']"
2192,lr_shap_list_ir_3,lr_shap_list_ir_3_subset_85,orderSum,"['X4', 'X3', 'X5', 'X2', 'X1', 'X6']"
2193,lr_shap_list_ir_4,lr_shap_list_ir_4_subset_74,orderMean,"['X5', 'X4', 'X3', 'X1', 'X2', 'X6']"
2194,lr_shap_list_ir_4,lr_shap_list_ir_4_subset_74,orderStd,"['X5', 'X3', 'X4', 'X1', 'X2', 'X6']"
2195,lr_shap_list_ir_4,lr_shap_list_ir_4_subset_74,orderSum,"['X5', 'X4', 'X3', 'X1', 'X2', 'X6']"
2196,lr_shap_list_ir_4,lr_shap_list_ir_4_subset_19,orderMean,"['X4', 'X3', 'X5', 'X2', 'X1', 'X6']"
2197,lr_shap_list_ir_4,lr_shap_list_ir_4_subset_19,orderStd,"['X5', 'X3', 'X2', 'X1', 'X4', 'X6']"
2198,lr_shap_list_ir_4,lr_shap_list_ir_4_subset_19,orderSum,"['X4', 'X3', 'X5', 'X2', 'X1', 'X6']"
2199,lr_shap_list_ir_2,lr_shap_list_ir_2_subset_124,orderMean,"['X3', 'X4', 'X6', 'X5', 'X2', 'X1']"
2200,lr_shap_list_ir_2,lr_shap_list_ir_2_subset_124,orderStd,"['X3', 'X5', 'X2', 'X4', 'X6', 'X1']"
2201,lr_shap_list_ir_2,lr_shap_list_ir_2_subset_124,orderSum,"['X3', 'X4', 'X6', 'X5', 'X2', 'X1']"
2202,lr_shap_list_ir_2,lr_shap_list_ir_2_subset_98,orderMean,"['X3', 'X4', 'X2', 'X5', 'X1', 'X6']"
2203,lr_shap_list_ir_2,lr_shap_list_ir_2_subset_98,orderStd,"['X3', 'X2', 'X5', 'X4', 'X1', 'X6']"
2204,lr_shap_list_ir_2,lr_shap_list_ir_2_subset_98,orderSum,"['X3', 'X4', 'X2', 'X5', 'X1', 'X6']"
2205,lr_shap_list_ir_3,lr_shap_list_ir_3_subset_102,orderMean,"['X3', 'X4', 'X6', 'X5', 'X2', 'X1']"
2206,lr_shap_list_ir_3,lr_shap_list_ir_3_subset_102,orderStd,"['X3', 'X5', 'X2', 'X4', 'X1', 'X6']"
2207,lr_shap_list_ir_3,lr_shap_list_ir_3_subset_102,orderSum,"['X3', 'X4', 'X6', 'X5', 'X2', 'X1']"
2208,lr_shap_list_ir_2,lr_shap_list_ir_2_subset_125,orderMean,"['X4', 'X3', 'X5', 'X1', 'X2', 'X6']"
2209,lr_shap_list_ir_2,lr_shap_list_ir_2_subset_125,orderStd,"['X3', 'X5', 'X1', 'X4', 'X2', 'X6']"
2210,lr_shap_list_ir_2,lr_shap_list_ir_2_subset_125,orderSum,"['X4', 'X3', 'X5', 'X1', 'X2', 'X6']"
2211,lr_shap_list_ir_4,lr_shap_list_ir_4_subset_76,orderMean,"['X4', 'X5', 'X2', 'X3', 'X1', 'X6']"
2212,lr_shap_list_ir_4,lr_shap_list_ir_4_subset_76,orderStd,"['X5', 'X2', 'X4', 'X3', 'X1', 'X6']"
2213,lr_shap_list_ir_4,lr_shap_list_ir_4_subset_76,orderSum,"['X4', 'X5', 'X2', 'X3', 'X1', 'X6']"
2214,lr_shap_list_ir_2,lr_shap_list_ir_2_subset_88,orderMean,"['X3', 'X4', 'X5', 'X1', 'X6', 'X2']"
2215,lr_shap_list_ir_2,lr_shap_list_ir_2_subset_88,orderStd,"['X3', 'X5', 'X1', 'X2', 'X4', 'X6']"
2216,lr_shap_list_ir_2,lr_shap_list_ir_2_subset_88,orderSum,"['X3', 'X4', 'X5', 'X1', 'X6', 'X2']"
2217,lr_shap_list_ir_1,lr_shap_list_ir_1_subset_133,orderMean,"['X3', 'X2', 'X4', 'X6', 'X5', 'X1']"
2218,lr_shap_list_ir_1,lr_shap_list_ir_1_subset_133,orderStd,"['X3', 'X2', 'X5', 'X4', 'X1', 'X6']"
2219,lr_shap_list_ir_1,lr_shap_list_ir_1_subset_133,orderSum,"['X3', 'X2', 'X4', 'X6', 'X5', 'X1']"
