,imbalanceRatio,Subset,Indicator,Sorted_Features
0,xgb_shap_list_ir_5,xgb_shap_list_ir_5_subset_85,orderMean,"['X4', 'X5', 'X1', 'X2', 'X6', 'X3']"
1,xgb_shap_list_ir_5,xgb_shap_list_ir_5_subset_85,orderStd,"['X5', 'X4', 'X2', 'X1', 'X6', 'X3']"
2,xgb_shap_list_ir_5,xgb_shap_list_ir_5_subset_85,orderSum,"['X4', 'X5', 'X1', 'X2', 'X6', 'X3']"
3,xgb_shap_list_ir_2,xgb_shap_list_ir_2_subset_79,orderMean,"['X1', 'X4', 'X5', 'X3', 'X2', 'X6']"
4,xgb_shap_list_ir_2,xgb_shap_list_ir_2_subset_79,orderStd,"['X2', 'X4', 'X1', 'X5', 'X3', 'X6']"
5,xgb_shap_list_ir_2,xgb_shap_list_ir_2_subset_79,orderSum,"['X1', 'X4', 'X5', 'X3', 'X2', 'X6']"
6,xgb_shap_list_ir_1,xgb_shap_list_ir_1_subset_143,orderMean,"['X2', 'X4', 'X6', 'X1', 'X5', 'X3']"
7,xgb_shap_list_ir_1,xgb_shap_list_ir_1_subset_143,orderStd,"['X2', 'X1', 'X3', 'X4', 'X5', 'X6']"
8,xgb_shap_list_ir_1,xgb_shap_list_ir_1_subset_143,orderSum,"['X2', 'X4', 'X6', 'X1', 'X5', 'X3']"
9,xgb_shap_list_ir_3,xgb_shap_list_ir_3_subset_50,orderMean,"['X4', 'X5', 'X3', 'X6', 'X1', 'X2']"
10,xgb_shap_list_ir_3,xgb_shap_list_ir_3_subset_50,orderStd,"['X5', 'X3', 'X2', 'X4', 'X1', 'X6']"
11,xgb_shap_list_ir_3,xgb_shap_list_ir_3_subset_50,orderSum,"['X4', 'X5', 'X3', 'X6', 'X1', 'X2']"
12,xgb_shap_list_ir_1,xgb_shap_list_ir_1_subset_65,orderMean,"['X6', 'X4', 'X1', 'X5', 'X2', 'X3']"
13,xgb_shap_list_ir_1,xgb_shap_list_ir_1_subset_65,orderStd,"['X2', 'X1', 'X4', 'X6', 'X5', 'X3']"
14,xgb_shap_list_ir_1,xgb_shap_list_ir_1_subset_65,orderSum,"['X6', 'X4', 'X1', 'X5', 'X2', 'X3']"
15,xgb_shap_list_ir_3,xgb_shap_list_ir_3_subset_19,orderMean,"['X4', 'X5', 'X1', 'X6', 'X2', 'X3']"
16,xgb_shap_list_ir_3,xgb_shap_list_ir_3_subset_19,orderStd,"['X5', 'X2', 'X4', 'X1', 'X6', 'X3']"
17,xgb_shap_list_ir_3,xgb_shap_list_ir_3_subset_19,orderSum,"['X4', 'X5', 'X1', 'X6', 'X2', 'X3']"
18,xgb_shap_list_ir_1,xgb_shap_list_ir_1_subset_133,orderMean,"['X5', 'X4', 'X6', 'X1', 'X2', 'X3']"
19,xgb_shap_list_ir_1,xgb_shap_list_ir_1_subset_133,orderStd,"['X2', 'X5', 'X1', 'X4', 'X6', 'X3']"
20,xgb_shap_list_ir_1,xgb_shap_list_ir_1_subset_133,orderSum,"['X5', 'X4', 'X6', 'X1', 'X2', 'X3']"
21,xgb_shap_list_ir_1,xgb_shap_list_ir_1_subset_15,orderMean,"['X1', 'X6', 'X4', 'X5', 'X3', 'X2']"
22,xgb_shap_list_ir_1,xgb_shap_list_ir_1_subset_15,orderStd,"['X1', 'X6', 'X2', 'X4', 'X3', 'X5']"
23,xgb_shap_list_ir_1,xgb_shap_list_ir_1_subset_15,orderSum,"['X1', 'X6', 'X4', 'X5', 'X3', 'X2']"
24,xgb_shap_list_ir_3,xgb_shap_list_ir_3_subset_67,orderMean,"['X5', 'X6', 'X4', 'X2', 'X1', 'X3']"
25,xgb_shap_list_ir_3,xgb_shap_list_ir_3_subset_67,orderStd,"['X2', 'X5', 'X1', 'X4', 'X6', 'X3']"
26,xgb_shap_list_ir_3,xgb_shap_list_ir_3_subset_67,orderSum,"['X5', 'X6', 'X4', 'X2', 'X1', 'X3']"
27,xgb_shap_list_ir_5,xgb_shap_list_ir_5_subset_81,orderMean,"['X4', 'X5', 'X6', 'X2', 'X3', 'X1']"
28,xgb_shap_list_ir_5,xgb_shap_list_ir_5_subset_81,orderStd,"['X5', 'X4', 'X2', 'X6', 'X1', 'X3']"
29,xgb_shap_list_ir_5,xgb_shap_list_ir_5_subset_81,orderSum,"['X4', 'X5', 'X6', 'X2', 'X3', 'X1']"
30,xgb_shap_list_ir_5,xgb_shap_list_ir_5_subset_59,orderMean,"['X4', 'X5', 'X6', 'X1', 'X3', 'X2']"
31,xgb_shap_list_ir_5,xgb_shap_list_ir_5_subset_59,orderStd,"['X5', 'X4', 'X6', 'X2', 'X1', 'X3']"
32,xgb_shap_list_ir_5,xgb_shap_list_ir_5_subset_59,orderSum,"['X4', 'X5', 'X6', 'X1', 'X3', 'X2']"
33,xgb_shap_list_ir_1,xgb_shap_list_ir_1_subset_5,orderMean,"['X4', 'X1', 'X6', 'X5', 'X2', 'X3']"
34,xgb_shap_list_ir_1,xgb_shap_list_ir_1_subset_5,orderStd,"['X1', 'X2', 'X6', 'X4', 'X5', 'X3']"
35,xgb_shap_list_ir_1,xgb_shap_list_ir_1_subset_5,orderSum,"['X4', 'X1', 'X6', 'X5', 'X2', 'X3']"
36,xgb_shap_list_ir_3,xgb_shap_list_ir_3_subset_102,orderMean,"['X4', 'X5', 'X6', 'X3', 'X1', 'X2']"
37,xgb_shap_list_ir_3,xgb_shap_list_ir_3_subset_102,orderStd,"['X5', 'X2', 'X4', 'X3', 'X6', 'X1']"
38,xgb_shap_list_ir_3,xgb_shap_list_ir_3_subset_102,orderSum,"['X4', 'X5', 'X6', 'X3', 'X1', 'X2']"
39,xgb_shap_list_ir_5,xgb_shap_list_ir_5_subset_117,orderMean,"['X4', 'X5', 'X6', 'X2', 'X1', 'X3']"
40,xgb_shap_list_ir_5,xgb_shap_list_ir_5_subset_117,orderStd,"['X5', 'X2', 'X4', 'X6', 'X1', 'X3']"
41,xgb_shap_list_ir_5,xgb_shap_list_ir_5_subset_117,orderSum,"['X4', 'X5', 'X6', 'X2', 'X1', 'X3']"
42,xgb_shap_list_ir_3,xgb_shap_list_ir_3_subset_124,orderMean,"['X4', 'X6', 'X1', 'X5', 'X2', 'X3']"
43,xgb_shap_list_ir_3,xgb_shap_list_ir_3_subset_124,orderStd,"['X4', 'X2', 'X5', 'X6', 'X1', 'X3']"
44,xgb_shap_list_ir_3,xgb_shap_list_ir_3_subset_124,orderSum,"['X4', 'X6', 'X1', 'X5', 'X2', 'X3']"
45,xgb_shap_list_ir_3,xgb_shap_list_ir_3_subset_98,orderMean,"['X4', 'X5', 'X2', 'X6', 'X1', 'X3']"
46,xgb_shap_list_ir_3,xgb_shap_list_ir_3_subset_98,orderStd,"['X5', 'X2', 'X4', 'X1', 'X6', 'X3']"
47,xgb_shap_list_ir_3,xgb_shap_list_ir_3_subset_98,orderSum,"['X4', 'X5', 'X2', 'X6', 'X1', 'X3']"
48,xgb_shap_list_ir_1,xgb_shap_list_ir_1_subset_100,orderMean,"['X4', 'X1', 'X6', 'X5', 'X2', 'X3']"
49,xgb_shap_list_ir_1,xgb_shap_list_ir_1_subset_100,orderStd,"['X2', 'X3', 'X4', 'X1', 'X6', 'X5']"
50,xgb_shap_list_ir_1,xgb_shap_list_ir_1_subset_100,orderSum,"['X4', 'X1', 'X6', 'X5', 'X2', 'X3']"
51,xgb_shap_list_ir_2,xgb_shap_list_ir_2_subset_22,orderMean,"['X4', 'X1', 'X5', 'X3', 'X6', 'X2']"
52,xgb_shap_list_ir_2,xgb_shap_list_ir_2_subset_22,orderStd,"['X1', 'X2', 'X4', 'X5', 'X3', 'X6']"
53,xgb_shap_list_ir_2,xgb_shap_list_ir_2_subset_22,orderSum,"['X4', 'X1', 'X5', 'X3', 'X6', 'X2']"
54,xgb_shap_list_ir_2,xgb_shap_list_ir_2_subset_17,orderMean,"['X5', 'X6', 'X4', 'X3', 'X1', 'X2']"
55,xgb_shap_list_ir_2,xgb_shap_list_ir_2_subset_17,orderStd,"['X5', 'X2', 'X1', 'X4', 'X6', 'X3']"
56,xgb_shap_list_ir_2,xgb_shap_list_ir_2_subset_17,orderSum,"['X5', 'X6', 'X4', 'X3', 'X1', 'X2']"
57,xgb_shap_list_ir_4,xgb_shap_list_ir_4_subset_67,orderMean,"['X5', 'X4', 'X2', 'X1', 'X6', 'X3']"
58,xgb_shap_list_ir_4,xgb_shap_list_ir_4_subset_67,orderStd,"['X5', 'X2', 'X1', 'X4', 'X6', 'X3']"
59,xgb_shap_list_ir_4,xgb_shap_list_ir_4_subset_67,orderSum,"['X5', 'X4', 'X2', 'X1', 'X6', 'X3']"
60,xgb_shap_list_ir_4,xgb_shap_list_ir_4_subset_22,orderMean,"['X4', 'X5', 'X6', 'X2', 'X3', 'X1']"
61,xgb_shap_list_ir_4,xgb_shap_list_ir_4_subset_22,orderStd,"['X5', 'X2', 'X4', 'X3', 'X6', 'X1']"
62,xgb_shap_list_ir_4,xgb_shap_list_ir_4_subset_22,orderSum,"['X4', 'X5', 'X6', 'X2', 'X3', 'X1']"
63,xgb_shap_list_ir_1,xgb_shap_list_ir_1_subset_124,orderMean,"['X4', 'X6', 'X1', 'X5', 'X3', 'X2']"
64,xgb_shap_list_ir_1,xgb_shap_list_ir_1_subset_124,orderStd,"['X6', 'X4', 'X5', 'X3', 'X1', 'X2']"
65,xgb_shap_list_ir_1,xgb_shap_list_ir_1_subset_124,orderSum,"['X4', 'X6', 'X1', 'X5', 'X3', 'X2']"
66,xgb_shap_list_ir_4,xgb_shap_list_ir_4_subset_148,orderMean,"['X5', 'X4', 'X1', 'X2', 'X3', 'X6']"
67,xgb_shap_list_ir_4,xgb_shap_list_ir_4_subset_148,orderStd,"['X5', 'X4', 'X2', 'X1', 'X6', 'X3']"
68,xgb_shap_list_ir_4,xgb_shap_list_ir_4_subset_148,orderSum,"['X5', 'X4', 'X1', 'X2', 'X3', 'X6']"
69,xgb_shap_list_ir_2,xgb_shap_list_ir_2_subset_106,orderMean,"['X4', 'X1', 'X6', 'X5', 'X3', 'X2']"
70,xgb_shap_list_ir_2,xgb_shap_list_ir_2_subset_106,orderStd,"['X2', 'X1', 'X5', 'X4', 'X6', 'X3']"
71,xgb_shap_list_ir_2,xgb_shap_list_ir_2_subset_106,orderSum,"['X4', 'X1', 'X6', 'X5', 'X3', 'X2']"
72,xgb_shap_list_ir_3,xgb_shap_list_ir_3_subset_53,orderMean,"['X4', 'X6', 'X5', 'X1', 'X2', 'X3']"
73,xgb_shap_list_ir_3,xgb_shap_list_ir_3_subset_53,orderStd,"['X5', 'X4', 'X6', 'X1', 'X2', 'X3']"
74,xgb_shap_list_ir_3,xgb_shap_list_ir_3_subset_53,orderSum,"['X4', 'X6', 'X5', 'X1', 'X2', 'X3']"
75,xgb_shap_list_ir_4,xgb_shap_list_ir_4_subset_56,orderMean,"['X4', 'X6', 'X5', 'X3', 'X1', 'X2']"
76,xgb_shap_list_ir_4,xgb_shap_list_ir_4_subset_56,orderStd,"['X4', 'X5', 'X2', 'X6', 'X3', 'X1']"
77,xgb_shap_list_ir_4,xgb_shap_list_ir_4_subset_56,orderSum,"['X4', 'X6', 'X5', 'X3', 'X1', 'X2']"
78,xgb_shap_list_ir_2,xgb_shap_list_ir_2_subset_137,orderMean,"['X4', 'X5', 'X6', 'X1', 'X3', 'X2']"
79,xgb_shap_list_ir_2,xgb_shap_list_ir_2_subset_137,orderStd,"['X2', 'X1', 'X5', 'X4', 'X6', 'X3']"
80,xgb_shap_list_ir_2,xgb_shap_list_ir_2_subset_137,orderSum,"['X4', 'X5', 'X6', 'X1', 'X3', 'X2']"
81,xgb_shap_list_ir_1,xgb_shap_list_ir_1_subset_10,orderMean,"['X1', 'X2', 'X4', 'X5', 'X6', 'X3']"
82,xgb_shap_list_ir_1,xgb_shap_list_ir_1_subset_10,orderStd,"['X4', 'X2', 'X1', 'X6', 'X5', 'X3']"
83,xgb_shap_list_ir_1,xgb_shap_list_ir_1_subset_10,orderSum,"['X1', 'X2', 'X4', 'X5', 'X6', 'X3']"
84,xgb_shap_list_ir_5,xgb_shap_list_ir_5_subset_38,orderMean,"['X4', 'X5', 'X6', 'X2', 'X1', 'X3']"
85,xgb_shap_list_ir_5,xgb_shap_list_ir_5_subset_38,orderStd,"['X5', 'X2', 'X4', 'X1', 'X6', 'X3']"
86,xgb_shap_list_ir_5,xgb_shap_list_ir_5_subset_38,orderSum,"['X4', 'X5', 'X6', 'X2', 'X1', 'X3']"
87,xgb_shap_list_ir_1,xgb_shap_list_ir_1_subset_90,orderMean,"['X4', 'X6', 'X5', 'X3', 'X2', 'X1']"
88,xgb_shap_list_ir_1,xgb_shap_list_ir_1_subset_90,orderStd,"['X4', 'X6', 'X2', 'X1', 'X5', 'X3']"
89,xgb_shap_list_ir_1,xgb_shap_list_ir_1_subset_90,orderSum,"['X4', 'X6', 'X5', 'X3', 'X2', 'X1']"
90,xgb_shap_list_ir_2,xgb_shap_list_ir_2_subset_21,orderMean,"['X4', 'X5', 'X1', 'X2', 'X6', 'X3']"
91,xgb_shap_list_ir_2,xgb_shap_list_ir_2_subset_21,orderStd,"['X5', 'X2', 'X4', 'X1', 'X6', 'X3']"
92,xgb_shap_list_ir_2,xgb_shap_list_ir_2_subset_21,orderSum,"['X4', 'X5', 'X1', 'X2', 'X6', 'X3']"
93,xgb_shap_list_ir_2,xgb_shap_list_ir_2_subset_32,orderMean,"['X6', 'X4', 'X2', 'X1', 'X5', 'X3']"
94,xgb_shap_list_ir_2,xgb_shap_list_ir_2_subset_32,orderStd,"['X6', 'X2', 'X4', 'X1', 'X5', 'X3']"
95,xgb_shap_list_ir_2,xgb_shap_list_ir_2_subset_32,orderSum,"['X6', 'X4', 'X2', 'X1', 'X5', 'X3']"
96,xgb_shap_list_ir_5,xgb_shap_list_ir_5_subset_9,orderMean,"['X4', 'X5', 'X1', 'X6', 'X2', 'X3']"
97,xgb_shap_list_ir_5,xgb_shap_list_ir_5_subset_9,orderStd,"['X5', 'X4', 'X2', 'X1', 'X6', 'X3']"
98,xgb_shap_list_ir_5,xgb_shap_list_ir_5_subset_9,orderSum,"['X4', 'X5', 'X1', 'X6', 'X2', 'X3']"
99,xgb_shap_list_ir_3,xgb_shap_list_ir_3_subset_69,orderMean,"['X4', 'X5', 'X1', 'X6', 'X2', 'X3']"
100,xgb_shap_list_ir_3,xgb_shap_list_ir_3_subset_69,orderStd,"['X1', 'X5', 'X4', 'X2', 'X6', 'X3']"
101,xgb_shap_list_ir_3,xgb_shap_list_ir_3_subset_69,orderSum,"['X4', 'X5', 'X1', 'X6', 'X2', 'X3']"
102,xgb_shap_list_ir_4,xgb_shap_list_ir_4_subset_125,orderMean,"['X4', 'X5', 'X1', 'X6', 'X3', 'X2']"
103,xgb_shap_list_ir_4,xgb_shap_list_ir_4_subset_125,orderStd,"['X5', 'X4', 'X2', 'X1', 'X6', 'X3']"
104,xgb_shap_list_ir_4,xgb_shap_list_ir_4_subset_125,orderSum,"['X4', 'X5', 'X1', 'X6', 'X3', 'X2']"
105,xgb_shap_list_ir_2,xgb_shap_list_ir_2_subset_81,orderMean,"['X4', 'X1', 'X6', 'X5', 'X2', 'X3']"
106,xgb_shap_list_ir_2,xgb_shap_list_ir_2_subset_81,orderStd,"['X2', 'X5', 'X4', 'X1', 'X6', 'X3']"
107,xgb_shap_list_ir_2,xgb_shap_list_ir_2_subset_81,orderSum,"['X4', 'X1', 'X6', 'X5', 'X2', 'X3']"
108,xgb_shap_list_ir_3,xgb_shap_list_ir_3_subset_145,orderMean,"['X4', 'X5', 'X3', 'X6', 'X1', 'X2']"
109,xgb_shap_list_ir_3,xgb_shap_list_ir_3_subset_145,orderStd,"['X5', 'X4', 'X3', 'X6', 'X2', 'X1']"
110,xgb_shap_list_ir_3,xgb_shap_list_ir_3_subset_145,orderSum,"['X4', 'X5', 'X3', 'X6', 'X1', 'X2']"
111,xgb_shap_list_ir_3,xgb_shap_list_ir_3_subset_6,orderMean,"['X4', 'X5', 'X6', 'X1', 'X2', 'X3']"
112,xgb_shap_list_ir_3,xgb_shap_list_ir_3_subset_6,orderStd,"['X4', 'X5', 'X6', 'X1', 'X2', 'X3']"
113,xgb_shap_list_ir_3,xgb_shap_list_ir_3_subset_6,orderSum,"['X4', 'X5', 'X6', 'X1', 'X2', 'X3']"
114,xgb_shap_list_ir_3,xgb_shap_list_ir_3_subset_80,orderMean,"['X4', 'X5', 'X1', 'X6', 'X2', 'X3']"
115,xgb_shap_list_ir_3,xgb_shap_list_ir_3_subset_80,orderStd,"['X5', 'X4', 'X1', 'X2', 'X6', 'X3']"
116,xgb_shap_list_ir_3,xgb_shap_list_ir_3_subset_80,orderSum,"['X4', 'X5', 'X1', 'X6', 'X2', 'X3']"
117,xgb_shap_list_ir_1,xgb_shap_list_ir_1_subset_107,orderMean,"['X4', 'X1', 'X6', 'X5', 'X2', 'X3']"
118,xgb_shap_list_ir_1,xgb_shap_list_ir_1_subset_107,orderStd,"['X4', 'X1', 'X2', 'X6', 'X5', 'X3']"
119,xgb_shap_list_ir_1,xgb_shap_list_ir_1_subset_107,orderSum,"['X4', 'X1', 'X6', 'X5', 'X2', 'X3']"
120,xgb_shap_list_ir_3,xgb_shap_list_ir_3_subset_78,orderMean,"['X5', 'X6', 'X4', 'X1', 'X3', 'X2']"
121,xgb_shap_list_ir_3,xgb_shap_list_ir_3_subset_78,orderStd,"['X5', 'X6', 'X2', 'X1', 'X4', 'X3']"
122,xgb_shap_list_ir_3,xgb_shap_list_ir_3_subset_78,orderSum,"['X5', 'X6', 'X4', 'X1', 'X3', 'X2']"
123,xgb_shap_list_ir_3,xgb_shap_list_ir_3_subset_91,orderMean,"['X4', 'X5', 'X1', 'X6', 'X2', 'X3']"
124,xgb_shap_list_ir_3,xgb_shap_list_ir_3_subset_91,orderStd,"['X5', 'X4', 'X2', 'X1', 'X6', 'X3']"
125,xgb_shap_list_ir_3,xgb_shap_list_ir_3_subset_91,orderSum,"['X4', 'X5', 'X1', 'X6', 'X2', 'X3']"
126,xgb_shap_list_ir_1,xgb_shap_list_ir_1_subset_113,orderMean,"['X2', 'X1', 'X4', 'X5', 'X6', 'X3']"
127,xgb_shap_list_ir_1,xgb_shap_list_ir_1_subset_113,orderStd,"['X2', 'X1', 'X4', 'X3', 'X5', 'X6']"
128,xgb_shap_list_ir_1,xgb_shap_list_ir_1_subset_113,orderSum,"['X2', 'X1', 'X4', 'X5', 'X6', 'X3']"
129,xgb_shap_list_ir_2,xgb_shap_list_ir_2_subset_142,orderMean,"['X4', 'X2', 'X5', 'X1', 'X6', 'X3']"
130,xgb_shap_list_ir_2,xgb_shap_list_ir_2_subset_142,orderStd,"['X2', 'X4', 'X1', 'X6', 'X5', 'X3']"
131,xgb_shap_list_ir_2,xgb_shap_list_ir_2_subset_142,orderSum,"['X4', 'X2', 'X5', 'X1', 'X6', 'X3']"
132,xgb_shap_list_ir_2,xgb_shap_list_ir_2_subset_15,orderMean,"['X3', 'X4', 'X5', 'X6', 'X2', 'X1']"
133,xgb_shap_list_ir_2,xgb_shap_list_ir_2_subset_15,orderStd,"['X3', 'X5', 'X4', 'X2', 'X6', 'X1']"
134,xgb_shap_list_ir_2,xgb_shap_list_ir_2_subset_15,orderSum,"['X3', 'X4', 'X5', 'X6', 'X2', 'X1']"
135,xgb_shap_list_ir_4,xgb_shap_list_ir_4_subset_49,orderMean,"['X4', 'X5', 'X1', 'X3', 'X6', 'X2']"
136,xgb_shap_list_ir_4,xgb_shap_list_ir_4_subset_49,orderStd,"['X2', 'X4', 'X5', 'X1', 'X3', 'X6']"
137,xgb_shap_list_ir_4,xgb_shap_list_ir_4_subset_49,orderSum,"['X4', 'X5', 'X1', 'X3', 'X6', 'X2']"
138,xgb_shap_list_ir_3,xgb_shap_list_ir_3_subset_122,orderMean,"['X4', 'X5', 'X2', 'X1', 'X3', 'X6']"
139,xgb_shap_list_ir_3,xgb_shap_list_ir_3_subset_122,orderStd,"['X2', 'X5', 'X4', 'X1', 'X6', 'X3']"
140,xgb_shap_list_ir_3,xgb_shap_list_ir_3_subset_122,orderSum,"['X4', 'X5', 'X2', 'X1', 'X3', 'X6']"
141,xgb_shap_list_ir_5,xgb_shap_list_ir_5_subset_47,orderMean,"['X4', 'X5', 'X1', 'X6', 'X3', 'X2']"
142,xgb_shap_list_ir_5,xgb_shap_list_ir_5_subset_47,orderStd,"['X5', 'X2', 'X4', 'X1', 'X6', 'X3']"
143,xgb_shap_list_ir_5,xgb_shap_list_ir_5_subset_47,orderSum,"['X4', 'X5', 'X1', 'X6', 'X3', 'X2']"
144,xgb_shap_list_ir_1,xgb_shap_list_ir_1_subset_148,orderMean,"['X4', 'X1', 'X6', 'X2', 'X5', 'X3']"
145,xgb_shap_list_ir_1,xgb_shap_list_ir_1_subset_148,orderStd,"['X1', 'X3', 'X4', 'X2', 'X5', 'X6']"
146,xgb_shap_list_ir_1,xgb_shap_list_ir_1_subset_148,orderSum,"['X4', 'X1', 'X6', 'X2', 'X5', 'X3']"
147,xgb_shap_list_ir_1,xgb_shap_list_ir_1_subset_98,orderMean,"['X4', 'X6', 'X5', 'X3', 'X2', 'X1']"
148,xgb_shap_list_ir_1,xgb_shap_list_ir_1_subset_98,orderStd,"['X2', 'X5', 'X4', 'X1', 'X3', 'X6']"
149,xgb_shap_list_ir_1,xgb_shap_list_ir_1_subset_98,orderSum,"['X4', 'X6', 'X5', 'X3', 'X2', 'X1']"
150,xgb_shap_list_ir_1,xgb_shap_list_ir_1_subset_140,orderMean,"['X3', 'X1', 'X5', 'X4', 'X6', 'X2']"
151,xgb_shap_list_ir_1,xgb_shap_list_ir_1_subset_140,orderStd,"['X1', 'X3', 'X5', 'X4', 'X6', 'X2']"
152,xgb_shap_list_ir_1,xgb_shap_list_ir_1_subset_140,orderSum,"['X3', 'X1', 'X5', 'X4', 'X6', 'X2']"
153,xgb_shap_list_ir_5,xgb_shap_list_ir_5_subset_37,orderMean,"['X4', 'X5', 'X1', 'X6', 'X2', 'X3']"
154,xgb_shap_list_ir_5,xgb_shap_list_ir_5_subset_37,orderStd,"['X5', 'X4', 'X2', 'X6', 'X1', 'X3']"
155,xgb_shap_list_ir_5,xgb_shap_list_ir_5_subset_37,orderSum,"['X4', 'X5', 'X1', 'X6', 'X2', 'X3']"
156,xgb_shap_list_ir_3,xgb_shap_list_ir_3_subset_135,orderMean,"['X6', 'X4', 'X5', 'X2', 'X3', 'X1']"
157,xgb_shap_list_ir_3,xgb_shap_list_ir_3_subset_135,orderStd,"['X2', 'X6', 'X5', 'X4', 'X1', 'X3']"
158,xgb_shap_list_ir_3,xgb_shap_list_ir_3_subset_135,orderSum,"['X6', 'X4', 'X5', 'X2', 'X3', 'X1']"
159,xgb_shap_list_ir_1,xgb_shap_list_ir_1_subset_29,orderMean,"['X5', 'X4', 'X3', 'X6', 'X1', 'X2']"
160,xgb_shap_list_ir_1,xgb_shap_list_ir_1_subset_29,orderStd,"['X5', 'X6', 'X3', 'X1', 'X4', 'X2']"
161,xgb_shap_list_ir_1,xgb_shap_list_ir_1_subset_29,orderSum,"['X5', 'X4', 'X3', 'X6', 'X1', 'X2']"
162,xgb_shap_list_ir_4,xgb_shap_list_ir_4_subset_146,orderMean,"['X4', 'X5', 'X1', 'X6', 'X2', 'X3']"
163,xgb_shap_list_ir_4,xgb_shap_list_ir_4_subset_146,orderStd,"['X5', 'X4', 'X2', 'X1', 'X6', 'X3']"
164,xgb_shap_list_ir_4,xgb_shap_list_ir_4_subset_146,orderSum,"['X4', 'X5', 'X1', 'X6', 'X2', 'X3']"
165,xgb_shap_list_ir_4,xgb_shap_list_ir_4_subset_88,orderMean,"['X4', 'X5', 'X2', 'X3', 'X6', 'X1']"
166,xgb_shap_list_ir_4,xgb_shap_list_ir_4_subset_88,orderStd,"['X5', 'X2', 'X4', 'X1', 'X6', 'X3']"
167,xgb_shap_list_ir_4,xgb_shap_list_ir_4_subset_88,orderSum,"['X4', 'X5', 'X2', 'X3', 'X6', 'X1']"
168,xgb_shap_list_ir_2,xgb_shap_list_ir_2_subset_54,orderMean,"['X4', 'X5', 'X1', 'X6', 'X2', 'X3']"
169,xgb_shap_list_ir_2,xgb_shap_list_ir_2_subset_54,orderStd,"['X1', 'X5', 'X4', 'X6', 'X2', 'X3']"
170,xgb_shap_list_ir_2,xgb_shap_list_ir_2_subset_54,orderSum,"['X4', 'X5', 'X1', 'X6', 'X2', 'X3']"
171,xgb_shap_list_ir_2,xgb_shap_list_ir_2_subset_147,orderMean,"['X3', 'X6', 'X4', 'X5', 'X1', 'X2']"
172,xgb_shap_list_ir_2,xgb_shap_list_ir_2_subset_147,orderStd,"['X3', 'X6', 'X5', 'X4', 'X2', 'X1']"
173,xgb_shap_list_ir_2,xgb_shap_list_ir_2_subset_147,orderSum,"['X3', 'X6', 'X4', 'X5', 'X1', 'X2']"
174,xgb_shap_list_ir_1,xgb_shap_list_ir_1_subset_30,orderMean,"['X1', 'X6', 'X5', 'X4', 'X3', 'X2']"
175,xgb_shap_list_ir_1,xgb_shap_list_ir_1_subset_30,orderStd,"['X1', 'X2', 'X6', 'X4', 'X5', 'X3']"
176,xgb_shap_list_ir_1,xgb_shap_list_ir_1_subset_30,orderSum,"['X1', 'X6', 'X5', 'X4', 'X3', 'X2']"
177,xgb_shap_list_ir_5,xgb_shap_list_ir_5_subset_93,orderMean,"['X4', 'X5', 'X6', 'X1', 'X2', 'X3']"
178,xgb_shap_list_ir_5,xgb_shap_list_ir_5_subset_93,orderStd,"['X5', 'X4', 'X6', 'X2', 'X1', 'X3']"
179,xgb_shap_list_ir_5,xgb_shap_list_ir_5_subset_93,orderSum,"['X4', 'X5', 'X6', 'X1', 'X2', 'X3']"
180,xgb_shap_list_ir_3,xgb_shap_list_ir_3_subset_136,orderMean,"['X4', 'X5', 'X1', 'X6', 'X2', 'X3']"
181,xgb_shap_list_ir_3,xgb_shap_list_ir_3_subset_136,orderStd,"['X5', 'X2', 'X1', 'X4', 'X6', 'X3']"
182,xgb_shap_list_ir_3,xgb_shap_list_ir_3_subset_136,orderSum,"['X4', 'X5', 'X1', 'X6', 'X2', 'X3']"
183,xgb_shap_list_ir_2,xgb_shap_list_ir_2_subset_16,orderMean,"['X1', 'X5', 'X6', 'X2', 'X4', 'X3']"
184,xgb_shap_list_ir_2,xgb_shap_list_ir_2_subset_16,orderStd,"['X5', 'X1', 'X2', 'X6', 'X4', 'X3']"
185,xgb_shap_list_ir_2,xgb_shap_list_ir_2_subset_16,orderSum,"['X1', 'X5', 'X6', 'X2', 'X4', 'X3']"
186,xgb_shap_list_ir_2,xgb_shap_list_ir_2_subset_66,orderMean,"['X5', 'X6', 'X4', 'X2', 'X1', 'X3']"
187,xgb_shap_list_ir_2,xgb_shap_list_ir_2_subset_66,orderStd,"['X5', 'X3', 'X4', 'X6', 'X1', 'X2']"
188,xgb_shap_list_ir_2,xgb_shap_list_ir_2_subset_66,orderSum,"['X5', 'X6', 'X4', 'X2', 'X1', 'X3']"
189,xgb_shap_list_ir_1,xgb_shap_list_ir_1_subset_60,orderMean,"['X6', 'X4', 'X1', 'X2', 'X5', 'X3']"
190,xgb_shap_list_ir_1,xgb_shap_list_ir_1_subset_60,orderStd,"['X2', 'X6', 'X5', 'X1', 'X4', 'X3']"
191,xgb_shap_list_ir_1,xgb_shap_list_ir_1_subset_60,orderSum,"['X6', 'X4', 'X1', 'X2', 'X5', 'X3']"
192,xgb_shap_list_ir_5,xgb_shap_list_ir_5_subset_92,orderMean,"['X4', 'X5', 'X1', 'X2', 'X6', 'X3']"
193,xgb_shap_list_ir_5,xgb_shap_list_ir_5_subset_92,orderStd,"['X2', 'X5', 'X4', 'X6', 'X1', 'X3']"
194,xgb_shap_list_ir_5,xgb_shap_list_ir_5_subset_92,orderSum,"['X4', 'X5', 'X1', 'X2', 'X6', 'X3']"
195,xgb_shap_list_ir_4,xgb_shap_list_ir_4_subset_91,orderMean,"['X4', 'X5', 'X6', 'X1', 'X2', 'X3']"
196,xgb_shap_list_ir_4,xgb_shap_list_ir_4_subset_91,orderStd,"['X4', 'X2', 'X5', 'X3', 'X6', 'X1']"
197,xgb_shap_list_ir_4,xgb_shap_list_ir_4_subset_91,orderSum,"['X4', 'X5', 'X6', 'X1', 'X2', 'X3']"
198,xgb_shap_list_ir_3,xgb_shap_list_ir_3_subset_31,orderMean,"['X4', 'X5', 'X1', 'X6', 'X2', 'X3']"
199,xgb_shap_list_ir_3,xgb_shap_list_ir_3_subset_31,orderStd,"['X4', 'X1', 'X5', 'X2', 'X6', 'X3']"
200,xgb_shap_list_ir_3,xgb_shap_list_ir_3_subset_31,orderSum,"['X4', 'X5', 'X1', 'X6', 'X2', 'X3']"
201,xgb_shap_list_ir_5,xgb_shap_list_ir_5_subset_135,orderMean,"['X4', 'X5', 'X6', 'X2', 'X1', 'X3']"
202,xgb_shap_list_ir_5,xgb_shap_list_ir_5_subset_135,orderStd,"['X4', 'X5', 'X2', 'X6', 'X1', 'X3']"
203,xgb_shap_list_ir_5,xgb_shap_list_ir_5_subset_135,orderSum,"['X4', 'X5', 'X6', 'X2', 'X1', 'X3']"
204,xgb_shap_list_ir_1,xgb_shap_list_ir_1_subset_49,orderMean,"['X1', 'X5', 'X4', 'X3', 'X2', 'X6']"
205,xgb_shap_list_ir_1,xgb_shap_list_ir_1_subset_49,orderStd,"['X1', 'X5', 'X3', 'X4', 'X2', 'X6']"
206,xgb_shap_list_ir_1,xgb_shap_list_ir_1_subset_49,orderSum,"['X1', 'X5', 'X4', 'X3', 'X2', 'X6']"
207,xgb_shap_list_ir_2,xgb_shap_list_ir_2_subset_90,orderMean,"['X4', 'X6', 'X5', 'X3', 'X1', 'X2']"
208,xgb_shap_list_ir_2,xgb_shap_list_ir_2_subset_90,orderStd,"['X2', 'X5', 'X6', 'X1', 'X3', 'X4']"
209,xgb_shap_list_ir_2,xgb_shap_list_ir_2_subset_90,orderSum,"['X4', 'X6', 'X5', 'X3', 'X1', 'X2']"
210,xgb_shap_list_ir_4,xgb_shap_list_ir_4_subset_130,orderMean,"['X4', 'X5', 'X1', 'X3', 'X6', 'X2']"
211,xgb_shap_list_ir_4,xgb_shap_list_ir_4_subset_130,orderStd,"['X5', 'X4', 'X2', 'X1', 'X6', 'X3']"
212,xgb_shap_list_ir_4,xgb_shap_list_ir_4_subset_130,orderSum,"['X4', 'X5', 'X1', 'X3', 'X6', 'X2']"
213,xgb_shap_list_ir_5,xgb_shap_list_ir_5_subset_10,orderMean,"['X5', 'X4', 'X1', 'X6', 'X2', 'X3']"
214,xgb_shap_list_ir_5,xgb_shap_list_ir_5_subset_10,orderStd,"['X5', 'X4', 'X1', 'X2', 'X6', 'X3']"
215,xgb_shap_list_ir_5,xgb_shap_list_ir_5_subset_10,orderSum,"['X5', 'X4', 'X1', 'X6', 'X2', 'X3']"
216,xgb_shap_list_ir_2,xgb_shap_list_ir_2_subset_141,orderMean,"['X1', 'X4', 'X6', 'X2', 'X3', 'X5']"
217,xgb_shap_list_ir_2,xgb_shap_list_ir_2_subset_141,orderStd,"['X1', 'X2', 'X4', 'X6', 'X3', 'X5']"
218,xgb_shap_list_ir_2,xgb_shap_list_ir_2_subset_141,orderSum,"['X1', 'X4', 'X6', 'X2', 'X3', 'X5']"
219,xgb_shap_list_ir_4,xgb_shap_list_ir_4_subset_128,orderMean,"['X5', 'X4', 'X1', 'X6', 'X2', 'X3']"
220,xgb_shap_list_ir_4,xgb_shap_list_ir_4_subset_128,orderStd,"['X5', 'X2', 'X1', 'X4', 'X6', 'X3']"
221,xgb_shap_list_ir_4,xgb_shap_list_ir_4_subset_128,orderSum,"['X5', 'X4', 'X1', 'X6', 'X2', 'X3']"
222,xgb_shap_list_ir_2,xgb_shap_list_ir_2_subset_116,orderMean,"['X4', 'X6', 'X5', 'X1', 'X3', 'X2']"
223,xgb_shap_list_ir_2,xgb_shap_list_ir_2_subset_116,orderStd,"['X5', 'X1', 'X4', 'X6', 'X2', 'X3']"
224,xgb_shap_list_ir_2,xgb_shap_list_ir_2_subset_116,orderSum,"['X4', 'X6', 'X5', 'X1', 'X3', 'X2']"
225,xgb_shap_list_ir_5,xgb_shap_list_ir_5_subset_90,orderMean,"['X4', 'X5', 'X6', 'X1', 'X2', 'X3']"
226,xgb_shap_list_ir_5,xgb_shap_list_ir_5_subset_90,orderStd,"['X5', 'X4', 'X6', 'X2', 'X1', 'X3']"
227,xgb_shap_list_ir_5,xgb_shap_list_ir_5_subset_90,orderSum,"['X4', 'X5', 'X6', 'X1', 'X2', 'X3']"
228,xgb_shap_list_ir_3,xgb_shap_list_ir_3_subset_26,orderMean,"['X4', 'X5', 'X6', 'X2', 'X1', 'X3']"
229,xgb_shap_list_ir_3,xgb_shap_list_ir_3_subset_26,orderStd,"['X4', 'X5', 'X2', 'X6', 'X1', 'X3']"
230,xgb_shap_list_ir_3,xgb_shap_list_ir_3_subset_26,orderSum,"['X4', 'X5', 'X6', 'X2', 'X1', 'X3']"
231,xgb_shap_list_ir_4,xgb_shap_list_ir_4_subset_82,orderMean,"['X4', 'X5', 'X1', 'X6', 'X3', 'X2']"
232,xgb_shap_list_ir_4,xgb_shap_list_ir_4_subset_82,orderStd,"['X5', 'X4', 'X1', 'X2', 'X3', 'X6']"
233,xgb_shap_list_ir_4,xgb_shap_list_ir_4_subset_82,orderSum,"['X4', 'X5', 'X1', 'X6', 'X3', 'X2']"
234,xgb_shap_list_ir_2,xgb_shap_list_ir_2_subset_129,orderMean,"['X6', 'X4', 'X3', 'X5', 'X1', 'X2']"
235,xgb_shap_list_ir_2,xgb_shap_list_ir_2_subset_129,orderStd,"['X6', 'X4', 'X5', 'X3', 'X2', 'X1']"
236,xgb_shap_list_ir_2,xgb_shap_list_ir_2_subset_129,orderSum,"['X6', 'X4', 'X3', 'X5', 'X1', 'X2']"
237,xgb_shap_list_ir_4,xgb_shap_list_ir_4_subset_132,orderMean,"['X4', 'X5', 'X6', 'X2', 'X1', 'X3']"
238,xgb_shap_list_ir_4,xgb_shap_list_ir_4_subset_132,orderStd,"['X5', 'X4', 'X2', 'X6', 'X1', 'X3']"
239,xgb_shap_list_ir_4,xgb_shap_list_ir_4_subset_132,orderSum,"['X4', 'X5', 'X6', 'X2', 'X1', 'X3']"
240,xgb_shap_list_ir_5,xgb_shap_list_ir_5_subset_143,orderMean,"['X4', 'X5', 'X6', 'X1', 'X3', 'X2']"
241,xgb_shap_list_ir_5,xgb_shap_list_ir_5_subset_143,orderStd,"['X5', 'X4', 'X2', 'X1', 'X6', 'X3']"
242,xgb_shap_list_ir_5,xgb_shap_list_ir_5_subset_143,orderSum,"['X4', 'X5', 'X6', 'X1', 'X3', 'X2']"
243,xgb_shap_list_ir_3,xgb_shap_list_ir_3_subset_57,orderMean,"['X4', 'X5', 'X1', 'X2', 'X6', 'X3']"
244,xgb_shap_list_ir_3,xgb_shap_list_ir_3_subset_57,orderStd,"['X1', 'X5', 'X4', 'X2', 'X6', 'X3']"
245,xgb_shap_list_ir_3,xgb_shap_list_ir_3_subset_57,orderSum,"['X4', 'X5', 'X1', 'X2', 'X6', 'X3']"
246,xgb_shap_list_ir_3,xgb_shap_list_ir_3_subset_95,orderMean,"['X4', 'X1', 'X6', 'X5', 'X2', 'X3']"
247,xgb_shap_list_ir_3,xgb_shap_list_ir_3_subset_95,orderStd,"['X4', 'X2', 'X1', 'X5', 'X6', 'X3']"
248,xgb_shap_list_ir_3,xgb_shap_list_ir_3_subset_95,orderSum,"['X4', 'X1', 'X6', 'X5', 'X2', 'X3']"
249,xgb_shap_list_ir_5,xgb_shap_list_ir_5_subset_31,orderMean,"['X4', 'X5', 'X6', 'X3', 'X2', 'X1']"
250,xgb_shap_list_ir_5,xgb_shap_list_ir_5_subset_31,orderStd,"['X5', 'X2', 'X4', 'X1', 'X6', 'X3']"
251,xgb_shap_list_ir_5,xgb_shap_list_ir_5_subset_31,orderSum,"['X4', 'X5', 'X6', 'X3', 'X2', 'X1']"
252,xgb_shap_list_ir_5,xgb_shap_list_ir_5_subset_20,orderMean,"['X4', 'X5', 'X1', 'X6', 'X2', 'X3']"
253,xgb_shap_list_ir_5,xgb_shap_list_ir_5_subset_20,orderStd,"['X5', 'X4', 'X1', 'X2', 'X6', 'X3']"
254,xgb_shap_list_ir_5,xgb_shap_list_ir_5_subset_20,orderSum,"['X4', 'X5', 'X1', 'X6', 'X2', 'X3']"
255,xgb_shap_list_ir_1,xgb_shap_list_ir_1_subset_89,orderMean,"['X4', 'X6', 'X5', 'X1', 'X3', 'X2']"
256,xgb_shap_list_ir_1,xgb_shap_list_ir_1_subset_89,orderStd,"['X4', 'X6', 'X2', 'X3', 'X5', 'X1']"
257,xgb_shap_list_ir_1,xgb_shap_list_ir_1_subset_89,orderSum,"['X4', 'X6', 'X5', 'X1', 'X3', 'X2']"
258,xgb_shap_list_ir_1,xgb_shap_list_ir_1_subset_42,orderMean,"['X1', 'X4', 'X2', 'X5', 'X6', 'X3']"
259,xgb_shap_list_ir_1,xgb_shap_list_ir_1_subset_42,orderStd,"['X2', 'X4', 'X5', 'X1', 'X6', 'X3']"
260,xgb_shap_list_ir_1,xgb_shap_list_ir_1_subset_42,orderSum,"['X1', 'X4', 'X2', 'X5', 'X6', 'X3']"
261,xgb_shap_list_ir_1,xgb_shap_list_ir_1_subset_61,orderMean,"['X4', 'X6', 'X3', 'X5', 'X1', 'X2']"
262,xgb_shap_list_ir_1,xgb_shap_list_ir_1_subset_61,orderStd,"['X4', 'X3', 'X6', 'X5', 'X1', 'X2']"
263,xgb_shap_list_ir_1,xgb_shap_list_ir_1_subset_61,orderSum,"['X4', 'X6', 'X3', 'X5', 'X1', 'X2']"
264,xgb_shap_list_ir_5,xgb_shap_list_ir_5_subset_39,orderMean,"['X4', 'X5', 'X6', 'X1', 'X2', 'X3']"
265,xgb_shap_list_ir_5,xgb_shap_list_ir_5_subset_39,orderStd,"['X5', 'X4', 'X1', 'X2', 'X6', 'X3']"
266,xgb_shap_list_ir_5,xgb_shap_list_ir_5_subset_39,orderSum,"['X4', 'X5', 'X6', 'X1', 'X2', 'X3']"
267,xgb_shap_list_ir_3,xgb_shap_list_ir_3_subset_30,orderMean,"['X4', 'X5', 'X3', 'X6', 'X1', 'X2']"
268,xgb_shap_list_ir_3,xgb_shap_list_ir_3_subset_30,orderStd,"['X5', 'X4', 'X3', 'X1', 'X2', 'X6']"
269,xgb_shap_list_ir_3,xgb_shap_list_ir_3_subset_30,orderSum,"['X4', 'X5', 'X3', 'X6', 'X1', 'X2']"
270,xgb_shap_list_ir_4,xgb_shap_list_ir_4_subset_96,orderMean,"['X4', 'X5', 'X3', 'X1', 'X6', 'X2']"
271,xgb_shap_list_ir_4,xgb_shap_list_ir_4_subset_96,orderStd,"['X4', 'X5', 'X1', 'X2', 'X3', 'X6']"
272,xgb_shap_list_ir_4,xgb_shap_list_ir_4_subset_96,orderSum,"['X4', 'X5', 'X3', 'X1', 'X6', 'X2']"
273,xgb_shap_list_ir_2,xgb_shap_list_ir_2_subset_85,orderMean,"['X5', 'X4', 'X1', 'X6', 'X2', 'X3']"
274,xgb_shap_list_ir_2,xgb_shap_list_ir_2_subset_85,orderStd,"['X5', 'X4', 'X1', 'X6', 'X2', 'X3']"
275,xgb_shap_list_ir_2,xgb_shap_list_ir_2_subset_85,orderSum,"['X5', 'X4', 'X1', 'X6', 'X2', 'X3']"
276,xgb_shap_list_ir_2,xgb_shap_list_ir_2_subset_68,orderMean,"['X4', 'X6', 'X3', 'X5', 'X2', 'X1']"
277,xgb_shap_list_ir_2,xgb_shap_list_ir_2_subset_68,orderStd,"['X4', 'X3', 'X6', 'X5', 'X1', 'X2']"
278,xgb_shap_list_ir_2,xgb_shap_list_ir_2_subset_68,orderSum,"['X4', 'X6', 'X3', 'X5', 'X2', 'X1']"
279,xgb_shap_list_ir_1,xgb_shap_list_ir_1_subset_103,orderMean,"['X3', 'X6', 'X5', 'X1', 'X4', 'X2']"
280,xgb_shap_list_ir_1,xgb_shap_list_ir_1_subset_103,orderStd,"['X3', 'X5', 'X1', 'X4', 'X2', 'X6']"
281,xgb_shap_list_ir_1,xgb_shap_list_ir_1_subset_103,orderSum,"['X3', 'X6', 'X5', 'X1', 'X4', 'X2']"
282,xgb_shap_list_ir_2,xgb_shap_list_ir_2_subset_51,orderMean,"['X4', 'X5', 'X6', 'X3', 'X2', 'X1']"
283,xgb_shap_list_ir_2,xgb_shap_list_ir_2_subset_51,orderStd,"['X5', 'X4', 'X2', 'X3', 'X6', 'X1']"
284,xgb_shap_list_ir_2,xgb_shap_list_ir_2_subset_51,orderSum,"['X4', 'X5', 'X6', 'X3', 'X2', 'X1']"
285,xgb_shap_list_ir_4,xgb_shap_list_ir_4_subset_135,orderMean,"['X4', 'X5', 'X1', 'X6', 'X2', 'X3']"
286,xgb_shap_list_ir_4,xgb_shap_list_ir_4_subset_135,orderStd,"['X5', 'X2', 'X4', 'X1', 'X6', 'X3']"
287,xgb_shap_list_ir_4,xgb_shap_list_ir_4_subset_135,orderSum,"['X4', 'X5', 'X1', 'X6', 'X2', 'X3']"
288,xgb_shap_list_ir_5,xgb_shap_list_ir_5_subset_125,orderMean,"['X4', 'X5', 'X1', 'X2', 'X3', 'X6']"
289,xgb_shap_list_ir_5,xgb_shap_list_ir_5_subset_125,orderStd,"['X5', 'X4', 'X2', 'X1', 'X3', 'X6']"
290,xgb_shap_list_ir_5,xgb_shap_list_ir_5_subset_125,orderSum,"['X4', 'X5', 'X1', 'X2', 'X3', 'X6']"
291,xgb_shap_list_ir_1,xgb_shap_list_ir_1_subset_54,orderMean,"['X6', 'X5', 'X4', 'X2', 'X3', 'X1']"
292,xgb_shap_list_ir_1,xgb_shap_list_ir_1_subset_54,orderStd,"['X2', 'X5', 'X4', 'X6', 'X3', 'X1']"
293,xgb_shap_list_ir_1,xgb_shap_list_ir_1_subset_54,orderSum,"['X6', 'X5', 'X4', 'X2', 'X3', 'X1']"
294,xgb_shap_list_ir_1,xgb_shap_list_ir_1_subset_48,orderMean,"['X4', 'X6', 'X5', 'X1', 'X2', 'X3']"
295,xgb_shap_list_ir_1,xgb_shap_list_ir_1_subset_48,orderStd,"['X6', 'X4', 'X2', 'X1', 'X3', 'X5']"
296,xgb_shap_list_ir_1,xgb_shap_list_ir_1_subset_48,orderSum,"['X4', 'X6', 'X5', 'X1', 'X2', 'X3']"
297,xgb_shap_list_ir_5,xgb_shap_list_ir_5_subset_105,orderMean,"['X4', 'X5', 'X6', 'X1', 'X2', 'X3']"
298,xgb_shap_list_ir_5,xgb_shap_list_ir_5_subset_105,orderStd,"['X4', 'X5', 'X2', 'X1', 'X6', 'X3']"
299,xgb_shap_list_ir_5,xgb_shap_list_ir_5_subset_105,orderSum,"['X4', 'X5', 'X6', 'X1', 'X2', 'X3']"
300,xgb_shap_list_ir_3,xgb_shap_list_ir_3_subset_144,orderMean,"['X4', 'X5', 'X1', 'X2', 'X6', 'X3']"
301,xgb_shap_list_ir_3,xgb_shap_list_ir_3_subset_144,orderStd,"['X5', 'X2', 'X6', 'X4', 'X1', 'X3']"
302,xgb_shap_list_ir_3,xgb_shap_list_ir_3_subset_144,orderSum,"['X4', 'X5', 'X1', 'X2', 'X6', 'X3']"
303,xgb_shap_list_ir_5,xgb_shap_list_ir_5_subset_133,orderMean,"['X5', 'X4', 'X6', 'X1', 'X2', 'X3']"
304,xgb_shap_list_ir_5,xgb_shap_list_ir_5_subset_133,orderStd,"['X5', 'X2', 'X1', 'X4', 'X6', 'X3']"
305,xgb_shap_list_ir_5,xgb_shap_list_ir_5_subset_133,orderSum,"['X5', 'X4', 'X6', 'X1', 'X2', 'X3']"
306,xgb_shap_list_ir_5,xgb_shap_list_ir_5_subset_36,orderMean,"['X4', 'X5', 'X6', 'X3', 'X1', 'X2']"
307,xgb_shap_list_ir_5,xgb_shap_list_ir_5_subset_36,orderStd,"['X5', 'X4', 'X2', 'X1', 'X3', 'X6']"
308,xgb_shap_list_ir_5,xgb_shap_list_ir_5_subset_36,orderSum,"['X4', 'X5', 'X6', 'X3', 'X1', 'X2']"
309,xgb_shap_list_ir_4,xgb_shap_list_ir_4_subset_76,orderMean,"['X4', 'X5', 'X3', 'X1', 'X2', 'X6']"
310,xgb_shap_list_ir_4,xgb_shap_list_ir_4_subset_76,orderStd,"['X4', 'X5', 'X2', 'X6', 'X3', 'X1']"
311,xgb_shap_list_ir_4,xgb_shap_list_ir_4_subset_76,orderSum,"['X4', 'X5', 'X3', 'X1', 'X2', 'X6']"
312,xgb_shap_list_ir_1,xgb_shap_list_ir_1_subset_8,orderMean,"['X5', 'X4', 'X6', 'X1', 'X2', 'X3']"
313,xgb_shap_list_ir_1,xgb_shap_list_ir_1_subset_8,orderStd,"['X4', 'X5', 'X6', 'X2', 'X1', 'X3']"
314,xgb_shap_list_ir_1,xgb_shap_list_ir_1_subset_8,orderSum,"['X5', 'X4', 'X6', 'X1', 'X2', 'X3']"
315,xgb_shap_list_ir_5,xgb_shap_list_ir_5_subset_95,orderMean,"['X4', 'X5', 'X3', 'X6', 'X1', 'X2']"
316,xgb_shap_list_ir_5,xgb_shap_list_ir_5_subset_95,orderStd,"['X5', 'X4', 'X2', 'X6', 'X3', 'X1']"
317,xgb_shap_list_ir_5,xgb_shap_list_ir_5_subset_95,orderSum,"['X4', 'X5', 'X3', 'X6', 'X1', 'X2']"
318,xgb_shap_list_ir_2,xgb_shap_list_ir_2_subset_72,orderMean,"['X5', 'X4', 'X3', 'X2', 'X6', 'X1']"
319,xgb_shap_list_ir_2,xgb_shap_list_ir_2_subset_72,orderStd,"['X3', 'X5', 'X2', 'X4', 'X6', 'X1']"
320,xgb_shap_list_ir_2,xgb_shap_list_ir_2_subset_72,orderSum,"['X5', 'X4', 'X3', 'X2', 'X6', 'X1']"
321,xgb_shap_list_ir_4,xgb_shap_list_ir_4_subset_42,orderMean,"['X4', 'X5', 'X6', 'X3', 'X1', 'X2']"
322,xgb_shap_list_ir_4,xgb_shap_list_ir_4_subset_42,orderStd,"['X5', 'X4', 'X2', 'X1', 'X6', 'X3']"
323,xgb_shap_list_ir_4,xgb_shap_list_ir_4_subset_42,orderSum,"['X4', 'X5', 'X6', 'X3', 'X1', 'X2']"
324,xgb_shap_list_ir_4,xgb_shap_list_ir_4_subset_75,orderMean,"['X4', 'X5', 'X6', 'X3', 'X2', 'X1']"
325,xgb_shap_list_ir_4,xgb_shap_list_ir_4_subset_75,orderStd,"['X5', 'X2', 'X4', 'X6', 'X3', 'X1']"
326,xgb_shap_list_ir_4,xgb_shap_list_ir_4_subset_75,orderSum,"['X4', 'X5', 'X6', 'X3', 'X2', 'X1']"
327,xgb_shap_list_ir_4,xgb_shap_list_ir_4_subset_31,orderMean,"['X4', 'X6', 'X5', 'X1', 'X3', 'X2']"
328,xgb_shap_list_ir_4,xgb_shap_list_ir_4_subset_31,orderStd,"['X4', 'X2', 'X5', 'X1', 'X6', 'X3']"
329,xgb_shap_list_ir_4,xgb_shap_list_ir_4_subset_31,orderSum,"['X4', 'X6', 'X5', 'X1', 'X3', 'X2']"
330,xgb_shap_list_ir_4,xgb_shap_list_ir_4_subset_93,orderMean,"['X4', 'X5', 'X3', 'X6', 'X2', 'X1']"
331,xgb_shap_list_ir_4,xgb_shap_list_ir_4_subset_93,orderStd,"['X5', 'X4', 'X2', 'X6', 'X1', 'X3']"
332,xgb_shap_list_ir_4,xgb_shap_list_ir_4_subset_93,orderSum,"['X4', 'X5', 'X3', 'X6', 'X2', 'X1']"
333,xgb_shap_list_ir_4,xgb_shap_list_ir_4_subset_94,orderMean,"['X4', 'X5', 'X2', 'X1', 'X6', 'X3']"
334,xgb_shap_list_ir_4,xgb_shap_list_ir_4_subset_94,orderStd,"['X5', 'X4', 'X2', 'X1', 'X6', 'X3']"
335,xgb_shap_list_ir_4,xgb_shap_list_ir_4_subset_94,orderSum,"['X4', 'X5', 'X2', 'X1', 'X6', 'X3']"
336,xgb_shap_list_ir_2,xgb_shap_list_ir_2_subset_98,orderMean,"['X3', 'X4', 'X5', 'X6', 'X1', 'X2']"
337,xgb_shap_list_ir_2,xgb_shap_list_ir_2_subset_98,orderStd,"['X2', 'X3', 'X4', 'X5', 'X1', 'X6']"
338,xgb_shap_list_ir_2,xgb_shap_list_ir_2_subset_98,orderSum,"['X3', 'X4', 'X5', 'X6', 'X1', 'X2']"
339,xgb_shap_list_ir_2,xgb_shap_list_ir_2_subset_109,orderMean,"['X4', 'X6', 'X3', 'X2', 'X1', 'X5']"
340,xgb_shap_list_ir_2,xgb_shap_list_ir_2_subset_109,orderStd,"['X4', 'X3', 'X6', 'X2', 'X1', 'X5']"
341,xgb_shap_list_ir_2,xgb_shap_list_ir_2_subset_109,orderSum,"['X4', 'X6', 'X3', 'X2', 'X1', 'X5']"
342,xgb_shap_list_ir_3,xgb_shap_list_ir_3_subset_58,orderMean,"['X4', 'X5', 'X1', 'X6', 'X2', 'X3']"
343,xgb_shap_list_ir_3,xgb_shap_list_ir_3_subset_58,orderStd,"['X5', 'X4', 'X2', 'X1', 'X6', 'X3']"
344,xgb_shap_list_ir_3,xgb_shap_list_ir_3_subset_58,orderSum,"['X4', 'X5', 'X1', 'X6', 'X2', 'X3']"
345,xgb_shap_list_ir_3,xgb_shap_list_ir_3_subset_12,orderMean,"['X4', 'X5', 'X6', 'X1', 'X2', 'X3']"
346,xgb_shap_list_ir_3,xgb_shap_list_ir_3_subset_12,orderStd,"['X5', 'X4', 'X6', 'X1', 'X2', 'X3']"
347,xgb_shap_list_ir_3,xgb_shap_list_ir_3_subset_12,orderSum,"['X4', 'X5', 'X6', 'X1', 'X2', 'X3']"
348,xgb_shap_list_ir_3,xgb_shap_list_ir_3_subset_45,orderMean,"['X4', 'X6', 'X1', 'X5', 'X2', 'X3']"
349,xgb_shap_list_ir_3,xgb_shap_list_ir_3_subset_45,orderStd,"['X4', 'X1', 'X2', 'X5', 'X6', 'X3']"
350,xgb_shap_list_ir_3,xgb_shap_list_ir_3_subset_45,orderSum,"['X4', 'X6', 'X1', 'X5', 'X2', 'X3']"
351,xgb_shap_list_ir_4,xgb_shap_list_ir_4_subset_46,orderMean,"['X4', 'X3', 'X5', 'X6', 'X2', 'X1']"
352,xgb_shap_list_ir_4,xgb_shap_list_ir_4_subset_46,orderStd,"['X2', 'X4', 'X3', 'X5', 'X6', 'X1']"
353,xgb_shap_list_ir_4,xgb_shap_list_ir_4_subset_46,orderSum,"['X4', 'X3', 'X5', 'X6', 'X2', 'X1']"
354,xgb_shap_list_ir_1,xgb_shap_list_ir_1_subset_120,orderMean,"['X4', 'X6', 'X5', 'X1', 'X2', 'X3']"
355,xgb_shap_list_ir_1,xgb_shap_list_ir_1_subset_120,orderStd,"['X4', 'X6', 'X2', 'X5', 'X1', 'X3']"
356,xgb_shap_list_ir_1,xgb_shap_list_ir_1_subset_120,orderSum,"['X4', 'X6', 'X5', 'X1', 'X2', 'X3']"
357,xgb_shap_list_ir_1,xgb_shap_list_ir_1_subset_95,orderMean,"['X6', 'X1', 'X4', 'X5', 'X2', 'X3']"
358,xgb_shap_list_ir_1,xgb_shap_list_ir_1_subset_95,orderStd,"['X1', 'X2', 'X4', 'X6', 'X5', 'X3']"
359,xgb_shap_list_ir_1,xgb_shap_list_ir_1_subset_95,orderSum,"['X6', 'X1', 'X4', 'X5', 'X2', 'X3']"
360,xgb_shap_list_ir_2,xgb_shap_list_ir_2_subset_65,orderMean,"['X4', 'X6', 'X5', 'X1', 'X2', 'X3']"
361,xgb_shap_list_ir_2,xgb_shap_list_ir_2_subset_65,orderStd,"['X4', 'X5', 'X1', 'X6', 'X2', 'X3']"
362,xgb_shap_list_ir_2,xgb_shap_list_ir_2_subset_65,orderSum,"['X4', 'X6', 'X5', 'X1', 'X2', 'X3']"
363,xgb_shap_list_ir_5,xgb_shap_list_ir_5_subset_22,orderMean,"['X4', 'X5', 'X1', 'X6', 'X2', 'X3']"
364,xgb_shap_list_ir_5,xgb_shap_list_ir_5_subset_22,orderStd,"['X5', 'X4', 'X6', 'X2', 'X1', 'X3']"
365,xgb_shap_list_ir_5,xgb_shap_list_ir_5_subset_22,orderSum,"['X4', 'X5', 'X1', 'X6', 'X2', 'X3']"
366,xgb_shap_list_ir_4,xgb_shap_list_ir_4_subset_97,orderMean,"['X4', 'X5', 'X1', 'X6', 'X2', 'X3']"
367,xgb_shap_list_ir_4,xgb_shap_list_ir_4_subset_97,orderStd,"['X5', 'X1', 'X4', 'X6', 'X2', 'X3']"
368,xgb_shap_list_ir_4,xgb_shap_list_ir_4_subset_97,orderSum,"['X4', 'X5', 'X1', 'X6', 'X2', 'X3']"
369,xgb_shap_list_ir_1,xgb_shap_list_ir_1_subset_78,orderMean,"['X6', 'X4', 'X5', 'X3', 'X2', 'X1']"
370,xgb_shap_list_ir_1,xgb_shap_list_ir_1_subset_78,orderStd,"['X2', 'X1', 'X4', 'X6', 'X3', 'X5']"
371,xgb_shap_list_ir_1,xgb_shap_list_ir_1_subset_78,orderSum,"['X6', 'X4', 'X5', 'X3', 'X2', 'X1']"
372,xgb_shap_list_ir_2,xgb_shap_list_ir_2_subset_14,orderMean,"['X4', 'X2', 'X5', 'X3', 'X6', 'X1']"
373,xgb_shap_list_ir_2,xgb_shap_list_ir_2_subset_14,orderStd,"['X4', 'X3', 'X2', 'X5', 'X6', 'X1']"
374,xgb_shap_list_ir_2,xgb_shap_list_ir_2_subset_14,orderSum,"['X4', 'X2', 'X5', 'X3', 'X6', 'X1']"
375,xgb_shap_list_ir_1,xgb_shap_list_ir_1_subset_67,orderMean,"['X4', 'X5', 'X2', 'X1', 'X6', 'X3']"
376,xgb_shap_list_ir_1,xgb_shap_list_ir_1_subset_67,orderStd,"['X4', 'X1', 'X5', 'X6', 'X2', 'X3']"
377,xgb_shap_list_ir_1,xgb_shap_list_ir_1_subset_67,orderSum,"['X4', 'X5', 'X2', 'X1', 'X6', 'X3']"
378,xgb_shap_list_ir_4,xgb_shap_list_ir_4_subset_117,orderMean,"['X4', 'X3', 'X5', 'X6', 'X1', 'X2']"
379,xgb_shap_list_ir_4,xgb_shap_list_ir_4_subset_117,orderStd,"['X4', 'X5', 'X6', 'X3', 'X2', 'X1']"
380,xgb_shap_list_ir_4,xgb_shap_list_ir_4_subset_117,orderSum,"['X4', 'X3', 'X5', 'X6', 'X1', 'X2']"
381,xgb_shap_list_ir_1,xgb_shap_list_ir_1_subset_92,orderMean,"['X1', 'X6', 'X2', 'X5', 'X3', 'X4']"
382,xgb_shap_list_ir_1,xgb_shap_list_ir_1_subset_92,orderStd,"['X1', 'X2', 'X6', 'X5', 'X3', 'X4']"
383,xgb_shap_list_ir_1,xgb_shap_list_ir_1_subset_92,orderSum,"['X1', 'X6', 'X2', 'X5', 'X3', 'X4']"
384,xgb_shap_list_ir_2,xgb_shap_list_ir_2_subset_19,orderMean,"['X6', 'X4', 'X5', 'X2', 'X1', 'X3']"
385,xgb_shap_list_ir_2,xgb_shap_list_ir_2_subset_19,orderStd,"['X1', 'X5', 'X2', 'X6', 'X4', 'X3']"
386,xgb_shap_list_ir_2,xgb_shap_list_ir_2_subset_19,orderSum,"['X6', 'X4', 'X5', 'X2', 'X1', 'X3']"
387,xgb_shap_list_ir_5,xgb_shap_list_ir_5_subset_141,orderMean,"['X4', 'X5', 'X2', 'X6', 'X1', 'X3']"
388,xgb_shap_list_ir_5,xgb_shap_list_ir_5_subset_141,orderStd,"['X5', 'X4', 'X2', 'X1', 'X6', 'X3']"
389,xgb_shap_list_ir_5,xgb_shap_list_ir_5_subset_141,orderSum,"['X4', 'X5', 'X2', 'X6', 'X1', 'X3']"
390,xgb_shap_list_ir_4,xgb_shap_list_ir_4_subset_107,orderMean,"['X4', 'X5', 'X6', 'X1', 'X2', 'X3']"
391,xgb_shap_list_ir_4,xgb_shap_list_ir_4_subset_107,orderStd,"['X5', 'X4', 'X2', 'X1', 'X6', 'X3']"
392,xgb_shap_list_ir_4,xgb_shap_list_ir_4_subset_107,orderSum,"['X4', 'X5', 'X6', 'X1', 'X2', 'X3']"
393,xgb_shap_list_ir_1,xgb_shap_list_ir_1_subset_3,orderMean,"['X4', 'X6', 'X1', 'X5', 'X2', 'X3']"
394,xgb_shap_list_ir_1,xgb_shap_list_ir_1_subset_3,orderStd,"['X6', 'X4', 'X1', 'X5', 'X2', 'X3']"
395,xgb_shap_list_ir_1,xgb_shap_list_ir_1_subset_3,orderSum,"['X4', 'X6', 'X1', 'X5', 'X2', 'X3']"
396,xgb_shap_list_ir_3,xgb_shap_list_ir_3_subset_94,orderMean,"['X4', 'X5', 'X6', 'X1', 'X2', 'X3']"
397,xgb_shap_list_ir_3,xgb_shap_list_ir_3_subset_94,orderStd,"['X5', 'X4', 'X6', 'X2', 'X1', 'X3']"
398,xgb_shap_list_ir_3,xgb_shap_list_ir_3_subset_94,orderSum,"['X4', 'X5', 'X6', 'X1', 'X2', 'X3']"
399,xgb_shap_list_ir_4,xgb_shap_list_ir_4_subset_127,orderMean,"['X4', 'X5', 'X6', 'X1', 'X3', 'X2']"
400,xgb_shap_list_ir_4,xgb_shap_list_ir_4_subset_127,orderStd,"['X5', 'X4', 'X2', 'X6', 'X3', 'X1']"
401,xgb_shap_list_ir_4,xgb_shap_list_ir_4_subset_127,orderSum,"['X4', 'X5', 'X6', 'X1', 'X3', 'X2']"
402,xgb_shap_list_ir_2,xgb_shap_list_ir_2_subset_144,orderMean,"['X5', 'X4', 'X2', 'X1', 'X6', 'X3']"
403,xgb_shap_list_ir_2,xgb_shap_list_ir_2_subset_144,orderStd,"['X5', 'X1', 'X2', 'X6', 'X4', 'X3']"
404,xgb_shap_list_ir_2,xgb_shap_list_ir_2_subset_144,orderSum,"['X5', 'X4', 'X2', 'X1', 'X6', 'X3']"
405,xgb_shap_list_ir_1,xgb_shap_list_ir_1_subset_110,orderMean,"['X4', 'X5', 'X6', 'X1', 'X2', 'X3']"
406,xgb_shap_list_ir_1,xgb_shap_list_ir_1_subset_110,orderStd,"['X4', 'X2', 'X5', 'X1', 'X6', 'X3']"
407,xgb_shap_list_ir_1,xgb_shap_list_ir_1_subset_110,orderSum,"['X4', 'X5', 'X6', 'X1', 'X2', 'X3']"
408,xgb_shap_list_ir_3,xgb_shap_list_ir_3_subset_140,orderMean,"['X4', 'X5', 'X6', 'X2', 'X3', 'X1']"
409,xgb_shap_list_ir_3,xgb_shap_list_ir_3_subset_140,orderStd,"['X2', 'X5', 'X4', 'X1', 'X6', 'X3']"
410,xgb_shap_list_ir_3,xgb_shap_list_ir_3_subset_140,orderSum,"['X4', 'X5', 'X6', 'X2', 'X3', 'X1']"
411,xgb_shap_list_ir_2,xgb_shap_list_ir_2_subset_126,orderMean,"['X4', 'X6', 'X1', 'X5', 'X2', 'X3']"
412,xgb_shap_list_ir_2,xgb_shap_list_ir_2_subset_126,orderStd,"['X4', 'X6', 'X2', 'X5', 'X1', 'X3']"
413,xgb_shap_list_ir_2,xgb_shap_list_ir_2_subset_126,orderSum,"['X4', 'X6', 'X1', 'X5', 'X2', 'X3']"
414,xgb_shap_list_ir_5,xgb_shap_list_ir_5_subset_52,orderMean,"['X4', 'X5', 'X2', 'X1', 'X6', 'X3']"
415,xgb_shap_list_ir_5,xgb_shap_list_ir_5_subset_52,orderStd,"['X5', 'X2', 'X4', 'X1', 'X6', 'X3']"
416,xgb_shap_list_ir_5,xgb_shap_list_ir_5_subset_52,orderSum,"['X4', 'X5', 'X2', 'X1', 'X6', 'X3']"
417,xgb_shap_list_ir_3,xgb_shap_list_ir_3_subset_87,orderMean,"['X4', 'X5', 'X6', 'X1', 'X3', 'X2']"
418,xgb_shap_list_ir_3,xgb_shap_list_ir_3_subset_87,orderStd,"['X5', 'X6', 'X2', 'X4', 'X1', 'X3']"
419,xgb_shap_list_ir_3,xgb_shap_list_ir_3_subset_87,orderSum,"['X4', 'X5', 'X6', 'X1', 'X3', 'X2']"
420,xgb_shap_list_ir_2,xgb_shap_list_ir_2_subset_87,orderMean,"['X4', 'X5', 'X6', 'X3', 'X1', 'X2']"
421,xgb_shap_list_ir_2,xgb_shap_list_ir_2_subset_87,orderStd,"['X4', 'X5', 'X2', 'X1', 'X6', 'X3']"
422,xgb_shap_list_ir_2,xgb_shap_list_ir_2_subset_87,orderSum,"['X4', 'X5', 'X6', 'X3', 'X1', 'X2']"
423,xgb_shap_list_ir_5,xgb_shap_list_ir_5_subset_65,orderMean,"['X4', 'X3', 'X5', 'X6', 'X1', 'X2']"
424,xgb_shap_list_ir_5,xgb_shap_list_ir_5_subset_65,orderStd,"['X4', 'X5', 'X2', 'X6', 'X1', 'X3']"
425,xgb_shap_list_ir_5,xgb_shap_list_ir_5_subset_65,orderSum,"['X4', 'X3', 'X5', 'X6', 'X1', 'X2']"
426,xgb_shap_list_ir_5,xgb_shap_list_ir_5_subset_45,orderMean,"['X4', 'X5', 'X1', 'X6', 'X3', 'X2']"
427,xgb_shap_list_ir_5,xgb_shap_list_ir_5_subset_45,orderStd,"['X4', 'X5', 'X1', 'X2', 'X6', 'X3']"
428,xgb_shap_list_ir_5,xgb_shap_list_ir_5_subset_45,orderSum,"['X4', 'X5', 'X1', 'X6', 'X3', 'X2']"
429,xgb_shap_list_ir_5,xgb_shap_list_ir_5_subset_97,orderMean,"['X4', 'X5', 'X2', 'X1', 'X6', 'X3']"
430,xgb_shap_list_ir_5,xgb_shap_list_ir_5_subset_97,orderStd,"['X5', 'X4', 'X2', 'X1', 'X6', 'X3']"
431,xgb_shap_list_ir_5,xgb_shap_list_ir_5_subset_97,orderSum,"['X4', 'X5', 'X2', 'X1', 'X6', 'X3']"
432,xgb_shap_list_ir_3,xgb_shap_list_ir_3_subset_81,orderMean,"['X4', 'X6', 'X1', 'X5', 'X2', 'X3']"
433,xgb_shap_list_ir_3,xgb_shap_list_ir_3_subset_81,orderStd,"['X2', 'X1', 'X4', 'X5', 'X6', 'X3']"
434,xgb_shap_list_ir_3,xgb_shap_list_ir_3_subset_81,orderSum,"['X4', 'X6', 'X1', 'X5', 'X2', 'X3']"
435,xgb_shap_list_ir_4,xgb_shap_list_ir_4_subset_50,orderMean,"['X4', 'X5', 'X1', 'X3', 'X6', 'X2']"
436,xgb_shap_list_ir_4,xgb_shap_list_ir_4_subset_50,orderStd,"['X5', 'X4', 'X1', 'X6', 'X2', 'X3']"
437,xgb_shap_list_ir_4,xgb_shap_list_ir_4_subset_50,orderSum,"['X4', 'X5', 'X1', 'X3', 'X6', 'X2']"
438,xgb_shap_list_ir_5,xgb_shap_list_ir_5_subset_83,orderMean,"['X4', 'X6', 'X5', 'X1', 'X2', 'X3']"
439,xgb_shap_list_ir_5,xgb_shap_list_ir_5_subset_83,orderStd,"['X4', 'X5', 'X6', 'X1', 'X2', 'X3']"
440,xgb_shap_list_ir_5,xgb_shap_list_ir_5_subset_83,orderSum,"['X4', 'X6', 'X5', 'X1', 'X2', 'X3']"
441,xgb_shap_list_ir_5,xgb_shap_list_ir_5_subset_115,orderMean,"['X4', 'X5', 'X3', 'X6', 'X1', 'X2']"
442,xgb_shap_list_ir_5,xgb_shap_list_ir_5_subset_115,orderStd,"['X5', 'X4', 'X2', 'X1', 'X6', 'X3']"
443,xgb_shap_list_ir_5,xgb_shap_list_ir_5_subset_115,orderSum,"['X4', 'X5', 'X3', 'X6', 'X1', 'X2']"
444,xgb_shap_list_ir_1,xgb_shap_list_ir_1_subset_115,orderMean,"['X1', 'X5', 'X4', 'X2', 'X6', 'X3']"
445,xgb_shap_list_ir_1,xgb_shap_list_ir_1_subset_115,orderStd,"['X1', 'X5', 'X4', 'X3', 'X2', 'X6']"
446,xgb_shap_list_ir_1,xgb_shap_list_ir_1_subset_115,orderSum,"['X1', 'X5', 'X4', 'X2', 'X6', 'X3']"
447,xgb_shap_list_ir_1,xgb_shap_list_ir_1_subset_53,orderMean,"['X6', 'X4', 'X2', 'X1', 'X5', 'X3']"
448,xgb_shap_list_ir_1,xgb_shap_list_ir_1_subset_53,orderStd,"['X4', 'X6', 'X2', 'X1', 'X5', 'X3']"
449,xgb_shap_list_ir_1,xgb_shap_list_ir_1_subset_53,orderSum,"['X6', 'X4', 'X2', 'X1', 'X5', 'X3']"
450,xgb_shap_list_ir_3,xgb_shap_list_ir_3_subset_21,orderMean,"['X4', 'X5', 'X1', 'X3', 'X6', 'X2']"
451,xgb_shap_list_ir_3,xgb_shap_list_ir_3_subset_21,orderStd,"['X5', 'X4', 'X3', 'X6', 'X1', 'X2']"
452,xgb_shap_list_ir_3,xgb_shap_list_ir_3_subset_21,orderSum,"['X4', 'X5', 'X1', 'X3', 'X6', 'X2']"
453,xgb_shap_list_ir_2,xgb_shap_list_ir_2_subset_55,orderMean,"['X4', 'X6', 'X5', 'X3', 'X1', 'X2']"
454,xgb_shap_list_ir_2,xgb_shap_list_ir_2_subset_55,orderStd,"['X4', 'X3', 'X5', 'X6', 'X1', 'X2']"
455,xgb_shap_list_ir_2,xgb_shap_list_ir_2_subset_55,orderSum,"['X4', 'X6', 'X5', 'X3', 'X1', 'X2']"
456,xgb_shap_list_ir_3,xgb_shap_list_ir_3_subset_18,orderMean,"['X4', 'X5', 'X1', 'X6', 'X3', 'X2']"
457,xgb_shap_list_ir_3,xgb_shap_list_ir_3_subset_18,orderStd,"['X5', 'X4', 'X1', 'X6', 'X2', 'X3']"
458,xgb_shap_list_ir_3,xgb_shap_list_ir_3_subset_18,orderSum,"['X4', 'X5', 'X1', 'X6', 'X3', 'X2']"
459,xgb_shap_list_ir_5,xgb_shap_list_ir_5_subset_75,orderMean,"['X4', 'X5', 'X3', 'X6', 'X1', 'X2']"
460,xgb_shap_list_ir_5,xgb_shap_list_ir_5_subset_75,orderStd,"['X5', 'X2', 'X4', 'X1', 'X6', 'X3']"
461,xgb_shap_list_ir_5,xgb_shap_list_ir_5_subset_75,orderSum,"['X4', 'X5', 'X3', 'X6', 'X1', 'X2']"
462,xgb_shap_list_ir_4,xgb_shap_list_ir_4_subset_81,orderMean,"['X4', 'X5', 'X6', 'X3', 'X1', 'X2']"
463,xgb_shap_list_ir_4,xgb_shap_list_ir_4_subset_81,orderStd,"['X5', 'X4', 'X1', 'X2', 'X6', 'X3']"
464,xgb_shap_list_ir_4,xgb_shap_list_ir_4_subset_81,orderSum,"['X4', 'X5', 'X6', 'X3', 'X1', 'X2']"
465,xgb_shap_list_ir_2,xgb_shap_list_ir_2_subset_49,orderMean,"['X4', 'X5', 'X6', 'X1', 'X2', 'X3']"
466,xgb_shap_list_ir_2,xgb_shap_list_ir_2_subset_49,orderStd,"['X1', 'X5', 'X2', 'X4', 'X3', 'X6']"
467,xgb_shap_list_ir_2,xgb_shap_list_ir_2_subset_49,orderSum,"['X4', 'X5', 'X6', 'X1', 'X2', 'X3']"
468,xgb_shap_list_ir_3,xgb_shap_list_ir_3_subset_99,orderMean,"['X4', 'X5', 'X1', 'X2', 'X6', 'X3']"
469,xgb_shap_list_ir_3,xgb_shap_list_ir_3_subset_99,orderStd,"['X5', 'X2', 'X4', 'X1', 'X6', 'X3']"
470,xgb_shap_list_ir_3,xgb_shap_list_ir_3_subset_99,orderSum,"['X4', 'X5', 'X1', 'X2', 'X6', 'X3']"
471,xgb_shap_list_ir_2,xgb_shap_list_ir_2_subset_2,orderMean,"['X5', 'X4', 'X3', 'X6', 'X1', 'X2']"
472,xgb_shap_list_ir_2,xgb_shap_list_ir_2_subset_2,orderStd,"['X5', 'X1', 'X6', 'X4', 'X3', 'X2']"
473,xgb_shap_list_ir_2,xgb_shap_list_ir_2_subset_2,orderSum,"['X5', 'X4', 'X3', 'X6', 'X1', 'X2']"
474,xgb_shap_list_ir_5,xgb_shap_list_ir_5_subset_55,orderMean,"['X5', 'X4', 'X6', 'X1', 'X3', 'X2']"
475,xgb_shap_list_ir_5,xgb_shap_list_ir_5_subset_55,orderStd,"['X5', 'X4', 'X2', 'X6', 'X1', 'X3']"
476,xgb_shap_list_ir_5,xgb_shap_list_ir_5_subset_55,orderSum,"['X5', 'X4', 'X6', 'X1', 'X3', 'X2']"
477,xgb_shap_list_ir_1,xgb_shap_list_ir_1_subset_128,orderMean,"['X6', 'X4', 'X5', 'X1', 'X2', 'X3']"
478,xgb_shap_list_ir_1,xgb_shap_list_ir_1_subset_128,orderStd,"['X2', 'X6', 'X5', 'X1', 'X4', 'X3']"
479,xgb_shap_list_ir_1,xgb_shap_list_ir_1_subset_128,orderSum,"['X6', 'X4', 'X5', 'X1', 'X2', 'X3']"
480,xgb_shap_list_ir_1,xgb_shap_list_ir_1_subset_59,orderMean,"['X1', 'X4', 'X5', 'X2', 'X6', 'X3']"
481,xgb_shap_list_ir_1,xgb_shap_list_ir_1_subset_59,orderStd,"['X1', 'X5', 'X4', 'X2', 'X3', 'X6']"
482,xgb_shap_list_ir_1,xgb_shap_list_ir_1_subset_59,orderSum,"['X1', 'X4', 'X5', 'X2', 'X6', 'X3']"
483,xgb_shap_list_ir_3,xgb_shap_list_ir_3_subset_133,orderMean,"['X4', 'X3', 'X6', 'X1', 'X2', 'X5']"
484,xgb_shap_list_ir_3,xgb_shap_list_ir_3_subset_133,orderStd,"['X2', 'X1', 'X6', 'X5', 'X4', 'X3']"
485,xgb_shap_list_ir_3,xgb_shap_list_ir_3_subset_133,orderSum,"['X4', 'X3', 'X6', 'X1', 'X2', 'X5']"
486,xgb_shap_list_ir_4,xgb_shap_list_ir_4_subset_9,orderMean,"['X5', 'X4', 'X6', 'X1', 'X3', 'X2']"
487,xgb_shap_list_ir_4,xgb_shap_list_ir_4_subset_9,orderStd,"['X5', 'X4', 'X2', 'X6', 'X1', 'X3']"
488,xgb_shap_list_ir_4,xgb_shap_list_ir_4_subset_9,orderSum,"['X5', 'X4', 'X6', 'X1', 'X3', 'X2']"
489,xgb_shap_list_ir_5,xgb_shap_list_ir_5_subset_53,orderMean,"['X4', 'X5', 'X1', 'X6', 'X2', 'X3']"
490,xgb_shap_list_ir_5,xgb_shap_list_ir_5_subset_53,orderStd,"['X4', 'X5', 'X2', 'X1', 'X6', 'X3']"
491,xgb_shap_list_ir_5,xgb_shap_list_ir_5_subset_53,orderSum,"['X4', 'X5', 'X1', 'X6', 'X2', 'X3']"
492,xgb_shap_list_ir_2,xgb_shap_list_ir_2_subset_71,orderMean,"['X5', 'X4', 'X2', 'X6', 'X1', 'X3']"
493,xgb_shap_list_ir_2,xgb_shap_list_ir_2_subset_71,orderStd,"['X5', 'X4', 'X1', 'X6', 'X2', 'X3']"
494,xgb_shap_list_ir_2,xgb_shap_list_ir_2_subset_71,orderSum,"['X5', 'X4', 'X2', 'X6', 'X1', 'X3']"
495,xgb_shap_list_ir_4,xgb_shap_list_ir_4_subset_54,orderMean,"['X4', 'X5', 'X1', 'X6', 'X2', 'X3']"
496,xgb_shap_list_ir_4,xgb_shap_list_ir_4_subset_54,orderStd,"['X4', 'X5', 'X2', 'X1', 'X6', 'X3']"
497,xgb_shap_list_ir_4,xgb_shap_list_ir_4_subset_54,orderSum,"['X4', 'X5', 'X1', 'X6', 'X2', 'X3']"
498,xgb_shap_list_ir_5,xgb_shap_list_ir_5_subset_99,orderMean,"['X4', 'X6', 'X5', 'X3', 'X1', 'X2']"
499,xgb_shap_list_ir_5,xgb_shap_list_ir_5_subset_99,orderStd,"['X4', 'X5', 'X2', 'X6', 'X1', 'X3']"
500,xgb_shap_list_ir_5,xgb_shap_list_ir_5_subset_99,orderSum,"['X4', 'X6', 'X5', 'X3', 'X1', 'X2']"
501,xgb_shap_list_ir_4,xgb_shap_list_ir_4_subset_87,orderMean,"['X4', 'X5', 'X1', 'X3', 'X6', 'X2']"
502,xgb_shap_list_ir_4,xgb_shap_list_ir_4_subset_87,orderStd,"['X5', 'X2', 'X4', 'X1', 'X3', 'X6']"
503,xgb_shap_list_ir_4,xgb_shap_list_ir_4_subset_87,orderSum,"['X4', 'X5', 'X1', 'X3', 'X6', 'X2']"
504,xgb_shap_list_ir_5,xgb_shap_list_ir_5_subset_121,orderMean,"['X5', 'X4', 'X1', 'X6', 'X2', 'X3']"
505,xgb_shap_list_ir_5,xgb_shap_list_ir_5_subset_121,orderStd,"['X5', 'X2', 'X1', 'X6', 'X4', 'X3']"
506,xgb_shap_list_ir_5,xgb_shap_list_ir_5_subset_121,orderSum,"['X5', 'X4', 'X1', 'X6', 'X2', 'X3']"
507,xgb_shap_list_ir_3,xgb_shap_list_ir_3_subset_128,orderMean,"['X4', 'X5', 'X3', 'X1', 'X6', 'X2']"
508,xgb_shap_list_ir_3,xgb_shap_list_ir_3_subset_128,orderStd,"['X5', 'X4', 'X3', 'X2', 'X6', 'X1']"
509,xgb_shap_list_ir_3,xgb_shap_list_ir_3_subset_128,orderSum,"['X4', 'X5', 'X3', 'X1', 'X6', 'X2']"
510,xgb_shap_list_ir_2,xgb_shap_list_ir_2_subset_73,orderMean,"['X4', 'X6', 'X1', 'X5', 'X2', 'X3']"
511,xgb_shap_list_ir_2,xgb_shap_list_ir_2_subset_73,orderStd,"['X1', 'X2', 'X5', 'X6', 'X4', 'X3']"
512,xgb_shap_list_ir_2,xgb_shap_list_ir_2_subset_73,orderSum,"['X4', 'X6', 'X1', 'X5', 'X2', 'X3']"
513,xgb_shap_list_ir_2,xgb_shap_list_ir_2_subset_101,orderMean,"['X1', 'X5', 'X6', 'X4', 'X2', 'X3']"
514,xgb_shap_list_ir_2,xgb_shap_list_ir_2_subset_101,orderStd,"['X5', 'X2', 'X1', 'X6', 'X4', 'X3']"
515,xgb_shap_list_ir_2,xgb_shap_list_ir_2_subset_101,orderSum,"['X1', 'X5', 'X6', 'X4', 'X2', 'X3']"
516,xgb_shap_list_ir_3,xgb_shap_list_ir_3_subset_119,orderMean,"['X4', 'X1', 'X3', 'X6', 'X5', 'X2']"
517,xgb_shap_list_ir_3,xgb_shap_list_ir_3_subset_119,orderStd,"['X2', 'X1', 'X4', 'X5', 'X6', 'X3']"
518,xgb_shap_list_ir_3,xgb_shap_list_ir_3_subset_119,orderSum,"['X4', 'X1', 'X3', 'X6', 'X5', 'X2']"
519,xgb_shap_list_ir_4,xgb_shap_list_ir_4_subset_1,orderMean,"['X4', 'X5', 'X6', 'X1', 'X2', 'X3']"
520,xgb_shap_list_ir_4,xgb_shap_list_ir_4_subset_1,orderStd,"['X5', 'X4', 'X1', 'X2', 'X6', 'X3']"
521,xgb_shap_list_ir_4,xgb_shap_list_ir_4_subset_1,orderSum,"['X4', 'X5', 'X6', 'X1', 'X2', 'X3']"
522,xgb_shap_list_ir_2,xgb_shap_list_ir_2_subset_123,orderMean,"['X5', 'X6', 'X1', 'X4', 'X2', 'X3']"
523,xgb_shap_list_ir_2,xgb_shap_list_ir_2_subset_123,orderStd,"['X5', 'X6', 'X2', 'X1', 'X4', 'X3']"
524,xgb_shap_list_ir_2,xgb_shap_list_ir_2_subset_123,orderSum,"['X5', 'X6', 'X1', 'X4', 'X2', 'X3']"
525,xgb_shap_list_ir_1,xgb_shap_list_ir_1_subset_43,orderMean,"['X1', 'X6', 'X5', 'X4', 'X2', 'X3']"
526,xgb_shap_list_ir_1,xgb_shap_list_ir_1_subset_43,orderStd,"['X1', 'X2', 'X6', 'X4', 'X5', 'X3']"
527,xgb_shap_list_ir_1,xgb_shap_list_ir_1_subset_43,orderSum,"['X1', 'X6', 'X5', 'X4', 'X2', 'X3']"
528,xgb_shap_list_ir_5,xgb_shap_list_ir_5_subset_35,orderMean,"['X4', 'X5', 'X1', 'X6', 'X2', 'X3']"
529,xgb_shap_list_ir_5,xgb_shap_list_ir_5_subset_35,orderStd,"['X5', 'X2', 'X4', 'X6', 'X1', 'X3']"
530,xgb_shap_list_ir_5,xgb_shap_list_ir_5_subset_35,orderSum,"['X4', 'X5', 'X1', 'X6', 'X2', 'X3']"
531,xgb_shap_list_ir_2,xgb_shap_list_ir_2_subset_7,orderMean,"['X5', 'X4', 'X2', 'X1', 'X3', 'X6']"
532,xgb_shap_list_ir_2,xgb_shap_list_ir_2_subset_7,orderStd,"['X5', 'X2', 'X6', 'X4', 'X1', 'X3']"
533,xgb_shap_list_ir_2,xgb_shap_list_ir_2_subset_7,orderSum,"['X5', 'X4', 'X2', 'X1', 'X3', 'X6']"
534,xgb_shap_list_ir_1,xgb_shap_list_ir_1_subset_50,orderMean,"['X3', 'X4', 'X2', 'X6', 'X1', 'X5']"
535,xgb_shap_list_ir_1,xgb_shap_list_ir_1_subset_50,orderStd,"['X3', 'X2', 'X4', 'X6', 'X1', 'X5']"
536,xgb_shap_list_ir_1,xgb_shap_list_ir_1_subset_50,orderSum,"['X3', 'X4', 'X2', 'X6', 'X1', 'X5']"
537,xgb_shap_list_ir_3,xgb_shap_list_ir_3_subset_92,orderMean,"['X4', 'X5', 'X6', 'X1', 'X2', 'X3']"
538,xgb_shap_list_ir_3,xgb_shap_list_ir_3_subset_92,orderStd,"['X5', 'X4', 'X2', 'X6', 'X1', 'X3']"
539,xgb_shap_list_ir_3,xgb_shap_list_ir_3_subset_92,orderSum,"['X4', 'X5', 'X6', 'X1', 'X2', 'X3']"
540,xgb_shap_list_ir_4,xgb_shap_list_ir_4_subset_10,orderMean,"['X4', 'X5', 'X1', 'X6', 'X3', 'X2']"
541,xgb_shap_list_ir_4,xgb_shap_list_ir_4_subset_10,orderStd,"['X4', 'X2', 'X5', 'X1', 'X6', 'X3']"
542,xgb_shap_list_ir_4,xgb_shap_list_ir_4_subset_10,orderSum,"['X4', 'X5', 'X1', 'X6', 'X3', 'X2']"
543,xgb_shap_list_ir_2,xgb_shap_list_ir_2_subset_42,orderMean,"['X4', 'X5', 'X1', 'X6', 'X3', 'X2']"
544,xgb_shap_list_ir_2,xgb_shap_list_ir_2_subset_42,orderStd,"['X4', 'X5', 'X1', 'X6', 'X2', 'X3']"
545,xgb_shap_list_ir_2,xgb_shap_list_ir_2_subset_42,orderSum,"['X4', 'X5', 'X1', 'X6', 'X3', 'X2']"
546,xgb_shap_list_ir_5,xgb_shap_list_ir_5_subset_32,orderMean,"['X4', 'X5', 'X6', 'X1', 'X2', 'X3']"
547,xgb_shap_list_ir_5,xgb_shap_list_ir_5_subset_32,orderStd,"['X5', 'X4', 'X2', 'X6', 'X1', 'X3']"
548,xgb_shap_list_ir_5,xgb_shap_list_ir_5_subset_32,orderSum,"['X4', 'X5', 'X6', 'X1', 'X2', 'X3']"
549,xgb_shap_list_ir_4,xgb_shap_list_ir_4_subset_119,orderMean,"['X4', 'X5', 'X2', 'X1', 'X6', 'X3']"
550,xgb_shap_list_ir_4,xgb_shap_list_ir_4_subset_119,orderStd,"['X2', 'X5', 'X4', 'X1', 'X6', 'X3']"
551,xgb_shap_list_ir_4,xgb_shap_list_ir_4_subset_119,orderSum,"['X4', 'X5', 'X2', 'X1', 'X6', 'X3']"
552,xgb_shap_list_ir_3,xgb_shap_list_ir_3_subset_28,orderMean,"['X4', 'X1', 'X5', 'X2', 'X6', 'X3']"
553,xgb_shap_list_ir_3,xgb_shap_list_ir_3_subset_28,orderStd,"['X2', 'X4', 'X5', 'X1', 'X6', 'X3']"
554,xgb_shap_list_ir_3,xgb_shap_list_ir_3_subset_28,orderSum,"['X4', 'X1', 'X5', 'X2', 'X6', 'X3']"
555,xgb_shap_list_ir_2,xgb_shap_list_ir_2_subset_29,orderMean,"['X4', 'X1', 'X5', 'X6', 'X3', 'X2']"
556,xgb_shap_list_ir_2,xgb_shap_list_ir_2_subset_29,orderStd,"['X4', 'X5', 'X1', 'X2', 'X6', 'X3']"
557,xgb_shap_list_ir_2,xgb_shap_list_ir_2_subset_29,orderSum,"['X4', 'X1', 'X5', 'X6', 'X3', 'X2']"
558,xgb_shap_list_ir_3,xgb_shap_list_ir_3_subset_68,orderMean,"['X4', 'X5', 'X6', 'X3', 'X2', 'X1']"
559,xgb_shap_list_ir_3,xgb_shap_list_ir_3_subset_68,orderStd,"['X4', 'X2', 'X5', 'X6', 'X1', 'X3']"
560,xgb_shap_list_ir_3,xgb_shap_list_ir_3_subset_68,orderSum,"['X4', 'X5', 'X6', 'X3', 'X2', 'X1']"
561,xgb_shap_list_ir_2,xgb_shap_list_ir_2_subset_132,orderMean,"['X4', 'X5', 'X6', 'X1', 'X2', 'X3']"
562,xgb_shap_list_ir_2,xgb_shap_list_ir_2_subset_132,orderStd,"['X2', 'X4', 'X1', 'X5', 'X3', 'X6']"
563,xgb_shap_list_ir_2,xgb_shap_list_ir_2_subset_132,orderSum,"['X4', 'X5', 'X6', 'X1', 'X2', 'X3']"
564,xgb_shap_list_ir_5,xgb_shap_list_ir_5_subset_147,orderMean,"['X4', 'X5', 'X6', 'X1', 'X2', 'X3']"
565,xgb_shap_list_ir_5,xgb_shap_list_ir_5_subset_147,orderStd,"['X5', 'X4', 'X2', 'X1', 'X6', 'X3']"
566,xgb_shap_list_ir_5,xgb_shap_list_ir_5_subset_147,orderSum,"['X4', 'X5', 'X6', 'X1', 'X2', 'X3']"
567,xgb_shap_list_ir_3,xgb_shap_list_ir_3_subset_118,orderMean,"['X4', 'X5', 'X6', 'X3', 'X2', 'X1']"
568,xgb_shap_list_ir_3,xgb_shap_list_ir_3_subset_118,orderStd,"['X5', 'X3', 'X4', 'X2', 'X6', 'X1']"
569,xgb_shap_list_ir_3,xgb_shap_list_ir_3_subset_118,orderSum,"['X4', 'X5', 'X6', 'X3', 'X2', 'X1']"
570,xgb_shap_list_ir_4,xgb_shap_list_ir_4_subset_90,orderMean,"['X4', 'X6', 'X1', 'X5', 'X2', 'X3']"
571,xgb_shap_list_ir_4,xgb_shap_list_ir_4_subset_90,orderStd,"['X5', 'X4', 'X2', 'X1', 'X6', 'X3']"
572,xgb_shap_list_ir_4,xgb_shap_list_ir_4_subset_90,orderSum,"['X4', 'X6', 'X1', 'X5', 'X2', 'X3']"
573,xgb_shap_list_ir_5,xgb_shap_list_ir_5_subset_138,orderMean,"['X4', 'X5', 'X1', 'X3', 'X6', 'X2']"
574,xgb_shap_list_ir_5,xgb_shap_list_ir_5_subset_138,orderStd,"['X5', 'X4', 'X1', 'X2', 'X3', 'X6']"
575,xgb_shap_list_ir_5,xgb_shap_list_ir_5_subset_138,orderSum,"['X4', 'X5', 'X1', 'X3', 'X6', 'X2']"
576,xgb_shap_list_ir_3,xgb_shap_list_ir_3_subset_55,orderMean,"['X4', 'X5', 'X1', 'X6', 'X2', 'X3']"
577,xgb_shap_list_ir_3,xgb_shap_list_ir_3_subset_55,orderStd,"['X5', 'X1', 'X4', 'X2', 'X6', 'X3']"
578,xgb_shap_list_ir_3,xgb_shap_list_ir_3_subset_55,orderSum,"['X4', 'X5', 'X1', 'X6', 'X2', 'X3']"
579,xgb_shap_list_ir_1,xgb_shap_list_ir_1_subset_28,orderMean,"['X4', 'X5', 'X1', 'X3', 'X6', 'X2']"
580,xgb_shap_list_ir_1,xgb_shap_list_ir_1_subset_28,orderStd,"['X4', 'X3', 'X1', 'X6', 'X2', 'X5']"
581,xgb_shap_list_ir_1,xgb_shap_list_ir_1_subset_28,orderSum,"['X4', 'X5', 'X1', 'X3', 'X6', 'X2']"
582,xgb_shap_list_ir_5,xgb_shap_list_ir_5_subset_136,orderMean,"['X4', 'X5', 'X1', 'X6', 'X2', 'X3']"
583,xgb_shap_list_ir_5,xgb_shap_list_ir_5_subset_136,orderStd,"['X5', 'X4', 'X6', 'X2', 'X1', 'X3']"
584,xgb_shap_list_ir_5,xgb_shap_list_ir_5_subset_136,orderSum,"['X4', 'X5', 'X1', 'X6', 'X2', 'X3']"
585,xgb_shap_list_ir_5,xgb_shap_list_ir_5_subset_8,orderMean,"['X4', 'X5', 'X6', 'X1', 'X3', 'X2']"
586,xgb_shap_list_ir_5,xgb_shap_list_ir_5_subset_8,orderStd,"['X5', 'X4', 'X2', 'X1', 'X6', 'X3']"
587,xgb_shap_list_ir_5,xgb_shap_list_ir_5_subset_8,orderSum,"['X4', 'X5', 'X6', 'X1', 'X3', 'X2']"
588,xgb_shap_list_ir_4,xgb_shap_list_ir_4_subset_44,orderMean,"['X5', 'X4', 'X6', 'X1', 'X3', 'X2']"
589,xgb_shap_list_ir_4,xgb_shap_list_ir_4_subset_44,orderStd,"['X5', 'X1', 'X4', 'X2', 'X6', 'X3']"
590,xgb_shap_list_ir_4,xgb_shap_list_ir_4_subset_44,orderSum,"['X5', 'X4', 'X6', 'X1', 'X3', 'X2']"
591,xgb_shap_list_ir_1,xgb_shap_list_ir_1_subset_88,orderMean,"['X4', 'X5', 'X3', 'X6', 'X1', 'X2']"
592,xgb_shap_list_ir_1,xgb_shap_list_ir_1_subset_88,orderStd,"['X4', 'X1', 'X5', 'X3', 'X6', 'X2']"
593,xgb_shap_list_ir_1,xgb_shap_list_ir_1_subset_88,orderSum,"['X4', 'X5', 'X3', 'X6', 'X1', 'X2']"
594,xgb_shap_list_ir_3,xgb_shap_list_ir_3_subset_96,orderMean,"['X4', 'X5', 'X1', 'X6', 'X2', 'X3']"
595,xgb_shap_list_ir_3,xgb_shap_list_ir_3_subset_96,orderStd,"['X5', 'X1', 'X2', 'X4', 'X6', 'X3']"
596,xgb_shap_list_ir_3,xgb_shap_list_ir_3_subset_96,orderSum,"['X4', 'X5', 'X1', 'X6', 'X2', 'X3']"
597,xgb_shap_list_ir_3,xgb_shap_list_ir_3_subset_40,orderMean,"['X4', 'X5', 'X2', 'X1', 'X6', 'X3']"
598,xgb_shap_list_ir_3,xgb_shap_list_ir_3_subset_40,orderStd,"['X4', 'X5', 'X1', 'X2', 'X6', 'X3']"
599,xgb_shap_list_ir_3,xgb_shap_list_ir_3_subset_40,orderSum,"['X4', 'X5', 'X2', 'X1', 'X6', 'X3']"
600,xgb_shap_list_ir_5,xgb_shap_list_ir_5_subset_42,orderMean,"['X4', 'X5', 'X1', 'X2', 'X6', 'X3']"
601,xgb_shap_list_ir_5,xgb_shap_list_ir_5_subset_42,orderStd,"['X5', 'X4', 'X2', 'X1', 'X6', 'X3']"
602,xgb_shap_list_ir_5,xgb_shap_list_ir_5_subset_42,orderSum,"['X4', 'X5', 'X1', 'X2', 'X6', 'X3']"
603,xgb_shap_list_ir_5,xgb_shap_list_ir_5_subset_1,orderMean,"['X4', 'X5', 'X1', 'X6', 'X2', 'X3']"
604,xgb_shap_list_ir_5,xgb_shap_list_ir_5_subset_1,orderStd,"['X5', 'X4', 'X2', 'X1', 'X6', 'X3']"
605,xgb_shap_list_ir_5,xgb_shap_list_ir_5_subset_1,orderSum,"['X4', 'X5', 'X1', 'X6', 'X2', 'X3']"
606,xgb_shap_list_ir_1,xgb_shap_list_ir_1_subset_141,orderMean,"['X4', 'X1', 'X5', 'X6', 'X2', 'X3']"
607,xgb_shap_list_ir_1,xgb_shap_list_ir_1_subset_141,orderStd,"['X1', 'X4', 'X5', 'X6', 'X2', 'X3']"
608,xgb_shap_list_ir_1,xgb_shap_list_ir_1_subset_141,orderSum,"['X4', 'X1', 'X5', 'X6', 'X2', 'X3']"
609,xgb_shap_list_ir_2,xgb_shap_list_ir_2_subset_92,orderMean,"['X4', 'X3', 'X5', 'X2', 'X6', 'X1']"
610,xgb_shap_list_ir_2,xgb_shap_list_ir_2_subset_92,orderStd,"['X4', 'X5', 'X2', 'X3', 'X1', 'X6']"
611,xgb_shap_list_ir_2,xgb_shap_list_ir_2_subset_92,orderSum,"['X4', 'X3', 'X5', 'X2', 'X6', 'X1']"
612,xgb_shap_list_ir_2,xgb_shap_list_ir_2_subset_128,orderMean,"['X4', 'X1', 'X5', 'X3', 'X2', 'X6']"
613,xgb_shap_list_ir_2,xgb_shap_list_ir_2_subset_128,orderStd,"['X4', 'X2', 'X5', 'X1', 'X6', 'X3']"
614,xgb_shap_list_ir_2,xgb_shap_list_ir_2_subset_128,orderSum,"['X4', 'X1', 'X5', 'X3', 'X2', 'X6']"
615,xgb_shap_list_ir_4,xgb_shap_list_ir_4_subset_35,orderMean,"['X4', 'X5', 'X6', 'X1', 'X3', 'X2']"
616,xgb_shap_list_ir_4,xgb_shap_list_ir_4_subset_35,orderStd,"['X5', 'X4', 'X2', 'X6', 'X1', 'X3']"
617,xgb_shap_list_ir_4,xgb_shap_list_ir_4_subset_35,orderSum,"['X4', 'X5', 'X6', 'X1', 'X3', 'X2']"
618,xgb_shap_list_ir_4,xgb_shap_list_ir_4_subset_136,orderMean,"['X5', 'X4', 'X6', 'X1', 'X3', 'X2']"
619,xgb_shap_list_ir_4,xgb_shap_list_ir_4_subset_136,orderStd,"['X5', 'X4', 'X1', 'X2', 'X6', 'X3']"
620,xgb_shap_list_ir_4,xgb_shap_list_ir_4_subset_136,orderSum,"['X5', 'X4', 'X6', 'X1', 'X3', 'X2']"
621,xgb_shap_list_ir_5,xgb_shap_list_ir_5_subset_26,orderMean,"['X4', 'X5', 'X6', 'X2', 'X1', 'X3']"
622,xgb_shap_list_ir_5,xgb_shap_list_ir_5_subset_26,orderStd,"['X5', 'X4', 'X1', 'X6', 'X2', 'X3']"
623,xgb_shap_list_ir_5,xgb_shap_list_ir_5_subset_26,orderSum,"['X4', 'X5', 'X6', 'X2', 'X1', 'X3']"
624,xgb_shap_list_ir_2,xgb_shap_list_ir_2_subset_108,orderMean,"['X4', 'X2', 'X3', 'X5', 'X6', 'X1']"
625,xgb_shap_list_ir_2,xgb_shap_list_ir_2_subset_108,orderStd,"['X2', 'X4', 'X5', 'X1', 'X6', 'X3']"
626,xgb_shap_list_ir_2,xgb_shap_list_ir_2_subset_108,orderSum,"['X4', 'X2', 'X3', 'X5', 'X6', 'X1']"
627,xgb_shap_list_ir_1,xgb_shap_list_ir_1_subset_74,orderMean,"['X5', 'X1', 'X2', 'X4', 'X6', 'X3']"
628,xgb_shap_list_ir_1,xgb_shap_list_ir_1_subset_74,orderStd,"['X6', 'X5', 'X2', 'X4', 'X1', 'X3']"
629,xgb_shap_list_ir_1,xgb_shap_list_ir_1_subset_74,orderSum,"['X5', 'X1', 'X2', 'X4', 'X6', 'X3']"
630,xgb_shap_list_ir_2,xgb_shap_list_ir_2_subset_76,orderMean,"['X4', 'X6', 'X5', 'X2', 'X3', 'X1']"
631,xgb_shap_list_ir_2,xgb_shap_list_ir_2_subset_76,orderStd,"['X4', 'X6', 'X2', 'X5', 'X3', 'X1']"
632,xgb_shap_list_ir_2,xgb_shap_list_ir_2_subset_76,orderSum,"['X4', 'X6', 'X5', 'X2', 'X3', 'X1']"
633,xgb_shap_list_ir_3,xgb_shap_list_ir_3_subset_63,orderMean,"['X4', 'X5', 'X6', 'X1', 'X2', 'X3']"
634,xgb_shap_list_ir_3,xgb_shap_list_ir_3_subset_63,orderStd,"['X5', 'X4', 'X1', 'X2', 'X6', 'X3']"
635,xgb_shap_list_ir_3,xgb_shap_list_ir_3_subset_63,orderSum,"['X4', 'X5', 'X6', 'X1', 'X2', 'X3']"
636,xgb_shap_list_ir_3,xgb_shap_list_ir_3_subset_32,orderMean,"['X4', 'X5', 'X6', 'X1', 'X2', 'X3']"
637,xgb_shap_list_ir_3,xgb_shap_list_ir_3_subset_32,orderStd,"['X5', 'X1', 'X4', 'X6', 'X2', 'X3']"
638,xgb_shap_list_ir_3,xgb_shap_list_ir_3_subset_32,orderSum,"['X4', 'X5', 'X6', 'X1', 'X2', 'X3']"
639,xgb_shap_list_ir_1,xgb_shap_list_ir_1_subset_79,orderMean,"['X3', 'X4', 'X1', 'X6', 'X5', 'X2']"
640,xgb_shap_list_ir_1,xgb_shap_list_ir_1_subset_79,orderStd,"['X2', 'X3', 'X4', 'X1', 'X6', 'X5']"
641,xgb_shap_list_ir_1,xgb_shap_list_ir_1_subset_79,orderSum,"['X3', 'X4', 'X1', 'X6', 'X5', 'X2']"
642,xgb_shap_list_ir_5,xgb_shap_list_ir_5_subset_113,orderMean,"['X5', 'X4', 'X6', 'X2', 'X1', 'X3']"
643,xgb_shap_list_ir_5,xgb_shap_list_ir_5_subset_113,orderStd,"['X5', 'X2', 'X4', 'X1', 'X6', 'X3']"
644,xgb_shap_list_ir_5,xgb_shap_list_ir_5_subset_113,orderSum,"['X5', 'X4', 'X6', 'X2', 'X1', 'X3']"
645,xgb_shap_list_ir_3,xgb_shap_list_ir_3_subset_39,orderMean,"['X5', 'X4', 'X1', 'X6', 'X2', 'X3']"
646,xgb_shap_list_ir_3,xgb_shap_list_ir_3_subset_39,orderStd,"['X5', 'X1', 'X4', 'X6', 'X2', 'X3']"
647,xgb_shap_list_ir_3,xgb_shap_list_ir_3_subset_39,orderSum,"['X5', 'X4', 'X1', 'X6', 'X2', 'X3']"
648,xgb_shap_list_ir_5,xgb_shap_list_ir_5_subset_127,orderMean,"['X5', 'X4', 'X3', 'X6', 'X1', 'X2']"
649,xgb_shap_list_ir_5,xgb_shap_list_ir_5_subset_127,orderStd,"['X5', 'X4', 'X6', 'X1', 'X2', 'X3']"
650,xgb_shap_list_ir_5,xgb_shap_list_ir_5_subset_127,orderSum,"['X5', 'X4', 'X3', 'X6', 'X1', 'X2']"
651,xgb_shap_list_ir_4,xgb_shap_list_ir_4_subset_104,orderMean,"['X4', 'X5', 'X6', 'X1', 'X2', 'X3']"
652,xgb_shap_list_ir_4,xgb_shap_list_ir_4_subset_104,orderStd,"['X4', 'X5', 'X2', 'X1', 'X6', 'X3']"
653,xgb_shap_list_ir_4,xgb_shap_list_ir_4_subset_104,orderSum,"['X4', 'X5', 'X6', 'X1', 'X2', 'X3']"
654,xgb_shap_list_ir_2,xgb_shap_list_ir_2_subset_110,orderMean,"['X4', 'X6', 'X2', 'X5', 'X3', 'X1']"
655,xgb_shap_list_ir_2,xgb_shap_list_ir_2_subset_110,orderStd,"['X4', 'X5', 'X2', 'X6', 'X1', 'X3']"
656,xgb_shap_list_ir_2,xgb_shap_list_ir_2_subset_110,orderSum,"['X4', 'X6', 'X2', 'X5', 'X3', 'X1']"
657,xgb_shap_list_ir_2,xgb_shap_list_ir_2_subset_10,orderMean,"['X5', 'X4', 'X3', 'X1', 'X2', 'X6']"
658,xgb_shap_list_ir_2,xgb_shap_list_ir_2_subset_10,orderStd,"['X5', 'X1', 'X2', 'X4', 'X6', 'X3']"
659,xgb_shap_list_ir_2,xgb_shap_list_ir_2_subset_10,orderSum,"['X5', 'X4', 'X3', 'X1', 'X2', 'X6']"
660,xgb_shap_list_ir_5,xgb_shap_list_ir_5_subset_13,orderMean,"['X4', 'X5', 'X6', 'X2', 'X3', 'X1']"
661,xgb_shap_list_ir_5,xgb_shap_list_ir_5_subset_13,orderStd,"['X5', 'X2', 'X4', 'X6', 'X1', 'X3']"
662,xgb_shap_list_ir_5,xgb_shap_list_ir_5_subset_13,orderSum,"['X4', 'X5', 'X6', 'X2', 'X3', 'X1']"
663,xgb_shap_list_ir_5,xgb_shap_list_ir_5_subset_6,orderMean,"['X4', 'X5', 'X1', 'X6', 'X2', 'X3']"
664,xgb_shap_list_ir_5,xgb_shap_list_ir_5_subset_6,orderStd,"['X5', 'X4', 'X2', 'X1', 'X6', 'X3']"
665,xgb_shap_list_ir_5,xgb_shap_list_ir_5_subset_6,orderSum,"['X4', 'X5', 'X1', 'X6', 'X2', 'X3']"
666,xgb_shap_list_ir_3,xgb_shap_list_ir_3_subset_82,orderMean,"['X4', 'X5', 'X6', 'X1', 'X2', 'X3']"
667,xgb_shap_list_ir_3,xgb_shap_list_ir_3_subset_82,orderStd,"['X5', 'X1', 'X4', 'X2', 'X6', 'X3']"
668,xgb_shap_list_ir_3,xgb_shap_list_ir_3_subset_82,orderSum,"['X4', 'X5', 'X6', 'X1', 'X2', 'X3']"
669,xgb_shap_list_ir_2,xgb_shap_list_ir_2_subset_28,orderMean,"['X4', 'X6', 'X1', 'X2', 'X5', 'X3']"
670,xgb_shap_list_ir_2,xgb_shap_list_ir_2_subset_28,orderStd,"['X2', 'X5', 'X4', 'X1', 'X6', 'X3']"
671,xgb_shap_list_ir_2,xgb_shap_list_ir_2_subset_28,orderSum,"['X4', 'X6', 'X1', 'X2', 'X5', 'X3']"
672,xgb_shap_list_ir_5,xgb_shap_list_ir_5_subset_102,orderMean,"['X4', 'X5', 'X1', 'X2', 'X6', 'X3']"
673,xgb_shap_list_ir_5,xgb_shap_list_ir_5_subset_102,orderStd,"['X5', 'X2', 'X1', 'X4', 'X6', 'X3']"
674,xgb_shap_list_ir_5,xgb_shap_list_ir_5_subset_102,orderSum,"['X4', 'X5', 'X1', 'X2', 'X6', 'X3']"
675,xgb_shap_list_ir_1,xgb_shap_list_ir_1_subset_142,orderMean,"['X1', 'X4', 'X5', 'X6', 'X2', 'X3']"
676,xgb_shap_list_ir_1,xgb_shap_list_ir_1_subset_142,orderStd,"['X1', 'X2', 'X4', 'X5', 'X6', 'X3']"
677,xgb_shap_list_ir_1,xgb_shap_list_ir_1_subset_142,orderSum,"['X1', 'X4', 'X5', 'X6', 'X2', 'X3']"
678,xgb_shap_list_ir_4,xgb_shap_list_ir_4_subset_69,orderMean,"['X4', 'X5', 'X6', 'X1', 'X2', 'X3']"
679,xgb_shap_list_ir_4,xgb_shap_list_ir_4_subset_69,orderStd,"['X4', 'X2', 'X5', 'X1', 'X6', 'X3']"
680,xgb_shap_list_ir_4,xgb_shap_list_ir_4_subset_69,orderSum,"['X4', 'X5', 'X6', 'X1', 'X2', 'X3']"
681,xgb_shap_list_ir_2,xgb_shap_list_ir_2_subset_61,orderMean,"['X4', 'X1', 'X6', 'X2', 'X5', 'X3']"
682,xgb_shap_list_ir_2,xgb_shap_list_ir_2_subset_61,orderStd,"['X4', 'X6', 'X1', 'X2', 'X5', 'X3']"
683,xgb_shap_list_ir_2,xgb_shap_list_ir_2_subset_61,orderSum,"['X4', 'X1', 'X6', 'X2', 'X5', 'X3']"
684,xgb_shap_list_ir_4,xgb_shap_list_ir_4_subset_51,orderMean,"['X4', 'X5', 'X6', 'X1', 'X2', 'X3']"
685,xgb_shap_list_ir_4,xgb_shap_list_ir_4_subset_51,orderStd,"['X4', 'X5', 'X2', 'X1', 'X6', 'X3']"
686,xgb_shap_list_ir_4,xgb_shap_list_ir_4_subset_51,orderSum,"['X4', 'X5', 'X6', 'X1', 'X2', 'X3']"
687,xgb_shap_list_ir_1,xgb_shap_list_ir_1_subset_12,orderMean,"['X4', 'X5', 'X6', 'X3', 'X2', 'X1']"
688,xgb_shap_list_ir_1,xgb_shap_list_ir_1_subset_12,orderStd,"['X5', 'X4', 'X6', 'X3', 'X2', 'X1']"
689,xgb_shap_list_ir_1,xgb_shap_list_ir_1_subset_12,orderSum,"['X4', 'X5', 'X6', 'X3', 'X2', 'X1']"
690,xgb_shap_list_ir_3,xgb_shap_list_ir_3_subset_93,orderMean,"['X4', 'X1', 'X5', 'X6', 'X3', 'X2']"
691,xgb_shap_list_ir_3,xgb_shap_list_ir_3_subset_93,orderStd,"['X5', 'X4', 'X2', 'X1', 'X6', 'X3']"
692,xgb_shap_list_ir_3,xgb_shap_list_ir_3_subset_93,orderSum,"['X4', 'X1', 'X5', 'X6', 'X3', 'X2']"
693,xgb_shap_list_ir_3,xgb_shap_list_ir_3_subset_146,orderMean,"['X4', 'X1', 'X5', 'X6', 'X2', 'X3']"
694,xgb_shap_list_ir_3,xgb_shap_list_ir_3_subset_146,orderStd,"['X1', 'X2', 'X5', 'X4', 'X6', 'X3']"
695,xgb_shap_list_ir_3,xgb_shap_list_ir_3_subset_146,orderSum,"['X4', 'X1', 'X5', 'X6', 'X2', 'X3']"
696,xgb_shap_list_ir_2,xgb_shap_list_ir_2_subset_45,orderMean,"['X3', 'X1', 'X4', 'X5', 'X6', 'X2']"
697,xgb_shap_list_ir_2,xgb_shap_list_ir_2_subset_45,orderStd,"['X3', 'X2', 'X1', 'X5', 'X4', 'X6']"
698,xgb_shap_list_ir_2,xgb_shap_list_ir_2_subset_45,orderSum,"['X3', 'X1', 'X4', 'X5', 'X6', 'X2']"
699,xgb_shap_list_ir_3,xgb_shap_list_ir_3_subset_71,orderMean,"['X4', 'X5', 'X6', 'X2', 'X1', 'X3']"
700,xgb_shap_list_ir_3,xgb_shap_list_ir_3_subset_71,orderStd,"['X2', 'X5', 'X1', 'X4', 'X6', 'X3']"
701,xgb_shap_list_ir_3,xgb_shap_list_ir_3_subset_71,orderSum,"['X4', 'X5', 'X6', 'X2', 'X1', 'X3']"
702,xgb_shap_list_ir_1,xgb_shap_list_ir_1_subset_23,orderMean,"['X5', 'X4', 'X6', 'X1', 'X2', 'X3']"
703,xgb_shap_list_ir_1,xgb_shap_list_ir_1_subset_23,orderStd,"['X5', 'X4', 'X6', 'X1', 'X2', 'X3']"
704,xgb_shap_list_ir_1,xgb_shap_list_ir_1_subset_23,orderSum,"['X5', 'X4', 'X6', 'X1', 'X2', 'X3']"
705,xgb_shap_list_ir_5,xgb_shap_list_ir_5_subset_56,orderMean,"['X4', 'X5', 'X1', 'X3', 'X6', 'X2']"
706,xgb_shap_list_ir_5,xgb_shap_list_ir_5_subset_56,orderStd,"['X5', 'X4', 'X2', 'X1', 'X3', 'X6']"
707,xgb_shap_list_ir_5,xgb_shap_list_ir_5_subset_56,orderSum,"['X4', 'X5', 'X1', 'X3', 'X6', 'X2']"
708,xgb_shap_list_ir_2,xgb_shap_list_ir_2_subset_40,orderMean,"['X4', 'X6', 'X1', 'X5', 'X3', 'X2']"
709,xgb_shap_list_ir_2,xgb_shap_list_ir_2_subset_40,orderStd,"['X4', 'X6', 'X1', 'X5', 'X2', 'X3']"
710,xgb_shap_list_ir_2,xgb_shap_list_ir_2_subset_40,orderSum,"['X4', 'X6', 'X1', 'X5', 'X3', 'X2']"
711,xgb_shap_list_ir_5,xgb_shap_list_ir_5_subset_60,orderMean,"['X4', 'X5', 'X1', 'X2', 'X6', 'X3']"
712,xgb_shap_list_ir_5,xgb_shap_list_ir_5_subset_60,orderStd,"['X5', 'X2', 'X1', 'X4', 'X6', 'X3']"
713,xgb_shap_list_ir_5,xgb_shap_list_ir_5_subset_60,orderSum,"['X4', 'X5', 'X1', 'X2', 'X6', 'X3']"
714,xgb_shap_list_ir_2,xgb_shap_list_ir_2_subset_83,orderMean,"['X3', 'X5', 'X4', 'X6', 'X1', 'X2']"
715,xgb_shap_list_ir_2,xgb_shap_list_ir_2_subset_83,orderStd,"['X5', 'X1', 'X6', 'X4', 'X2', 'X3']"
716,xgb_shap_list_ir_2,xgb_shap_list_ir_2_subset_83,orderSum,"['X3', 'X5', 'X4', 'X6', 'X1', 'X2']"
717,xgb_shap_list_ir_3,xgb_shap_list_ir_3_subset_106,orderMean,"['X5', 'X1', 'X4', 'X2', 'X6', 'X3']"
718,xgb_shap_list_ir_3,xgb_shap_list_ir_3_subset_106,orderStd,"['X5', 'X2', 'X4', 'X1', 'X6', 'X3']"
719,xgb_shap_list_ir_3,xgb_shap_list_ir_3_subset_106,orderSum,"['X5', 'X1', 'X4', 'X2', 'X6', 'X3']"
720,xgb_shap_list_ir_5,xgb_shap_list_ir_5_subset_91,orderMean,"['X4', 'X5', 'X1', 'X6', 'X2', 'X3']"
721,xgb_shap_list_ir_5,xgb_shap_list_ir_5_subset_91,orderStd,"['X5', 'X4', 'X2', 'X1', 'X6', 'X3']"
722,xgb_shap_list_ir_5,xgb_shap_list_ir_5_subset_91,orderSum,"['X4', 'X5', 'X1', 'X6', 'X2', 'X3']"
723,xgb_shap_list_ir_4,xgb_shap_list_ir_4_subset_20,orderMean,"['X4', 'X5', 'X6', 'X2', 'X1', 'X3']"
724,xgb_shap_list_ir_4,xgb_shap_list_ir_4_subset_20,orderStd,"['X5', 'X4', 'X2', 'X1', 'X6', 'X3']"
725,xgb_shap_list_ir_4,xgb_shap_list_ir_4_subset_20,orderSum,"['X4', 'X5', 'X6', 'X2', 'X1', 'X3']"
726,xgb_shap_list_ir_4,xgb_shap_list_ir_4_subset_61,orderMean,"['X4', 'X5', 'X1', 'X3', 'X6', 'X2']"
727,xgb_shap_list_ir_4,xgb_shap_list_ir_4_subset_61,orderStd,"['X5', 'X4', 'X1', 'X2', 'X3', 'X6']"
728,xgb_shap_list_ir_4,xgb_shap_list_ir_4_subset_61,orderSum,"['X4', 'X5', 'X1', 'X3', 'X6', 'X2']"
729,xgb_shap_list_ir_3,xgb_shap_list_ir_3_subset_34,orderMean,"['X4', 'X5', 'X6', 'X1', 'X2', 'X3']"
730,xgb_shap_list_ir_3,xgb_shap_list_ir_3_subset_34,orderStd,"['X5', 'X4', 'X6', 'X1', 'X2', 'X3']"
731,xgb_shap_list_ir_3,xgb_shap_list_ir_3_subset_34,orderSum,"['X4', 'X5', 'X6', 'X1', 'X2', 'X3']"
732,xgb_shap_list_ir_4,xgb_shap_list_ir_4_subset_17,orderMean,"['X4', 'X5', 'X1', 'X2', 'X6', 'X3']"
733,xgb_shap_list_ir_4,xgb_shap_list_ir_4_subset_17,orderStd,"['X5', 'X4', 'X2', 'X1', 'X6', 'X3']"
734,xgb_shap_list_ir_4,xgb_shap_list_ir_4_subset_17,orderSum,"['X4', 'X5', 'X1', 'X2', 'X6', 'X3']"
735,xgb_shap_list_ir_1,xgb_shap_list_ir_1_subset_83,orderMean,"['X5', 'X6', 'X4', 'X1', 'X3', 'X2']"
736,xgb_shap_list_ir_1,xgb_shap_list_ir_1_subset_83,orderStd,"['X4', 'X5', 'X1', 'X2', 'X6', 'X3']"
737,xgb_shap_list_ir_1,xgb_shap_list_ir_1_subset_83,orderSum,"['X5', 'X6', 'X4', 'X1', 'X3', 'X2']"
738,xgb_shap_list_ir_1,xgb_shap_list_ir_1_subset_33,orderMean,"['X4', 'X5', 'X2', 'X3', 'X1', 'X6']"
739,xgb_shap_list_ir_1,xgb_shap_list_ir_1_subset_33,orderStd,"['X2', 'X4', 'X5', 'X1', 'X3', 'X6']"
740,xgb_shap_list_ir_1,xgb_shap_list_ir_1_subset_33,orderSum,"['X4', 'X5', 'X2', 'X3', 'X1', 'X6']"
741,xgb_shap_list_ir_4,xgb_shap_list_ir_4_subset_101,orderMean,"['X4', 'X5', 'X6', 'X1', 'X2', 'X3']"
742,xgb_shap_list_ir_4,xgb_shap_list_ir_4_subset_101,orderStd,"['X5', 'X2', 'X4', 'X1', 'X6', 'X3']"
743,xgb_shap_list_ir_4,xgb_shap_list_ir_4_subset_101,orderSum,"['X4', 'X5', 'X6', 'X1', 'X2', 'X3']"
744,xgb_shap_list_ir_4,xgb_shap_list_ir_4_subset_147,orderMean,"['X4', 'X5', 'X6', 'X2', 'X3', 'X1']"
745,xgb_shap_list_ir_4,xgb_shap_list_ir_4_subset_147,orderStd,"['X5', 'X4', 'X2', 'X1', 'X3', 'X6']"
746,xgb_shap_list_ir_4,xgb_shap_list_ir_4_subset_147,orderSum,"['X4', 'X5', 'X6', 'X2', 'X3', 'X1']"
747,xgb_shap_list_ir_3,xgb_shap_list_ir_3_subset_43,orderMean,"['X4', 'X6', 'X5', 'X1', 'X3', 'X2']"
748,xgb_shap_list_ir_3,xgb_shap_list_ir_3_subset_43,orderStd,"['X4', 'X5', 'X1', 'X6', 'X2', 'X3']"
749,xgb_shap_list_ir_3,xgb_shap_list_ir_3_subset_43,orderSum,"['X4', 'X6', 'X5', 'X1', 'X3', 'X2']"
750,xgb_shap_list_ir_3,xgb_shap_list_ir_3_subset_77,orderMean,"['X4', 'X6', 'X2', 'X5', 'X1', 'X3']"
751,xgb_shap_list_ir_3,xgb_shap_list_ir_3_subset_77,orderStd,"['X2', 'X4', 'X5', 'X1', 'X6', 'X3']"
752,xgb_shap_list_ir_3,xgb_shap_list_ir_3_subset_77,orderSum,"['X4', 'X6', 'X2', 'X5', 'X1', 'X3']"
753,xgb_shap_list_ir_2,xgb_shap_list_ir_2_subset_58,orderMean,"['X5', 'X3', 'X4', 'X6', 'X1', 'X2']"
754,xgb_shap_list_ir_2,xgb_shap_list_ir_2_subset_58,orderStd,"['X5', 'X3', 'X2', 'X1', 'X4', 'X6']"
755,xgb_shap_list_ir_2,xgb_shap_list_ir_2_subset_58,orderSum,"['X5', 'X3', 'X4', 'X6', 'X1', 'X2']"
756,xgb_shap_list_ir_5,xgb_shap_list_ir_5_subset_14,orderMean,"['X4', 'X5', 'X2', 'X1', 'X6', 'X3']"
757,xgb_shap_list_ir_5,xgb_shap_list_ir_5_subset_14,orderStd,"['X5', 'X4', 'X2', 'X1', 'X6', 'X3']"
758,xgb_shap_list_ir_5,xgb_shap_list_ir_5_subset_14,orderSum,"['X4', 'X5', 'X2', 'X1', 'X6', 'X3']"
759,xgb_shap_list_ir_2,xgb_shap_list_ir_2_subset_43,orderMean,"['X3', 'X5', 'X4', 'X6', 'X2', 'X1']"
760,xgb_shap_list_ir_2,xgb_shap_list_ir_2_subset_43,orderStd,"['X3', 'X5', 'X2', 'X1', 'X6', 'X4']"
761,xgb_shap_list_ir_2,xgb_shap_list_ir_2_subset_43,orderSum,"['X3', 'X5', 'X4', 'X6', 'X2', 'X1']"
762,xgb_shap_list_ir_4,xgb_shap_list_ir_4_subset_145,orderMean,"['X4', 'X5', 'X2', 'X1', 'X6', 'X3']"
763,xgb_shap_list_ir_4,xgb_shap_list_ir_4_subset_145,orderStd,"['X5', 'X4', 'X2', 'X1', 'X6', 'X3']"
764,xgb_shap_list_ir_4,xgb_shap_list_ir_4_subset_145,orderSum,"['X4', 'X5', 'X2', 'X1', 'X6', 'X3']"
765,xgb_shap_list_ir_1,xgb_shap_list_ir_1_subset_132,orderMean,"['X4', 'X6', 'X1', 'X2', 'X5', 'X3']"
766,xgb_shap_list_ir_1,xgb_shap_list_ir_1_subset_132,orderStd,"['X6', 'X1', 'X2', 'X4', 'X5', 'X3']"
767,xgb_shap_list_ir_1,xgb_shap_list_ir_1_subset_132,orderSum,"['X4', 'X6', 'X1', 'X2', 'X5', 'X3']"
768,xgb_shap_list_ir_1,xgb_shap_list_ir_1_subset_117,orderMean,"['X4', 'X1', 'X6', 'X5', 'X2', 'X3']"
769,xgb_shap_list_ir_1,xgb_shap_list_ir_1_subset_117,orderStd,"['X4', 'X1', 'X6', 'X2', 'X5', 'X3']"
770,xgb_shap_list_ir_1,xgb_shap_list_ir_1_subset_117,orderSum,"['X4', 'X1', 'X6', 'X5', 'X2', 'X3']"
771,xgb_shap_list_ir_4,xgb_shap_list_ir_4_subset_98,orderMean,"['X4', 'X5', 'X6', 'X3', 'X1', 'X2']"
772,xgb_shap_list_ir_4,xgb_shap_list_ir_4_subset_98,orderStd,"['X5', 'X4', 'X2', 'X6', 'X1', 'X3']"
773,xgb_shap_list_ir_4,xgb_shap_list_ir_4_subset_98,orderSum,"['X4', 'X5', 'X6', 'X3', 'X1', 'X2']"
774,xgb_shap_list_ir_3,xgb_shap_list_ir_3_subset_141,orderMean,"['X4', 'X5', 'X6', 'X1', 'X2', 'X3']"
775,xgb_shap_list_ir_3,xgb_shap_list_ir_3_subset_141,orderStd,"['X5', 'X4', 'X2', 'X1', 'X6', 'X3']"
776,xgb_shap_list_ir_3,xgb_shap_list_ir_3_subset_141,orderSum,"['X4', 'X5', 'X6', 'X1', 'X2', 'X3']"
777,xgb_shap_list_ir_3,xgb_shap_list_ir_3_subset_120,orderMean,"['X4', 'X3', 'X5', 'X6', 'X1', 'X2']"
778,xgb_shap_list_ir_3,xgb_shap_list_ir_3_subset_120,orderStd,"['X5', 'X2', 'X4', 'X6', 'X1', 'X3']"
779,xgb_shap_list_ir_3,xgb_shap_list_ir_3_subset_120,orderSum,"['X4', 'X3', 'X5', 'X6', 'X1', 'X2']"
780,xgb_shap_list_ir_5,xgb_shap_list_ir_5_subset_79,orderMean,"['X5', 'X4', 'X6', 'X1', 'X3', 'X2']"
781,xgb_shap_list_ir_5,xgb_shap_list_ir_5_subset_79,orderStd,"['X5', 'X4', 'X1', 'X6', 'X2', 'X3']"
782,xgb_shap_list_ir_5,xgb_shap_list_ir_5_subset_79,orderSum,"['X5', 'X4', 'X6', 'X1', 'X3', 'X2']"
783,xgb_shap_list_ir_4,xgb_shap_list_ir_4_subset_103,orderMean,"['X4', 'X5', 'X1', 'X6', 'X2', 'X3']"
784,xgb_shap_list_ir_4,xgb_shap_list_ir_4_subset_103,orderStd,"['X5', 'X2', 'X1', 'X4', 'X6', 'X3']"
785,xgb_shap_list_ir_4,xgb_shap_list_ir_4_subset_103,orderSum,"['X4', 'X5', 'X1', 'X6', 'X2', 'X3']"
786,xgb_shap_list_ir_3,xgb_shap_list_ir_3_subset_16,orderMean,"['X4', 'X5', 'X6', 'X2', 'X1', 'X3']"
787,xgb_shap_list_ir_3,xgb_shap_list_ir_3_subset_16,orderStd,"['X5', 'X4', 'X2', 'X1', 'X3', 'X6']"
788,xgb_shap_list_ir_3,xgb_shap_list_ir_3_subset_16,orderSum,"['X4', 'X5', 'X6', 'X2', 'X1', 'X3']"
789,xgb_shap_list_ir_2,xgb_shap_list_ir_2_subset_52,orderMean,"['X4', 'X5', 'X6', 'X1', 'X2', 'X3']"
790,xgb_shap_list_ir_2,xgb_shap_list_ir_2_subset_52,orderStd,"['X5', 'X4', 'X2', 'X1', 'X6', 'X3']"
791,xgb_shap_list_ir_2,xgb_shap_list_ir_2_subset_52,orderSum,"['X4', 'X5', 'X6', 'X1', 'X2', 'X3']"
792,xgb_shap_list_ir_1,xgb_shap_list_ir_1_subset_96,orderMean,"['X1', 'X4', 'X5', 'X6', 'X2', 'X3']"
793,xgb_shap_list_ir_1,xgb_shap_list_ir_1_subset_96,orderStd,"['X4', 'X1', 'X2', 'X5', 'X3', 'X6']"
794,xgb_shap_list_ir_1,xgb_shap_list_ir_1_subset_96,orderSum,"['X1', 'X4', 'X5', 'X6', 'X2', 'X3']"
795,xgb_shap_list_ir_1,xgb_shap_list_ir_1_subset_24,orderMean,"['X4', 'X3', 'X1', 'X2', 'X6', 'X5']"
796,xgb_shap_list_ir_1,xgb_shap_list_ir_1_subset_24,orderStd,"['X4', 'X2', 'X3', 'X1', 'X6', 'X5']"
797,xgb_shap_list_ir_1,xgb_shap_list_ir_1_subset_24,orderSum,"['X4', 'X3', 'X1', 'X2', 'X6', 'X5']"
798,xgb_shap_list_ir_2,xgb_shap_list_ir_2_subset_38,orderMean,"['X4', 'X5', 'X6', 'X2', 'X3', 'X1']"
799,xgb_shap_list_ir_2,xgb_shap_list_ir_2_subset_38,orderStd,"['X4', 'X2', 'X5', 'X6', 'X1', 'X3']"
800,xgb_shap_list_ir_2,xgb_shap_list_ir_2_subset_38,orderSum,"['X4', 'X5', 'X6', 'X2', 'X3', 'X1']"
801,xgb_shap_list_ir_1,xgb_shap_list_ir_1_subset_111,orderMean,"['X6', 'X4', 'X2', 'X3', 'X5', 'X1']"
802,xgb_shap_list_ir_1,xgb_shap_list_ir_1_subset_111,orderStd,"['X2', 'X6', 'X3', 'X5', 'X1', 'X4']"
803,xgb_shap_list_ir_1,xgb_shap_list_ir_1_subset_111,orderSum,"['X6', 'X4', 'X2', 'X3', 'X5', 'X1']"
804,xgb_shap_list_ir_4,xgb_shap_list_ir_4_subset_115,orderMean,"['X4', 'X5', 'X1', 'X3', 'X2', 'X6']"
805,xgb_shap_list_ir_4,xgb_shap_list_ir_4_subset_115,orderStd,"['X5', 'X4', 'X2', 'X3', 'X1', 'X6']"
806,xgb_shap_list_ir_4,xgb_shap_list_ir_4_subset_115,orderSum,"['X4', 'X5', 'X1', 'X3', 'X2', 'X6']"
807,xgb_shap_list_ir_1,xgb_shap_list_ir_1_subset_66,orderMean,"['X5', 'X6', 'X4', 'X1', 'X3', 'X2']"
808,xgb_shap_list_ir_1,xgb_shap_list_ir_1_subset_66,orderStd,"['X5', 'X4', 'X6', 'X2', 'X1', 'X3']"
809,xgb_shap_list_ir_1,xgb_shap_list_ir_1_subset_66,orderSum,"['X5', 'X6', 'X4', 'X1', 'X3', 'X2']"
810,xgb_shap_list_ir_4,xgb_shap_list_ir_4_subset_118,orderMean,"['X4', 'X5', 'X1', 'X2', 'X6', 'X3']"
811,xgb_shap_list_ir_4,xgb_shap_list_ir_4_subset_118,orderStd,"['X5', 'X2', 'X4', 'X1', 'X6', 'X3']"
812,xgb_shap_list_ir_4,xgb_shap_list_ir_4_subset_118,orderSum,"['X4', 'X5', 'X1', 'X2', 'X6', 'X3']"
813,xgb_shap_list_ir_4,xgb_shap_list_ir_4_subset_11,orderMean,"['X4', 'X5', 'X6', 'X2', 'X3', 'X1']"
814,xgb_shap_list_ir_4,xgb_shap_list_ir_4_subset_11,orderStd,"['X2', 'X5', 'X4', 'X6', 'X1', 'X3']"
815,xgb_shap_list_ir_4,xgb_shap_list_ir_4_subset_11,orderSum,"['X4', 'X5', 'X6', 'X2', 'X3', 'X1']"
816,xgb_shap_list_ir_4,xgb_shap_list_ir_4_subset_133,orderMean,"['X4', 'X5', 'X1', 'X6', 'X3', 'X2']"
817,xgb_shap_list_ir_4,xgb_shap_list_ir_4_subset_133,orderStd,"['X5', 'X4', 'X2', 'X1', 'X6', 'X3']"
818,xgb_shap_list_ir_4,xgb_shap_list_ir_4_subset_133,orderSum,"['X4', 'X5', 'X1', 'X6', 'X3', 'X2']"
819,xgb_shap_list_ir_1,xgb_shap_list_ir_1_subset_25,orderMean,"['X5', 'X1', 'X6', 'X2', 'X4', 'X3']"
820,xgb_shap_list_ir_1,xgb_shap_list_ir_1_subset_25,orderStd,"['X1', 'X5', 'X2', 'X6', 'X4', 'X3']"
821,xgb_shap_list_ir_1,xgb_shap_list_ir_1_subset_25,orderSum,"['X5', 'X1', 'X6', 'X2', 'X4', 'X3']"
822,xgb_shap_list_ir_3,xgb_shap_list_ir_3_subset_97,orderMean,"['X4', 'X5', 'X6', 'X3', 'X1', 'X2']"
823,xgb_shap_list_ir_3,xgb_shap_list_ir_3_subset_97,orderStd,"['X4', 'X3', 'X5', 'X6', 'X2', 'X1']"
824,xgb_shap_list_ir_3,xgb_shap_list_ir_3_subset_97,orderSum,"['X4', 'X5', 'X6', 'X3', 'X1', 'X2']"
825,xgb_shap_list_ir_2,xgb_shap_list_ir_2_subset_104,orderMean,"['X5', 'X4', 'X6', 'X1', 'X2', 'X3']"
826,xgb_shap_list_ir_2,xgb_shap_list_ir_2_subset_104,orderStd,"['X1', 'X5', 'X2', 'X4', 'X6', 'X3']"
827,xgb_shap_list_ir_2,xgb_shap_list_ir_2_subset_104,orderSum,"['X5', 'X4', 'X6', 'X1', 'X2', 'X3']"
828,xgb_shap_list_ir_4,xgb_shap_list_ir_4_subset_78,orderMean,"['X5', 'X4', 'X6', 'X1', 'X2', 'X3']"
829,xgb_shap_list_ir_4,xgb_shap_list_ir_4_subset_78,orderStd,"['X5', 'X4', 'X2', 'X1', 'X6', 'X3']"
830,xgb_shap_list_ir_4,xgb_shap_list_ir_4_subset_78,orderSum,"['X5', 'X4', 'X6', 'X1', 'X2', 'X3']"
831,xgb_shap_list_ir_2,xgb_shap_list_ir_2_subset_136,orderMean,"['X4', 'X5', 'X3', 'X1', 'X6', 'X2']"
832,xgb_shap_list_ir_2,xgb_shap_list_ir_2_subset_136,orderStd,"['X5', 'X1', 'X3', 'X4', 'X6', 'X2']"
833,xgb_shap_list_ir_2,xgb_shap_list_ir_2_subset_136,orderSum,"['X4', 'X5', 'X3', 'X1', 'X6', 'X2']"
834,xgb_shap_list_ir_3,xgb_shap_list_ir_3_subset_14,orderMean,"['X4', 'X5', 'X3', 'X6', 'X1', 'X2']"
835,xgb_shap_list_ir_3,xgb_shap_list_ir_3_subset_14,orderStd,"['X5', 'X4', 'X2', 'X3', 'X6', 'X1']"
836,xgb_shap_list_ir_3,xgb_shap_list_ir_3_subset_14,orderSum,"['X4', 'X5', 'X3', 'X6', 'X1', 'X2']"
837,xgb_shap_list_ir_5,xgb_shap_list_ir_5_subset_43,orderMean,"['X4', 'X5', 'X1', 'X6', 'X3', 'X2']"
838,xgb_shap_list_ir_5,xgb_shap_list_ir_5_subset_43,orderStd,"['X4', 'X5', 'X2', 'X1', 'X6', 'X3']"
839,xgb_shap_list_ir_5,xgb_shap_list_ir_5_subset_43,orderSum,"['X4', 'X5', 'X1', 'X6', 'X3', 'X2']"
840,xgb_shap_list_ir_1,xgb_shap_list_ir_1_subset_4,orderMean,"['X5', 'X1', 'X6', 'X3', 'X4', 'X2']"
841,xgb_shap_list_ir_1,xgb_shap_list_ir_1_subset_4,orderStd,"['X1', 'X5', 'X6', 'X4', 'X3', 'X2']"
842,xgb_shap_list_ir_1,xgb_shap_list_ir_1_subset_4,orderSum,"['X5', 'X1', 'X6', 'X3', 'X4', 'X2']"
843,xgb_shap_list_ir_3,xgb_shap_list_ir_3_subset_88,orderMean,"['X5', 'X4', 'X6', 'X3', 'X1', 'X2']"
844,xgb_shap_list_ir_3,xgb_shap_list_ir_3_subset_88,orderStd,"['X5', 'X6', 'X3', 'X4', 'X1', 'X2']"
845,xgb_shap_list_ir_3,xgb_shap_list_ir_3_subset_88,orderSum,"['X5', 'X4', 'X6', 'X3', 'X1', 'X2']"
846,xgb_shap_list_ir_2,xgb_shap_list_ir_2_subset_138,orderMean,"['X4', 'X6', 'X5', 'X1', 'X3', 'X2']"
847,xgb_shap_list_ir_2,xgb_shap_list_ir_2_subset_138,orderStd,"['X5', 'X4', 'X2', 'X3', 'X1', 'X6']"
848,xgb_shap_list_ir_2,xgb_shap_list_ir_2_subset_138,orderSum,"['X4', 'X6', 'X5', 'X1', 'X3', 'X2']"
849,xgb_shap_list_ir_5,xgb_shap_list_ir_5_subset_66,orderMean,"['X4', 'X5', 'X6', 'X1', 'X3', 'X2']"
850,xgb_shap_list_ir_5,xgb_shap_list_ir_5_subset_66,orderStd,"['X5', 'X4', 'X2', 'X6', 'X1', 'X3']"
851,xgb_shap_list_ir_5,xgb_shap_list_ir_5_subset_66,orderSum,"['X4', 'X5', 'X6', 'X1', 'X3', 'X2']"
852,xgb_shap_list_ir_2,xgb_shap_list_ir_2_subset_50,orderMean,"['X4', 'X5', 'X3', 'X2', 'X1', 'X6']"
853,xgb_shap_list_ir_2,xgb_shap_list_ir_2_subset_50,orderStd,"['X5', 'X2', 'X4', 'X3', 'X1', 'X6']"
854,xgb_shap_list_ir_2,xgb_shap_list_ir_2_subset_50,orderSum,"['X4', 'X5', 'X3', 'X2', 'X1', 'X6']"
855,xgb_shap_list_ir_1,xgb_shap_list_ir_1_subset_69,orderMean,"['X4', 'X5', 'X2', 'X6', 'X3', 'X1']"
856,xgb_shap_list_ir_1,xgb_shap_list_ir_1_subset_69,orderStd,"['X4', 'X3', 'X2', 'X5', 'X6', 'X1']"
857,xgb_shap_list_ir_1,xgb_shap_list_ir_1_subset_69,orderSum,"['X4', 'X5', 'X2', 'X6', 'X3', 'X1']"
858,xgb_shap_list_ir_4,xgb_shap_list_ir_4_subset_106,orderMean,"['X4', 'X1', 'X5', 'X6', 'X3', 'X2']"
859,xgb_shap_list_ir_4,xgb_shap_list_ir_4_subset_106,orderStd,"['X4', 'X5', 'X1', 'X6', 'X2', 'X3']"
860,xgb_shap_list_ir_4,xgb_shap_list_ir_4_subset_106,orderSum,"['X4', 'X1', 'X5', 'X6', 'X3', 'X2']"
861,xgb_shap_list_ir_2,xgb_shap_list_ir_2_subset_140,orderMean,"['X4', 'X6', 'X1', 'X2', 'X5', 'X3']"
862,xgb_shap_list_ir_2,xgb_shap_list_ir_2_subset_140,orderStd,"['X4', 'X2', 'X1', 'X6', 'X5', 'X3']"
863,xgb_shap_list_ir_2,xgb_shap_list_ir_2_subset_140,orderSum,"['X4', 'X6', 'X1', 'X2', 'X5', 'X3']"
864,xgb_shap_list_ir_5,xgb_shap_list_ir_5_subset_15,orderMean,"['X4', 'X5', 'X1', 'X3', 'X6', 'X2']"
865,xgb_shap_list_ir_5,xgb_shap_list_ir_5_subset_15,orderStd,"['X5', 'X4', 'X2', 'X1', 'X6', 'X3']"
866,xgb_shap_list_ir_5,xgb_shap_list_ir_5_subset_15,orderSum,"['X4', 'X5', 'X1', 'X3', 'X6', 'X2']"
867,xgb_shap_list_ir_4,xgb_shap_list_ir_4_subset_2,orderMean,"['X5', 'X4', 'X6', 'X1', 'X2', 'X3']"
868,xgb_shap_list_ir_4,xgb_shap_list_ir_4_subset_2,orderStd,"['X5', 'X4', 'X2', 'X6', 'X1', 'X3']"
869,xgb_shap_list_ir_4,xgb_shap_list_ir_4_subset_2,orderSum,"['X5', 'X4', 'X6', 'X1', 'X2', 'X3']"
870,xgb_shap_list_ir_5,xgb_shap_list_ir_5_subset_69,orderMean,"['X4', 'X5', 'X1', 'X2', 'X3', 'X6']"
871,xgb_shap_list_ir_5,xgb_shap_list_ir_5_subset_69,orderStd,"['X5', 'X4', 'X2', 'X1', 'X6', 'X3']"
872,xgb_shap_list_ir_5,xgb_shap_list_ir_5_subset_69,orderSum,"['X4', 'X5', 'X1', 'X2', 'X3', 'X6']"
873,xgb_shap_list_ir_4,xgb_shap_list_ir_4_subset_144,orderMean,"['X4', 'X5', 'X1', 'X6', 'X2', 'X3']"
874,xgb_shap_list_ir_4,xgb_shap_list_ir_4_subset_144,orderStd,"['X5', 'X1', 'X4', 'X2', 'X6', 'X3']"
875,xgb_shap_list_ir_4,xgb_shap_list_ir_4_subset_144,orderSum,"['X4', 'X5', 'X1', 'X6', 'X2', 'X3']"
876,xgb_shap_list_ir_4,xgb_shap_list_ir_4_subset_33,orderMean,"['X4', 'X5', 'X6', 'X1', 'X2', 'X3']"
877,xgb_shap_list_ir_4,xgb_shap_list_ir_4_subset_33,orderStd,"['X5', 'X2', 'X6', 'X4', 'X1', 'X3']"
878,xgb_shap_list_ir_4,xgb_shap_list_ir_4_subset_33,orderSum,"['X4', 'X5', 'X6', 'X1', 'X2', 'X3']"
879,xgb_shap_list_ir_4,xgb_shap_list_ir_4_subset_12,orderMean,"['X4', 'X5', 'X3', 'X6', 'X1', 'X2']"
880,xgb_shap_list_ir_4,xgb_shap_list_ir_4_subset_12,orderStd,"['X5', 'X1', 'X2', 'X4', 'X6', 'X3']"
881,xgb_shap_list_ir_4,xgb_shap_list_ir_4_subset_12,orderSum,"['X4', 'X5', 'X3', 'X6', 'X1', 'X2']"
882,xgb_shap_list_ir_1,xgb_shap_list_ir_1_subset_85,orderMean,"['X6', 'X5', 'X1', 'X4', 'X2', 'X3']"
883,xgb_shap_list_ir_1,xgb_shap_list_ir_1_subset_85,orderStd,"['X1', 'X2', 'X5', 'X4', 'X6', 'X3']"
884,xgb_shap_list_ir_1,xgb_shap_list_ir_1_subset_85,orderSum,"['X6', 'X5', 'X1', 'X4', 'X2', 'X3']"
885,xgb_shap_list_ir_5,xgb_shap_list_ir_5_subset_112,orderMean,"['X4', 'X5', 'X3', 'X2', 'X6', 'X1']"
886,xgb_shap_list_ir_5,xgb_shap_list_ir_5_subset_112,orderStd,"['X5', 'X4', 'X2', 'X3', 'X6', 'X1']"
887,xgb_shap_list_ir_5,xgb_shap_list_ir_5_subset_112,orderSum,"['X4', 'X5', 'X3', 'X2', 'X6', 'X1']"
888,xgb_shap_list_ir_3,xgb_shap_list_ir_3_subset_126,orderMean,"['X5', 'X1', 'X3', 'X6', 'X4', 'X2']"
889,xgb_shap_list_ir_3,xgb_shap_list_ir_3_subset_126,orderStd,"['X2', 'X5', 'X1', 'X6', 'X4', 'X3']"
890,xgb_shap_list_ir_3,xgb_shap_list_ir_3_subset_126,orderSum,"['X5', 'X1', 'X3', 'X6', 'X4', 'X2']"
891,xgb_shap_list_ir_5,xgb_shap_list_ir_5_subset_80,orderMean,"['X4', 'X5', 'X1', 'X6', 'X3', 'X2']"
892,xgb_shap_list_ir_5,xgb_shap_list_ir_5_subset_80,orderStd,"['X5', 'X4', 'X1', 'X2', 'X3', 'X6']"
893,xgb_shap_list_ir_5,xgb_shap_list_ir_5_subset_80,orderSum,"['X4', 'X5', 'X1', 'X6', 'X3', 'X2']"
894,xgb_shap_list_ir_2,xgb_shap_list_ir_2_subset_33,orderMean,"['X4', 'X5', 'X6', 'X1', 'X3', 'X2']"
895,xgb_shap_list_ir_2,xgb_shap_list_ir_2_subset_33,orderStd,"['X4', 'X6', 'X5', 'X3', 'X2', 'X1']"
896,xgb_shap_list_ir_2,xgb_shap_list_ir_2_subset_33,orderSum,"['X4', 'X5', 'X6', 'X1', 'X3', 'X2']"
897,xgb_shap_list_ir_5,xgb_shap_list_ir_5_subset_119,orderMean,"['X4', 'X5', 'X1', 'X6', 'X3', 'X2']"
898,xgb_shap_list_ir_5,xgb_shap_list_ir_5_subset_119,orderStd,"['X5', 'X2', 'X1', 'X4', 'X6', 'X3']"
899,xgb_shap_list_ir_5,xgb_shap_list_ir_5_subset_119,orderSum,"['X4', 'X5', 'X1', 'X6', 'X3', 'X2']"
900,xgb_shap_list_ir_1,xgb_shap_list_ir_1_subset_139,orderMean,"['X5', 'X1', 'X4', 'X2', 'X6', 'X3']"
901,xgb_shap_list_ir_1,xgb_shap_list_ir_1_subset_139,orderStd,"['X6', 'X5', 'X4', 'X1', 'X2', 'X3']"
902,xgb_shap_list_ir_1,xgb_shap_list_ir_1_subset_139,orderSum,"['X5', 'X1', 'X4', 'X2', 'X6', 'X3']"
903,xgb_shap_list_ir_4,xgb_shap_list_ir_4_subset_123,orderMean,"['X4', 'X1', 'X6', 'X5', 'X2', 'X3']"
904,xgb_shap_list_ir_4,xgb_shap_list_ir_4_subset_123,orderStd,"['X4', 'X2', 'X5', 'X1', 'X6', 'X3']"
905,xgb_shap_list_ir_4,xgb_shap_list_ir_4_subset_123,orderSum,"['X4', 'X1', 'X6', 'X5', 'X2', 'X3']"
906,xgb_shap_list_ir_1,xgb_shap_list_ir_1_subset_131,orderMean,"['X6', 'X4', 'X1', 'X2', 'X5', 'X3']"
907,xgb_shap_list_ir_1,xgb_shap_list_ir_1_subset_131,orderStd,"['X6', 'X1', 'X5', 'X2', 'X4', 'X3']"
908,xgb_shap_list_ir_1,xgb_shap_list_ir_1_subset_131,orderSum,"['X6', 'X4', 'X1', 'X2', 'X5', 'X3']"
909,xgb_shap_list_ir_3,xgb_shap_list_ir_3_subset_137,orderMean,"['X5', 'X1', 'X4', 'X6', 'X2', 'X3']"
910,xgb_shap_list_ir_3,xgb_shap_list_ir_3_subset_137,orderStd,"['X5', 'X1', 'X4', 'X6', 'X2', 'X3']"
911,xgb_shap_list_ir_3,xgb_shap_list_ir_3_subset_137,orderSum,"['X5', 'X1', 'X4', 'X6', 'X2', 'X3']"
912,xgb_shap_list_ir_2,xgb_shap_list_ir_2_subset_120,orderMean,"['X4', 'X6', 'X3', 'X1', 'X5', 'X2']"
913,xgb_shap_list_ir_2,xgb_shap_list_ir_2_subset_120,orderStd,"['X4', 'X6', 'X1', 'X3', 'X2', 'X5']"
914,xgb_shap_list_ir_2,xgb_shap_list_ir_2_subset_120,orderSum,"['X4', 'X6', 'X3', 'X1', 'X5', 'X2']"
915,xgb_shap_list_ir_3,xgb_shap_list_ir_3_subset_112,orderMean,"['X4', 'X1', 'X5', 'X3', 'X6', 'X2']"
916,xgb_shap_list_ir_3,xgb_shap_list_ir_3_subset_112,orderStd,"['X5', 'X4', 'X1', 'X2', 'X3', 'X6']"
917,xgb_shap_list_ir_3,xgb_shap_list_ir_3_subset_112,orderSum,"['X4', 'X1', 'X5', 'X3', 'X6', 'X2']"
918,xgb_shap_list_ir_1,xgb_shap_list_ir_1_subset_93,orderMean,"['X4', 'X5', 'X2', 'X6', 'X1', 'X3']"
919,xgb_shap_list_ir_1,xgb_shap_list_ir_1_subset_93,orderStd,"['X1', 'X2', 'X4', 'X6', 'X5', 'X3']"
920,xgb_shap_list_ir_1,xgb_shap_list_ir_1_subset_93,orderSum,"['X4', 'X5', 'X2', 'X6', 'X1', 'X3']"
921,xgb_shap_list_ir_5,xgb_shap_list_ir_5_subset_40,orderMean,"['X4', 'X5', 'X3', 'X6', 'X2', 'X1']"
922,xgb_shap_list_ir_5,xgb_shap_list_ir_5_subset_40,orderStd,"['X4', 'X5', 'X2', 'X1', 'X6', 'X3']"
923,xgb_shap_list_ir_5,xgb_shap_list_ir_5_subset_40,orderSum,"['X4', 'X5', 'X3', 'X6', 'X2', 'X1']"
924,xgb_shap_list_ir_1,xgb_shap_list_ir_1_subset_34,orderMean,"['X4', 'X5', 'X6', 'X1', 'X2', 'X3']"
925,xgb_shap_list_ir_1,xgb_shap_list_ir_1_subset_34,orderStd,"['X4', 'X6', 'X5', 'X2', 'X1', 'X3']"
926,xgb_shap_list_ir_1,xgb_shap_list_ir_1_subset_34,orderSum,"['X4', 'X5', 'X6', 'X1', 'X2', 'X3']"
927,xgb_shap_list_ir_1,xgb_shap_list_ir_1_subset_80,orderMean,"['X5', 'X4', 'X6', 'X1', 'X2', 'X3']"
928,xgb_shap_list_ir_1,xgb_shap_list_ir_1_subset_80,orderStd,"['X5', 'X4', 'X1', 'X2', 'X6', 'X3']"
929,xgb_shap_list_ir_1,xgb_shap_list_ir_1_subset_80,orderSum,"['X5', 'X4', 'X6', 'X1', 'X2', 'X3']"
930,xgb_shap_list_ir_2,xgb_shap_list_ir_2_subset_111,orderMean,"['X4', 'X2', 'X3', 'X6', 'X5', 'X1']"
931,xgb_shap_list_ir_2,xgb_shap_list_ir_2_subset_111,orderStd,"['X4', 'X3', 'X2', 'X5', 'X6', 'X1']"
932,xgb_shap_list_ir_2,xgb_shap_list_ir_2_subset_111,orderSum,"['X4', 'X2', 'X3', 'X6', 'X5', 'X1']"
933,xgb_shap_list_ir_3,xgb_shap_list_ir_3_subset_131,orderMean,"['X4', 'X6', 'X1', 'X5', 'X3', 'X2']"
934,xgb_shap_list_ir_3,xgb_shap_list_ir_3_subset_131,orderStd,"['X4', 'X2', 'X1', 'X5', 'X6', 'X3']"
935,xgb_shap_list_ir_3,xgb_shap_list_ir_3_subset_131,orderSum,"['X4', 'X6', 'X1', 'X5', 'X3', 'X2']"
936,xgb_shap_list_ir_5,xgb_shap_list_ir_5_subset_34,orderMean,"['X4', 'X5', 'X6', 'X1', 'X2', 'X3']"
937,xgb_shap_list_ir_5,xgb_shap_list_ir_5_subset_34,orderStd,"['X5', 'X4', 'X2', 'X1', 'X3', 'X6']"
938,xgb_shap_list_ir_5,xgb_shap_list_ir_5_subset_34,orderSum,"['X4', 'X5', 'X6', 'X1', 'X2', 'X3']"
939,xgb_shap_list_ir_5,xgb_shap_list_ir_5_subset_25,orderMean,"['X5', 'X4', 'X6', 'X1', 'X2', 'X3']"
940,xgb_shap_list_ir_5,xgb_shap_list_ir_5_subset_25,orderStd,"['X5', 'X4', 'X2', 'X1', 'X6', 'X3']"
941,xgb_shap_list_ir_5,xgb_shap_list_ir_5_subset_25,orderSum,"['X5', 'X4', 'X6', 'X1', 'X2', 'X3']"
942,xgb_shap_list_ir_1,xgb_shap_list_ir_1_subset_7,orderMean,"['X1', 'X3', 'X4', 'X6', 'X2', 'X5']"
943,xgb_shap_list_ir_1,xgb_shap_list_ir_1_subset_7,orderStd,"['X2', 'X3', 'X4', 'X1', 'X6', 'X5']"
944,xgb_shap_list_ir_1,xgb_shap_list_ir_1_subset_7,orderSum,"['X1', 'X3', 'X4', 'X6', 'X2', 'X5']"
945,xgb_shap_list_ir_4,xgb_shap_list_ir_4_subset_18,orderMean,"['X4', 'X5', 'X1', 'X6', 'X2', 'X3']"
946,xgb_shap_list_ir_4,xgb_shap_list_ir_4_subset_18,orderStd,"['X5', 'X1', 'X4', 'X2', 'X6', 'X3']"
947,xgb_shap_list_ir_4,xgb_shap_list_ir_4_subset_18,orderSum,"['X4', 'X5', 'X1', 'X6', 'X2', 'X3']"
948,xgb_shap_list_ir_5,xgb_shap_list_ir_5_subset_128,orderMean,"['X4', 'X5', 'X1', 'X6', 'X2', 'X3']"
949,xgb_shap_list_ir_5,xgb_shap_list_ir_5_subset_128,orderStd,"['X4', 'X2', 'X5', 'X1', 'X6', 'X3']"
950,xgb_shap_list_ir_5,xgb_shap_list_ir_5_subset_128,orderSum,"['X4', 'X5', 'X1', 'X6', 'X2', 'X3']"
951,xgb_shap_list_ir_3,xgb_shap_list_ir_3_subset_9,orderMean,"['X4', 'X5', 'X6', 'X2', 'X1', 'X3']"
952,xgb_shap_list_ir_3,xgb_shap_list_ir_3_subset_9,orderStd,"['X5', 'X4', 'X6', 'X2', 'X1', 'X3']"
953,xgb_shap_list_ir_3,xgb_shap_list_ir_3_subset_9,orderSum,"['X4', 'X5', 'X6', 'X2', 'X1', 'X3']"
954,xgb_shap_list_ir_3,xgb_shap_list_ir_3_subset_148,orderMean,"['X4', 'X1', 'X5', 'X6', 'X3', 'X2']"
955,xgb_shap_list_ir_3,xgb_shap_list_ir_3_subset_148,orderStd,"['X4', 'X2', 'X5', 'X6', 'X1', 'X3']"
956,xgb_shap_list_ir_3,xgb_shap_list_ir_3_subset_148,orderSum,"['X4', 'X1', 'X5', 'X6', 'X3', 'X2']"
957,xgb_shap_list_ir_2,xgb_shap_list_ir_2_subset_20,orderMean,"['X5', 'X4', 'X3', 'X2', 'X6', 'X1']"
958,xgb_shap_list_ir_2,xgb_shap_list_ir_2_subset_20,orderStd,"['X5', 'X4', 'X2', 'X6', 'X3', 'X1']"
959,xgb_shap_list_ir_2,xgb_shap_list_ir_2_subset_20,orderSum,"['X5', 'X4', 'X3', 'X2', 'X6', 'X1']"
960,xgb_shap_list_ir_4,xgb_shap_list_ir_4_subset_25,orderMean,"['X4', 'X6', 'X5', 'X1', 'X3', 'X2']"
961,xgb_shap_list_ir_4,xgb_shap_list_ir_4_subset_25,orderStd,"['X5', 'X4', 'X2', 'X6', 'X1', 'X3']"
962,xgb_shap_list_ir_4,xgb_shap_list_ir_4_subset_25,orderSum,"['X4', 'X6', 'X5', 'X1', 'X3', 'X2']"
963,xgb_shap_list_ir_5,xgb_shap_list_ir_5_subset_74,orderMean,"['X4', 'X5', 'X3', 'X6', 'X2', 'X1']"
964,xgb_shap_list_ir_5,xgb_shap_list_ir_5_subset_74,orderStd,"['X5', 'X2', 'X4', 'X6', 'X3', 'X1']"
965,xgb_shap_list_ir_5,xgb_shap_list_ir_5_subset_74,orderSum,"['X4', 'X5', 'X3', 'X6', 'X2', 'X1']"
966,xgb_shap_list_ir_3,xgb_shap_list_ir_3_subset_35,orderMean,"['X4', 'X5', 'X6', 'X1', 'X3', 'X2']"
967,xgb_shap_list_ir_3,xgb_shap_list_ir_3_subset_35,orderStd,"['X5', 'X4', 'X6', 'X2', 'X1', 'X3']"
968,xgb_shap_list_ir_3,xgb_shap_list_ir_3_subset_35,orderSum,"['X4', 'X5', 'X6', 'X1', 'X3', 'X2']"
969,xgb_shap_list_ir_4,xgb_shap_list_ir_4_subset_48,orderMean,"['X5', 'X4', 'X1', 'X6', 'X2', 'X3']"
970,xgb_shap_list_ir_4,xgb_shap_list_ir_4_subset_48,orderStd,"['X5', 'X1', 'X4', 'X2', 'X6', 'X3']"
971,xgb_shap_list_ir_4,xgb_shap_list_ir_4_subset_48,orderSum,"['X5', 'X4', 'X1', 'X6', 'X2', 'X3']"
972,xgb_shap_list_ir_3,xgb_shap_list_ir_3_subset_115,orderMean,"['X4', 'X5', 'X3', 'X6', 'X2', 'X1']"
973,xgb_shap_list_ir_3,xgb_shap_list_ir_3_subset_115,orderStd,"['X5', 'X2', 'X4', 'X6', 'X3', 'X1']"
974,xgb_shap_list_ir_3,xgb_shap_list_ir_3_subset_115,orderSum,"['X4', 'X5', 'X3', 'X6', 'X2', 'X1']"
975,xgb_shap_list_ir_1,xgb_shap_list_ir_1_subset_118,orderMean,"['X4', 'X5', 'X6', 'X3', 'X2', 'X1']"
976,xgb_shap_list_ir_1,xgb_shap_list_ir_1_subset_118,orderStd,"['X6', 'X4', 'X5', 'X2', 'X1', 'X3']"
977,xgb_shap_list_ir_1,xgb_shap_list_ir_1_subset_118,orderSum,"['X4', 'X5', 'X6', 'X3', 'X2', 'X1']"
978,xgb_shap_list_ir_4,xgb_shap_list_ir_4_subset_6,orderMean,"['X4', 'X5', 'X1', 'X6', 'X2', 'X3']"
979,xgb_shap_list_ir_4,xgb_shap_list_ir_4_subset_6,orderStd,"['X5', 'X4', 'X2', 'X1', 'X6', 'X3']"
980,xgb_shap_list_ir_4,xgb_shap_list_ir_4_subset_6,orderSum,"['X4', 'X5', 'X1', 'X6', 'X2', 'X3']"
981,xgb_shap_list_ir_3,xgb_shap_list_ir_3_subset_90,orderMean,"['X5', 'X4', 'X1', 'X6', 'X2', 'X3']"
982,xgb_shap_list_ir_3,xgb_shap_list_ir_3_subset_90,orderStd,"['X5', 'X1', 'X4', 'X6', 'X2', 'X3']"
983,xgb_shap_list_ir_3,xgb_shap_list_ir_3_subset_90,orderSum,"['X5', 'X4', 'X1', 'X6', 'X2', 'X3']"
984,xgb_shap_list_ir_5,xgb_shap_list_ir_5_subset_12,orderMean,"['X4', 'X5', 'X6', 'X2', 'X1', 'X3']"
985,xgb_shap_list_ir_5,xgb_shap_list_ir_5_subset_12,orderStd,"['X5', 'X4', 'X2', 'X1', 'X6', 'X3']"
986,xgb_shap_list_ir_5,xgb_shap_list_ir_5_subset_12,orderSum,"['X4', 'X5', 'X6', 'X2', 'X1', 'X3']"
987,xgb_shap_list_ir_2,xgb_shap_list_ir_2_subset_96,orderMean,"['X4', 'X5', 'X2', 'X1', 'X6', 'X3']"
988,xgb_shap_list_ir_2,xgb_shap_list_ir_2_subset_96,orderStd,"['X5', 'X4', 'X6', 'X1', 'X2', 'X3']"
989,xgb_shap_list_ir_2,xgb_shap_list_ir_2_subset_96,orderSum,"['X4', 'X5', 'X2', 'X1', 'X6', 'X3']"
990,xgb_shap_list_ir_5,xgb_shap_list_ir_5_subset_18,orderMean,"['X4', 'X5', 'X3', 'X2', 'X6', 'X1']"
991,xgb_shap_list_ir_5,xgb_shap_list_ir_5_subset_18,orderStd,"['X5', 'X2', 'X4', 'X3', 'X1', 'X6']"
992,xgb_shap_list_ir_5,xgb_shap_list_ir_5_subset_18,orderSum,"['X4', 'X5', 'X3', 'X2', 'X6', 'X1']"
993,xgb_shap_list_ir_5,xgb_shap_list_ir_5_subset_106,orderMean,"['X4', 'X5', 'X1', 'X6', 'X3', 'X2']"
994,xgb_shap_list_ir_5,xgb_shap_list_ir_5_subset_106,orderStd,"['X5', 'X4', 'X1', 'X2', 'X6', 'X3']"
995,xgb_shap_list_ir_5,xgb_shap_list_ir_5_subset_106,orderSum,"['X4', 'X5', 'X1', 'X6', 'X3', 'X2']"
996,xgb_shap_list_ir_3,xgb_shap_list_ir_3_subset_76,orderMean,"['X4', 'X6', 'X5', 'X3', 'X1', 'X2']"
997,xgb_shap_list_ir_3,xgb_shap_list_ir_3_subset_76,orderStd,"['X4', 'X1', 'X5', 'X2', 'X6', 'X3']"
998,xgb_shap_list_ir_3,xgb_shap_list_ir_3_subset_76,orderSum,"['X4', 'X6', 'X5', 'X3', 'X1', 'X2']"
999,xgb_shap_list_ir_2,xgb_shap_list_ir_2_subset_60,orderMean,"['X4', 'X1', 'X5', 'X6', 'X2', 'X3']"
1000,xgb_shap_list_ir_2,xgb_shap_list_ir_2_subset_60,orderStd,"['X4', 'X5', 'X1', 'X2', 'X6', 'X3']"
1001,xgb_shap_list_ir_2,xgb_shap_list_ir_2_subset_60,orderSum,"['X4', 'X1', 'X5', 'X6', 'X2', 'X3']"
1002,xgb_shap_list_ir_3,xgb_shap_list_ir_3_subset_123,orderMean,"['X4', 'X5', 'X3', 'X2', 'X1', 'X6']"
1003,xgb_shap_list_ir_3,xgb_shap_list_ir_3_subset_123,orderStd,"['X5', 'X4', 'X1', 'X2', 'X6', 'X3']"
1004,xgb_shap_list_ir_3,xgb_shap_list_ir_3_subset_123,orderSum,"['X4', 'X5', 'X3', 'X2', 'X1', 'X6']"
1005,xgb_shap_list_ir_2,xgb_shap_list_ir_2_subset_84,orderMean,"['X4', 'X3', 'X1', 'X5', 'X2', 'X6']"
1006,xgb_shap_list_ir_2,xgb_shap_list_ir_2_subset_84,orderStd,"['X3', 'X4', 'X2', 'X1', 'X5', 'X6']"
1007,xgb_shap_list_ir_2,xgb_shap_list_ir_2_subset_84,orderSum,"['X4', 'X3', 'X1', 'X5', 'X2', 'X6']"
1008,xgb_shap_list_ir_1,xgb_shap_list_ir_1_subset_21,orderMean,"['X6', 'X5', 'X4', 'X3', 'X1', 'X2']"
1009,xgb_shap_list_ir_1,xgb_shap_list_ir_1_subset_21,orderStd,"['X2', 'X6', 'X5', 'X1', 'X3', 'X4']"
1010,xgb_shap_list_ir_1,xgb_shap_list_ir_1_subset_21,orderSum,"['X6', 'X5', 'X4', 'X3', 'X1', 'X2']"
1011,xgb_shap_list_ir_1,xgb_shap_list_ir_1_subset_104,orderMean,"['X1', 'X3', 'X2', 'X5', 'X4', 'X6']"
1012,xgb_shap_list_ir_1,xgb_shap_list_ir_1_subset_104,orderStd,"['X1', 'X3', 'X5', 'X2', 'X4', 'X6']"
1013,xgb_shap_list_ir_1,xgb_shap_list_ir_1_subset_104,orderSum,"['X1', 'X3', 'X2', 'X5', 'X4', 'X6']"
1014,xgb_shap_list_ir_5,xgb_shap_list_ir_5_subset_139,orderMean,"['X4', 'X5', 'X1', 'X6', 'X2', 'X3']"
1015,xgb_shap_list_ir_5,xgb_shap_list_ir_5_subset_139,orderStd,"['X4', 'X2', 'X5', 'X1', 'X6', 'X3']"
1016,xgb_shap_list_ir_5,xgb_shap_list_ir_5_subset_139,orderSum,"['X4', 'X5', 'X1', 'X6', 'X2', 'X3']"
1017,xgb_shap_list_ir_2,xgb_shap_list_ir_2_subset_131,orderMean,"['X5', 'X4', 'X6', 'X1', 'X3', 'X2']"
1018,xgb_shap_list_ir_2,xgb_shap_list_ir_2_subset_131,orderStd,"['X5', 'X2', 'X4', 'X1', 'X6', 'X3']"
1019,xgb_shap_list_ir_2,xgb_shap_list_ir_2_subset_131,orderSum,"['X5', 'X4', 'X6', 'X1', 'X3', 'X2']"
1020,xgb_shap_list_ir_2,xgb_shap_list_ir_2_subset_46,orderMean,"['X4', 'X5', 'X1', 'X2', 'X6', 'X3']"
1021,xgb_shap_list_ir_2,xgb_shap_list_ir_2_subset_46,orderStd,"['X2', 'X5', 'X1', 'X4', 'X6', 'X3']"
1022,xgb_shap_list_ir_2,xgb_shap_list_ir_2_subset_46,orderSum,"['X4', 'X5', 'X1', 'X2', 'X6', 'X3']"
1023,xgb_shap_list_ir_1,xgb_shap_list_ir_1_subset_58,orderMean,"['X4', 'X6', 'X5', 'X1', 'X2', 'X3']"
1024,xgb_shap_list_ir_1,xgb_shap_list_ir_1_subset_58,orderStd,"['X1', 'X4', 'X3', 'X6', 'X2', 'X5']"
1025,xgb_shap_list_ir_1,xgb_shap_list_ir_1_subset_58,orderSum,"['X4', 'X6', 'X5', 'X1', 'X2', 'X3']"
1026,xgb_shap_list_ir_1,xgb_shap_list_ir_1_subset_32,orderMean,"['X4', 'X5', 'X6', 'X1', 'X3', 'X2']"
1027,xgb_shap_list_ir_1,xgb_shap_list_ir_1_subset_32,orderStd,"['X4', 'X5', 'X6', 'X1', 'X2', 'X3']"
1028,xgb_shap_list_ir_1,xgb_shap_list_ir_1_subset_32,orderSum,"['X4', 'X5', 'X6', 'X1', 'X3', 'X2']"
1029,xgb_shap_list_ir_4,xgb_shap_list_ir_4_subset_8,orderMean,"['X4', 'X5', 'X6', 'X2', 'X1', 'X3']"
1030,xgb_shap_list_ir_4,xgb_shap_list_ir_4_subset_8,orderStd,"['X5', 'X2', 'X4', 'X1', 'X6', 'X3']"
1031,xgb_shap_list_ir_4,xgb_shap_list_ir_4_subset_8,orderSum,"['X4', 'X5', 'X6', 'X2', 'X1', 'X3']"
1032,xgb_shap_list_ir_2,xgb_shap_list_ir_2_subset_24,orderMean,"['X1', 'X3', 'X5', 'X4', 'X6', 'X2']"
1033,xgb_shap_list_ir_2,xgb_shap_list_ir_2_subset_24,orderStd,"['X1', 'X5', 'X2', 'X4', 'X6', 'X3']"
1034,xgb_shap_list_ir_2,xgb_shap_list_ir_2_subset_24,orderSum,"['X1', 'X3', 'X5', 'X4', 'X6', 'X2']"
1035,xgb_shap_list_ir_4,xgb_shap_list_ir_4_subset_5,orderMean,"['X4', 'X5', 'X1', 'X2', 'X6', 'X3']"
1036,xgb_shap_list_ir_4,xgb_shap_list_ir_4_subset_5,orderStd,"['X4', 'X2', 'X5', 'X1', 'X6', 'X3']"
1037,xgb_shap_list_ir_4,xgb_shap_list_ir_4_subset_5,orderSum,"['X4', 'X5', 'X1', 'X2', 'X6', 'X3']"
1038,xgb_shap_list_ir_4,xgb_shap_list_ir_4_subset_38,orderMean,"['X4', 'X5', 'X1', 'X6', 'X2', 'X3']"
1039,xgb_shap_list_ir_4,xgb_shap_list_ir_4_subset_38,orderStd,"['X5', 'X2', 'X4', 'X1', 'X6', 'X3']"
1040,xgb_shap_list_ir_4,xgb_shap_list_ir_4_subset_38,orderSum,"['X4', 'X5', 'X1', 'X6', 'X2', 'X3']"
1041,xgb_shap_list_ir_5,xgb_shap_list_ir_5_subset_33,orderMean,"['X4', 'X5', 'X1', 'X2', 'X6', 'X3']"
1042,xgb_shap_list_ir_5,xgb_shap_list_ir_5_subset_33,orderStd,"['X5', 'X4', 'X2', 'X1', 'X6', 'X3']"
1043,xgb_shap_list_ir_5,xgb_shap_list_ir_5_subset_33,orderSum,"['X4', 'X5', 'X1', 'X2', 'X6', 'X3']"
1044,xgb_shap_list_ir_1,xgb_shap_list_ir_1_subset_114,orderMean,"['X5', 'X4', 'X3', 'X6', 'X2', 'X1']"
1045,xgb_shap_list_ir_1,xgb_shap_list_ir_1_subset_114,orderStd,"['X6', 'X1', 'X4', 'X5', 'X3', 'X2']"
1046,xgb_shap_list_ir_1,xgb_shap_list_ir_1_subset_114,orderSum,"['X5', 'X4', 'X3', 'X6', 'X2', 'X1']"
1047,xgb_shap_list_ir_2,xgb_shap_list_ir_2_subset_119,orderMean,"['X4', 'X5', 'X6', 'X3', 'X2', 'X1']"
1048,xgb_shap_list_ir_2,xgb_shap_list_ir_2_subset_119,orderStd,"['X5', 'X4', 'X3', 'X2', 'X1', 'X6']"
1049,xgb_shap_list_ir_2,xgb_shap_list_ir_2_subset_119,orderSum,"['X4', 'X5', 'X6', 'X3', 'X2', 'X1']"
1050,xgb_shap_list_ir_4,xgb_shap_list_ir_4_subset_138,orderMean,"['X4', 'X5', 'X1', 'X6', 'X3', 'X2']"
1051,xgb_shap_list_ir_4,xgb_shap_list_ir_4_subset_138,orderStd,"['X4', 'X5', 'X2', 'X1', 'X3', 'X6']"
1052,xgb_shap_list_ir_4,xgb_shap_list_ir_4_subset_138,orderSum,"['X4', 'X5', 'X1', 'X6', 'X3', 'X2']"
1053,xgb_shap_list_ir_1,xgb_shap_list_ir_1_subset_14,orderMean,"['X5', 'X2', 'X3', 'X1', 'X4', 'X6']"
1054,xgb_shap_list_ir_1,xgb_shap_list_ir_1_subset_14,orderStd,"['X2', 'X1', 'X5', 'X3', 'X4', 'X6']"
1055,xgb_shap_list_ir_1,xgb_shap_list_ir_1_subset_14,orderSum,"['X5', 'X2', 'X3', 'X1', 'X4', 'X6']"
1056,xgb_shap_list_ir_2,xgb_shap_list_ir_2_subset_13,orderMean,"['X4', 'X6', 'X2', 'X5', 'X1', 'X3']"
1057,xgb_shap_list_ir_2,xgb_shap_list_ir_2_subset_13,orderStd,"['X4', 'X2', 'X5', 'X6', 'X1', 'X3']"
1058,xgb_shap_list_ir_2,xgb_shap_list_ir_2_subset_13,orderSum,"['X4', 'X6', 'X2', 'X5', 'X1', 'X3']"
1059,xgb_shap_list_ir_3,xgb_shap_list_ir_3_subset_48,orderMean,"['X4', 'X6', 'X2', 'X5', 'X1', 'X3']"
1060,xgb_shap_list_ir_3,xgb_shap_list_ir_3_subset_48,orderStd,"['X4', 'X2', 'X1', 'X6', 'X5', 'X3']"
1061,xgb_shap_list_ir_3,xgb_shap_list_ir_3_subset_48,orderSum,"['X4', 'X6', 'X2', 'X5', 'X1', 'X3']"
1062,xgb_shap_list_ir_1,xgb_shap_list_ir_1_subset_147,orderMean,"['X4', 'X5', 'X6', 'X3', 'X2', 'X1']"
1063,xgb_shap_list_ir_1,xgb_shap_list_ir_1_subset_147,orderStd,"['X2', 'X1', 'X4', 'X5', 'X3', 'X6']"
1064,xgb_shap_list_ir_1,xgb_shap_list_ir_1_subset_147,orderSum,"['X4', 'X5', 'X6', 'X3', 'X2', 'X1']"
1065,xgb_shap_list_ir_1,xgb_shap_list_ir_1_subset_2,orderMean,"['X4', 'X6', 'X5', 'X2', 'X1', 'X3']"
1066,xgb_shap_list_ir_1,xgb_shap_list_ir_1_subset_2,orderStd,"['X2', 'X4', 'X1', 'X5', 'X6', 'X3']"
1067,xgb_shap_list_ir_1,xgb_shap_list_ir_1_subset_2,orderSum,"['X4', 'X6', 'X5', 'X2', 'X1', 'X3']"
1068,xgb_shap_list_ir_3,xgb_shap_list_ir_3_subset_108,orderMean,"['X4', 'X5', 'X3', 'X6', 'X1', 'X2']"
1069,xgb_shap_list_ir_3,xgb_shap_list_ir_3_subset_108,orderStd,"['X5', 'X4', 'X1', 'X6', 'X3', 'X2']"
1070,xgb_shap_list_ir_3,xgb_shap_list_ir_3_subset_108,orderSum,"['X4', 'X5', 'X3', 'X6', 'X1', 'X2']"
1071,xgb_shap_list_ir_5,xgb_shap_list_ir_5_subset_142,orderMean,"['X5', 'X4', 'X6', 'X1', 'X2', 'X3']"
1072,xgb_shap_list_ir_5,xgb_shap_list_ir_5_subset_142,orderStd,"['X5', 'X4', 'X2', 'X1', 'X6', 'X3']"
1073,xgb_shap_list_ir_5,xgb_shap_list_ir_5_subset_142,orderSum,"['X5', 'X4', 'X6', 'X1', 'X2', 'X3']"
1074,xgb_shap_list_ir_2,xgb_shap_list_ir_2_subset_135,orderMean,"['X4', 'X1', 'X5', 'X6', 'X3', 'X2']"
1075,xgb_shap_list_ir_2,xgb_shap_list_ir_2_subset_135,orderStd,"['X4', 'X5', 'X2', 'X1', 'X6', 'X3']"
1076,xgb_shap_list_ir_2,xgb_shap_list_ir_2_subset_135,orderSum,"['X4', 'X1', 'X5', 'X6', 'X3', 'X2']"
1077,xgb_shap_list_ir_5,xgb_shap_list_ir_5_subset_110,orderMean,"['X4', 'X5', 'X6', 'X2', 'X1', 'X3']"
1078,xgb_shap_list_ir_5,xgb_shap_list_ir_5_subset_110,orderStd,"['X4', 'X2', 'X5', 'X6', 'X3', 'X1']"
1079,xgb_shap_list_ir_5,xgb_shap_list_ir_5_subset_110,orderSum,"['X4', 'X5', 'X6', 'X2', 'X1', 'X3']"
1080,xgb_shap_list_ir_4,xgb_shap_list_ir_4_subset_141,orderMean,"['X4', 'X5', 'X6', 'X3', 'X2', 'X1']"
1081,xgb_shap_list_ir_4,xgb_shap_list_ir_4_subset_141,orderStd,"['X4', 'X5', 'X2', 'X6', 'X1', 'X3']"
1082,xgb_shap_list_ir_4,xgb_shap_list_ir_4_subset_141,orderSum,"['X4', 'X5', 'X6', 'X3', 'X2', 'X1']"
1083,xgb_shap_list_ir_3,xgb_shap_list_ir_3_subset_62,orderMean,"['X4', 'X5', 'X1', 'X6', 'X2', 'X3']"
1084,xgb_shap_list_ir_3,xgb_shap_list_ir_3_subset_62,orderStd,"['X1', 'X2', 'X4', 'X5', 'X6', 'X3']"
1085,xgb_shap_list_ir_3,xgb_shap_list_ir_3_subset_62,orderSum,"['X4', 'X5', 'X1', 'X6', 'X2', 'X3']"
1086,xgb_shap_list_ir_3,xgb_shap_list_ir_3_subset_129,orderMean,"['X4', 'X1', 'X5', 'X6', 'X3', 'X2']"
1087,xgb_shap_list_ir_3,xgb_shap_list_ir_3_subset_129,orderStd,"['X4', 'X5', 'X2', 'X1', 'X6', 'X3']"
1088,xgb_shap_list_ir_3,xgb_shap_list_ir_3_subset_129,orderSum,"['X4', 'X1', 'X5', 'X6', 'X3', 'X2']"
1089,xgb_shap_list_ir_1,xgb_shap_list_ir_1_subset_57,orderMean,"['X1', 'X6', 'X4', 'X5', 'X3', 'X2']"
1090,xgb_shap_list_ir_1,xgb_shap_list_ir_1_subset_57,orderStd,"['X1', 'X6', 'X2', 'X5', 'X3', 'X4']"
1091,xgb_shap_list_ir_1,xgb_shap_list_ir_1_subset_57,orderSum,"['X1', 'X6', 'X4', 'X5', 'X3', 'X2']"
1092,xgb_shap_list_ir_5,xgb_shap_list_ir_5_subset_132,orderMean,"['X4', 'X5', 'X6', 'X1', 'X2', 'X3']"
1093,xgb_shap_list_ir_5,xgb_shap_list_ir_5_subset_132,orderStd,"['X5', 'X4', 'X1', 'X2', 'X6', 'X3']"
1094,xgb_shap_list_ir_5,xgb_shap_list_ir_5_subset_132,orderSum,"['X4', 'X5', 'X6', 'X1', 'X2', 'X3']"
1095,xgb_shap_list_ir_3,xgb_shap_list_ir_3_subset_1,orderMean,"['X4', 'X1', 'X5', 'X6', 'X3', 'X2']"
1096,xgb_shap_list_ir_3,xgb_shap_list_ir_3_subset_1,orderStd,"['X1', 'X5', 'X2', 'X4', 'X6', 'X3']"
1097,xgb_shap_list_ir_3,xgb_shap_list_ir_3_subset_1,orderSum,"['X4', 'X1', 'X5', 'X6', 'X3', 'X2']"
1098,xgb_shap_list_ir_1,xgb_shap_list_ir_1_subset_87,orderMean,"['X5', 'X4', 'X3', 'X2', 'X1', 'X6']"
1099,xgb_shap_list_ir_1,xgb_shap_list_ir_1_subset_87,orderStd,"['X3', 'X2', 'X5', 'X1', 'X4', 'X6']"
1100,xgb_shap_list_ir_1,xgb_shap_list_ir_1_subset_87,orderSum,"['X5', 'X4', 'X3', 'X2', 'X1', 'X6']"
1101,xgb_shap_list_ir_5,xgb_shap_list_ir_5_subset_76,orderMean,"['X4', 'X5', 'X6', 'X1', 'X2', 'X3']"
1102,xgb_shap_list_ir_5,xgb_shap_list_ir_5_subset_76,orderStd,"['X5', 'X4', 'X2', 'X1', 'X6', 'X3']"
1103,xgb_shap_list_ir_5,xgb_shap_list_ir_5_subset_76,orderSum,"['X4', 'X5', 'X6', 'X1', 'X2', 'X3']"
1104,xgb_shap_list_ir_3,xgb_shap_list_ir_3_subset_36,orderMean,"['X4', 'X3', 'X5', 'X6', 'X2', 'X1']"
1105,xgb_shap_list_ir_3,xgb_shap_list_ir_3_subset_36,orderStd,"['X4', 'X2', 'X5', 'X3', 'X6', 'X1']"
1106,xgb_shap_list_ir_3,xgb_shap_list_ir_3_subset_36,orderSum,"['X4', 'X3', 'X5', 'X6', 'X2', 'X1']"
1107,xgb_shap_list_ir_4,xgb_shap_list_ir_4_subset_13,orderMean,"['X4', 'X5', 'X3', 'X6', 'X1', 'X2']"
1108,xgb_shap_list_ir_4,xgb_shap_list_ir_4_subset_13,orderStd,"['X5', 'X4', 'X6', 'X3', 'X1', 'X2']"
1109,xgb_shap_list_ir_4,xgb_shap_list_ir_4_subset_13,orderSum,"['X4', 'X5', 'X3', 'X6', 'X1', 'X2']"
1110,xgb_shap_list_ir_1,xgb_shap_list_ir_1_subset_9,orderMean,"['X6', 'X2', 'X4', 'X5', 'X1', 'X3']"
1111,xgb_shap_list_ir_1,xgb_shap_list_ir_1_subset_9,orderStd,"['X2', 'X5', 'X6', 'X1', 'X3', 'X4']"
1112,xgb_shap_list_ir_1,xgb_shap_list_ir_1_subset_9,orderSum,"['X6', 'X2', 'X4', 'X5', 'X1', 'X3']"
1113,xgb_shap_list_ir_1,xgb_shap_list_ir_1_subset_71,orderMean,"['X4', 'X5', 'X6', 'X3', 'X1', 'X2']"
1114,xgb_shap_list_ir_1,xgb_shap_list_ir_1_subset_71,orderStd,"['X4', 'X5', 'X6', 'X3', 'X1', 'X2']"
1115,xgb_shap_list_ir_1,xgb_shap_list_ir_1_subset_71,orderSum,"['X4', 'X5', 'X6', 'X3', 'X1', 'X2']"
1116,xgb_shap_list_ir_5,xgb_shap_list_ir_5_subset_109,orderMean,"['X4', 'X5', 'X6', 'X1', 'X2', 'X3']"
1117,xgb_shap_list_ir_5,xgb_shap_list_ir_5_subset_109,orderStd,"['X4', 'X5', 'X6', 'X1', 'X2', 'X3']"
1118,xgb_shap_list_ir_5,xgb_shap_list_ir_5_subset_109,orderSum,"['X4', 'X5', 'X6', 'X1', 'X2', 'X3']"
1119,xgb_shap_list_ir_3,xgb_shap_list_ir_3_subset_117,orderMean,"['X5', 'X1', 'X4', 'X6', 'X2', 'X3']"
1120,xgb_shap_list_ir_3,xgb_shap_list_ir_3_subset_117,orderStd,"['X5', 'X2', 'X1', 'X4', 'X6', 'X3']"
1121,xgb_shap_list_ir_3,xgb_shap_list_ir_3_subset_117,orderSum,"['X5', 'X1', 'X4', 'X6', 'X2', 'X3']"
1122,xgb_shap_list_ir_1,xgb_shap_list_ir_1_subset_73,orderMean,"['X5', 'X3', 'X2', 'X6', 'X4', 'X1']"
1123,xgb_shap_list_ir_1,xgb_shap_list_ir_1_subset_73,orderStd,"['X2', 'X3', 'X5', 'X6', 'X4', 'X1']"
1124,xgb_shap_list_ir_1,xgb_shap_list_ir_1_subset_73,orderSum,"['X5', 'X3', 'X2', 'X6', 'X4', 'X1']"
1125,xgb_shap_list_ir_2,xgb_shap_list_ir_2_subset_134,orderMean,"['X4', 'X1', 'X6', 'X5', 'X2', 'X3']"
1126,xgb_shap_list_ir_2,xgb_shap_list_ir_2_subset_134,orderStd,"['X2', 'X1', 'X6', 'X4', 'X5', 'X3']"
1127,xgb_shap_list_ir_2,xgb_shap_list_ir_2_subset_134,orderSum,"['X4', 'X1', 'X6', 'X5', 'X2', 'X3']"
1128,xgb_shap_list_ir_4,xgb_shap_list_ir_4_subset_43,orderMean,"['X4', 'X5', 'X1', 'X2', 'X6', 'X3']"
1129,xgb_shap_list_ir_4,xgb_shap_list_ir_4_subset_43,orderStd,"['X5', 'X4', 'X2', 'X6', 'X3', 'X1']"
1130,xgb_shap_list_ir_4,xgb_shap_list_ir_4_subset_43,orderSum,"['X4', 'X5', 'X1', 'X2', 'X6', 'X3']"
1131,xgb_shap_list_ir_1,xgb_shap_list_ir_1_subset_144,orderMean,"['X5', 'X6', 'X1', 'X2', 'X4', 'X3']"
1132,xgb_shap_list_ir_1,xgb_shap_list_ir_1_subset_144,orderStd,"['X5', 'X2', 'X1', 'X4', 'X6', 'X3']"
1133,xgb_shap_list_ir_1,xgb_shap_list_ir_1_subset_144,orderSum,"['X5', 'X6', 'X1', 'X2', 'X4', 'X3']"
1134,xgb_shap_list_ir_2,xgb_shap_list_ir_2_subset_102,orderMean,"['X4', 'X5', 'X2', 'X3', 'X1', 'X6']"
1135,xgb_shap_list_ir_2,xgb_shap_list_ir_2_subset_102,orderStd,"['X2', 'X4', 'X5', 'X3', 'X1', 'X6']"
1136,xgb_shap_list_ir_2,xgb_shap_list_ir_2_subset_102,orderSum,"['X4', 'X5', 'X2', 'X3', 'X1', 'X6']"
1137,xgb_shap_list_ir_5,xgb_shap_list_ir_5_subset_63,orderMean,"['X4', 'X5', 'X6', 'X1', 'X3', 'X2']"
1138,xgb_shap_list_ir_5,xgb_shap_list_ir_5_subset_63,orderStd,"['X5', 'X4', 'X2', 'X1', 'X6', 'X3']"
1139,xgb_shap_list_ir_5,xgb_shap_list_ir_5_subset_63,orderSum,"['X4', 'X5', 'X6', 'X1', 'X3', 'X2']"
1140,xgb_shap_list_ir_2,xgb_shap_list_ir_2_subset_5,orderMean,"['X4', 'X6', 'X5', 'X1', 'X2', 'X3']"
1141,xgb_shap_list_ir_2,xgb_shap_list_ir_2_subset_5,orderStd,"['X4', 'X1', 'X2', 'X5', 'X6', 'X3']"
1142,xgb_shap_list_ir_2,xgb_shap_list_ir_2_subset_5,orderSum,"['X4', 'X6', 'X5', 'X1', 'X2', 'X3']"
1143,xgb_shap_list_ir_5,xgb_shap_list_ir_5_subset_114,orderMean,"['X4', 'X5', 'X2', 'X1', 'X6', 'X3']"
1144,xgb_shap_list_ir_5,xgb_shap_list_ir_5_subset_114,orderStd,"['X5', 'X4', 'X2', 'X1', 'X6', 'X3']"
1145,xgb_shap_list_ir_5,xgb_shap_list_ir_5_subset_114,orderSum,"['X4', 'X5', 'X2', 'X1', 'X6', 'X3']"
1146,xgb_shap_list_ir_4,xgb_shap_list_ir_4_subset_58,orderMean,"['X4', 'X5', 'X3', 'X2', 'X6', 'X1']"
1147,xgb_shap_list_ir_4,xgb_shap_list_ir_4_subset_58,orderStd,"['X2', 'X5', 'X4', 'X1', 'X6', 'X3']"
1148,xgb_shap_list_ir_4,xgb_shap_list_ir_4_subset_58,orderSum,"['X4', 'X5', 'X3', 'X2', 'X6', 'X1']"
1149,xgb_shap_list_ir_4,xgb_shap_list_ir_4_subset_72,orderMean,"['X4', 'X5', 'X6', 'X1', 'X2', 'X3']"
1150,xgb_shap_list_ir_4,xgb_shap_list_ir_4_subset_72,orderStd,"['X5', 'X4', 'X1', 'X2', 'X6', 'X3']"
1151,xgb_shap_list_ir_4,xgb_shap_list_ir_4_subset_72,orderSum,"['X4', 'X5', 'X6', 'X1', 'X2', 'X3']"
1152,xgb_shap_list_ir_1,xgb_shap_list_ir_1_subset_94,orderMean,"['X5', 'X4', 'X6', 'X2', 'X1', 'X3']"
1153,xgb_shap_list_ir_1,xgb_shap_list_ir_1_subset_94,orderStd,"['X4', 'X5', 'X2', 'X6', 'X3', 'X1']"
1154,xgb_shap_list_ir_1,xgb_shap_list_ir_1_subset_94,orderSum,"['X5', 'X4', 'X6', 'X2', 'X1', 'X3']"
1155,xgb_shap_list_ir_1,xgb_shap_list_ir_1_subset_19,orderMean,"['X6', 'X4', 'X1', 'X3', 'X2', 'X5']"
1156,xgb_shap_list_ir_1,xgb_shap_list_ir_1_subset_19,orderStd,"['X6', 'X2', 'X1', 'X4', 'X3', 'X5']"
1157,xgb_shap_list_ir_1,xgb_shap_list_ir_1_subset_19,orderSum,"['X6', 'X4', 'X1', 'X3', 'X2', 'X5']"
1158,xgb_shap_list_ir_4,xgb_shap_list_ir_4_subset_27,orderMean,"['X4', 'X5', 'X6', 'X3', 'X1', 'X2']"
1159,xgb_shap_list_ir_4,xgb_shap_list_ir_4_subset_27,orderStd,"['X5', 'X4', 'X6', 'X2', 'X1', 'X3']"
1160,xgb_shap_list_ir_4,xgb_shap_list_ir_4_subset_27,orderSum,"['X4', 'X5', 'X6', 'X3', 'X1', 'X2']"
1161,xgb_shap_list_ir_4,xgb_shap_list_ir_4_subset_24,orderMean,"['X4', 'X5', 'X3', 'X6', 'X2', 'X1']"
1162,xgb_shap_list_ir_4,xgb_shap_list_ir_4_subset_24,orderStd,"['X5', 'X4', 'X2', 'X6', 'X1', 'X3']"
1163,xgb_shap_list_ir_4,xgb_shap_list_ir_4_subset_24,orderSum,"['X4', 'X5', 'X3', 'X6', 'X2', 'X1']"
1164,xgb_shap_list_ir_1,xgb_shap_list_ir_1_subset_37,orderMean,"['X1', 'X4', 'X5', 'X2', 'X6', 'X3']"
1165,xgb_shap_list_ir_1,xgb_shap_list_ir_1_subset_37,orderStd,"['X2', 'X1', 'X4', 'X5', 'X6', 'X3']"
1166,xgb_shap_list_ir_1,xgb_shap_list_ir_1_subset_37,orderSum,"['X1', 'X4', 'X5', 'X2', 'X6', 'X3']"
1167,xgb_shap_list_ir_1,xgb_shap_list_ir_1_subset_76,orderMean,"['X5', 'X1', 'X6', 'X2', 'X3', 'X4']"
1168,xgb_shap_list_ir_1,xgb_shap_list_ir_1_subset_76,orderStd,"['X1', 'X5', 'X6', 'X2', 'X4', 'X3']"
1169,xgb_shap_list_ir_1,xgb_shap_list_ir_1_subset_76,orderSum,"['X5', 'X1', 'X6', 'X2', 'X3', 'X4']"
1170,xgb_shap_list_ir_1,xgb_shap_list_ir_1_subset_70,orderMean,"['X1', 'X4', 'X5', 'X2', 'X6', 'X3']"
1171,xgb_shap_list_ir_1,xgb_shap_list_ir_1_subset_70,orderStd,"['X1', 'X4', 'X2', 'X5', 'X3', 'X6']"
1172,xgb_shap_list_ir_1,xgb_shap_list_ir_1_subset_70,orderSum,"['X1', 'X4', 'X5', 'X2', 'X6', 'X3']"
1173,xgb_shap_list_ir_2,xgb_shap_list_ir_2_subset_26,orderMean,"['X4', 'X5', 'X1', 'X2', 'X6', 'X3']"
1174,xgb_shap_list_ir_2,xgb_shap_list_ir_2_subset_26,orderStd,"['X2', 'X1', 'X4', 'X5', 'X6', 'X3']"
1175,xgb_shap_list_ir_2,xgb_shap_list_ir_2_subset_26,orderSum,"['X4', 'X5', 'X1', 'X2', 'X6', 'X3']"
1176,xgb_shap_list_ir_5,xgb_shap_list_ir_5_subset_50,orderMean,"['X5', 'X4', 'X6', 'X1', 'X3', 'X2']"
1177,xgb_shap_list_ir_5,xgb_shap_list_ir_5_subset_50,orderStd,"['X5', 'X2', 'X4', 'X6', 'X1', 'X3']"
1178,xgb_shap_list_ir_5,xgb_shap_list_ir_5_subset_50,orderSum,"['X5', 'X4', 'X6', 'X1', 'X3', 'X2']"
1179,xgb_shap_list_ir_3,xgb_shap_list_ir_3_subset_75,orderMean,"['X4', 'X1', 'X5', 'X6', 'X2', 'X3']"
1180,xgb_shap_list_ir_3,xgb_shap_list_ir_3_subset_75,orderStd,"['X5', 'X1', 'X4', 'X2', 'X6', 'X3']"
1181,xgb_shap_list_ir_3,xgb_shap_list_ir_3_subset_75,orderSum,"['X4', 'X1', 'X5', 'X6', 'X2', 'X3']"
1182,xgb_shap_list_ir_3,xgb_shap_list_ir_3_subset_65,orderMean,"['X4', 'X5', 'X6', 'X2', 'X1', 'X3']"
1183,xgb_shap_list_ir_3,xgb_shap_list_ir_3_subset_65,orderStd,"['X5', 'X2', 'X4', 'X6', 'X1', 'X3']"
1184,xgb_shap_list_ir_3,xgb_shap_list_ir_3_subset_65,orderSum,"['X4', 'X5', 'X6', 'X2', 'X1', 'X3']"
1185,xgb_shap_list_ir_5,xgb_shap_list_ir_5_subset_54,orderMean,"['X4', 'X5', 'X1', 'X6', 'X2', 'X3']"
1186,xgb_shap_list_ir_5,xgb_shap_list_ir_5_subset_54,orderStd,"['X5', 'X4', 'X2', 'X1', 'X6', 'X3']"
1187,xgb_shap_list_ir_5,xgb_shap_list_ir_5_subset_54,orderSum,"['X4', 'X5', 'X1', 'X6', 'X2', 'X3']"
1188,xgb_shap_list_ir_4,xgb_shap_list_ir_4_subset_137,orderMean,"['X4', 'X5', 'X6', 'X3', 'X1', 'X2']"
1189,xgb_shap_list_ir_4,xgb_shap_list_ir_4_subset_137,orderStd,"['X4', 'X5', 'X1', 'X6', 'X2', 'X3']"
1190,xgb_shap_list_ir_4,xgb_shap_list_ir_4_subset_137,orderSum,"['X4', 'X5', 'X6', 'X3', 'X1', 'X2']"
1191,xgb_shap_list_ir_4,xgb_shap_list_ir_4_subset_116,orderMean,"['X4', 'X1', 'X5', 'X6', 'X2', 'X3']"
1192,xgb_shap_list_ir_4,xgb_shap_list_ir_4_subset_116,orderStd,"['X5', 'X2', 'X4', 'X1', 'X6', 'X3']"
1193,xgb_shap_list_ir_4,xgb_shap_list_ir_4_subset_116,orderSum,"['X4', 'X1', 'X5', 'X6', 'X2', 'X3']"
1194,xgb_shap_list_ir_5,xgb_shap_list_ir_5_subset_11,orderMean,"['X4', 'X5', 'X3', 'X6', 'X2', 'X1']"
1195,xgb_shap_list_ir_5,xgb_shap_list_ir_5_subset_11,orderStd,"['X5', 'X4', 'X2', 'X6', 'X1', 'X3']"
1196,xgb_shap_list_ir_5,xgb_shap_list_ir_5_subset_11,orderSum,"['X4', 'X5', 'X3', 'X6', 'X2', 'X1']"
1197,xgb_shap_list_ir_5,xgb_shap_list_ir_5_subset_100,orderMean,"['X4', 'X5', 'X6', 'X2', 'X1', 'X3']"
1198,xgb_shap_list_ir_5,xgb_shap_list_ir_5_subset_100,orderStd,"['X5', 'X4', 'X2', 'X1', 'X6', 'X3']"
1199,xgb_shap_list_ir_5,xgb_shap_list_ir_5_subset_100,orderSum,"['X4', 'X5', 'X6', 'X2', 'X1', 'X3']"
1200,xgb_shap_list_ir_3,xgb_shap_list_ir_3_subset_66,orderMean,"['X4', 'X3', 'X5', 'X6', 'X1', 'X2']"
1201,xgb_shap_list_ir_3,xgb_shap_list_ir_3_subset_66,orderStd,"['X2', 'X1', 'X5', 'X3', 'X4', 'X6']"
1202,xgb_shap_list_ir_3,xgb_shap_list_ir_3_subset_66,orderSum,"['X4', 'X3', 'X5', 'X6', 'X1', 'X2']"
1203,xgb_shap_list_ir_4,xgb_shap_list_ir_4_subset_29,orderMean,"['X5', 'X4', 'X1', 'X6', 'X2', 'X3']"
1204,xgb_shap_list_ir_4,xgb_shap_list_ir_4_subset_29,orderStd,"['X5', 'X4', 'X1', 'X6', 'X2', 'X3']"
1205,xgb_shap_list_ir_4,xgb_shap_list_ir_4_subset_29,orderSum,"['X5', 'X4', 'X1', 'X6', 'X2', 'X3']"
1206,xgb_shap_list_ir_4,xgb_shap_list_ir_4_subset_120,orderMean,"['X4', 'X5', 'X6', 'X1', 'X3', 'X2']"
1207,xgb_shap_list_ir_4,xgb_shap_list_ir_4_subset_120,orderStd,"['X4', 'X5', 'X1', 'X2', 'X6', 'X3']"
1208,xgb_shap_list_ir_4,xgb_shap_list_ir_4_subset_120,orderSum,"['X4', 'X5', 'X6', 'X1', 'X3', 'X2']"
1209,xgb_shap_list_ir_1,xgb_shap_list_ir_1_subset_75,orderMean,"['X6', 'X4', 'X1', 'X5', 'X2', 'X3']"
1210,xgb_shap_list_ir_1,xgb_shap_list_ir_1_subset_75,orderStd,"['X6', 'X1', 'X2', 'X5', 'X4', 'X3']"
1211,xgb_shap_list_ir_1,xgb_shap_list_ir_1_subset_75,orderSum,"['X6', 'X4', 'X1', 'X5', 'X2', 'X3']"
1212,xgb_shap_list_ir_5,xgb_shap_list_ir_5_subset_84,orderMean,"['X4', 'X5', 'X1', 'X6', 'X3', 'X2']"
1213,xgb_shap_list_ir_5,xgb_shap_list_ir_5_subset_84,orderStd,"['X5', 'X4', 'X2', 'X1', 'X6', 'X3']"
1214,xgb_shap_list_ir_5,xgb_shap_list_ir_5_subset_84,orderSum,"['X4', 'X5', 'X1', 'X6', 'X3', 'X2']"
1215,xgb_shap_list_ir_1,xgb_shap_list_ir_1_subset_82,orderMean,"['X5', 'X3', 'X1', 'X4', 'X2', 'X6']"
1216,xgb_shap_list_ir_1,xgb_shap_list_ir_1_subset_82,orderStd,"['X5', 'X3', 'X4', 'X1', 'X2', 'X6']"
1217,xgb_shap_list_ir_1,xgb_shap_list_ir_1_subset_82,orderSum,"['X5', 'X3', 'X1', 'X4', 'X2', 'X6']"
1218,xgb_shap_list_ir_1,xgb_shap_list_ir_1_subset_6,orderMean,"['X4', 'X2', 'X5', 'X6', 'X1', 'X3']"
1219,xgb_shap_list_ir_1,xgb_shap_list_ir_1_subset_6,orderStd,"['X2', 'X4', 'X5', 'X1', 'X6', 'X3']"
1220,xgb_shap_list_ir_1,xgb_shap_list_ir_1_subset_6,orderSum,"['X4', 'X2', 'X5', 'X6', 'X1', 'X3']"
1221,xgb_shap_list_ir_2,xgb_shap_list_ir_2_subset_86,orderMean,"['X4', 'X5', 'X6', 'X2', 'X1', 'X3']"
1222,xgb_shap_list_ir_2,xgb_shap_list_ir_2_subset_86,orderStd,"['X4', 'X5', 'X1', 'X2', 'X3', 'X6']"
1223,xgb_shap_list_ir_2,xgb_shap_list_ir_2_subset_86,orderSum,"['X4', 'X5', 'X6', 'X2', 'X1', 'X3']"
1224,xgb_shap_list_ir_5,xgb_shap_list_ir_5_subset_104,orderMean,"['X4', 'X5', 'X1', 'X3', 'X2', 'X6']"
1225,xgb_shap_list_ir_5,xgb_shap_list_ir_5_subset_104,orderStd,"['X5', 'X2', 'X4', 'X1', 'X6', 'X3']"
1226,xgb_shap_list_ir_5,xgb_shap_list_ir_5_subset_104,orderSum,"['X4', 'X5', 'X1', 'X3', 'X2', 'X6']"
1227,xgb_shap_list_ir_4,xgb_shap_list_ir_4_subset_37,orderMean,"['X4', 'X5', 'X6', 'X1', 'X2', 'X3']"
1228,xgb_shap_list_ir_4,xgb_shap_list_ir_4_subset_37,orderStd,"['X5', 'X6', 'X4', 'X2', 'X1', 'X3']"
1229,xgb_shap_list_ir_4,xgb_shap_list_ir_4_subset_37,orderSum,"['X4', 'X5', 'X6', 'X1', 'X2', 'X3']"
1230,xgb_shap_list_ir_1,xgb_shap_list_ir_1_subset_17,orderMean,"['X1', 'X5', 'X4', 'X6', 'X3', 'X2']"
1231,xgb_shap_list_ir_1,xgb_shap_list_ir_1_subset_17,orderStd,"['X1', 'X4', 'X5', 'X6', 'X3', 'X2']"
1232,xgb_shap_list_ir_1,xgb_shap_list_ir_1_subset_17,orderSum,"['X1', 'X5', 'X4', 'X6', 'X3', 'X2']"
1233,xgb_shap_list_ir_3,xgb_shap_list_ir_3_subset_84,orderMean,"['X4', 'X6', 'X1', 'X5', 'X2', 'X3']"
1234,xgb_shap_list_ir_3,xgb_shap_list_ir_3_subset_84,orderStd,"['X4', 'X6', 'X1', 'X5', 'X2', 'X3']"
1235,xgb_shap_list_ir_3,xgb_shap_list_ir_3_subset_84,orderSum,"['X4', 'X6', 'X1', 'X5', 'X2', 'X3']"
1236,xgb_shap_list_ir_1,xgb_shap_list_ir_1_subset_134,orderMean,"['X4', 'X6', 'X5', 'X1', 'X2', 'X3']"
1237,xgb_shap_list_ir_1,xgb_shap_list_ir_1_subset_134,orderStd,"['X4', 'X1', 'X5', 'X3', 'X2', 'X6']"
1238,xgb_shap_list_ir_1,xgb_shap_list_ir_1_subset_134,orderSum,"['X4', 'X6', 'X5', 'X1', 'X2', 'X3']"
1239,xgb_shap_list_ir_5,xgb_shap_list_ir_5_subset_78,orderMean,"['X4', 'X5', 'X1', 'X6', 'X2', 'X3']"
1240,xgb_shap_list_ir_5,xgb_shap_list_ir_5_subset_78,orderStd,"['X5', 'X2', 'X4', 'X1', 'X6', 'X3']"
1241,xgb_shap_list_ir_5,xgb_shap_list_ir_5_subset_78,orderSum,"['X4', 'X5', 'X1', 'X6', 'X2', 'X3']"
1242,xgb_shap_list_ir_1,xgb_shap_list_ir_1_subset_108,orderMean,"['X1', 'X2', 'X4', 'X5', 'X6', 'X3']"
1243,xgb_shap_list_ir_1,xgb_shap_list_ir_1_subset_108,orderStd,"['X1', 'X2', 'X5', 'X4', 'X6', 'X3']"
1244,xgb_shap_list_ir_1,xgb_shap_list_ir_1_subset_108,orderSum,"['X1', 'X2', 'X4', 'X5', 'X6', 'X3']"
1245,xgb_shap_list_ir_5,xgb_shap_list_ir_5_subset_73,orderMean,"['X4', 'X5', 'X3', 'X1', 'X6', 'X2']"
1246,xgb_shap_list_ir_5,xgb_shap_list_ir_5_subset_73,orderStd,"['X5', 'X4', 'X2', 'X1', 'X3', 'X6']"
1247,xgb_shap_list_ir_5,xgb_shap_list_ir_5_subset_73,orderSum,"['X4', 'X5', 'X3', 'X1', 'X6', 'X2']"
1248,xgb_shap_list_ir_4,xgb_shap_list_ir_4_subset_79,orderMean,"['X4', 'X5', 'X3', 'X6', 'X2', 'X1']"
1249,xgb_shap_list_ir_4,xgb_shap_list_ir_4_subset_79,orderStd,"['X5', 'X4', 'X2', 'X3', 'X6', 'X1']"
1250,xgb_shap_list_ir_4,xgb_shap_list_ir_4_subset_79,orderSum,"['X4', 'X5', 'X3', 'X6', 'X2', 'X1']"
1251,xgb_shap_list_ir_3,xgb_shap_list_ir_3_subset_29,orderMean,"['X4', 'X5', 'X3', 'X6', 'X2', 'X1']"
1252,xgb_shap_list_ir_3,xgb_shap_list_ir_3_subset_29,orderStd,"['X2', 'X3', 'X5', 'X4', 'X1', 'X6']"
1253,xgb_shap_list_ir_3,xgb_shap_list_ir_3_subset_29,orderSum,"['X4', 'X5', 'X3', 'X6', 'X2', 'X1']"
1254,xgb_shap_list_ir_1,xgb_shap_list_ir_1_subset_46,orderMean,"['X1', 'X4', 'X5', 'X6', 'X3', 'X2']"
1255,xgb_shap_list_ir_1,xgb_shap_list_ir_1_subset_46,orderStd,"['X1', 'X3', 'X4', 'X5', 'X6', 'X2']"
1256,xgb_shap_list_ir_1,xgb_shap_list_ir_1_subset_46,orderSum,"['X1', 'X4', 'X5', 'X6', 'X3', 'X2']"
1257,xgb_shap_list_ir_2,xgb_shap_list_ir_2_subset_121,orderMean,"['X4', 'X5', 'X6', 'X1', 'X3', 'X2']"
1258,xgb_shap_list_ir_2,xgb_shap_list_ir_2_subset_121,orderStd,"['X5', 'X2', 'X6', 'X3', 'X1', 'X4']"
1259,xgb_shap_list_ir_2,xgb_shap_list_ir_2_subset_121,orderSum,"['X4', 'X5', 'X6', 'X1', 'X3', 'X2']"
1260,xgb_shap_list_ir_2,xgb_shap_list_ir_2_subset_35,orderMean,"['X4', 'X2', 'X3', 'X5', 'X6', 'X1']"
1261,xgb_shap_list_ir_2,xgb_shap_list_ir_2_subset_35,orderStd,"['X2', 'X4', 'X1', 'X5', 'X3', 'X6']"
1262,xgb_shap_list_ir_2,xgb_shap_list_ir_2_subset_35,orderSum,"['X4', 'X2', 'X3', 'X5', 'X6', 'X1']"
1263,xgb_shap_list_ir_2,xgb_shap_list_ir_2_subset_34,orderMean,"['X4', 'X1', 'X6', 'X3', 'X2', 'X5']"
1264,xgb_shap_list_ir_2,xgb_shap_list_ir_2_subset_34,orderStd,"['X2', 'X4', 'X1', 'X6', 'X5', 'X3']"
1265,xgb_shap_list_ir_2,xgb_shap_list_ir_2_subset_34,orderSum,"['X4', 'X1', 'X6', 'X3', 'X2', 'X5']"
1266,xgb_shap_list_ir_4,xgb_shap_list_ir_4_subset_45,orderMean,"['X4', 'X5', 'X6', 'X1', 'X2', 'X3']"
1267,xgb_shap_list_ir_4,xgb_shap_list_ir_4_subset_45,orderStd,"['X5', 'X2', 'X4', 'X1', 'X6', 'X3']"
1268,xgb_shap_list_ir_4,xgb_shap_list_ir_4_subset_45,orderSum,"['X4', 'X5', 'X6', 'X1', 'X2', 'X3']"
1269,xgb_shap_list_ir_3,xgb_shap_list_ir_3_subset_103,orderMean,"['X4', 'X5', 'X1', 'X6', 'X3', 'X2']"
1270,xgb_shap_list_ir_3,xgb_shap_list_ir_3_subset_103,orderStd,"['X5', 'X4', 'X2', 'X1', 'X6', 'X3']"
1271,xgb_shap_list_ir_3,xgb_shap_list_ir_3_subset_103,orderSum,"['X4', 'X5', 'X1', 'X6', 'X3', 'X2']"
1272,xgb_shap_list_ir_1,xgb_shap_list_ir_1_subset_81,orderMean,"['X1', 'X2', 'X4', 'X5', 'X6', 'X3']"
1273,xgb_shap_list_ir_1,xgb_shap_list_ir_1_subset_81,orderStd,"['X1', 'X2', 'X4', 'X6', 'X5', 'X3']"
1274,xgb_shap_list_ir_1,xgb_shap_list_ir_1_subset_81,orderSum,"['X1', 'X2', 'X4', 'X5', 'X6', 'X3']"
1275,xgb_shap_list_ir_4,xgb_shap_list_ir_4_subset_99,orderMean,"['X4', 'X5', 'X6', 'X1', 'X2', 'X3']"
1276,xgb_shap_list_ir_4,xgb_shap_list_ir_4_subset_99,orderStd,"['X5', 'X4', 'X1', 'X6', 'X2', 'X3']"
1277,xgb_shap_list_ir_4,xgb_shap_list_ir_4_subset_99,orderSum,"['X4', 'X5', 'X6', 'X1', 'X2', 'X3']"
1278,xgb_shap_list_ir_5,xgb_shap_list_ir_5_subset_87,orderMean,"['X5', 'X4', 'X6', 'X1', 'X2', 'X3']"
1279,xgb_shap_list_ir_5,xgb_shap_list_ir_5_subset_87,orderStd,"['X5', 'X1', 'X4', 'X6', 'X2', 'X3']"
1280,xgb_shap_list_ir_5,xgb_shap_list_ir_5_subset_87,orderSum,"['X5', 'X4', 'X6', 'X1', 'X2', 'X3']"
1281,xgb_shap_list_ir_3,xgb_shap_list_ir_3_subset_24,orderMean,"['X4', 'X5', 'X1', 'X6', 'X2', 'X3']"
1282,xgb_shap_list_ir_3,xgb_shap_list_ir_3_subset_24,orderStd,"['X5', 'X4', 'X1', 'X2', 'X6', 'X3']"
1283,xgb_shap_list_ir_3,xgb_shap_list_ir_3_subset_24,orderSum,"['X4', 'X5', 'X1', 'X6', 'X2', 'X3']"
1284,xgb_shap_list_ir_4,xgb_shap_list_ir_4_subset_100,orderMean,"['X4', 'X5', 'X1', 'X3', 'X2', 'X6']"
1285,xgb_shap_list_ir_4,xgb_shap_list_ir_4_subset_100,orderStd,"['X4', 'X2', 'X5', 'X1', 'X6', 'X3']"
1286,xgb_shap_list_ir_4,xgb_shap_list_ir_4_subset_100,orderSum,"['X4', 'X5', 'X1', 'X3', 'X2', 'X6']"
1287,xgb_shap_list_ir_4,xgb_shap_list_ir_4_subset_30,orderMean,"['X4', 'X5', 'X3', 'X1', 'X6', 'X2']"
1288,xgb_shap_list_ir_4,xgb_shap_list_ir_4_subset_30,orderStd,"['X4', 'X5', 'X2', 'X1', 'X6', 'X3']"
1289,xgb_shap_list_ir_4,xgb_shap_list_ir_4_subset_30,orderSum,"['X4', 'X5', 'X3', 'X1', 'X6', 'X2']"
1290,xgb_shap_list_ir_2,xgb_shap_list_ir_2_subset_59,orderMean,"['X6', 'X1', 'X4', 'X5', 'X2', 'X3']"
1291,xgb_shap_list_ir_2,xgb_shap_list_ir_2_subset_59,orderStd,"['X2', 'X1', 'X6', 'X4', 'X5', 'X3']"
1292,xgb_shap_list_ir_2,xgb_shap_list_ir_2_subset_59,orderSum,"['X6', 'X1', 'X4', 'X5', 'X2', 'X3']"
1293,xgb_shap_list_ir_5,xgb_shap_list_ir_5_subset_23,orderMean,"['X4', 'X5', 'X6', 'X1', 'X3', 'X2']"
1294,xgb_shap_list_ir_5,xgb_shap_list_ir_5_subset_23,orderStd,"['X5', 'X4', 'X2', 'X1', 'X6', 'X3']"
1295,xgb_shap_list_ir_5,xgb_shap_list_ir_5_subset_23,orderSum,"['X4', 'X5', 'X6', 'X1', 'X3', 'X2']"
1296,xgb_shap_list_ir_4,xgb_shap_list_ir_4_subset_19,orderMean,"['X4', 'X5', 'X6', 'X1', 'X2', 'X3']"
1297,xgb_shap_list_ir_4,xgb_shap_list_ir_4_subset_19,orderStd,"['X5', 'X4', 'X6', 'X2', 'X1', 'X3']"
1298,xgb_shap_list_ir_4,xgb_shap_list_ir_4_subset_19,orderSum,"['X4', 'X5', 'X6', 'X1', 'X2', 'X3']"
1299,xgb_shap_list_ir_3,xgb_shap_list_ir_3_subset_147,orderMean,"['X1', 'X5', 'X4', 'X6', 'X2', 'X3']"
1300,xgb_shap_list_ir_3,xgb_shap_list_ir_3_subset_147,orderStd,"['X2', 'X5', 'X1', 'X4', 'X6', 'X3']"
1301,xgb_shap_list_ir_3,xgb_shap_list_ir_3_subset_147,orderSum,"['X1', 'X5', 'X4', 'X6', 'X2', 'X3']"
1302,xgb_shap_list_ir_2,xgb_shap_list_ir_2_subset_105,orderMean,"['X6', 'X4', 'X1', 'X5', 'X2', 'X3']"
1303,xgb_shap_list_ir_2,xgb_shap_list_ir_2_subset_105,orderStd,"['X6', 'X4', 'X1', 'X2', 'X5', 'X3']"
1304,xgb_shap_list_ir_2,xgb_shap_list_ir_2_subset_105,orderSum,"['X6', 'X4', 'X1', 'X5', 'X2', 'X3']"
1305,xgb_shap_list_ir_3,xgb_shap_list_ir_3_subset_7,orderMean,"['X4', 'X2', 'X5', 'X6', 'X1', 'X3']"
1306,xgb_shap_list_ir_3,xgb_shap_list_ir_3_subset_7,orderStd,"['X2', 'X4', 'X5', 'X1', 'X6', 'X3']"
1307,xgb_shap_list_ir_3,xgb_shap_list_ir_3_subset_7,orderSum,"['X4', 'X2', 'X5', 'X6', 'X1', 'X3']"
1308,xgb_shap_list_ir_4,xgb_shap_list_ir_4_subset_140,orderMean,"['X4', 'X5', 'X6', 'X3', 'X2', 'X1']"
1309,xgb_shap_list_ir_4,xgb_shap_list_ir_4_subset_140,orderStd,"['X5', 'X4', 'X2', 'X6', 'X3', 'X1']"
1310,xgb_shap_list_ir_4,xgb_shap_list_ir_4_subset_140,orderSum,"['X4', 'X5', 'X6', 'X3', 'X2', 'X1']"
1311,xgb_shap_list_ir_1,xgb_shap_list_ir_1_subset_13,orderMean,"['X1', 'X2', 'X5', 'X6', 'X4', 'X3']"
1312,xgb_shap_list_ir_1,xgb_shap_list_ir_1_subset_13,orderStd,"['X2', 'X1', 'X5', 'X4', 'X6', 'X3']"
1313,xgb_shap_list_ir_1,xgb_shap_list_ir_1_subset_13,orderSum,"['X1', 'X2', 'X5', 'X6', 'X4', 'X3']"
1314,xgb_shap_list_ir_4,xgb_shap_list_ir_4_subset_68,orderMean,"['X4', 'X6', 'X3', 'X1', 'X5', 'X2']"
1315,xgb_shap_list_ir_4,xgb_shap_list_ir_4_subset_68,orderStd,"['X4', 'X5', 'X3', 'X6', 'X2', 'X1']"
1316,xgb_shap_list_ir_4,xgb_shap_list_ir_4_subset_68,orderSum,"['X4', 'X6', 'X3', 'X1', 'X5', 'X2']"
1317,xgb_shap_list_ir_3,xgb_shap_list_ir_3_subset_42,orderMean,"['X4', 'X5', 'X1', 'X6', 'X2', 'X3']"
1318,xgb_shap_list_ir_3,xgb_shap_list_ir_3_subset_42,orderStd,"['X5', 'X4', 'X2', 'X1', 'X6', 'X3']"
1319,xgb_shap_list_ir_3,xgb_shap_list_ir_3_subset_42,orderSum,"['X4', 'X5', 'X1', 'X6', 'X2', 'X3']"
1320,xgb_shap_list_ir_4,xgb_shap_list_ir_4_subset_113,orderMean,"['X4', 'X6', 'X5', 'X3', 'X1', 'X2']"
1321,xgb_shap_list_ir_4,xgb_shap_list_ir_4_subset_113,orderStd,"['X5', 'X4', 'X6', 'X2', 'X1', 'X3']"
1322,xgb_shap_list_ir_4,xgb_shap_list_ir_4_subset_113,orderSum,"['X4', 'X6', 'X5', 'X3', 'X1', 'X2']"
1323,xgb_shap_list_ir_2,xgb_shap_list_ir_2_subset_36,orderMean,"['X4', 'X1', 'X6', 'X5', 'X2', 'X3']"
1324,xgb_shap_list_ir_2,xgb_shap_list_ir_2_subset_36,orderStd,"['X4', 'X5', 'X1', 'X6', 'X3', 'X2']"
1325,xgb_shap_list_ir_2,xgb_shap_list_ir_2_subset_36,orderSum,"['X4', 'X1', 'X6', 'X5', 'X2', 'X3']"
1326,xgb_shap_list_ir_3,xgb_shap_list_ir_3_subset_33,orderMean,"['X4', 'X6', 'X5', 'X3', 'X2', 'X1']"
1327,xgb_shap_list_ir_3,xgb_shap_list_ir_3_subset_33,orderStd,"['X2', 'X5', 'X4', 'X1', 'X6', 'X3']"
1328,xgb_shap_list_ir_3,xgb_shap_list_ir_3_subset_33,orderSum,"['X4', 'X6', 'X5', 'X3', 'X2', 'X1']"
1329,xgb_shap_list_ir_3,xgb_shap_list_ir_3_subset_61,orderMean,"['X5', 'X4', 'X2', 'X6', 'X1', 'X3']"
1330,xgb_shap_list_ir_3,xgb_shap_list_ir_3_subset_61,orderStd,"['X5', 'X2', 'X4', 'X6', 'X1', 'X3']"
1331,xgb_shap_list_ir_3,xgb_shap_list_ir_3_subset_61,orderSum,"['X5', 'X4', 'X2', 'X6', 'X1', 'X3']"
1332,xgb_shap_list_ir_5,xgb_shap_list_ir_5_subset_19,orderMean,"['X4', 'X5', 'X1', 'X6', 'X3', 'X2']"
1333,xgb_shap_list_ir_5,xgb_shap_list_ir_5_subset_19,orderStd,"['X5', 'X4', 'X2', 'X1', 'X6', 'X3']"
1334,xgb_shap_list_ir_5,xgb_shap_list_ir_5_subset_19,orderSum,"['X4', 'X5', 'X1', 'X6', 'X3', 'X2']"
1335,xgb_shap_list_ir_2,xgb_shap_list_ir_2_subset_48,orderMean,"['X4', 'X5', 'X6', 'X1', 'X2', 'X3']"
1336,xgb_shap_list_ir_2,xgb_shap_list_ir_2_subset_48,orderStd,"['X1', 'X5', 'X4', 'X2', 'X6', 'X3']"
1337,xgb_shap_list_ir_2,xgb_shap_list_ir_2_subset_48,orderSum,"['X4', 'X5', 'X6', 'X1', 'X2', 'X3']"
1338,xgb_shap_list_ir_2,xgb_shap_list_ir_2_subset_27,orderMean,"['X5', 'X2', 'X6', 'X4', 'X1', 'X3']"
1339,xgb_shap_list_ir_2,xgb_shap_list_ir_2_subset_27,orderStd,"['X2', 'X5', 'X6', 'X4', 'X1', 'X3']"
1340,xgb_shap_list_ir_2,xgb_shap_list_ir_2_subset_27,orderSum,"['X5', 'X2', 'X6', 'X4', 'X1', 'X3']"
1341,xgb_shap_list_ir_1,xgb_shap_list_ir_1_subset_39,orderMean,"['X5', 'X6', 'X1', 'X2', 'X4', 'X3']"
1342,xgb_shap_list_ir_1,xgb_shap_list_ir_1_subset_39,orderStd,"['X1', 'X5', 'X6', 'X4', 'X2', 'X3']"
1343,xgb_shap_list_ir_1,xgb_shap_list_ir_1_subset_39,orderSum,"['X5', 'X6', 'X1', 'X2', 'X4', 'X3']"
1344,xgb_shap_list_ir_5,xgb_shap_list_ir_5_subset_72,orderMean,"['X4', 'X5', 'X3', 'X6', 'X1', 'X2']"
1345,xgb_shap_list_ir_5,xgb_shap_list_ir_5_subset_72,orderStd,"['X4', 'X5', 'X2', 'X1', 'X3', 'X6']"
1346,xgb_shap_list_ir_5,xgb_shap_list_ir_5_subset_72,orderSum,"['X4', 'X5', 'X3', 'X6', 'X1', 'X2']"
1347,xgb_shap_list_ir_4,xgb_shap_list_ir_4_subset_85,orderMean,"['X5', 'X4', 'X6', 'X1', 'X2', 'X3']"
1348,xgb_shap_list_ir_4,xgb_shap_list_ir_4_subset_85,orderStd,"['X5', 'X2', 'X4', 'X1', 'X6', 'X3']"
1349,xgb_shap_list_ir_4,xgb_shap_list_ir_4_subset_85,orderSum,"['X5', 'X4', 'X6', 'X1', 'X2', 'X3']"
1350,xgb_shap_list_ir_4,xgb_shap_list_ir_4_subset_55,orderMean,"['X4', 'X5', 'X6', 'X2', 'X3', 'X1']"
1351,xgb_shap_list_ir_4,xgb_shap_list_ir_4_subset_55,orderStd,"['X4', 'X5', 'X2', 'X6', 'X3', 'X1']"
1352,xgb_shap_list_ir_4,xgb_shap_list_ir_4_subset_55,orderSum,"['X4', 'X5', 'X6', 'X2', 'X3', 'X1']"
1353,xgb_shap_list_ir_3,xgb_shap_list_ir_3_subset_132,orderMean,"['X4', 'X6', 'X3', 'X2', 'X5', 'X1']"
1354,xgb_shap_list_ir_3,xgb_shap_list_ir_3_subset_132,orderStd,"['X2', 'X5', 'X4', 'X1', 'X6', 'X3']"
1355,xgb_shap_list_ir_3,xgb_shap_list_ir_3_subset_132,orderSum,"['X4', 'X6', 'X3', 'X2', 'X5', 'X1']"
1356,xgb_shap_list_ir_3,xgb_shap_list_ir_3_subset_44,orderMean,"['X5', 'X4', 'X1', 'X6', 'X2', 'X3']"
1357,xgb_shap_list_ir_3,xgb_shap_list_ir_3_subset_44,orderStd,"['X5', 'X2', 'X4', 'X6', 'X1', 'X3']"
1358,xgb_shap_list_ir_3,xgb_shap_list_ir_3_subset_44,orderSum,"['X5', 'X4', 'X1', 'X6', 'X2', 'X3']"
1359,xgb_shap_list_ir_4,xgb_shap_list_ir_4_subset_60,orderMean,"['X4', 'X5', 'X6', 'X1', 'X2', 'X3']"
1360,xgb_shap_list_ir_4,xgb_shap_list_ir_4_subset_60,orderStd,"['X5', 'X6', 'X2', 'X4', 'X1', 'X3']"
1361,xgb_shap_list_ir_4,xgb_shap_list_ir_4_subset_60,orderSum,"['X4', 'X5', 'X6', 'X1', 'X2', 'X3']"
1362,xgb_shap_list_ir_5,xgb_shap_list_ir_5_subset_116,orderMean,"['X4', 'X5', 'X6', 'X1', 'X2', 'X3']"
1363,xgb_shap_list_ir_5,xgb_shap_list_ir_5_subset_116,orderStd,"['X5', 'X1', 'X4', 'X6', 'X2', 'X3']"
1364,xgb_shap_list_ir_5,xgb_shap_list_ir_5_subset_116,orderSum,"['X4', 'X5', 'X6', 'X1', 'X2', 'X3']"
1365,xgb_shap_list_ir_5,xgb_shap_list_ir_5_subset_30,orderMean,"['X4', 'X5', 'X1', 'X6', 'X2', 'X3']"
1366,xgb_shap_list_ir_5,xgb_shap_list_ir_5_subset_30,orderStd,"['X5', 'X4', 'X1', 'X2', 'X6', 'X3']"
1367,xgb_shap_list_ir_5,xgb_shap_list_ir_5_subset_30,orderSum,"['X4', 'X5', 'X1', 'X6', 'X2', 'X3']"
1368,xgb_shap_list_ir_1,xgb_shap_list_ir_1_subset_55,orderMean,"['X1', 'X3', 'X5', 'X4', 'X2', 'X6']"
1369,xgb_shap_list_ir_1,xgb_shap_list_ir_1_subset_55,orderStd,"['X3', 'X1', 'X5', 'X4', 'X2', 'X6']"
1370,xgb_shap_list_ir_1,xgb_shap_list_ir_1_subset_55,orderSum,"['X1', 'X3', 'X5', 'X4', 'X2', 'X6']"
1371,xgb_shap_list_ir_4,xgb_shap_list_ir_4_subset_77,orderMean,"['X4', 'X5', 'X6', 'X1', 'X3', 'X2']"
1372,xgb_shap_list_ir_4,xgb_shap_list_ir_4_subset_77,orderStd,"['X4', 'X5', 'X6', 'X1', 'X2', 'X3']"
1373,xgb_shap_list_ir_4,xgb_shap_list_ir_4_subset_77,orderSum,"['X4', 'X5', 'X6', 'X1', 'X3', 'X2']"
1374,xgb_shap_list_ir_2,xgb_shap_list_ir_2_subset_94,orderMean,"['X4', 'X3', 'X6', 'X5', 'X1', 'X2']"
1375,xgb_shap_list_ir_2,xgb_shap_list_ir_2_subset_94,orderStd,"['X4', 'X6', 'X5', 'X2', 'X1', 'X3']"
1376,xgb_shap_list_ir_2,xgb_shap_list_ir_2_subset_94,orderSum,"['X4', 'X3', 'X6', 'X5', 'X1', 'X2']"
1377,xgb_shap_list_ir_4,xgb_shap_list_ir_4_subset_21,orderMean,"['X4', 'X5', 'X6', 'X2', 'X3', 'X1']"
1378,xgb_shap_list_ir_4,xgb_shap_list_ir_4_subset_21,orderStd,"['X2', 'X4', 'X5', 'X1', 'X6', 'X3']"
1379,xgb_shap_list_ir_4,xgb_shap_list_ir_4_subset_21,orderSum,"['X4', 'X5', 'X6', 'X2', 'X3', 'X1']"
1380,xgb_shap_list_ir_1,xgb_shap_list_ir_1_subset_99,orderMean,"['X4', 'X3', 'X1', 'X2', 'X6', 'X5']"
1381,xgb_shap_list_ir_1,xgb_shap_list_ir_1_subset_99,orderStd,"['X2', 'X4', 'X3', 'X1', 'X6', 'X5']"
1382,xgb_shap_list_ir_1,xgb_shap_list_ir_1_subset_99,orderSum,"['X4', 'X3', 'X1', 'X2', 'X6', 'X5']"
1383,xgb_shap_list_ir_1,xgb_shap_list_ir_1_subset_101,orderMean,"['X5', 'X4', 'X1', 'X6', 'X2', 'X3']"
1384,xgb_shap_list_ir_1,xgb_shap_list_ir_1_subset_101,orderStd,"['X1', 'X5', 'X2', 'X4', 'X6', 'X3']"
1385,xgb_shap_list_ir_1,xgb_shap_list_ir_1_subset_101,orderSum,"['X5', 'X4', 'X1', 'X6', 'X2', 'X3']"
1386,xgb_shap_list_ir_3,xgb_shap_list_ir_3_subset_114,orderMean,"['X4', 'X1', 'X2', 'X5', 'X3', 'X6']"
1387,xgb_shap_list_ir_3,xgb_shap_list_ir_3_subset_114,orderStd,"['X2', 'X1', 'X4', 'X5', 'X3', 'X6']"
1388,xgb_shap_list_ir_3,xgb_shap_list_ir_3_subset_114,orderSum,"['X4', 'X1', 'X2', 'X5', 'X3', 'X6']"
1389,xgb_shap_list_ir_2,xgb_shap_list_ir_2_subset_115,orderMean,"['X4', 'X6', 'X5', 'X1', 'X2', 'X3']"
1390,xgb_shap_list_ir_2,xgb_shap_list_ir_2_subset_115,orderStd,"['X4', 'X2', 'X1', 'X6', 'X5', 'X3']"
1391,xgb_shap_list_ir_2,xgb_shap_list_ir_2_subset_115,orderSum,"['X4', 'X6', 'X5', 'X1', 'X2', 'X3']"
1392,xgb_shap_list_ir_3,xgb_shap_list_ir_3_subset_79,orderMean,"['X4', 'X5', 'X6', 'X3', 'X1', 'X2']"
1393,xgb_shap_list_ir_3,xgb_shap_list_ir_3_subset_79,orderStd,"['X5', 'X4', 'X2', 'X6', 'X1', 'X3']"
1394,xgb_shap_list_ir_3,xgb_shap_list_ir_3_subset_79,orderSum,"['X4', 'X5', 'X6', 'X3', 'X1', 'X2']"
1395,xgb_shap_list_ir_1,xgb_shap_list_ir_1_subset_63,orderMean,"['X1', 'X6', 'X4', 'X5', 'X3', 'X2']"
1396,xgb_shap_list_ir_1,xgb_shap_list_ir_1_subset_63,orderStd,"['X3', 'X1', 'X6', 'X5', 'X4', 'X2']"
1397,xgb_shap_list_ir_1,xgb_shap_list_ir_1_subset_63,orderSum,"['X1', 'X6', 'X4', 'X5', 'X3', 'X2']"
1398,xgb_shap_list_ir_2,xgb_shap_list_ir_2_subset_122,orderMean,"['X4', 'X3', 'X6', 'X5', 'X2', 'X1']"
1399,xgb_shap_list_ir_2,xgb_shap_list_ir_2_subset_122,orderStd,"['X4', 'X3', 'X6', 'X5', 'X2', 'X1']"
1400,xgb_shap_list_ir_2,xgb_shap_list_ir_2_subset_122,orderSum,"['X4', 'X3', 'X6', 'X5', 'X2', 'X1']"
1401,xgb_shap_list_ir_5,xgb_shap_list_ir_5_subset_28,orderMean,"['X4', 'X5', 'X3', 'X2', 'X6', 'X1']"
1402,xgb_shap_list_ir_5,xgb_shap_list_ir_5_subset_28,orderStd,"['X5', 'X4', 'X2', 'X1', 'X3', 'X6']"
1403,xgb_shap_list_ir_5,xgb_shap_list_ir_5_subset_28,orderSum,"['X4', 'X5', 'X3', 'X2', 'X6', 'X1']"
1404,xgb_shap_list_ir_5,xgb_shap_list_ir_5_subset_67,orderMean,"['X4', 'X5', 'X6', 'X1', 'X2', 'X3']"
1405,xgb_shap_list_ir_5,xgb_shap_list_ir_5_subset_67,orderStd,"['X5', 'X2', 'X4', 'X1', 'X6', 'X3']"
1406,xgb_shap_list_ir_5,xgb_shap_list_ir_5_subset_67,orderSum,"['X4', 'X5', 'X6', 'X1', 'X2', 'X3']"
1407,xgb_shap_list_ir_2,xgb_shap_list_ir_2_subset_82,orderMean,"['X4', 'X1', 'X2', 'X3', 'X5', 'X6']"
1408,xgb_shap_list_ir_2,xgb_shap_list_ir_2_subset_82,orderStd,"['X2', 'X1', 'X4', 'X3', 'X5', 'X6']"
1409,xgb_shap_list_ir_2,xgb_shap_list_ir_2_subset_82,orderSum,"['X4', 'X1', 'X2', 'X3', 'X5', 'X6']"
1410,xgb_shap_list_ir_1,xgb_shap_list_ir_1_subset_91,orderMean,"['X2', 'X4', 'X5', 'X3', 'X1', 'X6']"
1411,xgb_shap_list_ir_1,xgb_shap_list_ir_1_subset_91,orderStd,"['X6', 'X1', 'X4', 'X5', 'X3', 'X2']"
1412,xgb_shap_list_ir_1,xgb_shap_list_ir_1_subset_91,orderSum,"['X2', 'X4', 'X5', 'X3', 'X1', 'X6']"
1413,xgb_shap_list_ir_2,xgb_shap_list_ir_2_subset_127,orderMean,"['X6', 'X4', 'X5', 'X1', 'X2', 'X3']"
1414,xgb_shap_list_ir_2,xgb_shap_list_ir_2_subset_127,orderStd,"['X2', 'X3', 'X6', 'X5', 'X1', 'X4']"
1415,xgb_shap_list_ir_2,xgb_shap_list_ir_2_subset_127,orderSum,"['X6', 'X4', 'X5', 'X1', 'X2', 'X3']"
1416,xgb_shap_list_ir_2,xgb_shap_list_ir_2_subset_67,orderMean,"['X4', 'X6', 'X3', 'X5', 'X2', 'X1']"
1417,xgb_shap_list_ir_2,xgb_shap_list_ir_2_subset_67,orderStd,"['X2', 'X4', 'X5', 'X1', 'X6', 'X3']"
1418,xgb_shap_list_ir_2,xgb_shap_list_ir_2_subset_67,orderSum,"['X4', 'X6', 'X3', 'X5', 'X2', 'X1']"
1419,xgb_shap_list_ir_4,xgb_shap_list_ir_4_subset_73,orderMean,"['X4', 'X1', 'X5', 'X6', 'X3', 'X2']"
1420,xgb_shap_list_ir_4,xgb_shap_list_ir_4_subset_73,orderStd,"['X5', 'X4', 'X1', 'X3', 'X6', 'X2']"
1421,xgb_shap_list_ir_4,xgb_shap_list_ir_4_subset_73,orderSum,"['X4', 'X1', 'X5', 'X6', 'X3', 'X2']"
1422,xgb_shap_list_ir_3,xgb_shap_list_ir_3_subset_4,orderMean,"['X5', 'X3', 'X4', 'X6', 'X2', 'X1']"
1423,xgb_shap_list_ir_3,xgb_shap_list_ir_3_subset_4,orderStd,"['X5', 'X4', 'X6', 'X2', 'X3', 'X1']"
1424,xgb_shap_list_ir_3,xgb_shap_list_ir_3_subset_4,orderSum,"['X5', 'X3', 'X4', 'X6', 'X2', 'X1']"
1425,xgb_shap_list_ir_2,xgb_shap_list_ir_2_subset_118,orderMean,"['X4', 'X5', 'X1', 'X2', 'X6', 'X3']"
1426,xgb_shap_list_ir_2,xgb_shap_list_ir_2_subset_118,orderStd,"['X2', 'X1', 'X5', 'X4', 'X6', 'X3']"
1427,xgb_shap_list_ir_2,xgb_shap_list_ir_2_subset_118,orderSum,"['X4', 'X5', 'X1', 'X2', 'X6', 'X3']"
1428,xgb_shap_list_ir_3,xgb_shap_list_ir_3_subset_101,orderMean,"['X4', 'X5', 'X3', 'X1', 'X2', 'X6']"
1429,xgb_shap_list_ir_3,xgb_shap_list_ir_3_subset_101,orderStd,"['X2', 'X5', 'X4', 'X1', 'X3', 'X6']"
1430,xgb_shap_list_ir_3,xgb_shap_list_ir_3_subset_101,orderSum,"['X4', 'X5', 'X3', 'X1', 'X2', 'X6']"
1431,xgb_shap_list_ir_5,xgb_shap_list_ir_5_subset_29,orderMean,"['X5', 'X4', 'X1', 'X6', 'X2', 'X3']"
1432,xgb_shap_list_ir_5,xgb_shap_list_ir_5_subset_29,orderStd,"['X5', 'X2', 'X1', 'X6', 'X4', 'X3']"
1433,xgb_shap_list_ir_5,xgb_shap_list_ir_5_subset_29,orderSum,"['X5', 'X4', 'X1', 'X6', 'X2', 'X3']"
1434,xgb_shap_list_ir_4,xgb_shap_list_ir_4_subset_70,orderMean,"['X4', 'X5', 'X2', 'X1', 'X6', 'X3']"
1435,xgb_shap_list_ir_4,xgb_shap_list_ir_4_subset_70,orderStd,"['X5', 'X2', 'X4', 'X1', 'X6', 'X3']"
1436,xgb_shap_list_ir_4,xgb_shap_list_ir_4_subset_70,orderSum,"['X4', 'X5', 'X2', 'X1', 'X6', 'X3']"
1437,xgb_shap_list_ir_4,xgb_shap_list_ir_4_subset_109,orderMean,"['X4', 'X5', 'X1', 'X2', 'X6', 'X3']"
1438,xgb_shap_list_ir_4,xgb_shap_list_ir_4_subset_109,orderStd,"['X5', 'X2', 'X1', 'X4', 'X6', 'X3']"
1439,xgb_shap_list_ir_4,xgb_shap_list_ir_4_subset_109,orderSum,"['X4', 'X5', 'X1', 'X2', 'X6', 'X3']"
1440,xgb_shap_list_ir_2,xgb_shap_list_ir_2_subset_44,orderMean,"['X4', 'X5', 'X1', 'X2', 'X6', 'X3']"
1441,xgb_shap_list_ir_2,xgb_shap_list_ir_2_subset_44,orderStd,"['X4', 'X5', 'X1', 'X2', 'X6', 'X3']"
1442,xgb_shap_list_ir_2,xgb_shap_list_ir_2_subset_44,orderSum,"['X4', 'X5', 'X1', 'X2', 'X6', 'X3']"
1443,xgb_shap_list_ir_2,xgb_shap_list_ir_2_subset_145,orderMean,"['X4', 'X5', 'X1', 'X3', 'X6', 'X2']"
1444,xgb_shap_list_ir_2,xgb_shap_list_ir_2_subset_145,orderStd,"['X5', 'X3', 'X6', 'X4', 'X1', 'X2']"
1445,xgb_shap_list_ir_2,xgb_shap_list_ir_2_subset_145,orderSum,"['X4', 'X5', 'X1', 'X3', 'X6', 'X2']"
1446,xgb_shap_list_ir_1,xgb_shap_list_ir_1_subset_109,orderMean,"['X4', 'X2', 'X5', 'X3', 'X1', 'X6']"
1447,xgb_shap_list_ir_1,xgb_shap_list_ir_1_subset_109,orderStd,"['X2', 'X4', 'X5', 'X3', 'X1', 'X6']"
1448,xgb_shap_list_ir_1,xgb_shap_list_ir_1_subset_109,orderSum,"['X4', 'X2', 'X5', 'X3', 'X1', 'X6']"
1449,xgb_shap_list_ir_5,xgb_shap_list_ir_5_subset_146,orderMean,"['X4', 'X5', 'X1', 'X6', 'X2', 'X3']"
1450,xgb_shap_list_ir_5,xgb_shap_list_ir_5_subset_146,orderStd,"['X5', 'X4', 'X2', 'X1', 'X6', 'X3']"
1451,xgb_shap_list_ir_5,xgb_shap_list_ir_5_subset_146,orderSum,"['X4', 'X5', 'X1', 'X6', 'X2', 'X3']"
1452,xgb_shap_list_ir_3,xgb_shap_list_ir_3_subset_89,orderMean,"['X4', 'X5', 'X6', 'X1', 'X2', 'X3']"
1453,xgb_shap_list_ir_3,xgb_shap_list_ir_3_subset_89,orderStd,"['X5', 'X4', 'X2', 'X1', 'X6', 'X3']"
1454,xgb_shap_list_ir_3,xgb_shap_list_ir_3_subset_89,orderSum,"['X4', 'X5', 'X6', 'X1', 'X2', 'X3']"
1455,xgb_shap_list_ir_3,xgb_shap_list_ir_3_subset_37,orderMean,"['X4', 'X5', 'X1', 'X6', 'X2', 'X3']"
1456,xgb_shap_list_ir_3,xgb_shap_list_ir_3_subset_37,orderStd,"['X5', 'X4', 'X2', 'X6', 'X1', 'X3']"
1457,xgb_shap_list_ir_3,xgb_shap_list_ir_3_subset_37,orderSum,"['X4', 'X5', 'X1', 'X6', 'X2', 'X3']"
1458,xgb_shap_list_ir_1,xgb_shap_list_ir_1_subset_125,orderMean,"['X1', 'X2', 'X5', 'X6', 'X3', 'X4']"
1459,xgb_shap_list_ir_1,xgb_shap_list_ir_1_subset_125,orderStd,"['X1', 'X3', 'X6', 'X2', 'X4', 'X5']"
1460,xgb_shap_list_ir_1,xgb_shap_list_ir_1_subset_125,orderSum,"['X1', 'X2', 'X5', 'X6', 'X3', 'X4']"
1461,xgb_shap_list_ir_3,xgb_shap_list_ir_3_subset_17,orderMean,"['X6', 'X5', 'X1', 'X4', 'X2', 'X3']"
1462,xgb_shap_list_ir_3,xgb_shap_list_ir_3_subset_17,orderStd,"['X5', 'X6', 'X1', 'X2', 'X4', 'X3']"
1463,xgb_shap_list_ir_3,xgb_shap_list_ir_3_subset_17,orderSum,"['X6', 'X5', 'X1', 'X4', 'X2', 'X3']"
1464,xgb_shap_list_ir_2,xgb_shap_list_ir_2_subset_23,orderMean,"['X5', 'X1', 'X2', 'X6', 'X4', 'X3']"
1465,xgb_shap_list_ir_2,xgb_shap_list_ir_2_subset_23,orderStd,"['X5', 'X4', 'X2', 'X6', 'X1', 'X3']"
1466,xgb_shap_list_ir_2,xgb_shap_list_ir_2_subset_23,orderSum,"['X5', 'X1', 'X2', 'X6', 'X4', 'X3']"
1467,xgb_shap_list_ir_2,xgb_shap_list_ir_2_subset_41,orderMean,"['X6', 'X4', 'X2', 'X1', 'X5', 'X3']"
1468,xgb_shap_list_ir_2,xgb_shap_list_ir_2_subset_41,orderStd,"['X2', 'X5', 'X4', 'X1', 'X6', 'X3']"
1469,xgb_shap_list_ir_2,xgb_shap_list_ir_2_subset_41,orderSum,"['X6', 'X4', 'X2', 'X1', 'X5', 'X3']"
1470,xgb_shap_list_ir_4,xgb_shap_list_ir_4_subset_66,orderMean,"['X4', 'X5', 'X3', 'X6', 'X1', 'X2']"
1471,xgb_shap_list_ir_4,xgb_shap_list_ir_4_subset_66,orderStd,"['X5', 'X2', 'X4', 'X6', 'X3', 'X1']"
1472,xgb_shap_list_ir_4,xgb_shap_list_ir_4_subset_66,orderSum,"['X4', 'X5', 'X3', 'X6', 'X1', 'X2']"
1473,xgb_shap_list_ir_5,xgb_shap_list_ir_5_subset_131,orderMean,"['X4', 'X5', 'X6', 'X3', 'X2', 'X1']"
1474,xgb_shap_list_ir_5,xgb_shap_list_ir_5_subset_131,orderStd,"['X5', 'X2', 'X4', 'X1', 'X6', 'X3']"
1475,xgb_shap_list_ir_5,xgb_shap_list_ir_5_subset_131,orderSum,"['X4', 'X5', 'X6', 'X3', 'X2', 'X1']"
1476,xgb_shap_list_ir_2,xgb_shap_list_ir_2_subset_31,orderMean,"['X5', 'X4', 'X6', 'X3', 'X1', 'X2']"
1477,xgb_shap_list_ir_2,xgb_shap_list_ir_2_subset_31,orderStd,"['X5', 'X4', 'X1', 'X6', 'X2', 'X3']"
1478,xgb_shap_list_ir_2,xgb_shap_list_ir_2_subset_31,orderSum,"['X5', 'X4', 'X6', 'X3', 'X1', 'X2']"
1479,xgb_shap_list_ir_4,xgb_shap_list_ir_4_subset_92,orderMean,"['X4', 'X5', 'X1', 'X2', 'X6', 'X3']"
1480,xgb_shap_list_ir_4,xgb_shap_list_ir_4_subset_92,orderStd,"['X4', 'X2', 'X5', 'X1', 'X6', 'X3']"
1481,xgb_shap_list_ir_4,xgb_shap_list_ir_4_subset_92,orderSum,"['X4', 'X5', 'X1', 'X2', 'X6', 'X3']"
1482,xgb_shap_list_ir_4,xgb_shap_list_ir_4_subset_32,orderMean,"['X5', 'X4', 'X6', 'X1', 'X2', 'X3']"
1483,xgb_shap_list_ir_4,xgb_shap_list_ir_4_subset_32,orderStd,"['X5', 'X4', 'X2', 'X1', 'X6', 'X3']"
1484,xgb_shap_list_ir_4,xgb_shap_list_ir_4_subset_32,orderSum,"['X5', 'X4', 'X6', 'X1', 'X2', 'X3']"
1485,xgb_shap_list_ir_5,xgb_shap_list_ir_5_subset_130,orderMean,"['X4', 'X5', 'X6', 'X1', 'X3', 'X2']"
1486,xgb_shap_list_ir_5,xgb_shap_list_ir_5_subset_130,orderStd,"['X4', 'X5', 'X6', 'X2', 'X1', 'X3']"
1487,xgb_shap_list_ir_5,xgb_shap_list_ir_5_subset_130,orderSum,"['X4', 'X5', 'X6', 'X1', 'X3', 'X2']"
1488,xgb_shap_list_ir_2,xgb_shap_list_ir_2_subset_117,orderMean,"['X4', 'X5', 'X6', 'X1', 'X2', 'X3']"
1489,xgb_shap_list_ir_2,xgb_shap_list_ir_2_subset_117,orderStd,"['X5', 'X4', 'X1', 'X6', 'X2', 'X3']"
1490,xgb_shap_list_ir_2,xgb_shap_list_ir_2_subset_117,orderSum,"['X4', 'X5', 'X6', 'X1', 'X2', 'X3']"
1491,xgb_shap_list_ir_1,xgb_shap_list_ir_1_subset_41,orderMean,"['X5', 'X2', 'X1', 'X6', 'X4', 'X3']"
1492,xgb_shap_list_ir_1,xgb_shap_list_ir_1_subset_41,orderStd,"['X5', 'X4', 'X2', 'X1', 'X6', 'X3']"
1493,xgb_shap_list_ir_1,xgb_shap_list_ir_1_subset_41,orderSum,"['X5', 'X2', 'X1', 'X6', 'X4', 'X3']"
1494,xgb_shap_list_ir_4,xgb_shap_list_ir_4_subset_86,orderMean,"['X4', 'X6', 'X5', 'X1', 'X3', 'X2']"
1495,xgb_shap_list_ir_4,xgb_shap_list_ir_4_subset_86,orderStd,"['X4', 'X5', 'X1', 'X6', 'X2', 'X3']"
1496,xgb_shap_list_ir_4,xgb_shap_list_ir_4_subset_86,orderSum,"['X4', 'X6', 'X5', 'X1', 'X3', 'X2']"
1497,xgb_shap_list_ir_2,xgb_shap_list_ir_2_subset_69,orderMean,"['X1', 'X5', 'X4', 'X6', 'X2', 'X3']"
1498,xgb_shap_list_ir_2,xgb_shap_list_ir_2_subset_69,orderStd,"['X1', 'X5', 'X4', 'X6', 'X3', 'X2']"
1499,xgb_shap_list_ir_2,xgb_shap_list_ir_2_subset_69,orderSum,"['X1', 'X5', 'X4', 'X6', 'X2', 'X3']"
1500,xgb_shap_list_ir_2,xgb_shap_list_ir_2_subset_9,orderMean,"['X4', 'X3', 'X6', 'X5', 'X1', 'X2']"
1501,xgb_shap_list_ir_2,xgb_shap_list_ir_2_subset_9,orderStd,"['X3', 'X4', 'X5', 'X1', 'X6', 'X2']"
1502,xgb_shap_list_ir_2,xgb_shap_list_ir_2_subset_9,orderSum,"['X4', 'X3', 'X6', 'X5', 'X1', 'X2']"
1503,xgb_shap_list_ir_2,xgb_shap_list_ir_2_subset_99,orderMean,"['X4', 'X5', 'X6', 'X2', 'X1', 'X3']"
1504,xgb_shap_list_ir_2,xgb_shap_list_ir_2_subset_99,orderStd,"['X5', 'X4', 'X6', 'X1', 'X2', 'X3']"
1505,xgb_shap_list_ir_2,xgb_shap_list_ir_2_subset_99,orderSum,"['X4', 'X5', 'X6', 'X2', 'X1', 'X3']"
1506,xgb_shap_list_ir_5,xgb_shap_list_ir_5_subset_140,orderMean,"['X4', 'X5', 'X6', 'X1', 'X2', 'X3']"
1507,xgb_shap_list_ir_5,xgb_shap_list_ir_5_subset_140,orderStd,"['X5', 'X4', 'X2', 'X1', 'X6', 'X3']"
1508,xgb_shap_list_ir_5,xgb_shap_list_ir_5_subset_140,orderSum,"['X4', 'X5', 'X6', 'X1', 'X2', 'X3']"
1509,xgb_shap_list_ir_3,xgb_shap_list_ir_3_subset_38,orderMean,"['X4', 'X6', 'X5', 'X2', 'X1', 'X3']"
1510,xgb_shap_list_ir_3,xgb_shap_list_ir_3_subset_38,orderStd,"['X4', 'X5', 'X2', 'X1', 'X6', 'X3']"
1511,xgb_shap_list_ir_3,xgb_shap_list_ir_3_subset_38,orderSum,"['X4', 'X6', 'X5', 'X2', 'X1', 'X3']"
1512,xgb_shap_list_ir_2,xgb_shap_list_ir_2_subset_112,orderMean,"['X5', 'X4', 'X1', 'X2', 'X6', 'X3']"
1513,xgb_shap_list_ir_2,xgb_shap_list_ir_2_subset_112,orderStd,"['X5', 'X2', 'X4', 'X1', 'X6', 'X3']"
1514,xgb_shap_list_ir_2,xgb_shap_list_ir_2_subset_112,orderSum,"['X5', 'X4', 'X1', 'X2', 'X6', 'X3']"
1515,xgb_shap_list_ir_5,xgb_shap_list_ir_5_subset_120,orderMean,"['X4', 'X5', 'X6', 'X2', 'X1', 'X3']"
1516,xgb_shap_list_ir_5,xgb_shap_list_ir_5_subset_120,orderStd,"['X4', 'X5', 'X2', 'X6', 'X1', 'X3']"
1517,xgb_shap_list_ir_5,xgb_shap_list_ir_5_subset_120,orderSum,"['X4', 'X5', 'X6', 'X2', 'X1', 'X3']"
1518,xgb_shap_list_ir_1,xgb_shap_list_ir_1_subset_35,orderMean,"['X4', 'X5', 'X2', 'X6', 'X1', 'X3']"
1519,xgb_shap_list_ir_1,xgb_shap_list_ir_1_subset_35,orderStd,"['X2', 'X4', 'X5', 'X1', 'X6', 'X3']"
1520,xgb_shap_list_ir_1,xgb_shap_list_ir_1_subset_35,orderSum,"['X4', 'X5', 'X2', 'X6', 'X1', 'X3']"
1521,xgb_shap_list_ir_4,xgb_shap_list_ir_4_subset_59,orderMean,"['X5', 'X4', 'X6', 'X1', 'X2', 'X3']"
1522,xgb_shap_list_ir_4,xgb_shap_list_ir_4_subset_59,orderStd,"['X5', 'X1', 'X4', 'X2', 'X6', 'X3']"
1523,xgb_shap_list_ir_4,xgb_shap_list_ir_4_subset_59,orderSum,"['X5', 'X4', 'X6', 'X1', 'X2', 'X3']"
1524,xgb_shap_list_ir_2,xgb_shap_list_ir_2_subset_95,orderMean,"['X5', 'X4', 'X2', 'X1', 'X6', 'X3']"
1525,xgb_shap_list_ir_2,xgb_shap_list_ir_2_subset_95,orderStd,"['X4', 'X5', 'X2', 'X1', 'X6', 'X3']"
1526,xgb_shap_list_ir_2,xgb_shap_list_ir_2_subset_95,orderSum,"['X5', 'X4', 'X2', 'X1', 'X6', 'X3']"
1527,xgb_shap_list_ir_5,xgb_shap_list_ir_5_subset_96,orderMean,"['X4', 'X5', 'X1', 'X3', 'X6', 'X2']"
1528,xgb_shap_list_ir_5,xgb_shap_list_ir_5_subset_96,orderStd,"['X4', 'X2', 'X1', 'X5', 'X6', 'X3']"
1529,xgb_shap_list_ir_5,xgb_shap_list_ir_5_subset_96,orderSum,"['X4', 'X5', 'X1', 'X3', 'X6', 'X2']"
1530,xgb_shap_list_ir_1,xgb_shap_list_ir_1_subset_27,orderMean,"['X1', 'X5', 'X4', 'X6', 'X2', 'X3']"
1531,xgb_shap_list_ir_1,xgb_shap_list_ir_1_subset_27,orderStd,"['X1', 'X4', 'X5', 'X2', 'X6', 'X3']"
1532,xgb_shap_list_ir_1,xgb_shap_list_ir_1_subset_27,orderSum,"['X1', 'X5', 'X4', 'X6', 'X2', 'X3']"
1533,xgb_shap_list_ir_1,xgb_shap_list_ir_1_subset_38,orderMean,"['X4', 'X5', 'X6', 'X1', 'X2', 'X3']"
1534,xgb_shap_list_ir_1,xgb_shap_list_ir_1_subset_38,orderStd,"['X2', 'X1', 'X4', 'X5', 'X6', 'X3']"
1535,xgb_shap_list_ir_1,xgb_shap_list_ir_1_subset_38,orderSum,"['X4', 'X5', 'X6', 'X1', 'X2', 'X3']"
1536,xgb_shap_list_ir_4,xgb_shap_list_ir_4_subset_111,orderMean,"['X5', 'X4', 'X1', 'X3', 'X6', 'X2']"
1537,xgb_shap_list_ir_4,xgb_shap_list_ir_4_subset_111,orderStd,"['X5', 'X4', 'X6', 'X3', 'X2', 'X1']"
1538,xgb_shap_list_ir_4,xgb_shap_list_ir_4_subset_111,orderSum,"['X5', 'X4', 'X1', 'X3', 'X6', 'X2']"
1539,xgb_shap_list_ir_3,xgb_shap_list_ir_3_subset_20,orderMean,"['X4', 'X5', 'X3', 'X1', 'X6', 'X2']"
1540,xgb_shap_list_ir_3,xgb_shap_list_ir_3_subset_20,orderStd,"['X5', 'X3', 'X4', 'X1', 'X2', 'X6']"
1541,xgb_shap_list_ir_3,xgb_shap_list_ir_3_subset_20,orderSum,"['X4', 'X5', 'X3', 'X1', 'X6', 'X2']"
1542,xgb_shap_list_ir_3,xgb_shap_list_ir_3_subset_116,orderMean,"['X4', 'X5', 'X1', 'X6', 'X2', 'X3']"
1543,xgb_shap_list_ir_3,xgb_shap_list_ir_3_subset_116,orderStd,"['X5', 'X1', 'X4', 'X6', 'X2', 'X3']"
1544,xgb_shap_list_ir_3,xgb_shap_list_ir_3_subset_116,orderSum,"['X4', 'X5', 'X1', 'X6', 'X2', 'X3']"
1545,xgb_shap_list_ir_2,xgb_shap_list_ir_2_subset_62,orderMean,"['X4', 'X6', 'X2', 'X5', 'X1', 'X3']"
1546,xgb_shap_list_ir_2,xgb_shap_list_ir_2_subset_62,orderStd,"['X4', 'X2', 'X1', 'X5', 'X6', 'X3']"
1547,xgb_shap_list_ir_2,xgb_shap_list_ir_2_subset_62,orderSum,"['X4', 'X6', 'X2', 'X5', 'X1', 'X3']"
1548,xgb_shap_list_ir_2,xgb_shap_list_ir_2_subset_77,orderMean,"['X5', 'X1', 'X2', 'X6', 'X4', 'X3']"
1549,xgb_shap_list_ir_2,xgb_shap_list_ir_2_subset_77,orderStd,"['X1', 'X2', 'X5', 'X6', 'X4', 'X3']"
1550,xgb_shap_list_ir_2,xgb_shap_list_ir_2_subset_77,orderSum,"['X5', 'X1', 'X2', 'X6', 'X4', 'X3']"
1551,xgb_shap_list_ir_1,xgb_shap_list_ir_1_subset_135,orderMean,"['X4', 'X1', 'X5', 'X6', 'X3', 'X2']"
1552,xgb_shap_list_ir_1,xgb_shap_list_ir_1_subset_135,orderStd,"['X4', 'X1', 'X3', 'X5', 'X6', 'X2']"
1553,xgb_shap_list_ir_1,xgb_shap_list_ir_1_subset_135,orderSum,"['X4', 'X1', 'X5', 'X6', 'X3', 'X2']"
1554,xgb_shap_list_ir_2,xgb_shap_list_ir_2_subset_1,orderMean,"['X1', 'X4', 'X6', 'X2', 'X5', 'X3']"
1555,xgb_shap_list_ir_2,xgb_shap_list_ir_2_subset_1,orderStd,"['X1', 'X2', 'X4', 'X6', 'X5', 'X3']"
1556,xgb_shap_list_ir_2,xgb_shap_list_ir_2_subset_1,orderSum,"['X1', 'X4', 'X6', 'X2', 'X5', 'X3']"
1557,xgb_shap_list_ir_3,xgb_shap_list_ir_3_subset_72,orderMean,"['X4', 'X5', 'X6', 'X1', 'X2', 'X3']"
1558,xgb_shap_list_ir_3,xgb_shap_list_ir_3_subset_72,orderStd,"['X5', 'X4', 'X1', 'X2', 'X6', 'X3']"
1559,xgb_shap_list_ir_3,xgb_shap_list_ir_3_subset_72,orderSum,"['X4', 'X5', 'X6', 'X1', 'X2', 'X3']"
1560,xgb_shap_list_ir_2,xgb_shap_list_ir_2_subset_63,orderMean,"['X5', 'X4', 'X6', 'X1', 'X2', 'X3']"
1561,xgb_shap_list_ir_2,xgb_shap_list_ir_2_subset_63,orderStd,"['X5', 'X4', 'X6', 'X1', 'X3', 'X2']"
1562,xgb_shap_list_ir_2,xgb_shap_list_ir_2_subset_63,orderSum,"['X5', 'X4', 'X6', 'X1', 'X2', 'X3']"
1563,xgb_shap_list_ir_2,xgb_shap_list_ir_2_subset_11,orderMean,"['X4', 'X5', 'X1', 'X6', 'X2', 'X3']"
1564,xgb_shap_list_ir_2,xgb_shap_list_ir_2_subset_11,orderStd,"['X4', 'X5', 'X1', 'X2', 'X3', 'X6']"
1565,xgb_shap_list_ir_2,xgb_shap_list_ir_2_subset_11,orderSum,"['X4', 'X5', 'X1', 'X6', 'X2', 'X3']"
1566,xgb_shap_list_ir_5,xgb_shap_list_ir_5_subset_124,orderMean,"['X4', 'X5', 'X3', 'X2', 'X6', 'X1']"
1567,xgb_shap_list_ir_5,xgb_shap_list_ir_5_subset_124,orderStd,"['X2', 'X4', 'X5', 'X3', 'X1', 'X6']"
1568,xgb_shap_list_ir_5,xgb_shap_list_ir_5_subset_124,orderSum,"['X4', 'X5', 'X3', 'X2', 'X6', 'X1']"
1569,xgb_shap_list_ir_2,xgb_shap_list_ir_2_subset_78,orderMean,"['X4', 'X6', 'X5', 'X1', 'X3', 'X2']"
1570,xgb_shap_list_ir_2,xgb_shap_list_ir_2_subset_78,orderStd,"['X4', 'X1', 'X6', 'X5', 'X2', 'X3']"
1571,xgb_shap_list_ir_2,xgb_shap_list_ir_2_subset_78,orderSum,"['X4', 'X6', 'X5', 'X1', 'X3', 'X2']"
1572,xgb_shap_list_ir_3,xgb_shap_list_ir_3_subset_60,orderMean,"['X4', 'X5', 'X6', 'X3', 'X2', 'X1']"
1573,xgb_shap_list_ir_3,xgb_shap_list_ir_3_subset_60,orderStd,"['X4', 'X5', 'X1', 'X6', 'X2', 'X3']"
1574,xgb_shap_list_ir_3,xgb_shap_list_ir_3_subset_60,orderSum,"['X4', 'X5', 'X6', 'X3', 'X2', 'X1']"
1575,xgb_shap_list_ir_2,xgb_shap_list_ir_2_subset_91,orderMean,"['X5', 'X4', 'X6', 'X2', 'X1', 'X3']"
1576,xgb_shap_list_ir_2,xgb_shap_list_ir_2_subset_91,orderStd,"['X5', 'X4', 'X2', 'X1', 'X6', 'X3']"
1577,xgb_shap_list_ir_2,xgb_shap_list_ir_2_subset_91,orderSum,"['X5', 'X4', 'X6', 'X2', 'X1', 'X3']"
1578,xgb_shap_list_ir_2,xgb_shap_list_ir_2_subset_37,orderMean,"['X3', 'X4', 'X6', 'X2', 'X1', 'X5']"
1579,xgb_shap_list_ir_2,xgb_shap_list_ir_2_subset_37,orderStd,"['X2', 'X1', 'X4', 'X6', 'X3', 'X5']"
1580,xgb_shap_list_ir_2,xgb_shap_list_ir_2_subset_37,orderSum,"['X3', 'X4', 'X6', 'X2', 'X1', 'X5']"
1581,xgb_shap_list_ir_4,xgb_shap_list_ir_4_subset_126,orderMean,"['X4', 'X5', 'X3', 'X1', 'X6', 'X2']"
1582,xgb_shap_list_ir_4,xgb_shap_list_ir_4_subset_126,orderStd,"['X5', 'X2', 'X4', 'X1', 'X6', 'X3']"
1583,xgb_shap_list_ir_4,xgb_shap_list_ir_4_subset_126,orderSum,"['X4', 'X5', 'X3', 'X1', 'X6', 'X2']"
1584,xgb_shap_list_ir_1,xgb_shap_list_ir_1_subset_112,orderMean,"['X4', 'X5', 'X6', 'X3', 'X1', 'X2']"
1585,xgb_shap_list_ir_1,xgb_shap_list_ir_1_subset_112,orderStd,"['X3', 'X4', 'X5', 'X6', 'X1', 'X2']"
1586,xgb_shap_list_ir_1,xgb_shap_list_ir_1_subset_112,orderSum,"['X4', 'X5', 'X6', 'X3', 'X1', 'X2']"
1587,xgb_shap_list_ir_1,xgb_shap_list_ir_1_subset_44,orderMean,"['X1', 'X5', 'X3', 'X2', 'X6', 'X4']"
1588,xgb_shap_list_ir_1,xgb_shap_list_ir_1_subset_44,orderStd,"['X1', 'X5', 'X6', 'X3', 'X4', 'X2']"
1589,xgb_shap_list_ir_1,xgb_shap_list_ir_1_subset_44,orderSum,"['X1', 'X5', 'X3', 'X2', 'X6', 'X4']"
1590,xgb_shap_list_ir_5,xgb_shap_list_ir_5_subset_129,orderMean,"['X4', 'X5', 'X6', 'X1', 'X2', 'X3']"
1591,xgb_shap_list_ir_5,xgb_shap_list_ir_5_subset_129,orderStd,"['X5', 'X4', 'X2', 'X1', 'X6', 'X3']"
1592,xgb_shap_list_ir_5,xgb_shap_list_ir_5_subset_129,orderSum,"['X4', 'X5', 'X6', 'X1', 'X2', 'X3']"
1593,xgb_shap_list_ir_2,xgb_shap_list_ir_2_subset_6,orderMean,"['X5', 'X6', 'X4', 'X3', 'X1', 'X2']"
1594,xgb_shap_list_ir_2,xgb_shap_list_ir_2_subset_6,orderStd,"['X5', 'X1', 'X4', 'X6', 'X2', 'X3']"
1595,xgb_shap_list_ir_2,xgb_shap_list_ir_2_subset_6,orderSum,"['X5', 'X6', 'X4', 'X3', 'X1', 'X2']"
1596,xgb_shap_list_ir_3,xgb_shap_list_ir_3_subset_27,orderMean,"['X5', 'X4', 'X1', 'X6', 'X2', 'X3']"
1597,xgb_shap_list_ir_3,xgb_shap_list_ir_3_subset_27,orderStd,"['X5', 'X4', 'X6', 'X2', 'X1', 'X3']"
1598,xgb_shap_list_ir_3,xgb_shap_list_ir_3_subset_27,orderSum,"['X5', 'X4', 'X1', 'X6', 'X2', 'X3']"
1599,xgb_shap_list_ir_3,xgb_shap_list_ir_3_subset_47,orderMean,"['X4', 'X5', 'X6', 'X1', 'X2', 'X3']"
1600,xgb_shap_list_ir_3,xgb_shap_list_ir_3_subset_47,orderStd,"['X1', 'X5', 'X4', 'X2', 'X6', 'X3']"
1601,xgb_shap_list_ir_3,xgb_shap_list_ir_3_subset_47,orderSum,"['X4', 'X5', 'X6', 'X1', 'X2', 'X3']"
1602,xgb_shap_list_ir_3,xgb_shap_list_ir_3_subset_127,orderMean,"['X4', 'X5', 'X1', 'X6', 'X2', 'X3']"
1603,xgb_shap_list_ir_3,xgb_shap_list_ir_3_subset_127,orderStd,"['X5', 'X4', 'X1', 'X2', 'X6', 'X3']"
1604,xgb_shap_list_ir_3,xgb_shap_list_ir_3_subset_127,orderSum,"['X4', 'X5', 'X1', 'X6', 'X2', 'X3']"
1605,xgb_shap_list_ir_5,xgb_shap_list_ir_5_subset_134,orderMean,"['X4', 'X5', 'X1', 'X6', 'X2', 'X3']"
1606,xgb_shap_list_ir_5,xgb_shap_list_ir_5_subset_134,orderStd,"['X5', 'X4', 'X2', 'X1', 'X6', 'X3']"
1607,xgb_shap_list_ir_5,xgb_shap_list_ir_5_subset_134,orderSum,"['X4', 'X5', 'X1', 'X6', 'X2', 'X3']"
1608,xgb_shap_list_ir_3,xgb_shap_list_ir_3_subset_104,orderMean,"['X5', 'X4', 'X1', 'X2', 'X3', 'X6']"
1609,xgb_shap_list_ir_3,xgb_shap_list_ir_3_subset_104,orderStd,"['X5', 'X2', 'X4', 'X1', 'X6', 'X3']"
1610,xgb_shap_list_ir_3,xgb_shap_list_ir_3_subset_104,orderSum,"['X5', 'X4', 'X1', 'X2', 'X3', 'X6']"
1611,xgb_shap_list_ir_3,xgb_shap_list_ir_3_subset_143,orderMean,"['X5', 'X4', 'X6', 'X3', 'X1', 'X2']"
1612,xgb_shap_list_ir_3,xgb_shap_list_ir_3_subset_143,orderStd,"['X5', 'X4', 'X1', 'X6', 'X2', 'X3']"
1613,xgb_shap_list_ir_3,xgb_shap_list_ir_3_subset_143,orderSum,"['X5', 'X4', 'X6', 'X3', 'X1', 'X2']"
1614,xgb_shap_list_ir_1,xgb_shap_list_ir_1_subset_52,orderMean,"['X4', 'X5', 'X3', 'X1', 'X2', 'X6']"
1615,xgb_shap_list_ir_1,xgb_shap_list_ir_1_subset_52,orderStd,"['X2', 'X4', 'X1', 'X3', 'X5', 'X6']"
1616,xgb_shap_list_ir_1,xgb_shap_list_ir_1_subset_52,orderSum,"['X4', 'X5', 'X3', 'X1', 'X2', 'X6']"
1617,xgb_shap_list_ir_1,xgb_shap_list_ir_1_subset_1,orderMean,"['X5', 'X4', 'X6', 'X1', 'X2', 'X3']"
1618,xgb_shap_list_ir_1,xgb_shap_list_ir_1_subset_1,orderStd,"['X1', 'X2', 'X5', 'X4', 'X6', 'X3']"
1619,xgb_shap_list_ir_1,xgb_shap_list_ir_1_subset_1,orderSum,"['X5', 'X4', 'X6', 'X1', 'X2', 'X3']"
1620,xgb_shap_list_ir_1,xgb_shap_list_ir_1_subset_72,orderMean,"['X6', 'X4', 'X5', 'X2', 'X3', 'X1']"
1621,xgb_shap_list_ir_1,xgb_shap_list_ir_1_subset_72,orderStd,"['X4', 'X2', 'X5', 'X6', 'X3', 'X1']"
1622,xgb_shap_list_ir_1,xgb_shap_list_ir_1_subset_72,orderSum,"['X6', 'X4', 'X5', 'X2', 'X3', 'X1']"
1623,xgb_shap_list_ir_4,xgb_shap_list_ir_4_subset_65,orderMean,"['X4', 'X5', 'X3', 'X6', 'X1', 'X2']"
1624,xgb_shap_list_ir_4,xgb_shap_list_ir_4_subset_65,orderStd,"['X5', 'X4', 'X2', 'X6', 'X3', 'X1']"
1625,xgb_shap_list_ir_4,xgb_shap_list_ir_4_subset_65,orderSum,"['X4', 'X5', 'X3', 'X6', 'X1', 'X2']"
1626,xgb_shap_list_ir_2,xgb_shap_list_ir_2_subset_103,orderMean,"['X4', 'X5', 'X6', 'X1', 'X2', 'X3']"
1627,xgb_shap_list_ir_2,xgb_shap_list_ir_2_subset_103,orderStd,"['X2', 'X4', 'X1', 'X5', 'X6', 'X3']"
1628,xgb_shap_list_ir_2,xgb_shap_list_ir_2_subset_103,orderSum,"['X4', 'X5', 'X6', 'X1', 'X2', 'X3']"
1629,xgb_shap_list_ir_5,xgb_shap_list_ir_5_subset_16,orderMean,"['X4', 'X5', 'X6', 'X2', 'X3', 'X1']"
1630,xgb_shap_list_ir_5,xgb_shap_list_ir_5_subset_16,orderStd,"['X5', 'X2', 'X4', 'X6', 'X1', 'X3']"
1631,xgb_shap_list_ir_5,xgb_shap_list_ir_5_subset_16,orderSum,"['X4', 'X5', 'X6', 'X2', 'X3', 'X1']"
1632,xgb_shap_list_ir_2,xgb_shap_list_ir_2_subset_70,orderMean,"['X4', 'X3', 'X5', 'X2', 'X6', 'X1']"
1633,xgb_shap_list_ir_2,xgb_shap_list_ir_2_subset_70,orderStd,"['X2', 'X4', 'X3', 'X5', 'X1', 'X6']"
1634,xgb_shap_list_ir_2,xgb_shap_list_ir_2_subset_70,orderSum,"['X4', 'X3', 'X5', 'X2', 'X6', 'X1']"
1635,xgb_shap_list_ir_4,xgb_shap_list_ir_4_subset_105,orderMean,"['X4', 'X5', 'X6', 'X1', 'X3', 'X2']"
1636,xgb_shap_list_ir_4,xgb_shap_list_ir_4_subset_105,orderStd,"['X4', 'X5', 'X2', 'X6', 'X3', 'X1']"
1637,xgb_shap_list_ir_4,xgb_shap_list_ir_4_subset_105,orderSum,"['X4', 'X5', 'X6', 'X1', 'X3', 'X2']"
1638,xgb_shap_list_ir_2,xgb_shap_list_ir_2_subset_4,orderMean,"['X4', 'X5', 'X2', 'X1', 'X6', 'X3']"
1639,xgb_shap_list_ir_2,xgb_shap_list_ir_2_subset_4,orderStd,"['X2', 'X1', 'X5', 'X4', 'X6', 'X3']"
1640,xgb_shap_list_ir_2,xgb_shap_list_ir_2_subset_4,orderSum,"['X4', 'X5', 'X2', 'X1', 'X6', 'X3']"
1641,xgb_shap_list_ir_3,xgb_shap_list_ir_3_subset_41,orderMean,"['X4', 'X5', 'X3', 'X2', 'X6', 'X1']"
1642,xgb_shap_list_ir_3,xgb_shap_list_ir_3_subset_41,orderStd,"['X2', 'X5', 'X4', 'X1', 'X6', 'X3']"
1643,xgb_shap_list_ir_3,xgb_shap_list_ir_3_subset_41,orderSum,"['X4', 'X5', 'X3', 'X2', 'X6', 'X1']"
1644,xgb_shap_list_ir_5,xgb_shap_list_ir_5_subset_68,orderMean,"['X4', 'X5', 'X1', 'X3', 'X6', 'X2']"
1645,xgb_shap_list_ir_5,xgb_shap_list_ir_5_subset_68,orderStd,"['X5', 'X4', 'X1', 'X2', 'X3', 'X6']"
1646,xgb_shap_list_ir_5,xgb_shap_list_ir_5_subset_68,orderSum,"['X4', 'X5', 'X1', 'X3', 'X6', 'X2']"
1647,xgb_shap_list_ir_3,xgb_shap_list_ir_3_subset_83,orderMean,"['X5', 'X4', 'X6', 'X3', 'X2', 'X1']"
1648,xgb_shap_list_ir_3,xgb_shap_list_ir_3_subset_83,orderStd,"['X2', 'X5', 'X4', 'X1', 'X6', 'X3']"
1649,xgb_shap_list_ir_3,xgb_shap_list_ir_3_subset_83,orderSum,"['X5', 'X4', 'X6', 'X3', 'X2', 'X1']"
1650,xgb_shap_list_ir_1,xgb_shap_list_ir_1_subset_68,orderMean,"['X5', 'X4', 'X6', 'X2', 'X3', 'X1']"
1651,xgb_shap_list_ir_1,xgb_shap_list_ir_1_subset_68,orderStd,"['X2', 'X5', 'X4', 'X6', 'X3', 'X1']"
1652,xgb_shap_list_ir_1,xgb_shap_list_ir_1_subset_68,orderSum,"['X5', 'X4', 'X6', 'X2', 'X3', 'X1']"
1653,xgb_shap_list_ir_4,xgb_shap_list_ir_4_subset_114,orderMean,"['X4', 'X5', 'X6', 'X1', 'X2', 'X3']"
1654,xgb_shap_list_ir_4,xgb_shap_list_ir_4_subset_114,orderStd,"['X2', 'X4', 'X5', 'X1', 'X6', 'X3']"
1655,xgb_shap_list_ir_4,xgb_shap_list_ir_4_subset_114,orderSum,"['X4', 'X5', 'X6', 'X1', 'X2', 'X3']"
1656,xgb_shap_list_ir_5,xgb_shap_list_ir_5_subset_82,orderMean,"['X4', 'X5', 'X6', 'X1', 'X3', 'X2']"
1657,xgb_shap_list_ir_5,xgb_shap_list_ir_5_subset_82,orderStd,"['X5', 'X2', 'X4', 'X1', 'X6', 'X3']"
1658,xgb_shap_list_ir_5,xgb_shap_list_ir_5_subset_82,orderSum,"['X4', 'X5', 'X6', 'X1', 'X3', 'X2']"
1659,xgb_shap_list_ir_2,xgb_shap_list_ir_2_subset_47,orderMean,"['X4', 'X6', 'X2', 'X5', 'X3', 'X1']"
1660,xgb_shap_list_ir_2,xgb_shap_list_ir_2_subset_47,orderStd,"['X4', 'X2', 'X1', 'X5', 'X3', 'X6']"
1661,xgb_shap_list_ir_2,xgb_shap_list_ir_2_subset_47,orderSum,"['X4', 'X6', 'X2', 'X5', 'X3', 'X1']"
1662,xgb_shap_list_ir_3,xgb_shap_list_ir_3_subset_74,orderMean,"['X4', 'X1', 'X5', 'X6', 'X2', 'X3']"
1663,xgb_shap_list_ir_3,xgb_shap_list_ir_3_subset_74,orderStd,"['X5', 'X4', 'X1', 'X2', 'X6', 'X3']"
1664,xgb_shap_list_ir_3,xgb_shap_list_ir_3_subset_74,orderSum,"['X4', 'X1', 'X5', 'X6', 'X2', 'X3']"
1665,xgb_shap_list_ir_4,xgb_shap_list_ir_4_subset_7,orderMean,"['X4', 'X6', 'X5', 'X3', 'X1', 'X2']"
1666,xgb_shap_list_ir_4,xgb_shap_list_ir_4_subset_7,orderStd,"['X4', 'X1', 'X5', 'X2', 'X6', 'X3']"
1667,xgb_shap_list_ir_4,xgb_shap_list_ir_4_subset_7,orderSum,"['X4', 'X6', 'X5', 'X3', 'X1', 'X2']"
1668,xgb_shap_list_ir_2,xgb_shap_list_ir_2_subset_30,orderMean,"['X4', 'X3', 'X6', 'X2', 'X5', 'X1']"
1669,xgb_shap_list_ir_2,xgb_shap_list_ir_2_subset_30,orderStd,"['X3', 'X2', 'X5', 'X4', 'X1', 'X6']"
1670,xgb_shap_list_ir_2,xgb_shap_list_ir_2_subset_30,orderSum,"['X4', 'X3', 'X6', 'X2', 'X5', 'X1']"
1671,xgb_shap_list_ir_1,xgb_shap_list_ir_1_subset_130,orderMean,"['X4', 'X3', 'X6', 'X1', 'X5', 'X2']"
1672,xgb_shap_list_ir_1,xgb_shap_list_ir_1_subset_130,orderStd,"['X3', 'X4', 'X5', 'X1', 'X6', 'X2']"
1673,xgb_shap_list_ir_1,xgb_shap_list_ir_1_subset_130,orderSum,"['X4', 'X3', 'X6', 'X1', 'X5', 'X2']"
1674,xgb_shap_list_ir_3,xgb_shap_list_ir_3_subset_59,orderMean,"['X4', 'X5', 'X1', 'X2', 'X6', 'X3']"
1675,xgb_shap_list_ir_3,xgb_shap_list_ir_3_subset_59,orderStd,"['X2', 'X5', 'X4', 'X1', 'X6', 'X3']"
1676,xgb_shap_list_ir_3,xgb_shap_list_ir_3_subset_59,orderSum,"['X4', 'X5', 'X1', 'X2', 'X6', 'X3']"
1677,xgb_shap_list_ir_1,xgb_shap_list_ir_1_subset_31,orderMean,"['X4', 'X6', 'X5', 'X1', 'X2', 'X3']"
1678,xgb_shap_list_ir_1,xgb_shap_list_ir_1_subset_31,orderStd,"['X1', 'X6', 'X4', 'X5', 'X2', 'X3']"
1679,xgb_shap_list_ir_1,xgb_shap_list_ir_1_subset_31,orderSum,"['X4', 'X6', 'X5', 'X1', 'X2', 'X3']"
1680,xgb_shap_list_ir_1,xgb_shap_list_ir_1_subset_129,orderMean,"['X6', 'X4', 'X1', 'X5', 'X2', 'X3']"
1681,xgb_shap_list_ir_1,xgb_shap_list_ir_1_subset_129,orderStd,"['X2', 'X1', 'X4', 'X6', 'X5', 'X3']"
1682,xgb_shap_list_ir_1,xgb_shap_list_ir_1_subset_129,orderSum,"['X6', 'X4', 'X1', 'X5', 'X2', 'X3']"
1683,xgb_shap_list_ir_2,xgb_shap_list_ir_2_subset_89,orderMean,"['X4', 'X2', 'X6', 'X1', 'X5', 'X3']"
1684,xgb_shap_list_ir_2,xgb_shap_list_ir_2_subset_89,orderStd,"['X2', 'X4', 'X1', 'X5', 'X6', 'X3']"
1685,xgb_shap_list_ir_2,xgb_shap_list_ir_2_subset_89,orderSum,"['X4', 'X2', 'X6', 'X1', 'X5', 'X3']"
1686,xgb_shap_list_ir_4,xgb_shap_list_ir_4_subset_36,orderMean,"['X5', 'X4', 'X6', 'X3', 'X1', 'X2']"
1687,xgb_shap_list_ir_4,xgb_shap_list_ir_4_subset_36,orderStd,"['X5', 'X4', 'X6', 'X2', 'X3', 'X1']"
1688,xgb_shap_list_ir_4,xgb_shap_list_ir_4_subset_36,orderSum,"['X5', 'X4', 'X6', 'X3', 'X1', 'X2']"
1689,xgb_shap_list_ir_2,xgb_shap_list_ir_2_subset_100,orderMean,"['X5', 'X2', 'X4', 'X1', 'X6', 'X3']"
1690,xgb_shap_list_ir_2,xgb_shap_list_ir_2_subset_100,orderStd,"['X2', 'X5', 'X4', 'X1', 'X6', 'X3']"
1691,xgb_shap_list_ir_2,xgb_shap_list_ir_2_subset_100,orderSum,"['X5', 'X2', 'X4', 'X1', 'X6', 'X3']"
1692,xgb_shap_list_ir_4,xgb_shap_list_ir_4_subset_62,orderMean,"['X4', 'X5', 'X1', 'X6', 'X3', 'X2']"
1693,xgb_shap_list_ir_4,xgb_shap_list_ir_4_subset_62,orderStd,"['X5', 'X4', 'X2', 'X1', 'X6', 'X3']"
1694,xgb_shap_list_ir_4,xgb_shap_list_ir_4_subset_62,orderSum,"['X4', 'X5', 'X1', 'X6', 'X3', 'X2']"
1695,xgb_shap_list_ir_4,xgb_shap_list_ir_4_subset_131,orderMean,"['X4', 'X5', 'X6', 'X1', 'X2', 'X3']"
1696,xgb_shap_list_ir_4,xgb_shap_list_ir_4_subset_131,orderStd,"['X5', 'X4', 'X6', 'X1', 'X2', 'X3']"
1697,xgb_shap_list_ir_4,xgb_shap_list_ir_4_subset_131,orderSum,"['X4', 'X5', 'X6', 'X1', 'X2', 'X3']"
1698,xgb_shap_list_ir_1,xgb_shap_list_ir_1_subset_64,orderMean,"['X5', 'X1', 'X6', 'X3', 'X4', 'X2']"
1699,xgb_shap_list_ir_1,xgb_shap_list_ir_1_subset_64,orderStd,"['X1', 'X5', 'X4', 'X2', 'X6', 'X3']"
1700,xgb_shap_list_ir_1,xgb_shap_list_ir_1_subset_64,orderSum,"['X5', 'X1', 'X6', 'X3', 'X4', 'X2']"
1701,xgb_shap_list_ir_4,xgb_shap_list_ir_4_subset_112,orderMean,"['X4', 'X5', 'X1', 'X6', 'X3', 'X2']"
1702,xgb_shap_list_ir_4,xgb_shap_list_ir_4_subset_112,orderStd,"['X4', 'X2', 'X5', 'X1', 'X6', 'X3']"
1703,xgb_shap_list_ir_4,xgb_shap_list_ir_4_subset_112,orderSum,"['X4', 'X5', 'X1', 'X6', 'X3', 'X2']"
1704,xgb_shap_list_ir_4,xgb_shap_list_ir_4_subset_102,orderMean,"['X4', 'X1', 'X3', 'X5', 'X2', 'X6']"
1705,xgb_shap_list_ir_4,xgb_shap_list_ir_4_subset_102,orderStd,"['X4', 'X2', 'X1', 'X5', 'X3', 'X6']"
1706,xgb_shap_list_ir_4,xgb_shap_list_ir_4_subset_102,orderSum,"['X4', 'X1', 'X3', 'X5', 'X2', 'X6']"
1707,xgb_shap_list_ir_5,xgb_shap_list_ir_5_subset_49,orderMean,"['X4', 'X5', 'X1', 'X6', 'X2', 'X3']"
1708,xgb_shap_list_ir_5,xgb_shap_list_ir_5_subset_49,orderStd,"['X5', 'X4', 'X2', 'X1', 'X6', 'X3']"
1709,xgb_shap_list_ir_5,xgb_shap_list_ir_5_subset_49,orderSum,"['X4', 'X5', 'X1', 'X6', 'X2', 'X3']"
1710,xgb_shap_list_ir_3,xgb_shap_list_ir_3_subset_13,orderMean,"['X4', 'X5', 'X6', 'X2', 'X3', 'X1']"
1711,xgb_shap_list_ir_3,xgb_shap_list_ir_3_subset_13,orderStd,"['X4', 'X5', 'X6', 'X1', 'X3', 'X2']"
1712,xgb_shap_list_ir_3,xgb_shap_list_ir_3_subset_13,orderSum,"['X4', 'X5', 'X6', 'X2', 'X3', 'X1']"
1713,xgb_shap_list_ir_1,xgb_shap_list_ir_1_subset_119,orderMean,"['X3', 'X4', 'X6', 'X2', 'X5', 'X1']"
1714,xgb_shap_list_ir_1,xgb_shap_list_ir_1_subset_119,orderStd,"['X3', 'X6', 'X4', 'X2', 'X5', 'X1']"
1715,xgb_shap_list_ir_1,xgb_shap_list_ir_1_subset_119,orderSum,"['X3', 'X4', 'X6', 'X2', 'X5', 'X1']"
1716,xgb_shap_list_ir_4,xgb_shap_list_ir_4_subset_4,orderMean,"['X5', 'X4', 'X6', 'X1', 'X2', 'X3']"
1717,xgb_shap_list_ir_4,xgb_shap_list_ir_4_subset_4,orderStd,"['X5', 'X4', 'X2', 'X1', 'X6', 'X3']"
1718,xgb_shap_list_ir_4,xgb_shap_list_ir_4_subset_4,orderSum,"['X5', 'X4', 'X6', 'X1', 'X2', 'X3']"
1719,xgb_shap_list_ir_4,xgb_shap_list_ir_4_subset_139,orderMean,"['X4', 'X5', 'X6', 'X1', 'X3', 'X2']"
1720,xgb_shap_list_ir_4,xgb_shap_list_ir_4_subset_139,orderStd,"['X5', 'X4', 'X2', 'X6', 'X1', 'X3']"
1721,xgb_shap_list_ir_4,xgb_shap_list_ir_4_subset_139,orderSum,"['X4', 'X5', 'X6', 'X1', 'X3', 'X2']"
1722,xgb_shap_list_ir_3,xgb_shap_list_ir_3_subset_22,orderMean,"['X4', 'X3', 'X6', 'X5', 'X2', 'X1']"
1723,xgb_shap_list_ir_3,xgb_shap_list_ir_3_subset_22,orderStd,"['X2', 'X4', 'X5', 'X1', 'X6', 'X3']"
1724,xgb_shap_list_ir_3,xgb_shap_list_ir_3_subset_22,orderSum,"['X4', 'X3', 'X6', 'X5', 'X2', 'X1']"
1725,xgb_shap_list_ir_3,xgb_shap_list_ir_3_subset_121,orderMean,"['X5', 'X1', 'X4', 'X6', 'X2', 'X3']"
1726,xgb_shap_list_ir_3,xgb_shap_list_ir_3_subset_121,orderStd,"['X5', 'X1', 'X4', 'X2', 'X6', 'X3']"
1727,xgb_shap_list_ir_3,xgb_shap_list_ir_3_subset_121,orderSum,"['X5', 'X1', 'X4', 'X6', 'X2', 'X3']"
1728,xgb_shap_list_ir_3,xgb_shap_list_ir_3_subset_15,orderMean,"['X4', 'X3', 'X5', 'X6', 'X1', 'X2']"
1729,xgb_shap_list_ir_3,xgb_shap_list_ir_3_subset_15,orderStd,"['X4', 'X5', 'X6', 'X3', 'X1', 'X2']"
1730,xgb_shap_list_ir_3,xgb_shap_list_ir_3_subset_15,orderSum,"['X4', 'X3', 'X5', 'X6', 'X1', 'X2']"
1731,xgb_shap_list_ir_5,xgb_shap_list_ir_5_subset_17,orderMean,"['X4', 'X5', 'X1', 'X6', 'X2', 'X3']"
1732,xgb_shap_list_ir_5,xgb_shap_list_ir_5_subset_17,orderStd,"['X5', 'X4', 'X2', 'X1', 'X6', 'X3']"
1733,xgb_shap_list_ir_5,xgb_shap_list_ir_5_subset_17,orderSum,"['X4', 'X5', 'X1', 'X6', 'X2', 'X3']"
1734,xgb_shap_list_ir_1,xgb_shap_list_ir_1_subset_47,orderMean,"['X4', 'X3', 'X6', 'X1', 'X5', 'X2']"
1735,xgb_shap_list_ir_1,xgb_shap_list_ir_1_subset_47,orderStd,"['X3', 'X6', 'X1', 'X4', 'X5', 'X2']"
1736,xgb_shap_list_ir_1,xgb_shap_list_ir_1_subset_47,orderSum,"['X4', 'X3', 'X6', 'X1', 'X5', 'X2']"
1737,xgb_shap_list_ir_2,xgb_shap_list_ir_2_subset_3,orderMean,"['X4', 'X5', 'X6', 'X1', 'X2', 'X3']"
1738,xgb_shap_list_ir_2,xgb_shap_list_ir_2_subset_3,orderStd,"['X4', 'X2', 'X1', 'X5', 'X6', 'X3']"
1739,xgb_shap_list_ir_2,xgb_shap_list_ir_2_subset_3,orderSum,"['X4', 'X5', 'X6', 'X1', 'X2', 'X3']"
1740,xgb_shap_list_ir_2,xgb_shap_list_ir_2_subset_107,orderMean,"['X4', 'X6', 'X1', 'X5', 'X2', 'X3']"
1741,xgb_shap_list_ir_2,xgb_shap_list_ir_2_subset_107,orderStd,"['X4', 'X5', 'X6', 'X1', 'X3', 'X2']"
1742,xgb_shap_list_ir_2,xgb_shap_list_ir_2_subset_107,orderSum,"['X4', 'X6', 'X1', 'X5', 'X2', 'X3']"
1743,xgb_shap_list_ir_5,xgb_shap_list_ir_5_subset_57,orderMean,"['X4', 'X5', 'X3', 'X6', 'X1', 'X2']"
1744,xgb_shap_list_ir_5,xgb_shap_list_ir_5_subset_57,orderStd,"['X5', 'X4', 'X2', 'X6', 'X1', 'X3']"
1745,xgb_shap_list_ir_5,xgb_shap_list_ir_5_subset_57,orderSum,"['X4', 'X5', 'X3', 'X6', 'X1', 'X2']"
1746,xgb_shap_list_ir_5,xgb_shap_list_ir_5_subset_41,orderMean,"['X5', 'X4', 'X6', 'X1', 'X2', 'X3']"
1747,xgb_shap_list_ir_5,xgb_shap_list_ir_5_subset_41,orderStd,"['X5', 'X4', 'X2', 'X1', 'X6', 'X3']"
1748,xgb_shap_list_ir_5,xgb_shap_list_ir_5_subset_41,orderSum,"['X5', 'X4', 'X6', 'X1', 'X2', 'X3']"
1749,xgb_shap_list_ir_3,xgb_shap_list_ir_3_subset_23,orderMean,"['X5', 'X4', 'X1', 'X2', 'X6', 'X3']"
1750,xgb_shap_list_ir_3,xgb_shap_list_ir_3_subset_23,orderStd,"['X5', 'X4', 'X2', 'X1', 'X6', 'X3']"
1751,xgb_shap_list_ir_3,xgb_shap_list_ir_3_subset_23,orderSum,"['X5', 'X4', 'X1', 'X2', 'X6', 'X3']"
1752,xgb_shap_list_ir_1,xgb_shap_list_ir_1_subset_77,orderMean,"['X1', 'X6', 'X3', 'X2', 'X4', 'X5']"
1753,xgb_shap_list_ir_1,xgb_shap_list_ir_1_subset_77,orderStd,"['X2', 'X1', 'X3', 'X4', 'X6', 'X5']"
1754,xgb_shap_list_ir_1,xgb_shap_list_ir_1_subset_77,orderSum,"['X1', 'X6', 'X3', 'X2', 'X4', 'X5']"
1755,xgb_shap_list_ir_5,xgb_shap_list_ir_5_subset_48,orderMean,"['X4', 'X5', 'X6', 'X2', 'X1', 'X3']"
1756,xgb_shap_list_ir_5,xgb_shap_list_ir_5_subset_48,orderStd,"['X5', 'X4', 'X2', 'X1', 'X6', 'X3']"
1757,xgb_shap_list_ir_5,xgb_shap_list_ir_5_subset_48,orderSum,"['X4', 'X5', 'X6', 'X2', 'X1', 'X3']"
1758,xgb_shap_list_ir_5,xgb_shap_list_ir_5_subset_103,orderMean,"['X4', 'X5', 'X3', 'X6', 'X2', 'X1']"
1759,xgb_shap_list_ir_5,xgb_shap_list_ir_5_subset_103,orderStd,"['X5', 'X2', 'X4', 'X6', 'X1', 'X3']"
1760,xgb_shap_list_ir_5,xgb_shap_list_ir_5_subset_103,orderSum,"['X4', 'X5', 'X3', 'X6', 'X2', 'X1']"
1761,xgb_shap_list_ir_4,xgb_shap_list_ir_4_subset_83,orderMean,"['X4', 'X5', 'X1', 'X6', 'X3', 'X2']"
1762,xgb_shap_list_ir_4,xgb_shap_list_ir_4_subset_83,orderStd,"['X5', 'X2', 'X4', 'X6', 'X1', 'X3']"
1763,xgb_shap_list_ir_4,xgb_shap_list_ir_4_subset_83,orderSum,"['X4', 'X5', 'X1', 'X6', 'X3', 'X2']"
1764,xgb_shap_list_ir_3,xgb_shap_list_ir_3_subset_49,orderMean,"['X5', 'X4', 'X6', 'X3', 'X1', 'X2']"
1765,xgb_shap_list_ir_3,xgb_shap_list_ir_3_subset_49,orderStd,"['X5', 'X4', 'X1', 'X6', 'X2', 'X3']"
1766,xgb_shap_list_ir_3,xgb_shap_list_ir_3_subset_49,orderSum,"['X5', 'X4', 'X6', 'X3', 'X1', 'X2']"
1767,xgb_shap_list_ir_2,xgb_shap_list_ir_2_subset_64,orderMean,"['X4', 'X5', 'X6', 'X1', 'X2', 'X3']"
1768,xgb_shap_list_ir_2,xgb_shap_list_ir_2_subset_64,orderStd,"['X2', 'X1', 'X4', 'X5', 'X6', 'X3']"
1769,xgb_shap_list_ir_2,xgb_shap_list_ir_2_subset_64,orderSum,"['X4', 'X5', 'X6', 'X1', 'X2', 'X3']"
1770,xgb_shap_list_ir_3,xgb_shap_list_ir_3_subset_125,orderMean,"['X4', 'X5', 'X3', 'X2', 'X6', 'X1']"
1771,xgb_shap_list_ir_3,xgb_shap_list_ir_3_subset_125,orderStd,"['X5', 'X4', 'X2', 'X6', 'X3', 'X1']"
1772,xgb_shap_list_ir_3,xgb_shap_list_ir_3_subset_125,orderSum,"['X4', 'X5', 'X3', 'X2', 'X6', 'X1']"
1773,xgb_shap_list_ir_4,xgb_shap_list_ir_4_subset_89,orderMean,"['X4', 'X5', 'X6', 'X1', 'X2', 'X3']"
1774,xgb_shap_list_ir_4,xgb_shap_list_ir_4_subset_89,orderStd,"['X5', 'X4', 'X6', 'X1', 'X2', 'X3']"
1775,xgb_shap_list_ir_4,xgb_shap_list_ir_4_subset_89,orderSum,"['X4', 'X5', 'X6', 'X1', 'X2', 'X3']"
1776,xgb_shap_list_ir_1,xgb_shap_list_ir_1_subset_137,orderMean,"['X1', 'X6', 'X2', 'X5', 'X4', 'X3']"
1777,xgb_shap_list_ir_1,xgb_shap_list_ir_1_subset_137,orderStd,"['X1', 'X6', 'X2', 'X5', 'X4', 'X3']"
1778,xgb_shap_list_ir_1,xgb_shap_list_ir_1_subset_137,orderSum,"['X1', 'X6', 'X2', 'X5', 'X4', 'X3']"
1779,xgb_shap_list_ir_1,xgb_shap_list_ir_1_subset_36,orderMean,"['X5', 'X1', 'X6', 'X2', 'X3', 'X4']"
1780,xgb_shap_list_ir_1,xgb_shap_list_ir_1_subset_36,orderStd,"['X3', 'X5', 'X1', 'X6', 'X4', 'X2']"
1781,xgb_shap_list_ir_1,xgb_shap_list_ir_1_subset_36,orderSum,"['X5', 'X1', 'X6', 'X2', 'X3', 'X4']"
1782,xgb_shap_list_ir_4,xgb_shap_list_ir_4_subset_95,orderMean,"['X5', 'X6', 'X1', 'X4', 'X2', 'X3']"
1783,xgb_shap_list_ir_4,xgb_shap_list_ir_4_subset_95,orderStd,"['X5', 'X6', 'X4', 'X1', 'X2', 'X3']"
1784,xgb_shap_list_ir_4,xgb_shap_list_ir_4_subset_95,orderSum,"['X5', 'X6', 'X1', 'X4', 'X2', 'X3']"
1785,xgb_shap_list_ir_5,xgb_shap_list_ir_5_subset_58,orderMean,"['X5', 'X4', 'X1', 'X6', 'X3', 'X2']"
1786,xgb_shap_list_ir_5,xgb_shap_list_ir_5_subset_58,orderStd,"['X5', 'X4', 'X1', 'X2', 'X6', 'X3']"
1787,xgb_shap_list_ir_5,xgb_shap_list_ir_5_subset_58,orderSum,"['X5', 'X4', 'X1', 'X6', 'X3', 'X2']"
1788,xgb_shap_list_ir_4,xgb_shap_list_ir_4_subset_16,orderMean,"['X4', 'X5', 'X6', 'X2', 'X3', 'X1']"
1789,xgb_shap_list_ir_4,xgb_shap_list_ir_4_subset_16,orderStd,"['X5', 'X4', 'X2', 'X1', 'X6', 'X3']"
1790,xgb_shap_list_ir_4,xgb_shap_list_ir_4_subset_16,orderSum,"['X4', 'X5', 'X6', 'X2', 'X3', 'X1']"
1791,xgb_shap_list_ir_2,xgb_shap_list_ir_2_subset_25,orderMean,"['X5', 'X4', 'X1', 'X6', 'X2', 'X3']"
1792,xgb_shap_list_ir_2,xgb_shap_list_ir_2_subset_25,orderStd,"['X1', 'X5', 'X4', 'X2', 'X6', 'X3']"
1793,xgb_shap_list_ir_2,xgb_shap_list_ir_2_subset_25,orderSum,"['X5', 'X4', 'X1', 'X6', 'X2', 'X3']"
1794,xgb_shap_list_ir_3,xgb_shap_list_ir_3_subset_51,orderMean,"['X4', 'X5', 'X1', 'X6', 'X2', 'X3']"
1795,xgb_shap_list_ir_3,xgb_shap_list_ir_3_subset_51,orderStd,"['X5', 'X1', 'X6', 'X2', 'X4', 'X3']"
1796,xgb_shap_list_ir_3,xgb_shap_list_ir_3_subset_51,orderSum,"['X4', 'X5', 'X1', 'X6', 'X2', 'X3']"
1797,xgb_shap_list_ir_5,xgb_shap_list_ir_5_subset_3,orderMean,"['X4', 'X5', 'X6', 'X1', 'X2', 'X3']"
1798,xgb_shap_list_ir_5,xgb_shap_list_ir_5_subset_3,orderStd,"['X5', 'X2', 'X1', 'X4', 'X6', 'X3']"
1799,xgb_shap_list_ir_5,xgb_shap_list_ir_5_subset_3,orderSum,"['X4', 'X5', 'X6', 'X1', 'X2', 'X3']"
1800,xgb_shap_list_ir_5,xgb_shap_list_ir_5_subset_145,orderMean,"['X4', 'X5', 'X1', 'X6', 'X2', 'X3']"
1801,xgb_shap_list_ir_5,xgb_shap_list_ir_5_subset_145,orderStd,"['X4', 'X5', 'X2', 'X1', 'X6', 'X3']"
1802,xgb_shap_list_ir_5,xgb_shap_list_ir_5_subset_145,orderSum,"['X4', 'X5', 'X1', 'X6', 'X2', 'X3']"
1803,xgb_shap_list_ir_2,xgb_shap_list_ir_2_subset_8,orderMean,"['X4', 'X1', 'X6', 'X5', 'X2', 'X3']"
1804,xgb_shap_list_ir_2,xgb_shap_list_ir_2_subset_8,orderStd,"['X1', 'X4', 'X2', 'X5', 'X6', 'X3']"
1805,xgb_shap_list_ir_2,xgb_shap_list_ir_2_subset_8,orderSum,"['X4', 'X1', 'X6', 'X5', 'X2', 'X3']"
1806,xgb_shap_list_ir_3,xgb_shap_list_ir_3_subset_139,orderMean,"['X4', 'X5', 'X6', 'X3', 'X1', 'X2']"
1807,xgb_shap_list_ir_3,xgb_shap_list_ir_3_subset_139,orderStd,"['X5', 'X6', 'X4', 'X1', 'X3', 'X2']"
1808,xgb_shap_list_ir_3,xgb_shap_list_ir_3_subset_139,orderSum,"['X4', 'X5', 'X6', 'X3', 'X1', 'X2']"
1809,xgb_shap_list_ir_5,xgb_shap_list_ir_5_subset_2,orderMean,"['X4', 'X5', 'X6', 'X1', 'X2', 'X3']"
1810,xgb_shap_list_ir_5,xgb_shap_list_ir_5_subset_2,orderStd,"['X5', 'X4', 'X2', 'X1', 'X6', 'X3']"
1811,xgb_shap_list_ir_5,xgb_shap_list_ir_5_subset_2,orderSum,"['X4', 'X5', 'X6', 'X1', 'X2', 'X3']"
1812,xgb_shap_list_ir_5,xgb_shap_list_ir_5_subset_98,orderMean,"['X4', 'X5', 'X6', 'X1', 'X2', 'X3']"
1813,xgb_shap_list_ir_5,xgb_shap_list_ir_5_subset_98,orderStd,"['X2', 'X5', 'X4', 'X1', 'X6', 'X3']"
1814,xgb_shap_list_ir_5,xgb_shap_list_ir_5_subset_98,orderSum,"['X4', 'X5', 'X6', 'X1', 'X2', 'X3']"
1815,xgb_shap_list_ir_4,xgb_shap_list_ir_4_subset_28,orderMean,"['X5', 'X4', 'X1', 'X6', 'X3', 'X2']"
1816,xgb_shap_list_ir_4,xgb_shap_list_ir_4_subset_28,orderStd,"['X5', 'X2', 'X1', 'X4', 'X6', 'X3']"
1817,xgb_shap_list_ir_4,xgb_shap_list_ir_4_subset_28,orderSum,"['X5', 'X4', 'X1', 'X6', 'X3', 'X2']"
1818,xgb_shap_list_ir_2,xgb_shap_list_ir_2_subset_80,orderMean,"['X4', 'X5', 'X6', 'X1', 'X3', 'X2']"
1819,xgb_shap_list_ir_2,xgb_shap_list_ir_2_subset_80,orderStd,"['X5', 'X4', 'X1', 'X2', 'X6', 'X3']"
1820,xgb_shap_list_ir_2,xgb_shap_list_ir_2_subset_80,orderSum,"['X4', 'X5', 'X6', 'X1', 'X3', 'X2']"
1821,xgb_shap_list_ir_3,xgb_shap_list_ir_3_subset_105,orderMean,"['X4', 'X6', 'X5', 'X1', 'X3', 'X2']"
1822,xgb_shap_list_ir_3,xgb_shap_list_ir_3_subset_105,orderStd,"['X4', 'X5', 'X6', 'X1', 'X2', 'X3']"
1823,xgb_shap_list_ir_3,xgb_shap_list_ir_3_subset_105,orderSum,"['X4', 'X6', 'X5', 'X1', 'X3', 'X2']"
1824,xgb_shap_list_ir_5,xgb_shap_list_ir_5_subset_144,orderMean,"['X4', 'X5', 'X6', 'X3', 'X1', 'X2']"
1825,xgb_shap_list_ir_5,xgb_shap_list_ir_5_subset_144,orderStd,"['X5', 'X4', 'X2', 'X6', 'X1', 'X3']"
1826,xgb_shap_list_ir_5,xgb_shap_list_ir_5_subset_144,orderSum,"['X4', 'X5', 'X6', 'X3', 'X1', 'X2']"
1827,xgb_shap_list_ir_3,xgb_shap_list_ir_3_subset_64,orderMean,"['X4', 'X5', 'X1', 'X3', 'X2', 'X6']"
1828,xgb_shap_list_ir_3,xgb_shap_list_ir_3_subset_64,orderStd,"['X5', 'X4', 'X2', 'X1', 'X6', 'X3']"
1829,xgb_shap_list_ir_3,xgb_shap_list_ir_3_subset_64,orderSum,"['X4', 'X5', 'X1', 'X3', 'X2', 'X6']"
1830,xgb_shap_list_ir_4,xgb_shap_list_ir_4_subset_74,orderMean,"['X4', 'X5', 'X1', 'X6', 'X2', 'X3']"
1831,xgb_shap_list_ir_4,xgb_shap_list_ir_4_subset_74,orderStd,"['X5', 'X4', 'X6', 'X1', 'X2', 'X3']"
1832,xgb_shap_list_ir_4,xgb_shap_list_ir_4_subset_74,orderSum,"['X4', 'X5', 'X1', 'X6', 'X2', 'X3']"
1833,xgb_shap_list_ir_1,xgb_shap_list_ir_1_subset_97,orderMean,"['X1', 'X6', 'X3', 'X5', 'X4', 'X2']"
1834,xgb_shap_list_ir_1,xgb_shap_list_ir_1_subset_97,orderStd,"['X1', 'X3', 'X5', 'X2', 'X6', 'X4']"
1835,xgb_shap_list_ir_1,xgb_shap_list_ir_1_subset_97,orderSum,"['X1', 'X6', 'X3', 'X5', 'X4', 'X2']"
1836,xgb_shap_list_ir_2,xgb_shap_list_ir_2_subset_143,orderMean,"['X4', 'X3', 'X6', 'X5', 'X2', 'X1']"
1837,xgb_shap_list_ir_2,xgb_shap_list_ir_2_subset_143,orderStd,"['X2', 'X4', 'X5', 'X1', 'X6', 'X3']"
1838,xgb_shap_list_ir_2,xgb_shap_list_ir_2_subset_143,orderSum,"['X4', 'X3', 'X6', 'X5', 'X2', 'X1']"
1839,xgb_shap_list_ir_2,xgb_shap_list_ir_2_subset_57,orderMean,"['X4', 'X3', 'X5', 'X6', 'X2', 'X1']"
1840,xgb_shap_list_ir_2,xgb_shap_list_ir_2_subset_57,orderStd,"['X3', 'X4', 'X5', 'X1', 'X6', 'X2']"
1841,xgb_shap_list_ir_2,xgb_shap_list_ir_2_subset_57,orderSum,"['X4', 'X3', 'X5', 'X6', 'X2', 'X1']"
1842,xgb_shap_list_ir_3,xgb_shap_list_ir_3_subset_110,orderMean,"['X4', 'X6', 'X1', 'X5', 'X3', 'X2']"
1843,xgb_shap_list_ir_3,xgb_shap_list_ir_3_subset_110,orderStd,"['X5', 'X2', 'X1', 'X4', 'X6', 'X3']"
1844,xgb_shap_list_ir_3,xgb_shap_list_ir_3_subset_110,orderSum,"['X4', 'X6', 'X1', 'X5', 'X3', 'X2']"
1845,xgb_shap_list_ir_1,xgb_shap_list_ir_1_subset_18,orderMean,"['X4', 'X6', 'X5', 'X2', 'X3', 'X1']"
1846,xgb_shap_list_ir_1,xgb_shap_list_ir_1_subset_18,orderStd,"['X6', 'X5', 'X4', 'X2', 'X3', 'X1']"
1847,xgb_shap_list_ir_1,xgb_shap_list_ir_1_subset_18,orderSum,"['X4', 'X6', 'X5', 'X2', 'X3', 'X1']"
1848,xgb_shap_list_ir_2,xgb_shap_list_ir_2_subset_97,orderMean,"['X4', 'X6', 'X5', 'X3', 'X1', 'X2']"
1849,xgb_shap_list_ir_2,xgb_shap_list_ir_2_subset_97,orderStd,"['X5', 'X6', 'X4', 'X3', 'X1', 'X2']"
1850,xgb_shap_list_ir_2,xgb_shap_list_ir_2_subset_97,orderSum,"['X4', 'X6', 'X5', 'X3', 'X1', 'X2']"
1851,xgb_shap_list_ir_4,xgb_shap_list_ir_4_subset_63,orderMean,"['X4', 'X5', 'X6', 'X3', 'X1', 'X2']"
1852,xgb_shap_list_ir_4,xgb_shap_list_ir_4_subset_63,orderStd,"['X5', 'X4', 'X1', 'X6', 'X3', 'X2']"
1853,xgb_shap_list_ir_4,xgb_shap_list_ir_4_subset_63,orderSum,"['X4', 'X5', 'X6', 'X3', 'X1', 'X2']"
1854,xgb_shap_list_ir_2,xgb_shap_list_ir_2_subset_114,orderMean,"['X5', 'X4', 'X3', 'X6', 'X2', 'X1']"
1855,xgb_shap_list_ir_2,xgb_shap_list_ir_2_subset_114,orderStd,"['X2', 'X5', 'X3', 'X6', 'X4', 'X1']"
1856,xgb_shap_list_ir_2,xgb_shap_list_ir_2_subset_114,orderSum,"['X5', 'X4', 'X3', 'X6', 'X2', 'X1']"
1857,xgb_shap_list_ir_3,xgb_shap_list_ir_3_subset_46,orderMean,"['X4', 'X5', 'X1', 'X6', 'X2', 'X3']"
1858,xgb_shap_list_ir_3,xgb_shap_list_ir_3_subset_46,orderStd,"['X2', 'X5', 'X6', 'X4', 'X1', 'X3']"
1859,xgb_shap_list_ir_3,xgb_shap_list_ir_3_subset_46,orderSum,"['X4', 'X5', 'X1', 'X6', 'X2', 'X3']"
1860,xgb_shap_list_ir_1,xgb_shap_list_ir_1_subset_138,orderMean,"['X4', 'X5', 'X6', 'X2', 'X3', 'X1']"
1861,xgb_shap_list_ir_1,xgb_shap_list_ir_1_subset_138,orderStd,"['X4', 'X3', 'X5', 'X2', 'X6', 'X1']"
1862,xgb_shap_list_ir_1,xgb_shap_list_ir_1_subset_138,orderSum,"['X4', 'X5', 'X6', 'X2', 'X3', 'X1']"
1863,xgb_shap_list_ir_4,xgb_shap_list_ir_4_subset_15,orderMean,"['X4', 'X5', 'X3', 'X1', 'X2', 'X6']"
1864,xgb_shap_list_ir_4,xgb_shap_list_ir_4_subset_15,orderStd,"['X5', 'X4', 'X1', 'X2', 'X3', 'X6']"
1865,xgb_shap_list_ir_4,xgb_shap_list_ir_4_subset_15,orderSum,"['X4', 'X5', 'X3', 'X1', 'X2', 'X6']"
1866,xgb_shap_list_ir_4,xgb_shap_list_ir_4_subset_3,orderMean,"['X4', 'X5', 'X6', 'X3', 'X1', 'X2']"
1867,xgb_shap_list_ir_4,xgb_shap_list_ir_4_subset_3,orderStd,"['X5', 'X4', 'X2', 'X6', 'X3', 'X1']"
1868,xgb_shap_list_ir_4,xgb_shap_list_ir_4_subset_3,orderSum,"['X4', 'X5', 'X6', 'X3', 'X1', 'X2']"
1869,xgb_shap_list_ir_1,xgb_shap_list_ir_1_subset_127,orderMean,"['X5', 'X6', 'X1', 'X4', 'X2', 'X3']"
1870,xgb_shap_list_ir_1,xgb_shap_list_ir_1_subset_127,orderStd,"['X2', 'X1', 'X6', 'X5', 'X4', 'X3']"
1871,xgb_shap_list_ir_1,xgb_shap_list_ir_1_subset_127,orderSum,"['X5', 'X6', 'X1', 'X4', 'X2', 'X3']"
1872,xgb_shap_list_ir_4,xgb_shap_list_ir_4_subset_142,orderMean,"['X5', 'X4', 'X6', 'X1', 'X3', 'X2']"
1873,xgb_shap_list_ir_4,xgb_shap_list_ir_4_subset_142,orderStd,"['X5', 'X4', 'X2', 'X1', 'X6', 'X3']"
1874,xgb_shap_list_ir_4,xgb_shap_list_ir_4_subset_142,orderSum,"['X5', 'X4', 'X6', 'X1', 'X3', 'X2']"
1875,xgb_shap_list_ir_5,xgb_shap_list_ir_5_subset_77,orderMean,"['X4', 'X6', 'X5', 'X1', 'X3', 'X2']"
1876,xgb_shap_list_ir_5,xgb_shap_list_ir_5_subset_77,orderStd,"['X5', 'X4', 'X6', 'X2', 'X1', 'X3']"
1877,xgb_shap_list_ir_5,xgb_shap_list_ir_5_subset_77,orderSum,"['X4', 'X6', 'X5', 'X1', 'X3', 'X2']"
1878,xgb_shap_list_ir_2,xgb_shap_list_ir_2_subset_130,orderMean,"['X1', 'X5', 'X4', 'X6', 'X2', 'X3']"
1879,xgb_shap_list_ir_2,xgb_shap_list_ir_2_subset_130,orderStd,"['X1', 'X5', 'X2', 'X6', 'X4', 'X3']"
1880,xgb_shap_list_ir_2,xgb_shap_list_ir_2_subset_130,orderSum,"['X1', 'X5', 'X4', 'X6', 'X2', 'X3']"
1881,xgb_shap_list_ir_4,xgb_shap_list_ir_4_subset_84,orderMean,"['X4', 'X5', 'X3', 'X1', 'X6', 'X2']"
1882,xgb_shap_list_ir_4,xgb_shap_list_ir_4_subset_84,orderStd,"['X5', 'X2', 'X4', 'X1', 'X6', 'X3']"
1883,xgb_shap_list_ir_4,xgb_shap_list_ir_4_subset_84,orderSum,"['X4', 'X5', 'X3', 'X1', 'X6', 'X2']"
1884,xgb_shap_list_ir_4,xgb_shap_list_ir_4_subset_53,orderMean,"['X4', 'X5', 'X6', 'X1', 'X3', 'X2']"
1885,xgb_shap_list_ir_4,xgb_shap_list_ir_4_subset_53,orderStd,"['X5', 'X4', 'X6', 'X2', 'X1', 'X3']"
1886,xgb_shap_list_ir_4,xgb_shap_list_ir_4_subset_53,orderSum,"['X4', 'X5', 'X6', 'X1', 'X3', 'X2']"
1887,xgb_shap_list_ir_1,xgb_shap_list_ir_1_subset_102,orderMean,"['X3', 'X5', 'X4', 'X1', 'X6', 'X2']"
1888,xgb_shap_list_ir_1,xgb_shap_list_ir_1_subset_102,orderStd,"['X5', 'X4', 'X3', 'X6', 'X1', 'X2']"
1889,xgb_shap_list_ir_1,xgb_shap_list_ir_1_subset_102,orderSum,"['X3', 'X5', 'X4', 'X1', 'X6', 'X2']"
1890,xgb_shap_list_ir_5,xgb_shap_list_ir_5_subset_111,orderMean,"['X4', 'X5', 'X6', 'X1', 'X2', 'X3']"
1891,xgb_shap_list_ir_5,xgb_shap_list_ir_5_subset_111,orderStd,"['X5', 'X4', 'X2', 'X6', 'X1', 'X3']"
1892,xgb_shap_list_ir_5,xgb_shap_list_ir_5_subset_111,orderSum,"['X4', 'X5', 'X6', 'X1', 'X2', 'X3']"
1893,xgb_shap_list_ir_2,xgb_shap_list_ir_2_subset_125,orderMean,"['X4', 'X3', 'X6', 'X1', 'X5', 'X2']"
1894,xgb_shap_list_ir_2,xgb_shap_list_ir_2_subset_125,orderStd,"['X4', 'X3', 'X1', 'X5', 'X6', 'X2']"
1895,xgb_shap_list_ir_2,xgb_shap_list_ir_2_subset_125,orderSum,"['X4', 'X3', 'X6', 'X1', 'X5', 'X2']"
1896,xgb_shap_list_ir_5,xgb_shap_list_ir_5_subset_89,orderMean,"['X5', 'X4', 'X6', 'X3', 'X1', 'X2']"
1897,xgb_shap_list_ir_5,xgb_shap_list_ir_5_subset_89,orderStd,"['X5', 'X4', 'X6', 'X2', 'X1', 'X3']"
1898,xgb_shap_list_ir_5,xgb_shap_list_ir_5_subset_89,orderSum,"['X5', 'X4', 'X6', 'X3', 'X1', 'X2']"
1899,xgb_shap_list_ir_2,xgb_shap_list_ir_2_subset_113,orderMean,"['X4', 'X5', 'X1', 'X3', 'X6', 'X2']"
1900,xgb_shap_list_ir_2,xgb_shap_list_ir_2_subset_113,orderStd,"['X5', 'X4', 'X1', 'X2', 'X6', 'X3']"
1901,xgb_shap_list_ir_2,xgb_shap_list_ir_2_subset_113,orderSum,"['X4', 'X5', 'X1', 'X3', 'X6', 'X2']"
1902,xgb_shap_list_ir_4,xgb_shap_list_ir_4_subset_110,orderMean,"['X5', 'X4', 'X1', 'X6', 'X2', 'X3']"
1903,xgb_shap_list_ir_4,xgb_shap_list_ir_4_subset_110,orderStd,"['X5', 'X6', 'X2', 'X4', 'X1', 'X3']"
1904,xgb_shap_list_ir_4,xgb_shap_list_ir_4_subset_110,orderSum,"['X5', 'X4', 'X1', 'X6', 'X2', 'X3']"
1905,xgb_shap_list_ir_2,xgb_shap_list_ir_2_subset_18,orderMean,"['X4', 'X5', 'X2', 'X6', 'X1', 'X3']"
1906,xgb_shap_list_ir_2,xgb_shap_list_ir_2_subset_18,orderStd,"['X2', 'X4', 'X1', 'X5', 'X6', 'X3']"
1907,xgb_shap_list_ir_2,xgb_shap_list_ir_2_subset_18,orderSum,"['X4', 'X5', 'X2', 'X6', 'X1', 'X3']"
1908,xgb_shap_list_ir_3,xgb_shap_list_ir_3_subset_2,orderMean,"['X4', 'X1', 'X5', 'X6', 'X3', 'X2']"
1909,xgb_shap_list_ir_3,xgb_shap_list_ir_3_subset_2,orderStd,"['X4', 'X5', 'X1', 'X2', 'X6', 'X3']"
1910,xgb_shap_list_ir_3,xgb_shap_list_ir_3_subset_2,orderSum,"['X4', 'X1', 'X5', 'X6', 'X3', 'X2']"
1911,xgb_shap_list_ir_4,xgb_shap_list_ir_4_subset_52,orderMean,"['X4', 'X5', 'X6', 'X1', 'X2', 'X3']"
1912,xgb_shap_list_ir_4,xgb_shap_list_ir_4_subset_52,orderStd,"['X5', 'X4', 'X2', 'X1', 'X6', 'X3']"
1913,xgb_shap_list_ir_4,xgb_shap_list_ir_4_subset_52,orderSum,"['X4', 'X5', 'X6', 'X1', 'X2', 'X3']"
1914,xgb_shap_list_ir_3,xgb_shap_list_ir_3_subset_10,orderMean,"['X4', 'X5', 'X1', 'X3', 'X2', 'X6']"
1915,xgb_shap_list_ir_3,xgb_shap_list_ir_3_subset_10,orderStd,"['X5', 'X4', 'X1', 'X3', 'X6', 'X2']"
1916,xgb_shap_list_ir_3,xgb_shap_list_ir_3_subset_10,orderSum,"['X4', 'X5', 'X1', 'X3', 'X2', 'X6']"
1917,xgb_shap_list_ir_1,xgb_shap_list_ir_1_subset_126,orderMean,"['X4', 'X6', 'X5', 'X3', 'X2', 'X1']"
1918,xgb_shap_list_ir_1,xgb_shap_list_ir_1_subset_126,orderStd,"['X4', 'X1', 'X6', 'X2', 'X3', 'X5']"
1919,xgb_shap_list_ir_1,xgb_shap_list_ir_1_subset_126,orderSum,"['X4', 'X6', 'X5', 'X3', 'X2', 'X1']"
1920,xgb_shap_list_ir_1,xgb_shap_list_ir_1_subset_123,orderMean,"['X4', 'X6', 'X5', 'X1', 'X3', 'X2']"
1921,xgb_shap_list_ir_1,xgb_shap_list_ir_1_subset_123,orderStd,"['X4', 'X6', 'X2', 'X1', 'X3', 'X5']"
1922,xgb_shap_list_ir_1,xgb_shap_list_ir_1_subset_123,orderSum,"['X4', 'X6', 'X5', 'X1', 'X3', 'X2']"
1923,xgb_shap_list_ir_5,xgb_shap_list_ir_5_subset_51,orderMean,"['X4', 'X5', 'X1', 'X6', 'X2', 'X3']"
1924,xgb_shap_list_ir_5,xgb_shap_list_ir_5_subset_51,orderStd,"['X5', 'X4', 'X2', 'X1', 'X6', 'X3']"
1925,xgb_shap_list_ir_5,xgb_shap_list_ir_5_subset_51,orderSum,"['X4', 'X5', 'X1', 'X6', 'X2', 'X3']"
1926,xgb_shap_list_ir_4,xgb_shap_list_ir_4_subset_143,orderMean,"['X4', 'X5', 'X6', 'X1', 'X2', 'X3']"
1927,xgb_shap_list_ir_4,xgb_shap_list_ir_4_subset_143,orderStd,"['X5', 'X2', 'X4', 'X1', 'X6', 'X3']"
1928,xgb_shap_list_ir_4,xgb_shap_list_ir_4_subset_143,orderSum,"['X4', 'X5', 'X6', 'X1', 'X2', 'X3']"
1929,xgb_shap_list_ir_4,xgb_shap_list_ir_4_subset_14,orderMean,"['X4', 'X5', 'X6', 'X3', 'X1', 'X2']"
1930,xgb_shap_list_ir_4,xgb_shap_list_ir_4_subset_14,orderStd,"['X5', 'X4', 'X2', 'X1', 'X6', 'X3']"
1931,xgb_shap_list_ir_4,xgb_shap_list_ir_4_subset_14,orderSum,"['X4', 'X5', 'X6', 'X3', 'X1', 'X2']"
1932,xgb_shap_list_ir_3,xgb_shap_list_ir_3_subset_86,orderMean,"['X4', 'X5', 'X6', 'X2', 'X1', 'X3']"
1933,xgb_shap_list_ir_3,xgb_shap_list_ir_3_subset_86,orderStd,"['X5', 'X4', 'X2', 'X3', 'X1', 'X6']"
1934,xgb_shap_list_ir_3,xgb_shap_list_ir_3_subset_86,orderSum,"['X4', 'X5', 'X6', 'X2', 'X1', 'X3']"
1935,xgb_shap_list_ir_5,xgb_shap_list_ir_5_subset_94,orderMean,"['X4', 'X5', 'X2', 'X6', 'X1', 'X3']"
1936,xgb_shap_list_ir_5,xgb_shap_list_ir_5_subset_94,orderStd,"['X5', 'X2', 'X4', 'X1', 'X6', 'X3']"
1937,xgb_shap_list_ir_5,xgb_shap_list_ir_5_subset_94,orderSum,"['X4', 'X5', 'X2', 'X6', 'X1', 'X3']"
1938,xgb_shap_list_ir_5,xgb_shap_list_ir_5_subset_61,orderMean,"['X4', 'X5', 'X6', 'X3', 'X2', 'X1']"
1939,xgb_shap_list_ir_5,xgb_shap_list_ir_5_subset_61,orderStd,"['X5', 'X4', 'X2', 'X1', 'X6', 'X3']"
1940,xgb_shap_list_ir_5,xgb_shap_list_ir_5_subset_61,orderSum,"['X4', 'X5', 'X6', 'X3', 'X2', 'X1']"
1941,xgb_shap_list_ir_1,xgb_shap_list_ir_1_subset_20,orderMean,"['X5', 'X4', 'X1', 'X2', 'X6', 'X3']"
1942,xgb_shap_list_ir_1,xgb_shap_list_ir_1_subset_20,orderStd,"['X5', 'X1', 'X2', 'X4', 'X6', 'X3']"
1943,xgb_shap_list_ir_1,xgb_shap_list_ir_1_subset_20,orderSum,"['X5', 'X4', 'X1', 'X2', 'X6', 'X3']"
1944,xgb_shap_list_ir_1,xgb_shap_list_ir_1_subset_116,orderMean,"['X4', 'X6', 'X2', 'X5', 'X3', 'X1']"
1945,xgb_shap_list_ir_1,xgb_shap_list_ir_1_subset_116,orderStd,"['X2', 'X4', 'X6', 'X3', 'X5', 'X1']"
1946,xgb_shap_list_ir_1,xgb_shap_list_ir_1_subset_116,orderSum,"['X4', 'X6', 'X2', 'X5', 'X3', 'X1']"
1947,xgb_shap_list_ir_5,xgb_shap_list_ir_5_subset_62,orderMean,"['X4', 'X5', 'X6', 'X2', 'X3', 'X1']"
1948,xgb_shap_list_ir_5,xgb_shap_list_ir_5_subset_62,orderStd,"['X5', 'X2', 'X4', 'X6', 'X1', 'X3']"
1949,xgb_shap_list_ir_5,xgb_shap_list_ir_5_subset_62,orderSum,"['X4', 'X5', 'X6', 'X2', 'X3', 'X1']"
1950,xgb_shap_list_ir_2,xgb_shap_list_ir_2_subset_124,orderMean,"['X5', 'X4', 'X1', 'X2', 'X6', 'X3']"
1951,xgb_shap_list_ir_2,xgb_shap_list_ir_2_subset_124,orderStd,"['X5', 'X2', 'X6', 'X4', 'X3', 'X1']"
1952,xgb_shap_list_ir_2,xgb_shap_list_ir_2_subset_124,orderSum,"['X5', 'X4', 'X1', 'X2', 'X6', 'X3']"
1953,xgb_shap_list_ir_1,xgb_shap_list_ir_1_subset_11,orderMean,"['X4', 'X5', 'X2', 'X1', 'X6', 'X3']"
1954,xgb_shap_list_ir_1,xgb_shap_list_ir_1_subset_11,orderStd,"['X5', 'X1', 'X4', 'X2', 'X6', 'X3']"
1955,xgb_shap_list_ir_1,xgb_shap_list_ir_1_subset_11,orderSum,"['X4', 'X5', 'X2', 'X1', 'X6', 'X3']"
1956,xgb_shap_list_ir_2,xgb_shap_list_ir_2_subset_39,orderMean,"['X5', 'X1', 'X2', 'X4', 'X6', 'X3']"
1957,xgb_shap_list_ir_2,xgb_shap_list_ir_2_subset_39,orderStd,"['X5', 'X2', 'X1', 'X4', 'X6', 'X3']"
1958,xgb_shap_list_ir_2,xgb_shap_list_ir_2_subset_39,orderSum,"['X5', 'X1', 'X2', 'X4', 'X6', 'X3']"
1959,xgb_shap_list_ir_3,xgb_shap_list_ir_3_subset_3,orderMean,"['X1', 'X5', 'X4', 'X2', 'X6', 'X3']"
1960,xgb_shap_list_ir_3,xgb_shap_list_ir_3_subset_3,orderStd,"['X2', 'X5', 'X1', 'X4', 'X6', 'X3']"
1961,xgb_shap_list_ir_3,xgb_shap_list_ir_3_subset_3,orderSum,"['X1', 'X5', 'X4', 'X2', 'X6', 'X3']"
1962,xgb_shap_list_ir_5,xgb_shap_list_ir_5_subset_118,orderMean,"['X4', 'X5', 'X1', 'X3', 'X6', 'X2']"
1963,xgb_shap_list_ir_5,xgb_shap_list_ir_5_subset_118,orderStd,"['X5', 'X2', 'X1', 'X4', 'X6', 'X3']"
1964,xgb_shap_list_ir_5,xgb_shap_list_ir_5_subset_118,orderSum,"['X4', 'X5', 'X1', 'X3', 'X6', 'X2']"
1965,xgb_shap_list_ir_3,xgb_shap_list_ir_3_subset_130,orderMean,"['X5', 'X4', 'X1', 'X6', 'X2', 'X3']"
1966,xgb_shap_list_ir_3,xgb_shap_list_ir_3_subset_130,orderStd,"['X5', 'X4', 'X1', 'X6', 'X2', 'X3']"
1967,xgb_shap_list_ir_3,xgb_shap_list_ir_3_subset_130,orderSum,"['X5', 'X4', 'X1', 'X6', 'X2', 'X3']"
1968,xgb_shap_list_ir_3,xgb_shap_list_ir_3_subset_142,orderMean,"['X1', 'X6', 'X5', 'X4', 'X2', 'X3']"
1969,xgb_shap_list_ir_3,xgb_shap_list_ir_3_subset_142,orderStd,"['X1', 'X5', 'X6', 'X2', 'X4', 'X3']"
1970,xgb_shap_list_ir_3,xgb_shap_list_ir_3_subset_142,orderSum,"['X1', 'X6', 'X5', 'X4', 'X2', 'X3']"
1971,xgb_shap_list_ir_1,xgb_shap_list_ir_1_subset_45,orderMean,"['X6', 'X4', 'X5', 'X1', 'X3', 'X2']"
1972,xgb_shap_list_ir_1,xgb_shap_list_ir_1_subset_45,orderStd,"['X1', 'X6', 'X5', 'X4', 'X3', 'X2']"
1973,xgb_shap_list_ir_1,xgb_shap_list_ir_1_subset_45,orderSum,"['X6', 'X4', 'X5', 'X1', 'X3', 'X2']"
1974,xgb_shap_list_ir_4,xgb_shap_list_ir_4_subset_34,orderMean,"['X4', 'X5', 'X6', 'X2', 'X1', 'X3']"
1975,xgb_shap_list_ir_4,xgb_shap_list_ir_4_subset_34,orderStd,"['X5', 'X4', 'X2', 'X6', 'X1', 'X3']"
1976,xgb_shap_list_ir_4,xgb_shap_list_ir_4_subset_34,orderSum,"['X4', 'X5', 'X6', 'X2', 'X1', 'X3']"
1977,xgb_shap_list_ir_1,xgb_shap_list_ir_1_subset_16,orderMean,"['X4', 'X2', 'X5', 'X6', 'X1', 'X3']"
1978,xgb_shap_list_ir_1,xgb_shap_list_ir_1_subset_16,orderStd,"['X5', 'X1', 'X4', 'X2', 'X6', 'X3']"
1979,xgb_shap_list_ir_1,xgb_shap_list_ir_1_subset_16,orderSum,"['X4', 'X2', 'X5', 'X6', 'X1', 'X3']"
1980,xgb_shap_list_ir_1,xgb_shap_list_ir_1_subset_106,orderMean,"['X1', 'X5', 'X4', 'X2', 'X6', 'X3']"
1981,xgb_shap_list_ir_1,xgb_shap_list_ir_1_subset_106,orderStd,"['X2', 'X1', 'X5', 'X6', 'X4', 'X3']"
1982,xgb_shap_list_ir_1,xgb_shap_list_ir_1_subset_106,orderSum,"['X1', 'X5', 'X4', 'X2', 'X6', 'X3']"
1983,xgb_shap_list_ir_1,xgb_shap_list_ir_1_subset_22,orderMean,"['X4', 'X5', 'X1', 'X6', 'X2', 'X3']"
1984,xgb_shap_list_ir_1,xgb_shap_list_ir_1_subset_22,orderStd,"['X4', 'X5', 'X1', 'X6', 'X2', 'X3']"
1985,xgb_shap_list_ir_1,xgb_shap_list_ir_1_subset_22,orderSum,"['X4', 'X5', 'X1', 'X6', 'X2', 'X3']"
1986,xgb_shap_list_ir_2,xgb_shap_list_ir_2_subset_139,orderMean,"['X5', 'X4', 'X6', 'X1', 'X2', 'X3']"
1987,xgb_shap_list_ir_2,xgb_shap_list_ir_2_subset_139,orderStd,"['X5', 'X1', 'X4', 'X2', 'X6', 'X3']"
1988,xgb_shap_list_ir_2,xgb_shap_list_ir_2_subset_139,orderSum,"['X5', 'X4', 'X6', 'X1', 'X2', 'X3']"
1989,xgb_shap_list_ir_3,xgb_shap_list_ir_3_subset_11,orderMean,"['X4', 'X5', 'X3', 'X6', 'X2', 'X1']"
1990,xgb_shap_list_ir_3,xgb_shap_list_ir_3_subset_11,orderStd,"['X5', 'X2', 'X4', 'X3', 'X1', 'X6']"
1991,xgb_shap_list_ir_3,xgb_shap_list_ir_3_subset_11,orderSum,"['X4', 'X5', 'X3', 'X6', 'X2', 'X1']"
1992,xgb_shap_list_ir_3,xgb_shap_list_ir_3_subset_113,orderMean,"['X5', 'X4', 'X6', 'X1', 'X2', 'X3']"
1993,xgb_shap_list_ir_3,xgb_shap_list_ir_3_subset_113,orderStd,"['X1', 'X5', 'X4', 'X2', 'X6', 'X3']"
1994,xgb_shap_list_ir_3,xgb_shap_list_ir_3_subset_113,orderSum,"['X5', 'X4', 'X6', 'X1', 'X2', 'X3']"
1995,xgb_shap_list_ir_5,xgb_shap_list_ir_5_subset_7,orderMean,"['X4', 'X5', 'X2', 'X1', 'X6', 'X3']"
1996,xgb_shap_list_ir_5,xgb_shap_list_ir_5_subset_7,orderStd,"['X5', 'X2', 'X4', 'X1', 'X6', 'X3']"
1997,xgb_shap_list_ir_5,xgb_shap_list_ir_5_subset_7,orderSum,"['X4', 'X5', 'X2', 'X1', 'X6', 'X3']"
1998,xgb_shap_list_ir_2,xgb_shap_list_ir_2_subset_148,orderMean,"['X5', 'X4', 'X6', 'X1', 'X3', 'X2']"
1999,xgb_shap_list_ir_2,xgb_shap_list_ir_2_subset_148,orderStd,"['X5', 'X4', 'X6', 'X1', 'X2', 'X3']"
2000,xgb_shap_list_ir_2,xgb_shap_list_ir_2_subset_148,orderSum,"['X5', 'X4', 'X6', 'X1', 'X3', 'X2']"
2001,xgb_shap_list_ir_4,xgb_shap_list_ir_4_subset_23,orderMean,"['X4', 'X5', 'X6', 'X2', 'X1', 'X3']"
2002,xgb_shap_list_ir_4,xgb_shap_list_ir_4_subset_23,orderStd,"['X5', 'X4', 'X2', 'X1', 'X6', 'X3']"
2003,xgb_shap_list_ir_4,xgb_shap_list_ir_4_subset_23,orderSum,"['X4', 'X5', 'X6', 'X2', 'X1', 'X3']"
2004,xgb_shap_list_ir_5,xgb_shap_list_ir_5_subset_86,orderMean,"['X4', 'X5', 'X6', 'X1', 'X2', 'X3']"
2005,xgb_shap_list_ir_5,xgb_shap_list_ir_5_subset_86,orderStd,"['X5', 'X4', 'X2', 'X6', 'X1', 'X3']"
2006,xgb_shap_list_ir_5,xgb_shap_list_ir_5_subset_86,orderSum,"['X4', 'X5', 'X6', 'X1', 'X2', 'X3']"
2007,xgb_shap_list_ir_1,xgb_shap_list_ir_1_subset_51,orderMean,"['X4', 'X1', 'X6', 'X2', 'X5', 'X3']"
2008,xgb_shap_list_ir_1,xgb_shap_list_ir_1_subset_51,orderStd,"['X2', 'X1', 'X6', 'X4', 'X3', 'X5']"
2009,xgb_shap_list_ir_1,xgb_shap_list_ir_1_subset_51,orderSum,"['X4', 'X1', 'X6', 'X2', 'X5', 'X3']"
2010,xgb_shap_list_ir_5,xgb_shap_list_ir_5_subset_5,orderMean,"['X4', 'X5', 'X6', 'X1', 'X3', 'X2']"
2011,xgb_shap_list_ir_5,xgb_shap_list_ir_5_subset_5,orderStd,"['X5', 'X4', 'X2', 'X1', 'X6', 'X3']"
2012,xgb_shap_list_ir_5,xgb_shap_list_ir_5_subset_5,orderSum,"['X4', 'X5', 'X6', 'X1', 'X3', 'X2']"
2013,xgb_shap_list_ir_3,xgb_shap_list_ir_3_subset_8,orderMean,"['X4', 'X5', 'X6', 'X3', 'X1', 'X2']"
2014,xgb_shap_list_ir_3,xgb_shap_list_ir_3_subset_8,orderStd,"['X4', 'X5', 'X3', 'X1', 'X2', 'X6']"
2015,xgb_shap_list_ir_3,xgb_shap_list_ir_3_subset_8,orderSum,"['X4', 'X5', 'X6', 'X3', 'X1', 'X2']"
2016,xgb_shap_list_ir_4,xgb_shap_list_ir_4_subset_40,orderMean,"['X4', 'X5', 'X6', 'X1', 'X2', 'X3']"
2017,xgb_shap_list_ir_4,xgb_shap_list_ir_4_subset_40,orderStd,"['X4', 'X5', 'X2', 'X1', 'X6', 'X3']"
2018,xgb_shap_list_ir_4,xgb_shap_list_ir_4_subset_40,orderSum,"['X4', 'X5', 'X6', 'X1', 'X2', 'X3']"
2019,xgb_shap_list_ir_2,xgb_shap_list_ir_2_subset_146,orderMean,"['X6', 'X4', 'X2', 'X3', 'X5', 'X1']"
2020,xgb_shap_list_ir_2,xgb_shap_list_ir_2_subset_146,orderStd,"['X2', 'X4', 'X6', 'X3', 'X5', 'X1']"
2021,xgb_shap_list_ir_2,xgb_shap_list_ir_2_subset_146,orderSum,"['X6', 'X4', 'X2', 'X3', 'X5', 'X1']"
2022,xgb_shap_list_ir_5,xgb_shap_list_ir_5_subset_126,orderMean,"['X5', 'X4', 'X6', 'X2', 'X1', 'X3']"
2023,xgb_shap_list_ir_5,xgb_shap_list_ir_5_subset_126,orderStd,"['X5', 'X4', 'X2', 'X6', 'X1', 'X3']"
2024,xgb_shap_list_ir_5,xgb_shap_list_ir_5_subset_126,orderSum,"['X5', 'X4', 'X6', 'X2', 'X1', 'X3']"
2025,xgb_shap_list_ir_4,xgb_shap_list_ir_4_subset_134,orderMean,"['X5', 'X4', 'X1', 'X6', 'X2', 'X3']"
2026,xgb_shap_list_ir_4,xgb_shap_list_ir_4_subset_134,orderStd,"['X5', 'X1', 'X6', 'X4', 'X2', 'X3']"
2027,xgb_shap_list_ir_4,xgb_shap_list_ir_4_subset_134,orderSum,"['X5', 'X4', 'X1', 'X6', 'X2', 'X3']"
2028,xgb_shap_list_ir_4,xgb_shap_list_ir_4_subset_80,orderMean,"['X4', 'X5', 'X2', 'X6', 'X3', 'X1']"
2029,xgb_shap_list_ir_4,xgb_shap_list_ir_4_subset_80,orderStd,"['X5', 'X2', 'X4', 'X1', 'X6', 'X3']"
2030,xgb_shap_list_ir_4,xgb_shap_list_ir_4_subset_80,orderSum,"['X4', 'X5', 'X2', 'X6', 'X3', 'X1']"
2031,xgb_shap_list_ir_3,xgb_shap_list_ir_3_subset_85,orderMean,"['X4', 'X5', 'X6', 'X3', 'X1', 'X2']"
2032,xgb_shap_list_ir_3,xgb_shap_list_ir_3_subset_85,orderStd,"['X5', 'X4', 'X2', 'X1', 'X6', 'X3']"
2033,xgb_shap_list_ir_3,xgb_shap_list_ir_3_subset_85,orderSum,"['X4', 'X5', 'X6', 'X3', 'X1', 'X2']"
2034,xgb_shap_list_ir_2,xgb_shap_list_ir_2_subset_93,orderMean,"['X5', 'X2', 'X1', 'X3', 'X4', 'X6']"
2035,xgb_shap_list_ir_2,xgb_shap_list_ir_2_subset_93,orderStd,"['X5', 'X1', 'X2', 'X4', 'X3', 'X6']"
2036,xgb_shap_list_ir_2,xgb_shap_list_ir_2_subset_93,orderSum,"['X5', 'X2', 'X1', 'X3', 'X4', 'X6']"
2037,xgb_shap_list_ir_4,xgb_shap_list_ir_4_subset_64,orderMean,"['X5', 'X4', 'X2', 'X1', 'X6', 'X3']"
2038,xgb_shap_list_ir_4,xgb_shap_list_ir_4_subset_64,orderStd,"['X5', 'X2', 'X4', 'X1', 'X6', 'X3']"
2039,xgb_shap_list_ir_4,xgb_shap_list_ir_4_subset_64,orderSum,"['X5', 'X4', 'X2', 'X1', 'X6', 'X3']"
2040,xgb_shap_list_ir_1,xgb_shap_list_ir_1_subset_105,orderMean,"['X1', 'X5', 'X2', 'X4', 'X6', 'X3']"
2041,xgb_shap_list_ir_1,xgb_shap_list_ir_1_subset_105,orderStd,"['X1', 'X2', 'X4', 'X5', 'X3', 'X6']"
2042,xgb_shap_list_ir_1,xgb_shap_list_ir_1_subset_105,orderSum,"['X1', 'X5', 'X2', 'X4', 'X6', 'X3']"
2043,xgb_shap_list_ir_4,xgb_shap_list_ir_4_subset_41,orderMean,"['X5', 'X4', 'X6', 'X3', 'X2', 'X1']"
2044,xgb_shap_list_ir_4,xgb_shap_list_ir_4_subset_41,orderStd,"['X5', 'X2', 'X4', 'X1', 'X6', 'X3']"
2045,xgb_shap_list_ir_4,xgb_shap_list_ir_4_subset_41,orderSum,"['X5', 'X4', 'X6', 'X3', 'X2', 'X1']"
2046,xgb_shap_list_ir_1,xgb_shap_list_ir_1_subset_26,orderMean,"['X5', 'X4', 'X2', 'X1', 'X3', 'X6']"
2047,xgb_shap_list_ir_1,xgb_shap_list_ir_1_subset_26,orderStd,"['X2', 'X1', 'X4', 'X5', 'X6', 'X3']"
2048,xgb_shap_list_ir_1,xgb_shap_list_ir_1_subset_26,orderSum,"['X5', 'X4', 'X2', 'X1', 'X3', 'X6']"
2049,xgb_shap_list_ir_5,xgb_shap_list_ir_5_subset_24,orderMean,"['X4', 'X5', 'X6', 'X1', 'X3', 'X2']"
2050,xgb_shap_list_ir_5,xgb_shap_list_ir_5_subset_24,orderStd,"['X5', 'X4', 'X1', 'X2', 'X6', 'X3']"
2051,xgb_shap_list_ir_5,xgb_shap_list_ir_5_subset_24,orderSum,"['X4', 'X5', 'X6', 'X1', 'X3', 'X2']"
2052,xgb_shap_list_ir_2,xgb_shap_list_ir_2_subset_88,orderMean,"['X4', 'X5', 'X3', 'X1', 'X2', 'X6']"
2053,xgb_shap_list_ir_2,xgb_shap_list_ir_2_subset_88,orderStd,"['X5', 'X2', 'X3', 'X4', 'X1', 'X6']"
2054,xgb_shap_list_ir_2,xgb_shap_list_ir_2_subset_88,orderSum,"['X4', 'X5', 'X3', 'X1', 'X2', 'X6']"
2055,xgb_shap_list_ir_2,xgb_shap_list_ir_2_subset_12,orderMean,"['X4', 'X6', 'X2', 'X1', 'X5', 'X3']"
2056,xgb_shap_list_ir_2,xgb_shap_list_ir_2_subset_12,orderStd,"['X4', 'X3', 'X6', 'X2', 'X1', 'X5']"
2057,xgb_shap_list_ir_2,xgb_shap_list_ir_2_subset_12,orderSum,"['X4', 'X6', 'X2', 'X1', 'X5', 'X3']"
2058,xgb_shap_list_ir_5,xgb_shap_list_ir_5_subset_122,orderMean,"['X4', 'X5', 'X3', 'X1', 'X6', 'X2']"
2059,xgb_shap_list_ir_5,xgb_shap_list_ir_5_subset_122,orderStd,"['X5', 'X4', 'X2', 'X6', 'X1', 'X3']"
2060,xgb_shap_list_ir_5,xgb_shap_list_ir_5_subset_122,orderSum,"['X4', 'X5', 'X3', 'X1', 'X6', 'X2']"
2061,xgb_shap_list_ir_3,xgb_shap_list_ir_3_subset_52,orderMean,"['X4', 'X5', 'X6', 'X3', 'X2', 'X1']"
2062,xgb_shap_list_ir_3,xgb_shap_list_ir_3_subset_52,orderStd,"['X5', 'X2', 'X4', 'X1', 'X6', 'X3']"
2063,xgb_shap_list_ir_3,xgb_shap_list_ir_3_subset_52,orderSum,"['X4', 'X5', 'X6', 'X3', 'X2', 'X1']"
2064,xgb_shap_list_ir_5,xgb_shap_list_ir_5_subset_70,orderMean,"['X4', 'X5', 'X6', 'X1', 'X3', 'X2']"
2065,xgb_shap_list_ir_5,xgb_shap_list_ir_5_subset_70,orderStd,"['X5', 'X4', 'X2', 'X1', 'X6', 'X3']"
2066,xgb_shap_list_ir_5,xgb_shap_list_ir_5_subset_70,orderSum,"['X4', 'X5', 'X6', 'X1', 'X3', 'X2']"
2067,xgb_shap_list_ir_1,xgb_shap_list_ir_1_subset_121,orderMean,"['X2', 'X5', 'X4', 'X1', 'X6', 'X3']"
2068,xgb_shap_list_ir_1,xgb_shap_list_ir_1_subset_121,orderStd,"['X2', 'X6', 'X1', 'X5', 'X4', 'X3']"
2069,xgb_shap_list_ir_1,xgb_shap_list_ir_1_subset_121,orderSum,"['X2', 'X5', 'X4', 'X1', 'X6', 'X3']"
2070,xgb_shap_list_ir_4,xgb_shap_list_ir_4_subset_47,orderMean,"['X4', 'X5', 'X1', 'X6', 'X2', 'X3']"
2071,xgb_shap_list_ir_4,xgb_shap_list_ir_4_subset_47,orderStd,"['X4', 'X5', 'X1', 'X2', 'X3', 'X6']"
2072,xgb_shap_list_ir_4,xgb_shap_list_ir_4_subset_47,orderSum,"['X4', 'X5', 'X1', 'X6', 'X2', 'X3']"
2073,xgb_shap_list_ir_5,xgb_shap_list_ir_5_subset_108,orderMean,"['X4', 'X5', 'X1', 'X6', 'X3', 'X2']"
2074,xgb_shap_list_ir_5,xgb_shap_list_ir_5_subset_108,orderStd,"['X5', 'X4', 'X2', 'X6', 'X1', 'X3']"
2075,xgb_shap_list_ir_5,xgb_shap_list_ir_5_subset_108,orderSum,"['X4', 'X5', 'X1', 'X6', 'X3', 'X2']"
2076,xgb_shap_list_ir_3,xgb_shap_list_ir_3_subset_111,orderMean,"['X4', 'X5', 'X6', 'X2', 'X1', 'X3']"
2077,xgb_shap_list_ir_3,xgb_shap_list_ir_3_subset_111,orderStd,"['X4', 'X5', 'X2', 'X1', 'X6', 'X3']"
2078,xgb_shap_list_ir_3,xgb_shap_list_ir_3_subset_111,orderSum,"['X4', 'X5', 'X6', 'X2', 'X1', 'X3']"
2079,xgb_shap_list_ir_3,xgb_shap_list_ir_3_subset_109,orderMean,"['X4', 'X6', 'X5', 'X1', 'X2', 'X3']"
2080,xgb_shap_list_ir_3,xgb_shap_list_ir_3_subset_109,orderStd,"['X5', 'X4', 'X1', 'X2', 'X6', 'X3']"
2081,xgb_shap_list_ir_3,xgb_shap_list_ir_3_subset_109,orderSum,"['X4', 'X6', 'X5', 'X1', 'X2', 'X3']"
2082,xgb_shap_list_ir_1,xgb_shap_list_ir_1_subset_145,orderMean,"['X1', 'X2', 'X5', 'X4', 'X6', 'X3']"
2083,xgb_shap_list_ir_1,xgb_shap_list_ir_1_subset_145,orderStd,"['X1', 'X5', 'X2', 'X4', 'X3', 'X6']"
2084,xgb_shap_list_ir_1,xgb_shap_list_ir_1_subset_145,orderSum,"['X1', 'X2', 'X5', 'X4', 'X6', 'X3']"
2085,xgb_shap_list_ir_2,xgb_shap_list_ir_2_subset_56,orderMean,"['X4', 'X6', 'X5', 'X3', 'X2', 'X1']"
2086,xgb_shap_list_ir_2,xgb_shap_list_ir_2_subset_56,orderStd,"['X4', 'X1', 'X5', 'X2', 'X3', 'X6']"
2087,xgb_shap_list_ir_2,xgb_shap_list_ir_2_subset_56,orderSum,"['X4', 'X6', 'X5', 'X3', 'X2', 'X1']"
2088,xgb_shap_list_ir_5,xgb_shap_list_ir_5_subset_137,orderMean,"['X5', 'X4', 'X1', 'X6', 'X2', 'X3']"
2089,xgb_shap_list_ir_5,xgb_shap_list_ir_5_subset_137,orderStd,"['X5', 'X2', 'X1', 'X4', 'X6', 'X3']"
2090,xgb_shap_list_ir_5,xgb_shap_list_ir_5_subset_137,orderSum,"['X5', 'X4', 'X1', 'X6', 'X2', 'X3']"
2091,xgb_shap_list_ir_1,xgb_shap_list_ir_1_subset_84,orderMean,"['X4', 'X6', 'X5', 'X2', 'X1', 'X3']"
2092,xgb_shap_list_ir_1,xgb_shap_list_ir_1_subset_84,orderStd,"['X4', 'X2', 'X6', 'X5', 'X3', 'X1']"
2093,xgb_shap_list_ir_1,xgb_shap_list_ir_1_subset_84,orderSum,"['X4', 'X6', 'X5', 'X2', 'X1', 'X3']"
2094,xgb_shap_list_ir_5,xgb_shap_list_ir_5_subset_123,orderMean,"['X4', 'X5', 'X3', 'X6', 'X1', 'X2']"
2095,xgb_shap_list_ir_5,xgb_shap_list_ir_5_subset_123,orderStd,"['X5', 'X4', 'X2', 'X1', 'X3', 'X6']"
2096,xgb_shap_list_ir_5,xgb_shap_list_ir_5_subset_123,orderSum,"['X4', 'X5', 'X3', 'X6', 'X1', 'X2']"
2097,xgb_shap_list_ir_1,xgb_shap_list_ir_1_subset_122,orderMean,"['X6', 'X4', 'X1', 'X5', 'X2', 'X3']"
2098,xgb_shap_list_ir_1,xgb_shap_list_ir_1_subset_122,orderStd,"['X6', 'X2', 'X1', 'X5', 'X3', 'X4']"
2099,xgb_shap_list_ir_1,xgb_shap_list_ir_1_subset_122,orderSum,"['X6', 'X4', 'X1', 'X5', 'X2', 'X3']"
2100,xgb_shap_list_ir_5,xgb_shap_list_ir_5_subset_27,orderMean,"['X4', 'X5', 'X1', 'X6', 'X2', 'X3']"
2101,xgb_shap_list_ir_5,xgb_shap_list_ir_5_subset_27,orderStd,"['X5', 'X4', 'X2', 'X1', 'X6', 'X3']"
2102,xgb_shap_list_ir_5,xgb_shap_list_ir_5_subset_27,orderSum,"['X4', 'X5', 'X1', 'X6', 'X2', 'X3']"
2103,xgb_shap_list_ir_4,xgb_shap_list_ir_4_subset_108,orderMean,"['X4', 'X3', 'X5', 'X6', 'X1', 'X2']"
2104,xgb_shap_list_ir_4,xgb_shap_list_ir_4_subset_108,orderStd,"['X4', 'X2', 'X5', 'X1', 'X3', 'X6']"
2105,xgb_shap_list_ir_4,xgb_shap_list_ir_4_subset_108,orderSum,"['X4', 'X3', 'X5', 'X6', 'X1', 'X2']"
2106,xgb_shap_list_ir_3,xgb_shap_list_ir_3_subset_134,orderMean,"['X4', 'X5', 'X1', 'X6', 'X2', 'X3']"
2107,xgb_shap_list_ir_3,xgb_shap_list_ir_3_subset_134,orderStd,"['X2', 'X4', 'X1', 'X5', 'X6', 'X3']"
2108,xgb_shap_list_ir_3,xgb_shap_list_ir_3_subset_134,orderSum,"['X4', 'X5', 'X1', 'X6', 'X2', 'X3']"
2109,xgb_shap_list_ir_3,xgb_shap_list_ir_3_subset_56,orderMean,"['X4', 'X5', 'X6', 'X3', 'X2', 'X1']"
2110,xgb_shap_list_ir_3,xgb_shap_list_ir_3_subset_56,orderStd,"['X5', 'X4', 'X2', 'X6', 'X1', 'X3']"
2111,xgb_shap_list_ir_3,xgb_shap_list_ir_3_subset_56,orderSum,"['X4', 'X5', 'X6', 'X3', 'X2', 'X1']"
2112,xgb_shap_list_ir_5,xgb_shap_list_ir_5_subset_44,orderMean,"['X4', 'X5', 'X6', 'X1', 'X2', 'X3']"
2113,xgb_shap_list_ir_5,xgb_shap_list_ir_5_subset_44,orderStd,"['X5', 'X1', 'X4', 'X2', 'X6', 'X3']"
2114,xgb_shap_list_ir_5,xgb_shap_list_ir_5_subset_44,orderSum,"['X4', 'X5', 'X6', 'X1', 'X2', 'X3']"
2115,xgb_shap_list_ir_3,xgb_shap_list_ir_3_subset_54,orderMean,"['X5', 'X4', 'X1', 'X6', 'X2', 'X3']"
2116,xgb_shap_list_ir_3,xgb_shap_list_ir_3_subset_54,orderStd,"['X5', 'X2', 'X1', 'X4', 'X6', 'X3']"
2117,xgb_shap_list_ir_3,xgb_shap_list_ir_3_subset_54,orderSum,"['X5', 'X4', 'X1', 'X6', 'X2', 'X3']"
2118,xgb_shap_list_ir_4,xgb_shap_list_ir_4_subset_39,orderMean,"['X4', 'X5', 'X1', 'X3', 'X6', 'X2']"
2119,xgb_shap_list_ir_4,xgb_shap_list_ir_4_subset_39,orderStd,"['X5', 'X4', 'X2', 'X3', 'X1', 'X6']"
2120,xgb_shap_list_ir_4,xgb_shap_list_ir_4_subset_39,orderSum,"['X4', 'X5', 'X1', 'X3', 'X6', 'X2']"
2121,xgb_shap_list_ir_4,xgb_shap_list_ir_4_subset_57,orderMean,"['X4', 'X5', 'X6', 'X1', 'X2', 'X3']"
2122,xgb_shap_list_ir_4,xgb_shap_list_ir_4_subset_57,orderStd,"['X5', 'X4', 'X1', 'X2', 'X6', 'X3']"
2123,xgb_shap_list_ir_4,xgb_shap_list_ir_4_subset_57,orderSum,"['X4', 'X5', 'X6', 'X1', 'X2', 'X3']"
2124,xgb_shap_list_ir_1,xgb_shap_list_ir_1_subset_146,orderMean,"['X6', 'X4', 'X5', 'X1', 'X2', 'X3']"
2125,xgb_shap_list_ir_1,xgb_shap_list_ir_1_subset_146,orderStd,"['X4', 'X6', 'X1', 'X5', 'X3', 'X2']"
2126,xgb_shap_list_ir_1,xgb_shap_list_ir_1_subset_146,orderSum,"['X6', 'X4', 'X5', 'X1', 'X2', 'X3']"
2127,xgb_shap_list_ir_1,xgb_shap_list_ir_1_subset_56,orderMean,"['X3', 'X1', 'X6', 'X2', 'X4', 'X5']"
2128,xgb_shap_list_ir_1,xgb_shap_list_ir_1_subset_56,orderStd,"['X3', 'X2', 'X1', 'X4', 'X6', 'X5']"
2129,xgb_shap_list_ir_1,xgb_shap_list_ir_1_subset_56,orderSum,"['X3', 'X1', 'X6', 'X2', 'X4', 'X5']"
2130,xgb_shap_list_ir_3,xgb_shap_list_ir_3_subset_25,orderMean,"['X4', 'X5', 'X1', 'X3', 'X6', 'X2']"
2131,xgb_shap_list_ir_3,xgb_shap_list_ir_3_subset_25,orderStd,"['X4', 'X5', 'X1', 'X6', 'X2', 'X3']"
2132,xgb_shap_list_ir_3,xgb_shap_list_ir_3_subset_25,orderSum,"['X4', 'X5', 'X1', 'X3', 'X6', 'X2']"
2133,xgb_shap_list_ir_4,xgb_shap_list_ir_4_subset_121,orderMean,"['X4', 'X5', 'X6', 'X3', 'X2', 'X1']"
2134,xgb_shap_list_ir_4,xgb_shap_list_ir_4_subset_121,orderStd,"['X5', 'X2', 'X1', 'X4', 'X6', 'X3']"
2135,xgb_shap_list_ir_4,xgb_shap_list_ir_4_subset_121,orderSum,"['X4', 'X5', 'X6', 'X3', 'X2', 'X1']"
2136,xgb_shap_list_ir_5,xgb_shap_list_ir_5_subset_71,orderMean,"['X5', 'X4', 'X6', 'X1', 'X2', 'X3']"
2137,xgb_shap_list_ir_5,xgb_shap_list_ir_5_subset_71,orderStd,"['X5', 'X4', 'X2', 'X1', 'X6', 'X3']"
2138,xgb_shap_list_ir_5,xgb_shap_list_ir_5_subset_71,orderSum,"['X5', 'X4', 'X6', 'X1', 'X2', 'X3']"
2139,xgb_shap_list_ir_1,xgb_shap_list_ir_1_subset_86,orderMean,"['X3', 'X4', 'X6', 'X2', 'X1', 'X5']"
2140,xgb_shap_list_ir_1,xgb_shap_list_ir_1_subset_86,orderStd,"['X3', 'X1', 'X2', 'X4', 'X6', 'X5']"
2141,xgb_shap_list_ir_1,xgb_shap_list_ir_1_subset_86,orderSum,"['X3', 'X4', 'X6', 'X2', 'X1', 'X5']"
2142,xgb_shap_list_ir_2,xgb_shap_list_ir_2_subset_133,orderMean,"['X4', 'X6', 'X5', 'X1', 'X3', 'X2']"
2143,xgb_shap_list_ir_2,xgb_shap_list_ir_2_subset_133,orderStd,"['X4', 'X6', 'X2', 'X1', 'X5', 'X3']"
2144,xgb_shap_list_ir_2,xgb_shap_list_ir_2_subset_133,orderSum,"['X4', 'X6', 'X5', 'X1', 'X3', 'X2']"
2145,xgb_shap_list_ir_3,xgb_shap_list_ir_3_subset_138,orderMean,"['X4', 'X5', 'X6', 'X3', 'X2', 'X1']"
2146,xgb_shap_list_ir_3,xgb_shap_list_ir_3_subset_138,orderStd,"['X5', 'X4', 'X2', 'X6', 'X1', 'X3']"
2147,xgb_shap_list_ir_3,xgb_shap_list_ir_3_subset_138,orderSum,"['X4', 'X5', 'X6', 'X3', 'X2', 'X1']"
2148,xgb_shap_list_ir_5,xgb_shap_list_ir_5_subset_21,orderMean,"['X4', 'X5', 'X6', 'X1', 'X3', 'X2']"
2149,xgb_shap_list_ir_5,xgb_shap_list_ir_5_subset_21,orderStd,"['X4', 'X5', 'X2', 'X6', 'X1', 'X3']"
2150,xgb_shap_list_ir_5,xgb_shap_list_ir_5_subset_21,orderSum,"['X4', 'X5', 'X6', 'X1', 'X3', 'X2']"
2151,xgb_shap_list_ir_4,xgb_shap_list_ir_4_subset_26,orderMean,"['X4', 'X1', 'X5', 'X6', 'X3', 'X2']"
2152,xgb_shap_list_ir_4,xgb_shap_list_ir_4_subset_26,orderStd,"['X1', 'X4', 'X5', 'X2', 'X6', 'X3']"
2153,xgb_shap_list_ir_4,xgb_shap_list_ir_4_subset_26,orderSum,"['X4', 'X1', 'X5', 'X6', 'X3', 'X2']"
2154,xgb_shap_list_ir_3,xgb_shap_list_ir_3_subset_107,orderMean,"['X4', 'X5', 'X6', 'X3', 'X1', 'X2']"
2155,xgb_shap_list_ir_3,xgb_shap_list_ir_3_subset_107,orderStd,"['X4', 'X5', 'X6', 'X2', 'X1', 'X3']"
2156,xgb_shap_list_ir_3,xgb_shap_list_ir_3_subset_107,orderSum,"['X4', 'X5', 'X6', 'X3', 'X1', 'X2']"
2157,xgb_shap_list_ir_4,xgb_shap_list_ir_4_subset_71,orderMean,"['X5', 'X4', 'X6', 'X3', 'X1', 'X2']"
2158,xgb_shap_list_ir_4,xgb_shap_list_ir_4_subset_71,orderStd,"['X5', 'X4', 'X2', 'X6', 'X3', 'X1']"
2159,xgb_shap_list_ir_4,xgb_shap_list_ir_4_subset_71,orderSum,"['X5', 'X4', 'X6', 'X3', 'X1', 'X2']"
2160,xgb_shap_list_ir_5,xgb_shap_list_ir_5_subset_4,orderMean,"['X4', 'X5', 'X1', 'X6', 'X3', 'X2']"
2161,xgb_shap_list_ir_5,xgb_shap_list_ir_5_subset_4,orderStd,"['X5', 'X4', 'X2', 'X1', 'X6', 'X3']"
2162,xgb_shap_list_ir_5,xgb_shap_list_ir_5_subset_4,orderSum,"['X4', 'X5', 'X1', 'X6', 'X3', 'X2']"
2163,xgb_shap_list_ir_5,xgb_shap_list_ir_5_subset_107,orderMean,"['X5', 'X4', 'X6', 'X3', 'X2', 'X1']"
2164,xgb_shap_list_ir_5,xgb_shap_list_ir_5_subset_107,orderStd,"['X5', 'X2', 'X6', 'X4', 'X3', 'X1']"
2165,xgb_shap_list_ir_5,xgb_shap_list_ir_5_subset_107,orderSum,"['X5', 'X4', 'X6', 'X3', 'X2', 'X1']"
2166,xgb_shap_list_ir_1,xgb_shap_list_ir_1_subset_136,orderMean,"['X4', 'X3', 'X6', 'X5', 'X1', 'X2']"
2167,xgb_shap_list_ir_1,xgb_shap_list_ir_1_subset_136,orderStd,"['X6', 'X3', 'X5', 'X4', 'X1', 'X2']"
2168,xgb_shap_list_ir_1,xgb_shap_list_ir_1_subset_136,orderSum,"['X4', 'X3', 'X6', 'X5', 'X1', 'X2']"
2169,xgb_shap_list_ir_2,xgb_shap_list_ir_2_subset_75,orderMean,"['X1', 'X4', 'X5', 'X2', 'X3', 'X6']"
2170,xgb_shap_list_ir_2,xgb_shap_list_ir_2_subset_75,orderStd,"['X1', 'X4', 'X2', 'X5', 'X6', 'X3']"
2171,xgb_shap_list_ir_2,xgb_shap_list_ir_2_subset_75,orderSum,"['X1', 'X4', 'X5', 'X2', 'X3', 'X6']"
2172,xgb_shap_list_ir_4,xgb_shap_list_ir_4_subset_124,orderMean,"['X5', 'X4', 'X6', 'X2', 'X1', 'X3']"
2173,xgb_shap_list_ir_4,xgb_shap_list_ir_4_subset_124,orderStd,"['X5', 'X2', 'X4', 'X1', 'X6', 'X3']"
2174,xgb_shap_list_ir_4,xgb_shap_list_ir_4_subset_124,orderSum,"['X5', 'X4', 'X6', 'X2', 'X1', 'X3']"
2175,xgb_shap_list_ir_3,xgb_shap_list_ir_3_subset_70,orderMean,"['X4', 'X5', 'X3', 'X2', 'X6', 'X1']"
2176,xgb_shap_list_ir_3,xgb_shap_list_ir_3_subset_70,orderStd,"['X5', 'X4', 'X6', 'X3', 'X2', 'X1']"
2177,xgb_shap_list_ir_3,xgb_shap_list_ir_3_subset_70,orderSum,"['X4', 'X5', 'X3', 'X2', 'X6', 'X1']"
2178,xgb_shap_list_ir_1,xgb_shap_list_ir_1_subset_40,orderMean,"['X4', 'X5', 'X1', 'X2', 'X6', 'X3']"
2179,xgb_shap_list_ir_1,xgb_shap_list_ir_1_subset_40,orderStd,"['X6', 'X4', 'X2', 'X5', 'X1', 'X3']"
2180,xgb_shap_list_ir_1,xgb_shap_list_ir_1_subset_40,orderSum,"['X4', 'X5', 'X1', 'X2', 'X6', 'X3']"
2181,xgb_shap_list_ir_3,xgb_shap_list_ir_3_subset_73,orderMean,"['X5', 'X4', 'X1', 'X6', 'X2', 'X3']"
2182,xgb_shap_list_ir_3,xgb_shap_list_ir_3_subset_73,orderStd,"['X5', 'X1', 'X4', 'X2', 'X6', 'X3']"
2183,xgb_shap_list_ir_3,xgb_shap_list_ir_3_subset_73,orderSum,"['X5', 'X4', 'X1', 'X6', 'X2', 'X3']"
2184,xgb_shap_list_ir_4,xgb_shap_list_ir_4_subset_129,orderMean,"['X4', 'X5', 'X6', 'X1', 'X3', 'X2']"
2185,xgb_shap_list_ir_4,xgb_shap_list_ir_4_subset_129,orderStd,"['X5', 'X4', 'X1', 'X6', 'X2', 'X3']"
2186,xgb_shap_list_ir_4,xgb_shap_list_ir_4_subset_129,orderSum,"['X4', 'X5', 'X6', 'X1', 'X3', 'X2']"
2187,xgb_shap_list_ir_1,xgb_shap_list_ir_1_subset_62,orderMean,"['X3', 'X5', 'X1', 'X6', 'X2', 'X4']"
2188,xgb_shap_list_ir_1,xgb_shap_list_ir_1_subset_62,orderStd,"['X6', 'X3', 'X2', 'X1', 'X5', 'X4']"
2189,xgb_shap_list_ir_1,xgb_shap_list_ir_1_subset_62,orderSum,"['X3', 'X5', 'X1', 'X6', 'X2', 'X4']"
2190,xgb_shap_list_ir_5,xgb_shap_list_ir_5_subset_64,orderMean,"['X4', 'X5', 'X6', 'X1', 'X2', 'X3']"
2191,xgb_shap_list_ir_5,xgb_shap_list_ir_5_subset_64,orderStd,"['X5', 'X4', 'X1', 'X2', 'X6', 'X3']"
2192,xgb_shap_list_ir_5,xgb_shap_list_ir_5_subset_64,orderSum,"['X4', 'X5', 'X6', 'X1', 'X2', 'X3']"
2193,xgb_shap_list_ir_3,xgb_shap_list_ir_3_subset_100,orderMean,"['X4', 'X5', 'X1', 'X6', 'X2', 'X3']"
2194,xgb_shap_list_ir_3,xgb_shap_list_ir_3_subset_100,orderStd,"['X5', 'X1', 'X2', 'X4', 'X6', 'X3']"
2195,xgb_shap_list_ir_3,xgb_shap_list_ir_3_subset_100,orderSum,"['X4', 'X5', 'X1', 'X6', 'X2', 'X3']"
2196,xgb_shap_list_ir_4,xgb_shap_list_ir_4_subset_122,orderMean,"['X4', 'X5', 'X1', 'X6', 'X2', 'X3']"
2197,xgb_shap_list_ir_4,xgb_shap_list_ir_4_subset_122,orderStd,"['X4', 'X1', 'X2', 'X5', 'X6', 'X3']"
2198,xgb_shap_list_ir_4,xgb_shap_list_ir_4_subset_122,orderSum,"['X4', 'X5', 'X1', 'X6', 'X2', 'X3']"
2199,xgb_shap_list_ir_2,xgb_shap_list_ir_2_subset_53,orderMean,"['X1', 'X6', 'X5', 'X4', 'X2', 'X3']"
2200,xgb_shap_list_ir_2,xgb_shap_list_ir_2_subset_53,orderStd,"['X1', 'X5', 'X4', 'X6', 'X2', 'X3']"
2201,xgb_shap_list_ir_2,xgb_shap_list_ir_2_subset_53,orderSum,"['X1', 'X6', 'X5', 'X4', 'X2', 'X3']"
2202,xgb_shap_list_ir_5,xgb_shap_list_ir_5_subset_148,orderMean,"['X4', 'X5', 'X6', 'X1', 'X3', 'X2']"
2203,xgb_shap_list_ir_5,xgb_shap_list_ir_5_subset_148,orderStd,"['X5', 'X4', 'X2', 'X1', 'X6', 'X3']"
2204,xgb_shap_list_ir_5,xgb_shap_list_ir_5_subset_148,orderSum,"['X4', 'X5', 'X6', 'X1', 'X3', 'X2']"
2205,xgb_shap_list_ir_5,xgb_shap_list_ir_5_subset_46,orderMean,"['X4', 'X5', 'X6', 'X1', 'X2', 'X3']"
2206,xgb_shap_list_ir_5,xgb_shap_list_ir_5_subset_46,orderStd,"['X5', 'X4', 'X6', 'X1', 'X2', 'X3']"
2207,xgb_shap_list_ir_5,xgb_shap_list_ir_5_subset_46,orderSum,"['X4', 'X5', 'X6', 'X1', 'X2', 'X3']"
2208,xgb_shap_list_ir_5,xgb_shap_list_ir_5_subset_88,orderMean,"['X5', 'X4', 'X1', 'X6', 'X2', 'X3']"
2209,xgb_shap_list_ir_5,xgb_shap_list_ir_5_subset_88,orderStd,"['X5', 'X2', 'X6', 'X1', 'X4', 'X3']"
2210,xgb_shap_list_ir_5,xgb_shap_list_ir_5_subset_88,orderSum,"['X5', 'X4', 'X1', 'X6', 'X2', 'X3']"
2211,xgb_shap_list_ir_3,xgb_shap_list_ir_3_subset_5,orderMean,"['X4', 'X5', 'X1', 'X6', 'X3', 'X2']"
2212,xgb_shap_list_ir_3,xgb_shap_list_ir_3_subset_5,orderStd,"['X2', 'X5', 'X1', 'X4', 'X3', 'X6']"
2213,xgb_shap_list_ir_3,xgb_shap_list_ir_3_subset_5,orderSum,"['X4', 'X5', 'X1', 'X6', 'X3', 'X2']"
2214,xgb_shap_list_ir_2,xgb_shap_list_ir_2_subset_74,orderMean,"['X4', 'X1', 'X5', 'X6', 'X2', 'X3']"
2215,xgb_shap_list_ir_2,xgb_shap_list_ir_2_subset_74,orderStd,"['X4', 'X2', 'X5', 'X1', 'X6', 'X3']"
2216,xgb_shap_list_ir_2,xgb_shap_list_ir_2_subset_74,orderSum,"['X4', 'X1', 'X5', 'X6', 'X2', 'X3']"
2217,xgb_shap_list_ir_5,xgb_shap_list_ir_5_subset_101,orderMean,"['X4', 'X5', 'X6', 'X1', 'X2', 'X3']"
2218,xgb_shap_list_ir_5,xgb_shap_list_ir_5_subset_101,orderStd,"['X5', 'X4', 'X1', 'X2', 'X6', 'X3']"
2219,xgb_shap_list_ir_5,xgb_shap_list_ir_5_subset_101,orderSum,"['X4', 'X5', 'X6', 'X1', 'X2', 'X3']"
