,index,shapMean,shapStd,shapSum,subset,imbalance_ratio
0,X1,0.5070408291473038,0.5970778618820806,527.322462313196,lr_shap_list_ir_2_subset_147,lr_shap_list_ir_2
1,X2,1.3309173735549016,1.6070736267630295,1384.1540684970976,lr_shap_list_ir_2_subset_147,lr_shap_list_ir_2
2,X3,1.3174189210694052,2.3769709220356505,1370.1156779121814,lr_shap_list_ir_2_subset_147,lr_shap_list_ir_2
3,X4,0.7598036320070922,0.4507398997750682,790.1957772873759,lr_shap_list_ir_2_subset_147,lr_shap_list_ir_2
4,X5,0.38815806906386474,0.48770950816556646,403.68439182641936,lr_shap_list_ir_2_subset_147,lr_shap_list_ir_2
5,X6,0.4286835730541795,0.09463320886905284,445.83091597634666,lr_shap_list_ir_2_subset_147,lr_shap_list_ir_2
6,X1,0.46728763143844204,0.6370819870774415,485.9791366959797,lr_shap_list_ir_5_subset_19,lr_shap_list_ir_5
7,X2,0.34143851471573117,0.6045219380240212,355.0960553043604,lr_shap_list_ir_5_subset_19,lr_shap_list_ir_5
8,X3,0.5238970097110786,0.6614552264615394,544.8528900995217,lr_shap_list_ir_5_subset_19,lr_shap_list_ir_5
9,X4,1.0488206592656655,0.7341694358637655,1090.7734856362922,lr_shap_list_ir_5_subset_19,lr_shap_list_ir_5
10,X5,0.985248426191991,1.3312127467599348,1024.6583632396707,lr_shap_list_ir_5_subset_19,lr_shap_list_ir_5
11,X6,0.04535634608621309,0.01644186299438131,47.17059992966161,lr_shap_list_ir_5_subset_19,lr_shap_list_ir_5
12,X1,0.5919754704696525,0.7115541339313347,615.6544892884386,lr_shap_list_ir_3_subset_39,lr_shap_list_ir_3
13,X2,0.47522130127195533,0.6228160023645397,494.23015332283353,lr_shap_list_ir_3_subset_39,lr_shap_list_ir_3
14,X3,0.40355086410135493,0.5592663336623945,419.69289866540913,lr_shap_list_ir_3_subset_39,lr_shap_list_ir_3
15,X4,0.7234776901504658,0.46888846302280524,752.4167977564845,lr_shap_list_ir_3_subset_39,lr_shap_list_ir_3
16,X5,0.9008949072591804,1.3168013676140489,936.9307035495476,lr_shap_list_ir_3_subset_39,lr_shap_list_ir_3
17,X6,0.05232912953380332,0.0124390060089678,54.42229471515546,lr_shap_list_ir_3_subset_39,lr_shap_list_ir_3
18,X1,0.7186958221969502,1.1033288549417248,747.4436550848282,lr_shap_list_ir_1_subset_100,lr_shap_list_ir_1
19,X2,0.1670218704461043,0.20142809393977226,173.7027452639485,lr_shap_list_ir_1_subset_100,lr_shap_list_ir_1
20,X3,2.7401011205273984,3.9837482522598484,2849.705165348494,lr_shap_list_ir_1_subset_100,lr_shap_list_ir_1
21,X4,0.5039827024619207,0.24202367627364707,524.1420105603975,lr_shap_list_ir_1_subset_100,lr_shap_list_ir_1
22,X5,0.4023487992089904,0.5399325603198329,418.44275117735003,lr_shap_list_ir_1_subset_100,lr_shap_list_ir_1
23,X6,1.0498475772387124,0.24575505049817667,1091.8414803282608,lr_shap_list_ir_1_subset_100,lr_shap_list_ir_1
24,X1,0.22963727849774818,0.41307445934675086,238.8227696376581,lr_shap_list_ir_4_subset_147,lr_shap_list_ir_4
25,X2,1.0289808145267982,1.2634017897774772,1070.1400471078703,lr_shap_list_ir_4_subset_147,lr_shap_list_ir_4
26,X3,0.9569616866391631,1.3475532762364728,995.2401541047296,lr_shap_list_ir_4_subset_147,lr_shap_list_ir_4
27,X4,1.3904384591064158,0.9780137946073931,1446.0559974706725,lr_shap_list_ir_4_subset_147,lr_shap_list_ir_4
28,X5,0.7135487945941156,0.9695265039583932,742.0907463778802,lr_shap_list_ir_4_subset_147,lr_shap_list_ir_4
29,X6,0.08424624088919552,0.021036868301420392,87.61609052476334,lr_shap_list_ir_4_subset_147,lr_shap_list_ir_4
30,X1,0.2678901507333442,0.48668246363985734,278.60575676267797,lr_shap_list_ir_4_subset_55,lr_shap_list_ir_4
31,X2,0.9083225998768062,1.0792891302531198,944.6555038718784,lr_shap_list_ir_4_subset_55,lr_shap_list_ir_4
32,X3,0.6922484519968505,0.8360427133799833,719.9383900767245,lr_shap_list_ir_4_subset_55,lr_shap_list_ir_4
33,X4,1.049591215136968,0.6107720091140151,1091.5748637424467,lr_shap_list_ir_4_subset_55,lr_shap_list_ir_4
34,X5,0.7055036431853158,1.0216326839781886,733.7237889127284,lr_shap_list_ir_4_subset_55,lr_shap_list_ir_4
35,X6,0.22094947089154948,0.07336762463205308,229.78744972721145,lr_shap_list_ir_4_subset_55,lr_shap_list_ir_4
36,X1,0.27890970540603766,0.3802812467576718,290.06609362227914,lr_shap_list_ir_4_subset_146,lr_shap_list_ir_4
37,X2,0.4698263729702932,0.6948408105761105,488.61942788910494,lr_shap_list_ir_4_subset_146,lr_shap_list_ir_4
38,X3,0.8285232812723817,1.1304722407865202,861.664212523277,lr_shap_list_ir_4_subset_146,lr_shap_list_ir_4
39,X4,1.2063397800899158,0.8015127580327155,1254.5933712935125,lr_shap_list_ir_4_subset_146,lr_shap_list_ir_4
40,X5,0.8280404621981484,1.2497706243975757,861.1620806860743,lr_shap_list_ir_4_subset_146,lr_shap_list_ir_4
41,X6,0.021523211430384163,0.005521802381554168,22.38413988759953,lr_shap_list_ir_4_subset_146,lr_shap_list_ir_4
42,X1,0.2893701846185162,0.2859357658937505,300.94499200325686,lr_shap_list_ir_1_subset_68,lr_shap_list_ir_1
43,X2,1.1891587663974903,1.7167021142295276,1236.72511705339,lr_shap_list_ir_1_subset_68,lr_shap_list_ir_1
44,X3,0.5913179772008217,0.7527676449841132,614.9706962888546,lr_shap_list_ir_1_subset_68,lr_shap_list_ir_1
45,X4,0.8052541739200056,0.3736889209183827,837.4643408768059,lr_shap_list_ir_1_subset_68,lr_shap_list_ir_1
46,X5,0.41490209331255085,0.5627667066770047,431.4981770450529,lr_shap_list_ir_1_subset_68,lr_shap_list_ir_1
47,X6,0.37622544931906216,0.09638381269467684,391.27446729182464,lr_shap_list_ir_1_subset_68,lr_shap_list_ir_1
48,X1,0.44254648617274117,0.460883545534986,460.2483456196508,lr_shap_list_ir_1_subset_99,lr_shap_list_ir_1
49,X2,1.233060887310491,1.3381096750145702,1282.3833228029105,lr_shap_list_ir_1_subset_99,lr_shap_list_ir_1
50,X3,5.923682531563909,10.458929725755105,6160.629832826465,lr_shap_list_ir_1_subset_99,lr_shap_list_ir_1
51,X4,1.5834546134858583,0.8069745062677313,1646.7927980252925,lr_shap_list_ir_1_subset_99,lr_shap_list_ir_1
52,X5,0.13160316966999586,0.18704832989050624,136.86729645679569,lr_shap_list_ir_1_subset_99,lr_shap_list_ir_1
53,X6,0.40085218083146806,0.0879413976760191,416.8862680647268,lr_shap_list_ir_1_subset_99,lr_shap_list_ir_1
54,X1,0.18841797365121138,0.33778766826296136,195.95469259725982,lr_shap_list_ir_4_subset_145,lr_shap_list_ir_4
55,X2,0.3648893378009274,0.45407220018004657,379.4849113129645,lr_shap_list_ir_4_subset_145,lr_shap_list_ir_4
56,X3,0.9251553961389566,1.386601384747757,962.1616119845148,lr_shap_list_ir_4_subset_145,lr_shap_list_ir_4
57,X4,0.8408862016157328,0.608609624776731,874.5216496803621,lr_shap_list_ir_4_subset_145,lr_shap_list_ir_4
58,X5,0.787273416327615,1.0476314129971873,818.7643529807197,lr_shap_list_ir_4_subset_145,lr_shap_list_ir_4
59,X6,0.17999299748043956,0.043943060074284224,187.19271737965715,lr_shap_list_ir_4_subset_145,lr_shap_list_ir_4
60,X1,0.47319489241726087,0.6443439650121533,492.1226881139513,lr_shap_list_ir_4_subset_128,lr_shap_list_ir_4
61,X2,0.4848142955315626,0.6101250644373858,504.2068673528251,lr_shap_list_ir_4_subset_128,lr_shap_list_ir_4
62,X3,0.45816747298958627,0.5137052902855466,476.4941719091697,lr_shap_list_ir_4_subset_128,lr_shap_list_ir_4
63,X4,0.8935239698555386,0.5660167837791472,929.2649286497601,lr_shap_list_ir_4_subset_128,lr_shap_list_ir_4
64,X5,0.9070881774562729,1.2265323427424815,943.3717045545238,lr_shap_list_ir_4_subset_128,lr_shap_list_ir_4
65,X6,0.19228652808903152,0.046524837741830694,199.97798921259277,lr_shap_list_ir_4_subset_128,lr_shap_list_ir_4
66,X1,0.004319359592928693,0.00622006158986954,4.492133976645841,lr_shap_list_ir_1_subset_61,lr_shap_list_ir_1
67,X2,1.5753422626341935,2.1799890618017166,1638.3559531395613,lr_shap_list_ir_1_subset_61,lr_shap_list_ir_1
68,X3,4.084906749020989,8.984407239963497,4248.303018981829,lr_shap_list_ir_1_subset_61,lr_shap_list_ir_1
69,X4,1.7655705085857605,1.059995592978404,1836.193328929191,lr_shap_list_ir_1_subset_61,lr_shap_list_ir_1
70,X5,0.4392026239240382,0.48996511580990665,456.77072888099974,lr_shap_list_ir_1_subset_61,lr_shap_list_ir_1
71,X6,5.916162502783238,1.533275579343302,6152.809002894568,lr_shap_list_ir_1_subset_61,lr_shap_list_ir_1
72,X1,0.2941801390456735,0.4922941270823872,305.9473446075005,lr_shap_list_ir_5_subset_96,lr_shap_list_ir_5
73,X2,0.3537807590237043,0.501404867052604,367.93198938465247,lr_shap_list_ir_5_subset_96,lr_shap_list_ir_5
74,X3,1.0197763591916307,1.7781916769706547,1060.5674135592958,lr_shap_list_ir_5_subset_96,lr_shap_list_ir_5
75,X4,1.0517222929449794,0.7877255233164607,1093.7911846627785,lr_shap_list_ir_5_subset_96,lr_shap_list_ir_5
76,X5,0.8324604015794502,0.9291194479614109,865.7588176426283,lr_shap_list_ir_5_subset_96,lr_shap_list_ir_5
77,X6,0.24062251235912588,0.06957186322359821,250.2474128534909,lr_shap_list_ir_5_subset_96,lr_shap_list_ir_5
78,X1,0.4280920686587654,0.5717722285744948,445.21575140511607,lr_shap_list_ir_1_subset_12,lr_shap_list_ir_1
79,X2,0.12690139575154782,0.15077226335361157,131.97745158160973,lr_shap_list_ir_1_subset_12,lr_shap_list_ir_1
80,X3,5.283201073212375,5.515827156161914,5494.5291161408695,lr_shap_list_ir_1_subset_12,lr_shap_list_ir_1
81,X4,1.3848411732172705,0.6403730734878609,1440.2348201459613,lr_shap_list_ir_1_subset_12,lr_shap_list_ir_1
82,X5,0.6007362009230777,0.6831115972954467,624.7656489600008,lr_shap_list_ir_1_subset_12,lr_shap_list_ir_1
83,X6,0.9054807999478617,0.22434689768810126,941.7000319457761,lr_shap_list_ir_1_subset_12,lr_shap_list_ir_1
84,X1,1.3517700940029136,1.582530597739877,1405.8408977630302,lr_shap_list_ir_1_subset_137,lr_shap_list_ir_1
85,X2,0.7326840719029257,1.0981041392659467,761.9914347790427,lr_shap_list_ir_1_subset_137,lr_shap_list_ir_1
86,X3,1.3411268467210096,2.2659132794593675,1394.77192058985,lr_shap_list_ir_1_subset_137,lr_shap_list_ir_1
87,X4,0.45039218108407353,0.20786528447705505,468.40786832743646,lr_shap_list_ir_1_subset_137,lr_shap_list_ir_1
88,X5,0.2924547199781736,0.41691451686257924,304.1529087773006,lr_shap_list_ir_1_subset_137,lr_shap_list_ir_1
89,X6,0.6550453940716127,0.14699662175360798,681.2472098344772,lr_shap_list_ir_1_subset_137,lr_shap_list_ir_1
90,X1,0.3250272756073435,0.4541942495168848,338.02836663163725,lr_shap_list_ir_2_subset_126,lr_shap_list_ir_2
91,X2,0.3373568292419111,0.4253047044297291,350.8511024115876,lr_shap_list_ir_2_subset_126,lr_shap_list_ir_2
92,X3,0.24968602867811918,0.41678905175605496,259.67346982524396,lr_shap_list_ir_2_subset_126,lr_shap_list_ir_2
93,X4,0.5905546972770175,0.36302428432118994,614.1768851680981,lr_shap_list_ir_2_subset_126,lr_shap_list_ir_2
94,X5,0.42677933015926195,0.5301393658315865,443.85050336563245,lr_shap_list_ir_2_subset_126,lr_shap_list_ir_2
95,X6,0.2308868254290862,0.05850569992563136,240.12229844624966,lr_shap_list_ir_2_subset_126,lr_shap_list_ir_2
96,X1,0.05642939828129207,0.0580739875968305,58.68657421254375,lr_shap_list_ir_3_subset_36,lr_shap_list_ir_3
97,X2,0.8508933359666134,1.0462561755471398,884.9290694052779,lr_shap_list_ir_3_subset_36,lr_shap_list_ir_3
98,X3,0.6595369621070943,0.644962475699843,685.9184405913782,lr_shap_list_ir_3_subset_36,lr_shap_list_ir_3
99,X4,1.5694146478348883,1.13149224291763,1632.1912337482838,lr_shap_list_ir_3_subset_36,lr_shap_list_ir_3
100,X5,0.46316305870705043,0.7917055512430917,481.68958105533244,lr_shap_list_ir_3_subset_36,lr_shap_list_ir_3
101,X6,0.013186501638666378,0.0030493327193100994,13.713961704213034,lr_shap_list_ir_3_subset_36,lr_shap_list_ir_3
102,X1,0.3266042135043708,0.33463715353561824,339.66838204454564,lr_shap_list_ir_1_subset_18,lr_shap_list_ir_1
103,X2,2.0850481099663143,1.7235868148387226,2168.450034364967,lr_shap_list_ir_1_subset_18,lr_shap_list_ir_1
104,X3,1.6619096886184532,1.911496497245856,1728.3860761631913,lr_shap_list_ir_1_subset_18,lr_shap_list_ir_1
105,X4,1.6106712285442528,0.689393563235115,1675.0980776860229,lr_shap_list_ir_1_subset_18,lr_shap_list_ir_1
106,X5,0.26282415873383363,0.25573588666554997,273.337125083187,lr_shap_list_ir_1_subset_18,lr_shap_list_ir_1
107,X6,0.5593192480510417,0.11411969623623058,581.6920179730834,lr_shap_list_ir_1_subset_18,lr_shap_list_ir_1
108,X1,0.8424862221617464,1.149464002395495,876.1856710482162,lr_shap_list_ir_1_subset_115,lr_shap_list_ir_1
109,X2,0.6878378210257413,0.9007320065368228,715.3513338667709,lr_shap_list_ir_1_subset_115,lr_shap_list_ir_1
110,X3,0.09179858089534641,0.0904618237458473,95.47052413116027,lr_shap_list_ir_1_subset_115,lr_shap_list_ir_1
111,X4,1.2400127629381001,0.6799302370368812,1289.613273455624,lr_shap_list_ir_1_subset_115,lr_shap_list_ir_1
112,X5,0.7771606644903606,1.2568737773199383,808.247091069975,lr_shap_list_ir_1_subset_115,lr_shap_list_ir_1
113,X6,1.7050136148724606,0.5373041349413736,1773.214159467359,lr_shap_list_ir_1_subset_115,lr_shap_list_ir_1
114,X1,0.5059367055327099,0.9690851299551104,526.1741737540183,lr_shap_list_ir_2_subset_39,lr_shap_list_ir_2
115,X2,0.3292658111875871,0.4084896229899395,342.43644363509054,lr_shap_list_ir_2_subset_39,lr_shap_list_ir_2
116,X3,0.36783415270988434,0.39987652105780475,382.54751881827974,lr_shap_list_ir_2_subset_39,lr_shap_list_ir_2
117,X4,0.5062573748085374,0.3112120177008884,526.5076698008788,lr_shap_list_ir_2_subset_39,lr_shap_list_ir_2
118,X5,0.48264792184218447,0.9368134622393097,501.9538387158718,lr_shap_list_ir_2_subset_39,lr_shap_list_ir_2
119,X6,0.25000935469211055,0.07134838929867143,260.009728879795,lr_shap_list_ir_2_subset_39,lr_shap_list_ir_2
120,X1,0.6027407562007323,0.687743059234872,626.8503864487616,lr_shap_list_ir_4_subset_143,lr_shap_list_ir_4
121,X2,0.48832950775920886,0.5705701244899959,507.8626880695772,lr_shap_list_ir_4_subset_143,lr_shap_list_ir_4
122,X3,0.5128464238326467,0.628814885757969,533.3602807859526,lr_shap_list_ir_4_subset_143,lr_shap_list_ir_4
123,X4,0.8760085723445332,0.6102232130719517,911.0489152383145,lr_shap_list_ir_4_subset_143,lr_shap_list_ir_4
124,X5,0.6663707418189052,1.115589941016054,693.0255714916614,lr_shap_list_ir_4_subset_143,lr_shap_list_ir_4
125,X6,0.316488260136365,0.07859706671774595,329.1477905418196,lr_shap_list_ir_4_subset_143,lr_shap_list_ir_4
126,X1,0.5154621438601645,0.5608252899659433,536.0806296145711,lr_shap_list_ir_1_subset_73,lr_shap_list_ir_1
127,X2,2.5110700055585786,3.439380353578462,2611.5128057809216,lr_shap_list_ir_1_subset_73,lr_shap_list_ir_1
128,X3,2.1248587691690632,2.7575929226706775,2209.853119935826,lr_shap_list_ir_1_subset_73,lr_shap_list_ir_1
129,X4,0.07888315353380337,0.03569678848487893,82.03847967515551,lr_shap_list_ir_1_subset_73,lr_shap_list_ir_1
130,X5,0.5908918315730994,0.7615812128789522,614.5275048360235,lr_shap_list_ir_1_subset_73,lr_shap_list_ir_1
131,X6,0.43208654811150515,0.10763430250339354,449.3700100359654,lr_shap_list_ir_1_subset_73,lr_shap_list_ir_1
132,X1,0.45809024780092095,0.6246255672797039,476.4138577129578,lr_shap_list_ir_3_subset_127,lr_shap_list_ir_3
133,X2,0.4621342843038044,0.7399939182493764,480.61965567595655,lr_shap_list_ir_3_subset_127,lr_shap_list_ir_3
134,X3,0.7832678690002128,0.7318764731268883,814.5985837602213,lr_shap_list_ir_3_subset_127,lr_shap_list_ir_3
135,X4,0.8387547958338153,0.5350214043437231,872.3049876671679,lr_shap_list_ir_3_subset_127,lr_shap_list_ir_3
136,X5,0.6543176288313179,0.9530802217524096,680.4903339845706,lr_shap_list_ir_3_subset_127,lr_shap_list_ir_3
137,X6,0.1817933824961697,0.04923037911009047,189.06511779601647,lr_shap_list_ir_3_subset_127,lr_shap_list_ir_3
138,X1,0.4217954909200801,0.4869793988925877,438.6673105568833,lr_shap_list_ir_3_subset_21,lr_shap_list_ir_3
139,X2,0.2889453860282728,0.42629675037727405,300.50320146940373,lr_shap_list_ir_3_subset_21,lr_shap_list_ir_3
140,X3,0.4224022663007176,0.4456243851573462,439.2983569527463,lr_shap_list_ir_3_subset_21,lr_shap_list_ir_3
141,X4,0.7258723681844934,0.43482558120657866,754.9072629118731,lr_shap_list_ir_3_subset_21,lr_shap_list_ir_3
142,X5,0.689321921252499,0.9782178947897607,716.894798102599,lr_shap_list_ir_3_subset_21,lr_shap_list_ir_3
143,X6,0.3529113691609358,0.0728596075362573,367.0278239273732,lr_shap_list_ir_3_subset_21,lr_shap_list_ir_3
144,X1,0.9031987987479096,0.9706551528690941,939.326750697826,lr_shap_list_ir_1_subset_44,lr_shap_list_ir_1
145,X2,0.23873680784533638,0.26744162774959834,248.28628015914984,lr_shap_list_ir_1_subset_44,lr_shap_list_ir_1
146,X3,3.636329620200153,5.632520793950509,3781.782805008159,lr_shap_list_ir_1_subset_44,lr_shap_list_ir_1
147,X4,0.5118432036791253,0.304591520645352,532.3169318262903,lr_shap_list_ir_1_subset_44,lr_shap_list_ir_1
148,X5,0.4281818837268718,0.7608311893279486,445.3091590759467,lr_shap_list_ir_1_subset_44,lr_shap_list_ir_1
149,X6,0.40401099590212936,0.11163617481761297,420.17143573821454,lr_shap_list_ir_1_subset_44,lr_shap_list_ir_1
150,X1,0.2833944702980622,0.3628704257884643,294.7302491099847,lr_shap_list_ir_4_subset_93,lr_shap_list_ir_4
151,X2,0.493693731153338,0.6007339935834561,513.4414803994715,lr_shap_list_ir_4_subset_93,lr_shap_list_ir_4
152,X3,0.5336494692094111,1.266733972089033,554.9954479777875,lr_shap_list_ir_4_subset_93,lr_shap_list_ir_4
153,X4,1.0228816496270152,0.6699087126201367,1063.7969156120957,lr_shap_list_ir_4_subset_93,lr_shap_list_ir_4
154,X5,0.787331234556597,1.0837792859141977,818.8244839388609,lr_shap_list_ir_4_subset_93,lr_shap_list_ir_4
155,X6,0.1897132908563532,0.04470461984093935,197.30182249060732,lr_shap_list_ir_4_subset_93,lr_shap_list_ir_4
156,X1,0.8423848795035282,0.8845969034415495,876.0802746836694,lr_shap_list_ir_2_subset_101,lr_shap_list_ir_2
157,X2,0.5591540344056158,0.6710433621769443,581.5201957818405,lr_shap_list_ir_2_subset_101,lr_shap_list_ir_2
158,X3,0.08504003359242379,0.0864779038703228,88.44163493612075,lr_shap_list_ir_2_subset_101,lr_shap_list_ir_2
159,X4,0.5035744114531585,0.26779329584000483,523.7173879112848,lr_shap_list_ir_2_subset_101,lr_shap_list_ir_2
160,X5,0.5418058145983737,0.8364486481299641,563.4780471823087,lr_shap_list_ir_2_subset_101,lr_shap_list_ir_2
161,X6,0.3725136352634898,0.09460779354035025,387.4141806740294,lr_shap_list_ir_2_subset_101,lr_shap_list_ir_2
162,X1,0.3404146734515461,0.3999038999383441,354.0312603896079,lr_shap_list_ir_4_subset_64,lr_shap_list_ir_4
163,X2,0.44356706062776285,0.6010856758335288,461.3097430528734,lr_shap_list_ir_4_subset_64,lr_shap_list_ir_4
164,X3,0.7444140622686365,1.0814662959115582,774.190624759382,lr_shap_list_ir_4_subset_64,lr_shap_list_ir_4
165,X4,1.0775792836652551,0.656918273541029,1120.6824550118654,lr_shap_list_ir_4_subset_64,lr_shap_list_ir_4
166,X5,0.9269039689927908,1.2202811453877065,963.9801277525024,lr_shap_list_ir_4_subset_64,lr_shap_list_ir_4
167,X6,0.1488896617007239,0.033513825320293615,154.84524816875285,lr_shap_list_ir_4_subset_64,lr_shap_list_ir_4
168,X1,1.0721139239267183,1.2207981114018935,1114.9984808837871,lr_shap_list_ir_2_subset_75,lr_shap_list_ir_2
169,X2,0.7737329018656368,1.134496706958435,804.6822179402623,lr_shap_list_ir_2_subset_75,lr_shap_list_ir_2
170,X3,0.8066986467724985,1.2180167242567819,838.9665926433984,lr_shap_list_ir_2_subset_75,lr_shap_list_ir_2
171,X4,0.4584007198346019,0.290251554217964,476.736748627986,lr_shap_list_ir_2_subset_75,lr_shap_list_ir_2
172,X5,0.6311587480036998,0.7439169842528259,656.4050979238477,lr_shap_list_ir_2_subset_75,lr_shap_list_ir_2
173,X6,0.09726517337778749,0.028447875167710343,101.155780312899,lr_shap_list_ir_2_subset_75,lr_shap_list_ir_2
174,X1,0.6009535664041098,0.6644553073843013,624.9917090602742,lr_shap_list_ir_4_subset_135,lr_shap_list_ir_4
175,X2,0.558310753966882,0.8111049173015368,580.6431841255572,lr_shap_list_ir_4_subset_135,lr_shap_list_ir_4
176,X3,0.6376913333097972,0.7938891903637928,663.1989866421891,lr_shap_list_ir_4_subset_135,lr_shap_list_ir_4
177,X4,1.1984461270090765,0.6676581346965822,1246.3839720894396,lr_shap_list_ir_4_subset_135,lr_shap_list_ir_4
178,X5,0.9079533901158731,0.9450300631559313,944.271525720508,lr_shap_list_ir_4_subset_135,lr_shap_list_ir_4
179,X6,0.10983981203838102,0.027933118626413657,114.23340451991626,lr_shap_list_ir_4_subset_135,lr_shap_list_ir_4
180,X1,0.4878332610994387,0.6260385646097704,507.34659154341625,lr_shap_list_ir_5_subset_45,lr_shap_list_ir_5
181,X2,0.5268262665330082,0.6943253233825217,547.8993171943285,lr_shap_list_ir_5_subset_45,lr_shap_list_ir_5
182,X3,0.6769657419596646,0.9536134755456162,704.0443716380512,lr_shap_list_ir_5_subset_45,lr_shap_list_ir_5
183,X4,1.024331779086631,0.7517829189732036,1065.3050502500964,lr_shap_list_ir_5_subset_45,lr_shap_list_ir_5
184,X5,0.9032004659433313,1.2372358250491906,939.3284845810645,lr_shap_list_ir_5_subset_45,lr_shap_list_ir_5
185,X6,0.19541366040230052,0.054258956930382816,203.23020681839253,lr_shap_list_ir_5_subset_45,lr_shap_list_ir_5
186,X1,0.29044693489977824,0.35476504776128753,302.06481229576934,lr_shap_list_ir_4_subset_39,lr_shap_list_ir_4
187,X2,0.34919657943598764,0.5253141706901181,363.1644426134271,lr_shap_list_ir_4_subset_39,lr_shap_list_ir_4
188,X3,1.1920758371248583,1.3349289282267376,1239.7588706098527,lr_shap_list_ir_4_subset_39,lr_shap_list_ir_4
189,X4,1.1759478044698917,0.7204728325142467,1222.9857166486872,lr_shap_list_ir_4_subset_39,lr_shap_list_ir_4
190,X5,0.8560456846016901,1.0764197806916496,890.2875119857576,lr_shap_list_ir_4_subset_39,lr_shap_list_ir_4
191,X6,0.24798804663069426,0.059009748381348946,257.907568495922,lr_shap_list_ir_4_subset_39,lr_shap_list_ir_4
192,X1,0.34426119572007374,0.45914791981822234,358.0316435488767,lr_shap_list_ir_5_subset_72,lr_shap_list_ir_5
193,X2,0.35019823900451036,0.49080574672321536,364.20616856469076,lr_shap_list_ir_5_subset_72,lr_shap_list_ir_5
194,X3,0.6207332481395621,0.7991568067721655,645.5625780651446,lr_shap_list_ir_5_subset_72,lr_shap_list_ir_5
195,X4,1.104236291875748,0.837544449248846,1148.405743550778,lr_shap_list_ir_5_subset_72,lr_shap_list_ir_5
196,X5,0.8415687812043945,1.1529242202243917,875.2315324525703,lr_shap_list_ir_5_subset_72,lr_shap_list_ir_5
197,X6,0.18015412477590337,0.0634000201799491,187.3602897669395,lr_shap_list_ir_5_subset_72,lr_shap_list_ir_5
198,X1,0.39774901835569426,0.5700163273680808,413.658979089922,lr_shap_list_ir_3_subset_72,lr_shap_list_ir_3
199,X2,0.4666489088360756,0.6987438576333861,485.3148651895186,lr_shap_list_ir_3_subset_72,lr_shap_list_ir_3
200,X3,0.328865653349157,0.541731898887694,342.0202794831233,lr_shap_list_ir_3_subset_72,lr_shap_list_ir_3
201,X4,0.917337528720666,0.4917672814227075,954.0310298694926,lr_shap_list_ir_3_subset_72,lr_shap_list_ir_3
202,X5,0.7241029113602416,0.8947293981594528,753.0670278146513,lr_shap_list_ir_3_subset_72,lr_shap_list_ir_3
203,X6,0.20206114493269414,0.04738871644019854,210.1435907300019,lr_shap_list_ir_3_subset_72,lr_shap_list_ir_3
204,X1,0.421017635720252,0.5195156446601118,437.8583411490621,lr_shap_list_ir_2_subset_37,lr_shap_list_ir_2
205,X2,0.9264914463481001,1.5097401789859373,963.5511042020241,lr_shap_list_ir_2_subset_37,lr_shap_list_ir_2
206,X3,1.289680210621349,1.7257272564854977,1341.267419046203,lr_shap_list_ir_2_subset_37,lr_shap_list_ir_2
207,X4,0.896071223279386,0.5715862076004339,931.9140722105615,lr_shap_list_ir_2_subset_37,lr_shap_list_ir_2
208,X5,0.33657183240487276,0.46930860420963966,350.03470570106765,lr_shap_list_ir_2_subset_37,lr_shap_list_ir_2
209,X6,0.18452606339418584,0.04334506873537932,191.90710592995327,lr_shap_list_ir_2_subset_37,lr_shap_list_ir_2
210,X1,0.21543286747690893,0.4131568525245367,224.0501821759853,lr_shap_list_ir_5_subset_74,lr_shap_list_ir_5
211,X2,0.4363116230141231,0.5877100717938196,453.764087934688,lr_shap_list_ir_5_subset_74,lr_shap_list_ir_5
212,X3,0.6924110767625351,0.7304856940685228,720.1075198330365,lr_shap_list_ir_5_subset_74,lr_shap_list_ir_5
213,X4,1.0307379398833272,0.7026870242783716,1071.9674574786602,lr_shap_list_ir_5_subset_74,lr_shap_list_ir_5
214,X5,0.9025911850380856,1.034130523547322,938.694832439609,lr_shap_list_ir_5_subset_74,lr_shap_list_ir_5
215,X6,0.018903774908612014,0.004698537376676368,19.659925904956495,lr_shap_list_ir_5_subset_74,lr_shap_list_ir_5
216,X1,0.6683314174479151,0.7994726139347639,695.0646741458318,lr_shap_list_ir_2_subset_48,lr_shap_list_ir_2
217,X2,0.7998744780421423,0.9906788598370203,831.869457163828,lr_shap_list_ir_2_subset_48,lr_shap_list_ir_2
218,X3,0.34740158569431817,0.4688093380633394,361.2976491220909,lr_shap_list_ir_2_subset_48,lr_shap_list_ir_2
219,X4,0.7199968124406168,0.37315565824441455,748.7966849382415,lr_shap_list_ir_2_subset_48,lr_shap_list_ir_2
220,X5,0.5187360369486008,0.6577855713088377,539.4854784265449,lr_shap_list_ir_2_subset_48,lr_shap_list_ir_2
221,X6,0.3381519668633554,0.08450862759970953,351.6780455378896,lr_shap_list_ir_2_subset_48,lr_shap_list_ir_2
222,X1,0.6713520686004789,0.858433989513099,698.206151344498,lr_shap_list_ir_4_subset_87,lr_shap_list_ir_4
223,X2,0.7410342049149978,1.191779260755053,770.6755731115977,lr_shap_list_ir_4_subset_87,lr_shap_list_ir_4
224,X3,0.5403152002990479,0.7639583627405641,561.9278083110098,lr_shap_list_ir_4_subset_87,lr_shap_list_ir_4
225,X4,0.8935212417088126,0.6027729320642106,929.2620913771651,lr_shap_list_ir_4_subset_87,lr_shap_list_ir_4
226,X5,0.7512130632807859,0.9459056648836923,781.2615858120173,lr_shap_list_ir_4_subset_87,lr_shap_list_ir_4
227,X6,0.0984515036684163,0.022202154255108006,102.38956381515295,lr_shap_list_ir_4_subset_87,lr_shap_list_ir_4
228,X1,0.5774883685254942,0.6478796624969207,600.587903266514,lr_shap_list_ir_3_subset_47,lr_shap_list_ir_3
229,X2,0.37888584498129907,0.606319813807587,394.041278780551,lr_shap_list_ir_3_subset_47,lr_shap_list_ir_3
230,X3,0.5261586899370406,0.7548160352698526,547.2050375345223,lr_shap_list_ir_3_subset_47,lr_shap_list_ir_3
231,X4,0.9712793447933328,0.6102494345155313,1010.130518585066,lr_shap_list_ir_3_subset_47,lr_shap_list_ir_3
232,X5,0.6947658156488501,0.9376520980818497,722.5564482748041,lr_shap_list_ir_3_subset_47,lr_shap_list_ir_3
233,X6,0.4939066691799481,0.11487975049073045,513.662935947146,lr_shap_list_ir_3_subset_47,lr_shap_list_ir_3
234,X1,1.5443289308146526,1.9779498471693788,1606.1020880472388,lr_shap_list_ir_1_subset_80,lr_shap_list_ir_1
235,X2,2.1510164392689664,3.3619770376238143,2237.057096839725,lr_shap_list_ir_1_subset_80,lr_shap_list_ir_1
236,X3,0.2096339220664931,0.2524795263460048,218.0192789491528,lr_shap_list_ir_1_subset_80,lr_shap_list_ir_1
237,X4,3.2765370855712823,1.9316022000723156,3407.5985689941335,lr_shap_list_ir_1_subset_80,lr_shap_list_ir_1
238,X5,1.184563660260097,1.493581361528625,1231.946206670501,lr_shap_list_ir_1_subset_80,lr_shap_list_ir_1
239,X6,7.231945525596737,2.290635988501061,7521.223346620607,lr_shap_list_ir_1_subset_80,lr_shap_list_ir_1
240,X1,0.7252007241984886,0.8115332301912708,754.2087531664281,lr_shap_list_ir_4_subset_26,lr_shap_list_ir_4
241,X2,0.39942865509355285,0.5741624051100834,415.40580129729494,lr_shap_list_ir_4_subset_26,lr_shap_list_ir_4
242,X3,0.6644574995503575,1.3035074202363248,691.0357995323718,lr_shap_list_ir_4_subset_26,lr_shap_list_ir_4
243,X4,0.948739152279339,0.630334686428288,986.6887183705126,lr_shap_list_ir_4_subset_26,lr_shap_list_ir_4
244,X5,0.6773361081187798,0.8597423459048611,704.429552443531,lr_shap_list_ir_4_subset_26,lr_shap_list_ir_4
245,X6,0.2085093699786231,0.052422115778685614,216.84974477776802,lr_shap_list_ir_4_subset_26,lr_shap_list_ir_4
246,X1,0.3455038999658112,0.4633432130930386,359.3240559644437,lr_shap_list_ir_3_subset_143,lr_shap_list_ir_3
247,X2,0.29051656750493005,0.4733503689731207,302.13723020512725,lr_shap_list_ir_3_subset_143,lr_shap_list_ir_3
248,X3,0.5796146588390325,0.675790794821055,602.7992451925938,lr_shap_list_ir_3_subset_143,lr_shap_list_ir_3
249,X4,1.0029303064331656,0.5732547101265962,1043.0475186904923,lr_shap_list_ir_3_subset_143,lr_shap_list_ir_3
250,X5,0.7872976041727953,1.3671676547030678,818.789508339707,lr_shap_list_ir_3_subset_143,lr_shap_list_ir_3
251,X6,0.2912158350094511,0.07216033637983295,302.8644684098291,lr_shap_list_ir_3_subset_143,lr_shap_list_ir_3
252,X1,0.5942795839007122,0.677961636819197,618.0507672567408,lr_shap_list_ir_3_subset_136,lr_shap_list_ir_3
253,X2,0.43025278690976887,0.7029320330551547,447.4628983861596,lr_shap_list_ir_3_subset_136,lr_shap_list_ir_3
254,X3,0.867752859999356,0.9142456461326641,902.4629743993303,lr_shap_list_ir_3_subset_136,lr_shap_list_ir_3
255,X4,0.7086114754754863,0.4583245569567784,736.9559344945058,lr_shap_list_ir_3_subset_136,lr_shap_list_ir_3
256,X5,0.5474302388011447,0.7640528244137309,569.3274483531906,lr_shap_list_ir_3_subset_136,lr_shap_list_ir_3
257,X6,0.4353883913468135,0.15710052028244464,452.80392700068603,lr_shap_list_ir_3_subset_136,lr_shap_list_ir_3
258,X1,0.42908769757620263,0.594352258744884,446.25120547925076,lr_shap_list_ir_5_subset_86,lr_shap_list_ir_5
259,X2,0.605885725709794,0.8907828734866337,630.1211547381859,lr_shap_list_ir_5_subset_86,lr_shap_list_ir_5
260,X3,0.564764014210209,1.0684403594637255,587.3545747786175,lr_shap_list_ir_5_subset_86,lr_shap_list_ir_5
261,X4,1.1136283739249118,0.7950431738382693,1158.1735088819082,lr_shap_list_ir_5_subset_86,lr_shap_list_ir_5
262,X5,0.7248752680638738,0.9743963366477432,753.8702787864288,lr_shap_list_ir_5_subset_86,lr_shap_list_ir_5
263,X6,0.06405984506009842,0.015730992251592905,66.62223886250236,lr_shap_list_ir_5_subset_86,lr_shap_list_ir_5
264,X1,0.6254707623342415,0.9019139029087053,650.4895928276111,lr_shap_list_ir_2_subset_22,lr_shap_list_ir_2
265,X2,0.3705925400394287,0.552307806649033,385.41624164100585,lr_shap_list_ir_2_subset_22,lr_shap_list_ir_2
266,X3,1.5614558317575689,2.5165809945131783,1623.9140650278716,lr_shap_list_ir_2_subset_22,lr_shap_list_ir_2
267,X4,1.3394246255865194,0.7295209157886683,1393.0016106099802,lr_shap_list_ir_2_subset_22,lr_shap_list_ir_2
268,X5,0.6999432376899056,0.82420308507024,727.9409671975019,lr_shap_list_ir_2_subset_22,lr_shap_list_ir_2
269,X6,0.09585312503709727,0.02176406130816961,99.68725003858115,lr_shap_list_ir_2_subset_22,lr_shap_list_ir_2
270,X1,0.24375978487023078,0.366833247639532,253.51017626504,lr_shap_list_ir_4_subset_105,lr_shap_list_ir_4
271,X2,0.35196510597921854,0.4846691446029554,366.0437102183873,lr_shap_list_ir_4_subset_105,lr_shap_list_ir_4
272,X3,0.7296993139443446,1.3043574340922792,758.8872865021184,lr_shap_list_ir_4_subset_105,lr_shap_list_ir_4
273,X4,1.0560138634487588,0.7024048066220844,1098.254417986709,lr_shap_list_ir_4_subset_105,lr_shap_list_ir_4
274,X5,0.6598424764054724,0.8829415419731862,686.2361754616913,lr_shap_list_ir_4_subset_105,lr_shap_list_ir_4
275,X6,0.14462060647796143,0.045435340607956246,150.40543073707988,lr_shap_list_ir_4_subset_105,lr_shap_list_ir_4
276,X1,0.5439547731230814,0.7375027495793002,565.7129640480047,lr_shap_list_ir_2_subset_54,lr_shap_list_ir_2
277,X2,0.7116771685723391,0.9148354742322534,740.1442553152326,lr_shap_list_ir_2_subset_54,lr_shap_list_ir_2
278,X3,0.12214182396736799,0.17609892263425436,127.02749692606271,lr_shap_list_ir_2_subset_54,lr_shap_list_ir_2
279,X4,0.6831062698114129,0.4283467672036066,710.4305206038694,lr_shap_list_ir_2_subset_54,lr_shap_list_ir_2
280,X5,0.5949073400754422,0.9491535276606817,618.7036336784599,lr_shap_list_ir_2_subset_54,lr_shap_list_ir_2
281,X6,0.3162021846455758,0.07448922986911868,328.85027203139884,lr_shap_list_ir_2_subset_54,lr_shap_list_ir_2
282,X1,0.4059044926296088,0.49500232441679276,422.1406723347932,lr_shap_list_ir_3_subset_113,lr_shap_list_ir_3
283,X2,1.2322175006964855,1.1881454501952868,1281.5062007243448,lr_shap_list_ir_3_subset_113,lr_shap_list_ir_3
284,X3,0.7498371533858215,0.9316614241039797,779.8306395212543,lr_shap_list_ir_3_subset_113,lr_shap_list_ir_3
285,X4,1.3404397306221287,0.8052073256808375,1394.0573198470138,lr_shap_list_ir_3_subset_113,lr_shap_list_ir_3
286,X5,0.6098963386922899,1.0302949509099482,634.2921922399814,lr_shap_list_ir_3_subset_113,lr_shap_list_ir_3
287,X6,0.0035869088083762897,0.0009595481754260524,3.730385160711341,lr_shap_list_ir_3_subset_113,lr_shap_list_ir_3
288,X1,0.42850045317216784,0.8563809150890045,445.6404712990545,lr_shap_list_ir_3_subset_57,lr_shap_list_ir_3
289,X2,0.4058955770858494,0.6227913573980548,422.1314001692834,lr_shap_list_ir_3_subset_57,lr_shap_list_ir_3
290,X3,1.053608186753651,1.5300528897019818,1095.752514223797,lr_shap_list_ir_3_subset_57,lr_shap_list_ir_3
291,X4,1.0385318123657303,0.6637180182341647,1080.0730848603596,lr_shap_list_ir_3_subset_57,lr_shap_list_ir_3
292,X5,0.5505610482673194,0.8283647741849675,572.5834901980122,lr_shap_list_ir_3_subset_57,lr_shap_list_ir_3
293,X6,0.08826462805414437,0.02137552332569353,91.79521317631014,lr_shap_list_ir_3_subset_57,lr_shap_list_ir_3
294,X1,0.3898006632378042,0.5399640576238077,405.39268976731637,lr_shap_list_ir_4_subset_83,lr_shap_list_ir_4
295,X2,0.7083287423997964,1.0164720954437731,736.6618920957882,lr_shap_list_ir_4_subset_83,lr_shap_list_ir_4
296,X3,0.543964776395274,0.7343216129219388,565.7233674510849,lr_shap_list_ir_4_subset_83,lr_shap_list_ir_4
297,X4,0.9381222780661568,0.542905284685289,975.6471691888031,lr_shap_list_ir_4_subset_83,lr_shap_list_ir_4
298,X5,0.7729875908689476,0.8721872459628699,803.9070945037056,lr_shap_list_ir_4_subset_83,lr_shap_list_ir_4
299,X6,0.024376527996531682,0.0055530308858211105,25.35158911639295,lr_shap_list_ir_4_subset_83,lr_shap_list_ir_4
300,X1,0.02374548302775632,0.0329417245372856,24.695302348866573,lr_shap_list_ir_1_subset_89,lr_shap_list_ir_1
301,X2,1.7783815515129435,2.263506336005429,1849.5168135734614,lr_shap_list_ir_1_subset_89,lr_shap_list_ir_1
302,X3,1.8416402365404776,2.7666544223061376,1915.3058460020966,lr_shap_list_ir_1_subset_89,lr_shap_list_ir_1
303,X4,1.5027414284442278,0.675451544102085,1562.8510855819968,lr_shap_list_ir_1_subset_89,lr_shap_list_ir_1
304,X5,0.3800762818299497,0.4802421161677101,395.2793331031477,lr_shap_list_ir_1_subset_89,lr_shap_list_ir_1
305,X6,0.5305996217937881,0.12283965380827727,551.8236066655396,lr_shap_list_ir_1_subset_89,lr_shap_list_ir_1
306,X1,0.1582063812687476,0.2298914984560661,164.5346365194975,lr_shap_list_ir_5_subset_110,lr_shap_list_ir_5
307,X2,0.3762412411708034,0.5829221838429276,391.2908908176355,lr_shap_list_ir_5_subset_110,lr_shap_list_ir_5
308,X3,0.621883392102998,0.8629039040282896,646.758727787118,lr_shap_list_ir_5_subset_110,lr_shap_list_ir_5
309,X4,1.297300163825354,0.8740705839212849,1349.1921703783682,lr_shap_list_ir_5_subset_110,lr_shap_list_ir_5
310,X5,0.8790000790317068,0.9211568971288792,914.1600821929751,lr_shap_list_ir_5_subset_110,lr_shap_list_ir_5
311,X6,0.1708897622902569,0.043407091302044634,177.72535278186717,lr_shap_list_ir_5_subset_110,lr_shap_list_ir_5
312,X1,0.10132907559212304,0.1242246021009491,105.38223861580796,lr_shap_list_ir_2_subset_71,lr_shap_list_ir_2
313,X2,0.3261888804917772,0.3806471141334046,339.2364357114483,lr_shap_list_ir_2_subset_71,lr_shap_list_ir_2
314,X3,0.7261861049645566,0.8489502729253766,755.2335491631388,lr_shap_list_ir_2_subset_71,lr_shap_list_ir_2
315,X4,1.2580963907320046,0.7170530031380441,1308.4202463612849,lr_shap_list_ir_2_subset_71,lr_shap_list_ir_2
316,X5,0.9559280243746022,1.6061693699773028,994.1651453495863,lr_shap_list_ir_2_subset_71,lr_shap_list_ir_2
317,X6,0.22228867684371384,0.050704929633000495,231.1802239174624,lr_shap_list_ir_2_subset_71,lr_shap_list_ir_2
318,X1,0.47718558734476124,0.5148540833801071,496.27301083855167,lr_shap_list_ir_5_subset_93,lr_shap_list_ir_5
319,X2,0.5804494568457955,0.7543825187179772,603.6674351196274,lr_shap_list_ir_5_subset_93,lr_shap_list_ir_5
320,X3,0.5666647459807886,0.760887807078569,589.3313358200202,lr_shap_list_ir_5_subset_93,lr_shap_list_ir_5
321,X4,0.9184123414965012,0.6034954967442709,955.1488351563612,lr_shap_list_ir_5_subset_93,lr_shap_list_ir_5
322,X5,0.8753179774445126,1.0737449481582721,910.330696542293,lr_shap_list_ir_5_subset_93,lr_shap_list_ir_5
323,X6,0.12479467107048363,0.04110123738926953,129.78645791330297,lr_shap_list_ir_5_subset_93,lr_shap_list_ir_5
324,X1,0.21813827152325632,0.3122810252006735,226.86380238418658,lr_shap_list_ir_4_subset_127,lr_shap_list_ir_4
325,X2,0.4359319849390843,0.6907175896287572,453.3692643366477,lr_shap_list_ir_4_subset_127,lr_shap_list_ir_4
326,X3,0.7458818869388348,1.1066626621497244,775.7171624163882,lr_shap_list_ir_4_subset_127,lr_shap_list_ir_4
327,X4,0.845936558142182,0.634140702053994,879.7740204678694,lr_shap_list_ir_4_subset_127,lr_shap_list_ir_4
328,X5,0.6408995320481399,0.9946776707078485,666.5355133300654,lr_shap_list_ir_4_subset_127,lr_shap_list_ir_4
329,X6,0.2581804589716522,0.07134771076328371,268.5076773305183,lr_shap_list_ir_4_subset_127,lr_shap_list_ir_4
330,X1,0.4866955246781095,0.568037777128624,506.16334566523386,lr_shap_list_ir_2_subset_84,lr_shap_list_ir_2
331,X2,0.556650779554524,0.5813946583076548,578.916810736705,lr_shap_list_ir_2_subset_84,lr_shap_list_ir_2
332,X3,0.9698673216534397,1.4126196239277822,1008.6620145195773,lr_shap_list_ir_2_subset_84,lr_shap_list_ir_2
333,X4,1.5429821912555888,0.8992447339527732,1604.7014789058123,lr_shap_list_ir_2_subset_84,lr_shap_list_ir_2
334,X5,0.5962249416711899,0.9200894672068614,620.0739393380375,lr_shap_list_ir_2_subset_84,lr_shap_list_ir_2
335,X6,0.708557507276939,0.15584038311699983,736.8998075680165,lr_shap_list_ir_2_subset_84,lr_shap_list_ir_2
336,X1,0.77270448426645,1.4181682088695857,803.612663637108,lr_shap_list_ir_1_subset_50,lr_shap_list_ir_1
337,X2,1.9435339995448069,2.021201391300548,2021.2753595265992,lr_shap_list_ir_1_subset_50,lr_shap_list_ir_1
338,X3,1.4079666611977266,1.6394349622980864,1464.2853276456358,lr_shap_list_ir_1_subset_50,lr_shap_list_ir_1
339,X4,1.9597788507299692,0.8662779221693256,2038.170004759168,lr_shap_list_ir_1_subset_50,lr_shap_list_ir_1
340,X5,0.1576935885374015,0.227287858960691,164.00133207889758,lr_shap_list_ir_1_subset_50,lr_shap_list_ir_1
341,X6,1.2209284880722848,0.28995391515344077,1269.7656275951763,lr_shap_list_ir_1_subset_50,lr_shap_list_ir_1
342,X1,0.13905497275588138,0.2647811013074033,144.61717166611663,lr_shap_list_ir_5_subset_117,lr_shap_list_ir_5
343,X2,0.4835821846828154,0.6606027096534351,502.925472070128,lr_shap_list_ir_5_subset_117,lr_shap_list_ir_5
344,X3,0.727334098633676,1.6502829287639598,756.4274625790231,lr_shap_list_ir_5_subset_117,lr_shap_list_ir_5
345,X4,1.1589073543641248,0.8368907241901943,1205.2636485386897,lr_shap_list_ir_5_subset_117,lr_shap_list_ir_5
346,X5,0.8170793647598062,1.2486942354164998,849.7625393501985,lr_shap_list_ir_5_subset_117,lr_shap_list_ir_5
347,X6,0.18525626830079986,0.04881209240588672,192.66651903283184,lr_shap_list_ir_5_subset_117,lr_shap_list_ir_5
348,X1,0.6641620545617437,1.0027991885910639,690.7285367442134,lr_shap_list_ir_1_subset_92,lr_shap_list_ir_1
349,X2,0.9858079737542171,1.3030767977406494,1025.2402927043859,lr_shap_list_ir_1_subset_92,lr_shap_list_ir_1
350,X3,1.3599593568836243,1.9533351332633175,1414.3577311589693,lr_shap_list_ir_1_subset_92,lr_shap_list_ir_1
351,X4,0.49311351791708913,0.25763673452429225,512.8380586337727,lr_shap_list_ir_1_subset_92,lr_shap_list_ir_1
352,X5,0.3248932430769837,0.36216358410005794,337.888972800063,lr_shap_list_ir_1_subset_92,lr_shap_list_ir_1
353,X6,0.6779135055138094,0.15397522769026822,705.0300457343617,lr_shap_list_ir_1_subset_92,lr_shap_list_ir_1
354,X1,0.5061793104485991,0.5751516434651966,526.4264828665431,lr_shap_list_ir_3_subset_32,lr_shap_list_ir_3
355,X2,0.5015692889961085,0.765374106275985,521.6320605559529,lr_shap_list_ir_3_subset_32,lr_shap_list_ir_3
356,X3,0.32553216376768274,0.5482768707526003,338.55345031839005,lr_shap_list_ir_3_subset_32,lr_shap_list_ir_3
357,X4,0.9158553421140952,0.5166239213601734,952.489555798659,lr_shap_list_ir_3_subset_32,lr_shap_list_ir_3
358,X5,0.6825002706415023,1.0037442279741933,709.8002814671624,lr_shap_list_ir_3_subset_32,lr_shap_list_ir_3
359,X6,0.06387057324203471,0.015311567468418098,66.4253961717161,lr_shap_list_ir_3_subset_32,lr_shap_list_ir_3
360,X1,0.5612569587829149,0.7269411682417414,583.7072371342315,lr_shap_list_ir_1_subset_55,lr_shap_list_ir_1
361,X2,0.1558307231704349,0.18251976104370826,162.0639520972523,lr_shap_list_ir_1_subset_55,lr_shap_list_ir_1
362,X3,0.047480494285958276,0.06858329934412222,49.379714057396605,lr_shap_list_ir_1_subset_55,lr_shap_list_ir_1
363,X4,0.5239920382135598,0.27156154402430543,544.9517197421021,lr_shap_list_ir_1_subset_55,lr_shap_list_ir_1
364,X5,0.4456304599934769,0.5847994476750095,463.455678393216,lr_shap_list_ir_1_subset_55,lr_shap_list_ir_1
365,X6,0.5573380474138286,0.12199476963676545,579.6315693103818,lr_shap_list_ir_1_subset_55,lr_shap_list_ir_1
366,X1,0.4913924720639313,0.6409446314849003,511.04817094648854,lr_shap_list_ir_3_subset_19,lr_shap_list_ir_3
367,X2,0.48168372166673096,0.7344301506888855,500.9510705334002,lr_shap_list_ir_3_subset_19,lr_shap_list_ir_3
368,X3,1.040124516908998,1.8609851809924634,1081.729497585358,lr_shap_list_ir_3_subset_19,lr_shap_list_ir_3
369,X4,0.8753027804676197,0.5667787331536566,910.3148916863245,lr_shap_list_ir_3_subset_19,lr_shap_list_ir_3
370,X5,0.5993085744140565,0.9475639586145925,623.2809173906187,lr_shap_list_ir_3_subset_19,lr_shap_list_ir_3
371,X6,0.35936069597984105,0.08428305379495661,373.7351238190347,lr_shap_list_ir_3_subset_19,lr_shap_list_ir_3
372,X1,0.26671465503612984,0.32503161717176404,277.383241237575,lr_shap_list_ir_2_subset_70,lr_shap_list_ir_2
373,X2,1.9329530484965658,2.682743842950565,2010.2711704364285,lr_shap_list_ir_2_subset_70,lr_shap_list_ir_2
374,X3,1.1745132386829862,1.726122576664388,1221.4937682303057,lr_shap_list_ir_2_subset_70,lr_shap_list_ir_2
375,X4,1.6206427509999728,0.9755962843588302,1685.4684610399718,lr_shap_list_ir_2_subset_70,lr_shap_list_ir_2
376,X5,0.5258271247900081,0.6456317079077188,546.8602097816084,lr_shap_list_ir_2_subset_70,lr_shap_list_ir_2
377,X6,0.4681343825625724,0.11382849273247807,486.85975786507527,lr_shap_list_ir_2_subset_70,lr_shap_list_ir_2
378,X1,0.2675418089893958,0.3300648019217101,278.2434813489716,lr_shap_list_ir_2_subset_20,lr_shap_list_ir_2
379,X2,1.2799223407972944,2.3335201637909146,1331.1192344291862,lr_shap_list_ir_2_subset_20,lr_shap_list_ir_2
380,X3,1.9871574161559833,3.2987907152224816,2066.6437128022226,lr_shap_list_ir_2_subset_20,lr_shap_list_ir_2
381,X4,1.2477068030908554,0.769688207166475,1297.6150752144895,lr_shap_list_ir_2_subset_20,lr_shap_list_ir_2
382,X5,0.5653891732128796,0.7401238486227448,588.0047401413948,lr_shap_list_ir_2_subset_20,lr_shap_list_ir_2
383,X6,0.5433391247195027,0.14627376319682797,565.0726897082828,lr_shap_list_ir_2_subset_20,lr_shap_list_ir_2
384,X1,0.43689116296285946,0.6235270596053191,454.3668094813738,lr_shap_list_ir_2_subset_139,lr_shap_list_ir_2
385,X2,1.7997242362454082,2.323176494220573,1871.7132056952246,lr_shap_list_ir_2_subset_139,lr_shap_list_ir_2
386,X3,0.3200360072690598,0.6367063836179141,332.8374475598222,lr_shap_list_ir_2_subset_139,lr_shap_list_ir_2
387,X4,1.0226024715484328,0.555590218260326,1063.5065704103702,lr_shap_list_ir_2_subset_139,lr_shap_list_ir_2
388,X5,0.6358241328925593,0.8627214608037651,661.2570982082617,lr_shap_list_ir_2_subset_139,lr_shap_list_ir_2
389,X6,0.2787610329571882,0.06520031755226799,289.9114742754757,lr_shap_list_ir_2_subset_139,lr_shap_list_ir_2
390,X1,0.4338810019723497,0.4515369452851683,451.23624205124366,lr_shap_list_ir_1_subset_40,lr_shap_list_ir_1
391,X2,2.178100218774787,2.978667409502507,2265.224227525778,lr_shap_list_ir_1_subset_40,lr_shap_list_ir_1
392,X3,0.45341456072132624,0.690963560501947,471.5511431501793,lr_shap_list_ir_1_subset_40,lr_shap_list_ir_1
393,X4,1.0144652766361848,0.4814687802480657,1055.0438877016322,lr_shap_list_ir_1_subset_40,lr_shap_list_ir_1
394,X5,0.47541192685241385,0.6697783475477704,494.4284039265104,lr_shap_list_ir_1_subset_40,lr_shap_list_ir_1
395,X6,0.24106598270572183,0.05400217555408239,250.7086220139507,lr_shap_list_ir_1_subset_40,lr_shap_list_ir_1
396,X1,0.20950823677607186,0.3314962426919188,217.88856624711474,lr_shap_list_ir_4_subset_69,lr_shap_list_ir_4
397,X2,0.38711904838932387,0.5601192378866302,402.6038103248968,lr_shap_list_ir_4_subset_69,lr_shap_list_ir_4
398,X3,0.6316181988467612,0.6648343669112505,656.8829268006316,lr_shap_list_ir_4_subset_69,lr_shap_list_ir_4
399,X4,1.221074682678001,0.8659015306399847,1269.917669985121,lr_shap_list_ir_4_subset_69,lr_shap_list_ir_4
400,X5,0.7835897254863118,1.2063607795304898,814.9333145057642,lr_shap_list_ir_4_subset_69,lr_shap_list_ir_4
401,X6,0.06477096541083321,0.018865806242826445,67.36180402726654,lr_shap_list_ir_4_subset_69,lr_shap_list_ir_4
402,X1,0.37288704924927185,0.46346160134342895,387.8025312192427,lr_shap_list_ir_4_subset_137,lr_shap_list_ir_4
403,X2,0.26535100498738085,0.440162565271742,275.96504518687607,lr_shap_list_ir_4_subset_137,lr_shap_list_ir_4
404,X3,1.0645448915408247,1.287280111649585,1107.1266872024576,lr_shap_list_ir_4_subset_137,lr_shap_list_ir_4
405,X4,0.6137764798531663,0.4404789170209859,638.3275390472929,lr_shap_list_ir_4_subset_137,lr_shap_list_ir_4
406,X5,0.5992933524636638,0.9322405870445016,623.2650865622103,lr_shap_list_ir_4_subset_137,lr_shap_list_ir_4
407,X6,0.6688336357694213,0.1808510718000224,695.5869812001982,lr_shap_list_ir_4_subset_137,lr_shap_list_ir_4
408,X1,0.38845750929971873,0.7205630592501816,403.9958096717075,lr_shap_list_ir_4_subset_67,lr_shap_list_ir_4
409,X2,0.5343880902003143,0.7494250003165847,555.7636138083269,lr_shap_list_ir_4_subset_67,lr_shap_list_ir_4
410,X3,0.5540453616708028,0.7211437236278212,576.2071761376349,lr_shap_list_ir_4_subset_67,lr_shap_list_ir_4
411,X4,0.8196771208147925,0.5611165548553905,852.4642056473842,lr_shap_list_ir_4_subset_67,lr_shap_list_ir_4
412,X5,0.9557881895870248,1.3385503359056363,994.0197171705058,lr_shap_list_ir_4_subset_67,lr_shap_list_ir_4
413,X6,0.09347125548341842,0.023689987902242266,97.21010570275516,lr_shap_list_ir_4_subset_67,lr_shap_list_ir_4
414,X1,0.5324560234344924,0.7107471047041172,553.7542643718721,lr_shap_list_ir_5_subset_23,lr_shap_list_ir_5
415,X2,0.5761149705278731,0.7948847437870151,599.159569348988,lr_shap_list_ir_5_subset_23,lr_shap_list_ir_5
416,X3,1.261624546344746,1.6995399846637265,1312.0895281985358,lr_shap_list_ir_5_subset_23,lr_shap_list_ir_5
417,X4,0.8946043482871321,0.6757944232906,930.3885222186174,lr_shap_list_ir_5_subset_23,lr_shap_list_ir_5
418,X5,1.1079882414915712,1.2621409980934428,1152.307771151234,lr_shap_list_ir_5_subset_23,lr_shap_list_ir_5
419,X6,0.10198663980959767,0.03624809354883945,106.06610540198157,lr_shap_list_ir_5_subset_23,lr_shap_list_ir_5
420,X1,1.1499177645652707,1.1370614677434059,1195.9144751478816,lr_shap_list_ir_1_subset_106,lr_shap_list_ir_1
421,X2,0.4405658530196545,0.5936228442792153,458.1884871404407,lr_shap_list_ir_1_subset_106,lr_shap_list_ir_1
422,X3,0.41811289068436114,0.6706005328364466,434.8374063117356,lr_shap_list_ir_1_subset_106,lr_shap_list_ir_1
423,X4,0.28412848175467886,0.12164457471766009,295.493621024866,lr_shap_list_ir_1_subset_106,lr_shap_list_ir_1
424,X5,0.39440278373402493,0.6920527316464415,410.17889508338595,lr_shap_list_ir_1_subset_106,lr_shap_list_ir_1
425,X6,0.629225146259276,0.14343138960085805,654.3941521096469,lr_shap_list_ir_1_subset_106,lr_shap_list_ir_1
426,X1,0.42939063005724953,0.4688853037440193,446.5662552595395,lr_shap_list_ir_5_subset_12,lr_shap_list_ir_5
427,X2,0.7084119428783217,0.9924281231468752,736.7484205934545,lr_shap_list_ir_5_subset_12,lr_shap_list_ir_5
428,X3,0.6225003687713491,0.8519877081194372,647.400383522203,lr_shap_list_ir_5_subset_12,lr_shap_list_ir_5
429,X4,1.1102586275909159,0.7782835957305047,1154.6689726945524,lr_shap_list_ir_5_subset_12,lr_shap_list_ir_5
430,X5,0.8615223064145017,1.190667313893297,895.9831986710817,lr_shap_list_ir_5_subset_12,lr_shap_list_ir_5
431,X6,0.0059737815243172294,0.002173274806183787,6.212732785289918,lr_shap_list_ir_5_subset_12,lr_shap_list_ir_5
432,X1,0.4100531698842747,0.7457197023588414,426.4552966796457,lr_shap_list_ir_3_subset_44,lr_shap_list_ir_3
433,X2,0.41188501118037707,0.594698404377083,428.36041162759216,lr_shap_list_ir_3_subset_44,lr_shap_list_ir_3
434,X3,0.6657128031828641,0.7926378532304821,692.3413153101786,lr_shap_list_ir_3_subset_44,lr_shap_list_ir_3
435,X4,0.7085319122151709,0.36220275511804956,736.8731887037777,lr_shap_list_ir_3_subset_44,lr_shap_list_ir_3
436,X5,0.685699036530557,0.9403998858784043,713.1269979917793,lr_shap_list_ir_3_subset_44,lr_shap_list_ir_3
437,X6,0.30726572061726,0.0812751346777586,319.5563494419504,lr_shap_list_ir_3_subset_44,lr_shap_list_ir_3
438,X1,0.21339922926433455,0.2969573134048157,221.93519843490793,lr_shap_list_ir_1_subset_116,lr_shap_list_ir_1
439,X2,3.6583428015092734,3.7203895996913534,3804.676513569644,lr_shap_list_ir_1_subset_116,lr_shap_list_ir_1
440,X3,0.960320145137327,1.6231380700602804,998.73295094282,lr_shap_list_ir_1_subset_116,lr_shap_list_ir_1
441,X4,0.9877487545764589,0.4497274347301398,1027.2587047595173,lr_shap_list_ir_1_subset_116,lr_shap_list_ir_1
442,X5,0.28322696830746097,0.40877396285265216,294.5560470397594,lr_shap_list_ir_1_subset_116,lr_shap_list_ir_1
443,X6,0.9653087254923096,0.21230068347110265,1003.921074512002,lr_shap_list_ir_1_subset_116,lr_shap_list_ir_1
444,X1,0.3367454676452596,0.48413355584601864,350.21528635106995,lr_shap_list_ir_4_subset_123,lr_shap_list_ir_4
445,X2,0.4986379837606093,0.5842145210843969,518.5835031110337,lr_shap_list_ir_4_subset_123,lr_shap_list_ir_4
446,X3,0.42442712985560377,0.9755262933029436,441.40421504982794,lr_shap_list_ir_4_subset_123,lr_shap_list_ir_4
447,X4,1.2727071687801583,0.9671944109489675,1323.6154555313647,lr_shap_list_ir_4_subset_123,lr_shap_list_ir_4
448,X5,0.7838016322890331,1.12182164320848,815.1536975805944,lr_shap_list_ir_4_subset_123,lr_shap_list_ir_4
449,X6,0.1532135302298438,0.048686031070422305,159.34207143903754,lr_shap_list_ir_4_subset_123,lr_shap_list_ir_4
450,X1,0.3757436040012387,0.4870405089510584,390.77334816128825,lr_shap_list_ir_3_subset_54,lr_shap_list_ir_3
451,X2,0.5871786896164125,0.7511511584959593,610.665837201069,lr_shap_list_ir_3_subset_54,lr_shap_list_ir_3
452,X3,0.4444003604917152,0.4999613059645401,462.17637491138385,lr_shap_list_ir_3_subset_54,lr_shap_list_ir_3
453,X4,0.8979091691656862,0.6404465614094127,933.8255359323136,lr_shap_list_ir_3_subset_54,lr_shap_list_ir_3
454,X5,0.7661364740207585,1.0940482804247338,796.7819329815889,lr_shap_list_ir_3_subset_54,lr_shap_list_ir_3
455,X6,0.06031458192630048,0.015106900847785178,62.7271652033525,lr_shap_list_ir_3_subset_54,lr_shap_list_ir_3
456,X1,0.35902937617889885,0.5138863924295,373.3905512260548,lr_shap_list_ir_5_subset_39,lr_shap_list_ir_5
457,X2,0.33492376426249876,0.4750622256514017,348.3207148329987,lr_shap_list_ir_5_subset_39,lr_shap_list_ir_5
458,X3,0.7435009556594445,1.078314271970017,773.2409938858223,lr_shap_list_ir_5_subset_39,lr_shap_list_ir_5
459,X4,0.9908901607045939,0.7024729405679438,1030.5257671327777,lr_shap_list_ir_5_subset_39,lr_shap_list_ir_5
460,X5,0.7957973825702996,1.2888952530928117,827.6292778731116,lr_shap_list_ir_5_subset_39,lr_shap_list_ir_5
461,X6,0.009555115399337762,0.0024879472184014045,9.937320015311272,lr_shap_list_ir_5_subset_39,lr_shap_list_ir_5
462,X1,0.08253021403847932,0.11561630517449702,85.8314226000185,lr_shap_list_ir_2_subset_111,lr_shap_list_ir_2
463,X2,0.3871769227731564,0.42874333250770286,402.6639996840827,lr_shap_list_ir_2_subset_111,lr_shap_list_ir_2
464,X3,0.673359248823126,0.8583248125131328,700.2936187760511,lr_shap_list_ir_2_subset_111,lr_shap_list_ir_2
465,X4,1.1145661337508317,0.6527019923824815,1159.1487791008649,lr_shap_list_ir_2_subset_111,lr_shap_list_ir_2
466,X5,0.33225187619512564,0.6807707693118927,345.5419512429307,lr_shap_list_ir_2_subset_111,lr_shap_list_ir_2
467,X6,0.1425280992378429,0.031843736425925945,148.22922320735663,lr_shap_list_ir_2_subset_111,lr_shap_list_ir_2
468,X1,0.4821289638925896,0.7081555701486482,501.41412244829314,lr_shap_list_ir_4_subset_53,lr_shap_list_ir_4
469,X2,0.4405713093817085,0.6136013598130118,458.1941617569769,lr_shap_list_ir_4_subset_53,lr_shap_list_ir_4
470,X3,0.7199148372262338,1.4555574688665205,748.7114307152832,lr_shap_list_ir_4_subset_53,lr_shap_list_ir_4
471,X4,0.8315678435982765,0.5554622004862982,864.8305573422076,lr_shap_list_ir_4_subset_53,lr_shap_list_ir_4
472,X5,0.7425407504756953,0.9984277675145378,772.2423804947232,lr_shap_list_ir_4_subset_53,lr_shap_list_ir_4
473,X6,0.0203900397658042,0.005718334904995185,21.205641356436367,lr_shap_list_ir_4_subset_53,lr_shap_list_ir_4
474,X1,0.5068592428962445,0.5120631756403368,527.1336126120943,lr_shap_list_ir_1_subset_39,lr_shap_list_ir_1
475,X2,0.038114141692017045,0.04634447628021037,39.638707359697726,lr_shap_list_ir_1_subset_39,lr_shap_list_ir_1
476,X3,0.3822430988407497,0.6593955373399565,397.5328227943797,lr_shap_list_ir_1_subset_39,lr_shap_list_ir_1
477,X4,0.005050390919609992,0.002203595420641139,5.2524065563943925,lr_shap_list_ir_1_subset_39,lr_shap_list_ir_1
478,X5,0.5544028959998832,0.8078015821785753,576.5790118398786,lr_shap_list_ir_1_subset_39,lr_shap_list_ir_1
479,X6,0.197499294516594,0.04512940260553631,205.39926629725778,lr_shap_list_ir_1_subset_39,lr_shap_list_ir_1
480,X1,0.46697467577855,0.5203501600007671,485.65366280969204,lr_shap_list_ir_3_subset_46,lr_shap_list_ir_3
481,X2,0.2621143753105391,0.3590503116892269,272.59895032296066,lr_shap_list_ir_3_subset_46,lr_shap_list_ir_3
482,X3,1.0572306468363986,1.3912652667824386,1099.5198727098546,lr_shap_list_ir_3_subset_46,lr_shap_list_ir_3
483,X4,0.675144984763276,0.3407675403137719,702.1507841538071,lr_shap_list_ir_3_subset_46,lr_shap_list_ir_3
484,X5,0.6142309299596066,0.8853032783334693,638.8001671579908,lr_shap_list_ir_3_subset_46,lr_shap_list_ir_3
485,X6,0.06031596729086654,0.015559366477638033,62.7286059825012,lr_shap_list_ir_3_subset_46,lr_shap_list_ir_3
486,X1,0.585457327438194,0.71996733372364,608.8756205357217,lr_shap_list_ir_3_subset_119,lr_shap_list_ir_3
487,X2,0.35215838902160446,0.4718423447518,366.2447245824686,lr_shap_list_ir_3_subset_119,lr_shap_list_ir_3
488,X3,0.8411000095009378,1.0243285572225367,874.7440098809752,lr_shap_list_ir_3_subset_119,lr_shap_list_ir_3
489,X4,0.5385767784548849,0.3441766472254315,560.1198495930803,lr_shap_list_ir_3_subset_119,lr_shap_list_ir_3
490,X5,0.4864328761150686,0.870445200281992,505.8901911596713,lr_shap_list_ir_3_subset_119,lr_shap_list_ir_3
491,X6,0.35880372065466193,0.10203071637919223,373.1558694808484,lr_shap_list_ir_3_subset_119,lr_shap_list_ir_3
492,X1,1.189689941709664,2.1933315851698163,1237.2775393780505,lr_shap_list_ir_1_subset_107,lr_shap_list_ir_1
493,X2,1.3901197086959936,1.6605655032770041,1445.7244970438333,lr_shap_list_ir_1_subset_107,lr_shap_list_ir_1
494,X3,0.21906169610696669,0.22827032151070067,227.82416395124534,lr_shap_list_ir_1_subset_107,lr_shap_list_ir_1
495,X4,1.02101467892609,0.547524834265528,1061.8552660831338,lr_shap_list_ir_1_subset_107,lr_shap_list_ir_1
496,X5,0.5625462731071305,0.5980708068764875,585.0481240314157,lr_shap_list_ir_1_subset_107,lr_shap_list_ir_1
497,X6,0.443832037732689,0.10269484291431205,461.58531924199656,lr_shap_list_ir_1_subset_107,lr_shap_list_ir_1
498,X1,0.14251611868532663,0.2009638863920282,148.2167634327397,lr_shap_list_ir_4_subset_107,lr_shap_list_ir_4
499,X2,0.27172824387096783,0.3076669508787311,282.59737362580654,lr_shap_list_ir_4_subset_107,lr_shap_list_ir_4
500,X3,0.6712541218797564,0.8507754200948422,698.1042867549467,lr_shap_list_ir_4_subset_107,lr_shap_list_ir_4
501,X4,0.9199511951715418,0.6723959195831923,956.7492429784035,lr_shap_list_ir_4_subset_107,lr_shap_list_ir_4
502,X5,0.887207987325849,1.2130415482150403,922.696306818883,lr_shap_list_ir_4_subset_107,lr_shap_list_ir_4
503,X6,0.10331291249204844,0.026974280547045374,107.44542899173038,lr_shap_list_ir_4_subset_107,lr_shap_list_ir_4
504,X1,0.3447883291021143,0.48169527859837175,358.5798622661989,lr_shap_list_ir_5_subset_90,lr_shap_list_ir_5
505,X2,0.6962538149848839,0.8527367710020883,724.1039675842793,lr_shap_list_ir_5_subset_90,lr_shap_list_ir_5
506,X3,0.6480406632516889,1.0624598053164003,673.9622897817565,lr_shap_list_ir_5_subset_90,lr_shap_list_ir_5
507,X4,1.1686501505230857,0.7908508716300673,1215.3961565440093,lr_shap_list_ir_5_subset_90,lr_shap_list_ir_5
508,X5,0.9880746719357099,1.2411265328113632,1027.5976588131382,lr_shap_list_ir_5_subset_90,lr_shap_list_ir_5
509,X6,0.026573462565044247,0.006499772338592324,27.636401067646016,lr_shap_list_ir_5_subset_90,lr_shap_list_ir_5
510,X1,0.1495728440451052,0.22708966213104262,155.5557578069094,lr_shap_list_ir_1_subset_119,lr_shap_list_ir_1
511,X2,1.8188359731286372,2.2311237269165622,1891.5894120537828,lr_shap_list_ir_1_subset_119,lr_shap_list_ir_1
512,X3,3.2726977745811316,4.961138494297252,3403.605685564377,lr_shap_list_ir_1_subset_119,lr_shap_list_ir_1
513,X4,2.7918851023885205,1.235176054877169,2903.5605064840615,lr_shap_list_ir_1_subset_119,lr_shap_list_ir_1
514,X5,0.5321699833919731,0.5149659451066372,553.456782727652,lr_shap_list_ir_1_subset_119,lr_shap_list_ir_1
515,X6,0.41962283522666505,0.10015450585228439,436.40774863573165,lr_shap_list_ir_1_subset_119,lr_shap_list_ir_1
516,X1,0.5551058601553,0.6467029303695632,577.310094561512,lr_shap_list_ir_4_subset_25,lr_shap_list_ir_4
517,X2,0.6956863476543838,0.7589487630621713,723.5138015605592,lr_shap_list_ir_4_subset_25,lr_shap_list_ir_4
518,X3,0.5919224852595453,0.8787467411104642,615.5993846699271,lr_shap_list_ir_4_subset_25,lr_shap_list_ir_4
519,X4,0.7638639884821679,0.5380230719646931,794.4185480214545,lr_shap_list_ir_4_subset_25,lr_shap_list_ir_4
520,X5,0.6188139858009135,0.8235603408864502,643.56654523295,lr_shap_list_ir_4_subset_25,lr_shap_list_ir_4
521,X6,0.21885356940932751,0.06629565190064737,227.60771218570062,lr_shap_list_ir_4_subset_25,lr_shap_list_ir_4
522,X1,0.6399005999814925,0.6308060116744396,665.4966239807522,lr_shap_list_ir_5_subset_35,lr_shap_list_ir_5
523,X2,0.6397029095154638,0.7758373641196983,665.2910258960824,lr_shap_list_ir_5_subset_35,lr_shap_list_ir_5
524,X3,0.6759761237888688,0.9322529453169934,703.0151687404236,lr_shap_list_ir_5_subset_35,lr_shap_list_ir_5
525,X4,0.7404090154442392,0.5215817163756575,770.0253760620087,lr_shap_list_ir_5_subset_35,lr_shap_list_ir_5
526,X5,0.8468169916422703,1.1179703985456018,880.6896713079611,lr_shap_list_ir_5_subset_35,lr_shap_list_ir_5
527,X6,0.28618907907903884,0.06925256107726638,297.6366422422004,lr_shap_list_ir_5_subset_35,lr_shap_list_ir_5
528,X1,0.2733935265664605,0.36040172322916897,284.32926762911893,lr_shap_list_ir_3_subset_65,lr_shap_list_ir_3
529,X2,0.4262845461201869,0.6725857825288646,443.33592796499437,lr_shap_list_ir_3_subset_65,lr_shap_list_ir_3
530,X3,1.095513112461497,2.1342176803754116,1139.333636959957,lr_shap_list_ir_3_subset_65,lr_shap_list_ir_3
531,X4,0.91141842743081,0.6117783407350266,947.8751645280424,lr_shap_list_ir_3_subset_65,lr_shap_list_ir_3
532,X5,0.5812479406216741,0.9033184372926851,604.497858246541,lr_shap_list_ir_3_subset_65,lr_shap_list_ir_3
533,X6,0.273514102826256,0.06559981235051293,284.4546669393062,lr_shap_list_ir_3_subset_65,lr_shap_list_ir_3
534,X1,0.6191801792394238,0.7154200080218489,643.9473864090007,lr_shap_list_ir_3_subset_95,lr_shap_list_ir_3
535,X2,0.4525652864950674,0.5975107069159081,470.66789795487006,lr_shap_list_ir_3_subset_95,lr_shap_list_ir_3
536,X3,0.6798938867105001,0.7146096418202724,707.0896421789201,lr_shap_list_ir_3_subset_95,lr_shap_list_ir_3
537,X4,0.7775703027638968,0.5081642829870315,808.6731148744527,lr_shap_list_ir_3_subset_95,lr_shap_list_ir_3
538,X5,0.6156618907265538,0.9329235775761098,640.288366355616,lr_shap_list_ir_3_subset_95,lr_shap_list_ir_3
539,X6,0.18580000715472203,0.043371303789673396,193.2320074409109,lr_shap_list_ir_3_subset_95,lr_shap_list_ir_3
540,X1,0.12255771351605793,0.19610310086106242,127.46002205670025,lr_shap_list_ir_1_subset_14,lr_shap_list_ir_1
541,X2,1.170226811146803,2.0371222338706216,1217.0358835926752,lr_shap_list_ir_1_subset_14,lr_shap_list_ir_1
542,X3,1.0954106482233503,1.3686103117270592,1139.2270741522843,lr_shap_list_ir_1_subset_14,lr_shap_list_ir_1
543,X4,1.34018441591527,0.7880328078519551,1393.791792551881,lr_shap_list_ir_1_subset_14,lr_shap_list_ir_1
544,X5,0.5402265744298218,0.76060641959852,561.8356374070147,lr_shap_list_ir_1_subset_14,lr_shap_list_ir_1
545,X6,1.0123445809779945,0.3343269916822192,1052.8383642171143,lr_shap_list_ir_1_subset_14,lr_shap_list_ir_1
546,X1,0.4113241580802393,0.48412061429586145,427.7771244034489,lr_shap_list_ir_2_subset_127,lr_shap_list_ir_2
547,X2,0.45558848620905756,0.7036520356405133,473.8120256574199,lr_shap_list_ir_2_subset_127,lr_shap_list_ir_2
548,X3,0.2737279670459309,0.4236336654811306,284.67708572776814,lr_shap_list_ir_2_subset_127,lr_shap_list_ir_2
549,X4,0.8184994854090426,0.38355810174207483,851.2394648254043,lr_shap_list_ir_2_subset_127,lr_shap_list_ir_2
550,X5,0.4856357323018569,0.5828529618718383,505.0611615939312,lr_shap_list_ir_2_subset_127,lr_shap_list_ir_2
551,X6,0.30193132591243904,0.07147705284238079,314.0085789489366,lr_shap_list_ir_2_subset_127,lr_shap_list_ir_2
552,X1,0.3906626343453959,0.5158623436707833,406.28913971921173,lr_shap_list_ir_2_subset_19,lr_shap_list_ir_2
553,X2,1.4744234579970366,2.3668052509113564,1533.400396316918,lr_shap_list_ir_2_subset_19,lr_shap_list_ir_2
554,X3,1.5653227756525459,2.345188855463183,1627.9356866786477,lr_shap_list_ir_2_subset_19,lr_shap_list_ir_2
555,X4,0.8070815053855908,0.44243057295796717,839.3647656010144,lr_shap_list_ir_2_subset_19,lr_shap_list_ir_2
556,X5,0.5196433323493468,0.5947771801620603,540.4290656433207,lr_shap_list_ir_2_subset_19,lr_shap_list_ir_2
557,X6,0.7984315384352689,0.17777325868018018,830.3687999726797,lr_shap_list_ir_2_subset_19,lr_shap_list_ir_2
558,X1,0.26168604238233606,0.303560918883462,272.1534840776295,lr_shap_list_ir_4_subset_7,lr_shap_list_ir_4
559,X2,0.49050613600186305,0.549796197464456,510.12638144193755,lr_shap_list_ir_4_subset_7,lr_shap_list_ir_4
560,X3,0.8416731749154869,1.388074620576828,875.3401019121063,lr_shap_list_ir_4_subset_7,lr_shap_list_ir_4
561,X4,1.2988611493277253,0.8682557094151017,1350.8155953008343,lr_shap_list_ir_4_subset_7,lr_shap_list_ir_4
562,X5,0.6304423977207101,0.8711705893513351,655.6600936295384,lr_shap_list_ir_4_subset_7,lr_shap_list_ir_4
563,X6,0.01108942613405445,0.0029560880199365016,11.533003179416628,lr_shap_list_ir_4_subset_7,lr_shap_list_ir_4
564,X1,0.5564873333441197,0.5952657810369408,578.7468266778845,lr_shap_list_ir_3_subset_2,lr_shap_list_ir_3
565,X2,0.3661620016821686,0.5959620401807147,380.8084817494554,lr_shap_list_ir_3_subset_2,lr_shap_list_ir_3
566,X3,0.6211279253887119,1.0009525255298792,645.9730424042604,lr_shap_list_ir_3_subset_2,lr_shap_list_ir_3
567,X4,0.9176386303080554,0.6237025961210426,954.3441755203776,lr_shap_list_ir_3_subset_2,lr_shap_list_ir_3
568,X5,0.6543846150193494,0.9591317890119586,680.5599996201233,lr_shap_list_ir_3_subset_2,lr_shap_list_ir_3
569,X6,0.2281460751862763,0.055834438179161,237.27191819372734,lr_shap_list_ir_3_subset_2,lr_shap_list_ir_3
570,X1,0.44731043799828635,0.6539440398189414,465.2028555182178,lr_shap_list_ir_3_subset_103,lr_shap_list_ir_3
571,X2,0.335096086015378,0.4510782562746098,348.4999294559931,lr_shap_list_ir_3_subset_103,lr_shap_list_ir_3
572,X3,0.6417917723698028,1.2617299881095496,667.4634432645948,lr_shap_list_ir_3_subset_103,lr_shap_list_ir_3
573,X4,0.8380058851062009,0.5076167811197361,871.5261205104489,lr_shap_list_ir_3_subset_103,lr_shap_list_ir_3
574,X5,0.5743717939682419,0.8340654589460498,597.3466657269715,lr_shap_list_ir_3_subset_103,lr_shap_list_ir_3
575,X6,0.1700673016782152,0.04122047877133642,176.8699937453438,lr_shap_list_ir_3_subset_103,lr_shap_list_ir_3
576,X1,0.4585314927014725,0.49539311380060985,476.87275240953136,lr_shap_list_ir_4_subset_41,lr_shap_list_ir_4
577,X2,0.44273483925190016,0.6391668692480147,460.4442328219762,lr_shap_list_ir_4_subset_41,lr_shap_list_ir_4
578,X3,0.4868160652448831,0.5318347329991042,506.2887078546784,lr_shap_list_ir_4_subset_41,lr_shap_list_ir_4
579,X4,0.4343819356534262,0.2746679164978155,451.75721307956326,lr_shap_list_ir_4_subset_41,lr_shap_list_ir_4
580,X5,0.9887684574612657,1.420970380112408,1028.3191957597164,lr_shap_list_ir_4_subset_41,lr_shap_list_ir_4
581,X6,0.4928493631640997,0.12952951453097655,512.5633376906637,lr_shap_list_ir_4_subset_41,lr_shap_list_ir_4
582,X1,0.5288694867834662,0.827893512681442,550.0242662548048,lr_shap_list_ir_2_subset_9,lr_shap_list_ir_2
583,X2,0.6875825893660052,0.8063950113525721,715.0858929406454,lr_shap_list_ir_2_subset_9,lr_shap_list_ir_2
584,X3,3.2208221204097427,5.317300720485762,3349.6550052261323,lr_shap_list_ir_2_subset_9,lr_shap_list_ir_2
585,X4,0.7111888397131343,0.40309034407320277,739.6363933016596,lr_shap_list_ir_2_subset_9,lr_shap_list_ir_2
586,X5,0.3751342467750829,0.5138620877234076,390.1396166460862,lr_shap_list_ir_2_subset_9,lr_shap_list_ir_2
587,X6,1.0059623939436126,0.26021276829683687,1046.2008897013573,lr_shap_list_ir_2_subset_9,lr_shap_list_ir_2
588,X1,0.3604246926100724,0.40597958310215154,374.84168031447524,lr_shap_list_ir_4_subset_54,lr_shap_list_ir_4
589,X2,0.39582211214988483,0.6095383204347041,411.65499663588025,lr_shap_list_ir_4_subset_54,lr_shap_list_ir_4
590,X3,0.6769920953210222,1.4054048836374946,704.0717791338631,lr_shap_list_ir_4_subset_54,lr_shap_list_ir_4
591,X4,1.0860514663471883,0.6693329539213108,1129.4935250010758,lr_shap_list_ir_4_subset_54,lr_shap_list_ir_4
592,X5,0.7393885694979794,0.8895006472627887,768.9641122778985,lr_shap_list_ir_4_subset_54,lr_shap_list_ir_4
593,X6,0.09688764600390562,0.02637173342250222,100.76315184406184,lr_shap_list_ir_4_subset_54,lr_shap_list_ir_4
594,X1,0.7757120901050109,0.912394721882129,806.7405737092113,lr_shap_list_ir_1_subset_148,lr_shap_list_ir_1
595,X2,0.4613404660841343,0.6368712514226296,479.7940847274997,lr_shap_list_ir_1_subset_148,lr_shap_list_ir_1
596,X3,2.7470889112132864,3.501553768344665,2856.972467661818,lr_shap_list_ir_1_subset_148,lr_shap_list_ir_1
597,X4,0.11796876241993419,0.07486795316069594,122.68751291673156,lr_shap_list_ir_1_subset_148,lr_shap_list_ir_1
598,X5,0.23366830962546026,0.4084184655755287,243.01504201047868,lr_shap_list_ir_1_subset_148,lr_shap_list_ir_1
599,X6,1.7955972663757835,0.5360155586159977,1867.4211570308148,lr_shap_list_ir_1_subset_148,lr_shap_list_ir_1
600,X1,0.24006710025816502,0.3569726133122665,249.6697842684916,lr_shap_list_ir_1_subset_49,lr_shap_list_ir_1
601,X2,0.026835407421454065,0.04440765518158496,27.908823718312227,lr_shap_list_ir_1_subset_49,lr_shap_list_ir_1
602,X3,0.36978546128104445,0.32290435206165413,384.5768797322862,lr_shap_list_ir_1_subset_49,lr_shap_list_ir_1
603,X4,1.2006871665799854,0.6782069164646211,1248.7146532431848,lr_shap_list_ir_1_subset_49,lr_shap_list_ir_1
604,X5,0.40387557874797175,0.6405869141228615,420.0306018978906,lr_shap_list_ir_1_subset_49,lr_shap_list_ir_1
605,X6,0.9177022301456108,0.25668525606714815,954.4103193514352,lr_shap_list_ir_1_subset_49,lr_shap_list_ir_1
606,X1,0.4278515154669789,0.5802875290575016,444.9655760856581,lr_shap_list_ir_2_subset_17,lr_shap_list_ir_2
607,X2,0.8139546951988524,1.1039638951538575,846.5128830068065,lr_shap_list_ir_2_subset_17,lr_shap_list_ir_2
608,X3,0.7520719643176212,1.641034584844148,782.1548428903261,lr_shap_list_ir_2_subset_17,lr_shap_list_ir_2
609,X4,0.8306330376547617,0.4092904846738264,863.8583591609522,lr_shap_list_ir_2_subset_17,lr_shap_list_ir_2
610,X5,0.5819432185456008,0.8181544621058264,605.2209472874249,lr_shap_list_ir_2_subset_17,lr_shap_list_ir_2
611,X6,0.22141120425680152,0.04983591871092866,230.26765242707359,lr_shap_list_ir_2_subset_17,lr_shap_list_ir_2
612,X1,0.740765613826316,0.9497807977494175,770.3962383793687,lr_shap_list_ir_1_subset_63,lr_shap_list_ir_1
613,X2,0.4139416234887019,0.5233230885538516,430.49928842825,lr_shap_list_ir_1_subset_63,lr_shap_list_ir_1
614,X3,0.32865338099742064,0.4073550083345218,341.79951623731745,lr_shap_list_ir_1_subset_63,lr_shap_list_ir_1
615,X4,0.4223374176082518,0.19407768670491896,439.23091431258183,lr_shap_list_ir_1_subset_63,lr_shap_list_ir_1
616,X5,0.5896111212014944,0.5000915614042819,613.1955660495541,lr_shap_list_ir_1_subset_63,lr_shap_list_ir_1
617,X6,0.5950351479160357,0.12842496320731678,618.8365538326772,lr_shap_list_ir_1_subset_63,lr_shap_list_ir_1
618,X1,0.5545325059354294,0.6592293608222294,576.7138061728465,lr_shap_list_ir_5_subset_145,lr_shap_list_ir_5
619,X2,0.5080538094659095,0.683140330290743,528.3759618445458,lr_shap_list_ir_5_subset_145,lr_shap_list_ir_5
620,X3,0.8213562866538666,1.9553637324009256,854.2105381200213,lr_shap_list_ir_5_subset_145,lr_shap_list_ir_5
621,X4,1.0102180893526929,0.700750560409241,1050.6268129268005,lr_shap_list_ir_5_subset_145,lr_shap_list_ir_5
622,X5,0.8459171873009718,1.0410295094327189,879.7538747930106,lr_shap_list_ir_5_subset_145,lr_shap_list_ir_5
623,X6,0.19512480058871381,0.045353263745692735,202.92979261226236,lr_shap_list_ir_5_subset_145,lr_shap_list_ir_5
624,X1,0.7130223199909024,0.9422012188632326,741.5432127905385,lr_shap_list_ir_3_subset_142,lr_shap_list_ir_3
625,X2,0.5240493863848322,0.8220341519018997,545.0113618402255,lr_shap_list_ir_3_subset_142,lr_shap_list_ir_3
626,X3,1.0609188701390837,1.4923172399051552,1103.3556249446472,lr_shap_list_ir_3_subset_142,lr_shap_list_ir_3
627,X4,0.5579936818739961,0.33107085600807823,580.313429148956,lr_shap_list_ir_3_subset_142,lr_shap_list_ir_3
628,X5,0.5501481190404952,0.7668716958177246,572.154043802115,lr_shap_list_ir_3_subset_142,lr_shap_list_ir_3
629,X6,0.8016302941676392,0.20634967991385061,833.6955059343447,lr_shap_list_ir_3_subset_142,lr_shap_list_ir_3
630,X1,0.11150003134362466,0.23286309362410934,115.96003259736965,lr_shap_list_ir_3_subset_138,lr_shap_list_ir_3
631,X2,0.24838528155503514,0.378176633553971,258.32069281723653,lr_shap_list_ir_3_subset_138,lr_shap_list_ir_3
632,X3,0.5047186393987908,0.6904705720370338,524.9073849747424,lr_shap_list_ir_3_subset_138,lr_shap_list_ir_3
633,X4,0.9706879214325607,0.575775400399389,1009.5154382898631,lr_shap_list_ir_3_subset_138,lr_shap_list_ir_3
634,X5,0.5698589579363686,1.012289768896313,592.6533162538234,lr_shap_list_ir_3_subset_138,lr_shap_list_ir_3
635,X6,0.22717752778134878,0.05132323534133634,236.26462889260273,lr_shap_list_ir_3_subset_138,lr_shap_list_ir_3
636,X1,1.0020619672944642,1.1328102318144055,1042.1444459862428,lr_shap_list_ir_1_subset_10,lr_shap_list_ir_1
637,X2,0.5923882004474902,1.0428631718772001,616.0837284653898,lr_shap_list_ir_1_subset_10,lr_shap_list_ir_1
638,X3,0.09456497749236392,0.1821448115349504,98.34757659205847,lr_shap_list_ir_1_subset_10,lr_shap_list_ir_1
639,X4,1.4619933716091449,0.6723656679719847,1520.4731064735106,lr_shap_list_ir_1_subset_10,lr_shap_list_ir_1
640,X5,0.8197738467216471,1.3145603199505438,852.564800590513,lr_shap_list_ir_1_subset_10,lr_shap_list_ir_1
641,X6,1.8098546196949252,0.4153585316022888,1882.2488044827223,lr_shap_list_ir_1_subset_10,lr_shap_list_ir_1
642,X1,0.49512138565497826,0.6122667368593693,514.9262410811774,lr_shap_list_ir_2_subset_7,lr_shap_list_ir_2
643,X2,0.49316927277599265,0.6269613148548123,512.8960436870324,lr_shap_list_ir_2_subset_7,lr_shap_list_ir_2
644,X3,0.8079713765085126,1.307671766628636,840.2902315688531,lr_shap_list_ir_2_subset_7,lr_shap_list_ir_2
645,X4,1.0306621365079494,0.6645668837049503,1071.8886219682672,lr_shap_list_ir_2_subset_7,lr_shap_list_ir_2
646,X5,0.7547754451809187,1.1167962901912083,784.9664629881554,lr_shap_list_ir_2_subset_7,lr_shap_list_ir_2
647,X6,0.56752015316713,0.1375259371699174,590.2209592938152,lr_shap_list_ir_2_subset_7,lr_shap_list_ir_2
648,X1,0.35601417467528823,0.4604702559892971,370.25474166229975,lr_shap_list_ir_5_subset_107,lr_shap_list_ir_5
649,X2,0.4893470561505008,0.6644898544562121,508.9209383965208,lr_shap_list_ir_5_subset_107,lr_shap_list_ir_5
650,X3,0.5315033672498787,0.6316185530189411,552.7635019398738,lr_shap_list_ir_5_subset_107,lr_shap_list_ir_5
651,X4,0.7516945055966437,0.5131743434443956,781.7622858205095,lr_shap_list_ir_5_subset_107,lr_shap_list_ir_5
652,X5,1.0659149546952047,1.2547236425466144,1108.5515528830128,lr_shap_list_ir_5_subset_107,lr_shap_list_ir_5
653,X6,0.22503342830655593,0.055901604589222456,234.03476543881817,lr_shap_list_ir_5_subset_107,lr_shap_list_ir_5
654,X1,0.3173604378073447,0.41035547958533863,330.0548553196385,lr_shap_list_ir_1_subset_79,lr_shap_list_ir_1
655,X2,2.0838152187623513,3.1627617264921057,2167.167827512845,lr_shap_list_ir_1_subset_79,lr_shap_list_ir_1
656,X3,2.541090025454097,4.4620203416653315,2642.733626472261,lr_shap_list_ir_1_subset_79,lr_shap_list_ir_1
657,X4,1.5809798722442268,0.9334705986069342,1644.2190671339958,lr_shap_list_ir_1_subset_79,lr_shap_list_ir_1
658,X5,0.24682032055386638,0.38465167824831165,256.693133376021,lr_shap_list_ir_1_subset_79,lr_shap_list_ir_1
659,X6,0.07558897980567592,0.020619593547984934,78.61253899790296,lr_shap_list_ir_1_subset_79,lr_shap_list_ir_1
660,X1,0.381456875933086,0.5366953968448965,396.71515097040947,lr_shap_list_ir_2_subset_109,lr_shap_list_ir_2
661,X2,0.7124248270275252,0.7857858795569422,740.9218201086262,lr_shap_list_ir_2_subset_109,lr_shap_list_ir_2
662,X3,0.8866749962693226,1.1029970919017154,922.1419961200954,lr_shap_list_ir_2_subset_109,lr_shap_list_ir_2
663,X4,0.8757492681310556,0.46743907763157155,910.7792388562978,lr_shap_list_ir_2_subset_109,lr_shap_list_ir_2
664,X5,0.3547323592172832,0.4787347131300273,368.9216535859745,lr_shap_list_ir_2_subset_109,lr_shap_list_ir_2
665,X6,0.48691596121514297,0.138801755484758,506.3925996637487,lr_shap_list_ir_2_subset_109,lr_shap_list_ir_2
666,X1,0.7782364368724406,0.8535258009790587,809.3658943473382,lr_shap_list_ir_2_subset_82,lr_shap_list_ir_2
667,X2,0.8339491157739742,1.1934140633464192,867.3070804049332,lr_shap_list_ir_2_subset_82,lr_shap_list_ir_2
668,X3,1.031793027193541,0.9792015501684769,1073.0647482812826,lr_shap_list_ir_2_subset_82,lr_shap_list_ir_2
669,X4,1.0664826219340167,0.5306811758459496,1109.1419268113773,lr_shap_list_ir_2_subset_82,lr_shap_list_ir_2
670,X5,0.31893322721770195,0.5468921140040791,331.69055630641003,lr_shap_list_ir_2_subset_82,lr_shap_list_ir_2
671,X6,0.054383178607281354,0.013625315211531187,56.55850575157261,lr_shap_list_ir_2_subset_82,lr_shap_list_ir_2
672,X1,0.2851728757916711,0.39145872924420433,296.57979082333793,lr_shap_list_ir_3_subset_50,lr_shap_list_ir_3
673,X2,0.7216028856957577,0.911945289556298,750.467001123588,lr_shap_list_ir_3_subset_50,lr_shap_list_ir_3
674,X3,1.862199889208652,2.0302068367365926,1936.687884776998,lr_shap_list_ir_3_subset_50,lr_shap_list_ir_3
675,X4,0.7324658030109283,0.42179971704639285,761.7644351313655,lr_shap_list_ir_3_subset_50,lr_shap_list_ir_3
676,X5,0.654224658848214,0.873472225424739,680.3936452021426,lr_shap_list_ir_3_subset_50,lr_shap_list_ir_3
677,X6,0.7056057301127908,0.18028432266037633,733.8299593173025,lr_shap_list_ir_3_subset_50,lr_shap_list_ir_3
678,X1,0.6393391556076088,0.8288189196028045,664.9127218319131,lr_shap_list_ir_1_subset_17,lr_shap_list_ir_1
679,X2,0.33177094677406416,0.4039900175358901,345.0417846450267,lr_shap_list_ir_1_subset_17,lr_shap_list_ir_1
680,X3,0.37028021400873745,0.6082102213675782,385.09142256908694,lr_shap_list_ir_1_subset_17,lr_shap_list_ir_1
681,X4,0.7186378716777785,0.3562868422309576,747.3833865448896,lr_shap_list_ir_1_subset_17,lr_shap_list_ir_1
682,X5,0.688160848386444,0.8697026003179916,715.6872823219018,lr_shap_list_ir_1_subset_17,lr_shap_list_ir_1
683,X6,0.053362461201961545,0.012472267142831837,55.496959650040004,lr_shap_list_ir_1_subset_17,lr_shap_list_ir_1
684,X1,0.3297008874916259,0.48229796920298,342.88892299129094,lr_shap_list_ir_3_subset_135,lr_shap_list_ir_3
685,X2,1.272134182942614,1.5314990761296305,1323.0195502603185,lr_shap_list_ir_3_subset_135,lr_shap_list_ir_3
686,X3,0.7330537059837375,1.2766081581296986,762.375854223087,lr_shap_list_ir_3_subset_135,lr_shap_list_ir_3
687,X4,0.8857050743832392,0.5201376047827031,921.1332773585688,lr_shap_list_ir_3_subset_135,lr_shap_list_ir_3
688,X5,0.535938972346188,0.9037843103032371,557.3765312400355,lr_shap_list_ir_3_subset_135,lr_shap_list_ir_3
689,X6,0.33561656095883136,0.07769253566027708,349.04122339718464,lr_shap_list_ir_3_subset_135,lr_shap_list_ir_3
690,X1,0.4267396018096615,0.6326875204467532,443.8091858820479,lr_shap_list_ir_3_subset_131,lr_shap_list_ir_3
691,X2,0.5107071297626157,0.8193365879006551,531.1354149531203,lr_shap_list_ir_3_subset_131,lr_shap_list_ir_3
692,X3,0.6992042505279489,1.1333501202843814,727.1724205490668,lr_shap_list_ir_3_subset_131,lr_shap_list_ir_3
693,X4,1.2467893381111896,0.8195912189304633,1296.6609116356371,lr_shap_list_ir_3_subset_131,lr_shap_list_ir_3
694,X5,0.5576450828663473,0.7746092242238319,579.9508861810011,lr_shap_list_ir_3_subset_131,lr_shap_list_ir_3
695,X6,0.12614195251797158,0.03432890016180704,131.18763061869043,lr_shap_list_ir_3_subset_131,lr_shap_list_ir_3
696,X1,0.5442863956899902,0.6209876091754257,566.0578515175897,lr_shap_list_ir_3_subset_17,lr_shap_list_ir_3
697,X2,0.39734652274035914,0.46183664039964384,413.2403836499735,lr_shap_list_ir_3_subset_17,lr_shap_list_ir_3
698,X3,0.6515892062472795,1.0741538966949313,677.6527744971706,lr_shap_list_ir_3_subset_17,lr_shap_list_ir_3
699,X4,0.320716776879551,0.2170295686697551,333.54544795473305,lr_shap_list_ir_3_subset_17,lr_shap_list_ir_3
700,X5,0.6388964559596086,1.2397429342484128,664.452314197993,lr_shap_list_ir_3_subset_17,lr_shap_list_ir_3
701,X6,0.7415378735883499,0.18764241339979765,771.1993885318839,lr_shap_list_ir_3_subset_17,lr_shap_list_ir_3
702,X1,0.3989372163317705,0.5110221988076545,414.8947049850413,lr_shap_list_ir_4_subset_66,lr_shap_list_ir_4
703,X2,0.4756476348966979,0.5627146764630118,494.67354029256586,lr_shap_list_ir_4_subset_66,lr_shap_list_ir_4
704,X3,0.990865260032416,1.0975940931777852,1030.4998704337127,lr_shap_list_ir_4_subset_66,lr_shap_list_ir_4
705,X4,0.725221857617573,0.47481001331686096,754.2307319222759,lr_shap_list_ir_4_subset_66,lr_shap_list_ir_4
706,X5,0.8001312373269225,0.9295262056011993,832.1364868199994,lr_shap_list_ir_4_subset_66,lr_shap_list_ir_4
707,X6,0.421589903687526,0.12023227618531704,438.45349983502706,lr_shap_list_ir_4_subset_66,lr_shap_list_ir_4
708,X1,0.3591657581213382,0.5316063470791289,373.53238844619176,lr_shap_list_ir_5_subset_75,lr_shap_list_ir_5
709,X2,0.4984854792258985,0.6419177924463355,518.4248983949344,lr_shap_list_ir_5_subset_75,lr_shap_list_ir_5
710,X3,0.5714062193009242,0.74170059531095,594.2624680729612,lr_shap_list_ir_5_subset_75,lr_shap_list_ir_5
711,X4,0.9754198004116664,0.7066013481330399,1014.436592428133,lr_shap_list_ir_5_subset_75,lr_shap_list_ir_5
712,X5,0.8454341078916529,1.3392719738172654,879.251472207319,lr_shap_list_ir_5_subset_75,lr_shap_list_ir_5
713,X6,0.14313486628403863,0.037257760480602,148.86026093540016,lr_shap_list_ir_5_subset_75,lr_shap_list_ir_5
714,X1,0.5385829050135078,0.6719176948523842,560.1262212140481,lr_shap_list_ir_3_subset_66,lr_shap_list_ir_3
715,X2,0.8804816768375724,1.6098174963755134,915.7009439110753,lr_shap_list_ir_3_subset_66,lr_shap_list_ir_3
716,X3,1.294188165664723,1.7660394178780938,1345.9556922913118,lr_shap_list_ir_3_subset_66,lr_shap_list_ir_3
717,X4,0.8676557789584898,0.6054275780694369,902.3620101168293,lr_shap_list_ir_3_subset_66,lr_shap_list_ir_3
718,X5,0.5111062160058649,0.8472730938313109,531.5504646460995,lr_shap_list_ir_3_subset_66,lr_shap_list_ir_3
719,X6,0.25743080385386796,0.05792460752807692,267.7280360080227,lr_shap_list_ir_3_subset_66,lr_shap_list_ir_3
720,X1,0.4218124250900998,0.5673698335754352,438.6849220937038,lr_shap_list_ir_1_subset_47,lr_shap_list_ir_1
721,X2,0.7558605949248233,1.0649522025735503,786.0950187218162,lr_shap_list_ir_1_subset_47,lr_shap_list_ir_1
722,X3,3.35283209803779,6.340068840560474,3486.945381959302,lr_shap_list_ir_1_subset_47,lr_shap_list_ir_1
723,X4,1.7522111109600758,0.9109530060914562,1822.2995553984788,lr_shap_list_ir_1_subset_47,lr_shap_list_ir_1
724,X5,0.37584538276007706,0.4895326635691206,390.87919807048013,lr_shap_list_ir_1_subset_47,lr_shap_list_ir_1
725,X6,0.5341874323111487,0.14374756757722953,555.5549296035947,lr_shap_list_ir_1_subset_47,lr_shap_list_ir_1
726,X1,0.30740856014289225,0.3185352644549544,319.70490254860795,lr_shap_list_ir_3_subset_77,lr_shap_list_ir_3
727,X2,0.8558210228160638,1.0499778315888408,890.0538637287063,lr_shap_list_ir_3_subset_77,lr_shap_list_ir_3
728,X3,0.8314542249340067,1.1850783310560238,864.7123939313669,lr_shap_list_ir_3_subset_77,lr_shap_list_ir_3
729,X4,0.878506075719874,0.4699203292149003,913.646318748669,lr_shap_list_ir_3_subset_77,lr_shap_list_ir_3
730,X5,0.452702354649946,0.5959224698791845,470.8104488359439,lr_shap_list_ir_3_subset_77,lr_shap_list_ir_3
731,X6,0.3703990745026917,0.10870064250984197,385.2150374827994,lr_shap_list_ir_3_subset_77,lr_shap_list_ir_3
732,X1,0.28699440910366303,0.4029678843352187,298.47418546780955,lr_shap_list_ir_3_subset_60,lr_shap_list_ir_3
733,X2,0.4122245443985342,0.4553967709714574,428.71352617447553,lr_shap_list_ir_3_subset_60,lr_shap_list_ir_3
734,X3,0.3261573303626483,0.3686285416960036,339.20362357715425,lr_shap_list_ir_3_subset_60,lr_shap_list_ir_3
735,X4,1.059083961472073,0.6273121060857473,1101.447319930956,lr_shap_list_ir_3_subset_60,lr_shap_list_ir_3
736,X5,0.8217929226495719,1.006904818220931,854.6646395555548,lr_shap_list_ir_3_subset_60,lr_shap_list_ir_3
737,X6,0.5836866013915099,0.1741826120699472,607.0340654471703,lr_shap_list_ir_3_subset_60,lr_shap_list_ir_3
738,X1,0.8191655877817334,0.8862373255996343,851.9322112930028,lr_shap_list_ir_1_subset_46,lr_shap_list_ir_1
739,X2,0.29605471068955286,0.32437499306809864,307.896899117135,lr_shap_list_ir_1_subset_46,lr_shap_list_ir_1
740,X3,0.16726986591901083,0.2166276894954581,173.96066055577126,lr_shap_list_ir_1_subset_46,lr_shap_list_ir_1
741,X4,0.8673128424694792,0.3743678466038323,902.0053561682583,lr_shap_list_ir_1_subset_46,lr_shap_list_ir_1
742,X5,0.4333347645181914,0.5917975043709646,450.6681550989191,lr_shap_list_ir_1_subset_46,lr_shap_list_ir_1
743,X6,0.489402079533805,0.11298759096535703,508.97816271515717,lr_shap_list_ir_1_subset_46,lr_shap_list_ir_1
744,X1,0.9772978040854047,1.06258253512963,1016.3897162488208,lr_shap_list_ir_1_subset_37,lr_shap_list_ir_1
745,X2,0.4160239220997504,0.553830185369834,432.66487898374044,lr_shap_list_ir_1_subset_37,lr_shap_list_ir_1
746,X3,0.04449554172957928,0.06068675576215766,46.27536339876245,lr_shap_list_ir_1_subset_37,lr_shap_list_ir_1
747,X4,0.6448063718310788,0.2934081635836006,670.598626704322,lr_shap_list_ir_1_subset_37,lr_shap_list_ir_1
748,X5,0.5380464757675376,0.6650453190872583,559.5683347982391,lr_shap_list_ir_1_subset_37,lr_shap_list_ir_1
749,X6,0.1117480529793089,0.025958537728371495,116.21797509848126,lr_shap_list_ir_1_subset_37,lr_shap_list_ir_1
750,X1,0.4255979105005362,0.5043116677137405,442.6218269205576,lr_shap_list_ir_5_subset_133,lr_shap_list_ir_5
751,X2,0.3986525092873132,0.6714147092016065,414.59860965880574,lr_shap_list_ir_5_subset_133,lr_shap_list_ir_5
752,X3,0.5787256847017224,0.5937569270568751,601.8747120897913,lr_shap_list_ir_5_subset_133,lr_shap_list_ir_5
753,X4,0.6782972506498381,0.46201974154644154,705.4291406758317,lr_shap_list_ir_5_subset_133,lr_shap_list_ir_5
754,X5,1.3342787379731298,1.3237527314200541,1387.649887492055,lr_shap_list_ir_5_subset_133,lr_shap_list_ir_5
755,X6,0.22753828537260243,0.06422077103325315,236.63981678750653,lr_shap_list_ir_5_subset_133,lr_shap_list_ir_5
756,X1,0.3949779167613678,0.5516315635001426,410.7770334318225,lr_shap_list_ir_5_subset_8,lr_shap_list_ir_5
757,X2,0.6001109951313118,0.9750723672543153,624.1154349365643,lr_shap_list_ir_5_subset_8,lr_shap_list_ir_5
758,X3,0.7502400124031067,1.1512877416613858,780.2496128992309,lr_shap_list_ir_5_subset_8,lr_shap_list_ir_5
759,X4,0.930511128354244,0.6436124108948571,967.7315734884138,lr_shap_list_ir_5_subset_8,lr_shap_list_ir_5
760,X5,0.7222603681650241,1.1051943849773531,751.1507828916251,lr_shap_list_ir_5_subset_8,lr_shap_list_ir_5
761,X6,0.3486614193298947,0.09241787145509166,362.60787610309046,lr_shap_list_ir_5_subset_8,lr_shap_list_ir_5
762,X1,0.27577419839144274,0.5072064945937964,286.80516632710044,lr_shap_list_ir_2_subset_131,lr_shap_list_ir_2
763,X2,1.5624886888725484,2.195244953969143,1624.9882364274504,lr_shap_list_ir_2_subset_131,lr_shap_list_ir_2
764,X3,0.6421221378449885,0.9975311618260286,667.807023358788,lr_shap_list_ir_2_subset_131,lr_shap_list_ir_2
765,X4,1.189363011724965,0.7358064858040934,1236.9375321939635,lr_shap_list_ir_2_subset_131,lr_shap_list_ir_2
766,X5,0.6243519344489362,0.9459687559250542,649.3260118268937,lr_shap_list_ir_2_subset_131,lr_shap_list_ir_2
767,X6,0.061344037995458456,0.014154723372082562,63.79779951527679,lr_shap_list_ir_2_subset_131,lr_shap_list_ir_2
768,X1,0.5275920324545438,0.6752272265735508,548.6957137527255,lr_shap_list_ir_5_subset_43,lr_shap_list_ir_5
769,X2,0.4098590883434977,0.5484819618094495,426.25345187723764,lr_shap_list_ir_5_subset_43,lr_shap_list_ir_5
770,X3,0.5034942812150822,0.6628544002993679,523.6340524636855,lr_shap_list_ir_5_subset_43,lr_shap_list_ir_5
771,X4,1.0635744456983358,0.7569790480640752,1106.1174235262692,lr_shap_list_ir_5_subset_43,lr_shap_list_ir_5
772,X5,0.8312660694090519,1.0948269137632967,864.516712185414,lr_shap_list_ir_5_subset_43,lr_shap_list_ir_5
773,X6,0.08647588976911014,0.020553844219996533,89.93492535987454,lr_shap_list_ir_5_subset_43,lr_shap_list_ir_5
774,X1,0.36407258042688606,0.4606260417755303,378.6354836439615,lr_shap_list_ir_5_subset_41,lr_shap_list_ir_5
775,X2,0.5506546953983902,0.6211156147721711,572.6808832143258,lr_shap_list_ir_5_subset_41,lr_shap_list_ir_5
776,X3,0.63264938764974,0.8357401591329852,657.9553631557296,lr_shap_list_ir_5_subset_41,lr_shap_list_ir_5
777,X4,0.7598356632145812,0.5432554251554561,790.2290897431644,lr_shap_list_ir_5_subset_41,lr_shap_list_ir_5
778,X5,0.8516350596383332,1.238274080095185,885.7004620238665,lr_shap_list_ir_5_subset_41,lr_shap_list_ir_5
779,X6,0.16117764112239527,0.04527267074277424,167.62474676729107,lr_shap_list_ir_5_subset_41,lr_shap_list_ir_5
780,X1,0.6508156237260775,0.8305517367553988,676.8482486751205,lr_shap_list_ir_5_subset_148,lr_shap_list_ir_5
781,X2,0.7338589587921853,1.1540986589811502,763.2133171438727,lr_shap_list_ir_5_subset_148,lr_shap_list_ir_5
782,X3,0.6734354836417102,0.8880520324380825,700.3729029873787,lr_shap_list_ir_5_subset_148,lr_shap_list_ir_5
783,X4,0.9729675381314173,0.7201586003727825,1011.886239656674,lr_shap_list_ir_5_subset_148,lr_shap_list_ir_5
784,X5,0.9298689318593963,1.0449829136327402,967.0636891337722,lr_shap_list_ir_5_subset_148,lr_shap_list_ir_5
785,X6,0.232619800144318,0.07181416163881182,241.92459215009072,lr_shap_list_ir_5_subset_148,lr_shap_list_ir_5
786,X1,0.4342018479415761,0.5312053487207754,451.5699218592392,lr_shap_list_ir_4_subset_111,lr_shap_list_ir_4
787,X2,0.657287665710267,0.938645536597935,683.5791723386776,lr_shap_list_ir_4_subset_111,lr_shap_list_ir_4
788,X3,0.6432547412403871,1.0253948937289294,668.9849308900025,lr_shap_list_ir_4_subset_111,lr_shap_list_ir_4
789,X4,0.8871085018756043,0.6506261870822986,922.5928419506284,lr_shap_list_ir_4_subset_111,lr_shap_list_ir_4
790,X5,0.8239250396177162,1.1975996287263775,856.8820412024248,lr_shap_list_ir_4_subset_111,lr_shap_list_ir_4
791,X6,0.0846022988706262,0.022792257504870104,87.98639082545125,lr_shap_list_ir_4_subset_111,lr_shap_list_ir_4
792,X1,0.9207942504147186,0.9675688392582166,957.6260204313073,lr_shap_list_ir_4_subset_46,lr_shap_list_ir_4
793,X2,1.7019813757619144,2.2866657872193827,1770.060630792391,lr_shap_list_ir_4_subset_46,lr_shap_list_ir_4
794,X3,1.2889991466079798,1.7054821216997664,1340.559112472299,lr_shap_list_ir_4_subset_46,lr_shap_list_ir_4
795,X4,1.2618850410045437,0.8184127581674709,1312.3604426447255,lr_shap_list_ir_4_subset_46,lr_shap_list_ir_4
796,X5,0.7171087335245694,0.759235993850122,745.7930828655522,lr_shap_list_ir_4_subset_46,lr_shap_list_ir_4
797,X6,0.21207045359248353,0.05891348736843805,220.55327173618286,lr_shap_list_ir_4_subset_46,lr_shap_list_ir_4
798,X1,0.4269207196166857,0.5441370249571776,443.99754840135313,lr_shap_list_ir_4_subset_85,lr_shap_list_ir_4
799,X2,0.7600353471691387,1.0327188851461957,790.4367610559042,lr_shap_list_ir_4_subset_85,lr_shap_list_ir_4
800,X3,0.7988987512641413,1.4437405127338787,830.854701314707,lr_shap_list_ir_4_subset_85,lr_shap_list_ir_4
801,X4,0.7713135014089264,0.5712880568901889,802.1660414652835,lr_shap_list_ir_4_subset_85,lr_shap_list_ir_4
802,X5,0.8642683228003727,1.2542029783882733,898.8390557123876,lr_shap_list_ir_4_subset_85,lr_shap_list_ir_4
803,X6,0.21092125429436215,0.07595894580043114,219.35810446613664,lr_shap_list_ir_4_subset_85,lr_shap_list_ir_4
804,X1,0.7324048995435231,0.8084837343328679,761.701095525264,lr_shap_list_ir_1_subset_15,lr_shap_list_ir_1
805,X2,0.3023816700019131,0.3356902028284047,314.47693680198967,lr_shap_list_ir_1_subset_15,lr_shap_list_ir_1
806,X3,0.10064352274923034,0.12614540859563592,104.66926365919956,lr_shap_list_ir_1_subset_15,lr_shap_list_ir_1
807,X4,0.6725568283242406,0.34340295913049296,699.4591014572102,lr_shap_list_ir_1_subset_15,lr_shap_list_ir_1
808,X5,0.4665335217469233,0.6378041592494984,485.19486261680026,lr_shap_list_ir_1_subset_15,lr_shap_list_ir_1
809,X6,0.4081835789009811,0.1080569400205988,424.51092205702037,lr_shap_list_ir_1_subset_15,lr_shap_list_ir_1
810,X1,0.40697909501720664,0.4866935083809532,423.2582588178949,lr_shap_list_ir_5_subset_42,lr_shap_list_ir_5
811,X2,0.5097904626416524,0.740767384198126,530.1820811473185,lr_shap_list_ir_5_subset_42,lr_shap_list_ir_5
812,X3,0.6922222737618492,1.0260395762849124,719.9111647123232,lr_shap_list_ir_5_subset_42,lr_shap_list_ir_5
813,X4,0.9874104760252133,0.7097629954000698,1026.9068950662218,lr_shap_list_ir_5_subset_42,lr_shap_list_ir_5
814,X5,0.8851843878703315,1.1678789732313934,920.5917633851448,lr_shap_list_ir_5_subset_42,lr_shap_list_ir_5
815,X6,0.030332973524703148,0.010207617361470482,31.546292465691273,lr_shap_list_ir_5_subset_42,lr_shap_list_ir_5
816,X1,0.4088811734629773,0.4948017478964298,425.2364204014964,lr_shap_list_ir_2_subset_28,lr_shap_list_ir_2
817,X2,0.3916318972299009,0.5209023742814429,407.2971731190969,lr_shap_list_ir_2_subset_28,lr_shap_list_ir_2
818,X3,0.7184202224953804,0.9417731850846088,747.1570313951956,lr_shap_list_ir_2_subset_28,lr_shap_list_ir_2
819,X4,0.6515089954574543,0.32934674615182935,677.5693552757525,lr_shap_list_ir_2_subset_28,lr_shap_list_ir_2
820,X5,0.41968354805794783,0.5986349289906161,436.4708899802657,lr_shap_list_ir_2_subset_28,lr_shap_list_ir_2
821,X6,0.3966673729604464,0.11757492150400989,412.5340678788643,lr_shap_list_ir_2_subset_28,lr_shap_list_ir_2
822,X1,0.4018749301693734,0.5154690108897282,417.94992737614837,lr_shap_list_ir_3_subset_144,lr_shap_list_ir_3
823,X2,0.6769698005373879,0.7808742572153576,704.0485925588833,lr_shap_list_ir_3_subset_144,lr_shap_list_ir_3
824,X3,0.6814097137368816,1.3517545777380549,708.6661022863569,lr_shap_list_ir_3_subset_144,lr_shap_list_ir_3
825,X4,1.0376351641417803,0.6689235777820282,1079.1405707074514,lr_shap_list_ir_3_subset_144,lr_shap_list_ir_3
826,X5,0.6270243603199742,0.9219309842618988,652.1053347327731,lr_shap_list_ir_3_subset_144,lr_shap_list_ir_3
827,X6,0.03589985999352867,0.011834949614079243,37.33585439326981,lr_shap_list_ir_3_subset_144,lr_shap_list_ir_3
828,X1,1.7396418777555371,1.985896895799372,1809.2275528657585,lr_shap_list_ir_1_subset_127,lr_shap_list_ir_1
829,X2,6.780328241224286,8.801233088922674,7051.541370873258,lr_shap_list_ir_1_subset_127,lr_shap_list_ir_1
830,X3,0.049207174717646275,0.06131275967133782,51.175461706352124,lr_shap_list_ir_1_subset_127,lr_shap_list_ir_1
831,X4,1.4906888980666615,0.6720045594247313,1550.316453989328,lr_shap_list_ir_1_subset_127,lr_shap_list_ir_1
832,X5,0.7058206435824259,0.728846037548387,734.053469325723,lr_shap_list_ir_1_subset_127,lr_shap_list_ir_1
833,X6,3.128620282281959,0.8619723691646093,3253.765093573237,lr_shap_list_ir_1_subset_127,lr_shap_list_ir_1
834,X1,0.32122361383324727,0.4239405973153614,334.07255838657716,lr_shap_list_ir_5_subset_68,lr_shap_list_ir_5
835,X2,0.41305559610435794,0.5446888189897267,429.57781994853224,lr_shap_list_ir_5_subset_68,lr_shap_list_ir_5
836,X3,0.9621701327160453,1.26324930420372,1000.6569380246872,lr_shap_list_ir_5_subset_68,lr_shap_list_ir_5
837,X4,1.2888779429714914,0.9303577327867171,1340.433060690351,lr_shap_list_ir_5_subset_68,lr_shap_list_ir_5
838,X5,0.7626754894387157,1.04946647075983,793.1825090162642,lr_shap_list_ir_5_subset_68,lr_shap_list_ir_5
839,X6,0.16919255965043214,0.051013698841440296,175.96026203644942,lr_shap_list_ir_5_subset_68,lr_shap_list_ir_5
840,X1,0.15852659918473863,0.3274539568812392,164.8676631521282,lr_shap_list_ir_2_subset_103,lr_shap_list_ir_2
841,X2,0.37562622260351103,0.5038377687771662,390.6512715076515,lr_shap_list_ir_2_subset_103,lr_shap_list_ir_2
842,X3,1.1046540265572713,1.343565845694482,1148.8401876195621,lr_shap_list_ir_2_subset_103,lr_shap_list_ir_2
843,X4,1.2111210712480012,0.6021654566856061,1259.5659140979212,lr_shap_list_ir_2_subset_103,lr_shap_list_ir_2
844,X5,0.5686663879876076,0.6846552302927309,591.4130435071119,lr_shap_list_ir_2_subset_103,lr_shap_list_ir_2
845,X6,0.04543838948697636,0.010876312655128739,47.25592506645541,lr_shap_list_ir_2_subset_103,lr_shap_list_ir_2
846,X1,0.9382870390865167,1.1755546250956144,975.8185206499774,lr_shap_list_ir_3_subset_18,lr_shap_list_ir_3
847,X2,0.7216271061522843,1.1029191508836176,750.4921903983757,lr_shap_list_ir_3_subset_18,lr_shap_list_ir_3
848,X3,0.4108835100988067,0.4490463535633936,427.31885050275895,lr_shap_list_ir_3_subset_18,lr_shap_list_ir_3
849,X4,0.8756210727192174,0.5498032705679298,910.6459156279861,lr_shap_list_ir_3_subset_18,lr_shap_list_ir_3
850,X5,0.7734175375119786,1.3481114456995609,804.3542390124578,lr_shap_list_ir_3_subset_18,lr_shap_list_ir_3
851,X6,0.043233610574760536,0.011372378151422292,44.962954997750955,lr_shap_list_ir_3_subset_18,lr_shap_list_ir_3
852,X1,0.4046333855218581,0.49307880721886915,420.81872094273245,lr_shap_list_ir_3_subset_74,lr_shap_list_ir_3
853,X2,0.421924354097276,0.5962894800946509,438.80132826116704,lr_shap_list_ir_3_subset_74,lr_shap_list_ir_3
854,X3,0.3893853353512898,0.5171942178757758,404.96074876534135,lr_shap_list_ir_3_subset_74,lr_shap_list_ir_3
855,X4,0.9316859986586808,0.632066415716905,968.953438605028,lr_shap_list_ir_3_subset_74,lr_shap_list_ir_3
856,X5,0.6530214848617201,0.7542013196193454,679.1423442561888,lr_shap_list_ir_3_subset_74,lr_shap_list_ir_3
857,X6,0.09940938933669186,0.02591294377584072,103.38576491015952,lr_shap_list_ir_3_subset_74,lr_shap_list_ir_3
858,X1,0.578869263209762,0.6505947997742092,602.0240337381524,lr_shap_list_ir_5_subset_84,lr_shap_list_ir_5
859,X2,0.5143335363379249,0.774619066485741,534.9068777914418,lr_shap_list_ir_5_subset_84,lr_shap_list_ir_5
860,X3,0.4587998602956187,0.7156889520371338,477.1518547074435,lr_shap_list_ir_5_subset_84,lr_shap_list_ir_5
861,X4,1.1449858353510753,0.7812268442115411,1190.7852687651184,lr_shap_list_ir_5_subset_84,lr_shap_list_ir_5
862,X5,1.069595066668218,1.359299082384495,1112.3788693349466,lr_shap_list_ir_5_subset_84,lr_shap_list_ir_5
863,X6,0.2822766516864967,0.076825961117649,293.5677177539566,lr_shap_list_ir_5_subset_84,lr_shap_list_ir_5
864,X1,0.16839629746935866,0.26041670344692114,175.132149368133,lr_shap_list_ir_5_subset_92,lr_shap_list_ir_5
865,X2,0.4577540258882502,0.600452491590375,476.0641869237802,lr_shap_list_ir_5_subset_92,lr_shap_list_ir_5
866,X3,0.7287306186949483,1.042951885542922,757.8798434427462,lr_shap_list_ir_5_subset_92,lr_shap_list_ir_5
867,X4,1.155129899194762,0.8405495631845327,1201.3350951625525,lr_shap_list_ir_5_subset_92,lr_shap_list_ir_5
868,X5,0.9503062810363198,0.9619529808581426,988.3185322777725,lr_shap_list_ir_5_subset_92,lr_shap_list_ir_5
869,X6,0.12148255148833076,0.03610969678668854,126.34185354786399,lr_shap_list_ir_5_subset_92,lr_shap_list_ir_5
870,X1,0.5153354527174729,0.631480895634799,535.9488708261719,lr_shap_list_ir_2_subset_112,lr_shap_list_ir_2
871,X2,0.6459623621877836,0.8070178596450983,671.8008566752949,lr_shap_list_ir_2_subset_112,lr_shap_list_ir_2
872,X3,1.2154830028640007,2.1417086051421403,1264.1023229785608,lr_shap_list_ir_2_subset_112,lr_shap_list_ir_2
873,X4,0.6192699456636376,0.2747927714728117,644.0407434901831,lr_shap_list_ir_2_subset_112,lr_shap_list_ir_2
874,X5,0.48416647352865994,0.7887404773726717,503.53313246980633,lr_shap_list_ir_2_subset_112,lr_shap_list_ir_2
875,X6,0.014657320058463734,0.0035222311621164507,15.243612860802283,lr_shap_list_ir_2_subset_112,lr_shap_list_ir_2
876,X1,0.14552788665012392,0.18640649507126023,151.34900211612887,lr_shap_list_ir_1_subset_32,lr_shap_list_ir_1
877,X2,1.4443407236135162,1.511921164526023,1502.114352558057,lr_shap_list_ir_1_subset_32,lr_shap_list_ir_1
878,X3,0.8307537775617627,0.9292915793648607,863.9839286642332,lr_shap_list_ir_1_subset_32,lr_shap_list_ir_1
879,X4,4.963532425391387,2.7755093573070897,5162.073722407043,lr_shap_list_ir_1_subset_32,lr_shap_list_ir_1
880,X5,0.8228902246640815,0.9068059673243335,855.8058336506447,lr_shap_list_ir_1_subset_32,lr_shap_list_ir_1
881,X6,3.6960208879802563,1.1474509353402784,3843.8617234994667,lr_shap_list_ir_1_subset_32,lr_shap_list_ir_1
882,X1,0.6452753778593088,0.9083109342719552,671.0863929736811,lr_shap_list_ir_3_subset_81,lr_shap_list_ir_3
883,X2,0.4447014945784524,0.6464418500662564,462.48955436159054,lr_shap_list_ir_3_subset_81,lr_shap_list_ir_3
884,X3,0.5762273461599611,0.7892966338661447,599.2764400063595,lr_shap_list_ir_3_subset_81,lr_shap_list_ir_3
885,X4,0.77963359248305,0.5172234153585156,810.818936182372,lr_shap_list_ir_3_subset_81,lr_shap_list_ir_3
886,X5,0.4887017497746118,0.7804320673668227,508.24981976559627,lr_shap_list_ir_3_subset_81,lr_shap_list_ir_3
887,X6,0.42605619826850605,0.10631799762298924,443.09844619924627,lr_shap_list_ir_3_subset_81,lr_shap_list_ir_3
888,X1,0.661664720789888,0.5761328302067357,688.1313096214835,lr_shap_list_ir_1_subset_56,lr_shap_list_ir_1
889,X2,1.3322159231629873,1.3279794423505418,1385.5045600895069,lr_shap_list_ir_1_subset_56,lr_shap_list_ir_1
890,X3,1.1737733096178056,2.040571502998102,1220.7242420025177,lr_shap_list_ir_1_subset_56,lr_shap_list_ir_1
891,X4,0.29640472521865374,0.1363751034881869,308.2609142273999,lr_shap_list_ir_1_subset_56,lr_shap_list_ir_1
892,X5,0.18306337873770087,0.1766208474072657,190.38591388720891,lr_shap_list_ir_1_subset_56,lr_shap_list_ir_1
893,X6,0.35190713321590056,0.07853410450271836,365.98341854453656,lr_shap_list_ir_1_subset_56,lr_shap_list_ir_1
894,X1,0.39290428814201,0.4915992242573079,408.6204596676904,lr_shap_list_ir_5_subset_147,lr_shap_list_ir_5
895,X2,0.49361632066092553,0.6821547874586383,513.3609734873626,lr_shap_list_ir_5_subset_147,lr_shap_list_ir_5
896,X3,0.5817630619428332,0.6558843948379833,605.0335844205465,lr_shap_list_ir_5_subset_147,lr_shap_list_ir_5
897,X4,0.8794202446919632,0.6358507024969939,914.5970544796418,lr_shap_list_ir_5_subset_147,lr_shap_list_ir_5
898,X5,0.8614600944139873,1.2643921279553048,895.9184981905468,lr_shap_list_ir_5_subset_147,lr_shap_list_ir_5
899,X6,0.11882952311290032,0.04920061017429576,123.58270403741633,lr_shap_list_ir_5_subset_147,lr_shap_list_ir_5
900,X1,0.4114431482845826,0.7556875688830913,427.9008742159659,lr_shap_list_ir_2_subset_80,lr_shap_list_ir_2
901,X2,1.6200820042995985,1.9109950445702264,1684.8852844715825,lr_shap_list_ir_2_subset_80,lr_shap_list_ir_2
902,X3,1.0712710057884014,1.0222872177373592,1114.1218460199375,lr_shap_list_ir_2_subset_80,lr_shap_list_ir_2
903,X4,1.3628688921205527,0.804937187836604,1417.383647805375,lr_shap_list_ir_2_subset_80,lr_shap_list_ir_2
904,X5,0.396581891589728,0.5640131009678271,412.44516725331715,lr_shap_list_ir_2_subset_80,lr_shap_list_ir_2
905,X6,0.46553803033099594,0.11140769997310355,484.1595515442358,lr_shap_list_ir_2_subset_80,lr_shap_list_ir_2
906,X1,0.2200458890757859,0.43484285913222126,228.84772463881734,lr_shap_list_ir_4_subset_42,lr_shap_list_ir_4
907,X2,0.4633852150067671,0.747794747011612,481.9206236070378,lr_shap_list_ir_4_subset_42,lr_shap_list_ir_4
908,X3,1.1280618887382572,1.5749985001570548,1173.1843642877875,lr_shap_list_ir_4_subset_42,lr_shap_list_ir_4
909,X4,1.1076702383290473,0.7055017820570988,1151.9770478622092,lr_shap_list_ir_4_subset_42,lr_shap_list_ir_4
910,X5,0.7241079513075976,1.125468333283627,753.0722693599015,lr_shap_list_ir_4_subset_42,lr_shap_list_ir_4
911,X6,0.22246607936135882,0.05594228036953608,231.36472253581317,lr_shap_list_ir_4_subset_42,lr_shap_list_ir_4
912,X1,0.5740046062114029,0.5906854437691457,596.964790459859,lr_shap_list_ir_3_subset_101,lr_shap_list_ir_3
913,X2,1.7076256033085617,2.100805536058926,1775.9306274409041,lr_shap_list_ir_3_subset_101,lr_shap_list_ir_3
914,X3,0.7874154369134239,1.3660622747964555,818.9120543899608,lr_shap_list_ir_3_subset_101,lr_shap_list_ir_3
915,X4,1.3271044018239433,0.8528919693099587,1380.188577896901,lr_shap_list_ir_3_subset_101,lr_shap_list_ir_3
916,X5,0.661301604569455,0.8932777496990207,687.7536687522331,lr_shap_list_ir_3_subset_101,lr_shap_list_ir_3
917,X6,0.15396553766861848,0.035972904296086176,160.12415917536322,lr_shap_list_ir_3_subset_101,lr_shap_list_ir_3
918,X1,0.5176231958110725,0.5644898500109642,538.3281236435154,lr_shap_list_ir_2_subset_136,lr_shap_list_ir_2
919,X2,0.25505902831756894,0.3278660280858854,265.2613894502717,lr_shap_list_ir_2_subset_136,lr_shap_list_ir_2
920,X3,1.3982956640490818,1.951607234103518,1454.2274906110451,lr_shap_list_ir_2_subset_136,lr_shap_list_ir_2
921,X4,0.6832340568644248,0.40396386007184387,710.5634191390018,lr_shap_list_ir_2_subset_136,lr_shap_list_ir_2
922,X5,0.5613088230685074,0.7918918698924597,583.7611759912477,lr_shap_list_ir_2_subset_136,lr_shap_list_ir_2
923,X6,0.2750049161495321,0.05803561710970089,286.00511279551336,lr_shap_list_ir_2_subset_136,lr_shap_list_ir_2
924,X1,0.380174159802447,0.423023554260267,395.3811261945449,lr_shap_list_ir_1_subset_112,lr_shap_list_ir_1
925,X2,0.7843350300216909,0.9062478152801405,815.7084312225586,lr_shap_list_ir_1_subset_112,lr_shap_list_ir_1
926,X3,1.5444222299719552,1.8326826949682542,1606.1991191708335,lr_shap_list_ir_1_subset_112,lr_shap_list_ir_1
927,X4,0.23476469298763464,0.10228128780885944,244.15528070714004,lr_shap_list_ir_1_subset_112,lr_shap_list_ir_1
928,X5,0.39361380562357573,0.4285312637308704,409.3583578485188,lr_shap_list_ir_1_subset_112,lr_shap_list_ir_1
929,X6,0.9693379677910947,0.225131112085154,1008.1114865027384,lr_shap_list_ir_1_subset_112,lr_shap_list_ir_1
930,X1,0.2883403207334343,0.36651654089340263,299.87393356277164,lr_shap_list_ir_3_subset_116,lr_shap_list_ir_3
931,X2,0.3483463388747206,0.43083987760773085,362.2801924297094,lr_shap_list_ir_3_subset_116,lr_shap_list_ir_3
932,X3,0.49320423422987025,0.6147212570355376,512.9324035990651,lr_shap_list_ir_3_subset_116,lr_shap_list_ir_3
933,X4,0.9480249013917207,0.7104863114875457,985.9458974473895,lr_shap_list_ir_3_subset_116,lr_shap_list_ir_3
934,X5,0.6987224994610284,0.9827205830844897,726.6713994394695,lr_shap_list_ir_3_subset_116,lr_shap_list_ir_3
935,X6,0.02669053412229775,0.007836950747125199,27.75815548718966,lr_shap_list_ir_3_subset_116,lr_shap_list_ir_3
936,X1,0.5381006941227481,0.597241890762493,559.624721887658,lr_shap_list_ir_5_subset_94,lr_shap_list_ir_5
937,X2,0.43187371452221457,0.6350550992152364,449.14866310310316,lr_shap_list_ir_5_subset_94,lr_shap_list_ir_5
938,X3,0.49694029649233057,0.4971031555861024,516.8179083520238,lr_shap_list_ir_5_subset_94,lr_shap_list_ir_5
939,X4,0.8220404974977216,0.5822169379643214,854.9221173976305,lr_shap_list_ir_5_subset_94,lr_shap_list_ir_5
940,X5,1.0666433540100209,1.5152559351028487,1109.3090881704218,lr_shap_list_ir_5_subset_94,lr_shap_list_ir_5
941,X6,0.07801233299356282,0.029295497654902327,81.13282631330533,lr_shap_list_ir_5_subset_94,lr_shap_list_ir_5
942,X1,0.26759516426183577,0.3903844062736634,278.2989708323092,lr_shap_list_ir_5_subset_140,lr_shap_list_ir_5
943,X2,0.29424223699019253,0.5084446333199044,306.01192646980024,lr_shap_list_ir_5_subset_140,lr_shap_list_ir_5
944,X3,0.496780004483602,0.8714744438702849,516.651204662946,lr_shap_list_ir_5_subset_140,lr_shap_list_ir_5
945,X4,1.0022843269267958,0.7076738730643938,1042.3757000038677,lr_shap_list_ir_5_subset_140,lr_shap_list_ir_5
946,X5,1.0081824526435617,1.1119162899031398,1048.5097507493042,lr_shap_list_ir_5_subset_140,lr_shap_list_ir_5
947,X6,0.0652399319609866,0.01866932373175602,67.84952923942606,lr_shap_list_ir_5_subset_140,lr_shap_list_ir_5
948,X1,0.26588166465842106,0.30124420578964956,276.5169312447579,lr_shap_list_ir_2_subset_148,lr_shap_list_ir_2
949,X2,0.8567238581723167,1.1428034507076585,890.9928124992093,lr_shap_list_ir_2_subset_148,lr_shap_list_ir_2
950,X3,0.5747631293662984,0.7814222156637048,597.7536545409503,lr_shap_list_ir_2_subset_148,lr_shap_list_ir_2
951,X4,1.0090659654164893,0.5283196429104596,1049.4286040331488,lr_shap_list_ir_2_subset_148,lr_shap_list_ir_2
952,X5,0.5709039782921652,0.9775079343049302,593.7401374238518,lr_shap_list_ir_2_subset_148,lr_shap_list_ir_2
953,X6,0.3954913023989776,0.10741053224911114,411.3109544949367,lr_shap_list_ir_2_subset_148,lr_shap_list_ir_2
954,X1,0.21648201907508025,0.32209834252418884,225.14129983808346,lr_shap_list_ir_2_subset_143,lr_shap_list_ir_2
955,X2,0.41078684611528443,0.5076814189372795,427.21831995989584,lr_shap_list_ir_2_subset_143,lr_shap_list_ir_2
956,X3,1.399187288420615,2.4328721285360864,1455.1547799574396,lr_shap_list_ir_2_subset_143,lr_shap_list_ir_2
957,X4,1.3799423371445627,0.6436023338573172,1435.140030630345,lr_shap_list_ir_2_subset_143,lr_shap_list_ir_2
958,X5,0.4343334880078521,0.554039753329148,451.7068275281662,lr_shap_list_ir_2_subset_143,lr_shap_list_ir_2
959,X6,0.16542397066091485,0.03771974545415788,172.04092948735143,lr_shap_list_ir_2_subset_143,lr_shap_list_ir_2
960,X1,0.4040933458082203,0.5832667215789932,420.25707964054914,lr_shap_list_ir_4_subset_115,lr_shap_list_ir_4
961,X2,0.5036217542163074,0.7512089135119103,523.7666243849596,lr_shap_list_ir_4_subset_115,lr_shap_list_ir_4
962,X3,1.1560779479114418,1.7358957402535837,1202.3210658278995,lr_shap_list_ir_4_subset_115,lr_shap_list_ir_4
963,X4,1.2515032066961072,0.8843710635627362,1301.5633349639515,lr_shap_list_ir_4_subset_115,lr_shap_list_ir_4
964,X5,0.8899247164339016,1.2962012606229967,925.5217050912577,lr_shap_list_ir_4_subset_115,lr_shap_list_ir_4
965,X6,0.19790345744527318,0.058555901697409506,205.8195957430841,lr_shap_list_ir_4_subset_115,lr_shap_list_ir_4
966,X1,0.25856245502815217,0.4492910939095386,268.90495322927825,lr_shap_list_ir_3_subset_132,lr_shap_list_ir_3
967,X2,1.1718289309718408,1.4265175361137272,1218.7020882107145,lr_shap_list_ir_3_subset_132,lr_shap_list_ir_3
968,X3,1.3388083487826792,1.2931264149725767,1392.3606827339863,lr_shap_list_ir_3_subset_132,lr_shap_list_ir_3
969,X4,1.0774787198827127,0.669916596302071,1120.577868678021,lr_shap_list_ir_3_subset_132,lr_shap_list_ir_3
970,X5,0.6148149330630219,0.706595089650496,639.4075303855428,lr_shap_list_ir_3_subset_132,lr_shap_list_ir_3
971,X6,0.3636059348167778,0.11372976982355128,378.1501722094489,lr_shap_list_ir_3_subset_132,lr_shap_list_ir_3
972,X1,0.4153588791935413,0.5206237722128351,431.97323436128295,lr_shap_list_ir_4_subset_35,lr_shap_list_ir_4
973,X2,0.3449730362644685,0.47175640351032755,358.7719577150473,lr_shap_list_ir_4_subset_35,lr_shap_list_ir_4
974,X3,0.6334722753188761,0.9184884253179941,658.8111663316311,lr_shap_list_ir_4_subset_35,lr_shap_list_ir_4
975,X4,0.9389373459198483,0.6012220318791458,976.4948397566422,lr_shap_list_ir_4_subset_35,lr_shap_list_ir_4
976,X5,0.7393612553490367,0.9346739814336318,768.9357055629982,lr_shap_list_ir_4_subset_35,lr_shap_list_ir_4
977,X6,0.008310231815607192,0.0019947680793138923,8.64264108823148,lr_shap_list_ir_4_subset_35,lr_shap_list_ir_4
978,X1,0.5123196168880861,0.616357674311932,532.8124015636096,lr_shap_list_ir_2_subset_14,lr_shap_list_ir_2
979,X2,1.3629250852954906,2.257188228614411,1417.4420887073102,lr_shap_list_ir_2_subset_14,lr_shap_list_ir_2
980,X3,1.3682581252411292,1.6960253437677215,1422.9884502507743,lr_shap_list_ir_2_subset_14,lr_shap_list_ir_2
981,X4,1.6240635012775106,0.9458750516953054,1689.026041328611,lr_shap_list_ir_2_subset_14,lr_shap_list_ir_2
982,X5,0.6667473469578523,1.0025414490384625,693.4172408361665,lr_shap_list_ir_2_subset_14,lr_shap_list_ir_2
983,X6,0.4404081000803118,0.10055520625805314,458.02442408352425,lr_shap_list_ir_2_subset_14,lr_shap_list_ir_2
984,X1,0.4175418578319353,0.6182573687149667,434.2435321452127,lr_shap_list_ir_4_subset_134,lr_shap_list_ir_4
985,X2,0.3184994010270391,0.5231013605200894,331.2393770681207,lr_shap_list_ir_4_subset_134,lr_shap_list_ir_4
986,X3,0.7245917689172181,0.8722876694857618,753.5754396739069,lr_shap_list_ir_4_subset_134,lr_shap_list_ir_4
987,X4,0.8464184381406787,0.6039802383078386,880.2751756663059,lr_shap_list_ir_4_subset_134,lr_shap_list_ir_4
988,X5,0.8520498718365911,1.1317113122209237,886.1318667100547,lr_shap_list_ir_4_subset_134,lr_shap_list_ir_4
989,X6,0.13279512269048965,0.03469984232525247,138.10692759810925,lr_shap_list_ir_4_subset_134,lr_shap_list_ir_4
990,X1,0.3519525546859805,0.6881623436958899,366.03065687341973,lr_shap_list_ir_4_subset_116,lr_shap_list_ir_4
991,X2,0.31717137443112764,0.44081250065285177,329.8582294083727,lr_shap_list_ir_4_subset_116,lr_shap_list_ir_4
992,X3,0.3646172431199352,0.4582647090020661,379.2019328447326,lr_shap_list_ir_4_subset_116,lr_shap_list_ir_4
993,X4,0.9714413383509743,0.619303272106517,1010.2989918850134,lr_shap_list_ir_4_subset_116,lr_shap_list_ir_4
994,X5,0.6990215154504932,0.9763738385589816,726.982376068513,lr_shap_list_ir_4_subset_116,lr_shap_list_ir_4
995,X6,0.08593985133540251,0.022759731863567015,89.37744538881861,lr_shap_list_ir_4_subset_116,lr_shap_list_ir_4
996,X1,0.5186097230694985,0.5526102191612211,539.3541119922784,lr_shap_list_ir_3_subset_20,lr_shap_list_ir_3
997,X2,0.28625963853407294,0.43132358540245386,297.71002407543585,lr_shap_list_ir_3_subset_20,lr_shap_list_ir_3
998,X3,0.5903492682593834,0.717472289313205,613.9632389897587,lr_shap_list_ir_3_subset_20,lr_shap_list_ir_3
999,X4,0.6786460510439717,0.42526651444333097,705.7918930857305,lr_shap_list_ir_3_subset_20,lr_shap_list_ir_3
1000,X5,0.7601193306391169,1.0761871183512348,790.5241038646815,lr_shap_list_ir_3_subset_20,lr_shap_list_ir_3
1001,X6,0.0046928382067303155,0.0013427321921741368,4.880551734999528,lr_shap_list_ir_3_subset_20,lr_shap_list_ir_3
1002,X1,0.26396856312776024,0.36841601380973366,274.52730565287067,lr_shap_list_ir_2_subset_67,lr_shap_list_ir_2
1003,X2,1.1944113487160524,1.315781223550075,1242.1878026646946,lr_shap_list_ir_2_subset_67,lr_shap_list_ir_2
1004,X3,0.7361714952748825,0.9545319509256555,765.6183550858777,lr_shap_list_ir_2_subset_67,lr_shap_list_ir_2
1005,X4,1.5313042553179061,0.8244888549941762,1592.5564255306224,lr_shap_list_ir_2_subset_67,lr_shap_list_ir_2
1006,X5,0.4168901660297297,0.7742219990336078,433.56577267091893,lr_shap_list_ir_2_subset_67,lr_shap_list_ir_2
1007,X6,0.5195777571503537,0.1199222004293696,540.3608674363678,lr_shap_list_ir_2_subset_67,lr_shap_list_ir_2
1008,X1,0.7498164243691108,0.8264787276623796,779.8090813438752,lr_shap_list_ir_1_subset_4,lr_shap_list_ir_1
1009,X2,0.5217491595818357,0.5982685707348453,542.6191259651091,lr_shap_list_ir_1_subset_4,lr_shap_list_ir_1
1010,X3,0.1168851604994057,0.1510468691992932,121.56056691938193,lr_shap_list_ir_1_subset_4,lr_shap_list_ir_1
1011,X4,0.3498707496778783,0.16031259821445445,363.86557966499345,lr_shap_list_ir_1_subset_4,lr_shap_list_ir_1
1012,X5,0.588797957219438,0.8856698272234296,612.3498755082155,lr_shap_list_ir_1_subset_4,lr_shap_list_ir_1
1013,X6,0.13302019017925082,0.028721063079555038,138.34099778642084,lr_shap_list_ir_1_subset_4,lr_shap_list_ir_1
1014,X1,0.5648310308460278,0.7329868611709169,587.424272079869,lr_shap_list_ir_4_subset_60,lr_shap_list_ir_4
1015,X2,0.5858879188440348,0.927676056017024,609.3234355977962,lr_shap_list_ir_4_subset_60,lr_shap_list_ir_4
1016,X3,0.8030944235145685,1.4522834321762954,835.2182004551512,lr_shap_list_ir_4_subset_60,lr_shap_list_ir_4
1017,X4,0.6462499414366688,0.4543520171110769,672.0999390941356,lr_shap_list_ir_4_subset_60,lr_shap_list_ir_4
1018,X5,0.713895486934252,0.9548947937553272,742.4513064116221,lr_shap_list_ir_4_subset_60,lr_shap_list_ir_4
1019,X6,0.2875857065137905,0.07544041638145421,299.08913477434214,lr_shap_list_ir_4_subset_60,lr_shap_list_ir_4
1020,X1,0.4134153984351332,0.49149191538156634,429.95201437253854,lr_shap_list_ir_2_subset_81,lr_shap_list_ir_2
1021,X2,0.41457138903780405,0.6821732574988514,431.1542445993162,lr_shap_list_ir_2_subset_81,lr_shap_list_ir_2
1022,X3,0.3153410643688707,0.45660338205577977,327.9547069436255,lr_shap_list_ir_2_subset_81,lr_shap_list_ir_2
1023,X4,0.982215858935679,0.573941782511601,1021.5044932931062,lr_shap_list_ir_2_subset_81,lr_shap_list_ir_2
1024,X5,0.44732599891057545,0.7868693986176117,465.21903886699846,lr_shap_list_ir_2_subset_81,lr_shap_list_ir_2
1025,X6,0.2018560833865565,0.06287615468708908,209.93032672201875,lr_shap_list_ir_2_subset_81,lr_shap_list_ir_2
1026,X1,1.1049294975787995,1.4868009465319345,1149.1266774819514,lr_shap_list_ir_1_subset_9,lr_shap_list_ir_1
1027,X2,1.0765389020138216,1.427131231491802,1119.6004580943745,lr_shap_list_ir_1_subset_9,lr_shap_list_ir_1
1028,X3,2.2007028864984695,3.000852264544988,2288.7310019584083,lr_shap_list_ir_1_subset_9,lr_shap_list_ir_1
1029,X4,1.0981124991678235,0.5785136375759454,1142.0369991345365,lr_shap_list_ir_1_subset_9,lr_shap_list_ir_1
1030,X5,0.4125328955808228,0.49998108378331857,429.0342114040557,lr_shap_list_ir_1_subset_9,lr_shap_list_ir_1
1031,X6,0.5863820080330971,0.1439078834000887,609.837288354421,lr_shap_list_ir_1_subset_9,lr_shap_list_ir_1
1032,X1,0.44984928551337366,0.5275501729680836,467.8432569339086,lr_shap_list_ir_5_subset_52,lr_shap_list_ir_5
1033,X2,0.5339082317784123,0.6446865954780716,555.2645610495488,lr_shap_list_ir_5_subset_52,lr_shap_list_ir_5
1034,X3,0.48789168500966684,0.5764140104001527,507.40735241005353,lr_shap_list_ir_5_subset_52,lr_shap_list_ir_5
1035,X4,0.9124489161032712,0.6006709996856979,948.946872747402,lr_shap_list_ir_5_subset_52,lr_shap_list_ir_5
1036,X5,0.8005988529891355,1.1189816070034175,832.6228071087008,lr_shap_list_ir_5_subset_52,lr_shap_list_ir_5
1037,X6,0.15825703619461695,0.035911384393907245,164.58731764240162,lr_shap_list_ir_5_subset_52,lr_shap_list_ir_5
1038,X1,0.3992053558769383,0.5352030129980972,415.1735701120158,lr_shap_list_ir_2_subset_23,lr_shap_list_ir_2
1039,X2,0.45465848183408303,0.6871556243475792,472.84482110744636,lr_shap_list_ir_2_subset_23,lr_shap_list_ir_2
1040,X3,0.5118896655222608,0.794955195945895,532.3652521431512,lr_shap_list_ir_2_subset_23,lr_shap_list_ir_2
1041,X4,0.45213203024423104,0.2467519025639698,470.2173114540003,lr_shap_list_ir_2_subset_23,lr_shap_list_ir_2
1042,X5,0.5832502987513346,0.950682524352428,606.580310701388,lr_shap_list_ir_2_subset_23,lr_shap_list_ir_2
1043,X6,0.13287656460105965,0.030583876007089412,138.19162718510202,lr_shap_list_ir_2_subset_23,lr_shap_list_ir_2
1044,X1,0.6928026841919178,1.0200826898954893,720.5147915595945,lr_shap_list_ir_1_subset_142,lr_shap_list_ir_1
1045,X2,0.02392295913901342,0.028206125561077943,24.879877504573955,lr_shap_list_ir_1_subset_142,lr_shap_list_ir_1
1046,X3,0.32375586969767867,0.3298227446269362,336.7061044855858,lr_shap_list_ir_1_subset_142,lr_shap_list_ir_1
1047,X4,1.1066665954528638,0.6389638592573302,1150.9332592709784,lr_shap_list_ir_1_subset_142,lr_shap_list_ir_1
1048,X5,1.2430971818485441,1.5874610475628916,1292.8210691224858,lr_shap_list_ir_1_subset_142,lr_shap_list_ir_1
1049,X6,2.040162562907176,0.5492193649998791,2121.769065423463,lr_shap_list_ir_1_subset_142,lr_shap_list_ir_1
1050,X1,0.34926799059353647,0.45662894383316527,363.2387102172779,lr_shap_list_ir_4_subset_68,lr_shap_list_ir_4
1051,X2,0.23008764548346392,0.4337885369089569,239.29115130280246,lr_shap_list_ir_4_subset_68,lr_shap_list_ir_4
1052,X3,0.564631861439777,0.5689247166507972,587.217135897368,lr_shap_list_ir_4_subset_68,lr_shap_list_ir_4
1053,X4,1.1268852519722559,0.766170455177905,1171.960662051146,lr_shap_list_ir_4_subset_68,lr_shap_list_ir_4
1054,X5,0.6238644539422079,0.6553062762061439,648.8190320998963,lr_shap_list_ir_4_subset_68,lr_shap_list_ir_4
1055,X6,0.1624898093393406,0.041761177231900024,168.98940171291423,lr_shap_list_ir_4_subset_68,lr_shap_list_ir_4
1056,X1,0.09861463096750356,0.11956856370930184,102.5592162062037,lr_shap_list_ir_1_subset_20,lr_shap_list_ir_1
1057,X2,1.0095432862329583,1.628940917808014,1049.9250176822766,lr_shap_list_ir_1_subset_20,lr_shap_list_ir_1
1058,X3,0.09678842627227074,0.12665593678461404,100.65996332316158,lr_shap_list_ir_1_subset_20,lr_shap_list_ir_1
1059,X4,1.3272056936378904,0.626047062275254,1380.293921383406,lr_shap_list_ir_1_subset_20,lr_shap_list_ir_1
1060,X5,0.83450065707789,1.0132277586075755,867.8806833610056,lr_shap_list_ir_1_subset_20,lr_shap_list_ir_1
1061,X6,1.439567834114957,0.4209860169139039,1497.1505474795551,lr_shap_list_ir_1_subset_20,lr_shap_list_ir_1
1062,X1,0.45755839839802376,0.5097222494434749,475.8607343339447,lr_shap_list_ir_3_subset_128,lr_shap_list_ir_3
1063,X2,0.42037242592949775,0.49273633857681026,437.18732296667764,lr_shap_list_ir_3_subset_128,lr_shap_list_ir_3
1064,X3,0.8680870086560633,1.0182984612769097,902.8104890023058,lr_shap_list_ir_3_subset_128,lr_shap_list_ir_3
1065,X4,0.6594182489162986,0.4489878537767672,685.7949788729505,lr_shap_list_ir_3_subset_128,lr_shap_list_ir_3
1066,X5,0.6316416785572304,1.0251638004236259,656.9073456995196,lr_shap_list_ir_3_subset_128,lr_shap_list_ir_3
1067,X6,0.17514566735828,0.051581823999070894,182.15149405261118,lr_shap_list_ir_3_subset_128,lr_shap_list_ir_3
1068,X1,0.22477844724204094,0.26188782262730065,233.76958513172258,lr_shap_list_ir_3_subset_70,lr_shap_list_ir_3
1069,X2,0.35998123971960966,0.40417224865545187,374.38048930839403,lr_shap_list_ir_3_subset_70,lr_shap_list_ir_3
1070,X3,0.9559217066763364,1.2446951179419268,994.1585749433898,lr_shap_list_ir_3_subset_70,lr_shap_list_ir_3
1071,X4,1.0541635304819392,0.6678576020933744,1096.3300717012169,lr_shap_list_ir_3_subset_70,lr_shap_list_ir_3
1072,X5,0.8212325488152197,0.9238806767763729,854.0818507678284,lr_shap_list_ir_3_subset_70,lr_shap_list_ir_3
1073,X6,0.121926510928791,0.033804370888982256,126.80357136594264,lr_shap_list_ir_3_subset_70,lr_shap_list_ir_3
1074,X1,0.4204913797930449,0.5255837393148831,437.3110349847667,lr_shap_list_ir_5_subset_105,lr_shap_list_ir_5
1075,X2,0.4531818071776978,0.6488416564616647,471.3090794648057,lr_shap_list_ir_5_subset_105,lr_shap_list_ir_5
1076,X3,0.7540993469825993,0.8065366750030485,784.2633208619033,lr_shap_list_ir_5_subset_105,lr_shap_list_ir_5
1077,X4,0.9151728666899059,0.6306994673660365,951.7797813575022,lr_shap_list_ir_5_subset_105,lr_shap_list_ir_5
1078,X5,0.903416575500804,1.0632639434592748,939.5532385208362,lr_shap_list_ir_5_subset_105,lr_shap_list_ir_5
1079,X6,0.10218996911874012,0.02578462972168349,106.27756788348972,lr_shap_list_ir_5_subset_105,lr_shap_list_ir_5
1080,X1,0.5058466205051616,0.8999655080571864,526.080485325368,lr_shap_list_ir_2_subset_65,lr_shap_list_ir_2
1081,X2,0.44498797103283333,0.6893480765230354,462.7874898741467,lr_shap_list_ir_2_subset_65,lr_shap_list_ir_2
1082,X3,0.8870026346268649,1.0000620184205686,922.4827400119395,lr_shap_list_ir_2_subset_65,lr_shap_list_ir_2
1083,X4,0.8029449707237436,0.42150321153549763,835.0627695526933,lr_shap_list_ir_2_subset_65,lr_shap_list_ir_2
1084,X5,0.40610530719063453,0.7613805986696016,422.34951947825994,lr_shap_list_ir_2_subset_65,lr_shap_list_ir_2
1085,X6,0.5337025104050924,0.168246889418362,555.0506108212961,lr_shap_list_ir_2_subset_65,lr_shap_list_ir_2
1086,X1,0.4354851698457098,0.5889564492854915,452.90457663953816,lr_shap_list_ir_3_subset_104,lr_shap_list_ir_3
1087,X2,0.4188564805200888,0.5918275884824307,435.6107397408923,lr_shap_list_ir_3_subset_104,lr_shap_list_ir_3
1088,X3,0.7175603066741756,1.163980737489213,746.2627189411426,lr_shap_list_ir_3_subset_104,lr_shap_list_ir_3
1089,X4,0.8411421362394481,0.5045721191119205,874.787821689026,lr_shap_list_ir_3_subset_104,lr_shap_list_ir_3
1090,X5,0.7311628334383584,1.268190556282835,760.4093467758928,lr_shap_list_ir_3_subset_104,lr_shap_list_ir_3
1091,X6,0.1388785634937524,0.03674443905829797,144.43370603350252,lr_shap_list_ir_3_subset_104,lr_shap_list_ir_3
1092,X1,0.19862117023577056,0.28418105091446555,206.5660170452014,lr_shap_list_ir_4_subset_80,lr_shap_list_ir_4
1093,X2,0.42499298624971243,0.5343532744903373,441.99270569970093,lr_shap_list_ir_4_subset_80,lr_shap_list_ir_4
1094,X3,0.6833908822255157,1.524130682905432,710.7265175145363,lr_shap_list_ir_4_subset_80,lr_shap_list_ir_4
1095,X4,0.9373820954124221,0.6217688347546814,974.877379228919,lr_shap_list_ir_4_subset_80,lr_shap_list_ir_4
1096,X5,0.6555558127095303,0.8708323677728776,681.7780452179115,lr_shap_list_ir_4_subset_80,lr_shap_list_ir_4
1097,X6,0.18041804368497988,0.04382390465743069,187.63476543237908,lr_shap_list_ir_4_subset_80,lr_shap_list_ir_4
1098,X1,0.4052587020242249,0.5387254082433717,421.4690501051939,lr_shap_list_ir_4_subset_45,lr_shap_list_ir_4
1099,X2,0.44144713753050385,0.6047314266913831,459.105023031724,lr_shap_list_ir_4_subset_45,lr_shap_list_ir_4
1100,X3,0.64020984479663,0.8071664092656428,665.8182385884952,lr_shap_list_ir_4_subset_45,lr_shap_list_ir_4
1101,X4,0.8184918454135302,0.5418218777933587,851.2315192300714,lr_shap_list_ir_4_subset_45,lr_shap_list_ir_4
1102,X5,0.695693535377189,0.9841738617949781,723.5212767922766,lr_shap_list_ir_4_subset_45,lr_shap_list_ir_4
1103,X6,0.05879283319098702,0.014175611040457512,61.1445465186265,lr_shap_list_ir_4_subset_45,lr_shap_list_ir_4
1104,X1,0.5500539112693424,0.6984957774497897,572.0560677201162,lr_shap_list_ir_4_subset_122,lr_shap_list_ir_4
1105,X2,0.5596352695338034,0.8429183178443196,582.0206803151556,lr_shap_list_ir_4_subset_122,lr_shap_list_ir_4
1106,X3,0.4818933494305541,0.777742058492004,501.16908340777627,lr_shap_list_ir_4_subset_122,lr_shap_list_ir_4
1107,X4,0.5817410520503005,0.3714147325796687,605.0106941323124,lr_shap_list_ir_4_subset_122,lr_shap_list_ir_4
1108,X5,0.5376735853221357,0.7432023082895485,559.1805287350212,lr_shap_list_ir_4_subset_122,lr_shap_list_ir_4
1109,X6,0.23875361238403042,0.07472928934814957,248.30375687939164,lr_shap_list_ir_4_subset_122,lr_shap_list_ir_4
1110,X1,0.20535829784346185,0.2448248260964861,213.57262975720033,lr_shap_list_ir_3_subset_79,lr_shap_list_ir_3
1111,X2,0.45859775994500795,0.707498545883892,476.94167034280827,lr_shap_list_ir_3_subset_79,lr_shap_list_ir_3
1112,X3,0.8323430113506639,1.8847956507298067,865.6367318046905,lr_shap_list_ir_3_subset_79,lr_shap_list_ir_3
1113,X4,0.9752428983653947,0.6228297439295846,1014.2526143000105,lr_shap_list_ir_3_subset_79,lr_shap_list_ir_3
1114,X5,0.6044677709516201,0.7898255754931873,628.6464817896849,lr_shap_list_ir_3_subset_79,lr_shap_list_ir_3
1115,X6,0.23223173354088342,0.059974497253433165,241.52100288251876,lr_shap_list_ir_3_subset_79,lr_shap_list_ir_3
1116,X1,0.9335324831891136,0.9505385120693497,970.8737825166781,lr_shap_list_ir_2_subset_132,lr_shap_list_ir_2
1117,X2,1.05015092993214,1.3995650934918065,1092.1569671294258,lr_shap_list_ir_2_subset_132,lr_shap_list_ir_2
1118,X3,1.7444914807423957,1.939138311584653,1814.2711399720915,lr_shap_list_ir_2_subset_132,lr_shap_list_ir_2
1119,X4,0.5083472061332373,0.23079130651573238,528.6810943785667,lr_shap_list_ir_2_subset_132,lr_shap_list_ir_2
1120,X5,0.407595862504266,0.4935357314130662,423.89969700443663,lr_shap_list_ir_2_subset_132,lr_shap_list_ir_2
1121,X6,0.9131869562766874,0.20591889657653265,949.714434527755,lr_shap_list_ir_2_subset_132,lr_shap_list_ir_2
1122,X1,0.5880264456904234,0.6706914388902336,611.5475035180403,lr_shap_list_ir_2_subset_3,lr_shap_list_ir_2
1123,X2,0.9403324945194305,0.9444072571161252,977.9457943002077,lr_shap_list_ir_2_subset_3,lr_shap_list_ir_2
1124,X3,0.9570438660103103,1.4300137522528131,995.3256206507227,lr_shap_list_ir_2_subset_3,lr_shap_list_ir_2
1125,X4,0.7716803334012449,0.3492122081040401,802.5475467372946,lr_shap_list_ir_2_subset_3,lr_shap_list_ir_2
1126,X5,0.4558158559013618,0.5878856832876442,474.0484901374163,lr_shap_list_ir_2_subset_3,lr_shap_list_ir_2
1127,X6,0.540887967757632,0.12423305262879192,562.5234864679373,lr_shap_list_ir_2_subset_3,lr_shap_list_ir_2
1128,X1,0.3694183956901047,0.5692020822369174,384.1951315177089,lr_shap_list_ir_4_subset_94,lr_shap_list_ir_4
1129,X2,0.3737812385664362,0.5566724823286759,388.73248810909365,lr_shap_list_ir_4_subset_94,lr_shap_list_ir_4
1130,X3,0.49494231830986307,0.7642484707481227,514.7400110422576,lr_shap_list_ir_4_subset_94,lr_shap_list_ir_4
1131,X4,0.813388440563661,0.567731286420438,845.9239781862075,lr_shap_list_ir_4_subset_94,lr_shap_list_ir_4
1132,X5,0.8336172947100596,1.2155112263714853,866.961986498462,lr_shap_list_ir_4_subset_94,lr_shap_list_ir_4
1133,X6,0.23547708290095068,0.05923522948210561,244.89616621698872,lr_shap_list_ir_4_subset_94,lr_shap_list_ir_4
1134,X1,0.5003385975344593,0.6704094306511341,520.3521414358377,lr_shap_list_ir_2_subset_116,lr_shap_list_ir_2
1135,X2,0.4568295522033299,0.604037107961865,475.1027342914631,lr_shap_list_ir_2_subset_116,lr_shap_list_ir_2
1136,X3,1.2411636016587557,1.506304154993853,1290.810145725106,lr_shap_list_ir_2_subset_116,lr_shap_list_ir_2
1137,X4,0.952235164717226,0.6445840717444656,990.324571305915,lr_shap_list_ir_2_subset_116,lr_shap_list_ir_2
1138,X5,0.4524498267789945,0.7366995596085539,470.54781985015427,lr_shap_list_ir_2_subset_116,lr_shap_list_ir_2
1139,X6,0.4358007231288204,0.10909559566167475,453.23275205397323,lr_shap_list_ir_2_subset_116,lr_shap_list_ir_2
1140,X1,0.4076292491306262,0.5401844012238713,423.93441909585124,lr_shap_list_ir_3_subset_48,lr_shap_list_ir_3
1141,X2,1.007930600338442,1.6054102544568338,1048.2478243519797,lr_shap_list_ir_3_subset_48,lr_shap_list_ir_3
1142,X3,0.7275956550376671,1.1839234374443572,756.6994812391738,lr_shap_list_ir_3_subset_48,lr_shap_list_ir_3
1143,X4,0.9406957485366932,0.6801017504554454,978.3235784781609,lr_shap_list_ir_3_subset_48,lr_shap_list_ir_3
1144,X5,0.45543688581814395,0.7941220731976216,473.6543612508697,lr_shap_list_ir_3_subset_48,lr_shap_list_ir_3
1145,X6,0.4043875751842143,0.09879836562081358,420.56307819158286,lr_shap_list_ir_3_subset_48,lr_shap_list_ir_3
1146,X1,0.43176164747055923,0.4956740989493936,449.0321133693816,lr_shap_list_ir_5_subset_56,lr_shap_list_ir_5
1147,X2,0.43485438251031816,0.5480982491512424,452.24855781073086,lr_shap_list_ir_5_subset_56,lr_shap_list_ir_5
1148,X3,0.7579183871626911,1.0197090736699164,788.2351226491987,lr_shap_list_ir_5_subset_56,lr_shap_list_ir_5
1149,X4,1.0899878832936734,0.7920479974312189,1133.5873986254203,lr_shap_list_ir_5_subset_56,lr_shap_list_ir_5
1150,X5,0.8445163180737946,1.0638354743106915,878.2969707967463,lr_shap_list_ir_5_subset_56,lr_shap_list_ir_5
1151,X6,0.07385692872808602,0.01882495116004075,76.81120587720946,lr_shap_list_ir_5_subset_56,lr_shap_list_ir_5
1152,X1,0.006998136326009078,0.008908452027480843,7.278061779049441,lr_shap_list_ir_1_subset_69,lr_shap_list_ir_1
1153,X2,6.114274330237179,8.80005386869414,6358.845303446666,lr_shap_list_ir_1_subset_69,lr_shap_list_ir_1
1154,X3,3.9198768829029036,4.952382510743146,4076.67195821902,lr_shap_list_ir_1_subset_69,lr_shap_list_ir_1
1155,X4,3.7945367598889055,1.9162270647441288,3946.3182302844616,lr_shap_list_ir_1_subset_69,lr_shap_list_ir_1
1156,X5,0.3649217709281089,0.4920252770461074,379.51864176523327,lr_shap_list_ir_1_subset_69,lr_shap_list_ir_1
1157,X6,0.8404952749840189,0.18039139322340839,874.1150859833797,lr_shap_list_ir_1_subset_69,lr_shap_list_ir_1
1158,X1,0.18034684261969167,0.2624240728580132,187.56071632447933,lr_shap_list_ir_2_subset_56,lr_shap_list_ir_2
1159,X2,1.0400784100967397,1.2791186296190742,1081.6815465006093,lr_shap_list_ir_2_subset_56,lr_shap_list_ir_2
1160,X3,1.778124100618038,2.2180183348477143,1849.2490646427595,lr_shap_list_ir_2_subset_56,lr_shap_list_ir_2
1161,X4,1.5206260312511615,0.8873357409668334,1581.4510725012078,lr_shap_list_ir_2_subset_56,lr_shap_list_ir_2
1162,X5,0.5094799476939346,0.6395719631557499,529.8591456016919,lr_shap_list_ir_2_subset_56,lr_shap_list_ir_2
1163,X6,0.29594188384725933,0.10644470965250845,307.7795592011497,lr_shap_list_ir_2_subset_56,lr_shap_list_ir_2
1164,X1,1.3709245609839324,1.5202756835190776,1425.7615434232898,lr_shap_list_ir_1_subset_95,lr_shap_list_ir_1
1165,X2,1.3901887592252662,2.020258489109167,1445.7963095942769,lr_shap_list_ir_1_subset_95,lr_shap_list_ir_1
1166,X3,0.13588756886883938,0.16848761140250826,141.32307162359294,lr_shap_list_ir_1_subset_95,lr_shap_list_ir_1
1167,X4,0.6656119491894087,0.3071749684074734,692.2364271569851,lr_shap_list_ir_1_subset_95,lr_shap_list_ir_1
1168,X5,0.4182940310373538,0.5500807458587146,435.025792278848,lr_shap_list_ir_1_subset_95,lr_shap_list_ir_1
1169,X6,0.38691489478640184,0.08986508225678616,402.3914905778579,lr_shap_list_ir_1_subset_95,lr_shap_list_ir_1
1170,X1,0.19233544648264314,0.32990062205829285,200.02886434194886,lr_shap_list_ir_3_subset_22,lr_shap_list_ir_3
1171,X2,1.0385041703371318,1.2051385596530781,1080.0443371506171,lr_shap_list_ir_3_subset_22,lr_shap_list_ir_3
1172,X3,1.507138790971645,2.277406483706183,1567.4243426105106,lr_shap_list_ir_3_subset_22,lr_shap_list_ir_3
1173,X4,1.4982308956261012,0.9503437749102805,1558.1601314511454,lr_shap_list_ir_3_subset_22,lr_shap_list_ir_3
1174,X5,0.47177417622714024,0.7564760894445958,490.64514327622584,lr_shap_list_ir_3_subset_22,lr_shap_list_ir_3
1175,X6,0.02866161679535529,0.007961738674568751,29.8080814671695,lr_shap_list_ir_3_subset_22,lr_shap_list_ir_3
1176,X1,0.571275303963921,0.671535943163482,594.1263161224779,lr_shap_list_ir_1_subset_134,lr_shap_list_ir_1
1177,X2,0.6537666659392912,0.8469600737910308,679.9173325768629,lr_shap_list_ir_1_subset_134,lr_shap_list_ir_1
1178,X3,1.8932206765576856,2.6902300109204234,1968.949503619993,lr_shap_list_ir_1_subset_134,lr_shap_list_ir_1
1179,X4,0.616651239801533,0.29860052944561455,641.3172893935944,lr_shap_list_ir_1_subset_134,lr_shap_list_ir_1
1180,X5,0.33098666496975676,0.39974422395376374,344.22613156854703,lr_shap_list_ir_1_subset_134,lr_shap_list_ir_1
1181,X6,1.1237904610309564,0.27374858294230936,1168.7420794721945,lr_shap_list_ir_1_subset_134,lr_shap_list_ir_1
1182,X1,0.5899679936098885,0.7284546552522212,613.566713354284,lr_shap_list_ir_1_subset_27,lr_shap_list_ir_1
1183,X2,0.21126735505532251,0.32277030864180956,219.71804925753543,lr_shap_list_ir_1_subset_27,lr_shap_list_ir_1
1184,X3,0.9986729954659591,1.1866972072846431,1038.6199152845975,lr_shap_list_ir_1_subset_27,lr_shap_list_ir_1
1185,X4,0.9097408648895535,0.5174095190323668,946.1304994851357,lr_shap_list_ir_1_subset_27,lr_shap_list_ir_1
1186,X5,0.4603608471779165,0.5973269310047853,478.77528106503314,lr_shap_list_ir_1_subset_27,lr_shap_list_ir_1
1187,X6,0.33996671690548735,0.08042349237814557,353.56538558170683,lr_shap_list_ir_1_subset_27,lr_shap_list_ir_1
1188,X1,0.4805563649932333,0.6150632074942213,499.7786195929626,lr_shap_list_ir_4_subset_8,lr_shap_list_ir_4
1189,X2,0.8854720452324102,1.1845759819593333,920.8909270417066,lr_shap_list_ir_4_subset_8,lr_shap_list_ir_4
1190,X3,0.5983198023876382,0.9259033100226256,622.2525944831436,lr_shap_list_ir_4_subset_8,lr_shap_list_ir_4
1191,X4,0.9390019216651596,0.6476713389091577,976.561998531766,lr_shap_list_ir_4_subset_8,lr_shap_list_ir_4
1192,X5,0.7105347619621095,1.1038355574197631,738.9561524405939,lr_shap_list_ir_4_subset_8,lr_shap_list_ir_4
1193,X6,0.16575344445273094,0.04293070330277616,172.38358223084018,lr_shap_list_ir_4_subset_8,lr_shap_list_ir_4
1194,X1,0.3445555972756392,0.6268728017631263,358.3378211666648,lr_shap_list_ir_4_subset_88,lr_shap_list_ir_4
1195,X2,0.8328751577931122,1.069690254814234,866.1901641048366,lr_shap_list_ir_4_subset_88,lr_shap_list_ir_4
1196,X3,1.0678073647303445,1.2214381118531925,1110.5196593195583,lr_shap_list_ir_4_subset_88,lr_shap_list_ir_4
1197,X4,1.08087147218356,0.6980191179150267,1124.1063310709023,lr_shap_list_ir_4_subset_88,lr_shap_list_ir_4
1198,X5,0.5946589307292173,0.8128302046547977,618.445287958386,lr_shap_list_ir_4_subset_88,lr_shap_list_ir_4
1199,X6,0.01945112436242554,0.00546761634946981,20.229169336922563,lr_shap_list_ir_4_subset_88,lr_shap_list_ir_4
1200,X1,0.519348922979074,0.6378636027266892,540.122879898237,lr_shap_list_ir_3_subset_84,lr_shap_list_ir_3
1201,X2,1.216230777533783,1.2319910124961837,1264.8800086351343,lr_shap_list_ir_3_subset_84,lr_shap_list_ir_3
1202,X3,0.840278834195413,1.1494847304674143,873.8899875632296,lr_shap_list_ir_3_subset_84,lr_shap_list_ir_3
1203,X4,0.9971329345340083,0.6050099064398822,1037.0182519153686,lr_shap_list_ir_3_subset_84,lr_shap_list_ir_3
1204,X5,0.5176415236102291,0.9471432387935941,538.3471845546383,lr_shap_list_ir_3_subset_84,lr_shap_list_ir_3
1205,X6,0.8093829139482732,0.19025936989001974,841.7582305062042,lr_shap_list_ir_3_subset_84,lr_shap_list_ir_3
1206,X1,0.5223300896013884,0.7495826583144299,543.2232931854439,lr_shap_list_ir_1_subset_114,lr_shap_list_ir_1
1207,X2,0.6256953126518054,0.9385374246734507,650.7231251578777,lr_shap_list_ir_1_subset_114,lr_shap_list_ir_1
1208,X3,1.2574467410015076,1.8221287233132608,1307.7446106415678,lr_shap_list_ir_1_subset_114,lr_shap_list_ir_1
1209,X4,0.4982242937495896,0.2637601891576873,518.1532654995732,lr_shap_list_ir_1_subset_114,lr_shap_list_ir_1
1210,X5,0.58584977091221,0.7211794585898338,609.2837617486985,lr_shap_list_ir_1_subset_114,lr_shap_list_ir_1
1211,X6,0.2837789031820971,0.08307173085175748,295.13005930938095,lr_shap_list_ir_1_subset_114,lr_shap_list_ir_1
1212,X1,0.5393118695952627,0.7140407348552548,560.8843443790731,lr_shap_list_ir_1_subset_108,lr_shap_list_ir_1
1213,X2,0.25059197437392805,0.4204872368582441,260.6156533488852,lr_shap_list_ir_1_subset_108,lr_shap_list_ir_1
1214,X3,0.5771185679375483,0.7120247829278015,600.2033106550502,lr_shap_list_ir_1_subset_108,lr_shap_list_ir_1
1215,X4,0.8988587539233206,0.4355969295568246,934.8131040802534,lr_shap_list_ir_1_subset_108,lr_shap_list_ir_1
1216,X5,0.5419424412004624,0.6870559185155802,563.6201388484809,lr_shap_list_ir_1_subset_108,lr_shap_list_ir_1
1217,X6,0.6642329268202547,0.15823480910082707,690.8022438930649,lr_shap_list_ir_1_subset_108,lr_shap_list_ir_1
1218,X1,0.29429972775371116,0.378314521307769,306.0717168638596,lr_shap_list_ir_4_subset_91,lr_shap_list_ir_4
1219,X2,0.9194114909969271,1.2101971393155921,956.1879506368042,lr_shap_list_ir_4_subset_91,lr_shap_list_ir_4
1220,X3,0.6941535287356057,1.0837813081286463,721.9196698850299,lr_shap_list_ir_4_subset_91,lr_shap_list_ir_4
1221,X4,1.1107435652147126,0.802730960555906,1155.1733078233012,lr_shap_list_ir_4_subset_91,lr_shap_list_ir_4
1222,X5,0.643085421520519,0.9309827653551022,668.8088383813397,lr_shap_list_ir_4_subset_91,lr_shap_list_ir_4
1223,X6,0.13357079366776425,0.03460638832830498,138.91362541447484,lr_shap_list_ir_4_subset_91,lr_shap_list_ir_4
1224,X1,0.8495645801109251,0.9438771622399355,883.547163315362,lr_shap_list_ir_1_subset_25,lr_shap_list_ir_1
1225,X2,0.5833487166946312,0.7664941469631079,606.6826653624164,lr_shap_list_ir_1_subset_25,lr_shap_list_ir_1
1226,X3,0.2836035489787083,0.5288345575687616,294.94769093785663,lr_shap_list_ir_1_subset_25,lr_shap_list_ir_1
1227,X4,0.765199842431245,0.3912353573007409,795.8078361284947,lr_shap_list_ir_1_subset_25,lr_shap_list_ir_1
1228,X5,0.7994031256776815,0.9698278328837877,831.3792507047888,lr_shap_list_ir_1_subset_25,lr_shap_list_ir_1
1229,X6,0.04858034350568988,0.014674737476990114,50.52355724591747,lr_shap_list_ir_1_subset_25,lr_shap_list_ir_1
1230,X1,0.19290970767999488,0.25415364772678417,200.62609598719467,lr_shap_list_ir_4_subset_36,lr_shap_list_ir_4
1231,X2,0.33626090451607993,0.4358870398163856,349.71134069672314,lr_shap_list_ir_4_subset_36,lr_shap_list_ir_4
1232,X3,0.5602282889153589,0.6439007907887722,582.6374204719733,lr_shap_list_ir_4_subset_36,lr_shap_list_ir_4
1233,X4,0.8208362224377916,0.512943383883239,853.6696713353033,lr_shap_list_ir_4_subset_36,lr_shap_list_ir_4
1234,X5,0.953285773209749,1.2061374418402295,991.417204138139,lr_shap_list_ir_4_subset_36,lr_shap_list_ir_4
1235,X6,0.06515223039025182,0.017583888196719827,67.7583196058619,lr_shap_list_ir_4_subset_36,lr_shap_list_ir_4
1236,X1,0.5846925977350991,0.7140802886146177,608.080301644503,lr_shap_list_ir_5_subset_18,lr_shap_list_ir_5
1237,X2,0.5519977605223851,0.7006349441137341,574.0776709432805,lr_shap_list_ir_5_subset_18,lr_shap_list_ir_5
1238,X3,0.843644533937861,1.3059225115160675,877.3903152953754,lr_shap_list_ir_5_subset_18,lr_shap_list_ir_5
1239,X4,0.9154003800877604,0.6796016042837209,952.0163952912708,lr_shap_list_ir_5_subset_18,lr_shap_list_ir_5
1240,X5,1.0680887635999246,1.0706766170449185,1110.8123141439216,lr_shap_list_ir_5_subset_18,lr_shap_list_ir_5
1241,X6,0.14052434269744876,0.03666546466989589,146.1453164053467,lr_shap_list_ir_5_subset_18,lr_shap_list_ir_5
1242,X1,0.1773679450959567,0.21694663343820259,184.462662899795,lr_shap_list_ir_1_subset_139,lr_shap_list_ir_1
1243,X2,0.1786337661990095,0.2584786815545873,185.77911684696988,lr_shap_list_ir_1_subset_139,lr_shap_list_ir_1
1244,X3,0.4587978451769767,0.5965726073410944,477.1497589840558,lr_shap_list_ir_1_subset_139,lr_shap_list_ir_1
1245,X4,1.811901007120972,1.0645529643414327,1884.3770474058108,lr_shap_list_ir_1_subset_139,lr_shap_list_ir_1
1246,X5,0.9179217359413567,1.5952827100889608,954.638605379011,lr_shap_list_ir_1_subset_139,lr_shap_list_ir_1
1247,X6,2.3819676476515506,0.5596380590584493,2477.2463535576126,lr_shap_list_ir_1_subset_139,lr_shap_list_ir_1
1248,X1,0.5496693355970865,0.6450208516083882,571.65610902097,lr_shap_list_ir_5_subset_119,lr_shap_list_ir_5
1249,X2,0.39410278849937136,0.4939148355628602,409.8669000393462,lr_shap_list_ir_5_subset_119,lr_shap_list_ir_5
1250,X3,0.5087247790011947,0.837600857204552,529.0737701612425,lr_shap_list_ir_5_subset_119,lr_shap_list_ir_5
1251,X4,0.7761737211670352,0.5828209728762886,807.2206700137166,lr_shap_list_ir_5_subset_119,lr_shap_list_ir_5
1252,X5,0.8501837933303606,1.2258729095915635,884.191145063575,lr_shap_list_ir_5_subset_119,lr_shap_list_ir_5
1253,X6,0.16804549214577502,0.042446397148119736,174.76731183160604,lr_shap_list_ir_5_subset_119,lr_shap_list_ir_5
1254,X1,0.351321857509886,0.45401438361950425,365.37473181028145,lr_shap_list_ir_5_subset_114,lr_shap_list_ir_5
1255,X2,0.5342381178508253,0.6947175882485123,555.6076425648583,lr_shap_list_ir_5_subset_114,lr_shap_list_ir_5
1256,X3,0.6042044451891863,1.082658763491549,628.3726229967538,lr_shap_list_ir_5_subset_114,lr_shap_list_ir_5
1257,X4,1.1867219453689013,0.9018117945967086,1234.1908231836574,lr_shap_list_ir_5_subset_114,lr_shap_list_ir_5
1258,X5,0.9450841399574973,1.210193704955893,982.8875055557971,lr_shap_list_ir_5_subset_114,lr_shap_list_ir_5
1259,X6,0.18607119153815288,0.05312280771176783,193.514039199679,lr_shap_list_ir_5_subset_114,lr_shap_list_ir_5
1260,X1,0.7984905729737382,1.0937408934176438,830.4301958926877,lr_shap_list_ir_2_subset_130,lr_shap_list_ir_2
1261,X2,0.91821825682965,1.398603491501432,954.9469871028359,lr_shap_list_ir_2_subset_130,lr_shap_list_ir_2
1262,X3,0.09568053459040453,0.14324205009577326,99.50775597402071,lr_shap_list_ir_2_subset_130,lr_shap_list_ir_2
1263,X4,0.6943392759241435,0.3518450479339464,722.1128469611092,lr_shap_list_ir_2_subset_130,lr_shap_list_ir_2
1264,X5,0.67672735907155,0.9252856668164338,703.796453434412,lr_shap_list_ir_2_subset_130,lr_shap_list_ir_2
1265,X6,0.2898937230816324,0.0699734113262402,301.4894720048977,lr_shap_list_ir_2_subset_130,lr_shap_list_ir_2
1266,X1,0.25954811852306164,0.41802381293162916,269.9300432639841,lr_shap_list_ir_3_subset_52,lr_shap_list_ir_3
1267,X2,1.2118470091159597,1.8879302586124933,1260.320889480598,lr_shap_list_ir_3_subset_52,lr_shap_list_ir_3
1268,X3,0.46001661518043657,0.6226509179371761,478.417279787654,lr_shap_list_ir_3_subset_52,lr_shap_list_ir_3
1269,X4,1.2989616900150744,0.7901985891573274,1350.9201576156775,lr_shap_list_ir_3_subset_52,lr_shap_list_ir_3
1270,X5,0.6449841617802476,0.9089269526917398,670.7835282514576,lr_shap_list_ir_3_subset_52,lr_shap_list_ir_3
1271,X6,0.22591169491359528,0.05329115197906369,234.9481627101391,lr_shap_list_ir_3_subset_52,lr_shap_list_ir_3
1272,X1,0.2023124547373948,0.29149947837145024,210.4049529268906,lr_shap_list_ir_2_subset_123,lr_shap_list_ir_2
1273,X2,0.4852831346937272,0.6961383017795044,504.6944600814763,lr_shap_list_ir_2_subset_123,lr_shap_list_ir_2
1274,X3,0.6836921415674204,0.846962711581964,711.0398272301172,lr_shap_list_ir_2_subset_123,lr_shap_list_ir_2
1275,X4,0.5908098301938699,0.30216506948333255,614.4422234016247,lr_shap_list_ir_2_subset_123,lr_shap_list_ir_2
1276,X5,0.7263014862059304,1.0112616128228098,755.3535456541676,lr_shap_list_ir_2_subset_123,lr_shap_list_ir_2
1277,X6,0.08532431783050386,0.02221058915199839,88.73729054372401,lr_shap_list_ir_2_subset_123,lr_shap_list_ir_2
1278,X1,0.5543916216419564,0.5870124223110321,576.5672865076347,lr_shap_list_ir_5_subset_81,lr_shap_list_ir_5
1279,X2,0.7065678761624945,0.7581275943885818,734.8305912089943,lr_shap_list_ir_5_subset_81,lr_shap_list_ir_5
1280,X3,0.42667791051247167,0.5600659788780307,443.7450269329705,lr_shap_list_ir_5_subset_81,lr_shap_list_ir_5
1281,X4,1.3283564822364067,0.9525695193127466,1381.4907415258629,lr_shap_list_ir_5_subset_81,lr_shap_list_ir_5
1282,X5,1.0514819726106586,1.3930265421431438,1093.541251515085,lr_shap_list_ir_5_subset_81,lr_shap_list_ir_5
1283,X6,0.3474072647082965,0.09841035378977274,361.30355529662836,lr_shap_list_ir_5_subset_81,lr_shap_list_ir_5
1284,X1,0.7740110962540037,1.076097252362414,804.9715401041638,lr_shap_list_ir_3_subset_3,lr_shap_list_ir_3
1285,X2,1.1671630441870144,1.5640005989270178,1213.8495659544951,lr_shap_list_ir_3_subset_3,lr_shap_list_ir_3
1286,X3,0.3799239861630112,0.5319416542494985,395.12094560953165,lr_shap_list_ir_3_subset_3,lr_shap_list_ir_3
1287,X4,0.662742974782235,0.4382546726482374,689.2526937735244,lr_shap_list_ir_3_subset_3,lr_shap_list_ir_3
1288,X5,0.6537954800054706,0.846736207379367,679.9472992056894,lr_shap_list_ir_3_subset_3,lr_shap_list_ir_3
1289,X6,0.13188748517501758,0.03180960927736461,137.16298458201828,lr_shap_list_ir_3_subset_3,lr_shap_list_ir_3
1290,X1,0.20079816588889626,0.26570102033571197,208.8300925244521,lr_shap_list_ir_5_subset_13,lr_shap_list_ir_5
1291,X2,0.3841289054259447,0.6725486585235794,399.4940616429825,lr_shap_list_ir_5_subset_13,lr_shap_list_ir_5
1292,X3,0.618892511977063,1.412433722168567,643.6482124561455,lr_shap_list_ir_5_subset_13,lr_shap_list_ir_5
1293,X4,1.1640410474014753,0.8210262802946725,1210.6026892975342,lr_shap_list_ir_5_subset_13,lr_shap_list_ir_5
1294,X5,0.9913864997283109,1.238638195763348,1031.0419597174434,lr_shap_list_ir_5_subset_13,lr_shap_list_ir_5
1295,X6,0.044165908898754935,0.012530695057169973,45.93254525470513,lr_shap_list_ir_5_subset_13,lr_shap_list_ir_5
1296,X1,0.19907770358036478,0.2889737714836103,207.04081172357937,lr_shap_list_ir_2_subset_91,lr_shap_list_ir_2
1297,X2,0.5311016521224384,0.8000981035733696,552.345718207336,lr_shap_list_ir_2_subset_91,lr_shap_list_ir_2
1298,X3,1.3552125928848149,1.9708085193710387,1409.4210966002074,lr_shap_list_ir_2_subset_91,lr_shap_list_ir_2
1299,X4,0.7402926142286445,0.42878566500309323,769.9043187977902,lr_shap_list_ir_2_subset_91,lr_shap_list_ir_2
1300,X5,0.4302447918752943,0.7517387785909997,447.45458355030604,lr_shap_list_ir_2_subset_91,lr_shap_list_ir_2
1301,X6,0.3064299165214538,0.06926216415684083,318.6871131823119,lr_shap_list_ir_2_subset_91,lr_shap_list_ir_2
1302,X1,0.5629152953643126,0.6648294610900154,585.4319071788851,lr_shap_list_ir_5_subset_91,lr_shap_list_ir_5
1303,X2,0.4254897670260523,0.6809220477774763,442.5093577070944,lr_shap_list_ir_5_subset_91,lr_shap_list_ir_5
1304,X3,0.6316530738605776,0.7938452763307241,656.9191968150006,lr_shap_list_ir_5_subset_91,lr_shap_list_ir_5
1305,X4,0.7431806173243589,0.5040597377887878,772.9078420173332,lr_shap_list_ir_5_subset_91,lr_shap_list_ir_5
1306,X5,0.9259538156663765,1.372549905330393,962.9919682930315,lr_shap_list_ir_5_subset_91,lr_shap_list_ir_5
1307,X6,0.1979678120951172,0.050274369086275944,205.8865245789219,lr_shap_list_ir_5_subset_91,lr_shap_list_ir_5
1308,X1,0.4232127559199448,0.5278294363128196,440.1412661567426,lr_shap_list_ir_5_subset_127,lr_shap_list_ir_5
1309,X2,0.35155897760595073,0.4457279493307753,365.62133671018876,lr_shap_list_ir_5_subset_127,lr_shap_list_ir_5
1310,X3,0.9555237341702792,1.664201898855131,993.7446835370904,lr_shap_list_ir_5_subset_127,lr_shap_list_ir_5
1311,X4,0.8762085237167254,0.6144496568333272,911.2568646653945,lr_shap_list_ir_5_subset_127,lr_shap_list_ir_5
1312,X5,0.9249981060739888,1.2697416203647878,961.9980303169483,lr_shap_list_ir_5_subset_127,lr_shap_list_ir_5
1313,X6,0.10980469653440912,0.036569946324482926,114.19688439578549,lr_shap_list_ir_5_subset_127,lr_shap_list_ir_5
1314,X1,0.41299954827906693,0.48686743646010205,429.5195302102296,lr_shap_list_ir_5_subset_129,lr_shap_list_ir_5
1315,X2,0.38634999100858025,0.6301557894278896,401.80399064892345,lr_shap_list_ir_5_subset_129,lr_shap_list_ir_5
1316,X3,0.5176962112285458,0.8519031804608795,538.4040596776877,lr_shap_list_ir_5_subset_129,lr_shap_list_ir_5
1317,X4,0.9324702617200715,0.6191697546021692,969.7690721888744,lr_shap_list_ir_5_subset_129,lr_shap_list_ir_5
1318,X5,0.8497242381342445,1.0164855940987314,883.7132076596142,lr_shap_list_ir_5_subset_129,lr_shap_list_ir_5
1319,X6,0.10396216948342274,0.02445563567866027,108.12065626275965,lr_shap_list_ir_5_subset_129,lr_shap_list_ir_5
1320,X1,0.4564818416044154,0.5529736445887268,474.741115268592,lr_shap_list_ir_2_subset_21,lr_shap_list_ir_2
1321,X2,1.0716963217474074,1.3884031735559126,1114.5641746173037,lr_shap_list_ir_2_subset_21,lr_shap_list_ir_2
1322,X3,1.7127641798996147,3.2240138934548876,1781.2747470955992,lr_shap_list_ir_2_subset_21,lr_shap_list_ir_2
1323,X4,1.1149375209729577,0.6156646320992201,1159.535021811876,lr_shap_list_ir_2_subset_21,lr_shap_list_ir_2
1324,X5,0.4958597140692638,0.680934739976915,515.6941026320344,lr_shap_list_ir_2_subset_21,lr_shap_list_ir_2
1325,X6,0.19254340115778915,0.05885029121674671,200.2451372041007,lr_shap_list_ir_2_subset_21,lr_shap_list_ir_2
1326,X1,0.33923351327032425,0.48813750632737396,352.80285380113725,lr_shap_list_ir_5_subset_25,lr_shap_list_ir_5
1327,X2,0.49571718485399563,0.7077962068810427,515.5458722481554,lr_shap_list_ir_5_subset_25,lr_shap_list_ir_5
1328,X3,0.4657220217469453,0.5752351160629426,484.35090261682313,lr_shap_list_ir_5_subset_25,lr_shap_list_ir_5
1329,X4,0.9636350490542399,0.6346083349576914,1002.1804510164095,lr_shap_list_ir_5_subset_25,lr_shap_list_ir_5
1330,X5,1.0501520867542862,1.198709756914525,1092.1581702244575,lr_shap_list_ir_5_subset_25,lr_shap_list_ir_5
1331,X6,0.006336207116616809,0.00199754763763595,6.589655401281481,lr_shap_list_ir_5_subset_25,lr_shap_list_ir_5
1332,X1,0.3529784100811116,0.48133697020407873,367.09754648435603,lr_shap_list_ir_4_subset_81,lr_shap_list_ir_4
1333,X2,0.40618303789040583,0.6107452674167023,422.43035940602203,lr_shap_list_ir_4_subset_81,lr_shap_list_ir_4
1334,X3,0.5146261790602168,1.1802374724254183,535.2112262226254,lr_shap_list_ir_4_subset_81,lr_shap_list_ir_4
1335,X4,1.0496698600689138,0.6905858753070105,1091.6566544716704,lr_shap_list_ir_4_subset_81,lr_shap_list_ir_4
1336,X5,0.83167234438853,1.1451104070802622,864.9392381640712,lr_shap_list_ir_4_subset_81,lr_shap_list_ir_4
1337,X6,0.22139392876563668,0.062004863240712096,230.24968591626214,lr_shap_list_ir_4_subset_81,lr_shap_list_ir_4
1338,X1,0.655159064747767,0.7826420191837069,681.3654273376776,lr_shap_list_ir_2_subset_140,lr_shap_list_ir_2
1339,X2,1.5721691215923503,1.7698834508525103,1635.0558864560444,lr_shap_list_ir_2_subset_140,lr_shap_list_ir_2
1340,X3,0.7814738559691135,1.4421521774740376,812.732810207878,lr_shap_list_ir_2_subset_140,lr_shap_list_ir_2
1341,X4,0.6394976529223922,0.35505996596947786,665.077559039288,lr_shap_list_ir_2_subset_140,lr_shap_list_ir_2
1342,X5,0.3617294028033412,0.560900281041148,376.19857891547485,lr_shap_list_ir_2_subset_140,lr_shap_list_ir_2
1343,X6,0.5810689867552845,0.15030980322927878,604.3117462254959,lr_shap_list_ir_2_subset_140,lr_shap_list_ir_2
1344,X1,0.16432466503133009,0.23046594196723091,170.8976516325833,lr_shap_list_ir_4_subset_43,lr_shap_list_ir_4
1345,X2,0.42215824194766527,0.5344242558186163,439.0445716255719,lr_shap_list_ir_4_subset_43,lr_shap_list_ir_4
1346,X3,0.6671472659328945,0.5521014915802523,693.8331565702103,lr_shap_list_ir_4_subset_43,lr_shap_list_ir_4
1347,X4,1.1836913867300205,0.8452966803967343,1231.0390421992213,lr_shap_list_ir_4_subset_43,lr_shap_list_ir_4
1348,X5,0.7068231786012976,1.2927628271318252,735.0961057453495,lr_shap_list_ir_4_subset_43,lr_shap_list_ir_4
1349,X6,0.11641361790748517,0.029147478646979853,121.07016262378457,lr_shap_list_ir_4_subset_43,lr_shap_list_ir_4
1350,X1,0.3979798690813824,0.4305267752041484,413.8990638446377,lr_shap_list_ir_2_subset_4,lr_shap_list_ir_2
1351,X2,0.5915863051829247,0.6758102390567726,615.2497573902416,lr_shap_list_ir_2_subset_4,lr_shap_list_ir_2
1352,X3,0.2664383278502114,0.37091009288086757,277.0958609642198,lr_shap_list_ir_2_subset_4,lr_shap_list_ir_2
1353,X4,1.1821968996557495,0.6712980388131199,1229.4847756419795,lr_shap_list_ir_2_subset_4,lr_shap_list_ir_2
1354,X5,0.6311168802789602,0.8378715693515074,656.3615554901186,lr_shap_list_ir_2_subset_4,lr_shap_list_ir_2
1355,X6,0.4651420199253543,0.10503765669618853,483.7477007223685,lr_shap_list_ir_2_subset_4,lr_shap_list_ir_2
1356,X1,0.31214440911888,0.5817680541895178,324.63018548363516,lr_shap_list_ir_1_subset_76,lr_shap_list_ir_1
1357,X2,0.2734149877971996,0.3556927449419423,284.35158730908756,lr_shap_list_ir_1_subset_76,lr_shap_list_ir_1
1358,X3,0.5810734209077223,0.8714546811162305,604.3163577440312,lr_shap_list_ir_1_subset_76,lr_shap_list_ir_1
1359,X4,0.023132355452137,0.012570150522824728,24.05764967022248,lr_shap_list_ir_1_subset_76,lr_shap_list_ir_1
1360,X5,0.3635554218474344,0.4788230302695379,378.09763872133175,lr_shap_list_ir_1_subset_76,lr_shap_list_ir_1
1361,X6,0.9096524906571827,0.26995197884777633,946.03859028347,lr_shap_list_ir_1_subset_76,lr_shap_list_ir_1
1362,X1,0.7423111820269366,0.7105787634103149,772.0036293080141,lr_shap_list_ir_1_subset_1,lr_shap_list_ir_1
1363,X2,2.2955370918396,2.686183732083914,2387.358575513184,lr_shap_list_ir_1_subset_1,lr_shap_list_ir_1
1364,X3,0.5843293219589292,0.9722270158495605,607.7024948372864,lr_shap_list_ir_1_subset_1,lr_shap_list_ir_1
1365,X4,0.9894058692995149,0.4631273026857874,1028.9821040714955,lr_shap_list_ir_1_subset_1,lr_shap_list_ir_1
1366,X5,0.9128872491910595,0.9444967875567011,949.4027391587018,lr_shap_list_ir_1_subset_1,lr_shap_list_ir_1
1367,X6,0.5545241641388095,0.11945784976660033,576.7051307043619,lr_shap_list_ir_1_subset_1,lr_shap_list_ir_1
1368,X1,0.4871784961055747,0.4785317425741184,506.66563594979766,lr_shap_list_ir_1_subset_21,lr_shap_list_ir_1
1369,X2,5.111382150216936,7.246771411518331,5315.837436225613,lr_shap_list_ir_1_subset_21,lr_shap_list_ir_1
1370,X3,1.4615577848144983,1.8495376014767986,1520.0200962070783,lr_shap_list_ir_1_subset_21,lr_shap_list_ir_1
1371,X4,1.1979526259022675,0.5800691296880858,1245.870730938358,lr_shap_list_ir_1_subset_21,lr_shap_list_ir_1
1372,X5,0.5231325637231321,0.7309547783661811,544.0578662720574,lr_shap_list_ir_1_subset_21,lr_shap_list_ir_1
1373,X6,0.6434567229453655,0.150947920145062,669.1949918631801,lr_shap_list_ir_1_subset_21,lr_shap_list_ir_1
1374,X1,0.6649207101097514,0.9018833763790537,691.5175385141415,lr_shap_list_ir_1_subset_113,lr_shap_list_ir_1
1375,X2,1.0105665263165815,1.4212876770737706,1050.9891873692447,lr_shap_list_ir_1_subset_113,lr_shap_list_ir_1
1376,X3,0.34909603745696766,0.4307247549904824,363.05987895524635,lr_shap_list_ir_1_subset_113,lr_shap_list_ir_1
1377,X4,0.5246169028418662,0.27742220549381813,545.6015789555408,lr_shap_list_ir_1_subset_113,lr_shap_list_ir_1
1378,X5,0.5263407142522536,0.6296723022584213,547.3943428223438,lr_shap_list_ir_1_subset_113,lr_shap_list_ir_1
1379,X6,0.37213283918404344,0.0888360257239616,387.0181527514052,lr_shap_list_ir_1_subset_113,lr_shap_list_ir_1
1380,X1,0.21046779050248238,0.2828159457948228,218.88650212258167,lr_shap_list_ir_3_subset_118,lr_shap_list_ir_3
1381,X2,0.6911483172585249,0.9271368350815083,718.7942499488659,lr_shap_list_ir_3_subset_118,lr_shap_list_ir_3
1382,X3,1.4259043417566781,1.9399284649686022,1482.9405154269452,lr_shap_list_ir_3_subset_118,lr_shap_list_ir_3
1383,X4,0.8892747657433293,0.5072638232607187,924.8457563730625,lr_shap_list_ir_3_subset_118,lr_shap_list_ir_3
1384,X5,0.6635628985286133,0.9853896152150272,690.1054144697578,lr_shap_list_ir_3_subset_118,lr_shap_list_ir_3
1385,X6,0.56321796183704,0.1724813032511768,585.7466803105216,lr_shap_list_ir_3_subset_118,lr_shap_list_ir_3
1386,X1,0.5012582393667622,0.6712228296772649,521.3085689414327,lr_shap_list_ir_3_subset_53,lr_shap_list_ir_3
1387,X2,0.4667710900147758,0.6904063236844666,485.44193361536685,lr_shap_list_ir_3_subset_53,lr_shap_list_ir_3
1388,X3,1.1227187629803712,1.0468305890361778,1167.627513499586,lr_shap_list_ir_3_subset_53,lr_shap_list_ir_3
1389,X4,0.8178018229524029,0.4636048440587337,850.513895870499,lr_shap_list_ir_3_subset_53,lr_shap_list_ir_3
1390,X5,0.4774424309154149,0.6762167006160401,496.54012815203146,lr_shap_list_ir_3_subset_53,lr_shap_list_ir_3
1391,X6,0.5435795178046946,0.13336144011323317,565.3226985168824,lr_shap_list_ir_3_subset_53,lr_shap_list_ir_3
1392,X1,0.9584322105870494,0.8140434432902708,996.7694990105314,lr_shap_list_ir_2_subset_106,lr_shap_list_ir_2
1393,X2,1.179666970570512,1.3783358553062863,1226.8536493933325,lr_shap_list_ir_2_subset_106,lr_shap_list_ir_2
1394,X3,0.8948645840102035,1.1661453680779859,930.6591673706116,lr_shap_list_ir_2_subset_106,lr_shap_list_ir_2
1395,X4,0.7367540734626341,0.4348318781986934,766.2242364011395,lr_shap_list_ir_2_subset_106,lr_shap_list_ir_2
1396,X5,0.4702757244855222,0.7187134915897375,489.08675346494306,lr_shap_list_ir_2_subset_106,lr_shap_list_ir_2
1397,X6,0.364812153545744,0.09214411847388865,379.40463968757376,lr_shap_list_ir_2_subset_106,lr_shap_list_ir_2
1398,X1,1.6978220002574884,3.354546730215021,1765.734880267788,lr_shap_list_ir_1_subset_123,lr_shap_list_ir_1
1399,X2,7.449900196793226,12.06984197504618,7747.896204664955,lr_shap_list_ir_1_subset_123,lr_shap_list_ir_1
1400,X3,0.08110652557732007,0.10797557680384362,84.35078660041287,lr_shap_list_ir_1_subset_123,lr_shap_list_ir_1
1401,X4,3.7482034035947156,2.0427010663411735,3898.131539738504,lr_shap_list_ir_1_subset_123,lr_shap_list_ir_1
1402,X5,0.9439698429058132,1.2139430354595548,981.7286366220458,lr_shap_list_ir_1_subset_123,lr_shap_list_ir_1
1403,X6,6.977064199088711,1.528193343989546,7256.14676705226,lr_shap_list_ir_1_subset_123,lr_shap_list_ir_1
1404,X1,0.377098764659474,0.4170518245429717,392.182715245853,lr_shap_list_ir_4_subset_11,lr_shap_list_ir_4
1405,X2,0.6701395276503829,0.9093921263400159,696.9451087563982,lr_shap_list_ir_4_subset_11,lr_shap_list_ir_4
1406,X3,0.6114702487623261,0.6146222350627886,635.9290587128191,lr_shap_list_ir_4_subset_11,lr_shap_list_ir_4
1407,X4,1.0272143728705863,0.6100587163450256,1068.3029477854097,lr_shap_list_ir_4_subset_11,lr_shap_list_ir_4
1408,X5,0.6178091328428916,0.9756249156306456,642.5214981566073,lr_shap_list_ir_4_subset_11,lr_shap_list_ir_4
1409,X6,0.2079355333399594,0.056924537373618946,216.25295467355778,lr_shap_list_ir_4_subset_11,lr_shap_list_ir_4
1410,X1,0.5760973996296619,0.6434170075772968,599.1412956148483,lr_shap_list_ir_2_subset_42,lr_shap_list_ir_2
1411,X2,0.7960500321926979,0.7208846623465655,827.8920334804058,lr_shap_list_ir_2_subset_42,lr_shap_list_ir_2
1412,X3,1.1549757503433782,1.9207758588208308,1201.1747803571134,lr_shap_list_ir_2_subset_42,lr_shap_list_ir_2
1413,X4,1.7306476240305815,1.118862790374018,1799.8735289918047,lr_shap_list_ir_2_subset_42,lr_shap_list_ir_2
1414,X5,0.43537566483967594,0.8464862616661997,452.79069143326296,lr_shap_list_ir_2_subset_42,lr_shap_list_ir_2
1415,X6,0.4963230940052011,0.11815351590377428,516.1760177654091,lr_shap_list_ir_2_subset_42,lr_shap_list_ir_2
1416,X1,0.3568131935811786,0.5667329641449501,371.0857213244257,lr_shap_list_ir_3_subset_27,lr_shap_list_ir_3
1417,X2,0.6114050097698184,0.8751770456355791,635.8612101606111,lr_shap_list_ir_3_subset_27,lr_shap_list_ir_3
1418,X3,0.7687202565936156,1.0959127326489708,799.4690668573603,lr_shap_list_ir_3_subset_27,lr_shap_list_ir_3
1419,X4,0.9912106354353271,0.6499315440024739,1030.8590608527402,lr_shap_list_ir_3_subset_27,lr_shap_list_ir_3
1420,X5,0.658165660671694,1.1178671134645943,684.4922870985617,lr_shap_list_ir_3_subset_27,lr_shap_list_ir_3
1421,X6,0.20137986094443497,0.047777505108241046,209.43505538221237,lr_shap_list_ir_3_subset_27,lr_shap_list_ir_3
1422,X1,0.2792542561035382,0.3655886672659708,290.42442634767974,lr_shap_list_ir_5_subset_37,lr_shap_list_ir_5
1423,X2,0.369493399627878,0.5927403385950651,384.27313561299314,lr_shap_list_ir_5_subset_37,lr_shap_list_ir_5
1424,X3,0.5732259237377406,0.7609459539002187,596.1549606872502,lr_shap_list_ir_5_subset_37,lr_shap_list_ir_5
1425,X4,1.2008691100820443,0.7790775167397125,1248.903874485326,lr_shap_list_ir_5_subset_37,lr_shap_list_ir_5
1426,X5,0.8342534705170261,1.123941084614716,867.6236093377072,lr_shap_list_ir_5_subset_37,lr_shap_list_ir_5
1427,X6,0.04230895214427807,0.01236306523198621,44.00131023004919,lr_shap_list_ir_5_subset_37,lr_shap_list_ir_5
1428,X1,0.3343427301079346,0.4190272495302374,347.71643931225196,lr_shap_list_ir_2_subset_114,lr_shap_list_ir_2
1429,X2,2.169949996656525,2.671465779317804,2256.7479965227863,lr_shap_list_ir_2_subset_114,lr_shap_list_ir_2
1430,X3,0.32662970252806184,0.5880218213623141,339.69489062918433,lr_shap_list_ir_2_subset_114,lr_shap_list_ir_2
1431,X4,1.2098542548644813,0.6513472584771595,1258.2484250590605,lr_shap_list_ir_2_subset_114,lr_shap_list_ir_2
1432,X5,0.6783671060432813,1.0340854791655245,705.5017902850126,lr_shap_list_ir_2_subset_114,lr_shap_list_ir_2
1433,X6,0.11206479376959712,0.025043970078788193,116.547385520381,lr_shap_list_ir_2_subset_114,lr_shap_list_ir_2
1434,X1,1.1974459493932674,1.5565365896245495,1245.3437873689982,lr_shap_list_ir_1_subset_81,lr_shap_list_ir_1
1435,X2,0.3933600241657339,0.6029510813278299,409.09442513236326,lr_shap_list_ir_1_subset_81,lr_shap_list_ir_1
1436,X3,0.5130382766956927,0.6367773629114463,533.5598077635204,lr_shap_list_ir_1_subset_81,lr_shap_list_ir_1
1437,X4,0.5614574547075777,0.26849087080723083,583.9157528958808,lr_shap_list_ir_1_subset_81,lr_shap_list_ir_1
1438,X5,0.37383044937813825,0.48788314507217356,388.7836673532638,lr_shap_list_ir_1_subset_81,lr_shap_list_ir_1
1439,X6,0.40818946817477697,0.09643176319967761,424.517046901768,lr_shap_list_ir_1_subset_81,lr_shap_list_ir_1
1440,X1,0.4456708583306518,0.638610845297606,463.49769266387784,lr_shap_list_ir_5_subset_134,lr_shap_list_ir_5
1441,X2,0.5164835047105162,0.7159845345961485,537.1428448989368,lr_shap_list_ir_5_subset_134,lr_shap_list_ir_5
1442,X3,0.48257287323102105,0.7160374151171991,501.8757881602619,lr_shap_list_ir_5_subset_134,lr_shap_list_ir_5
1443,X4,1.3482968072001977,0.9785213422236443,1402.2286794882057,lr_shap_list_ir_5_subset_134,lr_shap_list_ir_5
1444,X5,0.9403859324979915,1.0697243261479634,978.0013697979111,lr_shap_list_ir_5_subset_134,lr_shap_list_ir_5
1445,X6,0.2621114340319122,0.06824047816626408,272.5958913931887,lr_shap_list_ir_5_subset_134,lr_shap_list_ir_5
1446,X1,0.20171486704075622,0.28450036917011695,209.78346172238648,lr_shap_list_ir_4_subset_86,lr_shap_list_ir_4
1447,X2,0.31092934858060245,0.43761271976958005,323.3665225238266,lr_shap_list_ir_4_subset_86,lr_shap_list_ir_4
1448,X3,0.6614853209503415,0.7888787590930776,687.9447337883552,lr_shap_list_ir_4_subset_86,lr_shap_list_ir_4
1449,X4,1.1226011893190442,0.7491442029307579,1167.505236891806,lr_shap_list_ir_4_subset_86,lr_shap_list_ir_4
1450,X5,0.7381984011853625,0.9108753390876656,767.726337232777,lr_shap_list_ir_4_subset_86,lr_shap_list_ir_4
1451,X6,0.16458443101298434,0.04027177442879965,171.16780825350372,lr_shap_list_ir_4_subset_86,lr_shap_list_ir_4
1452,X1,0.2926708846262337,0.30858043879874325,304.37772001128303,lr_shap_list_ir_2_subset_89,lr_shap_list_ir_2
1453,X2,0.4853633273782237,0.7862782640422267,504.77786047335263,lr_shap_list_ir_2_subset_89,lr_shap_list_ir_2
1454,X3,0.244054882442442,0.4846300331106794,253.81707774013967,lr_shap_list_ir_2_subset_89,lr_shap_list_ir_2
1455,X4,0.8313048703326513,0.3830966804895126,864.5570651459574,lr_shap_list_ir_2_subset_89,lr_shap_list_ir_2
1456,X5,0.5458978333859265,0.6614731616059667,567.7337467213636,lr_shap_list_ir_2_subset_89,lr_shap_list_ir_2
1457,X6,0.0957858378973789,0.02077591020036474,99.61727141327407,lr_shap_list_ir_2_subset_89,lr_shap_list_ir_2
1458,X1,0.47098656519104054,0.5726655824930084,489.82602779868216,lr_shap_list_ir_5_subset_22,lr_shap_list_ir_5
1459,X2,0.44284395080314914,0.5556362185731217,460.5577088352751,lr_shap_list_ir_5_subset_22,lr_shap_list_ir_5
1460,X3,0.5915974271718749,0.7856246132214186,615.2613242587499,lr_shap_list_ir_5_subset_22,lr_shap_list_ir_5
1461,X4,0.6640853268531373,0.4843666209651303,690.6487399272628,lr_shap_list_ir_5_subset_22,lr_shap_list_ir_5
1462,X5,0.9038020850211733,1.290850528444502,939.9541684220203,lr_shap_list_ir_5_subset_22,lr_shap_list_ir_5
1463,X6,0.2738216220851295,0.0708534363513652,284.7744869685347,lr_shap_list_ir_5_subset_22,lr_shap_list_ir_5
1464,X1,0.6140862237560191,1.1338345438183326,638.6496727062598,lr_shap_list_ir_3_subset_147,lr_shap_list_ir_3
1465,X2,0.7125197558462345,0.8484783027831967,741.0205460800839,lr_shap_list_ir_3_subset_147,lr_shap_list_ir_3
1466,X3,0.673985863827536,0.8560175737521609,700.9452983806375,lr_shap_list_ir_3_subset_147,lr_shap_list_ir_3
1467,X4,0.49082815667424556,0.262709026836409,510.46128294121536,lr_shap_list_ir_3_subset_147,lr_shap_list_ir_3
1468,X5,0.6013678465296045,0.8576201440559817,625.4225603907887,lr_shap_list_ir_3_subset_147,lr_shap_list_ir_3
1469,X6,0.339368022126306,0.09476285104506475,352.94274301135823,lr_shap_list_ir_3_subset_147,lr_shap_list_ir_3
1470,X1,0.4016959210119776,0.4712980250001383,417.7637578524567,lr_shap_list_ir_3_subset_6,lr_shap_list_ir_3
1471,X2,0.4873419754286294,0.6611084671482118,506.8356544457746,lr_shap_list_ir_3_subset_6,lr_shap_list_ir_3
1472,X3,1.0102540432982219,2.0430353372004535,1050.6642050301507,lr_shap_list_ir_3_subset_6,lr_shap_list_ir_3
1473,X4,1.059988182540621,0.651967140130385,1102.3877098422458,lr_shap_list_ir_3_subset_6,lr_shap_list_ir_3
1474,X5,0.6287086206686903,0.7208802607074994,653.8569654954379,lr_shap_list_ir_3_subset_6,lr_shap_list_ir_3
1475,X6,0.3205770250216274,0.0901495955074513,333.4001060224925,lr_shap_list_ir_3_subset_6,lr_shap_list_ir_3
1476,X1,0.3118673160638096,0.45563684898374446,324.342008706362,lr_shap_list_ir_1_subset_98,lr_shap_list_ir_1
1477,X2,1.9447922886024747,3.301639625247001,2022.5839801465736,lr_shap_list_ir_1_subset_98,lr_shap_list_ir_1
1478,X3,4.0175558759092995,8.951513300480654,4178.258110945671,lr_shap_list_ir_1_subset_98,lr_shap_list_ir_1
1479,X4,1.1627407628795585,0.5428982820603765,1209.250393394741,lr_shap_list_ir_1_subset_98,lr_shap_list_ir_1
1480,X5,0.46450960685543213,0.6049747665882274,483.08999112964943,lr_shap_list_ir_1_subset_98,lr_shap_list_ir_1
1481,X6,1.581566240537486,0.37939110698592404,1644.8288901589854,lr_shap_list_ir_1_subset_98,lr_shap_list_ir_1
1482,X1,0.5127438441521753,0.5935326140277686,533.2535979182624,lr_shap_list_ir_3_subset_41,lr_shap_list_ir_3
1483,X2,1.1993187673074217,1.7623285808504816,1247.2915179997185,lr_shap_list_ir_3_subset_41,lr_shap_list_ir_3
1484,X3,0.698948947768866,0.7917655398283242,726.9069056796206,lr_shap_list_ir_3_subset_41,lr_shap_list_ir_3
1485,X4,1.15373023936874,0.6801407438122223,1199.8794489434897,lr_shap_list_ir_3_subset_41,lr_shap_list_ir_3
1486,X5,0.4755908279583104,0.7892050395473081,494.61446107664284,lr_shap_list_ir_3_subset_41,lr_shap_list_ir_3
1487,X6,0.03560703063488329,0.009560211884183557,37.03131186027862,lr_shap_list_ir_3_subset_41,lr_shap_list_ir_3
1488,X1,0.3189007099720428,0.4039182658395906,331.6567383709245,lr_shap_list_ir_3_subset_73,lr_shap_list_ir_3
1489,X2,0.35803998307560153,0.5487597296339064,372.3615823986256,lr_shap_list_ir_3_subset_73,lr_shap_list_ir_3
1490,X3,0.4642439880358609,0.7070941224967053,482.81374755729536,lr_shap_list_ir_3_subset_73,lr_shap_list_ir_3
1491,X4,0.8825250676156678,0.5536636421533191,917.8260703202945,lr_shap_list_ir_3_subset_73,lr_shap_list_ir_3
1492,X5,1.0673073514305633,1.440949110127665,1109.9996454877858,lr_shap_list_ir_3_subset_73,lr_shap_list_ir_3
1493,X6,0.1222981583057088,0.02857722599836931,127.19008463793715,lr_shap_list_ir_3_subset_73,lr_shap_list_ir_3
1494,X1,0.47480512655446133,0.4906984632852793,493.7973316166398,lr_shap_list_ir_2_subset_46,lr_shap_list_ir_2
1495,X2,0.28268272446970416,0.43769142117911297,293.99003344849234,lr_shap_list_ir_2_subset_46,lr_shap_list_ir_2
1496,X3,0.5356282458935759,0.8879308236066771,557.053375729319,lr_shap_list_ir_2_subset_46,lr_shap_list_ir_2
1497,X4,0.7869711749277275,0.37586387206784333,818.4500219248366,lr_shap_list_ir_2_subset_46,lr_shap_list_ir_2
1498,X5,0.6377540370295098,0.8524993083935908,663.2641985106902,lr_shap_list_ir_2_subset_46,lr_shap_list_ir_2
1499,X6,0.22412132441513458,0.04567650631896167,233.08617739173997,lr_shap_list_ir_2_subset_46,lr_shap_list_ir_2
1500,X1,0.49899946766520176,0.5994101199760311,518.9594463718098,lr_shap_list_ir_5_subset_99,lr_shap_list_ir_5
1501,X2,0.472786566770454,0.5855114694987049,491.6980294412722,lr_shap_list_ir_5_subset_99,lr_shap_list_ir_5
1502,X3,0.6080104629200916,1.2939116460691344,632.3308814368953,lr_shap_list_ir_5_subset_99,lr_shap_list_ir_5
1503,X4,0.9610792751806136,0.7046502770520523,999.5224461878382,lr_shap_list_ir_5_subset_99,lr_shap_list_ir_5
1504,X5,0.7347842962807659,1.083054018659981,764.1756681319965,lr_shap_list_ir_5_subset_99,lr_shap_list_ir_5
1505,X6,0.00734552937628063,0.0018184953027882023,7.639350551331855,lr_shap_list_ir_5_subset_99,lr_shap_list_ir_5
1506,X1,0.4367705288391418,0.5400922324188118,454.24134999270746,lr_shap_list_ir_4_subset_4,lr_shap_list_ir_4
1507,X2,0.5398862084224105,0.7749091983014572,561.4816567593069,lr_shap_list_ir_4_subset_4,lr_shap_list_ir_4
1508,X3,0.7811785457870102,1.0031478470392121,812.4256876184905,lr_shap_list_ir_4_subset_4,lr_shap_list_ir_4
1509,X4,0.9998419123528632,0.6434417376112319,1039.8355888469778,lr_shap_list_ir_4_subset_4,lr_shap_list_ir_4
1510,X5,0.8496228268021901,1.191056334804331,883.6077398742777,lr_shap_list_ir_4_subset_4,lr_shap_list_ir_4
1511,X6,0.20876313559690796,0.04992450126651182,217.11366102078426,lr_shap_list_ir_4_subset_4,lr_shap_list_ir_4
1512,X1,0.35852313752885373,0.39353839227770193,372.86406303000786,lr_shap_list_ir_1_subset_130,lr_shap_list_ir_1
1513,X2,1.0304407517022114,1.1047797286546257,1071.6583817703,lr_shap_list_ir_1_subset_130,lr_shap_list_ir_1
1514,X3,1.032620185499121,1.0115321719221078,1073.924992919086,lr_shap_list_ir_1_subset_130,lr_shap_list_ir_1
1515,X4,1.2849848730646505,0.6843316986659306,1336.3842679872364,lr_shap_list_ir_1_subset_130,lr_shap_list_ir_1
1516,X5,0.3044979030921612,0.4234417839018729,316.67781921584765,lr_shap_list_ir_1_subset_130,lr_shap_list_ir_1
1517,X6,0.08153542819516109,0.021839858080909803,84.79684532296753,lr_shap_list_ir_1_subset_130,lr_shap_list_ir_1
1518,X1,0.2914253511562975,0.44196264003308317,303.0823652025494,lr_shap_list_ir_4_subset_132,lr_shap_list_ir_4
1519,X2,0.4734588532803621,0.547291941481335,492.3972074115766,lr_shap_list_ir_4_subset_132,lr_shap_list_ir_4
1520,X3,0.8066909227317655,0.986020050608741,838.9585596410361,lr_shap_list_ir_4_subset_132,lr_shap_list_ir_4
1521,X4,0.7271603266851245,0.4869379097428169,756.2467397525295,lr_shap_list_ir_4_subset_132,lr_shap_list_ir_4
1522,X5,0.6135332570505005,0.7611812513511746,638.0745873325205,lr_shap_list_ir_4_subset_132,lr_shap_list_ir_4
1523,X6,0.2787668022863994,0.06793776204621098,289.91747437785534,lr_shap_list_ir_4_subset_132,lr_shap_list_ir_4
1524,X1,0.5485176813058056,0.7123843077643895,570.4583885580378,lr_shap_list_ir_4_subset_106,lr_shap_list_ir_4
1525,X2,0.37410202508510554,0.5135788793756331,389.06610608850974,lr_shap_list_ir_4_subset_106,lr_shap_list_ir_4
1526,X3,0.49816039884622193,0.7421500628539032,518.0868148000708,lr_shap_list_ir_4_subset_106,lr_shap_list_ir_4
1527,X4,0.8596760495113467,0.592276307500018,894.0630914918006,lr_shap_list_ir_4_subset_106,lr_shap_list_ir_4
1528,X5,0.7075020456935533,1.0793143849345277,735.8021275212955,lr_shap_list_ir_4_subset_106,lr_shap_list_ir_4
1529,X6,0.06516412352079037,0.01534401272595533,67.77068846162199,lr_shap_list_ir_4_subset_106,lr_shap_list_ir_4
1530,X1,0.9121384571124255,1.0685365842135086,948.6239953969225,lr_shap_list_ir_1_subset_94,lr_shap_list_ir_1
1531,X2,0.3434994871873405,0.3848772112995799,357.23946667483415,lr_shap_list_ir_1_subset_94,lr_shap_list_ir_1
1532,X3,2.69614098385206,4.089902224187881,2803.986623206142,lr_shap_list_ir_1_subset_94,lr_shap_list_ir_1
1533,X4,2.055182846350157,1.0574376670485577,2137.3901602041633,lr_shap_list_ir_1_subset_94,lr_shap_list_ir_1
1534,X5,0.9056199680049636,1.555541887061231,941.8447667251621,lr_shap_list_ir_1_subset_94,lr_shap_list_ir_1
1535,X6,3.660370130672779,1.188046966376023,3806.7849358996905,lr_shap_list_ir_1_subset_94,lr_shap_list_ir_1
1536,X1,0.40487922768188594,0.5723262534881245,421.07439678916137,lr_shap_list_ir_2_subset_61,lr_shap_list_ir_2
1537,X2,0.3008517908331741,0.38243860357966053,312.88586246650107,lr_shap_list_ir_2_subset_61,lr_shap_list_ir_2
1538,X3,0.20158972980099635,0.34433543710468995,209.6533189930362,lr_shap_list_ir_2_subset_61,lr_shap_list_ir_2
1539,X4,1.2660687538259867,0.8057981525414785,1316.7115039790262,lr_shap_list_ir_2_subset_61,lr_shap_list_ir_2
1540,X5,0.4994809587433774,0.6779965990656992,519.4601970931125,lr_shap_list_ir_2_subset_61,lr_shap_list_ir_2
1541,X6,0.2745422221041828,0.06733030685043663,285.5239109883501,lr_shap_list_ir_2_subset_61,lr_shap_list_ir_2
1542,X1,0.29209495282403825,0.3732982244298638,303.77875093699976,lr_shap_list_ir_3_subset_117,lr_shap_list_ir_3
1543,X2,0.3515792404448273,0.4017005192633376,365.6424100626204,lr_shap_list_ir_3_subset_117,lr_shap_list_ir_3
1544,X3,0.7898867981694349,1.3691878737557521,821.4822700962122,lr_shap_list_ir_3_subset_117,lr_shap_list_ir_3
1545,X4,0.5072341312281046,0.31893497402026694,527.5234964772287,lr_shap_list_ir_3_subset_117,lr_shap_list_ir_3
1546,X5,0.690684988387789,0.7856417036519595,718.3123879233005,lr_shap_list_ir_3_subset_117,lr_shap_list_ir_3
1547,X6,0.34705775687874163,0.08862013545906398,360.9400671538913,lr_shap_list_ir_3_subset_117,lr_shap_list_ir_3
1548,X1,0.4332813855129251,0.5167736179470699,450.6126409334421,lr_shap_list_ir_5_subset_34,lr_shap_list_ir_5
1549,X2,0.6545613025745523,0.6569315866891092,680.7437546775343,lr_shap_list_ir_5_subset_34,lr_shap_list_ir_5
1550,X3,0.6269144392482964,0.8405310520917719,651.9910168182282,lr_shap_list_ir_5_subset_34,lr_shap_list_ir_5
1551,X4,1.0672571998766687,0.7696482563619663,1109.9474878717353,lr_shap_list_ir_5_subset_34,lr_shap_list_ir_5
1552,X5,0.9097242333467702,1.0665287893320297,946.113202680641,lr_shap_list_ir_5_subset_34,lr_shap_list_ir_5
1553,X6,0.04798830095702077,0.013480969225369146,49.907832995301604,lr_shap_list_ir_5_subset_34,lr_shap_list_ir_5
1554,X1,0.5729281924195122,0.5634722262417963,595.8453201162927,lr_shap_list_ir_4_subset_12,lr_shap_list_ir_4
1555,X2,0.6768142516661123,0.7590717415938371,703.8868217327569,lr_shap_list_ir_4_subset_12,lr_shap_list_ir_4
1556,X3,0.639342026100923,1.2215318724072552,664.9157071449599,lr_shap_list_ir_4_subset_12,lr_shap_list_ir_4
1557,X4,0.7677980957832051,0.49802418888508726,798.5100196145333,lr_shap_list_ir_4_subset_12,lr_shap_list_ir_4
1558,X5,0.8525949230356171,1.1753637777818535,886.6987199570418,lr_shap_list_ir_4_subset_12,lr_shap_list_ir_4
1559,X6,0.1498094322094842,0.04413981082373351,155.80180949786356,lr_shap_list_ir_4_subset_12,lr_shap_list_ir_4
1560,X1,0.6242750780345794,0.7105595623422459,649.2460811559625,lr_shap_list_ir_5_subset_62,lr_shap_list_ir_5
1561,X2,1.262695575219998,1.7299331790928814,1313.2033982287978,lr_shap_list_ir_5_subset_62,lr_shap_list_ir_5
1562,X3,0.5556688150706733,0.8163993083441892,577.8955676735003,lr_shap_list_ir_5_subset_62,lr_shap_list_ir_5
1563,X4,1.3481915036238787,0.9455601620485701,1402.119163768834,lr_shap_list_ir_5_subset_62,lr_shap_list_ir_5
1564,X5,1.0135894198146393,1.2481062353468526,1054.1329966072249,lr_shap_list_ir_5_subset_62,lr_shap_list_ir_5
1565,X6,0.22363618606033225,0.0564143471969534,232.58163350274555,lr_shap_list_ir_5_subset_62,lr_shap_list_ir_5
1566,X1,0.6241003032132791,0.6535762150586527,649.0643153418104,lr_shap_list_ir_3_subset_33,lr_shap_list_ir_3
1567,X2,1.9076072130282518,2.2454659187012873,1983.911501549382,lr_shap_list_ir_3_subset_33,lr_shap_list_ir_3
1568,X3,0.7538789817273409,1.5745583267831431,784.0341409964345,lr_shap_list_ir_3_subset_33,lr_shap_list_ir_3
1569,X4,1.0983678056532535,0.6533484874137286,1142.3025178793837,lr_shap_list_ir_3_subset_33,lr_shap_list_ir_3
1570,X5,0.5544354455194255,0.7248402461562801,576.6128633402025,lr_shap_list_ir_3_subset_33,lr_shap_list_ir_3
1571,X6,0.15532653561449408,0.03779630079674939,161.53959703907384,lr_shap_list_ir_3_subset_33,lr_shap_list_ir_3
1572,X1,0.42947346079376364,0.5802892155712593,446.65239922551416,lr_shap_list_ir_5_subset_79,lr_shap_list_ir_5
1573,X2,0.5326224792906046,0.7913680146987065,553.9273784622287,lr_shap_list_ir_5_subset_79,lr_shap_list_ir_5
1574,X3,0.6342860426797605,0.9507285896041549,659.657484386951,lr_shap_list_ir_5_subset_79,lr_shap_list_ir_5
1575,X4,1.0499748014940706,0.7592345322011759,1091.9737935538335,lr_shap_list_ir_5_subset_79,lr_shap_list_ir_5
1576,X5,0.8282516268081772,1.2614747618412028,861.3816918805043,lr_shap_list_ir_5_subset_79,lr_shap_list_ir_5
1577,X6,0.05350161888663831,0.014721217333661626,55.64168364210384,lr_shap_list_ir_5_subset_79,lr_shap_list_ir_5
1578,X1,0.4331769650419022,0.5920219762779407,450.50404364357826,lr_shap_list_ir_4_subset_49,lr_shap_list_ir_4
1579,X2,0.7991496069217625,0.9755923925765309,831.1155911986331,lr_shap_list_ir_4_subset_49,lr_shap_list_ir_4
1580,X3,0.6086125395266883,0.9273193285936103,632.9570411077558,lr_shap_list_ir_4_subset_49,lr_shap_list_ir_4
1581,X4,1.143301222330901,0.7460860213978193,1189.033271224137,lr_shap_list_ir_4_subset_49,lr_shap_list_ir_4
1582,X5,0.6631990789619308,0.8379562666386539,689.727042120408,lr_shap_list_ir_4_subset_49,lr_shap_list_ir_4
1583,X6,0.2155317154432355,0.06433404268944795,224.1529840609649,lr_shap_list_ir_4_subset_49,lr_shap_list_ir_4
1584,X1,0.7416275808973789,0.8594562940505308,771.2926841332741,lr_shap_list_ir_4_subset_51,lr_shap_list_ir_4
1585,X2,0.8057344015867767,1.0851772886322715,837.9637776502477,lr_shap_list_ir_4_subset_51,lr_shap_list_ir_4
1586,X3,0.8343986512826846,1.8809466590096104,867.774597333992,lr_shap_list_ir_4_subset_51,lr_shap_list_ir_4
1587,X4,0.971797134480748,0.5588462787922754,1010.6690198599779,lr_shap_list_ir_4_subset_51,lr_shap_list_ir_4
1588,X5,0.6500864472908279,0.7532657582036417,676.0899051824609,lr_shap_list_ir_4_subset_51,lr_shap_list_ir_4
1589,X6,0.2000079592337234,0.0545346801122127,208.00827760307232,lr_shap_list_ir_4_subset_51,lr_shap_list_ir_4
1590,X1,0.160923103897784,0.23383241713445013,167.36002805369534,lr_shap_list_ir_2_subset_97,lr_shap_list_ir_2
1591,X2,1.19986998772351,1.4007987827423303,1247.8647872324505,lr_shap_list_ir_2_subset_97,lr_shap_list_ir_2
1592,X3,0.44510766365806165,0.6714982317860972,462.9119702043841,lr_shap_list_ir_2_subset_97,lr_shap_list_ir_2
1593,X4,1.4914010826370634,0.8347719104938556,1551.057125942546,lr_shap_list_ir_2_subset_97,lr_shap_list_ir_2
1594,X5,0.46822342191014943,0.7354937026478839,486.9523587865554,lr_shap_list_ir_2_subset_97,lr_shap_list_ir_2
1595,X6,0.45427960581206095,0.12286513263510691,472.4507900445434,lr_shap_list_ir_2_subset_97,lr_shap_list_ir_2
1596,X1,0.49979536306899514,0.6462312763181601,519.7871775917549,lr_shap_list_ir_5_subset_47,lr_shap_list_ir_5
1597,X2,0.566289827820214,0.7793446987852685,588.9414209330225,lr_shap_list_ir_5_subset_47,lr_shap_list_ir_5
1598,X3,0.7807421962830897,1.2452730492223745,811.9718841344134,lr_shap_list_ir_5_subset_47,lr_shap_list_ir_5
1599,X4,0.726130009855479,0.559265667415366,755.1752102496982,lr_shap_list_ir_5_subset_47,lr_shap_list_ir_5
1600,X5,1.0627885429162465,1.2308469745064334,1105.3000846328964,lr_shap_list_ir_5_subset_47,lr_shap_list_ir_5
1601,X6,0.24876229804796018,0.0719042312493834,258.7127899698786,lr_shap_list_ir_5_subset_47,lr_shap_list_ir_5
1602,X1,0.17502886431047604,0.37589024581222036,182.0300188828951,lr_shap_list_ir_2_subset_133,lr_shap_list_ir_2
1603,X2,0.6001776122334613,0.9617622012903916,624.1847167227997,lr_shap_list_ir_2_subset_133,lr_shap_list_ir_2
1604,X3,0.48018199088971913,0.5935834635100485,499.3892705253079,lr_shap_list_ir_2_subset_133,lr_shap_list_ir_2
1605,X4,1.2289876225829874,0.6664368771334137,1278.147127486307,lr_shap_list_ir_2_subset_133,lr_shap_list_ir_2
1606,X5,0.5294769960632406,0.7542617721656405,550.6560759057702,lr_shap_list_ir_2_subset_133,lr_shap_list_ir_2
1607,X6,0.9058239442561631,0.2065466010781005,942.0569020264096,lr_shap_list_ir_2_subset_133,lr_shap_list_ir_2
1608,X1,0.9235055689858496,1.145074949777844,960.4457917452836,lr_shap_list_ir_2_subset_1,lr_shap_list_ir_2
1609,X2,1.1489928654867776,1.5252120735113768,1194.9525801062487,lr_shap_list_ir_2_subset_1,lr_shap_list_ir_2
1610,X3,0.240817013263342,0.3825794609478086,250.4496937938757,lr_shap_list_ir_2_subset_1,lr_shap_list_ir_2
1611,X4,0.6801541962200202,0.41443687009363717,707.360364068821,lr_shap_list_ir_2_subset_1,lr_shap_list_ir_2
1612,X5,0.39076647220879324,0.7290311150421317,406.39713109714495,lr_shap_list_ir_2_subset_1,lr_shap_list_ir_2
1613,X6,0.7408777384677467,0.18645269008830362,770.5128480064566,lr_shap_list_ir_2_subset_1,lr_shap_list_ir_2
1614,X1,0.3189886502080647,0.4118740223503166,331.7481962163873,lr_shap_list_ir_2_subset_16,lr_shap_list_ir_2
1615,X2,0.580786515338392,0.7918305617971161,604.0179759519276,lr_shap_list_ir_2_subset_16,lr_shap_list_ir_2
1616,X3,0.596844466328286,0.7912933986208157,620.7182449814175,lr_shap_list_ir_2_subset_16,lr_shap_list_ir_2
1617,X4,0.43552061016121574,0.2588868112992935,452.9414345676644,lr_shap_list_ir_2_subset_16,lr_shap_list_ir_2
1618,X5,0.42278057408482445,0.6683915683258111,439.69179704821744,lr_shap_list_ir_2_subset_16,lr_shap_list_ir_2
1619,X6,0.2781051006055432,0.06939221543424359,289.22930462976495,lr_shap_list_ir_2_subset_16,lr_shap_list_ir_2
1620,X1,0.9829124802930558,1.1974105795134522,1022.228979504778,lr_shap_list_ir_1_subset_60,lr_shap_list_ir_1
1621,X2,0.31678711052924763,0.557739308963834,329.45859495041753,lr_shap_list_ir_1_subset_60,lr_shap_list_ir_1
1622,X3,4.824668315746912,6.55613898234826,5017.655048376789,lr_shap_list_ir_1_subset_60,lr_shap_list_ir_1
1623,X4,0.02808028428340635,0.012676541601352054,29.203495654742603,lr_shap_list_ir_1_subset_60,lr_shap_list_ir_1
1624,X5,0.4217437228433882,0.6491474701655537,438.6134717571237,lr_shap_list_ir_1_subset_60,lr_shap_list_ir_1
1625,X6,2.0738318514759047,0.48186621191542744,2156.785125534941,lr_shap_list_ir_1_subset_60,lr_shap_list_ir_1
1626,X1,0.008590250226565666,0.011291274846538938,8.933860235628293,lr_shap_list_ir_1_subset_118,lr_shap_list_ir_1
1627,X2,1.5677664087454712,1.775195372499786,1630.47706509529,lr_shap_list_ir_1_subset_118,lr_shap_list_ir_1
1628,X3,4.229452532223221,6.274934364462135,4398.63063351215,lr_shap_list_ir_1_subset_118,lr_shap_list_ir_1
1629,X4,2.47940439692975,1.2509005895322682,2578.58057280694,lr_shap_list_ir_1_subset_118,lr_shap_list_ir_1
1630,X5,0.14999680455563846,0.29141742394399595,155.996676737864,lr_shap_list_ir_1_subset_118,lr_shap_list_ir_1
1631,X6,0.457891799148804,0.15076949780214527,476.2074711147562,lr_shap_list_ir_1_subset_118,lr_shap_list_ir_1
1632,X1,0.23405445433575373,0.367805107351642,243.41663250918387,lr_shap_list_ir_5_subset_143,lr_shap_list_ir_5
1633,X2,0.274337440438906,0.45223511018440055,285.31093805646225,lr_shap_list_ir_5_subset_143,lr_shap_list_ir_5
1634,X3,0.5932694176567821,0.5921447911681377,617.0001943630534,lr_shap_list_ir_5_subset_143,lr_shap_list_ir_5
1635,X4,0.8755319082887207,0.6535275423363477,910.5531846202696,lr_shap_list_ir_5_subset_143,lr_shap_list_ir_5
1636,X5,0.9506112640488354,1.390674689065514,988.6357146107889,lr_shap_list_ir_5_subset_143,lr_shap_list_ir_5
1637,X6,0.10980607826654507,0.026897298671540677,114.19832139720687,lr_shap_list_ir_5_subset_143,lr_shap_list_ir_5
1638,X1,0.43489163078313536,0.5358898400568656,452.28729601446076,lr_shap_list_ir_4_subset_73,lr_shap_list_ir_4
1639,X2,0.44012889728745186,0.5957291304315633,457.7340531789499,lr_shap_list_ir_4_subset_73,lr_shap_list_ir_4
1640,X3,1.1278193278042161,1.613310135358473,1172.9321009163848,lr_shap_list_ir_4_subset_73,lr_shap_list_ir_4
1641,X4,0.9459577781003257,0.6270376350830049,983.7960892243387,lr_shap_list_ir_4_subset_73,lr_shap_list_ir_4
1642,X5,0.6193740175092692,0.9251545712806628,644.14897820964,lr_shap_list_ir_4_subset_73,lr_shap_list_ir_4
1643,X6,0.1925104835692265,0.04486538622043808,200.21090291199556,lr_shap_list_ir_4_subset_73,lr_shap_list_ir_4
1644,X1,0.5718018083778639,0.7913056105248333,594.6738807129784,lr_shap_list_ir_2_subset_128,lr_shap_list_ir_2
1645,X2,0.8435610509870083,0.891286383992138,877.3034930264886,lr_shap_list_ir_2_subset_128,lr_shap_list_ir_2
1646,X3,0.4366136604479619,0.44708282006339645,454.07820686588036,lr_shap_list_ir_2_subset_128,lr_shap_list_ir_2
1647,X4,0.8665474482338443,0.4899971120763773,901.2093461631981,lr_shap_list_ir_2_subset_128,lr_shap_list_ir_2
1648,X5,0.6272976166435051,0.6634515832184763,652.3895213092453,lr_shap_list_ir_2_subset_128,lr_shap_list_ir_2
1649,X6,0.6290800962358328,0.18177328527518727,654.2433000852661,lr_shap_list_ir_2_subset_128,lr_shap_list_ir_2
1650,X1,0.4470240612730709,0.5302317535605644,464.9050237239938,lr_shap_list_ir_4_subset_112,lr_shap_list_ir_4
1651,X2,0.8193361622486337,1.1074386473247697,852.109608738579,lr_shap_list_ir_4_subset_112,lr_shap_list_ir_4
1652,X3,0.6082941780557664,0.7184342972492336,632.625945177997,lr_shap_list_ir_4_subset_112,lr_shap_list_ir_4
1653,X4,1.1928888414848497,0.8346391851644657,1240.6043951442437,lr_shap_list_ir_4_subset_112,lr_shap_list_ir_4
1654,X5,0.8460785254905777,1.0950618472267177,879.9216665102008,lr_shap_list_ir_4_subset_112,lr_shap_list_ir_4
1655,X6,0.1311205199351679,0.0445804608113243,136.36534073257462,lr_shap_list_ir_4_subset_112,lr_shap_list_ir_4
1656,X1,0.5070346945329675,0.6038524598485502,527.3160823142862,lr_shap_list_ir_5_subset_82,lr_shap_list_ir_5
1657,X2,0.5436882235409078,0.7570196191663515,565.4357524825441,lr_shap_list_ir_5_subset_82,lr_shap_list_ir_5
1658,X3,0.6565081042640669,1.1809041084198975,682.7684284346296,lr_shap_list_ir_5_subset_82,lr_shap_list_ir_5
1659,X4,0.9623433920676839,0.6618825028277693,1000.8371277503913,lr_shap_list_ir_5_subset_82,lr_shap_list_ir_5
1660,X5,0.967389391872424,0.8389588934974892,1006.084967547321,lr_shap_list_ir_5_subset_82,lr_shap_list_ir_5
1661,X6,0.220179177658781,0.054453512093014744,228.98634476513226,lr_shap_list_ir_5_subset_82,lr_shap_list_ir_5
1662,X1,0.23716114652959255,0.40882220566894056,246.64759239077625,lr_shap_list_ir_5_subset_17,lr_shap_list_ir_5
1663,X2,0.43267653310036236,0.530394815406529,449.98359442437686,lr_shap_list_ir_5_subset_17,lr_shap_list_ir_5
1664,X3,0.7845984587418577,1.017746640769521,815.982397091532,lr_shap_list_ir_5_subset_17,lr_shap_list_ir_5
1665,X4,1.2081995562564896,0.8329276059801505,1256.5275385067491,lr_shap_list_ir_5_subset_17,lr_shap_list_ir_5
1666,X5,0.940184173678453,1.0237163809626473,977.7915406255911,lr_shap_list_ir_5_subset_17,lr_shap_list_ir_5
1667,X6,0.014335691915199102,0.004649809841103665,14.909119591807066,lr_shap_list_ir_5_subset_17,lr_shap_list_ir_5
1668,X1,0.6230667055467449,0.6712397398586625,647.9893737686148,lr_shap_list_ir_3_subset_26,lr_shap_list_ir_3
1669,X2,0.48530087536883393,0.8311771945245916,504.71291038358726,lr_shap_list_ir_3_subset_26,lr_shap_list_ir_3
1670,X3,0.4271589492149511,0.5554949219993918,444.2453071835492,lr_shap_list_ir_3_subset_26,lr_shap_list_ir_3
1671,X4,0.9413054140962956,0.521881020915556,978.9576306601475,lr_shap_list_ir_3_subset_26,lr_shap_list_ir_3
1672,X5,0.6658371650200776,0.8905992026304943,692.4706516208807,lr_shap_list_ir_3_subset_26,lr_shap_list_ir_3
1673,X6,0.043466931750066926,0.010516327344751653,45.2056090200696,lr_shap_list_ir_3_subset_26,lr_shap_list_ir_3
1674,X1,0.3090316690412925,0.41559621618176334,321.3929358029442,lr_shap_list_ir_3_subset_130,lr_shap_list_ir_3
1675,X2,0.23052603320415135,0.4003691639972627,239.7470745323174,lr_shap_list_ir_3_subset_130,lr_shap_list_ir_3
1676,X3,0.20188338149796073,0.3180680670610594,209.95871675787916,lr_shap_list_ir_3_subset_130,lr_shap_list_ir_3
1677,X4,0.8317450648843001,0.5036625424664705,865.0148674796721,lr_shap_list_ir_3_subset_130,lr_shap_list_ir_3
1678,X5,0.7896124688270983,1.1606772612546146,821.1969675801823,lr_shap_list_ir_3_subset_130,lr_shap_list_ir_3
1679,X6,0.10077927917228063,0.027936937660802744,104.81045033917187,lr_shap_list_ir_3_subset_130,lr_shap_list_ir_3
1680,X1,1.0247512955798785,1.9791146748437207,1065.7413474030736,lr_shap_list_ir_1_subset_143,lr_shap_list_ir_1
1681,X2,0.9258319006516426,1.3541620275005362,962.8651766777083,lr_shap_list_ir_1_subset_143,lr_shap_list_ir_1
1682,X3,1.73962778715714,2.8187057613331787,1809.2128986434254,lr_shap_list_ir_1_subset_143,lr_shap_list_ir_1
1683,X4,0.4146260564174092,0.24710643676805347,431.21109867410553,lr_shap_list_ir_1_subset_143,lr_shap_list_ir_1
1684,X5,0.3755504283352004,0.5546128867824234,390.5724454686084,lr_shap_list_ir_1_subset_143,lr_shap_list_ir_1
1685,X6,0.9194439798559769,0.19843381509702956,956.221739050216,lr_shap_list_ir_1_subset_143,lr_shap_list_ir_1
1686,X1,0.24121558541920474,0.3249402530666123,250.86420883597293,lr_shap_list_ir_3_subset_13,lr_shap_list_ir_3
1687,X2,0.36129645657963977,0.48346926929321293,375.7483148428254,lr_shap_list_ir_3_subset_13,lr_shap_list_ir_3
1688,X3,0.8233102878411778,1.073971510804293,856.2426993548248,lr_shap_list_ir_3_subset_13,lr_shap_list_ir_3
1689,X4,0.9128831002164252,0.6417613109919554,949.3984242250822,lr_shap_list_ir_3_subset_13,lr_shap_list_ir_3
1690,X5,0.6259761525025574,0.8471542664953522,651.0151986026598,lr_shap_list_ir_3_subset_13,lr_shap_list_ir_3
1691,X6,0.06653462705282667,0.016255012286103033,69.19601213493974,lr_shap_list_ir_3_subset_13,lr_shap_list_ir_3
1692,X1,0.21749538796257012,0.27191038412009344,226.19520348107292,lr_shap_list_ir_4_subset_140,lr_shap_list_ir_4
1693,X2,0.6106720541216176,0.7622422909829056,635.0989362864823,lr_shap_list_ir_4_subset_140,lr_shap_list_ir_4
1694,X3,0.8512150038605006,1.211479520200338,885.2636040149207,lr_shap_list_ir_4_subset_140,lr_shap_list_ir_4
1695,X4,1.1567786983069297,0.8358065228244702,1203.049846239207,lr_shap_list_ir_4_subset_140,lr_shap_list_ir_4
1696,X5,0.818399465283059,0.9559199018203278,851.1354438943813,lr_shap_list_ir_4_subset_140,lr_shap_list_ir_4
1697,X6,0.2007960241445754,0.05210644541029512,208.8278651103584,lr_shap_list_ir_4_subset_140,lr_shap_list_ir_4
1698,X1,0.05030409422929307,0.06256343353996935,52.31625799846479,lr_shap_list_ir_1_subset_102,lr_shap_list_ir_1
1699,X2,2.395022802444045,2.8239459724974427,2490.8237145418066,lr_shap_list_ir_1_subset_102,lr_shap_list_ir_1
1700,X3,0.9939989430849249,1.327571768858968,1033.7589008083219,lr_shap_list_ir_1_subset_102,lr_shap_list_ir_1
1701,X4,1.445017156032678,0.8446928451876116,1502.8178422739852,lr_shap_list_ir_1_subset_102,lr_shap_list_ir_1
1702,X5,0.7779960685563476,1.3894049273159919,809.1159112986015,lr_shap_list_ir_1_subset_102,lr_shap_list_ir_1
1703,X6,1.600314321234168,0.34804606956508943,1664.3268940835346,lr_shap_list_ir_1_subset_102,lr_shap_list_ir_1
1704,X1,0.31300423891302415,0.38586467974729577,325.5244084695451,lr_shap_list_ir_2_subset_73,lr_shap_list_ir_2
1705,X2,0.45840450195241766,0.630116392009602,476.7406820305144,lr_shap_list_ir_2_subset_73,lr_shap_list_ir_2
1706,X3,0.2197789055769435,0.42764973663810113,228.57006180002122,lr_shap_list_ir_2_subset_73,lr_shap_list_ir_2
1707,X4,0.7800779942943601,0.5590352796796876,811.2811140661345,lr_shap_list_ir_2_subset_73,lr_shap_list_ir_2
1708,X5,0.4032638868731596,0.8217873982128563,419.394442348086,lr_shap_list_ir_2_subset_73,lr_shap_list_ir_2
1709,X6,0.20982146235678562,0.07589510467573872,218.21432085105704,lr_shap_list_ir_2_subset_73,lr_shap_list_ir_2
1710,X1,0.3291471878635118,0.39430643735978893,342.3130753780523,lr_shap_list_ir_4_subset_16,lr_shap_list_ir_4
1711,X2,0.5045560651328919,0.6897119653270801,524.7383077382075,lr_shap_list_ir_4_subset_16,lr_shap_list_ir_4
1712,X3,0.654748180086613,0.8092319391855015,680.9381072900775,lr_shap_list_ir_4_subset_16,lr_shap_list_ir_4
1713,X4,1.1736789119454696,0.7919484210167074,1220.6260684232884,lr_shap_list_ir_4_subset_16,lr_shap_list_ir_4
1714,X5,0.7495956891929919,1.1388771370179336,779.5795167607116,lr_shap_list_ir_4_subset_16,lr_shap_list_ir_4
1715,X6,0.17556436785088508,0.05211719508876074,182.5869425649205,lr_shap_list_ir_4_subset_16,lr_shap_list_ir_4
1716,X1,0.3116396196417549,0.4689905040097224,324.1052044274251,lr_shap_list_ir_3_subset_9,lr_shap_list_ir_3
1717,X2,0.26416344726347957,0.42815586477737105,274.7299851540188,lr_shap_list_ir_3_subset_9,lr_shap_list_ir_3
1718,X3,0.3057820994801232,0.36548309762151987,318.0133834593281,lr_shap_list_ir_3_subset_9,lr_shap_list_ir_3
1719,X4,0.8251620120422285,0.5234802039398881,858.1684925239176,lr_shap_list_ir_3_subset_9,lr_shap_list_ir_3
1720,X5,0.6644501151045537,1.1639256940605136,691.0281197087357,lr_shap_list_ir_3_subset_9,lr_shap_list_ir_3
1721,X6,0.05579337281624799,0.015376178003250009,58.02510772889791,lr_shap_list_ir_3_subset_9,lr_shap_list_ir_3
1722,X1,0.14451862158045417,0.29581505141046444,150.29936644367234,lr_shap_list_ir_2_subset_110,lr_shap_list_ir_2
1723,X2,1.0058664699323927,1.1851694390828413,1046.1011287296883,lr_shap_list_ir_2_subset_110,lr_shap_list_ir_2
1724,X3,0.6120357044722233,1.2507021162500034,636.5171326511122,lr_shap_list_ir_2_subset_110,lr_shap_list_ir_2
1725,X4,0.8706991109952565,0.5090512563719254,905.5270754350668,lr_shap_list_ir_2_subset_110,lr_shap_list_ir_2
1726,X5,0.43058547329307567,0.5953438140597506,447.8088922247987,lr_shap_list_ir_2_subset_110,lr_shap_list_ir_2
1727,X6,0.7767708519310795,0.19180599330435172,807.8416860083228,lr_shap_list_ir_2_subset_110,lr_shap_list_ir_2
1728,X1,0.2024457184465633,0.405664994923147,210.54354718442585,lr_shap_list_ir_5_subset_106,lr_shap_list_ir_5
1729,X2,0.40052812587207254,0.49268845789803173,416.5492509069554,lr_shap_list_ir_5_subset_106,lr_shap_list_ir_5
1730,X3,0.7509929514421595,1.0119618232027454,781.0326694998458,lr_shap_list_ir_5_subset_106,lr_shap_list_ir_5
1731,X4,0.9993400213911336,0.7181611885664089,1039.313622246779,lr_shap_list_ir_5_subset_106,lr_shap_list_ir_5
1732,X5,0.9971813799496121,1.2413477034700786,1037.0686351475965,lr_shap_list_ir_5_subset_106,lr_shap_list_ir_5
1733,X6,0.06003404446642306,0.015412304765385831,62.43540624507998,lr_shap_list_ir_5_subset_106,lr_shap_list_ir_5
1734,X1,0.507086586540098,0.608598642932624,527.3700500017019,lr_shap_list_ir_3_subset_56,lr_shap_list_ir_3
1735,X2,1.108217253203268,1.5085206628647956,1152.5459433313986,lr_shap_list_ir_3_subset_56,lr_shap_list_ir_3
1736,X3,0.7226293937452731,1.1211936334481023,751.534569495084,lr_shap_list_ir_3_subset_56,lr_shap_list_ir_3
1737,X4,0.9207661249594619,0.5995798310463597,957.5967699578404,lr_shap_list_ir_3_subset_56,lr_shap_list_ir_3
1738,X5,0.5279332348614367,0.7474282374677957,549.0505642558942,lr_shap_list_ir_3_subset_56,lr_shap_list_ir_3
1739,X6,0.14126714686587893,0.035097704200511996,146.9178327405141,lr_shap_list_ir_3_subset_56,lr_shap_list_ir_3
1740,X1,0.2270710228925152,0.30521003867673757,236.15386380821582,lr_shap_list_ir_2_subset_104,lr_shap_list_ir_2
1741,X2,1.0997521581338823,1.3400516678832572,1143.7422444592376,lr_shap_list_ir_2_subset_104,lr_shap_list_ir_2
1742,X3,1.1146885284083763,2.078568507010921,1159.2760695447114,lr_shap_list_ir_2_subset_104,lr_shap_list_ir_2
1743,X4,1.4433472608797118,0.6675073887014422,1501.0811513149001,lr_shap_list_ir_2_subset_104,lr_shap_list_ir_2
1744,X5,0.5961402751846248,0.809097032158942,619.9858861920097,lr_shap_list_ir_2_subset_104,lr_shap_list_ir_2
1745,X6,0.07768846742206152,0.018873197865909595,80.79600611894398,lr_shap_list_ir_2_subset_104,lr_shap_list_ir_2
1746,X1,0.23964799349754806,0.303481999479082,249.23391323745,lr_shap_list_ir_4_subset_20,lr_shap_list_ir_4
1747,X2,0.504148700279827,0.6490385672001832,524.31464829102,lr_shap_list_ir_4_subset_20,lr_shap_list_ir_4
1748,X3,0.5589035705547839,0.9215672598324379,581.2597133769752,lr_shap_list_ir_4_subset_20,lr_shap_list_ir_4
1749,X4,1.0557276018599007,0.5873974395704773,1097.9567059342967,lr_shap_list_ir_4_subset_20,lr_shap_list_ir_4
1750,X5,0.8807199961151201,1.2209528267215644,915.9487959597249,lr_shap_list_ir_4_subset_20,lr_shap_list_ir_4
1751,X6,0.010346925391759321,0.0028220814588142767,10.760802407429694,lr_shap_list_ir_4_subset_20,lr_shap_list_ir_4
1752,X1,0.09903970350527735,0.12156667434987678,103.00129164548845,lr_shap_list_ir_1_subset_11,lr_shap_list_ir_1
1753,X2,0.24246907571692736,0.33967775245724935,252.16783874560446,lr_shap_list_ir_1_subset_11,lr_shap_list_ir_1
1754,X3,0.7809406118586201,1.4987991802448315,812.1782363329648,lr_shap_list_ir_1_subset_11,lr_shap_list_ir_1
1755,X4,0.8047489040711042,0.40028540731431517,836.9388602339484,lr_shap_list_ir_1_subset_11,lr_shap_list_ir_1
1756,X5,0.5141181485040308,0.6933105296530493,534.6828744441921,lr_shap_list_ir_1_subset_11,lr_shap_list_ir_1
1757,X6,0.3358431267557065,0.09570442049325611,349.2768518259347,lr_shap_list_ir_1_subset_11,lr_shap_list_ir_1
1758,X1,0.5799883339372087,0.6785401843596832,603.1878672946971,lr_shap_list_ir_2_subset_33,lr_shap_list_ir_2
1759,X2,0.3967307066077736,0.657170381345549,412.59993487208453,lr_shap_list_ir_2_subset_33,lr_shap_list_ir_2
1760,X3,0.22626180391501832,0.2686946925111907,235.31227607161907,lr_shap_list_ir_2_subset_33,lr_shap_list_ir_2
1761,X4,1.0707440309320173,0.641458789784288,1113.573792169298,lr_shap_list_ir_2_subset_33,lr_shap_list_ir_2
1762,X5,0.7985010318198152,1.321222287542882,830.4410730926079,lr_shap_list_ir_2_subset_33,lr_shap_list_ir_2
1763,X6,1.176310302162017,0.2608119872192289,1223.3627142484977,lr_shap_list_ir_2_subset_33,lr_shap_list_ir_2
1764,X1,0.41857452274688917,0.5457385659140599,435.31750365676476,lr_shap_list_ir_5_subset_104,lr_shap_list_ir_5
1765,X2,0.3878496635463449,0.5547521839263184,403.3636500881987,lr_shap_list_ir_5_subset_104,lr_shap_list_ir_5
1766,X3,0.6116153486227076,1.216810573889242,636.0799625676159,lr_shap_list_ir_5_subset_104,lr_shap_list_ir_5
1767,X4,0.8738443205244575,0.6698272062597653,908.7980933454357,lr_shap_list_ir_5_subset_104,lr_shap_list_ir_5
1768,X5,0.911269156966837,1.2653349006129362,947.7199232455105,lr_shap_list_ir_5_subset_104,lr_shap_list_ir_5
1769,X6,0.14997192337024184,0.04300207619142773,155.9708003050515,lr_shap_list_ir_5_subset_104,lr_shap_list_ir_5
1770,X1,0.6647924008316752,0.738125781915466,691.3840968649422,lr_shap_list_ir_1_subset_86,lr_shap_list_ir_1
1771,X2,0.7814257076054334,1.2748567477581592,812.6827359096508,lr_shap_list_ir_1_subset_86,lr_shap_list_ir_1
1772,X3,3.354236030917414,5.380722100377956,3488.4054721541106,lr_shap_list_ir_1_subset_86,lr_shap_list_ir_1
1773,X4,0.4497383099606427,0.21894969470455405,467.7278423590684,lr_shap_list_ir_1_subset_86,lr_shap_list_ir_1
1774,X5,0.23596491494167587,0.34015038670657005,245.4035115393429,lr_shap_list_ir_1_subset_86,lr_shap_list_ir_1
1775,X6,1.1395815249055532,0.2980581158780416,1185.1647859017753,lr_shap_list_ir_1_subset_86,lr_shap_list_ir_1
1776,X1,0.5459182839723601,0.5971851291683408,567.7550153312545,lr_shap_list_ir_3_subset_7,lr_shap_list_ir_3
1777,X2,0.9927562704823808,1.3168270285608388,1032.466521301676,lr_shap_list_ir_3_subset_7,lr_shap_list_ir_3
1778,X3,0.5451846304695983,0.599843696530627,566.9920156883823,lr_shap_list_ir_3_subset_7,lr_shap_list_ir_3
1779,X4,0.9856624895295648,0.6183836371906761,1025.0889891107474,lr_shap_list_ir_3_subset_7,lr_shap_list_ir_3
1780,X5,0.4713217784449355,0.7863383776159409,490.1746495827329,lr_shap_list_ir_3_subset_7,lr_shap_list_ir_3
1781,X6,0.1933098337207159,0.056360110397587794,201.04222706954454,lr_shap_list_ir_3_subset_7,lr_shap_list_ir_3
1782,X1,0.4740559052338441,0.6035821471833306,493.01814144319786,lr_shap_list_ir_3_subset_38,lr_shap_list_ir_3
1783,X2,0.9421281311172819,0.9760539050666525,979.8132563619731,lr_shap_list_ir_3_subset_38,lr_shap_list_ir_3
1784,X3,0.7074492129331131,0.7757182757716412,735.7471814504377,lr_shap_list_ir_3_subset_38,lr_shap_list_ir_3
1785,X4,1.1970334100794051,0.7550523175239774,1244.9147464825812,lr_shap_list_ir_3_subset_38,lr_shap_list_ir_3
1786,X5,0.5259471607388743,0.7510795550200838,546.9850471684292,lr_shap_list_ir_3_subset_38,lr_shap_list_ir_3
1787,X6,0.002842602046997122,0.0006671534896345529,2.956306128877007,lr_shap_list_ir_3_subset_38,lr_shap_list_ir_3
1788,X1,0.27400996341466277,0.29516904456547116,284.9703619512493,lr_shap_list_ir_2_subset_144,lr_shap_list_ir_2
1789,X2,0.7943127285818481,0.7917728629046632,826.085237725122,lr_shap_list_ir_2_subset_144,lr_shap_list_ir_2
1790,X3,0.7398254511844009,1.2200511890364232,769.418469231777,lr_shap_list_ir_2_subset_144,lr_shap_list_ir_2
1791,X4,1.3339354111176216,0.6371884814041555,1387.2928275623265,lr_shap_list_ir_2_subset_144,lr_shap_list_ir_2
1792,X5,0.7827348698538132,1.1065487585501337,814.0442646479657,lr_shap_list_ir_2_subset_144,lr_shap_list_ir_2
1793,X6,0.5004375976553804,0.13123026353944528,520.4551015615956,lr_shap_list_ir_2_subset_144,lr_shap_list_ir_2
1794,X1,0.4486285317555882,0.5513338636386903,466.57367302581173,lr_shap_list_ir_5_subset_63,lr_shap_list_ir_5
1795,X2,0.7856095499924788,0.9860042922811186,817.0339319921779,lr_shap_list_ir_5_subset_63,lr_shap_list_ir_5
1796,X3,0.6403178468859864,0.8318153807750056,665.9305607614258,lr_shap_list_ir_5_subset_63,lr_shap_list_ir_5
1797,X4,0.8761668947444793,0.6061914213158229,911.2135705342585,lr_shap_list_ir_5_subset_63,lr_shap_list_ir_5
1798,X5,0.9169159361722716,1.1207694989472643,953.5925736191625,lr_shap_list_ir_5_subset_63,lr_shap_list_ir_5
1799,X6,0.2979029713359097,0.0759688828716984,309.81909018934607,lr_shap_list_ir_5_subset_63,lr_shap_list_ir_5
1800,X1,0.33129545509160707,0.49456937707209037,344.54727329527134,lr_shap_list_ir_5_subset_50,lr_shap_list_ir_5
1801,X2,0.3620674759610252,0.5440521747877684,376.5501749994662,lr_shap_list_ir_5_subset_50,lr_shap_list_ir_5
1802,X3,0.8841994050301546,1.1731381919365664,919.5673812313607,lr_shap_list_ir_5_subset_50,lr_shap_list_ir_5
1803,X4,0.8494309734050485,0.6113271312285841,883.4082123412504,lr_shap_list_ir_5_subset_50,lr_shap_list_ir_5
1804,X5,0.8548747602305176,1.282082329214353,889.0697506397382,lr_shap_list_ir_5_subset_50,lr_shap_list_ir_5
1805,X6,0.36321937775885305,0.11346101791938039,377.74815286920716,lr_shap_list_ir_5_subset_50,lr_shap_list_ir_5
1806,X1,0.092667340881444,0.1125629416660879,96.37403451670176,lr_shap_list_ir_1_subset_41,lr_shap_list_ir_1
1807,X2,0.29304771571793503,0.4373149557934771,304.76962434665245,lr_shap_list_ir_1_subset_41,lr_shap_list_ir_1
1808,X3,0.5149228517505906,0.8170879775575999,535.5197658206142,lr_shap_list_ir_1_subset_41,lr_shap_list_ir_1
1809,X4,0.5708541742898536,0.2464960545716575,593.6883412614478,lr_shap_list_ir_1_subset_41,lr_shap_list_ir_1
1810,X5,0.6887340288680492,1.0490726132575854,716.2833900227712,lr_shap_list_ir_1_subset_41,lr_shap_list_ir_1
1811,X6,0.5646412222683735,0.13860763104985507,587.2268711591084,lr_shap_list_ir_1_subset_41,lr_shap_list_ir_1
1812,X1,0.7849738064739807,0.9058724499712487,816.3727587329399,lr_shap_list_ir_3_subset_126,lr_shap_list_ir_3
1813,X2,0.7651094748193968,1.0194224272591303,795.7138538121727,lr_shap_list_ir_3_subset_126,lr_shap_list_ir_3
1814,X3,0.7019059248548648,0.7349088057218688,729.9821618490594,lr_shap_list_ir_3_subset_126,lr_shap_list_ir_3
1815,X4,0.7758011962783276,0.4375838580880227,806.8332441294607,lr_shap_list_ir_3_subset_126,lr_shap_list_ir_3
1816,X5,0.6271598234631888,0.752989579862717,652.2462164017163,lr_shap_list_ir_3_subset_126,lr_shap_list_ir_3
1817,X6,0.23448834655849546,0.052533094333797485,243.86788042083526,lr_shap_list_ir_3_subset_126,lr_shap_list_ir_3
1818,X1,0.47936379868139223,0.6293278290913338,498.5383506286479,lr_shap_list_ir_3_subset_62,lr_shap_list_ir_3
1819,X2,0.5064953937736087,0.570863542856842,526.7552095245532,lr_shap_list_ir_3_subset_62,lr_shap_list_ir_3
1820,X3,0.3381975311740949,0.4933427881645623,351.7254324210587,lr_shap_list_ir_3_subset_62,lr_shap_list_ir_3
1821,X4,1.1564772063871342,0.7481385341304485,1202.7362946426197,lr_shap_list_ir_3_subset_62,lr_shap_list_ir_3
1822,X5,0.5850327803520481,1.1194435496800998,608.4340915661301,lr_shap_list_ir_3_subset_62,lr_shap_list_ir_3
1823,X6,0.34413819879512797,0.09440573473220086,357.9037267469331,lr_shap_list_ir_3_subset_62,lr_shap_list_ir_3
1824,X1,0.14408376826161257,0.2030335310729487,149.84711899207707,lr_shap_list_ir_1_subset_146,lr_shap_list_ir_1
1825,X2,0.0462238054155415,0.056793283278291404,48.07275763216316,lr_shap_list_ir_1_subset_146,lr_shap_list_ir_1
1826,X3,0.1169987835991287,0.1597000979870658,121.67873494309384,lr_shap_list_ir_1_subset_146,lr_shap_list_ir_1
1827,X4,0.6902861667995742,0.3187807697058177,717.8976134715572,lr_shap_list_ir_1_subset_146,lr_shap_list_ir_1
1828,X5,0.47339074127687153,0.5200926402125129,492.3263709279464,lr_shap_list_ir_1_subset_146,lr_shap_list_ir_1
1829,X6,0.826862329178259,0.21250315052270877,859.9368223453894,lr_shap_list_ir_1_subset_146,lr_shap_list_ir_1
1830,X1,0.31014216372891995,0.5386585410371307,322.54785027807674,lr_shap_list_ir_5_subset_54,lr_shap_list_ir_5
1831,X2,0.3617611173579718,0.545792764460849,376.23156205229066,lr_shap_list_ir_5_subset_54,lr_shap_list_ir_5
1832,X3,0.5140444975644464,0.7004059094713583,534.6062774670243,lr_shap_list_ir_5_subset_54,lr_shap_list_ir_5
1833,X4,1.0650494027320163,0.7890417729372774,1107.651378841297,lr_shap_list_ir_5_subset_54,lr_shap_list_ir_5
1834,X5,0.8239000490482589,1.2350164289498213,856.8560510101893,lr_shap_list_ir_5_subset_54,lr_shap_list_ir_5
1835,X6,0.02393612169881832,0.006281520407838423,24.893566566771053,lr_shap_list_ir_5_subset_54,lr_shap_list_ir_5
1836,X1,0.23387209969450531,0.3599458179432726,243.22698368228552,lr_shap_list_ir_5_subset_115,lr_shap_list_ir_5
1837,X2,0.3355107293622763,0.5698029379349058,348.9311585367674,lr_shap_list_ir_5_subset_115,lr_shap_list_ir_5
1838,X3,0.709904113271754,1.0469363655207824,738.3002778026241,lr_shap_list_ir_5_subset_115,lr_shap_list_ir_5
1839,X4,1.1312152447485637,0.799577919324041,1176.4638545385062,lr_shap_list_ir_5_subset_115,lr_shap_list_ir_5
1840,X5,1.043198760878349,1.231455607687275,1084.926711313483,lr_shap_list_ir_5_subset_115,lr_shap_list_ir_5
1841,X6,0.05654855895775162,0.017660011542127974,58.81050131606168,lr_shap_list_ir_5_subset_115,lr_shap_list_ir_5
1842,X1,0.34431307560149604,0.44890228609788596,358.08559862555586,lr_shap_list_ir_5_subset_46,lr_shap_list_ir_5
1843,X2,0.3420161483072093,0.4619936088087861,355.69679423949765,lr_shap_list_ir_5_subset_46,lr_shap_list_ir_5
1844,X3,0.6733762199903444,0.791390049027319,700.3112687899581,lr_shap_list_ir_5_subset_46,lr_shap_list_ir_5
1845,X4,1.0864512461224511,0.7434464798052793,1129.9092959673492,lr_shap_list_ir_5_subset_46,lr_shap_list_ir_5
1846,X5,1.0030840665732752,1.116657882487649,1043.2074292362063,lr_shap_list_ir_5_subset_46,lr_shap_list_ir_5
1847,X6,0.07384620211940808,0.022224086674492702,76.8000502041844,lr_shap_list_ir_5_subset_46,lr_shap_list_ir_5
1848,X1,0.6492809264477083,0.8608833177384988,675.2521635056166,lr_shap_list_ir_4_subset_47,lr_shap_list_ir_4
1849,X2,0.5409355862772675,0.8967640596708767,562.5730097283581,lr_shap_list_ir_4_subset_47,lr_shap_list_ir_4
1850,X3,0.5792518385995492,1.0083387168512075,602.4219121435311,lr_shap_list_ir_4_subset_47,lr_shap_list_ir_4
1851,X4,0.9160514368521194,0.5704072148123241,952.6934943262042,lr_shap_list_ir_4_subset_47,lr_shap_list_ir_4
1852,X5,0.6802589685518539,1.0071039785338927,707.469327293928,lr_shap_list_ir_4_subset_47,lr_shap_list_ir_4
1853,X6,0.024082036994719332,0.00565059823972608,25.045318474508104,lr_shap_list_ir_4_subset_47,lr_shap_list_ir_4
1854,X1,0.42460265215223236,0.5054724548391026,441.58675823832164,lr_shap_list_ir_3_subset_40,lr_shap_list_ir_3
1855,X2,0.5056517079287908,0.5608984299001535,525.8777762459424,lr_shap_list_ir_3_subset_40,lr_shap_list_ir_3
1856,X3,0.3944919334725823,0.3647617909564903,410.27161081148563,lr_shap_list_ir_3_subset_40,lr_shap_list_ir_3
1857,X4,0.9402350300059887,0.6219203415107162,977.8444312062283,lr_shap_list_ir_3_subset_40,lr_shap_list_ir_3
1858,X5,0.7431012219550568,1.1478444608920184,772.8252708332591,lr_shap_list_ir_3_subset_40,lr_shap_list_ir_3
1859,X6,0.04421297844131942,0.010632105338919751,45.981497578972196,lr_shap_list_ir_3_subset_40,lr_shap_list_ir_3
1860,X1,0.2967950351169128,0.3928812183678805,308.6668365215893,lr_shap_list_ir_3_subset_71,lr_shap_list_ir_3
1861,X2,0.5261378365218288,0.6690934429599688,547.1833499827019,lr_shap_list_ir_3_subset_71,lr_shap_list_ir_3
1862,X3,0.39694843937067514,0.5559461574481702,412.82637694550215,lr_shap_list_ir_3_subset_71,lr_shap_list_ir_3
1863,X4,1.0484558535320136,0.6236583380063643,1090.3940876732943,lr_shap_list_ir_3_subset_71,lr_shap_list_ir_3
1864,X5,0.7613453346660807,0.8504949137528924,791.7991480527239,lr_shap_list_ir_3_subset_71,lr_shap_list_ir_3
1865,X6,0.1905689350930825,0.046615762953868406,198.1916924968058,lr_shap_list_ir_3_subset_71,lr_shap_list_ir_3
1866,X1,0.467212308094138,0.523965522603903,485.9008004179035,lr_shap_list_ir_5_subset_95,lr_shap_list_ir_5
1867,X2,0.42708562282174484,0.6250092968745593,444.16904773461465,lr_shap_list_ir_5_subset_95,lr_shap_list_ir_5
1868,X3,0.9894396175522755,1.7169571246219713,1029.0172022543666,lr_shap_list_ir_5_subset_95,lr_shap_list_ir_5
1869,X4,1.020824815124629,0.662804305738211,1061.6578077296142,lr_shap_list_ir_5_subset_95,lr_shap_list_ir_5
1870,X5,0.8609952157546557,1.0682134755655646,895.4350243848419,lr_shap_list_ir_5_subset_95,lr_shap_list_ir_5
1871,X6,0.14251496132195102,0.04162709646562605,148.21555977482905,lr_shap_list_ir_5_subset_95,lr_shap_list_ir_5
1872,X1,0.5774675974523878,0.769088651211488,600.5663013504834,lr_shap_list_ir_5_subset_29,lr_shap_list_ir_5
1873,X2,0.6160872689105397,0.8368046934753993,640.7307596669613,lr_shap_list_ir_5_subset_29,lr_shap_list_ir_5
1874,X3,0.8936483633884356,1.3216617458888766,929.394297923973,lr_shap_list_ir_5_subset_29,lr_shap_list_ir_5
1875,X4,0.9059934429832216,0.6065797854940531,942.2331807025505,lr_shap_list_ir_5_subset_29,lr_shap_list_ir_5
1876,X5,0.9674421142178882,1.388502043857634,1006.1397987866037,lr_shap_list_ir_5_subset_29,lr_shap_list_ir_5
1877,X6,0.11697572076879013,0.030466294864452608,121.65474959954174,lr_shap_list_ir_5_subset_29,lr_shap_list_ir_5
1878,X1,0.32606235734520916,0.4174231445808019,339.1048516390175,lr_shap_list_ir_2_subset_121,lr_shap_list_ir_2
1879,X2,0.46860043398780893,0.6161471104817484,487.3444513473213,lr_shap_list_ir_2_subset_121,lr_shap_list_ir_2
1880,X3,0.9456628357495607,1.1329592691862491,983.4893491795431,lr_shap_list_ir_2_subset_121,lr_shap_list_ir_2
1881,X4,0.7618450975806267,0.3496216003794362,792.3189014838517,lr_shap_list_ir_2_subset_121,lr_shap_list_ir_2
1882,X5,0.4300570450380248,0.6617411767908007,447.2593268395458,lr_shap_list_ir_2_subset_121,lr_shap_list_ir_2
1883,X6,0.2961106778814548,0.06975401947072479,307.955104996713,lr_shap_list_ir_2_subset_121,lr_shap_list_ir_2
1884,X1,0.2932046446595273,0.4469735907937713,304.9328304459084,lr_shap_list_ir_4_subset_109,lr_shap_list_ir_4
1885,X2,0.3722619453703426,0.5504953673741538,387.1524231851563,lr_shap_list_ir_4_subset_109,lr_shap_list_ir_4
1886,X3,0.7093974011271315,0.9036509379714144,737.7732971722168,lr_shap_list_ir_4_subset_109,lr_shap_list_ir_4
1887,X4,0.7086072798417848,0.521077116875257,736.9515710354563,lr_shap_list_ir_4_subset_109,lr_shap_list_ir_4
1888,X5,0.7005042171135704,0.9959156368337548,728.5243857981131,lr_shap_list_ir_4_subset_109,lr_shap_list_ir_4
1889,X6,0.28135908660817094,0.08983657105108732,292.61345007249776,lr_shap_list_ir_4_subset_109,lr_shap_list_ir_4
1890,X1,0.2336539247093383,0.361209830981383,243.00008169771183,lr_shap_list_ir_3_subset_100,lr_shap_list_ir_3
1891,X2,0.26797801640364877,0.3280329141107767,278.6971370597947,lr_shap_list_ir_3_subset_100,lr_shap_list_ir_3
1892,X3,0.5006409878728616,0.7431561798078065,520.6666273877761,lr_shap_list_ir_3_subset_100,lr_shap_list_ir_3
1893,X4,0.7389799377470723,0.45949070722215757,768.5391352569552,lr_shap_list_ir_3_subset_100,lr_shap_list_ir_3
1894,X5,0.8113738207730504,0.8520239647803209,843.8287736039724,lr_shap_list_ir_3_subset_100,lr_shap_list_ir_3
1895,X6,0.09906908435618551,0.028712385732494246,103.03184773043293,lr_shap_list_ir_3_subset_100,lr_shap_list_ir_3
1896,X1,0.3723473656614224,0.5375428399365929,387.2412602878793,lr_shap_list_ir_3_subset_76,lr_shap_list_ir_3
1897,X2,0.6334412557426814,0.6313214036387439,658.7789059723887,lr_shap_list_ir_3_subset_76,lr_shap_list_ir_3
1898,X3,0.7947816803545408,0.9440452467325801,826.5729475687224,lr_shap_list_ir_3_subset_76,lr_shap_list_ir_3
1899,X4,1.217418508572984,0.7818106024063103,1266.1152489159035,lr_shap_list_ir_3_subset_76,lr_shap_list_ir_3
1900,X5,0.5752788680400173,0.8936797571238653,598.2900227616179,lr_shap_list_ir_3_subset_76,lr_shap_list_ir_3
1901,X6,0.168504409161753,0.04049171092214344,175.24458552822313,lr_shap_list_ir_3_subset_76,lr_shap_list_ir_3
1902,X1,0.15709980208515115,0.18502995638905487,163.3837941685572,lr_shap_list_ir_2_subset_13,lr_shap_list_ir_2
1903,X2,0.9612963352824041,1.6775159444877403,999.7481886937003,lr_shap_list_ir_2_subset_13,lr_shap_list_ir_2
1904,X3,0.3805703177706752,0.518559793613282,395.7931304815022,lr_shap_list_ir_2_subset_13,lr_shap_list_ir_2
1905,X4,1.0660439687432355,0.5891851854960946,1108.6857274929648,lr_shap_list_ir_2_subset_13,lr_shap_list_ir_2
1906,X5,0.4026518839497648,0.5935177508724341,418.7579593077554,lr_shap_list_ir_2_subset_13,lr_shap_list_ir_2
1907,X6,0.11053323936908567,0.028209999513677784,114.9545689438491,lr_shap_list_ir_2_subset_13,lr_shap_list_ir_2
1908,X1,0.8095953499152996,0.8264037225852024,841.9791639119115,lr_shap_list_ir_1_subset_117,lr_shap_list_ir_1
1909,X2,0.5932252781542843,0.8382790401041965,616.9542892804557,lr_shap_list_ir_1_subset_117,lr_shap_list_ir_1
1910,X3,0.4123500141299772,0.5183692395041194,428.84401469517627,lr_shap_list_ir_1_subset_117,lr_shap_list_ir_1
1911,X4,1.279873767855476,0.5972561115739016,1331.068718569695,lr_shap_list_ir_1_subset_117,lr_shap_list_ir_1
1912,X5,0.2972579296662475,0.36939989549225993,309.1482468528974,lr_shap_list_ir_1_subset_117,lr_shap_list_ir_1
1913,X6,0.35326326035530875,0.07755378904205701,367.3937907695211,lr_shap_list_ir_1_subset_117,lr_shap_list_ir_1
1914,X1,0.3298462267787248,0.363870841474497,343.0400758498738,lr_shap_list_ir_1_subset_140,lr_shap_list_ir_1
1915,X2,1.3651450750279537,1.6305411966002112,1419.7508780290718,lr_shap_list_ir_1_subset_140,lr_shap_list_ir_1
1916,X3,3.4812533763931417,3.823105937636456,3620.5035114488674,lr_shap_list_ir_1_subset_140,lr_shap_list_ir_1
1917,X4,0.6624027642249478,0.3323669478991594,688.8988747939458,lr_shap_list_ir_1_subset_140,lr_shap_list_ir_1
1918,X5,0.3326911548100996,0.5383571714807602,345.99880100250357,lr_shap_list_ir_1_subset_140,lr_shap_list_ir_1
1919,X6,0.9233594707636796,0.2155403789433092,960.2938495942268,lr_shap_list_ir_1_subset_140,lr_shap_list_ir_1
1920,X1,0.4671187484175683,0.6458754863673518,485.803498354271,lr_shap_list_ir_3_subset_15,lr_shap_list_ir_3
1921,X2,0.1370955284966496,0.1783148334623642,142.5793496365156,lr_shap_list_ir_3_subset_15,lr_shap_list_ir_3
1922,X3,0.8917451899468505,1.2276813692610855,927.4149975447245,lr_shap_list_ir_3_subset_15,lr_shap_list_ir_3
1923,X4,0.5876529488061643,0.37359803704455363,611.1590667584109,lr_shap_list_ir_3_subset_15,lr_shap_list_ir_3
1924,X5,0.5840136892642374,0.8386524928755253,607.3742368348069,lr_shap_list_ir_3_subset_15,lr_shap_list_ir_3
1925,X6,0.1702787632436292,0.03882386251644434,177.08991377337438,lr_shap_list_ir_3_subset_15,lr_shap_list_ir_3
1926,X1,1.3343629294634254,1.6993890095299748,1387.7374466419624,lr_shap_list_ir_1_subset_122,lr_shap_list_ir_1
1927,X2,2.788370301656553,4.824897479634704,2899.9051137228153,lr_shap_list_ir_1_subset_122,lr_shap_list_ir_1
1928,X3,1.088042676972307,1.1661430541994435,1131.5643840511993,lr_shap_list_ir_1_subset_122,lr_shap_list_ir_1
1929,X4,0.19221409312789642,0.09947689960388671,199.90265685301227,lr_shap_list_ir_1_subset_122,lr_shap_list_ir_1
1930,X5,0.53000456505418,0.6456418606220953,551.2047476563472,lr_shap_list_ir_1_subset_122,lr_shap_list_ir_1
1931,X6,1.646568014794603,0.532938187567552,1712.430735386387,lr_shap_list_ir_1_subset_122,lr_shap_list_ir_1
1932,X1,0.39178519959720215,0.42934190110387027,407.4566075810902,lr_shap_list_ir_2_subset_86,lr_shap_list_ir_2
1933,X2,0.8197716912116381,0.8657614624196674,852.5625588601035,lr_shap_list_ir_2_subset_86,lr_shap_list_ir_2
1934,X3,1.8250670852684774,1.843411803774892,1898.0697686792164,lr_shap_list_ir_2_subset_86,lr_shap_list_ir_2
1935,X4,0.7866009540079257,0.4363220802214817,818.0649921682427,lr_shap_list_ir_2_subset_86,lr_shap_list_ir_2
1936,X5,0.3606110999821502,0.6127662159069951,375.0355439814362,lr_shap_list_ir_2_subset_86,lr_shap_list_ir_2
1937,X6,0.7828012973304989,0.19491924785464748,814.1133492237188,lr_shap_list_ir_2_subset_86,lr_shap_list_ir_2
1938,X1,0.36387222477858394,0.4899135208815387,378.42711376972727,lr_shap_list_ir_5_subset_128,lr_shap_list_ir_5
1939,X2,0.6681485172213778,1.0992425664937526,694.8744579102329,lr_shap_list_ir_5_subset_128,lr_shap_list_ir_5
1940,X3,0.6194860277241492,0.6871793382282338,644.2654688331152,lr_shap_list_ir_5_subset_128,lr_shap_list_ir_5
1941,X4,1.3848641037604215,1.045296854342744,1440.2586679108383,lr_shap_list_ir_5_subset_128,lr_shap_list_ir_5
1942,X5,0.8024242536278273,1.0534093584251176,834.5212237729404,lr_shap_list_ir_5_subset_128,lr_shap_list_ir_5
1943,X6,0.1670144074728409,0.05120959310809715,173.69498377175455,lr_shap_list_ir_5_subset_128,lr_shap_list_ir_5
1944,X1,0.4135805583528051,0.47190749811150673,430.1237806869173,lr_shap_list_ir_4_subset_32,lr_shap_list_ir_4
1945,X2,0.3970533169562936,0.4695842597031855,412.9354496345453,lr_shap_list_ir_4_subset_32,lr_shap_list_ir_4
1946,X3,0.4363947840496277,0.8253100951696716,453.85057541161285,lr_shap_list_ir_4_subset_32,lr_shap_list_ir_4
1947,X4,0.982309726119456,0.6631215177537827,1021.6021151642342,lr_shap_list_ir_4_subset_32,lr_shap_list_ir_4
1948,X5,0.8393729341650413,1.0634060560850567,872.947851531643,lr_shap_list_ir_4_subset_32,lr_shap_list_ir_4
1949,X6,0.20707774052091363,0.05623400037649153,215.36085014175018,lr_shap_list_ir_4_subset_32,lr_shap_list_ir_4
1950,X1,0.37185880949784134,0.4515450403111404,386.733161877755,lr_shap_list_ir_3_subset_92,lr_shap_list_ir_3
1951,X2,0.6777884628850472,0.8796568742835555,704.9000014004491,lr_shap_list_ir_3_subset_92,lr_shap_list_ir_3
1952,X3,0.529067656940625,0.8597839414394604,550.23036321825,lr_shap_list_ir_3_subset_92,lr_shap_list_ir_3
1953,X4,0.7487960263472233,0.4980145230597403,778.7478674011122,lr_shap_list_ir_3_subset_92,lr_shap_list_ir_3
1954,X5,0.6839803207351611,0.8540546985177885,711.3395335645675,lr_shap_list_ir_3_subset_92,lr_shap_list_ir_3
1955,X6,0.20425733445246286,0.06673769411300207,212.42762783056136,lr_shap_list_ir_3_subset_92,lr_shap_list_ir_3
1956,X1,0.7850878421050744,1.0149856654011362,816.4913557892773,lr_shap_list_ir_2_subset_142,lr_shap_list_ir_2
1957,X2,0.9961775082350296,1.0773325244280083,1036.0246085644308,lr_shap_list_ir_2_subset_142,lr_shap_list_ir_2
1958,X3,0.7784731365011972,0.9427646870116737,809.6120619612451,lr_shap_list_ir_2_subset_142,lr_shap_list_ir_2
1959,X4,0.7826501073684131,0.3553583594853047,813.9561116631496,lr_shap_list_ir_2_subset_142,lr_shap_list_ir_2
1960,X5,0.37557909353627317,0.6013932234151899,390.6022572777241,lr_shap_list_ir_2_subset_142,lr_shap_list_ir_2
1961,X6,0.24258611552381798,0.062226721473409304,252.2895601447707,lr_shap_list_ir_2_subset_142,lr_shap_list_ir_2
1962,X1,0.41101099211158293,0.5460828124076512,427.4514317960462,lr_shap_list_ir_2_subset_6,lr_shap_list_ir_2
1963,X2,0.5232417471278474,0.76376359060681,544.1714170129613,lr_shap_list_ir_2_subset_6,lr_shap_list_ir_2
1964,X3,0.6925284143767672,0.8327192660379166,720.2295509518378,lr_shap_list_ir_2_subset_6,lr_shap_list_ir_2
1965,X4,0.5510245936663288,0.2949800476747005,573.065577412982,lr_shap_list_ir_2_subset_6,lr_shap_list_ir_2
1966,X5,0.42874111194556663,0.8665782803238568,445.8907564233893,lr_shap_list_ir_2_subset_6,lr_shap_list_ir_2
1967,X6,0.31937004581570555,0.08825020897457159,332.1448476483338,lr_shap_list_ir_2_subset_6,lr_shap_list_ir_2
1968,X1,0.21783979628164857,0.33405455536392603,226.5533881329145,lr_shap_list_ir_5_subset_55,lr_shap_list_ir_5
1969,X2,0.39319335751130824,0.5418211048319258,408.92109181176056,lr_shap_list_ir_5_subset_55,lr_shap_list_ir_5
1970,X3,0.5194506212698993,0.6342315153535873,540.2286461206952,lr_shap_list_ir_5_subset_55,lr_shap_list_ir_5
1971,X4,1.0664256820782136,0.6745188612013949,1109.0827093613423,lr_shap_list_ir_5_subset_55,lr_shap_list_ir_5
1972,X5,1.0209108039351664,1.2846833495201775,1061.747236092573,lr_shap_list_ir_5_subset_55,lr_shap_list_ir_5
1973,X6,0.02044592700772177,0.005859977239674298,21.26376408803064,lr_shap_list_ir_5_subset_55,lr_shap_list_ir_5
1974,X1,0.529105410728985,0.6806464294332082,550.2696271581444,lr_shap_list_ir_2_subset_47,lr_shap_list_ir_2
1975,X2,0.532635943722716,0.81445439522039,553.9413814716247,lr_shap_list_ir_2_subset_47,lr_shap_list_ir_2
1976,X3,0.41090461494815705,0.5478100030282143,427.34079954608336,lr_shap_list_ir_2_subset_47,lr_shap_list_ir_2
1977,X4,0.7181767090652922,0.43762919927416516,746.9037774279038,lr_shap_list_ir_2_subset_47,lr_shap_list_ir_2
1978,X5,0.41759454460353673,0.5043064771732448,434.29832638767823,lr_shap_list_ir_2_subset_47,lr_shap_list_ir_2
1979,X6,0.1466361723919377,0.034187110344001966,152.50161928761523,lr_shap_list_ir_2_subset_47,lr_shap_list_ir_2
1980,X1,0.4324477944884664,0.5986760913557727,449.74570626800505,lr_shap_list_ir_3_subset_10,lr_shap_list_ir_3
1981,X2,0.3077692608377199,0.3882961731271164,320.0800312712287,lr_shap_list_ir_3_subset_10,lr_shap_list_ir_3
1982,X3,0.5053373402186456,0.5608496386441653,525.5508338273914,lr_shap_list_ir_3_subset_10,lr_shap_list_ir_3
1983,X4,0.7717491843601006,0.47243919475616586,802.6191517345047,lr_shap_list_ir_3_subset_10,lr_shap_list_ir_3
1984,X5,0.6575267524498802,0.9303916826824209,683.8278225478755,lr_shap_list_ir_3_subset_10,lr_shap_list_ir_3
1985,X6,0.12381774402468333,0.032080757268960605,128.77045378567067,lr_shap_list_ir_3_subset_10,lr_shap_list_ir_3
1986,X1,0.184560335763281,0.31114069341211814,191.94274919381226,lr_shap_list_ir_2_subset_129,lr_shap_list_ir_2
1987,X2,0.21571381800924028,0.35164291097834743,224.34237072960988,lr_shap_list_ir_2_subset_129,lr_shap_list_ir_2
1988,X3,0.4837635585508332,0.5336657574290182,503.11410089286653,lr_shap_list_ir_2_subset_129,lr_shap_list_ir_2
1989,X4,0.21917033527444665,0.13087116589046413,227.93714868542452,lr_shap_list_ir_2_subset_129,lr_shap_list_ir_2
1990,X5,0.42547242566108073,0.5610468185813368,442.49132268752396,lr_shap_list_ir_2_subset_129,lr_shap_list_ir_2
1991,X6,0.5810433825284999,0.13419159111171539,604.2851178296398,lr_shap_list_ir_2_subset_129,lr_shap_list_ir_2
1992,X1,0.6852096694744095,0.9343088407284353,712.6180562533859,lr_shap_list_ir_4_subset_90,lr_shap_list_ir_4
1993,X2,0.6035434180545217,1.0437912192796237,627.6851547767026,lr_shap_list_ir_4_subset_90,lr_shap_list_ir_4
1994,X3,0.4596647866394227,0.5595924693592125,478.05137810499957,lr_shap_list_ir_4_subset_90,lr_shap_list_ir_4
1995,X4,0.7310001781413048,0.4929751829789477,760.240185266957,lr_shap_list_ir_4_subset_90,lr_shap_list_ir_4
1996,X5,0.5558999192623079,0.8872537049726883,578.1359160328002,lr_shap_list_ir_4_subset_90,lr_shap_list_ir_4
1997,X6,0.13720540425184938,0.032230789186584195,142.69362042192336,lr_shap_list_ir_4_subset_90,lr_shap_list_ir_4
1998,X1,0.5083904108103253,0.597677135622194,528.7260272427384,lr_shap_list_ir_4_subset_84,lr_shap_list_ir_4
1999,X2,0.5465197468218355,0.7222141867064495,568.3805366947089,lr_shap_list_ir_4_subset_84,lr_shap_list_ir_4
2000,X3,0.7064318478843522,0.7598520636068083,734.6891217997263,lr_shap_list_ir_4_subset_84,lr_shap_list_ir_4
2001,X4,0.6921296623602124,0.41513132566455,719.814848854621,lr_shap_list_ir_4_subset_84,lr_shap_list_ir_4
2002,X5,0.7304960751177562,0.9910335974984126,759.7159181224664,lr_shap_list_ir_4_subset_84,lr_shap_list_ir_4
2003,X6,0.20596811145133637,0.06481459407626175,214.2068359093898,lr_shap_list_ir_4_subset_84,lr_shap_list_ir_4
2004,X1,0.4160815030306629,0.5077069191172284,432.7247631518894,lr_shap_list_ir_2_subset_43,lr_shap_list_ir_2
2005,X2,0.36478849040370903,0.531234530253867,379.3800300198574,lr_shap_list_ir_2_subset_43,lr_shap_list_ir_2
2006,X3,2.0523611665496557,2.502112762776881,2134.455613211642,lr_shap_list_ir_2_subset_43,lr_shap_list_ir_2
2007,X4,0.4727245336558957,0.2996037445552113,491.6335150021315,lr_shap_list_ir_2_subset_43,lr_shap_list_ir_2
2008,X5,0.5476047434506696,0.7174219145042143,569.5089331886963,lr_shap_list_ir_2_subset_43,lr_shap_list_ir_2
2009,X6,0.15771026171910052,0.035932547434567315,164.01867218786455,lr_shap_list_ir_2_subset_43,lr_shap_list_ir_2
2010,X1,0.49164247024035396,0.6447617436555337,511.3081690499681,lr_shap_list_ir_2_subset_58,lr_shap_list_ir_2
2011,X2,0.33064285444286695,0.3999914662184667,343.86856862058164,lr_shap_list_ir_2_subset_58,lr_shap_list_ir_2
2012,X3,1.6300236945868793,3.1764407745493637,1695.2246423703546,lr_shap_list_ir_2_subset_58,lr_shap_list_ir_2
2013,X4,0.11283772311735771,0.055395608793304185,117.35123204205202,lr_shap_list_ir_2_subset_58,lr_shap_list_ir_2
2014,X5,0.5867754986551292,0.9804327131728315,610.2465186013344,lr_shap_list_ir_2_subset_58,lr_shap_list_ir_2
2015,X6,0.3170970793243899,0.07909012171049398,329.7809624973655,lr_shap_list_ir_2_subset_58,lr_shap_list_ir_2
2016,X1,0.5855599184184089,0.743496498126229,608.9823151551453,lr_shap_list_ir_4_subset_50,lr_shap_list_ir_4
2017,X2,0.5782300782854811,0.7483770562096524,601.3592814169003,lr_shap_list_ir_4_subset_50,lr_shap_list_ir_4
2018,X3,0.7497088450674391,1.1597474310191738,779.6971988701366,lr_shap_list_ir_4_subset_50,lr_shap_list_ir_4
2019,X4,0.7214095409671146,0.5259720074895478,750.2659226057992,lr_shap_list_ir_4_subset_50,lr_shap_list_ir_4
2020,X5,0.67490147412518,0.9887428768545587,701.8975330901872,lr_shap_list_ir_4_subset_50,lr_shap_list_ir_4
2021,X6,0.1602382044687207,0.038224968282925965,166.64773264746952,lr_shap_list_ir_4_subset_50,lr_shap_list_ir_4
2022,X1,0.35791318888404716,0.4471763077461966,372.22971643940906,lr_shap_list_ir_5_subset_100,lr_shap_list_ir_5
2023,X2,0.34873619510395226,0.4167417901749927,362.68564290811037,lr_shap_list_ir_5_subset_100,lr_shap_list_ir_5
2024,X3,0.6839922672848583,1.026315645725399,711.3519579762526,lr_shap_list_ir_5_subset_100,lr_shap_list_ir_5
2025,X4,0.870998896444636,0.6609794232898771,905.8388523024214,lr_shap_list_ir_5_subset_100,lr_shap_list_ir_5
2026,X5,0.8686492543663948,1.1886582393208425,903.3952245410507,lr_shap_list_ir_5_subset_100,lr_shap_list_ir_5
2027,X6,0.10752083745048777,0.03647279000179448,111.82167094850728,lr_shap_list_ir_5_subset_100,lr_shap_list_ir_5
2028,X1,0.6475269696962503,0.7001156098892125,673.4280484841004,lr_shap_list_ir_2_subset_93,lr_shap_list_ir_2
2029,X2,0.7350330940265195,1.0766806087245906,764.4344177875803,lr_shap_list_ir_2_subset_93,lr_shap_list_ir_2
2030,X3,1.4573089919965696,2.1052312431553477,1515.6013516764324,lr_shap_list_ir_2_subset_93,lr_shap_list_ir_2
2031,X4,0.29848188931980957,0.18215886157599864,310.42116489260195,lr_shap_list_ir_2_subset_93,lr_shap_list_ir_2
2032,X5,0.6327672901926368,0.936796413948442,658.0779818003423,lr_shap_list_ir_2_subset_93,lr_shap_list_ir_2
2033,X6,0.7295273354746374,0.18491616852505974,758.7084288936229,lr_shap_list_ir_2_subset_93,lr_shap_list_ir_2
2034,X1,0.3018521043936513,0.4459215878501297,313.92618856939737,lr_shap_list_ir_5_subset_31,lr_shap_list_ir_5
2035,X2,0.5069756367852121,0.6837362814911108,527.2546622566206,lr_shap_list_ir_5_subset_31,lr_shap_list_ir_5
2036,X3,0.6252812621785037,1.110494720933018,650.2925126656438,lr_shap_list_ir_5_subset_31,lr_shap_list_ir_5
2037,X4,1.0578722304648527,0.7516684785893498,1100.1871196834468,lr_shap_list_ir_5_subset_31,lr_shap_list_ir_5
2038,X5,0.9948095271687069,1.18651229210238,1034.601908255455,lr_shap_list_ir_5_subset_31,lr_shap_list_ir_5
2039,X6,0.09386019641696366,0.023482534848602965,97.61460427364221,lr_shap_list_ir_5_subset_31,lr_shap_list_ir_5
2040,X1,1.0482663321832537,1.166650647069412,1090.196985470584,lr_shap_list_ir_1_subset_30,lr_shap_list_ir_1
2041,X2,0.5864166095090009,0.7432228636480588,609.8732738893609,lr_shap_list_ir_1_subset_30,lr_shap_list_ir_1
2042,X3,0.1678905931917371,0.21137824816038253,174.6062169194066,lr_shap_list_ir_1_subset_30,lr_shap_list_ir_1
2043,X4,0.21961431673880713,0.1226370606769644,228.39888940835942,lr_shap_list_ir_1_subset_30,lr_shap_list_ir_1
2044,X5,0.28150913098148256,0.45313707394647246,292.76949622074187,lr_shap_list_ir_1_subset_30,lr_shap_list_ir_1
2045,X6,0.3007597637321855,0.06835105529339382,312.7901542814729,lr_shap_list_ir_1_subset_30,lr_shap_list_ir_1
2046,X1,0.17489973684132823,0.26592254940307936,181.89572631498135,lr_shap_list_ir_1_subset_93,lr_shap_list_ir_1
2047,X2,0.196460583694278,0.29172036822109054,204.31900704204912,lr_shap_list_ir_1_subset_93,lr_shap_list_ir_1
2048,X3,0.802613866006852,1.1100743613761423,834.7184206471261,lr_shap_list_ir_1_subset_93,lr_shap_list_ir_1
2049,X4,1.219808751078135,0.6834093108393797,1268.6011011212604,lr_shap_list_ir_1_subset_93,lr_shap_list_ir_1
2050,X5,0.26098962038129603,0.3395656698292847,271.42920519654785,lr_shap_list_ir_1_subset_93,lr_shap_list_ir_1
2051,X6,0.17325111745399838,0.03910158163236975,180.18116215215832,lr_shap_list_ir_1_subset_93,lr_shap_list_ir_1
2052,X1,0.30475274923460977,0.38772420828129417,316.94285920399415,lr_shap_list_ir_2_subset_5,lr_shap_list_ir_2
2053,X2,0.4495031191314878,0.6309465833937951,467.48324389674735,lr_shap_list_ir_2_subset_5,lr_shap_list_ir_2
2054,X3,0.697232181747389,0.8132552347096995,725.1214690172845,lr_shap_list_ir_2_subset_5,lr_shap_list_ir_2
2055,X4,0.918701046587434,0.44644130100873375,955.4490884509314,lr_shap_list_ir_2_subset_5,lr_shap_list_ir_2
2056,X5,0.44044516436696607,0.5434156646433953,458.0629709416447,lr_shap_list_ir_2_subset_5,lr_shap_list_ir_2
2057,X6,0.36995108420090184,0.09076516124970874,384.7491275689379,lr_shap_list_ir_2_subset_5,lr_shap_list_ir_2
2058,X1,0.4209648020285126,0.49964184443349535,437.80339410965314,lr_shap_list_ir_4_subset_124,lr_shap_list_ir_4
2059,X2,0.4671999706495849,0.6729790441424094,485.8879694755683,lr_shap_list_ir_4_subset_124,lr_shap_list_ir_4
2060,X3,0.7882948811794526,1.0470935486799116,819.8266764266307,lr_shap_list_ir_4_subset_124,lr_shap_list_ir_4
2061,X4,0.6364957459189906,0.3626925778505341,661.9555757557503,lr_shap_list_ir_4_subset_124,lr_shap_list_ir_4
2062,X5,0.7551303889137104,1.002877635436413,785.3356044702589,lr_shap_list_ir_4_subset_124,lr_shap_list_ir_4
2063,X6,0.36179708869123944,0.0954006160901465,376.26897223888903,lr_shap_list_ir_4_subset_124,lr_shap_list_ir_4
2064,X1,0.4011698782733275,0.45626597229388205,417.21667340426063,lr_shap_list_ir_3_subset_35,lr_shap_list_ir_3
2065,X2,0.43754304920677783,0.5991247496375633,455.04477117504894,lr_shap_list_ir_3_subset_35,lr_shap_list_ir_3
2066,X3,0.38990888286682585,0.764155836435092,405.5052381814989,lr_shap_list_ir_3_subset_35,lr_shap_list_ir_3
2067,X4,0.91401993573172,0.5916566772622727,950.5807331609889,lr_shap_list_ir_3_subset_35,lr_shap_list_ir_3
2068,X5,0.7312145890435392,0.9748029745100794,760.4631726052808,lr_shap_list_ir_3_subset_35,lr_shap_list_ir_3
2069,X6,0.3294639388544226,0.07987302438634135,342.6424964085995,lr_shap_list_ir_3_subset_35,lr_shap_list_ir_3
2070,X1,0.6192916083511536,0.737885673436365,644.0632726851998,lr_shap_list_ir_1_subset_5,lr_shap_list_ir_1
2071,X2,0.5299980158230946,0.7968236548284598,551.1979364560184,lr_shap_list_ir_1_subset_5,lr_shap_list_ir_1
2072,X3,0.5087558653611968,0.8957716890627304,529.1060999756446,lr_shap_list_ir_1_subset_5,lr_shap_list_ir_1
2073,X4,0.4786943417304385,0.23531470354894257,497.84211539965605,lr_shap_list_ir_1_subset_5,lr_shap_list_ir_1
2074,X5,0.3600710022672217,0.5502756597689198,374.4738423579106,lr_shap_list_ir_1_subset_5,lr_shap_list_ir_1
2075,X6,0.030344440334157556,0.0076676758278090675,31.558217947523858,lr_shap_list_ir_1_subset_5,lr_shap_list_ir_1
2076,X1,0.36348670786002185,0.4892717903699752,378.02617617442274,lr_shap_list_ir_5_subset_98,lr_shap_list_ir_5
2077,X2,0.5950359819675182,0.8542970284700712,618.8374212462189,lr_shap_list_ir_5_subset_98,lr_shap_list_ir_5
2078,X3,0.5884355859815489,0.5862431124733664,611.9730094208109,lr_shap_list_ir_5_subset_98,lr_shap_list_ir_5
2079,X4,0.911064848964884,0.6107925987608716,947.5074429234794,lr_shap_list_ir_5_subset_98,lr_shap_list_ir_5
2080,X5,0.887260687530136,1.1861651587339168,922.7511150313414,lr_shap_list_ir_5_subset_98,lr_shap_list_ir_5
2081,X6,0.21727891243370723,0.06148786368814374,225.97006893105552,lr_shap_list_ir_5_subset_98,lr_shap_list_ir_5
2082,X1,0.39841988860222655,0.5000442511010366,414.3566841463156,lr_shap_list_ir_5_subset_27,lr_shap_list_ir_5
2083,X2,0.4735563377561153,0.6975770299632134,492.4985912663599,lr_shap_list_ir_5_subset_27,lr_shap_list_ir_5
2084,X3,0.6198607312290475,1.0983556922497977,644.6551604782094,lr_shap_list_ir_5_subset_27,lr_shap_list_ir_5
2085,X4,1.1624060822266375,0.8217852806697865,1208.902325515703,lr_shap_list_ir_5_subset_27,lr_shap_list_ir_5
2086,X5,0.9287052801384788,1.0518209574949113,965.8534913440179,lr_shap_list_ir_5_subset_27,lr_shap_list_ir_5
2087,X6,0.20202076122572593,0.06029320817911076,210.10159167475496,lr_shap_list_ir_5_subset_27,lr_shap_list_ir_5
2088,X1,0.3388786508480898,0.6576831146932709,352.43379688201344,lr_shap_list_ir_1_subset_22,lr_shap_list_ir_1
2089,X2,1.360516218600388,1.5285931611196444,1414.9368673444037,lr_shap_list_ir_1_subset_22,lr_shap_list_ir_1
2090,X3,2.176199422852579,2.9991907387974224,2263.2473997666825,lr_shap_list_ir_1_subset_22,lr_shap_list_ir_1
2091,X4,2.6905173446497206,1.5258456932278972,2798.1380384357094,lr_shap_list_ir_1_subset_22,lr_shap_list_ir_1
2092,X5,0.4989172705623288,0.6952629594353856,518.873961384822,lr_shap_list_ir_1_subset_22,lr_shap_list_ir_1
2093,X6,0.5942304307624644,0.14565829676371617,617.999647992963,lr_shap_list_ir_1_subset_22,lr_shap_list_ir_1
2094,X1,0.4665061829918668,0.6487380833035783,485.1664303115415,lr_shap_list_ir_5_subset_20,lr_shap_list_ir_5
2095,X2,0.3504780646725982,0.570659459393656,364.4971872595021,lr_shap_list_ir_5_subset_20,lr_shap_list_ir_5
2096,X3,0.5217328212284685,0.697045896402076,542.6021340776073,lr_shap_list_ir_5_subset_20,lr_shap_list_ir_5
2097,X4,0.7808604421200095,0.5624247023092196,812.0948598048099,lr_shap_list_ir_5_subset_20,lr_shap_list_ir_5
2098,X5,0.8021117722468235,1.2118597445522175,834.1962431366965,lr_shap_list_ir_5_subset_20,lr_shap_list_ir_5
2099,X6,0.23559760016108341,0.059478408722998415,245.02150416752676,lr_shap_list_ir_5_subset_20,lr_shap_list_ir_5
2100,X1,0.38558721673204377,0.474702439996139,401.01070540132554,lr_shap_list_ir_4_subset_24,lr_shap_list_ir_4
2101,X2,0.8990823676999988,1.1308649936611204,935.0456624079987,lr_shap_list_ir_4_subset_24,lr_shap_list_ir_4
2102,X3,0.8272119500192631,1.1159998313728348,860.3004280200336,lr_shap_list_ir_4_subset_24,lr_shap_list_ir_4
2103,X4,1.2829878397266283,0.9360615637430728,1334.3073533156935,lr_shap_list_ir_4_subset_24,lr_shap_list_ir_4
2104,X5,0.6540968806475184,1.001472582139245,680.260755873419,lr_shap_list_ir_4_subset_24,lr_shap_list_ir_4
2105,X6,0.1052295972079862,0.024537525840409056,109.43878109630566,lr_shap_list_ir_4_subset_24,lr_shap_list_ir_4
2106,X1,0.5450747541324058,0.6854348639774289,566.8777442977021,lr_shap_list_ir_1_subset_29,lr_shap_list_ir_1
2107,X2,0.5954995296726121,0.7434706339192108,619.3195108595166,lr_shap_list_ir_1_subset_29,lr_shap_list_ir_1
2108,X3,1.7744909015688632,2.3100028996378184,1845.4705376316178,lr_shap_list_ir_1_subset_29,lr_shap_list_ir_1
2109,X4,0.42994914080419167,0.22333424972756258,447.1471064363593,lr_shap_list_ir_1_subset_29,lr_shap_list_ir_1
2110,X5,0.5808181201354866,0.8197678534860594,604.0508449409061,lr_shap_list_ir_1_subset_29,lr_shap_list_ir_1
2111,X6,0.36186041196212165,0.07884318152880462,376.33482844060654,lr_shap_list_ir_1_subset_29,lr_shap_list_ir_1
2112,X1,0.26483443547671676,0.35223646836365075,275.42781289578545,lr_shap_list_ir_1_subset_111,lr_shap_list_ir_1
2113,X2,7.627232072951602,8.721444098358205,7932.321355869666,lr_shap_list_ir_1_subset_111,lr_shap_list_ir_1
2114,X3,1.73376688843899,2.7319435709807793,1803.1175639765497,lr_shap_list_ir_1_subset_111,lr_shap_list_ir_1
2115,X4,0.7776156997299206,0.40723521037503513,808.7203277191174,lr_shap_list_ir_1_subset_111,lr_shap_list_ir_1
2116,X5,0.7267960399898039,0.960008682579112,755.8678815893961,lr_shap_list_ir_1_subset_111,lr_shap_list_ir_1
2117,X6,1.593859698280367,0.46059285167333125,1657.6140862115817,lr_shap_list_ir_1_subset_111,lr_shap_list_ir_1
2118,X1,0.13344916356000655,0.2716025280919163,138.78713010240682,lr_shap_list_ir_2_subset_62,lr_shap_list_ir_2
2119,X2,0.6502809420763292,0.9336339648258288,676.2921797593824,lr_shap_list_ir_2_subset_62,lr_shap_list_ir_2
2120,X3,0.818788433837173,1.6029636528279019,851.5399711906599,lr_shap_list_ir_2_subset_62,lr_shap_list_ir_2
2121,X4,1.381674665048227,0.8470080667655274,1436.941651650156,lr_shap_list_ir_2_subset_62,lr_shap_list_ir_2
2122,X5,0.31887818596226714,0.5507587310837322,331.6333134007578,lr_shap_list_ir_2_subset_62,lr_shap_list_ir_2
2123,X6,0.014488259101514371,0.004431554572501567,15.067789465574947,lr_shap_list_ir_2_subset_62,lr_shap_list_ir_2
2124,X1,0.5991863417460906,0.547154103334649,623.1537954159343,lr_shap_list_ir_1_subset_83,lr_shap_list_ir_1
2125,X2,0.04284986978425827,0.053930647869298756,44.5638645756286,lr_shap_list_ir_1_subset_83,lr_shap_list_ir_1
2126,X3,0.10478614780013364,0.12275108906243963,108.97759371213898,lr_shap_list_ir_1_subset_83,lr_shap_list_ir_1
2127,X4,0.08107797426435594,0.03717379032319291,84.32109323493017,lr_shap_list_ir_1_subset_83,lr_shap_list_ir_1
2128,X5,0.49893640343940476,0.6113219258259406,518.893859576981,lr_shap_list_ir_1_subset_83,lr_shap_list_ir_1
2129,X6,0.7345489105906473,0.18578690653549587,763.9308670142732,lr_shap_list_ir_1_subset_83,lr_shap_list_ir_1
2130,X1,0.6712362793938907,0.8243266135754026,698.0857305696463,lr_shap_list_ir_5_subset_4,lr_shap_list_ir_5
2131,X2,0.7178339103643915,0.9803182057919527,746.5472667789671,lr_shap_list_ir_5_subset_4,lr_shap_list_ir_5
2132,X3,0.4587014052561547,0.5858705498284733,477.0494614664009,lr_shap_list_ir_5_subset_4,lr_shap_list_ir_5
2133,X4,1.0293138944755307,0.7244514860045307,1070.486450254552,lr_shap_list_ir_5_subset_4,lr_shap_list_ir_5
2134,X5,0.7890227334729342,1.1029503669482108,820.5836428118515,lr_shap_list_ir_5_subset_4,lr_shap_list_ir_5
2135,X6,0.1543389531707454,0.03876859197718072,160.5125112975752,lr_shap_list_ir_5_subset_4,lr_shap_list_ir_5
2136,X1,0.6785873539310475,0.9816793367101215,705.7308480882895,lr_shap_list_ir_1_subset_97,lr_shap_list_ir_1
2137,X2,0.46578851792927717,0.6132186682217385,484.42005864644824,lr_shap_list_ir_1_subset_97,lr_shap_list_ir_1
2138,X3,1.3184673575301338,1.7512214036539855,1371.2060518313392,lr_shap_list_ir_1_subset_97,lr_shap_list_ir_1
2139,X4,0.11667496186229478,0.057997315031482886,121.34196033678657,lr_shap_list_ir_1_subset_97,lr_shap_list_ir_1
2140,X5,0.37389796105165984,0.6056922620752506,388.85387949372625,lr_shap_list_ir_1_subset_97,lr_shap_list_ir_1
2141,X6,0.8271835660908816,0.2904107290842317,860.2709087345169,lr_shap_list_ir_1_subset_97,lr_shap_list_ir_1
2142,X1,0.7950124790753841,0.8910810166092852,826.8129782383994,lr_shap_list_ir_2_subset_53,lr_shap_list_ir_2
2143,X2,0.2862395944793645,0.2821986760967928,297.6891782585391,lr_shap_list_ir_2_subset_53,lr_shap_list_ir_2
2144,X3,0.3642606629607393,0.526097861793167,378.83108947916884,lr_shap_list_ir_2_subset_53,lr_shap_list_ir_2
2145,X4,0.32906836948332824,0.18968179271445218,342.23110426266135,lr_shap_list_ir_2_subset_53,lr_shap_list_ir_2
2146,X5,0.7524591757010715,0.8969342396709143,782.5575427291143,lr_shap_list_ir_2_subset_53,lr_shap_list_ir_2
2147,X6,0.5458504531515215,0.1369998694972384,567.6844712775824,lr_shap_list_ir_2_subset_53,lr_shap_list_ir_2
2148,X1,0.8080554225595571,0.8658495803441758,840.3776394619393,lr_shap_list_ir_2_subset_26,lr_shap_list_ir_2
2149,X2,1.4215639671770997,1.833493299482169,1478.4265258641835,lr_shap_list_ir_2_subset_26,lr_shap_list_ir_2
2150,X3,0.25204854520474035,0.39419645419311194,262.13048701292996,lr_shap_list_ir_2_subset_26,lr_shap_list_ir_2
2151,X4,0.6588409495507044,0.3954375046947952,685.1945875327325,lr_shap_list_ir_2_subset_26,lr_shap_list_ir_2
2152,X5,0.6291403833016266,0.9458352687638494,654.3059986336916,lr_shap_list_ir_2_subset_26,lr_shap_list_ir_2
2153,X6,0.09584346003583957,0.020744779486580652,99.67719843727316,lr_shap_list_ir_2_subset_26,lr_shap_list_ir_2
2154,X1,0.3028318004201673,0.35483939077379795,314.945072436974,lr_shap_list_ir_3_subset_86,lr_shap_list_ir_3
2155,X2,0.501683512538949,0.8022226309015702,521.750853040507,lr_shap_list_ir_3_subset_86,lr_shap_list_ir_3
2156,X3,0.9048846010086058,2.041944436123212,941.07998504895,lr_shap_list_ir_3_subset_86,lr_shap_list_ir_3
2157,X4,0.8753315664760715,0.599476552481132,910.3448291351143,lr_shap_list_ir_3_subset_86,lr_shap_list_ir_3
2158,X5,0.458335398355034,0.7244884455187959,476.66881428923534,lr_shap_list_ir_3_subset_86,lr_shap_list_ir_3
2159,X6,0.22932391551816309,0.055322384078547275,238.49687213888961,lr_shap_list_ir_3_subset_86,lr_shap_list_ir_3
2160,X1,0.30321091045105303,0.3990880391668925,315.33934686909515,lr_shap_list_ir_2_subset_78,lr_shap_list_ir_2
2161,X2,0.22081929942737527,0.3450660300407266,229.6520714044703,lr_shap_list_ir_2_subset_78,lr_shap_list_ir_2
2162,X3,0.28484446717603185,0.3294836480552605,296.23824586307313,lr_shap_list_ir_2_subset_78,lr_shap_list_ir_2
2163,X4,0.7896499499226669,0.5675813326317224,821.2359479195736,lr_shap_list_ir_2_subset_78,lr_shap_list_ir_2
2164,X5,0.3758684762864885,0.712114074714514,390.90321533794804,lr_shap_list_ir_2_subset_78,lr_shap_list_ir_2
2165,X6,0.03580638788035276,0.011067254189946077,37.23864339556687,lr_shap_list_ir_2_subset_78,lr_shap_list_ir_2
2166,X1,0.25090633570472204,0.30973952922092735,260.94258913291094,lr_shap_list_ir_3_subset_83,lr_shap_list_ir_3
2167,X2,0.6435713279576563,0.9267591789510141,669.3141810759626,lr_shap_list_ir_3_subset_83,lr_shap_list_ir_3
2168,X3,0.9366427180327496,1.1297724328806884,974.1084267540596,lr_shap_list_ir_3_subset_83,lr_shap_list_ir_3
2169,X4,0.9027863590497328,0.574726472451305,938.8978134117222,lr_shap_list_ir_3_subset_83,lr_shap_list_ir_3
2170,X5,0.7823318883124506,1.1120118056901018,813.6251638449486,lr_shap_list_ir_3_subset_83,lr_shap_list_ir_3
2171,X6,0.46153026858060875,0.11899445013234183,479.9914793238331,lr_shap_list_ir_3_subset_83,lr_shap_list_ir_3
2172,X1,0.5022896188702671,0.6245673452133363,522.3812036250778,lr_shap_list_ir_4_subset_28,lr_shap_list_ir_4
2173,X2,0.4046276280165661,0.520170351130287,420.81273313722875,lr_shap_list_ir_4_subset_28,lr_shap_list_ir_4
2174,X3,0.36898625905510607,0.42404843940901255,383.7457094173103,lr_shap_list_ir_4_subset_28,lr_shap_list_ir_4
2175,X4,0.5910082100375009,0.4125598024174149,614.648538439001,lr_shap_list_ir_4_subset_28,lr_shap_list_ir_4
2176,X5,0.8485816770383908,1.2578513684331973,882.5249441199264,lr_shap_list_ir_4_subset_28,lr_shap_list_ir_4
2177,X6,0.19025556567911314,0.05527035843627883,197.86578830627766,lr_shap_list_ir_4_subset_28,lr_shap_list_ir_4
2178,X1,0.43073330649291025,0.5885422613861079,447.9626387526267,lr_shap_list_ir_3_subset_99,lr_shap_list_ir_3
2179,X2,0.6140531804520608,0.8102003304451317,638.6153076701432,lr_shap_list_ir_3_subset_99,lr_shap_list_ir_3
2180,X3,1.0598774769818036,1.5309993673552933,1102.2725760610758,lr_shap_list_ir_3_subset_99,lr_shap_list_ir_3
2181,X4,1.0596246187933624,0.5840105489863128,1102.009603545097,lr_shap_list_ir_3_subset_99,lr_shap_list_ir_3
2182,X5,0.6224972744111998,0.7474393241589408,647.3971653876479,lr_shap_list_ir_3_subset_99,lr_shap_list_ir_3
2183,X6,0.29064033483522533,0.06892150168848862,302.26594822863433,lr_shap_list_ir_3_subset_99,lr_shap_list_ir_3
2184,X1,0.49244542378181927,0.5922091509990516,512.1432407330921,lr_shap_list_ir_4_subset_92,lr_shap_list_ir_4
2185,X2,0.5280906998597473,0.8163830158230917,549.2143278541372,lr_shap_list_ir_4_subset_92,lr_shap_list_ir_4
2186,X3,0.5836344367505816,0.877711723521218,606.9798142206048,lr_shap_list_ir_4_subset_92,lr_shap_list_ir_4
2187,X4,1.031978383972182,0.6887022884454155,1073.2575193310693,lr_shap_list_ir_4_subset_92,lr_shap_list_ir_4
2188,X5,0.7612631970005651,0.8442383568569348,791.7137248805877,lr_shap_list_ir_4_subset_92,lr_shap_list_ir_4
2189,X6,0.031400963153947456,0.011370916698416006,32.65700168010535,lr_shap_list_ir_4_subset_92,lr_shap_list_ir_4
2190,X1,0.5661758005035973,0.6633400146736153,588.8228325237412,lr_shap_list_ir_3_subset_109,lr_shap_list_ir_3
2191,X2,0.45170166991837507,0.6413864538453565,469.76973671511007,lr_shap_list_ir_3_subset_109,lr_shap_list_ir_3
2192,X3,0.6649005305101733,1.1582137204095464,691.4965517305802,lr_shap_list_ir_3_subset_109,lr_shap_list_ir_3
2193,X4,0.6689967304741707,0.40724938764718904,695.7565996931376,lr_shap_list_ir_3_subset_109,lr_shap_list_ir_3
2194,X5,0.5927499159744054,0.6562983921769168,616.4599126133817,lr_shap_list_ir_3_subset_109,lr_shap_list_ir_3
2195,X6,0.24366590644897085,0.0652059648678575,253.41254270692968,lr_shap_list_ir_3_subset_109,lr_shap_list_ir_3
2196,X1,0.5472457147454589,0.6355609664360703,569.1355433352772,lr_shap_list_ir_4_subset_70,lr_shap_list_ir_4
2197,X2,0.9650949646576287,1.14099405312413,1003.6987632439339,lr_shap_list_ir_4_subset_70,lr_shap_list_ir_4
2198,X3,0.8195642636608299,0.838655565507915,852.3468342072631,lr_shap_list_ir_4_subset_70,lr_shap_list_ir_4
2199,X4,0.7865549691137791,0.48402420687541486,818.0171678783303,lr_shap_list_ir_4_subset_70,lr_shap_list_ir_4
2200,X5,0.830015961596486,0.9478087972998644,863.2166000603455,lr_shap_list_ir_4_subset_70,lr_shap_list_ir_4
2201,X6,0.1498106769030526,0.062143780506091095,155.80310397917472,lr_shap_list_ir_4_subset_70,lr_shap_list_ir_4
2202,X1,0.18183828558349732,0.26516674033309834,189.1118170068372,lr_shap_list_ir_4_subset_2,lr_shap_list_ir_4
2203,X2,0.5903527035012532,0.6797600749243368,613.9668116413034,lr_shap_list_ir_4_subset_2,lr_shap_list_ir_4
2204,X3,0.6832878479907256,0.804022776116287,710.6193619103547,lr_shap_list_ir_4_subset_2,lr_shap_list_ir_4
2205,X4,0.9326914682136146,0.6280254348397261,969.9991269421591,lr_shap_list_ir_4_subset_2,lr_shap_list_ir_4
2206,X5,0.7578179535529838,0.9878317946046362,788.1306716951032,lr_shap_list_ir_4_subset_2,lr_shap_list_ir_4
2207,X6,0.4109556547963542,0.11068939708941512,427.39388098820837,lr_shap_list_ir_4_subset_2,lr_shap_list_ir_4
2208,X1,0.5511373740589391,0.6831825305739317,573.1828690212967,lr_shap_list_ir_5_subset_87,lr_shap_list_ir_5
2209,X2,0.3957204529797211,0.5767503297317985,411.5492710989099,lr_shap_list_ir_5_subset_87,lr_shap_list_ir_5
2210,X3,0.6203284832588567,0.7116735936593307,645.141622589211,lr_shap_list_ir_5_subset_87,lr_shap_list_ir_5
2211,X4,0.5781763393832207,0.3951810440934796,601.3033929585495,lr_shap_list_ir_5_subset_87,lr_shap_list_ir_5
2212,X5,0.8195536131430364,1.197762988768266,852.3357576687579,lr_shap_list_ir_5_subset_87,lr_shap_list_ir_5
2213,X6,0.3929671633317297,0.12374641538970835,408.6858498649989,lr_shap_list_ir_5_subset_87,lr_shap_list_ir_5
2214,X1,0.2881251822178279,0.40078882458450826,299.65018950654104,lr_shap_list_ir_3_subset_51,lr_shap_list_ir_3
2215,X2,0.5483615478966766,0.8225026262618156,570.2960098125436,lr_shap_list_ir_3_subset_51,lr_shap_list_ir_3
2216,X3,0.47340422970934903,0.6229000254264894,492.340398897723,lr_shap_list_ir_3_subset_51,lr_shap_list_ir_3
2217,X4,1.0032052866182513,0.6139656746384144,1043.3334980829814,lr_shap_list_ir_3_subset_51,lr_shap_list_ir_3
2218,X5,0.8035781766497598,0.9101284874859576,835.7213037157502,lr_shap_list_ir_3_subset_51,lr_shap_list_ir_3
2219,X6,0.07968289437877402,0.022165206929052224,82.87021015392497,lr_shap_list_ir_3_subset_51,lr_shap_list_ir_3
2220,X1,0.6952595970768549,0.7353472905090217,723.0699809599291,lr_shap_list_ir_5_subset_65,lr_shap_list_ir_5
2221,X2,0.6352175523504845,0.7039933080849811,660.6262544445038,lr_shap_list_ir_5_subset_65,lr_shap_list_ir_5
2222,X3,0.9243215353755744,1.9779123380457784,961.2943967905974,lr_shap_list_ir_5_subset_65,lr_shap_list_ir_5
2223,X4,1.026937117318505,0.6804768669632627,1068.0146020112452,lr_shap_list_ir_5_subset_65,lr_shap_list_ir_5
2224,X5,0.7396554215679668,0.9497143875893571,769.2416384306855,lr_shap_list_ir_5_subset_65,lr_shap_list_ir_5
2225,X6,0.19883742792774567,0.061143121144734316,206.7909250448555,lr_shap_list_ir_5_subset_65,lr_shap_list_ir_5
2226,X1,0.6346950885882786,0.726187399116224,660.0828921318098,lr_shap_list_ir_2_subset_120,lr_shap_list_ir_2
2227,X2,0.6961874460065859,1.163887842213517,724.0349438468493,lr_shap_list_ir_2_subset_120,lr_shap_list_ir_2
2228,X3,0.5053818984199732,1.0261452406878657,525.5971743567721,lr_shap_list_ir_2_subset_120,lr_shap_list_ir_2
2229,X4,0.8686419686216242,0.42817635984064645,903.3876473664892,lr_shap_list_ir_2_subset_120,lr_shap_list_ir_2
2230,X5,0.34823724846073423,0.41913438667323977,362.1667383991636,lr_shap_list_ir_2_subset_120,lr_shap_list_ir_2
2231,X6,0.31744406578838863,0.07365920661849397,330.1418284199242,lr_shap_list_ir_2_subset_120,lr_shap_list_ir_2
2232,X1,0.5153779029909532,0.6625994231671127,535.9930191105914,lr_shap_list_ir_1_subset_59,lr_shap_list_ir_1
2233,X2,1.0590982883084972,1.3592195830186347,1101.462219840837,lr_shap_list_ir_1_subset_59,lr_shap_list_ir_1
2234,X3,0.2589605390543298,0.3344987088810329,269.318960616503,lr_shap_list_ir_1_subset_59,lr_shap_list_ir_1
2235,X4,0.6929376633951222,0.3505698547639861,720.6551699309271,lr_shap_list_ir_1_subset_59,lr_shap_list_ir_1
2236,X5,0.5033197160003063,0.5635267439869953,523.4525046403186,lr_shap_list_ir_1_subset_59,lr_shap_list_ir_1
2237,X6,0.5474060034744319,0.13160357830107147,569.3022436134091,lr_shap_list_ir_1_subset_59,lr_shap_list_ir_1
2238,X1,0.23388976629736383,0.2586049479037548,243.2453569492584,lr_shap_list_ir_4_subset_141,lr_shap_list_ir_4
2239,X2,0.306163918509499,0.45184033591190864,318.4104752498789,lr_shap_list_ir_4_subset_141,lr_shap_list_ir_4
2240,X3,0.7437157020362192,1.2598625719327818,773.4643301176679,lr_shap_list_ir_4_subset_141,lr_shap_list_ir_4
2241,X4,1.04301058973287,0.6901219081540685,1084.731013322185,lr_shap_list_ir_4_subset_141,lr_shap_list_ir_4
2242,X5,0.7350045733596035,0.890882351177895,764.4047562939876,lr_shap_list_ir_4_subset_141,lr_shap_list_ir_4
2243,X6,0.03264423956185494,0.009228588424503258,33.950009144329144,lr_shap_list_ir_4_subset_141,lr_shap_list_ir_4
2244,X1,0.02880013891338372,0.03915377802367484,29.952144469919066,lr_shap_list_ir_1_subset_84,lr_shap_list_ir_1
2245,X2,1.8564313951404283,2.641342412940732,1930.6886509460455,lr_shap_list_ir_1_subset_84,lr_shap_list_ir_1
2246,X3,3.4730978703857436,7.2994993329267475,3612.0217852011733,lr_shap_list_ir_1_subset_84,lr_shap_list_ir_1
2247,X4,1.423801684241632,0.6292747740441043,1480.7537516112973,lr_shap_list_ir_1_subset_84,lr_shap_list_ir_1
2248,X5,0.28172005407621453,0.32669815845404504,292.9888562392631,lr_shap_list_ir_1_subset_84,lr_shap_list_ir_1
2249,X6,1.005003917473891,0.2173123324454991,1045.2040741728465,lr_shap_list_ir_1_subset_84,lr_shap_list_ir_1
2250,X1,0.4889334028628572,0.6496687776878634,508.4907389773715,lr_shap_list_ir_4_subset_96,lr_shap_list_ir_4
2251,X2,0.6297026433194489,1.0851218610054583,654.8907490522269,lr_shap_list_ir_4_subset_96,lr_shap_list_ir_4
2252,X3,0.6319821142109482,1.379783709796422,657.2613987793861,lr_shap_list_ir_4_subset_96,lr_shap_list_ir_4
2253,X4,1.3587571883480634,0.9007546532139762,1413.107475881986,lr_shap_list_ir_4_subset_96,lr_shap_list_ir_4
2254,X5,0.7313575392943308,1.1464573474387003,760.611840866104,lr_shap_list_ir_4_subset_96,lr_shap_list_ir_4
2255,X6,0.47901651251483957,0.12439615259397857,498.17717301543314,lr_shap_list_ir_4_subset_96,lr_shap_list_ir_4
2256,X1,0.40499609931371916,0.7727883879366088,421.19594328626795,lr_shap_list_ir_4_subset_117,lr_shap_list_ir_4
2257,X2,0.31770967415971874,0.4523073024084537,330.4180611261075,lr_shap_list_ir_4_subset_117,lr_shap_list_ir_4
2258,X3,0.4637871798512076,0.5851772010305417,482.3386670452559,lr_shap_list_ir_4_subset_117,lr_shap_list_ir_4
2259,X4,0.9735281082897546,0.6170926611307149,1012.4692326213448,lr_shap_list_ir_4_subset_117,lr_shap_list_ir_4
2260,X5,0.5919808830933584,0.8006430003496459,615.6601184170927,lr_shap_list_ir_4_subset_117,lr_shap_list_ir_4
2261,X6,0.0662147201469396,0.017653938911401816,68.86330895281719,lr_shap_list_ir_4_subset_117,lr_shap_list_ir_4
2262,X1,0.5281931232846931,0.6802817339271878,549.3208482160809,lr_shap_list_ir_2_subset_83,lr_shap_list_ir_2
2263,X2,0.4062265750963756,0.47509384799403037,422.47563810023064,lr_shap_list_ir_2_subset_83,lr_shap_list_ir_2
2264,X3,0.7077132749299085,0.7244170193137879,736.0218059271049,lr_shap_list_ir_2_subset_83,lr_shap_list_ir_2
2265,X4,0.6874567970102464,0.3675674779151554,714.9550688906563,lr_shap_list_ir_2_subset_83,lr_shap_list_ir_2
2266,X5,0.466722061322392,0.6533076831075584,485.3909437752877,lr_shap_list_ir_2_subset_83,lr_shap_list_ir_2
2267,X6,0.05642733020534492,0.012747660714903084,58.68442341355872,lr_shap_list_ir_2_subset_83,lr_shap_list_ir_2
2268,X1,0.4858412137557526,0.5373414609929595,505.2748623059827,lr_shap_list_ir_2_subset_18,lr_shap_list_ir_2
2269,X2,0.3797943012507482,0.6303812356908646,394.9860733007781,lr_shap_list_ir_2_subset_18,lr_shap_list_ir_2
2270,X3,0.8806265751179155,1.3215930587124152,915.8516381226322,lr_shap_list_ir_2_subset_18,lr_shap_list_ir_2
2271,X4,0.4996007259775533,0.22363782465671145,519.5847550166554,lr_shap_list_ir_2_subset_18,lr_shap_list_ir_2
2272,X5,0.45968265398451863,0.7096568763951049,478.0699601438994,lr_shap_list_ir_2_subset_18,lr_shap_list_ir_2
2273,X6,0.47392422598046374,0.1094866413244463,492.8811950196823,lr_shap_list_ir_2_subset_18,lr_shap_list_ir_2
2274,X1,0.4205374416531858,0.44709143183254624,437.3589393193132,lr_shap_list_ir_1_subset_77,lr_shap_list_ir_1
2275,X2,0.25888336330432454,0.2756024299765637,269.2386978364975,lr_shap_list_ir_1_subset_77,lr_shap_list_ir_1
2276,X3,0.2166177691366635,0.27740348503320567,225.28247990213004,lr_shap_list_ir_1_subset_77,lr_shap_list_ir_1
2277,X4,0.27879727234033685,0.12250809719525205,289.94916323395034,lr_shap_list_ir_1_subset_77,lr_shap_list_ir_1
2278,X5,0.3338241595749368,0.4126736715013189,347.17712595793427,lr_shap_list_ir_1_subset_77,lr_shap_list_ir_1
2279,X6,0.3598245101954756,0.0983316443002642,374.21749060329466,lr_shap_list_ir_1_subset_77,lr_shap_list_ir_1
2280,X1,0.5222637536956253,0.5843930402488924,543.1543038434503,lr_shap_list_ir_3_subset_29,lr_shap_list_ir_3
2281,X2,1.2099717481095884,1.393799457534452,1258.370618033972,lr_shap_list_ir_3_subset_29,lr_shap_list_ir_3
2282,X3,1.3659763624703423,2.3930494418329977,1420.615416969156,lr_shap_list_ir_3_subset_29,lr_shap_list_ir_3
2283,X4,1.0937018488273298,0.6468083333791049,1137.449922780423,lr_shap_list_ir_3_subset_29,lr_shap_list_ir_3
2284,X5,0.6154913517526625,0.8930592354996205,640.1110058227689,lr_shap_list_ir_3_subset_29,lr_shap_list_ir_3
2285,X6,0.26245566257821984,0.05820509755364982,272.9538890813486,lr_shap_list_ir_3_subset_29,lr_shap_list_ir_3
2286,X1,0.46059397539758234,0.6525378471269707,479.01773441348564,lr_shap_list_ir_1_subset_91,lr_shap_list_ir_1
2287,X2,1.9013850673002846,2.2624227095974683,1977.440469992296,lr_shap_list_ir_1_subset_91,lr_shap_list_ir_1
2288,X3,1.6882780346802848,2.284529368989901,1755.8091560674961,lr_shap_list_ir_1_subset_91,lr_shap_list_ir_1
2289,X4,1.3008130124961492,0.6248034212077349,1352.8455329959952,lr_shap_list_ir_1_subset_91,lr_shap_list_ir_1
2290,X5,0.2620638578459031,0.33564538925970966,272.5464121597392,lr_shap_list_ir_1_subset_91,lr_shap_list_ir_1
2291,X6,0.0387055634703058,0.008299570803841907,40.25378600911803,lr_shap_list_ir_1_subset_91,lr_shap_list_ir_1
2292,X1,0.1468772525512395,0.22007275398953594,152.7523426532891,lr_shap_list_ir_4_subset_3,lr_shap_list_ir_4
2293,X2,0.41353296142357787,0.5501385938640265,430.074279880521,lr_shap_list_ir_4_subset_3,lr_shap_list_ir_4
2294,X3,0.6049891765026054,0.8915005826438759,629.1887435627096,lr_shap_list_ir_4_subset_3,lr_shap_list_ir_4
2295,X4,1.047172951310291,0.6797805908642242,1089.0598693627026,lr_shap_list_ir_4_subset_3,lr_shap_list_ir_4
2296,X5,0.8947666641078016,0.9588412304016296,930.5573306721136,lr_shap_list_ir_4_subset_3,lr_shap_list_ir_4
2297,X6,0.1527823052169683,0.04702318181191331,158.89359742564704,lr_shap_list_ir_4_subset_3,lr_shap_list_ir_4
2298,X1,0.43378094783177706,0.5137804171888131,451.13218574504816,lr_shap_list_ir_4_subset_79,lr_shap_list_ir_4
2299,X2,0.7271019585613605,1.177982638927055,756.186036903815,lr_shap_list_ir_4_subset_79,lr_shap_list_ir_4
2300,X3,0.5575774367308347,0.8132895988464134,579.880534200068,lr_shap_list_ir_4_subset_79,lr_shap_list_ir_4
2301,X4,0.9401690753230053,0.606964952910588,977.7758383359255,lr_shap_list_ir_4_subset_79,lr_shap_list_ir_4
2302,X5,0.7233976220466751,0.9849533361263,752.3335269285421,lr_shap_list_ir_4_subset_79,lr_shap_list_ir_4
2303,X6,0.08768046132147014,0.027059048078183493,91.18767977432896,lr_shap_list_ir_4_subset_79,lr_shap_list_ir_4
2304,X1,0.3177921426458613,0.4445572490410623,330.50382835169574,lr_shap_list_ir_5_subset_57,lr_shap_list_ir_5
2305,X2,0.5791604546954081,0.7457485855460882,602.3268728832244,lr_shap_list_ir_5_subset_57,lr_shap_list_ir_5
2306,X3,0.5752844141401917,0.7834248828021497,598.2957907057994,lr_shap_list_ir_5_subset_57,lr_shap_list_ir_5
2307,X4,1.2422952165807926,0.8288852187622948,1291.9870252440242,lr_shap_list_ir_5_subset_57,lr_shap_list_ir_5
2308,X5,0.9234566241395917,1.3815340307630102,960.3948891051754,lr_shap_list_ir_5_subset_57,lr_shap_list_ir_5
2309,X6,0.11643186555225617,0.029832601397946794,121.08914017434641,lr_shap_list_ir_5_subset_57,lr_shap_list_ir_5
2310,X1,0.6107828904828049,0.6956347761645703,635.214206102117,lr_shap_list_ir_4_subset_17,lr_shap_list_ir_4
2311,X2,0.519749686653453,0.7122375523775131,540.5396741195912,lr_shap_list_ir_4_subset_17,lr_shap_list_ir_4
2312,X3,0.7674471733027083,1.3486336624447597,798.1450602348166,lr_shap_list_ir_4_subset_17,lr_shap_list_ir_4
2313,X4,1.1844512599105386,0.8391748268977695,1231.8293103069602,lr_shap_list_ir_4_subset_17,lr_shap_list_ir_4
2314,X5,0.6334546844960417,1.0446444398282742,658.7928718758834,lr_shap_list_ir_4_subset_17,lr_shap_list_ir_4
2315,X6,0.25932699885344057,0.06381963639883585,269.70007880757817,lr_shap_list_ir_4_subset_17,lr_shap_list_ir_4
2316,X1,0.14228210969914404,0.2037641044485809,147.9733940871098,lr_shap_list_ir_2_subset_38,lr_shap_list_ir_2
2317,X2,1.9429349386323054,2.947760858520884,2020.6523361775976,lr_shap_list_ir_2_subset_38,lr_shap_list_ir_2
2318,X3,2.1617030697253705,2.3986172441802536,2248.1711925143854,lr_shap_list_ir_2_subset_38,lr_shap_list_ir_2
2319,X4,1.7106976599899413,1.032128973537011,1779.125566389539,lr_shap_list_ir_2_subset_38,lr_shap_list_ir_2
2320,X5,0.44171997189028667,0.7281190566210152,459.38877076589813,lr_shap_list_ir_2_subset_38,lr_shap_list_ir_2
2321,X6,0.9781731769877646,0.21541691248138115,1017.3001040672752,lr_shap_list_ir_2_subset_38,lr_shap_list_ir_2
2322,X1,0.5378547824609947,0.6446111834211213,559.3689737594345,lr_shap_list_ir_5_subset_69,lr_shap_list_ir_5
2323,X2,0.5492863188969325,0.7901075714728408,571.2577716528098,lr_shap_list_ir_5_subset_69,lr_shap_list_ir_5
2324,X3,0.60017997691452,0.7228064921044768,624.1871759911007,lr_shap_list_ir_5_subset_69,lr_shap_list_ir_5
2325,X4,1.0392461071925752,0.7395823866094955,1080.815951480278,lr_shap_list_ir_5_subset_69,lr_shap_list_ir_5
2326,X5,0.9592146097753413,1.3677452808543,997.583194166355,lr_shap_list_ir_5_subset_69,lr_shap_list_ir_5
2327,X6,0.07441228365743491,0.022012186796500556,77.3887750037323,lr_shap_list_ir_5_subset_69,lr_shap_list_ir_5
2328,X1,0.2152788465459004,0.41402296845172354,223.8900004077364,lr_shap_list_ir_5_subset_97,lr_shap_list_ir_5
2329,X2,0.3927650750238264,0.6406777217832677,408.4756780247795,lr_shap_list_ir_5_subset_97,lr_shap_list_ir_5
2330,X3,0.7835210994719843,0.9335827295447378,814.8619434508637,lr_shap_list_ir_5_subset_97,lr_shap_list_ir_5
2331,X4,1.0891092082213545,0.796776176458479,1132.6735765502087,lr_shap_list_ir_5_subset_97,lr_shap_list_ir_5
2332,X5,0.8923951911321162,1.0539013756329172,928.0909987774008,lr_shap_list_ir_5_subset_97,lr_shap_list_ir_5
2333,X6,0.07863844784902074,0.019819155450350297,81.78398576298157,lr_shap_list_ir_5_subset_97,lr_shap_list_ir_5
2334,X1,0.35212686642664875,0.5229773847279138,366.2119410837147,lr_shap_list_ir_4_subset_98,lr_shap_list_ir_4
2335,X2,0.6921153342970361,0.9789823173443326,719.7999476689175,lr_shap_list_ir_4_subset_98,lr_shap_list_ir_4
2336,X3,0.6454420594937751,0.8329169368948169,671.2597418735261,lr_shap_list_ir_4_subset_98,lr_shap_list_ir_4
2337,X4,1.1112536565388604,0.7246506970362994,1155.703802800415,lr_shap_list_ir_4_subset_98,lr_shap_list_ir_4
2338,X5,0.6194956263617206,0.9302284232798229,644.2754514161894,lr_shap_list_ir_4_subset_98,lr_shap_list_ir_4
2339,X6,0.2167434475510563,0.05002121269657348,225.41318545309855,lr_shap_list_ir_4_subset_98,lr_shap_list_ir_4
2340,X1,0.4695341185955097,0.5289013635702443,488.31548333933006,lr_shap_list_ir_3_subset_23,lr_shap_list_ir_3
2341,X2,0.3593679453696533,0.5844014046598036,373.7426631844394,lr_shap_list_ir_3_subset_23,lr_shap_list_ir_3
2342,X3,0.8534225841299542,1.1326753369586093,887.5594874951523,lr_shap_list_ir_3_subset_23,lr_shap_list_ir_3
2343,X4,0.7460115566541636,0.47338253593891993,775.8520189203301,lr_shap_list_ir_3_subset_23,lr_shap_list_ir_3
2344,X5,0.7240951048403338,1.1688503384833584,753.0589090339471,lr_shap_list_ir_3_subset_23,lr_shap_list_ir_3
2345,X6,0.15702850290187134,0.040136907653646046,163.3096430179462,lr_shap_list_ir_3_subset_23,lr_shap_list_ir_3
2346,X1,0.5012752151821223,0.6145668283469807,521.3262237894071,lr_shap_list_ir_5_subset_66,lr_shap_list_ir_5
2347,X2,0.38592587299760495,0.5241786980913451,401.3629079175091,lr_shap_list_ir_5_subset_66,lr_shap_list_ir_5
2348,X3,0.6094740017596623,0.8231396303888227,633.8529618300488,lr_shap_list_ir_5_subset_66,lr_shap_list_ir_5
2349,X4,1.002416781008977,0.6789053279305722,1042.513452249336,lr_shap_list_ir_5_subset_66,lr_shap_list_ir_5
2350,X5,0.866732695053809,1.2984215738159144,901.4020028559614,lr_shap_list_ir_5_subset_66,lr_shap_list_ir_5
2351,X6,0.11775708241503541,0.030261668983150018,122.46736571163683,lr_shap_list_ir_5_subset_66,lr_shap_list_ir_5
2352,X1,0.2912921302109426,0.4754072487530518,302.94381541938026,lr_shap_list_ir_3_subset_12,lr_shap_list_ir_3
2353,X2,0.4285819408589781,0.5563548436452851,445.72521849333725,lr_shap_list_ir_3_subset_12,lr_shap_list_ir_3
2354,X3,0.730794508977848,0.9904841003013447,760.026289336962,lr_shap_list_ir_3_subset_12,lr_shap_list_ir_3
2355,X4,1.03179724958419,0.6467024437856111,1073.0691395675576,lr_shap_list_ir_3_subset_12,lr_shap_list_ir_3
2356,X5,0.8379778168102465,0.9559314691804768,871.4969294826564,lr_shap_list_ir_3_subset_12,lr_shap_list_ir_3
2357,X6,0.057655795987132094,0.014119053204236776,59.96202782661738,lr_shap_list_ir_3_subset_12,lr_shap_list_ir_3
2358,X1,0.015540025458065813,0.023453182981887567,16.161626476388445,lr_shap_list_ir_1_subset_8,lr_shap_list_ir_1
2359,X2,0.51356422444985,0.733310913077144,534.106793427844,lr_shap_list_ir_1_subset_8,lr_shap_list_ir_1
2360,X3,1.8938403502001402,2.6657688703481814,1969.5939642081457,lr_shap_list_ir_1_subset_8,lr_shap_list_ir_1
2361,X4,1.4193388326770517,0.7339451086023999,1476.1123859841339,lr_shap_list_ir_1_subset_8,lr_shap_list_ir_1
2362,X5,0.4391278252239951,0.6365649350888151,456.69293823295493,lr_shap_list_ir_1_subset_8,lr_shap_list_ir_1
2363,X6,0.2547017713576592,0.061722048974975935,264.8898422119656,lr_shap_list_ir_1_subset_8,lr_shap_list_ir_1
2364,X1,0.2142321506012885,0.28512361949496895,222.80143662534005,lr_shap_list_ir_3_subset_25,lr_shap_list_ir_3
2365,X2,0.34678824702425715,0.43255713580496274,360.65977690522743,lr_shap_list_ir_3_subset_25,lr_shap_list_ir_3
2366,X3,0.632167257874617,0.7779389122611569,657.4539481896018,lr_shap_list_ir_3_subset_25,lr_shap_list_ir_3
2367,X4,1.2933427398055732,0.7586946907906394,1345.076449397796,lr_shap_list_ir_3_subset_25,lr_shap_list_ir_3
2368,X5,0.8641827910791011,1.1125781717263483,898.7501027222652,lr_shap_list_ir_3_subset_25,lr_shap_list_ir_3
2369,X6,0.5223438273113035,0.15448679798692275,543.2375804037556,lr_shap_list_ir_3_subset_25,lr_shap_list_ir_3
2370,X1,0.36447389052658724,0.3680785682935715,379.0528461476507,lr_shap_list_ir_4_subset_52,lr_shap_list_ir_4
2371,X2,0.6191133518986122,0.8097918732699052,643.8778859745566,lr_shap_list_ir_4_subset_52,lr_shap_list_ir_4
2372,X3,0.37591475775989025,0.5387048369607411,390.95134807028586,lr_shap_list_ir_4_subset_52,lr_shap_list_ir_4
2373,X4,0.9386597595279029,0.6733986109820304,976.206149909019,lr_shap_list_ir_4_subset_52,lr_shap_list_ir_4
2374,X5,0.9086200883527521,1.1598802708820954,944.9648918868622,lr_shap_list_ir_4_subset_52,lr_shap_list_ir_4
2375,X6,0.29338292482670686,0.06858282056412524,305.1182418197751,lr_shap_list_ir_4_subset_52,lr_shap_list_ir_4
2376,X1,0.4106800532471061,0.6004075210749813,427.10725537699034,lr_shap_list_ir_3_subset_87,lr_shap_list_ir_3
2377,X2,0.375123299213534,0.6623535735928996,390.12823118207535,lr_shap_list_ir_3_subset_87,lr_shap_list_ir_3
2378,X3,0.9090681930054436,1.3772530437381152,945.4309207256614,lr_shap_list_ir_3_subset_87,lr_shap_list_ir_3
2379,X4,0.755906464802326,0.5618045746816815,786.1427233944191,lr_shap_list_ir_3_subset_87,lr_shap_list_ir_3
2380,X5,0.7045179368363023,1.1871979580790355,732.6986543097544,lr_shap_list_ir_3_subset_87,lr_shap_list_ir_3
2381,X6,0.3987528818760644,0.09196398645886196,414.70299715110696,lr_shap_list_ir_3_subset_87,lr_shap_list_ir_3
2382,X1,0.2970384598822322,0.35164750962637115,308.9199982775215,lr_shap_list_ir_3_subset_11,lr_shap_list_ir_3
2383,X2,0.49498890322549954,0.7442707107136856,514.7884593545195,lr_shap_list_ir_3_subset_11,lr_shap_list_ir_3
2384,X3,0.7701578824632414,1.4764288097818747,800.9641977617711,lr_shap_list_ir_3_subset_11,lr_shap_list_ir_3
2385,X4,1.1264837668257617,0.7190966198277742,1171.543117498792,lr_shap_list_ir_3_subset_11,lr_shap_list_ir_3
2386,X5,0.8153905656148732,0.9358551601226623,848.0061882394682,lr_shap_list_ir_3_subset_11,lr_shap_list_ir_3
2387,X6,0.2107070558788804,0.05032909419312778,219.13533811403562,lr_shap_list_ir_3_subset_11,lr_shap_list_ir_3
2388,X1,0.34370891924278063,0.43161129798171394,357.45727601249183,lr_shap_list_ir_4_subset_82,lr_shap_list_ir_4
2389,X2,0.3308521670187279,0.42594247103351573,344.08625369947697,lr_shap_list_ir_4_subset_82,lr_shap_list_ir_4
2390,X3,0.5523563438132749,0.7331270247388266,574.4505975658059,lr_shap_list_ir_4_subset_82,lr_shap_list_ir_4
2391,X4,1.0031444325435883,0.6884473348648119,1043.270209845332,lr_shap_list_ir_4_subset_82,lr_shap_list_ir_4
2392,X5,0.6701753438296956,1.0807536881430517,696.9823575828834,lr_shap_list_ir_4_subset_82,lr_shap_list_ir_4
2393,X6,0.1033765590358628,0.033553129766303,107.51162139729732,lr_shap_list_ir_4_subset_82,lr_shap_list_ir_4
2394,X1,0.24363531245136952,0.36707307115010024,253.3807249494243,lr_shap_list_ir_1_subset_109,lr_shap_list_ir_1
2395,X2,1.800542988465444,2.791855246242918,1872.5647080040617,lr_shap_list_ir_1_subset_109,lr_shap_list_ir_1
2396,X3,0.9242615115407087,1.8089777559232558,961.231972002337,lr_shap_list_ir_1_subset_109,lr_shap_list_ir_1
2397,X4,0.9819991468070364,0.4482666711113518,1021.2791126793178,lr_shap_list_ir_1_subset_109,lr_shap_list_ir_1
2398,X5,0.3371299109170806,0.5816773923277735,350.61510735376385,lr_shap_list_ir_1_subset_109,lr_shap_list_ir_1
2399,X6,0.12047022591731167,0.025616470825526632,125.28903495400414,lr_shap_list_ir_1_subset_109,lr_shap_list_ir_1
2400,X1,0.45182318174925884,0.5327495835779191,469.8961090192292,lr_shap_list_ir_2_subset_41,lr_shap_list_ir_2
2401,X2,0.429073012092268,0.4524329961380949,446.2359325759587,lr_shap_list_ir_2_subset_41,lr_shap_list_ir_2
2402,X3,0.3557914334659954,0.41447459024174627,370.0230908046352,lr_shap_list_ir_2_subset_41,lr_shap_list_ir_2
2403,X4,0.5292362718435383,0.3118060140361662,550.4057227172798,lr_shap_list_ir_2_subset_41,lr_shap_list_ir_2
2404,X5,0.49209632922776425,0.5093737857722421,511.7801823968748,lr_shap_list_ir_2_subset_41,lr_shap_list_ir_2
2405,X6,0.03178436448177033,0.009609634166186248,33.05573906104114,lr_shap_list_ir_2_subset_41,lr_shap_list_ir_2
2406,X1,0.3429785328885425,0.44714067193825724,356.6976742040842,lr_shap_list_ir_3_subset_49,lr_shap_list_ir_3
2407,X2,0.2471306649031882,0.3157391180679483,257.0158914993157,lr_shap_list_ir_3_subset_49,lr_shap_list_ir_3
2408,X3,0.39292379001453553,0.5788984880112534,408.64074161511695,lr_shap_list_ir_3_subset_49,lr_shap_list_ir_3
2409,X4,0.8740667334206921,0.5100344259264661,909.0294027575197,lr_shap_list_ir_3_subset_49,lr_shap_list_ir_3
2410,X5,0.7781495482196125,1.0589670969139937,809.2755301483969,lr_shap_list_ir_3_subset_49,lr_shap_list_ir_3
2411,X6,0.17317471379510427,0.044489371116913486,180.10170234690844,lr_shap_list_ir_3_subset_49,lr_shap_list_ir_3
2412,X1,0.20733796591252343,0.2391105642054781,215.63148454902438,lr_shap_list_ir_3_subset_139,lr_shap_list_ir_3
2413,X2,0.35061623999125063,0.44864926159368557,364.64088959090066,lr_shap_list_ir_3_subset_139,lr_shap_list_ir_3
2414,X3,0.9147152435642611,1.1738758934700884,951.3038533068316,lr_shap_list_ir_3_subset_139,lr_shap_list_ir_3
2415,X4,1.1269353900341235,0.6460992382601748,1172.0128056354883,lr_shap_list_ir_3_subset_139,lr_shap_list_ir_3
2416,X5,0.6620640438768896,0.9251049741120513,688.5466056319651,lr_shap_list_ir_3_subset_139,lr_shap_list_ir_3
2417,X6,0.1894840156294707,0.04518900307624932,197.06337625464954,lr_shap_list_ir_3_subset_139,lr_shap_list_ir_3
2418,X1,0.55742853381574,1.0812492031814371,579.7256751683695,lr_shap_list_ir_3_subset_5,lr_shap_list_ir_3
2419,X2,0.5899410451236845,0.9770712387043465,613.5386869286319,lr_shap_list_ir_3_subset_5,lr_shap_list_ir_3
2420,X3,0.9253578247282331,1.2577817334523862,962.3721377173624,lr_shap_list_ir_3_subset_5,lr_shap_list_ir_3
2421,X4,0.7829970702397031,0.5327577196497864,814.3169530492912,lr_shap_list_ir_3_subset_5,lr_shap_list_ir_3
2422,X5,0.5978931986600995,0.8012005351454646,621.8089266065035,lr_shap_list_ir_3_subset_5,lr_shap_list_ir_3
2423,X6,0.22837626059718777,0.057304638084591734,237.51131102107527,lr_shap_list_ir_3_subset_5,lr_shap_list_ir_3
2424,X1,0.32194471894005905,0.4239058206746121,334.8225076976614,lr_shap_list_ir_5_subset_1,lr_shap_list_ir_5
2425,X2,0.37281611679935667,0.5787991066845684,387.7287614713309,lr_shap_list_ir_5_subset_1,lr_shap_list_ir_5
2426,X3,0.5851857012540759,0.6573847187855858,608.5931293042389,lr_shap_list_ir_5_subset_1,lr_shap_list_ir_5
2427,X4,0.7484958724798269,0.5041045469485438,778.43570737902,lr_shap_list_ir_5_subset_1,lr_shap_list_ir_5
2428,X5,0.7191312147760869,0.9328670065237279,747.8964633671303,lr_shap_list_ir_5_subset_1,lr_shap_list_ir_5
2429,X6,0.4155065773729775,0.11762533537339866,432.1268404678966,lr_shap_list_ir_5_subset_1,lr_shap_list_ir_5
2430,X1,0.5764835665521132,0.7705127099899169,599.5429092141977,lr_shap_list_ir_2_subset_40,lr_shap_list_ir_2
2431,X2,0.15351397594458782,0.23655149502182843,159.65453498237133,lr_shap_list_ir_2_subset_40,lr_shap_list_ir_2
2432,X3,0.1528185709110289,0.18630275720352074,158.93131374747006,lr_shap_list_ir_2_subset_40,lr_shap_list_ir_2
2433,X4,0.44151264360526415,0.21643626691444692,459.1731493494747,lr_shap_list_ir_2_subset_40,lr_shap_list_ir_2
2434,X5,0.4653581076047496,0.5628784156300987,483.9724319089396,lr_shap_list_ir_2_subset_40,lr_shap_list_ir_2
2435,X6,0.18269628147208294,0.040322866728319605,190.00413273096626,lr_shap_list_ir_2_subset_40,lr_shap_list_ir_2
2436,X1,0.5644696083068989,0.8431046364645784,587.0483926391748,lr_shap_list_ir_1_subset_58,lr_shap_list_ir_1
2437,X2,1.316547082212082,1.5671247594942626,1369.2089655005652,lr_shap_list_ir_1_subset_58,lr_shap_list_ir_1
2438,X3,3.646012110799514,3.825627069585519,3791.8525952314944,lr_shap_list_ir_1_subset_58,lr_shap_list_ir_1
2439,X4,1.7645032633879543,0.8296870845096374,1835.0833939234724,lr_shap_list_ir_1_subset_58,lr_shap_list_ir_1
2440,X5,0.14614769571208797,0.1998502336087809,151.99360354057148,lr_shap_list_ir_1_subset_58,lr_shap_list_ir_1
2441,X6,0.8159465752450104,0.17604289639853604,848.5844382548107,lr_shap_list_ir_1_subset_58,lr_shap_list_ir_1
2442,X1,0.5122072850375146,0.6647167010432383,532.6955764390151,lr_shap_list_ir_4_subset_30,lr_shap_list_ir_4
2443,X2,0.5363142606895686,0.8469296051499866,557.7668311171512,lr_shap_list_ir_4_subset_30,lr_shap_list_ir_4
2444,X3,0.7052242189839771,0.9609181706799088,733.4331877433362,lr_shap_list_ir_4_subset_30,lr_shap_list_ir_4
2445,X4,0.6961721594733363,0.4609290267120797,724.0190458522698,lr_shap_list_ir_4_subset_30,lr_shap_list_ir_4
2446,X5,0.6033530743596862,1.0024463947888758,627.4871973340737,lr_shap_list_ir_4_subset_30,lr_shap_list_ir_4
2447,X6,0.10724775563428479,0.025346607585957772,111.53766585965619,lr_shap_list_ir_4_subset_30,lr_shap_list_ir_4
2448,X1,0.36522632226946333,0.3917693860985721,379.8353751602419,lr_shap_list_ir_3_subset_8,lr_shap_list_ir_3
2449,X2,0.3087123485855984,0.47568841249098,321.0608425290223,lr_shap_list_ir_3_subset_8,lr_shap_list_ir_3
2450,X3,0.7059874858050897,1.284737076946593,734.2269852372933,lr_shap_list_ir_3_subset_8,lr_shap_list_ir_3
2451,X4,0.9035048222617759,0.6020880533295038,939.6450151522469,lr_shap_list_ir_3_subset_8,lr_shap_list_ir_3
2452,X5,0.6551265072671769,1.0540415281716853,681.331567557864,lr_shap_list_ir_3_subset_8,lr_shap_list_ir_3
2453,X6,0.1305982155499774,0.031677495752561534,135.82214417197648,lr_shap_list_ir_3_subset_8,lr_shap_list_ir_3
2454,X1,0.39928049453613434,0.5739204777531626,415.25171431757974,lr_shap_list_ir_4_subset_95,lr_shap_list_ir_4
2455,X2,0.31942013003702274,0.43475130260976247,332.19693523850367,lr_shap_list_ir_4_subset_95,lr_shap_list_ir_4
2456,X3,0.3152979295588384,0.4372312515831025,327.9098467411919,lr_shap_list_ir_4_subset_95,lr_shap_list_ir_4
2457,X4,0.5030834979847281,0.3466887525052005,523.2068379041172,lr_shap_list_ir_4_subset_95,lr_shap_list_ir_4
2458,X5,0.7656411172213505,1.2038238286418852,796.2667619102045,lr_shap_list_ir_4_subset_95,lr_shap_list_ir_4
2459,X6,0.2594235623365505,0.062085002492622804,269.8005048300125,lr_shap_list_ir_4_subset_95,lr_shap_list_ir_4
2460,X1,0.2154041492516193,0.29508976458596475,224.02031522168406,lr_shap_list_ir_4_subset_148,lr_shap_list_ir_4
2461,X2,0.4623643856014894,0.6496606828760554,480.858961025549,lr_shap_list_ir_4_subset_148,lr_shap_list_ir_4
2462,X3,0.6260886723640421,0.7915188006798503,651.1322192586038,lr_shap_list_ir_4_subset_148,lr_shap_list_ir_4
2463,X4,0.8342772125435048,0.5392013953508045,867.648301045245,lr_shap_list_ir_4_subset_148,lr_shap_list_ir_4
2464,X5,0.791159328023432,1.0774053369346341,822.8057011443693,lr_shap_list_ir_4_subset_148,lr_shap_list_ir_4
2465,X6,0.2351616203069023,0.09425923108288983,244.5680851191784,lr_shap_list_ir_4_subset_148,lr_shap_list_ir_4
2466,X1,0.25781180818938965,0.38009899750323073,268.12428051696526,lr_shap_list_ir_5_subset_16,lr_shap_list_ir_5
2467,X2,0.5092814732622455,0.6436514702937502,529.6527321927354,lr_shap_list_ir_5_subset_16,lr_shap_list_ir_5
2468,X3,0.6656548784373421,1.5921138428763424,692.2810735748358,lr_shap_list_ir_5_subset_16,lr_shap_list_ir_5
2469,X4,1.007140336231236,0.6609136852595441,1047.4259496804855,lr_shap_list_ir_5_subset_16,lr_shap_list_ir_5
2470,X5,0.8579893189149743,1.2647522840610077,892.3088916715733,lr_shap_list_ir_5_subset_16,lr_shap_list_ir_5
2471,X6,0.2155597010863722,0.05548332433088666,224.1820891298271,lr_shap_list_ir_5_subset_16,lr_shap_list_ir_5
2472,X1,0.29945245749706684,0.42206677451571323,311.43055579694953,lr_shap_list_ir_2_subset_94,lr_shap_list_ir_2
2473,X2,1.4733290421059482,2.4527346004995283,1532.262203790186,lr_shap_list_ir_2_subset_94,lr_shap_list_ir_2
2474,X3,2.263644449854848,2.8231428520313635,2354.1902278490415,lr_shap_list_ir_2_subset_94,lr_shap_list_ir_2
2475,X4,1.58643761201832,1.0132316489033073,1649.8951164990526,lr_shap_list_ir_2_subset_94,lr_shap_list_ir_2
2476,X5,0.37436456607841284,0.6535604782185325,389.33914872154935,lr_shap_list_ir_2_subset_94,lr_shap_list_ir_2
2477,X6,0.22912496351769604,0.056390840549567466,238.2899620584039,lr_shap_list_ir_2_subset_94,lr_shap_list_ir_2
2478,X1,0.5340009678184653,0.782516750404137,555.3610065312039,lr_shap_list_ir_1_subset_23,lr_shap_list_ir_1
2479,X2,0.34259705989546846,0.43964102079375605,356.3009422912872,lr_shap_list_ir_1_subset_23,lr_shap_list_ir_1
2480,X3,0.19199235090591904,0.36831085227686705,199.6720449421558,lr_shap_list_ir_1_subset_23,lr_shap_list_ir_1
2481,X4,2.5898338628421356,1.238415579824174,2693.427217355821,lr_shap_list_ir_1_subset_23,lr_shap_list_ir_1
2482,X5,1.3928692996085132,1.6876246454839676,1448.584071592854,lr_shap_list_ir_1_subset_23,lr_shap_list_ir_1
2483,X6,5.729871686923821,1.4822324753829186,5959.066554400774,lr_shap_list_ir_1_subset_23,lr_shap_list_ir_1
2484,X1,0.25202116423840465,0.3598588449730112,262.1020108079408,lr_shap_list_ir_5_subset_61,lr_shap_list_ir_5
2485,X2,0.4309738908861741,0.7463753936616523,448.2128465216211,lr_shap_list_ir_5_subset_61,lr_shap_list_ir_5
2486,X3,0.7695427210296144,1.3815121802739692,800.324429870799,lr_shap_list_ir_5_subset_61,lr_shap_list_ir_5
2487,X4,1.2241537687877853,0.9069560129639095,1273.1199195392967,lr_shap_list_ir_5_subset_61,lr_shap_list_ir_5
2488,X5,0.9004297826663585,1.0693415120879415,936.4469739730129,lr_shap_list_ir_5_subset_61,lr_shap_list_ir_5
2489,X6,0.07171683506068904,0.02130685715467632,74.58550846311661,lr_shap_list_ir_5_subset_61,lr_shap_list_ir_5
2490,X1,0.47038808847879326,0.5470861279980528,489.203612017945,lr_shap_list_ir_3_subset_24,lr_shap_list_ir_3
2491,X2,0.3406265285556785,0.40408870492397053,354.2515896979056,lr_shap_list_ir_3_subset_24,lr_shap_list_ir_3
2492,X3,0.42158381803318756,0.524571603199109,438.44717075451507,lr_shap_list_ir_3_subset_24,lr_shap_list_ir_3
2493,X4,0.9851938932398189,0.5482770355716948,1024.6016489694116,lr_shap_list_ir_3_subset_24,lr_shap_list_ir_3
2494,X5,0.7988053821285467,0.9509048707168178,830.7575974136886,lr_shap_list_ir_3_subset_24,lr_shap_list_ir_3
2495,X6,0.2561394544045878,0.08497240188310876,266.3850325807713,lr_shap_list_ir_3_subset_24,lr_shap_list_ir_3
2496,X1,0.8701998824503029,0.9749717835613156,905.007877748315,lr_shap_list_ir_3_subset_146,lr_shap_list_ir_3
2497,X2,0.9130774790091074,1.1929603754898237,949.6005781694716,lr_shap_list_ir_3_subset_146,lr_shap_list_ir_3
2498,X3,0.8111946744747732,1.220770527799769,843.6424614537641,lr_shap_list_ir_3_subset_146,lr_shap_list_ir_3
2499,X4,0.584506950495858,0.3781883021243569,607.8872285156923,lr_shap_list_ir_3_subset_146,lr_shap_list_ir_3
2500,X5,0.4644418941837763,0.6752549227249468,483.0195699511273,lr_shap_list_ir_3_subset_146,lr_shap_list_ir_3
2501,X6,0.4367663975784109,0.1040797588036753,454.2370534815473,lr_shap_list_ir_3_subset_146,lr_shap_list_ir_3
2502,X1,0.07351608540266691,0.06891595123235542,76.45672881877358,lr_shap_list_ir_1_subset_88,lr_shap_list_ir_1
2503,X2,0.14863381337336923,0.19190777798772612,154.579165908304,lr_shap_list_ir_1_subset_88,lr_shap_list_ir_1
2504,X3,1.9318126963150772,3.2251406670150464,2009.0852041676803,lr_shap_list_ir_1_subset_88,lr_shap_list_ir_1
2505,X4,0.9267585282595425,0.4387059549625353,963.8288693899242,lr_shap_list_ir_1_subset_88,lr_shap_list_ir_1
2506,X5,0.4373458367576214,0.5939726935649509,454.83967022792626,lr_shap_list_ir_1_subset_88,lr_shap_list_ir_1
2507,X6,0.08923052508106298,0.02016659877534225,92.7997460843055,lr_shap_list_ir_1_subset_88,lr_shap_list_ir_1
2508,X1,0.2908975596684183,0.49164029059313447,302.53346205515504,lr_shap_list_ir_2_subset_90,lr_shap_list_ir_2
2509,X2,1.1861285684443001,1.4187084589717867,1233.5737111820722,lr_shap_list_ir_2_subset_90,lr_shap_list_ir_2
2510,X3,0.5213221327129924,0.6668670743872872,542.1750180215122,lr_shap_list_ir_2_subset_90,lr_shap_list_ir_2
2511,X4,1.0929939327366591,0.549360367367646,1136.7136900461255,lr_shap_list_ir_2_subset_90,lr_shap_list_ir_2
2512,X5,0.4391209929685134,0.5687154677002657,456.68583268725394,lr_shap_list_ir_2_subset_90,lr_shap_list_ir_2
2513,X6,0.1813788839349529,0.039990323087295956,188.63403929235102,lr_shap_list_ir_2_subset_90,lr_shap_list_ir_2
2514,X1,0.422649847188885,0.5113181863173012,439.5558410764404,lr_shap_list_ir_4_subset_130,lr_shap_list_ir_4
2515,X2,0.3546443829126988,0.42654251489559863,368.83015822920675,lr_shap_list_ir_4_subset_130,lr_shap_list_ir_4
2516,X3,0.682018564786874,0.7950305508357174,709.2993073783489,lr_shap_list_ir_4_subset_130,lr_shap_list_ir_4
2517,X4,0.9379804624218937,0.6249437637650317,975.4996809187694,lr_shap_list_ir_4_subset_130,lr_shap_list_ir_4
2518,X5,0.7765339608348162,0.8827624635540869,807.5953192682089,lr_shap_list_ir_4_subset_130,lr_shap_list_ir_4
2519,X6,0.16646222112099152,0.03962051539137222,173.12070996583117,lr_shap_list_ir_4_subset_130,lr_shap_list_ir_4
2520,X1,0.3034944725469679,0.4620338539661012,315.6342514488466,lr_shap_list_ir_4_subset_56,lr_shap_list_ir_4
2521,X2,0.7036120731305602,0.7490826423870927,731.7565560557825,lr_shap_list_ir_4_subset_56,lr_shap_list_ir_4
2522,X3,0.6823156840050678,1.080356306124557,709.6083113652705,lr_shap_list_ir_4_subset_56,lr_shap_list_ir_4
2523,X4,0.9602594191855811,0.6368738082567102,998.6697959530044,lr_shap_list_ir_4_subset_56,lr_shap_list_ir_4
2524,X5,0.7102356410671313,1.0035109181461288,738.6450667098165,lr_shap_list_ir_4_subset_56,lr_shap_list_ir_4
2525,X6,0.3321721849581082,0.08090430374711866,345.4590723564325,lr_shap_list_ir_4_subset_56,lr_shap_list_ir_4
2526,X1,0.4860240876531749,0.6397273563663427,505.4650511593019,lr_shap_list_ir_3_subset_89,lr_shap_list_ir_3
2527,X2,0.5718560555457454,0.6145881232383754,594.7302977675752,lr_shap_list_ir_3_subset_89,lr_shap_list_ir_3
2528,X3,0.28238703066463366,0.34595307438821576,293.682511891219,lr_shap_list_ir_3_subset_89,lr_shap_list_ir_3
2529,X4,0.6785306415953382,0.4127169195640123,705.6718672591517,lr_shap_list_ir_3_subset_89,lr_shap_list_ir_3
2530,X5,0.81655751057529,1.1928143002181621,849.2198109983017,lr_shap_list_ir_3_subset_89,lr_shap_list_ir_3
2531,X6,0.14728709178814026,0.033776191720819033,153.17857545966586,lr_shap_list_ir_3_subset_89,lr_shap_list_ir_3
2532,X1,0.6437901029802814,0.7777456798865939,669.5417070994927,lr_shap_list_ir_5_subset_138,lr_shap_list_ir_5
2533,X2,0.5953035872787951,0.6401361461405446,619.1157307699468,lr_shap_list_ir_5_subset_138,lr_shap_list_ir_5
2534,X3,0.6652372627757245,0.6787336250275274,691.8467532867535,lr_shap_list_ir_5_subset_138,lr_shap_list_ir_5
2535,X4,0.9739634079864636,0.7258998506787692,1012.9219443059221,lr_shap_list_ir_5_subset_138,lr_shap_list_ir_5
2536,X5,0.946227748027229,1.262808580471562,984.0768579483181,lr_shap_list_ir_5_subset_138,lr_shap_list_ir_5
2537,X6,0.3029326718121137,0.1014575957211783,315.0499786845983,lr_shap_list_ir_5_subset_138,lr_shap_list_ir_5
2538,X1,0.22645018553699386,0.3109003157307529,235.50819295847361,lr_shap_list_ir_5_subset_28,lr_shap_list_ir_5
2539,X2,0.6206247675139925,0.7931328346041718,645.4497582145523,lr_shap_list_ir_5_subset_28,lr_shap_list_ir_5
2540,X3,0.8867195064898703,1.0918563443200249,922.1882867494651,lr_shap_list_ir_5_subset_28,lr_shap_list_ir_5
2541,X4,1.135573932010368,0.8203019441686156,1180.9968892907827,lr_shap_list_ir_5_subset_28,lr_shap_list_ir_5
2542,X5,0.876413259354334,1.125347320331202,911.4697897285074,lr_shap_list_ir_5_subset_28,lr_shap_list_ir_5
2543,X6,0.034891422075611196,0.00891076188317366,36.28707895863565,lr_shap_list_ir_5_subset_28,lr_shap_list_ir_5
2544,X1,0.7266207979918704,0.8607431655953887,755.6856299115452,lr_shap_list_ir_4_subset_97,lr_shap_list_ir_4
2545,X2,0.4708040488714767,0.6324284375196565,489.63621082633574,lr_shap_list_ir_4_subset_97,lr_shap_list_ir_4
2546,X3,0.4510644257704066,0.7456745423976533,469.1070028012229,lr_shap_list_ir_4_subset_97,lr_shap_list_ir_4
2547,X4,0.6987268897031323,0.4709330859741412,726.6759652912576,lr_shap_list_ir_4_subset_97,lr_shap_list_ir_4
2548,X5,0.681648194297068,1.0994691669725216,708.9141220689507,lr_shap_list_ir_4_subset_97,lr_shap_list_ir_4
2549,X6,0.28423757320401294,0.09195541810892745,295.60707613217346,lr_shap_list_ir_4_subset_97,lr_shap_list_ir_4
2550,X1,0.3382974014890715,0.4460316310585267,351.8292975486344,lr_shap_list_ir_3_subset_45,lr_shap_list_ir_3
2551,X2,0.276654458266498,0.3491262553730201,287.7206365971579,lr_shap_list_ir_3_subset_45,lr_shap_list_ir_3
2552,X3,0.8908419922450664,1.0272733273491486,926.4756719348691,lr_shap_list_ir_3_subset_45,lr_shap_list_ir_3
2553,X4,1.005902926342013,0.6323743543608581,1046.1390433956935,lr_shap_list_ir_3_subset_45,lr_shap_list_ir_3
2554,X5,0.5560054144282393,0.7079416776220315,578.2456310053689,lr_shap_list_ir_3_subset_45,lr_shap_list_ir_3
2555,X6,0.21901695899100002,0.050295759184388805,227.77763735064002,lr_shap_list_ir_3_subset_45,lr_shap_list_ir_3
2556,X1,0.3539910400484458,0.5022045157066758,368.1506816503836,lr_shap_list_ir_4_subset_59,lr_shap_list_ir_4
2557,X2,0.3768272993297988,0.5042153213439458,391.9003913029908,lr_shap_list_ir_4_subset_59,lr_shap_list_ir_4
2558,X3,0.5394157147584082,0.6851628291370371,560.9923433487445,lr_shap_list_ir_4_subset_59,lr_shap_list_ir_4
2559,X4,0.8489661468264947,0.536389717369979,882.9247926995545,lr_shap_list_ir_4_subset_59,lr_shap_list_ir_4
2560,X5,0.7383522942068372,0.9940386335000714,767.8863859751107,lr_shap_list_ir_4_subset_59,lr_shap_list_ir_4
2561,X6,0.008141605329529912,0.0018816502017657498,8.467269542711108,lr_shap_list_ir_4_subset_59,lr_shap_list_ir_4
2562,X1,0.13739560360185255,0.139248538903346,142.89142774592665,lr_shap_list_ir_1_subset_66,lr_shap_list_ir_1
2563,X2,3.6985341113504724,4.568475877315893,3846.4754758044915,lr_shap_list_ir_1_subset_66,lr_shap_list_ir_1
2564,X3,3.2053624239212106,4.449647398853064,3333.576920878059,lr_shap_list_ir_1_subset_66,lr_shap_list_ir_1
2565,X4,1.4651474656561863,0.6825285940997055,1523.7533642824337,lr_shap_list_ir_1_subset_66,lr_shap_list_ir_1
2566,X5,0.6988526684987858,0.8707252243757913,726.8067752387373,lr_shap_list_ir_1_subset_66,lr_shap_list_ir_1
2567,X6,0.5614383338775909,0.13326573334598035,583.8958672326945,lr_shap_list_ir_1_subset_66,lr_shap_list_ir_1
2568,X1,0.22153341584953623,0.4396897355131178,230.3947524835177,lr_shap_list_ir_2_subset_74,lr_shap_list_ir_2
2569,X2,0.841688328918854,1.0366777672285947,875.3558620756082,lr_shap_list_ir_2_subset_74,lr_shap_list_ir_2
2570,X3,0.6144175007312531,1.0217152880654319,638.9942007605032,lr_shap_list_ir_2_subset_74,lr_shap_list_ir_2
2571,X4,1.2413371915915592,0.7534393028715543,1290.9906792552215,lr_shap_list_ir_2_subset_74,lr_shap_list_ir_2
2572,X5,0.45784496968265814,0.6871350301359289,476.15876846996446,lr_shap_list_ir_2_subset_74,lr_shap_list_ir_2
2573,X6,0.3683727558142935,0.0921635362872031,383.10766604686523,lr_shap_list_ir_2_subset_74,lr_shap_list_ir_2
2574,X1,0.37317193098226287,0.5006069871081705,388.0988082215534,lr_shap_list_ir_5_subset_3,lr_shap_list_ir_5
2575,X2,0.7724893804582306,1.0965187506229455,803.3889556765598,lr_shap_list_ir_5_subset_3,lr_shap_list_ir_5
2576,X3,0.6614846002348376,1.504361285474107,687.943984244231,lr_shap_list_ir_5_subset_3,lr_shap_list_ir_5
2577,X4,0.9470575218110042,0.621101406176635,984.9398226834444,lr_shap_list_ir_5_subset_3,lr_shap_list_ir_5
2578,X5,0.9107473527607606,1.1739170402591352,947.177246871191,lr_shap_list_ir_5_subset_3,lr_shap_list_ir_5
2579,X6,0.42533764883642144,0.11854922061490233,442.3511547898783,lr_shap_list_ir_5_subset_3,lr_shap_list_ir_5
2580,X1,0.6896633885465401,0.9837715258281917,717.2499240884017,lr_shap_list_ir_1_subset_125,lr_shap_list_ir_1
2581,X2,0.029054401828668686,0.03431548173823465,30.216577901815434,lr_shap_list_ir_1_subset_125,lr_shap_list_ir_1
2582,X3,0.27559619887229037,0.39349690841356755,286.62004682718197,lr_shap_list_ir_1_subset_125,lr_shap_list_ir_1
2583,X4,0.6296652870245136,0.32370375358320486,654.8518985054942,lr_shap_list_ir_1_subset_125,lr_shap_list_ir_1
2584,X5,0.39236055958447547,0.607876673505046,408.0549819678545,lr_shap_list_ir_1_subset_125,lr_shap_list_ir_1
2585,X6,0.8957389822403107,0.23199927555404526,931.5685415299231,lr_shap_list_ir_1_subset_125,lr_shap_list_ir_1
2586,X1,0.5055423106153536,0.5599817406604816,525.7640030399677,lr_shap_list_ir_3_subset_93,lr_shap_list_ir_3
2587,X2,0.5417502312326941,0.8855536538302639,563.4202404820019,lr_shap_list_ir_3_subset_93,lr_shap_list_ir_3
2588,X3,0.9553709669643822,1.9119089831382723,993.5858056429574,lr_shap_list_ir_3_subset_93,lr_shap_list_ir_3
2589,X4,0.5581278371170904,0.3274639944678357,580.452950601774,lr_shap_list_ir_3_subset_93,lr_shap_list_ir_3
2590,X5,0.6978435205202639,0.7896482129949474,725.7572613410745,lr_shap_list_ir_3_subset_93,lr_shap_list_ir_3
2591,X6,0.24589078815963986,0.06094592519867165,255.72641968602545,lr_shap_list_ir_3_subset_93,lr_shap_list_ir_3
2592,X1,0.42516343750142893,0.5776768281298982,442.1699750014861,lr_shap_list_ir_4_subset_38,lr_shap_list_ir_4
2593,X2,0.3773872664302975,0.4819532745584817,392.4827570875094,lr_shap_list_ir_4_subset_38,lr_shap_list_ir_4
2594,X3,0.3745536845559275,0.5175843568343453,389.5358319381646,lr_shap_list_ir_4_subset_38,lr_shap_list_ir_4
2595,X4,0.9316489179755776,0.5425214850328837,968.9148746946007,lr_shap_list_ir_4_subset_38,lr_shap_list_ir_4
2596,X5,0.7795922105044812,1.0935051643160332,810.7758989246605,lr_shap_list_ir_4_subset_38,lr_shap_list_ir_4
2597,X6,0.15466955681320851,0.03710151508550653,160.85633908573686,lr_shap_list_ir_4_subset_38,lr_shap_list_ir_4
2598,X1,0.3906723226996102,0.5500027805682001,406.29921560759465,lr_shap_list_ir_5_subset_77,lr_shap_list_ir_5
2599,X2,0.3686436517508746,0.5061875001755776,383.3893978209096,lr_shap_list_ir_5_subset_77,lr_shap_list_ir_5
2600,X3,0.729959287202794,1.2636637959799135,759.1576586909058,lr_shap_list_ir_5_subset_77,lr_shap_list_ir_5
2601,X4,0.8017014838383654,0.5695197810218333,833.7695431919,lr_shap_list_ir_5_subset_77,lr_shap_list_ir_5
2602,X5,0.8630199381102889,0.915780953068662,897.5407356347005,lr_shap_list_ir_5_subset_77,lr_shap_list_ir_5
2603,X6,0.39450891743337557,0.09577107545222684,410.28927413071057,lr_shap_list_ir_5_subset_77,lr_shap_list_ir_5
2604,X1,0.42706921683174615,0.5348062708660717,444.151985505016,lr_shap_list_ir_4_subset_58,lr_shap_list_ir_4
2605,X2,1.080279836114924,1.6777459788171034,1123.491029559521,lr_shap_list_ir_4_subset_58,lr_shap_list_ir_4
2606,X3,1.1138023386098606,1.2104201095745604,1158.354432154255,lr_shap_list_ir_4_subset_58,lr_shap_list_ir_4
2607,X4,1.2433842383202218,0.78990404167431,1293.1196078530306,lr_shap_list_ir_4_subset_58,lr_shap_list_ir_4
2608,X5,0.6780113215643309,0.8912120696932139,705.1317744269041,lr_shap_list_ir_4_subset_58,lr_shap_list_ir_4
2609,X6,0.018634841435399216,0.0044323085156701926,19.380235092815184,lr_shap_list_ir_4_subset_58,lr_shap_list_ir_4
2610,X1,0.22504565946440855,0.4267798768958599,234.04748584298488,lr_shap_list_ir_5_subset_32,lr_shap_list_ir_5
2611,X2,0.4671301184750611,0.5189945672002831,485.81532321406354,lr_shap_list_ir_5_subset_32,lr_shap_list_ir_5
2612,X3,0.5577400357059505,0.8288426792225796,580.0496371341885,lr_shap_list_ir_5_subset_32,lr_shap_list_ir_5
2613,X4,1.1023995547549896,0.8062993134498185,1146.4955369451893,lr_shap_list_ir_5_subset_32,lr_shap_list_ir_5
2614,X5,0.8343493426757079,1.2048850244863933,867.7233163827362,lr_shap_list_ir_5_subset_32,lr_shap_list_ir_5
2615,X6,0.006038989316453831,0.0021453794055003553,6.2805488891119845,lr_shap_list_ir_5_subset_32,lr_shap_list_ir_5
2616,X1,0.42511750061053927,0.6310559553293453,442.12220063496085,lr_shap_list_ir_4_subset_37,lr_shap_list_ir_4
2617,X2,0.5606299627597567,0.857857526547853,583.055161270147,lr_shap_list_ir_4_subset_37,lr_shap_list_ir_4
2618,X3,0.5678049127841591,0.752685166114183,590.5171092955255,lr_shap_list_ir_4_subset_37,lr_shap_list_ir_4
2619,X4,0.8790455127634903,0.6423912007414971,914.2073332740299,lr_shap_list_ir_4_subset_37,lr_shap_list_ir_4
2620,X5,0.698291198658096,0.9922516271896409,726.2228466044198,lr_shap_list_ir_4_subset_37,lr_shap_list_ir_4
2621,X6,0.12649501064799096,0.0422081364518921,131.5548110739106,lr_shap_list_ir_4_subset_37,lr_shap_list_ir_4
2622,X1,0.5775549657266158,0.5903322861924184,600.6571643556804,lr_shap_list_ir_3_subset_42,lr_shap_list_ir_3
2623,X2,0.4792544825385769,0.6071147616480386,498.42466184011994,lr_shap_list_ir_3_subset_42,lr_shap_list_ir_3
2624,X3,0.329553218786569,0.47330094072948253,342.73534753803176,lr_shap_list_ir_3_subset_42,lr_shap_list_ir_3
2625,X4,0.9018023436274958,0.6030092544082333,937.8744373725956,lr_shap_list_ir_3_subset_42,lr_shap_list_ir_3
2626,X5,0.6681803393459903,1.0553684643800578,694.9075529198299,lr_shap_list_ir_3_subset_42,lr_shap_list_ir_3
2627,X6,0.1950633152198512,0.046942553342268635,202.86584782864526,lr_shap_list_ir_3_subset_42,lr_shap_list_ir_3
2628,X1,0.4392862901708067,0.5485558360149576,456.857741777639,lr_shap_list_ir_5_subset_111,lr_shap_list_ir_5
2629,X2,0.4762236017186327,0.6776779971850668,495.272545787378,lr_shap_list_ir_5_subset_111,lr_shap_list_ir_5
2630,X3,0.7218383151966485,0.8335801055960853,750.7118478045145,lr_shap_list_ir_5_subset_111,lr_shap_list_ir_5
2631,X4,1.0279712298737842,0.7367558796380951,1069.0900790687356,lr_shap_list_ir_5_subset_111,lr_shap_list_ir_5
2632,X5,0.9222657550747705,1.2663701342524274,959.1563852777613,lr_shap_list_ir_5_subset_111,lr_shap_list_ir_5
2633,X6,0.007279393861066995,0.002236495507052633,7.570569615509675,lr_shap_list_ir_5_subset_111,lr_shap_list_ir_5
2634,X1,0.14711170886131789,0.23213868004477417,152.99617721577062,lr_shap_list_ir_4_subset_89,lr_shap_list_ir_4
2635,X2,0.3925215347441083,0.5598430688911048,408.2223961338726,lr_shap_list_ir_4_subset_89,lr_shap_list_ir_4
2636,X3,0.6970054441506349,1.1385097761357166,724.8856619166603,lr_shap_list_ir_4_subset_89,lr_shap_list_ir_4
2637,X4,0.7878754456541859,0.5513320660983094,819.3904634803533,lr_shap_list_ir_4_subset_89,lr_shap_list_ir_4
2638,X5,0.7673163387019606,1.1186172734600563,798.008992250039,lr_shap_list_ir_4_subset_89,lr_shap_list_ir_4
2639,X6,0.26990151427884645,0.06610436758214527,280.6975748500003,lr_shap_list_ir_4_subset_89,lr_shap_list_ir_4
2640,X1,0.5680780055137901,0.5925538330817051,590.8011257343417,lr_shap_list_ir_5_subset_7,lr_shap_list_ir_5
2641,X2,0.6275209040440042,0.6768923752806342,652.6217402057644,lr_shap_list_ir_5_subset_7,lr_shap_list_ir_5
2642,X3,0.5410068010545594,0.6391350377529107,562.6470730967418,lr_shap_list_ir_5_subset_7,lr_shap_list_ir_5
2643,X4,0.7976311196869891,0.5644302610479581,829.5363644744687,lr_shap_list_ir_5_subset_7,lr_shap_list_ir_5
2644,X5,0.8227550933058525,1.0587720086176118,855.6652970380866,lr_shap_list_ir_5_subset_7,lr_shap_list_ir_5
2645,X6,0.05984679914984014,0.02667102488339962,62.24067111583374,lr_shap_list_ir_5_subset_7,lr_shap_list_ir_5
2646,X1,0.5085387142127259,0.7540335288627718,528.8802627812349,lr_shap_list_ir_4_subset_5,lr_shap_list_ir_4
2647,X2,0.5927513034229601,0.9444303922476882,616.4613555598785,lr_shap_list_ir_4_subset_5,lr_shap_list_ir_4
2648,X3,0.68121730312013,1.0111543200619986,708.4659952449351,lr_shap_list_ir_4_subset_5,lr_shap_list_ir_4
2649,X4,1.1263485997127598,0.6880127488344278,1171.4025437012701,lr_shap_list_ir_4_subset_5,lr_shap_list_ir_4
2650,X5,0.7493494976189654,1.1166427843971813,779.323477523724,lr_shap_list_ir_4_subset_5,lr_shap_list_ir_4
2651,X6,0.11486304434724556,0.029613638999966038,119.45756612113539,lr_shap_list_ir_4_subset_5,lr_shap_list_ir_4
2652,X1,0.1568803643010977,0.1554145299204995,163.1555788731416,lr_shap_list_ir_2_subset_92,lr_shap_list_ir_2
2653,X2,2.0475496133027065,2.231924643067631,2129.451597834815,lr_shap_list_ir_2_subset_92,lr_shap_list_ir_2
2654,X3,1.6304630667062072,3.0741012000971666,1695.6815893744556,lr_shap_list_ir_2_subset_92,lr_shap_list_ir_2
2655,X4,2.429421531134338,1.2537465140370434,2526.5983923797116,lr_shap_list_ir_2_subset_92,lr_shap_list_ir_2
2656,X5,0.4068300786440643,0.5772797546402639,423.10328178982684,lr_shap_list_ir_2_subset_92,lr_shap_list_ir_2
2657,X6,0.7433804782917101,0.1792340827596785,773.1156974233785,lr_shap_list_ir_2_subset_92,lr_shap_list_ir_2
2658,X1,0.5265298532237515,0.6627661019843809,547.5910473527015,lr_shap_list_ir_5_subset_53,lr_shap_list_ir_5
2659,X2,0.4876459060925626,0.7663019466085756,507.1517423362651,lr_shap_list_ir_5_subset_53,lr_shap_list_ir_5
2660,X3,0.7642754901108357,1.6428650213972216,794.8465097152691,lr_shap_list_ir_5_subset_53,lr_shap_list_ir_5
2661,X4,0.9850226585162318,0.6805146551019662,1024.423564856881,lr_shap_list_ir_5_subset_53,lr_shap_list_ir_5
2662,X5,0.7396847801851425,1.1071987800001646,769.2721713925482,lr_shap_list_ir_5_subset_53,lr_shap_list_ir_5
2663,X6,0.004315433625215093,0.001071764942860362,4.488050970223696,lr_shap_list_ir_5_subset_53,lr_shap_list_ir_5
2664,X1,0.5672886981248496,0.5869877087140444,589.9802460498436,lr_shap_list_ir_5_subset_126,lr_shap_list_ir_5
2665,X2,0.5855696888295545,0.7834532372889558,608.9924763827366,lr_shap_list_ir_5_subset_126,lr_shap_list_ir_5
2666,X3,0.41076590232280197,0.7952659016996139,427.19653841571403,lr_shap_list_ir_5_subset_126,lr_shap_list_ir_5
2667,X4,1.1003304634734368,0.7475516242667317,1144.3436820123743,lr_shap_list_ir_5_subset_126,lr_shap_list_ir_5
2668,X5,0.8320015089971923,1.276347198425868,865.28156935708,lr_shap_list_ir_5_subset_126,lr_shap_list_ir_5
2669,X6,0.17760053900818315,0.045573793974301016,184.7045605685105,lr_shap_list_ir_5_subset_126,lr_shap_list_ir_5
2670,X1,0.7480629477208782,1.0745282874503574,777.9854656297133,lr_shap_list_ir_1_subset_75,lr_shap_list_ir_1
2671,X2,1.2373503347245878,1.4512182876254291,1286.8443481135712,lr_shap_list_ir_1_subset_75,lr_shap_list_ir_1
2672,X3,1.459969141564745,2.885639106937629,1518.3679072273349,lr_shap_list_ir_1_subset_75,lr_shap_list_ir_1
2673,X4,0.3167690778835372,0.18310289849277536,329.4398409988787,lr_shap_list_ir_1_subset_75,lr_shap_list_ir_1
2674,X5,0.375038615261271,0.5537095006576485,390.04015987172187,lr_shap_list_ir_1_subset_75,lr_shap_list_ir_1
2675,X6,0.5702809946801237,0.14558564600997367,593.0922344673287,lr_shap_list_ir_1_subset_75,lr_shap_list_ir_1
2676,X1,0.6953352916182931,0.8020565447666289,723.1487032830248,lr_shap_list_ir_2_subset_25,lr_shap_list_ir_2
2677,X2,0.2577550747474715,0.3091073022826601,268.06527773737037,lr_shap_list_ir_2_subset_25,lr_shap_list_ir_2
2678,X3,0.2519888913289271,0.37146238227227185,262.0684469820842,lr_shap_list_ir_2_subset_25,lr_shap_list_ir_2
2679,X4,0.7275085918174183,0.36590893569468963,756.6089354901151,lr_shap_list_ir_2_subset_25,lr_shap_list_ir_2
2680,X5,0.6321120385911053,0.8955169155975844,657.3965201347495,lr_shap_list_ir_2_subset_25,lr_shap_list_ir_2
2681,X6,0.38226457594631397,0.0844276735300486,397.55515898416655,lr_shap_list_ir_2_subset_25,lr_shap_list_ir_2
2682,X1,0.3251536342343491,0.40409326357374975,338.1597796037231,lr_shap_list_ir_5_subset_101,lr_shap_list_ir_5
2683,X2,0.4983138224805178,0.5809319364493091,518.2463753797385,lr_shap_list_ir_5_subset_101,lr_shap_list_ir_5
2684,X3,0.6552004780413969,1.5303268295607377,681.4084971630527,lr_shap_list_ir_5_subset_101,lr_shap_list_ir_5
2685,X4,1.332710481291248,1.0203045321101503,1386.0189005428979,lr_shap_list_ir_5_subset_101,lr_shap_list_ir_5
2686,X5,1.1032584560063274,1.0634377444021925,1147.3887942465806,lr_shap_list_ir_5_subset_101,lr_shap_list_ir_5
2687,X6,0.19428637439282417,0.07080020531397546,202.05782936853714,lr_shap_list_ir_5_subset_101,lr_shap_list_ir_5
2688,X1,0.5830976891848285,0.7359002428087218,606.4215967522216,lr_shap_list_ir_5_subset_58,lr_shap_list_ir_5
2689,X2,0.34891519311120306,0.5639455267606674,362.8718008356512,lr_shap_list_ir_5_subset_58,lr_shap_list_ir_5
2690,X3,0.6015954456877767,0.9088284722962597,625.6592635152878,lr_shap_list_ir_5_subset_58,lr_shap_list_ir_5
2691,X4,0.8233604539815074,0.5766925829376427,856.2948721407677,lr_shap_list_ir_5_subset_58,lr_shap_list_ir_5
2692,X5,1.0042406773235077,1.1662156821811738,1044.410304416448,lr_shap_list_ir_5_subset_58,lr_shap_list_ir_5
2693,X6,0.0480715447923986,0.011833886102391094,49.99440658409454,lr_shap_list_ir_5_subset_58,lr_shap_list_ir_5
2694,X1,0.9893601241618035,0.9846668408275296,1028.9345291282757,lr_shap_list_ir_1_subset_19,lr_shap_list_ir_1
2695,X2,0.7037500746088717,0.8619402149670614,731.9000775932266,lr_shap_list_ir_1_subset_19,lr_shap_list_ir_1
2696,X3,1.8205189031659121,3.0276214619525463,1893.3396592925487,lr_shap_list_ir_1_subset_19,lr_shap_list_ir_1
2697,X4,0.4342209602611758,0.19489882689542287,451.5897986716228,lr_shap_list_ir_1_subset_19,lr_shap_list_ir_1
2698,X5,0.3843276374005542,0.47361278906368653,399.70074289657634,lr_shap_list_ir_1_subset_19,lr_shap_list_ir_1
2699,X6,0.913484623299886,0.21324670654050104,950.0240082318815,lr_shap_list_ir_1_subset_19,lr_shap_list_ir_1
2700,X1,0.4236358554187588,0.6145837266091713,440.58128963550917,lr_shap_list_ir_5_subset_124,lr_shap_list_ir_5
2701,X2,0.9384875619625168,1.5724107567532108,976.0270644410175,lr_shap_list_ir_5_subset_124,lr_shap_list_ir_5
2702,X3,0.8344958653052554,1.1807055281068386,867.8756999174657,lr_shap_list_ir_5_subset_124,lr_shap_list_ir_5
2703,X4,1.257827147507227,0.9210232644689401,1308.140233407516,lr_shap_list_ir_5_subset_124,lr_shap_list_ir_5
2704,X5,0.8081086203046925,1.008511625911492,840.4329651168803,lr_shap_list_ir_5_subset_124,lr_shap_list_ir_5
2705,X6,0.055053528282383114,0.01456195927859963,57.25566941367844,lr_shap_list_ir_5_subset_124,lr_shap_list_ir_5
2706,X1,0.6179129559090133,0.6877488918658973,642.6294741453738,lr_shap_list_ir_1_subset_103,lr_shap_list_ir_1
2707,X2,0.1338910756419532,0.15374842973192054,139.24671866763134,lr_shap_list_ir_1_subset_103,lr_shap_list_ir_1
2708,X3,2.9578533542268812,2.9636597359290966,3076.1674883959563,lr_shap_list_ir_1_subset_103,lr_shap_list_ir_1
2709,X4,0.808577505014339,0.3655567673643462,840.9206052149126,lr_shap_list_ir_1_subset_103,lr_shap_list_ir_1
2710,X5,0.4818885820025285,0.5542187970867897,501.16412528262964,lr_shap_list_ir_1_subset_103,lr_shap_list_ir_1
2711,X6,2.431811246388757,0.5637802186724004,2529.0836962443072,lr_shap_list_ir_1_subset_103,lr_shap_list_ir_1
2712,X1,0.6772242997429714,0.8558158690285149,704.3132717326903,lr_shap_list_ir_3_subset_90,lr_shap_list_ir_3
2713,X2,0.5800771018585882,0.6668837725922522,603.2801859329317,lr_shap_list_ir_3_subset_90,lr_shap_list_ir_3
2714,X3,0.34838486183363276,0.4400238996755853,362.3202563069781,lr_shap_list_ir_3_subset_90,lr_shap_list_ir_3
2715,X4,0.9627808104594832,0.6109044149784636,1001.2920428778625,lr_shap_list_ir_3_subset_90,lr_shap_list_ir_3
2716,X5,0.692679764874016,1.1058371406073486,720.3869554689766,lr_shap_list_ir_3_subset_90,lr_shap_list_ir_3
2717,X6,0.03269785170789605,0.007872755932725593,34.00576577621189,lr_shap_list_ir_3_subset_90,lr_shap_list_ir_3
2718,X1,0.6233748289313102,0.7299405039782402,648.3098220885627,lr_shap_list_ir_1_subset_28,lr_shap_list_ir_1
2719,X2,0.11400235480443927,0.14312001298407817,118.56244899661684,lr_shap_list_ir_1_subset_28,lr_shap_list_ir_1
2720,X3,0.4717558370752071,0.45936742173216355,490.62607055821536,lr_shap_list_ir_1_subset_28,lr_shap_list_ir_1
2721,X4,0.9250501681003342,0.49435515287622395,962.0521748243476,lr_shap_list_ir_1_subset_28,lr_shap_list_ir_1
2722,X5,0.8921017120704356,0.7660046090129219,927.7857805532531,lr_shap_list_ir_1_subset_28,lr_shap_list_ir_1
2723,X6,0.7340833676017109,0.23223075753714412,763.4467023057794,lr_shap_list_ir_1_subset_28,lr_shap_list_ir_1
2724,X1,4.394399764027058,4.314351826510887,4570.17575458814,lr_shap_list_ir_1_subset_31,lr_shap_list_ir_1
2725,X2,5.613047162007043,7.291160665964114,5837.569048487325,lr_shap_list_ir_1_subset_31,lr_shap_list_ir_1
2726,X3,6.7723547848380345,9.705447756905457,7043.248976231556,lr_shap_list_ir_1_subset_31,lr_shap_list_ir_1
2727,X4,1.1659425310805462,0.5838929261236286,1212.580232323768,lr_shap_list_ir_1_subset_31,lr_shap_list_ir_1
2728,X5,1.210203418027577,1.2978565758313882,1258.61155474868,lr_shap_list_ir_1_subset_31,lr_shap_list_ir_1
2729,X6,19.718548102063213,4.512118597083561,20507.290026145743,lr_shap_list_ir_1_subset_31,lr_shap_list_ir_1
2730,X1,0.4754674420287954,0.5495371828994668,494.48613970994717,lr_shap_list_ir_3_subset_67,lr_shap_list_ir_3
2731,X2,0.7152225825189629,1.0199429903991242,743.8314858197214,lr_shap_list_ir_3_subset_67,lr_shap_list_ir_3
2732,X3,0.7321650709264408,0.9449109400580513,761.4516737634984,lr_shap_list_ir_3_subset_67,lr_shap_list_ir_3
2733,X4,0.44966714322827833,0.26551651960125683,467.6538289574095,lr_shap_list_ir_3_subset_67,lr_shap_list_ir_3
2734,X5,0.5320138089185364,0.9009935799238505,553.2943612752779,lr_shap_list_ir_3_subset_67,lr_shap_list_ir_3
2735,X6,0.5800072414631167,0.1721437084364257,603.2075311216413,lr_shap_list_ir_3_subset_67,lr_shap_list_ir_3
2736,X1,0.2728901178563053,0.5458228178670562,283.8057225705575,lr_shap_list_ir_2_subset_64,lr_shap_list_ir_2
2737,X2,1.1648994021644932,1.3668075583732058,1211.495378251073,lr_shap_list_ir_2_subset_64,lr_shap_list_ir_2
2738,X3,0.7966375846567366,1.0289125063773863,828.5030880430061,lr_shap_list_ir_2_subset_64,lr_shap_list_ir_2
2739,X4,1.1045130122243598,0.5553794102977544,1148.6935327133342,lr_shap_list_ir_2_subset_64,lr_shap_list_ir_2
2740,X5,0.3652498146581413,0.5626497200930317,379.859807244467,lr_shap_list_ir_2_subset_64,lr_shap_list_ir_2
2741,X6,0.1426143181597655,0.031792577652663634,148.3188908861561,lr_shap_list_ir_2_subset_64,lr_shap_list_ir_2
2742,X1,0.5688899667570523,0.8132043662299655,591.6455654273344,lr_shap_list_ir_1_subset_129,lr_shap_list_ir_1
2743,X2,1.6190892729110313,2.2256802284733648,1683.8528438274725,lr_shap_list_ir_1_subset_129,lr_shap_list_ir_1
2744,X3,1.0682830115067103,1.476982009759925,1111.0143319669787,lr_shap_list_ir_1_subset_129,lr_shap_list_ir_1
2745,X4,0.8189411990220886,0.38213751054662404,851.6988469829722,lr_shap_list_ir_1_subset_129,lr_shap_list_ir_1
2746,X5,0.315445931131512,0.28317493536255806,328.0637683767725,lr_shap_list_ir_1_subset_129,lr_shap_list_ir_1
2747,X6,0.8583821700636594,0.22006272151246017,892.7174568662057,lr_shap_list_ir_1_subset_129,lr_shap_list_ir_1
2748,X1,0.1486406274439838,0.20532231609725243,154.58625254174314,lr_shap_list_ir_1_subset_6,lr_shap_list_ir_1
2749,X2,1.7532989067795965,2.2156231221767104,1823.4308630507803,lr_shap_list_ir_1_subset_6,lr_shap_list_ir_1
2750,X3,2.1937997614765465,4.157436383122886,2281.5517519356085,lr_shap_list_ir_1_subset_6,lr_shap_list_ir_1
2751,X4,2.2537444612594624,1.1954255237503395,2343.894239709841,lr_shap_list_ir_1_subset_6,lr_shap_list_ir_1
2752,X5,0.3685438616972884,0.591782975939883,383.28561616517993,lr_shap_list_ir_1_subset_6,lr_shap_list_ir_1
2753,X6,0.8723852501915925,0.2670722886668076,907.2806601992562,lr_shap_list_ir_1_subset_6,lr_shap_list_ir_1
2754,X1,0.5405732450297877,0.6779835879491423,562.1961748309792,lr_shap_list_ir_2_subset_115,lr_shap_list_ir_2
2755,X2,0.9860608049359454,1.269885610636862,1025.5032371333832,lr_shap_list_ir_2_subset_115,lr_shap_list_ir_2
2756,X3,0.9031411751479456,1.3806726738418178,939.2668221538634,lr_shap_list_ir_2_subset_115,lr_shap_list_ir_2
2757,X4,1.1861096062849013,0.6803838465142921,1233.5539905362973,lr_shap_list_ir_2_subset_115,lr_shap_list_ir_2
2758,X5,0.3466887784119994,0.47582506785193035,360.55632954847937,lr_shap_list_ir_2_subset_115,lr_shap_list_ir_2
2759,X6,0.2906466773987533,0.06794208097928746,302.2725444947034,lr_shap_list_ir_2_subset_115,lr_shap_list_ir_2
2760,X1,0.29515491839095126,0.3739871556091738,306.96111512658933,lr_shap_list_ir_3_subset_78,lr_shap_list_ir_3
2761,X2,0.5854701161042043,0.6123467548776085,608.8889207483725,lr_shap_list_ir_3_subset_78,lr_shap_list_ir_3
2762,X3,0.7494764849131657,1.2744343155631193,779.4555443096923,lr_shap_list_ir_3_subset_78,lr_shap_list_ir_3
2763,X4,0.6381502428300981,0.359844821534927,663.6762525433021,lr_shap_list_ir_3_subset_78,lr_shap_list_ir_3
2764,X5,0.5814377873572233,1.073819754170213,604.6952988515122,lr_shap_list_ir_3_subset_78,lr_shap_list_ir_3
2765,X6,0.06369371402555944,0.01590796959577482,66.24146258658182,lr_shap_list_ir_3_subset_78,lr_shap_list_ir_3
2766,X1,0.3274071038508855,0.4365300826673726,340.5033880049209,lr_shap_list_ir_5_subset_109,lr_shap_list_ir_5
2767,X2,0.44173091341481646,0.674005853517195,459.4001499514091,lr_shap_list_ir_5_subset_109,lr_shap_list_ir_5
2768,X3,0.5568603747181586,0.6348267255549628,579.1347897068849,lr_shap_list_ir_5_subset_109,lr_shap_list_ir_5
2769,X4,1.1221152673293322,0.8249981530793418,1166.9998780225055,lr_shap_list_ir_5_subset_109,lr_shap_list_ir_5
2770,X5,0.7953581503937633,0.9753242563742074,827.1724764095138,lr_shap_list_ir_5_subset_109,lr_shap_list_ir_5
2771,X6,0.0009185930404545777,0.00029394108369268997,0.9553367620727609,lr_shap_list_ir_5_subset_109,lr_shap_list_ir_5
2772,X1,0.509565502855244,0.6131556669882717,529.9481229694538,lr_shap_list_ir_1_subset_26,lr_shap_list_ir_1
2773,X2,1.4486095691923657,2.1277812078455924,1506.5539519600604,lr_shap_list_ir_1_subset_26,lr_shap_list_ir_1
2774,X3,0.514505100442763,0.9540417047215886,535.0853044604735,lr_shap_list_ir_1_subset_26,lr_shap_list_ir_1
2775,X4,0.9182993368876685,0.45387846709542207,955.0313103631753,lr_shap_list_ir_1_subset_26,lr_shap_list_ir_1
2776,X5,0.4282079176582099,0.6877908801798033,445.3362343645383,lr_shap_list_ir_1_subset_26,lr_shap_list_ir_1
2777,X6,0.7376902110242399,0.15776242809790775,767.1978194652095,lr_shap_list_ir_1_subset_26,lr_shap_list_ir_1
2778,X1,0.2363935022287179,0.2852134267751056,245.84924231786664,lr_shap_list_ir_2_subset_35,lr_shap_list_ir_2
2779,X2,1.0506808512392016,1.6053813569286173,1092.7080852887698,lr_shap_list_ir_2_subset_35,lr_shap_list_ir_2
2780,X3,0.5066243159004823,0.5927443672565226,526.8892885365016,lr_shap_list_ir_2_subset_35,lr_shap_list_ir_2
2781,X4,1.5239217794709297,0.8829541539467485,1584.8786506497668,lr_shap_list_ir_2_subset_35,lr_shap_list_ir_2
2782,X5,0.44048134273517664,0.6517642404862877,458.1005964445837,lr_shap_list_ir_2_subset_35,lr_shap_list_ir_2
2783,X6,0.7892309406729731,0.19043715372800338,820.800178299892,lr_shap_list_ir_2_subset_35,lr_shap_list_ir_2
2784,X1,0.3723396512841439,0.5121350126815994,387.23323733550967,lr_shap_list_ir_1_subset_64,lr_shap_list_ir_1
2785,X2,0.5645478438227355,0.6855272452708563,587.1297575756449,lr_shap_list_ir_1_subset_64,lr_shap_list_ir_1
2786,X3,0.14033878401534008,0.1570393839558995,145.95233537595368,lr_shap_list_ir_1_subset_64,lr_shap_list_ir_1
2787,X4,0.15094440618111893,0.07105523925963526,156.98218242836367,lr_shap_list_ir_1_subset_64,lr_shap_list_ir_1
2788,X5,0.7930355820103117,1.4702678488220786,824.7570052907241,lr_shap_list_ir_1_subset_64,lr_shap_list_ir_1
2789,X6,0.39882315116595535,0.08660348692536812,414.7760772125936,lr_shap_list_ir_1_subset_64,lr_shap_list_ir_1
2790,X1,0.14857741433896965,0.22293296853309427,154.52051091252844,lr_shap_list_ir_1_subset_87,lr_shap_list_ir_1
2791,X2,0.94154679206506,1.4815108155518233,979.2086637476624,lr_shap_list_ir_1_subset_87,lr_shap_list_ir_1
2792,X3,0.5609757864678223,0.9655929492445018,583.4148179265352,lr_shap_list_ir_1_subset_87,lr_shap_list_ir_1
2793,X4,0.9787177509437947,0.5269497419399088,1017.8664609815464,lr_shap_list_ir_1_subset_87,lr_shap_list_ir_1
2794,X5,0.9537315836742812,1.0489038749844821,991.8808470212525,lr_shap_list_ir_1_subset_87,lr_shap_list_ir_1
2795,X6,1.308105401041541,0.28487665535504764,1360.4296170832026,lr_shap_list_ir_1_subset_87,lr_shap_list_ir_1
2796,X1,1.258880461771972,1.3491429333617635,1309.2356802428508,lr_shap_list_ir_1_subset_2,lr_shap_list_ir_1
2797,X2,2.977566916834594,4.7776055984729,3096.669593507978,lr_shap_list_ir_1_subset_2,lr_shap_list_ir_1
2798,X3,2.9174176102096663,4.487589588005426,3034.114314618053,lr_shap_list_ir_1_subset_2,lr_shap_list_ir_1
2799,X4,0.9224725161762356,0.4665167281118644,959.371416823285,lr_shap_list_ir_1_subset_2,lr_shap_list_ir_1
2800,X5,0.46907502789594996,0.4657295145226429,487.83802901178797,lr_shap_list_ir_1_subset_2,lr_shap_list_ir_1
2801,X6,1.5123827956679738,0.3464817399352421,1572.8781074946928,lr_shap_list_ir_1_subset_2,lr_shap_list_ir_1
2802,X1,0.6020972598876616,0.7411760931941045,626.1811502831681,lr_shap_list_ir_4_subset_102,lr_shap_list_ir_4
2803,X2,0.9690792294602463,1.123875991200602,1007.8423986386562,lr_shap_list_ir_4_subset_102,lr_shap_list_ir_4
2804,X3,0.7583420006275634,1.1117844336783262,788.675680652666,lr_shap_list_ir_4_subset_102,lr_shap_list_ir_4
2805,X4,1.063739798800671,0.7456557990191702,1106.2893907526977,lr_shap_list_ir_4_subset_102,lr_shap_list_ir_4
2806,X5,0.6201925358674569,0.9328727297619657,645.0002373021553,lr_shap_list_ir_4_subset_102,lr_shap_list_ir_4
2807,X6,0.12907203979875023,0.03145544761491434,134.23492139070024,lr_shap_list_ir_4_subset_102,lr_shap_list_ir_4
2808,X1,0.48044065731001684,0.608596144401251,499.6582836024175,lr_shap_list_ir_4_subset_99,lr_shap_list_ir_4
2809,X2,0.42106280372981153,0.5498893653377738,437.905315879004,lr_shap_list_ir_4_subset_99,lr_shap_list_ir_4
2810,X3,0.7082759262224961,0.82618385955401,736.606963271396,lr_shap_list_ir_4_subset_99,lr_shap_list_ir_4
2811,X4,0.9332533929749077,0.6591507048679394,970.583528693904,lr_shap_list_ir_4_subset_99,lr_shap_list_ir_4
2812,X5,0.8463960863452196,1.2911208575262196,880.2519297990284,lr_shap_list_ir_4_subset_99,lr_shap_list_ir_4
2813,X6,0.0443033414935706,0.014791028378438483,46.07547515331342,lr_shap_list_ir_4_subset_99,lr_shap_list_ir_4
2814,X1,0.35987815218605057,0.4401588598230246,374.2732782734926,lr_shap_list_ir_4_subset_101,lr_shap_list_ir_4
2815,X2,0.3910029066103513,0.5134781133576165,406.64302287476534,lr_shap_list_ir_4_subset_101,lr_shap_list_ir_4
2816,X3,0.41850694026027824,0.6564762902200125,435.2472178706894,lr_shap_list_ir_4_subset_101,lr_shap_list_ir_4
2817,X4,0.8856959625108062,0.6246602484200472,921.1238010112385,lr_shap_list_ir_4_subset_101,lr_shap_list_ir_4
2818,X5,0.818946307301329,1.1888688176377091,851.7041595933822,lr_shap_list_ir_4_subset_101,lr_shap_list_ir_4
2819,X6,0.07348540751976564,0.01905959200341452,76.42482382055626,lr_shap_list_ir_4_subset_101,lr_shap_list_ir_4
2820,X1,0.1819605063808507,0.2634042688986751,189.23892663608473,lr_shap_list_ir_4_subset_13,lr_shap_list_ir_4
2821,X2,0.4217866907405709,0.5035865460165415,438.65815837019375,lr_shap_list_ir_4_subset_13,lr_shap_list_ir_4
2822,X3,0.8324736796615608,1.195277127564048,865.7726268480233,lr_shap_list_ir_4_subset_13,lr_shap_list_ir_4
2823,X4,1.0979525058081576,0.7413270325809678,1141.8706060404838,lr_shap_list_ir_4_subset_13,lr_shap_list_ir_4
2824,X5,0.8364040557023082,0.9295869022141715,869.8602179304006,lr_shap_list_ir_4_subset_13,lr_shap_list_ir_4
2825,X6,0.047527426709948174,0.015121274382198903,49.428523778346104,lr_shap_list_ir_4_subset_13,lr_shap_list_ir_4
2826,X1,0.48525265586910316,0.5165459363972159,504.6627621038673,lr_shap_list_ir_5_subset_24,lr_shap_list_ir_5
2827,X2,0.7715795485039428,1.001151369840796,802.4427304441006,lr_shap_list_ir_5_subset_24,lr_shap_list_ir_5
2828,X3,1.0995179826044421,1.5500142756426243,1143.4987019086198,lr_shap_list_ir_5_subset_24,lr_shap_list_ir_5
2829,X4,1.1330690787900428,0.8460220495738118,1178.3918419416445,lr_shap_list_ir_5_subset_24,lr_shap_list_ir_5
2830,X5,1.00497655877511,0.8878381856167102,1045.1756211261145,lr_shap_list_ir_5_subset_24,lr_shap_list_ir_5
2831,X6,0.13485404864192144,0.06125428571677892,140.2482105875983,lr_shap_list_ir_5_subset_24,lr_shap_list_ir_5
2832,X1,0.49676175783413173,0.6921817591396991,516.632228147497,lr_shap_list_ir_4_subset_138,lr_shap_list_ir_4
2833,X2,0.3759587262549291,0.45490840118852766,390.99707530512626,lr_shap_list_ir_4_subset_138,lr_shap_list_ir_4
2834,X3,0.5591266094447076,0.5634419465581926,581.491673822496,lr_shap_list_ir_4_subset_138,lr_shap_list_ir_4
2835,X4,1.0324670805769152,0.7425448924474685,1073.7657637999919,lr_shap_list_ir_4_subset_138,lr_shap_list_ir_4
2836,X5,0.7090009233064644,1.11793177110278,737.3609602387229,lr_shap_list_ir_4_subset_138,lr_shap_list_ir_4
2837,X6,0.0023338338639959494,0.0005373657458577587,2.4271872185557872,lr_shap_list_ir_4_subset_138,lr_shap_list_ir_4
2838,X1,0.21213428527662032,0.27574693193810723,220.61965668768514,lr_shap_list_ir_3_subset_125,lr_shap_list_ir_3
2839,X2,0.5621194238014663,0.8143890139749064,584.604200753525,lr_shap_list_ir_3_subset_125,lr_shap_list_ir_3
2840,X3,1.065955858606723,1.9403192297954832,1108.594092950992,lr_shap_list_ir_3_subset_125,lr_shap_list_ir_3
2841,X4,1.4288386129465454,0.8866614202308345,1485.9921574644072,lr_shap_list_ir_3_subset_125,lr_shap_list_ir_3
2842,X5,0.8048612032011997,1.1864945500541684,837.0556513292477,lr_shap_list_ir_3_subset_125,lr_shap_list_ir_3
2843,X6,0.10455506241396306,0.03270119658316818,108.73726491052159,lr_shap_list_ir_3_subset_125,lr_shap_list_ir_3
2844,X1,0.47716106399689845,0.6121520138096432,496.2475065567744,lr_shap_list_ir_4_subset_34,lr_shap_list_ir_4
2845,X2,0.712543712034469,0.9116485903183196,741.0454605158477,lr_shap_list_ir_4_subset_34,lr_shap_list_ir_4
2846,X3,0.6744389175542936,0.9405139670605538,701.4164742564653,lr_shap_list_ir_4_subset_34,lr_shap_list_ir_4
2847,X4,1.12604550397577,0.8006544551545492,1171.0873241348008,lr_shap_list_ir_4_subset_34,lr_shap_list_ir_4
2848,X5,0.7384216883163125,1.0978042044862222,767.958555848965,lr_shap_list_ir_4_subset_34,lr_shap_list_ir_4
2849,X6,0.2776564884915185,0.0713786574573362,288.7627480311793,lr_shap_list_ir_4_subset_34,lr_shap_list_ir_4
2850,X1,0.4972881726963773,0.5981950860969514,517.1796996042324,lr_shap_list_ir_5_subset_108,lr_shap_list_ir_5
2851,X2,0.4379648894857951,0.6187479844727376,455.4834850652269,lr_shap_list_ir_5_subset_108,lr_shap_list_ir_5
2852,X3,0.8630938861530736,1.5509592326345631,897.6176415991965,lr_shap_list_ir_5_subset_108,lr_shap_list_ir_5
2853,X4,0.905664307908744,0.640480142783637,941.8908802250937,lr_shap_list_ir_5_subset_108,lr_shap_list_ir_5
2854,X5,1.023663282924923,1.2892218060365217,1064.60981424192,lr_shap_list_ir_5_subset_108,lr_shap_list_ir_5
2855,X6,0.08689264604872117,0.0286307438028574,90.36835189067001,lr_shap_list_ir_5_subset_108,lr_shap_list_ir_5
2856,X1,0.45271787304815714,0.4983552497383896,470.82658797008344,lr_shap_list_ir_3_subset_122,lr_shap_list_ir_3
2857,X2,0.6621226679955879,0.8294335142319518,688.6075747154115,lr_shap_list_ir_3_subset_122,lr_shap_list_ir_3
2858,X3,0.575815520585753,0.857160313631256,598.8481414091832,lr_shap_list_ir_3_subset_122,lr_shap_list_ir_3
2859,X4,0.9823719372243772,0.6218258762097528,1021.6668147133523,lr_shap_list_ir_3_subset_122,lr_shap_list_ir_3
2860,X5,0.6698071316495139,1.1069745416546386,696.5994169154944,lr_shap_list_ir_3_subset_122,lr_shap_list_ir_3
2861,X6,0.024068829781986312,0.006197581959084312,25.031582973265763,lr_shap_list_ir_3_subset_122,lr_shap_list_ir_3
2862,X1,0.4299425331625454,0.5822907904002153,447.1402344890472,lr_shap_list_ir_4_subset_29,lr_shap_list_ir_4
2863,X2,0.5127960938851406,0.597397258532485,533.3079376405462,lr_shap_list_ir_4_subset_29,lr_shap_list_ir_4
2864,X3,0.7768495495563008,1.3888658830024587,807.9235315385529,lr_shap_list_ir_4_subset_29,lr_shap_list_ir_4
2865,X4,0.857904558994451,0.4975660401408569,892.220741354229,lr_shap_list_ir_4_subset_29,lr_shap_list_ir_4
2866,X5,0.7087658095149082,1.138133586719474,737.1164418955045,lr_shap_list_ir_4_subset_29,lr_shap_list_ir_4
2867,X6,0.005705000289124741,0.0013674480681913946,5.93320030068973,lr_shap_list_ir_4_subset_29,lr_shap_list_ir_4
2868,X1,0.7836947894455448,0.8592389606922751,815.0425810233667,lr_shap_list_ir_5_subset_67,lr_shap_list_ir_5
2869,X2,0.6593648181138095,0.735867125518153,685.7394108383619,lr_shap_list_ir_5_subset_67,lr_shap_list_ir_5
2870,X3,0.5901744054921351,0.7477470941718474,613.7813817118205,lr_shap_list_ir_5_subset_67,lr_shap_list_ir_5
2871,X4,0.8209510051569,0.6498333286606537,853.789045363176,lr_shap_list_ir_5_subset_67,lr_shap_list_ir_5
2872,X5,1.0771027453007613,0.9883917800111677,1120.1868551127918,lr_shap_list_ir_5_subset_67,lr_shap_list_ir_5
2873,X6,0.051722587823057116,0.019637700200785542,53.7914913359794,lr_shap_list_ir_5_subset_67,lr_shap_list_ir_5
2874,X1,0.5576655847915003,0.6868923697749304,579.9722081831603,lr_shap_list_ir_5_subset_142,lr_shap_list_ir_5
2875,X2,0.5525971372880746,0.7204730410718246,574.7010227795976,lr_shap_list_ir_5_subset_142,lr_shap_list_ir_5
2876,X3,0.5402488764865573,1.0010731448385046,561.8588315460196,lr_shap_list_ir_5_subset_142,lr_shap_list_ir_5
2877,X4,0.7488806362691351,0.5674038088803821,778.8358617199005,lr_shap_list_ir_5_subset_142,lr_shap_list_ir_5
2878,X5,1.0580679750723225,1.3552756586108414,1100.3906940752154,lr_shap_list_ir_5_subset_142,lr_shap_list_ir_5
2879,X6,0.11747140634469151,0.03719046392793576,122.17026259847917,lr_shap_list_ir_5_subset_142,lr_shap_list_ir_5
2880,X1,0.3205046044305352,0.4676694331564851,333.3247886077566,lr_shap_list_ir_4_subset_65,lr_shap_list_ir_4
2881,X2,0.2615571304191742,0.32471054071717603,272.0194156359412,lr_shap_list_ir_4_subset_65,lr_shap_list_ir_4
2882,X3,0.793716326251826,1.030016893632137,825.464979301899,lr_shap_list_ir_4_subset_65,lr_shap_list_ir_4
2883,X4,0.8762916630303793,0.6264343205495093,911.3433295515945,lr_shap_list_ir_4_subset_65,lr_shap_list_ir_4
2884,X5,0.82838426353714,1.0965152626463994,861.5196340786256,lr_shap_list_ir_4_subset_65,lr_shap_list_ir_4
2885,X6,0.09848912356277664,0.024828287472460655,102.42868850528771,lr_shap_list_ir_4_subset_65,lr_shap_list_ir_4
2886,X1,0.45828355982921404,0.6697838151632185,476.6149022223826,lr_shap_list_ir_4_subset_15,lr_shap_list_ir_4
2887,X2,0.3390368847640924,0.43098764150437363,352.59836015465606,lr_shap_list_ir_4_subset_15,lr_shap_list_ir_4
2888,X3,0.5667202584653339,1.156732167137371,589.3890688039472,lr_shap_list_ir_4_subset_15,lr_shap_list_ir_4
2889,X4,0.6836037738436892,0.45992141862061015,710.9479247974367,lr_shap_list_ir_4_subset_15,lr_shap_list_ir_4
2890,X5,0.8398154641331795,1.2940928334732504,873.4080826985067,lr_shap_list_ir_4_subset_15,lr_shap_list_ir_4
2891,X6,0.17457956895743984,0.0426304862975907,181.56275171573742,lr_shap_list_ir_4_subset_15,lr_shap_list_ir_4
2892,X1,0.4469809879241552,0.5585832383396587,464.8602274411214,lr_shap_list_ir_5_subset_132,lr_shap_list_ir_5
2893,X2,0.4123696342626368,0.5707866989929138,428.86441963314223,lr_shap_list_ir_5_subset_132,lr_shap_list_ir_5
2894,X3,0.5162423981592833,0.742469196166637,536.8920940856547,lr_shap_list_ir_5_subset_132,lr_shap_list_ir_5
2895,X4,0.9577954241507863,0.6703014997914561,996.1072411168178,lr_shap_list_ir_5_subset_132,lr_shap_list_ir_5
2896,X5,1.0979470545238943,1.1426752651505652,1141.8649367048502,lr_shap_list_ir_5_subset_132,lr_shap_list_ir_5
2897,X6,0.0754267062576238,0.025239976842724315,78.44377450792875,lr_shap_list_ir_5_subset_132,lr_shap_list_ir_5
2898,X1,0.22236455330689955,0.48818986938013464,231.25913543917554,lr_shap_list_ir_4_subset_100,lr_shap_list_ir_4
2899,X2,0.45498641203292156,0.7664412973676832,473.18586851423845,lr_shap_list_ir_4_subset_100,lr_shap_list_ir_4
2900,X3,0.6952812032832062,0.7879296256835047,723.0924514145345,lr_shap_list_ir_4_subset_100,lr_shap_list_ir_4
2901,X4,1.0396437377736223,0.6925823185034269,1081.229487284567,lr_shap_list_ir_4_subset_100,lr_shap_list_ir_4
2902,X5,0.617894199706902,0.7233480019405122,642.609967695178,lr_shap_list_ir_4_subset_100,lr_shap_list_ir_4
2903,X6,0.056059822412023876,0.013595380075110061,58.30221530850483,lr_shap_list_ir_4_subset_100,lr_shap_list_ir_4
2904,X1,0.552986969062871,0.6972127819433496,575.1064478253859,lr_shap_list_ir_4_subset_33,lr_shap_list_ir_4
2905,X2,0.5553302296500218,0.773935480776894,577.5434388360227,lr_shap_list_ir_4_subset_33,lr_shap_list_ir_4
2906,X3,0.5844525330315666,0.8465940845191904,607.8306343528293,lr_shap_list_ir_4_subset_33,lr_shap_list_ir_4
2907,X4,0.9065812934321863,0.5720738671072916,942.8445451694738,lr_shap_list_ir_4_subset_33,lr_shap_list_ir_4
2908,X5,0.7453871359970439,0.8827505249026334,775.2026214369256,lr_shap_list_ir_4_subset_33,lr_shap_list_ir_4
2909,X6,0.11288139443647642,0.028609323269771742,117.39665021393547,lr_shap_list_ir_4_subset_33,lr_shap_list_ir_4
2910,X1,0.5003069165196738,0.626559531128788,520.3191931804608,lr_shap_list_ir_5_subset_118,lr_shap_list_ir_5
2911,X2,0.4281308340792002,0.607109143281434,445.25606744236825,lr_shap_list_ir_5_subset_118,lr_shap_list_ir_5
2912,X3,0.591344255354391,0.8997475184415673,614.9980255685666,lr_shap_list_ir_5_subset_118,lr_shap_list_ir_5
2913,X4,0.7830270039293772,0.5774569592366541,814.3480840865523,lr_shap_list_ir_5_subset_118,lr_shap_list_ir_5
2914,X5,0.7904527028176102,1.1486109229736643,822.0708109303146,lr_shap_list_ir_5_subset_118,lr_shap_list_ir_5
2915,X6,0.2935921765064406,0.06643430017666467,305.3358635666982,lr_shap_list_ir_5_subset_118,lr_shap_list_ir_5
2916,X1,0.43054469673337004,0.45351679774608644,447.76648460270485,lr_shap_list_ir_2_subset_30,lr_shap_list_ir_2
2917,X2,1.3326685986330042,1.9057727058760894,1385.9753425783244,lr_shap_list_ir_2_subset_30,lr_shap_list_ir_2
2918,X3,1.7331666050398509,2.1400703626889923,1802.493269241445,lr_shap_list_ir_2_subset_30,lr_shap_list_ir_2
2919,X4,1.4701467772138994,0.8394854559365597,1528.9526483024554,lr_shap_list_ir_2_subset_30,lr_shap_list_ir_2
2920,X5,0.343945425818799,0.48566048858039396,357.70324285155095,lr_shap_list_ir_2_subset_30,lr_shap_list_ir_2
2921,X6,0.02434470980096029,0.005578612624352027,25.318498192998703,lr_shap_list_ir_2_subset_30,lr_shap_list_ir_2
2922,X1,0.2519393876415243,0.356499106093881,262.01696314718527,lr_shap_list_ir_5_subset_146,lr_shap_list_ir_5
2923,X2,0.40947127516135484,0.529246282000546,425.85012616780904,lr_shap_list_ir_5_subset_146,lr_shap_list_ir_5
2924,X3,0.5245944872902762,0.559225608291703,545.5782667818874,lr_shap_list_ir_5_subset_146,lr_shap_list_ir_5
2925,X4,0.8176590091436127,0.6062818935372789,850.3653695093572,lr_shap_list_ir_5_subset_146,lr_shap_list_ir_5
2926,X5,1.029931795317948,1.2313266314239357,1071.129067130666,lr_shap_list_ir_5_subset_146,lr_shap_list_ir_5
2927,X6,0.13019689571390222,0.04291978728540016,135.40477154245832,lr_shap_list_ir_5_subset_146,lr_shap_list_ir_5
2928,X1,0.4283954213513457,0.6970389411034541,445.5312382053995,lr_shap_list_ir_2_subset_8,lr_shap_list_ir_2
2929,X2,0.33205177710287437,0.4064522087525305,345.33384818698937,lr_shap_list_ir_2_subset_8,lr_shap_list_ir_2
2930,X3,0.26933427609237814,0.442451004299485,280.1076471360733,lr_shap_list_ir_2_subset_8,lr_shap_list_ir_2
2931,X4,0.7995193985046265,0.46656024157439946,831.5001744448116,lr_shap_list_ir_2_subset_8,lr_shap_list_ir_2
2932,X5,0.5331263501548991,0.7948320308952351,554.4514041610951,lr_shap_list_ir_2_subset_8,lr_shap_list_ir_2
2933,X6,0.016257511003751033,0.0036791497034818973,16.907811443901075,lr_shap_list_ir_2_subset_8,lr_shap_list_ir_2
2934,X1,0.4173728355915861,0.5663045004521254,434.06774901524955,lr_shap_list_ir_5_subset_123,lr_shap_list_ir_5
2935,X2,0.4806668311356645,0.6948441788370797,499.8935043810911,lr_shap_list_ir_5_subset_123,lr_shap_list_ir_5
2936,X3,0.5529622578517702,0.6769763160482813,575.080748165841,lr_shap_list_ir_5_subset_123,lr_shap_list_ir_5
2937,X4,0.9187632412908157,0.5640955955862764,955.5137709424483,lr_shap_list_ir_5_subset_123,lr_shap_list_ir_5
2938,X5,0.9930619884704911,0.8418309482507126,1032.7844680093108,lr_shap_list_ir_5_subset_123,lr_shap_list_ir_5
2939,X6,0.01995665203587395,0.00514925596560588,20.75491811730891,lr_shap_list_ir_5_subset_123,lr_shap_list_ir_5
2940,X1,0.5485719566731821,0.641462258614654,570.5148349401094,lr_shap_list_ir_3_subset_112,lr_shap_list_ir_3
2941,X2,0.3104534592282999,0.4396538277099169,322.8715975974319,lr_shap_list_ir_3_subset_112,lr_shap_list_ir_3
2942,X3,1.353179454996308,2.409664215310787,1407.3066331961604,lr_shap_list_ir_3_subset_112,lr_shap_list_ir_3
2943,X4,0.7229526277548037,0.44223960991451794,751.8707328649958,lr_shap_list_ir_3_subset_112,lr_shap_list_ir_3
2944,X5,0.5704144865034296,0.7772311597156158,593.2310659635668,lr_shap_list_ir_3_subset_112,lr_shap_list_ir_3
2945,X6,0.4627277663754785,0.10082670601903716,481.2368770304977,lr_shap_list_ir_3_subset_112,lr_shap_list_ir_3
2946,X1,0.5856549027520692,0.6888703880120205,609.081098862152,lr_shap_list_ir_4_subset_119,lr_shap_list_ir_4
2947,X2,1.226077382469797,1.8091384566384228,1275.120477768589,lr_shap_list_ir_4_subset_119,lr_shap_list_ir_4
2948,X3,0.9466059417729333,1.6651505868481193,984.4701794438507,lr_shap_list_ir_4_subset_119,lr_shap_list_ir_4
2949,X4,1.475305738523259,0.9652230730445547,1534.3179680641895,lr_shap_list_ir_4_subset_119,lr_shap_list_ir_4
2950,X5,0.6345699942592059,0.8563197987072626,659.9527940295742,lr_shap_list_ir_4_subset_119,lr_shap_list_ir_4
2951,X6,0.04586495795204464,0.011806023820417788,47.69955627012643,lr_shap_list_ir_4_subset_119,lr_shap_list_ir_4
2952,X1,1.2835241716501395,1.4294614616853911,1334.8651385161452,lr_shap_list_ir_1_subset_132,lr_shap_list_ir_1
2953,X2,2.627473434381667,4.145499652285384,2732.5723717569335,lr_shap_list_ir_1_subset_132,lr_shap_list_ir_1
2954,X3,1.9969203791810584,3.619240413134696,2076.7971943483008,lr_shap_list_ir_1_subset_132,lr_shap_list_ir_1
2955,X4,2.289654226404245,1.2836462813670475,2381.240395460415,lr_shap_list_ir_1_subset_132,lr_shap_list_ir_1
2956,X5,0.2710260680948262,0.2933953519549049,281.86711081861927,lr_shap_list_ir_1_subset_132,lr_shap_list_ir_1
2957,X6,7.857518947665475,2.3411224232064423,8171.819705572094,lr_shap_list_ir_1_subset_132,lr_shap_list_ir_1
2958,X1,0.5254581295095437,0.5612445151238254,546.4764546899255,lr_shap_list_ir_3_subset_63,lr_shap_list_ir_3
2959,X2,0.49874455780219323,0.6024167144622354,518.694340114281,lr_shap_list_ir_3_subset_63,lr_shap_list_ir_3
2960,X3,0.20996351655674111,0.27239441918232193,218.36205721901075,lr_shap_list_ir_3_subset_63,lr_shap_list_ir_3
2961,X4,0.8214255401701502,0.5554680302035733,854.2825617769563,lr_shap_list_ir_3_subset_63,lr_shap_list_ir_3
2962,X5,0.6417603172574768,1.219698740342728,667.430729947776,lr_shap_list_ir_3_subset_63,lr_shap_list_ir_3
2963,X6,0.008023803270134662,0.002078395512150029,8.344755400940048,lr_shap_list_ir_3_subset_63,lr_shap_list_ir_3
2964,X1,0.05383877518287481,0.108263805662721,55.9923261901898,lr_shap_list_ir_1_subset_33,lr_shap_list_ir_1
2965,X2,1.8515515992961944,1.8468342372499995,1925.6136632680423,lr_shap_list_ir_1_subset_33,lr_shap_list_ir_1
2966,X3,5.806297830483158,7.932244632668677,6038.549743702484,lr_shap_list_ir_1_subset_33,lr_shap_list_ir_1
2967,X4,1.2870565802117888,0.7304182879555673,1338.5388434202603,lr_shap_list_ir_1_subset_33,lr_shap_list_ir_1
2968,X5,0.30628653586506005,0.5437781399722815,318.53799729966244,lr_shap_list_ir_1_subset_33,lr_shap_list_ir_1
2969,X6,1.6244637717698267,0.37112338788923316,1689.4423226406198,lr_shap_list_ir_1_subset_33,lr_shap_list_ir_1
2970,X1,0.42192777901991435,0.4816823272939328,438.8048901807109,lr_shap_list_ir_3_subset_141,lr_shap_list_ir_3
2971,X2,0.3580551376433938,0.5518671319072472,372.37734314912956,lr_shap_list_ir_3_subset_141,lr_shap_list_ir_3
2972,X3,0.7910097108430618,1.3176281060218735,822.6500992767843,lr_shap_list_ir_3_subset_141,lr_shap_list_ir_3
2973,X4,0.916960804933039,0.5076616979799711,953.6392371303606,lr_shap_list_ir_3_subset_141,lr_shap_list_ir_3
2974,X5,0.7778696966030634,0.9546490468478938,808.9844844671859,lr_shap_list_ir_3_subset_141,lr_shap_list_ir_3
2975,X6,0.03088180067302992,0.007398735443673501,32.117072699951116,lr_shap_list_ir_3_subset_141,lr_shap_list_ir_3
2976,X1,0.3415182857538515,0.48032991157859156,355.1790171840056,lr_shap_list_ir_4_subset_71,lr_shap_list_ir_4
2977,X2,0.33233091689236344,0.4563782361379721,345.624153568058,lr_shap_list_ir_4_subset_71,lr_shap_list_ir_4
2978,X3,0.5567219908512361,1.3684039412710818,578.9908704852855,lr_shap_list_ir_4_subset_71,lr_shap_list_ir_4
2979,X4,0.6494893084535199,0.4193055102337308,675.4688807916607,lr_shap_list_ir_4_subset_71,lr_shap_list_ir_4
2980,X5,0.7870239505904196,1.0952422253976155,818.5049086140364,lr_shap_list_ir_4_subset_71,lr_shap_list_ir_4
2981,X6,0.12602906871825215,0.03887322674254069,131.07023146698222,lr_shap_list_ir_4_subset_71,lr_shap_list_ir_4
2982,X1,0.4159415014616718,0.5014880607584917,432.57916152013865,lr_shap_list_ir_4_subset_120,lr_shap_list_ir_4
2983,X2,0.7038589529994473,0.9029932208328967,732.0133111194252,lr_shap_list_ir_4_subset_120,lr_shap_list_ir_4
2984,X3,0.435011093754042,0.8020857605580645,452.4115375042037,lr_shap_list_ir_4_subset_120,lr_shap_list_ir_4
2985,X4,1.0544490359177279,0.7386531074586675,1096.626997354437,lr_shap_list_ir_4_subset_120,lr_shap_list_ir_4
2986,X5,0.672052241393928,0.9735371613386457,698.9343310496852,lr_shap_list_ir_4_subset_120,lr_shap_list_ir_4
2987,X6,0.26153245294604266,0.06680354341446847,271.99375106388436,lr_shap_list_ir_4_subset_120,lr_shap_list_ir_4
2988,X1,0.43245658200628645,0.5392744125209024,449.7548452865379,lr_shap_list_ir_4_subset_78,lr_shap_list_ir_4
2989,X2,0.3664026995477185,0.4248544624421994,381.05880752962725,lr_shap_list_ir_4_subset_78,lr_shap_list_ir_4
2990,X3,0.7796737121012174,1.719457194759185,810.860660585266,lr_shap_list_ir_4_subset_78,lr_shap_list_ir_4
2991,X4,0.7686360864883992,0.5603276116297541,799.3815299479352,lr_shap_list_ir_4_subset_78,lr_shap_list_ir_4
2992,X5,0.787278651605683,1.1807678575695564,818.7697976699103,lr_shap_list_ir_4_subset_78,lr_shap_list_ir_4
2993,X6,0.12033536263921955,0.032839179210022704,125.14877714478834,lr_shap_list_ir_4_subset_78,lr_shap_list_ir_4
2994,X1,0.46541650365941944,0.6293805743084485,484.0331638057962,lr_shap_list_ir_5_subset_71,lr_shap_list_ir_5
2995,X2,0.5145818168439327,0.6045560552863373,535.1650895176899,lr_shap_list_ir_5_subset_71,lr_shap_list_ir_5
2996,X3,0.5957978358350312,0.7268278477193852,619.6297492684324,lr_shap_list_ir_5_subset_71,lr_shap_list_ir_5
2997,X4,0.8747375638483509,0.6159273376306107,909.7270664022849,lr_shap_list_ir_5_subset_71,lr_shap_list_ir_5
2998,X5,0.9417299089503449,1.170314658030868,979.3991053083587,lr_shap_list_ir_5_subset_71,lr_shap_list_ir_5
2999,X6,0.02853402114411177,0.009086527075524578,29.675381989876243,lr_shap_list_ir_5_subset_71,lr_shap_list_ir_5
3000,X1,1.6038530506681044,1.559268097431697,1668.0071726948286,lr_shap_list_ir_1_subset_57,lr_shap_list_ir_1
3001,X2,1.7666210156637432,2.2309133151806577,1837.285856290293,lr_shap_list_ir_1_subset_57,lr_shap_list_ir_1
3002,X3,8.507341604606317,14.110181765137584,8847.63526879057,lr_shap_list_ir_1_subset_57,lr_shap_list_ir_1
3003,X4,1.3009581079690145,0.6308341623376469,1352.996432287775,lr_shap_list_ir_1_subset_57,lr_shap_list_ir_1
3004,X5,0.2529949115070403,0.30071961443241996,263.1147079673219,lr_shap_list_ir_1_subset_57,lr_shap_list_ir_1
3005,X6,1.7132850507707518,0.4663770237138674,1781.8164528015818,lr_shap_list_ir_1_subset_57,lr_shap_list_ir_1
3006,X1,0.525938529425308,0.5906130525644134,546.9760706023204,lr_shap_list_ir_1_subset_74,lr_shap_list_ir_1
3007,X2,0.22861397018265886,0.2975963524241356,237.7585289899652,lr_shap_list_ir_1_subset_74,lr_shap_list_ir_1
3008,X3,0.11770295243359657,0.1441581866408916,122.41107053094044,lr_shap_list_ir_1_subset_74,lr_shap_list_ir_1
3009,X4,0.280168861107127,0.12382534338533317,291.3756155514121,lr_shap_list_ir_1_subset_74,lr_shap_list_ir_1
3010,X5,0.4724393882207481,0.5661125048869619,491.33696374957805,lr_shap_list_ir_1_subset_74,lr_shap_list_ir_1
3011,X6,0.13252418000130411,0.03093712096876899,137.8251472013563,lr_shap_list_ir_1_subset_74,lr_shap_list_ir_1
3012,X1,0.5436632024610755,0.6528366972434327,565.4097305595185,lr_shap_list_ir_5_subset_44,lr_shap_list_ir_5
3013,X2,0.5250038696302365,0.5873010852900992,546.004024415446,lr_shap_list_ir_5_subset_44,lr_shap_list_ir_5
3014,X3,0.541307328427411,0.7477765286172736,562.9596215645074,lr_shap_list_ir_5_subset_44,lr_shap_list_ir_5
3015,X4,0.7971406937194908,0.562516732363468,829.0263214682705,lr_shap_list_ir_5_subset_44,lr_shap_list_ir_5
3016,X5,0.8597066330233425,1.1704163854687344,894.0948983442762,lr_shap_list_ir_5_subset_44,lr_shap_list_ir_5
3017,X6,0.39333707094285075,0.09978774023107709,409.0705537805648,lr_shap_list_ir_5_subset_44,lr_shap_list_ir_5
3018,X1,0.354774650619178,0.42695295221852125,368.9656366439451,lr_shap_list_ir_4_subset_21,lr_shap_list_ir_4
3019,X2,0.47239985814930613,0.7310600847461104,491.29585247527837,lr_shap_list_ir_4_subset_21,lr_shap_list_ir_4
3020,X3,1.1102857380661957,2.515515128243729,1154.6971675888435,lr_shap_list_ir_4_subset_21,lr_shap_list_ir_4
3021,X4,1.0155551917127201,0.694501075353626,1056.177399381229,lr_shap_list_ir_4_subset_21,lr_shap_list_ir_4
3022,X5,0.6402967220747803,0.8620835841869494,665.9085909577715,lr_shap_list_ir_4_subset_21,lr_shap_list_ir_4
3023,X6,0.18168563282801756,0.07480400830253119,188.95305814113826,lr_shap_list_ir_4_subset_21,lr_shap_list_ir_4
3024,X1,0.1873848754219485,0.20404062136554493,194.88027043882644,lr_shap_list_ir_2_subset_2,lr_shap_list_ir_2
3025,X2,0.721996465309912,0.8361014189303023,750.8763239223085,lr_shap_list_ir_2_subset_2,lr_shap_list_ir_2
3026,X3,0.20061296106722926,0.2995774682317147,208.63747950991842,lr_shap_list_ir_2_subset_2,lr_shap_list_ir_2
3027,X4,1.1890612972410939,0.6070613333661561,1236.6237491307377,lr_shap_list_ir_2_subset_2,lr_shap_list_ir_2
3028,X5,0.7996964026830876,1.209923028603825,831.6842587904111,lr_shap_list_ir_2_subset_2,lr_shap_list_ir_2
3029,X6,0.7712810643817822,0.181873349127943,802.1323069570535,lr_shap_list_ir_2_subset_2,lr_shap_list_ir_2
3030,X1,0.3693141065587693,0.5048393685507763,384.08667082112004,lr_shap_list_ir_5_subset_5,lr_shap_list_ir_5
3031,X2,0.36290755752457676,0.5138865404473552,377.4238598255598,lr_shap_list_ir_5_subset_5,lr_shap_list_ir_5
3032,X3,0.6935675741596552,1.0051187360054639,721.3102771260415,lr_shap_list_ir_5_subset_5,lr_shap_list_ir_5
3033,X4,0.8696008706078696,0.6354340468749906,904.3849054321844,lr_shap_list_ir_5_subset_5,lr_shap_list_ir_5
3034,X5,0.9871912676300238,1.1533707885816853,1026.6789183352248,lr_shap_list_ir_5_subset_5,lr_shap_list_ir_5
3035,X6,0.13292362200727373,0.0415471699204026,138.24056688756468,lr_shap_list_ir_5_subset_5,lr_shap_list_ir_5
3036,X1,0.31905136628749475,0.40761985535987433,331.81342093899457,lr_shap_list_ir_2_subset_102,lr_shap_list_ir_2
3037,X2,1.3379334923607602,1.6678127473794122,1391.4508320551906,lr_shap_list_ir_2_subset_102,lr_shap_list_ir_2
3038,X3,1.440259187004619,3.2520583198192994,1497.8695544848038,lr_shap_list_ir_2_subset_102,lr_shap_list_ir_2
3039,X4,1.5648194079574214,0.8784443165063481,1627.4121842757181,lr_shap_list_ir_2_subset_102,lr_shap_list_ir_2
3040,X5,0.4243039012230473,0.6892729836474369,441.2760572719692,lr_shap_list_ir_2_subset_102,lr_shap_list_ir_2
3041,X6,0.5870956445212653,0.1675818938388171,610.5794703021159,lr_shap_list_ir_2_subset_102,lr_shap_list_ir_2
3042,X1,0.32177224178672165,0.362234455824571,334.6431314581905,lr_shap_list_ir_3_subset_14,lr_shap_list_ir_3
3043,X2,0.439265440789931,0.44976674629880614,456.83605842152826,lr_shap_list_ir_3_subset_14,lr_shap_list_ir_3
3044,X3,1.4150782423594137,1.8356850070859037,1471.6813720537903,lr_shap_list_ir_3_subset_14,lr_shap_list_ir_3
3045,X4,0.9496855478542947,0.5327959597606737,987.6729697684665,lr_shap_list_ir_3_subset_14,lr_shap_list_ir_3
3046,X5,0.5119587688462353,0.7497819342361369,532.4371196000847,lr_shap_list_ir_3_subset_14,lr_shap_list_ir_3
3047,X6,0.25521383330729147,0.06254728245221092,265.4223866395831,lr_shap_list_ir_3_subset_14,lr_shap_list_ir_3
3048,X1,0.629581139632756,1.062641534615471,654.7643852180662,lr_shap_list_ir_1_subset_42,lr_shap_list_ir_1
3049,X2,0.15376984936640115,0.2206137396909275,159.9206433410572,lr_shap_list_ir_1_subset_42,lr_shap_list_ir_1
3050,X3,0.019503740071465905,0.032564532070755034,20.28388967432454,lr_shap_list_ir_1_subset_42,lr_shap_list_ir_1
3051,X4,0.9773198984332228,0.5635838345436148,1016.4126943705517,lr_shap_list_ir_1_subset_42,lr_shap_list_ir_1
3052,X5,0.41746915410748064,0.835468874531114,434.16792027177985,lr_shap_list_ir_1_subset_42,lr_shap_list_ir_1
3053,X6,0.5924481033570985,0.16769095412218613,616.1460274913825,lr_shap_list_ir_1_subset_42,lr_shap_list_ir_1
3054,X1,0.9479230350496367,0.9257009091696166,985.8399564516221,lr_shap_list_ir_2_subset_137,lr_shap_list_ir_2
3055,X2,1.7598227450008783,2.262143164800129,1830.2156548009134,lr_shap_list_ir_2_subset_137,lr_shap_list_ir_2
3056,X3,0.3525085903293863,0.5397283235423704,366.60893394256175,lr_shap_list_ir_2_subset_137,lr_shap_list_ir_2
3057,X4,0.8993329135298038,0.4486030792979546,935.306230070996,lr_shap_list_ir_2_subset_137,lr_shap_list_ir_2
3058,X5,0.47276397035647266,0.5956202851561185,491.67452917073155,lr_shap_list_ir_2_subset_137,lr_shap_list_ir_2
3059,X6,0.1859246602345319,0.04263682264877656,193.3616466439132,lr_shap_list_ir_2_subset_137,lr_shap_list_ir_2
3060,X1,0.042143119825327625,0.06040552934278101,43.82884461834073,lr_shap_list_ir_1_subset_101,lr_shap_list_ir_1
3061,X2,2.8481591690181793,3.926831978467519,2962.0855357789064,lr_shap_list_ir_1_subset_101,lr_shap_list_ir_1
3062,X3,2.3941593566119796,4.5251640530913235,2489.925730876459,lr_shap_list_ir_1_subset_101,lr_shap_list_ir_1
3063,X4,1.184186113502737,0.7140803049837179,1231.5535580428464,lr_shap_list_ir_1_subset_101,lr_shap_list_ir_1
3064,X5,0.5362687059270398,0.862339800381611,557.7194541641214,lr_shap_list_ir_1_subset_101,lr_shap_list_ir_1
3065,X6,0.7346073689202858,0.18513174836688784,763.9916636770972,lr_shap_list_ir_1_subset_101,lr_shap_list_ir_1
3066,X1,0.2345274911382451,0.29503104390126955,243.90859078377488,lr_shap_list_ir_3_subset_134,lr_shap_list_ir_3
3067,X2,0.6544609132681147,1.0162182365324284,680.6393497988394,lr_shap_list_ir_3_subset_134,lr_shap_list_ir_3
3068,X3,0.7924735506982901,0.9855894478701102,824.1724927262217,lr_shap_list_ir_3_subset_134,lr_shap_list_ir_3
3069,X4,1.2114066211173304,0.7079475032019192,1259.8628859620237,lr_shap_list_ir_3_subset_134,lr_shap_list_ir_3
3070,X5,0.5096404932961144,0.826625810779981,530.026113027959,lr_shap_list_ir_3_subset_134,lr_shap_list_ir_3
3071,X6,0.20143368971443312,0.046580947396886604,209.49103730301044,lr_shap_list_ir_3_subset_134,lr_shap_list_ir_3
3072,X1,0.4576877406911667,0.6148119079261624,475.99525031881336,lr_shap_list_ir_3_subset_69,lr_shap_list_ir_3
3073,X2,0.7929992071002596,1.1209036672358748,824.71917538427,lr_shap_list_ir_3_subset_69,lr_shap_list_ir_3
3074,X3,0.46216878475962436,0.6066758621679097,480.6555361500093,lr_shap_list_ir_3_subset_69,lr_shap_list_ir_3
3075,X4,1.4831524532299543,0.8892434810365052,1542.4785513591523,lr_shap_list_ir_3_subset_69,lr_shap_list_ir_3
3076,X5,0.9117455912453671,1.0283630603581067,948.2154148951818,lr_shap_list_ir_3_subset_69,lr_shap_list_ir_3
3077,X6,0.512599318211234,0.12291191795894059,533.1032909396833,lr_shap_list_ir_3_subset_69,lr_shap_list_ir_3
3078,X1,0.6216709660849825,0.9496497992349981,646.5378047283818,lr_shap_list_ir_2_subset_79,lr_shap_list_ir_2
3079,X2,0.6617370272398828,0.9626928720928412,688.2065083294781,lr_shap_list_ir_2_subset_79,lr_shap_list_ir_2
3080,X3,1.1750137980172295,1.5589712713282677,1222.0143499379187,lr_shap_list_ir_2_subset_79,lr_shap_list_ir_2
3081,X4,0.781763958062003,0.43661850957392706,813.0345163844831,lr_shap_list_ir_2_subset_79,lr_shap_list_ir_2
3082,X5,0.36322690789320244,0.5220691618610126,377.75598420893056,lr_shap_list_ir_2_subset_79,lr_shap_list_ir_2
3083,X6,0.1362012724430321,0.03160771748688802,141.64932334075337,lr_shap_list_ir_2_subset_79,lr_shap_list_ir_2
3084,X1,0.4848176464108063,0.6386012572064037,504.2103522672386,lr_shap_list_ir_5_subset_112,lr_shap_list_ir_5
3085,X2,0.43840074133949364,0.7453768412105659,455.93677099307337,lr_shap_list_ir_5_subset_112,lr_shap_list_ir_5
3086,X3,1.0628573574016156,1.3516888197061123,1105.3716516976801,lr_shap_list_ir_5_subset_112,lr_shap_list_ir_5
3087,X4,1.2167550624188095,0.9030584724569697,1265.425264915562,lr_shap_list_ir_5_subset_112,lr_shap_list_ir_5
3088,X5,0.8970034093500313,1.2398226805845327,932.8835457240326,lr_shap_list_ir_5_subset_112,lr_shap_list_ir_5
3089,X6,0.01072622966336433,0.002615121190761538,11.155278849898904,lr_shap_list_ir_5_subset_112,lr_shap_list_ir_5
3090,X1,0.43614709492096165,0.4691806173687168,453.5929787178001,lr_shap_list_ir_2_subset_117,lr_shap_list_ir_2
3091,X2,2.5440864511451355,2.8625561690338364,2645.849909190941,lr_shap_list_ir_2_subset_117,lr_shap_list_ir_2
3092,X3,1.036541515121408,1.2649579694602824,1078.0031757262643,lr_shap_list_ir_2_subset_117,lr_shap_list_ir_2
3093,X4,1.2101331630914287,0.7167210410964024,1258.5384896150858,lr_shap_list_ir_2_subset_117,lr_shap_list_ir_2
3094,X5,0.9634361598131402,1.2358089825280065,1001.9736062056659,lr_shap_list_ir_2_subset_117,lr_shap_list_ir_2
3095,X6,0.258283338947475,0.058253247684715605,268.614672505374,lr_shap_list_ir_2_subset_117,lr_shap_list_ir_2
3096,X1,0.273941343185283,0.3259267130846458,284.8989969126943,lr_shap_list_ir_3_subset_145,lr_shap_list_ir_3
3097,X2,0.4719796975048006,0.6609969594509472,490.85888540499263,lr_shap_list_ir_3_subset_145,lr_shap_list_ir_3
3098,X3,1.2241336464713848,1.419809254788249,1273.0989923302402,lr_shap_list_ir_3_subset_145,lr_shap_list_ir_3
3099,X4,1.1868132606666686,0.7477941740067809,1234.2857910933353,lr_shap_list_ir_3_subset_145,lr_shap_list_ir_3
3100,X5,0.5802746195112443,1.0664936205185207,603.485604291694,lr_shap_list_ir_3_subset_145,lr_shap_list_ir_3
3101,X6,0.11161663907982722,0.02714985375344153,116.0813046430203,lr_shap_list_ir_3_subset_145,lr_shap_list_ir_3
3102,X1,0.8046704753979665,0.9712694603739342,836.8572944138853,lr_shap_list_ir_1_subset_3,lr_shap_list_ir_1
3103,X2,0.41621990521827273,0.5112612405115663,432.86870142700366,lr_shap_list_ir_1_subset_3,lr_shap_list_ir_1
3104,X3,1.0655070169062866,1.7629005185255753,1108.127297582538,lr_shap_list_ir_1_subset_3,lr_shap_list_ir_1
3105,X4,0.41624833166420805,0.2478059996454047,432.89826493077635,lr_shap_list_ir_1_subset_3,lr_shap_list_ir_1
3106,X5,0.34829256573248174,0.5323478214872108,362.224268361781,lr_shap_list_ir_1_subset_3,lr_shap_list_ir_1
3107,X6,0.9864018168773041,0.24524173365183807,1025.8578895523963,lr_shap_list_ir_1_subset_3,lr_shap_list_ir_1
3108,X1,0.6196451760756351,0.7071844107417161,644.4309831186605,lr_shap_list_ir_5_subset_130,lr_shap_list_ir_5
3109,X2,0.42143164712389436,0.588469898729566,438.28891300885016,lr_shap_list_ir_5_subset_130,lr_shap_list_ir_5
3110,X3,0.7259805969438535,0.9294227924142814,755.0198208216077,lr_shap_list_ir_5_subset_130,lr_shap_list_ir_5
3111,X4,0.9439944790081647,0.6662259385435596,981.7542581684913,lr_shap_list_ir_5_subset_130,lr_shap_list_ir_5
3112,X5,0.7799454780355484,1.112898831207614,811.1432971569703,lr_shap_list_ir_5_subset_130,lr_shap_list_ir_5
3113,X6,0.18153959003930323,0.04445880630510322,188.80117364087536,lr_shap_list_ir_5_subset_130,lr_shap_list_ir_5
3114,X1,1.0670534016205846,1.387049235522855,1109.735537685408,lr_shap_list_ir_1_subset_53,lr_shap_list_ir_1
3115,X2,2.0978726553990383,2.9560093143435053,2181.787561615,lr_shap_list_ir_1_subset_53,lr_shap_list_ir_1
3116,X3,0.8543478436364413,1.0913737356975894,888.521757381899,lr_shap_list_ir_1_subset_53,lr_shap_list_ir_1
3117,X4,1.5875677849260441,0.7838924731450166,1651.0704963230858,lr_shap_list_ir_1_subset_53,lr_shap_list_ir_1
3118,X5,0.6346709840033216,0.833757700013962,660.0578233634544,lr_shap_list_ir_1_subset_53,lr_shap_list_ir_1
3119,X6,5.346934844616522,1.2186636820969563,5560.812238401182,lr_shap_list_ir_1_subset_53,lr_shap_list_ir_1
3120,X1,0.3827597429651894,0.7151539775059338,398.07013268379694,lr_shap_list_ir_2_subset_36,lr_shap_list_ir_2
3121,X2,0.21228268141425619,0.2872649754980942,220.77398867082644,lr_shap_list_ir_2_subset_36,lr_shap_list_ir_2
3122,X3,1.0633931612748144,1.4571138905481065,1105.928887725807,lr_shap_list_ir_2_subset_36,lr_shap_list_ir_2
3123,X4,0.6198556204615969,0.38689329469450684,644.6498452800608,lr_shap_list_ir_2_subset_36,lr_shap_list_ir_2
3124,X5,0.4947523940140708,0.7295948044409286,514.5424897746336,lr_shap_list_ir_2_subset_36,lr_shap_list_ir_2
3125,X6,0.6949503065731217,0.16585720486417127,722.7483188360466,lr_shap_list_ir_2_subset_36,lr_shap_list_ir_2
3126,X1,0.268129299183952,0.38108569790576513,278.85447115131007,lr_shap_list_ir_5_subset_120,lr_shap_list_ir_5
3127,X2,0.4356091916223542,0.5612554829925724,453.03355928724835,lr_shap_list_ir_5_subset_120,lr_shap_list_ir_5
3128,X3,0.5859494637876076,0.8365859834654347,609.3874423391119,lr_shap_list_ir_5_subset_120,lr_shap_list_ir_5
3129,X4,1.1464062814345761,0.7911294021718336,1192.2625326919592,lr_shap_list_ir_5_subset_120,lr_shap_list_ir_5
3130,X5,0.760294897506118,0.9945375887727093,790.7066934063628,lr_shap_list_ir_5_subset_120,lr_shap_list_ir_5
3131,X6,0.10765245997608944,0.02483054376712954,111.95855837513301,lr_shap_list_ir_5_subset_120,lr_shap_list_ir_5
3132,X1,0.5727555213875526,0.7975451333723427,595.6657422430548,lr_shap_list_ir_3_subset_64,lr_shap_list_ir_3
3133,X2,0.7515000373490973,1.0333710861178276,781.5600388430612,lr_shap_list_ir_3_subset_64,lr_shap_list_ir_3
3134,X3,0.539587137002839,0.6655020079966207,561.1706224829526,lr_shap_list_ir_3_subset_64,lr_shap_list_ir_3
3135,X4,0.8752896490175494,0.5298122622399453,910.3012349782513,lr_shap_list_ir_3_subset_64,lr_shap_list_ir_3
3136,X5,0.7436988358182246,0.9168161138900655,773.4467892509535,lr_shap_list_ir_3_subset_64,lr_shap_list_ir_3
3137,X6,0.09977213426465067,0.023961265236308486,103.7630196352367,lr_shap_list_ir_3_subset_64,lr_shap_list_ir_3
3138,X1,0.35037958642465467,0.46835075751656313,364.39476988164085,lr_shap_list_ir_5_subset_33,lr_shap_list_ir_5
3139,X2,0.3553081615596485,0.4697735317506135,369.52048802203444,lr_shap_list_ir_5_subset_33,lr_shap_list_ir_5
3140,X3,0.7611244009665542,1.1661640585763764,791.5693770052163,lr_shap_list_ir_5_subset_33,lr_shap_list_ir_5
3141,X4,1.056502692582786,0.7034775159905154,1098.7628002860974,lr_shap_list_ir_5_subset_33,lr_shap_list_ir_5
3142,X5,0.838744243134863,1.128698377350223,872.2940128602575,lr_shap_list_ir_5_subset_33,lr_shap_list_ir_5
3143,X6,0.06483640768037786,0.015761774079292384,67.42986398759298,lr_shap_list_ir_5_subset_33,lr_shap_list_ir_5
3144,X1,0.5214162442174141,0.5956997072608539,542.2728939861106,lr_shap_list_ir_5_subset_40,lr_shap_list_ir_5
3145,X2,0.5856864541545723,0.7321393027804591,609.1139123207552,lr_shap_list_ir_5_subset_40,lr_shap_list_ir_5
3146,X3,0.7509118737115502,1.2064875792524872,780.9483486600122,lr_shap_list_ir_5_subset_40,lr_shap_list_ir_5
3147,X4,0.913837392062495,0.6756168544186809,950.3908877449949,lr_shap_list_ir_5_subset_40,lr_shap_list_ir_5
3148,X5,0.8663775994511377,1.071704194299007,901.0327034291832,lr_shap_list_ir_5_subset_40,lr_shap_list_ir_5
3149,X6,0.03874828675139533,0.009819282284032286,40.298218221451144,lr_shap_list_ir_5_subset_40,lr_shap_list_ir_5
3150,X1,0.48410151954069175,0.6317183596903814,503.4655803223194,lr_shap_list_ir_2_subset_119,lr_shap_list_ir_2
3151,X2,0.6131966798661063,0.9836006385933049,637.7245470607505,lr_shap_list_ir_2_subset_119,lr_shap_list_ir_2
3152,X3,0.8747497046195265,1.5737583710226173,909.7396928043075,lr_shap_list_ir_2_subset_119,lr_shap_list_ir_2
3153,X4,1.1589622639080717,0.6274729242582476,1205.3207544643944,lr_shap_list_ir_2_subset_119,lr_shap_list_ir_2
3154,X5,0.4316162340957857,0.7058901726983333,448.8808834596171,lr_shap_list_ir_2_subset_119,lr_shap_list_ir_2
3155,X6,0.1392996834442463,0.03337732520412398,144.87167078201614,lr_shap_list_ir_2_subset_119,lr_shap_list_ir_2
3156,X1,0.3501298101434007,0.5080942765567594,364.13500254913674,lr_shap_list_ir_2_subset_63,lr_shap_list_ir_2
3157,X2,0.16904263810333847,0.23625460342286742,175.804343627472,lr_shap_list_ir_2_subset_63,lr_shap_list_ir_2
3158,X3,0.4010109109649559,0.8420606425695942,417.05134740355413,lr_shap_list_ir_2_subset_63,lr_shap_list_ir_2
3159,X4,0.5023043368711488,0.23217241541722036,522.3965103459948,lr_shap_list_ir_2_subset_63,lr_shap_list_ir_2
3160,X5,0.61646103994828,0.8050391485988042,641.1194815462112,lr_shap_list_ir_2_subset_63,lr_shap_list_ir_2
3161,X6,0.9722577718035093,0.2731667182873613,1011.1480826756497,lr_shap_list_ir_2_subset_63,lr_shap_list_ir_2
3162,X1,0.5371622393058147,0.777250547759104,558.6487288780473,lr_shap_list_ir_4_subset_104,lr_shap_list_ir_4
3163,X2,0.35403230439800204,0.502079127562357,368.19359657392215,lr_shap_list_ir_4_subset_104,lr_shap_list_ir_4
3164,X3,0.61173136241167,0.9546519877733863,636.2006169081368,lr_shap_list_ir_4_subset_104,lr_shap_list_ir_4
3165,X4,0.7396723270354479,0.46871729029041703,769.2592201168659,lr_shap_list_ir_4_subset_104,lr_shap_list_ir_4
3166,X5,0.9061220791626226,0.9746323242011289,942.3669623291274,lr_shap_list_ir_4_subset_104,lr_shap_list_ir_4
3167,X6,0.4121804255645985,0.11215962913066654,428.66764258718246,lr_shap_list_ir_4_subset_104,lr_shap_list_ir_4
3168,X1,0.8325972978449097,1.035124758926014,865.9011897587061,lr_shap_list_ir_1_subset_144,lr_shap_list_ir_1
3169,X2,0.23090454028768334,0.3429301041567372,240.14072189919068,lr_shap_list_ir_1_subset_144,lr_shap_list_ir_1
3170,X3,0.556924375548724,1.0272334429219312,579.201350570673,lr_shap_list_ir_1_subset_144,lr_shap_list_ir_1
3171,X4,0.45005091884488624,0.2323998784222491,468.0529555986817,lr_shap_list_ir_1_subset_144,lr_shap_list_ir_1
3172,X5,0.885658298530582,1.0155534781938769,921.0846304718052,lr_shap_list_ir_1_subset_144,lr_shap_list_ir_1
3173,X6,0.2850360639144512,0.07766628873180678,296.4375064710292,lr_shap_list_ir_1_subset_144,lr_shap_list_ir_1
3174,X1,0.32457355629871476,0.4887367674278602,337.5564985506634,lr_shap_list_ir_4_subset_6,lr_shap_list_ir_4
3175,X2,0.5748680108220876,0.7720625917957425,597.8627312549711,lr_shap_list_ir_4_subset_6,lr_shap_list_ir_4
3176,X3,0.6746295557790505,1.2310624432314157,701.6147380102125,lr_shap_list_ir_4_subset_6,lr_shap_list_ir_4
3177,X4,1.4588185635241144,1.059072182830528,1517.171306065079,lr_shap_list_ir_4_subset_6,lr_shap_list_ir_4
3178,X5,0.7002921049002814,1.0233340545827876,728.3037890962926,lr_shap_list_ir_4_subset_6,lr_shap_list_ir_4
3179,X6,0.1463543176749345,0.0341269601948873,152.20849038193188,lr_shap_list_ir_4_subset_6,lr_shap_list_ir_4
3180,X1,0.35597230194783713,0.46777437215476136,370.2111940257506,lr_shap_list_ir_3_subset_108,lr_shap_list_ir_3
3181,X2,0.2952977721379272,0.4099410272108883,307.1096830234443,lr_shap_list_ir_3_subset_108,lr_shap_list_ir_3
3182,X3,0.7234691273501996,1.0821799296798298,752.4078924442076,lr_shap_list_ir_3_subset_108,lr_shap_list_ir_3
3183,X4,0.814394692041497,0.5671403853740095,846.9704797231568,lr_shap_list_ir_3_subset_108,lr_shap_list_ir_3
3184,X5,0.6655572156188314,0.8737634429904583,692.1795042435847,lr_shap_list_ir_3_subset_108,lr_shap_list_ir_3
3185,X6,0.08066784137875085,0.02061410747240071,83.89455503390089,lr_shap_list_ir_3_subset_108,lr_shap_list_ir_3
3186,X1,0.7706488042829029,0.8911322036686093,801.4747564542191,lr_shap_list_ir_3_subset_114,lr_shap_list_ir_3
3187,X2,1.4789857128794,1.4506108366941592,1538.145141394576,lr_shap_list_ir_3_subset_114,lr_shap_list_ir_3
3188,X3,0.7211898072068614,0.8996169402833175,750.0373994951359,lr_shap_list_ir_3_subset_114,lr_shap_list_ir_3
3189,X4,1.0395378160802557,0.6218769478472829,1081.119328723466,lr_shap_list_ir_3_subset_114,lr_shap_list_ir_3
3190,X5,0.41000390851039326,0.6584152727661908,426.404064850809,lr_shap_list_ir_3_subset_114,lr_shap_list_ir_3
3191,X6,0.3723363676662767,0.0870247546754622,387.22982237292774,lr_shap_list_ir_3_subset_114,lr_shap_list_ir_3
3192,X1,0.5069379380544966,0.5998971041158339,527.2154555766765,lr_shap_list_ir_3_subset_137,lr_shap_list_ir_3
3193,X2,0.4641037782360617,0.5843886785836175,482.66792936550416,lr_shap_list_ir_3_subset_137,lr_shap_list_ir_3
3194,X3,0.9094131484320574,1.6677678571119108,945.7896743693398,lr_shap_list_ir_3_subset_137,lr_shap_list_ir_3
3195,X4,0.9884718107713975,0.6730830912686394,1028.0106832022534,lr_shap_list_ir_3_subset_137,lr_shap_list_ir_3
3196,X5,0.7865942583222887,1.0731328523877255,818.0580286551802,lr_shap_list_ir_3_subset_137,lr_shap_list_ir_3
3197,X6,0.2468218885442543,0.05988262530061243,256.69476408602446,lr_shap_list_ir_3_subset_137,lr_shap_list_ir_3
3198,X1,0.8392267114177278,1.1826079536884957,872.7957798744369,lr_shap_list_ir_1_subset_34,lr_shap_list_ir_1
3199,X2,0.6819474181081382,1.0218443590929356,709.2253148324637,lr_shap_list_ir_1_subset_34,lr_shap_list_ir_1
3200,X3,1.0007041470049347,1.2857901102270415,1040.7323128851322,lr_shap_list_ir_1_subset_34,lr_shap_list_ir_1
3201,X4,1.3543415622461157,0.7266551374181726,1408.5152247359604,lr_shap_list_ir_1_subset_34,lr_shap_list_ir_1
3202,X5,0.7447518399832562,1.229455650300027,774.5419135825865,lr_shap_list_ir_1_subset_34,lr_shap_list_ir_1
3203,X6,6.635299790548127,1.8590531262074974,6900.711782170052,lr_shap_list_ir_1_subset_34,lr_shap_list_ir_1
3204,X1,0.5394874225371692,0.6364553293400032,561.066919438656,lr_shap_list_ir_5_subset_78,lr_shap_list_ir_5
3205,X2,0.9539086492387865,1.1222616340330802,992.0649952083379,lr_shap_list_ir_5_subset_78,lr_shap_list_ir_5
3206,X3,0.7495590717190335,1.5309277770254242,779.5414345877948,lr_shap_list_ir_5_subset_78,lr_shap_list_ir_5
3207,X4,1.28112286073856,0.9020879819667649,1332.3677751681025,lr_shap_list_ir_5_subset_78,lr_shap_list_ir_5
3208,X5,0.7258210153860898,1.0913397390116837,754.8538560015334,lr_shap_list_ir_5_subset_78,lr_shap_list_ir_5
3209,X6,0.05226094919374413,0.014056184225879304,54.351387161493896,lr_shap_list_ir_5_subset_78,lr_shap_list_ir_5
3210,X1,0.4218697340874571,0.562142813269691,438.7445234509554,lr_shap_list_ir_4_subset_126,lr_shap_list_ir_4
3211,X2,0.44650053434894255,0.5907078555915932,464.36055572290024,lr_shap_list_ir_4_subset_126,lr_shap_list_ir_4
3212,X3,1.1069710805193522,1.7419465353053598,1151.2499237401264,lr_shap_list_ir_4_subset_126,lr_shap_list_ir_4
3213,X4,0.9087755354000029,0.5633950503301915,945.126556816003,lr_shap_list_ir_4_subset_126,lr_shap_list_ir_4
3214,X5,0.6427520410581018,0.8630173260238541,668.4621227004259,lr_shap_list_ir_4_subset_126,lr_shap_list_ir_4
3215,X6,0.17733714690640984,0.04194586023166982,184.43063278266624,lr_shap_list_ir_4_subset_126,lr_shap_list_ir_4
3216,X1,0.43363234416476126,0.587125432336273,450.9776379313517,lr_shap_list_ir_3_subset_80,lr_shap_list_ir_3
3217,X2,0.3746756885253189,0.5629674187948739,389.66271606633165,lr_shap_list_ir_3_subset_80,lr_shap_list_ir_3
3218,X3,0.4695527643229695,0.5152999928935209,488.3348748958883,lr_shap_list_ir_3_subset_80,lr_shap_list_ir_3
3219,X4,0.795896083465448,0.5866964922165963,827.731926804066,lr_shap_list_ir_3_subset_80,lr_shap_list_ir_3
3220,X5,0.6985865485650148,1.1853262302731173,726.5300105076154,lr_shap_list_ir_3_subset_80,lr_shap_list_ir_3
3221,X6,0.05449730057556296,0.011831682290855064,56.67719259858548,lr_shap_list_ir_3_subset_80,lr_shap_list_ir_3
3222,X1,0.5676964435173208,0.6550413122148472,590.4043012580137,lr_shap_list_ir_5_subset_38,lr_shap_list_ir_5
3223,X2,0.9792743103737167,1.3099429060585104,1018.4452827886654,lr_shap_list_ir_5_subset_38,lr_shap_list_ir_5
3224,X3,0.7864152183011199,1.3552362871943868,817.8718270331648,lr_shap_list_ir_5_subset_38,lr_shap_list_ir_5
3225,X4,1.1355834370983893,0.8240414459800302,1181.0067745823249,lr_shap_list_ir_5_subset_38,lr_shap_list_ir_5
3226,X5,0.8229394992283418,1.100412508771351,855.8570791974754,lr_shap_list_ir_5_subset_38,lr_shap_list_ir_5
3227,X6,0.09854691473880006,0.027965808762985905,102.48879132835206,lr_shap_list_ir_5_subset_38,lr_shap_list_ir_5
3228,X1,0.29116420313502445,0.3766266736649988,302.81077126042544,lr_shap_list_ir_3_subset_140,lr_shap_list_ir_3
3229,X2,0.3516569631076277,0.6130519225428849,365.7232416319328,lr_shap_list_ir_3_subset_140,lr_shap_list_ir_3
3230,X3,0.5867394953951294,0.8184675457454396,610.2090752109345,lr_shap_list_ir_3_subset_140,lr_shap_list_ir_3
3231,X4,0.8493437167161068,0.49446916226344323,883.317465384751,lr_shap_list_ir_3_subset_140,lr_shap_list_ir_3
3232,X5,0.5769985131909158,0.8117390977319088,600.0784537185524,lr_shap_list_ir_3_subset_140,lr_shap_list_ir_3
3233,X6,0.13922865412857202,0.035158509436433824,144.79780029371491,lr_shap_list_ir_3_subset_140,lr_shap_list_ir_3
3234,X1,0.32106136747422276,0.4649448166705237,333.90382217319166,lr_shap_list_ir_4_subset_142,lr_shap_list_ir_4
3235,X2,0.7565379166784596,0.84362130796956,786.799433345598,lr_shap_list_ir_4_subset_142,lr_shap_list_ir_4
3236,X3,0.7820186235156309,1.0540758258872112,813.2993684562562,lr_shap_list_ir_4_subset_142,lr_shap_list_ir_4
3237,X4,1.0020445480016862,0.6869732394803636,1042.1263299217537,lr_shap_list_ir_4_subset_142,lr_shap_list_ir_4
3238,X5,0.72598714487281,1.1457716402974778,755.0266306677224,lr_shap_list_ir_4_subset_142,lr_shap_list_ir_4
3239,X6,0.12196278625722096,0.02950088524462892,126.8412977075098,lr_shap_list_ir_4_subset_142,lr_shap_list_ir_4
3240,X1,0.0952738725015824,0.1856821205961069,99.0848274016457,lr_shap_list_ir_2_subset_146,lr_shap_list_ir_2
3241,X2,1.349906770525021,1.7698685696941394,1403.9030413460218,lr_shap_list_ir_2_subset_146,lr_shap_list_ir_2
3242,X3,2.5155665524161597,4.404019399622009,2616.189214512806,lr_shap_list_ir_2_subset_146,lr_shap_list_ir_2
3243,X4,1.8000142696273187,0.9512407827192532,1872.0148404124116,lr_shap_list_ir_2_subset_146,lr_shap_list_ir_2
3244,X5,0.37318162620178225,0.48829901966340794,388.1088912498535,lr_shap_list_ir_2_subset_146,lr_shap_list_ir_2
3245,X6,0.4473342423258585,0.10049049157380216,465.22761201889284,lr_shap_list_ir_2_subset_146,lr_shap_list_ir_2
3246,X1,0.48928127126124493,0.682546295347136,508.8525221116947,lr_shap_list_ir_2_subset_57,lr_shap_list_ir_2
3247,X2,0.5066024494902872,0.6275493632544629,526.8665474698987,lr_shap_list_ir_2_subset_57,lr_shap_list_ir_2
3248,X3,1.5594386442336605,2.445536071042336,1621.816190003007,lr_shap_list_ir_2_subset_57,lr_shap_list_ir_2
3249,X4,0.9020339953999799,0.4500580998234933,938.1153552159791,lr_shap_list_ir_2_subset_57,lr_shap_list_ir_2
3250,X5,0.38411345609843295,0.5644013651063631,399.47799434237027,lr_shap_list_ir_2_subset_57,lr_shap_list_ir_2
3251,X6,0.3388971710029174,0.08692301945589949,352.45305784303406,lr_shap_list_ir_2_subset_57,lr_shap_list_ir_2
3252,X1,1.434623947740897,2.100839029694738,1492.008905650533,lr_shap_list_ir_1_subset_138,lr_shap_list_ir_1
3253,X2,6.992096254776349,9.558323550428083,7271.7801049674035,lr_shap_list_ir_1_subset_138,lr_shap_list_ir_1
3254,X3,2.209956926004627,2.7527533942193996,2298.355203044812,lr_shap_list_ir_1_subset_138,lr_shap_list_ir_1
3255,X4,4.709104142376331,2.6865903682214243,4897.468308071384,lr_shap_list_ir_1_subset_138,lr_shap_list_ir_1
3256,X5,1.0004641122748654,1.8281768386682289,1040.48267676586,lr_shap_list_ir_1_subset_138,lr_shap_list_ir_1
3257,X6,12.577229676651909,2.838447429065848,13080.318863717985,lr_shap_list_ir_1_subset_138,lr_shap_list_ir_1
3258,X1,0.7956056099957907,1.1757108007129955,827.4298343956223,lr_shap_list_ir_1_subset_38,lr_shap_list_ir_1
3259,X2,3.9441200306878414,4.326472386075098,4101.884831915355,lr_shap_list_ir_1_subset_38,lr_shap_list_ir_1
3260,X3,1.4984211844616082,1.678994856616826,1558.3580318400725,lr_shap_list_ir_1_subset_38,lr_shap_list_ir_1
3261,X4,1.4123045327236363,0.6517656967451386,1468.7967140325818,lr_shap_list_ir_1_subset_38,lr_shap_list_ir_1
3262,X5,0.550429153000991,0.740301272852014,572.4463191210307,lr_shap_list_ir_1_subset_38,lr_shap_list_ir_1
3263,X6,0.20307002829898232,0.044434571412420173,211.19282943094163,lr_shap_list_ir_1_subset_38,lr_shap_list_ir_1
3264,X1,0.5974557152200989,0.6141091786975929,621.3539438289029,lr_shap_list_ir_3_subset_82,lr_shap_list_ir_3
3265,X2,0.44806388632350697,0.6298048904565973,465.98644177644724,lr_shap_list_ir_3_subset_82,lr_shap_list_ir_3
3266,X3,0.7738831208836143,1.1059190404492514,804.838445718959,lr_shap_list_ir_3_subset_82,lr_shap_list_ir_3
3267,X4,0.8385680575499139,0.5008446312559626,872.1107798519105,lr_shap_list_ir_3_subset_82,lr_shap_list_ir_3
3268,X5,0.5739067546623343,0.8690971147383065,596.8630248488276,lr_shap_list_ir_3_subset_82,lr_shap_list_ir_3
3269,X6,0.26918714376916886,0.06792863842872897,279.9546295199356,lr_shap_list_ir_3_subset_82,lr_shap_list_ir_3
3270,X1,0.2760631229260579,0.37800202860690013,287.1056478431002,lr_shap_list_ir_1_subset_85,lr_shap_list_ir_1
3271,X2,0.7107862855187739,1.0253533276760929,739.2177369395248,lr_shap_list_ir_1_subset_85,lr_shap_list_ir_1
3272,X3,0.3611813991905991,0.767680312398164,375.62865515822307,lr_shap_list_ir_1_subset_85,lr_shap_list_ir_1
3273,X4,0.5777849235346897,0.2710245556831204,600.8963204760772,lr_shap_list_ir_1_subset_85,lr_shap_list_ir_1
3274,X5,0.467948134745026,0.6641783817736076,486.66606013482703,lr_shap_list_ir_1_subset_85,lr_shap_list_ir_1
3275,X6,0.1456833910409633,0.036526691496186016,151.51072668260184,lr_shap_list_ir_1_subset_85,lr_shap_list_ir_1
3276,X1,0.170399273382599,0.2672915948848808,177.21524431790297,lr_shap_list_ir_5_subset_83,lr_shap_list_ir_5
3277,X2,0.2836461419057748,0.4138493854230011,294.9919875820058,lr_shap_list_ir_5_subset_83,lr_shap_list_ir_5
3278,X3,1.0837789667096642,1.5421208879486692,1127.1301253780507,lr_shap_list_ir_5_subset_83,lr_shap_list_ir_5
3279,X4,0.9982842514952818,0.7079777271645077,1038.215621555093,lr_shap_list_ir_5_subset_83,lr_shap_list_ir_5
3280,X5,0.6068718177145895,0.9400040672356522,631.1466904231731,lr_shap_list_ir_5_subset_83,lr_shap_list_ir_5
3281,X6,0.31002179436629096,0.07568069199343636,322.4226661409426,lr_shap_list_ir_5_subset_83,lr_shap_list_ir_5
3282,X1,0.41511089924347727,0.568205762488214,431.71533521321635,lr_shap_list_ir_5_subset_30,lr_shap_list_ir_5
3283,X2,0.7139663542650724,0.7750973319115899,742.5250084356753,lr_shap_list_ir_5_subset_30,lr_shap_list_ir_5
3284,X3,0.46224114198719046,0.6412019559189477,480.73078766667805,lr_shap_list_ir_5_subset_30,lr_shap_list_ir_5
3285,X4,0.907749180085068,0.6288230641226444,944.0591472884707,lr_shap_list_ir_5_subset_30,lr_shap_list_ir_5
3286,X5,0.8507567940936385,1.2428501966563656,884.787065857384,lr_shap_list_ir_5_subset_30,lr_shap_list_ir_5
3287,X6,0.13053873209309189,0.03379788122216923,135.76028137681556,lr_shap_list_ir_5_subset_30,lr_shap_list_ir_5
3288,X1,0.9028049821573878,0.8294587161003472,938.9171814436833,lr_shap_list_ir_2_subset_105,lr_shap_list_ir_2
3289,X2,0.43778137325836414,0.4079611069482745,455.2926281886987,lr_shap_list_ir_2_subset_105,lr_shap_list_ir_2
3290,X3,0.3244903962297747,0.44340484500594235,337.4700120789657,lr_shap_list_ir_2_subset_105,lr_shap_list_ir_2
3291,X4,0.6879226963887562,0.3791563754334896,715.4396042443065,lr_shap_list_ir_2_subset_105,lr_shap_list_ir_2
3292,X5,0.3588306524070437,0.49532294036662333,373.18387850332545,lr_shap_list_ir_2_subset_105,lr_shap_list_ir_2
3293,X6,0.7005482898536389,0.16166559066376945,728.5702214477844,lr_shap_list_ir_2_subset_105,lr_shap_list_ir_2
3294,X1,0.5787666764989738,0.6946029492523936,601.9173435589328,lr_shap_list_ir_4_subset_139,lr_shap_list_ir_4
3295,X2,0.7620415451448304,0.9935423581773982,792.5232069506236,lr_shap_list_ir_4_subset_139,lr_shap_list_ir_4
3296,X3,0.5715012553304974,1.0939306311516144,594.3613055437173,lr_shap_list_ir_4_subset_139,lr_shap_list_ir_4
3297,X4,1.042301830536816,0.6834574975543525,1083.9939037582885,lr_shap_list_ir_4_subset_139,lr_shap_list_ir_4
3298,X5,0.6771662112821711,0.9695091655261703,704.252859733458,lr_shap_list_ir_4_subset_139,lr_shap_list_ir_4
3299,X6,0.0525091015851375,0.014375667567032903,54.609465648543,lr_shap_list_ir_4_subset_139,lr_shap_list_ir_4
3300,X1,0.5896096146476989,0.7370159971589191,613.1939992336069,lr_shap_list_ir_5_subset_88,lr_shap_list_ir_5
3301,X2,0.4797034307255271,0.7968797745058056,498.89156795454824,lr_shap_list_ir_5_subset_88,lr_shap_list_ir_5
3302,X3,0.6870621577441266,1.1485059003342617,714.5446440538917,lr_shap_list_ir_5_subset_88,lr_shap_list_ir_5
3303,X4,0.7493028985722359,0.5228156259393818,779.2750145151253,lr_shap_list_ir_5_subset_88,lr_shap_list_ir_5
3304,X5,0.9463043307368003,1.1616767323031185,984.1565039662723,lr_shap_list_ir_5_subset_88,lr_shap_list_ir_5
3305,X6,0.16312764955827116,0.05006717473419805,169.65275554060202,lr_shap_list_ir_5_subset_88,lr_shap_list_ir_5
3306,X1,0.3800495527382614,0.46919998781670336,395.25153484779185,lr_shap_list_ir_5_subset_103,lr_shap_list_ir_5
3307,X2,0.542036786647441,0.7260718173698998,563.7182581133387,lr_shap_list_ir_5_subset_103,lr_shap_list_ir_5
3308,X3,0.6606801638392625,0.963284595942175,687.107370392833,lr_shap_list_ir_5_subset_103,lr_shap_list_ir_5
3309,X4,0.9801670847290573,0.7069284578805288,1019.3737681182197,lr_shap_list_ir_5_subset_103,lr_shap_list_ir_5
3310,X5,0.8026919115384785,1.1746197808524073,834.7995880000177,lr_shap_list_ir_5_subset_103,lr_shap_list_ir_5
3311,X6,0.12449492499403798,0.029810158618156,129.4747219937995,lr_shap_list_ir_5_subset_103,lr_shap_list_ir_5
3312,X1,0.7934723450482024,1.0202581246489615,825.2112388501305,lr_shap_list_ir_1_subset_16,lr_shap_list_ir_1
3313,X2,1.6742387696973542,1.9638435370377965,1741.2083204852484,lr_shap_list_ir_1_subset_16,lr_shap_list_ir_1
3314,X3,1.3659072439206381,1.9495704054407121,1420.5435336774635,lr_shap_list_ir_1_subset_16,lr_shap_list_ir_1
3315,X4,1.0951791696692799,0.5242846174363289,1138.986336456051,lr_shap_list_ir_1_subset_16,lr_shap_list_ir_1
3316,X5,0.2811549600706205,0.49436301643788916,292.4011584734453,lr_shap_list_ir_1_subset_16,lr_shap_list_ir_1
3317,X6,0.8964681179088464,0.2070535578070805,932.3268426252002,lr_shap_list_ir_1_subset_16,lr_shap_list_ir_1
3318,X1,0.3240308668555198,0.37189303098416693,336.9921015297406,lr_shap_list_ir_4_subset_113,lr_shap_list_ir_4
3319,X2,0.45336358009017363,0.5740082166544774,471.49812329378057,lr_shap_list_ir_4_subset_113,lr_shap_list_ir_4
3320,X3,0.49233392920301683,0.5923673848826645,512.0272863711375,lr_shap_list_ir_4_subset_113,lr_shap_list_ir_4
3321,X4,0.8629880076899412,0.5158692764195513,897.5075279975389,lr_shap_list_ir_4_subset_113,lr_shap_list_ir_4
3322,X5,0.6667379823391706,0.7752455899648846,693.4075016327374,lr_shap_list_ir_4_subset_113,lr_shap_list_ir_4
3323,X6,0.21441187307112053,0.0695332617355124,222.98834799396536,lr_shap_list_ir_4_subset_113,lr_shap_list_ir_4
3324,X1,0.19690229932110923,0.3620122713853843,204.7783912939536,lr_shap_list_ir_5_subset_51,lr_shap_list_ir_5
3325,X2,0.30771137199097676,0.4405259997790805,320.0198268706158,lr_shap_list_ir_5_subset_51,lr_shap_list_ir_5
3326,X3,0.5646536280283109,0.7243327053821538,587.2397731494433,lr_shap_list_ir_5_subset_51,lr_shap_list_ir_5
3327,X4,1.1422080839041593,0.8039521683674863,1187.8964072603258,lr_shap_list_ir_5_subset_51,lr_shap_list_ir_5
3328,X5,0.9477510869349957,1.3182781332957965,985.6611304123954,lr_shap_list_ir_5_subset_51,lr_shap_list_ir_5
3329,X6,0.05938220863235738,0.015486126131269314,61.75749697765168,lr_shap_list_ir_5_subset_51,lr_shap_list_ir_5
3330,X1,0.2853479529050005,0.554876696783391,296.7618710212005,lr_shap_list_ir_3_subset_28,lr_shap_list_ir_3
3331,X2,0.378715514659632,0.5807925435190867,393.86413524601727,lr_shap_list_ir_3_subset_28,lr_shap_list_ir_3
3332,X3,0.996735513514313,0.9534143460350863,1036.6049340548855,lr_shap_list_ir_3_subset_28,lr_shap_list_ir_3
3333,X4,0.8476069808989879,0.6149530496989193,881.5112601349474,lr_shap_list_ir_3_subset_28,lr_shap_list_ir_3
3334,X5,0.5596097111272418,1.027687984905579,581.9940995723315,lr_shap_list_ir_3_subset_28,lr_shap_list_ir_3
3335,X6,0.1484142615302508,0.036620263951645145,154.35083199146084,lr_shap_list_ir_3_subset_28,lr_shap_list_ir_3
3336,X1,0.4319777839662243,0.6385692430967804,449.2568953248733,lr_shap_list_ir_4_subset_131,lr_shap_list_ir_4
3337,X2,0.2827155226438609,0.42822286859262115,294.02414354961536,lr_shap_list_ir_4_subset_131,lr_shap_list_ir_4
3338,X3,0.7159328225569445,0.9743687969758235,744.5701354592222,lr_shap_list_ir_4_subset_131,lr_shap_list_ir_4
3339,X4,0.9743710103976966,0.657296455469256,1013.3458508136044,lr_shap_list_ir_4_subset_131,lr_shap_list_ir_4
3340,X5,0.9819255448028473,1.2396899100473042,1021.2025665949612,lr_shap_list_ir_4_subset_131,lr_shap_list_ir_4
3341,X6,0.08141721965115546,0.022552413951845016,84.67390843720167,lr_shap_list_ir_4_subset_131,lr_shap_list_ir_4
3342,X1,0.5093537140535134,0.6320086750267273,529.7278626156539,lr_shap_list_ir_3_subset_148,lr_shap_list_ir_3
3343,X2,0.34093206461213876,0.49871822016715356,354.56934719662434,lr_shap_list_ir_3_subset_148,lr_shap_list_ir_3
3344,X3,0.44775724692111296,0.46111187567578305,465.6675367979575,lr_shap_list_ir_3_subset_148,lr_shap_list_ir_3
3345,X4,0.7223262679409327,0.4275430063785203,751.21931865857,lr_shap_list_ir_3_subset_148,lr_shap_list_ir_3
3346,X5,0.5507825710065851,0.7295448164529693,572.8138738468485,lr_shap_list_ir_3_subset_148,lr_shap_list_ir_3
3347,X6,0.1715776992725163,0.04175360368370988,178.44080724341694,lr_shap_list_ir_3_subset_148,lr_shap_list_ir_3
3348,X1,0.31513204511368026,0.44654499839365147,327.7373269182275,lr_shap_list_ir_4_subset_129,lr_shap_list_ir_4
3349,X2,0.35619938256649225,0.5996972054269366,370.4473578691519,lr_shap_list_ir_4_subset_129,lr_shap_list_ir_4
3350,X3,1.175705560565571,1.9137495706522616,1222.733782988194,lr_shap_list_ir_4_subset_129,lr_shap_list_ir_4
3351,X4,1.0483569028559285,0.6283422836822431,1090.2911789701657,lr_shap_list_ir_4_subset_129,lr_shap_list_ir_4
3352,X5,0.951991484081238,1.2786777557535216,990.0711434444876,lr_shap_list_ir_4_subset_129,lr_shap_list_ir_4
3353,X6,0.16063197770647067,0.04015130456532124,167.0572568147295,lr_shap_list_ir_4_subset_129,lr_shap_list_ir_4
3354,X1,0.382868050012588,0.4787559907447663,398.1827720130915,lr_shap_list_ir_5_subset_59,lr_shap_list_ir_5
3355,X2,0.3537702166634282,0.5180669580407505,367.92102532996535,lr_shap_list_ir_5_subset_59,lr_shap_list_ir_5
3356,X3,0.5543851787871765,0.9934494207079431,576.5605859386636,lr_shap_list_ir_5_subset_59,lr_shap_list_ir_5
3357,X4,0.7988913295777783,0.5480623740804907,830.8469827608894,lr_shap_list_ir_5_subset_59,lr_shap_list_ir_5
3358,X5,0.8683245056621683,1.0297563670788041,903.057485888655,lr_shap_list_ir_5_subset_59,lr_shap_list_ir_5
3359,X6,0.25567061578567357,0.0640884589945519,265.89744041710054,lr_shap_list_ir_5_subset_59,lr_shap_list_ir_5
3360,X1,1.0067865496387902,1.4474634375606725,1047.0580116243418,lr_shap_list_ir_1_subset_110,lr_shap_list_ir_1
3361,X2,9.192782396551918,10.34969170265086,9560.493692413995,lr_shap_list_ir_1_subset_110,lr_shap_list_ir_1
3362,X3,4.054853063974937,5.0738944049146335,4217.047186533934,lr_shap_list_ir_1_subset_110,lr_shap_list_ir_1
3363,X4,6.434858132898725,3.3349270732605047,6692.252458214674,lr_shap_list_ir_1_subset_110,lr_shap_list_ir_1
3364,X5,0.73243984538789,1.2608825563423873,761.7374392034055,lr_shap_list_ir_1_subset_110,lr_shap_list_ir_1
3365,X6,5.840501782139061,1.4160264719346345,6074.121853424624,lr_shap_list_ir_1_subset_110,lr_shap_list_ir_1
3366,X1,0.4955453933120153,0.5940861103165814,515.3672090444959,lr_shap_list_ir_5_subset_70,lr_shap_list_ir_5
3367,X2,0.5131969451282012,0.6985197060600201,533.7248229333293,lr_shap_list_ir_5_subset_70,lr_shap_list_ir_5
3368,X3,0.5618326768975839,1.0130430794336103,584.3059839734872,lr_shap_list_ir_5_subset_70,lr_shap_list_ir_5
3369,X4,0.8675306410627804,0.6267120707244328,902.2318667052916,lr_shap_list_ir_5_subset_70,lr_shap_list_ir_5
3370,X5,0.8166765468006079,1.3122847481995807,849.3436086726322,lr_shap_list_ir_5_subset_70,lr_shap_list_ir_5
3371,X6,0.08820634173602589,0.023944155510731115,91.73459540546692,lr_shap_list_ir_5_subset_70,lr_shap_list_ir_5
3372,X1,1.835940061875725,2.500959605538973,1909.3776643507538,lr_shap_list_ir_1_subset_141,lr_shap_list_ir_1
3373,X2,4.699457121189759,6.950988310140772,4887.43540603735,lr_shap_list_ir_1_subset_141,lr_shap_list_ir_1
3374,X3,0.5804935404924748,0.8711357149237244,603.7132821121738,lr_shap_list_ir_1_subset_141,lr_shap_list_ir_1
3375,X4,1.0875601623662006,0.5918044976197282,1131.0625688608486,lr_shap_list_ir_1_subset_141,lr_shap_list_ir_1
3376,X5,0.701542782230255,0.6615801538023774,729.6044935194652,lr_shap_list_ir_1_subset_141,lr_shap_list_ir_1
3377,X6,3.6507934687297574,0.8299962294105309,3796.8252074789475,lr_shap_list_ir_1_subset_141,lr_shap_list_ir_1
3378,X1,0.49032067460092704,0.5581724816448134,509.9335015849641,lr_shap_list_ir_3_subset_59,lr_shap_list_ir_3
3379,X2,0.6527466783780678,0.8081863357454139,678.8565455131904,lr_shap_list_ir_3_subset_59,lr_shap_list_ir_3
3380,X3,0.3655907655860149,0.45612552126157685,380.21439620945546,lr_shap_list_ir_3_subset_59,lr_shap_list_ir_3
3381,X4,0.8423698349416259,0.49237266299213533,876.064628339291,lr_shap_list_ir_3_subset_59,lr_shap_list_ir_3
3382,X5,0.6980948623634288,0.8388057741746192,726.0186568579659,lr_shap_list_ir_3_subset_59,lr_shap_list_ir_3
3383,X6,0.05435982176234934,0.016194163433693235,56.534214632843316,lr_shap_list_ir_3_subset_59,lr_shap_list_ir_3
3384,X1,0.0285797866368914,0.047744561121866036,29.722978102367055,lr_shap_list_ir_1_subset_67,lr_shap_list_ir_1
3385,X2,0.5139078341822843,0.845924032435056,534.4641475495756,lr_shap_list_ir_1_subset_67,lr_shap_list_ir_1
3386,X3,2.961823847887363,4.011335418767761,3080.2968018028573,lr_shap_list_ir_1_subset_67,lr_shap_list_ir_1
3387,X4,1.8922805029264362,1.0109125010105562,1967.9717230434937,lr_shap_list_ir_1_subset_67,lr_shap_list_ir_1
3388,X5,0.2993991751414669,0.43583965097325844,311.3751421471256,lr_shap_list_ir_1_subset_67,lr_shap_list_ir_1
3389,X6,0.31552193231968473,0.07211221121412072,328.1428096124721,lr_shap_list_ir_1_subset_67,lr_shap_list_ir_1
3390,X1,0.4892373846997751,0.601225107025703,508.8068800877661,lr_shap_list_ir_3_subset_34,lr_shap_list_ir_3
3391,X2,0.36628429500742565,0.4059524677892611,380.93566680772267,lr_shap_list_ir_3_subset_34,lr_shap_list_ir_3
3392,X3,0.8870813053785007,1.7597577428444782,922.5645575936408,lr_shap_list_ir_3_subset_34,lr_shap_list_ir_3
3393,X4,0.4995004271699285,0.28547068414464655,519.4804442567256,lr_shap_list_ir_3_subset_34,lr_shap_list_ir_3
3394,X5,0.6117505227522284,0.9653840654664562,636.2205436623176,lr_shap_list_ir_3_subset_34,lr_shap_list_ir_3
3395,X6,0.6951628023919272,0.16981112499429626,722.9693144876043,lr_shap_list_ir_3_subset_34,lr_shap_list_ir_3
3396,X1,0.26648514011389696,0.47417009783556063,277.14454571845283,lr_shap_list_ir_5_subset_141,lr_shap_list_ir_5
3397,X2,0.9017789641318208,1.0697214515717,937.8501226970936,lr_shap_list_ir_5_subset_141,lr_shap_list_ir_5
3398,X3,0.5217488055969345,0.6421381192805582,542.6187578208119,lr_shap_list_ir_5_subset_141,lr_shap_list_ir_5
3399,X4,1.244871313564676,0.8369570213448596,1294.666166107263,lr_shap_list_ir_5_subset_141,lr_shap_list_ir_5
3400,X5,0.916701096553571,1.0546755908355325,953.3691404157139,lr_shap_list_ir_5_subset_141,lr_shap_list_ir_5
3401,X6,0.09444650608040192,0.023289941745283062,98.224366323618,lr_shap_list_ir_5_subset_141,lr_shap_list_ir_5
3402,X1,0.16018281768071854,0.2525564207421083,166.59013038794728,lr_shap_list_ir_3_subset_111,lr_shap_list_ir_3
3403,X2,1.1253113406620856,1.5300490987580784,1170.323794288569,lr_shap_list_ir_3_subset_111,lr_shap_list_ir_3
3404,X3,1.3363344619384714,1.624984916064822,1389.7878404160103,lr_shap_list_ir_3_subset_111,lr_shap_list_ir_3
3405,X4,1.4844411323903213,1.0711562671708357,1543.818777685934,lr_shap_list_ir_3_subset_111,lr_shap_list_ir_3
3406,X5,0.5163630014235281,0.8943988977124998,537.0175214804692,lr_shap_list_ir_3_subset_111,lr_shap_list_ir_3
3407,X6,0.3292202443493417,0.08597916171815856,342.38905412331536,lr_shap_list_ir_3_subset_111,lr_shap_list_ir_3
3408,X1,0.13629238253655646,0.1744002029710879,141.7440778380187,lr_shap_list_ir_2_subset_99,lr_shap_list_ir_2
3409,X2,0.972582786391132,1.1732530486988102,1011.4860978467773,lr_shap_list_ir_2_subset_99,lr_shap_list_ir_2
3410,X3,1.784166299889372,2.094261425133348,1855.532951884947,lr_shap_list_ir_2_subset_99,lr_shap_list_ir_2
3411,X4,1.3830296197974103,0.8818227171040934,1438.3508045893068,lr_shap_list_ir_2_subset_99,lr_shap_list_ir_2
3412,X5,0.5103898411287532,0.6915573737494535,530.8054347739034,lr_shap_list_ir_2_subset_99,lr_shap_list_ir_2
3413,X6,0.17228243619564348,0.048364706397574994,179.17373364346923,lr_shap_list_ir_2_subset_99,lr_shap_list_ir_2
3414,X1,0.5292678690901191,0.6992434994343246,550.4385838537239,lr_shap_list_ir_4_subset_18,lr_shap_list_ir_4
3415,X2,0.2806453194406196,0.5220672414653914,291.8711322182444,lr_shap_list_ir_4_subset_18,lr_shap_list_ir_4
3416,X3,0.6291724670276251,0.6412676813383256,654.33936570873,lr_shap_list_ir_4_subset_18,lr_shap_list_ir_4
3417,X4,0.8468942656632525,0.5666492754134834,880.7700362897826,lr_shap_list_ir_4_subset_18,lr_shap_list_ir_4
3418,X5,0.7188530253803652,1.0620517568181929,747.6071463955798,lr_shap_list_ir_4_subset_18,lr_shap_list_ir_4
3419,X6,0.026736392776133756,0.0064163561941300825,27.805848487179105,lr_shap_list_ir_4_subset_18,lr_shap_list_ir_4
3420,X1,0.4877115967874036,0.6311548229141246,507.22006065889974,lr_shap_list_ir_4_subset_44,lr_shap_list_ir_4
3421,X2,0.46646457297356864,0.5517198706127694,485.12315589251136,lr_shap_list_ir_4_subset_44,lr_shap_list_ir_4
3422,X3,0.405287632040289,0.6593995697062984,421.49913732190055,lr_shap_list_ir_4_subset_44,lr_shap_list_ir_4
3423,X4,0.7545712157422615,0.5017330513606081,784.7540643719519,lr_shap_list_ir_4_subset_44,lr_shap_list_ir_4
3424,X5,0.986277840850086,1.3189762138598622,1025.7289544840894,lr_shap_list_ir_4_subset_44,lr_shap_list_ir_4
3425,X6,0.13193359380939165,0.03178505280684228,137.2109375617673,lr_shap_list_ir_4_subset_44,lr_shap_list_ir_4
3426,X1,1.1236891765731503,1.3939845382054896,1168.6367436360763,lr_shap_list_ir_1_subset_51,lr_shap_list_ir_1
3427,X2,1.4181071024240555,2.3293717314915976,1474.8313865210177,lr_shap_list_ir_1_subset_51,lr_shap_list_ir_1
3428,X3,1.6628545898235985,2.327801650339399,1729.3687734165424,lr_shap_list_ir_1_subset_51,lr_shap_list_ir_1
3429,X4,1.5534082622953562,0.8775125790290217,1615.5445927871706,lr_shap_list_ir_1_subset_51,lr_shap_list_ir_1
3430,X5,0.19429734127302375,0.2168606895874673,202.0692349239447,lr_shap_list_ir_1_subset_51,lr_shap_list_ir_1
3431,X6,0.497788145658837,0.11169567672762376,517.6996714851905,lr_shap_list_ir_1_subset_51,lr_shap_list_ir_1
3432,X1,0.5625196671418895,0.6690513732476411,585.0204538275651,lr_shap_list_ir_2_subset_31,lr_shap_list_ir_2
3433,X2,0.8095258766736297,0.9692968087196384,841.906911740575,lr_shap_list_ir_2_subset_31,lr_shap_list_ir_2
3434,X3,1.236046532106222,1.4558654725690525,1285.4883933904707,lr_shap_list_ir_2_subset_31,lr_shap_list_ir_2
3435,X4,0.7940238343080692,0.4695383648135538,825.784787680392,lr_shap_list_ir_2_subset_31,lr_shap_list_ir_2
3436,X5,0.586878924922628,0.7786942328160722,610.3540819195332,lr_shap_list_ir_2_subset_31,lr_shap_list_ir_2
3437,X6,0.5307560421585846,0.12236749192156911,551.986283844928,lr_shap_list_ir_2_subset_31,lr_shap_list_ir_2
3438,X1,0.22594283491102776,0.2389158817174834,234.98054830746887,lr_shap_list_ir_3_subset_61,lr_shap_list_ir_3
3439,X2,0.2735283395364893,0.3276848287270785,284.4694731179489,lr_shap_list_ir_3_subset_61,lr_shap_list_ir_3
3440,X3,0.6619355068193468,0.8616541122390171,688.4129270921206,lr_shap_list_ir_3_subset_61,lr_shap_list_ir_3
3441,X4,0.7812785121873088,0.41219505182006555,812.5296526748011,lr_shap_list_ir_3_subset_61,lr_shap_list_ir_3
3442,X5,0.7054429119786325,1.080758859602551,733.6606284577778,lr_shap_list_ir_3_subset_61,lr_shap_list_ir_3
3443,X6,0.14396854967257555,0.03810491832524882,149.72729165947857,lr_shap_list_ir_3_subset_61,lr_shap_list_ir_3
3444,X1,0.43413976378018454,0.6236837283822937,451.5053543313919,lr_shap_list_ir_2_subset_49,lr_shap_list_ir_2
3445,X2,0.6521371299645091,0.7248883311657466,678.2226151630895,lr_shap_list_ir_2_subset_49,lr_shap_list_ir_2
3446,X3,1.0762747937698438,1.5913590779312576,1119.3257855206375,lr_shap_list_ir_2_subset_49,lr_shap_list_ir_2
3447,X4,1.19043514130487,0.705664170580697,1238.0525469570648,lr_shap_list_ir_2_subset_49,lr_shap_list_ir_2
3448,X5,0.43439905038488774,0.675959727389222,451.77501240028323,lr_shap_list_ir_2_subset_49,lr_shap_list_ir_2
3449,X6,0.13692919235652218,0.03588111612141207,142.40636005078306,lr_shap_list_ir_2_subset_49,lr_shap_list_ir_2
3450,X1,0.5316155415133303,0.6967940571188967,552.8801631738636,lr_shap_list_ir_5_subset_60,lr_shap_list_ir_5
3451,X2,0.5388043138268077,0.755067473767391,560.35648637988,lr_shap_list_ir_5_subset_60,lr_shap_list_ir_5
3452,X3,0.8234840776449237,0.9496767894969574,856.4234407507206,lr_shap_list_ir_5_subset_60,lr_shap_list_ir_5
3453,X4,0.982159803095309,0.7121812566698131,1021.4461952191214,lr_shap_list_ir_5_subset_60,lr_shap_list_ir_5
3454,X5,0.7846406228930791,1.2163450525109556,816.0262478088023,lr_shap_list_ir_5_subset_60,lr_shap_list_ir_5
3455,X6,0.06996176726519843,0.017706509501974308,72.76023795580636,lr_shap_list_ir_5_subset_60,lr_shap_list_ir_5
3456,X1,0.4151668399923069,0.48335785453966823,431.7735135919992,lr_shap_list_ir_5_subset_131,lr_shap_list_ir_5
3457,X2,0.5658181398281867,0.8402716636927764,588.4508654213142,lr_shap_list_ir_5_subset_131,lr_shap_list_ir_5
3458,X3,0.7716053427588091,0.9270401915713016,802.4695564691615,lr_shap_list_ir_5_subset_131,lr_shap_list_ir_5
3459,X4,1.035205584832463,0.7060938142511252,1076.6138082257617,lr_shap_list_ir_5_subset_131,lr_shap_list_ir_5
3460,X5,1.1613953314211587,1.1245974837897992,1207.851144678005,lr_shap_list_ir_5_subset_131,lr_shap_list_ir_5
3461,X6,0.12347461603799816,0.045043820907113306,128.41360067951808,lr_shap_list_ir_5_subset_131,lr_shap_list_ir_5
3462,X1,0.5453912147165233,0.6145749609923511,567.2068633051842,lr_shap_list_ir_4_subset_9,lr_shap_list_ir_4
3463,X2,0.3981208712092277,0.584038552111357,414.04570605759676,lr_shap_list_ir_4_subset_9,lr_shap_list_ir_4
3464,X3,0.4620931035536119,0.5612473231744719,480.5768276957564,lr_shap_list_ir_4_subset_9,lr_shap_list_ir_4
3465,X4,0.6960678592585343,0.4566731175602089,723.9105736288757,lr_shap_list_ir_4_subset_9,lr_shap_list_ir_4
3466,X5,0.8652296274100637,0.9446450996608248,899.8388125064663,lr_shap_list_ir_4_subset_9,lr_shap_list_ir_4
3467,X6,0.08158861980082623,0.025320108174329687,84.85216459285928,lr_shap_list_ir_4_subset_9,lr_shap_list_ir_4
3468,X1,0.13253518393439834,0.23972228965177145,137.83659129177428,lr_shap_list_ir_4_subset_22,lr_shap_list_ir_4
3469,X2,0.4672116960426632,0.5755853806041015,485.90016388436976,lr_shap_list_ir_4_subset_22,lr_shap_list_ir_4
3470,X3,1.1427793443269445,1.3776540291619808,1188.4905181000222,lr_shap_list_ir_4_subset_22,lr_shap_list_ir_4
3471,X4,1.1595594735786978,0.7667846104112086,1205.9418525218457,lr_shap_list_ir_4_subset_22,lr_shap_list_ir_4
3472,X5,0.8409172390432489,0.904828797414854,874.5539286049789,lr_shap_list_ir_4_subset_22,lr_shap_list_ir_4
3473,X6,0.22393905790300017,0.07097117347726149,232.89662021912017,lr_shap_list_ir_4_subset_22,lr_shap_list_ir_4
3474,X1,2.4639940764959123,2.6674244073905715,2562.5538395557487,lr_shap_list_ir_1_subset_128,lr_shap_list_ir_1
3475,X2,2.7878826563700945,4.526775207993527,2899.3979626248984,lr_shap_list_ir_1_subset_128,lr_shap_list_ir_1
3476,X3,0.6606770448713206,0.8043686534755725,687.1041266661734,lr_shap_list_ir_1_subset_128,lr_shap_list_ir_1
3477,X4,2.8703068299141106,1.319631103699577,2985.119103110675,lr_shap_list_ir_1_subset_128,lr_shap_list_ir_1
3478,X5,1.327530217405702,2.1774673971351715,1380.6314261019302,lr_shap_list_ir_1_subset_128,lr_shap_list_ir_1
3479,X6,10.625954877401039,3.2073727209608194,11050.99307249708,lr_shap_list_ir_1_subset_128,lr_shap_list_ir_1
3480,X1,0.6694992180289407,0.7518776197857625,696.2791867500983,lr_shap_list_ir_3_subset_133,lr_shap_list_ir_3
3481,X2,1.0375516844599335,1.630158716920694,1079.0537518383308,lr_shap_list_ir_3_subset_133,lr_shap_list_ir_3
3482,X3,0.4671858011134252,0.5592439720537968,485.87323315796226,lr_shap_list_ir_3_subset_133,lr_shap_list_ir_3
3483,X4,0.9577370810930084,0.520494785029863,996.0465643367287,lr_shap_list_ir_3_subset_133,lr_shap_list_ir_3
3484,X5,0.5085684094571613,0.6522273949583705,528.9111458354478,lr_shap_list_ir_3_subset_133,lr_shap_list_ir_3
3485,X6,0.1088792958402241,0.025959950948602543,113.23446767383307,lr_shap_list_ir_3_subset_133,lr_shap_list_ir_3
3486,X1,1.2712041360923518,1.291764460701408,1322.052301536046,lr_shap_list_ir_1_subset_13,lr_shap_list_ir_1
3487,X2,0.6609078709588944,0.9610679903536604,687.3441857972501,lr_shap_list_ir_1_subset_13,lr_shap_list_ir_1
3488,X3,0.32210314529093387,0.3158875769760195,334.98727110257124,lr_shap_list_ir_1_subset_13,lr_shap_list_ir_1
3489,X4,0.32110381348090633,0.1497098813251225,333.9479660201426,lr_shap_list_ir_1_subset_13,lr_shap_list_ir_1
3490,X5,0.42072262308349373,0.6202123688698256,437.55152800683345,lr_shap_list_ir_1_subset_13,lr_shap_list_ir_1
3491,X6,0.9080700524348794,0.1937162978837912,944.3928545322746,lr_shap_list_ir_1_subset_13,lr_shap_list_ir_1
3492,X1,0.356580140769478,0.4656338234502364,370.84334640025713,lr_shap_list_ir_5_subset_11,lr_shap_list_ir_5
3493,X2,0.5678645561001818,0.8320800270478634,590.5791383441891,lr_shap_list_ir_5_subset_11,lr_shap_list_ir_5
3494,X3,0.5717168520767641,0.586480589417668,594.5855261598347,lr_shap_list_ir_5_subset_11,lr_shap_list_ir_5
3495,X4,1.1533796676628858,0.700015972506289,1199.5148543694013,lr_shap_list_ir_5_subset_11,lr_shap_list_ir_5
3496,X5,0.9739369751209144,1.1830399654631456,1012.8944541257509,lr_shap_list_ir_5_subset_11,lr_shap_list_ir_5
3497,X6,0.1745089428786539,0.06358050498056197,181.48930059380007,lr_shap_list_ir_5_subset_11,lr_shap_list_ir_5
3498,X1,0.28538041424126803,0.43152798929546027,296.79563081091874,lr_shap_list_ir_2_subset_145,lr_shap_list_ir_2
3499,X2,0.6642609487088316,0.8905377774138041,690.8313866571848,lr_shap_list_ir_2_subset_145,lr_shap_list_ir_2
3500,X3,1.809043454172071,2.7020911344958596,1881.4051923389538,lr_shap_list_ir_2_subset_145,lr_shap_list_ir_2
3501,X4,1.2239638092557226,0.863802592369956,1272.9223616259515,lr_shap_list_ir_2_subset_145,lr_shap_list_ir_2
3502,X5,0.5117163193350055,0.8086800181488479,532.1849721084058,lr_shap_list_ir_2_subset_145,lr_shap_list_ir_2
3503,X6,0.5338751852076636,0.12687347714097383,555.2301926159702,lr_shap_list_ir_2_subset_145,lr_shap_list_ir_2
3504,X1,0.5661124534522487,0.6965428938965247,588.7569515903386,lr_shap_list_ir_4_subset_103,lr_shap_list_ir_4
3505,X2,0.4225255870464982,0.7281454872435467,439.4266105283581,lr_shap_list_ir_4_subset_103,lr_shap_list_ir_4
3506,X3,0.5579172187850077,0.7269498538306469,580.233907536408,lr_shap_list_ir_4_subset_103,lr_shap_list_ir_4
3507,X4,0.5629759572208843,0.36763850793795516,585.4949955097197,lr_shap_list_ir_4_subset_103,lr_shap_list_ir_4
3508,X5,0.7897708966006144,1.026149644876855,821.361732464639,lr_shap_list_ir_4_subset_103,lr_shap_list_ir_4
3509,X6,0.23467773213913562,0.06358468404650777,244.06484142470106,lr_shap_list_ir_4_subset_103,lr_shap_list_ir_4
3510,X1,0.43377012572477963,0.8055183873116764,451.12093075377084,lr_shap_list_ir_1_subset_45,lr_shap_list_ir_1
3511,X2,0.19287445510809517,0.2800765452274803,200.58943331241898,lr_shap_list_ir_1_subset_45,lr_shap_list_ir_1
3512,X3,1.090460485003249,1.4904352597863775,1134.078904403379,lr_shap_list_ir_1_subset_45,lr_shap_list_ir_1
3513,X4,0.7706149267776949,0.3303852379457303,801.4395238488028,lr_shap_list_ir_1_subset_45,lr_shap_list_ir_1
3514,X5,0.5340207585465152,0.7401841139763395,555.3815888883759,lr_shap_list_ir_1_subset_45,lr_shap_list_ir_1
3515,X6,0.3411554751802732,0.087386989283666,354.80169418748415,lr_shap_list_ir_1_subset_45,lr_shap_list_ir_1
3516,X1,0.880222948292917,1.1405259344495144,915.4318662246337,lr_shap_list_ir_1_subset_121,lr_shap_list_ir_1
3517,X2,0.5993667045843922,0.7651435849654288,623.3413727677679,lr_shap_list_ir_1_subset_121,lr_shap_list_ir_1
3518,X3,0.4918924222091965,0.6501117875036213,511.56811909756436,lr_shap_list_ir_1_subset_121,lr_shap_list_ir_1
3519,X4,0.02857450117694401,0.013193753919912012,29.71748122402177,lr_shap_list_ir_1_subset_121,lr_shap_list_ir_1
3520,X5,0.47848908224132597,0.5976852918104968,497.628645530979,lr_shap_list_ir_1_subset_121,lr_shap_list_ir_1
3521,X6,0.4582950398618226,0.10942129127077073,476.6268414562955,lr_shap_list_ir_1_subset_121,lr_shap_list_ir_1
3522,X1,0.5115660122437279,0.45964381183978026,532.028652733477,lr_shap_list_ir_3_subset_91,lr_shap_list_ir_3
3523,X2,0.4416138624327104,0.6511886187751058,459.2784169300188,lr_shap_list_ir_3_subset_91,lr_shap_list_ir_3
3524,X3,0.7525225148109019,1.3086600943420454,782.623415403338,lr_shap_list_ir_3_subset_91,lr_shap_list_ir_3
3525,X4,0.8909191799360816,0.47780374003874965,926.5559471335249,lr_shap_list_ir_3_subset_91,lr_shap_list_ir_3
3526,X5,0.7796851689324412,1.1047891935353955,810.8725756897388,lr_shap_list_ir_3_subset_91,lr_shap_list_ir_3
3527,X6,0.023093236787669173,0.006010440443334149,24.01696625917594,lr_shap_list_ir_3_subset_91,lr_shap_list_ir_3
3528,X1,0.33585174428220743,0.441576211650926,349.28581405349576,lr_shap_list_ir_3_subset_106,lr_shap_list_ir_3
3529,X2,0.3808431861394206,0.5060565247807257,396.0769135849974,lr_shap_list_ir_3_subset_106,lr_shap_list_ir_3
3530,X3,0.6620449503780962,1.1098149531232273,688.52674839322,lr_shap_list_ir_3_subset_106,lr_shap_list_ir_3
3531,X4,0.5537883521682706,0.34848624858622557,575.9398862550014,lr_shap_list_ir_3_subset_106,lr_shap_list_ir_3
3532,X5,0.5733820278680831,0.9383849418368154,596.3173089828065,lr_shap_list_ir_3_subset_106,lr_shap_list_ir_3
3533,X6,0.2951016633732917,0.06738605848855987,306.90572990822335,lr_shap_list_ir_3_subset_106,lr_shap_list_ir_3
3534,X1,0.45986928979868763,0.5413888459721797,478.26406139063516,lr_shap_list_ir_3_subset_75,lr_shap_list_ir_3
3535,X2,0.37714565744301753,0.5150302455906546,392.2314837407382,lr_shap_list_ir_3_subset_75,lr_shap_list_ir_3
3536,X3,0.6106135148960282,0.6958224637617834,635.0380554918694,lr_shap_list_ir_3_subset_75,lr_shap_list_ir_3
3537,X4,1.18055501751597,0.6464449076208758,1227.7772182166088,lr_shap_list_ir_3_subset_75,lr_shap_list_ir_3
3538,X5,0.6197230000803757,0.9285025263919093,644.5119200835908,lr_shap_list_ir_3_subset_75,lr_shap_list_ir_3
3539,X6,0.2572866025573625,0.059531274583667436,267.578066659657,lr_shap_list_ir_3_subset_75,lr_shap_list_ir_3
3540,X1,0.41320909924466287,0.5025284541758761,429.7374632144494,lr_shap_list_ir_3_subset_123,lr_shap_list_ir_3
3541,X2,0.4059601353222128,0.5781560954748192,422.19854073510135,lr_shap_list_ir_3_subset_123,lr_shap_list_ir_3
3542,X3,0.8267185522954373,0.7618450549191577,859.7872943872549,lr_shap_list_ir_3_subset_123,lr_shap_list_ir_3
3543,X4,0.7755778742523473,0.425966290469033,806.6009892224412,lr_shap_list_ir_3_subset_123,lr_shap_list_ir_3
3544,X5,0.5984768477032124,0.7119612866936927,622.4159216113409,lr_shap_list_ir_3_subset_123,lr_shap_list_ir_3
3545,X6,0.19685745170621624,0.05874983735975058,204.7317497744649,lr_shap_list_ir_3_subset_123,lr_shap_list_ir_3
3546,X1,0.5479840240554418,0.5780926904445213,569.9033850176595,lr_shap_list_ir_3_subset_4,lr_shap_list_ir_3
3547,X2,1.2387740862821706,1.388697380904885,1288.3250497334575,lr_shap_list_ir_3_subset_4,lr_shap_list_ir_3
3548,X3,1.1676433734490348,1.6752510702108472,1214.3491083869962,lr_shap_list_ir_3_subset_4,lr_shap_list_ir_3
3549,X4,0.9440940788160298,0.539399907789864,981.857841968671,lr_shap_list_ir_3_subset_4,lr_shap_list_ir_3
3550,X5,0.5925398308366582,0.7489579989922087,616.2414240701245,lr_shap_list_ir_3_subset_4,lr_shap_list_ir_3
3551,X6,0.3273592373665692,0.09272658905808527,340.45360686123195,lr_shap_list_ir_3_subset_4,lr_shap_list_ir_3
3552,X1,0.32013060471404126,0.46991212307180197,332.9358289026029,lr_shap_list_ir_4_subset_121,lr_shap_list_ir_4
3553,X2,0.43285949392883183,0.6683807969834828,450.1738736859851,lr_shap_list_ir_4_subset_121,lr_shap_list_ir_4
3554,X3,0.6851251795712339,1.243614343596326,712.5301867540833,lr_shap_list_ir_4_subset_121,lr_shap_list_ir_4
3555,X4,1.0517143014626833,0.696661394921126,1093.7828735211906,lr_shap_list_ir_4_subset_121,lr_shap_list_ir_4
3556,X5,0.8336772389152675,1.1539416193447427,867.0243284718781,lr_shap_list_ir_4_subset_121,lr_shap_list_ir_4
3557,X6,0.03531020021682295,0.009090022922380222,36.72260822549587,lr_shap_list_ir_4_subset_121,lr_shap_list_ir_4
3558,X1,0.138260512684117,0.27328000366735405,143.79093319148166,lr_shap_list_ir_2_subset_95,lr_shap_list_ir_2
3559,X2,0.3328932690367053,0.42005327379405305,346.2089997981735,lr_shap_list_ir_2_subset_95,lr_shap_list_ir_2
3560,X3,0.36335071803092694,0.5137865533540789,377.884746752164,lr_shap_list_ir_2_subset_95,lr_shap_list_ir_2
3561,X4,1.1011881219984874,0.6751201097081428,1145.235646878427,lr_shap_list_ir_2_subset_95,lr_shap_list_ir_2
3562,X5,0.7130094114428622,1.092591170887003,741.5297879005767,lr_shap_list_ir_2_subset_95,lr_shap_list_ir_2
3563,X6,0.3583512963130111,0.09057589616079137,372.68534816553154,lr_shap_list_ir_2_subset_95,lr_shap_list_ir_2
3564,X1,0.5470322534305164,0.6688068978501109,568.9135435677371,lr_shap_list_ir_5_subset_26,lr_shap_list_ir_5
3565,X2,0.5645668012590737,0.8072320836547804,587.1494733094366,lr_shap_list_ir_5_subset_26,lr_shap_list_ir_5
3566,X3,0.5250055878003093,0.6383958023150265,546.0058113123216,lr_shap_list_ir_5_subset_26,lr_shap_list_ir_5
3567,X4,0.8056772714869005,0.5718756678082845,837.9043623463765,lr_shap_list_ir_5_subset_26,lr_shap_list_ir_5
3568,X5,1.0545786418385017,1.3015593542228237,1096.7617875120418,lr_shap_list_ir_5_subset_26,lr_shap_list_ir_5
3569,X6,0.176226957948582,0.04564458659621226,183.2760362665253,lr_shap_list_ir_5_subset_26,lr_shap_list_ir_5
3570,X1,0.36279599588042927,0.5221842563623255,377.30783571564643,lr_shap_list_ir_2_subset_138,lr_shap_list_ir_2
3571,X2,0.3527596213133817,0.429598286085512,366.87000616591695,lr_shap_list_ir_2_subset_138,lr_shap_list_ir_2
3572,X3,0.4939913042837658,0.665639538439055,513.7509564551165,lr_shap_list_ir_2_subset_138,lr_shap_list_ir_2
3573,X4,0.9221097130460508,0.4301086191663114,958.9941015678928,lr_shap_list_ir_2_subset_138,lr_shap_list_ir_2
3574,X5,0.5073664463158095,0.6214404710516164,527.6611041684419,lr_shap_list_ir_2_subset_138,lr_shap_list_ir_2
3575,X6,0.13510167685053623,0.03172526364928305,140.5057439245577,lr_shap_list_ir_2_subset_138,lr_shap_list_ir_2
3576,X1,0.2919200218619279,0.3237398772700948,303.596822736405,lr_shap_list_ir_1_subset_7,lr_shap_list_ir_1
3577,X2,0.16379184878943398,0.25105547979198317,170.34352274101133,lr_shap_list_ir_1_subset_7,lr_shap_list_ir_1
3578,X3,0.5174955312439787,0.6795750361616142,538.1953524937379,lr_shap_list_ir_1_subset_7,lr_shap_list_ir_1
3579,X4,0.9093081574802553,0.49352805380754383,945.6804837794655,lr_shap_list_ir_1_subset_7,lr_shap_list_ir_1
3580,X5,0.33376569233261066,0.5553303210926837,347.1163200259151,lr_shap_list_ir_1_subset_7,lr_shap_list_ir_1
3581,X6,0.474682552471886,0.10247821090816454,493.66985457076146,lr_shap_list_ir_1_subset_7,lr_shap_list_ir_1
3582,X1,0.3166300651525919,0.41339808635488107,329.29526775869556,lr_shap_list_ir_5_subset_2,lr_shap_list_ir_5
3583,X2,0.4451373679115198,0.7126676265531712,462.9428626279806,lr_shap_list_ir_5_subset_2,lr_shap_list_ir_5
3584,X3,0.6982971976879322,0.9233884131799839,726.2290855954495,lr_shap_list_ir_5_subset_2,lr_shap_list_ir_5
3585,X4,0.955078527800752,0.6639637678154137,993.281668912782,lr_shap_list_ir_5_subset_2,lr_shap_list_ir_5
3586,X5,0.8473034915516976,1.311692580758734,881.1956312137655,lr_shap_list_ir_5_subset_2,lr_shap_list_ir_5
3587,X6,0.18174175314472016,0.04573800106068881,189.01142327050897,lr_shap_list_ir_5_subset_2,lr_shap_list_ir_5
3588,X1,0.05351997813974217,0.06673220422394108,55.66077726533186,lr_shap_list_ir_2_subset_113,lr_shap_list_ir_2
3589,X2,0.29787288044028193,0.41951455135906973,309.7877956578932,lr_shap_list_ir_2_subset_113,lr_shap_list_ir_2
3590,X3,0.697364147070014,0.8018281170465152,725.2587129528146,lr_shap_list_ir_2_subset_113,lr_shap_list_ir_2
3591,X4,1.4205781052140887,0.819924483165749,1477.4012294226522,lr_shap_list_ir_2_subset_113,lr_shap_list_ir_2
3592,X5,0.7522401602253805,1.1526588735254302,782.3297666343958,lr_shap_list_ir_2_subset_113,lr_shap_list_ir_2
3593,X6,0.7192017470805707,0.16523227250799508,747.9698169637935,lr_shap_list_ir_2_subset_113,lr_shap_list_ir_2
3594,X1,1.32576231980277,1.5128738098248284,1378.7928125948806,lr_shap_list_ir_2_subset_77,lr_shap_list_ir_2
3595,X2,1.2288598510223345,1.98978517502935,1278.014245063228,lr_shap_list_ir_2_subset_77,lr_shap_list_ir_2
3596,X3,0.5536687677061729,0.7343157114108269,575.8155184144198,lr_shap_list_ir_2_subset_77,lr_shap_list_ir_2
3597,X4,0.9914942083471032,0.6406156276926659,1031.1539766809874,lr_shap_list_ir_2_subset_77,lr_shap_list_ir_2
3598,X5,0.4608975715430966,0.7346129148989536,479.33347440482044,lr_shap_list_ir_2_subset_77,lr_shap_list_ir_2
3599,X6,1.803307619702679,0.6664687755536659,1875.439924490786,lr_shap_list_ir_2_subset_77,lr_shap_list_ir_2
3600,X1,0.13426092861971473,0.13284302809872955,139.6313657645033,lr_shap_list_ir_1_subset_72,lr_shap_list_ir_1
3601,X2,3.932782397151276,5.672900034457382,4090.093693037327,lr_shap_list_ir_1_subset_72,lr_shap_list_ir_1
3602,X3,3.921021206817115,8.277117405877167,4077.8620550897995,lr_shap_list_ir_1_subset_72,lr_shap_list_ir_1
3603,X4,1.4119748326636314,0.7903116478873563,1468.4538259701767,lr_shap_list_ir_1_subset_72,lr_shap_list_ir_1
3604,X5,0.525109144639132,0.8458985592456804,546.1135104246973,lr_shap_list_ir_1_subset_72,lr_shap_list_ir_1
3605,X6,1.1347697218955017,0.254212106019865,1180.1605107713217,lr_shap_list_ir_1_subset_72,lr_shap_list_ir_1
3606,X1,0.3494512312538904,0.6618864623132322,363.429280504046,lr_shap_list_ir_4_subset_10,lr_shap_list_ir_4
3607,X2,0.6132519407510373,0.8194615014283787,637.7820183810787,lr_shap_list_ir_4_subset_10,lr_shap_list_ir_4
3608,X3,0.7508184161734003,0.8130019485440401,780.8511528203363,lr_shap_list_ir_4_subset_10,lr_shap_list_ir_4
3609,X4,1.2614148580563596,0.8740688892976946,1311.8714523786139,lr_shap_list_ir_4_subset_10,lr_shap_list_ir_4
3610,X5,0.6830599575696007,1.082539641344138,710.3823558723848,lr_shap_list_ir_4_subset_10,lr_shap_list_ir_4
3611,X6,0.2136877990942194,0.06197777249470932,222.23531105798816,lr_shap_list_ir_4_subset_10,lr_shap_list_ir_4
3612,X1,0.3526542072157406,0.49208961464371326,366.7603755043702,lr_shap_list_ir_4_subset_63,lr_shap_list_ir_4
3613,X2,0.4177745038577907,0.6835595794892452,434.48548401210235,lr_shap_list_ir_4_subset_63,lr_shap_list_ir_4
3614,X3,0.5067402124048934,0.8713921022851967,527.0098209010891,lr_shap_list_ir_4_subset_63,lr_shap_list_ir_4
3615,X4,0.8150664216075474,0.5946293918620164,847.6690784718493,lr_shap_list_ir_4_subset_63,lr_shap_list_ir_4
3616,X5,0.8414343701181098,1.115806607570662,875.0917449228342,lr_shap_list_ir_4_subset_63,lr_shap_list_ir_4
3617,X6,0.0298665318151496,0.00723636759714733,31.061193087755584,lr_shap_list_ir_4_subset_63,lr_shap_list_ir_4
3618,X1,0.48310053289417315,0.637622317505132,502.4245542099401,lr_shap_list_ir_3_subset_68,lr_shap_list_ir_3
3619,X2,1.839339238164682,1.7522337087484896,1912.9128076912693,lr_shap_list_ir_3_subset_68,lr_shap_list_ir_3
3620,X3,1.2450876308872476,1.5184456974043796,1294.8911361227374,lr_shap_list_ir_3_subset_68,lr_shap_list_ir_3
3621,X4,1.4880406932550425,0.9743121428445246,1547.5623209852442,lr_shap_list_ir_3_subset_68,lr_shap_list_ir_3
3622,X5,0.4651178758950943,0.888529014032691,483.72259093089804,lr_shap_list_ir_3_subset_68,lr_shap_list_ir_3
3623,X6,0.7369496835761569,0.16943392109663213,766.4276709192031,lr_shap_list_ir_3_subset_68,lr_shap_list_ir_3
3624,X1,0.5409885072613249,0.604852563254142,562.6280475517779,lr_shap_list_ir_4_subset_77,lr_shap_list_ir_4
3625,X2,0.3625607312320908,0.5323115994857851,377.06316048137444,lr_shap_list_ir_4_subset_77,lr_shap_list_ir_4
3626,X3,0.49944732118868623,0.6599586365095585,519.4252140362337,lr_shap_list_ir_4_subset_77,lr_shap_list_ir_4
3627,X4,1.0078132401025843,0.7321830421801204,1048.1257697066876,lr_shap_list_ir_4_subset_77,lr_shap_list_ir_4
3628,X5,0.8878423330845773,1.126917522827829,923.3560264079604,lr_shap_list_ir_4_subset_77,lr_shap_list_ir_4
3629,X6,0.1501605187012376,0.06079286714880693,156.1669394492871,lr_shap_list_ir_4_subset_77,lr_shap_list_ir_4
3630,X1,0.6509961962885751,0.6502903563486275,677.0360441401181,lr_shap_list_ir_1_subset_62,lr_shap_list_ir_1
3631,X2,0.9791049542298127,1.0466758624038162,1018.2691523990052,lr_shap_list_ir_1_subset_62,lr_shap_list_ir_1
3632,X3,1.9811884596959308,3.055629488756169,2060.435998083768,lr_shap_list_ir_1_subset_62,lr_shap_list_ir_1
3633,X4,0.9519159139983924,0.45414973646366524,989.992550558328,lr_shap_list_ir_1_subset_62,lr_shap_list_ir_1
3634,X5,0.36859103555903494,0.4490819128528337,383.33467698139634,lr_shap_list_ir_1_subset_62,lr_shap_list_ir_1
3635,X6,0.31214150629164245,0.07857064027268265,324.62716654330814,lr_shap_list_ir_1_subset_62,lr_shap_list_ir_1
3636,X1,0.4325676432008868,0.5509768429446659,449.8703489289223,lr_shap_list_ir_4_subset_62,lr_shap_list_ir_4
3637,X2,0.3506460425112291,0.4263975931777155,364.6718842116783,lr_shap_list_ir_4_subset_62,lr_shap_list_ir_4
3638,X3,0.4458816876089895,0.682804042210076,463.71695511334906,lr_shap_list_ir_4_subset_62,lr_shap_list_ir_4
3639,X4,0.7825182927840504,0.5581192018036426,813.8190244954124,lr_shap_list_ir_4_subset_62,lr_shap_list_ir_4
3640,X5,0.9296000712755296,1.0457462829739916,966.7840741265508,lr_shap_list_ir_4_subset_62,lr_shap_list_ir_4
3641,X6,0.1481434188694151,0.040591623386895405,154.0691556241917,lr_shap_list_ir_4_subset_62,lr_shap_list_ir_4
3642,X1,0.5097893605498381,0.5802047328572528,530.1809349718317,lr_shap_list_ir_2_subset_15,lr_shap_list_ir_2
3643,X2,0.6746639084670112,0.8315879635932083,701.6504648056916,lr_shap_list_ir_2_subset_15,lr_shap_list_ir_2
3644,X3,0.3550606169018471,0.5544992153948046,369.263041577921,lr_shap_list_ir_2_subset_15,lr_shap_list_ir_2
3645,X4,0.5424674391132424,0.3086186156488533,564.1661366777721,lr_shap_list_ir_2_subset_15,lr_shap_list_ir_2
3646,X5,0.5498668974151012,0.7034783425098134,571.8615733117052,lr_shap_list_ir_2_subset_15,lr_shap_list_ir_2
3647,X6,0.07317401263972842,0.01678139051400429,76.10097314531755,lr_shap_list_ir_2_subset_15,lr_shap_list_ir_2
3648,X1,0.5293692024579378,0.6057592533977864,550.5439705562553,lr_shap_list_ir_2_subset_107,lr_shap_list_ir_2
3649,X2,0.23275265291338817,0.24433391147827965,242.0627590299237,lr_shap_list_ir_2_subset_107,lr_shap_list_ir_2
3650,X3,0.13934795129734284,0.17268738668120814,144.92186934923654,lr_shap_list_ir_2_subset_107,lr_shap_list_ir_2
3651,X4,0.4875133716477164,0.2957746246740225,507.01390651362505,lr_shap_list_ir_2_subset_107,lr_shap_list_ir_2
3652,X5,0.46645950807869435,0.6950656311575907,485.11788840184215,lr_shap_list_ir_2_subset_107,lr_shap_list_ir_2
3653,X6,0.49170665030492594,0.10341200707799568,511.374916317123,lr_shap_list_ir_2_subset_107,lr_shap_list_ir_2
3654,X1,0.25747953297169357,0.32633630657416873,267.7787142905613,lr_shap_list_ir_2_subset_68,lr_shap_list_ir_2
3655,X2,0.4290222621459387,0.522676253301354,446.18315263177624,lr_shap_list_ir_2_subset_68,lr_shap_list_ir_2
3656,X3,1.0194673404703787,1.2967564859254768,1060.246034089194,lr_shap_list_ir_2_subset_68,lr_shap_list_ir_2
3657,X4,0.6436686518751925,0.3230944762759694,669.4153979502003,lr_shap_list_ir_2_subset_68,lr_shap_list_ir_2
3658,X5,0.31122276694697704,0.6566785192114493,323.6716776248561,lr_shap_list_ir_2_subset_68,lr_shap_list_ir_2
3659,X6,0.30992565596324145,0.0746712689185528,322.3226822017711,lr_shap_list_ir_2_subset_68,lr_shap_list_ir_2
3660,X1,0.5529703391383721,0.6263914917446775,575.089152703907,lr_shap_list_ir_3_subset_129,lr_shap_list_ir_3
3661,X2,0.48318358385847443,0.7135119038792925,502.5109272128134,lr_shap_list_ir_3_subset_129,lr_shap_list_ir_3
3662,X3,0.34959841303936523,0.4222909371457537,363.58234956093986,lr_shap_list_ir_3_subset_129,lr_shap_list_ir_3
3663,X4,0.9181986828569058,0.5552342058107224,954.926630171182,lr_shap_list_ir_3_subset_129,lr_shap_list_ir_3
3664,X5,0.602034674572002,0.8564408742557996,626.1160615548821,lr_shap_list_ir_3_subset_129,lr_shap_list_ir_3
3665,X6,0.18203750090744042,0.04296485024000785,189.31900094373805,lr_shap_list_ir_3_subset_129,lr_shap_list_ir_3
3666,X1,0.09144098621288711,0.12836406682028617,95.0986256614026,lr_shap_list_ir_2_subset_12,lr_shap_list_ir_2
3667,X2,0.2508252852312305,0.2946818626343282,260.8582966404797,lr_shap_list_ir_2_subset_12,lr_shap_list_ir_2
3668,X3,0.8634994323762457,1.4123663361704264,898.0394096712955,lr_shap_list_ir_2_subset_12,lr_shap_list_ir_2
3669,X4,0.8789286021418209,0.45701315978132867,914.0857462274937,lr_shap_list_ir_2_subset_12,lr_shap_list_ir_2
3670,X5,0.4281135082472708,0.42997365242534336,445.23804857716163,lr_shap_list_ir_2_subset_12,lr_shap_list_ir_2
3671,X6,0.34659389753916897,0.07674445289282925,360.4576534407357,lr_shap_list_ir_2_subset_12,lr_shap_list_ir_2
3672,X1,0.6183504496400081,0.7450985325340138,643.0844676256083,lr_shap_list_ir_3_subset_121,lr_shap_list_ir_3
3673,X2,0.35111923487502444,0.5581755671058356,365.16400427002543,lr_shap_list_ir_3_subset_121,lr_shap_list_ir_3
3674,X3,0.3931388370152591,0.6094459711889451,408.86439049586943,lr_shap_list_ir_3_subset_121,lr_shap_list_ir_3
3675,X4,0.6998819891494308,0.3976781692757283,727.877268715408,lr_shap_list_ir_3_subset_121,lr_shap_list_ir_3
3676,X5,0.8467965549419957,1.2749073311157317,880.6684171396755,lr_shap_list_ir_3_subset_121,lr_shap_list_ir_3
3677,X6,0.22036989703341758,0.055382839866824435,229.1846929147543,lr_shap_list_ir_3_subset_121,lr_shap_list_ir_3
3678,X1,0.7528649255287228,0.8770491642845479,782.9795225498717,lr_shap_list_ir_3_subset_96,lr_shap_list_ir_3
3679,X2,0.4807134246122431,0.7263522446796978,499.9419615967328,lr_shap_list_ir_3_subset_96,lr_shap_list_ir_3
3680,X3,0.6762119367891877,0.8869468421829699,703.2604142607552,lr_shap_list_ir_3_subset_96,lr_shap_list_ir_3
3681,X4,0.3648962168749503,0.19907951218422815,379.4920655499483,lr_shap_list_ir_3_subset_96,lr_shap_list_ir_3
3682,X5,0.6783066654545711,0.8763541087205242,705.4389320727539,lr_shap_list_ir_3_subset_96,lr_shap_list_ir_3
3683,X6,0.47174984228547373,0.11094741233841189,490.61983597689266,lr_shap_list_ir_3_subset_96,lr_shap_list_ir_3
3684,X1,0.11249046149896796,0.1107680671701715,116.99007995892669,lr_shap_list_ir_1_subset_126,lr_shap_list_ir_1
3685,X2,1.637705196381052,2.0298913393564275,1703.213404236294,lr_shap_list_ir_1_subset_126,lr_shap_list_ir_1
3686,X3,1.4380614084788874,2.26708119715939,1495.583864818043,lr_shap_list_ir_1_subset_126,lr_shap_list_ir_1
3687,X4,2.103785706384128,1.1014057664921233,2187.937134639493,lr_shap_list_ir_1_subset_126,lr_shap_list_ir_1
3688,X5,0.17392664273432087,0.21703796900168834,180.8837084436937,lr_shap_list_ir_1_subset_126,lr_shap_list_ir_1
3689,X6,0.130206084508611,0.030636363832309055,135.41432788895543,lr_shap_list_ir_1_subset_126,lr_shap_list_ir_1
3690,X1,0.6848063559486459,0.8278391107780326,712.1986101865917,lr_shap_list_ir_2_subset_45,lr_shap_list_ir_2
3691,X2,0.46553118645968156,0.47283874693127503,484.1524339180688,lr_shap_list_ir_2_subset_45,lr_shap_list_ir_2
3692,X3,1.9634689645105818,3.9140447858337635,2042.0077230910051,lr_shap_list_ir_2_subset_45,lr_shap_list_ir_2
3693,X4,0.7228501119884603,0.365225700989415,751.7641164679986,lr_shap_list_ir_2_subset_45,lr_shap_list_ir_2
3694,X5,0.46720655386855187,0.6084706166439854,485.8948160232939,lr_shap_list_ir_2_subset_45,lr_shap_list_ir_2
3695,X6,0.03527006027990996,0.008006335530195603,36.68086269110636,lr_shap_list_ir_2_subset_45,lr_shap_list_ir_2
3696,X1,0.3277889440862527,0.4107180174097229,340.9005018497028,lr_shap_list_ir_3_subset_105,lr_shap_list_ir_3
3697,X2,1.0563610407986719,1.6285738959369196,1098.6154824306188,lr_shap_list_ir_3_subset_105,lr_shap_list_ir_3
3698,X3,0.7185605749686109,1.2114882450591566,747.3029979673554,lr_shap_list_ir_3_subset_105,lr_shap_list_ir_3
3699,X4,1.1462671691633348,0.7246700732582426,1192.1178559298683,lr_shap_list_ir_3_subset_105,lr_shap_list_ir_3
3700,X5,0.6304187476273434,0.9427280126497557,655.6354975324372,lr_shap_list_ir_3_subset_105,lr_shap_list_ir_3
3701,X6,1.3704526063044549,0.34949211278172543,1425.270710556633,lr_shap_list_ir_3_subset_105,lr_shap_list_ir_3
3702,X1,0.22165968986997625,0.28402367159485026,230.5260774647753,lr_shap_list_ir_2_subset_87,lr_shap_list_ir_2
3703,X2,1.0819994658487224,1.467420711149448,1125.2794444826714,lr_shap_list_ir_2_subset_87,lr_shap_list_ir_2
3704,X3,0.23957116855352317,0.3957923012162716,249.1540152956641,lr_shap_list_ir_2_subset_87,lr_shap_list_ir_2
3705,X4,1.3271336309773694,0.7034276149671285,1380.2189762164642,lr_shap_list_ir_2_subset_87,lr_shap_list_ir_2
3706,X5,0.7461426139753657,1.0577725318500673,775.9883185343804,lr_shap_list_ir_2_subset_87,lr_shap_list_ir_2
3707,X6,0.5081076361904825,0.12579363906633412,528.4319416381018,lr_shap_list_ir_2_subset_87,lr_shap_list_ir_2
3708,X1,0.5413341206492598,0.6298022080988037,562.9874854752302,lr_shap_list_ir_5_subset_48,lr_shap_list_ir_5
3709,X2,0.54466220650584,0.8078976676347998,566.4486947660736,lr_shap_list_ir_5_subset_48,lr_shap_list_ir_5
3710,X3,0.7813687701541806,1.7916417235172404,812.6235209603478,lr_shap_list_ir_5_subset_48,lr_shap_list_ir_5
3711,X4,0.9553867918448584,0.6576959955536827,993.6022635186528,lr_shap_list_ir_5_subset_48,lr_shap_list_ir_5
3712,X5,0.7959479919622425,1.1801521773657864,827.7859116407323,lr_shap_list_ir_5_subset_48,lr_shap_list_ir_5
3713,X6,0.3594003932717312,0.0857820312143117,373.7764090026004,lr_shap_list_ir_5_subset_48,lr_shap_list_ir_5
3714,X1,0.2154617961464641,0.41771168906466627,224.08026799232266,lr_shap_list_ir_1_subset_78,lr_shap_list_ir_1
3715,X2,0.6851144408194717,0.7927621823335952,712.5190184522505,lr_shap_list_ir_1_subset_78,lr_shap_list_ir_1
3716,X3,0.9288201484301079,1.3861801354272911,965.9729543673121,lr_shap_list_ir_1_subset_78,lr_shap_list_ir_1
3717,X4,0.7680445851498341,0.3497454128571164,798.7663685558274,lr_shap_list_ir_1_subset_78,lr_shap_list_ir_1
3718,X5,0.35885303460393236,0.47344360957968,373.20715598808965,lr_shap_list_ir_1_subset_78,lr_shap_list_ir_1
3719,X6,0.3000093596580502,0.08045753808272722,312.0097340443722,lr_shap_list_ir_1_subset_78,lr_shap_list_ir_1
3720,X1,0.2322543730828104,0.36887574880275675,241.54454800612282,lr_shap_list_ir_2_subset_66,lr_shap_list_ir_2
3721,X2,0.007854093863758545,0.011730692993713888,8.168257618308887,lr_shap_list_ir_2_subset_66,lr_shap_list_ir_2
3722,X3,0.24212731686511316,0.27659515388584804,251.8124095397177,lr_shap_list_ir_2_subset_66,lr_shap_list_ir_2
3723,X4,0.3002972731015316,0.15161683989866603,312.30916402559285,lr_shap_list_ir_2_subset_66,lr_shap_list_ir_2
3724,X5,0.5829674442123973,0.8896094259117584,606.2861419808933,lr_shap_list_ir_2_subset_66,lr_shap_list_ir_2
3725,X6,0.10981329519715886,0.02716886081593017,114.20582700504522,lr_shap_list_ir_2_subset_66,lr_shap_list_ir_2
3726,X1,0.4440030086986598,0.5934685877404376,461.76312904660614,lr_shap_list_ir_2_subset_29,lr_shap_list_ir_2
3727,X2,0.31191721343102063,0.40273849510815757,324.39390196826145,lr_shap_list_ir_2_subset_29,lr_shap_list_ir_2
3728,X3,0.5548193668879662,0.740897270835299,577.0121415634849,lr_shap_list_ir_2_subset_29,lr_shap_list_ir_2
3729,X4,1.1733366085388028,0.7610494158183289,1220.270072880355,lr_shap_list_ir_2_subset_29,lr_shap_list_ir_2
3730,X5,0.6750227511883635,1.0649483580006067,702.0236612358981,lr_shap_list_ir_2_subset_29,lr_shap_list_ir_2
3731,X6,0.247917752094804,0.05681482902213708,257.83446217859614,lr_shap_list_ir_2_subset_29,lr_shap_list_ir_2
3732,X1,0.465183559245322,0.5609729285511319,483.7909016151349,lr_shap_list_ir_5_subset_137,lr_shap_list_ir_5
3733,X2,0.48182898481309233,0.6984218146123509,501.102144205616,lr_shap_list_ir_5_subset_137,lr_shap_list_ir_5
3734,X3,0.6696782848083301,1.4133327940985,696.4654162006633,lr_shap_list_ir_5_subset_137,lr_shap_list_ir_5
3735,X4,0.8202233403810034,0.5728449938547778,853.0322739962436,lr_shap_list_ir_5_subset_137,lr_shap_list_ir_5
3736,X5,0.9448848510413389,1.3231641184702099,982.6802450829924,lr_shap_list_ir_5_subset_137,lr_shap_list_ir_5
3737,X6,0.4436872690589062,0.11968157671831611,461.43475982126245,lr_shap_list_ir_5_subset_137,lr_shap_list_ir_5
3738,X1,0.9869411256345811,1.1058394807146896,1026.4187706599644,lr_shap_list_ir_2_subset_59,lr_shap_list_ir_2
3739,X2,1.1516048953045304,2.141616516330876,1197.6690911167116,lr_shap_list_ir_2_subset_59,lr_shap_list_ir_2
3740,X3,1.1418763894914334,1.4939334332399699,1187.5514450710907,lr_shap_list_ir_2_subset_59,lr_shap_list_ir_2
3741,X4,0.5151990658311002,0.23966568092826543,535.8070284643442,lr_shap_list_ir_2_subset_59,lr_shap_list_ir_2
3742,X5,0.4403378124205444,0.5573188823928902,457.9513249173662,lr_shap_list_ir_2_subset_59,lr_shap_list_ir_2
3743,X6,0.8407132457474522,0.18121905242166308,874.3417755773503,lr_shap_list_ir_2_subset_59,lr_shap_list_ir_2
3744,X1,0.4440376479948164,0.5017215514493237,461.799153914609,lr_shap_list_ir_3_subset_110,lr_shap_list_ir_3
3745,X2,0.32720380461389365,0.4408515006006251,340.2919567984494,lr_shap_list_ir_3_subset_110,lr_shap_list_ir_3
3746,X3,1.0390064501680856,1.6954308166208358,1080.566708174809,lr_shap_list_ir_3_subset_110,lr_shap_list_ir_3
3747,X4,0.5779354113522511,0.34742090091143996,601.0528278063412,lr_shap_list_ir_3_subset_110,lr_shap_list_ir_3
3748,X5,0.5889670847764223,0.6333057474901524,612.5257681674792,lr_shap_list_ir_3_subset_110,lr_shap_list_ir_3
3749,X6,0.6495124398340805,0.19338780151974888,675.4929374274437,lr_shap_list_ir_3_subset_110,lr_shap_list_ir_3
3750,X1,0.8540396909782555,1.1494672196841542,888.2012786173857,lr_shap_list_ir_1_subset_131,lr_shap_list_ir_1
3751,X2,2.2417148933028126,2.8012488519036474,2331.383489034925,lr_shap_list_ir_1_subset_131,lr_shap_list_ir_1
3752,X3,0.34432973093421687,0.5523617295600528,358.10292017158554,lr_shap_list_ir_1_subset_131,lr_shap_list_ir_1
3753,X4,1.0055226616781663,0.5410315619723247,1045.743568145293,lr_shap_list_ir_1_subset_131,lr_shap_list_ir_1
3754,X5,0.29710680443737414,0.3394165245886234,308.9910766148691,lr_shap_list_ir_1_subset_131,lr_shap_list_ir_1
3755,X6,1.5179924096994966,0.3500725028657428,1578.7121060874765,lr_shap_list_ir_1_subset_131,lr_shap_list_ir_1
3756,X1,0.21946797719298589,0.33418274945816356,228.24669628070532,lr_shap_list_ir_3_subset_107,lr_shap_list_ir_3
3757,X2,0.2912030431995437,0.477736608292635,302.8511649275255,lr_shap_list_ir_3_subset_107,lr_shap_list_ir_3
3758,X3,0.7145805726090148,0.9746468367600702,743.1637955133754,lr_shap_list_ir_3_subset_107,lr_shap_list_ir_3
3759,X4,0.8170324819974186,0.44568543720903536,849.7137812773153,lr_shap_list_ir_3_subset_107,lr_shap_list_ir_3
3760,X5,0.5270870423106528,0.7090788898790045,548.170524003079,lr_shap_list_ir_3_subset_107,lr_shap_list_ir_3
3761,X6,0.27415573162074497,0.06741239255761479,285.12196088557477,lr_shap_list_ir_3_subset_107,lr_shap_list_ir_3
3762,X1,2.6605471389157795,3.201666528819128,2766.9690244724106,lr_shap_list_ir_1_subset_71,lr_shap_list_ir_1
3763,X2,4.477009613554472,5.82156036963448,4656.089998096651,lr_shap_list_ir_1_subset_71,lr_shap_list_ir_1
3764,X3,0.26118065541231694,0.5370493911101891,271.62788162880963,lr_shap_list_ir_1_subset_71,lr_shap_list_ir_1
3765,X4,5.918078199209415,2.8054140252871558,6154.801327177791,lr_shap_list_ir_1_subset_71,lr_shap_list_ir_1
3766,X5,1.8239686147114507,2.320670444706958,1896.9273592999086,lr_shap_list_ir_1_subset_71,lr_shap_list_ir_1
3767,X6,9.558644200974232,2.496984418321018,9940.9899690132,lr_shap_list_ir_1_subset_71,lr_shap_list_ir_1
3768,X1,0.25871420402405665,0.32830454365006617,269.0627721850189,lr_shap_list_ir_2_subset_96,lr_shap_list_ir_2
3769,X2,0.28229437310751815,0.4515173818810612,293.5861480318189,lr_shap_list_ir_2_subset_96,lr_shap_list_ir_2
3770,X3,0.2816550124482271,0.5102784793950055,292.9212129461562,lr_shap_list_ir_2_subset_96,lr_shap_list_ir_2
3771,X4,1.149115648258855,0.6278064918032643,1195.0802741892091,lr_shap_list_ir_2_subset_96,lr_shap_list_ir_2
3772,X5,0.7374957065321383,0.9818514913535029,766.9955347934238,lr_shap_list_ir_2_subset_96,lr_shap_list_ir_2
3773,X6,0.4560939604259673,0.10839194270055247,474.337718843006,lr_shap_list_ir_2_subset_96,lr_shap_list_ir_2
3774,X1,0.30014506466519564,0.4706287130307149,312.15086725180345,lr_shap_list_ir_2_subset_55,lr_shap_list_ir_2
3775,X2,0.2017121247357905,0.2794410076273474,209.78060972522212,lr_shap_list_ir_2_subset_55,lr_shap_list_ir_2
3776,X3,1.5087228263309644,2.1962631333374234,1569.071739384203,lr_shap_list_ir_2_subset_55,lr_shap_list_ir_2
3777,X4,0.6439508345097804,0.39793370154493446,669.7088678901716,lr_shap_list_ir_2_subset_55,lr_shap_list_ir_2
3778,X5,0.6525813802156699,0.8867437914998549,678.6846354242967,lr_shap_list_ir_2_subset_55,lr_shap_list_ir_2
3779,X6,1.0790746831806963,0.28207977460126393,1122.2376705079241,lr_shap_list_ir_2_subset_55,lr_shap_list_ir_2
3780,X1,0.49054275437199824,0.6516791036630051,510.16446454687815,lr_shap_list_ir_5_subset_64,lr_shap_list_ir_5
3781,X2,0.433835325073932,0.6283768908567545,451.1887380768893,lr_shap_list_ir_5_subset_64,lr_shap_list_ir_5
3782,X3,0.5978355161688178,0.8422984747587657,621.7489368155705,lr_shap_list_ir_5_subset_64,lr_shap_list_ir_5
3783,X4,0.8064987705604025,0.5808990267728745,838.7587213828186,lr_shap_list_ir_5_subset_64,lr_shap_list_ir_5
3784,X5,0.9753456040898741,1.0294550197870278,1014.3594282534691,lr_shap_list_ir_5_subset_64,lr_shap_list_ir_5
3785,X6,0.1912029197463282,0.0740165774779911,198.8510365361813,lr_shap_list_ir_5_subset_64,lr_shap_list_ir_5
3786,X1,0.3030217412732436,0.4350174577638194,315.14261092417337,lr_shap_list_ir_3_subset_115,lr_shap_list_ir_3
3787,X2,1.1934137798278492,1.4550839782594922,1241.1503310209632,lr_shap_list_ir_3_subset_115,lr_shap_list_ir_3
3788,X3,1.2636867571646369,2.281392710131442,1314.2342274512223,lr_shap_list_ir_3_subset_115,lr_shap_list_ir_3
3789,X4,1.0074955721550483,0.6348905189062878,1047.7953950412502,lr_shap_list_ir_3_subset_115,lr_shap_list_ir_3
3790,X5,0.4514015893525665,0.6342764582311097,469.4576529266692,lr_shap_list_ir_3_subset_115,lr_shap_list_ir_3
3791,X6,0.5036691917485071,0.12073234822770543,523.8159594184474,lr_shap_list_ir_3_subset_115,lr_shap_list_ir_3
3792,X1,0.8095525764424689,1.106548404623158,841.9346795001677,lr_shap_list_ir_1_subset_120,lr_shap_list_ir_1
3793,X2,3.57165400951763,5.037827135936679,3714.520169898335,lr_shap_list_ir_1_subset_120,lr_shap_list_ir_1
3794,X3,0.2420800973391808,0.3402511044793764,251.763301232748,lr_shap_list_ir_1_subset_120,lr_shap_list_ir_1
3795,X4,2.6385412674594817,1.2218197381212945,2744.082918157861,lr_shap_list_ir_1_subset_120,lr_shap_list_ir_1
3796,X5,0.6959288208077654,0.8659716511233235,723.765973640076,lr_shap_list_ir_1_subset_120,lr_shap_list_ir_1
3797,X6,7.2366794671886066,1.6479678025928415,7526.146645876151,lr_shap_list_ir_1_subset_120,lr_shap_list_ir_1
3798,X1,0.18396061117411627,0.23352965113501784,191.31903562108093,lr_shap_list_ir_1_subset_90,lr_shap_list_ir_1
3799,X2,1.80756334708949,2.680079503158044,1879.8658809730696,lr_shap_list_ir_1_subset_90,lr_shap_list_ir_1
3800,X3,1.6264419009745805,1.867990999029014,1691.4995770135638,lr_shap_list_ir_1_subset_90,lr_shap_list_ir_1
3801,X4,2.621527159244012,1.2201850534639025,2726.3882456137726,lr_shap_list_ir_1_subset_90,lr_shap_list_ir_1
3802,X5,0.33784863276489957,0.4987637819142309,351.36257807549555,lr_shap_list_ir_1_subset_90,lr_shap_list_ir_1
3803,X6,0.5833123625287238,0.13418178075639084,606.6448570298727,lr_shap_list_ir_1_subset_90,lr_shap_list_ir_1
3804,X1,0.3518532515696409,0.44701987161845813,365.92738163242655,lr_shap_list_ir_5_subset_144,lr_shap_list_ir_5
3805,X2,0.6453407916919972,1.005070836348504,671.1544233596771,lr_shap_list_ir_5_subset_144,lr_shap_list_ir_5
3806,X3,0.590919858996557,0.7308296018043784,614.5566533564192,lr_shap_list_ir_5_subset_144,lr_shap_list_ir_5
3807,X4,0.9850308928026568,0.6933739168986549,1024.432128514763,lr_shap_list_ir_5_subset_144,lr_shap_list_ir_5
3808,X5,0.9276452936490974,1.046503305830047,964.7511053950614,lr_shap_list_ir_5_subset_144,lr_shap_list_ir_5
3809,X6,0.24882859303314755,0.09103553911163571,258.78173675447346,lr_shap_list_ir_5_subset_144,lr_shap_list_ir_5
3810,X1,0.15343348638501283,0.2808794243354232,159.57082584041333,lr_shap_list_ir_4_subset_57,lr_shap_list_ir_4
3811,X2,0.5230150746952826,0.7204629391853907,543.9356776830939,lr_shap_list_ir_4_subset_57,lr_shap_list_ir_4
3812,X3,0.6337932731044508,1.3894115738294504,659.1450040286288,lr_shap_list_ir_4_subset_57,lr_shap_list_ir_4
3813,X4,1.0690887077883444,0.7182954065420785,1111.852256099878,lr_shap_list_ir_4_subset_57,lr_shap_list_ir_4
3814,X5,0.8510632762384994,1.0305977563884794,885.1058072880394,lr_shap_list_ir_4_subset_57,lr_shap_list_ir_4
3815,X6,0.0005100985343219782,0.00012159158542994177,0.5305024756948573,lr_shap_list_ir_4_subset_57,lr_shap_list_ir_4
3816,X1,0.6342455462244702,0.8181513259784099,659.615368073449,lr_shap_list_ir_2_subset_60,lr_shap_list_ir_2
3817,X2,1.2832815227875212,1.9298365507704296,1334.612783699022,lr_shap_list_ir_2_subset_60,lr_shap_list_ir_2
3818,X3,0.49649446695199745,0.6990698564233094,516.3542456300773,lr_shap_list_ir_2_subset_60,lr_shap_list_ir_2
3819,X4,0.8766389979225611,0.4842391244644442,911.7045578394635,lr_shap_list_ir_2_subset_60,lr_shap_list_ir_2
3820,X5,0.35244128396239494,0.6958117342876478,366.53893532089074,lr_shap_list_ir_2_subset_60,lr_shap_list_ir_2
3821,X6,0.8001305602442944,0.1897906367062729,832.1357826540661,lr_shap_list_ir_2_subset_60,lr_shap_list_ir_2
3822,X1,0.3055391740977619,0.38527329180957365,317.7607410616724,lr_shap_list_ir_5_subset_121,lr_shap_list_ir_5
3823,X2,0.3671026557013904,0.4583352554544019,381.786761929446,lr_shap_list_ir_5_subset_121,lr_shap_list_ir_5
3824,X3,0.5930411457239451,0.9220670048205051,616.7627915529029,lr_shap_list_ir_5_subset_121,lr_shap_list_ir_5
3825,X4,0.8471166176301262,0.6235316815864022,881.0012823353313,lr_shap_list_ir_5_subset_121,lr_shap_list_ir_5
3826,X5,1.009524390569572,1.401126920316719,1049.905366192355,lr_shap_list_ir_5_subset_121,lr_shap_list_ir_5
3827,X6,0.07932995722318519,0.020226835855172973,82.5031555121126,lr_shap_list_ir_5_subset_121,lr_shap_list_ir_5
3828,X1,0.4811143528902927,0.6165918030167042,500.3589270059044,lr_shap_list_ir_5_subset_36,lr_shap_list_ir_5
3829,X2,0.48613270763776395,0.6745805578242619,505.5780159432745,lr_shap_list_ir_5_subset_36,lr_shap_list_ir_5
3830,X3,0.8674335701259072,1.035081541852366,902.1309129309434,lr_shap_list_ir_5_subset_36,lr_shap_list_ir_5
3831,X4,1.0397062234472159,0.7919197433055988,1081.2944723851044,lr_shap_list_ir_5_subset_36,lr_shap_list_ir_5
3832,X5,0.8450339608110957,0.980815622332096,878.8353192435395,lr_shap_list_ir_5_subset_36,lr_shap_list_ir_5
3833,X6,0.17746797304459236,0.06043950215198729,184.56669196637606,lr_shap_list_ir_5_subset_36,lr_shap_list_ir_5
3834,X1,0.38278480635818474,0.49056715962297576,398.0961986125121,lr_shap_list_ir_2_subset_52,lr_shap_list_ir_2
3835,X2,0.19543773810765136,0.29361618723316113,203.25524763195742,lr_shap_list_ir_2_subset_52,lr_shap_list_ir_2
3836,X3,0.08008719284030348,0.17371625481237984,83.29068055391562,lr_shap_list_ir_2_subset_52,lr_shap_list_ir_2
3837,X4,0.9273751700215572,0.4696476829151406,964.4701768224195,lr_shap_list_ir_2_subset_52,lr_shap_list_ir_2
3838,X5,0.533735136643429,1.0409716808918688,555.0845421091661,lr_shap_list_ir_2_subset_52,lr_shap_list_ir_2
3839,X6,0.5398255001560043,0.15962421928485052,561.4185201622445,lr_shap_list_ir_2_subset_52,lr_shap_list_ir_2
3840,X1,0.5017480533362456,0.5968946327335094,521.8179754696954,lr_shap_list_ir_5_subset_15,lr_shap_list_ir_5
3841,X2,0.5723411674075783,0.6764249840860541,595.2348141038815,lr_shap_list_ir_5_subset_15,lr_shap_list_ir_5
3842,X3,0.818432913763569,1.0322277362051102,851.1702303141117,lr_shap_list_ir_5_subset_15,lr_shap_list_ir_5
3843,X4,0.9739463301416501,0.6814475856407443,1012.9041833473161,lr_shap_list_ir_5_subset_15,lr_shap_list_ir_5
3844,X5,1.085651426471042,1.2710251179195229,1129.0774835298837,lr_shap_list_ir_5_subset_15,lr_shap_list_ir_5
3845,X6,0.024651008914666796,0.009346636405703617,25.637049271253467,lr_shap_list_ir_5_subset_15,lr_shap_list_ir_5
3846,X1,0.26537608213233965,0.3552419476921455,275.9911254176332,lr_shap_list_ir_2_subset_85,lr_shap_list_ir_2
3847,X2,0.21283629332668486,0.3057605577576909,221.34974505975225,lr_shap_list_ir_2_subset_85,lr_shap_list_ir_2
3848,X3,0.1610467086611857,0.19030127312804873,167.48857700763313,lr_shap_list_ir_2_subset_85,lr_shap_list_ir_2
3849,X4,0.8561780192933958,0.47341171928538966,890.4251400651316,lr_shap_list_ir_2_subset_85,lr_shap_list_ir_2
3850,X5,0.8076695369523097,1.2011391836967182,839.9763184304021,lr_shap_list_ir_2_subset_85,lr_shap_list_ir_2
3851,X6,0.7389316738501649,0.17569360181486726,768.4889408041715,lr_shap_list_ir_2_subset_85,lr_shap_list_ir_2
3852,X1,0.4420557616588421,0.5277386826622941,459.7379921251958,lr_shap_list_ir_4_subset_40,lr_shap_list_ir_4
3853,X2,0.5090711354375037,0.7015186121424101,529.4339808550038,lr_shap_list_ir_4_subset_40,lr_shap_list_ir_4
3854,X3,0.7030767257115907,1.108374164958743,731.1997947400544,lr_shap_list_ir_4_subset_40,lr_shap_list_ir_4
3855,X4,1.231243493099653,0.7788050175784054,1280.4932328236391,lr_shap_list_ir_4_subset_40,lr_shap_list_ir_4
3856,X5,0.5523735990978677,0.6903806351641666,574.4685430617824,lr_shap_list_ir_4_subset_40,lr_shap_list_ir_4
3857,X6,0.008033448509980246,0.002404017199362606,8.354786450379455,lr_shap_list_ir_4_subset_40,lr_shap_list_ir_4
3858,X1,0.4189820500334568,0.44670039601866607,435.74133203479505,lr_shap_list_ir_5_subset_116,lr_shap_list_ir_5
3859,X2,0.6221640259054583,0.5776957696105947,647.0505869416766,lr_shap_list_ir_5_subset_116,lr_shap_list_ir_5
3860,X3,0.5074932034281894,0.7305685441295825,527.792931565317,lr_shap_list_ir_5_subset_116,lr_shap_list_ir_5
3861,X4,0.8455958869059471,0.6235923941249178,879.419722382185,lr_shap_list_ir_5_subset_116,lr_shap_list_ir_5
3862,X5,1.1783947956869434,1.3744602831624484,1225.530587514421,lr_shap_list_ir_5_subset_116,lr_shap_list_ir_5
3863,X6,0.2951618344842006,0.09867273966230863,306.9683078635686,lr_shap_list_ir_5_subset_116,lr_shap_list_ir_5
3864,X1,0.5674214946442657,0.6947109779644958,590.1183544300363,lr_shap_list_ir_4_subset_118,lr_shap_list_ir_4
3865,X2,1.035782247886148,1.6570376798826183,1077.213537801594,lr_shap_list_ir_4_subset_118,lr_shap_list_ir_4
3866,X3,0.7726133336180516,0.9622904716177952,803.5178669627737,lr_shap_list_ir_4_subset_118,lr_shap_list_ir_4
3867,X4,1.0791821378676345,0.6512400461260209,1122.3494233823399,lr_shap_list_ir_4_subset_118,lr_shap_list_ir_4
3868,X5,0.6560498404661494,0.9741381451398077,682.2918340847955,lr_shap_list_ir_4_subset_118,lr_shap_list_ir_4
3869,X6,0.022948586402129666,0.0052138778195516735,23.866529858214854,lr_shap_list_ir_4_subset_118,lr_shap_list_ir_4
3870,X1,0.2835732259414975,0.4060868314909543,294.9161549791574,lr_shap_list_ir_4_subset_136,lr_shap_list_ir_4
3871,X2,0.4054658460905388,0.6755073712398606,421.6844799341604,lr_shap_list_ir_4_subset_136,lr_shap_list_ir_4
3872,X3,0.9790916941850093,1.6835340171593214,1018.2553619524097,lr_shap_list_ir_4_subset_136,lr_shap_list_ir_4
3873,X4,0.9932922675538229,0.6089481749786603,1033.023958255976,lr_shap_list_ir_4_subset_136,lr_shap_list_ir_4
3874,X5,0.5892095065646806,0.8937564829721681,612.7778868272678,lr_shap_list_ir_4_subset_136,lr_shap_list_ir_4
3875,X6,0.13186949382970256,0.0386330787581663,137.14427358289066,lr_shap_list_ir_4_subset_136,lr_shap_list_ir_4
3876,X1,0.23520453840201735,0.3164762011370052,244.61271993809805,lr_shap_list_ir_2_subset_44,lr_shap_list_ir_2
3877,X2,0.6423424048161612,0.8452802827112419,668.0361010088077,lr_shap_list_ir_2_subset_44,lr_shap_list_ir_2
3878,X3,1.5449496525857402,3.1183796589524886,1606.74763868917,lr_shap_list_ir_2_subset_44,lr_shap_list_ir_2
3879,X4,0.9181389185450749,0.562111905958717,954.8644752868779,lr_shap_list_ir_2_subset_44,lr_shap_list_ir_2
3880,X5,0.4041848521666624,0.7385730069462213,420.3522462533289,lr_shap_list_ir_2_subset_44,lr_shap_list_ir_2
3881,X6,0.539350337831814,0.12741932986329402,560.9243513450865,lr_shap_list_ir_2_subset_44,lr_shap_list_ir_2
3882,X1,0.6469494575194911,0.6787390395513848,672.8274358202707,lr_shap_list_ir_5_subset_14,lr_shap_list_ir_5
3883,X2,0.6683681279384612,0.9008863988866306,695.1028530559997,lr_shap_list_ir_5_subset_14,lr_shap_list_ir_5
3884,X3,0.6941228081083707,1.2164343732998053,721.8877204327055,lr_shap_list_ir_5_subset_14,lr_shap_list_ir_5
3885,X4,1.104569505916714,0.7637485371006433,1148.7522861533826,lr_shap_list_ir_5_subset_14,lr_shap_list_ir_5
3886,X5,1.041658919781318,1.1764454952143861,1083.3252765725706,lr_shap_list_ir_5_subset_14,lr_shap_list_ir_5
3887,X6,0.04301153674563924,0.010718967938646518,44.73199821546481,lr_shap_list_ir_5_subset_14,lr_shap_list_ir_5
3888,X1,0.6844621714871814,0.8038321169000175,711.8406583466686,lr_shap_list_ir_5_subset_102,lr_shap_list_ir_5
3889,X2,0.8186687557387461,0.9218844543834317,851.415505968296,lr_shap_list_ir_5_subset_102,lr_shap_list_ir_5
3890,X3,0.5201607402251797,0.8939996268419534,540.9671698341868,lr_shap_list_ir_5_subset_102,lr_shap_list_ir_5
3891,X4,0.6985512494326909,0.5261212506902787,726.4932994099985,lr_shap_list_ir_5_subset_102,lr_shap_list_ir_5
3892,X5,1.0468926944796657,1.2474656893058276,1088.7684022588523,lr_shap_list_ir_5_subset_102,lr_shap_list_ir_5
3893,X6,0.1433611858831714,0.060138038756939585,149.09563331849824,lr_shap_list_ir_5_subset_102,lr_shap_list_ir_5
3894,X1,0.1454548282274726,0.2236008653846905,151.27302135657152,lr_shap_list_ir_2_subset_122,lr_shap_list_ir_2
3895,X2,0.29260440083934686,0.4135415017604512,304.30857687292075,lr_shap_list_ir_2_subset_122,lr_shap_list_ir_2
3896,X3,1.2268192120415287,2.173263431381839,1275.8919805231899,lr_shap_list_ir_2_subset_122,lr_shap_list_ir_2
3897,X4,0.9057190154694247,0.5441164820844746,941.9477760882016,lr_shap_list_ir_2_subset_122,lr_shap_list_ir_2
3898,X5,0.4327136721002126,0.6834470756931808,450.0222189842211,lr_shap_list_ir_2_subset_122,lr_shap_list_ir_2
3899,X6,0.4830761719655379,0.11763854811610547,502.39921884415946,lr_shap_list_ir_2_subset_122,lr_shap_list_ir_2
3900,X1,0.17858397769581486,0.24838315450232265,185.72733680364746,lr_shap_list_ir_2_subset_76,lr_shap_list_ir_2
3901,X2,2.4255795795200967,2.717752576517559,2522.6027627009007,lr_shap_list_ir_2_subset_76,lr_shap_list_ir_2
3902,X3,1.2721585556515842,1.8347844926647838,1323.0448978776476,lr_shap_list_ir_2_subset_76,lr_shap_list_ir_2
3903,X4,1.9439344989543093,1.018226182567353,2021.6918789124816,lr_shap_list_ir_2_subset_76,lr_shap_list_ir_2
3904,X5,0.3335371026390624,0.49254758311850305,346.8785867446249,lr_shap_list_ir_2_subset_76,lr_shap_list_ir_2
3905,X6,0.6973535515254342,0.15261741703215773,725.2476935864515,lr_shap_list_ir_2_subset_76,lr_shap_list_ir_2
3906,X1,0.15020719942811825,0.2053403085129542,156.21548740524298,lr_shap_list_ir_1_subset_35,lr_shap_list_ir_1
3907,X2,1.3363156822773883,1.4418485993473957,1389.7683095684838,lr_shap_list_ir_1_subset_35,lr_shap_list_ir_1
3908,X3,0.5142148267442016,0.8418622731690721,534.7834198139697,lr_shap_list_ir_1_subset_35,lr_shap_list_ir_1
3909,X4,1.411913350571103,0.7495682380231932,1468.389884593947,lr_shap_list_ir_1_subset_35,lr_shap_list_ir_1
3910,X5,0.5822645504113979,0.6831461027086543,605.5551324278538,lr_shap_list_ir_1_subset_35,lr_shap_list_ir_1
3911,X6,0.6865164573266445,0.17043377799936735,713.9771156197103,lr_shap_list_ir_1_subset_35,lr_shap_list_ir_1
3912,X1,0.8926388033531741,0.9057988362053672,928.3443554873011,lr_shap_list_ir_2_subset_24,lr_shap_list_ir_2
3913,X2,1.2031816445403969,1.659298297018514,1251.3089103220127,lr_shap_list_ir_2_subset_24,lr_shap_list_ir_2
3914,X3,1.1380919974863604,1.8158169644690083,1183.6156773858147,lr_shap_list_ir_2_subset_24,lr_shap_list_ir_2
3915,X4,0.8959911240791393,0.4607806865472881,931.8307690423048,lr_shap_list_ir_2_subset_24,lr_shap_list_ir_2
3916,X5,0.4086053517772516,0.43451388857047013,424.94956584834165,lr_shap_list_ir_2_subset_24,lr_shap_list_ir_2
3917,X6,0.06160924545003569,0.013417571232859105,64.07361526803712,lr_shap_list_ir_2_subset_24,lr_shap_list_ir_2
3918,X1,1.4391875491116966,2.0057202463772437,1496.7550510761644,lr_shap_list_ir_1_subset_43,lr_shap_list_ir_1
3919,X2,1.966836402086541,2.826753546280838,2045.5098581700026,lr_shap_list_ir_1_subset_43,lr_shap_list_ir_1
3920,X3,0.045684209693134574,0.04574934200546006,47.511578080859955,lr_shap_list_ir_1_subset_43,lr_shap_list_ir_1
3921,X4,0.36577517203146725,0.1856931369738509,380.4061789127259,lr_shap_list_ir_1_subset_43,lr_shap_list_ir_1
3922,X5,0.27302841217765667,0.37508216568562613,283.9495486647629,lr_shap_list_ir_1_subset_43,lr_shap_list_ir_1
3923,X6,1.1747830042977792,0.2591605108256874,1221.7743244696903,lr_shap_list_ir_1_subset_43,lr_shap_list_ir_1
3924,X1,0.46313960003500865,0.57333604925918,481.665184036409,lr_shap_list_ir_5_subset_49,lr_shap_list_ir_5
3925,X2,0.5231276102473654,0.7714837403014231,544.05271465726,lr_shap_list_ir_5_subset_49,lr_shap_list_ir_5
3926,X3,0.5138087472607613,0.946848382209198,534.3610971511918,lr_shap_list_ir_5_subset_49,lr_shap_list_ir_5
3927,X4,1.0423271197813575,0.7550392367158797,1084.0202045726119,lr_shap_list_ir_5_subset_49,lr_shap_list_ir_5
3928,X5,0.9986738225126089,1.1745932270998583,1038.6207754131133,lr_shap_list_ir_5_subset_49,lr_shap_list_ir_5
3929,X6,0.1604452321267816,0.04037095660598623,166.86304141185286,lr_shap_list_ir_5_subset_49,lr_shap_list_ir_5
3930,X1,0.035306156967641604,0.04032389594965392,36.718403246347265,lr_shap_list_ir_1_subset_54,lr_shap_list_ir_1
3931,X2,4.820658358000282,6.372438601243176,5013.484692320293,lr_shap_list_ir_1_subset_54,lr_shap_list_ir_1
3932,X3,4.35023269925385,5.395092366583494,4524.242007224004,lr_shap_list_ir_1_subset_54,lr_shap_list_ir_1
3933,X4,0.6366696467217279,0.279118802120487,662.136432590597,lr_shap_list_ir_1_subset_54,lr_shap_list_ir_1
3934,X5,0.404204939867296,0.60604237813774,420.3731374619878,lr_shap_list_ir_1_subset_54,lr_shap_list_ir_1
3935,X6,2.0518559383034134,0.467543795006146,2133.93017583555,lr_shap_list_ir_1_subset_54,lr_shap_list_ir_1
3936,X1,0.15578170604252625,0.2027726290400102,162.0129742842273,lr_shap_list_ir_3_subset_94,lr_shap_list_ir_3
3937,X2,0.46234826438967946,0.5917145387175443,480.84219496526663,lr_shap_list_ir_3_subset_94,lr_shap_list_ir_3
3938,X3,1.1165575282580944,2.260212752522132,1161.2198293884182,lr_shap_list_ir_3_subset_94,lr_shap_list_ir_3
3939,X4,1.0925586081094973,0.6719472970630901,1136.2609524338773,lr_shap_list_ir_3_subset_94,lr_shap_list_ir_3
3940,X5,0.6978023326479843,0.9718715581541496,725.7144259539036,lr_shap_list_ir_3_subset_94,lr_shap_list_ir_3
3941,X6,0.34358542788977975,0.0799057115501825,357.32884500537097,lr_shap_list_ir_3_subset_94,lr_shap_list_ir_3
3942,X1,0.08620855206747446,0.09786514672740339,89.65689415017344,lr_shap_list_ir_2_subset_51,lr_shap_list_ir_2
3943,X2,0.2244985814490896,0.2919083232143087,233.4785247070532,lr_shap_list_ir_2_subset_51,lr_shap_list_ir_2
3944,X3,1.0208610898947028,1.6838102856058874,1061.695533490491,lr_shap_list_ir_2_subset_51,lr_shap_list_ir_2
3945,X4,0.5002861301089442,0.3171770643875296,520.297575313302,lr_shap_list_ir_2_subset_51,lr_shap_list_ir_2
3946,X5,0.4947455385593209,0.8303216120374454,514.5353601016938,lr_shap_list_ir_2_subset_51,lr_shap_list_ir_2
3947,X6,1.0456855633364477,0.23765937695198242,1087.5129858699056,lr_shap_list_ir_2_subset_51,lr_shap_list_ir_2
3948,X1,0.5476532014545055,0.5952769328016723,569.5593295126857,lr_shap_list_ir_4_subset_31,lr_shap_list_ir_4
3949,X2,0.6391744943874945,0.9596521710818683,664.7414741629943,lr_shap_list_ir_4_subset_31,lr_shap_list_ir_4
3950,X3,0.9777047737196065,1.0176664963968975,1016.8129646683908,lr_shap_list_ir_4_subset_31,lr_shap_list_ir_4
3951,X4,1.2258982931713724,0.8342743257710575,1274.9342248982273,lr_shap_list_ir_4_subset_31,lr_shap_list_ir_4
3952,X5,0.7041468746718599,0.9500499617019947,732.3127496587342,lr_shap_list_ir_4_subset_31,lr_shap_list_ir_4
3953,X6,0.24776561319854037,0.059516403535023105,257.676237726482,lr_shap_list_ir_4_subset_31,lr_shap_list_ir_4
3954,X1,0.5204888148052814,0.6927405036781039,541.3083673974927,lr_shap_list_ir_2_subset_118,lr_shap_list_ir_2
3955,X2,0.3460765526823037,0.49482814799448277,359.91961478959587,lr_shap_list_ir_2_subset_118,lr_shap_list_ir_2
3956,X3,0.41352484447954496,0.5663856597349022,430.0658382587268,lr_shap_list_ir_2_subset_118,lr_shap_list_ir_2
3957,X4,0.8373319018581252,0.48674968962787263,870.8251779324503,lr_shap_list_ir_2_subset_118,lr_shap_list_ir_2
3958,X5,0.5728979618763363,0.7039987839811713,595.8138803513898,lr_shap_list_ir_2_subset_118,lr_shap_list_ir_2
3959,X6,0.007396567180262622,0.0016289187382474203,7.692429867473127,lr_shap_list_ir_2_subset_118,lr_shap_list_ir_2
3960,X1,0.46646758622655493,0.7145430588450544,485.1262896756171,lr_shap_list_ir_2_subset_134,lr_shap_list_ir_2
3961,X2,0.6026295424679302,0.8972029100464451,626.7347241666474,lr_shap_list_ir_2_subset_134,lr_shap_list_ir_2
3962,X3,0.9633162851329508,1.5154639756609485,1001.8489365382687,lr_shap_list_ir_2_subset_134,lr_shap_list_ir_2
3963,X4,0.8366054033931809,0.5742535957137723,870.0696195289081,lr_shap_list_ir_2_subset_134,lr_shap_list_ir_2
3964,X5,0.37372852551208285,0.6032062619389292,388.67766653256615,lr_shap_list_ir_2_subset_134,lr_shap_list_ir_2
3965,X6,0.18464877914653285,0.04376525176646326,192.03473031239417,lr_shap_list_ir_2_subset_134,lr_shap_list_ir_2
3966,X1,0.3297155080924095,0.47165300931972187,342.9041284161059,lr_shap_list_ir_4_subset_108,lr_shap_list_ir_4
3967,X2,0.3415851608475986,0.5065728023689953,355.2485672815026,lr_shap_list_ir_4_subset_108,lr_shap_list_ir_4
3968,X3,0.7391708690250756,1.2665306365632478,768.7377037860786,lr_shap_list_ir_4_subset_108,lr_shap_list_ir_4
3969,X4,1.2400090642512789,0.8685836940975598,1289.60942682133,lr_shap_list_ir_4_subset_108,lr_shap_list_ir_4
3970,X5,0.560524935274201,0.9497786857033967,582.945932685169,lr_shap_list_ir_4_subset_108,lr_shap_list_ir_4
3971,X6,0.1679058130642881,0.039222056376413864,174.6220455868596,lr_shap_list_ir_4_subset_108,lr_shap_list_ir_4
3972,X1,0.6186213830445793,0.7415460046958866,643.3662383663624,lr_shap_list_ir_4_subset_61,lr_shap_list_ir_4
3973,X2,0.488273429781208,0.589511405533747,507.80436697245636,lr_shap_list_ir_4_subset_61,lr_shap_list_ir_4
3974,X3,0.45390410141053694,0.5133089429952078,472.0602654669584,lr_shap_list_ir_4_subset_61,lr_shap_list_ir_4
3975,X4,0.9970128011408563,0.6597772380512914,1036.8933131864906,lr_shap_list_ir_4_subset_61,lr_shap_list_ir_4
3976,X5,0.7371659558739634,1.1625440515985528,766.6525941089219,lr_shap_list_ir_4_subset_61,lr_shap_list_ir_4
3977,X6,0.16264983923994522,0.04824522216097593,169.15583280954303,lr_shap_list_ir_4_subset_61,lr_shap_list_ir_4
3978,X1,0.36576635892146037,0.4224804472764756,380.3970132783188,lr_shap_list_ir_3_subset_58,lr_shap_list_ir_3
3979,X2,0.4994694329767924,0.49642448782820314,519.4482102958641,lr_shap_list_ir_3_subset_58,lr_shap_list_ir_3
3980,X3,0.7832063299793709,1.0289458509418516,814.5345831785457,lr_shap_list_ir_3_subset_58,lr_shap_list_ir_3
3981,X4,1.2555890702282841,0.8449242132237432,1305.8126330374155,lr_shap_list_ir_3_subset_58,lr_shap_list_ir_3
3982,X5,0.9602823457480373,1.2092072327428671,998.6936395779587,lr_shap_list_ir_3_subset_58,lr_shap_list_ir_3
3983,X6,0.20237383456239635,0.06664247841428714,210.4687879448922,lr_shap_list_ir_3_subset_58,lr_shap_list_ir_3
3984,X1,0.5416855946128508,0.6128607215340355,563.3530183973648,lr_shap_list_ir_2_subset_10,lr_shap_list_ir_2
3985,X2,0.7740145826413024,0.905892045506791,804.9751659469545,lr_shap_list_ir_2_subset_10,lr_shap_list_ir_2
3986,X3,1.5092788013138854,2.202237140045799,1569.6499533664407,lr_shap_list_ir_2_subset_10,lr_shap_list_ir_2
3987,X4,1.0465434120566894,0.6929688393273143,1088.405148538957,lr_shap_list_ir_2_subset_10,lr_shap_list_ir_2
3988,X5,0.48363920142981043,0.7143034106119989,502.98476948700284,lr_shap_list_ir_2_subset_10,lr_shap_list_ir_2
3989,X6,0.022354658988544954,0.008703278372160037,23.248845348086753,lr_shap_list_ir_2_subset_10,lr_shap_list_ir_2
3990,X1,0.39186418110458987,0.48955957175124826,407.5387483487735,lr_shap_list_ir_3_subset_55,lr_shap_list_ir_3
3991,X2,0.34400894896600653,0.38869111250298916,357.7693069246468,lr_shap_list_ir_3_subset_55,lr_shap_list_ir_3
3992,X3,0.8457408695125229,0.9407552798002964,879.5705042930239,lr_shap_list_ir_3_subset_55,lr_shap_list_ir_3
3993,X4,0.9680727026277439,0.5497992397663345,1006.7956107328537,lr_shap_list_ir_3_subset_55,lr_shap_list_ir_3
3994,X5,0.5932352088108284,1.058885600200703,616.9646171632616,lr_shap_list_ir_3_subset_55,lr_shap_list_ir_3
3995,X6,0.1827317002536656,0.04242064385419231,190.04096826381223,lr_shap_list_ir_3_subset_55,lr_shap_list_ir_3
3996,X1,0.19153928182563826,0.25868473001561076,199.2008530986638,lr_shap_list_ir_4_subset_72,lr_shap_list_ir_4
3997,X2,0.3503596229954128,0.48371401818518256,364.3740079152293,lr_shap_list_ir_4_subset_72,lr_shap_list_ir_4
3998,X3,0.6782919013951945,0.8109334326393235,705.4235774510022,lr_shap_list_ir_4_subset_72,lr_shap_list_ir_4
3999,X4,0.8756562727875936,0.597171645721894,910.6825236990974,lr_shap_list_ir_4_subset_72,lr_shap_list_ir_4
4000,X5,0.6201529286661356,0.8675506394524548,644.959045812781,lr_shap_list_ir_4_subset_72,lr_shap_list_ir_4
4001,X6,0.4345248413746716,0.10142494785463939,451.9058350296585,lr_shap_list_ir_4_subset_72,lr_shap_list_ir_4
4002,X1,0.9033604030029173,1.2002476589082403,939.494819123034,lr_shap_list_ir_1_subset_65,lr_shap_list_ir_1
4003,X2,2.158871598033376,2.281684995039881,2245.2264619547113,lr_shap_list_ir_1_subset_65,lr_shap_list_ir_1
4004,X3,0.17612874023535827,0.18465794038193115,183.1738898447726,lr_shap_list_ir_1_subset_65,lr_shap_list_ir_1
4005,X4,0.3507341474602001,0.17562355876941,364.7635133586081,lr_shap_list_ir_1_subset_65,lr_shap_list_ir_1
4006,X5,0.23550885022884183,0.31701628079620897,244.9292042379955,lr_shap_list_ir_1_subset_65,lr_shap_list_ir_1
4007,X6,1.6407226657691198,0.3728410095139353,1706.3515723998846,lr_shap_list_ir_1_subset_65,lr_shap_list_ir_1
4008,X1,0.7974792020330502,0.9288443295129439,829.3783701143723,lr_shap_list_ir_3_subset_1,lr_shap_list_ir_3
4009,X2,0.769183191311458,1.1825179828789627,799.9505189639162,lr_shap_list_ir_3_subset_1,lr_shap_list_ir_3
4010,X3,0.8141448904431894,1.2457418908928182,846.7106860609169,lr_shap_list_ir_3_subset_1,lr_shap_list_ir_3
4011,X4,0.489338764471136,0.31351521544904526,508.91231504998143,lr_shap_list_ir_3_subset_1,lr_shap_list_ir_3
4012,X5,0.5347418411714667,0.6884956133860577,556.1315148183254,lr_shap_list_ir_3_subset_1,lr_shap_list_ir_3
4013,X6,0.6159195611891443,0.14805242403043115,640.55634363671,lr_shap_list_ir_3_subset_1,lr_shap_list_ir_3
4014,X1,0.4196434658851317,0.5374594954644674,436.4292045205369,lr_shap_list_ir_5_subset_73,lr_shap_list_ir_5
4015,X2,0.4797272205673332,0.6384296374408649,498.9163093900265,lr_shap_list_ir_5_subset_73,lr_shap_list_ir_5
4016,X3,0.870073074089384,1.2280808198445539,904.8759970529593,lr_shap_list_ir_5_subset_73,lr_shap_list_ir_5
4017,X4,1.1301999010131227,0.7785803179242251,1175.4078970536477,lr_shap_list_ir_5_subset_73,lr_shap_list_ir_5
4018,X5,0.9805273430540827,1.2684079376986663,1019.7484367762461,lr_shap_list_ir_5_subset_73,lr_shap_list_ir_5
4019,X6,0.1550673824303865,0.041515961506232824,161.27007772760197,lr_shap_list_ir_5_subset_73,lr_shap_list_ir_5
4020,X1,0.22185741788629504,0.3439344079983182,230.73171460174683,lr_shap_list_ir_3_subset_97,lr_shap_list_ir_3
4021,X2,0.794562641539873,0.7750704519209622,826.345147201468,lr_shap_list_ir_3_subset_97,lr_shap_list_ir_3
4022,X3,1.2247915821660391,1.8097404565082427,1273.7832454526806,lr_shap_list_ir_3_subset_97,lr_shap_list_ir_3
4023,X4,0.9248554886622684,0.6489475587317453,961.8497082087591,lr_shap_list_ir_3_subset_97,lr_shap_list_ir_3
4024,X5,0.5197996140629432,0.8747623101158186,540.5915986254608,lr_shap_list_ir_3_subset_97,lr_shap_list_ir_3
4025,X6,0.40610635270055045,0.11656882836808873,422.3506068085725,lr_shap_list_ir_3_subset_97,lr_shap_list_ir_3
4026,X1,0.2634087180039866,0.49751759115550404,273.94506672414605,lr_shap_list_ir_5_subset_139,lr_shap_list_ir_5
4027,X2,0.34161033667321067,0.46293054447047943,355.2747501401391,lr_shap_list_ir_5_subset_139,lr_shap_list_ir_5
4028,X3,0.5954597595743304,1.3240673744013425,619.2781499573036,lr_shap_list_ir_5_subset_139,lr_shap_list_ir_5
4029,X4,1.1066371453426305,0.7902985524206915,1150.9026311563357,lr_shap_list_ir_5_subset_139,lr_shap_list_ir_5
4030,X5,1.136524541652812,1.0617741012734387,1181.9855233189246,lr_shap_list_ir_5_subset_139,lr_shap_list_ir_5
4031,X6,0.07602238849438382,0.025615127308922216,79.06328403415918,lr_shap_list_ir_5_subset_139,lr_shap_list_ir_5
4032,X1,0.6536802154572635,0.7914408187926771,679.8274240755541,lr_shap_list_ir_5_subset_76,lr_shap_list_ir_5
4033,X2,0.570883766472295,1.0221965728376359,593.7191171311867,lr_shap_list_ir_5_subset_76,lr_shap_list_ir_5
4034,X3,0.45605540338077205,0.626590831530033,474.29761951600295,lr_shap_list_ir_5_subset_76,lr_shap_list_ir_5
4035,X4,0.9601688013377327,0.6912028532649509,998.575553391242,lr_shap_list_ir_5_subset_76,lr_shap_list_ir_5
4036,X5,0.8806213010557993,1.332293057933809,915.8461530980312,lr_shap_list_ir_5_subset_76,lr_shap_list_ir_5
4037,X6,0.2111084636723352,0.05296263255647315,219.55280221922862,lr_shap_list_ir_5_subset_76,lr_shap_list_ir_5
4038,X1,0.2620872156137672,0.3865779861937924,272.5707042383179,lr_shap_list_ir_4_subset_144,lr_shap_list_ir_4
4039,X2,0.4755047495310953,0.690742471083858,494.5249395123391,lr_shap_list_ir_4_subset_144,lr_shap_list_ir_4
4040,X3,0.6109388700758958,0.8603942174683252,635.3764248789316,lr_shap_list_ir_4_subset_144,lr_shap_list_ir_4
4041,X4,0.96669085146599,0.6697099558957339,1005.3584855246296,lr_shap_list_ir_4_subset_144,lr_shap_list_ir_4
4042,X5,0.7212305202925651,1.1486481850970616,750.0797411042677,lr_shap_list_ir_4_subset_144,lr_shap_list_ir_4
4043,X6,0.09340103342894315,0.02587213692413943,97.13707476610088,lr_shap_list_ir_4_subset_144,lr_shap_list_ir_4
4044,X1,1.2956438335463856,1.6606289390944842,1347.4695868882409,lr_shap_list_ir_1_subset_145,lr_shap_list_ir_1
4045,X2,1.5924137152488373,2.1849145091765028,1656.1102638587909,lr_shap_list_ir_1_subset_145,lr_shap_list_ir_1
4046,X3,0.22477817128058727,0.33274050375562736,233.76929813181076,lr_shap_list_ir_1_subset_145,lr_shap_list_ir_1
4047,X4,0.11209424861447043,0.05903505620595609,116.57801855904924,lr_shap_list_ir_1_subset_145,lr_shap_list_ir_1
4048,X5,0.44060402739903043,0.5737266107531457,458.2281884949916,lr_shap_list_ir_1_subset_145,lr_shap_list_ir_1
4049,X6,0.6528223501643096,0.18190585267464243,678.9352441708819,lr_shap_list_ir_1_subset_145,lr_shap_list_ir_1
4050,X1,0.47375872638988414,0.5209576329601355,492.7090754454795,lr_shap_list_ir_5_subset_125,lr_shap_list_ir_5
4051,X2,0.4725743005968496,0.5186304903528371,491.47727262072357,lr_shap_list_ir_5_subset_125,lr_shap_list_ir_5
4052,X3,0.8168213827909916,1.187209617364996,849.4942381026312,lr_shap_list_ir_5_subset_125,lr_shap_list_ir_5
4053,X4,0.8988671757528053,0.6191033071884984,934.8218627829175,lr_shap_list_ir_5_subset_125,lr_shap_list_ir_5
4054,X5,0.8386839442427095,1.2322592331340951,872.2313020124179,lr_shap_list_ir_5_subset_125,lr_shap_list_ir_5
4055,X6,0.03132533040252649,0.010270096487722683,32.57834361862755,lr_shap_list_ir_5_subset_125,lr_shap_list_ir_5
4056,X1,0.30886926078799576,0.442007332833741,321.2240312195156,lr_shap_list_ir_3_subset_88,lr_shap_list_ir_3
4057,X2,0.5796397438749906,0.8678767543139706,602.8253336299903,lr_shap_list_ir_3_subset_88,lr_shap_list_ir_3
4058,X3,1.4356777883873406,1.5160839847104903,1493.1048999228342,lr_shap_list_ir_3_subset_88,lr_shap_list_ir_3
4059,X4,0.6074635066836782,0.3551814909955661,631.7620469510254,lr_shap_list_ir_3_subset_88,lr_shap_list_ir_3
4060,X5,0.7444561115706524,1.0411925889010039,774.2343560334784,lr_shap_list_ir_3_subset_88,lr_shap_list_ir_3
4061,X6,0.5358851633264405,0.12033906611169104,557.3205698594982,lr_shap_list_ir_3_subset_88,lr_shap_list_ir_3
4062,X1,0.21196577765930835,0.3012311083705917,220.4444087656807,lr_shap_list_ir_1_subset_52,lr_shap_list_ir_1
4063,X2,1.027331885872489,1.564518940011592,1068.4251613073884,lr_shap_list_ir_1_subset_52,lr_shap_list_ir_1
4064,X3,1.8097076839182342,3.6431444839354086,1882.0959912749636,lr_shap_list_ir_1_subset_52,lr_shap_list_ir_1
4065,X4,1.709720946365713,0.8910635113420473,1778.1097842203415,lr_shap_list_ir_1_subset_52,lr_shap_list_ir_1
4066,X5,0.3782913247560364,0.46235888674315817,393.42297774627787,lr_shap_list_ir_1_subset_52,lr_shap_list_ir_1
4067,X6,0.5365708838874977,0.12523497832737246,558.0337192429977,lr_shap_list_ir_1_subset_52,lr_shap_list_ir_1
4068,X1,0.3464596501711119,0.3859923119787031,360.3180361779564,lr_shap_list_ir_2_subset_27,lr_shap_list_ir_2
4069,X2,2.377088306570474,2.7989333595664116,2472.171838833293,lr_shap_list_ir_2_subset_27,lr_shap_list_ir_2
4070,X3,0.7082914765729962,0.9326184374833727,736.623135635916,lr_shap_list_ir_2_subset_27,lr_shap_list_ir_2
4071,X4,0.9002664234065306,0.5089243858675081,936.2770803427918,lr_shap_list_ir_2_subset_27,lr_shap_list_ir_2
4072,X5,0.4651458792005802,0.599394203243027,483.7517143686034,lr_shap_list_ir_2_subset_27,lr_shap_list_ir_2
4073,X6,0.3256656733690978,0.07505488928158065,338.6923003038617,lr_shap_list_ir_2_subset_27,lr_shap_list_ir_2
4074,X1,0.3232896393598572,0.4329864491324281,336.2212249342515,lr_shap_list_ir_4_subset_110,lr_shap_list_ir_4
4075,X2,0.3763074039742008,0.5263435552952634,391.3597001331689,lr_shap_list_ir_4_subset_110,lr_shap_list_ir_4
4076,X3,0.884110323573704,2.0523951156031575,919.4747365166521,lr_shap_list_ir_4_subset_110,lr_shap_list_ir_4
4077,X4,0.8636551974371467,0.6159537212365481,898.2014053346326,lr_shap_list_ir_4_subset_110,lr_shap_list_ir_4
4078,X5,0.7851745257488054,1.1196080949402545,816.5815067787577,lr_shap_list_ir_4_subset_110,lr_shap_list_ir_4
4079,X6,0.4149616213297316,0.10429443196437614,431.5600861829208,lr_shap_list_ir_4_subset_110,lr_shap_list_ir_4
4080,X1,0.34630031939792183,0.5078129217436551,360.1523321738387,lr_shap_list_ir_4_subset_1,lr_shap_list_ir_4
4081,X2,0.42025709580191606,0.5939359115135835,437.0673796339927,lr_shap_list_ir_4_subset_1,lr_shap_list_ir_4
4082,X3,0.375291882154777,0.39706811029371203,390.30355744096806,lr_shap_list_ir_4_subset_1,lr_shap_list_ir_4
4083,X4,0.9841207715823002,0.6199555503649609,1023.4856024455921,lr_shap_list_ir_4_subset_1,lr_shap_list_ir_4
4084,X5,0.7984769836126401,1.032175705228954,830.4160629571456,lr_shap_list_ir_4_subset_1,lr_shap_list_ir_4
4085,X6,0.209587197269921,0.04996907636380151,217.97068516071784,lr_shap_list_ir_4_subset_1,lr_shap_list_ir_4
4086,X1,0.46348095804079686,0.6029230362595658,482.02019636242875,lr_shap_list_ir_3_subset_31,lr_shap_list_ir_3
4087,X2,0.9073034924752555,1.0028645523164739,943.5956321742658,lr_shap_list_ir_3_subset_31,lr_shap_list_ir_3
4088,X3,0.4934180077245615,0.6483323905724052,513.154728033544,lr_shap_list_ir_3_subset_31,lr_shap_list_ir_3
4089,X4,1.1325315994692815,0.7262650972017922,1177.8328634480526,lr_shap_list_ir_3_subset_31,lr_shap_list_ir_3
4090,X5,0.5848043019943956,0.7699847506027991,608.1964740741714,lr_shap_list_ir_3_subset_31,lr_shap_list_ir_3
4091,X6,0.1161893856831713,0.030344971159655083,120.83696111049815,lr_shap_list_ir_3_subset_31,lr_shap_list_ir_3
4092,X1,0.38326444348631405,0.4926073400701101,398.59502122576663,lr_shap_list_ir_5_subset_122,lr_shap_list_ir_5
4093,X2,0.3267000455576632,0.523439981942295,339.76804737996974,lr_shap_list_ir_5_subset_122,lr_shap_list_ir_5
4094,X3,0.6320066565146785,0.7663761878743596,657.2869227752656,lr_shap_list_ir_5_subset_122,lr_shap_list_ir_5
4095,X4,0.9781127750856692,0.6829243060870189,1017.237286089096,lr_shap_list_ir_5_subset_122,lr_shap_list_ir_5
4096,X5,0.9238076210144409,1.1850411731224249,960.7599258550185,lr_shap_list_ir_5_subset_122,lr_shap_list_ir_5
4097,X6,0.041868222155962136,0.012898766249693024,43.54295104220062,lr_shap_list_ir_5_subset_122,lr_shap_list_ir_5
4098,X1,0.41029059450842814,0.597473478202399,426.70221828876527,lr_shap_list_ir_1_subset_135,lr_shap_list_ir_1
4099,X2,0.06363618810853482,0.08917707973386162,66.18163563287621,lr_shap_list_ir_1_subset_135,lr_shap_list_ir_1
4100,X3,0.21626713005461978,0.24046187353301898,224.91781525680457,lr_shap_list_ir_1_subset_135,lr_shap_list_ir_1
4101,X4,1.0889140358277911,0.5808858572404,1132.4705972609027,lr_shap_list_ir_1_subset_135,lr_shap_list_ir_1
4102,X5,0.44414490831063924,0.6862378445761113,461.91070464306483,lr_shap_list_ir_1_subset_135,lr_shap_list_ir_1
4103,X6,0.6083533724264881,0.16617518851072546,632.6875073235476,lr_shap_list_ir_1_subset_135,lr_shap_list_ir_1
4104,X1,0.14753925955071626,0.14913550026292882,153.44082993274492,lr_shap_list_ir_2_subset_50,lr_shap_list_ir_2
4105,X2,1.0595736712899144,1.485948956882061,1101.956618141511,lr_shap_list_ir_2_subset_50,lr_shap_list_ir_2
4106,X3,1.5827377467647685,2.1377018310875036,1646.0472566353592,lr_shap_list_ir_2_subset_50,lr_shap_list_ir_2
4107,X4,1.8586236918196797,1.1005041796495028,1932.9686394924668,lr_shap_list_ir_2_subset_50,lr_shap_list_ir_2
4108,X5,0.530245172963503,0.9936135133037928,551.4549798820432,lr_shap_list_ir_2_subset_50,lr_shap_list_ir_2
4109,X6,0.5356379121322475,0.1750638421820439,557.0634286175374,lr_shap_list_ir_2_subset_50,lr_shap_list_ir_2
4110,X1,0.26998392512696157,0.35516589931913195,280.78328213204003,lr_shap_list_ir_4_subset_133,lr_shap_list_ir_4
4111,X2,0.4383051140333359,0.4695184979503952,455.83731859466934,lr_shap_list_ir_4_subset_133,lr_shap_list_ir_4
4112,X3,0.8894943114886283,0.9893002294519166,925.0740839481734,lr_shap_list_ir_4_subset_133,lr_shap_list_ir_4
4113,X4,1.455264784301621,1.0703261098953682,1513.475375673686,lr_shap_list_ir_4_subset_133,lr_shap_list_ir_4
4114,X5,0.8650901416116822,1.136890804705694,899.6937472761495,lr_shap_list_ir_4_subset_133,lr_shap_list_ir_4
4115,X6,0.2980988038102173,0.11716269430846603,310.022755962626,lr_shap_list_ir_4_subset_133,lr_shap_list_ir_4
4116,X1,0.6627520041229187,0.8784846884526224,689.2620842878355,lr_shap_list_ir_2_subset_32,lr_shap_list_ir_2
4117,X2,1.0657383036222148,1.403368389830409,1108.3678357671033,lr_shap_list_ir_2_subset_32,lr_shap_list_ir_2
4118,X3,0.8084688671736634,1.3109239258533885,840.80762186061,lr_shap_list_ir_2_subset_32,lr_shap_list_ir_2
4119,X4,1.1565280563234595,0.6143618245870361,1202.7891785763977,lr_shap_list_ir_2_subset_32,lr_shap_list_ir_2
4120,X5,0.4153658470997235,0.5525644063642097,431.9804809837125,lr_shap_list_ir_2_subset_32,lr_shap_list_ir_2
4121,X6,0.10918740826491716,0.024701409757478903,113.55490459551385,lr_shap_list_ir_2_subset_32,lr_shap_list_ir_2
4122,X1,0.2452458174371373,0.2893939242892822,255.0556501346228,lr_shap_list_ir_3_subset_16,lr_shap_list_ir_3
4123,X2,0.9118826134348902,0.8597763227064665,948.3579179722858,lr_shap_list_ir_3_subset_16,lr_shap_list_ir_3
4124,X3,0.8684415129274314,1.4915095550846054,903.1791734445287,lr_shap_list_ir_3_subset_16,lr_shap_list_ir_3
4125,X4,1.5898469677414,0.9442588506385114,1653.440846451056,lr_shap_list_ir_3_subset_16,lr_shap_list_ir_3
4126,X5,0.78364384294417,0.9826562187462387,814.9895966619368,lr_shap_list_ir_3_subset_16,lr_shap_list_ir_3
4127,X6,0.5457124854398535,0.14752946817812432,567.5409848574476,lr_shap_list_ir_3_subset_16,lr_shap_list_ir_3
4128,X1,0.4440653742648225,0.4745301517737724,461.82798923541543,lr_shap_list_ir_2_subset_135,lr_shap_list_ir_2
4129,X2,0.30469277930662325,0.39999097318499577,316.8804904788882,lr_shap_list_ir_2_subset_135,lr_shap_list_ir_2
4130,X3,1.3723024502313161,1.5433067119974966,1427.1945482405688,lr_shap_list_ir_2_subset_135,lr_shap_list_ir_2
4131,X4,0.6995016143326572,0.34514116880028844,727.4816789059635,lr_shap_list_ir_2_subset_135,lr_shap_list_ir_2
4132,X5,0.5114171535278023,0.5541188704661426,531.8738396689143,lr_shap_list_ir_2_subset_135,lr_shap_list_ir_2
4133,X6,0.41095690143756014,0.09808509131846115,427.39517749506257,lr_shap_list_ir_2_subset_135,lr_shap_list_ir_2
4134,X1,0.3894156513439429,0.5139485099847327,404.9922773977006,lr_shap_list_ir_5_subset_113,lr_shap_list_ir_5
4135,X2,0.5240559895845378,0.9508234967563759,545.0182291679193,lr_shap_list_ir_5_subset_113,lr_shap_list_ir_5
4136,X3,1.0882785325349462,1.7457276381563724,1131.809673836344,lr_shap_list_ir_5_subset_113,lr_shap_list_ir_5
4137,X4,0.8889144071368527,0.6332777101701087,924.4709834223268,lr_shap_list_ir_5_subset_113,lr_shap_list_ir_5
4138,X5,0.966103090962756,1.3098456673455905,1004.7472146012663,lr_shap_list_ir_5_subset_113,lr_shap_list_ir_5
4139,X6,0.32496059782390013,0.07822940347820131,337.95902173685613,lr_shap_list_ir_5_subset_113,lr_shap_list_ir_5
4140,X1,0.4099261045371741,0.59357508622974,426.32314871866106,lr_shap_list_ir_4_subset_125,lr_shap_list_ir_4
4141,X2,0.41987771010834396,0.5907877501171278,436.67281851267774,lr_shap_list_ir_4_subset_125,lr_shap_list_ir_4
4142,X3,0.4742529109903177,0.6130291890304163,493.22302742993037,lr_shap_list_ir_4_subset_125,lr_shap_list_ir_4
4143,X4,1.0270420970523977,0.639723573209679,1068.1237809344937,lr_shap_list_ir_4_subset_125,lr_shap_list_ir_4
4144,X5,0.8038618325120687,1.3529309823597577,836.0163058125514,lr_shap_list_ir_4_subset_125,lr_shap_list_ir_4
4145,X6,0.29393077148373614,0.07239812010881423,305.6880023430856,lr_shap_list_ir_4_subset_125,lr_shap_list_ir_4
4146,X1,0.3431339035279547,0.7080568307162431,356.8592596690729,lr_shap_list_ir_2_subset_69,lr_shap_list_ir_2
4147,X2,0.2824746764980008,0.4513134721961659,293.7736635579208,lr_shap_list_ir_2_subset_69,lr_shap_list_ir_2
4148,X3,0.04652883058718228,0.07712596634867394,48.38998381066958,lr_shap_list_ir_2_subset_69,lr_shap_list_ir_2
4149,X4,0.8280796036620891,0.4879204562824242,861.2027878085727,lr_shap_list_ir_2_subset_69,lr_shap_list_ir_2
4150,X5,0.60595257966386,0.8054614054298191,630.1906828504143,lr_shap_list_ir_2_subset_69,lr_shap_list_ir_2
4151,X6,0.1649685117474326,0.04368094273719783,171.5672522173299,lr_shap_list_ir_2_subset_69,lr_shap_list_ir_2
4152,X1,0.647700470014326,0.6207301574501293,673.608488814899,lr_shap_list_ir_1_subset_82,lr_shap_list_ir_1
4153,X2,0.6250488716601174,0.9191362729224686,650.0508265265221,lr_shap_list_ir_1_subset_82,lr_shap_list_ir_1
4154,X3,1.3100131470631164,1.5721263321926404,1362.413672945641,lr_shap_list_ir_1_subset_82,lr_shap_list_ir_1
4155,X4,0.5842200967420041,0.24312122031603706,607.5889006116843,lr_shap_list_ir_1_subset_82,lr_shap_list_ir_1
4156,X5,0.9485893547765706,1.2201707521278575,986.5329289676334,lr_shap_list_ir_1_subset_82,lr_shap_list_ir_1
4157,X6,0.9394783563325951,0.21124097249529808,977.0574905858989,lr_shap_list_ir_1_subset_82,lr_shap_list_ir_1
4158,X1,0.4422749404062532,0.6028751417766061,459.96593802250334,lr_shap_list_ir_5_subset_10,lr_shap_list_ir_5
4159,X2,0.42429246255443154,0.7250324616859605,441.2641610566088,lr_shap_list_ir_5_subset_10,lr_shap_list_ir_5
4160,X3,0.8691484172304812,1.3259929650521611,903.9143539197005,lr_shap_list_ir_5_subset_10,lr_shap_list_ir_5
4161,X4,0.9463349406002775,0.6379097940556246,984.1883382242886,lr_shap_list_ir_5_subset_10,lr_shap_list_ir_5
4162,X5,0.8591345076371137,1.2025846666433793,893.4998879425983,lr_shap_list_ir_5_subset_10,lr_shap_list_ir_5
4163,X6,0.2705335031637023,0.09065939518311214,281.35484329025036,lr_shap_list_ir_5_subset_10,lr_shap_list_ir_5
4164,X1,0.3882185988212834,0.5150059114191171,403.7473427741347,lr_shap_list_ir_3_subset_43,lr_shap_list_ir_3
4165,X2,0.31731836224942117,0.37707137839796656,330.011096739398,lr_shap_list_ir_3_subset_43,lr_shap_list_ir_3
4166,X3,0.5367187992710476,0.9091657563850463,558.1875512418895,lr_shap_list_ir_3_subset_43,lr_shap_list_ir_3
4167,X4,0.7718311993565531,0.5057025379129118,802.7044473308152,lr_shap_list_ir_3_subset_43,lr_shap_list_ir_3
4168,X5,0.5745175545604273,0.845120471549329,597.4982567428444,lr_shap_list_ir_3_subset_43,lr_shap_list_ir_3
4169,X6,0.03108179874657424,0.007232514467726487,32.32507069643721,lr_shap_list_ir_3_subset_43,lr_shap_list_ir_3
4170,X1,0.3763702171082661,0.5048038591510781,391.4250257925968,lr_shap_list_ir_5_subset_80,lr_shap_list_ir_5
4171,X2,0.3380220111645217,0.512519593441888,351.54289161110256,lr_shap_list_ir_5_subset_80,lr_shap_list_ir_5
4172,X3,0.5245351983480545,0.7457780823718764,545.5166062819767,lr_shap_list_ir_5_subset_80,lr_shap_list_ir_5
4173,X4,1.0680275175428657,0.7690813077746584,1110.7486182445803,lr_shap_list_ir_5_subset_80,lr_shap_list_ir_5
4174,X5,0.8942944267735364,1.1809714748572233,930.0662038444779,lr_shap_list_ir_5_subset_80,lr_shap_list_ir_5
4175,X6,0.12351780087414577,0.030133300601821112,128.4585129091116,lr_shap_list_ir_5_subset_80,lr_shap_list_ir_5
4176,X1,0.35042245918087456,0.4544792532938942,364.4393575481095,lr_shap_list_ir_2_subset_72,lr_shap_list_ir_2
4177,X2,0.780662036597567,0.8842061497631011,811.8885180614698,lr_shap_list_ir_2_subset_72,lr_shap_list_ir_2
4178,X3,1.6809482496238541,2.0633103695825237,1748.1861796088083,lr_shap_list_ir_2_subset_72,lr_shap_list_ir_2
4179,X4,1.070598896147018,0.6600404419065837,1113.4228519928988,lr_shap_list_ir_2_subset_72,lr_shap_list_ir_2
4180,X5,0.4024880136030922,0.5988931367399558,418.58753414721593,lr_shap_list_ir_2_subset_72,lr_shap_list_ir_2
4181,X6,0.18740531879135083,0.04093464307417509,194.90153154300486,lr_shap_list_ir_2_subset_72,lr_shap_list_ir_2
4182,X1,0.1903018718255808,0.22384297089612282,197.91394669860404,lr_shap_list_ir_1_subset_124,lr_shap_list_ir_1
4183,X2,0.5934291501720723,0.7157825956649091,617.1663161789552,lr_shap_list_ir_1_subset_124,lr_shap_list_ir_1
4184,X3,1.4729707666639005,1.5716636294935393,1531.8895973304566,lr_shap_list_ir_1_subset_124,lr_shap_list_ir_1
4185,X4,0.5022692372128433,0.28085037361994253,522.3600067013571,lr_shap_list_ir_1_subset_124,lr_shap_list_ir_1
4186,X5,0.34198713743383097,0.43988366654079486,355.6666229311842,lr_shap_list_ir_1_subset_124,lr_shap_list_ir_1
4187,X6,0.5399076224810334,0.1385114350182522,561.5039273802747,lr_shap_list_ir_1_subset_124,lr_shap_list_ir_1
4188,X1,0.9408190972301057,1.2197413779865534,978.4518611193099,lr_shap_list_ir_1_subset_105,lr_shap_list_ir_1
4189,X2,0.8508247888379189,1.115261412179814,884.8577803914357,lr_shap_list_ir_1_subset_105,lr_shap_list_ir_1
4190,X3,0.6168790587901114,0.6200568305185729,641.5542211417159,lr_shap_list_ir_1_subset_105,lr_shap_list_ir_1
4191,X4,1.4058705260366064,0.7378312145459964,1462.1053470780707,lr_shap_list_ir_1_subset_105,lr_shap_list_ir_1
4192,X5,0.5768599967479437,0.8759699949584469,599.9343966178615,lr_shap_list_ir_1_subset_105,lr_shap_list_ir_1
4193,X6,1.1205983578113556,0.25874582467992274,1165.42229212381,lr_shap_list_ir_1_subset_105,lr_shap_list_ir_1
4194,X1,0.26259404917873935,0.4125369420143253,273.09781114588895,lr_shap_list_ir_5_subset_9,lr_shap_list_ir_5
4195,X2,0.306691324290717,0.46349589569586225,318.9589772623457,lr_shap_list_ir_5_subset_9,lr_shap_list_ir_5
4196,X3,0.6006814451024853,0.6488251094734081,624.7087029065848,lr_shap_list_ir_5_subset_9,lr_shap_list_ir_5
4197,X4,0.9335991332648028,0.6405757518119997,970.9430985953949,lr_shap_list_ir_5_subset_9,lr_shap_list_ir_5
4198,X5,0.7732077417549883,1.0333042921739486,804.1360514251878,lr_shap_list_ir_5_subset_9,lr_shap_list_ir_5
4199,X6,0.05961979342930321,0.014341683858290417,62.00458516647534,lr_shap_list_ir_5_subset_9,lr_shap_list_ir_5
4200,X1,0.501363178899456,0.574364848501914,521.4177060554342,lr_shap_list_ir_4_subset_48,lr_shap_list_ir_4
4201,X2,0.4436532957594435,0.4955697781831058,461.39942758982124,lr_shap_list_ir_4_subset_48,lr_shap_list_ir_4
4202,X3,0.6165934144010516,0.8627624159369814,641.2571509770937,lr_shap_list_ir_4_subset_48,lr_shap_list_ir_4
4203,X4,0.9661340153833583,0.6762359201751442,1004.7793759986927,lr_shap_list_ir_4_subset_48,lr_shap_list_ir_4
4204,X5,0.8499660139614931,1.1713766768584468,883.9646545199528,lr_shap_list_ir_4_subset_48,lr_shap_list_ir_4
4205,X6,0.07404991339172252,0.021589700748194263,77.01190992739143,lr_shap_list_ir_4_subset_48,lr_shap_list_ir_4
4206,X1,0.393813632680886,0.44148390698466367,409.5661779881214,lr_shap_list_ir_2_subset_100,lr_shap_list_ir_2
4207,X2,1.9259522978357595,2.14403478784168,2002.99038974919,lr_shap_list_ir_2_subset_100,lr_shap_list_ir_2
4208,X3,0.7964172375127472,0.8190798004517318,828.2739270132571,lr_shap_list_ir_2_subset_100,lr_shap_list_ir_2
4209,X4,1.4437965474462107,0.717344578537143,1501.548409344059,lr_shap_list_ir_2_subset_100,lr_shap_list_ir_2
4210,X5,0.6854193227505688,0.9058415689080059,712.8360956605916,lr_shap_list_ir_2_subset_100,lr_shap_list_ir_2
4211,X6,0.23354990749485327,0.06022012811149619,242.8919037946474,lr_shap_list_ir_2_subset_100,lr_shap_list_ir_2
4212,X1,0.24278083473715925,0.31831814990385504,252.49206812664562,lr_shap_list_ir_1_subset_70,lr_shap_list_ir_1
4213,X2,0.9816191403796516,1.1450545496094775,1020.8839059948376,lr_shap_list_ir_1_subset_70,lr_shap_list_ir_1
4214,X3,0.4946259640293866,0.5814607087285951,514.411002590562,lr_shap_list_ir_1_subset_70,lr_shap_list_ir_1
4215,X4,0.8379809811699043,0.3927367124717883,871.5002204167005,lr_shap_list_ir_1_subset_70,lr_shap_list_ir_1
4216,X5,0.3115747203862346,0.381499426398557,324.03770920168404,lr_shap_list_ir_1_subset_70,lr_shap_list_ir_1
4217,X6,0.48345828142149194,0.1171482358123539,502.7966126783516,lr_shap_list_ir_1_subset_70,lr_shap_list_ir_1
4218,X1,0.21163079700604592,0.2950748472053694,220.09602888628777,lr_shap_list_ir_5_subset_85,lr_shap_list_ir_5
4219,X2,0.42917637718875645,0.6608882243882435,446.3434322763067,lr_shap_list_ir_5_subset_85,lr_shap_list_ir_5
4220,X3,0.5644162066057672,1.1309414564642675,586.9928548699979,lr_shap_list_ir_5_subset_85,lr_shap_list_ir_5
4221,X4,1.0320638016526573,0.751930918454217,1073.3463537187636,lr_shap_list_ir_5_subset_85,lr_shap_list_ir_5
4222,X5,1.026275614027608,1.186555792224623,1067.3266385887123,lr_shap_list_ir_5_subset_85,lr_shap_list_ir_5
4223,X6,0.15879038978746454,0.04557236199990424,165.14200537896312,lr_shap_list_ir_5_subset_85,lr_shap_list_ir_5
4224,X1,0.14518197730803326,0.21705564385396472,150.98925640035458,lr_shap_list_ir_3_subset_30,lr_shap_list_ir_3
4225,X2,0.5527359009904633,0.6800201043807242,574.8453370300819,lr_shap_list_ir_3_subset_30,lr_shap_list_ir_3
4226,X3,0.8873481833530222,0.9065010610578105,922.8421106871431,lr_shap_list_ir_3_subset_30,lr_shap_list_ir_3
4227,X4,1.0441841671867353,0.5983581320326448,1085.9515338742049,lr_shap_list_ir_3_subset_30,lr_shap_list_ir_3
4228,X5,0.5436598039131461,0.86949847918015,565.4061960696719,lr_shap_list_ir_3_subset_30,lr_shap_list_ir_3
4229,X6,0.02178957440906094,0.004895071008253308,22.66115738542338,lr_shap_list_ir_3_subset_30,lr_shap_list_ir_3
4230,X1,0.5142824478434619,0.6294211060656164,534.8537457572004,lr_shap_list_ir_5_subset_21,lr_shap_list_ir_5
4231,X2,0.6565615294868905,0.5786246296000908,682.8239906663662,lr_shap_list_ir_5_subset_21,lr_shap_list_ir_5
4232,X3,0.4794635781711193,0.9306646490544702,498.6421212979641,lr_shap_list_ir_5_subset_21,lr_shap_list_ir_5
4233,X4,1.0699726092699984,0.8287096591998182,1112.7715136407983,lr_shap_list_ir_5_subset_21,lr_shap_list_ir_5
4234,X5,0.9282119084921966,1.1070334359962124,965.3403848318844,lr_shap_list_ir_5_subset_21,lr_shap_list_ir_5
4235,X6,0.040106786874616066,0.01207694717157132,41.711058349600705,lr_shap_list_ir_5_subset_21,lr_shap_list_ir_5
4236,X1,0.3188285997762338,0.3840151786488596,331.5817437672831,lr_shap_list_ir_3_subset_37,lr_shap_list_ir_3
4237,X2,0.400138454392476,0.5027161645031034,416.143992568175,lr_shap_list_ir_3_subset_37,lr_shap_list_ir_3
4238,X3,0.9026065713222218,1.5944554101091348,938.7108341751107,lr_shap_list_ir_3_subset_37,lr_shap_list_ir_3
4239,X4,0.9261887467168667,0.5920804581173696,963.2362965855414,lr_shap_list_ir_3_subset_37,lr_shap_list_ir_3
4240,X5,0.6318897310624082,0.8893007855727827,657.1653203049045,lr_shap_list_ir_3_subset_37,lr_shap_list_ir_3
4241,X6,0.010345852675852696,0.0023888188553886107,10.759686782886803,lr_shap_list_ir_3_subset_37,lr_shap_list_ir_3
4242,X1,1.2312336137663582,1.517805211476091,1280.4829583170126,lr_shap_list_ir_1_subset_48,lr_shap_list_ir_1
4243,X2,3.7608360146822553,4.718618513062911,3911.2694552695457,lr_shap_list_ir_1_subset_48,lr_shap_list_ir_1
4244,X3,2.087944069509028,3.406725578397629,2171.4618322893893,lr_shap_list_ir_1_subset_48,lr_shap_list_ir_1
4245,X4,2.4630828763128245,1.130213457799659,2561.6061913653375,lr_shap_list_ir_1_subset_48,lr_shap_list_ir_1
4246,X5,0.3820084380095034,0.4409445314797997,397.28877552988354,lr_shap_list_ir_1_subset_48,lr_shap_list_ir_1
4247,X6,0.18099266730709523,0.04019599688475817,188.23237399937904,lr_shap_list_ir_1_subset_48,lr_shap_list_ir_1
4248,X1,0.8459989251834124,0.8474963825603076,879.8388821907489,lr_shap_list_ir_1_subset_24,lr_shap_list_ir_1
4249,X2,1.3427188133122654,1.654140980787772,1396.427565844756,lr_shap_list_ir_1_subset_24,lr_shap_list_ir_1
4250,X3,0.5276821997004243,0.5957730146003302,548.7894876884412,lr_shap_list_ir_1_subset_24,lr_shap_list_ir_1
4251,X4,0.6404593502881148,0.352994925817018,666.0777242996394,lr_shap_list_ir_1_subset_24,lr_shap_list_ir_1
4252,X5,0.1703189170709586,0.2944149283473816,177.13167375379692,lr_shap_list_ir_1_subset_24,lr_shap_list_ir_1
4253,X6,0.20933446935627784,0.053881247003216476,217.70784813052896,lr_shap_list_ir_1_subset_24,lr_shap_list_ir_1
4254,X1,0.4851918972859704,0.655486225246096,504.59957317740924,lr_shap_list_ir_1_subset_96,lr_shap_list_ir_1
4255,X2,0.5984305810150907,0.7856965999596806,622.3678042556943,lr_shap_list_ir_1_subset_96,lr_shap_list_ir_1
4256,X3,0.4618615575653482,0.6499824467180562,480.33601986796214,lr_shap_list_ir_1_subset_96,lr_shap_list_ir_1
4257,X4,1.4555088886516503,0.7800070739372224,1513.7292441977163,lr_shap_list_ir_1_subset_96,lr_shap_list_ir_1
4258,X5,0.30964291731951354,0.4247665455144866,322.0286340122941,lr_shap_list_ir_1_subset_96,lr_shap_list_ir_1
4259,X6,0.6904211772853633,0.1645971397157111,718.0380243767779,lr_shap_list_ir_1_subset_96,lr_shap_list_ir_1
4260,X1,0.37630511801191524,0.5382421449948965,391.3573227323918,lr_shap_list_ir_3_subset_124,lr_shap_list_ir_3
4261,X2,0.6035322540060826,0.8690221011303343,627.6735441663259,lr_shap_list_ir_3_subset_124,lr_shap_list_ir_3
4262,X3,0.6713846648027114,0.8719229872243294,698.2400513948198,lr_shap_list_ir_3_subset_124,lr_shap_list_ir_3
4263,X4,0.6533648495681266,0.4654606719332715,679.4994435508517,lr_shap_list_ir_3_subset_124,lr_shap_list_ir_3
4264,X5,0.5057858543787164,0.6950177627549411,526.017288553865,lr_shap_list_ir_3_subset_124,lr_shap_list_ir_3
4265,X6,0.3767455892324051,0.11755553092615292,391.8154128017013,lr_shap_list_ir_3_subset_124,lr_shap_list_ir_3
4266,X1,0.9452922060423559,1.0084103191635003,983.10389428405,lr_shap_list_ir_2_subset_141,lr_shap_list_ir_2
4267,X2,0.3528373443234018,0.5086923176666871,366.95083809633786,lr_shap_list_ir_2_subset_141,lr_shap_list_ir_2
4268,X3,0.5279652472010212,0.9544773128759442,549.0838570890621,lr_shap_list_ir_2_subset_141,lr_shap_list_ir_2
4269,X4,0.667100693127747,0.3163578182742543,693.7847208528569,lr_shap_list_ir_2_subset_141,lr_shap_list_ir_2
4270,X5,0.3513810227439176,0.45949826170179275,365.4362636536743,lr_shap_list_ir_2_subset_141,lr_shap_list_ir_2
4271,X6,0.46919747124624295,0.11048176176384397,487.96537009609267,lr_shap_list_ir_2_subset_141,lr_shap_list_ir_2
4272,X1,0.28114722142794696,0.4440731610533046,292.39311028506484,lr_shap_list_ir_5_subset_89,lr_shap_list_ir_5
4273,X2,0.3474177057526877,0.43976981762008605,361.3144139827952,lr_shap_list_ir_5_subset_89,lr_shap_list_ir_5
4274,X3,0.9158027043807172,1.2433611351488694,952.4348125559459,lr_shap_list_ir_5_subset_89,lr_shap_list_ir_5
4275,X4,0.8606079424510089,0.6024538212206477,895.0322601490493,lr_shap_list_ir_5_subset_89,lr_shap_list_ir_5
4276,X5,0.8568211919080233,1.4029664972183484,891.0940395843443,lr_shap_list_ir_5_subset_89,lr_shap_list_ir_5
4277,X6,0.14357644592478352,0.03477760738545186,149.31950376177485,lr_shap_list_ir_5_subset_89,lr_shap_list_ir_5
4278,X1,1.0675038918641173,1.4550378983879855,1110.204047538682,lr_shap_list_ir_1_subset_104,lr_shap_list_ir_1
4279,X2,0.8503769925690682,1.4057614613909273,884.3920722718309,lr_shap_list_ir_1_subset_104,lr_shap_list_ir_1
4280,X3,2.9871739107396604,3.9589325292250073,3106.660867169247,lr_shap_list_ir_1_subset_104,lr_shap_list_ir_1
4281,X4,1.8233238747914706,1.0890254742059564,1896.2568297831294,lr_shap_list_ir_1_subset_104,lr_shap_list_ir_1
4282,X5,0.4267082718384779,0.5127029351121879,443.77660271201705,lr_shap_list_ir_1_subset_104,lr_shap_list_ir_1
4283,X6,0.7624527275786304,0.1866767673763318,792.9508366817756,lr_shap_list_ir_1_subset_104,lr_shap_list_ir_1
4284,X1,0.34623486236229584,0.33692189304612286,360.08425685678765,lr_shap_list_ir_3_subset_98,lr_shap_list_ir_3
4285,X2,1.4925323201338576,1.7186974641184383,1552.233612939212,lr_shap_list_ir_3_subset_98,lr_shap_list_ir_3
4286,X3,1.0218521060042345,1.8819296837355297,1062.7261902444038,lr_shap_list_ir_3_subset_98,lr_shap_list_ir_3
4287,X4,1.1975561571492817,0.6666171863102377,1245.4584034352529,lr_shap_list_ir_3_subset_98,lr_shap_list_ir_3
4288,X5,0.7232502186668953,0.9722054519883232,752.1802274135712,lr_shap_list_ir_3_subset_98,lr_shap_list_ir_3
4289,X6,0.11547133855423729,0.027582030061673594,120.09019209640678,lr_shap_list_ir_3_subset_98,lr_shap_list_ir_3
4290,X1,0.43499113997742594,0.5824736594444058,452.390785576523,lr_shap_list_ir_1_subset_36,lr_shap_list_ir_1
4291,X2,0.3771444423847115,0.5881696467899398,392.23022008009997,lr_shap_list_ir_1_subset_36,lr_shap_list_ir_1
4292,X3,0.9626968665972373,1.231691012611519,1001.2047412611267,lr_shap_list_ir_1_subset_36,lr_shap_list_ir_1
4293,X4,0.4031373011938861,0.21860694146303591,419.26279324164153,lr_shap_list_ir_1_subset_36,lr_shap_list_ir_1
4294,X5,0.3710774049445122,0.6594092071014396,385.92050114229266,lr_shap_list_ir_1_subset_36,lr_shap_list_ir_1
4295,X6,0.43862521574603314,0.13236413740460923,456.17022437587445,lr_shap_list_ir_1_subset_36,lr_shap_list_ir_1
4296,X1,0.4907210806193471,0.634552307261377,510.349923844121,lr_shap_list_ir_2_subset_34,lr_shap_list_ir_2
4297,X2,0.39468503223931345,0.48205474325984826,410.472433528886,lr_shap_list_ir_2_subset_34,lr_shap_list_ir_2
4298,X3,0.4973364319894663,0.664390132118771,517.229889269045,lr_shap_list_ir_2_subset_34,lr_shap_list_ir_2
4299,X4,0.44075661866573695,0.28611226263991163,458.38688341236644,lr_shap_list_ir_2_subset_34,lr_shap_list_ir_2
4300,X5,0.41489530121152735,0.6327349219794707,431.4911132599884,lr_shap_list_ir_2_subset_34,lr_shap_list_ir_2
4301,X6,0.46893933511511254,0.12414253408486718,487.69690851971706,lr_shap_list_ir_2_subset_34,lr_shap_list_ir_2
4302,X1,0.20540039464997986,0.2844141344432876,213.61641043597905,lr_shap_list_ir_2_subset_11,lr_shap_list_ir_2
4303,X2,0.31091403584805344,0.45432745871221064,323.3505972819756,lr_shap_list_ir_2_subset_11,lr_shap_list_ir_2
4304,X3,0.4555092783009252,0.47869759202125717,473.7296494329622,lr_shap_list_ir_2_subset_11,lr_shap_list_ir_2
4305,X4,0.7141461386229389,0.3719635046298275,742.7119841678564,lr_shap_list_ir_2_subset_11,lr_shap_list_ir_2
4306,X5,0.5099779053641008,0.8660252854035456,530.3770215786649,lr_shap_list_ir_2_subset_11,lr_shap_list_ir_2
4307,X6,0.6701631070201186,0.1764990926893315,696.9696313009233,lr_shap_list_ir_2_subset_11,lr_shap_list_ir_2
4308,X1,0.1566690181997139,0.19066230400837195,162.93577892770247,lr_shap_list_ir_2_subset_108,lr_shap_list_ir_2
4309,X2,0.3870050400954258,0.5234183533535601,402.4852416992428,lr_shap_list_ir_2_subset_108,lr_shap_list_ir_2
4310,X3,1.4934704786147401,3.4313926526154703,1553.2092977593297,lr_shap_list_ir_2_subset_108,lr_shap_list_ir_2
4311,X4,1.066255236952897,0.5267807994887729,1108.905446431013,lr_shap_list_ir_2_subset_108,lr_shap_list_ir_2
4312,X5,0.4815999083731805,0.6819565960414432,500.8639047081077,lr_shap_list_ir_2_subset_108,lr_shap_list_ir_2
4313,X6,0.4238166215335782,0.1349418709731417,440.7692863949213,lr_shap_list_ir_2_subset_108,lr_shap_list_ir_2
4314,X1,0.4414928173803219,0.5341454263606416,459.1525300755348,lr_shap_list_ir_4_subset_114,lr_shap_list_ir_4
4315,X2,0.6723449496361458,0.9026156285353226,699.2387476215916,lr_shap_list_ir_4_subset_114,lr_shap_list_ir_4
4316,X3,0.5640851647820356,0.8557573407535122,586.648571373317,lr_shap_list_ir_4_subset_114,lr_shap_list_ir_4
4317,X4,0.8683116805616774,0.5720035478603367,903.0441477841445,lr_shap_list_ir_4_subset_114,lr_shap_list_ir_4
4318,X5,0.7017905713531831,1.0139270129674454,729.8621942073105,lr_shap_list_ir_4_subset_114,lr_shap_list_ir_4
4319,X6,0.07891778669722735,0.020566600802670035,82.07449816511644,lr_shap_list_ir_4_subset_114,lr_shap_list_ir_4
4320,X1,0.4043813395419006,0.4880181824411472,420.5565931235766,lr_shap_list_ir_4_subset_23,lr_shap_list_ir_4
4321,X2,0.556389401432541,0.8906932716896487,578.6449774898426,lr_shap_list_ir_4_subset_23,lr_shap_list_ir_4
4322,X3,0.6134256675135065,1.0456789960336612,637.9626942140467,lr_shap_list_ir_4_subset_23,lr_shap_list_ir_4
4323,X4,1.4382798715510476,0.9602098521270794,1495.8110664130895,lr_shap_list_ir_4_subset_23,lr_shap_list_ir_4
4324,X5,0.7807194183980133,0.9547192452671384,811.9481951339338,lr_shap_list_ir_4_subset_23,lr_shap_list_ir_4
4325,X6,0.09862117848316691,0.024838519486273445,102.56602562249358,lr_shap_list_ir_4_subset_23,lr_shap_list_ir_4
4326,X1,0.38932254169526526,0.723678374454111,404.89544336307586,lr_shap_list_ir_5_subset_6,lr_shap_list_ir_5
4327,X2,0.32776264184420434,0.5493794819055972,340.8731475179725,lr_shap_list_ir_5_subset_6,lr_shap_list_ir_5
4328,X3,0.5909741465084475,0.9424843199321912,614.6131123687854,lr_shap_list_ir_5_subset_6,lr_shap_list_ir_5
4329,X4,1.0140164857301832,0.7090482173533406,1054.5771451593905,lr_shap_list_ir_5_subset_6,lr_shap_list_ir_5
4330,X5,0.9838662196204184,1.11993132634879,1023.2208684052351,lr_shap_list_ir_5_subset_6,lr_shap_list_ir_5
4331,X6,0.050413585882148435,0.015118060211392052,52.43012931743437,lr_shap_list_ir_5_subset_6,lr_shap_list_ir_5
4332,X1,0.529836758879581,0.5967192817402546,551.0302292347643,lr_shap_list_ir_4_subset_27,lr_shap_list_ir_4
4333,X2,0.3713493758411252,0.554221026141349,386.2033508747702,lr_shap_list_ir_4_subset_27,lr_shap_list_ir_4
4334,X3,0.8891370282162799,1.0757906188251454,924.7025093449312,lr_shap_list_ir_4_subset_27,lr_shap_list_ir_4
4335,X4,0.8954389854098697,0.6000253713809791,931.2565448262644,lr_shap_list_ir_4_subset_27,lr_shap_list_ir_4
4336,X5,0.7021873213647886,0.9622741333142623,730.2748142193801,lr_shap_list_ir_4_subset_27,lr_shap_list_ir_4
4337,X6,0.17554005774542292,0.03990349032243906,182.56166005523983,lr_shap_list_ir_4_subset_27,lr_shap_list_ir_4
4338,X1,0.45612091809930166,0.61446269969222,474.36575482327373,lr_shap_list_ir_4_subset_75,lr_shap_list_ir_4
4339,X2,0.7418280269584991,0.9650995576950666,771.5011480368391,lr_shap_list_ir_4_subset_75,lr_shap_list_ir_4
4340,X3,0.8245821299548455,1.095784102937751,857.5654151530393,lr_shap_list_ir_4_subset_75,lr_shap_list_ir_4
4341,X4,0.8396088606850366,0.5035706293018835,873.1932151124381,lr_shap_list_ir_4_subset_75,lr_shap_list_ir_4
4342,X5,0.6363790877165757,0.9540187321902363,661.8342512252387,lr_shap_list_ir_4_subset_75,lr_shap_list_ir_4
4343,X6,0.3529948033580227,0.11556219116810912,367.1145954923436,lr_shap_list_ir_4_subset_75,lr_shap_list_ir_4
4344,X1,0.4321695821801402,0.5247310199798269,449.4563654673458,lr_shap_list_ir_4_subset_14,lr_shap_list_ir_4
4345,X2,0.3594951933102812,0.5510777372661284,373.8750010426924,lr_shap_list_ir_4_subset_14,lr_shap_list_ir_4
4346,X3,0.5941156302800048,0.6491947072420258,617.880255491205,lr_shap_list_ir_4_subset_14,lr_shap_list_ir_4
4347,X4,0.7633762783991035,0.5464595904344923,793.9113295350676,lr_shap_list_ir_4_subset_14,lr_shap_list_ir_4
4348,X5,0.7212107114275326,0.982697745553264,750.0591398846339,lr_shap_list_ir_4_subset_14,lr_shap_list_ir_4
4349,X6,0.14802534072350934,0.05032844167124404,153.9463543524497,lr_shap_list_ir_4_subset_14,lr_shap_list_ir_4
4350,X1,0.0786997582829488,0.11213647987654143,81.84774861426675,lr_shap_list_ir_1_subset_136,lr_shap_list_ir_1
4351,X2,1.012578856137979,1.342570197690774,1053.082010383498,lr_shap_list_ir_1_subset_136,lr_shap_list_ir_1
4352,X3,1.8079053949136161,3.263823040048301,1880.2216107101608,lr_shap_list_ir_1_subset_136,lr_shap_list_ir_1
4353,X4,1.4699551663517105,0.6805792765215333,1528.753373005779,lr_shap_list_ir_1_subset_136,lr_shap_list_ir_1
4354,X5,0.28910693581052394,0.42849171868492025,300.6712132429449,lr_shap_list_ir_1_subset_136,lr_shap_list_ir_1
4355,X6,0.6115289588082089,0.14912734664461605,635.9901171605372,lr_shap_list_ir_1_subset_136,lr_shap_list_ir_1
4356,X1,0.43297080475495625,0.6395089224644462,450.2896369451545,lr_shap_list_ir_3_subset_120,lr_shap_list_ir_3
4357,X2,0.5090690873522308,0.6441699131498917,529.43185084632,lr_shap_list_ir_3_subset_120,lr_shap_list_ir_3
4358,X3,0.4863912516870615,0.5827276068737978,505.8469017545439,lr_shap_list_ir_3_subset_120,lr_shap_list_ir_3
4359,X4,0.7471251379610011,0.4754904622445434,777.0101434794411,lr_shap_list_ir_3_subset_120,lr_shap_list_ir_3
4360,X5,0.49544683822933444,0.9512445508713532,515.2647117585078,lr_shap_list_ir_3_subset_120,lr_shap_list_ir_3
4361,X6,0.02050192941074846,0.005687561536543423,21.3220065871784,lr_shap_list_ir_3_subset_120,lr_shap_list_ir_3
4362,X1,0.5408962279876188,0.5948340157419447,562.5320771071235,lr_shap_list_ir_5_subset_136,lr_shap_list_ir_5
4363,X2,0.6517680690127878,1.0053955429917998,677.8387917732994,lr_shap_list_ir_5_subset_136,lr_shap_list_ir_5
4364,X3,0.44879132385040144,0.5958280767855099,466.7429768044175,lr_shap_list_ir_5_subset_136,lr_shap_list_ir_5
4365,X4,1.0812112866115384,0.729770860008889,1124.459738076,lr_shap_list_ir_5_subset_136,lr_shap_list_ir_5
4366,X5,0.7232251704455319,1.0842651727865769,752.1541772633532,lr_shap_list_ir_5_subset_136,lr_shap_list_ir_5
4367,X6,0.054622969414212366,0.013036915231097056,56.80788819078086,lr_shap_list_ir_5_subset_136,lr_shap_list_ir_5
4368,X1,0.2804108566414422,0.37897381327713836,291.6272909070999,lr_shap_list_ir_5_subset_135,lr_shap_list_ir_5
4369,X2,0.5661596658610357,0.6603741987041409,588.8060524954772,lr_shap_list_ir_5_subset_135,lr_shap_list_ir_5
4370,X3,0.6412127184670121,0.9158781463649182,666.8612272056926,lr_shap_list_ir_5_subset_135,lr_shap_list_ir_5
4371,X4,1.2568739609351334,0.9209897684369545,1307.1489193725388,lr_shap_list_ir_5_subset_135,lr_shap_list_ir_5
4372,X5,0.854126542839854,1.097976984003187,888.2916045534482,lr_shap_list_ir_5_subset_135,lr_shap_list_ir_5
4373,X6,0.08761002034594823,0.0248904776328817,91.11442115978616,lr_shap_list_ir_5_subset_135,lr_shap_list_ir_5
4374,X1,0.024019276157508138,0.03293880581406309,24.980047203808464,lr_shap_list_ir_1_subset_147,lr_shap_list_ir_1
4375,X2,2.810083655085011,3.7659895375610666,2922.487001288411,lr_shap_list_ir_1_subset_147,lr_shap_list_ir_1
4376,X3,3.2048127434013507,3.9243856692048364,3333.005253137405,lr_shap_list_ir_1_subset_147,lr_shap_list_ir_1
4377,X4,1.44191565857417,0.7537603732981322,1499.5922849171368,lr_shap_list_ir_1_subset_147,lr_shap_list_ir_1
4378,X5,0.5147607593385609,0.8039461598531397,535.3511897121034,lr_shap_list_ir_1_subset_147,lr_shap_list_ir_1
4379,X6,0.8539530551490383,0.1825688580847336,888.1111773549999,lr_shap_list_ir_1_subset_147,lr_shap_list_ir_1
4380,X1,0.279436092023238,0.3859900426564733,290.61353570416753,lr_shap_list_ir_3_subset_85,lr_shap_list_ir_3
4381,X2,0.49062426065239123,0.6826866311104057,510.2492310784869,lr_shap_list_ir_3_subset_85,lr_shap_list_ir_3
4382,X3,0.6345218052644679,0.7982684636367445,659.9026774750466,lr_shap_list_ir_3_subset_85,lr_shap_list_ir_3
4383,X4,1.110973136389951,0.7413731108748717,1155.412061845549,lr_shap_list_ir_3_subset_85,lr_shap_list_ir_3
4384,X5,0.6073011940274629,0.878642342227016,631.5932417885614,lr_shap_list_ir_3_subset_85,lr_shap_list_ir_3
4385,X6,0.24064121862348145,0.057219387097414316,250.26686736842072,lr_shap_list_ir_3_subset_85,lr_shap_list_ir_3
4386,X1,0.25979007919880387,0.383614642724232,270.18168236675604,lr_shap_list_ir_4_subset_74,lr_shap_list_ir_4
4387,X2,0.2012853680525601,0.2834939807790879,209.33678277466248,lr_shap_list_ir_4_subset_74,lr_shap_list_ir_4
4388,X3,0.5443467372829972,0.7378281370879072,566.1206067743171,lr_shap_list_ir_4_subset_74,lr_shap_list_ir_4
4389,X4,0.7735971823321061,0.5420899206993678,804.5410696253903,lr_shap_list_ir_4_subset_74,lr_shap_list_ir_4
4390,X5,0.8457780893136047,1.2958043567860829,879.6092128861488,lr_shap_list_ir_4_subset_74,lr_shap_list_ir_4
4391,X6,0.05301453906135132,0.013765831649926659,55.13512062380537,lr_shap_list_ir_4_subset_74,lr_shap_list_ir_4
4392,X1,0.3891256694209648,0.5520160693881135,404.6906961978034,lr_shap_list_ir_4_subset_19,lr_shap_list_ir_4
4393,X2,0.47275663361168696,0.6853638195951004,491.66689895615445,lr_shap_list_ir_4_subset_19,lr_shap_list_ir_4
4394,X3,0.6331939878808317,0.8622441880525215,658.5217473960649,lr_shap_list_ir_4_subset_19,lr_shap_list_ir_4
4395,X4,0.8025459120263752,0.5252785178439757,834.6477485074302,lr_shap_list_ir_4_subset_19,lr_shap_list_ir_4
4396,X5,0.6158519571949272,1.1952776224628856,640.4860354827243,lr_shap_list_ir_4_subset_19,lr_shap_list_ir_4
4397,X6,0.28822155535937993,0.07036439601958173,299.75041757375516,lr_shap_list_ir_4_subset_19,lr_shap_list_ir_4
4398,X1,0.06042707453208901,0.08103718575389066,62.84415751337257,lr_shap_list_ir_2_subset_124,lr_shap_list_ir_2
4399,X2,0.32971473696172626,0.43354144002340933,342.9033264401953,lr_shap_list_ir_2_subset_124,lr_shap_list_ir_2
4400,X3,1.6164347056402426,2.989924859826986,1681.0920938658523,lr_shap_list_ir_2_subset_124,lr_shap_list_ir_2
4401,X4,0.7686793830592399,0.3941059123030484,799.4265583816094,lr_shap_list_ir_2_subset_124,lr_shap_list_ir_2
4402,X5,0.527313833285298,0.6026761022462068,548.4063866167099,lr_shap_list_ir_2_subset_124,lr_shap_list_ir_2
4403,X6,0.5950475958033438,0.14100833120973305,618.8494996354775,lr_shap_list_ir_2_subset_124,lr_shap_list_ir_2
4404,X1,0.2245926350139887,0.29858321840510976,233.57634041454827,lr_shap_list_ir_2_subset_98,lr_shap_list_ir_2
4405,X2,0.9319846605580995,1.1270000087632117,969.2640469804235,lr_shap_list_ir_2_subset_98,lr_shap_list_ir_2
4406,X3,1.322755849439209,1.7675239810095578,1375.6660834167774,lr_shap_list_ir_2_subset_98,lr_shap_list_ir_2
4407,X4,1.1434565893935364,0.671309409577635,1189.194852969278,lr_shap_list_ir_2_subset_98,lr_shap_list_ir_2
4408,X5,0.3488283193252947,0.6900502443795067,362.7814520983065,lr_shap_list_ir_2_subset_98,lr_shap_list_ir_2
4409,X6,0.10395926472367696,0.02384818837236199,108.11763531262405,lr_shap_list_ir_2_subset_98,lr_shap_list_ir_2
4410,X1,0.2947223813711076,0.4289672579414777,306.51127662595195,lr_shap_list_ir_3_subset_102,lr_shap_list_ir_3
4411,X2,0.37042102777466657,0.5100389362060989,385.23786888565326,lr_shap_list_ir_3_subset_102,lr_shap_list_ir_3
4412,X3,1.2207456531051413,1.372809300542463,1269.575479229347,lr_shap_list_ir_3_subset_102,lr_shap_list_ir_3
4413,X4,0.8006912594986633,0.49336859079130674,832.7189098786098,lr_shap_list_ir_3_subset_102,lr_shap_list_ir_3
4414,X5,0.6536911914672046,0.7177984378107575,679.8388391258927,lr_shap_list_ir_3_subset_102,lr_shap_list_ir_3
4415,X6,0.6717031601263874,0.2251484062667927,698.5712865314429,lr_shap_list_ir_3_subset_102,lr_shap_list_ir_3
4416,X1,0.34927534583048575,0.47807823408636274,363.24635966370516,lr_shap_list_ir_2_subset_125,lr_shap_list_ir_2
4417,X2,0.17156340018969304,0.21233063085984372,178.42593619728078,lr_shap_list_ir_2_subset_125,lr_shap_list_ir_2
4418,X3,0.4411555569263847,0.6558716101856301,458.8017792034401,lr_shap_list_ir_2_subset_125,lr_shap_list_ir_2
4419,X4,0.7424428307525562,0.420230515471548,772.1405439826585,lr_shap_list_ir_2_subset_125,lr_shap_list_ir_2
4420,X5,0.4279871141413942,0.6086208568433118,445.10659870704995,lr_shap_list_ir_2_subset_125,lr_shap_list_ir_2
4421,X6,0.11418655374573243,0.027145439001735702,118.75401589556172,lr_shap_list_ir_2_subset_125,lr_shap_list_ir_2
4422,X1,0.598884529476173,0.6224656375742506,622.8399106552199,lr_shap_list_ir_4_subset_76,lr_shap_list_ir_4
4423,X2,0.7383670600440397,1.1205268527475947,767.9017424458013,lr_shap_list_ir_4_subset_76,lr_shap_list_ir_4
4424,X3,0.6758691542427865,0.694970551697447,702.903920412498,lr_shap_list_ir_4_subset_76,lr_shap_list_ir_4
4425,X4,1.2704640312535884,0.8020299879894194,1321.2825925037318,lr_shap_list_ir_4_subset_76,lr_shap_list_ir_4
4426,X5,0.8771081460706228,1.12254640515088,912.1924719134478,lr_shap_list_ir_4_subset_76,lr_shap_list_ir_4
4427,X6,0.03730909758751447,0.008627243318655924,38.80146149101505,lr_shap_list_ir_4_subset_76,lr_shap_list_ir_4
4428,X1,0.2779794778535471,0.3921935191271668,289.09865696768895,lr_shap_list_ir_2_subset_88,lr_shap_list_ir_2
4429,X2,0.2633633597014793,0.3230448070100935,273.89789408953845,lr_shap_list_ir_2_subset_88,lr_shap_list_ir_2
4430,X3,1.4143569132243996,1.7421856040271781,1470.9311897533755,lr_shap_list_ir_2_subset_88,lr_shap_list_ir_2
4431,X4,0.6469491285346596,0.3182416662217525,672.8270936760459,lr_shap_list_ir_2_subset_88,lr_shap_list_ir_2
4432,X5,0.5247185824297044,0.9536342329022709,545.7073257268926,lr_shap_list_ir_2_subset_88,lr_shap_list_ir_2
4433,X6,0.2653535379342243,0.06279695086721526,275.96767945159326,lr_shap_list_ir_2_subset_88,lr_shap_list_ir_2
4434,X1,0.18336841893373557,0.24654349306745058,190.703155691085,lr_shap_list_ir_1_subset_133,lr_shap_list_ir_1
4435,X2,2.146177109246279,2.6822003745854235,2232.02419361613,lr_shap_list_ir_1_subset_133,lr_shap_list_ir_1
4436,X3,2.265263771199287,3.487770619865003,2355.874322047259,lr_shap_list_ir_1_subset_133,lr_shap_list_ir_1
4437,X4,0.8919746060344457,0.3883350803799277,927.6535902758235,lr_shap_list_ir_1_subset_133,lr_shap_list_ir_1
4438,X5,0.5061274951729025,0.6292575687778912,526.3725949798186,lr_shap_list_ir_1_subset_133,lr_shap_list_ir_1
4439,X6,0.6280070584931405,0.12871153266307545,653.1273408328661,lr_shap_list_ir_1_subset_133,lr_shap_list_ir_1
