,index,shapMean,shapStd,shapSum,subset,imbalance_ratio
0,X1,0.7276185,0.5502823,756.72327,xgb_shap_list_ir_5_subset_85,xgb_shap_list_ir_5
1,X2,0.7274203,0.63525313,756.5171,xgb_shap_list_ir_5_subset_85,xgb_shap_list_ir_5
2,X3,0.69744676,0.36946535,725.3446,xgb_shap_list_ir_5_subset_85,xgb_shap_list_ir_5
3,X4,1.6926404,0.8000743,1760.3461,xgb_shap_list_ir_5_subset_85,xgb_shap_list_ir_5
4,X5,1.2065296,0.911177,1254.7908,xgb_shap_list_ir_5_subset_85,xgb_shap_list_ir_5
5,X6,0.70492107,0.451426,733.1179,xgb_shap_list_ir_5_subset_85,xgb_shap_list_ir_5
6,X1,0.91102123,0.5450778,947.4621,xgb_shap_list_ir_2_subset_79,xgb_shap_list_ir_2
7,X2,0.64278895,0.69135094,668.5005,xgb_shap_list_ir_2_subset_79,xgb_shap_list_ir_2
8,X3,0.7630281,0.37989196,793.5492,xgb_shap_list_ir_2_subset_79,xgb_shap_list_ir_2
9,X4,0.8971715,0.6433037,933.05835,xgb_shap_list_ir_2_subset_79,xgb_shap_list_ir_2
10,X5,0.8057998,0.4639995,838.0318,xgb_shap_list_ir_2_subset_79,xgb_shap_list_ir_2
11,X6,0.56030285,0.2980194,582.71497,xgb_shap_list_ir_2_subset_79,xgb_shap_list_ir_2
12,X1,0.9085886,0.49915266,944.9321,xgb_shap_list_ir_1_subset_143,xgb_shap_list_ir_1
13,X2,1.1447419,0.66139346,1190.5316,xgb_shap_list_ir_1_subset_143,xgb_shap_list_ir_1
14,X3,0.4368596,0.49158496,454.33398,xgb_shap_list_ir_1_subset_143,xgb_shap_list_ir_1
15,X4,1.1098982,0.44896558,1154.2942,xgb_shap_list_ir_1_subset_143,xgb_shap_list_ir_1
16,X5,0.86623627,0.29025978,900.88574,xgb_shap_list_ir_1_subset_143,xgb_shap_list_ir_1
17,X6,1.0111835,0.2288855,1051.6309,xgb_shap_list_ir_1_subset_143,xgb_shap_list_ir_1
18,X1,0.64363027,0.4494358,669.3755,xgb_shap_list_ir_3_subset_50,xgb_shap_list_ir_3
19,X2,0.50026506,0.59073585,520.27563,xgb_shap_list_ir_3_subset_50,xgb_shap_list_ir_3
20,X3,0.91210705,0.643546,948.5913,xgb_shap_list_ir_3_subset_50,xgb_shap_list_ir_3
21,X4,1.3248906,0.5281654,1377.8862,xgb_shap_list_ir_3_subset_50,xgb_shap_list_ir_3
22,X5,1.1931794,0.7465876,1240.9065,xgb_shap_list_ir_3_subset_50,xgb_shap_list_ir_3
23,X6,0.86527747,0.40565285,899.88855,xgb_shap_list_ir_3_subset_50,xgb_shap_list_ir_3
24,X1,0.93512034,0.45794332,972.52515,xgb_shap_list_ir_1_subset_65,xgb_shap_list_ir_1
25,X2,0.55897325,0.5476295,581.33215,xgb_shap_list_ir_1_subset_65,xgb_shap_list_ir_1
26,X3,0.44177416,0.26721263,459.44513,xgb_shap_list_ir_1_subset_65,xgb_shap_list_ir_1
27,X4,1.1151952,0.41684029,1159.803,xgb_shap_list_ir_1_subset_65,xgb_shap_list_ir_1
28,X5,0.6784907,0.32214546,705.6303,xgb_shap_list_ir_1_subset_65,xgb_shap_list_ir_1
29,X6,1.2261606,0.37428367,1275.207,xgb_shap_list_ir_1_subset_65,xgb_shap_list_ir_1
30,X1,0.8944441,0.5257397,930.22186,xgb_shap_list_ir_3_subset_19,xgb_shap_list_ir_3
31,X2,0.64890856,0.6242273,674.86487,xgb_shap_list_ir_3_subset_19,xgb_shap_list_ir_3
32,X3,0.4233805,0.26102555,440.3157,xgb_shap_list_ir_3_subset_19,xgb_shap_list_ir_3
33,X4,1.4532415,0.5624931,1511.3711,xgb_shap_list_ir_3_subset_19,xgb_shap_list_ir_3
34,X5,1.2129577,0.8262713,1261.4761,xgb_shap_list_ir_3_subset_19,xgb_shap_list_ir_3
35,X6,0.79101115,0.50791,822.6516,xgb_shap_list_ir_3_subset_19,xgb_shap_list_ir_3
36,X1,0.87607,0.4511029,911.11285,xgb_shap_list_ir_1_subset_133,xgb_shap_list_ir_1
37,X2,0.7202478,0.6265041,749.05774,xgb_shap_list_ir_1_subset_133,xgb_shap_list_ir_1
38,X3,0.5253944,0.26148215,546.41016,xgb_shap_list_ir_1_subset_133,xgb_shap_list_ir_1
39,X4,0.93567854,0.42381892,973.1057,xgb_shap_list_ir_1_subset_133,xgb_shap_list_ir_1
40,X5,1.1693487,0.5078714,1216.1227,xgb_shap_list_ir_1_subset_133,xgb_shap_list_ir_1
41,X6,0.8847241,0.2987069,920.11304,xgb_shap_list_ir_1_subset_133,xgb_shap_list_ir_1
42,X1,1.5860776,0.6853901,1649.5206,xgb_shap_list_ir_1_subset_15,xgb_shap_list_ir_1
43,X2,0.6449079,0.49039036,670.7042,xgb_shap_list_ir_1_subset_15,xgb_shap_list_ir_1
44,X3,0.67188084,0.3754931,698.7561,xgb_shap_list_ir_1_subset_15,xgb_shap_list_ir_1
45,X4,1.0645204,0.46142808,1107.1012,xgb_shap_list_ir_1_subset_15,xgb_shap_list_ir_1
46,X5,0.9418692,0.32996222,979.54395,xgb_shap_list_ir_1_subset_15,xgb_shap_list_ir_1
47,X6,1.0856063,0.56751484,1129.0306,xgb_shap_list_ir_1_subset_15,xgb_shap_list_ir_1
48,X1,0.8055208,0.6731272,837.7416,xgb_shap_list_ir_3_subset_67,xgb_shap_list_ir_3
49,X2,0.9029663,0.69165,939.08496,xgb_shap_list_ir_3_subset_67,xgb_shap_list_ir_3
50,X3,0.35284042,0.29942116,366.95404,xgb_shap_list_ir_3_subset_67,xgb_shap_list_ir_3
51,X4,0.9690131,0.57656217,1007.7736,xgb_shap_list_ir_3_subset_67,xgb_shap_list_ir_3
52,X5,1.0370793,0.69038945,1078.5625,xgb_shap_list_ir_3_subset_67,xgb_shap_list_ir_3
53,X6,1.030248,0.530947,1071.458,xgb_shap_list_ir_3_subset_67,xgb_shap_list_ir_3
54,X1,0.6200203,0.4687985,644.8211,xgb_shap_list_ir_5_subset_81,xgb_shap_list_ir_5
55,X2,0.70128715,0.69824195,729.3386,xgb_shap_list_ir_5_subset_81,xgb_shap_list_ir_5
56,X3,0.62753135,0.333172,652.6326,xgb_shap_list_ir_5_subset_81,xgb_shap_list_ir_5
57,X4,1.7341914,0.77053773,1803.5591,xgb_shap_list_ir_5_subset_81,xgb_shap_list_ir_5
58,X5,1.2173734,0.95107687,1266.0684,xgb_shap_list_ir_5_subset_81,xgb_shap_list_ir_5
59,X6,0.777844,0.4757285,808.95776,xgb_shap_list_ir_5_subset_81,xgb_shap_list_ir_5
60,X1,0.8893375,0.5437681,924.91095,xgb_shap_list_ir_5_subset_59,xgb_shap_list_ir_5
61,X2,0.6016658,0.5802326,625.7324,xgb_shap_list_ir_5_subset_59,xgb_shap_list_ir_5
62,X3,0.73079365,0.37897173,760.0254,xgb_shap_list_ir_5_subset_59,xgb_shap_list_ir_5
63,X4,1.4314408,0.7273455,1488.6985,xgb_shap_list_ir_5_subset_59,xgb_shap_list_ir_5
64,X5,1.1895813,0.87452567,1237.1646,xgb_shap_list_ir_5_subset_59,xgb_shap_list_ir_5
65,X6,0.9245574,0.5933126,961.5397,xgb_shap_list_ir_5_subset_59,xgb_shap_list_ir_5
66,X1,0.83485067,0.74770755,868.2447,xgb_shap_list_ir_1_subset_5,xgb_shap_list_ir_1
67,X2,0.4180943,0.44563764,434.81808,xgb_shap_list_ir_1_subset_5,xgb_shap_list_ir_1
68,X3,0.25055507,0.2468387,260.57727,xgb_shap_list_ir_1_subset_5,xgb_shap_list_ir_1
69,X4,1.1797006,0.3433663,1226.8887,xgb_shap_list_ir_1_subset_5,xgb_shap_list_ir_1
70,X5,0.61652553,0.33449244,641.1865,xgb_shap_list_ir_1_subset_5,xgb_shap_list_ir_1
71,X6,0.6565705,0.3447031,682.8333,xgb_shap_list_ir_1_subset_5,xgb_shap_list_ir_1
72,X1,0.7186727,0.43427506,747.4196,xgb_shap_list_ir_3_subset_102,xgb_shap_list_ir_3
73,X2,0.6192505,0.6358087,644.0205,xgb_shap_list_ir_3_subset_102,xgb_shap_list_ir_3
74,X3,0.9061084,0.47036943,942.3527,xgb_shap_list_ir_3_subset_102,xgb_shap_list_ir_3
75,X4,1.345355,0.63230234,1399.1692,xgb_shap_list_ir_3_subset_102,xgb_shap_list_ir_3
76,X5,1.0680239,0.71072245,1110.7449,xgb_shap_list_ir_3_subset_102,xgb_shap_list_ir_3
77,X6,1.0288945,0.44052324,1070.0503,xgb_shap_list_ir_3_subset_102,xgb_shap_list_ir_3
78,X1,0.8007358,0.5076764,832.7652,xgb_shap_list_ir_5_subset_117,xgb_shap_list_ir_5
79,X2,0.8890392,0.6880503,924.60077,xgb_shap_list_ir_5_subset_117,xgb_shap_list_ir_5
80,X3,0.6013753,0.44036475,625.4303,xgb_shap_list_ir_5_subset_117,xgb_shap_list_ir_5
81,X4,1.5018529,0.6774338,1561.927,xgb_shap_list_ir_5_subset_117,xgb_shap_list_ir_5
82,X5,1.2609458,1.0065382,1311.3837,xgb_shap_list_ir_5_subset_117,xgb_shap_list_ir_5
83,X6,0.91026616,0.5483038,946.6768,xgb_shap_list_ir_5_subset_117,xgb_shap_list_ir_5
84,X1,0.8276723,0.48912027,860.7792,xgb_shap_list_ir_3_subset_124,xgb_shap_list_ir_3
85,X2,0.7822983,0.7326802,813.5903,xgb_shap_list_ir_3_subset_124,xgb_shap_list_ir_3
86,X3,0.5771562,0.24796614,600.24243,xgb_shap_list_ir_3_subset_124,xgb_shap_list_ir_3
87,X4,1.2981479,0.73621064,1350.0739,xgb_shap_list_ir_3_subset_124,xgb_shap_list_ir_3
88,X5,0.79713136,0.5456718,829.0166,xgb_shap_list_ir_3_subset_124,xgb_shap_list_ir_3
89,X6,0.91585344,0.49331382,952.48755,xgb_shap_list_ir_3_subset_124,xgb_shap_list_ir_3
90,X1,0.6043191,0.52565795,628.4919,xgb_shap_list_ir_3_subset_98,xgb_shap_list_ir_3
91,X2,0.8384684,0.71506923,872.0071,xgb_shap_list_ir_3_subset_98,xgb_shap_list_ir_3
92,X3,0.31771028,0.35654387,330.4187,xgb_shap_list_ir_3_subset_98,xgb_shap_list_ir_3
93,X4,1.3696594,0.5882426,1424.4458,xgb_shap_list_ir_3_subset_98,xgb_shap_list_ir_3
94,X5,1.2555554,0.7795224,1305.7776,xgb_shap_list_ir_3_subset_98,xgb_shap_list_ir_3
95,X6,0.7451716,0.5155455,774.97845,xgb_shap_list_ir_3_subset_98,xgb_shap_list_ir_3
96,X1,0.8885303,0.38791135,924.07153,xgb_shap_list_ir_1_subset_100,xgb_shap_list_ir_1
97,X2,0.7572411,0.49202555,787.5307,xgb_shap_list_ir_1_subset_100,xgb_shap_list_ir_1
98,X3,0.7148775,0.47098976,743.4726,xgb_shap_list_ir_1_subset_100,xgb_shap_list_ir_1
99,X4,1.3715882,0.41376007,1426.4518,xgb_shap_list_ir_1_subset_100,xgb_shap_list_ir_1
100,X5,0.8328484,0.29976803,866.16235,xgb_shap_list_ir_1_subset_100,xgb_shap_list_ir_1
101,X6,0.8507048,0.38228738,884.733,xgb_shap_list_ir_1_subset_100,xgb_shap_list_ir_1
102,X1,1.2297039,0.71922106,1278.8921,xgb_shap_list_ir_2_subset_22,xgb_shap_list_ir_2
103,X2,0.5753918,0.66963667,598.40753,xgb_shap_list_ir_2_subset_22,xgb_shap_list_ir_2
104,X3,0.82532775,0.3612874,858.3409,xgb_shap_list_ir_2_subset_22,xgb_shap_list_ir_2
105,X4,1.6655555,0.5582868,1732.1777,xgb_shap_list_ir_2_subset_22,xgb_shap_list_ir_2
106,X5,0.97796464,0.45111695,1017.08325,xgb_shap_list_ir_2_subset_22,xgb_shap_list_ir_2
107,X6,0.6606573,0.32714462,687.08356,xgb_shap_list_ir_2_subset_22,xgb_shap_list_ir_2
108,X1,0.6466383,0.4743346,672.5038,xgb_shap_list_ir_2_subset_17,xgb_shap_list_ir_2
109,X2,0.5549993,0.49779353,577.1993,xgb_shap_list_ir_2_subset_17,xgb_shap_list_ir_2
110,X3,0.79737324,0.30000138,829.2682,xgb_shap_list_ir_2_subset_17,xgb_shap_list_ir_2
111,X4,0.858398,0.45644784,892.73395,xgb_shap_list_ir_2_subset_17,xgb_shap_list_ir_2
112,X5,1.2492805,0.6475589,1299.2517,xgb_shap_list_ir_2_subset_17,xgb_shap_list_ir_2
113,X6,0.9530708,0.45005733,991.19366,xgb_shap_list_ir_2_subset_17,xgb_shap_list_ir_2
114,X1,0.8646758,0.6500332,899.2629,xgb_shap_list_ir_4_subset_67,xgb_shap_list_ir_4
115,X2,0.9473194,0.7967784,985.21216,xgb_shap_list_ir_4_subset_67,xgb_shap_list_ir_4
116,X3,0.406171,0.24090445,422.41785,xgb_shap_list_ir_4_subset_67,xgb_shap_list_ir_4
117,X4,1.220739,0.60066885,1269.5686,xgb_shap_list_ir_4_subset_67,xgb_shap_list_ir_4
118,X5,1.4628528,0.9980452,1521.367,xgb_shap_list_ir_4_subset_67,xgb_shap_list_ir_4
119,X6,0.80067486,0.48897296,832.70184,xgb_shap_list_ir_4_subset_67,xgb_shap_list_ir_4
120,X1,0.5379549,0.44423088,559.47314,xgb_shap_list_ir_4_subset_22,xgb_shap_list_ir_4
121,X2,0.7124406,0.66005754,740.93823,xgb_shap_list_ir_4_subset_22,xgb_shap_list_ir_4
122,X3,0.6849086,0.5392935,712.305,xgb_shap_list_ir_4_subset_22,xgb_shap_list_ir_4
123,X4,1.5988466,0.6375926,1662.8004,xgb_shap_list_ir_4_subset_22,xgb_shap_list_ir_4
124,X5,1.156712,0.69090813,1202.9806,xgb_shap_list_ir_4_subset_22,xgb_shap_list_ir_4
125,X6,0.7824726,0.5148502,813.7715,xgb_shap_list_ir_4_subset_22,xgb_shap_list_ir_4
126,X1,0.797787,0.36182314,829.6985,xgb_shap_list_ir_1_subset_124,xgb_shap_list_ir_1
127,X2,0.23427866,0.21824332,243.64981,xgb_shap_list_ir_1_subset_124,xgb_shap_list_ir_1
128,X3,0.6000702,0.3901166,624.073,xgb_shap_list_ir_1_subset_124,xgb_shap_list_ir_1
129,X4,1.0048784,0.45593455,1045.0735,xgb_shap_list_ir_1_subset_124,xgb_shap_list_ir_1
130,X5,0.68160576,0.3959625,708.87,xgb_shap_list_ir_1_subset_124,xgb_shap_list_ir_1
131,X6,0.96605235,0.5570741,1004.69446,xgb_shap_list_ir_1_subset_124,xgb_shap_list_ir_1
132,X1,0.70990396,0.54465276,738.3001,xgb_shap_list_ir_4_subset_148,xgb_shap_list_ir_4
133,X2,0.7041217,0.59985465,732.28656,xgb_shap_list_ir_4_subset_148,xgb_shap_list_ir_4
134,X3,0.60682684,0.39896196,631.0999,xgb_shap_list_ir_4_subset_148,xgb_shap_list_ir_4
135,X4,1.2039216,0.6378204,1252.0784,xgb_shap_list_ir_4_subset_148,xgb_shap_list_ir_4
136,X5,1.3057755,0.9230964,1358.0066,xgb_shap_list_ir_4_subset_148,xgb_shap_list_ir_4
137,X6,0.6010762,0.40286243,625.11926,xgb_shap_list_ir_4_subset_148,xgb_shap_list_ir_4
138,X1,1.1923594,0.6101282,1240.0538,xgb_shap_list_ir_2_subset_106,xgb_shap_list_ir_2
139,X2,0.6592723,0.6744825,685.6432,xgb_shap_list_ir_2_subset_106,xgb_shap_list_ir_2
140,X3,0.66617924,0.35923746,692.8264,xgb_shap_list_ir_2_subset_106,xgb_shap_list_ir_2
141,X4,1.2011976,0.42589226,1249.2455,xgb_shap_list_ir_2_subset_106,xgb_shap_list_ir_2
142,X5,0.7199794,0.47943667,748.77856,xgb_shap_list_ir_2_subset_106,xgb_shap_list_ir_2
143,X6,1.1376649,0.42145702,1183.1715,xgb_shap_list_ir_2_subset_106,xgb_shap_list_ir_2
144,X1,0.6939857,0.49851465,721.7451,xgb_shap_list_ir_3_subset_53,xgb_shap_list_ir_3
145,X2,0.68669444,0.46946368,714.16223,xgb_shap_list_ir_3_subset_53,xgb_shap_list_ir_3
146,X3,0.57879937,0.45008373,601.95135,xgb_shap_list_ir_3_subset_53,xgb_shap_list_ir_3
147,X4,1.2318535,0.67889935,1281.1277,xgb_shap_list_ir_3_subset_53,xgb_shap_list_ir_3
148,X5,1.0701784,0.7079617,1112.9855,xgb_shap_list_ir_3_subset_53,xgb_shap_list_ir_3
149,X6,1.1952609,0.6028563,1243.0713,xgb_shap_list_ir_3_subset_53,xgb_shap_list_ir_3
150,X1,0.73499066,0.45383978,764.39026,xgb_shap_list_ir_4_subset_56,xgb_shap_list_ir_4
151,X2,0.62141335,0.5730558,646.2699,xgb_shap_list_ir_4_subset_56,xgb_shap_list_ir_4
152,X3,0.9241315,0.48394537,961.0968,xgb_shap_list_ir_4_subset_56,xgb_shap_list_ir_4
153,X4,1.5793241,0.6896662,1642.4971,xgb_shap_list_ir_4_subset_56,xgb_shap_list_ir_4
154,X5,0.93588865,0.61059654,973.3242,xgb_shap_list_ir_4_subset_56,xgb_shap_list_ir_4
155,X6,1.0610427,0.5383375,1103.4844,xgb_shap_list_ir_4_subset_56,xgb_shap_list_ir_4
156,X1,0.89140826,0.6466688,927.0646,xgb_shap_list_ir_2_subset_137,xgb_shap_list_ir_2
157,X2,0.7013949,0.7520973,729.4507,xgb_shap_list_ir_2_subset_137,xgb_shap_list_ir_2
158,X3,0.7551771,0.2671399,785.38416,xgb_shap_list_ir_2_subset_137,xgb_shap_list_ir_2
159,X4,1.0459398,0.4806858,1087.7773,xgb_shap_list_ir_2_subset_137,xgb_shap_list_ir_2
160,X5,1.0434704,0.5533267,1085.2092,xgb_shap_list_ir_2_subset_137,xgb_shap_list_ir_2
161,X6,0.97936374,0.3760159,1018.53827,xgb_shap_list_ir_2_subset_137,xgb_shap_list_ir_2
162,X1,1.2220609,0.40458438,1270.9434,xgb_shap_list_ir_1_subset_10,xgb_shap_list_ir_1
163,X2,1.0504074,0.40827063,1092.4237,xgb_shap_list_ir_1_subset_10,xgb_shap_list_ir_1
164,X3,0.44079015,0.3464607,458.42175,xgb_shap_list_ir_1_subset_10,xgb_shap_list_ir_1
165,X4,0.9006278,0.5450799,936.6529,xgb_shap_list_ir_1_subset_10,xgb_shap_list_ir_1
166,X5,0.8463989,0.360897,880.2548,xgb_shap_list_ir_1_subset_10,xgb_shap_list_ir_1
167,X6,0.66669804,0.38706237,693.36597,xgb_shap_list_ir_1_subset_10,xgb_shap_list_ir_1
168,X1,0.6554847,0.6341449,681.70404,xgb_shap_list_ir_5_subset_38,xgb_shap_list_ir_5
169,X2,0.67418665,0.7369063,701.1541,xgb_shap_list_ir_5_subset_38,xgb_shap_list_ir_5
170,X3,0.61848575,0.4117627,643.22516,xgb_shap_list_ir_5_subset_38,xgb_shap_list_ir_5
171,X4,1.5089803,0.6845113,1569.3395,xgb_shap_list_ir_5_subset_38,xgb_shap_list_ir_5
172,X5,1.1786673,1.0046872,1225.814,xgb_shap_list_ir_5_subset_38,xgb_shap_list_ir_5
173,X6,1.095588,0.5658508,1139.4115,xgb_shap_list_ir_5_subset_38,xgb_shap_list_ir_5
174,X1,0.423373,0.32765576,440.30792,xgb_shap_list_ir_1_subset_90,xgb_shap_list_ir_1
175,X2,0.559502,0.44774872,581.8821,xgb_shap_list_ir_1_subset_90,xgb_shap_list_ir_1
176,X3,0.6627863,0.2453647,689.2977,xgb_shap_list_ir_1_subset_90,xgb_shap_list_ir_1
177,X4,1.8180307,0.5974366,1890.752,xgb_shap_list_ir_1_subset_90,xgb_shap_list_ir_1
178,X5,0.7487293,0.26243034,778.67847,xgb_shap_list_ir_1_subset_90,xgb_shap_list_ir_1
179,X6,1.0161821,0.5524428,1056.8293,xgb_shap_list_ir_1_subset_90,xgb_shap_list_ir_1
180,X1,0.7739693,0.45526674,804.92804,xgb_shap_list_ir_2_subset_21,xgb_shap_list_ir_2
181,X2,0.5743927,0.5694392,597.3684,xgb_shap_list_ir_2_subset_21,xgb_shap_list_ir_2
182,X3,0.50763106,0.3507312,527.9363,xgb_shap_list_ir_2_subset_21,xgb_shap_list_ir_2
183,X4,1.18017,0.5276505,1227.3768,xgb_shap_list_ir_2_subset_21,xgb_shap_list_ir_2
184,X5,1.1592969,0.6471482,1205.6687,xgb_shap_list_ir_2_subset_21,xgb_shap_list_ir_2
185,X6,0.5585235,0.39890626,580.86444,xgb_shap_list_ir_2_subset_21,xgb_shap_list_ir_2
186,X1,0.84779453,0.5873684,881.7063,xgb_shap_list_ir_2_subset_32,xgb_shap_list_ir_2
187,X2,0.87264436,0.66783774,907.5501,xgb_shap_list_ir_2_subset_32,xgb_shap_list_ir_2
188,X3,0.42044315,0.22510882,437.26086,xgb_shap_list_ir_2_subset_32,xgb_shap_list_ir_2
189,X4,1.1464374,0.6194452,1192.2949,xgb_shap_list_ir_2_subset_32,xgb_shap_list_ir_2
190,X5,0.73580563,0.42918614,765.23785,xgb_shap_list_ir_2_subset_32,xgb_shap_list_ir_2
191,X6,1.4633065,0.77075046,1521.8389,xgb_shap_list_ir_2_subset_32,xgb_shap_list_ir_2
192,X1,0.85979825,0.5113721,894.1902,xgb_shap_list_ir_5_subset_9,xgb_shap_list_ir_5
193,X2,0.657675,0.5441202,683.98206,xgb_shap_list_ir_5_subset_9,xgb_shap_list_ir_5
194,X3,0.57121754,0.37610695,594.0662,xgb_shap_list_ir_5_subset_9,xgb_shap_list_ir_5
195,X4,1.4897857,0.75865465,1549.3771,xgb_shap_list_ir_5_subset_9,xgb_shap_list_ir_5
196,X5,1.0167999,0.8456795,1057.4719,xgb_shap_list_ir_5_subset_9,xgb_shap_list_ir_5
197,X6,0.83600944,0.42923647,869.4498,xgb_shap_list_ir_5_subset_9,xgb_shap_list_ir_5
198,X1,0.98903716,0.8577491,1028.5986,xgb_shap_list_ir_3_subset_69,xgb_shap_list_ir_3
199,X2,0.6265742,0.6359482,651.6372,xgb_shap_list_ir_3_subset_69,xgb_shap_list_ir_3
200,X3,0.33706313,0.16835925,350.54565,xgb_shap_list_ir_3_subset_69,xgb_shap_list_ir_3
201,X4,1.7296083,0.7138937,1798.7926,xgb_shap_list_ir_3_subset_69,xgb_shap_list_ir_3
202,X5,1.2506065,0.8531873,1300.6307,xgb_shap_list_ir_3_subset_69,xgb_shap_list_ir_3
203,X6,0.8271218,0.43553066,860.20667,xgb_shap_list_ir_3_subset_69,xgb_shap_list_ir_3
204,X1,0.83158547,0.5457168,864.8489,xgb_shap_list_ir_4_subset_125,xgb_shap_list_ir_4
205,X2,0.6502955,0.6404844,676.3073,xgb_shap_list_ir_4_subset_125,xgb_shap_list_ir_4
206,X3,0.735811,0.37815914,765.2434,xgb_shap_list_ir_4_subset_125,xgb_shap_list_ir_4
207,X4,1.3831955,0.6504867,1438.5233,xgb_shap_list_ir_4_subset_125,xgb_shap_list_ir_4
208,X5,1.3506047,0.8746225,1404.6288,xgb_shap_list_ir_4_subset_125,xgb_shap_list_ir_4
209,X6,0.74282473,0.42660794,772.5377,xgb_shap_list_ir_4_subset_125,xgb_shap_list_ir_4
210,X1,0.90054864,0.4691383,936.57056,xgb_shap_list_ir_2_subset_81,xgb_shap_list_ir_2
211,X2,0.7138374,0.68244034,742.39087,xgb_shap_list_ir_2_subset_81,xgb_shap_list_ir_2
212,X3,0.3819128,0.2541515,397.1893,xgb_shap_list_ir_2_subset_81,xgb_shap_list_ir_2
213,X4,1.3622264,0.50831175,1416.7155,xgb_shap_list_ir_2_subset_81,xgb_shap_list_ir_2
214,X5,0.7924657,0.5127001,824.1643,xgb_shap_list_ir_2_subset_81,xgb_shap_list_ir_2
215,X6,0.7996523,0.41294125,831.63837,xgb_shap_list_ir_2_subset_81,xgb_shap_list_ir_2
216,X1,0.6165736,0.43259588,641.2365,xgb_shap_list_ir_3_subset_145,xgb_shap_list_ir_3
217,X2,0.55414015,0.4489408,576.3058,xgb_shap_list_ir_3_subset_145,xgb_shap_list_ir_3
218,X3,0.7762029,0.5239829,807.25104,xgb_shap_list_ir_3_subset_145,xgb_shap_list_ir_3
219,X4,1.4184221,0.66014856,1475.1589,xgb_shap_list_ir_3_subset_145,xgb_shap_list_ir_3
220,X5,1.0501251,0.7475595,1092.1301,xgb_shap_list_ir_3_subset_145,xgb_shap_list_ir_3
221,X6,0.7235376,0.5132297,752.4791,xgb_shap_list_ir_3_subset_145,xgb_shap_list_ir_3
222,X1,0.88654184,0.50052595,922.00354,xgb_shap_list_ir_3_subset_6,xgb_shap_list_ir_3
223,X2,0.689124,0.44110394,716.68896,xgb_shap_list_ir_3_subset_6,xgb_shap_list_ir_3
224,X3,0.5017382,0.26205269,521.80774,xgb_shap_list_ir_3_subset_6,xgb_shap_list_ir_3
225,X4,1.5210109,0.6477636,1581.8513,xgb_shap_list_ir_3_subset_6,xgb_shap_list_ir_3
226,X5,1.0854156,0.6160536,1128.8323,xgb_shap_list_ir_3_subset_6,xgb_shap_list_ir_3
227,X6,1.0463353,0.54805845,1088.1887,xgb_shap_list_ir_3_subset_6,xgb_shap_list_ir_3
228,X1,0.77410114,0.54800487,805.0652,xgb_shap_list_ir_3_subset_80,xgb_shap_list_ir_3
229,X2,0.5485569,0.48508888,570.4992,xgb_shap_list_ir_3_subset_80,xgb_shap_list_ir_3
230,X3,0.3426108,0.2231838,356.31525,xgb_shap_list_ir_3_subset_80,xgb_shap_list_ir_3
231,X4,1.3118035,0.60742533,1364.2756,xgb_shap_list_ir_3_subset_80,xgb_shap_list_ir_3
232,X5,1.2499468,0.84120625,1299.9447,xgb_shap_list_ir_3_subset_80,xgb_shap_list_ir_3
233,X6,0.55350775,0.3879148,575.6481,xgb_shap_list_ir_3_subset_80,xgb_shap_list_ir_3
234,X1,1.0370716,0.49897683,1078.5544,xgb_shap_list_ir_1_subset_107,xgb_shap_list_ir_1
235,X2,0.5157764,0.36411548,536.4075,xgb_shap_list_ir_1_subset_107,xgb_shap_list_ir_1
236,X3,0.27092567,0.21470301,281.7627,xgb_shap_list_ir_1_subset_107,xgb_shap_list_ir_1
237,X4,1.7060808,0.6374435,1774.324,xgb_shap_list_ir_1_subset_107,xgb_shap_list_ir_1
238,X5,0.6430466,0.28024605,668.7685,xgb_shap_list_ir_1_subset_107,xgb_shap_list_ir_1
239,X6,0.82863015,0.35534456,861.7753,xgb_shap_list_ir_1_subset_107,xgb_shap_list_ir_1
240,X1,0.6801267,0.4889611,707.3318,xgb_shap_list_ir_3_subset_78,xgb_shap_list_ir_3
241,X2,0.6030311,0.56062734,627.15234,xgb_shap_list_ir_3_subset_78,xgb_shap_list_ir_3
242,X3,0.60491675,0.3569194,629.1134,xgb_shap_list_ir_3_subset_78,xgb_shap_list_ir_3
243,X4,0.6998703,0.4266616,727.8651,xgb_shap_list_ir_3_subset_78,xgb_shap_list_ir_3
244,X5,1.2655642,0.8429438,1316.1868,xgb_shap_list_ir_3_subset_78,xgb_shap_list_ir_3
245,X6,0.81250715,0.5953589,845.00745,xgb_shap_list_ir_3_subset_78,xgb_shap_list_ir_3
246,X1,0.8753326,0.40291363,910.3459,xgb_shap_list_ir_3_subset_91,xgb_shap_list_ir_3
247,X2,0.6938975,0.60062224,721.6534,xgb_shap_list_ir_3_subset_91,xgb_shap_list_ir_3
248,X3,0.48157912,0.2515351,500.8423,xgb_shap_list_ir_3_subset_91,xgb_shap_list_ir_3
249,X4,1.4955834,0.63845515,1555.4067,xgb_shap_list_ir_3_subset_91,xgb_shap_list_ir_3
250,X5,1.2773559,0.87403953,1328.4502,xgb_shap_list_ir_3_subset_91,xgb_shap_list_ir_3
251,X6,0.83402485,0.39579314,867.38586,xgb_shap_list_ir_3_subset_91,xgb_shap_list_ir_3
252,X1,0.6879945,0.49388558,715.5143,xgb_shap_list_ir_1_subset_113,xgb_shap_list_ir_1
253,X2,0.96440107,0.7751741,1002.9771,xgb_shap_list_ir_1_subset_113,xgb_shap_list_ir_1
254,X3,0.48912594,0.29933837,508.69098,xgb_shap_list_ir_1_subset_113,xgb_shap_list_ir_1
255,X4,0.67318153,0.3547668,700.1088,xgb_shap_list_ir_1_subset_113,xgb_shap_list_ir_1
256,X5,0.6568453,0.2737137,683.1191,xgb_shap_list_ir_1_subset_113,xgb_shap_list_ir_1
257,X6,0.52542865,0.2611472,546.4458,xgb_shap_list_ir_1_subset_113,xgb_shap_list_ir_1
258,X1,0.7018378,0.55926,729.9113,xgb_shap_list_ir_2_subset_142,xgb_shap_list_ir_2
259,X2,1.2391459,0.7105161,1288.7117,xgb_shap_list_ir_2_subset_142,xgb_shap_list_ir_2
260,X3,0.61160606,0.33408833,636.0703,xgb_shap_list_ir_2_subset_142,xgb_shap_list_ir_2
261,X4,1.4968332,0.6696327,1556.7065,xgb_shap_list_ir_2_subset_142,xgb_shap_list_ir_2
262,X5,0.9631338,0.47779146,1001.6592,xgb_shap_list_ir_2_subset_142,xgb_shap_list_ir_2
263,X6,0.6865892,0.4872061,714.05273,xgb_shap_list_ir_2_subset_142,xgb_shap_list_ir_2
264,X1,0.53755313,0.46497682,559.05524,xgb_shap_list_ir_2_subset_15,xgb_shap_list_ir_2
265,X2,0.5859298,0.46802944,609.367,xgb_shap_list_ir_2_subset_15,xgb_shap_list_ir_2
266,X3,1.1617877,0.68333155,1208.2593,xgb_shap_list_ir_2_subset_15,xgb_shap_list_ir_2
267,X4,1.0415976,0.46804136,1083.2615,xgb_shap_list_ir_2_subset_15,xgb_shap_list_ir_2
268,X5,0.79494375,0.5922262,826.7415,xgb_shap_list_ir_2_subset_15,xgb_shap_list_ir_2
269,X6,0.7727574,0.46545443,803.6677,xgb_shap_list_ir_2_subset_15,xgb_shap_list_ir_2
270,X1,0.89321476,0.579041,928.94336,xgb_shap_list_ir_4_subset_49,xgb_shap_list_ir_4
271,X2,0.77680475,0.8045651,807.87695,xgb_shap_list_ir_4_subset_49,xgb_shap_list_ir_4
272,X3,0.871226,0.5511316,906.0751,xgb_shap_list_ir_4_subset_49,xgb_shap_list_ir_4
273,X4,1.4284048,0.7408293,1485.541,xgb_shap_list_ir_4_subset_49,xgb_shap_list_ir_4
274,X5,1.0022244,0.7290861,1042.3135,xgb_shap_list_ir_4_subset_49,xgb_shap_list_ir_4
275,X6,0.7831921,0.45193163,814.5198,xgb_shap_list_ir_4_subset_49,xgb_shap_list_ir_4
276,X1,0.78316677,0.57916856,814.4934,xgb_shap_list_ir_3_subset_122,xgb_shap_list_ir_3
277,X2,0.8053278,0.82695097,837.5409,xgb_shap_list_ir_3_subset_122,xgb_shap_list_ir_3
278,X3,0.6846418,0.27797416,712.02747,xgb_shap_list_ir_3_subset_122,xgb_shap_list_ir_3
279,X4,1.6918728,0.6505663,1759.5477,xgb_shap_list_ir_3_subset_122,xgb_shap_list_ir_3
280,X5,1.1324661,0.75674176,1177.7648,xgb_shap_list_ir_3_subset_122,xgb_shap_list_ir_3
281,X6,0.5139549,0.33222616,534.51306,xgb_shap_list_ir_3_subset_122,xgb_shap_list_ir_3
282,X1,1.0222424,0.5715801,1063.1321,xgb_shap_list_ir_5_subset_47,xgb_shap_list_ir_5
283,X2,0.7089943,0.6331922,737.3541,xgb_shap_list_ir_5_subset_47,xgb_shap_list_ir_5
284,X3,0.7890522,0.4414934,820.61426,xgb_shap_list_ir_5_subset_47,xgb_shap_list_ir_5
285,X4,1.2666239,0.61035186,1317.2888,xgb_shap_list_ir_5_subset_47,xgb_shap_list_ir_5
286,X5,1.2582084,0.92244035,1308.5367,xgb_shap_list_ir_5_subset_47,xgb_shap_list_ir_5
287,X6,0.8935887,0.55653495,929.3323,xgb_shap_list_ir_5_subset_47,xgb_shap_list_ir_5
288,X1,1.1941116,0.5681668,1241.8761,xgb_shap_list_ir_1_subset_148,xgb_shap_list_ir_1
289,X2,0.6004487,0.40093952,624.4667,xgb_shap_list_ir_1_subset_148,xgb_shap_list_ir_1
290,X3,0.4169446,0.42665103,433.62238,xgb_shap_list_ir_1_subset_148,xgb_shap_list_ir_1
291,X4,1.2147956,0.42444298,1263.3875,xgb_shap_list_ir_1_subset_148,xgb_shap_list_ir_1
292,X5,0.44687277,0.3171325,464.74768,xgb_shap_list_ir_1_subset_148,xgb_shap_list_ir_1
293,X6,1.1192685,0.3061717,1164.0393,xgb_shap_list_ir_1_subset_148,xgb_shap_list_ir_1
294,X1,0.495259,0.34281784,515.06934,xgb_shap_list_ir_1_subset_98,xgb_shap_list_ir_1
295,X2,0.5255996,0.5104727,546.6236,xgb_shap_list_ir_1_subset_98,xgb_shap_list_ir_1
296,X3,0.8720651,0.3389105,906.94775,xgb_shap_list_ir_1_subset_98,xgb_shap_list_ir_1
297,X4,0.92693377,0.36329386,964.0111,xgb_shap_list_ir_1_subset_98,xgb_shap_list_ir_1
298,X5,0.90633655,0.50850135,942.59,xgb_shap_list_ir_1_subset_98,xgb_shap_list_ir_1
299,X6,0.9268178,0.29397506,963.8905,xgb_shap_list_ir_1_subset_98,xgb_shap_list_ir_1
300,X1,0.9784107,0.43675858,1017.5471,xgb_shap_list_ir_1_subset_140,xgb_shap_list_ir_1
301,X2,0.29581577,0.3358426,307.6484,xgb_shap_list_ir_1_subset_140,xgb_shap_list_ir_1
302,X3,1.0873089,0.41205618,1130.8013,xgb_shap_list_ir_1_subset_140,xgb_shap_list_ir_1
303,X4,0.79943275,0.3551578,831.41003,xgb_shap_list_ir_1_subset_140,xgb_shap_list_ir_1
304,X5,0.9072491,0.3915356,943.53906,xgb_shap_list_ir_1_subset_140,xgb_shap_list_ir_1
305,X6,0.62868536,0.3470929,653.83276,xgb_shap_list_ir_1_subset_140,xgb_shap_list_ir_1
306,X1,0.72270525,0.48850164,751.61346,xgb_shap_list_ir_5_subset_37,xgb_shap_list_ir_5
307,X2,0.6586288,0.60966426,684.974,xgb_shap_list_ir_5_subset_37,xgb_shap_list_ir_5
308,X3,0.5808998,0.432878,604.13574,xgb_shap_list_ir_5_subset_37,xgb_shap_list_ir_5
309,X4,1.749653,0.7273031,1819.6392,xgb_shap_list_ir_5_subset_37,xgb_shap_list_ir_5
310,X5,1.1195554,0.9150306,1164.3375,xgb_shap_list_ir_5_subset_37,xgb_shap_list_ir_5
311,X6,0.689807,0.4970869,717.3993,xgb_shap_list_ir_5_subset_37,xgb_shap_list_ir_5
312,X1,0.68901783,0.551223,716.57855,xgb_shap_list_ir_3_subset_135,xgb_shap_list_ir_3
313,X2,0.78195757,0.78367877,813.23584,xgb_shap_list_ir_3_subset_135,xgb_shap_list_ir_3
314,X3,0.71628994,0.36174056,744.9415,xgb_shap_list_ir_3_subset_135,xgb_shap_list_ir_3
315,X4,1.1824535,0.56012183,1229.7517,xgb_shap_list_ir_3_subset_135,xgb_shap_list_ir_3
316,X5,0.96038777,0.61052763,998.8033,xgb_shap_list_ir_3_subset_135,xgb_shap_list_ir_3
317,X6,1.31572,0.68707395,1368.3488,xgb_shap_list_ir_3_subset_135,xgb_shap_list_ir_3
318,X1,0.7663116,0.36760503,796.96405,xgb_shap_list_ir_1_subset_29,xgb_shap_list_ir_1
319,X2,0.23132482,0.22503796,240.57782,xgb_shap_list_ir_1_subset_29,xgb_shap_list_ir_1
320,X3,0.8702963,0.38305265,905.10815,xgb_shap_list_ir_1_subset_29,xgb_shap_list_ir_1
321,X4,1.0435517,0.33150175,1085.2937,xgb_shap_list_ir_1_subset_29,xgb_shap_list_ir_1
322,X5,1.2976271,0.5280714,1349.5322,xgb_shap_list_ir_1_subset_29,xgb_shap_list_ir_1
323,X6,0.79450315,0.38777173,826.28326,xgb_shap_list_ir_1_subset_29,xgb_shap_list_ir_1
324,X1,0.78031546,0.5051482,811.5281,xgb_shap_list_ir_4_subset_146,xgb_shap_list_ir_4
325,X2,0.6286357,0.7021962,653.7811,xgb_shap_list_ir_4_subset_146,xgb_shap_list_ir_4
326,X3,0.61914957,0.32746792,643.9155,xgb_shap_list_ir_4_subset_146,xgb_shap_list_ir_4
327,X4,1.5993134,0.7367206,1663.2859,xgb_shap_list_ir_4_subset_146,xgb_shap_list_ir_4
328,X5,1.17371,0.84936255,1220.6584,xgb_shap_list_ir_4_subset_146,xgb_shap_list_ir_4
329,X6,0.7370984,0.46730387,766.58234,xgb_shap_list_ir_4_subset_146,xgb_shap_list_ir_4
330,X1,0.7010093,0.568542,729.0496,xgb_shap_list_ir_4_subset_88,xgb_shap_list_ir_4
331,X2,0.79728466,0.73746055,829.176,xgb_shap_list_ir_4_subset_88,xgb_shap_list_ir_4
332,X3,0.7566576,0.5026356,786.9239,xgb_shap_list_ir_4_subset_88,xgb_shap_list_ir_4
333,X4,1.2265356,0.63620806,1275.5969,xgb_shap_list_ir_4_subset_88,xgb_shap_list_ir_4
334,X5,1.1724302,0.7462273,1219.3274,xgb_shap_list_ir_4_subset_88,xgb_shap_list_ir_4
335,X6,0.72890955,0.504182,758.0659,xgb_shap_list_ir_4_subset_88,xgb_shap_list_ir_4
336,X1,0.95508236,0.68632543,993.28564,xgb_shap_list_ir_2_subset_54,xgb_shap_list_ir_2
337,X2,0.4461559,0.45140615,464.00214,xgb_shap_list_ir_2_subset_54,xgb_shap_list_ir_2
338,X3,0.4272922,0.26162204,444.38388,xgb_shap_list_ir_2_subset_54,xgb_shap_list_ir_2
339,X4,1.1544785,0.58683175,1200.6577,xgb_shap_list_ir_2_subset_54,xgb_shap_list_ir_2
340,X5,1.0028797,0.6367381,1042.9949,xgb_shap_list_ir_2_subset_54,xgb_shap_list_ir_2
341,X6,0.7456206,0.48803648,775.44543,xgb_shap_list_ir_2_subset_54,xgb_shap_list_ir_2
342,X1,0.5236198,0.41813192,544.5646,xgb_shap_list_ir_2_subset_147,xgb_shap_list_ir_2
343,X2,0.44740677,0.44006193,465.30304,xgb_shap_list_ir_2_subset_147,xgb_shap_list_ir_2
344,X3,1.2714424,0.7035496,1322.3,xgb_shap_list_ir_2_subset_147,xgb_shap_list_ir_2
345,X4,1.1052157,0.5229946,1149.4243,xgb_shap_list_ir_2_subset_147,xgb_shap_list_ir_2
346,X5,0.6804427,0.5266573,707.6604,xgb_shap_list_ir_2_subset_147,xgb_shap_list_ir_2
347,X6,1.1533546,0.5349013,1199.4888,xgb_shap_list_ir_2_subset_147,xgb_shap_list_ir_2
348,X1,1.5973055,0.7153776,1661.1978,xgb_shap_list_ir_1_subset_30,xgb_shap_list_ir_1
349,X2,0.43303552,0.50690144,450.35693,xgb_shap_list_ir_1_subset_30,xgb_shap_list_ir_1
350,X3,0.4371522,0.26452914,454.6383,xgb_shap_list_ir_1_subset_30,xgb_shap_list_ir_1
351,X4,0.6414746,0.40585634,667.1336,xgb_shap_list_ir_1_subset_30,xgb_shap_list_ir_1
352,X5,0.67987204,0.3873959,707.0669,xgb_shap_list_ir_1_subset_30,xgb_shap_list_ir_1
353,X6,0.760492,0.41434252,790.9117,xgb_shap_list_ir_1_subset_30,xgb_shap_list_ir_1
354,X1,0.6884405,0.582418,715.97815,xgb_shap_list_ir_5_subset_93,xgb_shap_list_ir_5
355,X2,0.66276866,0.59190327,689.2794,xgb_shap_list_ir_5_subset_93,xgb_shap_list_ir_5
356,X3,0.62065804,0.43073773,645.4844,xgb_shap_list_ir_5_subset_93,xgb_shap_list_ir_5
357,X4,1.3908103,0.68162006,1446.4426,xgb_shap_list_ir_5_subset_93,xgb_shap_list_ir_5
358,X5,1.2364663,0.95769924,1285.9249,xgb_shap_list_ir_5_subset_93,xgb_shap_list_ir_5
359,X6,0.9133355,0.60223895,949.8689,xgb_shap_list_ir_5_subset_93,xgb_shap_list_ir_5
360,X1,1.0360454,0.5962405,1077.4873,xgb_shap_list_ir_3_subset_136,xgb_shap_list_ir_3
361,X2,0.7754264,0.6612274,806.4434,xgb_shap_list_ir_3_subset_136,xgb_shap_list_ir_3
362,X3,0.442089,0.32430318,459.77255,xgb_shap_list_ir_3_subset_136,xgb_shap_list_ir_3
363,X4,1.2866839,0.54248434,1338.1512,xgb_shap_list_ir_3_subset_136,xgb_shap_list_ir_3
364,X5,1.1955003,0.74763954,1243.3203,xgb_shap_list_ir_3_subset_136,xgb_shap_list_ir_3
365,X6,0.94776964,0.42504686,985.6804,xgb_shap_list_ir_3_subset_136,xgb_shap_list_ir_3
366,X1,0.90998375,0.58834475,946.3831,xgb_shap_list_ir_2_subset_16,xgb_shap_list_ir_2
367,X2,0.76292413,0.5795278,793.4411,xgb_shap_list_ir_2_subset_16,xgb_shap_list_ir_2
368,X3,0.48481715,0.3361139,504.20984,xgb_shap_list_ir_2_subset_16,xgb_shap_list_ir_2
369,X4,0.6166483,0.40193433,641.3143,xgb_shap_list_ir_2_subset_16,xgb_shap_list_ir_2
370,X5,0.88061315,0.593285,915.83765,xgb_shap_list_ir_2_subset_16,xgb_shap_list_ir_2
371,X6,0.80735236,0.4124234,839.6465,xgb_shap_list_ir_2_subset_16,xgb_shap_list_ir_2
372,X1,0.7665721,0.46934652,797.235,xgb_shap_list_ir_2_subset_66,xgb_shap_list_ir_2
373,X2,0.904887,0.44067973,941.0825,xgb_shap_list_ir_2_subset_66,xgb_shap_list_ir_2
374,X3,0.63533056,0.6245954,660.7438,xgb_shap_list_ir_2_subset_66,xgb_shap_list_ir_2
375,X4,0.9068159,0.5173112,943.0885,xgb_shap_list_ir_2_subset_66,xgb_shap_list_ir_2
376,X5,1.0451353,0.62857044,1086.9407,xgb_shap_list_ir_2_subset_66,xgb_shap_list_ir_2
377,X6,1.0035344,0.48580047,1043.6758,xgb_shap_list_ir_2_subset_66,xgb_shap_list_ir_2
378,X1,0.9443173,0.43027014,982.08997,xgb_shap_list_ir_1_subset_60,xgb_shap_list_ir_1
379,X2,0.9392974,0.6903966,976.86926,xgb_shap_list_ir_1_subset_60,xgb_shap_list_ir_1
380,X3,0.6730714,0.33563077,699.99426,xgb_shap_list_ir_1_subset_60,xgb_shap_list_ir_1
381,X4,1.0504564,0.36846253,1092.4746,xgb_shap_list_ir_1_subset_60,xgb_shap_list_ir_1
382,X5,0.91563743,0.43630746,952.26294,xgb_shap_list_ir_1_subset_60,xgb_shap_list_ir_1
383,X6,1.1176573,0.4573502,1162.3636,xgb_shap_list_ir_1_subset_60,xgb_shap_list_ir_1
384,X1,0.79708475,0.53367907,828.96814,xgb_shap_list_ir_5_subset_92,xgb_shap_list_ir_5
385,X2,0.77692133,0.7899475,807.99817,xgb_shap_list_ir_5_subset_92,xgb_shap_list_ir_5
386,X3,0.6637251,0.42556977,690.2741,xgb_shap_list_ir_5_subset_92,xgb_shap_list_ir_5
387,X4,1.59399,0.7281689,1657.7495,xgb_shap_list_ir_5_subset_92,xgb_shap_list_ir_5
388,X5,1.017673,0.74346644,1058.3799,xgb_shap_list_ir_5_subset_92,xgb_shap_list_ir_5
389,X6,0.71432674,0.591008,742.8998,xgb_shap_list_ir_5_subset_92,xgb_shap_list_ir_5
390,X1,0.86305666,0.4181109,897.5789,xgb_shap_list_ir_4_subset_91,xgb_shap_list_ir_4
391,X2,0.8292296,0.703131,862.3988,xgb_shap_list_ir_4_subset_91,xgb_shap_list_ir_4
392,X3,0.72700447,0.4975886,756.08466,xgb_shap_list_ir_4_subset_91,xgb_shap_list_ir_4
393,X4,1.475987,0.76937896,1535.0265,xgb_shap_list_ir_4_subset_91,xgb_shap_list_ir_4
394,X5,0.9288868,0.6487386,966.04224,xgb_shap_list_ir_4_subset_91,xgb_shap_list_ir_4
395,X6,0.91730124,0.453422,953.9933,xgb_shap_list_ir_4_subset_91,xgb_shap_list_ir_4
396,X1,0.94765484,0.7342925,985.56104,xgb_shap_list_ir_3_subset_31,xgb_shap_list_ir_3
397,X2,0.6492117,0.64101475,675.1802,xgb_shap_list_ir_3_subset_31,xgb_shap_list_ir_3
398,X3,0.5224445,0.23936795,543.3423,xgb_shap_list_ir_3_subset_31,xgb_shap_list_ir_3
399,X4,1.3791661,0.8103258,1434.3328,xgb_shap_list_ir_3_subset_31,xgb_shap_list_ir_3
400,X5,0.9571154,0.70350677,995.4,xgb_shap_list_ir_3_subset_31,xgb_shap_list_ir_3
401,X6,0.7306313,0.48583874,759.85657,xgb_shap_list_ir_3_subset_31,xgb_shap_list_ir_3
402,X1,0.7492225,0.5046026,779.1914,xgb_shap_list_ir_5_subset_135,xgb_shap_list_ir_5
403,X2,0.86223793,0.7012006,896.7274,xgb_shap_list_ir_5_subset_135,xgb_shap_list_ir_5
404,X3,0.47856876,0.2911099,497.71152,xgb_shap_list_ir_5_subset_135,xgb_shap_list_ir_5
405,X4,1.7425964,0.8652675,1812.3003,xgb_shap_list_ir_5_subset_135,xgb_shap_list_ir_5
406,X5,1.3102303,0.84891814,1362.6394,xgb_shap_list_ir_5_subset_135,xgb_shap_list_ir_5
407,X6,0.89382327,0.608239,929.5762,xgb_shap_list_ir_5_subset_135,xgb_shap_list_ir_5
408,X1,1.0450345,0.47458765,1086.8359,xgb_shap_list_ir_1_subset_49,xgb_shap_list_ir_1
409,X2,0.47611207,0.30841732,495.15656,xgb_shap_list_ir_1_subset_49,xgb_shap_list_ir_1
410,X3,0.5800584,0.35737136,603.26074,xgb_shap_list_ir_1_subset_49,xgb_shap_list_ir_1
411,X4,0.61525834,0.35650265,639.86865,xgb_shap_list_ir_1_subset_49,xgb_shap_list_ir_1
412,X5,0.76043135,0.37218732,790.84863,xgb_shap_list_ir_1_subset_49,xgb_shap_list_ir_1
413,X6,0.18397951,0.1952873,191.3387,xgb_shap_list_ir_1_subset_49,xgb_shap_list_ir_1
414,X1,0.714709,0.49685192,743.29736,xgb_shap_list_ir_2_subset_90,xgb_shap_list_ir_2
415,X2,0.66822475,0.541409,694.95374,xgb_shap_list_ir_2_subset_90,xgb_shap_list_ir_2
416,X3,0.7749858,0.47383454,805.9852,xgb_shap_list_ir_2_subset_90,xgb_shap_list_ir_2
417,X4,0.95729196,0.4481993,995.5836,xgb_shap_list_ir_2_subset_90,xgb_shap_list_ir_2
418,X5,0.8153564,0.54009044,847.97064,xgb_shap_list_ir_2_subset_90,xgb_shap_list_ir_2
419,X6,0.9209165,0.51650965,957.7532,xgb_shap_list_ir_2_subset_90,xgb_shap_list_ir_2
420,X1,0.78291136,0.55575794,814.22784,xgb_shap_list_ir_4_subset_130,xgb_shap_list_ir_4
421,X2,0.6164013,0.56367207,641.0574,xgb_shap_list_ir_4_subset_130,xgb_shap_list_ir_4
422,X3,0.6725677,0.39013436,699.47046,xgb_shap_list_ir_4_subset_130,xgb_shap_list_ir_4
423,X4,1.3227315,0.74469566,1375.6407,xgb_shap_list_ir_4_subset_130,xgb_shap_list_ir_4
424,X5,1.1168077,0.8674477,1161.48,xgb_shap_list_ir_4_subset_130,xgb_shap_list_ir_4
425,X6,0.6270098,0.4498997,652.0902,xgb_shap_list_ir_4_subset_130,xgb_shap_list_ir_4
426,X1,0.9421531,0.579057,979.83923,xgb_shap_list_ir_5_subset_10,xgb_shap_list_ir_5
427,X2,0.62611735,0.5452421,651.16205,xgb_shap_list_ir_5_subset_10,xgb_shap_list_ir_5
428,X3,0.612083,0.3912721,636.56635,xgb_shap_list_ir_5_subset_10,xgb_shap_list_ir_5
429,X4,1.341294,0.664032,1394.9458,xgb_shap_list_ir_5_subset_10,xgb_shap_list_ir_5
430,X5,1.4234426,0.87447876,1480.3802,xgb_shap_list_ir_5_subset_10,xgb_shap_list_ir_5
431,X6,0.9204098,0.49936485,957.2262,xgb_shap_list_ir_5_subset_10,xgb_shap_list_ir_5
432,X1,1.9693899,0.7679428,2048.1655,xgb_shap_list_ir_2_subset_141,xgb_shap_list_ir_2
433,X2,0.88675714,0.5076432,922.2274,xgb_shap_list_ir_2_subset_141,xgb_shap_list_ir_2
434,X3,0.51882535,0.35391608,539.57837,xgb_shap_list_ir_2_subset_141,xgb_shap_list_ir_2
435,X4,1.2637116,0.44173488,1314.26,xgb_shap_list_ir_2_subset_141,xgb_shap_list_ir_2
436,X5,0.4714291,0.22509441,490.2863,xgb_shap_list_ir_2_subset_141,xgb_shap_list_ir_2
437,X6,1.1469532,0.41144434,1192.8313,xgb_shap_list_ir_2_subset_141,xgb_shap_list_ir_2
438,X1,0.9562454,0.67628676,994.49524,xgb_shap_list_ir_4_subset_128,xgb_shap_list_ir_4
439,X2,0.7882245,0.7420266,819.7535,xgb_shap_list_ir_4_subset_128,xgb_shap_list_ir_4
440,X3,0.36732766,0.22418751,382.02075,xgb_shap_list_ir_4_subset_128,xgb_shap_list_ir_4
441,X4,1.0781513,0.6459026,1121.2773,xgb_shap_list_ir_4_subset_128,xgb_shap_list_ir_4
442,X5,1.2860079,0.90531707,1337.4482,xgb_shap_list_ir_4_subset_128,xgb_shap_list_ir_4
443,X6,0.80467796,0.4604056,836.86505,xgb_shap_list_ir_4_subset_128,xgb_shap_list_ir_4
444,X1,0.85936874,0.5349123,893.74347,xgb_shap_list_ir_2_subset_116,xgb_shap_list_ir_2
445,X2,0.40806028,0.3981465,424.3827,xgb_shap_list_ir_2_subset_116,xgb_shap_list_ir_2
446,X3,0.740653,0.37162575,770.2791,xgb_shap_list_ir_2_subset_116,xgb_shap_list_ir_2
447,X4,1.2951841,0.4802646,1346.9915,xgb_shap_list_ir_2_subset_116,xgb_shap_list_ir_2
448,X5,0.9433807,0.54321134,981.11597,xgb_shap_list_ir_2_subset_116,xgb_shap_list_ir_2
449,X6,0.9986806,0.46511987,1038.6278,xgb_shap_list_ir_2_subset_116,xgb_shap_list_ir_2
450,X1,0.74679273,0.51831514,776.6644,xgb_shap_list_ir_5_subset_90,xgb_shap_list_ir_5
451,X2,0.7136073,0.57221603,742.1516,xgb_shap_list_ir_5_subset_90,xgb_shap_list_ir_5
452,X3,0.6420509,0.38332734,667.733,xgb_shap_list_ir_5_subset_90,xgb_shap_list_ir_5
453,X4,1.5321859,0.7571366,1593.4734,xgb_shap_list_ir_5_subset_90,xgb_shap_list_ir_5
454,X5,1.3375413,0.9879975,1391.043,xgb_shap_list_ir_5_subset_90,xgb_shap_list_ir_5
455,X6,0.85342747,0.58459145,887.5646,xgb_shap_list_ir_5_subset_90,xgb_shap_list_ir_5
456,X1,0.7488901,0.39837638,778.8457,xgb_shap_list_ir_3_subset_26,xgb_shap_list_ir_3
457,X2,0.7798493,0.61708355,811.0433,xgb_shap_list_ir_3_subset_26,xgb_shap_list_ir_3
458,X3,0.73815775,0.36883485,767.6841,xgb_shap_list_ir_3_subset_26,xgb_shap_list_ir_3
459,X4,1.4218532,0.7484599,1478.7273,xgb_shap_list_ir_3_subset_26,xgb_shap_list_ir_3
460,X5,1.0385511,0.6740614,1080.0931,xgb_shap_list_ir_3_subset_26,xgb_shap_list_ir_3
461,X6,0.85951656,0.51231533,893.8972,xgb_shap_list_ir_3_subset_26,xgb_shap_list_ir_3
462,X1,0.7976898,0.58005327,829.5974,xgb_shap_list_ir_4_subset_82,xgb_shap_list_ir_4
463,X2,0.61805445,0.54275084,642.7766,xgb_shap_list_ir_4_subset_82,xgb_shap_list_ir_4
464,X3,0.69260836,0.5209419,720.3127,xgb_shap_list_ir_4_subset_82,xgb_shap_list_ir_4
465,X4,1.4178941,0.6761153,1474.6099,xgb_shap_list_ir_4_subset_82,xgb_shap_list_ir_4
466,X5,1.1053184,0.8229125,1149.5311,xgb_shap_list_ir_4_subset_82,xgb_shap_list_ir_4
467,X6,0.7216992,0.4453646,750.56714,xgb_shap_list_ir_4_subset_82,xgb_shap_list_ir_4
468,X1,0.63765675,0.45246828,663.163,xgb_shap_list_ir_2_subset_129,xgb_shap_list_ir_2
469,X2,0.59036875,0.48839495,613.9835,xgb_shap_list_ir_2_subset_129,xgb_shap_list_ir_2
470,X3,0.7727198,0.49025455,803.6286,xgb_shap_list_ir_2_subset_129,xgb_shap_list_ir_2
471,X4,0.8177228,0.5201865,850.4317,xgb_shap_list_ir_2_subset_129,xgb_shap_list_ir_2
472,X5,0.7166858,0.509406,745.3532,xgb_shap_list_ir_2_subset_129,xgb_shap_list_ir_2
473,X6,1.1066906,0.56919277,1150.9583,xgb_shap_list_ir_2_subset_129,xgb_shap_list_ir_2
474,X1,0.7903915,0.5649128,822.00714,xgb_shap_list_ir_4_subset_132,xgb_shap_list_ir_4
475,X2,0.81615263,0.6116352,848.79877,xgb_shap_list_ir_4_subset_132,xgb_shap_list_ir_4
476,X3,0.720135,0.38837853,748.94037,xgb_shap_list_ir_4_subset_132,xgb_shap_list_ir_4
477,X4,1.2937129,0.64346015,1345.4614,xgb_shap_list_ir_4_subset_132,xgb_shap_list_ir_4
478,X5,0.9704854,0.8635437,1009.3048,xgb_shap_list_ir_4_subset_132,xgb_shap_list_ir_4
479,X6,0.9234893,0.58470047,960.42883,xgb_shap_list_ir_4_subset_132,xgb_shap_list_ir_4
480,X1,0.7737658,0.5230693,804.71643,xgb_shap_list_ir_5_subset_143,xgb_shap_list_ir_5
481,X2,0.6222681,0.56256837,647.1588,xgb_shap_list_ir_5_subset_143,xgb_shap_list_ir_5
482,X3,0.76469964,0.34076175,795.2876,xgb_shap_list_ir_5_subset_143,xgb_shap_list_ir_5
483,X4,1.3819919,0.66301125,1437.2715,xgb_shap_list_ir_5_subset_143,xgb_shap_list_ir_5
484,X5,1.3553276,0.9374782,1409.5408,xgb_shap_list_ir_5_subset_143,xgb_shap_list_ir_5
485,X6,0.8489747,0.4335494,882.9337,xgb_shap_list_ir_5_subset_143,xgb_shap_list_ir_5
486,X1,0.9955441,0.77620834,1035.3658,xgb_shap_list_ir_3_subset_57,xgb_shap_list_ir_3
487,X2,0.8286673,0.59521466,861.81396,xgb_shap_list_ir_3_subset_57,xgb_shap_list_ir_3
488,X3,0.22572689,0.22672662,234.75597,xgb_shap_list_ir_3_subset_57,xgb_shap_list_ir_3
489,X4,1.1468749,0.6315815,1192.7499,xgb_shap_list_ir_3_subset_57,xgb_shap_list_ir_3
490,X5,1.1157372,0.717482,1160.3667,xgb_shap_list_ir_3_subset_57,xgb_shap_list_ir_3
491,X6,0.6538214,0.3898201,679.97424,xgb_shap_list_ir_3_subset_57,xgb_shap_list_ir_3
492,X1,0.9099297,0.6867662,946.3269,xgb_shap_list_ir_3_subset_95,xgb_shap_list_ir_3
493,X2,0.69025147,0.6990456,717.8615,xgb_shap_list_ir_3_subset_95,xgb_shap_list_ir_3
494,X3,0.48728788,0.26155156,506.7794,xgb_shap_list_ir_3_subset_95,xgb_shap_list_ir_3
495,X4,1.3784928,0.7436788,1433.6326,xgb_shap_list_ir_3_subset_95,xgb_shap_list_ir_3
496,X5,0.82767457,0.5472852,860.78156,xgb_shap_list_ir_3_subset_95,xgb_shap_list_ir_3
497,X6,0.8661376,0.53063416,900.78314,xgb_shap_list_ir_3_subset_95,xgb_shap_list_ir_3
498,X1,0.67237574,0.58318967,699.27075,xgb_shap_list_ir_5_subset_31,xgb_shap_list_ir_5
499,X2,0.73296195,0.697311,762.28046,xgb_shap_list_ir_5_subset_31,xgb_shap_list_ir_5
500,X3,0.7413665,0.4273123,771.0212,xgb_shap_list_ir_5_subset_31,xgb_shap_list_ir_5
501,X4,1.4779935,0.67320514,1537.1133,xgb_shap_list_ir_5_subset_31,xgb_shap_list_ir_5
502,X5,1.210309,0.8785802,1258.7214,xgb_shap_list_ir_5_subset_31,xgb_shap_list_ir_5
503,X6,0.8472093,0.52790004,881.09766,xgb_shap_list_ir_5_subset_31,xgb_shap_list_ir_5
504,X1,0.9616659,0.6070199,1000.13257,xgb_shap_list_ir_5_subset_20,xgb_shap_list_ir_5
505,X2,0.7164246,0.59889436,745.08154,xgb_shap_list_ir_5_subset_20,xgb_shap_list_ir_5
506,X3,0.617831,0.3941716,642.54425,xgb_shap_list_ir_5_subset_20,xgb_shap_list_ir_5
507,X4,1.3692465,0.66705847,1424.0164,xgb_shap_list_ir_5_subset_20,xgb_shap_list_ir_5
508,X5,1.2132049,0.9084512,1261.733,xgb_shap_list_ir_5_subset_20,xgb_shap_list_ir_5
509,X6,0.88143724,0.57101864,916.6947,xgb_shap_list_ir_5_subset_20,xgb_shap_list_ir_5
510,X1,0.5749955,0.32505843,597.99536,xgb_shap_list_ir_1_subset_89,xgb_shap_list_ir_1
511,X2,0.57005715,0.40315148,592.85944,xgb_shap_list_ir_1_subset_89,xgb_shap_list_ir_1
512,X3,0.57473695,0.35015276,597.72644,xgb_shap_list_ir_1_subset_89,xgb_shap_list_ir_1
513,X4,1.3141869,0.484229,1366.7544,xgb_shap_list_ir_1_subset_89,xgb_shap_list_ir_1
514,X5,0.6176023,0.3356363,642.3064,xgb_shap_list_ir_1_subset_89,xgb_shap_list_ir_1
515,X6,1.018028,0.47561425,1058.7491,xgb_shap_list_ir_1_subset_89,xgb_shap_list_ir_1
516,X1,1.3237028,0.36375427,1376.6509,xgb_shap_list_ir_1_subset_42,xgb_shap_list_ir_1
517,X2,0.9512281,0.4835154,989.2772,xgb_shap_list_ir_1_subset_42,xgb_shap_list_ir_1
518,X3,0.402346,0.22183508,418.43982,xgb_shap_list_ir_1_subset_42,xgb_shap_list_ir_1
519,X4,1.1508297,0.3913353,1196.8629,xgb_shap_list_ir_1_subset_42,xgb_shap_list_ir_1
520,X5,0.8988146,0.38190493,934.7672,xgb_shap_list_ir_1_subset_42,xgb_shap_list_ir_1
521,X6,0.52338266,0.23356992,544.318,xgb_shap_list_ir_1_subset_42,xgb_shap_list_ir_1
522,X1,0.4333445,0.39113325,450.67828,xgb_shap_list_ir_1_subset_61,xgb_shap_list_ir_1
523,X2,0.4122217,0.27426332,428.71057,xgb_shap_list_ir_1_subset_61,xgb_shap_list_ir_1
524,X3,1.0414253,0.60393685,1083.0824,xgb_shap_list_ir_1_subset_61,xgb_shap_list_ir_1
525,X4,1.9048694,0.7435587,1981.0642,xgb_shap_list_ir_1_subset_61,xgb_shap_list_ir_1
526,X5,0.8459712,0.430192,879.81006,xgb_shap_list_ir_1_subset_61,xgb_shap_list_ir_1
527,X6,1.3584921,0.5330941,1412.8318,xgb_shap_list_ir_1_subset_61,xgb_shap_list_ir_1
528,X1,0.9083364,0.6797029,944.66986,xgb_shap_list_ir_5_subset_39,xgb_shap_list_ir_5
529,X2,0.69618994,0.59709954,724.03754,xgb_shap_list_ir_5_subset_39,xgb_shap_list_ir_5
530,X3,0.6496579,0.35299405,675.6442,xgb_shap_list_ir_5_subset_39,xgb_shap_list_ir_5
531,X4,1.44146,0.7863112,1499.1184,xgb_shap_list_ir_5_subset_39,xgb_shap_list_ir_5
532,X5,1.2989281,1.0140356,1350.8853,xgb_shap_list_ir_5_subset_39,xgb_shap_list_ir_5
533,X6,0.93684506,0.5870143,974.31885,xgb_shap_list_ir_5_subset_39,xgb_shap_list_ir_5
534,X1,0.5889189,0.5531947,612.4757,xgb_shap_list_ir_3_subset_30,xgb_shap_list_ir_3
535,X2,0.51305324,0.54528767,533.5754,xgb_shap_list_ir_3_subset_30,xgb_shap_list_ir_3
536,X3,0.899826,0.6260124,935.81903,xgb_shap_list_ir_3_subset_30,xgb_shap_list_ir_3
537,X4,1.1999079,0.6549575,1247.9042,xgb_shap_list_ir_3_subset_30,xgb_shap_list_ir_3
538,X5,1.0443684,0.6989519,1086.1431,xgb_shap_list_ir_3_subset_30,xgb_shap_list_ir_3
539,X6,0.720682,0.4596818,749.5093,xgb_shap_list_ir_3_subset_30,xgb_shap_list_ir_3
540,X1,0.7830677,0.65822273,814.3904,xgb_shap_list_ir_4_subset_96,xgb_shap_list_ir_4
541,X2,0.5144846,0.5749978,535.06396,xgb_shap_list_ir_4_subset_96,xgb_shap_list_ir_4
542,X3,0.7977404,0.46397924,829.65,xgb_shap_list_ir_4_subset_96,xgb_shap_list_ir_4
543,X4,1.775139,0.859846,1846.1445,xgb_shap_list_ir_4_subset_96,xgb_shap_list_ir_4
544,X5,0.98091614,0.68651885,1020.1528,xgb_shap_list_ir_4_subset_96,xgb_shap_list_ir_4
545,X6,0.7338897,0.45838133,763.2453,xgb_shap_list_ir_4_subset_96,xgb_shap_list_ir_4
546,X1,0.76628137,0.5159757,796.9326,xgb_shap_list_ir_2_subset_85,xgb_shap_list_ir_2
547,X2,0.49336407,0.36996192,513.09863,xgb_shap_list_ir_2_subset_85,xgb_shap_list_ir_2
548,X3,0.23144056,0.1697643,240.69818,xgb_shap_list_ir_2_subset_85,xgb_shap_list_ir_2
549,X4,1.0790701,0.6749306,1122.2329,xgb_shap_list_ir_2_subset_85,xgb_shap_list_ir_2
550,X5,1.152972,0.7819112,1199.0908,xgb_shap_list_ir_2_subset_85,xgb_shap_list_ir_2
551,X6,0.65227824,0.42397934,678.3694,xgb_shap_list_ir_2_subset_85,xgb_shap_list_ir_2
552,X1,0.4807571,0.42679343,499.98737,xgb_shap_list_ir_2_subset_68,xgb_shap_list_ir_2
553,X2,0.4949333,0.3978786,514.73065,xgb_shap_list_ir_2_subset_68,xgb_shap_list_ir_2
554,X3,0.9206766,0.483676,957.50366,xgb_shap_list_ir_2_subset_68,xgb_shap_list_ir_2
555,X4,1.0905536,0.5891646,1134.1758,xgb_shap_list_ir_2_subset_68,xgb_shap_list_ir_2
556,X5,0.6205874,0.4493973,645.4109,xgb_shap_list_ir_2_subset_68,xgb_shap_list_ir_2
557,X6,0.95354205,0.45553467,991.6837,xgb_shap_list_ir_2_subset_68,xgb_shap_list_ir_2
558,X1,0.8462034,0.46229815,880.0515,xgb_shap_list_ir_1_subset_103,xgb_shap_list_ir_1
559,X2,0.32637691,0.33511907,339.43198,xgb_shap_list_ir_1_subset_103,xgb_shap_list_ir_1
560,X3,1.1650999,0.6162774,1211.7039,xgb_shap_list_ir_1_subset_103,xgb_shap_list_ir_1
561,X4,0.734033,0.4487552,763.3943,xgb_shap_list_ir_1_subset_103,xgb_shap_list_ir_1
562,X5,0.8534283,0.5418561,887.5654,xgb_shap_list_ir_1_subset_103,xgb_shap_list_ir_1
563,X6,0.9887155,0.2850129,1028.2642,xgb_shap_list_ir_1_subset_103,xgb_shap_list_ir_1
564,X1,0.44198704,0.3621148,459.66653,xgb_shap_list_ir_2_subset_51,xgb_shap_list_ir_2
565,X2,0.79478276,0.592709,826.5741,xgb_shap_list_ir_2_subset_51,xgb_shap_list_ir_2
566,X3,0.95333964,0.5582345,991.4732,xgb_shap_list_ir_2_subset_51,xgb_shap_list_ir_2
567,X4,1.3363729,0.6139236,1389.8278,xgb_shap_list_ir_2_subset_51,xgb_shap_list_ir_2
568,X5,1.1646501,0.643405,1211.2361,xgb_shap_list_ir_2_subset_51,xgb_shap_list_ir_2
569,X6,1.1276263,0.5521776,1172.7313,xgb_shap_list_ir_2_subset_51,xgb_shap_list_ir_2
570,X1,1.0281243,0.6706521,1069.2493,xgb_shap_list_ir_4_subset_135,xgb_shap_list_ir_4
571,X2,0.7250068,0.7418293,754.0071,xgb_shap_list_ir_4_subset_135,xgb_shap_list_ir_4
572,X3,0.56060475,0.34272048,583.02893,xgb_shap_list_ir_4_subset_135,xgb_shap_list_ir_4
573,X4,1.4540054,0.6948407,1512.1655,xgb_shap_list_ir_4_subset_135,xgb_shap_list_ir_4
574,X5,1.2326018,0.78712225,1281.9059,xgb_shap_list_ir_4_subset_135,xgb_shap_list_ir_4
575,X6,0.79807776,0.43373698,830.00085,xgb_shap_list_ir_4_subset_135,xgb_shap_list_ir_4
576,X1,0.8355802,0.60434246,869.0034,xgb_shap_list_ir_5_subset_125,xgb_shap_list_ir_5
577,X2,0.7565549,0.6081133,786.8171,xgb_shap_list_ir_5_subset_125,xgb_shap_list_ir_5
578,X3,0.75513625,0.51586944,785.3417,xgb_shap_list_ir_5_subset_125,xgb_shap_list_ir_5
579,X4,1.5565107,0.6687641,1618.7711,xgb_shap_list_ir_5_subset_125,xgb_shap_list_ir_5
580,X5,1.2755339,0.90232205,1326.5553,xgb_shap_list_ir_5_subset_125,xgb_shap_list_ir_5
581,X6,0.6749832,0.4612971,701.98254,xgb_shap_list_ir_5_subset_125,xgb_shap_list_ir_5
582,X1,0.34759745,0.16720226,361.50134,xgb_shap_list_ir_1_subset_54,xgb_shap_list_ir_1
583,X2,0.7948137,0.56895447,826.60626,xgb_shap_list_ir_1_subset_54,xgb_shap_list_ir_1
584,X3,0.71484774,0.316098,743.44165,xgb_shap_list_ir_1_subset_54,xgb_shap_list_ir_1
585,X4,1.0572559,0.37410805,1099.5461,xgb_shap_list_ir_1_subset_54,xgb_shap_list_ir_1
586,X5,1.1335607,0.48677143,1178.9031,xgb_shap_list_ir_1_subset_54,xgb_shap_list_ir_1
587,X6,1.1487066,0.34080052,1194.6548,xgb_shap_list_ir_1_subset_54,xgb_shap_list_ir_1
588,X1,0.8752749,0.42377442,910.2859,xgb_shap_list_ir_1_subset_48,xgb_shap_list_ir_1
589,X2,0.7621993,0.4516795,792.68726,xgb_shap_list_ir_1_subset_48,xgb_shap_list_ir_1
590,X3,0.45274505,0.3984272,470.85486,xgb_shap_list_ir_1_subset_48,xgb_shap_list_ir_1
591,X4,1.4812012,0.45932803,1540.4492,xgb_shap_list_ir_1_subset_48,xgb_shap_list_ir_1
592,X5,0.993446,0.38109034,1033.1838,xgb_shap_list_ir_1_subset_48,xgb_shap_list_ir_1
593,X6,1.0085707,0.69576895,1048.9135,xgb_shap_list_ir_1_subset_48,xgb_shap_list_ir_1
594,X1,0.7467581,0.6308435,776.6284,xgb_shap_list_ir_5_subset_105,xgb_shap_list_ir_5
595,X2,0.6819316,0.668145,709.20886,xgb_shap_list_ir_5_subset_105,xgb_shap_list_ir_5
596,X3,0.6015405,0.3707761,625.6021,xgb_shap_list_ir_5_subset_105,xgb_shap_list_ir_5
597,X4,1.6532266,0.7970921,1719.3557,xgb_shap_list_ir_5_subset_105,xgb_shap_list_ir_5
598,X5,1.0590168,0.68502903,1101.3774,xgb_shap_list_ir_5_subset_105,xgb_shap_list_ir_5
599,X6,0.8705745,0.46521556,905.39746,xgb_shap_list_ir_5_subset_105,xgb_shap_list_ir_5
600,X1,0.8165127,0.4480752,849.1732,xgb_shap_list_ir_3_subset_144,xgb_shap_list_ir_3
601,X2,0.7760067,0.57499516,807.04694,xgb_shap_list_ir_3_subset_144,xgb_shap_list_ir_3
602,X3,0.49445015,0.34821045,514.22815,xgb_shap_list_ir_3_subset_144,xgb_shap_list_ir_3
603,X4,1.3799773,0.5189581,1435.1764,xgb_shap_list_ir_3_subset_144,xgb_shap_list_ir_3
604,X5,1.1032809,0.9116996,1147.4121,xgb_shap_list_ir_3_subset_144,xgb_shap_list_ir_3
605,X6,0.6027565,0.5239979,626.86676,xgb_shap_list_ir_3_subset_144,xgb_shap_list_ir_3
606,X1,0.80100626,0.6023606,833.0465,xgb_shap_list_ir_5_subset_133,xgb_shap_list_ir_5
607,X2,0.78138924,0.6609624,812.64484,xgb_shap_list_ir_5_subset_133,xgb_shap_list_ir_5
608,X3,0.53497726,0.33746037,556.37634,xgb_shap_list_ir_5_subset_133,xgb_shap_list_ir_5
609,X4,1.2821357,0.5937544,1333.4211,xgb_shap_list_ir_5_subset_133,xgb_shap_list_ir_5
610,X5,1.5418096,1.0286376,1603.4819,xgb_shap_list_ir_5_subset_133,xgb_shap_list_ir_5
611,X6,0.80773354,0.44673777,840.0429,xgb_shap_list_ir_5_subset_133,xgb_shap_list_ir_5
612,X1,0.7357335,0.5006381,765.16284,xgb_shap_list_ir_5_subset_36,xgb_shap_list_ir_5
613,X2,0.5860704,0.5559059,609.51324,xgb_shap_list_ir_5_subset_36,xgb_shap_list_ir_5
614,X3,0.9414179,0.47893894,979.0746,xgb_shap_list_ir_5_subset_36,xgb_shap_list_ir_5
615,X4,1.5629169,0.67159194,1625.4336,xgb_shap_list_ir_5_subset_36,xgb_shap_list_ir_5
616,X5,1.1486164,0.9543818,1194.561,xgb_shap_list_ir_5_subset_36,xgb_shap_list_ir_5
617,X6,0.9670956,0.470096,1005.7794,xgb_shap_list_ir_5_subset_36,xgb_shap_list_ir_5
618,X1,0.79723567,0.3940475,829.1251,xgb_shap_list_ir_4_subset_76,xgb_shap_list_ir_4
619,X2,0.70663404,0.56420875,734.8994,xgb_shap_list_ir_4_subset_76,xgb_shap_list_ir_4
620,X3,1.1016141,0.44209245,1145.6787,xgb_shap_list_ir_4_subset_76,xgb_shap_list_ir_4
621,X4,1.5884784,0.78594583,1652.0176,xgb_shap_list_ir_4_subset_76,xgb_shap_list_ir_4
622,X5,1.3018049,0.7762933,1353.8771,xgb_shap_list_ir_4_subset_76,xgb_shap_list_ir_4
623,X6,0.690874,0.4905455,718.5089,xgb_shap_list_ir_4_subset_76,xgb_shap_list_ir_4
624,X1,0.60772175,0.31651458,632.03064,xgb_shap_list_ir_1_subset_8,xgb_shap_list_ir_1
625,X2,0.57758284,0.35555574,600.68616,xgb_shap_list_ir_1_subset_8,xgb_shap_list_ir_1
626,X3,0.27041316,0.22638595,281.22968,xgb_shap_list_ir_1_subset_8,xgb_shap_list_ir_1
627,X4,1.0840015,0.50449544,1127.3616,xgb_shap_list_ir_1_subset_8,xgb_shap_list_ir_1
628,X5,1.1217912,0.4990685,1166.6628,xgb_shap_list_ir_1_subset_8,xgb_shap_list_ir_1
629,X6,0.93850106,0.37533975,976.0411,xgb_shap_list_ir_1_subset_8,xgb_shap_list_ir_1
630,X1,0.6618423,0.4663938,688.316,xgb_shap_list_ir_5_subset_95,xgb_shap_list_ir_5
631,X2,0.55260044,0.5803387,574.70447,xgb_shap_list_ir_5_subset_95,xgb_shap_list_ir_5
632,X3,0.83332133,0.48577514,866.6542,xgb_shap_list_ir_5_subset_95,xgb_shap_list_ir_5
633,X4,1.5936824,0.7743135,1657.4297,xgb_shap_list_ir_5_subset_95,xgb_shap_list_ir_5
634,X5,1.2469062,0.7942053,1296.7823,xgb_shap_list_ir_5_subset_95,xgb_shap_list_ir_5
635,X6,0.78651065,0.54829687,817.97107,xgb_shap_list_ir_5_subset_95,xgb_shap_list_ir_5
636,X1,0.50883013,0.39670005,529.18335,xgb_shap_list_ir_2_subset_72,xgb_shap_list_ir_2
637,X2,0.7428905,0.5289254,772.6061,xgb_shap_list_ir_2_subset_72,xgb_shap_list_ir_2
638,X3,0.81274503,0.67880195,845.2548,xgb_shap_list_ir_2_subset_72,xgb_shap_list_ir_2
639,X4,1.0277624,0.49504158,1068.8729,xgb_shap_list_ir_2_subset_72,xgb_shap_list_ir_2
640,X5,1.1078067,0.5956039,1152.1189,xgb_shap_list_ir_2_subset_72,xgb_shap_list_ir_2
641,X6,0.62728,0.45197472,652.3712,xgb_shap_list_ir_2_subset_72,xgb_shap_list_ir_2
642,X1,0.7816724,0.501394,812.93933,xgb_shap_list_ir_4_subset_42,xgb_shap_list_ir_4
643,X2,0.642238,0.6027238,667.92755,xgb_shap_list_ir_4_subset_42,xgb_shap_list_ir_4
644,X3,0.8599582,0.47073373,894.3565,xgb_shap_list_ir_4_subset_42,xgb_shap_list_ir_4
645,X4,1.4873183,0.75168586,1546.811,xgb_shap_list_ir_4_subset_42,xgb_shap_list_ir_4
646,X5,1.1234953,0.7534041,1168.4352,xgb_shap_list_ir_4_subset_42,xgb_shap_list_ir_4
647,X6,0.9058816,0.47265735,942.1168,xgb_shap_list_ir_4_subset_42,xgb_shap_list_ir_4
648,X1,0.5029768,0.44978705,523.0958,xgb_shap_list_ir_4_subset_75,xgb_shap_list_ir_4
649,X2,0.73956347,0.7214631,769.146,xgb_shap_list_ir_4_subset_75,xgb_shap_list_ir_4
650,X3,0.74340785,0.47932205,773.14417,xgb_shap_list_ir_4_subset_75,xgb_shap_list_ir_4
651,X4,1.433575,0.7196375,1490.9181,xgb_shap_list_ir_4_subset_75,xgb_shap_list_ir_4
652,X5,1.3260331,0.74786186,1379.0745,xgb_shap_list_ir_4_subset_75,xgb_shap_list_ir_4
653,X6,0.9093594,0.5547438,945.73376,xgb_shap_list_ir_4_subset_75,xgb_shap_list_ir_4
654,X1,0.7411213,0.51015925,770.7662,xgb_shap_list_ir_4_subset_31,xgb_shap_list_ir_4
655,X2,0.65758514,0.61050105,683.88855,xgb_shap_list_ir_4_subset_31,xgb_shap_list_ir_4
656,X3,0.7061304,0.3724422,734.3756,xgb_shap_list_ir_4_subset_31,xgb_shap_list_ir_4
657,X4,2.041112,0.8614075,2122.7563,xgb_shap_list_ir_4_subset_31,xgb_shap_list_ir_4
658,X5,0.8869369,0.5559925,922.41437,xgb_shap_list_ir_4_subset_31,xgb_shap_list_ir_4
659,X6,1.0583116,0.50815624,1100.644,xgb_shap_list_ir_4_subset_31,xgb_shap_list_ir_4
660,X1,0.65670806,0.46329775,682.9764,xgb_shap_list_ir_4_subset_93,xgb_shap_list_ir_4
661,X2,0.6695571,0.6509172,696.33936,xgb_shap_list_ir_4_subset_93,xgb_shap_list_ir_4
662,X3,0.8594142,0.44405633,893.7908,xgb_shap_list_ir_4_subset_93,xgb_shap_list_ir_4
663,X4,1.447268,0.79088193,1505.1587,xgb_shap_list_ir_4_subset_93,xgb_shap_list_ir_4
664,X5,1.1428767,0.881918,1188.5918,xgb_shap_list_ir_4_subset_93,xgb_shap_list_ir_4
665,X6,0.850502,0.57145715,884.5221,xgb_shap_list_ir_4_subset_93,xgb_shap_list_ir_4
666,X1,0.7860776,0.5455667,817.52075,xgb_shap_list_ir_4_subset_94,xgb_shap_list_ir_4
667,X2,0.793334,0.66162103,825.0674,xgb_shap_list_ir_4_subset_94,xgb_shap_list_ir_4
668,X3,0.51647705,0.3558596,537.1361,xgb_shap_list_ir_4_subset_94,xgb_shap_list_ir_4
669,X4,1.2769029,0.69738746,1327.979,xgb_shap_list_ir_4_subset_94,xgb_shap_list_ir_4
670,X5,1.1160678,0.8579596,1160.7104,xgb_shap_list_ir_4_subset_94,xgb_shap_list_ir_4
671,X6,0.6007744,0.38453606,624.80536,xgb_shap_list_ir_4_subset_94,xgb_shap_list_ir_4
672,X1,0.6000313,0.4402692,624.0326,xgb_shap_list_ir_2_subset_98,xgb_shap_list_ir_2
673,X2,0.5945569,0.6752982,618.33923,xgb_shap_list_ir_2_subset_98,xgb_shap_list_ir_2
674,X3,1.1971151,0.6217507,1244.9996,xgb_shap_list_ir_2_subset_98,xgb_shap_list_ir_2
675,X4,1.0290016,0.45182872,1070.1616,xgb_shap_list_ir_2_subset_98,xgb_shap_list_ir_2
676,X5,0.8722861,0.4485309,907.17755,xgb_shap_list_ir_2_subset_98,xgb_shap_list_ir_2
677,X6,0.6916872,0.3708672,719.35474,xgb_shap_list_ir_2_subset_98,xgb_shap_list_ir_2
678,X1,0.62019604,0.40665248,645.0039,xgb_shap_list_ir_2_subset_109,xgb_shap_list_ir_2
679,X2,0.70097035,0.5613883,729.00916,xgb_shap_list_ir_2_subset_109,xgb_shap_list_ir_2
680,X3,1.0320362,0.5986135,1073.3176,xgb_shap_list_ir_2_subset_109,xgb_shap_list_ir_2
681,X4,1.5883256,0.6151809,1651.8586,xgb_shap_list_ir_2_subset_109,xgb_shap_list_ir_2
682,X5,0.6158836,0.33295903,640.5189,xgb_shap_list_ir_2_subset_109,xgb_shap_list_ir_2
683,X6,1.2851293,0.57933486,1336.5344,xgb_shap_list_ir_2_subset_109,xgb_shap_list_ir_2
684,X1,1.0170366,0.53223926,1057.718,xgb_shap_list_ir_3_subset_58,xgb_shap_list_ir_3
685,X2,0.91195124,0.5471807,948.4293,xgb_shap_list_ir_3_subset_58,xgb_shap_list_ir_3
686,X3,0.38110656,0.23871166,396.35083,xgb_shap_list_ir_3_subset_58,xgb_shap_list_ir_3
687,X4,1.5357863,0.6501738,1597.2178,xgb_shap_list_ir_3_subset_58,xgb_shap_list_ir_3
688,X5,1.2640282,0.83882654,1314.5894,xgb_shap_list_ir_3_subset_58,xgb_shap_list_ir_3
689,X6,0.978096,0.4529248,1017.21985,xgb_shap_list_ir_3_subset_58,xgb_shap_list_ir_3
690,X1,0.7365633,0.5377544,766.0259,xgb_shap_list_ir_3_subset_12,xgb_shap_list_ir_3
691,X2,0.62006766,0.4799197,644.87036,xgb_shap_list_ir_3_subset_12,xgb_shap_list_ir_3
692,X3,0.33966953,0.2429445,353.25632,xgb_shap_list_ir_3_subset_12,xgb_shap_list_ir_3
693,X4,1.5582398,0.666997,1620.5695,xgb_shap_list_ir_3_subset_12,xgb_shap_list_ir_3
694,X5,1.184479,0.74891204,1231.8582,xgb_shap_list_ir_3_subset_12,xgb_shap_list_ir_3
695,X6,0.88478404,0.56075555,920.1754,xgb_shap_list_ir_3_subset_12,xgb_shap_list_ir_3
696,X1,0.9109415,0.61843926,947.37915,xgb_shap_list_ir_3_subset_45,xgb_shap_list_ir_3
697,X2,0.7535752,0.5635419,783.7182,xgb_shap_list_ir_3_subset_45,xgb_shap_list_ir_3
698,X3,0.5313716,0.38647327,552.62646,xgb_shap_list_ir_3_subset_45,xgb_shap_list_ir_3
699,X4,1.6703455,0.6364322,1737.1594,xgb_shap_list_ir_3_subset_45,xgb_shap_list_ir_3
700,X5,0.8250164,0.5349346,858.017,xgb_shap_list_ir_3_subset_45,xgb_shap_list_ir_3
701,X6,0.95555305,0.3879525,993.77515,xgb_shap_list_ir_3_subset_45,xgb_shap_list_ir_3
702,X1,0.6044329,0.44705284,628.61017,xgb_shap_list_ir_4_subset_46,xgb_shap_list_ir_4
703,X2,0.6998594,0.8444437,727.85376,xgb_shap_list_ir_4_subset_46,xgb_shap_list_ir_4
704,X3,1.038527,0.6648128,1080.0681,xgb_shap_list_ir_4_subset_46,xgb_shap_list_ir_4
705,X4,1.6755508,0.7564652,1742.5729,xgb_shap_list_ir_4_subset_46,xgb_shap_list_ir_4
706,X5,1.037472,0.603994,1078.971,xgb_shap_list_ir_4_subset_46,xgb_shap_list_ir_4
707,X6,0.9419646,0.45593658,979.6432,xgb_shap_list_ir_4_subset_46,xgb_shap_list_ir_4
708,X1,0.5820061,0.2509578,605.2863,xgb_shap_list_ir_1_subset_120,xgb_shap_list_ir_1
709,X2,0.48720026,0.5222953,506.68826,xgb_shap_list_ir_1_subset_120,xgb_shap_list_ir_1
710,X3,0.24002375,0.2467255,249.6247,xgb_shap_list_ir_1_subset_120,xgb_shap_list_ir_1
711,X4,1.6548997,0.69041395,1721.0957,xgb_shap_list_ir_1_subset_120,xgb_shap_list_ir_1
712,X5,0.8971744,0.38754067,933.0614,xgb_shap_list_ir_1_subset_120,xgb_shap_list_ir_1
713,X6,1.5481304,0.56808805,1610.0557,xgb_shap_list_ir_1_subset_120,xgb_shap_list_ir_1
714,X1,1.098613,0.5802822,1142.5575,xgb_shap_list_ir_1_subset_95,xgb_shap_list_ir_1
715,X2,0.5574708,0.46028104,579.76965,xgb_shap_list_ir_1_subset_95,xgb_shap_list_ir_1
716,X3,0.31049436,0.23155554,322.91412,xgb_shap_list_ir_1_subset_95,xgb_shap_list_ir_1
717,X4,1.0236291,0.40441844,1064.5742,xgb_shap_list_ir_1_subset_95,xgb_shap_list_ir_1
718,X5,0.9291465,0.36283907,966.3124,xgb_shap_list_ir_1_subset_95,xgb_shap_list_ir_1
719,X6,1.3420123,0.38400283,1395.6927,xgb_shap_list_ir_1_subset_95,xgb_shap_list_ir_1
720,X1,0.936429,0.52858686,973.88617,xgb_shap_list_ir_2_subset_65,xgb_shap_list_ir_2
721,X2,0.4766767,0.35242376,495.74377,xgb_shap_list_ir_2_subset_65,xgb_shap_list_ir_2
722,X3,0.2325693,0.20447142,241.87209,xgb_shap_list_ir_2_subset_65,xgb_shap_list_ir_2
723,X4,1.6083188,0.73617595,1672.6516,xgb_shap_list_ir_2_subset_65,xgb_shap_list_ir_2
724,X5,1.1514044,0.55388933,1197.4606,xgb_shap_list_ir_2_subset_65,xgb_shap_list_ir_2
725,X6,1.2915626,0.49722368,1343.2251,xgb_shap_list_ir_2_subset_65,xgb_shap_list_ir_2
726,X1,0.87658715,0.6289182,911.65063,xgb_shap_list_ir_5_subset_22,xgb_shap_list_ir_5
727,X2,0.6451536,0.64920616,670.9597,xgb_shap_list_ir_5_subset_22,xgb_shap_list_ir_5
728,X3,0.24080406,0.19861954,250.43622,xgb_shap_list_ir_5_subset_22,xgb_shap_list_ir_5
729,X4,1.4134798,0.7218969,1470.019,xgb_shap_list_ir_5_subset_22,xgb_shap_list_ir_5
730,X5,1.4111185,1.1020745,1467.5632,xgb_shap_list_ir_5_subset_22,xgb_shap_list_ir_5
731,X6,0.8666236,0.70715654,901.2885,xgb_shap_list_ir_5_subset_22,xgb_shap_list_ir_5
732,X1,1.059395,0.64241654,1101.7708,xgb_shap_list_ir_4_subset_97,xgb_shap_list_ir_4
733,X2,0.63994634,0.5700093,665.5442,xgb_shap_list_ir_4_subset_97,xgb_shap_list_ir_4
734,X3,0.435158,0.25329056,452.56433,xgb_shap_list_ir_4_subset_97,xgb_shap_list_ir_4
735,X4,1.4584389,0.63683635,1516.7764,xgb_shap_list_ir_4_subset_97,xgb_shap_list_ir_4
736,X5,1.2864513,0.83026534,1337.9094,xgb_shap_list_ir_4_subset_97,xgb_shap_list_ir_4
737,X6,1.0125551,0.5721054,1053.0574,xgb_shap_list_ir_4_subset_97,xgb_shap_list_ir_4
738,X1,0.4834522,0.38663274,502.79028,xgb_shap_list_ir_1_subset_78,xgb_shap_list_ir_1
739,X2,0.51402926,0.39194927,534.59045,xgb_shap_list_ir_1_subset_78,xgb_shap_list_ir_1
740,X3,0.67035466,0.33447286,697.1688,xgb_shap_list_ir_1_subset_78,xgb_shap_list_ir_1
741,X4,0.89201194,0.3763452,927.69244,xgb_shap_list_ir_1_subset_78,xgb_shap_list_ir_1
742,X5,0.68737805,0.31040427,714.87317,xgb_shap_list_ir_1_subset_78,xgb_shap_list_ir_1
743,X6,1.1843978,0.36954552,1231.7737,xgb_shap_list_ir_1_subset_78,xgb_shap_list_ir_1
744,X1,0.47893298,0.2763197,498.0903,xgb_shap_list_ir_2_subset_14,xgb_shap_list_ir_2
745,X2,1.2957599,0.5786014,1347.5903,xgb_shap_list_ir_2_subset_14,xgb_shap_list_ir_2
746,X3,0.95482904,0.5812532,993.0222,xgb_shap_list_ir_2_subset_14,xgb_shap_list_ir_2
747,X4,1.439706,0.6135637,1497.2942,xgb_shap_list_ir_2_subset_14,xgb_shap_list_ir_2
748,X5,0.9707023,0.57422477,1009.5304,xgb_shap_list_ir_2_subset_14,xgb_shap_list_ir_2
749,X6,0.5912564,0.32192013,614.9066,xgb_shap_list_ir_2_subset_14,xgb_shap_list_ir_2
750,X1,0.63251126,0.5713094,657.8117,xgb_shap_list_ir_1_subset_67,xgb_shap_list_ir_1
751,X2,0.788061,0.27280864,819.58344,xgb_shap_list_ir_1_subset_67,xgb_shap_list_ir_1
752,X3,0.31324947,0.14938952,325.77945,xgb_shap_list_ir_1_subset_67,xgb_shap_list_ir_1
753,X4,1.3200324,0.6151842,1372.8336,xgb_shap_list_ir_1_subset_67,xgb_shap_list_ir_1
754,X5,0.9987787,0.49814048,1038.7299,xgb_shap_list_ir_1_subset_67,xgb_shap_list_ir_1
755,X6,0.5278319,0.27681386,548.9452,xgb_shap_list_ir_1_subset_67,xgb_shap_list_ir_1
756,X1,0.58787376,0.4329931,611.38873,xgb_shap_list_ir_4_subset_117,xgb_shap_list_ir_4
757,X2,0.53873754,0.472395,560.28705,xgb_shap_list_ir_4_subset_117,xgb_shap_list_ir_4
758,X3,0.9052603,0.47581524,941.47076,xgb_shap_list_ir_4_subset_117,xgb_shap_list_ir_4
759,X4,1.6910894,0.82264453,1758.7329,xgb_shap_list_ir_4_subset_117,xgb_shap_list_ir_4
760,X5,0.8740309,0.5889118,908.9921,xgb_shap_list_ir_4_subset_117,xgb_shap_list_ir_4
761,X6,0.8343055,0.511312,867.67773,xgb_shap_list_ir_4_subset_117,xgb_shap_list_ir_4
762,X1,1.194962,0.6786029,1242.7605,xgb_shap_list_ir_1_subset_92,xgb_shap_list_ir_1
763,X2,0.86797905,0.5335373,902.69824,xgb_shap_list_ir_1_subset_92,xgb_shap_list_ir_1
764,X3,0.62755305,0.40286767,652.65515,xgb_shap_list_ir_1_subset_92,xgb_shap_list_ir_1
765,X4,0.35363933,0.33057982,367.7849,xgb_shap_list_ir_1_subset_92,xgb_shap_list_ir_1
766,X5,0.6739912,0.41252044,700.95087,xgb_shap_list_ir_1_subset_92,xgb_shap_list_ir_1
767,X6,0.982825,0.45926026,1022.138,xgb_shap_list_ir_1_subset_92,xgb_shap_list_ir_1
768,X1,0.75222135,0.680138,782.3102,xgb_shap_list_ir_2_subset_19,xgb_shap_list_ir_2
769,X2,0.7987001,0.51385033,830.6481,xgb_shap_list_ir_2_subset_19,xgb_shap_list_ir_2
770,X3,0.70771945,0.3806813,736.0282,xgb_shap_list_ir_2_subset_19,xgb_shap_list_ir_2
771,X4,1.0639586,0.45414928,1106.517,xgb_shap_list_ir_2_subset_19,xgb_shap_list_ir_2
772,X5,0.8558308,0.533418,890.064,xgb_shap_list_ir_2_subset_19,xgb_shap_list_ir_2
773,X6,1.2969527,0.51265424,1348.8308,xgb_shap_list_ir_2_subset_19,xgb_shap_list_ir_2
774,X1,0.69485766,0.55566925,722.652,xgb_shap_list_ir_5_subset_141,xgb_shap_list_ir_5
775,X2,0.76598513,0.6903634,796.6245,xgb_shap_list_ir_5_subset_141,xgb_shap_list_ir_5
776,X3,0.5891478,0.41870868,612.71375,xgb_shap_list_ir_5_subset_141,xgb_shap_list_ir_5
777,X4,1.4996344,0.69276726,1559.6198,xgb_shap_list_ir_5_subset_141,xgb_shap_list_ir_5
778,X5,1.1435356,0.90003395,1189.2771,xgb_shap_list_ir_5_subset_141,xgb_shap_list_ir_5
779,X6,0.7430908,0.46373165,772.81445,xgb_shap_list_ir_5_subset_141,xgb_shap_list_ir_5
780,X1,0.6989578,0.46872818,726.91614,xgb_shap_list_ir_4_subset_107,xgb_shap_list_ir_4
781,X2,0.5990575,0.5246104,623.0198,xgb_shap_list_ir_4_subset_107,xgb_shap_list_ir_4
782,X3,0.5852314,0.36275765,608.6407,xgb_shap_list_ir_4_subset_107,xgb_shap_list_ir_4
783,X4,1.3810295,0.76285195,1436.2706,xgb_shap_list_ir_4_subset_107,xgb_shap_list_ir_4
784,X5,1.2059573,0.84277296,1254.1956,xgb_shap_list_ir_4_subset_107,xgb_shap_list_ir_4
785,X6,0.7159665,0.45480734,744.60516,xgb_shap_list_ir_4_subset_107,xgb_shap_list_ir_4
786,X1,1.0289932,0.37445274,1070.153,xgb_shap_list_ir_1_subset_3,xgb_shap_list_ir_1
787,X2,0.4816026,0.24535482,500.8667,xgb_shap_list_ir_1_subset_3,xgb_shap_list_ir_1
788,X3,0.24392903,0.18973096,253.68619,xgb_shap_list_ir_1_subset_3,xgb_shap_list_ir_1
789,X4,1.3103523,0.39784914,1362.7664,xgb_shap_list_ir_1_subset_3,xgb_shap_list_ir_1
790,X5,0.9682853,0.3146323,1007.0167,xgb_shap_list_ir_1_subset_3,xgb_shap_list_ir_1
791,X6,1.294986,0.53885436,1346.7854,xgb_shap_list_ir_1_subset_3,xgb_shap_list_ir_1
792,X1,0.75480413,0.5005129,784.9963,xgb_shap_list_ir_3_subset_94,xgb_shap_list_ir_3
793,X2,0.68841,0.55070966,715.9464,xgb_shap_list_ir_3_subset_94,xgb_shap_list_ir_3
794,X3,0.6333679,0.3400942,658.70264,xgb_shap_list_ir_3_subset_94,xgb_shap_list_ir_3
795,X4,1.6289233,0.6647847,1694.0802,xgb_shap_list_ir_3_subset_94,xgb_shap_list_ir_3
796,X5,1.4010447,0.8084174,1457.0865,xgb_shap_list_ir_3_subset_94,xgb_shap_list_ir_3
797,X6,0.8319857,0.5531676,865.26514,xgb_shap_list_ir_3_subset_94,xgb_shap_list_ir_3
798,X1,0.70215136,0.5098702,730.2374,xgb_shap_list_ir_4_subset_127,xgb_shap_list_ir_4
799,X2,0.69068587,0.563971,718.3133,xgb_shap_list_ir_4_subset_127,xgb_shap_list_ir_4
800,X3,0.69910556,0.5338265,727.06976,xgb_shap_list_ir_4_subset_127,xgb_shap_list_ir_4
801,X4,1.431028,0.6808876,1488.2692,xgb_shap_list_ir_4_subset_127,xgb_shap_list_ir_4
802,X5,1.0066433,0.76181287,1046.909,xgb_shap_list_ir_4_subset_127,xgb_shap_list_ir_4
803,X6,0.70818895,0.55696785,736.5165,xgb_shap_list_ir_4_subset_127,xgb_shap_list_ir_4
804,X1,0.96507186,0.61255115,1003.67474,xgb_shap_list_ir_2_subset_144,xgb_shap_list_ir_2
805,X2,1.0202503,0.5275292,1061.0603,xgb_shap_list_ir_2_subset_144,xgb_shap_list_ir_2
806,X3,0.22606614,0.27059484,235.1088,xgb_shap_list_ir_2_subset_144,xgb_shap_list_ir_2
807,X4,1.1613911,0.37633622,1207.8468,xgb_shap_list_ir_2_subset_144,xgb_shap_list_ir_2
808,X5,1.6106335,0.8418454,1675.0588,xgb_shap_list_ir_2_subset_144,xgb_shap_list_ir_2
809,X6,0.8049934,0.44028428,837.1931,xgb_shap_list_ir_2_subset_144,xgb_shap_list_ir_2
810,X1,0.6093561,0.28535628,633.73035,xgb_shap_list_ir_1_subset_110,xgb_shap_list_ir_1
811,X2,0.32428595,0.444748,337.2574,xgb_shap_list_ir_1_subset_110,xgb_shap_list_ir_1
812,X3,0.17453386,0.19512442,181.51521,xgb_shap_list_ir_1_subset_110,xgb_shap_list_ir_1
813,X4,2.3367732,0.79919976,2430.2441,xgb_shap_list_ir_1_subset_110,xgb_shap_list_ir_1
814,X5,1.3045955,0.40461737,1356.7793,xgb_shap_list_ir_1_subset_110,xgb_shap_list_ir_1
815,X6,0.6777951,0.20166104,704.9069,xgb_shap_list_ir_1_subset_110,xgb_shap_list_ir_1
816,X1,0.77456933,0.53849417,805.5521,xgb_shap_list_ir_3_subset_140,xgb_shap_list_ir_3
817,X2,0.8253891,0.7794363,858.40466,xgb_shap_list_ir_3_subset_140,xgb_shap_list_ir_3
818,X3,0.7819863,0.4165442,813.26575,xgb_shap_list_ir_3_subset_140,xgb_shap_list_ir_3
819,X4,1.1206388,0.5904583,1165.4644,xgb_shap_list_ir_3_subset_140,xgb_shap_list_ir_3
820,X5,1.0246453,0.75705016,1065.6311,xgb_shap_list_ir_3_subset_140,xgb_shap_list_ir_3
821,X6,0.9288286,0.49931052,965.98175,xgb_shap_list_ir_3_subset_140,xgb_shap_list_ir_3
822,X1,0.8045645,0.4276593,836.7471,xgb_shap_list_ir_2_subset_126,xgb_shap_list_ir_2
823,X2,0.607651,0.47698322,631.95703,xgb_shap_list_ir_2_subset_126,xgb_shap_list_ir_2
824,X3,0.48284608,0.37452236,502.1599,xgb_shap_list_ir_2_subset_126,xgb_shap_list_ir_2
825,X4,1.1940523,0.6635436,1241.8145,xgb_shap_list_ir_2_subset_126,xgb_shap_list_ir_2
826,X5,0.63664764,0.45561028,662.1135,xgb_shap_list_ir_2_subset_126,xgb_shap_list_ir_2
827,X6,1.0921887,0.5328775,1135.8762,xgb_shap_list_ir_2_subset_126,xgb_shap_list_ir_2
828,X1,0.7270056,0.6508896,756.0858,xgb_shap_list_ir_5_subset_52,xgb_shap_list_ir_5
829,X2,0.7727094,0.7818074,803.6178,xgb_shap_list_ir_5_subset_52,xgb_shap_list_ir_5
830,X3,0.48391807,0.33642218,503.27478,xgb_shap_list_ir_5_subset_52,xgb_shap_list_ir_5
831,X4,1.4810452,0.71548533,1540.2871,xgb_shap_list_ir_5_subset_52,xgb_shap_list_ir_5
832,X5,1.1395397,0.7982103,1185.1213,xgb_shap_list_ir_5_subset_52,xgb_shap_list_ir_5
833,X6,0.63983226,0.4893453,665.42554,xgb_shap_list_ir_5_subset_52,xgb_shap_list_ir_5
834,X1,0.8461086,0.530016,879.95294,xgb_shap_list_ir_3_subset_87,xgb_shap_list_ir_3
835,X2,0.590973,0.5958466,614.61194,xgb_shap_list_ir_3_subset_87,xgb_shap_list_ir_3
836,X3,0.73625624,0.4645764,765.7065,xgb_shap_list_ir_3_subset_87,xgb_shap_list_ir_3
837,X4,1.2620791,0.56763554,1312.5623,xgb_shap_list_ir_3_subset_87,xgb_shap_list_ir_3
838,X5,1.1473254,0.6937862,1193.2184,xgb_shap_list_ir_3_subset_87,xgb_shap_list_ir_3
839,X6,0.9338648,0.6726015,971.21936,xgb_shap_list_ir_3_subset_87,xgb_shap_list_ir_3
840,X1,0.6313773,0.53107333,656.6324,xgb_shap_list_ir_2_subset_87,xgb_shap_list_ir_2
841,X2,0.47635075,0.5483982,495.4048,xgb_shap_list_ir_2_subset_87,xgb_shap_list_ir_2
842,X3,0.77692825,0.30982336,808.0054,xgb_shap_list_ir_2_subset_87,xgb_shap_list_ir_2
843,X4,1.4725626,0.6611754,1531.4651,xgb_shap_list_ir_2_subset_87,xgb_shap_list_ir_2
844,X5,1.0796826,0.61244816,1122.8699,xgb_shap_list_ir_2_subset_87,xgb_shap_list_ir_2
845,X6,0.8030416,0.37994713,835.16327,xgb_shap_list_ir_2_subset_87,xgb_shap_list_ir_2
846,X1,0.71552455,0.6236949,744.1455,xgb_shap_list_ir_5_subset_65,xgb_shap_list_ir_5
847,X2,0.6112183,0.66432923,635.667,xgb_shap_list_ir_5_subset_65,xgb_shap_list_ir_5
848,X3,1.0834264,0.5842041,1126.7634,xgb_shap_list_ir_5_subset_65,xgb_shap_list_ir_5
849,X4,1.8303903,0.7935205,1903.606,xgb_shap_list_ir_5_subset_65,xgb_shap_list_ir_5
850,X5,1.0620544,0.76424557,1104.5366,xgb_shap_list_ir_5_subset_65,xgb_shap_list_ir_5
851,X6,1.0610579,0.6395661,1103.5002,xgb_shap_list_ir_5_subset_65,xgb_shap_list_ir_5
852,X1,0.922426,0.77494144,959.323,xgb_shap_list_ir_5_subset_45,xgb_shap_list_ir_5
853,X2,0.62379235,0.64506584,648.744,xgb_shap_list_ir_5_subset_45,xgb_shap_list_ir_5
854,X3,0.6357863,0.3451457,661.2178,xgb_shap_list_ir_5_subset_45,xgb_shap_list_ir_5
855,X4,1.8804319,0.8916129,1955.6492,xgb_shap_list_ir_5_subset_45,xgb_shap_list_ir_5
856,X5,1.2295488,0.7878308,1278.7307,xgb_shap_list_ir_5_subset_45,xgb_shap_list_ir_5
857,X6,0.87233794,0.54808253,907.23145,xgb_shap_list_ir_5_subset_45,xgb_shap_list_ir_5
858,X1,0.7998738,0.54701316,831.8688,xgb_shap_list_ir_5_subset_97,xgb_shap_list_ir_5
859,X2,0.83308446,0.7135871,866.40784,xgb_shap_list_ir_5_subset_97,xgb_shap_list_ir_5
860,X3,0.55223304,0.39743868,574.3224,xgb_shap_list_ir_5_subset_97,xgb_shap_list_ir_5
861,X4,1.5046016,0.7333104,1564.7856,xgb_shap_list_ir_5_subset_97,xgb_shap_list_ir_5
862,X5,1.1831602,0.89148134,1230.4866,xgb_shap_list_ir_5_subset_97,xgb_shap_list_ir_5
863,X6,0.721627,0.49078315,750.49207,xgb_shap_list_ir_5_subset_97,xgb_shap_list_ir_5
864,X1,1.101946,0.6032192,1146.0238,xgb_shap_list_ir_3_subset_81,xgb_shap_list_ir_3
865,X2,0.7351991,0.6770636,764.60706,xgb_shap_list_ir_3_subset_81,xgb_shap_list_ir_3
866,X3,0.5399746,0.3563839,561.57355,xgb_shap_list_ir_3_subset_81,xgb_shap_list_ir_3
867,X4,1.6261207,0.5647361,1691.1655,xgb_shap_list_ir_3_subset_81,xgb_shap_list_ir_3
868,X5,0.751932,0.5476373,782.0093,xgb_shap_list_ir_3_subset_81,xgb_shap_list_ir_3
869,X6,1.2036746,0.4999233,1251.8215,xgb_shap_list_ir_3_subset_81,xgb_shap_list_ir_3
870,X1,0.8311697,0.57108873,864.4165,xgb_shap_list_ir_4_subset_50,xgb_shap_list_ir_4
871,X2,0.6761127,0.5320553,703.1572,xgb_shap_list_ir_4_subset_50,xgb_shap_list_ir_4
872,X3,0.7679124,0.43519977,798.6289,xgb_shap_list_ir_4_subset_50,xgb_shap_list_ir_4
873,X4,1.3848414,0.6481603,1440.2351,xgb_shap_list_ir_4_subset_50,xgb_shap_list_ir_4
874,X5,1.054655,0.7799011,1096.8412,xgb_shap_list_ir_4_subset_50,xgb_shap_list_ir_4
875,X6,0.7538596,0.5517287,784.014,xgb_shap_list_ir_4_subset_50,xgb_shap_list_ir_4
876,X1,0.70407677,0.50323254,732.23987,xgb_shap_list_ir_5_subset_83,xgb_shap_list_ir_5
877,X2,0.70102996,0.44555452,729.07117,xgb_shap_list_ir_5_subset_83,xgb_shap_list_ir_5
878,X3,0.6903902,0.3591988,718.00586,xgb_shap_list_ir_5_subset_83,xgb_shap_list_ir_5
879,X4,1.5586698,0.8004722,1621.0166,xgb_shap_list_ir_5_subset_83,xgb_shap_list_ir_5
880,X5,0.95748705,0.6511422,995.7865,xgb_shap_list_ir_5_subset_83,xgb_shap_list_ir_5
881,X6,1.0883815,0.5840577,1131.9167,xgb_shap_list_ir_5_subset_83,xgb_shap_list_ir_5
882,X1,0.8106216,0.5222342,843.0465,xgb_shap_list_ir_5_subset_115,xgb_shap_list_ir_5
883,X2,0.6072807,0.5430246,631.5719,xgb_shap_list_ir_5_subset_115,xgb_shap_list_ir_5
884,X3,0.902091,0.47552982,938.1747,xgb_shap_list_ir_5_subset_115,xgb_shap_list_ir_5
885,X4,1.659621,0.7659203,1726.0059,xgb_shap_list_ir_5_subset_115,xgb_shap_list_ir_5
886,X5,1.0962915,0.84288585,1140.1432,xgb_shap_list_ir_5_subset_115,xgb_shap_list_ir_5
887,X6,0.8517607,0.50732446,885.8311,xgb_shap_list_ir_5_subset_115,xgb_shap_list_ir_5
888,X1,1.2943318,0.8352442,1346.1051,xgb_shap_list_ir_1_subset_115,xgb_shap_list_ir_1
889,X2,0.5719013,0.2897027,594.77734,xgb_shap_list_ir_1_subset_115,xgb_shap_list_ir_1
890,X3,0.2591636,0.31330088,269.53012,xgb_shap_list_ir_1_subset_115,xgb_shap_list_ir_1
891,X4,0.62119865,0.40074822,646.04663,xgb_shap_list_ir_1_subset_115,xgb_shap_list_ir_1
892,X5,1.0779567,0.55916566,1121.075,xgb_shap_list_ir_1_subset_115,xgb_shap_list_ir_1
893,X6,0.45375085,0.25014213,471.90088,xgb_shap_list_ir_1_subset_115,xgb_shap_list_ir_1
894,X1,0.77466613,0.4053598,805.6528,xgb_shap_list_ir_1_subset_53,xgb_shap_list_ir_1
895,X2,1.0640094,0.52372634,1106.5698,xgb_shap_list_ir_1_subset_53,xgb_shap_list_ir_1
896,X3,0.4916863,0.22301975,511.35376,xgb_shap_list_ir_1_subset_53,xgb_shap_list_ir_1
897,X4,1.5168613,0.82233953,1577.5358,xgb_shap_list_ir_1_subset_53,xgb_shap_list_ir_1
898,X5,0.7441083,0.36009908,773.8727,xgb_shap_list_ir_1_subset_53,xgb_shap_list_ir_1
899,X6,1.884497,0.7788744,1959.877,xgb_shap_list_ir_1_subset_53,xgb_shap_list_ir_1
900,X1,0.7988572,0.53635335,830.8115,xgb_shap_list_ir_3_subset_21,xgb_shap_list_ir_3
901,X2,0.4808089,0.51599413,500.04126,xgb_shap_list_ir_3_subset_21,xgb_shap_list_ir_3
902,X3,0.68250215,0.601104,709.80225,xgb_shap_list_ir_3_subset_21,xgb_shap_list_ir_3
903,X4,1.2073791,0.6627825,1255.6743,xgb_shap_list_ir_3_subset_21,xgb_shap_list_ir_3
904,X5,0.9661709,0.8568647,1004.81775,xgb_shap_list_ir_3_subset_21,xgb_shap_list_ir_3
905,X6,0.63513047,0.5782363,660.5357,xgb_shap_list_ir_3_subset_21,xgb_shap_list_ir_3
906,X1,0.7301304,0.435513,759.3356,xgb_shap_list_ir_2_subset_55,xgb_shap_list_ir_2
907,X2,0.6532232,0.38999262,679.3522,xgb_shap_list_ir_2_subset_55,xgb_shap_list_ir_2
908,X3,0.9353127,0.5671937,972.7252,xgb_shap_list_ir_2_subset_55,xgb_shap_list_ir_2
909,X4,1.6160774,0.65750337,1680.7206,xgb_shap_list_ir_2_subset_55,xgb_shap_list_ir_2
910,X5,0.9357353,0.55890787,973.1647,xgb_shap_list_ir_2_subset_55,xgb_shap_list_ir_2
911,X6,1.1570463,0.49623144,1203.3281,xgb_shap_list_ir_2_subset_55,xgb_shap_list_ir_2
912,X1,1.0590032,0.58888376,1101.3634,xgb_shap_list_ir_3_subset_18,xgb_shap_list_ir_3
913,X2,0.67430836,0.46815163,701.2807,xgb_shap_list_ir_3_subset_18,xgb_shap_list_ir_3
914,X3,0.6892948,0.36012223,716.8666,xgb_shap_list_ir_3_subset_18,xgb_shap_list_ir_3
915,X4,1.6579003,0.63241994,1724.2163,xgb_shap_list_ir_3_subset_18,xgb_shap_list_ir_3
916,X5,1.3060778,0.8279127,1358.3209,xgb_shap_list_ir_3_subset_18,xgb_shap_list_ir_3
917,X6,0.9023637,0.48149663,938.45825,xgb_shap_list_ir_3_subset_18,xgb_shap_list_ir_3
918,X1,0.69945717,0.60433763,727.4354,xgb_shap_list_ir_5_subset_75,xgb_shap_list_ir_5
919,X2,0.67713034,0.7336346,704.2156,xgb_shap_list_ir_5_subset_75,xgb_shap_list_ir_5
920,X3,0.86687505,0.4560719,901.55005,xgb_shap_list_ir_5_subset_75,xgb_shap_list_ir_5
921,X4,1.547311,0.65914714,1609.2034,xgb_shap_list_ir_5_subset_75,xgb_shap_list_ir_5
922,X5,1.1792637,0.82253766,1226.4342,xgb_shap_list_ir_5_subset_75,xgb_shap_list_ir_5
923,X6,0.86219895,0.51720184,896.6869,xgb_shap_list_ir_5_subset_75,xgb_shap_list_ir_5
924,X1,0.662957,0.6106752,689.4753,xgb_shap_list_ir_4_subset_81,xgb_shap_list_ir_4
925,X2,0.5463125,0.50161093,568.16504,xgb_shap_list_ir_4_subset_81,xgb_shap_list_ir_4
926,X3,0.6671213,0.39456582,693.80615,xgb_shap_list_ir_4_subset_81,xgb_shap_list_ir_4
927,X4,1.395971,0.68335164,1451.8098,xgb_shap_list_ir_4_subset_81,xgb_shap_list_ir_4
928,X5,1.2723619,0.9241541,1323.2563,xgb_shap_list_ir_4_subset_81,xgb_shap_list_ir_4
929,X6,0.8661589,0.45042866,900.80524,xgb_shap_list_ir_4_subset_81,xgb_shap_list_ir_4
930,X1,0.7041317,0.60071886,732.297,xgb_shap_list_ir_2_subset_49,xgb_shap_list_ir_2
931,X2,0.5615652,0.542998,584.02783,xgb_shap_list_ir_2_subset_49,xgb_shap_list_ir_2
932,X3,0.440732,0.4186527,458.36127,xgb_shap_list_ir_2_subset_49,xgb_shap_list_ir_2
933,X4,1.2301708,0.5186071,1279.3777,xgb_shap_list_ir_2_subset_49,xgb_shap_list_ir_2
934,X5,1.0142533,0.5870389,1054.8234,xgb_shap_list_ir_2_subset_49,xgb_shap_list_ir_2
935,X6,0.7223076,0.4070769,751.19995,xgb_shap_list_ir_2_subset_49,xgb_shap_list_ir_2
936,X1,0.87977654,0.5767617,914.9676,xgb_shap_list_ir_3_subset_99,xgb_shap_list_ir_3
937,X2,0.8569288,0.5973999,891.206,xgb_shap_list_ir_3_subset_99,xgb_shap_list_ir_3
938,X3,0.5562925,0.31601435,578.5442,xgb_shap_list_ir_3_subset_99,xgb_shap_list_ir_3
939,X4,1.7667367,0.5789901,1837.4062,xgb_shap_list_ir_3_subset_99,xgb_shap_list_ir_3
940,X5,1.1094847,0.8173314,1153.864,xgb_shap_list_ir_3_subset_99,xgb_shap_list_ir_3
941,X6,0.662331,0.5198341,688.8242,xgb_shap_list_ir_3_subset_99,xgb_shap_list_ir_3
942,X1,0.60139585,0.47268155,625.45166,xgb_shap_list_ir_2_subset_2,xgb_shap_list_ir_2
943,X2,0.49370304,0.30932742,513.4512,xgb_shap_list_ir_2_subset_2,xgb_shap_list_ir_2
944,X3,1.0018382,0.38506582,1041.9117,xgb_shap_list_ir_2_subset_2,xgb_shap_list_ir_2
945,X4,1.0690172,0.39685062,1111.7778,xgb_shap_list_ir_2_subset_2,xgb_shap_list_ir_2
946,X5,1.3357983,0.74398685,1389.2302,xgb_shap_list_ir_2_subset_2,xgb_shap_list_ir_2
947,X6,0.7993544,0.41325092,831.32855,xgb_shap_list_ir_2_subset_2,xgb_shap_list_ir_2
948,X1,0.7913938,0.46789187,823.04956,xgb_shap_list_ir_5_subset_55,xgb_shap_list_ir_5
949,X2,0.71132165,0.59637636,739.77454,xgb_shap_list_ir_5_subset_55,xgb_shap_list_ir_5
950,X3,0.7585054,0.44569275,788.84564,xgb_shap_list_ir_5_subset_55,xgb_shap_list_ir_5
951,X4,1.32666,0.73648113,1379.7264,xgb_shap_list_ir_5_subset_55,xgb_shap_list_ir_5
952,X5,1.5605493,1.1474625,1622.9712,xgb_shap_list_ir_5_subset_55,xgb_shap_list_ir_5
953,X6,0.84169054,0.49704584,875.35815,xgb_shap_list_ir_5_subset_55,xgb_shap_list_ir_5
954,X1,1.121829,0.45187667,1166.7021,xgb_shap_list_ir_1_subset_128,xgb_shap_list_ir_1
955,X2,0.3718484,0.5588614,386.72235,xgb_shap_list_ir_1_subset_128,xgb_shap_list_ir_1
956,X3,0.22285274,0.16109374,231.76685,xgb_shap_list_ir_1_subset_128,xgb_shap_list_ir_1
957,X4,1.3661022,0.3782633,1420.7463,xgb_shap_list_ir_1_subset_128,xgb_shap_list_ir_1
958,X5,1.2403027,0.4738646,1289.9148,xgb_shap_list_ir_1_subset_128,xgb_shap_list_ir_1
959,X6,1.5753555,0.5494372,1638.3698,xgb_shap_list_ir_1_subset_128,xgb_shap_list_ir_1
960,X1,1.5136592,0.9018543,1574.2056,xgb_shap_list_ir_1_subset_59,xgb_shap_list_ir_1
961,X2,0.5626093,0.34833083,585.1137,xgb_shap_list_ir_1_subset_59,xgb_shap_list_ir_1
962,X3,0.40265235,0.26986167,418.75845,xgb_shap_list_ir_1_subset_59,xgb_shap_list_ir_1
963,X4,0.99764144,0.41968927,1037.5471,xgb_shap_list_ir_1_subset_59,xgb_shap_list_ir_1
964,X5,0.8844831,0.44627178,919.8624,xgb_shap_list_ir_1_subset_59,xgb_shap_list_ir_1
965,X6,0.5246645,0.21221735,545.6511,xgb_shap_list_ir_1_subset_59,xgb_shap_list_ir_1
966,X1,0.93248343,0.6478336,969.7828,xgb_shap_list_ir_3_subset_133,xgb_shap_list_ir_3
967,X2,0.865307,0.8520758,899.91925,xgb_shap_list_ir_3_subset_133,xgb_shap_list_ir_3
968,X3,1.0210702,0.48847663,1061.9131,xgb_shap_list_ir_3_subset_133,xgb_shap_list_ir_3
969,X4,1.2073878,0.49432656,1255.6833,xgb_shap_list_ir_3_subset_133,xgb_shap_list_ir_3
970,X5,0.77597046,0.50978035,807.0093,xgb_shap_list_ir_3_subset_133,xgb_shap_list_ir_3
971,X6,1.0019532,0.51256174,1042.0314,xgb_shap_list_ir_3_subset_133,xgb_shap_list_ir_3
972,X1,0.72203064,0.49579158,750.91187,xgb_shap_list_ir_4_subset_9,xgb_shap_list_ir_4
973,X2,0.6100374,0.6302107,634.4389,xgb_shap_list_ir_4_subset_9,xgb_shap_list_ir_4
974,X3,0.6154795,0.4037467,640.0987,xgb_shap_list_ir_4_subset_9,xgb_shap_list_ir_4
975,X4,1.1686339,0.6914545,1215.3793,xgb_shap_list_ir_4_subset_9,xgb_shap_list_ir_4
976,X5,1.2613896,0.99398977,1311.8452,xgb_shap_list_ir_4_subset_9,xgb_shap_list_ir_4
977,X6,0.9473492,0.5416361,985.24316,xgb_shap_list_ir_4_subset_9,xgb_shap_list_ir_4
978,X1,0.8524602,0.6021837,886.5586,xgb_shap_list_ir_5_subset_53,xgb_shap_list_ir_5
979,X2,0.70138794,0.6930378,729.4435,xgb_shap_list_ir_5_subset_53,xgb_shap_list_ir_5
980,X3,0.68754387,0.4449249,715.04565,xgb_shap_list_ir_5_subset_53,xgb_shap_list_ir_5
981,X4,1.5910299,0.7738193,1654.671,xgb_shap_list_ir_5_subset_53,xgb_shap_list_ir_5
982,X5,1.1295162,0.74534124,1174.6969,xgb_shap_list_ir_5_subset_53,xgb_shap_list_ir_5
983,X6,0.74921894,0.51952296,779.1877,xgb_shap_list_ir_5_subset_53,xgb_shap_list_ir_5
984,X1,0.44137555,0.35145468,459.03058,xgb_shap_list_ir_2_subset_71,xgb_shap_list_ir_2
985,X2,0.6089373,0.33575696,633.2948,xgb_shap_list_ir_2_subset_71,xgb_shap_list_ir_2
986,X3,0.20922628,0.19345053,217.59534,xgb_shap_list_ir_2_subset_71,xgb_shap_list_ir_2
987,X4,1.5304939,0.63822776,1591.7136,xgb_shap_list_ir_2_subset_71,xgb_shap_list_ir_2
988,X5,1.6081291,0.77839214,1672.4543,xgb_shap_list_ir_2_subset_71,xgb_shap_list_ir_2
989,X6,0.5543834,0.33753762,576.5587,xgb_shap_list_ir_2_subset_71,xgb_shap_list_ir_2
990,X1,0.84710425,0.6126827,880.9884,xgb_shap_list_ir_4_subset_54,xgb_shap_list_ir_4
991,X2,0.62854666,0.6864856,653.68854,xgb_shap_list_ir_4_subset_54,xgb_shap_list_ir_4
992,X3,0.582568,0.36959174,605.8707,xgb_shap_list_ir_4_subset_54,xgb_shap_list_ir_4
993,X4,1.6146827,0.7087187,1679.27,xgb_shap_list_ir_4_subset_54,xgb_shap_list_ir_4
994,X5,1.0348679,0.6929196,1076.2626,xgb_shap_list_ir_4_subset_54,xgb_shap_list_ir_4
995,X6,0.7814042,0.53879356,812.66034,xgb_shap_list_ir_4_subset_54,xgb_shap_list_ir_4
996,X1,0.6657466,0.54660124,692.37646,xgb_shap_list_ir_5_subset_99,xgb_shap_list_ir_5
997,X2,0.65118784,0.57927334,677.23535,xgb_shap_list_ir_5_subset_99,xgb_shap_list_ir_5
998,X3,0.66602194,0.3786456,692.66284,xgb_shap_list_ir_5_subset_99,xgb_shap_list_ir_5
999,X4,1.6526675,0.78282744,1718.7742,xgb_shap_list_ir_5_subset_99,xgb_shap_list_ir_5
1000,X5,0.93764603,0.76303285,975.15186,xgb_shap_list_ir_5_subset_99,xgb_shap_list_ir_5
1001,X6,0.99944013,0.5489957,1039.4177,xgb_shap_list_ir_5_subset_99,xgb_shap_list_ir_5
1002,X1,0.94993794,0.6284378,987.9355,xgb_shap_list_ir_4_subset_87,xgb_shap_list_ir_4
1003,X2,0.7317379,0.7224972,761.00745,xgb_shap_list_ir_4_subset_87,xgb_shap_list_ir_4
1004,X3,0.7986828,0.4728625,830.6301,xgb_shap_list_ir_4_subset_87,xgb_shap_list_ir_4
1005,X4,1.2360423,0.65859467,1285.484,xgb_shap_list_ir_4_subset_87,xgb_shap_list_ir_4
1006,X5,1.096676,0.7534962,1140.5431,xgb_shap_list_ir_4_subset_87,xgb_shap_list_ir_4
1007,X6,0.74471354,0.40287817,774.5021,xgb_shap_list_ir_4_subset_87,xgb_shap_list_ir_4
1008,X1,0.8666446,0.6062103,901.3104,xgb_shap_list_ir_5_subset_121,xgb_shap_list_ir_5
1009,X2,0.704463,0.61763656,732.64154,xgb_shap_list_ir_5_subset_121,xgb_shap_list_ir_5
1010,X3,0.6962375,0.46190885,724.087,xgb_shap_list_ir_5_subset_121,xgb_shap_list_ir_5
1011,X4,1.1713495,0.5225937,1218.2035,xgb_shap_list_ir_5_subset_121,xgb_shap_list_ir_5
1012,X5,1.450598,1.1048402,1508.622,xgb_shap_list_ir_5_subset_121,xgb_shap_list_ir_5
1013,X6,0.84845155,0.5861543,882.3896,xgb_shap_list_ir_5_subset_121,xgb_shap_list_ir_5
1014,X1,0.8406364,0.48243555,874.26184,xgb_shap_list_ir_3_subset_128,xgb_shap_list_ir_3
1015,X2,0.710212,0.5573339,738.6205,xgb_shap_list_ir_3_subset_128,xgb_shap_list_ir_3
1016,X3,0.9692457,0.5854649,1008.0155,xgb_shap_list_ir_3_subset_128,xgb_shap_list_ir_3
1017,X4,1.1607438,0.59403336,1207.1736,xgb_shap_list_ir_3_subset_128,xgb_shap_list_ir_3
1018,X5,1.0957378,0.72463477,1139.5674,xgb_shap_list_ir_3_subset_128,xgb_shap_list_ir_3
1019,X6,0.755997,0.511846,786.2369,xgb_shap_list_ir_3_subset_128,xgb_shap_list_ir_3
1020,X1,0.7785149,0.59640586,809.6555,xgb_shap_list_ir_2_subset_73,xgb_shap_list_ir_2
1021,X2,0.622318,0.56304747,647.21075,xgb_shap_list_ir_2_subset_73,xgb_shap_list_ir_2
1022,X3,0.34345546,0.30656785,357.1937,xgb_shap_list_ir_2_subset_73,xgb_shap_list_ir_2
1023,X4,1.1226178,0.4333008,1167.5226,xgb_shap_list_ir_2_subset_73,xgb_shap_list_ir_2
1024,X5,0.7354911,0.5056207,764.91077,xgb_shap_list_ir_2_subset_73,xgb_shap_list_ir_2
1025,X6,0.7927583,0.49607074,824.4686,xgb_shap_list_ir_2_subset_73,xgb_shap_list_ir_2
1026,X1,1.5789483,0.556117,1642.1062,xgb_shap_list_ir_2_subset_101,xgb_shap_list_ir_2
1027,X2,0.660278,0.5632859,686.68915,xgb_shap_list_ir_2_subset_101,xgb_shap_list_ir_2
1028,X3,0.5733543,0.43998995,596.28845,xgb_shap_list_ir_2_subset_101,xgb_shap_list_ir_2
1029,X4,0.9032797,0.46898666,939.4109,xgb_shap_list_ir_2_subset_101,xgb_shap_list_ir_2
1030,X5,1.5471952,0.5956919,1609.083,xgb_shap_list_ir_2_subset_101,xgb_shap_list_ir_2
1031,X6,1.0948948,0.53439844,1138.6906,xgb_shap_list_ir_2_subset_101,xgb_shap_list_ir_2
1032,X1,1.0365438,0.5763101,1078.0056,xgb_shap_list_ir_3_subset_119,xgb_shap_list_ir_3
1033,X2,0.6413467,0.67288566,667.00055,xgb_shap_list_ir_3_subset_119,xgb_shap_list_ir_3
1034,X3,0.9043011,0.41201422,940.47314,xgb_shap_list_ir_3_subset_119,xgb_shap_list_ir_3
1035,X4,1.2586977,0.5694725,1309.0457,xgb_shap_list_ir_3_subset_119,xgb_shap_list_ir_3
1036,X5,0.8147577,0.5075098,847.348,xgb_shap_list_ir_3_subset_119,xgb_shap_list_ir_3
1037,X6,0.87338644,0.42906976,908.3219,xgb_shap_list_ir_3_subset_119,xgb_shap_list_ir_3
1038,X1,0.80094093,0.65733075,832.9786,xgb_shap_list_ir_4_subset_1,xgb_shap_list_ir_4
1039,X2,0.75987303,0.534871,790.26794,xgb_shap_list_ir_4_subset_1,xgb_shap_list_ir_4
1040,X3,0.4778898,0.28794557,497.0054,xgb_shap_list_ir_4_subset_1,xgb_shap_list_ir_4
1041,X4,1.4680368,0.69568706,1526.7583,xgb_shap_list_ir_4_subset_1,xgb_shap_list_ir_4
1042,X5,1.0852214,0.8740228,1128.6302,xgb_shap_list_ir_4_subset_1,xgb_shap_list_ir_4
1043,X6,0.81932896,0.52677566,852.1021,xgb_shap_list_ir_4_subset_1,xgb_shap_list_ir_4
1044,X1,0.8198389,0.44525787,852.63245,xgb_shap_list_ir_2_subset_123,xgb_shap_list_ir_2
1045,X2,0.6556656,0.46426168,681.8922,xgb_shap_list_ir_2_subset_123,xgb_shap_list_ir_2
1046,X3,0.57809997,0.27572995,601.22394,xgb_shap_list_ir_2_subset_123,xgb_shap_list_ir_2
1047,X4,0.7395366,0.32052624,769.11804,xgb_shap_list_ir_2_subset_123,xgb_shap_list_ir_2
1048,X5,1.2263378,0.6929465,1275.3914,xgb_shap_list_ir_2_subset_123,xgb_shap_list_ir_2
1049,X6,1.0146828,0.5072096,1055.27,xgb_shap_list_ir_2_subset_123,xgb_shap_list_ir_2
1050,X1,1.908601,0.79464066,1984.9451,xgb_shap_list_ir_1_subset_43,xgb_shap_list_ir_1
1051,X2,0.5684369,0.53255594,591.1744,xgb_shap_list_ir_1_subset_43,xgb_shap_list_ir_1
1052,X3,0.47246608,0.2194178,491.36472,xgb_shap_list_ir_1_subset_43,xgb_shap_list_ir_1
1053,X4,0.58549625,0.3343176,608.9161,xgb_shap_list_ir_1_subset_43,xgb_shap_list_ir_1
1054,X5,0.6825201,0.27002344,709.8209,xgb_shap_list_ir_1_subset_43,xgb_shap_list_ir_1
1055,X6,1.0861111,0.45552573,1129.5555,xgb_shap_list_ir_1_subset_43,xgb_shap_list_ir_1
1056,X1,0.9033696,0.58171916,939.5044,xgb_shap_list_ir_5_subset_35,xgb_shap_list_ir_5
1057,X2,0.7901885,0.67324966,821.796,xgb_shap_list_ir_5_subset_35,xgb_shap_list_ir_5
1058,X3,0.67614526,0.38953996,703.19104,xgb_shap_list_ir_5_subset_35,xgb_shap_list_ir_5
1059,X4,1.5484864,0.67250484,1610.4258,xgb_shap_list_ir_5_subset_35,xgb_shap_list_ir_5
1060,X5,1.1351877,0.8237737,1180.5952,xgb_shap_list_ir_5_subset_35,xgb_shap_list_ir_5
1061,X6,0.8816734,0.61267805,916.9403,xgb_shap_list_ir_5_subset_35,xgb_shap_list_ir_5
1062,X1,0.7978729,0.46812883,829.78784,xgb_shap_list_ir_2_subset_7,xgb_shap_list_ir_2
1063,X2,0.8291864,0.59501004,862.3538,xgb_shap_list_ir_2_subset_7,xgb_shap_list_ir_2
1064,X3,0.644773,0.34858158,670.5639,xgb_shap_list_ir_2_subset_7,xgb_shap_list_ir_2
1065,X4,0.99288565,0.5027592,1032.6011,xgb_shap_list_ir_2_subset_7,xgb_shap_list_ir_2
1066,X5,1.0870146,0.7012528,1130.4951,xgb_shap_list_ir_2_subset_7,xgb_shap_list_ir_2
1067,X6,0.5658137,0.5060185,588.4463,xgb_shap_list_ir_2_subset_7,xgb_shap_list_ir_2
1068,X1,0.51302207,0.26828906,533.54297,xgb_shap_list_ir_1_subset_50,xgb_shap_list_ir_1
1069,X2,0.7985948,0.5474211,830.5386,xgb_shap_list_ir_1_subset_50,xgb_shap_list_ir_1
1070,X3,1.2973701,0.69637156,1349.2649,xgb_shap_list_ir_1_subset_50,xgb_shap_list_ir_1
1071,X4,0.8533669,0.44199088,887.5016,xgb_shap_list_ir_1_subset_50,xgb_shap_list_ir_1
1072,X5,0.25929523,0.24016415,269.66702,xgb_shap_list_ir_1_subset_50,xgb_shap_list_ir_1
1073,X6,0.7041416,0.37044707,732.3073,xgb_shap_list_ir_1_subset_50,xgb_shap_list_ir_1
1074,X1,0.650094,0.5155962,676.0977,xgb_shap_list_ir_3_subset_92,xgb_shap_list_ir_3
1075,X2,0.6447496,0.5385781,670.53955,xgb_shap_list_ir_3_subset_92,xgb_shap_list_ir_3
1076,X3,0.5196707,0.34384143,540.4576,xgb_shap_list_ir_3_subset_92,xgb_shap_list_ir_3
1077,X4,1.2072581,0.5410494,1255.5485,xgb_shap_list_ir_3_subset_92,xgb_shap_list_ir_3
1078,X5,1.0609635,0.716618,1103.4021,xgb_shap_list_ir_3_subset_92,xgb_shap_list_ir_3
1079,X6,1.000548,0.5170514,1040.57,xgb_shap_list_ir_3_subset_92,xgb_shap_list_ir_3
1080,X1,0.87303597,0.6139059,907.9574,xgb_shap_list_ir_4_subset_10,xgb_shap_list_ir_4
1081,X2,0.6416649,0.725712,667.33154,xgb_shap_list_ir_4_subset_10,xgb_shap_list_ir_4
1082,X3,0.6726344,0.353443,699.5398,xgb_shap_list_ir_4_subset_10,xgb_shap_list_ir_4
1083,X4,1.4993836,0.7258022,1559.3589,xgb_shap_list_ir_4_subset_10,xgb_shap_list_ir_4
1084,X5,0.952826,0.71071905,990.9391,xgb_shap_list_ir_4_subset_10,xgb_shap_list_ir_4
1085,X6,0.7100087,0.44302434,738.40906,xgb_shap_list_ir_4_subset_10,xgb_shap_list_ir_4
1086,X1,1.0711961,0.48847732,1114.044,xgb_shap_list_ir_2_subset_42,xgb_shap_list_ir_2
1087,X2,0.3692013,0.41021976,383.96936,xgb_shap_list_ir_2_subset_42,xgb_shap_list_ir_2
1088,X3,0.42397526,0.29754812,440.93427,xgb_shap_list_ir_2_subset_42,xgb_shap_list_ir_2
1089,X4,2.2709084,0.7272695,2361.7446,xgb_shap_list_ir_2_subset_42,xgb_shap_list_ir_2
1090,X5,1.2475581,0.491894,1297.4604,xgb_shap_list_ir_2_subset_42,xgb_shap_list_ir_2
1091,X6,1.0564167,0.44899148,1098.6735,xgb_shap_list_ir_2_subset_42,xgb_shap_list_ir_2
1092,X1,0.7779684,0.45242766,809.08716,xgb_shap_list_ir_5_subset_32,xgb_shap_list_ir_5
1093,X2,0.66147536,0.63767934,687.9344,xgb_shap_list_ir_5_subset_32,xgb_shap_list_ir_5
1094,X3,0.5684599,0.32506445,591.1983,xgb_shap_list_ir_5_subset_32,xgb_shap_list_ir_5
1095,X4,1.448261,0.7863996,1506.1914,xgb_shap_list_ir_5_subset_32,xgb_shap_list_ir_5
1096,X5,1.3378466,0.8756995,1391.3605,xgb_shap_list_ir_5_subset_32,xgb_shap_list_ir_5
1097,X6,0.8691566,0.5286487,903.92285,xgb_shap_list_ir_5_subset_32,xgb_shap_list_ir_5
1098,X1,0.8030918,0.54294384,835.2155,xgb_shap_list_ir_4_subset_119,xgb_shap_list_ir_4
1099,X2,0.9499038,0.8121318,987.89996,xgb_shap_list_ir_4_subset_119,xgb_shap_list_ir_4
1100,X3,0.24904706,0.15719095,259.00894,xgb_shap_list_ir_4_subset_119,xgb_shap_list_ir_4
1101,X4,1.7773435,0.6991749,1848.4373,xgb_shap_list_ir_4_subset_119,xgb_shap_list_ir_4
1102,X5,1.0874685,0.7880059,1130.9673,xgb_shap_list_ir_4_subset_119,xgb_shap_list_ir_4
1103,X6,0.6474137,0.38721415,673.31024,xgb_shap_list_ir_4_subset_119,xgb_shap_list_ir_4
1104,X1,0.94982713,0.586022,987.8202,xgb_shap_list_ir_3_subset_28,xgb_shap_list_ir_3
1105,X2,0.91328806,0.72548217,949.8196,xgb_shap_list_ir_3_subset_28,xgb_shap_list_ir_3
1106,X3,0.57319677,0.25974503,596.12463,xgb_shap_list_ir_3_subset_28,xgb_shap_list_ir_3
1107,X4,1.3104506,0.6660377,1362.8685,xgb_shap_list_ir_3_subset_28,xgb_shap_list_ir_3
1108,X5,0.91652536,0.6473483,953.1864,xgb_shap_list_ir_3_subset_28,xgb_shap_list_ir_3
1109,X6,0.81774724,0.41076654,850.45715,xgb_shap_list_ir_3_subset_28,xgb_shap_list_ir_3
1110,X1,1.1407474,0.4979447,1186.3773,xgb_shap_list_ir_2_subset_29,xgb_shap_list_ir_2
1111,X2,0.4978167,0.47451234,517.7294,xgb_shap_list_ir_2_subset_29,xgb_shap_list_ir_2
1112,X3,0.6841164,0.3440256,711.4811,xgb_shap_list_ir_2_subset_29,xgb_shap_list_ir_2
1113,X4,1.763699,0.7159126,1834.2471,xgb_shap_list_ir_2_subset_29,xgb_shap_list_ir_2
1114,X5,0.7842532,0.5161472,815.6233,xgb_shap_list_ir_2_subset_29,xgb_shap_list_ir_2
1115,X6,0.76081836,0.34714845,791.2511,xgb_shap_list_ir_2_subset_29,xgb_shap_list_ir_2
1116,X1,0.57699776,0.52272505,600.07764,xgb_shap_list_ir_3_subset_68,xgb_shap_list_ir_3
1117,X2,0.92346036,0.83203334,960.3988,xgb_shap_list_ir_3_subset_68,xgb_shap_list_ir_3
1118,X3,0.93857414,0.32951415,976.1171,xgb_shap_list_ir_3_subset_68,xgb_shap_list_ir_3
1119,X4,1.9876503,0.8768734,2067.1562,xgb_shap_list_ir_3_subset_68,xgb_shap_list_ir_3
1120,X5,1.3080466,0.62324834,1360.3684,xgb_shap_list_ir_3_subset_68,xgb_shap_list_ir_3
1121,X6,1.092289,0.53543067,1135.9805,xgb_shap_list_ir_3_subset_68,xgb_shap_list_ir_3
1122,X1,0.90671676,0.5305001,942.9854,xgb_shap_list_ir_2_subset_132,xgb_shap_list_ir_2
1123,X2,0.668792,0.6500778,695.5437,xgb_shap_list_ir_2_subset_132,xgb_shap_list_ir_2
1124,X3,0.66761476,0.41790015,694.31934,xgb_shap_list_ir_2_subset_132,xgb_shap_list_ir_2
1125,X4,1.1580404,0.53274333,1204.362,xgb_shap_list_ir_2_subset_132,xgb_shap_list_ir_2
1126,X5,1.004553,0.5179403,1044.7351,xgb_shap_list_ir_2_subset_132,xgb_shap_list_ir_2
1127,X6,0.9776587,0.36244687,1016.765,xgb_shap_list_ir_2_subset_132,xgb_shap_list_ir_2
1128,X1,0.7435149,0.5197567,773.2555,xgb_shap_list_ir_5_subset_147,xgb_shap_list_ir_5
1129,X2,0.73547894,0.6408519,764.8981,xgb_shap_list_ir_5_subset_147,xgb_shap_list_ir_5
1130,X3,0.64361316,0.4410904,669.35767,xgb_shap_list_ir_5_subset_147,xgb_shap_list_ir_5
1131,X4,1.4090766,0.6789221,1465.4396,xgb_shap_list_ir_5_subset_147,xgb_shap_list_ir_5
1132,X5,1.2079546,1.0281811,1256.2728,xgb_shap_list_ir_5_subset_147,xgb_shap_list_ir_5
1133,X6,0.8489606,0.48856696,882.919,xgb_shap_list_ir_5_subset_147,xgb_shap_list_ir_5
1134,X1,0.61499274,0.48944402,639.59247,xgb_shap_list_ir_3_subset_118,xgb_shap_list_ir_3
1135,X2,0.6306363,0.57862204,655.86176,xgb_shap_list_ir_3_subset_118,xgb_shap_list_ir_3
1136,X3,0.8167776,0.64620703,849.44867,xgb_shap_list_ir_3_subset_118,xgb_shap_list_ir_3
1137,X4,1.2738713,0.6253792,1324.8262,xgb_shap_list_ir_3_subset_118,xgb_shap_list_ir_3
1138,X5,1.2092738,0.75068945,1257.6448,xgb_shap_list_ir_3_subset_118,xgb_shap_list_ir_3
1139,X6,0.90965414,0.4971603,946.0403,xgb_shap_list_ir_3_subset_118,xgb_shap_list_ir_3
1140,X1,0.8680588,0.56785226,902.7811,xgb_shap_list_ir_4_subset_90,xgb_shap_list_ir_4
1141,X2,0.7085218,0.62732923,736.8627,xgb_shap_list_ir_4_subset_90,xgb_shap_list_ir_4
1142,X3,0.6133722,0.461707,637.9071,xgb_shap_list_ir_4_subset_90,xgb_shap_list_ir_4
1143,X4,1.4773436,0.6571766,1536.4373,xgb_shap_list_ir_4_subset_90,xgb_shap_list_ir_4
1144,X5,0.8146018,0.751665,847.18585,xgb_shap_list_ir_4_subset_90,xgb_shap_list_ir_4
1145,X6,0.8833129,0.5007911,918.6454,xgb_shap_list_ir_4_subset_90,xgb_shap_list_ir_4
1146,X1,0.92240787,0.6158062,959.3042,xgb_shap_list_ir_5_subset_138,xgb_shap_list_ir_5
1147,X2,0.68298256,0.5954082,710.3019,xgb_shap_list_ir_5_subset_138,xgb_shap_list_ir_5
1148,X3,0.8025716,0.46016535,834.67444,xgb_shap_list_ir_5_subset_138,xgb_shap_list_ir_5
1149,X4,1.8831075,0.69339657,1958.4319,xgb_shap_list_ir_5_subset_138,xgb_shap_list_ir_5
1150,X5,1.2082311,0.72439694,1256.5603,xgb_shap_list_ir_5_subset_138,xgb_shap_list_ir_5
1151,X6,0.71530575,0.45081592,743.91797,xgb_shap_list_ir_5_subset_138,xgb_shap_list_ir_5
1152,X1,1.0195487,0.6678402,1060.3306,xgb_shap_list_ir_3_subset_55,xgb_shap_list_ir_3
1153,X2,0.5927515,0.51833653,616.46155,xgb_shap_list_ir_3_subset_55,xgb_shap_list_ir_3
1154,X3,0.46865034,0.23664872,487.39636,xgb_shap_list_ir_3_subset_55,xgb_shap_list_ir_3
1155,X4,1.4527491,0.6045873,1510.8591,xgb_shap_list_ir_3_subset_55,xgb_shap_list_ir_3
1156,X5,1.1028537,0.7568119,1146.9678,xgb_shap_list_ir_3_subset_55,xgb_shap_list_ir_3
1157,X6,0.66293526,0.5116924,689.45264,xgb_shap_list_ir_3_subset_55,xgb_shap_list_ir_3
1158,X1,0.88394064,0.42959094,919.2983,xgb_shap_list_ir_1_subset_28,xgb_shap_list_ir_1
1159,X2,0.51866806,0.3642418,539.4148,xgb_shap_list_ir_1_subset_28,xgb_shap_list_ir_1
1160,X3,0.8157386,0.44610777,848.36816,xgb_shap_list_ir_1_subset_28,xgb_shap_list_ir_1
1161,X4,1.5865823,0.49066994,1650.0457,xgb_shap_list_ir_1_subset_28,xgb_shap_list_ir_1
1162,X5,1.0965074,0.3518776,1140.3677,xgb_shap_list_ir_1_subset_28,xgb_shap_list_ir_1
1163,X6,0.6373972,0.3790384,662.8931,xgb_shap_list_ir_1_subset_28,xgb_shap_list_ir_1
1164,X1,0.9380593,0.5473517,975.58167,xgb_shap_list_ir_5_subset_136,xgb_shap_list_ir_5
1165,X2,0.80544245,0.55208814,837.66016,xgb_shap_list_ir_5_subset_136,xgb_shap_list_ir_5
1166,X3,0.5421989,0.39667857,563.88684,xgb_shap_list_ir_5_subset_136,xgb_shap_list_ir_5
1167,X4,1.5958729,0.7048221,1659.7078,xgb_shap_list_ir_5_subset_136,xgb_shap_list_ir_5
1168,X5,1.1633462,0.8057668,1209.88,xgb_shap_list_ir_5_subset_136,xgb_shap_list_ir_5
1169,X6,0.9167746,0.55439925,953.44556,xgb_shap_list_ir_5_subset_136,xgb_shap_list_ir_5
1170,X1,0.81758296,0.58274674,850.28625,xgb_shap_list_ir_5_subset_8,xgb_shap_list_ir_5
1171,X2,0.6683018,0.6813287,695.0339,xgb_shap_list_ir_5_subset_8,xgb_shap_list_ir_5
1172,X3,0.72451,0.45681906,753.4904,xgb_shap_list_ir_5_subset_8,xgb_shap_list_ir_5
1173,X4,1.402522,0.7236385,1458.6228,xgb_shap_list_ir_5_subset_8,xgb_shap_list_ir_5
1174,X5,1.2832046,0.793919,1334.5327,xgb_shap_list_ir_5_subset_8,xgb_shap_list_ir_5
1175,X6,0.9690472,0.5231079,1007.8091,xgb_shap_list_ir_5_subset_8,xgb_shap_list_ir_5
1176,X1,0.70654464,0.69631314,734.8064,xgb_shap_list_ir_4_subset_44,xgb_shap_list_ir_4
1177,X2,0.57288325,0.6057756,595.7986,xgb_shap_list_ir_4_subset_44,xgb_shap_list_ir_4
1178,X3,0.6104198,0.38472912,634.8366,xgb_shap_list_ir_4_subset_44,xgb_shap_list_ir_4
1179,X4,1.2730248,0.6853838,1323.9458,xgb_shap_list_ir_4_subset_44,xgb_shap_list_ir_4
1180,X5,1.5331452,0.9703179,1594.471,xgb_shap_list_ir_4_subset_44,xgb_shap_list_ir_4
1181,X6,0.97561467,0.56890285,1014.6393,xgb_shap_list_ir_4_subset_44,xgb_shap_list_ir_4
1182,X1,0.6283028,0.46356127,653.43494,xgb_shap_list_ir_1_subset_88,xgb_shap_list_ir_1
1183,X2,0.3414707,0.20821342,355.12952,xgb_shap_list_ir_1_subset_88,xgb_shap_list_ir_1
1184,X3,0.8649297,0.40779355,899.52686,xgb_shap_list_ir_1_subset_88,xgb_shap_list_ir_1
1185,X4,1.044089,0.59506136,1085.8525,xgb_shap_list_ir_1_subset_88,xgb_shap_list_ir_1
1186,X5,0.90548164,0.45456523,941.7009,xgb_shap_list_ir_1_subset_88,xgb_shap_list_ir_1
1187,X6,0.78826374,0.32264233,819.7943,xgb_shap_list_ir_1_subset_88,xgb_shap_list_ir_1
1188,X1,1.0369672,0.59510094,1078.4458,xgb_shap_list_ir_3_subset_96,xgb_shap_list_ir_3
1189,X2,0.6560459,0.5886333,682.2877,xgb_shap_list_ir_3_subset_96,xgb_shap_list_ir_3
1190,X3,0.54628986,0.33988762,568.1415,xgb_shap_list_ir_3_subset_96,xgb_shap_list_ir_3
1191,X4,1.253334,0.5396306,1303.4674,xgb_shap_list_ir_3_subset_96,xgb_shap_list_ir_3
1192,X5,1.1340858,0.84409165,1179.4492,xgb_shap_list_ir_3_subset_96,xgb_shap_list_ir_3
1193,X6,0.9135802,0.4985375,950.1234,xgb_shap_list_ir_3_subset_96,xgb_shap_list_ir_3
1194,X1,0.816324,0.56197214,848.9769,xgb_shap_list_ir_3_subset_40,xgb_shap_list_ir_3
1195,X2,0.85682523,0.521339,891.09827,xgb_shap_list_ir_3_subset_40,xgb_shap_list_ir_3
1196,X3,0.50146955,0.27996257,521.5283,xgb_shap_list_ir_3_subset_40,xgb_shap_list_ir_3
1197,X4,1.617901,0.66361886,1682.6171,xgb_shap_list_ir_3_subset_40,xgb_shap_list_ir_3
1198,X5,1.0147128,0.6500445,1055.3013,xgb_shap_list_ir_3_subset_40,xgb_shap_list_ir_3
1199,X6,0.61546,0.4330725,640.07837,xgb_shap_list_ir_3_subset_40,xgb_shap_list_ir_3
1200,X1,0.8221754,0.5702777,855.0624,xgb_shap_list_ir_5_subset_42,xgb_shap_list_ir_5
1201,X2,0.73410195,0.70678306,763.466,xgb_shap_list_ir_5_subset_42,xgb_shap_list_ir_5
1202,X3,0.5969306,0.4537825,620.80786,xgb_shap_list_ir_5_subset_42,xgb_shap_list_ir_5
1203,X4,1.4525757,0.7467024,1510.6787,xgb_shap_list_ir_5_subset_42,xgb_shap_list_ir_5
1204,X5,1.3453408,1.0062617,1399.1545,xgb_shap_list_ir_5_subset_42,xgb_shap_list_ir_5
1205,X6,0.7270842,0.53100646,756.1676,xgb_shap_list_ir_5_subset_42,xgb_shap_list_ir_5
1206,X1,0.99190277,0.5400019,1031.5789,xgb_shap_list_ir_5_subset_1,xgb_shap_list_ir_5
1207,X2,0.7947471,0.62681305,826.537,xgb_shap_list_ir_5_subset_1,xgb_shap_list_ir_5
1208,X3,0.6419519,0.39363766,667.63,xgb_shap_list_ir_5_subset_1,xgb_shap_list_ir_5
1209,X4,1.4826728,0.6976941,1541.9797,xgb_shap_list_ir_5_subset_1,xgb_shap_list_ir_5
1210,X5,1.0051711,0.79978627,1045.3779,xgb_shap_list_ir_5_subset_1,xgb_shap_list_ir_5
1211,X6,0.93819076,0.4779812,975.7184,xgb_shap_list_ir_5_subset_1,xgb_shap_list_ir_5
1212,X1,1.3246162,0.5423867,1377.6008,xgb_shap_list_ir_1_subset_141,xgb_shap_list_ir_1
1213,X2,0.43671316,0.31629986,454.18167,xgb_shap_list_ir_1_subset_141,xgb_shap_list_ir_1
1214,X3,0.32857215,0.26060066,341.71503,xgb_shap_list_ir_1_subset_141,xgb_shap_list_ir_1
1215,X4,1.4951665,0.48331332,1554.9731,xgb_shap_list_ir_1_subset_141,xgb_shap_list_ir_1
1216,X5,1.3165361,0.45667627,1369.1975,xgb_shap_list_ir_1_subset_141,xgb_shap_list_ir_1
1217,X6,1.2716687,0.41604164,1322.5354,xgb_shap_list_ir_1_subset_141,xgb_shap_list_ir_1
1218,X1,0.32842547,0.34389096,341.5625,xgb_shap_list_ir_2_subset_92,xgb_shap_list_ir_2
1219,X2,0.67662305,0.5417493,703.688,xgb_shap_list_ir_2_subset_92,xgb_shap_list_ir_2
1220,X3,0.9721065,0.50547093,1010.9908,xgb_shap_list_ir_2_subset_92,xgb_shap_list_ir_2
1221,X4,1.7158065,0.630149,1784.4387,xgb_shap_list_ir_2_subset_92,xgb_shap_list_ir_2
1222,X5,0.85011816,0.5734946,884.12286,xgb_shap_list_ir_2_subset_92,xgb_shap_list_ir_2
1223,X6,0.6099275,0.31752002,634.3246,xgb_shap_list_ir_2_subset_92,xgb_shap_list_ir_2
1224,X1,0.7805196,0.52366185,811.7404,xgb_shap_list_ir_2_subset_128,xgb_shap_list_ir_2
1225,X2,0.5502454,0.56024015,572.25525,xgb_shap_list_ir_2_subset_128,xgb_shap_list_ir_2
1226,X3,0.64433676,0.30292362,670.1102,xgb_shap_list_ir_2_subset_128,xgb_shap_list_ir_2
1227,X4,1.1664473,0.62320757,1213.1052,xgb_shap_list_ir_2_subset_128,xgb_shap_list_ir_2
1228,X5,0.74334896,0.55256444,773.0829,xgb_shap_list_ir_2_subset_128,xgb_shap_list_ir_2
1229,X6,0.54005915,0.4778167,561.6615,xgb_shap_list_ir_2_subset_128,xgb_shap_list_ir_2
1230,X1,0.7498722,0.5108741,779.86707,xgb_shap_list_ir_4_subset_35,xgb_shap_list_ir_4
1231,X2,0.5971354,0.5845019,621.0208,xgb_shap_list_ir_4_subset_35,xgb_shap_list_ir_4
1232,X3,0.6560392,0.41405845,682.28076,xgb_shap_list_ir_4_subset_35,xgb_shap_list_ir_4
1233,X4,1.4678777,0.6681177,1526.5929,xgb_shap_list_ir_4_subset_35,xgb_shap_list_ir_4
1234,X5,1.1152519,0.8124993,1159.8619,xgb_shap_list_ir_4_subset_35,xgb_shap_list_ir_4
1235,X6,0.80693805,0.56006587,839.2156,xgb_shap_list_ir_4_subset_35,xgb_shap_list_ir_4
1236,X1,0.7317828,0.49650243,761.0541,xgb_shap_list_ir_4_subset_136,xgb_shap_list_ir_4
1237,X2,0.52408034,0.48900196,545.0436,xgb_shap_list_ir_4_subset_136,xgb_shap_list_ir_4
1238,X3,0.6641646,0.39127558,690.7312,xgb_shap_list_ir_4_subset_136,xgb_shap_list_ir_4
1239,X4,1.1937939,0.64941186,1241.5457,xgb_shap_list_ir_4_subset_136,xgb_shap_list_ir_4
1240,X5,1.2350941,0.85148346,1284.4978,xgb_shap_list_ir_4_subset_136,xgb_shap_list_ir_4
1241,X6,0.76912856,0.485914,799.8937,xgb_shap_list_ir_4_subset_136,xgb_shap_list_ir_4
1242,X1,0.69774276,0.65022373,725.65247,xgb_shap_list_ir_5_subset_26,xgb_shap_list_ir_5
1243,X2,0.72412777,0.519085,753.0929,xgb_shap_list_ir_5_subset_26,xgb_shap_list_ir_5
1244,X3,0.5267552,0.31906027,547.82544,xgb_shap_list_ir_5_subset_26,xgb_shap_list_ir_5
1245,X4,1.6852701,0.78479743,1752.6809,xgb_shap_list_ir_5_subset_26,xgb_shap_list_ir_5
1246,X5,1.1496102,0.80094,1195.5946,xgb_shap_list_ir_5_subset_26,xgb_shap_list_ir_5
1247,X6,0.9457189,0.646834,983.54767,xgb_shap_list_ir_5_subset_26,xgb_shap_list_ir_5
1248,X1,0.5188623,0.40177125,539.6168,xgb_shap_list_ir_2_subset_108,xgb_shap_list_ir_2
1249,X2,0.8941805,0.9531135,929.9477,xgb_shap_list_ir_2_subset_108,xgb_shap_list_ir_2
1250,X3,0.89289,0.35622275,928.6056,xgb_shap_list_ir_2_subset_108,xgb_shap_list_ir_2
1251,X4,1.5243263,0.6343879,1585.2993,xgb_shap_list_ir_2_subset_108,xgb_shap_list_ir_2
1252,X5,0.76057863,0.4789443,791.0018,xgb_shap_list_ir_2_subset_108,xgb_shap_list_ir_2
1253,X6,0.70565397,0.37608063,733.8801,xgb_shap_list_ir_2_subset_108,xgb_shap_list_ir_2
1254,X1,0.6812657,0.34698108,708.51636,xgb_shap_list_ir_1_subset_74,xgb_shap_list_ir_1
1255,X2,0.6592095,0.39953643,685.5779,xgb_shap_list_ir_1_subset_74,xgb_shap_list_ir_1
1256,X3,0.5092462,0.25159943,529.616,xgb_shap_list_ir_1_subset_74,xgb_shap_list_ir_1
1257,X4,0.5508511,0.38485357,572.88513,xgb_shap_list_ir_1_subset_74,xgb_shap_list_ir_1
1258,X5,0.75062346,0.4697114,780.6484,xgb_shap_list_ir_1_subset_74,xgb_shap_list_ir_1
1259,X6,0.51553655,0.4719515,536.158,xgb_shap_list_ir_1_subset_74,xgb_shap_list_ir_1
1260,X1,0.3761342,0.33801255,391.17957,xgb_shap_list_ir_2_subset_76,xgb_shap_list_ir_2
1261,X2,0.72346944,0.56694263,752.4082,xgb_shap_list_ir_2_subset_76,xgb_shap_list_ir_2
1262,X3,0.6668942,0.33876875,693.56995,xgb_shap_list_ir_2_subset_76,xgb_shap_list_ir_2
1263,X4,1.9298868,0.84170824,2007.0823,xgb_shap_list_ir_2_subset_76,xgb_shap_list_ir_2
1264,X5,0.75695163,0.37903702,787.2297,xgb_shap_list_ir_2_subset_76,xgb_shap_list_ir_2
1265,X6,1.1487844,0.5886034,1194.7357,xgb_shap_list_ir_2_subset_76,xgb_shap_list_ir_2
1266,X1,0.8901646,0.6252594,925.7712,xgb_shap_list_ir_3_subset_63,xgb_shap_list_ir_3
1267,X2,0.61892503,0.52924544,643.682,xgb_shap_list_ir_3_subset_63,xgb_shap_list_ir_3
1268,X3,0.5458874,0.26630977,567.7229,xgb_shap_list_ir_3_subset_63,xgb_shap_list_ir_3
1269,X4,1.3958389,0.7025048,1451.6724,xgb_shap_list_ir_3_subset_63,xgb_shap_list_ir_3
1270,X5,1.0676792,0.71435684,1110.3864,xgb_shap_list_ir_3_subset_63,xgb_shap_list_ir_3
1271,X6,0.96667105,0.4435572,1005.3379,xgb_shap_list_ir_3_subset_63,xgb_shap_list_ir_3
1272,X1,0.7764234,0.71295905,807.48035,xgb_shap_list_ir_3_subset_32,xgb_shap_list_ir_3
1273,X2,0.5987419,0.54089606,622.6916,xgb_shap_list_ir_3_subset_32,xgb_shap_list_ir_3
1274,X3,0.49866134,0.3721451,518.6078,xgb_shap_list_ir_3_subset_32,xgb_shap_list_ir_3
1275,X4,1.6828392,0.6604967,1750.1527,xgb_shap_list_ir_3_subset_32,xgb_shap_list_ir_3
1276,X5,1.046183,0.7337507,1088.0303,xgb_shap_list_ir_3_subset_32,xgb_shap_list_ir_3
1277,X6,1.0332829,0.5501346,1074.6141,xgb_shap_list_ir_3_subset_32,xgb_shap_list_ir_3
1278,X1,0.79715115,0.39434355,829.0372,xgb_shap_list_ir_1_subset_79,xgb_shap_list_ir_1
1279,X2,0.54029495,0.527796,561.90674,xgb_shap_list_ir_1_subset_79,xgb_shap_list_ir_1
1280,X3,1.3441048,0.45849267,1397.869,xgb_shap_list_ir_1_subset_79,xgb_shap_list_ir_1
1281,X4,1.0538565,0.43588537,1096.0107,xgb_shap_list_ir_1_subset_79,xgb_shap_list_ir_1
1282,X5,0.6092598,0.26331562,633.6302,xgb_shap_list_ir_1_subset_79,xgb_shap_list_ir_1
1283,X6,0.61079687,0.29603404,635.22876,xgb_shap_list_ir_1_subset_79,xgb_shap_list_ir_1
1284,X1,0.7984585,0.5878711,830.39685,xgb_shap_list_ir_5_subset_113,xgb_shap_list_ir_5
1285,X2,0.8154654,0.68982536,848.084,xgb_shap_list_ir_5_subset_113,xgb_shap_list_ir_5
1286,X3,0.6040646,0.3188269,628.2272,xgb_shap_list_ir_5_subset_113,xgb_shap_list_ir_5
1287,X4,1.1647383,0.6144492,1211.3279,xgb_shap_list_ir_5_subset_113,xgb_shap_list_ir_5
1288,X5,1.5710202,1.1344324,1633.8611,xgb_shap_list_ir_5_subset_113,xgb_shap_list_ir_5
1289,X6,0.94729495,0.5808931,985.18677,xgb_shap_list_ir_5_subset_113,xgb_shap_list_ir_5
1290,X1,1.0029382,0.6427458,1043.0557,xgb_shap_list_ir_3_subset_39,xgb_shap_list_ir_3
1291,X2,0.53444874,0.4463494,555.8267,xgb_shap_list_ir_3_subset_39,xgb_shap_list_ir_3
1292,X3,0.4463989,0.23638599,464.25488,xgb_shap_list_ir_3_subset_39,xgb_shap_list_ir_3
1293,X4,1.134778,0.55132216,1180.1692,xgb_shap_list_ir_3_subset_39,xgb_shap_list_ir_3
1294,X5,1.4837985,0.823146,1543.1504,xgb_shap_list_ir_3_subset_39,xgb_shap_list_ir_3
1295,X6,0.9228079,0.5456394,959.7202,xgb_shap_list_ir_3_subset_39,xgb_shap_list_ir_3
1296,X1,0.6486901,0.49679655,674.6377,xgb_shap_list_ir_5_subset_127,xgb_shap_list_ir_5
1297,X2,0.58222306,0.47625864,605.51196,xgb_shap_list_ir_5_subset_127,xgb_shap_list_ir_5
1298,X3,0.89020044,0.4442641,925.8085,xgb_shap_list_ir_5_subset_127,xgb_shap_list_ir_5
1299,X4,1.186325,0.66204524,1233.778,xgb_shap_list_ir_5_subset_127,xgb_shap_list_ir_5
1300,X5,1.4312063,0.88607633,1488.4546,xgb_shap_list_ir_5_subset_127,xgb_shap_list_ir_5
1301,X6,0.844004,0.5047682,877.76416,xgb_shap_list_ir_5_subset_127,xgb_shap_list_ir_5
1302,X1,0.84740555,0.59075934,881.30176,xgb_shap_list_ir_4_subset_104,xgb_shap_list_ir_4
1303,X2,0.59853923,0.623244,622.4808,xgb_shap_list_ir_4_subset_104,xgb_shap_list_ir_4
1304,X3,0.54916507,0.30820522,571.13165,xgb_shap_list_ir_4_subset_104,xgb_shap_list_ir_4
1305,X4,1.7806705,0.76446056,1851.8973,xgb_shap_list_ir_4_subset_104,xgb_shap_list_ir_4
1306,X5,1.1336312,0.677747,1178.9764,xgb_shap_list_ir_4_subset_104,xgb_shap_list_ir_4
1307,X6,0.9848771,0.4509246,1024.2722,xgb_shap_list_ir_4_subset_104,xgb_shap_list_ir_4
1308,X1,0.5327634,0.31845438,554.074,xgb_shap_list_ir_2_subset_110,xgb_shap_list_ir_2
1309,X2,0.9917768,0.48126498,1031.4479,xgb_shap_list_ir_2_subset_110,xgb_shap_list_ir_2
1310,X3,0.53851247,0.27402407,560.053,xgb_shap_list_ir_2_subset_110,xgb_shap_list_ir_2
1311,X4,1.4125841,0.7744699,1469.0874,xgb_shap_list_ir_2_subset_110,xgb_shap_list_ir_2
1312,X5,0.87941283,0.56542695,914.58936,xgb_shap_list_ir_2_subset_110,xgb_shap_list_ir_2
1313,X6,1.3249539,0.46260196,1377.952,xgb_shap_list_ir_2_subset_110,xgb_shap_list_ir_2
1314,X1,0.83450294,0.53596145,867.88306,xgb_shap_list_ir_2_subset_10,xgb_shap_list_ir_2
1315,X2,0.7880089,0.46400008,819.5293,xgb_shap_list_ir_2_subset_10,xgb_shap_list_ir_2
1316,X3,0.84425235,0.35353053,878.02246,xgb_shap_list_ir_2_subset_10,xgb_shap_list_ir_2
1317,X4,0.9978991,0.45647618,1037.8151,xgb_shap_list_ir_2_subset_10,xgb_shap_list_ir_2
1318,X5,1.1238447,0.5632855,1168.7986,xgb_shap_list_ir_2_subset_10,xgb_shap_list_ir_2
1319,X6,0.53984576,0.39612603,561.4396,xgb_shap_list_ir_2_subset_10,xgb_shap_list_ir_2
1320,X1,0.67356694,0.5334179,700.50964,xgb_shap_list_ir_5_subset_13,xgb_shap_list_ir_5
1321,X2,0.716704,0.679564,745.3722,xgb_shap_list_ir_5_subset_13,xgb_shap_list_ir_5
1322,X3,0.7163148,0.43334863,744.9674,xgb_shap_list_ir_5_subset_13,xgb_shap_list_ir_5
1323,X4,1.3761308,0.67944163,1431.176,xgb_shap_list_ir_5_subset_13,xgb_shap_list_ir_5
1324,X5,1.3754146,0.9835172,1430.4312,xgb_shap_list_ir_5_subset_13,xgb_shap_list_ir_5
1325,X6,1.0087152,0.62339675,1049.0637,xgb_shap_list_ir_5_subset_13,xgb_shap_list_ir_5
1326,X1,0.8085433,0.5973162,840.8851,xgb_shap_list_ir_5_subset_6,xgb_shap_list_ir_5
1327,X2,0.56970733,0.5976132,592.4956,xgb_shap_list_ir_5_subset_6,xgb_shap_list_ir_5
1328,X3,0.5273653,0.38448465,548.45996,xgb_shap_list_ir_5_subset_6,xgb_shap_list_ir_5
1329,X4,1.4421709,0.73872036,1499.8577,xgb_shap_list_ir_5_subset_6,xgb_shap_list_ir_5
1330,X5,1.2737797,0.85117507,1324.731,xgb_shap_list_ir_5_subset_6,xgb_shap_list_ir_5
1331,X6,0.7579971,0.5054626,788.31696,xgb_shap_list_ir_5_subset_6,xgb_shap_list_ir_5
1332,X1,0.8985028,0.6200313,934.44293,xgb_shap_list_ir_3_subset_82,xgb_shap_list_ir_3
1333,X2,0.7303913,0.588787,759.607,xgb_shap_list_ir_3_subset_82,xgb_shap_list_ir_3
1334,X3,0.61723715,0.30589145,641.92664,xgb_shap_list_ir_3_subset_82,xgb_shap_list_ir_3
1335,X4,1.446952,0.59266675,1504.8301,xgb_shap_list_ir_3_subset_82,xgb_shap_list_ir_3
1336,X5,1.0969536,0.67853874,1140.8318,xgb_shap_list_ir_3_subset_82,xgb_shap_list_ir_3
1337,X6,0.99852,0.47650978,1038.4608,xgb_shap_list_ir_3_subset_82,xgb_shap_list_ir_3
1338,X1,0.86023563,0.446793,894.6451,xgb_shap_list_ir_2_subset_28,xgb_shap_list_ir_2
1339,X2,0.76433885,0.5962897,794.9124,xgb_shap_list_ir_2_subset_28,xgb_shap_list_ir_2
1340,X3,0.6523448,0.32821113,678.4386,xgb_shap_list_ir_2_subset_28,xgb_shap_list_ir_2
1341,X4,1.156066,0.46089265,1202.3086,xgb_shap_list_ir_2_subset_28,xgb_shap_list_ir_2
1342,X5,0.7094643,0.47729367,737.8429,xgb_shap_list_ir_2_subset_28,xgb_shap_list_ir_2
1343,X6,0.92994875,0.42519167,967.14667,xgb_shap_list_ir_2_subset_28,xgb_shap_list_ir_2
1344,X1,1.0191406,0.7067157,1059.9062,xgb_shap_list_ir_5_subset_102,xgb_shap_list_ir_5
1345,X2,0.87339264,0.89386106,908.32837,xgb_shap_list_ir_5_subset_102,xgb_shap_list_ir_5
1346,X3,0.65174985,0.40997702,677.8198,xgb_shap_list_ir_5_subset_102,xgb_shap_list_ir_5
1347,X4,1.3869174,0.6691643,1442.394,xgb_shap_list_ir_5_subset_102,xgb_shap_list_ir_5
1348,X5,1.3363006,0.9205834,1389.7527,xgb_shap_list_ir_5_subset_102,xgb_shap_list_ir_5
1349,X6,0.71221936,0.48699892,740.7081,xgb_shap_list_ir_5_subset_102,xgb_shap_list_ir_5
1350,X1,1.514127,0.6547046,1574.6921,xgb_shap_list_ir_1_subset_142,xgb_shap_list_ir_1
1351,X2,0.6204388,0.49226844,645.25635,xgb_shap_list_ir_1_subset_142,xgb_shap_list_ir_1
1352,X3,0.43262452,0.24216911,449.9295,xgb_shap_list_ir_1_subset_142,xgb_shap_list_ir_1
1353,X4,1.2069993,0.4556769,1255.2793,xgb_shap_list_ir_1_subset_142,xgb_shap_list_ir_1
1354,X5,0.85774076,0.34212193,892.0504,xgb_shap_list_ir_1_subset_142,xgb_shap_list_ir_1
1355,X6,0.79087126,0.26320487,822.5061,xgb_shap_list_ir_1_subset_142,xgb_shap_list_ir_1
1356,X1,0.7481293,0.53681326,778.0545,xgb_shap_list_ir_4_subset_69,xgb_shap_list_ir_4
1357,X2,0.6740042,0.6744887,700.96436,xgb_shap_list_ir_4_subset_69,xgb_shap_list_ir_4
1358,X3,0.5292401,0.30600873,550.40967,xgb_shap_list_ir_4_subset_69,xgb_shap_list_ir_4
1359,X4,1.89213,0.8582857,1967.8152,xgb_shap_list_ir_4_subset_69,xgb_shap_list_ir_4
1360,X5,1.0012914,0.6211912,1041.343,xgb_shap_list_ir_4_subset_69,xgb_shap_list_ir_4
1361,X6,0.765338,0.5274568,795.95154,xgb_shap_list_ir_4_subset_69,xgb_shap_list_ir_4
1362,X1,1.0572528,0.41238138,1099.5428,xgb_shap_list_ir_2_subset_61,xgb_shap_list_ir_2
1363,X2,0.7291573,0.40373966,758.3236,xgb_shap_list_ir_2_subset_61,xgb_shap_list_ir_2
1364,X3,0.30536973,0.30450517,317.58453,xgb_shap_list_ir_2_subset_61,xgb_shap_list_ir_2
1365,X4,2.0800073,0.8294621,2163.2075,xgb_shap_list_ir_2_subset_61,xgb_shap_list_ir_2
1366,X5,0.577253,0.32756716,600.3431,xgb_shap_list_ir_2_subset_61,xgb_shap_list_ir_2
1367,X6,0.8180364,0.42356652,850.7578,xgb_shap_list_ir_2_subset_61,xgb_shap_list_ir_2
1368,X1,0.7767662,0.57006603,807.83685,xgb_shap_list_ir_4_subset_51,xgb_shap_list_ir_4
1369,X2,0.6541579,0.5792793,680.3242,xgb_shap_list_ir_4_subset_51,xgb_shap_list_ir_4
1370,X3,0.5836857,0.38416123,607.03314,xgb_shap_list_ir_4_subset_51,xgb_shap_list_ir_4
1371,X4,1.6339277,0.7410271,1699.2848,xgb_shap_list_ir_4_subset_51,xgb_shap_list_ir_4
1372,X5,1.0511384,0.7374703,1093.184,xgb_shap_list_ir_4_subset_51,xgb_shap_list_ir_4
1373,X6,0.8533927,0.56498027,887.52844,xgb_shap_list_ir_4_subset_51,xgb_shap_list_ir_4
1374,X1,0.4105264,0.15555608,426.94745,xgb_shap_list_ir_1_subset_12,xgb_shap_list_ir_1
1375,X2,0.67895836,0.32815263,706.1167,xgb_shap_list_ir_1_subset_12,xgb_shap_list_ir_1
1376,X3,0.8211401,0.40083855,853.9857,xgb_shap_list_ir_1_subset_12,xgb_shap_list_ir_1
1377,X4,1.1323845,0.44223237,1177.6799,xgb_shap_list_ir_1_subset_12,xgb_shap_list_ir_1
1378,X5,0.82812256,0.48205736,861.24744,xgb_shap_list_ir_1_subset_12,xgb_shap_list_ir_1
1379,X6,0.8267088,0.40468076,859.77716,xgb_shap_list_ir_1_subset_12,xgb_shap_list_ir_1
1380,X1,0.9799992,0.58442897,1019.19916,xgb_shap_list_ir_3_subset_93,xgb_shap_list_ir_3
1381,X2,0.6412258,0.67097604,666.8749,xgb_shap_list_ir_3_subset_93,xgb_shap_list_ir_3
1382,X3,0.65734404,0.3127734,683.6378,xgb_shap_list_ir_3_subset_93,xgb_shap_list_ir_3
1383,X4,1.1153022,0.6787626,1159.9143,xgb_shap_list_ir_3_subset_93,xgb_shap_list_ir_3
1384,X5,0.97560287,0.7163562,1014.62695,xgb_shap_list_ir_3_subset_93,xgb_shap_list_ir_3
1385,X6,0.80937034,0.49369368,841.7452,xgb_shap_list_ir_3_subset_93,xgb_shap_list_ir_3
1386,X1,1.1447514,0.6795793,1190.5415,xgb_shap_list_ir_3_subset_146,xgb_shap_list_ir_3
1387,X2,0.71253216,0.66553825,741.03345,xgb_shap_list_ir_3_subset_146,xgb_shap_list_ir_3
1388,X3,0.5269103,0.2544638,547.9867,xgb_shap_list_ir_3_subset_146,xgb_shap_list_ir_3
1389,X4,1.2213402,0.5819782,1270.1937,xgb_shap_list_ir_3_subset_146,xgb_shap_list_ir_3
1390,X5,0.96568555,0.6067647,1004.313,xgb_shap_list_ir_3_subset_146,xgb_shap_list_ir_3
1391,X6,0.8476996,0.4461288,881.60754,xgb_shap_list_ir_3_subset_146,xgb_shap_list_ir_3
1392,X1,1.1743443,0.53333604,1221.3181,xgb_shap_list_ir_2_subset_45,xgb_shap_list_ir_2
1393,X2,0.51983035,0.58289,540.62354,xgb_shap_list_ir_2_subset_45,xgb_shap_list_ir_2
1394,X3,1.3446146,0.6381234,1398.3992,xgb_shap_list_ir_2_subset_45,xgb_shap_list_ir_2
1395,X4,0.89957154,0.44021824,935.5544,xgb_shap_list_ir_2_subset_45,xgb_shap_list_ir_2
1396,X5,0.7415045,0.4867503,771.1647,xgb_shap_list_ir_2_subset_45,xgb_shap_list_ir_2
1397,X6,0.71710217,0.4050274,745.78625,xgb_shap_list_ir_2_subset_45,xgb_shap_list_ir_2
1398,X1,0.65208215,0.620185,678.1654,xgb_shap_list_ir_3_subset_71,xgb_shap_list_ir_3
1399,X2,0.70848906,0.84260005,736.8286,xgb_shap_list_ir_3_subset_71,xgb_shap_list_ir_3
1400,X3,0.31211153,0.24944566,324.59598,xgb_shap_list_ir_3_subset_71,xgb_shap_list_ir_3
1401,X4,1.4584558,0.61855716,1516.7941,xgb_shap_list_ir_3_subset_71,xgb_shap_list_ir_3
1402,X5,1.1543497,0.7815033,1200.5237,xgb_shap_list_ir_3_subset_71,xgb_shap_list_ir_3
1403,X6,0.7190114,0.4469785,747.7719,xgb_shap_list_ir_3_subset_71,xgb_shap_list_ir_3
1404,X1,0.7247311,0.33462098,753.72034,xgb_shap_list_ir_1_subset_23,xgb_shap_list_ir_1
1405,X2,0.22197418,0.09541358,230.85315,xgb_shap_list_ir_1_subset_23,xgb_shap_list_ir_1
1406,X3,0.14006339,0.07292426,145.66592,xgb_shap_list_ir_1_subset_23,xgb_shap_list_ir_1
1407,X4,1.5152917,0.40297693,1575.9033,xgb_shap_list_ir_1_subset_23,xgb_shap_list_ir_1
1408,X5,1.9895613,0.5583269,2069.1438,xgb_shap_list_ir_1_subset_23,xgb_shap_list_ir_1
1409,X6,1.2517946,0.34839165,1301.8663,xgb_shap_list_ir_1_subset_23,xgb_shap_list_ir_1
1410,X1,0.86789626,0.56253976,902.6121,xgb_shap_list_ir_5_subset_56,xgb_shap_list_ir_5
1411,X2,0.63838077,0.7047328,663.916,xgb_shap_list_ir_5_subset_56,xgb_shap_list_ir_5
1412,X3,0.7971545,0.47470033,829.04065,xgb_shap_list_ir_5_subset_56,xgb_shap_list_ir_5
1413,X4,1.7453716,0.74484414,1815.1864,xgb_shap_list_ir_5_subset_56,xgb_shap_list_ir_5
1414,X5,1.0621204,0.78771657,1104.6052,xgb_shap_list_ir_5_subset_56,xgb_shap_list_ir_5
1415,X6,0.7158333,0.472421,744.4666,xgb_shap_list_ir_5_subset_56,xgb_shap_list_ir_5
1416,X1,1.0677037,0.53603804,1110.4119,xgb_shap_list_ir_2_subset_40,xgb_shap_list_ir_2
1417,X2,0.3921099,0.3235006,407.7943,xgb_shap_list_ir_2_subset_40,xgb_shap_list_ir_2
1418,X3,0.46046317,0.22576037,478.88168,xgb_shap_list_ir_2_subset_40,xgb_shap_list_ir_2
1419,X4,1.0943873,0.57522374,1138.1628,xgb_shap_list_ir_2_subset_40,xgb_shap_list_ir_2
1420,X5,0.7907344,0.52867,822.3638,xgb_shap_list_ir_2_subset_40,xgb_shap_list_ir_2
1421,X6,1.0796537,0.5364118,1122.8398,xgb_shap_list_ir_2_subset_40,xgb_shap_list_ir_2
1422,X1,0.91535795,0.69895244,951.9723,xgb_shap_list_ir_5_subset_60,xgb_shap_list_ir_5
1423,X2,0.8323841,0.8341774,865.67944,xgb_shap_list_ir_5_subset_60,xgb_shap_list_ir_5
1424,X3,0.6439775,0.43936813,669.73663,xgb_shap_list_ir_5_subset_60,xgb_shap_list_ir_5
1425,X4,1.3213387,0.6196676,1374.1921,xgb_shap_list_ir_5_subset_60,xgb_shap_list_ir_5
1426,X5,1.2798437,0.99838525,1331.0375,xgb_shap_list_ir_5_subset_60,xgb_shap_list_ir_5
1427,X6,0.7692646,0.56162655,800.03516,xgb_shap_list_ir_5_subset_60,xgb_shap_list_ir_5
1428,X1,0.7435291,0.4569949,773.27026,xgb_shap_list_ir_2_subset_83,xgb_shap_list_ir_2
1429,X2,0.6980306,0.3986549,725.95184,xgb_shap_list_ir_2_subset_83,xgb_shap_list_ir_2
1430,X3,1.0579153,0.39239576,1100.2319,xgb_shap_list_ir_2_subset_83,xgb_shap_list_ir_2
1431,X4,0.8647475,0.43086478,899.3374,xgb_shap_list_ir_2_subset_83,xgb_shap_list_ir_2
1432,X5,0.89964086,0.6192166,935.62646,xgb_shap_list_ir_2_subset_83,xgb_shap_list_ir_2
1433,X6,0.8585136,0.44005978,892.8541,xgb_shap_list_ir_2_subset_83,xgb_shap_list_ir_2
1434,X1,0.9041478,0.512831,940.3137,xgb_shap_list_ir_3_subset_106,xgb_shap_list_ir_3
1435,X2,0.79332584,0.62452346,825.0589,xgb_shap_list_ir_3_subset_106,xgb_shap_list_ir_3
1436,X3,0.3560052,0.24585664,370.2454,xgb_shap_list_ir_3_subset_106,xgb_shap_list_ir_3
1437,X4,0.86020803,0.6192358,894.61633,xgb_shap_list_ir_3_subset_106,xgb_shap_list_ir_3
1438,X5,1.2260432,0.86283225,1275.085,xgb_shap_list_ir_3_subset_106,xgb_shap_list_ir_3
1439,X6,0.77151257,0.48246843,802.37305,xgb_shap_list_ir_3_subset_106,xgb_shap_list_ir_3
1440,X1,0.74487114,0.5820092,774.666,xgb_shap_list_ir_5_subset_91,xgb_shap_list_ir_5
1441,X2,0.66698915,0.6545756,693.6687,xgb_shap_list_ir_5_subset_91,xgb_shap_list_ir_5
1442,X3,0.5263775,0.32450172,547.4326,xgb_shap_list_ir_5_subset_91,xgb_shap_list_ir_5
1443,X4,1.4927329,0.689657,1552.4421,xgb_shap_list_ir_5_subset_91,xgb_shap_list_ir_5
1444,X5,1.4719214,1.0763435,1530.7983,xgb_shap_list_ir_5_subset_91,xgb_shap_list_ir_5
1445,X6,0.69238347,0.47335526,720.0788,xgb_shap_list_ir_5_subset_91,xgb_shap_list_ir_5
1446,X1,0.68418473,0.50099474,711.5521,xgb_shap_list_ir_4_subset_20,xgb_shap_list_ir_4
1447,X2,0.74412346,0.6469854,773.8884,xgb_shap_list_ir_4_subset_20,xgb_shap_list_ir_4
1448,X3,0.6232278,0.330869,648.15686,xgb_shap_list_ir_4_subset_20,xgb_shap_list_ir_4
1449,X4,1.552288,0.6886801,1614.3796,xgb_shap_list_ir_4_subset_20,xgb_shap_list_ir_4
1450,X5,1.1719494,0.72846484,1218.8274,xgb_shap_list_ir_4_subset_20,xgb_shap_list_ir_4
1451,X6,0.7724803,0.45568743,803.3795,xgb_shap_list_ir_4_subset_20,xgb_shap_list_ir_4
1452,X1,0.9261487,0.64231527,963.19464,xgb_shap_list_ir_4_subset_61,xgb_shap_list_ir_4
1453,X2,0.5713793,0.57205963,594.2345,xgb_shap_list_ir_4_subset_61,xgb_shap_list_ir_4
1454,X3,0.84515494,0.38193676,878.9611,xgb_shap_list_ir_4_subset_61,xgb_shap_list_ir_4
1455,X4,1.7017524,0.70969903,1769.8225,xgb_shap_list_ir_4_subset_61,xgb_shap_list_ir_4
1456,X5,1.0610863,0.74262524,1103.5298,xgb_shap_list_ir_4_subset_61,xgb_shap_list_ir_4
1457,X6,0.59056747,0.35182536,614.1902,xgb_shap_list_ir_4_subset_61,xgb_shap_list_ir_4
1458,X1,0.86513263,0.5271464,899.7379,xgb_shap_list_ir_3_subset_34,xgb_shap_list_ir_3
1459,X2,0.5884257,0.44737867,611.9627,xgb_shap_list_ir_3_subset_34,xgb_shap_list_ir_3
1460,X3,0.54051465,0.24107249,562.13525,xgb_shap_list_ir_3_subset_34,xgb_shap_list_ir_3
1461,X4,1.462885,0.6164096,1521.4004,xgb_shap_list_ir_3_subset_34,xgb_shap_list_ir_3
1462,X5,1.2284164,0.7357827,1277.5531,xgb_shap_list_ir_3_subset_34,xgb_shap_list_ir_3
1463,X6,1.1000099,0.5632924,1144.0104,xgb_shap_list_ir_3_subset_34,xgb_shap_list_ir_3
1464,X1,0.7403079,0.59366125,769.9202,xgb_shap_list_ir_4_subset_17,xgb_shap_list_ir_4
1465,X2,0.72849274,0.7034257,757.63245,xgb_shap_list_ir_4_subset_17,xgb_shap_list_ir_4
1466,X3,0.5148994,0.34292936,535.49536,xgb_shap_list_ir_4_subset_17,xgb_shap_list_ir_4
1467,X4,1.6253387,0.71899396,1690.3522,xgb_shap_list_ir_4_subset_17,xgb_shap_list_ir_4
1468,X5,1.06145,0.794582,1103.908,xgb_shap_list_ir_4_subset_17,xgb_shap_list_ir_4
1469,X6,0.660933,0.39054218,687.37036,xgb_shap_list_ir_4_subset_17,xgb_shap_list_ir_4
1470,X1,0.8586609,0.3744772,893.0073,xgb_shap_list_ir_1_subset_83,xgb_shap_list_ir_1
1471,X2,0.40407732,0.33929503,420.24042,xgb_shap_list_ir_1_subset_83,xgb_shap_list_ir_1
1472,X3,0.5237671,0.20008193,544.7178,xgb_shap_list_ir_1_subset_83,xgb_shap_list_ir_1
1473,X4,1.0885216,0.5801877,1132.0625,xgb_shap_list_ir_1_subset_83,xgb_shap_list_ir_1
1474,X5,1.1808251,0.51410496,1228.0581,xgb_shap_list_ir_1_subset_83,xgb_shap_list_ir_1
1475,X6,1.1189188,0.3316269,1163.6755,xgb_shap_list_ir_1_subset_83,xgb_shap_list_ir_1
1476,X1,0.65457773,0.3355816,680.76086,xgb_shap_list_ir_1_subset_33,xgb_shap_list_ir_1
1477,X2,0.7203922,0.47179234,749.2079,xgb_shap_list_ir_1_subset_33,xgb_shap_list_ir_1
1478,X3,0.69170064,0.2705694,719.36865,xgb_shap_list_ir_1_subset_33,xgb_shap_list_ir_1
1479,X4,1.2697068,0.4161191,1320.4951,xgb_shap_list_ir_1_subset_33,xgb_shap_list_ir_1
1480,X5,1.1218138,0.38480103,1166.6863,xgb_shap_list_ir_1_subset_33,xgb_shap_list_ir_1
1481,X6,0.5909545,0.25079077,614.59265,xgb_shap_list_ir_1_subset_33,xgb_shap_list_ir_1
1482,X1,0.70349663,0.49484134,731.6365,xgb_shap_list_ir_4_subset_101,xgb_shap_list_ir_4
1483,X2,0.64039266,0.64893925,666.00836,xgb_shap_list_ir_4_subset_101,xgb_shap_list_ir_4
1484,X3,0.584282,0.34369326,607.65326,xgb_shap_list_ir_4_subset_101,xgb_shap_list_ir_4
1485,X4,1.4139407,0.63655883,1470.4983,xgb_shap_list_ir_4_subset_101,xgb_shap_list_ir_4
1486,X5,1.1773144,0.9114135,1224.407,xgb_shap_list_ir_4_subset_101,xgb_shap_list_ir_4
1487,X6,0.93210953,0.41797712,969.3939,xgb_shap_list_ir_4_subset_101,xgb_shap_list_ir_4
1488,X1,0.6638743,0.522918,690.4293,xgb_shap_list_ir_4_subset_147,xgb_shap_list_ir_4
1489,X2,0.7986926,0.73912334,830.64026,xgb_shap_list_ir_4_subset_147,xgb_shap_list_ir_4
1490,X3,0.7729299,0.48790306,803.8471,xgb_shap_list_ir_4_subset_147,xgb_shap_list_ir_4
1491,X4,1.4977647,0.77441293,1557.6753,xgb_shap_list_ir_4_subset_147,xgb_shap_list_ir_4
1492,X5,1.1659882,0.7832745,1212.6277,xgb_shap_list_ir_4_subset_147,xgb_shap_list_ir_4
1493,X6,0.8326758,0.42502117,865.98285,xgb_shap_list_ir_4_subset_147,xgb_shap_list_ir_4
1494,X1,0.7303876,0.4773115,759.60315,xgb_shap_list_ir_3_subset_43,xgb_shap_list_ir_3
1495,X2,0.6362363,0.43658316,661.6858,xgb_shap_list_ir_3_subset_43,xgb_shap_list_ir_3
1496,X3,0.71349984,0.3978945,742.03986,xgb_shap_list_ir_3_subset_43,xgb_shap_list_ir_3
1497,X4,1.5439314,0.7742469,1605.6886,xgb_shap_list_ir_3_subset_43,xgb_shap_list_ir_3
1498,X5,0.83995485,0.6245103,873.55304,xgb_shap_list_ir_3_subset_43,xgb_shap_list_ir_3
1499,X6,0.8489478,0.46410438,882.90576,xgb_shap_list_ir_3_subset_43,xgb_shap_list_ir_3
1500,X1,0.7600493,0.5590411,790.45123,xgb_shap_list_ir_3_subset_77,xgb_shap_list_ir_3
1501,X2,0.8178047,0.80627584,850.5169,xgb_shap_list_ir_3_subset_77,xgb_shap_list_ir_3
1502,X3,0.6013638,0.33975294,625.41833,xgb_shap_list_ir_3_subset_77,xgb_shap_list_ir_3
1503,X4,1.3456634,0.62059575,1399.49,xgb_shap_list_ir_3_subset_77,xgb_shap_list_ir_3
1504,X5,0.8048326,0.5872479,837.0259,xgb_shap_list_ir_3_subset_77,xgb_shap_list_ir_3
1505,X6,1.0493029,0.52247614,1091.275,xgb_shap_list_ir_3_subset_77,xgb_shap_list_ir_3
1506,X1,0.61089396,0.44912255,635.3297,xgb_shap_list_ir_2_subset_58,xgb_shap_list_ir_2
1507,X2,0.53637445,0.50186855,557.8294,xgb_shap_list_ir_2_subset_58,xgb_shap_list_ir_2
1508,X3,1.0416728,0.5356187,1083.3397,xgb_shap_list_ir_2_subset_58,xgb_shap_list_ir_2
1509,X4,0.787357,0.4433641,818.85126,xgb_shap_list_ir_2_subset_58,xgb_shap_list_ir_2
1510,X5,1.1502066,0.732613,1196.2148,xgb_shap_list_ir_2_subset_58,xgb_shap_list_ir_2
1511,X6,0.74640715,0.37623265,776.2634,xgb_shap_list_ir_2_subset_58,xgb_shap_list_ir_2
1512,X1,0.9105702,0.6474415,946.99304,xgb_shap_list_ir_5_subset_14,xgb_shap_list_ir_5
1513,X2,0.9251589,0.7565712,962.1653,xgb_shap_list_ir_5_subset_14,xgb_shap_list_ir_5
1514,X3,0.61631984,0.3620915,640.97266,xgb_shap_list_ir_5_subset_14,xgb_shap_list_ir_5
1515,X4,1.577534,0.79249775,1640.6354,xgb_shap_list_ir_5_subset_14,xgb_shap_list_ir_5
1516,X5,1.2279334,0.8293713,1277.0508,xgb_shap_list_ir_5_subset_14,xgb_shap_list_ir_5
1517,X6,0.8983414,0.52516526,934.2751,xgb_shap_list_ir_5_subset_14,xgb_shap_list_ir_5
1518,X1,0.5292965,0.49858814,550.4684,xgb_shap_list_ir_2_subset_43,xgb_shap_list_ir_2
1519,X2,0.5775161,0.5053221,600.6167,xgb_shap_list_ir_2_subset_43,xgb_shap_list_ir_2
1520,X3,1.0618783,0.65753263,1104.3535,xgb_shap_list_ir_2_subset_43,xgb_shap_list_ir_2
1521,X4,0.8467975,0.4342788,880.66943,xgb_shap_list_ir_2_subset_43,xgb_shap_list_ir_2
1522,X5,0.8682463,0.63018453,902.9762,xgb_shap_list_ir_2_subset_43,xgb_shap_list_ir_2
1523,X6,0.63665336,0.44140816,662.1195,xgb_shap_list_ir_2_subset_43,xgb_shap_list_ir_2
1524,X1,0.79913086,0.5070655,831.09607,xgb_shap_list_ir_4_subset_145,xgb_shap_list_ir_4
1525,X2,0.83554417,0.6463878,868.96594,xgb_shap_list_ir_4_subset_145,xgb_shap_list_ir_4
1526,X3,0.6002867,0.35491908,624.2982,xgb_shap_list_ir_4_subset_145,xgb_shap_list_ir_4
1527,X4,1.3429384,0.7335632,1396.656,xgb_shap_list_ir_4_subset_145,xgb_shap_list_ir_4
1528,X5,1.2568542,0.8827691,1307.1283,xgb_shap_list_ir_4_subset_145,xgb_shap_list_ir_4
1529,X6,0.73547935,0.49660733,764.89856,xgb_shap_list_ir_4_subset_145,xgb_shap_list_ir_4
1530,X1,1.0043186,0.4953583,1044.4913,xgb_shap_list_ir_1_subset_132,xgb_shap_list_ir_1
1531,X2,0.6260412,0.42868793,651.0828,xgb_shap_list_ir_1_subset_132,xgb_shap_list_ir_1
1532,X3,0.4504277,0.15995893,468.44482,xgb_shap_list_ir_1_subset_132,xgb_shap_list_ir_1
1533,X4,1.9480636,0.39171827,2025.9862,xgb_shap_list_ir_1_subset_132,xgb_shap_list_ir_1
1534,X5,0.6144111,0.25445938,638.98755,xgb_shap_list_ir_1_subset_132,xgb_shap_list_ir_1
1535,X6,1.6516191,0.53650546,1717.6838,xgb_shap_list_ir_1_subset_132,xgb_shap_list_ir_1
1536,X1,1.0656569,0.33722132,1108.2832,xgb_shap_list_ir_1_subset_117,xgb_shap_list_ir_1
1537,X2,0.79253846,0.31613892,824.24,xgb_shap_list_ir_1_subset_117,xgb_shap_list_ir_1
1538,X3,0.45580164,0.22640295,474.0337,xgb_shap_list_ir_1_subset_117,xgb_shap_list_ir_1
1539,X4,1.2708623,0.49640915,1321.6968,xgb_shap_list_ir_1_subset_117,xgb_shap_list_ir_1
1540,X5,0.8059054,0.2816691,838.1416,xgb_shap_list_ir_1_subset_117,xgb_shap_list_ir_1
1541,X6,0.8271329,0.31695127,860.2182,xgb_shap_list_ir_1_subset_117,xgb_shap_list_ir_1
1542,X1,0.7801205,0.4768747,811.3253,xgb_shap_list_ir_4_subset_98,xgb_shap_list_ir_4
1543,X2,0.618222,0.5508745,642.95087,xgb_shap_list_ir_4_subset_98,xgb_shap_list_ir_4
1544,X3,0.79380655,0.3967835,825.55884,xgb_shap_list_ir_4_subset_98,xgb_shap_list_ir_4
1545,X4,1.6484287,0.6879367,1714.3658,xgb_shap_list_ir_4_subset_98,xgb_shap_list_ir_4
1546,X5,1.142349,0.8080791,1188.043,xgb_shap_list_ir_4_subset_98,xgb_shap_list_ir_4
1547,X6,1.009582,0.49185944,1049.9653,xgb_shap_list_ir_4_subset_98,xgb_shap_list_ir_4
1548,X1,0.85715735,0.47824603,891.44366,xgb_shap_list_ir_3_subset_141,xgb_shap_list_ir_3
1549,X2,0.5760522,0.5565198,599.0943,xgb_shap_list_ir_3_subset_141,xgb_shap_list_ir_3
1550,X3,0.4582705,0.23627804,476.60132,xgb_shap_list_ir_3_subset_141,xgb_shap_list_ir_3
1551,X4,1.4393395,0.64191157,1496.9131,xgb_shap_list_ir_3_subset_141,xgb_shap_list_ir_3
1552,X5,1.3292328,0.836809,1382.4021,xgb_shap_list_ir_3_subset_141,xgb_shap_list_ir_3
1553,X6,0.8714657,0.4340291,906.32434,xgb_shap_list_ir_3_subset_141,xgb_shap_list_ir_3
1554,X1,0.77329785,0.45240247,804.22974,xgb_shap_list_ir_3_subset_120,xgb_shap_list_ir_3
1555,X2,0.61010414,0.57775855,634.5083,xgb_shap_list_ir_3_subset_120,xgb_shap_list_ir_3
1556,X3,0.880433,0.4213575,915.6503,xgb_shap_list_ir_3_subset_120,xgb_shap_list_ir_3
1557,X4,1.2262084,0.54463404,1275.2568,xgb_shap_list_ir_3_subset_120,xgb_shap_list_ir_3
1558,X5,0.87951237,0.6793247,914.6929,xgb_shap_list_ir_3_subset_120,xgb_shap_list_ir_3
1559,X6,0.7749395,0.50019866,805.9371,xgb_shap_list_ir_3_subset_120,xgb_shap_list_ir_3
1560,X1,0.8433826,0.6551542,877.1179,xgb_shap_list_ir_5_subset_79,xgb_shap_list_ir_5
1561,X2,0.59324247,0.48679474,616.97217,xgb_shap_list_ir_5_subset_79,xgb_shap_list_ir_5
1562,X3,0.8312716,0.4595234,864.52246,xgb_shap_list_ir_5_subset_79,xgb_shap_list_ir_5
1563,X4,1.289589,0.6974895,1341.1726,xgb_shap_list_ir_5_subset_79,xgb_shap_list_ir_5
1564,X5,1.4841132,0.90476716,1543.4778,xgb_shap_list_ir_5_subset_79,xgb_shap_list_ir_5
1565,X6,0.9215062,0.56346095,958.36646,xgb_shap_list_ir_5_subset_79,xgb_shap_list_ir_5
1566,X1,0.9147771,0.6262062,951.36816,xgb_shap_list_ir_4_subset_103,xgb_shap_list_ir_4
1567,X2,0.7341739,0.7700428,763.54083,xgb_shap_list_ir_4_subset_103,xgb_shap_list_ir_4
1568,X3,0.535774,0.28198326,557.20496,xgb_shap_list_ir_4_subset_103,xgb_shap_list_ir_4
1569,X4,1.2354041,0.58410215,1284.8203,xgb_shap_list_ir_4_subset_103,xgb_shap_list_ir_4
1570,X5,1.1421206,0.8909786,1187.8054,xgb_shap_list_ir_4_subset_103,xgb_shap_list_ir_4
1571,X6,0.8467408,0.5691926,880.6104,xgb_shap_list_ir_4_subset_103,xgb_shap_list_ir_4
1572,X1,0.6419364,0.5519974,667.6139,xgb_shap_list_ir_3_subset_16,xgb_shap_list_ir_3
1573,X2,0.7411972,0.6206224,770.8451,xgb_shap_list_ir_3_subset_16,xgb_shap_list_ir_3
1574,X3,0.56679684,0.44087112,589.4687,xgb_shap_list_ir_3_subset_16,xgb_shap_list_ir_3
1575,X4,1.4390213,0.6494475,1496.5822,xgb_shap_list_ir_3_subset_16,xgb_shap_list_ir_3
1576,X5,1.1122384,0.74844074,1156.7279,xgb_shap_list_ir_3_subset_16,xgb_shap_list_ir_3
1577,X6,0.9248141,0.42814574,961.80664,xgb_shap_list_ir_3_subset_16,xgb_shap_list_ir_3
1578,X1,0.5912397,0.4524635,614.8893,xgb_shap_list_ir_2_subset_52,xgb_shap_list_ir_2
1579,X2,0.5141568,0.4902142,534.7231,xgb_shap_list_ir_2_subset_52,xgb_shap_list_ir_2
1580,X3,0.45481658,0.2512329,473.00925,xgb_shap_list_ir_2_subset_52,xgb_shap_list_ir_2
1581,X4,1.2137729,0.64586896,1262.3239,xgb_shap_list_ir_2_subset_52,xgb_shap_list_ir_2
1582,X5,1.0085166,0.69042534,1048.8572,xgb_shap_list_ir_2_subset_52,xgb_shap_list_ir_2
1583,X6,0.8318959,0.4344876,865.17175,xgb_shap_list_ir_2_subset_52,xgb_shap_list_ir_2
1584,X1,1.301123,0.43937126,1353.168,xgb_shap_list_ir_1_subset_96,xgb_shap_list_ir_1
1585,X2,0.4873804,0.361993,506.8756,xgb_shap_list_ir_1_subset_96,xgb_shap_list_ir_1
1586,X3,0.3134687,0.32173908,326.00745,xgb_shap_list_ir_1_subset_96,xgb_shap_list_ir_1
1587,X4,1.1000777,0.5547337,1144.0808,xgb_shap_list_ir_1_subset_96,xgb_shap_list_ir_1
1588,X5,0.85214615,0.36043352,886.232,xgb_shap_list_ir_1_subset_96,xgb_shap_list_ir_1
1589,X6,0.56400067,0.18582371,586.56067,xgb_shap_list_ir_1_subset_96,xgb_shap_list_ir_1
1590,X1,0.8401724,0.387076,873.7793,xgb_shap_list_ir_1_subset_24,xgb_shap_list_ir_1
1591,X2,0.65161455,0.4043485,677.67914,xgb_shap_list_ir_1_subset_24,xgb_shap_list_ir_1
1592,X3,0.8733218,0.39951873,908.25464,xgb_shap_list_ir_1_subset_24,xgb_shap_list_ir_1
1593,X4,0.9253669,0.4572326,962.38153,xgb_shap_list_ir_1_subset_24,xgb_shap_list_ir_1
1594,X5,0.51675075,0.319602,537.4208,xgb_shap_list_ir_1_subset_24,xgb_shap_list_ir_1
1595,X6,0.55629075,0.35722405,578.54236,xgb_shap_list_ir_1_subset_24,xgb_shap_list_ir_1
1596,X1,0.62835884,0.36493823,653.49316,xgb_shap_list_ir_2_subset_38,xgb_shap_list_ir_2
1597,X2,0.7188098,0.68814176,747.5622,xgb_shap_list_ir_2_subset_38,xgb_shap_list_ir_2
1598,X3,0.6410885,0.34532005,666.73206,xgb_shap_list_ir_2_subset_38,xgb_shap_list_ir_2
1599,X4,1.5091667,0.7123648,1569.5334,xgb_shap_list_ir_2_subset_38,xgb_shap_list_ir_2
1600,X5,1.155586,0.53241247,1201.8094,xgb_shap_list_ir_2_subset_38,xgb_shap_list_ir_2
1601,X6,1.1535327,0.44171154,1199.6741,xgb_shap_list_ir_2_subset_38,xgb_shap_list_ir_2
1602,X1,0.40972385,0.35089633,426.1128,xgb_shap_list_ir_1_subset_111,xgb_shap_list_ir_1
1603,X2,0.8249578,0.565328,857.9561,xgb_shap_list_ir_1_subset_111,xgb_shap_list_ir_1
1604,X3,0.81985146,0.43070662,852.6455,xgb_shap_list_ir_1_subset_111,xgb_shap_list_ir_1
1605,X4,0.89608353,0.32277277,931.9269,xgb_shap_list_ir_1_subset_111,xgb_shap_list_ir_1
1606,X5,0.7846338,0.35346913,816.01917,xgb_shap_list_ir_1_subset_111,xgb_shap_list_ir_1
1607,X6,1.573033,0.43129602,1635.9543,xgb_shap_list_ir_1_subset_111,xgb_shap_list_ir_1
1608,X1,0.8448389,0.51884556,878.63245,xgb_shap_list_ir_4_subset_115,xgb_shap_list_ir_4
1609,X2,0.77755296,0.56790185,808.6551,xgb_shap_list_ir_4_subset_115,xgb_shap_list_ir_4
1610,X3,0.8291817,0.5584602,862.34894,xgb_shap_list_ir_4_subset_115,xgb_shap_list_ir_4
1611,X4,1.4368256,0.7420818,1494.2987,xgb_shap_list_ir_4_subset_115,xgb_shap_list_ir_4
1612,X5,1.3183914,0.853652,1371.1271,xgb_shap_list_ir_4_subset_115,xgb_shap_list_ir_4
1613,X6,0.62676615,0.41192847,651.8368,xgb_shap_list_ir_4_subset_115,xgb_shap_list_ir_4
1614,X1,0.4846866,0.167032,504.07407,xgb_shap_list_ir_1_subset_66,xgb_shap_list_ir_1
1615,X2,0.42115337,0.21392661,437.9995,xgb_shap_list_ir_1_subset_66,xgb_shap_list_ir_1
1616,X3,0.4229068,0.13638778,439.82306,xgb_shap_list_ir_1_subset_66,xgb_shap_list_ir_1
1617,X4,0.84365004,0.42341268,877.39606,xgb_shap_list_ir_1_subset_66,xgb_shap_list_ir_1
1618,X5,1.4056754,0.48715636,1461.9025,xgb_shap_list_ir_1_subset_66,xgb_shap_list_ir_1
1619,X6,1.0099732,0.35873872,1050.3721,xgb_shap_list_ir_1_subset_66,xgb_shap_list_ir_1
1620,X1,0.86335105,0.5992263,897.8851,xgb_shap_list_ir_4_subset_118,xgb_shap_list_ir_4
1621,X2,0.861906,0.78830147,896.3822,xgb_shap_list_ir_4_subset_118,xgb_shap_list_ir_4
1622,X3,0.524661,0.24886827,545.64746,xgb_shap_list_ir_4_subset_118,xgb_shap_list_ir_4
1623,X4,1.4204094,0.6389061,1477.2258,xgb_shap_list_ir_4_subset_118,xgb_shap_list_ir_4
1624,X5,1.2202916,0.95003814,1269.1033,xgb_shap_list_ir_4_subset_118,xgb_shap_list_ir_4
1625,X6,0.6441376,0.4533185,669.90314,xgb_shap_list_ir_4_subset_118,xgb_shap_list_ir_4
1626,X1,0.5518483,0.47739577,573.92224,xgb_shap_list_ir_4_subset_11,xgb_shap_list_ir_4
1627,X2,0.79162526,0.79120004,823.2903,xgb_shap_list_ir_4_subset_11,xgb_shap_list_ir_4
1628,X3,0.73582506,0.32175472,765.25806,xgb_shap_list_ir_4_subset_11,xgb_shap_list_ir_4
1629,X4,1.5150574,0.7839885,1575.6598,xgb_shap_list_ir_4_subset_11,xgb_shap_list_ir_4
1630,X5,1.17244,0.78899634,1219.3376,xgb_shap_list_ir_4_subset_11,xgb_shap_list_ir_4
1631,X6,0.9452955,0.4930302,983.10736,xgb_shap_list_ir_4_subset_11,xgb_shap_list_ir_4
1632,X1,0.80593985,0.5115909,838.1774,xgb_shap_list_ir_4_subset_133,xgb_shap_list_ir_4
1633,X2,0.4818362,0.51323885,501.10965,xgb_shap_list_ir_4_subset_133,xgb_shap_list_ir_4
1634,X3,0.6581171,0.42393658,684.4418,xgb_shap_list_ir_4_subset_133,xgb_shap_list_ir_4
1635,X4,1.6173093,0.7296994,1682.0017,xgb_shap_list_ir_4_subset_133,xgb_shap_list_ir_4
1636,X5,1.1760745,0.7932063,1223.1174,xgb_shap_list_ir_4_subset_133,xgb_shap_list_ir_4
1637,X6,0.7145392,0.47654155,743.1207,xgb_shap_list_ir_4_subset_133,xgb_shap_list_ir_4
1638,X1,1.5283748,0.7077349,1589.5098,xgb_shap_list_ir_1_subset_25,xgb_shap_list_ir_1
1639,X2,0.6983106,0.39444277,726.24304,xgb_shap_list_ir_1_subset_25,xgb_shap_list_ir_1
1640,X3,0.20725715,0.15398829,215.54744,xgb_shap_list_ir_1_subset_25,xgb_shap_list_ir_1
1641,X4,0.67287165,0.24733835,699.7865,xgb_shap_list_ir_1_subset_25,xgb_shap_list_ir_1
1642,X5,1.5693341,0.44094157,1632.1075,xgb_shap_list_ir_1_subset_25,xgb_shap_list_ir_1
1643,X6,0.89214337,0.29478332,927.8291,xgb_shap_list_ir_1_subset_25,xgb_shap_list_ir_1
1644,X1,0.628425,0.38054097,653.562,xgb_shap_list_ir_3_subset_97,xgb_shap_list_ir_3
1645,X2,0.5237329,0.5228964,544.6822,xgb_shap_list_ir_3_subset_97,xgb_shap_list_ir_3
1646,X3,0.75364417,0.5967463,783.7899,xgb_shap_list_ir_3_subset_97,xgb_shap_list_ir_3
1647,X4,1.4776485,0.68204045,1536.7544,xgb_shap_list_ir_3_subset_97,xgb_shap_list_ir_3
1648,X5,0.87317914,0.5803077,908.1063,xgb_shap_list_ir_3_subset_97,xgb_shap_list_ir_3
1649,X6,0.78034484,0.56436944,811.55865,xgb_shap_list_ir_3_subset_97,xgb_shap_list_ir_3
1650,X1,0.74386436,0.65929496,773.61896,xgb_shap_list_ir_2_subset_104,xgb_shap_list_ir_2
1651,X2,0.7051914,0.58652765,733.39905,xgb_shap_list_ir_2_subset_104,xgb_shap_list_ir_2
1652,X3,0.42997655,0.2654573,447.17563,xgb_shap_list_ir_2_subset_104,xgb_shap_list_ir_2
1653,X4,1.2600406,0.56723195,1310.4423,xgb_shap_list_ir_2_subset_104,xgb_shap_list_ir_2
1654,X5,1.3051606,0.6562755,1357.3671,xgb_shap_list_ir_2_subset_104,xgb_shap_list_ir_2
1655,X6,0.9603746,0.47710305,998.78955,xgb_shap_list_ir_2_subset_104,xgb_shap_list_ir_2
1656,X1,0.78721565,0.5136803,818.7043,xgb_shap_list_ir_4_subset_78,xgb_shap_list_ir_4
1657,X2,0.734666,0.56577843,764.0526,xgb_shap_list_ir_4_subset_78,xgb_shap_list_ir_4
1658,X3,0.60158473,0.38126144,625.64813,xgb_shap_list_ir_4_subset_78,xgb_shap_list_ir_4
1659,X4,1.1435941,0.5660521,1189.3379,xgb_shap_list_ir_4_subset_78,xgb_shap_list_ir_4
1660,X5,1.279057,0.84422725,1330.2194,xgb_shap_list_ir_4_subset_78,xgb_shap_list_ir_4
1661,X6,0.8888807,0.50448906,924.436,xgb_shap_list_ir_4_subset_78,xgb_shap_list_ir_4
1662,X1,0.798447,0.49838862,830.3849,xgb_shap_list_ir_2_subset_136,xgb_shap_list_ir_2
1663,X2,0.39755547,0.33218485,413.4577,xgb_shap_list_ir_2_subset_136,xgb_shap_list_ir_2
1664,X3,0.9419786,0.4707601,979.6577,xgb_shap_list_ir_2_subset_136,xgb_shap_list_ir_2
1665,X4,1.1889992,0.40992174,1236.5591,xgb_shap_list_ir_2_subset_136,xgb_shap_list_ir_2
1666,X5,1.0274352,0.5634449,1068.5326,xgb_shap_list_ir_2_subset_136,xgb_shap_list_ir_2
1667,X6,0.7957948,0.38807094,827.6266,xgb_shap_list_ir_2_subset_136,xgb_shap_list_ir_2
1668,X1,0.61165375,0.34503785,636.1199,xgb_shap_list_ir_3_subset_14,xgb_shap_list_ir_3
1669,X2,0.41748458,0.5147764,434.18396,xgb_shap_list_ir_3_subset_14,xgb_shap_list_ir_3
1670,X3,0.88049376,0.4561094,915.7135,xgb_shap_list_ir_3_subset_14,xgb_shap_list_ir_3
1671,X4,1.3660086,0.62867725,1420.6489,xgb_shap_list_ir_3_subset_14,xgb_shap_list_ir_3
1672,X5,1.1161691,0.6467233,1160.8159,xgb_shap_list_ir_3_subset_14,xgb_shap_list_ir_3
1673,X6,0.6998852,0.45109084,727.8806,xgb_shap_list_ir_3_subset_14,xgb_shap_list_ir_3
1674,X1,0.8800673,0.5688708,915.26996,xgb_shap_list_ir_5_subset_43,xgb_shap_list_ir_5
1675,X2,0.64384764,0.6093967,669.60156,xgb_shap_list_ir_5_subset_43,xgb_shap_list_ir_5
1676,X3,0.6757272,0.4572579,702.7563,xgb_shap_list_ir_5_subset_43,xgb_shap_list_ir_5
1677,X4,1.6293011,0.82392293,1694.4731,xgb_shap_list_ir_5_subset_43,xgb_shap_list_ir_5
1678,X5,1.0276003,0.7563368,1068.7043,xgb_shap_list_ir_5_subset_43,xgb_shap_list_ir_5
1679,X6,0.72699535,0.49329957,756.07513,xgb_shap_list_ir_5_subset_43,xgb_shap_list_ir_5
1680,X1,1.4404602,0.7627409,1498.0786,xgb_shap_list_ir_1_subset_4,xgb_shap_list_ir_1
1681,X2,0.3219567,0.2846369,334.83496,xgb_shap_list_ir_1_subset_4,xgb_shap_list_ir_1
1682,X3,0.77545226,0.3617516,806.47034,xgb_shap_list_ir_1_subset_4,xgb_shap_list_ir_1
1683,X4,0.66183966,0.3844632,688.31323,xgb_shap_list_ir_1_subset_4,xgb_shap_list_ir_1
1684,X5,1.5139776,0.5385022,1574.5367,xgb_shap_list_ir_1_subset_4,xgb_shap_list_ir_1
1685,X6,0.87313527,0.39807856,908.06067,xgb_shap_list_ir_1_subset_4,xgb_shap_list_ir_1
1686,X1,0.6863815,0.49638867,713.8368,xgb_shap_list_ir_3_subset_88,xgb_shap_list_ir_3
1687,X2,0.60056376,0.47624025,624.5863,xgb_shap_list_ir_3_subset_88,xgb_shap_list_ir_3
1688,X3,0.7475311,0.52038026,777.4324,xgb_shap_list_ir_3_subset_88,xgb_shap_list_ir_3
1689,X4,0.99828184,0.5026525,1038.2131,xgb_shap_list_ir_3_subset_88,xgb_shap_list_ir_3
1690,X5,1.4269395,0.90867054,1484.0171,xgb_shap_list_ir_3_subset_88,xgb_shap_list_ir_3
1691,X6,0.7873788,0.6075619,818.87396,xgb_shap_list_ir_3_subset_88,xgb_shap_list_ir_3
1692,X1,0.75825375,0.37301293,788.5839,xgb_shap_list_ir_2_subset_138,xgb_shap_list_ir_2
1693,X2,0.49324787,0.5090881,512.9778,xgb_shap_list_ir_2_subset_138,xgb_shap_list_ir_2
1694,X3,0.64678013,0.46547547,672.65137,xgb_shap_list_ir_2_subset_138,xgb_shap_list_ir_2
1695,X4,1.1029341,0.518403,1147.0515,xgb_shap_list_ir_2_subset_138,xgb_shap_list_ir_2
1696,X5,0.78158617,0.5877675,812.8496,xgb_shap_list_ir_2_subset_138,xgb_shap_list_ir_2
1697,X6,0.8121162,0.32722324,844.6008,xgb_shap_list_ir_2_subset_138,xgb_shap_list_ir_2
1698,X1,0.8210671,0.5636658,853.9098,xgb_shap_list_ir_5_subset_66,xgb_shap_list_ir_5
1699,X2,0.6495527,0.5962289,675.5348,xgb_shap_list_ir_5_subset_66,xgb_shap_list_ir_5
1700,X3,0.8207108,0.47009596,853.5392,xgb_shap_list_ir_5_subset_66,xgb_shap_list_ir_5
1701,X4,1.4580272,0.74067813,1516.3484,xgb_shap_list_ir_5_subset_66,xgb_shap_list_ir_5
1702,X5,1.0358727,0.8088962,1077.3076,xgb_shap_list_ir_5_subset_66,xgb_shap_list_ir_5
1703,X6,1.0298988,0.5813071,1071.0947,xgb_shap_list_ir_5_subset_66,xgb_shap_list_ir_5
1704,X1,0.5482162,0.362358,570.1449,xgb_shap_list_ir_2_subset_50,xgb_shap_list_ir_2
1705,X2,0.6181675,0.5963214,642.8942,xgb_shap_list_ir_2_subset_50,xgb_shap_list_ir_2
1706,X3,0.6695286,0.3641529,696.30975,xgb_shap_list_ir_2_subset_50,xgb_shap_list_ir_2
1707,X4,1.3486922,0.49975166,1402.6399,xgb_shap_list_ir_2_subset_50,xgb_shap_list_ir_2
1708,X5,1.2052712,0.68320316,1253.482,xgb_shap_list_ir_2_subset_50,xgb_shap_list_ir_2
1709,X6,0.4776105,0.3115932,496.7149,xgb_shap_list_ir_2_subset_50,xgb_shap_list_ir_2
1710,X1,0.5056438,0.17829058,525.8695,xgb_shap_list_ir_1_subset_69,xgb_shap_list_ir_1
1711,X2,0.83770376,0.34466976,871.2119,xgb_shap_list_ir_1_subset_69,xgb_shap_list_ir_1
1712,X3,0.71661633,0.36001086,745.281,xgb_shap_list_ir_1_subset_69,xgb_shap_list_ir_1
1713,X4,1.6430126,0.5899063,1708.7332,xgb_shap_list_ir_1_subset_69,xgb_shap_list_ir_1
1714,X5,0.92020035,0.3325105,957.00836,xgb_shap_list_ir_1_subset_69,xgb_shap_list_ir_1
1715,X6,0.79086,0.27326152,822.4944,xgb_shap_list_ir_1_subset_69,xgb_shap_list_ir_1
1716,X1,1.0017065,0.60041046,1041.7748,xgb_shap_list_ir_4_subset_106,xgb_shap_list_ir_4
1717,X2,0.5006601,0.42025727,520.6865,xgb_shap_list_ir_4_subset_106,xgb_shap_list_ir_4
1718,X3,0.54929245,0.3669599,571.26416,xgb_shap_list_ir_4_subset_106,xgb_shap_list_ir_4
1719,X4,1.6948014,0.9009879,1762.5935,xgb_shap_list_ir_4_subset_106,xgb_shap_list_ir_4
1720,X5,0.920457,0.6030645,957.27527,xgb_shap_list_ir_4_subset_106,xgb_shap_list_ir_4
1721,X6,0.87700886,0.5041551,912.08923,xgb_shap_list_ir_4_subset_106,xgb_shap_list_ir_4
1722,X1,0.7685791,0.524655,799.32227,xgb_shap_list_ir_2_subset_140,xgb_shap_list_ir_2
1723,X2,0.7640772,0.52568394,794.64026,xgb_shap_list_ir_2_subset_140,xgb_shap_list_ir_2
1724,X3,0.57916695,0.35649362,602.3336,xgb_shap_list_ir_2_subset_140,xgb_shap_list_ir_2
1725,X4,1.1848568,0.58401114,1232.2511,xgb_shap_list_ir_2_subset_140,xgb_shap_list_ir_2
1726,X5,0.67355055,0.3975733,700.49255,xgb_shap_list_ir_2_subset_140,xgb_shap_list_ir_2
1727,X6,1.0928469,0.5153913,1136.5608,xgb_shap_list_ir_2_subset_140,xgb_shap_list_ir_2
1728,X1,0.8434574,0.60410684,877.1957,xgb_shap_list_ir_5_subset_15,xgb_shap_list_ir_5
1729,X2,0.68990153,0.67327076,717.4976,xgb_shap_list_ir_5_subset_15,xgb_shap_list_ir_5
1730,X3,0.7996079,0.42604184,831.59216,xgb_shap_list_ir_5_subset_15,xgb_shap_list_ir_5
1731,X4,1.5008126,0.6750495,1560.8452,xgb_shap_list_ir_5_subset_15,xgb_shap_list_ir_5
1732,X5,1.3423116,0.82502234,1396.004,xgb_shap_list_ir_5_subset_15,xgb_shap_list_ir_5
1733,X6,0.7125056,0.5278936,741.0058,xgb_shap_list_ir_5_subset_15,xgb_shap_list_ir_5
1734,X1,0.69744205,0.45173547,725.3397,xgb_shap_list_ir_4_subset_2,xgb_shap_list_ir_4
1735,X2,0.5907049,0.5761556,614.3331,xgb_shap_list_ir_4_subset_2,xgb_shap_list_ir_4
1736,X3,0.5881162,0.31537816,611.64087,xgb_shap_list_ir_4_subset_2,xgb_shap_list_ir_4
1737,X4,1.3187717,0.61670077,1371.5226,xgb_shap_list_ir_4_subset_2,xgb_shap_list_ir_4
1738,X5,1.3247267,0.7187043,1377.7158,xgb_shap_list_ir_4_subset_2,xgb_shap_list_ir_4
1739,X6,0.8561474,0.47701687,890.3933,xgb_shap_list_ir_4_subset_2,xgb_shap_list_ir_4
1740,X1,0.7351346,0.5783269,764.54,xgb_shap_list_ir_5_subset_69,xgb_shap_list_ir_5
1741,X2,0.69345653,0.69652575,721.19476,xgb_shap_list_ir_5_subset_69,xgb_shap_list_ir_5
1742,X3,0.6755283,0.37815443,702.54944,xgb_shap_list_ir_5_subset_69,xgb_shap_list_ir_5
1743,X4,1.6972853,0.7246198,1765.1768,xgb_shap_list_ir_5_subset_69,xgb_shap_list_ir_5
1744,X5,1.2513787,0.91425127,1301.4338,xgb_shap_list_ir_5_subset_69,xgb_shap_list_ir_5
1745,X6,0.6361739,0.47800365,661.62085,xgb_shap_list_ir_5_subset_69,xgb_shap_list_ir_5
1746,X1,0.91877085,0.73105204,955.52167,xgb_shap_list_ir_4_subset_144,xgb_shap_list_ir_4
1747,X2,0.7407725,0.55895686,770.4034,xgb_shap_list_ir_4_subset_144,xgb_shap_list_ir_4
1748,X3,0.5174861,0.3048322,538.18555,xgb_shap_list_ir_4_subset_144,xgb_shap_list_ir_4
1749,X4,1.5144609,0.64999646,1575.0393,xgb_shap_list_ir_4_subset_144,xgb_shap_list_ir_4
1750,X5,1.0979033,0.8762423,1141.8193,xgb_shap_list_ir_4_subset_144,xgb_shap_list_ir_4
1751,X6,0.8165484,0.45643407,849.2103,xgb_shap_list_ir_4_subset_144,xgb_shap_list_ir_4
1752,X1,0.8627331,0.549235,897.24243,xgb_shap_list_ir_4_subset_33,xgb_shap_list_ir_4
1753,X2,0.7529872,0.6564878,783.1067,xgb_shap_list_ir_4_subset_33,xgb_shap_list_ir_4
1754,X3,0.7017309,0.48532206,729.8002,xgb_shap_list_ir_4_subset_33,xgb_shap_list_ir_4
1755,X4,1.3316168,0.58030486,1384.8815,xgb_shap_list_ir_4_subset_33,xgb_shap_list_ir_4
1756,X5,1.1476176,0.917049,1193.5223,xgb_shap_list_ir_4_subset_33,xgb_shap_list_ir_4
1757,X6,0.87046313,0.6016439,905.2817,xgb_shap_list_ir_4_subset_33,xgb_shap_list_ir_4
1758,X1,0.7607014,0.6986887,791.12946,xgb_shap_list_ir_4_subset_12,xgb_shap_list_ir_4
1759,X2,0.6243953,0.6579625,649.3711,xgb_shap_list_ir_4_subset_12,xgb_shap_list_ir_4
1760,X3,0.9005181,0.45375174,936.5388,xgb_shap_list_ir_4_subset_12,xgb_shap_list_ir_4
1761,X4,1.2520338,0.5115826,1302.1152,xgb_shap_list_ir_4_subset_12,xgb_shap_list_ir_4
1762,X5,1.194798,0.87958926,1242.59,xgb_shap_list_ir_4_subset_12,xgb_shap_list_ir_4
1763,X6,0.79718965,0.4846775,829.0772,xgb_shap_list_ir_4_subset_12,xgb_shap_list_ir_4
1764,X1,0.76762414,0.63510424,798.3291,xgb_shap_list_ir_1_subset_85,xgb_shap_list_ir_1
1765,X2,0.5766846,0.48224214,599.75195,xgb_shap_list_ir_1_subset_85,xgb_shap_list_ir_1
1766,X3,0.29528967,0.24529804,307.10126,xgb_shap_list_ir_1_subset_85,xgb_shap_list_ir_1
1767,X4,0.70261943,0.37093943,730.7242,xgb_shap_list_ir_1_subset_85,xgb_shap_list_ir_1
1768,X5,0.9216693,0.41292185,958.5361,xgb_shap_list_ir_1_subset_85,xgb_shap_list_ir_1
1769,X6,1.1064371,0.36406872,1150.6946,xgb_shap_list_ir_1_subset_85,xgb_shap_list_ir_1
1770,X1,0.67723775,0.4758309,704.3273,xgb_shap_list_ir_5_subset_112,xgb_shap_list_ir_5
1771,X2,0.691216,0.63878626,718.8646,xgb_shap_list_ir_5_subset_112,xgb_shap_list_ir_5
1772,X3,0.9040773,0.5862135,940.24036,xgb_shap_list_ir_5_subset_112,xgb_shap_list_ir_5
1773,X4,1.6657007,0.7809833,1732.3287,xgb_shap_list_ir_5_subset_112,xgb_shap_list_ir_5
1774,X5,1.2672081,0.9064447,1317.8965,xgb_shap_list_ir_5_subset_112,xgb_shap_list_ir_5
1775,X6,0.6904583,0.4847411,718.07666,xgb_shap_list_ir_5_subset_112,xgb_shap_list_ir_5
1776,X1,1.2056463,0.58345854,1253.8721,xgb_shap_list_ir_3_subset_126,xgb_shap_list_ir_3
1777,X2,0.6785783,0.70668334,705.72144,xgb_shap_list_ir_3_subset_126,xgb_shap_list_ir_3
1778,X3,0.97284997,0.38902622,1011.764,xgb_shap_list_ir_3_subset_126,xgb_shap_list_ir_3
1779,X4,0.8718671,0.45178372,906.7418,xgb_shap_list_ir_3_subset_126,xgb_shap_list_ir_3
1780,X5,1.2167858,0.6311118,1265.4573,xgb_shap_list_ir_3_subset_126,xgb_shap_list_ir_3
1781,X6,0.9409889,0.4878155,978.6285,xgb_shap_list_ir_3_subset_126,xgb_shap_list_ir_3
1782,X1,0.93675005,0.65177894,974.22003,xgb_shap_list_ir_5_subset_80,xgb_shap_list_ir_5
1783,X2,0.6090595,0.6143659,633.4219,xgb_shap_list_ir_5_subset_80,xgb_shap_list_ir_5
1784,X3,0.7072672,0.4368814,735.5579,xgb_shap_list_ir_5_subset_80,xgb_shap_list_ir_5
1785,X4,1.1664634,0.6873863,1213.122,xgb_shap_list_ir_5_subset_80,xgb_shap_list_ir_5
1786,X5,1.1535417,0.83505833,1199.6833,xgb_shap_list_ir_5_subset_80,xgb_shap_list_ir_5
1787,X6,0.868883,0.40665182,903.6383,xgb_shap_list_ir_5_subset_80,xgb_shap_list_ir_5
1788,X1,1.2361901,0.41224658,1285.6377,xgb_shap_list_ir_2_subset_33,xgb_shap_list_ir_2
1789,X2,0.56515574,0.41896513,587.76196,xgb_shap_list_ir_2_subset_33,xgb_shap_list_ir_2
1790,X3,0.6129952,0.4819412,637.515,xgb_shap_list_ir_2_subset_33,xgb_shap_list_ir_2
1791,X4,2.1159956,0.79427814,2200.6355,xgb_shap_list_ir_2_subset_33,xgb_shap_list_ir_2
1792,X5,1.5430053,0.51736784,1604.7256,xgb_shap_list_ir_2_subset_33,xgb_shap_list_ir_2
1793,X6,1.3804194,0.5410142,1435.6361,xgb_shap_list_ir_2_subset_33,xgb_shap_list_ir_2
1794,X1,0.89662474,0.6169242,932.48975,xgb_shap_list_ir_5_subset_119,xgb_shap_list_ir_5
1795,X2,0.7276677,0.6587214,756.7744,xgb_shap_list_ir_5_subset_119,xgb_shap_list_ir_5
1796,X3,0.7869723,0.47474405,818.4512,xgb_shap_list_ir_5_subset_119,xgb_shap_list_ir_5
1797,X4,1.4589565,0.59961605,1517.3147,xgb_shap_list_ir_5_subset_119,xgb_shap_list_ir_5
1798,X5,1.18264,0.936094,1229.9456,xgb_shap_list_ir_5_subset_119,xgb_shap_list_ir_5
1799,X6,0.89319515,0.4807062,928.923,xgb_shap_list_ir_5_subset_119,xgb_shap_list_ir_5
1800,X1,0.98411584,0.45501968,1023.48047,xgb_shap_list_ir_1_subset_139,xgb_shap_list_ir_1
1801,X2,0.7071415,0.27596936,735.4272,xgb_shap_list_ir_1_subset_139,xgb_shap_list_ir_1
1802,X3,0.16213925,0.088577025,168.62482,xgb_shap_list_ir_1_subset_139,xgb_shap_list_ir_1
1803,X4,0.8399352,0.47820482,873.5326,xgb_shap_list_ir_1_subset_139,xgb_shap_list_ir_1
1804,X5,1.0909029,0.49947,1134.5391,xgb_shap_list_ir_1_subset_139,xgb_shap_list_ir_1
1805,X6,0.6467898,0.643391,672.6614,xgb_shap_list_ir_1_subset_139,xgb_shap_list_ir_1
1806,X1,0.8587626,0.51486486,893.1131,xgb_shap_list_ir_4_subset_123,xgb_shap_list_ir_4
1807,X2,0.7888125,0.6226766,820.365,xgb_shap_list_ir_4_subset_123,xgb_shap_list_ir_4
1808,X3,0.46952102,0.29999238,488.30185,xgb_shap_list_ir_4_subset_123,xgb_shap_list_ir_4
1809,X4,2.0014095,0.8120782,2081.4658,xgb_shap_list_ir_4_subset_123,xgb_shap_list_ir_4
1810,X5,0.831379,0.59435487,864.63416,xgb_shap_list_ir_4_subset_123,xgb_shap_list_ir_4
1811,X6,0.85856414,0.47542638,892.9067,xgb_shap_list_ir_4_subset_123,xgb_shap_list_ir_4
1812,X1,1.040589,0.5421643,1082.2125,xgb_shap_list_ir_1_subset_131,xgb_shap_list_ir_1
1813,X2,0.80061746,0.41244042,832.64215,xgb_shap_list_ir_1_subset_131,xgb_shap_list_ir_1
1814,X3,0.40775257,0.16005057,424.06268,xgb_shap_list_ir_1_subset_131,xgb_shap_list_ir_1
1815,X4,1.0903255,0.4067093,1133.9385,xgb_shap_list_ir_1_subset_131,xgb_shap_list_ir_1
1816,X5,0.755055,0.49053797,785.2572,xgb_shap_list_ir_1_subset_131,xgb_shap_list_ir_1
1817,X6,1.3258705,0.6636813,1378.9053,xgb_shap_list_ir_1_subset_131,xgb_shap_list_ir_1
1818,X1,1.1954597,0.7348812,1243.2781,xgb_shap_list_ir_3_subset_137,xgb_shap_list_ir_3
1819,X2,0.69775355,0.53427917,725.6637,xgb_shap_list_ir_3_subset_137,xgb_shap_list_ir_3
1820,X3,0.5735865,0.25654197,596.52997,xgb_shap_list_ir_3_subset_137,xgb_shap_list_ir_3
1821,X4,1.0622995,0.5875923,1104.7915,xgb_shap_list_ir_3_subset_137,xgb_shap_list_ir_3
1822,X5,1.3738331,0.9121688,1428.7864,xgb_shap_list_ir_3_subset_137,xgb_shap_list_ir_3
1823,X6,0.80683756,0.58118385,839.1111,xgb_shap_list_ir_3_subset_137,xgb_shap_list_ir_3
1824,X1,0.7440667,0.50838035,773.8294,xgb_shap_list_ir_2_subset_120,xgb_shap_list_ir_2
1825,X2,0.51757413,0.43667302,538.2771,xgb_shap_list_ir_2_subset_120,xgb_shap_list_ir_2
1826,X3,0.764023,0.4368514,794.5839,xgb_shap_list_ir_2_subset_120,xgb_shap_list_ir_2
1827,X4,1.4036502,0.7023338,1459.7961,xgb_shap_list_ir_2_subset_120,xgb_shap_list_ir_2
1828,X5,0.6749108,0.39871562,701.9072,xgb_shap_list_ir_2_subset_120,xgb_shap_list_ir_2
1829,X6,1.3723733,0.64819944,1427.2683,xgb_shap_list_ir_2_subset_120,xgb_shap_list_ir_2
1830,X1,1.044566,0.5794263,1086.3486,xgb_shap_list_ir_3_subset_112,xgb_shap_list_ir_3
1831,X2,0.5019169,0.5257693,521.9935,xgb_shap_list_ir_3_subset_112,xgb_shap_list_ir_3
1832,X3,0.922103,0.48315075,958.9871,xgb_shap_list_ir_3_subset_112,xgb_shap_list_ir_3
1833,X4,1.2389764,0.61649245,1288.5354,xgb_shap_list_ir_3_subset_112,xgb_shap_list_ir_3
1834,X5,0.9411664,0.7710391,978.81305,xgb_shap_list_ir_3_subset_112,xgb_shap_list_ir_3
1835,X6,0.77783835,0.4446525,808.9519,xgb_shap_list_ir_3_subset_112,xgb_shap_list_ir_3
1836,X1,0.69037664,0.62523544,717.9917,xgb_shap_list_ir_1_subset_93,xgb_shap_list_ir_1
1837,X2,0.81985533,0.55848575,852.64954,xgb_shap_list_ir_1_subset_93,xgb_shap_list_ir_1
1838,X3,0.5159121,0.24486437,536.5486,xgb_shap_list_ir_1_subset_93,xgb_shap_list_ir_1
1839,X4,1.2129967,0.4456578,1261.5166,xgb_shap_list_ir_1_subset_93,xgb_shap_list_ir_1
1840,X5,0.87105703,0.28039205,905.8993,xgb_shap_list_ir_1_subset_93,xgb_shap_list_ir_1
1841,X6,0.7724642,0.30016863,803.3628,xgb_shap_list_ir_1_subset_93,xgb_shap_list_ir_1
1842,X1,0.6467421,0.51840174,672.6118,xgb_shap_list_ir_5_subset_40,xgb_shap_list_ir_5
1843,X2,0.66089654,0.5925293,687.3324,xgb_shap_list_ir_5_subset_40,xgb_shap_list_ir_5
1844,X3,0.7931785,0.45876825,824.90564,xgb_shap_list_ir_5_subset_40,xgb_shap_list_ir_5
1845,X4,1.7266608,0.8539811,1795.7273,xgb_shap_list_ir_5_subset_40,xgb_shap_list_ir_5
1846,X5,1.1138108,0.7734881,1158.3632,xgb_shap_list_ir_5_subset_40,xgb_shap_list_ir_5
1847,X6,0.73123914,0.5136366,760.4887,xgb_shap_list_ir_5_subset_40,xgb_shap_list_ir_5
1848,X1,0.77005935,0.2926375,800.8617,xgb_shap_list_ir_1_subset_34,xgb_shap_list_ir_1
1849,X2,0.38858044,0.38219157,404.12366,xgb_shap_list_ir_1_subset_34,xgb_shap_list_ir_1
1850,X3,0.18653934,0.148594,194.00092,xgb_shap_list_ir_1_subset_34,xgb_shap_list_ir_1
1851,X4,1.8881102,0.66946673,1963.6345,xgb_shap_list_ir_1_subset_34,xgb_shap_list_ir_1
1852,X5,1.6925359,0.43311143,1760.2373,xgb_shap_list_ir_1_subset_34,xgb_shap_list_ir_1
1853,X6,1.3531128,0.4498841,1407.2373,xgb_shap_list_ir_1_subset_34,xgb_shap_list_ir_1
1854,X1,0.5162603,0.35969895,536.91077,xgb_shap_list_ir_1_subset_80,xgb_shap_list_ir_1
1855,X2,0.3180901,0.31379712,330.81372,xgb_shap_list_ir_1_subset_80,xgb_shap_list_ir_1
1856,X3,0.29978696,0.24244899,311.77844,xgb_shap_list_ir_1_subset_80,xgb_shap_list_ir_1
1857,X4,1.7078371,0.5794046,1776.1506,xgb_shap_list_ir_1_subset_80,xgb_shap_list_ir_1
1858,X5,2.1187103,0.7310102,2203.4587,xgb_shap_list_ir_1_subset_80,xgb_shap_list_ir_1
1859,X6,1.0088917,0.26351023,1049.2473,xgb_shap_list_ir_1_subset_80,xgb_shap_list_ir_1
1860,X1,0.5142287,0.3189638,534.79785,xgb_shap_list_ir_2_subset_111,xgb_shap_list_ir_2
1861,X2,0.82430774,0.60588694,857.28,xgb_shap_list_ir_2_subset_111,xgb_shap_list_ir_2
1862,X3,0.78878313,0.62239784,820.3345,xgb_shap_list_ir_2_subset_111,xgb_shap_list_ir_2
1863,X4,1.1360021,0.6258425,1181.4421,xgb_shap_list_ir_2_subset_111,xgb_shap_list_ir_2
1864,X5,0.7054285,0.52724546,733.6456,xgb_shap_list_ir_2_subset_111,xgb_shap_list_ir_2
1865,X6,0.73291576,0.36886474,762.23236,xgb_shap_list_ir_2_subset_111,xgb_shap_list_ir_2
1866,X1,0.79990625,0.60857487,831.9025,xgb_shap_list_ir_3_subset_131,xgb_shap_list_ir_3
1867,X2,0.65009487,0.65399253,676.09863,xgb_shap_list_ir_3_subset_131,xgb_shap_list_ir_3
1868,X3,0.6787805,0.37649253,705.9317,xgb_shap_list_ir_3_subset_131,xgb_shap_list_ir_3
1869,X4,1.892355,0.8050281,1968.0492,xgb_shap_list_ir_3_subset_131,xgb_shap_list_ir_3
1870,X5,0.7629638,0.5117658,793.4823,xgb_shap_list_ir_3_subset_131,xgb_shap_list_ir_3
1871,X6,0.85337514,0.47795045,887.51013,xgb_shap_list_ir_3_subset_131,xgb_shap_list_ir_3
1872,X1,0.7386796,0.5806303,768.22675,xgb_shap_list_ir_5_subset_34,xgb_shap_list_ir_5
1873,X2,0.7215093,0.76211464,750.3696,xgb_shap_list_ir_5_subset_34,xgb_shap_list_ir_5
1874,X3,0.7195768,0.47817847,748.35986,xgb_shap_list_ir_5_subset_34,xgb_shap_list_ir_5
1875,X4,1.5279666,0.8050212,1589.0853,xgb_shap_list_ir_5_subset_34,xgb_shap_list_ir_5
1876,X5,1.0798992,0.8066121,1123.0952,xgb_shap_list_ir_5_subset_34,xgb_shap_list_ir_5
1877,X6,0.89132524,0.4750311,926.9783,xgb_shap_list_ir_5_subset_34,xgb_shap_list_ir_5
1878,X1,0.78143466,0.5718203,812.692,xgb_shap_list_ir_5_subset_25,xgb_shap_list_ir_5
1879,X2,0.7344889,0.6577996,763.86847,xgb_shap_list_ir_5_subset_25,xgb_shap_list_ir_5
1880,X3,0.5583301,0.40179366,580.6633,xgb_shap_list_ir_5_subset_25,xgb_shap_list_ir_5
1881,X4,1.3827186,0.73388755,1438.0273,xgb_shap_list_ir_5_subset_25,xgb_shap_list_ir_5
1882,X5,1.4569979,1.0268685,1515.2778,xgb_shap_list_ir_5_subset_25,xgb_shap_list_ir_5
1883,X6,0.80156296,0.5196321,833.6255,xgb_shap_list_ir_5_subset_25,xgb_shap_list_ir_5
1884,X1,1.0453646,0.34190547,1087.1792,xgb_shap_list_ir_1_subset_7,xgb_shap_list_ir_1
1885,X2,0.67045885,0.50149256,697.2772,xgb_shap_list_ir_1_subset_7,xgb_shap_list_ir_1
1886,X3,0.94057727,0.405486,978.2004,xgb_shap_list_ir_1_subset_7,xgb_shap_list_ir_1
1887,X4,0.76229167,0.36288264,792.7833,xgb_shap_list_ir_1_subset_7,xgb_shap_list_ir_1
1888,X5,0.34669864,0.25416324,360.5666,xgb_shap_list_ir_1_subset_7,xgb_shap_list_ir_1
1889,X6,0.708004,0.2541827,736.32416,xgb_shap_list_ir_1_subset_7,xgb_shap_list_ir_1
1890,X1,1.0602657,0.7617731,1102.6763,xgb_shap_list_ir_4_subset_18,xgb_shap_list_ir_4
1891,X2,0.5522449,0.5485363,574.3347,xgb_shap_list_ir_4_subset_18,xgb_shap_list_ir_4
1892,X3,0.436452,0.28588364,453.9101,xgb_shap_list_ir_4_subset_18,xgb_shap_list_ir_4
1893,X4,1.3457928,0.7208097,1399.6245,xgb_shap_list_ir_4_subset_18,xgb_shap_list_ir_4
1894,X5,1.1039467,0.7964455,1148.1045,xgb_shap_list_ir_4_subset_18,xgb_shap_list_ir_4
1895,X6,0.66334563,0.46329203,689.87946,xgb_shap_list_ir_4_subset_18,xgb_shap_list_ir_4
1896,X1,0.87324566,0.5727064,908.1755,xgb_shap_list_ir_5_subset_128,xgb_shap_list_ir_5
1897,X2,0.8126683,0.7530313,845.17505,xgb_shap_list_ir_5_subset_128,xgb_shap_list_ir_5
1898,X3,0.5736001,0.34936213,596.5441,xgb_shap_list_ir_5_subset_128,xgb_shap_list_ir_5
1899,X4,1.642592,0.79083705,1708.2957,xgb_shap_list_ir_5_subset_128,xgb_shap_list_ir_5
1900,X5,1.0796359,0.7069789,1122.8213,xgb_shap_list_ir_5_subset_128,xgb_shap_list_ir_5
1901,X6,0.8222978,0.4555882,855.1897,xgb_shap_list_ir_5_subset_128,xgb_shap_list_ir_5
1902,X1,0.72419447,0.44350109,753.16223,xgb_shap_list_ir_3_subset_9,xgb_shap_list_ir_3
1903,X2,0.7352118,0.54067725,764.62024,xgb_shap_list_ir_3_subset_9,xgb_shap_list_ir_3
1904,X3,0.6820703,0.33887246,709.35315,xgb_shap_list_ir_3_subset_9,xgb_shap_list_ir_3
1905,X4,1.4558281,0.75626004,1514.0612,xgb_shap_list_ir_3_subset_9,xgb_shap_list_ir_3
1906,X5,1.1803882,0.82056075,1227.6038,xgb_shap_list_ir_3_subset_9,xgb_shap_list_ir_3
1907,X6,0.8951283,0.5426844,930.9335,xgb_shap_list_ir_3_subset_9,xgb_shap_list_ir_3
1908,X1,1.0296144,0.50052065,1070.7991,xgb_shap_list_ir_3_subset_148,xgb_shap_list_ir_3
1909,X2,0.5897652,0.59523326,613.3558,xgb_shap_list_ir_3_subset_148,xgb_shap_list_ir_3
1910,X3,0.7898172,0.41963717,821.4099,xgb_shap_list_ir_3_subset_148,xgb_shap_list_ir_3
1911,X4,1.4160619,0.61541,1472.7043,xgb_shap_list_ir_3_subset_148,xgb_shap_list_ir_3
1912,X5,0.95016855,0.5908487,988.1753,xgb_shap_list_ir_3_subset_148,xgb_shap_list_ir_3
1913,X6,0.9468521,0.5075496,984.7262,xgb_shap_list_ir_3_subset_148,xgb_shap_list_ir_3
1914,X1,0.48930842,0.26857623,508.88077,xgb_shap_list_ir_2_subset_20,xgb_shap_list_ir_2
1915,X2,0.6614347,0.45257092,687.8921,xgb_shap_list_ir_2_subset_20,xgb_shap_list_ir_2
1916,X3,0.8002505,0.36850354,832.2605,xgb_shap_list_ir_2_subset_20,xgb_shap_list_ir_2
1917,X4,1.3489718,0.5773408,1402.9307,xgb_shap_list_ir_2_subset_20,xgb_shap_list_ir_2
1918,X5,1.4980797,0.6902597,1558.0028,xgb_shap_list_ir_2_subset_20,xgb_shap_list_ir_2
1919,X6,0.5012105,0.4284262,521.2589,xgb_shap_list_ir_2_subset_20,xgb_shap_list_ir_2
1920,X1,0.7506228,0.46100932,780.6477,xgb_shap_list_ir_4_subset_25,xgb_shap_list_ir_4
1921,X2,0.53298056,0.5540022,554.2998,xgb_shap_list_ir_4_subset_25,xgb_shap_list_ir_4
1922,X3,0.670363,0.357057,697.17755,xgb_shap_list_ir_4_subset_25,xgb_shap_list_ir_4
1923,X4,1.3523657,0.6933955,1406.4603,xgb_shap_list_ir_4_subset_25,xgb_shap_list_ir_4
1924,X5,0.97358906,0.7232401,1012.53265,xgb_shap_list_ir_4_subset_25,xgb_shap_list_ir_4
1925,X6,0.9917153,0.52051634,1031.3839,xgb_shap_list_ir_4_subset_25,xgb_shap_list_ir_4
1926,X1,0.71662045,0.5765927,745.2853,xgb_shap_list_ir_5_subset_74,xgb_shap_list_ir_5
1927,X2,0.7689061,0.70753753,799.66235,xgb_shap_list_ir_5_subset_74,xgb_shap_list_ir_5
1928,X3,0.86351556,0.6111967,898.05615,xgb_shap_list_ir_5_subset_74,xgb_shap_list_ir_5
1929,X4,1.3134798,0.69874686,1366.0189,xgb_shap_list_ir_5_subset_74,xgb_shap_list_ir_5
1930,X5,1.2878643,0.8076816,1339.3789,xgb_shap_list_ir_5_subset_74,xgb_shap_list_ir_5
1931,X6,0.8121478,0.64720696,844.6337,xgb_shap_list_ir_5_subset_74,xgb_shap_list_ir_5
1932,X1,0.74181885,0.42745703,771.4916,xgb_shap_list_ir_3_subset_35,xgb_shap_list_ir_3
1933,X2,0.59829676,0.5083258,622.22864,xgb_shap_list_ir_3_subset_35,xgb_shap_list_ir_3
1934,X3,0.622621,0.39228547,647.5258,xgb_shap_list_ir_3_subset_35,xgb_shap_list_ir_3
1935,X4,1.1498455,0.665999,1195.8394,xgb_shap_list_ir_3_subset_35,xgb_shap_list_ir_3
1936,X5,1.0661132,0.7763725,1108.7578,xgb_shap_list_ir_3_subset_35,xgb_shap_list_ir_3
1937,X6,0.92224044,0.5842224,959.13007,xgb_shap_list_ir_3_subset_35,xgb_shap_list_ir_3
1938,X1,0.9866556,0.72630185,1026.1218,xgb_shap_list_ir_4_subset_48,xgb_shap_list_ir_4
1939,X2,0.7100398,0.5152336,738.4414,xgb_shap_list_ir_4_subset_48,xgb_shap_list_ir_4
1940,X3,0.41148764,0.22697191,427.94714,xgb_shap_list_ir_4_subset_48,xgb_shap_list_ir_4
1941,X4,1.2256013,0.5868919,1274.6254,xgb_shap_list_ir_4_subset_48,xgb_shap_list_ir_4
1942,X5,1.2265961,0.91219383,1275.6599,xgb_shap_list_ir_4_subset_48,xgb_shap_list_ir_4
1943,X6,0.9012142,0.44135252,937.26276,xgb_shap_list_ir_4_subset_48,xgb_shap_list_ir_4
1944,X1,0.6051751,0.3993115,629.3821,xgb_shap_list_ir_3_subset_115,xgb_shap_list_ir_3
1945,X2,0.7860008,0.75437456,817.4408,xgb_shap_list_ir_3_subset_115,xgb_shap_list_ir_3
1946,X3,0.9572295,0.42718107,995.5187,xgb_shap_list_ir_3_subset_115,xgb_shap_list_ir_3
1947,X4,1.367495,0.61620045,1422.1947,xgb_shap_list_ir_3_subset_115,xgb_shap_list_ir_3
1948,X5,1.000899,0.77634406,1040.9349,xgb_shap_list_ir_3_subset_115,xgb_shap_list_ir_3
1949,X6,0.8336286,0.45569596,866.97375,xgb_shap_list_ir_3_subset_115,xgb_shap_list_ir_3
1950,X1,0.38405347,0.32166514,399.41562,xgb_shap_list_ir_1_subset_118,xgb_shap_list_ir_1
1951,X2,0.51265484,0.37376663,533.161,xgb_shap_list_ir_1_subset_118,xgb_shap_list_ir_1
1952,X3,0.7960211,0.27450243,827.86194,xgb_shap_list_ir_1_subset_118,xgb_shap_list_ir_1
1953,X4,1.3111662,0.4715179,1363.6128,xgb_shap_list_ir_1_subset_118,xgb_shap_list_ir_1
1954,X5,0.96510804,0.39023262,1003.71234,xgb_shap_list_ir_1_subset_118,xgb_shap_list_ir_1
1955,X6,0.91878736,0.48200715,955.5389,xgb_shap_list_ir_1_subset_118,xgb_shap_list_ir_1
1956,X1,0.884221,0.57215136,919.58984,xgb_shap_list_ir_4_subset_6,xgb_shap_list_ir_4
1957,X2,0.55978435,0.68872446,582.1757,xgb_shap_list_ir_4_subset_6,xgb_shap_list_ir_4
1958,X3,0.5405347,0.31873226,562.15607,xgb_shap_list_ir_4_subset_6,xgb_shap_list_ir_4
1959,X4,1.99169,0.7398875,2071.3577,xgb_shap_list_ir_4_subset_6,xgb_shap_list_ir_4
1960,X5,1.1367724,0.8373323,1182.2433,xgb_shap_list_ir_4_subset_6,xgb_shap_list_ir_4
1961,X6,0.8385925,0.45838106,872.1362,xgb_shap_list_ir_4_subset_6,xgb_shap_list_ir_4
1962,X1,1.1816299,0.835995,1228.8951,xgb_shap_list_ir_3_subset_90,xgb_shap_list_ir_3
1963,X2,0.44030994,0.4583457,457.92233,xgb_shap_list_ir_3_subset_90,xgb_shap_list_ir_3
1964,X3,0.3362391,0.19171412,349.68866,xgb_shap_list_ir_3_subset_90,xgb_shap_list_ir_3
1965,X4,1.3999515,0.64131254,1455.9495,xgb_shap_list_ir_3_subset_90,xgb_shap_list_ir_3
1966,X5,1.4599314,1.0228418,1518.3286,xgb_shap_list_ir_3_subset_90,xgb_shap_list_ir_3
1967,X6,1.117799,0.46999857,1162.511,xgb_shap_list_ir_3_subset_90,xgb_shap_list_ir_3
1968,X1,0.68747103,0.5281501,714.96985,xgb_shap_list_ir_5_subset_12,xgb_shap_list_ir_5
1969,X2,0.7027055,0.7291544,730.8137,xgb_shap_list_ir_5_subset_12,xgb_shap_list_ir_5
1970,X3,0.6843208,0.42814258,711.69366,xgb_shap_list_ir_5_subset_12,xgb_shap_list_ir_5
1971,X4,1.3871431,0.75120866,1442.6289,xgb_shap_list_ir_5_subset_12,xgb_shap_list_ir_5
1972,X5,1.2578442,0.85749674,1308.158,xgb_shap_list_ir_5_subset_12,xgb_shap_list_ir_5
1973,X6,0.7265252,0.45828602,755.5862,xgb_shap_list_ir_5_subset_12,xgb_shap_list_ir_5
1974,X1,0.68511313,0.45046127,712.51764,xgb_shap_list_ir_2_subset_96,xgb_shap_list_ir_2
1975,X2,0.7956659,0.44628474,827.49255,xgb_shap_list_ir_2_subset_96,xgb_shap_list_ir_2
1976,X3,0.2852133,0.26574963,296.62183,xgb_shap_list_ir_2_subset_96,xgb_shap_list_ir_2
1977,X4,1.4211409,0.54696614,1477.9866,xgb_shap_list_ir_2_subset_96,xgb_shap_list_ir_2
1978,X5,1.1314933,0.6478925,1176.753,xgb_shap_list_ir_2_subset_96,xgb_shap_list_ir_2
1979,X6,0.5958258,0.49995413,619.6588,xgb_shap_list_ir_2_subset_96,xgb_shap_list_ir_2
1980,X1,0.7085508,0.5005171,736.8928,xgb_shap_list_ir_5_subset_18,xgb_shap_list_ir_5
1981,X2,0.7581116,0.67555255,788.43604,xgb_shap_list_ir_5_subset_18,xgb_shap_list_ir_5
1982,X3,0.82350606,0.5045088,856.4463,xgb_shap_list_ir_5_subset_18,xgb_shap_list_ir_5
1983,X4,1.4773533,0.6724334,1536.4475,xgb_shap_list_ir_5_subset_18,xgb_shap_list_ir_5
1984,X5,1.377177,0.9564566,1432.264,xgb_shap_list_ir_5_subset_18,xgb_shap_list_ir_5
1985,X6,0.71283257,0.48599392,741.3459,xgb_shap_list_ir_5_subset_18,xgb_shap_list_ir_5
1986,X1,0.9661004,0.604159,1004.7444,xgb_shap_list_ir_5_subset_106,xgb_shap_list_ir_5
1987,X2,0.7475414,0.5851265,777.4431,xgb_shap_list_ir_5_subset_106,xgb_shap_list_ir_5
1988,X3,0.8382876,0.50694555,871.8191,xgb_shap_list_ir_5_subset_106,xgb_shap_list_ir_5
1989,X4,1.3414973,0.6796789,1395.1572,xgb_shap_list_ir_5_subset_106,xgb_shap_list_ir_5
1990,X5,1.2266449,0.99215585,1275.7107,xgb_shap_list_ir_5_subset_106,xgb_shap_list_ir_5
1991,X6,0.903806,0.5796798,939.9582,xgb_shap_list_ir_5_subset_106,xgb_shap_list_ir_5
1992,X1,0.75971955,0.7523211,790.10834,xgb_shap_list_ir_3_subset_76,xgb_shap_list_ir_3
1993,X2,0.523902,0.56027395,544.8581,xgb_shap_list_ir_3_subset_76,xgb_shap_list_ir_3
1994,X3,0.9293654,0.382432,966.54004,xgb_shap_list_ir_3_subset_76,xgb_shap_list_ir_3
1995,X4,2.0394492,0.7846881,2121.027,xgb_shap_list_ir_3_subset_76,xgb_shap_list_ir_3
1996,X5,0.9508279,0.6056719,988.861,xgb_shap_list_ir_3_subset_76,xgb_shap_list_ir_3
1997,X6,0.97643936,0.4537554,1015.49695,xgb_shap_list_ir_3_subset_76,xgb_shap_list_ir_3
1998,X1,1.2406119,0.58106273,1290.2363,xgb_shap_list_ir_2_subset_60,xgb_shap_list_ir_2
1999,X2,0.8186978,0.5755872,851.44574,xgb_shap_list_ir_2_subset_60,xgb_shap_list_ir_2
2000,X3,0.22315481,0.17212819,232.08101,xgb_shap_list_ir_2_subset_60,xgb_shap_list_ir_2
2001,X4,1.3692183,0.6172804,1423.987,xgb_shap_list_ir_2_subset_60,xgb_shap_list_ir_2
2002,X5,1.1542897,0.5903895,1200.4613,xgb_shap_list_ir_2_subset_60,xgb_shap_list_ir_2
2003,X6,1.1104673,0.45905498,1154.886,xgb_shap_list_ir_2_subset_60,xgb_shap_list_ir_2
2004,X1,0.5978951,0.46752077,621.8109,xgb_shap_list_ir_3_subset_123,xgb_shap_list_ir_3
2005,X2,0.6403079,0.45169446,665.9202,xgb_shap_list_ir_3_subset_123,xgb_shap_list_ir_3
2006,X3,0.7536117,0.3732148,783.75616,xgb_shap_list_ir_3_subset_123,xgb_shap_list_ir_3
2007,X4,1.3638082,0.7229387,1418.3605,xgb_shap_list_ir_3_subset_123,xgb_shap_list_ir_3
2008,X5,1.0745351,0.76548165,1117.5165,xgb_shap_list_ir_3_subset_123,xgb_shap_list_ir_3
2009,X6,0.5891427,0.38346663,612.7084,xgb_shap_list_ir_3_subset_123,xgb_shap_list_ir_3
2010,X1,0.9332078,0.4972184,970.53613,xgb_shap_list_ir_2_subset_84,xgb_shap_list_ir_2
2011,X2,0.6797901,0.5439102,706.9817,xgb_shap_list_ir_2_subset_84,xgb_shap_list_ir_2
2012,X3,1.110066,0.6176489,1154.4688,xgb_shap_list_ir_2_subset_84,xgb_shap_list_ir_2
2013,X4,1.2923776,0.58157456,1344.0728,xgb_shap_list_ir_2_subset_84,xgb_shap_list_ir_2
2014,X5,0.729331,0.46609297,758.5043,xgb_shap_list_ir_2_subset_84,xgb_shap_list_ir_2
2015,X6,0.45637703,0.32360148,474.6321,xgb_shap_list_ir_2_subset_84,xgb_shap_list_ir_2
2016,X1,0.75990117,0.38917264,790.29724,xgb_shap_list_ir_1_subset_21,xgb_shap_list_ir_1
2017,X2,0.60850513,0.653688,632.84534,xgb_shap_list_ir_1_subset_21,xgb_shap_list_ir_1
2018,X3,0.96438485,0.38535425,1002.96027,xgb_shap_list_ir_1_subset_21,xgb_shap_list_ir_1
2019,X4,0.9949226,0.34537542,1034.7195,xgb_shap_list_ir_1_subset_21,xgb_shap_list_ir_1
2020,X5,1.0425187,0.4017184,1084.2195,xgb_shap_list_ir_1_subset_21,xgb_shap_list_ir_1
2021,X6,1.1385593,0.42983985,1184.1017,xgb_shap_list_ir_1_subset_21,xgb_shap_list_ir_1
2022,X1,1.5500197,0.66034466,1612.0205,xgb_shap_list_ir_1_subset_104,xgb_shap_list_ir_1
2023,X2,0.90479606,0.4736507,940.9879,xgb_shap_list_ir_1_subset_104,xgb_shap_list_ir_1
2024,X3,1.0272247,0.4860359,1068.3136,xgb_shap_list_ir_1_subset_104,xgb_shap_list_ir_1
2025,X4,0.7633625,0.4152714,793.89703,xgb_shap_list_ir_1_subset_104,xgb_shap_list_ir_1
2026,X5,0.82811433,0.47887546,861.2389,xgb_shap_list_ir_1_subset_104,xgb_shap_list_ir_1
2027,X6,0.4303046,0.19666238,447.51678,xgb_shap_list_ir_1_subset_104,xgb_shap_list_ir_1
2028,X1,0.91565883,0.7318574,952.28516,xgb_shap_list_ir_5_subset_139,xgb_shap_list_ir_5
2029,X2,0.782511,0.7633652,813.81146,xgb_shap_list_ir_5_subset_139,xgb_shap_list_ir_5
2030,X3,0.50710684,0.3235539,527.3911,xgb_shap_list_ir_5_subset_139,xgb_shap_list_ir_5
2031,X4,1.656351,0.8261978,1722.605,xgb_shap_list_ir_5_subset_139,xgb_shap_list_ir_5
2032,X5,1.018257,0.751676,1058.9873,xgb_shap_list_ir_5_subset_139,xgb_shap_list_ir_5
2033,X6,0.854634,0.5685917,888.81934,xgb_shap_list_ir_5_subset_139,xgb_shap_list_ir_5
2034,X1,0.70449007,0.42126098,732.6697,xgb_shap_list_ir_2_subset_131,xgb_shap_list_ir_2
2035,X2,0.49198636,0.49489626,511.66583,xgb_shap_list_ir_2_subset_131,xgb_shap_list_ir_2
2036,X3,0.5368689,0.34182313,558.3436,xgb_shap_list_ir_2_subset_131,xgb_shap_list_ir_2
2037,X4,1.1372911,0.4511341,1182.7827,xgb_shap_list_ir_2_subset_131,xgb_shap_list_ir_2
2038,X5,1.2081904,0.5356491,1256.5181,xgb_shap_list_ir_2_subset_131,xgb_shap_list_ir_2
2039,X6,0.81593525,0.40945178,848.5727,xgb_shap_list_ir_2_subset_131,xgb_shap_list_ir_2
2040,X1,0.77937335,0.6153194,810.5483,xgb_shap_list_ir_2_subset_46,xgb_shap_list_ir_2
2041,X2,0.64833546,0.6501492,674.26886,xgb_shap_list_ir_2_subset_46,xgb_shap_list_ir_2
2042,X3,0.5836251,0.26333275,606.9701,xgb_shap_list_ir_2_subset_46,xgb_shap_list_ir_2
2043,X4,1.1392099,0.51239145,1184.7783,xgb_shap_list_ir_2_subset_46,xgb_shap_list_ir_2
2044,X5,0.8195813,0.63354313,852.3645,xgb_shap_list_ir_2_subset_46,xgb_shap_list_ir_2
2045,X6,0.6048478,0.31709176,629.0417,xgb_shap_list_ir_2_subset_46,xgb_shap_list_ir_2
2046,X1,0.8025262,0.47499657,834.6272,xgb_shap_list_ir_1_subset_58,xgb_shap_list_ir_1
2047,X2,0.7644096,0.32579753,794.98596,xgb_shap_list_ir_1_subset_58,xgb_shap_list_ir_1
2048,X3,0.71251476,0.34197232,741.0153,xgb_shap_list_ir_1_subset_58,xgb_shap_list_ir_1
2049,X4,1.544508,0.41755295,1606.2883,xgb_shap_list_ir_1_subset_58,xgb_shap_list_ir_1
2050,X5,0.9945174,0.27310658,1034.2981,xgb_shap_list_ir_1_subset_58,xgb_shap_list_ir_1
2051,X6,1.0930599,0.3348491,1136.7823,xgb_shap_list_ir_1_subset_58,xgb_shap_list_ir_1
2052,X1,0.41631415,0.32229954,432.96674,xgb_shap_list_ir_1_subset_32,xgb_shap_list_ir_1
2053,X2,0.1916686,0.1796646,199.33534,xgb_shap_list_ir_1_subset_32,xgb_shap_list_ir_1
2054,X3,0.27364814,0.15430689,284.59406,xgb_shap_list_ir_1_subset_32,xgb_shap_list_ir_1
2055,X4,2.5527716,0.77186555,2654.8823,xgb_shap_list_ir_1_subset_32,xgb_shap_list_ir_1
2056,X5,1.1870586,0.5424668,1234.5409,xgb_shap_list_ir_1_subset_32,xgb_shap_list_ir_1
2057,X6,1.0535731,0.44487953,1095.7161,xgb_shap_list_ir_1_subset_32,xgb_shap_list_ir_1
2058,X1,0.6379652,0.5781978,663.4838,xgb_shap_list_ir_4_subset_8,xgb_shap_list_ir_4
2059,X2,0.78951246,0.7670101,821.09296,xgb_shap_list_ir_4_subset_8,xgb_shap_list_ir_4
2060,X3,0.3632052,0.26124352,377.7334,xgb_shap_list_ir_4_subset_8,xgb_shap_list_ir_4
2061,X4,1.431214,0.615152,1488.4625,xgb_shap_list_ir_4_subset_8,xgb_shap_list_ir_4
2062,X5,1.312781,0.890556,1365.2922,xgb_shap_list_ir_4_subset_8,xgb_shap_list_ir_4
2063,X6,0.9373252,0.5651362,974.8182,xgb_shap_list_ir_4_subset_8,xgb_shap_list_ir_4
2064,X1,0.97541857,0.5919545,1014.4353,xgb_shap_list_ir_2_subset_24,xgb_shap_list_ir_2
2065,X2,0.66683555,0.57039416,693.509,xgb_shap_list_ir_2_subset_24,xgb_shap_list_ir_2
2066,X3,0.83763665,0.4056624,871.1421,xgb_shap_list_ir_2_subset_24,xgb_shap_list_ir_2
2067,X4,0.8178025,0.50811774,850.5146,xgb_shap_list_ir_2_subset_24,xgb_shap_list_ir_2
2068,X5,0.8369475,0.5835729,870.4254,xgb_shap_list_ir_2_subset_24,xgb_shap_list_ir_2
2069,X6,0.73872536,0.4595583,768.27435,xgb_shap_list_ir_2_subset_24,xgb_shap_list_ir_2
2070,X1,0.84533995,0.510745,879.15356,xgb_shap_list_ir_4_subset_5,xgb_shap_list_ir_4
2071,X2,0.82061183,0.705159,853.4363,xgb_shap_list_ir_4_subset_5,xgb_shap_list_ir_4
2072,X3,0.54817945,0.27420786,570.1066,xgb_shap_list_ir_4_subset_5,xgb_shap_list_ir_4
2073,X4,1.7329923,0.74005896,1802.312,xgb_shap_list_ir_4_subset_5,xgb_shap_list_ir_4
2074,X5,1.0784485,0.64028424,1121.5864,xgb_shap_list_ir_4_subset_5,xgb_shap_list_ir_4
2075,X6,0.72755253,0.40170315,756.65466,xgb_shap_list_ir_4_subset_5,xgb_shap_list_ir_4
2076,X1,0.8633936,0.54458743,897.9293,xgb_shap_list_ir_4_subset_38,xgb_shap_list_ir_4
2077,X2,0.7444737,0.59818643,774.2526,xgb_shap_list_ir_4_subset_38,xgb_shap_list_ir_4
2078,X3,0.55124336,0.34523547,573.2931,xgb_shap_list_ir_4_subset_38,xgb_shap_list_ir_4
2079,X4,1.4292235,0.5884457,1486.3925,xgb_shap_list_ir_4_subset_38,xgb_shap_list_ir_4
2080,X5,1.0750998,0.91291815,1118.1038,xgb_shap_list_ir_4_subset_38,xgb_shap_list_ir_4
2081,X6,0.7955321,0.4956438,827.3534,xgb_shap_list_ir_4_subset_38,xgb_shap_list_ir_4
2082,X1,0.84307957,0.57715344,876.80273,xgb_shap_list_ir_5_subset_33,xgb_shap_list_ir_5
2083,X2,0.7151007,0.5938315,743.7047,xgb_shap_list_ir_5_subset_33,xgb_shap_list_ir_5
2084,X3,0.65496546,0.40839973,681.16406,xgb_shap_list_ir_5_subset_33,xgb_shap_list_ir_5
2085,X4,1.534042,0.6534923,1595.4037,xgb_shap_list_ir_5_subset_33,xgb_shap_list_ir_5
2086,X5,1.2370352,0.8572073,1286.5166,xgb_shap_list_ir_5_subset_33,xgb_shap_list_ir_5
2087,X6,0.671258,0.42759794,698.1083,xgb_shap_list_ir_5_subset_33,xgb_shap_list_ir_5
2088,X1,0.6581296,0.3951637,684.4548,xgb_shap_list_ir_1_subset_114,xgb_shap_list_ir_1
2089,X2,0.6881756,0.3521815,715.70264,xgb_shap_list_ir_1_subset_114,xgb_shap_list_ir_1
2090,X3,0.9164415,0.35997394,953.0992,xgb_shap_list_ir_1_subset_114,xgb_shap_list_ir_1
2091,X4,0.9174806,0.3918576,954.1798,xgb_shap_list_ir_1_subset_114,xgb_shap_list_ir_1
2092,X5,1.0889188,0.3827343,1132.4756,xgb_shap_list_ir_1_subset_114,xgb_shap_list_ir_1
2093,X6,0.88175,0.42643335,917.01996,xgb_shap_list_ir_1_subset_114,xgb_shap_list_ir_1
2094,X1,0.6659024,0.4024273,692.53845,xgb_shap_list_ir_2_subset_119,xgb_shap_list_ir_2
2095,X2,0.66626847,0.4130108,692.9192,xgb_shap_list_ir_2_subset_119,xgb_shap_list_ir_2
2096,X3,0.72380865,0.44181857,752.761,xgb_shap_list_ir_2_subset_119,xgb_shap_list_ir_2
2097,X4,1.508555,0.5386135,1568.8972,xgb_shap_list_ir_2_subset_119,xgb_shap_list_ir_2
2098,X5,1.0994045,0.58771557,1143.3806,xgb_shap_list_ir_2_subset_119,xgb_shap_list_ir_2
2099,X6,0.7795287,0.33339176,810.70984,xgb_shap_list_ir_2_subset_119,xgb_shap_list_ir_2
2100,X1,0.8226795,0.5075574,855.5867,xgb_shap_list_ir_4_subset_138,xgb_shap_list_ir_4
2101,X2,0.58572406,0.5789573,609.153,xgb_shap_list_ir_4_subset_138,xgb_shap_list_ir_4
2102,X3,0.72113997,0.4565996,749.9856,xgb_shap_list_ir_4_subset_138,xgb_shap_list_ir_4
2103,X4,1.8117101,0.71989965,1884.1785,xgb_shap_list_ir_4_subset_138,xgb_shap_list_ir_4
2104,X5,0.94804025,0.599583,985.96185,xgb_shap_list_ir_4_subset_138,xgb_shap_list_ir_4
2105,X6,0.78629416,0.4315979,817.7459,xgb_shap_list_ir_4_subset_138,xgb_shap_list_ir_4
2106,X1,0.64787614,0.56642306,673.7912,xgb_shap_list_ir_1_subset_14,xgb_shap_list_ir_1
2107,X2,0.9092107,0.6685666,945.5791,xgb_shap_list_ir_1_subset_14,xgb_shap_list_ir_1
2108,X3,0.7710891,0.31642523,801.9326,xgb_shap_list_ir_1_subset_14,xgb_shap_list_ir_1
2109,X4,0.37528005,0.25984567,390.29126,xgb_shap_list_ir_1_subset_14,xgb_shap_list_ir_1
2110,X5,1.0781518,0.55548996,1121.278,xgb_shap_list_ir_1_subset_14,xgb_shap_list_ir_1
2111,X6,0.2357055,0.14257807,245.13371,xgb_shap_list_ir_1_subset_14,xgb_shap_list_ir_1
2112,X1,0.45627746,0.37542602,474.52856,xgb_shap_list_ir_2_subset_13,xgb_shap_list_ir_2
2113,X2,0.6740827,0.52902853,701.046,xgb_shap_list_ir_2_subset_13,xgb_shap_list_ir_2
2114,X3,0.35417798,0.243144,368.3451,xgb_shap_list_ir_2_subset_13,xgb_shap_list_ir_2
2115,X4,1.4204235,0.6640683,1477.2405,xgb_shap_list_ir_2_subset_13,xgb_shap_list_ir_2
2116,X5,0.6388397,0.42560625,664.3933,xgb_shap_list_ir_2_subset_13,xgb_shap_list_ir_2
2117,X6,0.8436053,0.41890702,877.3495,xgb_shap_list_ir_2_subset_13,xgb_shap_list_ir_2
2118,X1,0.6690285,0.5438822,695.7897,xgb_shap_list_ir_3_subset_48,xgb_shap_list_ir_3
2119,X2,0.7570357,0.56207705,787.3171,xgb_shap_list_ir_3_subset_48,xgb_shap_list_ir_3
2120,X3,0.51382774,0.31690702,534.38086,xgb_shap_list_ir_3_subset_48,xgb_shap_list_ir_3
2121,X4,1.6245208,0.66013044,1689.5016,xgb_shap_list_ir_3_subset_48,xgb_shap_list_ir_3
2122,X5,0.6921861,0.5180687,719.87354,xgb_shap_list_ir_3_subset_48,xgb_shap_list_ir_3
2123,X6,1.10137,0.53633255,1145.4248,xgb_shap_list_ir_3_subset_48,xgb_shap_list_ir_3
2124,X1,0.7454517,0.42971188,775.2698,xgb_shap_list_ir_1_subset_147,xgb_shap_list_ir_1
2125,X2,0.79978764,0.5141102,831.7792,xgb_shap_list_ir_1_subset_147,xgb_shap_list_ir_1
2126,X3,0.9268081,0.34778997,963.88043,xgb_shap_list_ir_1_subset_147,xgb_shap_list_ir_1
2127,X4,1.3196714,0.4089621,1372.4583,xgb_shap_list_ir_1_subset_147,xgb_shap_list_ir_1
2128,X5,1.2784787,0.40556338,1329.6179,xgb_shap_list_ir_1_subset_147,xgb_shap_list_ir_1
2129,X6,0.9797992,0.22969234,1018.99115,xgb_shap_list_ir_1_subset_147,xgb_shap_list_ir_1
2130,X1,0.7234243,0.3824431,752.36127,xgb_shap_list_ir_1_subset_2,xgb_shap_list_ir_1
2131,X2,0.89071476,0.5603806,926.3434,xgb_shap_list_ir_1_subset_2,xgb_shap_list_ir_1
2132,X3,0.51621974,0.2353868,536.8685,xgb_shap_list_ir_1_subset_2,xgb_shap_list_ir_1
2133,X4,1.374479,0.4894501,1429.4583,xgb_shap_list_ir_1_subset_2,xgb_shap_list_ir_1
2134,X5,1.0635196,0.3293591,1106.0604,xgb_shap_list_ir_1_subset_2,xgb_shap_list_ir_1
2135,X6,1.2309985,0.25201544,1280.2384,xgb_shap_list_ir_1_subset_2,xgb_shap_list_ir_1
2136,X1,0.7838562,0.58346254,815.21045,xgb_shap_list_ir_3_subset_108,xgb_shap_list_ir_3
2137,X2,0.54318273,0.3926506,564.91003,xgb_shap_list_ir_3_subset_108,xgb_shap_list_ir_3
2138,X3,0.8184032,0.4573219,851.1393,xgb_shap_list_ir_3_subset_108,xgb_shap_list_ir_3
2139,X4,1.3234673,0.7365532,1376.406,xgb_shap_list_ir_3_subset_108,xgb_shap_list_ir_3
2140,X5,1.0782382,0.7725284,1121.3678,xgb_shap_list_ir_3_subset_108,xgb_shap_list_ir_3
2141,X6,0.79248035,0.4607133,824.17957,xgb_shap_list_ir_3_subset_108,xgb_shap_list_ir_3
2142,X1,0.8771511,0.5852259,912.2371,xgb_shap_list_ir_5_subset_142,xgb_shap_list_ir_5
2143,X2,0.7600935,0.60199213,790.49725,xgb_shap_list_ir_5_subset_142,xgb_shap_list_ir_5
2144,X3,0.5269949,0.41017124,548.0747,xgb_shap_list_ir_5_subset_142,xgb_shap_list_ir_5
2145,X4,1.2760829,0.62755,1327.1262,xgb_shap_list_ir_5_subset_142,xgb_shap_list_ir_5
2146,X5,1.5723851,1.1307354,1635.2805,xgb_shap_list_ir_5_subset_142,xgb_shap_list_ir_5
2147,X6,0.9066619,0.54644537,942.9284,xgb_shap_list_ir_5_subset_142,xgb_shap_list_ir_5
2148,X1,0.8765423,0.45667532,911.604,xgb_shap_list_ir_2_subset_135,xgb_shap_list_ir_2
2149,X2,0.5497829,0.45932505,571.7742,xgb_shap_list_ir_2_subset_135,xgb_shap_list_ir_2
2150,X3,0.76084644,0.25423494,791.2803,xgb_shap_list_ir_2_subset_135,xgb_shap_list_ir_2
2151,X4,0.9891308,0.68315333,1028.696,xgb_shap_list_ir_2_subset_135,xgb_shap_list_ir_2
2152,X5,0.8208508,0.6213928,853.6848,xgb_shap_list_ir_2_subset_135,xgb_shap_list_ir_2
2153,X6,0.80737114,0.45322108,839.666,xgb_shap_list_ir_2_subset_135,xgb_shap_list_ir_2
2154,X1,0.67763674,0.4300094,704.7422,xgb_shap_list_ir_5_subset_110,xgb_shap_list_ir_5
2155,X2,0.7504135,0.6960621,780.43,xgb_shap_list_ir_5_subset_110,xgb_shap_list_ir_5
2156,X3,0.5888784,0.44249946,612.43353,xgb_shap_list_ir_5_subset_110,xgb_shap_list_ir_5
2157,X4,1.7515701,0.90140134,1821.6329,xgb_shap_list_ir_5_subset_110,xgb_shap_list_ir_5
2158,X5,0.99434954,0.6913866,1034.1235,xgb_shap_list_ir_5_subset_110,xgb_shap_list_ir_5
2159,X6,0.8394413,0.49039343,873.0189,xgb_shap_list_ir_5_subset_110,xgb_shap_list_ir_5
2160,X1,0.72417885,0.478852,753.146,xgb_shap_list_ir_4_subset_141,xgb_shap_list_ir_4
2161,X2,0.7602252,0.57913,790.63416,xgb_shap_list_ir_4_subset_141,xgb_shap_list_ir_4
2162,X3,0.76926696,0.47829953,800.03766,xgb_shap_list_ir_4_subset_141,xgb_shap_list_ir_4
2163,X4,1.5958714,0.73165,1659.7063,xgb_shap_list_ir_4_subset_141,xgb_shap_list_ir_4
2164,X5,0.97652394,0.63576317,1015.5849,xgb_shap_list_ir_4_subset_141,xgb_shap_list_ir_4
2165,X6,0.8296881,0.51509416,862.8756,xgb_shap_list_ir_4_subset_141,xgb_shap_list_ir_4
2166,X1,0.902906,0.7255278,939.0222,xgb_shap_list_ir_3_subset_62,xgb_shap_list_ir_3
2167,X2,0.62961555,0.6666178,654.8002,xgb_shap_list_ir_3_subset_62,xgb_shap_list_ir_3
2168,X3,0.34115502,0.22295709,354.8012,xgb_shap_list_ir_3_subset_62,xgb_shap_list_ir_3
2169,X4,1.6898233,0.6585744,1757.4163,xgb_shap_list_ir_3_subset_62,xgb_shap_list_ir_3
2170,X5,1.0394127,0.61807823,1080.9893,xgb_shap_list_ir_3_subset_62,xgb_shap_list_ir_3
2171,X6,0.6879918,0.54811406,715.5115,xgb_shap_list_ir_3_subset_62,xgb_shap_list_ir_3
2172,X1,1.0218487,0.55438876,1062.7227,xgb_shap_list_ir_3_subset_129,xgb_shap_list_ir_3
2173,X2,0.57642025,0.55932504,599.47705,xgb_shap_list_ir_3_subset_129,xgb_shap_list_ir_3
2174,X3,0.6741148,0.4316447,701.0794,xgb_shap_list_ir_3_subset_129,xgb_shap_list_ir_3
2175,X4,1.2501944,0.7121014,1300.2021,xgb_shap_list_ir_3_subset_129,xgb_shap_list_ir_3
2176,X5,0.9613568,0.6499013,999.8111,xgb_shap_list_ir_3_subset_129,xgb_shap_list_ir_3
2177,X6,0.734746,0.43507323,764.1358,xgb_shap_list_ir_3_subset_129,xgb_shap_list_ir_3
2178,X1,1.8505727,0.65397835,1924.5956,xgb_shap_list_ir_1_subset_57,xgb_shap_list_ir_1
2179,X2,0.36469525,0.33998972,379.28305,xgb_shap_list_ir_1_subset_57,xgb_shap_list_ir_1
2180,X3,0.5931669,0.28157178,616.89355,xgb_shap_list_ir_1_subset_57,xgb_shap_list_ir_1
2181,X4,1.0891052,0.27425763,1132.6694,xgb_shap_list_ir_1_subset_57,xgb_shap_list_ir_1
2182,X5,0.64161557,0.29761237,667.2802,xgb_shap_list_ir_1_subset_57,xgb_shap_list_ir_1
2183,X6,1.2783463,0.4000571,1329.4801,xgb_shap_list_ir_1_subset_57,xgb_shap_list_ir_1
2184,X1,0.9029797,0.6521065,939.0989,xgb_shap_list_ir_5_subset_132,xgb_shap_list_ir_5
2185,X2,0.7026758,0.6436899,730.78284,xgb_shap_list_ir_5_subset_132,xgb_shap_list_ir_5
2186,X3,0.569841,0.34928527,592.63464,xgb_shap_list_ir_5_subset_132,xgb_shap_list_ir_5
2187,X4,1.5687916,0.74144244,1631.5433,xgb_shap_list_ir_5_subset_132,xgb_shap_list_ir_5
2188,X5,1.195908,0.9540444,1243.7443,xgb_shap_list_ir_5_subset_132,xgb_shap_list_ir_5
2189,X6,0.95491946,0.5663109,993.1162,xgb_shap_list_ir_5_subset_132,xgb_shap_list_ir_5
2190,X1,1.0576977,0.669691,1100.0056,xgb_shap_list_ir_3_subset_1,xgb_shap_list_ir_3
2191,X2,0.6338948,0.6039605,659.2506,xgb_shap_list_ir_3_subset_1,xgb_shap_list_ir_3
2192,X3,0.8114638,0.3705377,843.9223,xgb_shap_list_ir_3_subset_1,xgb_shap_list_ir_3
2193,X4,1.1807379,0.5447168,1227.9674,xgb_shap_list_ir_3_subset_1,xgb_shap_list_ir_3
2194,X5,1.0218937,0.62862873,1062.7695,xgb_shap_list_ir_3_subset_1,xgb_shap_list_ir_3
2195,X6,1.0193424,0.51370174,1060.1161,xgb_shap_list_ir_3_subset_1,xgb_shap_list_ir_3
2196,X1,0.59333605,0.39205647,617.06946,xgb_shap_list_ir_1_subset_87,xgb_shap_list_ir_1
2197,X2,0.6447508,0.4554716,670.54083,xgb_shap_list_ir_1_subset_87,xgb_shap_list_ir_1
2198,X3,0.659097,0.46515277,685.4609,xgb_shap_list_ir_1_subset_87,xgb_shap_list_ir_1
2199,X4,0.7705447,0.38288766,801.3665,xgb_shap_list_ir_1_subset_87,xgb_shap_list_ir_1
2200,X5,1.0565779,0.43351176,1098.8411,xgb_shap_list_ir_1_subset_87,xgb_shap_list_ir_1
2201,X6,0.3985775,0.32570943,414.5206,xgb_shap_list_ir_1_subset_87,xgb_shap_list_ir_1
2202,X1,0.9865523,0.56112623,1026.0144,xgb_shap_list_ir_5_subset_76,xgb_shap_list_ir_5
2203,X2,0.6620146,0.6940198,688.4952,xgb_shap_list_ir_5_subset_76,xgb_shap_list_ir_5
2204,X3,0.65057826,0.37386006,676.6014,xgb_shap_list_ir_5_subset_76,xgb_shap_list_ir_5
2205,X4,1.6680431,0.71337485,1734.7649,xgb_shap_list_ir_5_subset_76,xgb_shap_list_ir_5
2206,X5,1.2657204,0.9290632,1316.3491,xgb_shap_list_ir_5_subset_76,xgb_shap_list_ir_5
2207,X6,0.99165475,0.5445509,1031.3209,xgb_shap_list_ir_5_subset_76,xgb_shap_list_ir_5
2208,X1,0.5164479,0.37872073,537.10583,xgb_shap_list_ir_3_subset_36,xgb_shap_list_ir_3
2209,X2,0.66980004,0.7505285,696.59204,xgb_shap_list_ir_3_subset_36,xgb_shap_list_ir_3
2210,X3,0.93255955,0.5560004,969.86194,xgb_shap_list_ir_3_subset_36,xgb_shap_list_ir_3
2211,X4,1.8934075,0.76010495,1969.1438,xgb_shap_list_ir_3_subset_36,xgb_shap_list_ir_3
2212,X5,0.82091415,0.58342344,853.75073,xgb_shap_list_ir_3_subset_36,xgb_shap_list_ir_3
2213,X6,0.7842164,0.41412196,815.5851,xgb_shap_list_ir_3_subset_36,xgb_shap_list_ir_3
2214,X1,0.7080607,0.47391242,736.3831,xgb_shap_list_ir_4_subset_13,xgb_shap_list_ir_4
2215,X2,0.5827931,0.47371364,606.10486,xgb_shap_list_ir_4_subset_13,xgb_shap_list_ir_4
2216,X3,0.9508055,0.5134508,988.8377,xgb_shap_list_ir_4_subset_13,xgb_shap_list_ir_4
2217,X4,1.4914162,0.65217996,1551.0729,xgb_shap_list_ir_4_subset_13,xgb_shap_list_ir_4
2218,X5,1.159298,0.9372997,1205.6698,xgb_shap_list_ir_4_subset_13,xgb_shap_list_ir_4
2219,X6,0.83390105,0.5370612,867.2571,xgb_shap_list_ir_4_subset_13,xgb_shap_list_ir_4
2220,X1,0.83384424,0.4354942,867.198,xgb_shap_list_ir_1_subset_9,xgb_shap_list_ir_1
2221,X2,0.9987983,0.6313083,1038.7502,xgb_shap_list_ir_1_subset_9,xgb_shap_list_ir_1
2222,X3,0.7934142,0.41259813,825.15076,xgb_shap_list_ir_1_subset_9,xgb_shap_list_ir_1
2223,X4,0.9749808,0.36335844,1013.98,xgb_shap_list_ir_1_subset_9,xgb_shap_list_ir_1
2224,X5,0.890009,0.47132182,925.6094,xgb_shap_list_ir_1_subset_9,xgb_shap_list_ir_1
2225,X6,1.073965,0.45408714,1116.9236,xgb_shap_list_ir_1_subset_9,xgb_shap_list_ir_1
2226,X1,0.2970361,0.1350356,308.91754,xgb_shap_list_ir_1_subset_71,xgb_shap_list_ir_1
2227,X2,0.111334726,0.059584104,115.78812,xgb_shap_list_ir_1_subset_71,xgb_shap_list_ir_1
2228,X3,0.36708927,0.22266032,381.77283,xgb_shap_list_ir_1_subset_71,xgb_shap_list_ir_1
2229,X4,2.221622,0.50739646,2310.4868,xgb_shap_list_ir_1_subset_71,xgb_shap_list_ir_1
2230,X5,1.6377932,0.3925207,1703.3049,xgb_shap_list_ir_1_subset_71,xgb_shap_list_ir_1
2231,X6,0.8183756,0.26614437,851.1106,xgb_shap_list_ir_1_subset_71,xgb_shap_list_ir_1
2232,X1,0.7381358,0.5760922,767.66125,xgb_shap_list_ir_5_subset_109,xgb_shap_list_ir_5
2233,X2,0.6966616,0.5644409,724.5281,xgb_shap_list_ir_5_subset_109,xgb_shap_list_ir_5
2234,X3,0.52803016,0.3475116,549.15137,xgb_shap_list_ir_5_subset_109,xgb_shap_list_ir_5
2235,X4,1.6724455,0.82672155,1739.3434,xgb_shap_list_ir_5_subset_109,xgb_shap_list_ir_5
2236,X5,1.1050203,0.714335,1149.2211,xgb_shap_list_ir_5_subset_109,xgb_shap_list_ir_5
2237,X6,0.90940505,0.5816472,945.78125,xgb_shap_list_ir_5_subset_109,xgb_shap_list_ir_5
2238,X1,0.9101662,0.6149181,946.5729,xgb_shap_list_ir_3_subset_117,xgb_shap_list_ir_3
2239,X2,0.6777022,0.6434921,704.8103,xgb_shap_list_ir_3_subset_117,xgb_shap_list_ir_3
2240,X3,0.6255164,0.443514,650.53705,xgb_shap_list_ir_3_subset_117,xgb_shap_list_ir_3
2241,X4,0.84435016,0.52774143,878.12415,xgb_shap_list_ir_3_subset_117,xgb_shap_list_ir_3
2242,X5,1.0662105,0.7403649,1108.8589,xgb_shap_list_ir_3_subset_117,xgb_shap_list_ir_3
2243,X6,0.83396876,0.5022598,867.3275,xgb_shap_list_ir_3_subset_117,xgb_shap_list_ir_3
2244,X1,0.27884862,0.16020311,290.00256,xgb_shap_list_ir_1_subset_73,xgb_shap_list_ir_1
2245,X2,0.771739,0.6800623,802.6086,xgb_shap_list_ir_1_subset_73,xgb_shap_list_ir_1
2246,X3,0.79590005,0.4916682,827.736,xgb_shap_list_ir_1_subset_73,xgb_shap_list_ir_1
2247,X4,0.3107464,0.29987627,323.17627,xgb_shap_list_ir_1_subset_73,xgb_shap_list_ir_1
2248,X5,0.8821148,0.41488165,917.3994,xgb_shap_list_ir_1_subset_73,xgb_shap_list_ir_1
2249,X6,0.55215466,0.31595355,574.24084,xgb_shap_list_ir_1_subset_73,xgb_shap_list_ir_1
2250,X1,0.8967237,0.53231645,932.59265,xgb_shap_list_ir_2_subset_134,xgb_shap_list_ir_2
2251,X2,0.5833529,0.5483871,606.687,xgb_shap_list_ir_2_subset_134,xgb_shap_list_ir_2
2252,X3,0.41129428,0.32734618,427.74606,xgb_shap_list_ir_2_subset_134,xgb_shap_list_ir_2
2253,X4,1.2383486,0.510801,1287.8826,xgb_shap_list_ir_2_subset_134,xgb_shap_list_ir_2
2254,X5,0.74336463,0.44244075,773.09924,xgb_shap_list_ir_2_subset_134,xgb_shap_list_ir_2
2255,X6,0.77647555,0.51351243,807.53455,xgb_shap_list_ir_2_subset_134,xgb_shap_list_ir_2
2256,X1,0.78544956,0.43693432,816.86755,xgb_shap_list_ir_4_subset_43,xgb_shap_list_ir_4
2257,X2,0.67189497,0.6126281,698.77075,xgb_shap_list_ir_4_subset_43,xgb_shap_list_ir_4
2258,X3,0.6100166,0.4438345,634.41724,xgb_shap_list_ir_4_subset_43,xgb_shap_list_ir_4
2259,X4,1.6218867,0.70119745,1686.7622,xgb_shap_list_ir_4_subset_43,xgb_shap_list_ir_4
2260,X5,1.228562,0.87974256,1277.7045,xgb_shap_list_ir_4_subset_43,xgb_shap_list_ir_4
2261,X6,0.64051247,0.4721214,666.13293,xgb_shap_list_ir_4_subset_43,xgb_shap_list_ir_4
2262,X1,1.0442789,0.43286088,1086.05,xgb_shap_list_ir_1_subset_144,xgb_shap_list_ir_1
2263,X2,0.8580206,0.47244918,892.34143,xgb_shap_list_ir_1_subset_144,xgb_shap_list_ir_1
2264,X3,0.17789832,0.07426489,185.01425,xgb_shap_list_ir_1_subset_144,xgb_shap_list_ir_1
2265,X4,0.4010482,0.37033913,417.09015,xgb_shap_list_ir_1_subset_144,xgb_shap_list_ir_1
2266,X5,1.5561911,0.65953463,1618.4387,xgb_shap_list_ir_1_subset_144,xgb_shap_list_ir_1
2267,X6,1.0444155,0.2906648,1086.1921,xgb_shap_list_ir_1_subset_144,xgb_shap_list_ir_1
2268,X1,0.5975815,0.42240882,621.48474,xgb_shap_list_ir_2_subset_102,xgb_shap_list_ir_2
2269,X2,0.74988097,0.67697096,779.8762,xgb_shap_list_ir_2_subset_102,xgb_shap_list_ir_2
2270,X3,0.682391,0.5791098,709.68665,xgb_shap_list_ir_2_subset_102,xgb_shap_list_ir_2
2271,X4,1.2142681,0.65549177,1262.8389,xgb_shap_list_ir_2_subset_102,xgb_shap_list_ir_2
2272,X5,0.9023244,0.61807257,938.41736,xgb_shap_list_ir_2_subset_102,xgb_shap_list_ir_2
2273,X6,0.54544026,0.31953898,567.2579,xgb_shap_list_ir_2_subset_102,xgb_shap_list_ir_2
2274,X1,0.8017578,0.57118154,833.8281,xgb_shap_list_ir_5_subset_63,xgb_shap_list_ir_5
2275,X2,0.7195375,0.6471049,748.319,xgb_shap_list_ir_5_subset_63,xgb_shap_list_ir_5
2276,X3,0.76093614,0.3445532,791.3736,xgb_shap_list_ir_5_subset_63,xgb_shap_list_ir_5
2277,X4,1.390275,0.67044914,1445.886,xgb_shap_list_ir_5_subset_63,xgb_shap_list_ir_5
2278,X5,1.305154,1.0911819,1357.3601,xgb_shap_list_ir_5_subset_63,xgb_shap_list_ir_5
2279,X6,0.9524145,0.5605822,990.5111,xgb_shap_list_ir_5_subset_63,xgb_shap_list_ir_5
2280,X1,0.78750247,0.5632914,819.00256,xgb_shap_list_ir_2_subset_5,xgb_shap_list_ir_2
2281,X2,0.4709934,0.55116004,489.83313,xgb_shap_list_ir_2_subset_5,xgb_shap_list_ir_2
2282,X3,0.17648634,0.19239889,183.54579,xgb_shap_list_ir_2_subset_5,xgb_shap_list_ir_2
2283,X4,1.6707499,0.74104476,1737.58,xgb_shap_list_ir_2_subset_5,xgb_shap_list_ir_2
2284,X5,0.8340905,0.48662746,867.4541,xgb_shap_list_ir_2_subset_5,xgb_shap_list_ir_2
2285,X6,0.9639722,0.46403992,1002.5311,xgb_shap_list_ir_2_subset_5,xgb_shap_list_ir_2
2286,X1,0.86773103,0.60241765,902.44025,xgb_shap_list_ir_5_subset_114,xgb_shap_list_ir_5
2287,X2,0.89531755,0.7386884,931.13025,xgb_shap_list_ir_5_subset_114,xgb_shap_list_ir_5
2288,X3,0.6071099,0.39855126,631.3943,xgb_shap_list_ir_5_subset_114,xgb_shap_list_ir_5
2289,X4,1.6411196,0.8057804,1706.7644,xgb_shap_list_ir_5_subset_114,xgb_shap_list_ir_5
2290,X5,1.1890416,0.8483394,1236.6033,xgb_shap_list_ir_5_subset_114,xgb_shap_list_ir_5
2291,X6,0.6244423,0.41675845,649.42,xgb_shap_list_ir_5_subset_114,xgb_shap_list_ir_5
2292,X1,0.6817897,0.44580936,709.0613,xgb_shap_list_ir_4_subset_58,xgb_shap_list_ir_4
2293,X2,0.79922813,0.7959698,831.19727,xgb_shap_list_ir_4_subset_58,xgb_shap_list_ir_4
2294,X3,0.8058262,0.39775482,838.0592,xgb_shap_list_ir_4_subset_58,xgb_shap_list_ir_4
2295,X4,1.4673694,0.72159773,1526.0642,xgb_shap_list_ir_4_subset_58,xgb_shap_list_ir_4
2296,X5,1.1692177,0.72189194,1215.9865,xgb_shap_list_ir_4_subset_58,xgb_shap_list_ir_4
2297,X6,0.7618652,0.44166848,792.3398,xgb_shap_list_ir_4_subset_58,xgb_shap_list_ir_4
2298,X1,0.75688344,0.697209,787.15875,xgb_shap_list_ir_4_subset_72,xgb_shap_list_ir_4
2299,X2,0.6995873,0.5982621,727.5708,xgb_shap_list_ir_4_subset_72,xgb_shap_list_ir_4
2300,X3,0.24853152,0.28939238,258.47278,xgb_shap_list_ir_4_subset_72,xgb_shap_list_ir_4
2301,X4,1.5809313,0.77229,1644.1686,xgb_shap_list_ir_4_subset_72,xgb_shap_list_ir_4
2302,X5,1.0387627,0.79586273,1080.3132,xgb_shap_list_ir_4_subset_72,xgb_shap_list_ir_4
2303,X6,0.7938775,0.45884204,825.63257,xgb_shap_list_ir_4_subset_72,xgb_shap_list_ir_4
2304,X1,0.39994472,0.19960292,415.9425,xgb_shap_list_ir_1_subset_94,xgb_shap_list_ir_1
2305,X2,0.4794254,0.4410158,498.60242,xgb_shap_list_ir_1_subset_94,xgb_shap_list_ir_1
2306,X3,0.24065201,0.2191699,250.27809,xgb_shap_list_ir_1_subset_94,xgb_shap_list_ir_1
2307,X4,1.3680662,0.51463085,1422.7888,xgb_shap_list_ir_1_subset_94,xgb_shap_list_ir_1
2308,X5,2.0640922,0.511051,2146.6558,xgb_shap_list_ir_1_subset_94,xgb_shap_list_ir_1
2309,X6,1.0299118,0.32671037,1071.1083,xgb_shap_list_ir_1_subset_94,xgb_shap_list_ir_1
2310,X1,0.8697258,0.5101356,904.51483,xgb_shap_list_ir_1_subset_19,xgb_shap_list_ir_1
2311,X2,0.6575868,0.6359296,683.89026,xgb_shap_list_ir_1_subset_19,xgb_shap_list_ir_1
2312,X3,0.75275975,0.3994809,782.8701,xgb_shap_list_ir_1_subset_19,xgb_shap_list_ir_1
2313,X4,1.0943143,0.46551183,1138.0869,xgb_shap_list_ir_1_subset_19,xgb_shap_list_ir_1
2314,X5,0.6218237,0.27810577,646.69666,xgb_shap_list_ir_1_subset_19,xgb_shap_list_ir_1
2315,X6,1.3783538,0.77322155,1433.488,xgb_shap_list_ir_1_subset_19,xgb_shap_list_ir_1
2316,X1,0.7111454,0.4576529,739.5912,xgb_shap_list_ir_4_subset_27,xgb_shap_list_ir_4
2317,X2,0.45556763,0.4874928,473.79034,xgb_shap_list_ir_4_subset_27,xgb_shap_list_ir_4
2318,X3,0.7669313,0.4047378,797.6085,xgb_shap_list_ir_4_subset_27,xgb_shap_list_ir_4
2319,X4,1.4971281,0.6950727,1557.0133,xgb_shap_list_ir_4_subset_27,xgb_shap_list_ir_4
2320,X5,1.1253777,0.8272378,1170.3928,xgb_shap_list_ir_4_subset_27,xgb_shap_list_ir_4
2321,X6,0.81324685,0.5896062,845.77673,xgb_shap_list_ir_4_subset_27,xgb_shap_list_ir_4
2322,X1,0.6251289,0.49777982,650.1341,xgb_shap_list_ir_4_subset_24,xgb_shap_list_ir_4
2323,X2,0.7354335,0.6354384,764.8508,xgb_shap_list_ir_4_subset_24,xgb_shap_list_ir_4
2324,X3,0.9179692,0.48378596,954.688,xgb_shap_list_ir_4_subset_24,xgb_shap_list_ir_4
2325,X4,1.4673976,0.69248384,1526.0935,xgb_shap_list_ir_4_subset_24,xgb_shap_list_ir_4
2326,X5,1.1171719,0.84777814,1161.8588,xgb_shap_list_ir_4_subset_24,xgb_shap_list_ir_4
2327,X6,0.8747752,0.54125464,909.7662,xgb_shap_list_ir_4_subset_24,xgb_shap_list_ir_4
2328,X1,1.171207,0.5283408,1218.0552,xgb_shap_list_ir_1_subset_37,xgb_shap_list_ir_1
2329,X2,0.82199377,0.5430388,854.87354,xgb_shap_list_ir_1_subset_37,xgb_shap_list_ir_1
2330,X3,0.4699285,0.2664017,488.72565,xgb_shap_list_ir_1_subset_37,xgb_shap_list_ir_1
2331,X4,0.9647974,0.49058592,1003.3893,xgb_shap_list_ir_1_subset_37,xgb_shap_list_ir_1
2332,X5,0.91687775,0.40275475,953.55286,xgb_shap_list_ir_1_subset_37,xgb_shap_list_ir_1
2333,X6,0.7525069,0.309819,782.6072,xgb_shap_list_ir_1_subset_37,xgb_shap_list_ir_1
2334,X1,0.9765338,0.49344173,1015.5951,xgb_shap_list_ir_1_subset_76,xgb_shap_list_ir_1
2335,X2,0.61645657,0.33912015,641.1148,xgb_shap_list_ir_1_subset_76,xgb_shap_list_ir_1
2336,X3,0.52661824,0.25337946,547.683,xgb_shap_list_ir_1_subset_76,xgb_shap_list_ir_1
2337,X4,0.45160604,0.27441287,469.6703,xgb_shap_list_ir_1_subset_76,xgb_shap_list_ir_1
2338,X5,1.0981095,0.43829176,1142.0338,xgb_shap_list_ir_1_subset_76,xgb_shap_list_ir_1
2339,X6,0.96000624,0.42819396,998.4065,xgb_shap_list_ir_1_subset_76,xgb_shap_list_ir_1
2340,X1,1.0333966,0.6633496,1074.7324,xgb_shap_list_ir_1_subset_70,xgb_shap_list_ir_1
2341,X2,0.66552764,0.44162807,692.14874,xgb_shap_list_ir_1_subset_70,xgb_shap_list_ir_1
2342,X3,0.5736928,0.36708418,596.6405,xgb_shap_list_ir_1_subset_70,xgb_shap_list_ir_1
2343,X4,1.0226104,0.48679152,1063.5149,xgb_shap_list_ir_1_subset_70,xgb_shap_list_ir_1
2344,X5,0.7583875,0.39390856,788.723,xgb_shap_list_ir_1_subset_70,xgb_shap_list_ir_1
2345,X6,0.66049486,0.29091933,686.9147,xgb_shap_list_ir_1_subset_70,xgb_shap_list_ir_1
2346,X1,0.8202302,0.5941293,853.03937,xgb_shap_list_ir_2_subset_26,xgb_shap_list_ir_2
2347,X2,0.80799747,0.7152484,840.3174,xgb_shap_list_ir_2_subset_26,xgb_shap_list_ir_2
2348,X3,0.40042937,0.19985275,416.44653,xgb_shap_list_ir_2_subset_26,xgb_shap_list_ir_2
2349,X4,1.1606323,0.5719364,1207.0575,xgb_shap_list_ir_2_subset_26,xgb_shap_list_ir_2
2350,X5,0.9159665,0.5359798,952.60516,xgb_shap_list_ir_2_subset_26,xgb_shap_list_ir_2
2351,X6,0.7563305,0.36646247,786.58374,xgb_shap_list_ir_2_subset_26,xgb_shap_list_ir_2
2352,X1,0.8706157,0.5219497,905.44037,xgb_shap_list_ir_5_subset_50,xgb_shap_list_ir_5
2353,X2,0.6617347,0.6985402,688.2041,xgb_shap_list_ir_5_subset_50,xgb_shap_list_ir_5
2354,X3,0.8070762,0.35640767,839.35925,xgb_shap_list_ir_5_subset_50,xgb_shap_list_ir_5
2355,X4,1.3251004,0.6401101,1378.1045,xgb_shap_list_ir_5_subset_50,xgb_shap_list_ir_5
2356,X5,1.441325,0.9942975,1498.9779,xgb_shap_list_ir_5_subset_50,xgb_shap_list_ir_5
2357,X6,0.93865556,0.5486845,976.2018,xgb_shap_list_ir_5_subset_50,xgb_shap_list_ir_5
2358,X1,1.0531291,0.63386804,1095.2543,xgb_shap_list_ir_3_subset_75,xgb_shap_list_ir_3
2359,X2,0.6507634,0.49721217,676.79395,xgb_shap_list_ir_3_subset_75,xgb_shap_list_ir_3
2360,X3,0.49799323,0.31954017,517.91296,xgb_shap_list_ir_3_subset_75,xgb_shap_list_ir_3
2361,X4,1.5310556,0.6260046,1592.2979,xgb_shap_list_ir_3_subset_75,xgb_shap_list_ir_3
2362,X5,1.010727,0.65498763,1051.1561,xgb_shap_list_ir_3_subset_75,xgb_shap_list_ir_3
2363,X6,0.813117,0.39315262,845.6417,xgb_shap_list_ir_3_subset_75,xgb_shap_list_ir_3
2364,X1,0.70077497,0.46152988,728.80597,xgb_shap_list_ir_3_subset_65,xgb_shap_list_ir_3
2365,X2,0.84453166,0.65081424,878.3129,xgb_shap_list_ir_3_subset_65,xgb_shap_list_ir_3
2366,X3,0.5288642,0.28346637,550.0188,xgb_shap_list_ir_3_subset_65,xgb_shap_list_ir_3
2367,X4,1.232653,0.6377922,1281.9591,xgb_shap_list_ir_3_subset_65,xgb_shap_list_ir_3
2368,X5,1.0688467,0.69326264,1111.6006,xgb_shap_list_ir_3_subset_65,xgb_shap_list_ir_3
2369,X6,1.0066265,0.46256593,1046.8916,xgb_shap_list_ir_3_subset_65,xgb_shap_list_ir_3
2370,X1,0.8852534,0.6109635,920.6636,xgb_shap_list_ir_5_subset_54,xgb_shap_list_ir_5
2371,X2,0.7096334,0.6677561,738.01874,xgb_shap_list_ir_5_subset_54,xgb_shap_list_ir_5
2372,X3,0.6587323,0.3857892,685.0816,xgb_shap_list_ir_5_subset_54,xgb_shap_list_ir_5
2373,X4,1.6404555,0.7892478,1706.0737,xgb_shap_list_ir_5_subset_54,xgb_shap_list_ir_5
2374,X5,1.1322383,0.88884974,1177.5278,xgb_shap_list_ir_5_subset_54,xgb_shap_list_ir_5
2375,X6,0.7548011,0.5478181,784.99316,xgb_shap_list_ir_5_subset_54,xgb_shap_list_ir_5
2376,X1,0.8747752,0.56173074,909.7662,xgb_shap_list_ir_4_subset_137,xgb_shap_list_ir_4
2377,X2,0.5861389,0.49694395,609.5845,xgb_shap_list_ir_4_subset_137,xgb_shap_list_ir_4
2378,X3,0.88720065,0.43785766,922.68866,xgb_shap_list_ir_4_subset_137,xgb_shap_list_ir_4
2379,X4,1.6895024,0.7547178,1757.0824,xgb_shap_list_ir_4_subset_137,xgb_shap_list_ir_4
2380,X5,1.005808,0.6515375,1046.0403,xgb_shap_list_ir_4_subset_137,xgb_shap_list_ir_4
2381,X6,0.9007818,0.5178892,936.8131,xgb_shap_list_ir_4_subset_137,xgb_shap_list_ir_4
2382,X1,1.0167122,0.59700453,1057.3806,xgb_shap_list_ir_4_subset_116,xgb_shap_list_ir_4
2383,X2,0.7262192,0.6396074,755.26794,xgb_shap_list_ir_4_subset_116,xgb_shap_list_ir_4
2384,X3,0.3995409,0.32202888,415.52252,xgb_shap_list_ir_4_subset_116,xgb_shap_list_ir_4
2385,X4,1.448539,0.6099644,1506.4806,xgb_shap_list_ir_4_subset_116,xgb_shap_list_ir_4
2386,X5,0.9337225,0.72957134,971.0714,xgb_shap_list_ir_4_subset_116,xgb_shap_list_ir_4
2387,X6,0.7779833,0.46727693,809.10266,xgb_shap_list_ir_4_subset_116,xgb_shap_list_ir_4
2388,X1,0.7386659,0.48907533,768.2125,xgb_shap_list_ir_5_subset_11,xgb_shap_list_ir_5
2389,X2,0.74743587,0.6106355,777.3333,xgb_shap_list_ir_5_subset_11,xgb_shap_list_ir_5
2390,X3,0.98568094,0.4669896,1025.1082,xgb_shap_list_ir_5_subset_11,xgb_shap_list_ir_5
2391,X4,1.3977588,0.74912906,1453.6692,xgb_shap_list_ir_5_subset_11,xgb_shap_list_ir_5
2392,X5,1.3263307,1.0417784,1379.3839,xgb_shap_list_ir_5_subset_11,xgb_shap_list_ir_5
2393,X6,0.82904816,0.5080083,862.2101,xgb_shap_list_ir_5_subset_11,xgb_shap_list_ir_5
2394,X1,0.6777829,0.54833746,704.8942,xgb_shap_list_ir_5_subset_100,xgb_shap_list_ir_5
2395,X2,0.6997588,0.6204871,727.7492,xgb_shap_list_ir_5_subset_100,xgb_shap_list_ir_5
2396,X3,0.615392,0.35847867,640.0077,xgb_shap_list_ir_5_subset_100,xgb_shap_list_ir_5
2397,X4,1.557777,0.8285832,1620.0881,xgb_shap_list_ir_5_subset_100,xgb_shap_list_ir_5
2398,X5,1.2558162,0.8803783,1306.0488,xgb_shap_list_ir_5_subset_100,xgb_shap_list_ir_5
2399,X6,0.8069406,0.45777446,839.21826,xgb_shap_list_ir_5_subset_100,xgb_shap_list_ir_5
2400,X1,0.7166396,0.64994043,745.3052,xgb_shap_list_ir_3_subset_66,xgb_shap_list_ir_3
2401,X2,0.67200637,0.7739952,698.8866,xgb_shap_list_ir_3_subset_66,xgb_shap_list_ir_3
2402,X3,1.3173507,0.5934993,1370.0448,xgb_shap_list_ir_3_subset_66,xgb_shap_list_ir_3
2403,X4,1.3253509,0.555575,1378.3649,xgb_shap_list_ir_3_subset_66,xgb_shap_list_ir_3
2404,X5,0.95458835,0.608637,992.7719,xgb_shap_list_ir_3_subset_66,xgb_shap_list_ir_3
2405,X6,0.9412027,0.48467776,978.8508,xgb_shap_list_ir_3_subset_66,xgb_shap_list_ir_3
2406,X1,0.92452157,0.6221399,961.50244,xgb_shap_list_ir_4_subset_29,xgb_shap_list_ir_4
2407,X2,0.646563,0.5525043,672.42554,xgb_shap_list_ir_4_subset_29,xgb_shap_list_ir_4
2408,X3,0.36388034,0.28559932,378.43555,xgb_shap_list_ir_4_subset_29,xgb_shap_list_ir_4
2409,X4,1.2114044,0.7376423,1259.8606,xgb_shap_list_ir_4_subset_29,xgb_shap_list_ir_4
2410,X5,1.3103622,0.83090264,1362.7767,xgb_shap_list_ir_4_subset_29,xgb_shap_list_ir_4
2411,X6,0.8457417,0.56457824,879.57135,xgb_shap_list_ir_4_subset_29,xgb_shap_list_ir_4
2412,X1,0.7507174,0.59049505,780.7461,xgb_shap_list_ir_4_subset_120,xgb_shap_list_ir_4
2413,X2,0.50330585,0.5768821,523.4381,xgb_shap_list_ir_4_subset_120,xgb_shap_list_ir_4
2414,X3,0.60663724,0.31402406,630.9027,xgb_shap_list_ir_4_subset_120,xgb_shap_list_ir_4
2415,X4,1.688139,0.8176027,1755.6646,xgb_shap_list_ir_4_subset_120,xgb_shap_list_ir_4
2416,X5,1.0177289,0.6987996,1058.4381,xgb_shap_list_ir_4_subset_120,xgb_shap_list_ir_4
2417,X6,0.7840058,0.53103787,815.366,xgb_shap_list_ir_4_subset_120,xgb_shap_list_ir_4
2418,X1,0.7612691,0.5153226,791.71985,xgb_shap_list_ir_1_subset_75,xgb_shap_list_ir_1
2419,X2,0.60251063,0.4742798,626.6111,xgb_shap_list_ir_1_subset_75,xgb_shap_list_ir_1
2420,X3,0.30059856,0.1638233,312.6225,xgb_shap_list_ir_1_subset_75,xgb_shap_list_ir_1
2421,X4,0.82406676,0.36764386,857.0294,xgb_shap_list_ir_1_subset_75,xgb_shap_list_ir_1
2422,X5,0.7404206,0.38971812,770.0374,xgb_shap_list_ir_1_subset_75,xgb_shap_list_ir_1
2423,X6,0.8684697,0.5614539,903.2085,xgb_shap_list_ir_1_subset_75,xgb_shap_list_ir_1
2424,X1,0.8433704,0.55190414,877.10516,xgb_shap_list_ir_5_subset_84,xgb_shap_list_ir_5
2425,X2,0.6415138,0.7094711,667.1744,xgb_shap_list_ir_5_subset_84,xgb_shap_list_ir_5
2426,X3,0.67524135,0.3990683,702.251,xgb_shap_list_ir_5_subset_84,xgb_shap_list_ir_5
2427,X4,1.5504736,0.71323895,1612.4926,xgb_shap_list_ir_5_subset_84,xgb_shap_list_ir_5
2428,X5,1.2104682,0.9484619,1258.8868,xgb_shap_list_ir_5_subset_84,xgb_shap_list_ir_5
2429,X6,0.768929,0.5048239,799.68616,xgb_shap_list_ir_5_subset_84,xgb_shap_list_ir_5
2430,X1,0.6080503,0.33994582,632.3723,xgb_shap_list_ir_1_subset_82,xgb_shap_list_ir_1
2431,X2,0.47518957,0.26343977,494.19714,xgb_shap_list_ir_1_subset_82,xgb_shap_list_ir_1
2432,X3,0.71121895,0.42730895,739.6677,xgb_shap_list_ir_1_subset_82,xgb_shap_list_ir_1
2433,X4,0.5038576,0.35864082,524.0119,xgb_shap_list_ir_1_subset_82,xgb_shap_list_ir_1
2434,X5,1.3302466,0.4977757,1383.4564,xgb_shap_list_ir_1_subset_82,xgb_shap_list_ir_1
2435,X6,0.22545639,0.16122189,234.47464,xgb_shap_list_ir_1_subset_82,xgb_shap_list_ir_1
2436,X1,0.6615609,0.31016803,688.0233,xgb_shap_list_ir_1_subset_6,xgb_shap_list_ir_1
2437,X2,0.8213508,0.6165363,854.20483,xgb_shap_list_ir_1_subset_6,xgb_shap_list_ir_1
2438,X3,0.59236544,0.24893962,616.06006,xgb_shap_list_ir_1_subset_6,xgb_shap_list_ir_1
2439,X4,1.1973584,0.4985125,1245.2527,xgb_shap_list_ir_1_subset_6,xgb_shap_list_ir_1
2440,X5,0.7618572,0.3834105,792.3315,xgb_shap_list_ir_1_subset_6,xgb_shap_list_ir_1
2441,X6,0.6691716,0.2872361,695.9384,xgb_shap_list_ir_1_subset_6,xgb_shap_list_ir_1
2442,X1,0.7657906,0.48573878,796.4222,xgb_shap_list_ir_2_subset_86,xgb_shap_list_ir_2
2443,X2,0.7726536,0.45953143,803.5597,xgb_shap_list_ir_2_subset_86,xgb_shap_list_ir_2
2444,X3,0.74952865,0.43745947,779.50977,xgb_shap_list_ir_2_subset_86,xgb_shap_list_ir_2
2445,X4,1.3878881,0.60445386,1443.4036,xgb_shap_list_ir_2_subset_86,xgb_shap_list_ir_2
2446,X5,1.0664307,0.53598255,1109.0879,xgb_shap_list_ir_2_subset_86,xgb_shap_list_ir_2
2447,X6,0.92507267,0.33487096,962.07556,xgb_shap_list_ir_2_subset_86,xgb_shap_list_ir_2
2448,X1,0.883543,0.5979736,918.8847,xgb_shap_list_ir_5_subset_104,xgb_shap_list_ir_5
2449,X2,0.71486247,0.72782826,743.457,xgb_shap_list_ir_5_subset_104,xgb_shap_list_ir_5
2450,X3,0.791564,0.4242082,823.22656,xgb_shap_list_ir_5_subset_104,xgb_shap_list_ir_5
2451,X4,1.5965337,0.70921576,1660.395,xgb_shap_list_ir_5_subset_104,xgb_shap_list_ir_5
2452,X5,1.2049872,0.91067976,1253.1866,xgb_shap_list_ir_5_subset_104,xgb_shap_list_ir_5
2453,X6,0.6557728,0.47667447,682.0037,xgb_shap_list_ir_5_subset_104,xgb_shap_list_ir_5
2454,X1,0.74037725,0.5778922,769.9923,xgb_shap_list_ir_4_subset_37,xgb_shap_list_ir_4
2455,X2,0.6216995,0.61291593,646.5675,xgb_shap_list_ir_4_subset_37,xgb_shap_list_ir_4
2456,X3,0.5520664,0.33756772,574.14905,xgb_shap_list_ir_4_subset_37,xgb_shap_list_ir_4
2457,X4,1.500385,0.64265245,1560.4004,xgb_shap_list_ir_4_subset_37,xgb_shap_list_ir_4
2458,X5,1.0700629,0.8548769,1112.8654,xgb_shap_list_ir_4_subset_37,xgb_shap_list_ir_4
2459,X6,0.8582348,0.67803025,892.5642,xgb_shap_list_ir_4_subset_37,xgb_shap_list_ir_4
2460,X1,1.5592065,0.7504493,1621.5747,xgb_shap_list_ir_1_subset_17,xgb_shap_list_ir_1
2461,X2,0.24393724,0.19797392,253.69473,xgb_shap_list_ir_1_subset_17,xgb_shap_list_ir_1
2462,X3,0.49325404,0.27874964,512.9842,xgb_shap_list_ir_1_subset_17,xgb_shap_list_ir_1
2463,X4,0.9477753,0.5555158,985.68634,xgb_shap_list_ir_1_subset_17,xgb_shap_list_ir_1
2464,X5,1.1507634,0.36161077,1196.794,xgb_shap_list_ir_1_subset_17,xgb_shap_list_ir_1
2465,X6,0.711385,0.296141,739.8404,xgb_shap_list_ir_1_subset_17,xgb_shap_list_ir_1
2466,X1,1.0265836,0.6014173,1067.6469,xgb_shap_list_ir_3_subset_84,xgb_shap_list_ir_3
2467,X2,0.74283063,0.5320859,772.5439,xgb_shap_list_ir_3_subset_84,xgb_shap_list_ir_3
2468,X3,0.5647967,0.32169655,587.38855,xgb_shap_list_ir_3_subset_84,xgb_shap_list_ir_3
2469,X4,1.552637,0.7592635,1614.7424,xgb_shap_list_ir_3_subset_84,xgb_shap_list_ir_3
2470,X5,0.95879835,0.5907597,997.15027,xgb_shap_list_ir_3_subset_84,xgb_shap_list_ir_3
2471,X6,1.4350866,0.7031558,1492.4901,xgb_shap_list_ir_3_subset_84,xgb_shap_list_ir_3
2472,X1,1.0631123,0.49588478,1105.6367,xgb_shap_list_ir_1_subset_134,xgb_shap_list_ir_1
2473,X2,0.5379167,0.3948929,559.4334,xgb_shap_list_ir_1_subset_134,xgb_shap_list_ir_1
2474,X3,0.51264906,0.42530888,533.155,xgb_shap_list_ir_1_subset_134,xgb_shap_list_ir_1
2475,X4,1.409033,0.57599056,1465.3943,xgb_shap_list_ir_1_subset_134,xgb_shap_list_ir_1
2476,X5,1.0838104,0.43865782,1127.1628,xgb_shap_list_ir_1_subset_134,xgb_shap_list_ir_1
2477,X6,1.164374,0.38191038,1210.949,xgb_shap_list_ir_1_subset_134,xgb_shap_list_ir_1
2478,X1,0.90713745,0.6224878,943.423,xgb_shap_list_ir_5_subset_78,xgb_shap_list_ir_5
2479,X2,0.7180515,0.75490314,746.77356,xgb_shap_list_ir_5_subset_78,xgb_shap_list_ir_5
2480,X3,0.6408168,0.39757827,666.44946,xgb_shap_list_ir_5_subset_78,xgb_shap_list_ir_5
2481,X4,1.407247,0.740723,1463.5369,xgb_shap_list_ir_5_subset_78,xgb_shap_list_ir_5
2482,X5,1.1699219,0.8819805,1216.7188,xgb_shap_list_ir_5_subset_78,xgb_shap_list_ir_5
2483,X6,0.74002224,0.5036615,769.6231,xgb_shap_list_ir_5_subset_78,xgb_shap_list_ir_5
2484,X1,0.95649624,0.6164148,994.7561,xgb_shap_list_ir_1_subset_108,xgb_shap_list_ir_1
2485,X2,0.6459302,0.5582471,671.7674,xgb_shap_list_ir_1_subset_108,xgb_shap_list_ir_1
2486,X3,0.23225789,0.17547058,241.5482,xgb_shap_list_ir_1_subset_108,xgb_shap_list_ir_1
2487,X4,0.63646287,0.33592865,661.9214,xgb_shap_list_ir_1_subset_108,xgb_shap_list_ir_1
2488,X5,0.5537088,0.38333148,575.8571,xgb_shap_list_ir_1_subset_108,xgb_shap_list_ir_1
2489,X6,0.3756742,0.30461124,390.70114,xgb_shap_list_ir_1_subset_108,xgb_shap_list_ir_1
2490,X1,0.77791506,0.55283433,809.0317,xgb_shap_list_ir_5_subset_73,xgb_shap_list_ir_5
2491,X2,0.63701534,0.69172126,662.496,xgb_shap_list_ir_5_subset_73,xgb_shap_list_ir_5
2492,X3,0.97544616,0.5447598,1014.464,xgb_shap_list_ir_5_subset_73,xgb_shap_list_ir_5
2493,X4,1.5421654,0.7559073,1603.852,xgb_shap_list_ir_5_subset_73,xgb_shap_list_ir_5
2494,X5,1.3189225,0.98147273,1371.6794,xgb_shap_list_ir_5_subset_73,xgb_shap_list_ir_5
2495,X6,0.6538632,0.44967845,680.0177,xgb_shap_list_ir_5_subset_73,xgb_shap_list_ir_5
2496,X1,0.604497,0.48358288,628.6769,xgb_shap_list_ir_4_subset_79,xgb_shap_list_ir_4
2497,X2,0.7172638,0.5928735,745.95435,xgb_shap_list_ir_4_subset_79,xgb_shap_list_ir_4
2498,X3,0.86981356,0.54422987,904.6061,xgb_shap_list_ir_4_subset_79,xgb_shap_list_ir_4
2499,X4,1.408682,0.72773325,1465.0293,xgb_shap_list_ir_4_subset_79,xgb_shap_list_ir_4
2500,X5,1.1512035,0.76310664,1197.2517,xgb_shap_list_ir_4_subset_79,xgb_shap_list_ir_4
2501,X6,0.80638885,0.5033145,838.6444,xgb_shap_list_ir_4_subset_79,xgb_shap_list_ir_4
2502,X1,0.5354269,0.52923566,556.844,xgb_shap_list_ir_3_subset_29,xgb_shap_list_ir_3
2503,X2,0.703358,0.74952644,731.4923,xgb_shap_list_ir_3_subset_29,xgb_shap_list_ir_3
2504,X3,0.97505754,0.6840117,1014.0598,xgb_shap_list_ir_3_subset_29,xgb_shap_list_ir_3
2505,X4,1.2658874,0.5666758,1316.5228,xgb_shap_list_ir_3_subset_29,xgb_shap_list_ir_3
2506,X5,0.99297476,0.6613454,1032.6937,xgb_shap_list_ir_3_subset_29,xgb_shap_list_ir_3
2507,X6,0.8810421,0.48763824,916.2838,xgb_shap_list_ir_3_subset_29,xgb_shap_list_ir_3
2508,X1,1.646464,0.6825675,1712.3225,xgb_shap_list_ir_1_subset_46,xgb_shap_list_ir_1
2509,X2,0.478696,0.3350099,497.84384,xgb_shap_list_ir_1_subset_46,xgb_shap_list_ir_1
2510,X3,0.54664254,0.5549522,568.50824,xgb_shap_list_ir_1_subset_46,xgb_shap_list_ir_1
2511,X4,1.0098482,0.4234241,1050.2422,xgb_shap_list_ir_1_subset_46,xgb_shap_list_ir_1
2512,X5,0.9127094,0.42056227,949.2178,xgb_shap_list_ir_1_subset_46,xgb_shap_list_ir_1
2513,X6,0.8607822,0.38046658,895.2135,xgb_shap_list_ir_1_subset_46,xgb_shap_list_ir_1
2514,X1,0.75437987,0.3916139,784.55505,xgb_shap_list_ir_2_subset_121,xgb_shap_list_ir_2
2515,X2,0.51116455,0.50271577,531.61115,xgb_shap_list_ir_2_subset_121,xgb_shap_list_ir_2
2516,X3,0.7430744,0.4010052,772.7974,xgb_shap_list_ir_2_subset_121,xgb_shap_list_ir_2
2517,X4,1.04135,0.3574735,1083.004,xgb_shap_list_ir_2_subset_121,xgb_shap_list_ir_2
2518,X5,0.93801445,0.5783774,975.53503,xgb_shap_list_ir_2_subset_121,xgb_shap_list_ir_2
2519,X6,0.8909998,0.421461,926.6398,xgb_shap_list_ir_2_subset_121,xgb_shap_list_ir_2
2520,X1,0.61011237,0.51812893,634.51685,xgb_shap_list_ir_2_subset_35,xgb_shap_list_ir_2
2521,X2,0.9023945,0.94885135,938.49023,xgb_shap_list_ir_2_subset_35,xgb_shap_list_ir_2
2522,X3,0.80225384,0.47064674,834.344,xgb_shap_list_ir_2_subset_35,xgb_shap_list_ir_2
2523,X4,0.9750423,0.55899423,1014.04395,xgb_shap_list_ir_2_subset_35,xgb_shap_list_ir_2
2524,X5,0.65739113,0.49202475,683.68677,xgb_shap_list_ir_2_subset_35,xgb_shap_list_ir_2
2525,X6,0.64453393,0.32651496,670.3153,xgb_shap_list_ir_2_subset_35,xgb_shap_list_ir_2
2526,X1,0.927411,0.5106677,964.50745,xgb_shap_list_ir_2_subset_34,xgb_shap_list_ir_2
2527,X2,0.7261247,0.74590355,755.1697,xgb_shap_list_ir_2_subset_34,xgb_shap_list_ir_2
2528,X3,0.7556895,0.39267904,785.91705,xgb_shap_list_ir_2_subset_34,xgb_shap_list_ir_2
2529,X4,1.152769,0.5861219,1198.8798,xgb_shap_list_ir_2_subset_34,xgb_shap_list_ir_2
2530,X5,0.58658904,0.4409094,610.0526,xgb_shap_list_ir_2_subset_34,xgb_shap_list_ir_2
2531,X6,0.7974419,0.44389802,829.3396,xgb_shap_list_ir_2_subset_34,xgb_shap_list_ir_2
2532,X1,0.8205395,0.6085697,853.3611,xgb_shap_list_ir_4_subset_45,xgb_shap_list_ir_4
2533,X2,0.6478815,0.6318647,673.79675,xgb_shap_list_ir_4_subset_45,xgb_shap_list_ir_4
2534,X3,0.512146,0.35406825,532.63184,xgb_shap_list_ir_4_subset_45,xgb_shap_list_ir_4
2535,X4,1.2807722,0.62394315,1332.003,xgb_shap_list_ir_4_subset_45,xgb_shap_list_ir_4
2536,X5,0.948812,0.6631204,986.76447,xgb_shap_list_ir_4_subset_45,xgb_shap_list_ir_4
2537,X6,0.9328542,0.5364312,970.16833,xgb_shap_list_ir_4_subset_45,xgb_shap_list_ir_4
2538,X1,0.88211584,0.53140515,917.40045,xgb_shap_list_ir_3_subset_103,xgb_shap_list_ir_3
2539,X2,0.62123924,0.6555211,646.0888,xgb_shap_list_ir_3_subset_103,xgb_shap_list_ir_3
2540,X3,0.83872104,0.3988867,872.2699,xgb_shap_list_ir_3_subset_103,xgb_shap_list_ir_3
2541,X4,1.653281,0.66935104,1719.4122,xgb_shap_list_ir_3_subset_103,xgb_shap_list_ir_3
2542,X5,1.010133,0.68495274,1050.5383,xgb_shap_list_ir_3_subset_103,xgb_shap_list_ir_3
2543,X6,0.87234205,0.45477906,907.2357,xgb_shap_list_ir_3_subset_103,xgb_shap_list_ir_3
2544,X1,1.5966885,0.5930281,1660.556,xgb_shap_list_ir_1_subset_81,xgb_shap_list_ir_1
2545,X2,1.128617,0.5775608,1173.7617,xgb_shap_list_ir_1_subset_81,xgb_shap_list_ir_1
2546,X3,0.44277996,0.25285795,460.49115,xgb_shap_list_ir_1_subset_81,xgb_shap_list_ir_1
2547,X4,0.6864141,0.54307324,713.87067,xgb_shap_list_ir_1_subset_81,xgb_shap_list_ir_1
2548,X5,0.5082539,0.28793168,528.58405,xgb_shap_list_ir_1_subset_81,xgb_shap_list_ir_1
2549,X6,0.44855803,0.30293432,466.50037,xgb_shap_list_ir_1_subset_81,xgb_shap_list_ir_1
2550,X1,0.80281806,0.59675753,834.9308,xgb_shap_list_ir_4_subset_99,xgb_shap_list_ir_4
2551,X2,0.710317,0.43699092,738.7297,xgb_shap_list_ir_4_subset_99,xgb_shap_list_ir_4
2552,X3,0.4249298,0.24335735,441.927,xgb_shap_list_ir_4_subset_99,xgb_shap_list_ir_4
2553,X4,1.6099563,0.6297481,1674.3545,xgb_shap_list_ir_4_subset_99,xgb_shap_list_ir_4
2554,X5,1.2464767,0.99495596,1296.3357,xgb_shap_list_ir_4_subset_99,xgb_shap_list_ir_4
2555,X6,0.94066304,0.516017,978.28955,xgb_shap_list_ir_4_subset_99,xgb_shap_list_ir_4
2556,X1,0.99880254,0.6527848,1038.7546,xgb_shap_list_ir_5_subset_87,xgb_shap_list_ir_5
2557,X2,0.7453231,0.5436199,775.13605,xgb_shap_list_ir_5_subset_87,xgb_shap_list_ir_5
2558,X3,0.69760567,0.39380807,725.5099,xgb_shap_list_ir_5_subset_87,xgb_shap_list_ir_5
2559,X4,1.2946088,0.59759074,1346.3932,xgb_shap_list_ir_5_subset_87,xgb_shap_list_ir_5
2560,X5,1.3593355,0.9919851,1413.709,xgb_shap_list_ir_5_subset_87,xgb_shap_list_ir_5
2561,X6,1.0364889,0.57728505,1077.9485,xgb_shap_list_ir_5_subset_87,xgb_shap_list_ir_5
2562,X1,0.8661776,0.62409216,900.8247,xgb_shap_list_ir_3_subset_24,xgb_shap_list_ir_3
2563,X2,0.5242753,0.6094583,545.24634,xgb_shap_list_ir_3_subset_24,xgb_shap_list_ir_3
2564,X3,0.40089902,0.2932004,416.935,xgb_shap_list_ir_3_subset_24,xgb_shap_list_ir_3
2565,X4,1.5108548,0.6634419,1571.2891,xgb_shap_list_ir_3_subset_24,xgb_shap_list_ir_3
2566,X5,1.0979322,0.8065527,1141.8495,xgb_shap_list_ir_3_subset_24,xgb_shap_list_ir_3
2567,X6,0.6614572,0.4359378,687.91547,xgb_shap_list_ir_3_subset_24,xgb_shap_list_ir_3
2568,X1,0.94257426,0.5853168,980.2772,xgb_shap_list_ir_4_subset_100,xgb_shap_list_ir_4
2569,X2,0.77438015,0.7050819,805.35535,xgb_shap_list_ir_4_subset_100,xgb_shap_list_ir_4
2570,X3,0.8134756,0.4036159,846.01465,xgb_shap_list_ir_4_subset_100,xgb_shap_list_ir_4
2571,X4,1.4937457,0.7250821,1553.4955,xgb_shap_list_ir_4_subset_100,xgb_shap_list_ir_4
2572,X5,0.94495964,0.69281185,982.75806,xgb_shap_list_ir_4_subset_100,xgb_shap_list_ir_4
2573,X6,0.697735,0.4377152,725.6444,xgb_shap_list_ir_4_subset_100,xgb_shap_list_ir_4
2574,X1,0.826715,0.589478,859.78357,xgb_shap_list_ir_4_subset_30,xgb_shap_list_ir_4
2575,X2,0.65124935,0.64111453,677.2993,xgb_shap_list_ir_4_subset_30,xgb_shap_list_ir_4
2576,X3,0.87435067,0.4844364,909.3247,xgb_shap_list_ir_4_subset_30,xgb_shap_list_ir_4
2577,X4,1.1082126,0.719021,1152.5411,xgb_shap_list_ir_4_subset_30,xgb_shap_list_ir_4
2578,X5,1.0607704,0.6980559,1103.2012,xgb_shap_list_ir_4_subset_30,xgb_shap_list_ir_4
2579,X6,0.81567526,0.49138522,848.30225,xgb_shap_list_ir_4_subset_30,xgb_shap_list_ir_4
2580,X1,1.249724,0.5791089,1299.713,xgb_shap_list_ir_2_subset_59,xgb_shap_list_ir_2
2581,X2,0.91424644,0.68298376,950.8163,xgb_shap_list_ir_2_subset_59,xgb_shap_list_ir_2
2582,X3,0.5568826,0.386166,579.1579,xgb_shap_list_ir_2_subset_59,xgb_shap_list_ir_2
2583,X4,1.1995506,0.5145319,1247.5327,xgb_shap_list_ir_2_subset_59,xgb_shap_list_ir_2
2584,X5,1.035318,0.47811326,1076.7307,xgb_shap_list_ir_2_subset_59,xgb_shap_list_ir_2
2585,X6,1.3072715,0.5250422,1359.5624,xgb_shap_list_ir_2_subset_59,xgb_shap_list_ir_2
2586,X1,0.74467295,0.6994067,774.4599,xgb_shap_list_ir_5_subset_23,xgb_shap_list_ir_5
2587,X2,0.68778676,0.74384594,715.2982,xgb_shap_list_ir_5_subset_23,xgb_shap_list_ir_5
2588,X3,0.71006596,0.46910083,738.4686,xgb_shap_list_ir_5_subset_23,xgb_shap_list_ir_5
2589,X4,1.4162278,0.8056985,1472.877,xgb_shap_list_ir_5_subset_23,xgb_shap_list_ir_5
2590,X5,1.410545,0.9710027,1466.9668,xgb_shap_list_ir_5_subset_23,xgb_shap_list_ir_5
2591,X6,0.94379,0.559398,981.5416,xgb_shap_list_ir_5_subset_23,xgb_shap_list_ir_5
2592,X1,0.7743993,0.4358424,805.37524,xgb_shap_list_ir_4_subset_19,xgb_shap_list_ir_4
2593,X2,0.668365,0.5037456,695.0996,xgb_shap_list_ir_4_subset_19,xgb_shap_list_ir_4
2594,X3,0.66648793,0.30924013,693.14746,xgb_shap_list_ir_4_subset_19,xgb_shap_list_ir_4
2595,X4,1.3683234,0.7487125,1423.0564,xgb_shap_list_ir_4_subset_19,xgb_shap_list_ir_4
2596,X5,1.1334637,0.89941114,1178.8022,xgb_shap_list_ir_4_subset_19,xgb_shap_list_ir_4
2597,X6,1.109198,0.58520854,1153.5659,xgb_shap_list_ir_4_subset_19,xgb_shap_list_ir_4
2598,X1,1.2820858,0.6921144,1333.3693,xgb_shap_list_ir_3_subset_147,xgb_shap_list_ir_3
2599,X2,0.75917935,0.7966727,789.5465,xgb_shap_list_ir_3_subset_147,xgb_shap_list_ir_3
2600,X3,0.63349146,0.3045592,658.8311,xgb_shap_list_ir_3_subset_147,xgb_shap_list_ir_3
2601,X4,1.004581,0.5156075,1044.7642,xgb_shap_list_ir_3_subset_147,xgb_shap_list_ir_3
2602,X5,1.2174445,0.70910597,1266.1423,xgb_shap_list_ir_3_subset_147,xgb_shap_list_ir_3
2603,X6,0.82032764,0.42230824,853.14075,xgb_shap_list_ir_3_subset_147,xgb_shap_list_ir_3
2604,X1,0.9150361,0.52653,951.6375,xgb_shap_list_ir_2_subset_105,xgb_shap_list_ir_2
2605,X2,0.4489008,0.4435136,466.8568,xgb_shap_list_ir_2_subset_105,xgb_shap_list_ir_2
2606,X3,0.38381928,0.28207585,399.17206,xgb_shap_list_ir_2_subset_105,xgb_shap_list_ir_2
2607,X4,1.5789784,0.6680778,1642.1376,xgb_shap_list_ir_2_subset_105,xgb_shap_list_ir_2
2608,X5,0.61977077,0.34548628,644.5616,xgb_shap_list_ir_2_subset_105,xgb_shap_list_ir_2
2609,X6,1.6667798,0.7732017,1733.4509,xgb_shap_list_ir_2_subset_105,xgb_shap_list_ir_2
2610,X1,0.70772326,0.57680213,736.03217,xgb_shap_list_ir_3_subset_7,xgb_shap_list_ir_3
2611,X2,0.9792693,0.7954902,1018.4401,xgb_shap_list_ir_3_subset_7,xgb_shap_list_ir_3
2612,X3,0.5158861,0.25891903,536.52155,xgb_shap_list_ir_3_subset_7,xgb_shap_list_ir_3
2613,X4,1.4332037,0.7493516,1490.5319,xgb_shap_list_ir_3_subset_7,xgb_shap_list_ir_3
2614,X5,0.8620542,0.5956793,896.5364,xgb_shap_list_ir_3_subset_7,xgb_shap_list_ir_3
2615,X6,0.7809778,0.4440863,812.2169,xgb_shap_list_ir_3_subset_7,xgb_shap_list_ir_3
2616,X1,0.51883495,0.36082104,539.5883,xgb_shap_list_ir_4_subset_140,xgb_shap_list_ir_4
2617,X2,0.5532142,0.55529773,575.3428,xgb_shap_list_ir_4_subset_140,xgb_shap_list_ir_4
2618,X3,0.70180327,0.37056077,729.8754,xgb_shap_list_ir_4_subset_140,xgb_shap_list_ir_4
2619,X4,1.3895597,0.7229728,1445.1421,xgb_shap_list_ir_4_subset_140,xgb_shap_list_ir_4
2620,X5,1.1244577,0.8162675,1169.436,xgb_shap_list_ir_4_subset_140,xgb_shap_list_ir_4
2621,X6,0.9193134,0.5451532,956.0859,xgb_shap_list_ir_4_subset_140,xgb_shap_list_ir_4
2622,X1,1.3651203,0.4900158,1419.7251,xgb_shap_list_ir_1_subset_13,xgb_shap_list_ir_1
2623,X2,1.2044053,0.8039564,1252.5815,xgb_shap_list_ir_1_subset_13,xgb_shap_list_ir_1
2624,X3,0.31951195,0.24560878,332.29242,xgb_shap_list_ir_1_subset_13,xgb_shap_list_ir_1
2625,X4,0.5911997,0.41700718,614.84766,xgb_shap_list_ir_1_subset_13,xgb_shap_list_ir_1
2626,X5,1.0954827,0.4495396,1139.302,xgb_shap_list_ir_1_subset_13,xgb_shap_list_ir_1
2627,X6,1.0177666,0.38277468,1058.4773,xgb_shap_list_ir_1_subset_13,xgb_shap_list_ir_1
2628,X1,0.8202178,0.4455431,853.0265,xgb_shap_list_ir_4_subset_68,xgb_shap_list_ir_4
2629,X2,0.6063841,0.4755853,630.63947,xgb_shap_list_ir_4_subset_68,xgb_shap_list_ir_4
2630,X3,0.8544412,0.52916104,888.6189,xgb_shap_list_ir_4_subset_68,xgb_shap_list_ir_4
2631,X4,1.7859467,0.7798355,1857.3846,xgb_shap_list_ir_4_subset_68,xgb_shap_list_ir_4
2632,X5,0.7456347,0.53797626,775.4601,xgb_shap_list_ir_4_subset_68,xgb_shap_list_ir_4
2633,X6,0.90804255,0.49035624,944.36426,xgb_shap_list_ir_4_subset_68,xgb_shap_list_ir_4
2634,X1,0.84868604,0.5395393,882.6335,xgb_shap_list_ir_3_subset_42,xgb_shap_list_ir_3
2635,X2,0.6465779,0.60462016,672.44104,xgb_shap_list_ir_3_subset_42,xgb_shap_list_ir_3
2636,X3,0.5668668,0.26170364,589.5415,xgb_shap_list_ir_3_subset_42,xgb_shap_list_ir_3
2637,X4,1.5118084,0.70572746,1572.2808,xgb_shap_list_ir_3_subset_42,xgb_shap_list_ir_3
2638,X5,1.0010284,0.7083493,1041.0696,xgb_shap_list_ir_3_subset_42,xgb_shap_list_ir_3
2639,X6,0.7457641,0.43928447,775.59467,xgb_shap_list_ir_3_subset_42,xgb_shap_list_ir_3
2640,X1,0.6522644,0.47068167,678.355,xgb_shap_list_ir_4_subset_113,xgb_shap_list_ir_4
2641,X2,0.63714665,0.5196677,662.6325,xgb_shap_list_ir_4_subset_113,xgb_shap_list_ir_4
2642,X3,0.73576087,0.47023666,765.1913,xgb_shap_list_ir_4_subset_113,xgb_shap_list_ir_4
2643,X4,1.4042872,0.6299499,1460.4587,xgb_shap_list_ir_4_subset_113,xgb_shap_list_ir_4
2644,X5,0.99210536,0.6921152,1031.7896,xgb_shap_list_ir_4_subset_113,xgb_shap_list_ir_4
2645,X6,1.037922,0.5355544,1079.439,xgb_shap_list_ir_4_subset_113,xgb_shap_list_ir_4
2646,X1,1.3524799,0.49567527,1406.5791,xgb_shap_list_ir_2_subset_36,xgb_shap_list_ir_2
2647,X2,0.5819026,0.37602696,605.1787,xgb_shap_list_ir_2_subset_36,xgb_shap_list_ir_2
2648,X3,0.51030564,0.406325,530.7179,xgb_shap_list_ir_2_subset_36,xgb_shap_list_ir_2
2649,X4,1.415165,0.60959655,1471.7716,xgb_shap_list_ir_2_subset_36,xgb_shap_list_ir_2
2650,X5,1.032025,0.5073595,1073.306,xgb_shap_list_ir_2_subset_36,xgb_shap_list_ir_2
2651,X6,1.3127215,0.48686913,1365.2303,xgb_shap_list_ir_2_subset_36,xgb_shap_list_ir_2
2652,X1,0.55337465,0.54661125,575.50964,xgb_shap_list_ir_3_subset_33,xgb_shap_list_ir_3
2653,X2,0.63158727,0.7510238,656.85077,xgb_shap_list_ir_3_subset_33,xgb_shap_list_ir_3
2654,X3,0.847259,0.4138444,881.14935,xgb_shap_list_ir_3_subset_33,xgb_shap_list_ir_3
2655,X4,1.412992,0.58865315,1469.5117,xgb_shap_list_ir_3_subset_33,xgb_shap_list_ir_3
2656,X5,0.96949387,0.6130989,1008.2736,xgb_shap_list_ir_3_subset_33,xgb_shap_list_ir_3
2657,X6,0.9771595,0.4844035,1016.2459,xgb_shap_list_ir_3_subset_33,xgb_shap_list_ir_3
2658,X1,0.65125406,0.45430136,677.3042,xgb_shap_list_ir_3_subset_61,xgb_shap_list_ir_3
2659,X2,0.9082816,0.75802034,944.6129,xgb_shap_list_ir_3_subset_61,xgb_shap_list_ir_3
2660,X3,0.44231445,0.3549366,460.00702,xgb_shap_list_ir_3_subset_61,xgb_shap_list_ir_3
2661,X4,1.1680613,0.6348591,1214.7837,xgb_shap_list_ir_3_subset_61,xgb_shap_list_ir_3
2662,X5,1.3675542,0.82760686,1422.2563,xgb_shap_list_ir_3_subset_61,xgb_shap_list_ir_3
2663,X6,0.76565784,0.47863215,796.2842,xgb_shap_list_ir_3_subset_61,xgb_shap_list_ir_3
2664,X1,0.89596736,0.55405706,931.806,xgb_shap_list_ir_5_subset_19,xgb_shap_list_ir_5
2665,X2,0.6981012,0.64655995,726.02527,xgb_shap_list_ir_5_subset_19,xgb_shap_list_ir_5
2666,X3,0.74684095,0.39161357,776.7146,xgb_shap_list_ir_5_subset_19,xgb_shap_list_ir_5
2667,X4,1.461408,0.7402184,1519.8644,xgb_shap_list_ir_5_subset_19,xgb_shap_list_ir_5
2668,X5,1.2689638,0.8243393,1319.7224,xgb_shap_list_ir_5_subset_19,xgb_shap_list_ir_5
2669,X6,0.8458404,0.47634345,879.674,xgb_shap_list_ir_5_subset_19,xgb_shap_list_ir_5
2670,X1,0.80132115,0.72497433,833.374,xgb_shap_list_ir_2_subset_48,xgb_shap_list_ir_2
2671,X2,0.6861274,0.43347782,713.5725,xgb_shap_list_ir_2_subset_48,xgb_shap_list_ir_2
2672,X3,0.5133277,0.30648953,533.86084,xgb_shap_list_ir_2_subset_48,xgb_shap_list_ir_2
2673,X4,1.2407714,0.47351104,1290.4022,xgb_shap_list_ir_2_subset_48,xgb_shap_list_ir_2
2674,X5,1.1821579,0.5551985,1229.4442,xgb_shap_list_ir_2_subset_48,xgb_shap_list_ir_2
2675,X6,1.0899788,0.34960434,1133.578,xgb_shap_list_ir_2_subset_48,xgb_shap_list_ir_2
2676,X1,0.71402186,0.44718522,742.58276,xgb_shap_list_ir_2_subset_27,xgb_shap_list_ir_2
2677,X2,1.0220363,0.8196187,1062.9177,xgb_shap_list_ir_2_subset_27,xgb_shap_list_ir_2
2678,X3,0.49699086,0.22600034,516.8705,xgb_shap_list_ir_2_subset_27,xgb_shap_list_ir_2
2679,X4,0.823669,0.46021524,856.6158,xgb_shap_list_ir_2_subset_27,xgb_shap_list_ir_2
2680,X5,1.0247688,0.6344595,1065.7595,xgb_shap_list_ir_2_subset_27,xgb_shap_list_ir_2
2681,X6,1.0138257,0.46055973,1054.3787,xgb_shap_list_ir_2_subset_27,xgb_shap_list_ir_2
2682,X1,0.56018996,0.45085183,582.59753,xgb_shap_list_ir_1_subset_39,xgb_shap_list_ir_1
2683,X2,0.4667586,0.34751555,485.42896,xgb_shap_list_ir_1_subset_39,xgb_shap_list_ir_1
2684,X3,0.43175295,0.22396033,449.02307,xgb_shap_list_ir_1_subset_39,xgb_shap_list_ir_1
2685,X4,0.45916277,0.3630359,477.5293,xgb_shap_list_ir_1_subset_39,xgb_shap_list_ir_1
2686,X5,1.1299007,0.44739595,1175.0967,xgb_shap_list_ir_1_subset_39,xgb_shap_list_ir_1
2687,X6,0.7765138,0.3899696,807.57434,xgb_shap_list_ir_1_subset_39,xgb_shap_list_ir_1
2688,X1,0.7233515,0.5115987,752.2855,xgb_shap_list_ir_5_subset_72,xgb_shap_list_ir_5
2689,X2,0.70050377,0.5842722,728.5239,xgb_shap_list_ir_5_subset_72,xgb_shap_list_ir_5
2690,X3,0.77357614,0.4633575,804.51917,xgb_shap_list_ir_5_subset_72,xgb_shap_list_ir_5
2691,X4,1.8582802,0.91130006,1932.6113,xgb_shap_list_ir_5_subset_72,xgb_shap_list_ir_5
2692,X5,1.0493594,0.7664323,1091.3339,xgb_shap_list_ir_5_subset_72,xgb_shap_list_ir_5
2693,X6,0.76822567,0.455641,798.9547,xgb_shap_list_ir_5_subset_72,xgb_shap_list_ir_5
2694,X1,0.8005594,0.52262545,832.5818,xgb_shap_list_ir_4_subset_85,xgb_shap_list_ir_4
2695,X2,0.7525998,0.6061231,782.7038,xgb_shap_list_ir_4_subset_85,xgb_shap_list_ir_4
2696,X3,0.5356889,0.35875288,557.11646,xgb_shap_list_ir_4_subset_85,xgb_shap_list_ir_4
2697,X4,1.1981226,0.55608964,1246.0475,xgb_shap_list_ir_4_subset_85,xgb_shap_list_ir_4
2698,X5,1.2978022,0.96351177,1349.7144,xgb_shap_list_ir_4_subset_85,xgb_shap_list_ir_4
2699,X6,0.85981596,0.47902152,894.2086,xgb_shap_list_ir_4_subset_85,xgb_shap_list_ir_4
2700,X1,0.62123257,0.37983033,646.08185,xgb_shap_list_ir_4_subset_55,xgb_shap_list_ir_4
2701,X2,0.72292197,0.670484,751.83887,xgb_shap_list_ir_4_subset_55,xgb_shap_list_ir_4
2702,X3,0.70749456,0.38309216,735.7943,xgb_shap_list_ir_4_subset_55,xgb_shap_list_ir_4
2703,X4,1.4885015,0.6839213,1548.0416,xgb_shap_list_ir_4_subset_55,xgb_shap_list_ir_4
2704,X5,1.1018733,0.6787237,1145.9482,xgb_shap_list_ir_4_subset_55,xgb_shap_list_ir_4
2705,X6,0.82162476,0.48161453,854.48975,xgb_shap_list_ir_4_subset_55,xgb_shap_list_ir_4
2706,X1,0.6874925,0.4816723,714.9922,xgb_shap_list_ir_3_subset_132,xgb_shap_list_ir_3
2707,X2,0.8938489,0.7304821,929.60284,xgb_shap_list_ir_3_subset_132,xgb_shap_list_ir_3
2708,X3,0.92690945,0.4573675,963.98584,xgb_shap_list_ir_3_subset_132,xgb_shap_list_ir_3
2709,X4,1.1848295,0.56211585,1232.2227,xgb_shap_list_ir_3_subset_132,xgb_shap_list_ir_3
2710,X5,0.76935744,0.6697561,800.1317,xgb_shap_list_ir_3_subset_132,xgb_shap_list_ir_3
2711,X6,0.99349296,0.47599474,1033.2327,xgb_shap_list_ir_3_subset_132,xgb_shap_list_ir_3
2712,X1,0.82613105,0.5374056,859.1763,xgb_shap_list_ir_3_subset_44,xgb_shap_list_ir_3
2713,X2,0.76288426,0.60566944,793.39966,xgb_shap_list_ir_3_subset_44,xgb_shap_list_ir_3
2714,X3,0.3570169,0.26309913,371.29758,xgb_shap_list_ir_3_subset_44,xgb_shap_list_ir_3
2715,X4,1.074123,0.6000447,1117.0879,xgb_shap_list_ir_3_subset_44,xgb_shap_list_ir_3
2716,X5,1.3908337,0.86726594,1446.467,xgb_shap_list_ir_3_subset_44,xgb_shap_list_ir_3
2717,X6,0.79979306,0.57205516,831.7848,xgb_shap_list_ir_3_subset_44,xgb_shap_list_ir_3
2718,X1,0.8831832,0.5177478,918.5105,xgb_shap_list_ir_4_subset_60,xgb_shap_list_ir_4
2719,X2,0.64964473,0.5940676,675.6305,xgb_shap_list_ir_4_subset_60,xgb_shap_list_ir_4
2720,X3,0.503987,0.2959089,524.1465,xgb_shap_list_ir_4_subset_60,xgb_shap_list_ir_4
2721,X4,1.1973838,0.57442904,1245.279,xgb_shap_list_ir_4_subset_60,xgb_shap_list_ir_4
2722,X5,1.1659613,0.8565875,1212.5997,xgb_shap_list_ir_4_subset_60,xgb_shap_list_ir_4
2723,X6,1.0302086,0.6572717,1071.417,xgb_shap_list_ir_4_subset_60,xgb_shap_list_ir_4
2724,X1,0.9463999,0.699346,984.2559,xgb_shap_list_ir_5_subset_116,xgb_shap_list_ir_5
2725,X2,0.7622415,0.6187308,792.73114,xgb_shap_list_ir_5_subset_116,xgb_shap_list_ir_5
2726,X3,0.59717077,0.28679577,621.0576,xgb_shap_list_ir_5_subset_116,xgb_shap_list_ir_5
2727,X4,1.5219231,0.6759539,1582.8,xgb_shap_list_ir_5_subset_116,xgb_shap_list_ir_5
2728,X5,1.4374592,1.0038775,1494.9576,xgb_shap_list_ir_5_subset_116,xgb_shap_list_ir_5
2729,X6,1.048306,0.628865,1090.2383,xgb_shap_list_ir_5_subset_116,xgb_shap_list_ir_5
2730,X1,0.9126769,0.6416044,949.18396,xgb_shap_list_ir_5_subset_30,xgb_shap_list_ir_5
2731,X2,0.7276858,0.6249078,756.7932,xgb_shap_list_ir_5_subset_30,xgb_shap_list_ir_5
2732,X3,0.5502869,0.2897582,572.29834,xgb_shap_list_ir_5_subset_30,xgb_shap_list_ir_5
2733,X4,1.4854252,0.7311481,1544.8423,xgb_shap_list_ir_5_subset_30,xgb_shap_list_ir_5
2734,X5,1.2432728,0.8299434,1293.0037,xgb_shap_list_ir_5_subset_30,xgb_shap_list_ir_5
2735,X6,0.878837,0.5145771,913.9905,xgb_shap_list_ir_5_subset_30,xgb_shap_list_ir_5
2736,X1,1.2611506,0.5439447,1311.5967,xgb_shap_list_ir_1_subset_55,xgb_shap_list_ir_1
2737,X2,0.4550777,0.3237115,473.28082,xgb_shap_list_ir_1_subset_55,xgb_shap_list_ir_1
2738,X3,0.79769826,0.5936133,829.6062,xgb_shap_list_ir_1_subset_55,xgb_shap_list_ir_1
2739,X4,0.6100557,0.38811544,634.4579,xgb_shap_list_ir_1_subset_55,xgb_shap_list_ir_1
2740,X5,0.65909326,0.4214154,685.457,xgb_shap_list_ir_1_subset_55,xgb_shap_list_ir_1
2741,X6,0.42524615,0.18243277,442.25598,xgb_shap_list_ir_1_subset_55,xgb_shap_list_ir_1
2742,X1,0.64168113,0.502911,667.3484,xgb_shap_list_ir_4_subset_77,xgb_shap_list_ir_4
2743,X2,0.4799533,0.4170919,499.15143,xgb_shap_list_ir_4_subset_77,xgb_shap_list_ir_4
2744,X3,0.5417232,0.33516154,563.3921,xgb_shap_list_ir_4_subset_77,xgb_shap_list_ir_4
2745,X4,1.6533903,0.80838513,1719.5259,xgb_shap_list_ir_4_subset_77,xgb_shap_list_ir_4
2746,X5,1.179802,0.6984925,1226.994,xgb_shap_list_ir_4_subset_77,xgb_shap_list_ir_4
2747,X6,0.85758156,0.67570376,891.8848,xgb_shap_list_ir_4_subset_77,xgb_shap_list_ir_4
2748,X1,0.60017645,0.4354095,624.18353,xgb_shap_list_ir_2_subset_94,xgb_shap_list_ir_2
2749,X2,0.5146535,0.48501444,535.2396,xgb_shap_list_ir_2_subset_94,xgb_shap_list_ir_2
2750,X3,1.322089,0.36877882,1374.9725,xgb_shap_list_ir_2_subset_94,xgb_shap_list_ir_2
2751,X4,1.5634242,0.5695176,1625.9612,xgb_shap_list_ir_2_subset_94,xgb_shap_list_ir_2
2752,X5,0.875785,0.51312935,910.8164,xgb_shap_list_ir_2_subset_94,xgb_shap_list_ir_2
2753,X6,1.2500591,0.55692464,1300.0615,xgb_shap_list_ir_2_subset_94,xgb_shap_list_ir_2
2754,X1,0.686586,0.594137,714.04944,xgb_shap_list_ir_4_subset_21,xgb_shap_list_ir_4
2755,X2,0.88155764,0.77990955,916.81995,xgb_shap_list_ir_4_subset_21,xgb_shap_list_ir_4
2756,X3,0.78858835,0.4525068,820.1319,xgb_shap_list_ir_4_subset_21,xgb_shap_list_ir_4
2757,X4,1.4468142,0.72866666,1504.6868,xgb_shap_list_ir_4_subset_21,xgb_shap_list_ir_4
2758,X5,0.9257443,0.7131748,962.77405,xgb_shap_list_ir_4_subset_21,xgb_shap_list_ir_4
2759,X6,0.9027562,0.4915694,938.86646,xgb_shap_list_ir_4_subset_21,xgb_shap_list_ir_4
2760,X1,0.9469707,0.4021668,984.84955,xgb_shap_list_ir_1_subset_99,xgb_shap_list_ir_1
2761,X2,0.60620713,0.4825645,630.45544,xgb_shap_list_ir_1_subset_99,xgb_shap_list_ir_1
2762,X3,1.1597034,0.4068988,1206.0916,xgb_shap_list_ir_1_subset_99,xgb_shap_list_ir_1
2763,X4,1.3381038,0.4279222,1391.6279,xgb_shap_list_ir_1_subset_99,xgb_shap_list_ir_1
2764,X5,0.4728003,0.25581744,491.71234,xgb_shap_list_ir_1_subset_99,xgb_shap_list_ir_1
2765,X6,0.49829218,0.2724688,518.2239,xgb_shap_list_ir_1_subset_99,xgb_shap_list_ir_1
2766,X1,0.9569723,0.64977705,995.2512,xgb_shap_list_ir_1_subset_101,xgb_shap_list_ir_1
2767,X2,0.5844335,0.4820539,607.81085,xgb_shap_list_ir_1_subset_101,xgb_shap_list_ir_1
2768,X3,0.34285972,0.10571736,356.5741,xgb_shap_list_ir_1_subset_101,xgb_shap_list_ir_1
2769,X4,1.1617211,0.45903835,1208.19,xgb_shap_list_ir_1_subset_101,xgb_shap_list_ir_1
2770,X5,1.1702615,0.49460083,1217.072,xgb_shap_list_ir_1_subset_101,xgb_shap_list_ir_1
2771,X6,0.852785,0.3065053,886.89636,xgb_shap_list_ir_1_subset_101,xgb_shap_list_ir_1
2772,X1,0.89198935,0.62935823,927.66895,xgb_shap_list_ir_3_subset_114,xgb_shap_list_ir_3
2773,X2,0.88144386,0.67805696,916.7016,xgb_shap_list_ir_3_subset_114,xgb_shap_list_ir_3
2774,X3,0.71205187,0.41609243,740.53394,xgb_shap_list_ir_3_subset_114,xgb_shap_list_ir_3
2775,X4,1.3876781,0.5635224,1443.1853,xgb_shap_list_ir_3_subset_114,xgb_shap_list_ir_3
2776,X5,0.82152724,0.5437158,854.3883,xgb_shap_list_ir_3_subset_114,xgb_shap_list_ir_3
2777,X6,0.70642215,0.38472214,734.679,xgb_shap_list_ir_3_subset_114,xgb_shap_list_ir_3
2778,X1,0.7390989,0.6991281,768.66284,xgb_shap_list_ir_2_subset_115,xgb_shap_list_ir_2
2779,X2,0.66311324,0.74921817,689.63776,xgb_shap_list_ir_2_subset_115,xgb_shap_list_ir_2
2780,X3,0.57907057,0.3178081,602.2334,xgb_shap_list_ir_2_subset_115,xgb_shap_list_ir_2
2781,X4,1.7374606,0.76608825,1806.959,xgb_shap_list_ir_2_subset_115,xgb_shap_list_ir_2
2782,X5,0.7590153,0.3995375,789.3759,xgb_shap_list_ir_2_subset_115,xgb_shap_list_ir_2
2783,X6,0.8363874,0.485877,869.8429,xgb_shap_list_ir_2_subset_115,xgb_shap_list_ir_2
2784,X1,0.663035,0.38045016,689.5564,xgb_shap_list_ir_3_subset_79,xgb_shap_list_ir_3
2785,X2,0.625352,0.5069407,650.3661,xgb_shap_list_ir_3_subset_79,xgb_shap_list_ir_3
2786,X3,0.6641576,0.34584522,690.72394,xgb_shap_list_ir_3_subset_79,xgb_shap_list_ir_3
2787,X4,1.4175642,0.66590655,1474.2667,xgb_shap_list_ir_3_subset_79,xgb_shap_list_ir_3
2788,X5,0.877535,0.6761622,912.6364,xgb_shap_list_ir_3_subset_79,xgb_shap_list_ir_3
2789,X6,0.739112,0.38800985,768.6765,xgb_shap_list_ir_3_subset_79,xgb_shap_list_ir_3
2790,X1,1.0238913,0.45339242,1064.8469,xgb_shap_list_ir_1_subset_63,xgb_shap_list_ir_1
2791,X2,0.49114856,0.30620036,510.7945,xgb_shap_list_ir_1_subset_63,xgb_shap_list_ir_1
2792,X3,0.49696815,0.53482234,516.84686,xgb_shap_list_ir_1_subset_63,xgb_shap_list_ir_1
2793,X4,0.6668815,0.37081444,693.55676,xgb_shap_list_ir_1_subset_63,xgb_shap_list_ir_1
2794,X5,0.6360177,0.41546628,661.4584,xgb_shap_list_ir_1_subset_63,xgb_shap_list_ir_1
2795,X6,0.69397557,0.44270295,721.7346,xgb_shap_list_ir_1_subset_63,xgb_shap_list_ir_1
2796,X1,0.3739592,0.25896147,388.91757,xgb_shap_list_ir_2_subset_122,xgb_shap_list_ir_2
2797,X2,0.40009972,0.31984273,416.1037,xgb_shap_list_ir_2_subset_122,xgb_shap_list_ir_2
2798,X3,1.0682976,0.5425679,1111.0295,xgb_shap_list_ir_2_subset_122,xgb_shap_list_ir_2
2799,X4,1.7848908,0.68190366,1856.2864,xgb_shap_list_ir_2_subset_122,xgb_shap_list_ir_2
2800,X5,0.7251655,0.4150106,754.1721,xgb_shap_list_ir_2_subset_122,xgb_shap_list_ir_2
2801,X6,0.80678105,0.49313793,839.0523,xgb_shap_list_ir_2_subset_122,xgb_shap_list_ir_2
2802,X1,0.599124,0.48279524,623.089,xgb_shap_list_ir_5_subset_28,xgb_shap_list_ir_5
2803,X2,0.7279972,0.674076,757.11707,xgb_shap_list_ir_5_subset_28,xgb_shap_list_ir_5
2804,X3,0.8741203,0.4781467,909.0851,xgb_shap_list_ir_5_subset_28,xgb_shap_list_ir_5
2805,X4,1.6083996,0.7696466,1672.7356,xgb_shap_list_ir_5_subset_28,xgb_shap_list_ir_5
2806,X5,1.1605266,0.8120108,1206.9478,xgb_shap_list_ir_5_subset_28,xgb_shap_list_ir_5
2807,X6,0.6873295,0.4015967,714.82263,xgb_shap_list_ir_5_subset_28,xgb_shap_list_ir_5
2808,X1,0.90916264,0.68250316,945.5292,xgb_shap_list_ir_5_subset_67,xgb_shap_list_ir_5
2809,X2,0.85925746,0.6945881,893.62775,xgb_shap_list_ir_5_subset_67,xgb_shap_list_ir_5
2810,X3,0.78584945,0.5378814,817.28345,xgb_shap_list_ir_5_subset_67,xgb_shap_list_ir_5
2811,X4,1.5134386,0.69021255,1573.9761,xgb_shap_list_ir_5_subset_67,xgb_shap_list_ir_5
2812,X5,1.3853666,1.0576674,1440.7812,xgb_shap_list_ir_5_subset_67,xgb_shap_list_ir_5
2813,X6,0.93037826,0.5491105,967.5934,xgb_shap_list_ir_5_subset_67,xgb_shap_list_ir_5
2814,X1,1.1467503,0.55424476,1192.6204,xgb_shap_list_ir_2_subset_82,xgb_shap_list_ir_2
2815,X2,0.9437974,0.67300254,981.5493,xgb_shap_list_ir_2_subset_82,xgb_shap_list_ir_2
2816,X3,0.8314095,0.41152218,864.6659,xgb_shap_list_ir_2_subset_82,xgb_shap_list_ir_2
2817,X4,1.1981344,0.521356,1246.0598,xgb_shap_list_ir_2_subset_82,xgb_shap_list_ir_2
2818,X5,0.6048192,0.39926556,629.01196,xgb_shap_list_ir_2_subset_82,xgb_shap_list_ir_2
2819,X6,0.497354,0.3128252,517.24817,xgb_shap_list_ir_2_subset_82,xgb_shap_list_ir_2
2820,X1,0.6031565,0.4231596,627.2828,xgb_shap_list_ir_1_subset_91,xgb_shap_list_ir_1
2821,X2,1.0041116,0.3425822,1044.2761,xgb_shap_list_ir_1_subset_91,xgb_shap_list_ir_1
2822,X3,0.6105341,0.35471097,634.95544,xgb_shap_list_ir_1_subset_91,xgb_shap_list_ir_1
2823,X4,0.97195095,0.40641245,1010.829,xgb_shap_list_ir_1_subset_91,xgb_shap_list_ir_1
2824,X5,0.64738685,0.36949053,673.28235,xgb_shap_list_ir_1_subset_91,xgb_shap_list_ir_1
2825,X6,0.5757778,0.48644882,598.80896,xgb_shap_list_ir_1_subset_91,xgb_shap_list_ir_1
2826,X1,0.7889395,0.4673422,820.4971,xgb_shap_list_ir_2_subset_127,xgb_shap_list_ir_2
2827,X2,0.6371553,0.56751436,662.6415,xgb_shap_list_ir_2_subset_127,xgb_shap_list_ir_2
2828,X3,0.47015563,0.5233111,488.96185,xgb_shap_list_ir_2_subset_127,xgb_shap_list_ir_2
2829,X4,1.1272951,0.4575294,1172.387,xgb_shap_list_ir_2_subset_127,xgb_shap_list_ir_2
2830,X5,0.9663862,0.49638483,1005.0416,xgb_shap_list_ir_2_subset_127,xgb_shap_list_ir_2
2831,X6,1.1809506,0.50782794,1228.1887,xgb_shap_list_ir_2_subset_127,xgb_shap_list_ir_2
2832,X1,0.48104808,0.44196635,500.29,xgb_shap_list_ir_2_subset_67,xgb_shap_list_ir_2
2833,X2,0.5856039,0.6399742,609.0281,xgb_shap_list_ir_2_subset_67,xgb_shap_list_ir_2
2834,X3,0.7040681,0.33542055,732.23083,xgb_shap_list_ir_2_subset_67,xgb_shap_list_ir_2
2835,X4,1.4775674,0.5660127,1536.6702,xgb_shap_list_ir_2_subset_67,xgb_shap_list_ir_2
2836,X5,0.6610322,0.5116597,687.4735,xgb_shap_list_ir_2_subset_67,xgb_shap_list_ir_2
2837,X6,0.81298876,0.43104655,845.5083,xgb_shap_list_ir_2_subset_67,xgb_shap_list_ir_2
2838,X1,0.8837995,0.5723517,919.1515,xgb_shap_list_ir_4_subset_73,xgb_shap_list_ir_4
2839,X2,0.56641155,0.47063646,589.068,xgb_shap_list_ir_4_subset_73,xgb_shap_list_ir_4
2840,X3,0.57594883,0.5205786,598.9868,xgb_shap_list_ir_4_subset_73,xgb_shap_list_ir_4
2841,X4,1.4600258,0.6687471,1518.4269,xgb_shap_list_ir_4_subset_73,xgb_shap_list_ir_4
2842,X5,0.87482136,0.69291127,909.8142,xgb_shap_list_ir_4_subset_73,xgb_shap_list_ir_4
2843,X6,0.7979167,0.48552704,829.8334,xgb_shap_list_ir_4_subset_73,xgb_shap_list_ir_4
2844,X1,0.5785001,0.4035958,601.6401,xgb_shap_list_ir_3_subset_4,xgb_shap_list_ir_3
2845,X2,0.60130936,0.5565772,625.36176,xgb_shap_list_ir_3_subset_4,xgb_shap_list_ir_3
2846,X3,1.1225945,0.47234577,1167.4983,xgb_shap_list_ir_3_subset_4,xgb_shap_list_ir_3
2847,X4,0.9979465,0.5823706,1037.8644,xgb_shap_list_ir_3_subset_4,xgb_shap_list_ir_3
2848,X5,1.2431614,0.85929644,1292.888,xgb_shap_list_ir_3_subset_4,xgb_shap_list_ir_3
2849,X6,0.93870986,0.57186157,976.25824,xgb_shap_list_ir_3_subset_4,xgb_shap_list_ir_3
2850,X1,0.8496528,0.65285283,883.6389,xgb_shap_list_ir_2_subset_118,xgb_shap_list_ir_2
2851,X2,0.7515558,0.77223206,781.61804,xgb_shap_list_ir_2_subset_118,xgb_shap_list_ir_2
2852,X3,0.2623054,0.179894,272.79764,xgb_shap_list_ir_2_subset_118,xgb_shap_list_ir_2
2853,X4,1.306596,0.46459213,1358.8599,xgb_shap_list_ir_2_subset_118,xgb_shap_list_ir_2
2854,X5,1.0615102,0.6076902,1103.9706,xgb_shap_list_ir_2_subset_118,xgb_shap_list_ir_2
2855,X6,0.6359667,0.32508332,661.4054,xgb_shap_list_ir_2_subset_118,xgb_shap_list_ir_2
2856,X1,0.7544987,0.5539081,784.67865,xgb_shap_list_ir_3_subset_101,xgb_shap_list_ir_3
2857,X2,0.6802664,0.90447646,707.47705,xgb_shap_list_ir_3_subset_101,xgb_shap_list_ir_3
2858,X3,0.7553633,0.40608296,785.5778,xgb_shap_list_ir_3_subset_101,xgb_shap_list_ir_3
2859,X4,1.5744268,0.58107865,1637.4038,xgb_shap_list_ir_3_subset_101,xgb_shap_list_ir_3
2860,X5,0.96846503,0.68070287,1007.2036,xgb_shap_list_ir_3_subset_101,xgb_shap_list_ir_3
2861,X6,0.6328293,0.39047247,658.14246,xgb_shap_list_ir_3_subset_101,xgb_shap_list_ir_3
2862,X1,0.9709197,0.6233445,1009.75653,xgb_shap_list_ir_5_subset_29,xgb_shap_list_ir_5
2863,X2,0.79674006,0.7817082,828.6097,xgb_shap_list_ir_5_subset_29,xgb_shap_list_ir_5
2864,X3,0.7421666,0.5617666,771.8533,xgb_shap_list_ir_5_subset_29,xgb_shap_list_ir_5
2865,X4,1.1091945,0.5705967,1153.5623,xgb_shap_list_ir_5_subset_29,xgb_shap_list_ir_5
2866,X5,1.605777,1.196026,1670.008,xgb_shap_list_ir_5_subset_29,xgb_shap_list_ir_5
2867,X6,0.9194408,0.58777755,956.21844,xgb_shap_list_ir_5_subset_29,xgb_shap_list_ir_5
2868,X1,0.7839308,0.623487,815.288,xgb_shap_list_ir_4_subset_70,xgb_shap_list_ir_4
2869,X2,0.8258385,0.8559563,858.8721,xgb_shap_list_ir_4_subset_70,xgb_shap_list_ir_4
2870,X3,0.31788403,0.18418063,330.5994,xgb_shap_list_ir_4_subset_70,xgb_shap_list_ir_4
2871,X4,1.2090209,0.70337576,1257.3817,xgb_shap_list_ir_4_subset_70,xgb_shap_list_ir_4
2872,X5,1.2006675,0.8902829,1248.6942,xgb_shap_list_ir_4_subset_70,xgb_shap_list_ir_4
2873,X6,0.73660654,0.55452436,766.0708,xgb_shap_list_ir_4_subset_70,xgb_shap_list_ir_4
2874,X1,0.9701005,0.7039425,1008.90454,xgb_shap_list_ir_4_subset_109,xgb_shap_list_ir_4
2875,X2,0.8886113,0.7186229,924.15576,xgb_shap_list_ir_4_subset_109,xgb_shap_list_ir_4
2876,X3,0.18369421,0.13239166,191.04198,xgb_shap_list_ir_4_subset_109,xgb_shap_list_ir_4
2877,X4,1.3976418,0.59266126,1453.5475,xgb_shap_list_ir_4_subset_109,xgb_shap_list_ir_4
2878,X5,1.0708201,0.7374002,1113.653,xgb_shap_list_ir_4_subset_109,xgb_shap_list_ir_4
2879,X6,0.7696186,0.4765934,800.4033,xgb_shap_list_ir_4_subset_109,xgb_shap_list_ir_4
2880,X1,0.910492,0.52914065,946.9117,xgb_shap_list_ir_2_subset_44,xgb_shap_list_ir_2
2881,X2,0.8827923,0.47031194,918.104,xgb_shap_list_ir_2_subset_44,xgb_shap_list_ir_2
2882,X3,0.30079427,0.25154358,312.82605,xgb_shap_list_ir_2_subset_44,xgb_shap_list_ir_2
2883,X4,1.4182637,0.6104346,1474.9943,xgb_shap_list_ir_2_subset_44,xgb_shap_list_ir_2
2884,X5,1.0513036,0.5927079,1093.3557,xgb_shap_list_ir_2_subset_44,xgb_shap_list_ir_2
2885,X6,0.6045415,0.33777675,628.72314,xgb_shap_list_ir_2_subset_44,xgb_shap_list_ir_2
2886,X1,0.8817931,0.44781485,917.0648,xgb_shap_list_ir_2_subset_145,xgb_shap_list_ir_2
2887,X2,0.53519684,0.31722388,556.60474,xgb_shap_list_ir_2_subset_145,xgb_shap_list_ir_2
2888,X3,0.84270144,0.54927665,876.4095,xgb_shap_list_ir_2_subset_145,xgb_shap_list_ir_2
2889,X4,1.4466478,0.46261013,1504.5137,xgb_shap_list_ir_2_subset_145,xgb_shap_list_ir_2
2890,X5,1.1688213,0.5677586,1215.5742,xgb_shap_list_ir_2_subset_145,xgb_shap_list_ir_2
2891,X6,0.83569545,0.4827582,869.1233,xgb_shap_list_ir_2_subset_145,xgb_shap_list_ir_2
2892,X1,0.4905415,0.3071602,510.16315,xgb_shap_list_ir_1_subset_109,xgb_shap_list_ir_1
2893,X2,0.85924053,0.48555052,893.61017,xgb_shap_list_ir_1_subset_109,xgb_shap_list_ir_1
2894,X3,0.6298574,0.38050443,655.0517,xgb_shap_list_ir_1_subset_109,xgb_shap_list_ir_1
2895,X4,1.1263726,0.4284161,1171.4275,xgb_shap_list_ir_1_subset_109,xgb_shap_list_ir_1
2896,X5,0.80393267,0.3850948,836.08997,xgb_shap_list_ir_1_subset_109,xgb_shap_list_ir_1
2897,X6,0.44297907,0.30030972,460.69824,xgb_shap_list_ir_1_subset_109,xgb_shap_list_ir_1
2898,X1,0.7926845,0.63049847,824.39185,xgb_shap_list_ir_5_subset_146,xgb_shap_list_ir_5
2899,X2,0.6927786,0.6641713,720.48975,xgb_shap_list_ir_5_subset_146,xgb_shap_list_ir_5
2900,X3,0.5135875,0.31134036,534.131,xgb_shap_list_ir_5_subset_146,xgb_shap_list_ir_5
2901,X4,1.4746184,0.8382023,1533.6031,xgb_shap_list_ir_5_subset_146,xgb_shap_list_ir_5
2902,X5,1.3851347,0.9349469,1440.54,xgb_shap_list_ir_5_subset_146,xgb_shap_list_ir_5
2903,X6,0.7318737,0.41765603,761.1486,xgb_shap_list_ir_5_subset_146,xgb_shap_list_ir_5
2904,X1,0.81014776,0.5794684,842.55365,xgb_shap_list_ir_3_subset_89,xgb_shap_list_ir_3
2905,X2,0.70998627,0.6278615,738.38574,xgb_shap_list_ir_3_subset_89,xgb_shap_list_ir_3
2906,X3,0.627729,0.28202757,652.83813,xgb_shap_list_ir_3_subset_89,xgb_shap_list_ir_3
2907,X4,1.3248843,0.6281136,1377.8796,xgb_shap_list_ir_3_subset_89,xgb_shap_list_ir_3
2908,X5,1.1234274,0.7528903,1168.3645,xgb_shap_list_ir_3_subset_89,xgb_shap_list_ir_3
2909,X6,0.86226773,0.5645225,896.7584,xgb_shap_list_ir_3_subset_89,xgb_shap_list_ir_3
2910,X1,0.822782,0.4603676,855.69324,xgb_shap_list_ir_3_subset_37,xgb_shap_list_ir_3
2911,X2,0.64204055,0.58277583,667.72217,xgb_shap_list_ir_3_subset_37,xgb_shap_list_ir_3
2912,X3,0.413191,0.22734095,429.71863,xgb_shap_list_ir_3_subset_37,xgb_shap_list_ir_3
2913,X4,1.2228241,0.6703927,1271.737,xgb_shap_list_ir_3_subset_37,xgb_shap_list_ir_3
2914,X5,1.060122,0.67735523,1102.5269,xgb_shap_list_ir_3_subset_37,xgb_shap_list_ir_3
2915,X6,0.76969934,0.4681902,800.4873,xgb_shap_list_ir_3_subset_37,xgb_shap_list_ir_3
2916,X1,1.252458,0.58730036,1302.5563,xgb_shap_list_ir_1_subset_125,xgb_shap_list_ir_1
2917,X2,1.0204102,0.46344596,1061.2266,xgb_shap_list_ir_1_subset_125,xgb_shap_list_ir_1
2918,X3,0.4377784,0.46673876,455.28955,xgb_shap_list_ir_1_subset_125,xgb_shap_list_ir_1
2919,X4,0.42991516,0.39197782,447.11176,xgb_shap_list_ir_1_subset_125,xgb_shap_list_ir_1
2920,X5,0.6879095,0.36829838,715.42584,xgb_shap_list_ir_1_subset_125,xgb_shap_list_ir_1
2921,X6,0.5906831,0.46588144,614.3104,xgb_shap_list_ir_1_subset_125,xgb_shap_list_ir_1
2922,X1,1.130678,0.56378627,1175.9052,xgb_shap_list_ir_3_subset_17,xgb_shap_list_ir_3
2923,X2,0.56822294,0.45670402,590.95184,xgb_shap_list_ir_3_subset_17,xgb_shap_list_ir_3
2924,X3,0.44310048,0.30923888,460.8245,xgb_shap_list_ir_3_subset_17,xgb_shap_list_ir_3
2925,X4,0.9376723,0.44125456,975.1792,xgb_shap_list_ir_3_subset_17,xgb_shap_list_ir_3
2926,X5,1.2122041,0.76282555,1260.6923,xgb_shap_list_ir_3_subset_17,xgb_shap_list_ir_3
2927,X6,1.2168069,0.59654605,1265.4791,xgb_shap_list_ir_3_subset_17,xgb_shap_list_ir_3
2928,X1,0.75714034,0.45826903,787.42596,xgb_shap_list_ir_2_subset_23,xgb_shap_list_ir_2
2929,X2,0.7340718,0.5827616,763.4347,xgb_shap_list_ir_2_subset_23,xgb_shap_list_ir_2
2930,X3,0.5072209,0.2728093,527.50977,xgb_shap_list_ir_2_subset_23,xgb_shap_list_ir_2
2931,X4,0.63979983,0.59633905,665.39185,xgb_shap_list_ir_2_subset_23,xgb_shap_list_ir_2
2932,X5,1.4085858,0.7096495,1464.9292,xgb_shap_list_ir_2_subset_23,xgb_shap_list_ir_2
2933,X6,0.71679866,0.5187583,745.4706,xgb_shap_list_ir_2_subset_23,xgb_shap_list_ir_2
2934,X1,0.6975191,0.4442369,725.41986,xgb_shap_list_ir_2_subset_41,xgb_shap_list_ir_2
2935,X2,0.7176413,0.5811638,746.3469,xgb_shap_list_ir_2_subset_41,xgb_shap_list_ir_2
2936,X3,0.5148509,0.41779253,535.44495,xgb_shap_list_ir_2_subset_41,xgb_shap_list_ir_2
2937,X4,0.8249954,0.49927208,857.99524,xgb_shap_list_ir_2_subset_41,xgb_shap_list_ir_2
2938,X5,0.68115956,0.5114338,708.40594,xgb_shap_list_ir_2_subset_41,xgb_shap_list_ir_2
2939,X6,0.83889854,0.44353032,872.45447,xgb_shap_list_ir_2_subset_41,xgb_shap_list_ir_2
2940,X1,0.69787776,0.51386994,725.79285,xgb_shap_list_ir_4_subset_66,xgb_shap_list_ir_4
2941,X2,0.5974188,0.6650159,621.31555,xgb_shap_list_ir_4_subset_66,xgb_shap_list_ir_4
2942,X3,0.893728,0.55689454,929.4771,xgb_shap_list_ir_4_subset_66,xgb_shap_list_ir_4
2943,X4,1.4899095,0.6498466,1549.5059,xgb_shap_list_ir_4_subset_66,xgb_shap_list_ir_4
2944,X5,1.3496742,0.7375995,1403.6611,xgb_shap_list_ir_4_subset_66,xgb_shap_list_ir_4
2945,X6,0.7999828,0.5578573,831.9821,xgb_shap_list_ir_4_subset_66,xgb_shap_list_ir_4
2946,X1,0.61599344,0.49640304,640.6332,xgb_shap_list_ir_5_subset_131,xgb_shap_list_ir_5
2947,X2,0.7195735,0.68658614,748.35645,xgb_shap_list_ir_5_subset_131,xgb_shap_list_ir_5
2948,X3,0.78339267,0.46078393,814.7284,xgb_shap_list_ir_5_subset_131,xgb_shap_list_ir_5
2949,X4,1.4321365,0.6066516,1489.422,xgb_shap_list_ir_5_subset_131,xgb_shap_list_ir_5
2950,X5,1.272501,1.0762377,1323.401,xgb_shap_list_ir_5_subset_131,xgb_shap_list_ir_5
2951,X6,0.83786786,0.48363116,871.38257,xgb_shap_list_ir_5_subset_131,xgb_shap_list_ir_5
2952,X1,0.8415567,0.47827795,875.219,xgb_shap_list_ir_2_subset_31,xgb_shap_list_ir_2
2953,X2,0.6489106,0.42475766,674.867,xgb_shap_list_ir_2_subset_31,xgb_shap_list_ir_2
2954,X3,0.8707979,0.379876,905.62976,xgb_shap_list_ir_2_subset_31,xgb_shap_list_ir_2
2955,X4,1.0369002,0.52183086,1078.3762,xgb_shap_list_ir_2_subset_31,xgb_shap_list_ir_2
2956,X5,1.0977157,0.57352984,1141.6244,xgb_shap_list_ir_2_subset_31,xgb_shap_list_ir_2
2957,X6,0.92528754,0.46747932,962.2991,xgb_shap_list_ir_2_subset_31,xgb_shap_list_ir_2
2958,X1,0.7633042,0.64093715,793.83636,xgb_shap_list_ir_4_subset_92,xgb_shap_list_ir_4
2959,X2,0.7042633,0.6820044,732.43384,xgb_shap_list_ir_4_subset_92,xgb_shap_list_ir_4
2960,X3,0.4389389,0.3061793,456.49643,xgb_shap_list_ir_4_subset_92,xgb_shap_list_ir_4
2961,X4,1.7707214,0.7388019,1841.5503,xgb_shap_list_ir_4_subset_92,xgb_shap_list_ir_4
2962,X5,0.8862059,0.6720089,921.6542,xgb_shap_list_ir_4_subset_92,xgb_shap_list_ir_4
2963,X6,0.6837645,0.4243177,711.1151,xgb_shap_list_ir_4_subset_92,xgb_shap_list_ir_4
2964,X1,0.7802632,0.5219,811.4737,xgb_shap_list_ir_4_subset_32,xgb_shap_list_ir_4
2965,X2,0.7283522,0.60441786,757.48627,xgb_shap_list_ir_4_subset_32,xgb_shap_list_ir_4
2966,X3,0.515247,0.31988207,535.8569,xgb_shap_list_ir_4_subset_32,xgb_shap_list_ir_4
2967,X4,1.1527207,0.673911,1198.8295,xgb_shap_list_ir_4_subset_32,xgb_shap_list_ir_4
2968,X5,1.1670978,0.7811493,1213.7817,xgb_shap_list_ir_4_subset_32,xgb_shap_list_ir_4
2969,X6,0.84472305,0.47652146,878.51196,xgb_shap_list_ir_4_subset_32,xgb_shap_list_ir_4
2970,X1,0.7975923,0.5337324,829.496,xgb_shap_list_ir_5_subset_130,xgb_shap_list_ir_5
2971,X2,0.5760374,0.56542116,599.0789,xgb_shap_list_ir_5_subset_130,xgb_shap_list_ir_5
2972,X3,0.79685247,0.4410227,828.72656,xgb_shap_list_ir_5_subset_130,xgb_shap_list_ir_5
2973,X4,1.6394022,0.8114915,1704.9783,xgb_shap_list_ir_5_subset_130,xgb_shap_list_ir_5
2974,X5,1.149968,0.79872274,1195.9668,xgb_shap_list_ir_5_subset_130,xgb_shap_list_ir_5
2975,X6,0.93293834,0.56678003,970.25586,xgb_shap_list_ir_5_subset_130,xgb_shap_list_ir_5
2976,X1,0.7502062,0.6288466,780.2144,xgb_shap_list_ir_2_subset_117,xgb_shap_list_ir_2
2977,X2,0.7007768,0.3774299,728.80786,xgb_shap_list_ir_2_subset_117,xgb_shap_list_ir_2
2978,X3,0.52520704,0.21009663,546.21533,xgb_shap_list_ir_2_subset_117,xgb_shap_list_ir_2
2979,X4,1.5540055,0.71683407,1616.1658,xgb_shap_list_ir_2_subset_117,xgb_shap_list_ir_2
2980,X5,1.548064,0.78758115,1609.9866,xgb_shap_list_ir_2_subset_117,xgb_shap_list_ir_2
2981,X6,1.2950943,0.39155737,1346.8981,xgb_shap_list_ir_2_subset_117,xgb_shap_list_ir_2
2982,X1,0.6713508,0.3581835,698.20483,xgb_shap_list_ir_1_subset_41,xgb_shap_list_ir_1
2983,X2,1.065445,0.44080725,1108.0627,xgb_shap_list_ir_1_subset_41,xgb_shap_list_ir_1
2984,X3,0.3395086,0.26396966,353.08893,xgb_shap_list_ir_1_subset_41,xgb_shap_list_ir_1
2985,X4,0.4157259,0.50257736,432.35492,xgb_shap_list_ir_1_subset_41,xgb_shap_list_ir_1
2986,X5,1.0891572,0.56701106,1132.7235,xgb_shap_list_ir_1_subset_41,xgb_shap_list_ir_1
2987,X6,0.6192555,0.3469936,644.0257,xgb_shap_list_ir_1_subset_41,xgb_shap_list_ir_1
2988,X1,0.7681035,0.5766543,798.82764,xgb_shap_list_ir_4_subset_86,xgb_shap_list_ir_4
2989,X2,0.46964797,0.45904642,488.4339,xgb_shap_list_ir_4_subset_86,xgb_shap_list_ir_4
2990,X3,0.63731056,0.33082938,662.803,xgb_shap_list_ir_4_subset_86,xgb_shap_list_ir_4
2991,X4,1.5986495,0.719223,1662.5955,xgb_shap_list_ir_4_subset_86,xgb_shap_list_ir_4
2992,X5,0.9561269,0.6315591,994.372,xgb_shap_list_ir_4_subset_86,xgb_shap_list_ir_4
2993,X6,1.008268,0.52365583,1048.5988,xgb_shap_list_ir_4_subset_86,xgb_shap_list_ir_4
2994,X1,1.538478,0.7612158,1600.0171,xgb_shap_list_ir_2_subset_69,xgb_shap_list_ir_2
2995,X2,0.5699418,0.3316328,592.7395,xgb_shap_list_ir_2_subset_69,xgb_shap_list_ir_2
2996,X3,0.56389755,0.37067282,586.4534,xgb_shap_list_ir_2_subset_69,xgb_shap_list_ir_2
2997,X4,1.3420243,0.5530718,1395.7053,xgb_shap_list_ir_2_subset_69,xgb_shap_list_ir_2
2998,X5,1.3960216,0.6815758,1451.8624,xgb_shap_list_ir_2_subset_69,xgb_shap_list_ir_2
2999,X6,1.1345099,0.5053172,1179.8903,xgb_shap_list_ir_2_subset_69,xgb_shap_list_ir_2
3000,X1,0.7188155,0.43734792,747.5681,xgb_shap_list_ir_2_subset_9,xgb_shap_list_ir_2
3001,X2,0.39627445,0.2791033,412.12543,xgb_shap_list_ir_2_subset_9,xgb_shap_list_ir_2
3002,X3,1.4338918,0.742399,1491.2474,xgb_shap_list_ir_2_subset_9,xgb_shap_list_ir_2
3003,X4,1.4797167,0.61758864,1538.9053,xgb_shap_list_ir_2_subset_9,xgb_shap_list_ir_2
3004,X5,0.998476,0.54716164,1038.415,xgb_shap_list_ir_2_subset_9,xgb_shap_list_ir_2
3005,X6,1.166734,0.37040073,1213.4033,xgb_shap_list_ir_2_subset_9,xgb_shap_list_ir_2
3006,X1,0.58235204,0.4180302,605.6461,xgb_shap_list_ir_2_subset_99,xgb_shap_list_ir_2
3007,X2,0.58932537,0.39208245,612.8984,xgb_shap_list_ir_2_subset_99,xgb_shap_list_ir_2
3008,X3,0.56606364,0.3470758,588.7062,xgb_shap_list_ir_2_subset_99,xgb_shap_list_ir_2
3009,X4,1.5421553,0.6281442,1603.8414,xgb_shap_list_ir_2_subset_99,xgb_shap_list_ir_2
3010,X5,1.0676308,0.6484187,1110.336,xgb_shap_list_ir_2_subset_99,xgb_shap_list_ir_2
3011,X6,0.878289,0.4690725,913.42053,xgb_shap_list_ir_2_subset_99,xgb_shap_list_ir_2
3012,X1,0.87004536,0.5473963,904.84717,xgb_shap_list_ir_5_subset_140,xgb_shap_list_ir_5
3013,X2,0.6987725,0.62184906,726.7234,xgb_shap_list_ir_5_subset_140,xgb_shap_list_ir_5
3014,X3,0.64290184,0.44657966,668.6179,xgb_shap_list_ir_5_subset_140,xgb_shap_list_ir_5
3015,X4,1.5785593,0.77898,1641.7017,xgb_shap_list_ir_5_subset_140,xgb_shap_list_ir_5
3016,X5,1.2277845,0.84954095,1276.8959,xgb_shap_list_ir_5_subset_140,xgb_shap_list_ir_5
3017,X6,1.0072027,0.54016113,1047.4908,xgb_shap_list_ir_5_subset_140,xgb_shap_list_ir_5
3018,X1,0.654046,0.45014706,680.2078,xgb_shap_list_ir_3_subset_38,xgb_shap_list_ir_3
3019,X2,0.7751379,0.5095198,806.14343,xgb_shap_list_ir_3_subset_38,xgb_shap_list_ir_3
3020,X3,0.54996115,0.3055525,571.9596,xgb_shap_list_ir_3_subset_38,xgb_shap_list_ir_3
3021,X4,1.6223531,0.679562,1687.2472,xgb_shap_list_ir_3_subset_38,xgb_shap_list_ir_3
3022,X5,0.91271585,0.58664227,949.2245,xgb_shap_list_ir_3_subset_38,xgb_shap_list_ir_3
3023,X6,0.9540858,0.42794916,992.24927,xgb_shap_list_ir_3_subset_38,xgb_shap_list_ir_3
3024,X1,0.733376,0.50797284,762.71106,xgb_shap_list_ir_2_subset_112,xgb_shap_list_ir_2
3025,X2,0.64839596,0.570263,674.3318,xgb_shap_list_ir_2_subset_112,xgb_shap_list_ir_2
3026,X3,0.5972386,0.32847357,621.1282,xgb_shap_list_ir_2_subset_112,xgb_shap_list_ir_2
3027,X4,0.8267911,0.5567145,859.86273,xgb_shap_list_ir_2_subset_112,xgb_shap_list_ir_2
3028,X5,1.0384879,0.6366143,1080.0275,xgb_shap_list_ir_2_subset_112,xgb_shap_list_ir_2
3029,X6,0.64074236,0.3536269,666.3721,xgb_shap_list_ir_2_subset_112,xgb_shap_list_ir_2
3030,X1,0.7344025,0.566411,763.77856,xgb_shap_list_ir_5_subset_120,xgb_shap_list_ir_5
3031,X2,0.75996107,0.6416599,790.3595,xgb_shap_list_ir_5_subset_120,xgb_shap_list_ir_5
3032,X3,0.7038177,0.47016132,731.97046,xgb_shap_list_ir_5_subset_120,xgb_shap_list_ir_5
3033,X4,1.6710777,0.8598365,1737.9209,xgb_shap_list_ir_5_subset_120,xgb_shap_list_ir_5
3034,X5,1.130762,0.83886623,1175.9924,xgb_shap_list_ir_5_subset_120,xgb_shap_list_ir_5
3035,X6,0.8121732,0.5796196,844.6601,xgb_shap_list_ir_5_subset_120,xgb_shap_list_ir_5
3036,X1,0.37867954,0.3487306,393.82672,xgb_shap_list_ir_1_subset_35,xgb_shap_list_ir_1
3037,X2,0.65187365,0.55471504,677.9486,xgb_shap_list_ir_1_subset_35,xgb_shap_list_ir_1
3038,X3,0.32954678,0.2390332,342.72864,xgb_shap_list_ir_1_subset_35,xgb_shap_list_ir_1
3039,X4,1.0734043,0.45807076,1116.3405,xgb_shap_list_ir_1_subset_35,xgb_shap_list_ir_1
3040,X5,0.9272134,0.39792955,964.3019,xgb_shap_list_ir_1_subset_35,xgb_shap_list_ir_1
3041,X6,0.5323727,0.31512117,553.6676,xgb_shap_list_ir_1_subset_35,xgb_shap_list_ir_1
3042,X1,0.80557334,0.6271033,837.79626,xgb_shap_list_ir_4_subset_59,xgb_shap_list_ir_4
3043,X2,0.6509093,0.56743026,676.9457,xgb_shap_list_ir_4_subset_59,xgb_shap_list_ir_4
3044,X3,0.59518,0.41028184,618.9872,xgb_shap_list_ir_4_subset_59,xgb_shap_list_ir_4
3045,X4,1.1632411,0.62698257,1209.7708,xgb_shap_list_ir_4_subset_59,xgb_shap_list_ir_4
3046,X5,1.2968256,0.98299664,1348.6987,xgb_shap_list_ir_4_subset_59,xgb_shap_list_ir_4
3047,X6,0.88405305,0.4902005,919.41516,xgb_shap_list_ir_4_subset_59,xgb_shap_list_ir_4
3048,X1,0.7784191,0.37386075,809.55585,xgb_shap_list_ir_2_subset_95,xgb_shap_list_ir_2
3049,X2,1.1556984,0.5885522,1201.9264,xgb_shap_list_ir_2_subset_95,xgb_shap_list_ir_2
3050,X3,0.32938713,0.2701465,342.56262,xgb_shap_list_ir_2_subset_95,xgb_shap_list_ir_2
3051,X4,1.2390387,0.6662681,1288.6002,xgb_shap_list_ir_2_subset_95,xgb_shap_list_ir_2
3052,X5,1.3383695,0.6200077,1391.9043,xgb_shap_list_ir_2_subset_95,xgb_shap_list_ir_2
3053,X6,0.62810373,0.29449716,653.2279,xgb_shap_list_ir_2_subset_95,xgb_shap_list_ir_2
3054,X1,0.8883403,0.64085054,923.8739,xgb_shap_list_ir_5_subset_96,xgb_shap_list_ir_5
3055,X2,0.7692784,0.74649113,800.04956,xgb_shap_list_ir_5_subset_96,xgb_shap_list_ir_5
3056,X3,0.88358593,0.48174158,918.9294,xgb_shap_list_ir_5_subset_96,xgb_shap_list_ir_5
3057,X4,1.7276912,0.81634235,1796.7988,xgb_shap_list_ir_5_subset_96,xgb_shap_list_ir_5
3058,X5,0.9923936,0.62681293,1032.0894,xgb_shap_list_ir_5_subset_96,xgb_shap_list_ir_5
3059,X6,0.88339937,0.49142992,918.73535,xgb_shap_list_ir_5_subset_96,xgb_shap_list_ir_5
3060,X1,1.3097997,0.67055917,1362.1917,xgb_shap_list_ir_1_subset_27,xgb_shap_list_ir_1
3061,X2,0.614889,0.33213663,639.48456,xgb_shap_list_ir_1_subset_27,xgb_shap_list_ir_1
3062,X3,0.35881388,0.18940966,373.16644,xgb_shap_list_ir_1_subset_27,xgb_shap_list_ir_1
3063,X4,0.9427058,0.43017232,980.41406,xgb_shap_list_ir_1_subset_27,xgb_shap_list_ir_1
3064,X5,1.0433686,0.3801726,1085.1033,xgb_shap_list_ir_1_subset_27,xgb_shap_list_ir_1
3065,X6,0.697536,0.27591217,725.43744,xgb_shap_list_ir_1_subset_27,xgb_shap_list_ir_1
3066,X1,0.8690532,0.4621621,903.8153,xgb_shap_list_ir_1_subset_38,xgb_shap_list_ir_1
3067,X2,0.6674211,0.5014851,694.1179,xgb_shap_list_ir_1_subset_38,xgb_shap_list_ir_1
3068,X3,0.45000494,0.09067652,468.00513,xgb_shap_list_ir_1_subset_38,xgb_shap_list_ir_1
3069,X4,1.5395902,0.4006014,1601.1738,xgb_shap_list_ir_1_subset_38,xgb_shap_list_ir_1
3070,X5,1.0638092,0.38190264,1106.3616,xgb_shap_list_ir_1_subset_38,xgb_shap_list_ir_1
3071,X6,1.0159594,0.29772347,1056.5978,xgb_shap_list_ir_1_subset_38,xgb_shap_list_ir_1
3072,X1,0.81564736,0.46474397,848.27325,xgb_shap_list_ir_4_subset_111,xgb_shap_list_ir_4
3073,X2,0.497245,0.4809217,517.1348,xgb_shap_list_ir_4_subset_111,xgb_shap_list_ir_4
3074,X3,0.8066082,0.50896966,838.87256,xgb_shap_list_ir_4_subset_111,xgb_shap_list_ir_4
3075,X4,1.1012095,0.70238453,1145.2579,xgb_shap_list_ir_4_subset_111,xgb_shap_list_ir_4
3076,X5,1.3050044,0.95402664,1357.2046,xgb_shap_list_ir_4_subset_111,xgb_shap_list_ir_4
3077,X6,0.8019024,0.6210911,833.9785,xgb_shap_list_ir_4_subset_111,xgb_shap_list_ir_4
3078,X1,0.7970299,0.47139004,828.91113,xgb_shap_list_ir_3_subset_20,xgb_shap_list_ir_3
3079,X2,0.49954963,0.46551704,519.5316,xgb_shap_list_ir_3_subset_20,xgb_shap_list_ir_3
3080,X3,1.0455943,0.5410481,1087.4181,xgb_shap_list_ir_3_subset_20,xgb_shap_list_ir_3
3081,X4,1.361419,0.48615247,1415.8757,xgb_shap_list_ir_3_subset_20,xgb_shap_list_ir_3
3082,X5,1.0517074,0.7580822,1093.7756,xgb_shap_list_ir_3_subset_20,xgb_shap_list_ir_3
3083,X6,0.70786506,0.44070917,736.1797,xgb_shap_list_ir_3_subset_20,xgb_shap_list_ir_3
3084,X1,0.89032775,0.64198846,925.94086,xgb_shap_list_ir_3_subset_116,xgb_shap_list_ir_3
3085,X2,0.6633668,0.44498825,689.9015,xgb_shap_list_ir_3_subset_116,xgb_shap_list_ir_3
3086,X3,0.5178945,0.40861732,538.6103,xgb_shap_list_ir_3_subset_116,xgb_shap_list_ir_3
3087,X4,1.4170678,0.57435673,1473.7505,xgb_shap_list_ir_3_subset_116,xgb_shap_list_ir_3
3088,X5,1.0428333,0.6624746,1084.5466,xgb_shap_list_ir_3_subset_116,xgb_shap_list_ir_3
3089,X6,0.79411715,0.5083617,825.88184,xgb_shap_list_ir_3_subset_116,xgb_shap_list_ir_3
3090,X1,0.6092749,0.45052463,633.64594,xgb_shap_list_ir_2_subset_62,xgb_shap_list_ir_2
3091,X2,0.7128461,0.46002316,741.3599,xgb_shap_list_ir_2_subset_62,xgb_shap_list_ir_2
3092,X3,0.3697144,0.28311712,384.503,xgb_shap_list_ir_2_subset_62,xgb_shap_list_ir_2
3093,X4,1.3168901,0.7350564,1369.5657,xgb_shap_list_ir_2_subset_62,xgb_shap_list_ir_2
3094,X5,0.67006713,0.4385924,696.8698,xgb_shap_list_ir_2_subset_62,xgb_shap_list_ir_2
3095,X6,0.9340648,0.4237492,971.42737,xgb_shap_list_ir_2_subset_62,xgb_shap_list_ir_2
3096,X1,1.450188,0.76926696,1508.1956,xgb_shap_list_ir_2_subset_77,xgb_shap_list_ir_2
3097,X2,1.0683595,0.5840773,1111.0939,xgb_shap_list_ir_2_subset_77,xgb_shap_list_ir_2
3098,X3,0.21284018,0.23419686,221.35379,xgb_shap_list_ir_2_subset_77,xgb_shap_list_ir_2
3099,X4,0.72430116,0.34005013,753.2732,xgb_shap_list_ir_2_subset_77,xgb_shap_list_ir_2
3100,X5,1.4531721,0.5768935,1511.299,xgb_shap_list_ir_2_subset_77,xgb_shap_list_ir_2
3101,X6,1.0632399,0.3871178,1105.7695,xgb_shap_list_ir_2_subset_77,xgb_shap_list_ir_2
3102,X1,1.1751063,0.4386794,1222.1106,xgb_shap_list_ir_1_subset_135,xgb_shap_list_ir_1
3103,X2,0.5429684,0.2928911,564.68713,xgb_shap_list_ir_1_subset_135,xgb_shap_list_ir_1
3104,X3,0.617342,0.39901334,642.03564,xgb_shap_list_ir_1_subset_135,xgb_shap_list_ir_1
3105,X4,1.2231836,0.48311454,1272.111,xgb_shap_list_ir_1_subset_135,xgb_shap_list_ir_1
3106,X5,0.91635144,0.3711163,953.0055,xgb_shap_list_ir_1_subset_135,xgb_shap_list_ir_1
3107,X6,0.71014625,0.3005179,738.5521,xgb_shap_list_ir_1_subset_135,xgb_shap_list_ir_1
3108,X1,1.4069709,0.72843814,1463.2496,xgb_shap_list_ir_2_subset_1,xgb_shap_list_ir_2
3109,X2,0.8791107,0.5820202,914.27515,xgb_shap_list_ir_2_subset_1,xgb_shap_list_ir_2
3110,X3,0.2643768,0.27686056,274.95187,xgb_shap_list_ir_2_subset_1,xgb_shap_list_ir_2
3111,X4,1.4047642,0.5358996,1460.9547,xgb_shap_list_ir_2_subset_1,xgb_shap_list_ir_2
3112,X5,0.76082116,0.4452706,791.254,xgb_shap_list_ir_2_subset_1,xgb_shap_list_ir_2
3113,X6,0.93781847,0.5229105,975.3312,xgb_shap_list_ir_2_subset_1,xgb_shap_list_ir_2
3114,X1,0.88286424,0.63854307,918.17883,xgb_shap_list_ir_3_subset_72,xgb_shap_list_ir_3
3115,X2,0.710594,0.5302147,739.01776,xgb_shap_list_ir_3_subset_72,xgb_shap_list_ir_3
3116,X3,0.34264246,0.2985768,356.34814,xgb_shap_list_ir_3_subset_72,xgb_shap_list_ir_3
3117,X4,1.4848626,0.66608495,1544.2571,xgb_shap_list_ir_3_subset_72,xgb_shap_list_ir_3
3118,X5,1.1906624,0.84573746,1238.289,xgb_shap_list_ir_3_subset_72,xgb_shap_list_ir_3
3119,X6,1.0701132,0.44733313,1112.9177,xgb_shap_list_ir_3_subset_72,xgb_shap_list_ir_3
3120,X1,1.0086675,0.5296436,1049.0142,xgb_shap_list_ir_2_subset_63,xgb_shap_list_ir_2
3121,X2,0.65288866,0.37741688,679.0042,xgb_shap_list_ir_2_subset_63,xgb_shap_list_ir_2
3122,X3,0.6186305,0.38662043,643.37573,xgb_shap_list_ir_2_subset_63,xgb_shap_list_ir_2
3123,X4,1.2455413,0.63768,1295.363,xgb_shap_list_ir_2_subset_63,xgb_shap_list_ir_2
3124,X5,1.5390567,0.71385765,1600.6189,xgb_shap_list_ir_2_subset_63,xgb_shap_list_ir_2
3125,X6,1.1062453,0.54665005,1150.4951,xgb_shap_list_ir_2_subset_63,xgb_shap_list_ir_2
3126,X1,1.0038412,0.42037818,1043.9948,xgb_shap_list_ir_2_subset_11,xgb_shap_list_ir_2
3127,X2,0.78198326,0.38383982,813.2626,xgb_shap_list_ir_2_subset_11,xgb_shap_list_ir_2
3128,X3,0.48120713,0.36102194,500.4554,xgb_shap_list_ir_2_subset_11,xgb_shap_list_ir_2
3129,X4,1.309967,0.6586511,1362.3657,xgb_shap_list_ir_2_subset_11,xgb_shap_list_ir_2
3130,X5,1.0525417,0.48349532,1094.6434,xgb_shap_list_ir_2_subset_11,xgb_shap_list_ir_2
3131,X6,0.97236335,0.3560797,1011.2579,xgb_shap_list_ir_2_subset_11,xgb_shap_list_ir_2
3132,X1,0.6924145,0.5732143,720.1111,xgb_shap_list_ir_5_subset_124,xgb_shap_list_ir_5
3133,X2,0.8590003,0.84199715,893.36035,xgb_shap_list_ir_5_subset_124,xgb_shap_list_ir_5
3134,X3,0.98209167,0.6531863,1021.3753,xgb_shap_list_ir_5_subset_124,xgb_shap_list_ir_5
3135,X4,1.6700028,0.7802531,1736.803,xgb_shap_list_ir_5_subset_124,xgb_shap_list_ir_5
3136,X5,1.0390981,0.7603143,1080.6621,xgb_shap_list_ir_5_subset_124,xgb_shap_list_ir_5
3137,X6,0.7990021,0.4391493,830.9622,xgb_shap_list_ir_5_subset_124,xgb_shap_list_ir_5
3138,X1,0.64208764,0.5351003,667.7711,xgb_shap_list_ir_2_subset_78,xgb_shap_list_ir_2
3139,X2,0.47807035,0.3955867,497.19318,xgb_shap_list_ir_2_subset_78,xgb_shap_list_ir_2
3140,X3,0.5774293,0.309535,600.5265,xgb_shap_list_ir_2_subset_78,xgb_shap_list_ir_2
3141,X4,1.1965276,0.6908563,1244.3887,xgb_shap_list_ir_2_subset_78,xgb_shap_list_ir_2
3142,X5,0.70805526,0.46587357,736.37744,xgb_shap_list_ir_2_subset_78,xgb_shap_list_ir_2
3143,X6,0.98755,0.4695421,1027.052,xgb_shap_list_ir_2_subset_78,xgb_shap_list_ir_2
3144,X1,0.4974755,0.51734,517.3745,xgb_shap_list_ir_3_subset_60,xgb_shap_list_ir_3
3145,X2,0.5200728,0.4802442,540.87573,xgb_shap_list_ir_3_subset_60,xgb_shap_list_ir_3
3146,X3,0.5776563,0.29355028,600.7626,xgb_shap_list_ir_3_subset_60,xgb_shap_list_ir_3
3147,X4,1.4214858,0.6815862,1478.3452,xgb_shap_list_ir_3_subset_60,xgb_shap_list_ir_3
3148,X5,1.033678,0.6795565,1075.0251,xgb_shap_list_ir_3_subset_60,xgb_shap_list_ir_3
3149,X6,0.68312746,0.48997888,710.4526,xgb_shap_list_ir_3_subset_60,xgb_shap_list_ir_3
3150,X1,0.64312136,0.43490824,668.8462,xgb_shap_list_ir_2_subset_91,xgb_shap_list_ir_2
3151,X2,0.6977417,0.44084093,725.65137,xgb_shap_list_ir_2_subset_91,xgb_shap_list_ir_2
3152,X3,0.43955308,0.2575969,457.1352,xgb_shap_list_ir_2_subset_91,xgb_shap_list_ir_2
3153,X4,0.9876986,0.5038578,1027.2065,xgb_shap_list_ir_2_subset_91,xgb_shap_list_ir_2
3154,X5,1.0106875,0.66144514,1051.115,xgb_shap_list_ir_2_subset_91,xgb_shap_list_ir_2
3155,X6,0.7240029,0.36885625,752.963,xgb_shap_list_ir_2_subset_91,xgb_shap_list_ir_2
3156,X1,0.8277143,0.54354995,860.8229,xgb_shap_list_ir_2_subset_37,xgb_shap_list_ir_2
3157,X2,0.8610745,0.6994006,895.5175,xgb_shap_list_ir_2_subset_37,xgb_shap_list_ir_2
3158,X3,1.0149761,0.41433766,1055.5752,xgb_shap_list_ir_2_subset_37,xgb_shap_list_ir_2
3159,X4,0.8850268,0.51371795,920.42786,xgb_shap_list_ir_2_subset_37,xgb_shap_list_ir_2
3160,X5,0.43371722,0.3494625,451.06592,xgb_shap_list_ir_2_subset_37,xgb_shap_list_ir_2
3161,X6,0.86626303,0.41486645,900.9136,xgb_shap_list_ir_2_subset_37,xgb_shap_list_ir_2
3162,X1,0.7484905,0.59775084,778.4301,xgb_shap_list_ir_4_subset_126,xgb_shap_list_ir_4
3163,X2,0.5947222,0.6704612,618.5111,xgb_shap_list_ir_4_subset_126,xgb_shap_list_ir_4
3164,X3,0.9457938,0.42060393,983.62555,xgb_shap_list_ir_4_subset_126,xgb_shap_list_ir_4
3165,X4,1.6144862,0.6449457,1679.0657,xgb_shap_list_ir_4_subset_126,xgb_shap_list_ir_4
3166,X5,1.0086092,0.72170985,1048.9535,xgb_shap_list_ir_4_subset_126,xgb_shap_list_ir_4
3167,X6,0.6619811,0.4594119,688.4603,xgb_shap_list_ir_4_subset_126,xgb_shap_list_ir_4
3168,X1,0.42653486,0.35559472,443.59625,xgb_shap_list_ir_1_subset_112,xgb_shap_list_ir_1
3169,X2,0.4049504,0.3418043,421.14844,xgb_shap_list_ir_1_subset_112,xgb_shap_list_ir_1
3170,X3,0.7113968,0.57842946,739.85266,xgb_shap_list_ir_1_subset_112,xgb_shap_list_ir_1
3171,X4,0.88144594,0.3958273,916.7038,xgb_shap_list_ir_1_subset_112,xgb_shap_list_ir_1
3172,X5,0.8683251,0.3768224,903.0581,xgb_shap_list_ir_1_subset_112,xgb_shap_list_ir_1
3173,X6,0.81183577,0.3575419,844.3092,xgb_shap_list_ir_1_subset_112,xgb_shap_list_ir_1
3174,X1,0.9843335,0.50681573,1023.70685,xgb_shap_list_ir_1_subset_44,xgb_shap_list_ir_1
3175,X2,0.62400264,0.2729243,648.96277,xgb_shap_list_ir_1_subset_44,xgb_shap_list_ir_1
3176,X3,0.95160294,0.38220337,989.66705,xgb_shap_list_ir_1_subset_44,xgb_shap_list_ir_1
3177,X4,0.4740975,0.32486546,493.0614,xgb_shap_list_ir_1_subset_44,xgb_shap_list_ir_1
3178,X5,0.96611935,0.45038953,1004.7641,xgb_shap_list_ir_1_subset_44,xgb_shap_list_ir_1
3179,X6,0.60100883,0.408229,625.0492,xgb_shap_list_ir_1_subset_44,xgb_shap_list_ir_1
3180,X1,0.78637874,0.5232038,817.83386,xgb_shap_list_ir_5_subset_129,xgb_shap_list_ir_5
3181,X2,0.7665897,0.6000182,797.2533,xgb_shap_list_ir_5_subset_129,xgb_shap_list_ir_5
3182,X3,0.6263688,0.43679386,651.4236,xgb_shap_list_ir_5_subset_129,xgb_shap_list_ir_5
3183,X4,1.4870633,0.76491356,1546.5458,xgb_shap_list_ir_5_subset_129,xgb_shap_list_ir_5
3184,X5,1.1607819,0.81836283,1207.2131,xgb_shap_list_ir_5_subset_129,xgb_shap_list_ir_5
3185,X6,0.8406447,0.4941629,874.2705,xgb_shap_list_ir_5_subset_129,xgb_shap_list_ir_5
3186,X1,0.5527035,0.5485973,574.81165,xgb_shap_list_ir_2_subset_6,xgb_shap_list_ir_2
3187,X2,0.5024996,0.43433928,522.59955,xgb_shap_list_ir_2_subset_6,xgb_shap_list_ir_2
3188,X3,0.6803137,0.43276072,707.52625,xgb_shap_list_ir_2_subset_6,xgb_shap_list_ir_2
3189,X4,0.94929314,0.5442977,987.26483,xgb_shap_list_ir_2_subset_6,xgb_shap_list_ir_2
3190,X5,1.0770515,0.59909916,1120.1335,xgb_shap_list_ir_2_subset_6,xgb_shap_list_ir_2
3191,X6,1.0145302,0.48885018,1055.1115,xgb_shap_list_ir_2_subset_6,xgb_shap_list_ir_2
3192,X1,0.9333109,0.44984967,970.6434,xgb_shap_list_ir_3_subset_27,xgb_shap_list_ir_3
3193,X2,0.5604675,0.5811151,582.88617,xgb_shap_list_ir_3_subset_27,xgb_shap_list_ir_3
3194,X3,0.41538617,0.33007267,432.00162,xgb_shap_list_ir_3_subset_27,xgb_shap_list_ir_3
3195,X4,1.270764,0.6461694,1321.5946,xgb_shap_list_ir_3_subset_27,xgb_shap_list_ir_3
3196,X5,1.295439,0.9031938,1347.2566,xgb_shap_list_ir_3_subset_27,xgb_shap_list_ir_3
3197,X6,0.8820993,0.598398,917.38324,xgb_shap_list_ir_3_subset_27,xgb_shap_list_ir_3
3198,X1,0.94103545,0.75314945,978.6769,xgb_shap_list_ir_3_subset_47,xgb_shap_list_ir_3
3199,X2,0.67714614,0.5680565,704.232,xgb_shap_list_ir_3_subset_47,xgb_shap_list_ir_3
3200,X3,0.35128033,0.21828505,365.33154,xgb_shap_list_ir_3_subset_47,xgb_shap_list_ir_3
3201,X4,1.8609033,0.6060542,1935.3394,xgb_shap_list_ir_3_subset_47,xgb_shap_list_ir_3
3202,X5,1.1208638,0.63614917,1165.6984,xgb_shap_list_ir_3_subset_47,xgb_shap_list_ir_3
3203,X6,1.1050615,0.46396494,1149.264,xgb_shap_list_ir_3_subset_47,xgb_shap_list_ir_3
3204,X1,1.0088245,0.59660715,1049.1775,xgb_shap_list_ir_3_subset_127,xgb_shap_list_ir_3
3205,X2,0.6341973,0.55049527,659.5652,xgb_shap_list_ir_3_subset_127,xgb_shap_list_ir_3
3206,X3,0.6311779,0.38772824,656.42505,xgb_shap_list_ir_3_subset_127,xgb_shap_list_ir_3
3207,X4,1.285925,0.6094205,1337.362,xgb_shap_list_ir_3_subset_127,xgb_shap_list_ir_3
3208,X5,1.2013698,0.7310874,1249.4246,xgb_shap_list_ir_3_subset_127,xgb_shap_list_ir_3
3209,X6,0.8514299,0.43283105,885.48706,xgb_shap_list_ir_3_subset_127,xgb_shap_list_ir_3
3210,X1,0.8986887,0.61908174,934.6362,xgb_shap_list_ir_5_subset_134,xgb_shap_list_ir_5
3211,X2,0.73782945,0.73134184,767.34265,xgb_shap_list_ir_5_subset_134,xgb_shap_list_ir_5
3212,X3,0.57366514,0.34637943,596.61176,xgb_shap_list_ir_5_subset_134,xgb_shap_list_ir_5
3213,X4,1.8474075,0.76211464,1921.3037,xgb_shap_list_ir_5_subset_134,xgb_shap_list_ir_5
3214,X5,1.178933,0.9313207,1226.0903,xgb_shap_list_ir_5_subset_134,xgb_shap_list_ir_5
3215,X6,0.8169214,0.48883733,849.59827,xgb_shap_list_ir_5_subset_134,xgb_shap_list_ir_5
3216,X1,0.8506045,0.5237579,884.62866,xgb_shap_list_ir_3_subset_104,xgb_shap_list_ir_3
3217,X2,0.77301794,0.7646033,803.93866,xgb_shap_list_ir_3_subset_104,xgb_shap_list_ir_3
3218,X3,0.7543919,0.37520623,784.56757,xgb_shap_list_ir_3_subset_104,xgb_shap_list_ir_3
3219,X4,1.0893949,0.53378886,1132.9707,xgb_shap_list_ir_3_subset_104,xgb_shap_list_ir_3
3220,X5,1.1824976,0.9002712,1229.7975,xgb_shap_list_ir_3_subset_104,xgb_shap_list_ir_3
3221,X6,0.69596696,0.45763415,723.80566,xgb_shap_list_ir_3_subset_104,xgb_shap_list_ir_3
3222,X1,0.61153483,0.5609302,635.9962,xgb_shap_list_ir_3_subset_143,xgb_shap_list_ir_3
3223,X2,0.5589316,0.4550378,581.2889,xgb_shap_list_ir_3_subset_143,xgb_shap_list_ir_3
3224,X3,0.62622917,0.4382785,651.2783,xgb_shap_list_ir_3_subset_143,xgb_shap_list_ir_3
3225,X4,1.3715128,0.63944906,1426.3733,xgb_shap_list_ir_3_subset_143,xgb_shap_list_ir_3
3226,X5,1.4450097,0.9056247,1502.81,xgb_shap_list_ir_3_subset_143,xgb_shap_list_ir_3
3227,X6,0.7127804,0.5466857,741.2916,xgb_shap_list_ir_3_subset_143,xgb_shap_list_ir_3
3228,X1,0.79170924,0.3984122,823.3776,xgb_shap_list_ir_1_subset_52,xgb_shap_list_ir_1
3229,X2,0.6313391,0.5279406,656.59265,xgb_shap_list_ir_1_subset_52,xgb_shap_list_ir_1
3230,X3,0.82822627,0.34973818,861.35535,xgb_shap_list_ir_1_subset_52,xgb_shap_list_ir_1
3231,X4,1.1241815,0.5017333,1169.1488,xgb_shap_list_ir_1_subset_52,xgb_shap_list_ir_1
3232,X5,0.9525344,0.3377525,990.63574,xgb_shap_list_ir_1_subset_52,xgb_shap_list_ir_1
3233,X6,0.48935002,0.25849846,508.924,xgb_shap_list_ir_1_subset_52,xgb_shap_list_ir_1
3234,X1,0.7318963,0.6349429,761.1721,xgb_shap_list_ir_1_subset_1,xgb_shap_list_ir_1
3235,X2,0.6683703,0.59127957,695.1051,xgb_shap_list_ir_1_subset_1,xgb_shap_list_ir_1
3236,X3,0.107817985,0.0632907,112.13071,xgb_shap_list_ir_1_subset_1,xgb_shap_list_ir_1
3237,X4,0.7653329,0.3475424,795.94617,xgb_shap_list_ir_1_subset_1,xgb_shap_list_ir_1
3238,X5,1.3471575,0.5360153,1401.0438,xgb_shap_list_ir_1_subset_1,xgb_shap_list_ir_1
3239,X6,0.7447992,0.2778927,774.5912,xgb_shap_list_ir_1_subset_1,xgb_shap_list_ir_1
3240,X1,0.48750985,0.20293525,507.01025,xgb_shap_list_ir_1_subset_72,xgb_shap_list_ir_1
3241,X2,0.59205943,0.41127434,615.7418,xgb_shap_list_ir_1_subset_72,xgb_shap_list_ir_1
3242,X3,0.5882734,0.2727512,611.8043,xgb_shap_list_ir_1_subset_72,xgb_shap_list_ir_1
3243,X4,1.0703571,0.4936868,1113.1714,xgb_shap_list_ir_1_subset_72,xgb_shap_list_ir_1
3244,X5,0.8739437,0.3947531,908.9014,xgb_shap_list_ir_1_subset_72,xgb_shap_list_ir_1
3245,X6,1.5005193,0.38470006,1560.54,xgb_shap_list_ir_1_subset_72,xgb_shap_list_ir_1
3246,X1,0.69733125,0.5165492,725.2245,xgb_shap_list_ir_4_subset_65,xgb_shap_list_ir_4
3247,X2,0.59606165,0.5357745,619.9041,xgb_shap_list_ir_4_subset_65,xgb_shap_list_ir_4
3248,X3,0.85408986,0.521427,888.2535,xgb_shap_list_ir_4_subset_65,xgb_shap_list_ir_4
3249,X4,1.4897362,0.6108964,1549.3257,xgb_shap_list_ir_4_subset_65,xgb_shap_list_ir_4
3250,X5,1.1962205,0.80132943,1244.0693,xgb_shap_list_ir_4_subset_65,xgb_shap_list_ir_4
3251,X6,0.8104486,0.5318832,842.8665,xgb_shap_list_ir_4_subset_65,xgb_shap_list_ir_4
3252,X1,0.6999363,0.5943053,727.9337,xgb_shap_list_ir_2_subset_103,xgb_shap_list_ir_2
3253,X2,0.68258923,0.7249946,709.8928,xgb_shap_list_ir_2_subset_103,xgb_shap_list_ir_2
3254,X3,0.6129382,0.21825276,637.45575,xgb_shap_list_ir_2_subset_103,xgb_shap_list_ir_2
3255,X4,1.5777917,0.6298227,1640.9033,xgb_shap_list_ir_2_subset_103,xgb_shap_list_ir_2
3256,X5,0.9204804,0.49121714,957.29956,xgb_shap_list_ir_2_subset_103,xgb_shap_list_ir_2
3257,X6,0.8868027,0.46804526,922.2748,xgb_shap_list_ir_2_subset_103,xgb_shap_list_ir_2
3258,X1,0.6240233,0.5258321,648.98425,xgb_shap_list_ir_5_subset_16,xgb_shap_list_ir_5
3259,X2,0.66899145,0.7114027,695.7511,xgb_shap_list_ir_5_subset_16,xgb_shap_list_ir_5
3260,X3,0.6252013,0.46333918,650.20935,xgb_shap_list_ir_5_subset_16,xgb_shap_list_ir_5
3261,X4,1.4875067,0.6852255,1547.007,xgb_shap_list_ir_5_subset_16,xgb_shap_list_ir_5
3262,X5,1.305256,0.9902185,1357.4663,xgb_shap_list_ir_5_subset_16,xgb_shap_list_ir_5
3263,X6,0.8661262,0.5746029,900.77124,xgb_shap_list_ir_5_subset_16,xgb_shap_list_ir_5
3264,X1,0.37263325,0.39488015,387.53857,xgb_shap_list_ir_2_subset_70,xgb_shap_list_ir_2
3265,X2,0.85525995,0.7669968,889.47034,xgb_shap_list_ir_2_subset_70,xgb_shap_list_ir_2
3266,X3,1.1591653,0.567825,1205.5319,xgb_shap_list_ir_2_subset_70,xgb_shap_list_ir_2
3267,X4,1.2912837,0.66588897,1342.935,xgb_shap_list_ir_2_subset_70,xgb_shap_list_ir_2
3268,X5,0.9346376,0.5674125,972.02313,xgb_shap_list_ir_2_subset_70,xgb_shap_list_ir_2
3269,X6,0.66466135,0.36368847,691.2478,xgb_shap_list_ir_2_subset_70,xgb_shap_list_ir_2
3270,X1,0.7214793,0.37771755,750.33844,xgb_shap_list_ir_4_subset_105,xgb_shap_list_ir_4
3271,X2,0.6291873,0.5352643,654.3548,xgb_shap_list_ir_4_subset_105,xgb_shap_list_ir_4
3272,X3,0.71966577,0.38037446,748.4524,xgb_shap_list_ir_4_subset_105,xgb_shap_list_ir_4
3273,X4,1.6581806,0.7587238,1724.5078,xgb_shap_list_ir_4_subset_105,xgb_shap_list_ir_4
3274,X5,1.0684932,0.74647504,1111.233,xgb_shap_list_ir_4_subset_105,xgb_shap_list_ir_4
3275,X6,0.87229854,0.5046545,907.1905,xgb_shap_list_ir_4_subset_105,xgb_shap_list_ir_4
3276,X1,0.7078727,0.6590781,736.1876,xgb_shap_list_ir_2_subset_4,xgb_shap_list_ir_2
3277,X2,0.83375907,0.6629085,867.10944,xgb_shap_list_ir_2_subset_4,xgb_shap_list_ir_2
3278,X3,0.32738656,0.16554143,340.48203,xgb_shap_list_ir_2_subset_4,xgb_shap_list_ir_2
3279,X4,1.387835,0.606853,1443.3484,xgb_shap_list_ir_2_subset_4,xgb_shap_list_ir_2
3280,X5,1.1215936,0.61214334,1166.4574,xgb_shap_list_ir_2_subset_4,xgb_shap_list_ir_2
3281,X6,0.68058103,0.37705085,707.80426,xgb_shap_list_ir_2_subset_4,xgb_shap_list_ir_2
3282,X1,0.734192,0.48084062,763.5597,xgb_shap_list_ir_3_subset_41,xgb_shap_list_ir_3
3283,X2,0.9561969,0.7797697,994.44476,xgb_shap_list_ir_3_subset_41,xgb_shap_list_ir_3
3284,X3,0.9748257,0.343004,1013.8187,xgb_shap_list_ir_3_subset_41,xgb_shap_list_ir_3
3285,X4,1.4226888,0.54916966,1479.5964,xgb_shap_list_ir_3_subset_41,xgb_shap_list_ir_3
3286,X5,1.0332305,0.59856147,1074.5598,xgb_shap_list_ir_3_subset_41,xgb_shap_list_ir_3
3287,X6,0.9327637,0.35504833,970.0742,xgb_shap_list_ir_3_subset_41,xgb_shap_list_ir_3
3288,X1,0.8940872,0.6507356,929.8507,xgb_shap_list_ir_5_subset_68,xgb_shap_list_ir_5
3289,X2,0.7286466,0.63991004,757.7924,xgb_shap_list_ir_5_subset_68,xgb_shap_list_ir_5
3290,X3,0.7959504,0.54234844,827.78845,xgb_shap_list_ir_5_subset_68,xgb_shap_list_ir_5
3291,X4,1.7111802,0.784392,1779.6274,xgb_shap_list_ir_5_subset_68,xgb_shap_list_ir_5
3292,X5,1.102568,0.8443735,1146.6708,xgb_shap_list_ir_5_subset_68,xgb_shap_list_ir_5
3293,X6,0.770043,0.530085,800.8447,xgb_shap_list_ir_5_subset_68,xgb_shap_list_ir_5
3294,X1,0.59727734,0.5869358,621.16846,xgb_shap_list_ir_3_subset_83,xgb_shap_list_ir_3
3295,X2,0.6594377,0.710177,685.81525,xgb_shap_list_ir_3_subset_83,xgb_shap_list_ir_3
3296,X3,0.669262,0.3998488,696.0325,xgb_shap_list_ir_3_subset_83,xgb_shap_list_ir_3
3297,X4,1.2528486,0.61445737,1302.9625,xgb_shap_list_ir_3_subset_83,xgb_shap_list_ir_3
3298,X5,1.2936308,0.6964063,1345.3761,xgb_shap_list_ir_3_subset_83,xgb_shap_list_ir_3
3299,X6,0.93544525,0.4803415,972.86304,xgb_shap_list_ir_3_subset_83,xgb_shap_list_ir_3
3300,X1,0.45217547,0.28104722,470.26248,xgb_shap_list_ir_1_subset_68,xgb_shap_list_ir_1
3301,X2,0.6242982,0.5555934,649.27014,xgb_shap_list_ir_1_subset_68,xgb_shap_list_ir_1
3302,X3,0.61189306,0.32345277,636.3688,xgb_shap_list_ir_1_subset_68,xgb_shap_list_ir_1
3303,X4,0.7641386,0.43648857,794.7041,xgb_shap_list_ir_1_subset_68,xgb_shap_list_ir_1
3304,X5,0.921492,0.46697965,958.3517,xgb_shap_list_ir_1_subset_68,xgb_shap_list_ir_1
3305,X6,0.7051838,0.3580286,733.3912,xgb_shap_list_ir_1_subset_68,xgb_shap_list_ir_1
3306,X1,0.8114089,0.62220633,843.86523,xgb_shap_list_ir_4_subset_114,xgb_shap_list_ir_4
3307,X2,0.70419943,0.73416555,732.36743,xgb_shap_list_ir_4_subset_114,xgb_shap_list_ir_4
3308,X3,0.59216005,0.33894506,615.84644,xgb_shap_list_ir_4_subset_114,xgb_shap_list_ir_4
3309,X4,1.4232063,0.70533204,1480.1345,xgb_shap_list_ir_4_subset_114,xgb_shap_list_ir_4
3310,X5,0.87897927,0.6483948,914.1384,xgb_shap_list_ir_4_subset_114,xgb_shap_list_ir_4
3311,X6,0.8471668,0.5282945,881.05347,xgb_shap_list_ir_4_subset_114,xgb_shap_list_ir_4
3312,X1,0.8992468,0.60360223,935.2167,xgb_shap_list_ir_5_subset_82,xgb_shap_list_ir_5
3313,X2,0.71780586,0.7006087,746.51807,xgb_shap_list_ir_5_subset_82,xgb_shap_list_ir_5
3314,X3,0.8036166,0.4038852,835.7612,xgb_shap_list_ir_5_subset_82,xgb_shap_list_ir_5
3315,X4,1.6603745,0.6325372,1726.7896,xgb_shap_list_ir_5_subset_82,xgb_shap_list_ir_5
3316,X5,1.1020254,0.7982391,1146.1064,xgb_shap_list_ir_5_subset_82,xgb_shap_list_ir_5
3317,X6,0.9146599,0.4996376,951.24634,xgb_shap_list_ir_5_subset_82,xgb_shap_list_ir_5
3318,X1,0.5252268,0.5037056,546.23584,xgb_shap_list_ir_2_subset_47,xgb_shap_list_ir_2
3319,X2,0.74853987,0.5213289,778.48145,xgb_shap_list_ir_2_subset_47,xgb_shap_list_ir_2
3320,X3,0.6835428,0.34890148,710.8845,xgb_shap_list_ir_2_subset_47,xgb_shap_list_ir_2
3321,X4,1.5307046,0.6010705,1591.9329,xgb_shap_list_ir_2_subset_47,xgb_shap_list_ir_2
3322,X5,0.7299066,0.40964884,759.1029,xgb_shap_list_ir_2_subset_47,xgb_shap_list_ir_2
3323,X6,0.99665153,0.32009733,1036.5176,xgb_shap_list_ir_2_subset_47,xgb_shap_list_ir_2
3324,X1,0.91920555,0.52463865,955.97375,xgb_shap_list_ir_3_subset_74,xgb_shap_list_ir_3
3325,X2,0.65143394,0.5240401,677.49133,xgb_shap_list_ir_3_subset_74,xgb_shap_list_ir_3
3326,X3,0.6509857,0.31476125,677.02515,xgb_shap_list_ir_3_subset_74,xgb_shap_list_ir_3
3327,X4,1.536996,0.7246485,1598.4758,xgb_shap_list_ir_3_subset_74,xgb_shap_list_ir_3
3328,X5,0.831561,0.7277432,864.8235,xgb_shap_list_ir_3_subset_74,xgb_shap_list_ir_3
3329,X6,0.7978555,0.46865702,829.7697,xgb_shap_list_ir_3_subset_74,xgb_shap_list_ir_3
3330,X1,0.781862,0.60638183,813.1365,xgb_shap_list_ir_4_subset_7,xgb_shap_list_ir_4
3331,X2,0.7053429,0.5264914,733.5566,xgb_shap_list_ir_4_subset_7,xgb_shap_list_ir_4
3332,X3,0.8547525,0.3509071,888.94257,xgb_shap_list_ir_4_subset_7,xgb_shap_list_ir_4
3333,X4,1.8049744,0.7953482,1877.1735,xgb_shap_list_ir_4_subset_7,xgb_shap_list_ir_4
3334,X5,0.9197441,0.55907005,956.5338,xgb_shap_list_ir_4_subset_7,xgb_shap_list_ir_4
3335,X6,0.93553567,0.45915022,972.9571,xgb_shap_list_ir_4_subset_7,xgb_shap_list_ir_4
3336,X1,0.57679766,0.41879123,599.86957,xgb_shap_list_ir_2_subset_30,xgb_shap_list_ir_2
3337,X2,0.6420173,0.571237,667.698,xgb_shap_list_ir_2_subset_30,xgb_shap_list_ir_2
3338,X3,1.2302754,0.61167854,1279.4865,xgb_shap_list_ir_2_subset_30,xgb_shap_list_ir_2
3339,X4,1.2837833,0.49376518,1335.1346,xgb_shap_list_ir_2_subset_30,xgb_shap_list_ir_2
3340,X5,0.59979105,0.5393749,623.7827,xgb_shap_list_ir_2_subset_30,xgb_shap_list_ir_2
3341,X6,0.730447,0.29845014,759.66486,xgb_shap_list_ir_2_subset_30,xgb_shap_list_ir_2
3342,X1,0.6418607,0.3135518,667.53516,xgb_shap_list_ir_1_subset_130,xgb_shap_list_ir_1
3343,X2,0.4859489,0.2599504,505.38684,xgb_shap_list_ir_1_subset_130,xgb_shap_list_ir_1
3344,X3,1.1077137,0.6224923,1152.0222,xgb_shap_list_ir_1_subset_130,xgb_shap_list_ir_1
3345,X4,1.4475795,0.46659657,1505.4827,xgb_shap_list_ir_1_subset_130,xgb_shap_list_ir_1
3346,X5,0.52491844,0.33659017,545.91516,xgb_shap_list_ir_1_subset_130,xgb_shap_list_ir_1
3347,X6,0.74690586,0.29394844,776.7821,xgb_shap_list_ir_1_subset_130,xgb_shap_list_ir_1
3348,X1,0.831846,0.47190583,865.1198,xgb_shap_list_ir_3_subset_59,xgb_shap_list_ir_3
3349,X2,0.7585863,0.7416075,788.92975,xgb_shap_list_ir_3_subset_59,xgb_shap_list_ir_3
3350,X3,0.437253,0.24442971,454.7431,xgb_shap_list_ir_3_subset_59,xgb_shap_list_ir_3
3351,X4,1.3803447,0.64813805,1435.5586,xgb_shap_list_ir_3_subset_59,xgb_shap_list_ir_3
3352,X5,1.005343,0.6651998,1045.5566,xgb_shap_list_ir_3_subset_59,xgb_shap_list_ir_3
3353,X6,0.60782284,0.37234548,632.13574,xgb_shap_list_ir_3_subset_59,xgb_shap_list_ir_3
3354,X1,1.0245239,0.4442241,1065.5048,xgb_shap_list_ir_1_subset_31,xgb_shap_list_ir_1
3355,X2,0.5560269,0.28896502,578.26794,xgb_shap_list_ir_1_subset_31,xgb_shap_list_ir_1
3356,X3,0.43759266,0.20036556,455.09637,xgb_shap_list_ir_1_subset_31,xgb_shap_list_ir_1
3357,X4,1.5101528,0.43107203,1570.559,xgb_shap_list_ir_1_subset_31,xgb_shap_list_ir_1
3358,X5,1.0966207,0.3115191,1140.4855,xgb_shap_list_ir_1_subset_31,xgb_shap_list_ir_1
3359,X6,1.4711733,0.4405448,1530.0203,xgb_shap_list_ir_1_subset_31,xgb_shap_list_ir_1
3360,X1,1.0301242,0.60634995,1071.3291,xgb_shap_list_ir_1_subset_129,xgb_shap_list_ir_1
3361,X2,0.53610957,0.62798893,557.55396,xgb_shap_list_ir_1_subset_129,xgb_shap_list_ir_1
3362,X3,0.14590633,0.19937198,151.74258,xgb_shap_list_ir_1_subset_129,xgb_shap_list_ir_1
3363,X4,1.274425,0.533692,1325.402,xgb_shap_list_ir_1_subset_129,xgb_shap_list_ir_1
3364,X5,0.61617935,0.2589248,640.82654,xgb_shap_list_ir_1_subset_129,xgb_shap_list_ir_1
3365,X6,1.6165442,0.429709,1681.206,xgb_shap_list_ir_1_subset_129,xgb_shap_list_ir_1
3366,X1,0.86484337,0.5531624,899.43713,xgb_shap_list_ir_2_subset_89,xgb_shap_list_ir_2
3367,X2,0.9898811,0.71159625,1029.4763,xgb_shap_list_ir_2_subset_89,xgb_shap_list_ir_2
3368,X3,0.6208872,0.3848756,645.7227,xgb_shap_list_ir_2_subset_89,xgb_shap_list_ir_2
3369,X4,1.203567,0.5945946,1251.7097,xgb_shap_list_ir_2_subset_89,xgb_shap_list_ir_2
3370,X5,0.7709231,0.5134977,801.76,xgb_shap_list_ir_2_subset_89,xgb_shap_list_ir_2
3371,X6,0.8751934,0.4753402,910.2012,xgb_shap_list_ir_2_subset_89,xgb_shap_list_ir_2
3372,X1,0.54500544,0.43828845,566.80566,xgb_shap_list_ir_4_subset_36,xgb_shap_list_ir_4
3373,X2,0.49745536,0.54328245,517.3536,xgb_shap_list_ir_4_subset_36,xgb_shap_list_ir_4
3374,X3,0.6803182,0.5309096,707.5309,xgb_shap_list_ir_4_subset_36,xgb_shap_list_ir_4
3375,X4,1.2610263,0.6510023,1311.4673,xgb_shap_list_ir_4_subset_36,xgb_shap_list_ir_4
3376,X5,1.3162664,1.0402081,1368.9171,xgb_shap_list_ir_4_subset_36,xgb_shap_list_ir_4
3377,X6,1.0047593,0.6246966,1044.9497,xgb_shap_list_ir_4_subset_36,xgb_shap_list_ir_4
3378,X1,0.7528333,0.497663,782.94666,xgb_shap_list_ir_2_subset_100,xgb_shap_list_ir_2
3379,X2,1.2447301,0.78286886,1294.5193,xgb_shap_list_ir_2_subset_100,xgb_shap_list_ir_2
3380,X3,0.27170604,0.2544315,282.57428,xgb_shap_list_ir_2_subset_100,xgb_shap_list_ir_2
3381,X4,1.1471592,0.5488052,1193.0455,xgb_shap_list_ir_2_subset_100,xgb_shap_list_ir_2
3382,X5,1.3699263,0.70401245,1424.7234,xgb_shap_list_ir_2_subset_100,xgb_shap_list_ir_2
3383,X6,0.7252703,0.3634792,754.28107,xgb_shap_list_ir_2_subset_100,xgb_shap_list_ir_2
3384,X1,0.72776675,0.5322116,756.87744,xgb_shap_list_ir_4_subset_62,xgb_shap_list_ir_4
3385,X2,0.58910656,0.58085406,612.67084,xgb_shap_list_ir_4_subset_62,xgb_shap_list_ir_4
3386,X3,0.60824704,0.37230644,632.5769,xgb_shap_list_ir_4_subset_62,xgb_shap_list_ir_4
3387,X4,1.475489,0.6854058,1534.5085,xgb_shap_list_ir_4_subset_62,xgb_shap_list_ir_4
3388,X5,1.1617941,0.8687099,1208.2659,xgb_shap_list_ir_4_subset_62,xgb_shap_list_ir_4
3389,X6,0.66648924,0.52067363,693.1488,xgb_shap_list_ir_4_subset_62,xgb_shap_list_ir_4
3390,X1,0.79183066,0.53904295,823.5039,xgb_shap_list_ir_4_subset_131,xgb_shap_list_ir_4
3391,X2,0.5603313,0.531498,582.7445,xgb_shap_list_ir_4_subset_131,xgb_shap_list_ir_4
3392,X3,0.45469895,0.29701084,472.8869,xgb_shap_list_ir_4_subset_131,xgb_shap_list_ir_4
3393,X4,1.5541385,0.6974253,1616.3041,xgb_shap_list_ir_4_subset_131,xgb_shap_list_ir_4
3394,X5,1.4142033,0.98230946,1470.7714,xgb_shap_list_ir_4_subset_131,xgb_shap_list_ir_4
3395,X6,0.8283632,0.67487186,861.4977,xgb_shap_list_ir_4_subset_131,xgb_shap_list_ir_4
3396,X1,1.0557716,0.60560626,1098.0024,xgb_shap_list_ir_1_subset_64,xgb_shap_list_ir_1
3397,X2,0.4665173,0.31801054,485.17798,xgb_shap_list_ir_1_subset_64,xgb_shap_list_ir_1
3398,X3,0.8502561,0.24754456,884.26636,xgb_shap_list_ir_1_subset_64,xgb_shap_list_ir_1
3399,X4,0.6290011,0.36223516,654.16113,xgb_shap_list_ir_1_subset_64,xgb_shap_list_ir_1
3400,X5,1.7637826,0.5174007,1834.334,xgb_shap_list_ir_1_subset_64,xgb_shap_list_ir_1
3401,X6,0.99184805,0.29862854,1031.522,xgb_shap_list_ir_1_subset_64,xgb_shap_list_ir_1
3402,X1,0.80775565,0.6316297,840.06586,xgb_shap_list_ir_4_subset_112,xgb_shap_list_ir_4
3403,X2,0.61333066,0.7526187,637.8639,xgb_shap_list_ir_4_subset_112,xgb_shap_list_ir_4
3404,X3,0.69503,0.3693866,722.8312,xgb_shap_list_ir_4_subset_112,xgb_shap_list_ir_4
3405,X4,1.8633227,0.8601819,1937.8556,xgb_shap_list_ir_4_subset_112,xgb_shap_list_ir_4
3406,X5,1.0834445,0.74329966,1126.7822,xgb_shap_list_ir_4_subset_112,xgb_shap_list_ir_4
3407,X6,0.7996213,0.46591634,831.60614,xgb_shap_list_ir_4_subset_112,xgb_shap_list_ir_4
3408,X1,0.95632154,0.60923886,994.5744,xgb_shap_list_ir_4_subset_102,xgb_shap_list_ir_4
3409,X2,0.7675921,0.76055866,798.2958,xgb_shap_list_ir_4_subset_102,xgb_shap_list_ir_4
3410,X3,0.938701,0.485831,976.249,xgb_shap_list_ir_4_subset_102,xgb_shap_list_ir_4
3411,X4,1.7922072,0.76139194,1863.8955,xgb_shap_list_ir_4_subset_102,xgb_shap_list_ir_4
3412,X5,0.87879485,0.60673743,913.94666,xgb_shap_list_ir_4_subset_102,xgb_shap_list_ir_4
3413,X6,0.7485807,0.39549902,778.5239,xgb_shap_list_ir_4_subset_102,xgb_shap_list_ir_4
3414,X1,0.91106987,0.56366503,947.5127,xgb_shap_list_ir_5_subset_49,xgb_shap_list_ir_5
3415,X2,0.7403924,0.6027705,770.00806,xgb_shap_list_ir_5_subset_49,xgb_shap_list_ir_5
3416,X3,0.49289057,0.27732825,512.6062,xgb_shap_list_ir_5_subset_49,xgb_shap_list_ir_5
3417,X4,1.6556917,0.73136824,1721.9194,xgb_shap_list_ir_5_subset_49,xgb_shap_list_ir_5
3418,X5,1.2539132,0.95222783,1304.0697,xgb_shap_list_ir_5_subset_49,xgb_shap_list_ir_5
3419,X6,0.8976616,0.50998825,933.5681,xgb_shap_list_ir_5_subset_49,xgb_shap_list_ir_5
3420,X1,0.5444611,0.48770493,566.2395,xgb_shap_list_ir_3_subset_13,xgb_shap_list_ir_3
3421,X2,0.7264172,0.44492295,755.4739,xgb_shap_list_ir_3_subset_13,xgb_shap_list_ir_3
3422,X3,0.68525064,0.45836416,712.66064,xgb_shap_list_ir_3_subset_13,xgb_shap_list_ir_3
3423,X4,1.308994,0.7367981,1361.3538,xgb_shap_list_ir_3_subset_13,xgb_shap_list_ir_3
3424,X5,0.87104243,0.68538344,905.88416,xgb_shap_list_ir_3_subset_13,xgb_shap_list_ir_3
3425,X6,0.85522443,0.57123375,889.4334,xgb_shap_list_ir_3_subset_13,xgb_shap_list_ir_3
3426,X1,0.24451987,0.23553872,254.30067,xgb_shap_list_ir_1_subset_119,xgb_shap_list_ir_1
3427,X2,0.62586904,0.3777217,650.9038,xgb_shap_list_ir_1_subset_119,xgb_shap_list_ir_1
3428,X3,1.239321,0.5456707,1288.8938,xgb_shap_list_ir_1_subset_119,xgb_shap_list_ir_1
3429,X4,1.0131044,0.41558307,1053.6287,xgb_shap_list_ir_1_subset_119,xgb_shap_list_ir_1
3430,X5,0.525721,0.2531026,546.7499,xgb_shap_list_ir_1_subset_119,xgb_shap_list_ir_1
3431,X6,0.9813825,0.47814828,1020.6378,xgb_shap_list_ir_1_subset_119,xgb_shap_list_ir_1
3432,X1,0.7604653,0.5370543,790.8839,xgb_shap_list_ir_4_subset_4,xgb_shap_list_ir_4
3433,X2,0.68688303,0.66806203,714.35834,xgb_shap_list_ir_4_subset_4,xgb_shap_list_ir_4
3434,X3,0.67403066,0.35059267,700.9919,xgb_shap_list_ir_4_subset_4,xgb_shap_list_ir_4
3435,X4,1.1969945,0.68374836,1244.8743,xgb_shap_list_ir_4_subset_4,xgb_shap_list_ir_4
3436,X5,1.3357882,1.0334805,1389.2197,xgb_shap_list_ir_4_subset_4,xgb_shap_list_ir_4
3437,X6,0.828606,0.45229527,861.75024,xgb_shap_list_ir_4_subset_4,xgb_shap_list_ir_4
3438,X1,0.7413746,0.44877136,771.0296,xgb_shap_list_ir_4_subset_139,xgb_shap_list_ir_4
3439,X2,0.6109215,0.6010157,635.35834,xgb_shap_list_ir_4_subset_139,xgb_shap_list_ir_4
3440,X3,0.73272514,0.34973246,762.0342,xgb_shap_list_ir_4_subset_139,xgb_shap_list_ir_4
3441,X4,1.5181255,0.76549196,1578.8506,xgb_shap_list_ir_4_subset_139,xgb_shap_list_ir_4
3442,X5,1.0080026,0.7813893,1048.3228,xgb_shap_list_ir_4_subset_139,xgb_shap_list_ir_4
3443,X6,0.8584244,0.49271017,892.7614,xgb_shap_list_ir_4_subset_139,xgb_shap_list_ir_4
3444,X1,0.57376957,0.49913728,596.72034,xgb_shap_list_ir_3_subset_22,xgb_shap_list_ir_3
3445,X2,0.5751799,0.6521041,598.1871,xgb_shap_list_ir_3_subset_22,xgb_shap_list_ir_3
3446,X3,1.0478222,0.4890216,1089.7351,xgb_shap_list_ir_3_subset_22,xgb_shap_list_ir_3
3447,X4,1.5306294,0.6008008,1591.8546,xgb_shap_list_ir_3_subset_22,xgb_shap_list_ir_3
3448,X5,0.7788035,0.54148906,809.9557,xgb_shap_list_ir_3_subset_22,xgb_shap_list_ir_3
3449,X6,0.97976506,0.49191248,1018.9557,xgb_shap_list_ir_3_subset_22,xgb_shap_list_ir_3
3450,X1,1.149982,0.8090347,1195.9812,xgb_shap_list_ir_3_subset_121,xgb_shap_list_ir_3
3451,X2,0.55485785,0.48877704,577.0522,xgb_shap_list_ir_3_subset_121,xgb_shap_list_ir_3
3452,X3,0.20202398,0.1401683,210.10493,xgb_shap_list_ir_3_subset_121,xgb_shap_list_ir_3
3453,X4,0.99155885,0.61807233,1031.2212,xgb_shap_list_ir_3_subset_121,xgb_shap_list_ir_3
3454,X5,1.4004807,1.0207274,1456.5,xgb_shap_list_ir_3_subset_121,xgb_shap_list_ir_3
3455,X6,0.75535446,0.4249669,785.56866,xgb_shap_list_ir_3_subset_121,xgb_shap_list_ir_3
3456,X1,0.7550354,0.48804665,785.2368,xgb_shap_list_ir_3_subset_15,xgb_shap_list_ir_3
3457,X2,0.4733146,0.45268276,492.2472,xgb_shap_list_ir_3_subset_15,xgb_shap_list_ir_3
3458,X3,1.0261916,0.51537085,1067.2393,xgb_shap_list_ir_3_subset_15,xgb_shap_list_ir_3
3459,X4,1.4955535,0.70779693,1555.3756,xgb_shap_list_ir_3_subset_15,xgb_shap_list_ir_3
3460,X5,0.88335335,0.6327566,918.6875,xgb_shap_list_ir_3_subset_15,xgb_shap_list_ir_3
3461,X6,0.8180317,0.56434256,850.753,xgb_shap_list_ir_3_subset_15,xgb_shap_list_ir_3
3462,X1,0.9430466,0.5893458,980.7685,xgb_shap_list_ir_5_subset_17,xgb_shap_list_ir_5
3463,X2,0.74662524,0.63004065,776.49023,xgb_shap_list_ir_5_subset_17,xgb_shap_list_ir_5
3464,X3,0.6105296,0.3417739,634.9508,xgb_shap_list_ir_5_subset_17,xgb_shap_list_ir_5
3465,X4,1.3742386,0.7606039,1429.2081,xgb_shap_list_ir_5_subset_17,xgb_shap_list_ir_5
3466,X5,1.2859044,0.9009683,1337.3406,xgb_shap_list_ir_5_subset_17,xgb_shap_list_ir_5
3467,X6,0.748891,0.4805963,778.8466,xgb_shap_list_ir_5_subset_17,xgb_shap_list_ir_5
3468,X1,0.7420475,0.43239132,771.7294,xgb_shap_list_ir_1_subset_47,xgb_shap_list_ir_1
3469,X2,0.34172752,0.32933405,355.39664,xgb_shap_list_ir_1_subset_47,xgb_shap_list_ir_1
3470,X3,0.95161235,0.48880643,989.6768,xgb_shap_list_ir_1_subset_47,xgb_shap_list_ir_1
3471,X4,0.9657367,0.4164538,1004.36615,xgb_shap_list_ir_1_subset_47,xgb_shap_list_ir_1
3472,X5,0.7207426,0.34914288,749.57227,xgb_shap_list_ir_1_subset_47,xgb_shap_list_ir_1
3473,X6,0.81981766,0.4507807,852.61035,xgb_shap_list_ir_1_subset_47,xgb_shap_list_ir_1
3474,X1,0.75697386,0.4755215,787.2528,xgb_shap_list_ir_2_subset_3,xgb_shap_list_ir_2
3475,X2,0.57072836,0.5423223,593.5575,xgb_shap_list_ir_2_subset_3,xgb_shap_list_ir_2
3476,X3,0.51964086,0.24774268,540.4265,xgb_shap_list_ir_2_subset_3,xgb_shap_list_ir_2
3477,X4,1.4416399,0.58451605,1499.3055,xgb_shap_list_ir_2_subset_3,xgb_shap_list_ir_2
3478,X5,1.0459183,0.43657613,1087.7551,xgb_shap_list_ir_2_subset_3,xgb_shap_list_ir_2
3479,X6,0.8249868,0.42845526,857.98627,xgb_shap_list_ir_2_subset_3,xgb_shap_list_ir_2
3480,X1,0.818464,0.480139,851.2025,xgb_shap_list_ir_2_subset_107,xgb_shap_list_ir_2
3481,X2,0.55909586,0.37670657,581.4597,xgb_shap_list_ir_2_subset_107,xgb_shap_list_ir_2
3482,X3,0.4791399,0.43187365,498.30548,xgb_shap_list_ir_2_subset_107,xgb_shap_list_ir_2
3483,X4,1.4865998,0.8209235,1546.0638,xgb_shap_list_ir_2_subset_107,xgb_shap_list_ir_2
3484,X5,0.73544323,0.5119928,764.86096,xgb_shap_list_ir_2_subset_107,xgb_shap_list_ir_2
3485,X6,1.0019279,0.50515926,1042.005,xgb_shap_list_ir_2_subset_107,xgb_shap_list_ir_2
3486,X1,0.78517336,0.506078,816.58026,xgb_shap_list_ir_5_subset_57,xgb_shap_list_ir_5
3487,X2,0.7575686,0.6135137,787.87134,xgb_shap_list_ir_5_subset_57,xgb_shap_list_ir_5
3488,X3,0.88235,0.44763714,917.64404,xgb_shap_list_ir_5_subset_57,xgb_shap_list_ir_5
3489,X4,1.5212686,0.7839261,1582.1194,xgb_shap_list_ir_5_subset_57,xgb_shap_list_ir_5
3490,X5,1.4601048,0.90549123,1518.509,xgb_shap_list_ir_5_subset_57,xgb_shap_list_ir_5
3491,X6,0.8350796,0.5260461,868.4828,xgb_shap_list_ir_5_subset_57,xgb_shap_list_ir_5
3492,X1,0.72633713,0.53826106,755.3906,xgb_shap_list_ir_5_subset_41,xgb_shap_list_ir_5
3493,X2,0.59563655,0.6234401,619.46204,xgb_shap_list_ir_5_subset_41,xgb_shap_list_ir_5
3494,X3,0.43717527,0.3791477,454.6623,xgb_shap_list_ir_5_subset_41,xgb_shap_list_ir_5
3495,X4,1.1623162,0.7248122,1208.8088,xgb_shap_list_ir_5_subset_41,xgb_shap_list_ir_5
3496,X5,1.4023341,1.0416695,1458.4275,xgb_shap_list_ir_5_subset_41,xgb_shap_list_ir_5
3497,X6,0.8632763,0.5250542,897.8074,xgb_shap_list_ir_5_subset_41,xgb_shap_list_ir_5
3498,X1,0.99343824,0.59725964,1033.1758,xgb_shap_list_ir_3_subset_23,xgb_shap_list_ir_3
3499,X2,0.6900012,0.6074275,717.60126,xgb_shap_list_ir_3_subset_23,xgb_shap_list_ir_3
3500,X3,0.5505456,0.25332788,572.5674,xgb_shap_list_ir_3_subset_23,xgb_shap_list_ir_3
3501,X4,1.0527833,0.65552175,1094.8945,xgb_shap_list_ir_3_subset_23,xgb_shap_list_ir_3
3502,X5,1.3617877,0.861846,1416.2592,xgb_shap_list_ir_3_subset_23,xgb_shap_list_ir_3
3503,X6,0.5614204,0.43245366,583.8772,xgb_shap_list_ir_3_subset_23,xgb_shap_list_ir_3
3504,X1,1.1166515,0.56344384,1161.3176,xgb_shap_list_ir_1_subset_77,xgb_shap_list_ir_1
3505,X2,0.69491005,0.5769684,722.7064,xgb_shap_list_ir_1_subset_77,xgb_shap_list_ir_1
3506,X3,0.87050205,0.5222542,905.32214,xgb_shap_list_ir_1_subset_77,xgb_shap_list_ir_1
3507,X4,0.5422822,0.483196,563.9735,xgb_shap_list_ir_1_subset_77,xgb_shap_list_ir_1
3508,X5,0.49200118,0.34450647,511.6812,xgb_shap_list_ir_1_subset_77,xgb_shap_list_ir_1
3509,X6,1.0013549,0.47063968,1041.4092,xgb_shap_list_ir_1_subset_77,xgb_shap_list_ir_1
3510,X1,0.8007724,0.57495594,832.80334,xgb_shap_list_ir_5_subset_48,xgb_shap_list_ir_5
3511,X2,0.85690504,0.7337468,891.1813,xgb_shap_list_ir_5_subset_48,xgb_shap_list_ir_5
3512,X3,0.79504585,0.44514033,826.8477,xgb_shap_list_ir_5_subset_48,xgb_shap_list_ir_5
3513,X4,1.7149544,0.74183476,1783.5525,xgb_shap_list_ir_5_subset_48,xgb_shap_list_ir_5
3514,X5,1.145138,0.8091995,1190.9436,xgb_shap_list_ir_5_subset_48,xgb_shap_list_ir_5
3515,X6,1.0893155,0.5725857,1132.8882,xgb_shap_list_ir_5_subset_48,xgb_shap_list_ir_5
3516,X1,0.76183337,0.5383284,792.3067,xgb_shap_list_ir_5_subset_103,xgb_shap_list_ir_5
3517,X2,0.810588,0.7507757,843.01154,xgb_shap_list_ir_5_subset_103,xgb_shap_list_ir_5
3518,X3,0.8978802,0.4834536,933.7954,xgb_shap_list_ir_5_subset_103,xgb_shap_list_ir_5
3519,X4,1.4632428,0.67380923,1521.7725,xgb_shap_list_ir_5_subset_103,xgb_shap_list_ir_5
3520,X5,1.3326913,0.9844561,1385.999,xgb_shap_list_ir_5_subset_103,xgb_shap_list_ir_5
3521,X6,0.8299099,0.5701428,863.1063,xgb_shap_list_ir_5_subset_103,xgb_shap_list_ir_5
3522,X1,0.88274866,0.60715556,918.0586,xgb_shap_list_ir_4_subset_83,xgb_shap_list_ir_4
3523,X2,0.67489785,0.75274986,701.89374,xgb_shap_list_ir_4_subset_83,xgb_shap_list_ir_4
3524,X3,0.6882202,0.3077422,715.749,xgb_shap_list_ir_4_subset_83,xgb_shap_list_ir_4
3525,X4,1.2841983,0.6494256,1335.5662,xgb_shap_list_ir_4_subset_83,xgb_shap_list_ir_4
3526,X5,1.0333104,0.8000834,1074.6428,xgb_shap_list_ir_4_subset_83,xgb_shap_list_ir_4
3527,X6,0.7795949,0.62257445,810.7787,xgb_shap_list_ir_4_subset_83,xgb_shap_list_ir_4
3528,X1,0.57147944,0.5208494,594.3386,xgb_shap_list_ir_3_subset_49,xgb_shap_list_ir_3
3529,X2,0.40978745,0.3994761,426.17896,xgb_shap_list_ir_3_subset_49,xgb_shap_list_ir_3
3530,X3,0.60910827,0.39679372,633.4726,xgb_shap_list_ir_3_subset_49,xgb_shap_list_ir_3
3531,X4,1.1682514,0.60560536,1214.9814,xgb_shap_list_ir_3_subset_49,xgb_shap_list_ir_3
3532,X5,1.3315394,0.76124126,1384.801,xgb_shap_list_ir_3_subset_49,xgb_shap_list_ir_3
3533,X6,0.67273104,0.4905888,699.64026,xgb_shap_list_ir_3_subset_49,xgb_shap_list_ir_3
3534,X1,0.8119813,0.57933277,844.4606,xgb_shap_list_ir_2_subset_64,xgb_shap_list_ir_2
3535,X2,0.7675039,0.7573623,798.2041,xgb_shap_list_ir_2_subset_64,xgb_shap_list_ir_2
3536,X3,0.4812403,0.28851238,500.48993,xgb_shap_list_ir_2_subset_64,xgb_shap_list_ir_2
3537,X4,1.2192345,0.5657759,1268.0039,xgb_shap_list_ir_2_subset_64,xgb_shap_list_ir_2
3538,X5,0.8698119,0.5310978,904.6044,xgb_shap_list_ir_2_subset_64,xgb_shap_list_ir_2
3539,X6,0.8543512,0.3353095,888.52527,xgb_shap_list_ir_2_subset_64,xgb_shap_list_ir_2
3540,X1,0.5010507,0.305125,521.0927,xgb_shap_list_ir_3_subset_125,xgb_shap_list_ir_3
3541,X2,0.6844397,0.685297,711.8173,xgb_shap_list_ir_3_subset_125,xgb_shap_list_ir_3
3542,X3,0.71518344,0.36433613,743.7908,xgb_shap_list_ir_3_subset_125,xgb_shap_list_ir_3
3543,X4,1.6222956,0.70911056,1687.1875,xgb_shap_list_ir_3_subset_125,xgb_shap_list_ir_3
3544,X5,1.3569899,0.7543731,1411.2694,xgb_shap_list_ir_3_subset_125,xgb_shap_list_ir_3
3545,X6,0.62683225,0.46128517,651.9055,xgb_shap_list_ir_3_subset_125,xgb_shap_list_ir_3
3546,X1,0.7282053,0.5915619,757.33356,xgb_shap_list_ir_4_subset_89,xgb_shap_list_ir_4
3547,X2,0.64325434,0.58814037,668.9845,xgb_shap_list_ir_4_subset_89,xgb_shap_list_ir_4
3548,X3,0.55393946,0.32480916,576.09705,xgb_shap_list_ir_4_subset_89,xgb_shap_list_ir_4
3549,X4,1.521955,0.60486853,1582.8333,xgb_shap_list_ir_4_subset_89,xgb_shap_list_ir_4
3550,X5,1.1819556,0.80733097,1229.2338,xgb_shap_list_ir_4_subset_89,xgb_shap_list_ir_4
3551,X6,0.9089312,0.6038651,945.28845,xgb_shap_list_ir_4_subset_89,xgb_shap_list_ir_4
3552,X1,1.7791029,0.8651212,1850.2671,xgb_shap_list_ir_1_subset_137,xgb_shap_list_ir_1
3553,X2,1.088164,0.36153275,1131.6906,xgb_shap_list_ir_1_subset_137,xgb_shap_list_ir_1
3554,X3,0.21169786,0.12256231,220.16577,xgb_shap_list_ir_1_subset_137,xgb_shap_list_ir_1
3555,X4,0.23328702,0.21046531,242.6185,xgb_shap_list_ir_1_subset_137,xgb_shap_list_ir_1
3556,X5,0.8184642,0.33713907,851.20276,xgb_shap_list_ir_1_subset_137,xgb_shap_list_ir_1
3557,X6,1.2746376,0.41375616,1325.623,xgb_shap_list_ir_1_subset_137,xgb_shap_list_ir_1
3558,X1,0.9272289,0.45184118,964.3181,xgb_shap_list_ir_1_subset_36,xgb_shap_list_ir_1
3559,X2,0.6450182,0.3605996,670.819,xgb_shap_list_ir_1_subset_36,xgb_shap_list_ir_1
3560,X3,0.56006587,0.4967817,582.4685,xgb_shap_list_ir_1_subset_36,xgb_shap_list_ir_1
3561,X4,0.497892,0.40103233,517.8077,xgb_shap_list_ir_1_subset_36,xgb_shap_list_ir_1
3562,X5,1.0673348,0.47036895,1110.0282,xgb_shap_list_ir_1_subset_36,xgb_shap_list_ir_1
3563,X6,0.86503404,0.40748265,899.6354,xgb_shap_list_ir_1_subset_36,xgb_shap_list_ir_1
3564,X1,0.9387145,0.5907549,976.26306,xgb_shap_list_ir_4_subset_95,xgb_shap_list_ir_4
3565,X2,0.7414988,0.44763732,771.15875,xgb_shap_list_ir_4_subset_95,xgb_shap_list_ir_4
3566,X3,0.33408967,0.30700988,347.45325,xgb_shap_list_ir_4_subset_95,xgb_shap_list_ir_4
3567,X4,0.89274484,0.6257581,928.45465,xgb_shap_list_ir_4_subset_95,xgb_shap_list_ir_4
3568,X5,1.3365263,0.94012773,1389.9873,xgb_shap_list_ir_4_subset_95,xgb_shap_list_ir_4
3569,X6,1.0341309,0.6784515,1075.4962,xgb_shap_list_ir_4_subset_95,xgb_shap_list_ir_4
3570,X1,0.8268703,0.64142805,859.9451,xgb_shap_list_ir_5_subset_58,xgb_shap_list_ir_5
3571,X2,0.59743756,0.62655073,621.3351,xgb_shap_list_ir_5_subset_58,xgb_shap_list_ir_5
3572,X3,0.64934456,0.4133035,675.31836,xgb_shap_list_ir_5_subset_58,xgb_shap_list_ir_5
3573,X4,1.3284844,0.72445256,1381.6238,xgb_shap_list_ir_5_subset_58,xgb_shap_list_ir_5
3574,X5,1.4725847,1.001741,1531.4882,xgb_shap_list_ir_5_subset_58,xgb_shap_list_ir_5
3575,X6,0.69785124,0.49591488,725.7653,xgb_shap_list_ir_5_subset_58,xgb_shap_list_ir_5
3576,X1,0.7054954,0.5664533,733.7152,xgb_shap_list_ir_4_subset_16,xgb_shap_list_ir_4
3577,X2,0.7819543,0.6676875,813.2325,xgb_shap_list_ir_4_subset_16,xgb_shap_list_ir_4
3578,X3,0.72409385,0.26389897,753.0576,xgb_shap_list_ir_4_subset_16,xgb_shap_list_ir_4
3579,X4,1.5937878,0.70847183,1657.5393,xgb_shap_list_ir_4_subset_16,xgb_shap_list_ir_4
3580,X5,1.0487212,0.79023045,1090.67,xgb_shap_list_ir_4_subset_16,xgb_shap_list_ir_4
3581,X6,0.96419096,0.49744546,1002.7586,xgb_shap_list_ir_4_subset_16,xgb_shap_list_ir_4
3582,X1,0.9399457,0.6037662,977.5435,xgb_shap_list_ir_2_subset_25,xgb_shap_list_ir_2
3583,X2,0.700273,0.51394045,728.2839,xgb_shap_list_ir_2_subset_25,xgb_shap_list_ir_2
3584,X3,0.48993292,0.2588185,509.53024,xgb_shap_list_ir_2_subset_25,xgb_shap_list_ir_2
3585,X4,1.0641692,0.5394223,1106.736,xgb_shap_list_ir_2_subset_25,xgb_shap_list_ir_2
3586,X5,1.1561439,0.5846587,1202.3896,xgb_shap_list_ir_2_subset_25,xgb_shap_list_ir_2
3587,X6,0.80197096,0.37267628,834.0498,xgb_shap_list_ir_2_subset_25,xgb_shap_list_ir_2
3588,X1,0.8113648,0.58335865,843.8194,xgb_shap_list_ir_3_subset_51,xgb_shap_list_ir_3
3589,X2,0.6583053,0.5727666,684.6375,xgb_shap_list_ir_3_subset_51,xgb_shap_list_ir_3
3590,X3,0.5518532,0.38285056,573.9273,xgb_shap_list_ir_3_subset_51,xgb_shap_list_ir_3
3591,X4,1.2373298,0.5173488,1286.823,xgb_shap_list_ir_3_subset_51,xgb_shap_list_ir_3
3592,X5,1.1453329,0.7742657,1191.1462,xgb_shap_list_ir_3_subset_51,xgb_shap_list_ir_3
3593,X6,0.66822386,0.5827734,694.9528,xgb_shap_list_ir_3_subset_51,xgb_shap_list_ir_3
3594,X1,0.8264291,0.66146153,859.48627,xgb_shap_list_ir_5_subset_3,xgb_shap_list_ir_5
3595,X2,0.6662235,0.82467085,692.87244,xgb_shap_list_ir_5_subset_3,xgb_shap_list_ir_5
3596,X3,0.6271883,0.28419343,652.2759,xgb_shap_list_ir_5_subset_3,xgb_shap_list_ir_5
3597,X4,1.4048893,0.62245363,1461.085,xgb_shap_list_ir_5_subset_3,xgb_shap_list_ir_5
3598,X5,1.2695178,0.86670965,1320.2985,xgb_shap_list_ir_5_subset_3,xgb_shap_list_ir_5
3599,X6,1.1626095,0.55055076,1209.1139,xgb_shap_list_ir_5_subset_3,xgb_shap_list_ir_5
3600,X1,0.88359994,0.5705853,918.9439,xgb_shap_list_ir_5_subset_145,xgb_shap_list_ir_5
3601,X2,0.747104,0.71745,776.98816,xgb_shap_list_ir_5_subset_145,xgb_shap_list_ir_5
3602,X3,0.74497074,0.53772825,774.7696,xgb_shap_list_ir_5_subset_145,xgb_shap_list_ir_5
3603,X4,1.7729921,0.79953074,1843.9119,xgb_shap_list_ir_5_subset_145,xgb_shap_list_ir_5
3604,X5,1.0741112,0.7517435,1117.0757,xgb_shap_list_ir_5_subset_145,xgb_shap_list_ir_5
3605,X6,0.7632141,0.5700336,793.7427,xgb_shap_list_ir_5_subset_145,xgb_shap_list_ir_5
3606,X1,0.9484257,0.8172911,986.36273,xgb_shap_list_ir_2_subset_8,xgb_shap_list_ir_2
3607,X2,0.51316506,0.46941602,533.69165,xgb_shap_list_ir_2_subset_8,xgb_shap_list_ir_2
3608,X3,0.22179756,0.1854802,230.66946,xgb_shap_list_ir_2_subset_8,xgb_shap_list_ir_2
3609,X4,1.5208516,0.5261914,1581.6857,xgb_shap_list_ir_2_subset_8,xgb_shap_list_ir_2
3610,X5,0.8054622,0.43144694,837.68066,xgb_shap_list_ir_2_subset_8,xgb_shap_list_ir_2
3611,X6,0.92283386,0.36912224,959.7472,xgb_shap_list_ir_2_subset_8,xgb_shap_list_ir_2
3612,X1,0.63455915,0.45710963,659.9415,xgb_shap_list_ir_3_subset_139,xgb_shap_list_ir_3
3613,X2,0.36277422,0.41234717,377.2852,xgb_shap_list_ir_3_subset_139,xgb_shap_list_ir_3
3614,X3,0.9105302,0.44377908,946.9514,xgb_shap_list_ir_3_subset_139,xgb_shap_list_ir_3
3615,X4,1.4462177,0.6174024,1504.0664,xgb_shap_list_ir_3_subset_139,xgb_shap_list_ir_3
3616,X5,0.92482615,0.7138839,961.8192,xgb_shap_list_ir_3_subset_139,xgb_shap_list_ir_3
3617,X6,0.91476595,0.6301429,951.35657,xgb_shap_list_ir_3_subset_139,xgb_shap_list_ir_3
3618,X1,0.7676628,0.5993577,798.3693,xgb_shap_list_ir_5_subset_2,xgb_shap_list_ir_5
3619,X2,0.7062969,0.6499352,734.5488,xgb_shap_list_ir_5_subset_2,xgb_shap_list_ir_5
3620,X3,0.61593944,0.33609533,640.577,xgb_shap_list_ir_5_subset_2,xgb_shap_list_ir_5
3621,X4,1.5154833,0.7312399,1576.1025,xgb_shap_list_ir_5_subset_2,xgb_shap_list_ir_5
3622,X5,1.2879738,0.83868104,1339.4927,xgb_shap_list_ir_5_subset_2,xgb_shap_list_ir_5
3623,X6,0.8477814,0.56917006,881.6927,xgb_shap_list_ir_5_subset_2,xgb_shap_list_ir_5
3624,X1,0.9154186,0.5982461,952.0354,xgb_shap_list_ir_5_subset_98,xgb_shap_list_ir_5
3625,X2,0.87317634,0.7348954,908.1034,xgb_shap_list_ir_5_subset_98,xgb_shap_list_ir_5
3626,X3,0.5434775,0.351991,565.21655,xgb_shap_list_ir_5_subset_98,xgb_shap_list_ir_5
3627,X4,1.5331373,0.7117118,1594.4628,xgb_shap_list_ir_5_subset_98,xgb_shap_list_ir_5
3628,X5,1.1988368,0.7251385,1246.7903,xgb_shap_list_ir_5_subset_98,xgb_shap_list_ir_5
3629,X6,0.92829144,0.4504645,965.4231,xgb_shap_list_ir_5_subset_98,xgb_shap_list_ir_5
3630,X1,0.9291641,0.57240015,966.3307,xgb_shap_list_ir_4_subset_28,xgb_shap_list_ir_4
3631,X2,0.7664519,0.66912174,797.11,xgb_shap_list_ir_4_subset_28,xgb_shap_list_ir_4
3632,X3,0.82513803,0.41416007,858.14355,xgb_shap_list_ir_4_subset_28,xgb_shap_list_ir_4
3633,X4,1.1634755,0.51007503,1210.0145,xgb_shap_list_ir_4_subset_28,xgb_shap_list_ir_4
3634,X5,1.3482482,0.7741988,1402.1782,xgb_shap_list_ir_4_subset_28,xgb_shap_list_ir_4
3635,X6,0.87564254,0.4902832,910.6682,xgb_shap_list_ir_4_subset_28,xgb_shap_list_ir_4
3636,X1,0.8598845,0.49448505,894.2799,xgb_shap_list_ir_2_subset_80,xgb_shap_list_ir_2
3637,X2,0.7270291,0.48727763,756.1102,xgb_shap_list_ir_2_subset_80,xgb_shap_list_ir_2
3638,X3,0.8112355,0.2830394,843.68494,xgb_shap_list_ir_2_subset_80,xgb_shap_list_ir_2
3639,X4,1.5042225,0.50308514,1564.3914,xgb_shap_list_ir_2_subset_80,xgb_shap_list_ir_2
3640,X5,1.055962,0.51577526,1098.2004,xgb_shap_list_ir_2_subset_80,xgb_shap_list_ir_2
3641,X6,0.98702323,0.42537564,1026.5042,xgb_shap_list_ir_2_subset_80,xgb_shap_list_ir_2
3642,X1,0.8386856,0.47943383,872.233,xgb_shap_list_ir_3_subset_105,xgb_shap_list_ir_3
3643,X2,0.38625094,0.37647483,401.701,xgb_shap_list_ir_3_subset_105,xgb_shap_list_ir_3
3644,X3,0.74796766,0.30260506,777.88635,xgb_shap_list_ir_3_subset_105,xgb_shap_list_ir_3
3645,X4,1.9500003,0.7533042,2028.0002,xgb_shap_list_ir_3_subset_105,xgb_shap_list_ir_3
3646,X5,1.1377167,0.6861783,1183.2253,xgb_shap_list_ir_3_subset_105,xgb_shap_list_ir_3
3647,X6,1.5961921,0.6651046,1660.0398,xgb_shap_list_ir_3_subset_105,xgb_shap_list_ir_3
3648,X1,0.8613668,0.5612489,895.8215,xgb_shap_list_ir_5_subset_144,xgb_shap_list_ir_5
3649,X2,0.69218534,0.6952662,719.87274,xgb_shap_list_ir_5_subset_144,xgb_shap_list_ir_5
3650,X3,0.9177706,0.47935998,954.48145,xgb_shap_list_ir_5_subset_144,xgb_shap_list_ir_5
3651,X4,1.3976018,0.772745,1453.5059,xgb_shap_list_ir_5_subset_144,xgb_shap_list_ir_5
3652,X5,1.1847258,0.81490564,1232.1147,xgb_shap_list_ir_5_subset_144,xgb_shap_list_ir_5
3653,X6,1.0347517,0.57412946,1076.1417,xgb_shap_list_ir_5_subset_144,xgb_shap_list_ir_5
3654,X1,0.9744581,0.5586782,1013.4364,xgb_shap_list_ir_3_subset_64,xgb_shap_list_ir_3
3655,X2,0.74611276,0.6422517,775.9573,xgb_shap_list_ir_3_subset_64,xgb_shap_list_ir_3
3656,X3,0.79513043,0.30509505,826.93567,xgb_shap_list_ir_3_subset_64,xgb_shap_list_ir_3
3657,X4,1.4945604,0.72596854,1554.3428,xgb_shap_list_ir_3_subset_64,xgb_shap_list_ir_3
3658,X5,1.1575226,0.7785096,1203.8235,xgb_shap_list_ir_3_subset_64,xgb_shap_list_ir_3
3659,X6,0.6633439,0.4298352,689.8777,xgb_shap_list_ir_3_subset_64,xgb_shap_list_ir_3
3660,X1,0.77676636,0.5997725,807.83704,xgb_shap_list_ir_4_subset_74,xgb_shap_list_ir_4
3661,X2,0.45498773,0.448957,473.18726,xgb_shap_list_ir_4_subset_74,xgb_shap_list_ir_4
3662,X3,0.41048607,0.34447873,426.90552,xgb_shap_list_ir_4_subset_74,xgb_shap_list_ir_4
3663,X4,1.545282,0.6262341,1607.0933,xgb_shap_list_ir_4_subset_74,xgb_shap_list_ir_4
3664,X5,1.3421813,0.88268477,1395.8685,xgb_shap_list_ir_4_subset_74,xgb_shap_list_ir_4
3665,X6,0.6973984,0.61005586,725.2944,xgb_shap_list_ir_4_subset_74,xgb_shap_list_ir_4
3666,X1,0.9057021,0.44746903,941.9302,xgb_shap_list_ir_1_subset_97,xgb_shap_list_ir_1
3667,X2,0.4443502,0.35854062,462.1242,xgb_shap_list_ir_1_subset_97,xgb_shap_list_ir_1
3668,X3,0.66896886,0.44684526,695.7276,xgb_shap_list_ir_1_subset_97,xgb_shap_list_ir_1
3669,X4,0.53151023,0.31265604,552.7706,xgb_shap_list_ir_1_subset_97,xgb_shap_list_ir_1
3670,X5,0.60201585,0.3735836,626.0965,xgb_shap_list_ir_1_subset_97,xgb_shap_list_ir_1
3671,X6,0.7803737,0.35137576,811.5886,xgb_shap_list_ir_1_subset_97,xgb_shap_list_ir_1
3672,X1,0.60432005,0.42037737,628.49286,xgb_shap_list_ir_2_subset_143,xgb_shap_list_ir_2
3673,X2,0.7389536,0.6226874,768.5117,xgb_shap_list_ir_2_subset_143,xgb_shap_list_ir_2
3674,X3,0.991446,0.3970072,1031.1039,xgb_shap_list_ir_2_subset_143,xgb_shap_list_ir_2
3675,X4,1.3392708,0.6020537,1392.8417,xgb_shap_list_ir_2_subset_143,xgb_shap_list_ir_2
3676,X5,0.7737406,0.47227827,804.6902,xgb_shap_list_ir_2_subset_143,xgb_shap_list_ir_2
3677,X6,0.8613516,0.3985444,895.80566,xgb_shap_list_ir_2_subset_143,xgb_shap_list_ir_2
3678,X1,0.46773794,0.44911227,486.44745,xgb_shap_list_ir_2_subset_57,xgb_shap_list_ir_2
3679,X2,0.5870067,0.40336692,610.48694,xgb_shap_list_ir_2_subset_57,xgb_shap_list_ir_2
3680,X3,1.367087,0.57938117,1421.7705,xgb_shap_list_ir_2_subset_57,xgb_shap_list_ir_2
3681,X4,1.3768715,0.5705225,1431.9463,xgb_shap_list_ir_2_subset_57,xgb_shap_list_ir_2
3682,X5,0.93018854,0.5290974,967.39606,xgb_shap_list_ir_2_subset_57,xgb_shap_list_ir_2
3683,X6,0.85693926,0.43782997,891.2168,xgb_shap_list_ir_2_subset_57,xgb_shap_list_ir_2
3684,X1,0.952646,0.5166199,990.75183,xgb_shap_list_ir_3_subset_110,xgb_shap_list_ir_3
3685,X2,0.55437964,0.5947791,576.5548,xgb_shap_list_ir_3_subset_110,xgb_shap_list_ir_3
3686,X3,0.69580215,0.38654777,723.6342,xgb_shap_list_ir_3_subset_110,xgb_shap_list_ir_3
3687,X4,1.2026508,0.49062005,1250.7568,xgb_shap_list_ir_3_subset_110,xgb_shap_list_ir_3
3688,X5,0.9099776,0.6476018,946.3767,xgb_shap_list_ir_3_subset_110,xgb_shap_list_ir_3
3689,X6,1.0104761,0.44133258,1050.8951,xgb_shap_list_ir_3_subset_110,xgb_shap_list_ir_3
3690,X1,0.44222525,0.2331109,459.91425,xgb_shap_list_ir_1_subset_18,xgb_shap_list_ir_1
3691,X2,0.6402093,0.3654588,665.8177,xgb_shap_list_ir_1_subset_18,xgb_shap_list_ir_1
3692,X3,0.6341826,0.26881704,659.54987,xgb_shap_list_ir_1_subset_18,xgb_shap_list_ir_1
3693,X4,1.350804,0.38594028,1404.8362,xgb_shap_list_ir_1_subset_18,xgb_shap_list_ir_1
3694,X5,0.98571134,0.43890503,1025.1398,xgb_shap_list_ir_1_subset_18,xgb_shap_list_ir_1
3695,X6,1.0738065,0.4593743,1116.7588,xgb_shap_list_ir_1_subset_18,xgb_shap_list_ir_1
3696,X1,0.67334783,0.3359326,700.28174,xgb_shap_list_ir_2_subset_97,xgb_shap_list_ir_2
3697,X2,0.32064584,0.2745595,333.47168,xgb_shap_list_ir_2_subset_97,xgb_shap_list_ir_2
3698,X3,0.95991457,0.3644803,998.31116,xgb_shap_list_ir_2_subset_97,xgb_shap_list_ir_2
3699,X4,1.2399275,0.4341364,1289.5247,xgb_shap_list_ir_2_subset_97,xgb_shap_list_ir_2
3700,X5,1.043321,0.7034824,1085.0538,xgb_shap_list_ir_2_subset_97,xgb_shap_list_ir_2
3701,X6,1.0727704,0.45747226,1115.6812,xgb_shap_list_ir_2_subset_97,xgb_shap_list_ir_2
3702,X1,0.6608678,0.5657658,687.30255,xgb_shap_list_ir_4_subset_63,xgb_shap_list_ir_4
3703,X2,0.48402122,0.47054586,503.38208,xgb_shap_list_ir_4_subset_63,xgb_shap_list_ir_4
3704,X3,0.80914134,0.48648986,841.507,xgb_shap_list_ir_4_subset_63,xgb_shap_list_ir_4
3705,X4,1.2578571,0.70549893,1308.1714,xgb_shap_list_ir_4_subset_63,xgb_shap_list_ir_4
3706,X5,1.1889457,0.84543043,1236.5034,xgb_shap_list_ir_4_subset_63,xgb_shap_list_ir_4
3707,X6,0.8393913,0.49372688,872.9669,xgb_shap_list_ir_4_subset_63,xgb_shap_list_ir_4
3708,X1,0.37901366,0.340987,394.1742,xgb_shap_list_ir_2_subset_114,xgb_shap_list_ir_2
3709,X2,0.71273184,0.72465503,741.2411,xgb_shap_list_ir_2_subset_114,xgb_shap_list_ir_2
3710,X3,1.0620875,0.49041966,1104.571,xgb_shap_list_ir_2_subset_114,xgb_shap_list_ir_2
3711,X4,1.0866854,0.39238504,1130.1528,xgb_shap_list_ir_2_subset_114,xgb_shap_list_ir_2
3712,X5,1.1715655,0.62164414,1218.4281,xgb_shap_list_ir_2_subset_114,xgb_shap_list_ir_2
3713,X6,0.8494793,0.43268725,883.4585,xgb_shap_list_ir_2_subset_114,xgb_shap_list_ir_2
3714,X1,0.7897051,0.5237982,821.2933,xgb_shap_list_ir_3_subset_46,xgb_shap_list_ir_3
3715,X2,0.74146074,0.68086,771.11914,xgb_shap_list_ir_3_subset_46,xgb_shap_list_ir_3
3716,X3,0.68802375,0.46010828,715.5447,xgb_shap_list_ir_3_subset_46,xgb_shap_list_ir_3
3717,X4,1.1809232,0.5800812,1228.1602,xgb_shap_list_ir_3_subset_46,xgb_shap_list_ir_3
3718,X5,0.8801688,0.6520187,915.37555,xgb_shap_list_ir_3_subset_46,xgb_shap_list_ir_3
3719,X6,0.78423166,0.6289102,815.60095,xgb_shap_list_ir_3_subset_46,xgb_shap_list_ir_3
3720,X1,0.27503547,0.22016963,286.0369,xgb_shap_list_ir_1_subset_138,xgb_shap_list_ir_1
3721,X2,0.65065545,0.35974067,676.68164,xgb_shap_list_ir_1_subset_138,xgb_shap_list_ir_1
3722,X3,0.6482842,0.4109676,674.2156,xgb_shap_list_ir_1_subset_138,xgb_shap_list_ir_1
3723,X4,1.9819702,0.68046176,2061.249,xgb_shap_list_ir_1_subset_138,xgb_shap_list_ir_1
3724,X5,1.1794484,0.36510113,1226.6263,xgb_shap_list_ir_1_subset_138,xgb_shap_list_ir_1
3725,X6,1.0724703,0.34186184,1115.3691,xgb_shap_list_ir_1_subset_138,xgb_shap_list_ir_1
3726,X1,0.76236,0.5007041,792.8544,xgb_shap_list_ir_4_subset_15,xgb_shap_list_ir_4
3727,X2,0.68307084,0.49974763,710.3937,xgb_shap_list_ir_4_subset_15,xgb_shap_list_ir_4
3728,X3,0.8591439,0.44285706,893.50964,xgb_shap_list_ir_4_subset_15,xgb_shap_list_ir_4
3729,X4,1.2402287,0.62266845,1289.8378,xgb_shap_list_ir_4_subset_15,xgb_shap_list_ir_4
3730,X5,1.2166854,0.80560374,1265.3528,xgb_shap_list_ir_4_subset_15,xgb_shap_list_ir_4
3731,X6,0.61764336,0.4346121,642.3491,xgb_shap_list_ir_4_subset_15,xgb_shap_list_ir_4
3732,X1,0.6772192,0.48826867,704.308,xgb_shap_list_ir_4_subset_3,xgb_shap_list_ir_4
3733,X2,0.6388281,0.60537416,664.3812,xgb_shap_list_ir_4_subset_3,xgb_shap_list_ir_4
3734,X3,0.765323,0.49009246,795.9359,xgb_shap_list_ir_4_subset_3,xgb_shap_list_ir_4
3735,X4,1.5385352,0.6408952,1600.0767,xgb_shap_list_ir_4_subset_3,xgb_shap_list_ir_4
3736,X5,0.9693654,0.67613953,1008.14,xgb_shap_list_ir_4_subset_3,xgb_shap_list_ir_4
3737,X6,0.9003555,0.517618,936.36975,xgb_shap_list_ir_4_subset_3,xgb_shap_list_ir_4
3738,X1,1.0231953,0.5735606,1064.123,xgb_shap_list_ir_1_subset_127,xgb_shap_list_ir_1
3739,X2,0.9549071,0.65572935,993.1034,xgb_shap_list_ir_1_subset_127,xgb_shap_list_ir_1
3740,X3,0.28407028,0.13137978,295.4331,xgb_shap_list_ir_1_subset_127,xgb_shap_list_ir_1
3741,X4,0.9613495,0.382673,999.80347,xgb_shap_list_ir_1_subset_127,xgb_shap_list_ir_1
3742,X5,1.8315694,0.3883024,1904.8322,xgb_shap_list_ir_1_subset_127,xgb_shap_list_ir_1
3743,X6,1.2737615,0.57329416,1324.7119,xgb_shap_list_ir_1_subset_127,xgb_shap_list_ir_1
3744,X1,0.6405574,0.50839925,666.1797,xgb_shap_list_ir_4_subset_142,xgb_shap_list_ir_4
3745,X2,0.6084647,0.6060911,632.8033,xgb_shap_list_ir_4_subset_142,xgb_shap_list_ir_4
3746,X3,0.6403682,0.4404079,665.983,xgb_shap_list_ir_4_subset_142,xgb_shap_list_ir_4
3747,X4,1.1720339,0.60735554,1218.9153,xgb_shap_list_ir_4_subset_142,xgb_shap_list_ir_4
3748,X5,1.5564723,1.0062937,1618.7312,xgb_shap_list_ir_4_subset_142,xgb_shap_list_ir_4
3749,X6,0.7758921,0.45408764,806.92773,xgb_shap_list_ir_4_subset_142,xgb_shap_list_ir_4
3750,X1,0.87869966,0.5819067,913.84766,xgb_shap_list_ir_5_subset_77,xgb_shap_list_ir_5
3751,X2,0.63105965,0.61058336,656.302,xgb_shap_list_ir_5_subset_77,xgb_shap_list_ir_5
3752,X3,0.86588037,0.5096797,900.51556,xgb_shap_list_ir_5_subset_77,xgb_shap_list_ir_5
3753,X4,1.5748955,0.66129136,1637.8914,xgb_shap_list_ir_5_subset_77,xgb_shap_list_ir_5
3754,X5,1.0541471,0.6673185,1096.313,xgb_shap_list_ir_5_subset_77,xgb_shap_list_ir_5
3755,X6,1.11053,0.62433624,1154.9512,xgb_shap_list_ir_5_subset_77,xgb_shap_list_ir_5
3756,X1,1.3153481,0.6555632,1367.962,xgb_shap_list_ir_2_subset_130,xgb_shap_list_ir_2
3757,X2,0.869931,0.5580253,904.7282,xgb_shap_list_ir_2_subset_130,xgb_shap_list_ir_2
3758,X3,0.35087556,0.27008814,364.91058,xgb_shap_list_ir_2_subset_130,xgb_shap_list_ir_2
3759,X4,1.0957937,0.38601932,1139.6255,xgb_shap_list_ir_2_subset_130,xgb_shap_list_ir_2
3760,X5,1.1761575,0.5996176,1223.2037,xgb_shap_list_ir_2_subset_130,xgb_shap_list_ir_2
3761,X6,0.8976834,0.43959573,933.5907,xgb_shap_list_ir_2_subset_130,xgb_shap_list_ir_2
3762,X1,0.82231855,0.5701994,855.2113,xgb_shap_list_ir_4_subset_84,xgb_shap_list_ir_4
3763,X2,0.6396381,0.694134,665.22363,xgb_shap_list_ir_4_subset_84,xgb_shap_list_ir_4
3764,X3,0.9527399,0.3426773,990.8495,xgb_shap_list_ir_4_subset_84,xgb_shap_list_ir_4
3765,X4,1.3395555,0.64514405,1393.1377,xgb_shap_list_ir_4_subset_84,xgb_shap_list_ir_4
3766,X5,1.1577814,0.8505808,1204.0927,xgb_shap_list_ir_4_subset_84,xgb_shap_list_ir_4
3767,X6,0.7927454,0.5024318,824.4552,xgb_shap_list_ir_4_subset_84,xgb_shap_list_ir_4
3768,X1,0.8157219,0.5895519,848.3508,xgb_shap_list_ir_4_subset_53,xgb_shap_list_ir_4
3769,X2,0.6132776,0.6341631,637.8087,xgb_shap_list_ir_4_subset_53,xgb_shap_list_ir_4
3770,X3,0.7634735,0.42617917,794.01245,xgb_shap_list_ir_4_subset_53,xgb_shap_list_ir_4
3771,X4,1.362214,0.66167796,1416.7025,xgb_shap_list_ir_4_subset_53,xgb_shap_list_ir_4
3772,X5,1.0708379,0.9018283,1113.6714,xgb_shap_list_ir_4_subset_53,xgb_shap_list_ir_4
3773,X6,0.8465324,0.65310043,880.3937,xgb_shap_list_ir_4_subset_53,xgb_shap_list_ir_4
3774,X1,0.5114488,0.3274669,531.90674,xgb_shap_list_ir_1_subset_102,xgb_shap_list_ir_1
3775,X2,0.31848276,0.2471817,331.22208,xgb_shap_list_ir_1_subset_102,xgb_shap_list_ir_1
3776,X3,0.97912914,0.43520874,1018.2943,xgb_shap_list_ir_1_subset_102,xgb_shap_list_ir_1
3777,X4,0.8487778,0.47868872,882.7289,xgb_shap_list_ir_1_subset_102,xgb_shap_list_ir_1
3778,X5,0.9257154,0.5490042,962.744,xgb_shap_list_ir_1_subset_102,xgb_shap_list_ir_1
3779,X6,0.48863274,0.38449144,508.17804,xgb_shap_list_ir_1_subset_102,xgb_shap_list_ir_1
3780,X1,0.74509346,0.5132032,774.8972,xgb_shap_list_ir_5_subset_111,xgb_shap_list_ir_5
3781,X2,0.7127835,0.6560803,741.29486,xgb_shap_list_ir_5_subset_111,xgb_shap_list_ir_5
3782,X3,0.5718095,0.473598,594.6818,xgb_shap_list_ir_5_subset_111,xgb_shap_list_ir_5
3783,X4,1.4578704,0.6896553,1516.1852,xgb_shap_list_ir_5_subset_111,xgb_shap_list_ir_5
3784,X5,1.2698216,0.9514775,1320.6145,xgb_shap_list_ir_5_subset_111,xgb_shap_list_ir_5
3785,X6,0.7523793,0.5326705,782.4745,xgb_shap_list_ir_5_subset_111,xgb_shap_list_ir_5
3786,X1,0.7843227,0.4679768,815.69556,xgb_shap_list_ir_2_subset_125,xgb_shap_list_ir_2
3787,X2,0.44701234,0.3936162,464.89282,xgb_shap_list_ir_2_subset_125,xgb_shap_list_ir_2
3788,X3,1.1218147,0.6516048,1166.6873,xgb_shap_list_ir_2_subset_125,xgb_shap_list_ir_2
3789,X4,1.2550526,0.67117006,1305.2546,xgb_shap_list_ir_2_subset_125,xgb_shap_list_ir_2
3790,X5,0.75576514,0.42273316,785.9957,xgb_shap_list_ir_2_subset_125,xgb_shap_list_ir_2
3791,X6,0.927576,0.41240236,964.679,xgb_shap_list_ir_2_subset_125,xgb_shap_list_ir_2
3792,X1,0.62509346,0.5061426,650.0972,xgb_shap_list_ir_5_subset_89,xgb_shap_list_ir_5
3793,X2,0.54504806,0.54506814,566.85,xgb_shap_list_ir_5_subset_89,xgb_shap_list_ir_5
3794,X3,0.70602316,0.4340911,734.2641,xgb_shap_list_ir_5_subset_89,xgb_shap_list_ir_5
3795,X4,1.2993029,0.66118425,1351.275,xgb_shap_list_ir_5_subset_89,xgb_shap_list_ir_5
3796,X5,1.3750951,0.9262614,1430.0989,xgb_shap_list_ir_5_subset_89,xgb_shap_list_ir_5
3797,X6,0.81198496,0.58186734,844.46436,xgb_shap_list_ir_5_subset_89,xgb_shap_list_ir_5
3798,X1,0.714766,0.4538403,743.3567,xgb_shap_list_ir_2_subset_113,xgb_shap_list_ir_2
3799,X2,0.36990562,0.41825694,384.70184,xgb_shap_list_ir_2_subset_113,xgb_shap_list_ir_2
3800,X3,0.45453036,0.23911816,472.71158,xgb_shap_list_ir_2_subset_113,xgb_shap_list_ir_2
3801,X4,1.4353219,0.58189464,1492.7349,xgb_shap_list_ir_2_subset_113,xgb_shap_list_ir_2
3802,X5,1.1977551,0.6499089,1245.6653,xgb_shap_list_ir_2_subset_113,xgb_shap_list_ir_2
3803,X6,0.4169453,0.25400773,433.6231,xgb_shap_list_ir_2_subset_113,xgb_shap_list_ir_2
3804,X1,0.89062417,0.52459747,926.24915,xgb_shap_list_ir_4_subset_110,xgb_shap_list_ir_4
3805,X2,0.6338513,0.6033787,659.2053,xgb_shap_list_ir_4_subset_110,xgb_shap_list_ir_4
3806,X3,0.4864924,0.30549636,505.9521,xgb_shap_list_ir_4_subset_110,xgb_shap_list_ir_4
3807,X4,1.2697846,0.5948218,1320.5759,xgb_shap_list_ir_4_subset_110,xgb_shap_list_ir_4
3808,X5,1.3431402,0.76977795,1396.8658,xgb_shap_list_ir_4_subset_110,xgb_shap_list_ir_4
3809,X6,0.8694716,0.6078977,904.2505,xgb_shap_list_ir_4_subset_110,xgb_shap_list_ir_4
3810,X1,0.7333576,0.5435437,762.6919,xgb_shap_list_ir_2_subset_18,xgb_shap_list_ir_2
3811,X2,0.83325404,0.68108475,866.5842,xgb_shap_list_ir_2_subset_18,xgb_shap_list_ir_2
3812,X3,0.6448446,0.42450038,670.63837,xgb_shap_list_ir_2_subset_18,xgb_shap_list_ir_2
3813,X4,0.90686566,0.5512201,943.14026,xgb_shap_list_ir_2_subset_18,xgb_shap_list_ir_2
3814,X5,0.84023,0.49950755,873.8392,xgb_shap_list_ir_2_subset_18,xgb_shap_list_ir_2
3815,X6,0.78396726,0.43834952,815.3259,xgb_shap_list_ir_2_subset_18,xgb_shap_list_ir_2
3816,X1,1.0993273,0.644593,1143.3004,xgb_shap_list_ir_3_subset_2,xgb_shap_list_ir_3
3817,X2,0.70364577,0.5425706,731.7916,xgb_shap_list_ir_3_subset_2,xgb_shap_list_ir_3
3818,X3,0.7181561,0.29543626,746.8823,xgb_shap_list_ir_3_subset_2,xgb_shap_list_ir_3
3819,X4,1.5200796,0.7369243,1580.8828,xgb_shap_list_ir_3_subset_2,xgb_shap_list_ir_3
3820,X5,0.9129925,0.64632505,949.5122,xgb_shap_list_ir_3_subset_2,xgb_shap_list_ir_3
3821,X6,0.8931664,0.4558933,928.89307,xgb_shap_list_ir_3_subset_2,xgb_shap_list_ir_3
3822,X1,0.780279,0.6732613,811.4901,xgb_shap_list_ir_4_subset_52,xgb_shap_list_ir_4
3823,X2,0.7234132,0.6747613,752.34973,xgb_shap_list_ir_4_subset_52,xgb_shap_list_ir_4
3824,X3,0.31594974,0.24506551,328.58774,xgb_shap_list_ir_4_subset_52,xgb_shap_list_ir_4
3825,X4,1.6449647,0.7192272,1710.7633,xgb_shap_list_ir_4_subset_52,xgb_shap_list_ir_4
3826,X5,1.2915721,0.8942067,1343.235,xgb_shap_list_ir_4_subset_52,xgb_shap_list_ir_4
3827,X6,0.8851998,0.45507112,920.6078,xgb_shap_list_ir_4_subset_52,xgb_shap_list_ir_4
3828,X1,0.91398984,0.5455348,950.54944,xgb_shap_list_ir_3_subset_10,xgb_shap_list_ir_3
3829,X2,0.5181265,0.4292494,538.85156,xgb_shap_list_ir_3_subset_10,xgb_shap_list_ir_3
3830,X3,0.5695205,0.44067225,592.3013,xgb_shap_list_ir_3_subset_10,xgb_shap_list_ir_3
3831,X4,1.1068866,0.5989384,1151.1621,xgb_shap_list_ir_3_subset_10,xgb_shap_list_ir_3
3832,X5,0.99505967,0.7675218,1034.862,xgb_shap_list_ir_3_subset_10,xgb_shap_list_ir_3
3833,X6,0.50845295,0.42950317,528.7911,xgb_shap_list_ir_3_subset_10,xgb_shap_list_ir_3
3834,X1,0.5225071,0.39161113,543.40735,xgb_shap_list_ir_1_subset_126,xgb_shap_list_ir_1
3835,X2,0.62142384,0.33270472,646.2808,xgb_shap_list_ir_1_subset_126,xgb_shap_list_ir_1
3836,X3,0.660753,0.24898629,687.1831,xgb_shap_list_ir_1_subset_126,xgb_shap_list_ir_1
3837,X4,1.5473117,0.63954115,1609.2041,xgb_shap_list_ir_1_subset_126,xgb_shap_list_ir_1
3838,X5,0.69511646,0.24726316,722.92114,xgb_shap_list_ir_1_subset_126,xgb_shap_list_ir_1
3839,X6,1.2238171,0.349894,1272.7698,xgb_shap_list_ir_1_subset_126,xgb_shap_list_ir_1
3840,X1,0.6064769,0.3169192,630.73596,xgb_shap_list_ir_1_subset_123,xgb_shap_list_ir_1
3841,X2,0.45122463,0.35119596,469.27362,xgb_shap_list_ir_1_subset_123,xgb_shap_list_ir_1
3842,X3,0.47093856,0.2912651,489.7761,xgb_shap_list_ir_1_subset_123,xgb_shap_list_ir_1
3843,X4,1.8400382,0.6162798,1913.6396,xgb_shap_list_ir_1_subset_123,xgb_shap_list_ir_1
3844,X5,1.3996361,0.2763575,1455.6216,xgb_shap_list_ir_1_subset_123,xgb_shap_list_ir_1
3845,X6,1.782306,0.5236538,1853.5981,xgb_shap_list_ir_1_subset_123,xgb_shap_list_ir_1
3846,X1,0.87484425,0.6366251,909.838,xgb_shap_list_ir_5_subset_51,xgb_shap_list_ir_5
3847,X2,0.6475295,0.6408144,673.43066,xgb_shap_list_ir_5_subset_51,xgb_shap_list_ir_5
3848,X3,0.6217422,0.40660527,646.6119,xgb_shap_list_ir_5_subset_51,xgb_shap_list_ir_5
3849,X4,1.5567834,0.7961699,1619.0548,xgb_shap_list_ir_5_subset_51,xgb_shap_list_ir_5
3850,X5,1.29989,0.9409498,1351.8856,xgb_shap_list_ir_5_subset_51,xgb_shap_list_ir_5
3851,X6,0.72145385,0.40694448,750.312,xgb_shap_list_ir_5_subset_51,xgb_shap_list_ir_5
3852,X1,0.9417714,0.62128365,979.44226,xgb_shap_list_ir_4_subset_143,xgb_shap_list_ir_4
3853,X2,0.9343343,0.66917676,971.70764,xgb_shap_list_ir_4_subset_143,xgb_shap_list_ir_4
3854,X3,0.5358614,0.28231946,557.29584,xgb_shap_list_ir_4_subset_143,xgb_shap_list_ir_4
3855,X4,1.6216087,0.6680573,1686.473,xgb_shap_list_ir_4_subset_143,xgb_shap_list_ir_4
3856,X5,1.2494413,0.70750535,1299.419,xgb_shap_list_ir_4_subset_143,xgb_shap_list_ir_4
3857,X6,0.9424591,0.45672178,980.1575,xgb_shap_list_ir_4_subset_143,xgb_shap_list_ir_4
3858,X1,0.7602391,0.5165377,790.6487,xgb_shap_list_ir_4_subset_14,xgb_shap_list_ir_4
3859,X2,0.6561128,0.65538186,682.3573,xgb_shap_list_ir_4_subset_14,xgb_shap_list_ir_4
3860,X3,0.82037187,0.49815112,853.18677,xgb_shap_list_ir_4_subset_14,xgb_shap_list_ir_4
3861,X4,1.3942842,0.6694502,1450.0557,xgb_shap_list_ir_4_subset_14,xgb_shap_list_ir_4
3862,X5,1.0676934,0.7021736,1110.4011,xgb_shap_list_ir_4_subset_14,xgb_shap_list_ir_4
3863,X6,0.85573983,0.5027752,889.9694,xgb_shap_list_ir_4_subset_14,xgb_shap_list_ir_4
3864,X1,0.6927181,0.38758767,720.4268,xgb_shap_list_ir_3_subset_86,xgb_shap_list_ir_3
3865,X2,0.76303744,0.56701285,793.55896,xgb_shap_list_ir_3_subset_86,xgb_shap_list_ir_3
3866,X3,0.64485264,0.45820084,670.6467,xgb_shap_list_ir_3_subset_86,xgb_shap_list_ir_3
3867,X4,1.2403783,0.6583133,1289.9934,xgb_shap_list_ir_3_subset_86,xgb_shap_list_ir_3
3868,X5,0.8906459,0.68633145,926.2717,xgb_shap_list_ir_3_subset_86,xgb_shap_list_ir_3
3869,X6,0.82988244,0.3752662,863.07776,xgb_shap_list_ir_3_subset_86,xgb_shap_list_ir_3
3870,X1,0.6692315,0.5171739,696.00073,xgb_shap_list_ir_5_subset_94,xgb_shap_list_ir_5
3871,X2,0.74660116,0.6756396,776.4652,xgb_shap_list_ir_5_subset_94,xgb_shap_list_ir_5
3872,X3,0.59909284,0.325771,623.0566,xgb_shap_list_ir_5_subset_94,xgb_shap_list_ir_5
3873,X4,1.494253,0.6260657,1554.0232,xgb_shap_list_ir_5_subset_94,xgb_shap_list_ir_5
3874,X5,1.3716135,0.95314026,1426.478,xgb_shap_list_ir_5_subset_94,xgb_shap_list_ir_5
3875,X6,0.7267772,0.49802732,755.84827,xgb_shap_list_ir_5_subset_94,xgb_shap_list_ir_5
3876,X1,0.6675162,0.5120557,694.2168,xgb_shap_list_ir_5_subset_61,xgb_shap_list_ir_5
3877,X2,0.70420915,0.7216368,732.3775,xgb_shap_list_ir_5_subset_61,xgb_shap_list_ir_5
3878,X3,0.79909915,0.3900261,831.0631,xgb_shap_list_ir_5_subset_61,xgb_shap_list_ir_5
3879,X4,1.7627796,0.7658351,1833.2908,xgb_shap_list_ir_5_subset_61,xgb_shap_list_ir_5
3880,X5,1.2099541,0.8062526,1258.3523,xgb_shap_list_ir_5_subset_61,xgb_shap_list_ir_5
3881,X6,0.8672609,0.48653254,901.9513,xgb_shap_list_ir_5_subset_61,xgb_shap_list_ir_5
3882,X1,0.5959059,0.5509368,619.7421,xgb_shap_list_ir_1_subset_20,xgb_shap_list_ir_1
3883,X2,0.5362718,0.43363082,557.72266,xgb_shap_list_ir_1_subset_20,xgb_shap_list_ir_1
3884,X3,0.18941946,0.13659273,196.99625,xgb_shap_list_ir_1_subset_20,xgb_shap_list_ir_1
3885,X4,0.6807621,0.3156772,707.9926,xgb_shap_list_ir_1_subset_20,xgb_shap_list_ir_1
3886,X5,1.1932634,0.6031104,1240.9939,xgb_shap_list_ir_1_subset_20,xgb_shap_list_ir_1
3887,X6,0.51579064,0.29754397,536.42224,xgb_shap_list_ir_1_subset_20,xgb_shap_list_ir_1
3888,X1,0.46223903,0.24072264,480.72858,xgb_shap_list_ir_1_subset_116,xgb_shap_list_ir_1
3889,X2,0.73607177,0.5325486,765.51465,xgb_shap_list_ir_1_subset_116,xgb_shap_list_ir_1
3890,X3,0.4716477,0.38240266,490.5136,xgb_shap_list_ir_1_subset_116,xgb_shap_list_ir_1
3891,X4,1.2893173,0.42885047,1340.8899,xgb_shap_list_ir_1_subset_116,xgb_shap_list_ir_1
3892,X5,0.55824476,0.25424746,580.5746,xgb_shap_list_ir_1_subset_116,xgb_shap_list_ir_1
3893,X6,1.1839114,0.3915158,1231.268,xgb_shap_list_ir_1_subset_116,xgb_shap_list_ir_1
3894,X1,0.5927479,0.59174484,616.4578,xgb_shap_list_ir_5_subset_62,xgb_shap_list_ir_5
3895,X2,0.77802616,0.81910676,809.1472,xgb_shap_list_ir_5_subset_62,xgb_shap_list_ir_5
3896,X3,0.7777128,0.37132254,808.82135,xgb_shap_list_ir_5_subset_62,xgb_shap_list_ir_5
3897,X4,1.762673,0.7917347,1833.1799,xgb_shap_list_ir_5_subset_62,xgb_shap_list_ir_5
3898,X5,1.2794359,0.98414177,1330.6133,xgb_shap_list_ir_5_subset_62,xgb_shap_list_ir_5
3899,X6,0.87789285,0.63165903,913.00854,xgb_shap_list_ir_5_subset_62,xgb_shap_list_ir_5
3900,X1,0.6149015,0.30502683,639.49756,xgb_shap_list_ir_2_subset_124,xgb_shap_list_ir_2
3901,X2,0.5899175,0.60497856,613.51416,xgb_shap_list_ir_2_subset_124,xgb_shap_list_ir_2
3902,X3,0.3979243,0.33037615,413.84128,xgb_shap_list_ir_2_subset_124,xgb_shap_list_ir_2
3903,X4,1.0875441,0.4213736,1131.0459,xgb_shap_list_ir_2_subset_124,xgb_shap_list_ir_2
3904,X5,1.235688,0.6364311,1285.1155,xgb_shap_list_ir_2_subset_124,xgb_shap_list_ir_2
3905,X6,0.51367044,0.54092664,534.2173,xgb_shap_list_ir_2_subset_124,xgb_shap_list_ir_2
3906,X1,0.6253686,0.40733516,650.38336,xgb_shap_list_ir_1_subset_11,xgb_shap_list_ir_1
3907,X2,0.7751369,0.36488754,806.14233,xgb_shap_list_ir_1_subset_11,xgb_shap_list_ir_1
3908,X3,0.39702415,0.21764925,412.90512,xgb_shap_list_ir_1_subset_11,xgb_shap_list_ir_1
3909,X4,0.86397254,0.39563656,898.53143,xgb_shap_list_ir_1_subset_11,xgb_shap_list_ir_1
3910,X5,0.8093409,0.4438814,841.71454,xgb_shap_list_ir_1_subset_11,xgb_shap_list_ir_1
3911,X6,0.58504003,0.3547003,608.44165,xgb_shap_list_ir_1_subset_11,xgb_shap_list_ir_1
3912,X1,0.83852816,0.5907872,872.0693,xgb_shap_list_ir_2_subset_39,xgb_shap_list_ir_2
3913,X2,0.7286445,0.6204814,757.7903,xgb_shap_list_ir_2_subset_39,xgb_shap_list_ir_2
3914,X3,0.3129492,0.29378223,325.4672,xgb_shap_list_ir_2_subset_39,xgb_shap_list_ir_2
3915,X4,0.59260017,0.45366237,616.3042,xgb_shap_list_ir_2_subset_39,xgb_shap_list_ir_2
3916,X5,0.9538236,0.6757479,991.97656,xgb_shap_list_ir_2_subset_39,xgb_shap_list_ir_2
3917,X6,0.5546864,0.34856027,576.8739,xgb_shap_list_ir_2_subset_39,xgb_shap_list_ir_2
3918,X1,1.0862218,0.6231999,1129.6707,xgb_shap_list_ir_3_subset_3,xgb_shap_list_ir_3
3919,X2,0.80728513,0.8548332,839.57654,xgb_shap_list_ir_3_subset_3,xgb_shap_list_ir_3
3920,X3,0.53272516,0.24619275,554.0342,xgb_shap_list_ir_3_subset_3,xgb_shap_list_ir_3
3921,X4,0.98021525,0.4896459,1019.4239,xgb_shap_list_ir_3_subset_3,xgb_shap_list_ir_3
3922,X5,1.0161145,0.7046293,1056.759,xgb_shap_list_ir_3_subset_3,xgb_shap_list_ir_3
3923,X6,0.58897233,0.391164,612.53125,xgb_shap_list_ir_3_subset_3,xgb_shap_list_ir_3
3924,X1,0.84117925,0.6065536,874.8264,xgb_shap_list_ir_5_subset_118,xgb_shap_list_ir_5
3925,X2,0.63903415,0.7001527,664.5955,xgb_shap_list_ir_5_subset_118,xgb_shap_list_ir_5
3926,X3,0.7483672,0.46572462,778.3019,xgb_shap_list_ir_5_subset_118,xgb_shap_list_ir_5
3927,X4,1.405118,0.55889344,1461.3228,xgb_shap_list_ir_5_subset_118,xgb_shap_list_ir_5
3928,X5,1.2493515,0.84273595,1299.3256,xgb_shap_list_ir_5_subset_118,xgb_shap_list_ir_5
3929,X6,0.69917285,0.46580806,727.1398,xgb_shap_list_ir_5_subset_118,xgb_shap_list_ir_5
3930,X1,0.9242246,0.60663825,961.1936,xgb_shap_list_ir_3_subset_130,xgb_shap_list_ir_3
3931,X2,0.7130751,0.4378116,741.5981,xgb_shap_list_ir_3_subset_130,xgb_shap_list_ir_3
3932,X3,0.26643923,0.16276391,277.0968,xgb_shap_list_ir_3_subset_130,xgb_shap_list_ir_3
3933,X4,1.2416705,0.6255204,1291.3373,xgb_shap_list_ir_3_subset_130,xgb_shap_list_ir_3
3934,X5,1.2795095,0.88678277,1330.69,xgb_shap_list_ir_3_subset_130,xgb_shap_list_ir_3
3935,X6,0.838042,0.54490614,871.5637,xgb_shap_list_ir_3_subset_130,xgb_shap_list_ir_3
3936,X1,1.4540122,0.67490697,1512.1726,xgb_shap_list_ir_3_subset_142,xgb_shap_list_ir_3
3937,X2,0.58110195,0.49516347,604.346,xgb_shap_list_ir_3_subset_142,xgb_shap_list_ir_3
3938,X3,0.5739411,0.2636651,596.89874,xgb_shap_list_ir_3_subset_142,xgb_shap_list_ir_3
3939,X4,0.8881231,0.47677338,923.648,xgb_shap_list_ir_3_subset_142,xgb_shap_list_ir_3
3940,X5,1.110438,0.6219707,1154.8555,xgb_shap_list_ir_3_subset_142,xgb_shap_list_ir_3
3941,X6,1.2755184,0.58961004,1326.5392,xgb_shap_list_ir_3_subset_142,xgb_shap_list_ir_3
3942,X1,0.7391654,0.6918427,768.73206,xgb_shap_list_ir_1_subset_45,xgb_shap_list_ir_1
3943,X2,0.49291065,0.28771085,512.6271,xgb_shap_list_ir_1_subset_45,xgb_shap_list_ir_1
3944,X3,0.71886873,0.37117812,747.6235,xgb_shap_list_ir_1_subset_45,xgb_shap_list_ir_1
3945,X4,0.9821328,0.4381633,1021.4181,xgb_shap_list_ir_1_subset_45,xgb_shap_list_ir_1
3946,X5,0.90766346,0.46129435,943.97003,xgb_shap_list_ir_1_subset_45,xgb_shap_list_ir_1
3947,X6,1.5621486,0.5012691,1624.6345,xgb_shap_list_ir_1_subset_45,xgb_shap_list_ir_1
3948,X1,0.72420293,0.45475113,753.171,xgb_shap_list_ir_4_subset_34,xgb_shap_list_ir_4
3949,X2,0.7866744,0.60685486,818.14136,xgb_shap_list_ir_4_subset_34,xgb_shap_list_ir_4
3950,X3,0.6087424,0.34562847,633.0921,xgb_shap_list_ir_4_subset_34,xgb_shap_list_ir_4
3951,X4,1.6554464,0.7727796,1721.6643,xgb_shap_list_ir_4_subset_34,xgb_shap_list_ir_4
3952,X5,1.008213,0.7898497,1048.5415,xgb_shap_list_ir_4_subset_34,xgb_shap_list_ir_4
3953,X6,0.8268252,0.5035891,859.8982,xgb_shap_list_ir_4_subset_34,xgb_shap_list_ir_4
3954,X1,0.79974824,0.45666128,831.73816,xgb_shap_list_ir_1_subset_16,xgb_shap_list_ir_1
3955,X2,0.94799566,0.3936065,985.91547,xgb_shap_list_ir_1_subset_16,xgb_shap_list_ir_1
3956,X3,0.3558851,0.19412741,370.12048,xgb_shap_list_ir_1_subset_16,xgb_shap_list_ir_1
3957,X4,1.4205257,0.45662028,1477.3467,xgb_shap_list_ir_1_subset_16,xgb_shap_list_ir_1
3958,X5,0.9004812,0.46181098,936.5005,xgb_shap_list_ir_1_subset_16,xgb_shap_list_ir_1
3959,X6,0.8754214,0.32643282,910.43823,xgb_shap_list_ir_1_subset_16,xgb_shap_list_ir_1
3960,X1,1.3530264,0.6097816,1407.1475,xgb_shap_list_ir_1_subset_106,xgb_shap_list_ir_1
3961,X2,0.8564958,0.6696456,890.7556,xgb_shap_list_ir_1_subset_106,xgb_shap_list_ir_1
3962,X3,0.39410946,0.1870677,409.87384,xgb_shap_list_ir_1_subset_106,xgb_shap_list_ir_1
3963,X4,1.0116473,0.34251717,1052.1133,xgb_shap_list_ir_1_subset_106,xgb_shap_list_ir_1
3964,X5,1.1105635,0.4584437,1154.9861,xgb_shap_list_ir_1_subset_106,xgb_shap_list_ir_1
3965,X6,0.45211387,0.4127909,470.19843,xgb_shap_list_ir_1_subset_106,xgb_shap_list_ir_1
3966,X1,0.8546348,0.2975846,888.8202,xgb_shap_list_ir_1_subset_22,xgb_shap_list_ir_1
3967,X2,0.50256366,0.24616586,522.6662,xgb_shap_list_ir_1_subset_22,xgb_shap_list_ir_1
3968,X3,0.17575195,0.09875403,182.78203,xgb_shap_list_ir_1_subset_22,xgb_shap_list_ir_1
3969,X4,2.0771804,0.40969136,2160.2676,xgb_shap_list_ir_1_subset_22,xgb_shap_list_ir_1
3970,X5,1.3002824,0.36533007,1352.2937,xgb_shap_list_ir_1_subset_22,xgb_shap_list_ir_1
3971,X6,0.69649214,0.27763426,724.3518,xgb_shap_list_ir_1_subset_22,xgb_shap_list_ir_1
3972,X1,0.9164383,0.6192404,953.0958,xgb_shap_list_ir_2_subset_139,xgb_shap_list_ir_2
3973,X2,0.76546675,0.47293076,796.08545,xgb_shap_list_ir_2_subset_139,xgb_shap_list_ir_2
3974,X3,0.3030797,0.27724275,315.20288,xgb_shap_list_ir_2_subset_139,xgb_shap_list_ir_2
3975,X4,1.2715356,0.5077131,1322.3971,xgb_shap_list_ir_2_subset_139,xgb_shap_list_ir_2
3976,X5,1.4404724,0.7534874,1498.0913,xgb_shap_list_ir_2_subset_139,xgb_shap_list_ir_2
3977,X6,1.0485455,0.4606596,1090.4873,xgb_shap_list_ir_2_subset_139,xgb_shap_list_ir_2
3978,X1,0.6952456,0.45466647,723.0554,xgb_shap_list_ir_3_subset_11,xgb_shap_list_ir_3
3979,X2,0.75606894,0.62172765,786.3117,xgb_shap_list_ir_3_subset_11,xgb_shap_list_ir_3
3980,X3,0.8443979,0.5170647,878.1738,xgb_shap_list_ir_3_subset_11,xgb_shap_list_ir_3
3981,X4,1.0955491,0.5772799,1139.3711,xgb_shap_list_ir_3_subset_11,xgb_shap_list_ir_3
3982,X5,1.0891914,0.8187364,1132.759,xgb_shap_list_ir_3_subset_11,xgb_shap_list_ir_3
3983,X6,0.7993971,0.4497313,831.373,xgb_shap_list_ir_3_subset_11,xgb_shap_list_ir_3
3984,X1,0.8787572,0.74093443,913.9075,xgb_shap_list_ir_3_subset_113,xgb_shap_list_ir_3
3985,X2,0.61333746,0.62598616,637.871,xgb_shap_list_ir_3_subset_113,xgb_shap_list_ir_3
3986,X3,0.42662147,0.31238794,443.68634,xgb_shap_list_ir_3_subset_113,xgb_shap_list_ir_3
3987,X4,1.371257,0.6930748,1426.1072,xgb_shap_list_ir_3_subset_113,xgb_shap_list_ir_3
3988,X5,1.4968693,0.71724826,1556.7441,xgb_shap_list_ir_3_subset_113,xgb_shap_list_ir_3
3989,X6,1.0950466,0.5223173,1138.8485,xgb_shap_list_ir_3_subset_113,xgb_shap_list_ir_3
3990,X1,0.8865422,0.61621463,922.0039,xgb_shap_list_ir_5_subset_7,xgb_shap_list_ir_5
3991,X2,0.90125084,0.7501133,937.3009,xgb_shap_list_ir_5_subset_7,xgb_shap_list_ir_5
3992,X3,0.5805372,0.37501672,603.75867,xgb_shap_list_ir_5_subset_7,xgb_shap_list_ir_5
3993,X4,1.5474886,0.6748327,1609.3881,xgb_shap_list_ir_5_subset_7,xgb_shap_list_ir_5
3994,X5,1.1759527,0.8477479,1222.9907,xgb_shap_list_ir_5_subset_7,xgb_shap_list_ir_5
3995,X6,0.7497528,0.44858676,779.7429,xgb_shap_list_ir_5_subset_7,xgb_shap_list_ir_5
3996,X1,0.587379,0.42283103,610.87415,xgb_shap_list_ir_2_subset_148,xgb_shap_list_ir_2
3997,X2,0.4670991,0.32956657,485.78305,xgb_shap_list_ir_2_subset_148,xgb_shap_list_ir_2
3998,X3,0.48106965,0.30124193,500.31244,xgb_shap_list_ir_2_subset_148,xgb_shap_list_ir_2
3999,X4,0.8657981,0.6572525,900.43005,xgb_shap_list_ir_2_subset_148,xgb_shap_list_ir_2
4000,X5,1.0867066,0.66462374,1130.1749,xgb_shap_list_ir_2_subset_148,xgb_shap_list_ir_2
4001,X6,0.676818,0.4835396,703.89075,xgb_shap_list_ir_2_subset_148,xgb_shap_list_ir_2
4002,X1,0.810643,0.6266641,843.0687,xgb_shap_list_ir_4_subset_23,xgb_shap_list_ir_4
4003,X2,0.8381663,0.66698533,871.69293,xgb_shap_list_ir_4_subset_23,xgb_shap_list_ir_4
4004,X3,0.43586168,0.23475814,453.29614,xgb_shap_list_ir_4_subset_23,xgb_shap_list_ir_4
4005,X4,1.8681793,0.7422385,1942.9065,xgb_shap_list_ir_4_subset_23,xgb_shap_list_ir_4
4006,X5,1.1846275,0.7782025,1232.0127,xgb_shap_list_ir_4_subset_23,xgb_shap_list_ir_4
4007,X6,0.84323204,0.40814063,876.9613,xgb_shap_list_ir_4_subset_23,xgb_shap_list_ir_4
4008,X1,0.8211734,0.5633943,854.0204,xgb_shap_list_ir_5_subset_86,xgb_shap_list_ir_5
4009,X2,0.7917572,0.60885847,823.4275,xgb_shap_list_ir_5_subset_86,xgb_shap_list_ir_5
4010,X3,0.6781675,0.41179794,705.29425,xgb_shap_list_ir_5_subset_86,xgb_shap_list_ir_5
4011,X4,1.6992524,0.82232654,1767.2224,xgb_shap_list_ir_5_subset_86,xgb_shap_list_ir_5
4012,X5,1.0315498,0.8322244,1072.8118,xgb_shap_list_ir_5_subset_86,xgb_shap_list_ir_5
4013,X6,0.9161422,0.5726071,952.7879,xgb_shap_list_ir_5_subset_86,xgb_shap_list_ir_5
4014,X1,1.1183314,0.5099594,1163.0647,xgb_shap_list_ir_1_subset_51,xgb_shap_list_ir_1
4015,X2,0.6906168,0.5537664,718.24146,xgb_shap_list_ir_1_subset_51,xgb_shap_list_ir_1
4016,X3,0.47413266,0.303816,493.09796,xgb_shap_list_ir_1_subset_51,xgb_shap_list_ir_1
4017,X4,1.5731589,0.34259805,1636.0852,xgb_shap_list_ir_1_subset_51,xgb_shap_list_ir_1
4018,X5,0.5622338,0.23134443,584.72314,xgb_shap_list_ir_1_subset_51,xgb_shap_list_ir_1
4019,X6,1.0548201,0.4414439,1097.0128,xgb_shap_list_ir_1_subset_51,xgb_shap_list_ir_1
4020,X1,0.83244526,0.5709396,865.7431,xgb_shap_list_ir_5_subset_5,xgb_shap_list_ir_5
4021,X2,0.6426918,0.6054837,668.3995,xgb_shap_list_ir_5_subset_5,xgb_shap_list_ir_5
4022,X3,0.66964895,0.37336656,696.4349,xgb_shap_list_ir_5_subset_5,xgb_shap_list_ir_5
4023,X4,1.453761,0.65303797,1511.9114,xgb_shap_list_ir_5_subset_5,xgb_shap_list_ir_5
4024,X5,1.2105668,0.9443706,1258.9894,xgb_shap_list_ir_5_subset_5,xgb_shap_list_ir_5
4025,X6,0.97011757,0.56215173,1008.9223,xgb_shap_list_ir_5_subset_5,xgb_shap_list_ir_5
4026,X1,0.6282056,0.4892096,653.3338,xgb_shap_list_ir_3_subset_8,xgb_shap_list_ir_3
4027,X2,0.47746253,0.48336792,496.56104,xgb_shap_list_ir_3_subset_8,xgb_shap_list_ir_3
4028,X3,0.73006034,0.54630476,759.26276,xgb_shap_list_ir_3_subset_8,xgb_shap_list_ir_3
4029,X4,1.3017592,0.71464646,1353.8296,xgb_shap_list_ir_3_subset_8,xgb_shap_list_ir_3
4030,X5,1.1342496,0.67853194,1179.6195,xgb_shap_list_ir_3_subset_8,xgb_shap_list_ir_3
4031,X6,0.74853903,0.47666433,778.4806,xgb_shap_list_ir_3_subset_8,xgb_shap_list_ir_3
4032,X1,0.7699255,0.5400766,800.7225,xgb_shap_list_ir_4_subset_40,xgb_shap_list_ir_4
4033,X2,0.71787,0.6439582,746.5848,xgb_shap_list_ir_4_subset_40,xgb_shap_list_ir_4
4034,X3,0.57523847,0.32656989,598.248,xgb_shap_list_ir_4_subset_40,xgb_shap_list_ir_4
4035,X4,1.6606421,0.7616777,1727.0679,xgb_shap_list_ir_4_subset_40,xgb_shap_list_ir_4
4036,X5,0.9503483,0.7269232,988.36224,xgb_shap_list_ir_4_subset_40,xgb_shap_list_ir_4
4037,X6,0.8662722,0.4442727,900.9231,xgb_shap_list_ir_4_subset_40,xgb_shap_list_ir_4
4038,X1,0.5712389,0.25004748,594.08844,xgb_shap_list_ir_2_subset_146,xgb_shap_list_ir_2
4039,X2,1.0208482,0.61971897,1061.6821,xgb_shap_list_ir_2_subset_146,xgb_shap_list_ir_2
4040,X3,0.7214812,0.5107655,750.34045,xgb_shap_list_ir_2_subset_146,xgb_shap_list_ir_2
4041,X4,1.1406252,0.6154417,1186.2502,xgb_shap_list_ir_2_subset_146,xgb_shap_list_ir_2
4042,X5,0.58158004,0.45653328,604.84326,xgb_shap_list_ir_2_subset_146,xgb_shap_list_ir_2
4043,X6,1.3602599,0.5301813,1414.6703,xgb_shap_list_ir_2_subset_146,xgb_shap_list_ir_2
4044,X1,0.6226309,0.50781786,647.53613,xgb_shap_list_ir_5_subset_126,xgb_shap_list_ir_5
4045,X2,0.6275724,0.6130118,652.6753,xgb_shap_list_ir_5_subset_126,xgb_shap_list_ir_5
4046,X3,0.5072179,0.28309894,527.5066,xgb_shap_list_ir_5_subset_126,xgb_shap_list_ir_5
4047,X4,1.4207284,0.6758065,1477.5576,xgb_shap_list_ir_5_subset_126,xgb_shap_list_ir_5
4048,X5,1.4461585,0.8635171,1504.0049,xgb_shap_list_ir_5_subset_126,xgb_shap_list_ir_5
4049,X6,0.94116145,0.6025803,978.8079,xgb_shap_list_ir_5_subset_126,xgb_shap_list_ir_5
4050,X1,1.101551,0.6404237,1145.613,xgb_shap_list_ir_4_subset_134,xgb_shap_list_ir_4
4051,X2,0.72331065,0.5212005,752.2431,xgb_shap_list_ir_4_subset_134,xgb_shap_list_ir_4
4052,X3,0.5276891,0.25143006,548.7967,xgb_shap_list_ir_4_subset_134,xgb_shap_list_ir_4
4053,X4,1.234421,0.5408534,1283.7979,xgb_shap_list_ir_4_subset_134,xgb_shap_list_ir_4
4054,X5,1.3955364,1.0701026,1451.3579,xgb_shap_list_ir_4_subset_134,xgb_shap_list_ir_4
4055,X6,0.76632047,0.5411977,796.97327,xgb_shap_list_ir_4_subset_134,xgb_shap_list_ir_4
4056,X1,0.846375,0.5404468,880.23,xgb_shap_list_ir_4_subset_80,xgb_shap_list_ir_4
4057,X2,0.93116903,0.6602836,968.4158,xgb_shap_list_ir_4_subset_80,xgb_shap_list_ir_4
4058,X3,0.85204434,0.48465726,886.1261,xgb_shap_list_ir_4_subset_80,xgb_shap_list_ir_4
4059,X4,1.4465213,0.65310997,1504.3821,xgb_shap_list_ir_4_subset_80,xgb_shap_list_ir_4
4060,X5,1.0527513,0.71649235,1094.8613,xgb_shap_list_ir_4_subset_80,xgb_shap_list_ir_4
4061,X6,0.8945345,0.50379527,930.3159,xgb_shap_list_ir_4_subset_80,xgb_shap_list_ir_4
4062,X1,0.6005375,0.44739982,624.55896,xgb_shap_list_ir_3_subset_85,xgb_shap_list_ir_3
4063,X2,0.5804744,0.6119765,603.69336,xgb_shap_list_ir_3_subset_85,xgb_shap_list_ir_3
4064,X3,0.8076598,0.385539,839.9662,xgb_shap_list_ir_3_subset_85,xgb_shap_list_ir_3
4065,X4,1.3362743,0.61552376,1389.7252,xgb_shap_list_ir_3_subset_85,xgb_shap_list_ir_3
4066,X5,1.1377871,0.9414316,1183.2986,xgb_shap_list_ir_3_subset_85,xgb_shap_list_ir_3
4067,X6,0.80934834,0.43534198,841.7223,xgb_shap_list_ir_3_subset_85,xgb_shap_list_ir_3
4068,X1,0.79389346,0.5173493,825.6492,xgb_shap_list_ir_2_subset_93,xgb_shap_list_ir_2
4069,X2,0.81875724,0.45010126,851.5075,xgb_shap_list_ir_2_subset_93,xgb_shap_list_ir_2
4070,X3,0.72278875,0.37725118,751.7003,xgb_shap_list_ir_2_subset_93,xgb_shap_list_ir_2
4071,X4,0.7122866,0.38293758,740.7781,xgb_shap_list_ir_2_subset_93,xgb_shap_list_ir_2
4072,X5,1.4688692,0.67000985,1527.624,xgb_shap_list_ir_2_subset_93,xgb_shap_list_ir_2
4073,X6,0.583319,0.30891436,606.6518,xgb_shap_list_ir_2_subset_93,xgb_shap_list_ir_2
4074,X1,0.8364236,0.5685138,869.8805,xgb_shap_list_ir_4_subset_64,xgb_shap_list_ir_4
4075,X2,0.873699,0.66486,908.647,xgb_shap_list_ir_4_subset_64,xgb_shap_list_ir_4
4076,X3,0.5829791,0.2935429,606.2982,xgb_shap_list_ir_4_subset_64,xgb_shap_list_ir_4
4077,X4,1.1297634,0.584287,1174.9539,xgb_shap_list_ir_4_subset_64,xgb_shap_list_ir_4
4078,X5,1.2567577,1.0545228,1307.0281,xgb_shap_list_ir_4_subset_64,xgb_shap_list_ir_4
4079,X6,0.613348,0.43624926,637.88196,xgb_shap_list_ir_4_subset_64,xgb_shap_list_ir_4
4080,X1,1.2365729,0.53839487,1286.0358,xgb_shap_list_ir_1_subset_105,xgb_shap_list_ir_1
4081,X2,0.75202143,0.46517295,782.1023,xgb_shap_list_ir_1_subset_105,xgb_shap_list_ir_1
4082,X3,0.43255305,0.28742927,449.85516,xgb_shap_list_ir_1_subset_105,xgb_shap_list_ir_1
4083,X4,0.7428383,0.42850152,772.5519,xgb_shap_list_ir_1_subset_105,xgb_shap_list_ir_1
4084,X5,1.092926,0.4167449,1136.6431,xgb_shap_list_ir_1_subset_105,xgb_shap_list_ir_1
4085,X6,0.5120921,0.18095784,532.5758,xgb_shap_list_ir_1_subset_105,xgb_shap_list_ir_1
4086,X1,0.65682703,0.5410321,683.1001,xgb_shap_list_ir_4_subset_41,xgb_shap_list_ir_4
4087,X2,0.6625622,0.6840631,689.0647,xgb_shap_list_ir_4_subset_41,xgb_shap_list_ir_4
4088,X3,0.7425849,0.3655269,772.28827,xgb_shap_list_ir_4_subset_41,xgb_shap_list_ir_4
4089,X4,1.1697844,0.6240651,1216.5758,xgb_shap_list_ir_4_subset_41,xgb_shap_list_ir_4
4090,X5,1.2556134,0.87237674,1305.838,xgb_shap_list_ir_4_subset_41,xgb_shap_list_ir_4
4091,X6,1.0905687,0.4903743,1134.1914,xgb_shap_list_ir_4_subset_41,xgb_shap_list_ir_4
4092,X1,0.5952091,0.46700463,619.01746,xgb_shap_list_ir_1_subset_26,xgb_shap_list_ir_1
4093,X2,0.61541784,0.5231022,640.03455,xgb_shap_list_ir_1_subset_26,xgb_shap_list_ir_1
4094,X3,0.5116553,0.26982054,532.12146,xgb_shap_list_ir_1_subset_26,xgb_shap_list_ir_1
4095,X4,0.7185687,0.38890707,747.3114,xgb_shap_list_ir_1_subset_26,xgb_shap_list_ir_1
4096,X5,0.7433712,0.38399866,773.106,xgb_shap_list_ir_1_subset_26,xgb_shap_list_ir_1
4097,X6,0.42464253,0.36525726,441.62823,xgb_shap_list_ir_1_subset_26,xgb_shap_list_ir_1
4098,X1,0.7146473,0.5998223,743.23315,xgb_shap_list_ir_5_subset_24,xgb_shap_list_ir_5
4099,X2,0.63982874,0.5912888,665.4219,xgb_shap_list_ir_5_subset_24,xgb_shap_list_ir_5
4100,X3,0.7062374,0.4890183,734.4869,xgb_shap_list_ir_5_subset_24,xgb_shap_list_ir_5
4101,X4,1.8329841,0.8461931,1906.3035,xgb_shap_list_ir_5_subset_24,xgb_shap_list_ir_5
4102,X5,1.0656867,0.8820967,1108.3142,xgb_shap_list_ir_5_subset_24,xgb_shap_list_ir_5
4103,X6,0.8700498,0.57693964,904.85175,xgb_shap_list_ir_5_subset_24,xgb_shap_list_ir_5
4104,X1,0.7330207,0.37936017,762.34155,xgb_shap_list_ir_2_subset_88,xgb_shap_list_ir_2
4105,X2,0.5739747,0.52727085,596.9337,xgb_shap_list_ir_2_subset_88,xgb_shap_list_ir_2
4106,X3,0.8600402,0.46696934,894.4418,xgb_shap_list_ir_2_subset_88,xgb_shap_list_ir_2
4107,X4,1.1831101,0.40883142,1230.4346,xgb_shap_list_ir_2_subset_88,xgb_shap_list_ir_2
4108,X5,1.0599245,0.69153404,1102.3214,xgb_shap_list_ir_2_subset_88,xgb_shap_list_ir_2
4109,X6,0.51344854,0.36489666,533.98645,xgb_shap_list_ir_2_subset_88,xgb_shap_list_ir_2
4110,X1,0.6945011,0.39092967,722.2811,xgb_shap_list_ir_2_subset_12,xgb_shap_list_ir_2
4111,X2,0.8534801,0.40992805,887.6193,xgb_shap_list_ir_2_subset_12,xgb_shap_list_ir_2
4112,X3,0.50823575,0.46211225,528.5652,xgb_shap_list_ir_2_subset_12,xgb_shap_list_ir_2
4113,X4,1.2982044,0.48261067,1350.1326,xgb_shap_list_ir_2_subset_12,xgb_shap_list_ir_2
4114,X5,0.51131266,0.37065575,531.7652,xgb_shap_list_ir_2_subset_12,xgb_shap_list_ir_2
4115,X6,1.241123,0.45993632,1290.7678,xgb_shap_list_ir_2_subset_12,xgb_shap_list_ir_2
4116,X1,0.76566815,0.49476138,796.29486,xgb_shap_list_ir_5_subset_122,xgb_shap_list_ir_5
4117,X2,0.6903089,0.6136117,717.92126,xgb_shap_list_ir_5_subset_122,xgb_shap_list_ir_5
4118,X3,0.79183376,0.41753784,823.5071,xgb_shap_list_ir_5_subset_122,xgb_shap_list_ir_5
4119,X4,1.4671994,0.77405006,1525.8875,xgb_shap_list_ir_5_subset_122,xgb_shap_list_ir_5
4120,X5,1.2677851,0.85253793,1318.4965,xgb_shap_list_ir_5_subset_122,xgb_shap_list_ir_5
4121,X6,0.73007405,0.49932694,759.27704,xgb_shap_list_ir_5_subset_122,xgb_shap_list_ir_5
4122,X1,0.7136229,0.4570581,742.16785,xgb_shap_list_ir_3_subset_52,xgb_shap_list_ir_3
4123,X2,0.7224472,0.77256507,751.3451,xgb_shap_list_ir_3_subset_52,xgb_shap_list_ir_3
4124,X3,0.75303215,0.3750215,783.15344,xgb_shap_list_ir_3_subset_52,xgb_shap_list_ir_3
4125,X4,1.5181388,0.5849055,1578.8643,xgb_shap_list_ir_3_subset_52,xgb_shap_list_ir_3
4126,X5,1.1232646,0.83042043,1168.1952,xgb_shap_list_ir_3_subset_52,xgb_shap_list_ir_3
4127,X6,0.91510963,0.4467959,951.71405,xgb_shap_list_ir_3_subset_52,xgb_shap_list_ir_3
4128,X1,0.726901,0.5750766,755.97705,xgb_shap_list_ir_5_subset_70,xgb_shap_list_ir_5
4129,X2,0.6808112,0.6556245,708.0437,xgb_shap_list_ir_5_subset_70,xgb_shap_list_ir_5
4130,X3,0.7228848,0.47355175,751.8002,xgb_shap_list_ir_5_subset_70,xgb_shap_list_ir_5
4131,X4,1.5680585,0.70820725,1630.7809,xgb_shap_list_ir_5_subset_70,xgb_shap_list_ir_5
4132,X5,1.3165859,0.95906866,1369.2494,xgb_shap_list_ir_5_subset_70,xgb_shap_list_ir_5
4133,X6,0.7579457,0.49769965,788.26355,xgb_shap_list_ir_5_subset_70,xgb_shap_list_ir_5
4134,X1,0.7773267,0.4587216,808.4198,xgb_shap_list_ir_1_subset_121,xgb_shap_list_ir_1
4135,X2,1.137469,0.667366,1182.9678,xgb_shap_list_ir_1_subset_121,xgb_shap_list_ir_1
4136,X3,0.4682288,0.1870201,486.95795,xgb_shap_list_ir_1_subset_121,xgb_shap_list_ir_1
4137,X4,0.86761224,0.29387605,902.3167,xgb_shap_list_ir_1_subset_121,xgb_shap_list_ir_1
4138,X5,1.0167301,0.40039164,1057.3993,xgb_shap_list_ir_1_subset_121,xgb_shap_list_ir_1
4139,X6,0.68960136,0.52395314,717.1854,xgb_shap_list_ir_1_subset_121,xgb_shap_list_ir_1
4140,X1,0.95762926,0.58859366,995.93445,xgb_shap_list_ir_4_subset_47,xgb_shap_list_ir_4
4141,X2,0.7270566,0.5774944,756.1389,xgb_shap_list_ir_4_subset_47,xgb_shap_list_ir_4
4142,X3,0.71884596,0.48227796,747.5998,xgb_shap_list_ir_4_subset_47,xgb_shap_list_ir_4
4143,X4,1.5003076,0.7493462,1560.3198,xgb_shap_list_ir_4_subset_47,xgb_shap_list_ir_4
4144,X5,1.0330852,0.7387646,1074.4087,xgb_shap_list_ir_4_subset_47,xgb_shap_list_ir_4
4145,X6,0.84749687,0.41750234,881.3967,xgb_shap_list_ir_4_subset_47,xgb_shap_list_ir_4
4146,X1,0.733637,0.50872844,762.9825,xgb_shap_list_ir_5_subset_108,xgb_shap_list_ir_5
4147,X2,0.5943853,0.5970508,618.16077,xgb_shap_list_ir_5_subset_108,xgb_shap_list_ir_5
4148,X3,0.60203975,0.45010638,626.12134,xgb_shap_list_ir_5_subset_108,xgb_shap_list_ir_5
4149,X4,1.5635334,0.7357392,1626.0747,xgb_shap_list_ir_5_subset_108,xgb_shap_list_ir_5
4150,X5,1.2471613,0.86218524,1297.0477,xgb_shap_list_ir_5_subset_108,xgb_shap_list_ir_5
4151,X6,0.72043717,0.5717624,749.25464,xgb_shap_list_ir_5_subset_108,xgb_shap_list_ir_5
4152,X1,0.7070602,0.60773546,735.34265,xgb_shap_list_ir_3_subset_111,xgb_shap_list_ir_3
4153,X2,0.76085675,0.61619145,791.291,xgb_shap_list_ir_3_subset_111,xgb_shap_list_ir_3
4154,X3,0.49957353,0.30668747,519.55646,xgb_shap_list_ir_3_subset_111,xgb_shap_list_ir_3
4155,X4,1.5972699,0.7369379,1661.1606,xgb_shap_list_ir_3_subset_111,xgb_shap_list_ir_3
4156,X5,1.0774,0.6987258,1120.496,xgb_shap_list_ir_3_subset_111,xgb_shap_list_ir_3
4157,X6,0.92625743,0.50663483,963.30774,xgb_shap_list_ir_3_subset_111,xgb_shap_list_ir_3
4158,X1,0.75954884,0.5692738,789.9308,xgb_shap_list_ir_3_subset_109,xgb_shap_list_ir_3
4159,X2,0.6229116,0.5668181,647.82806,xgb_shap_list_ir_3_subset_109,xgb_shap_list_ir_3
4160,X3,0.5530352,0.40739298,575.1566,xgb_shap_list_ir_3_subset_109,xgb_shap_list_ir_3
4161,X4,1.1804806,0.5964036,1227.6998,xgb_shap_list_ir_3_subset_109,xgb_shap_list_ir_3
4162,X5,0.82343864,0.6373351,856.37616,xgb_shap_list_ir_3_subset_109,xgb_shap_list_ir_3
4163,X6,0.86911243,0.48317403,903.87695,xgb_shap_list_ir_3_subset_109,xgb_shap_list_ir_3
4164,X1,1.5110177,0.75033855,1571.4584,xgb_shap_list_ir_1_subset_145,xgb_shap_list_ir_1
4165,X2,0.8526204,0.49185073,886.7252,xgb_shap_list_ir_1_subset_145,xgb_shap_list_ir_1
4166,X3,0.43962187,0.35865578,457.20673,xgb_shap_list_ir_1_subset_145,xgb_shap_list_ir_1
4167,X4,0.8201804,0.40555507,852.9876,xgb_shap_list_ir_1_subset_145,xgb_shap_list_ir_1
4168,X5,0.85209125,0.49489692,886.1749,xgb_shap_list_ir_1_subset_145,xgb_shap_list_ir_1
4169,X6,0.6227555,0.26500243,647.6658,xgb_shap_list_ir_1_subset_145,xgb_shap_list_ir_1
4170,X1,0.6274177,0.6124225,652.5144,xgb_shap_list_ir_2_subset_56,xgb_shap_list_ir_2
4171,X2,0.75015867,0.5921756,780.16504,xgb_shap_list_ir_2_subset_56,xgb_shap_list_ir_2
4172,X3,0.93556565,0.41881832,972.9883,xgb_shap_list_ir_2_subset_56,xgb_shap_list_ir_2
4173,X4,1.6234206,0.7803837,1688.3574,xgb_shap_list_ir_2_subset_56,xgb_shap_list_ir_2
4174,X5,1.0027966,0.59356594,1042.9086,xgb_shap_list_ir_2_subset_56,xgb_shap_list_ir_2
4175,X6,1.0044819,0.38035816,1044.6611,xgb_shap_list_ir_2_subset_56,xgb_shap_list_ir_2
4176,X1,0.99922425,0.67221636,1039.1932,xgb_shap_list_ir_5_subset_137,xgb_shap_list_ir_5
4177,X2,0.7263525,0.70761544,755.4066,xgb_shap_list_ir_5_subset_137,xgb_shap_list_ir_5
4178,X3,0.5656472,0.2763701,588.2731,xgb_shap_list_ir_5_subset_137,xgb_shap_list_ir_5
4179,X4,1.4261612,0.5951099,1483.2076,xgb_shap_list_ir_5_subset_137,xgb_shap_list_ir_5
4180,X5,1.462007,0.97723204,1520.4873,xgb_shap_list_ir_5_subset_137,xgb_shap_list_ir_5
4181,X6,0.8325933,0.5004803,865.89703,xgb_shap_list_ir_5_subset_137,xgb_shap_list_ir_5
4182,X1,0.4550343,0.16343085,473.23566,xgb_shap_list_ir_1_subset_84,xgb_shap_list_ir_1
4183,X2,0.7237459,0.4617375,752.69574,xgb_shap_list_ir_1_subset_84,xgb_shap_list_ir_1
4184,X3,0.34212962,0.36892447,355.8148,xgb_shap_list_ir_1_subset_84,xgb_shap_list_ir_1
4185,X4,1.2642381,0.54498315,1314.8076,xgb_shap_list_ir_1_subset_84,xgb_shap_list_ir_1
4186,X5,0.7607221,0.37727213,791.151,xgb_shap_list_ir_1_subset_84,xgb_shap_list_ir_1
4187,X6,1.1724125,0.4469873,1219.309,xgb_shap_list_ir_1_subset_84,xgb_shap_list_ir_1
4188,X1,0.73149073,0.60001117,760.75037,xgb_shap_list_ir_5_subset_123,xgb_shap_list_ir_5
4189,X2,0.58046526,0.6395613,603.68384,xgb_shap_list_ir_5_subset_123,xgb_shap_list_ir_5
4190,X3,0.83240455,0.48731428,865.70074,xgb_shap_list_ir_5_subset_123,xgb_shap_list_ir_5
4191,X4,1.4670403,0.7343606,1525.7219,xgb_shap_list_ir_5_subset_123,xgb_shap_list_ir_5
4192,X5,1.1678529,0.76578677,1214.567,xgb_shap_list_ir_5_subset_123,xgb_shap_list_ir_5
4193,X6,0.8239782,0.47725198,856.9373,xgb_shap_list_ir_5_subset_123,xgb_shap_list_ir_5
4194,X1,0.99647766,0.48788643,1036.3368,xgb_shap_list_ir_1_subset_122,xgb_shap_list_ir_1
4195,X2,0.8848268,0.525611,920.21985,xgb_shap_list_ir_1_subset_122,xgb_shap_list_ir_1
4196,X3,0.5868272,0.44715697,610.3003,xgb_shap_list_ir_1_subset_122,xgb_shap_list_ir_1
4197,X4,1.2112397,0.3828671,1259.6893,xgb_shap_list_ir_1_subset_122,xgb_shap_list_ir_1
4198,X5,0.94830877,0.45245916,986.2411,xgb_shap_list_ir_1_subset_122,xgb_shap_list_ir_1
4199,X6,1.4356557,0.57240087,1493.0819,xgb_shap_list_ir_1_subset_122,xgb_shap_list_ir_1
4200,X1,0.81555367,0.5544166,848.17584,xgb_shap_list_ir_5_subset_27,xgb_shap_list_ir_5
4201,X2,0.7611983,0.6754361,791.64624,xgb_shap_list_ir_5_subset_27,xgb_shap_list_ir_5
4202,X3,0.68929034,0.4610366,716.86194,xgb_shap_list_ir_5_subset_27,xgb_shap_list_ir_5
4203,X4,1.4659649,0.733514,1524.6035,xgb_shap_list_ir_5_subset_27,xgb_shap_list_ir_5
4204,X5,1.1603974,0.79079413,1206.8134,xgb_shap_list_ir_5_subset_27,xgb_shap_list_ir_5
4205,X6,0.76717234,0.48391795,797.85925,xgb_shap_list_ir_5_subset_27,xgb_shap_list_ir_5
4206,X1,0.5937395,0.5504276,617.4891,xgb_shap_list_ir_4_subset_108,xgb_shap_list_ir_4
4207,X2,0.5752623,0.6059134,598.2728,xgb_shap_list_ir_4_subset_108,xgb_shap_list_ir_4
4208,X3,0.8837629,0.5165149,919.1134,xgb_shap_list_ir_4_subset_108,xgb_shap_list_ir_4
4209,X4,1.8011385,0.8681487,1873.1841,xgb_shap_list_ir_4_subset_108,xgb_shap_list_ir_4
4210,X5,0.86717016,0.55191684,901.85693,xgb_shap_list_ir_4_subset_108,xgb_shap_list_ir_4
4211,X6,0.8000316,0.47445875,832.03284,xgb_shap_list_ir_4_subset_108,xgb_shap_list_ir_4
4212,X1,0.8732852,0.60443455,908.21655,xgb_shap_list_ir_3_subset_134,xgb_shap_list_ir_3
4213,X2,0.6534032,0.7469607,679.53937,xgb_shap_list_ir_3_subset_134,xgb_shap_list_ir_3
4214,X3,0.34938982,0.21474484,363.36542,xgb_shap_list_ir_3_subset_134,xgb_shap_list_ir_3
4215,X4,1.5586536,0.7255331,1620.9998,xgb_shap_list_ir_3_subset_134,xgb_shap_list_ir_3
4216,X5,0.92146206,0.5765502,958.32056,xgb_shap_list_ir_3_subset_134,xgb_shap_list_ir_3
4217,X6,0.6995197,0.3396856,727.5005,xgb_shap_list_ir_3_subset_134,xgb_shap_list_ir_3
4218,X1,0.5844402,0.4363916,607.81775,xgb_shap_list_ir_3_subset_56,xgb_shap_list_ir_3
4219,X2,0.64613986,0.61529934,671.9855,xgb_shap_list_ir_3_subset_56,xgb_shap_list_ir_3
4220,X3,0.86771685,0.31359723,902.42554,xgb_shap_list_ir_3_subset_56,xgb_shap_list_ir_3
4221,X4,1.3199499,0.62048924,1372.7478,xgb_shap_list_ir_3_subset_56,xgb_shap_list_ir_3
4222,X5,1.1791509,0.6894668,1226.317,xgb_shap_list_ir_3_subset_56,xgb_shap_list_ir_3
4223,X6,0.9175088,0.48214996,954.2091,xgb_shap_list_ir_3_subset_56,xgb_shap_list_ir_3
4224,X1,0.95713466,0.67627513,995.42004,xgb_shap_list_ir_5_subset_44,xgb_shap_list_ir_5
4225,X2,0.6670032,0.5588458,693.68335,xgb_shap_list_ir_5_subset_44,xgb_shap_list_ir_5
4226,X3,0.5636788,0.32592195,586.22595,xgb_shap_list_ir_5_subset_44,xgb_shap_list_ir_5
4227,X4,1.5891882,0.609375,1652.7557,xgb_shap_list_ir_5_subset_44,xgb_shap_list_ir_5
4228,X5,1.154029,0.83011675,1200.1902,xgb_shap_list_ir_5_subset_44,xgb_shap_list_ir_5
4229,X6,0.973297,0.49866113,1012.2289,xgb_shap_list_ir_5_subset_44,xgb_shap_list_ir_5
4230,X1,0.9829517,0.63477534,1022.2698,xgb_shap_list_ir_3_subset_54,xgb_shap_list_ir_3
4231,X2,0.64541215,0.6498838,671.22864,xgb_shap_list_ir_3_subset_54,xgb_shap_list_ir_3
4232,X3,0.5565285,0.30520704,578.7897,xgb_shap_list_ir_3_subset_54,xgb_shap_list_ir_3
4233,X4,1.1173809,0.46713862,1162.076,xgb_shap_list_ir_3_subset_54,xgb_shap_list_ir_3
4234,X5,1.1798202,0.77076226,1227.013,xgb_shap_list_ir_3_subset_54,xgb_shap_list_ir_3
4235,X6,0.8228077,0.42014235,855.72003,xgb_shap_list_ir_3_subset_54,xgb_shap_list_ir_3
4236,X1,0.7469913,0.4192663,776.8709,xgb_shap_list_ir_4_subset_39,xgb_shap_list_ir_4
4237,X2,0.56232876,0.57404405,584.8219,xgb_shap_list_ir_4_subset_39,xgb_shap_list_ir_4
4238,X3,0.7350041,0.50998205,764.4043,xgb_shap_list_ir_4_subset_39,xgb_shap_list_ir_4
4239,X4,1.4844952,0.59892297,1543.875,xgb_shap_list_ir_4_subset_39,xgb_shap_list_ir_4
4240,X5,1.3171532,0.86695373,1369.8394,xgb_shap_list_ir_4_subset_39,xgb_shap_list_ir_4
4241,X6,0.68902016,0.39420712,716.58093,xgb_shap_list_ir_4_subset_39,xgb_shap_list_ir_4
4242,X1,0.7685389,0.60617423,799.28046,xgb_shap_list_ir_4_subset_57,xgb_shap_list_ir_4
4243,X2,0.7477984,0.5237752,777.7103,xgb_shap_list_ir_4_subset_57,xgb_shap_list_ir_4
4244,X3,0.5748844,0.33679846,597.8798,xgb_shap_list_ir_4_subset_57,xgb_shap_list_ir_4
4245,X4,1.3306204,0.6265706,1383.8452,xgb_shap_list_ir_4_subset_57,xgb_shap_list_ir_4
4246,X5,1.2985197,0.96496046,1350.4606,xgb_shap_list_ir_4_subset_57,xgb_shap_list_ir_4
4247,X6,0.830737,0.4485991,863.9665,xgb_shap_list_ir_4_subset_57,xgb_shap_list_ir_4
4248,X1,0.7175707,0.3292281,746.27356,xgb_shap_list_ir_1_subset_146,xgb_shap_list_ir_1
4249,X2,0.46030724,0.23692723,478.71954,xgb_shap_list_ir_1_subset_146,xgb_shap_list_ir_1
4250,X3,0.28548595,0.24415554,296.9054,xgb_shap_list_ir_1_subset_146,xgb_shap_list_ir_1
4251,X4,1.1955067,0.40319306,1243.3269,xgb_shap_list_ir_1_subset_146,xgb_shap_list_ir_1
4252,X5,0.9799933,0.3279761,1019.193,xgb_shap_list_ir_1_subset_146,xgb_shap_list_ir_1
4253,X6,1.2485322,0.3749837,1298.4735,xgb_shap_list_ir_1_subset_146,xgb_shap_list_ir_1
4254,X1,0.7392073,0.40558416,768.77563,xgb_shap_list_ir_1_subset_56,xgb_shap_list_ir_1
4255,X2,0.6388361,0.4573711,664.3895,xgb_shap_list_ir_1_subset_56,xgb_shap_list_ir_1
4256,X3,1.69935,0.78565663,1767.324,xgb_shap_list_ir_1_subset_56,xgb_shap_list_ir_1
4257,X4,0.30594116,0.2847293,318.1788,xgb_shap_list_ir_1_subset_56,xgb_shap_list_ir_1
4258,X5,0.20056161,0.19333595,208.58408,xgb_shap_list_ir_1_subset_56,xgb_shap_list_ir_1
4259,X6,0.67146885,0.27465948,698.32764,xgb_shap_list_ir_1_subset_56,xgb_shap_list_ir_1
4260,X1,0.72684723,0.4718249,755.92114,xgb_shap_list_ir_3_subset_25,xgb_shap_list_ir_3
4261,X2,0.47285426,0.41419753,491.76843,xgb_shap_list_ir_3_subset_25,xgb_shap_list_ir_3
4262,X3,0.70038486,0.33892864,728.40027,xgb_shap_list_ir_3_subset_25,xgb_shap_list_ir_3
4263,X4,1.5792416,0.7159821,1642.4113,xgb_shap_list_ir_3_subset_25,xgb_shap_list_ir_3
4264,X5,1.1485765,0.66049606,1194.5195,xgb_shap_list_ir_3_subset_25,xgb_shap_list_ir_3
4265,X6,0.65847677,0.42269373,684.81586,xgb_shap_list_ir_3_subset_25,xgb_shap_list_ir_3
4266,X1,0.7476214,0.69387877,777.52625,xgb_shap_list_ir_4_subset_121,xgb_shap_list_ir_4
4267,X2,0.7690528,0.78499454,799.81494,xgb_shap_list_ir_4_subset_121,xgb_shap_list_ir_4
4268,X3,0.83214927,0.43246034,865.43524,xgb_shap_list_ir_4_subset_121,xgb_shap_list_ir_4
4269,X4,1.2992057,0.64888465,1351.1738,xgb_shap_list_ir_4_subset_121,xgb_shap_list_ir_4
4270,X5,1.2755828,0.82595336,1326.6061,xgb_shap_list_ir_4_subset_121,xgb_shap_list_ir_4
4271,X6,0.9024451,0.5017717,938.5429,xgb_shap_list_ir_4_subset_121,xgb_shap_list_ir_4
4272,X1,0.8264229,0.6150839,859.47986,xgb_shap_list_ir_5_subset_71,xgb_shap_list_ir_5
4273,X2,0.8238418,0.6302405,856.7955,xgb_shap_list_ir_5_subset_71,xgb_shap_list_ir_5
4274,X3,0.3494252,0.29321608,363.4022,xgb_shap_list_ir_5_subset_71,xgb_shap_list_ir_5
4275,X4,1.2631354,0.6599173,1313.6609,xgb_shap_list_ir_5_subset_71,xgb_shap_list_ir_5
4276,X5,1.392821,0.90994376,1448.5338,xgb_shap_list_ir_5_subset_71,xgb_shap_list_ir_5
4277,X6,0.8859877,0.5024623,921.4272,xgb_shap_list_ir_5_subset_71,xgb_shap_list_ir_5
4278,X1,0.6096581,0.4138976,634.04443,xgb_shap_list_ir_1_subset_86,xgb_shap_list_ir_1
4279,X2,0.6815675,0.40412897,708.8302,xgb_shap_list_ir_1_subset_86,xgb_shap_list_ir_1
4280,X3,1.571161,0.6382011,1634.0074,xgb_shap_list_ir_1_subset_86,xgb_shap_list_ir_1
4281,X4,0.98444206,0.33291927,1023.81976,xgb_shap_list_ir_1_subset_86,xgb_shap_list_ir_1
4282,X5,0.14227882,0.22733349,147.96997,xgb_shap_list_ir_1_subset_86,xgb_shap_list_ir_1
4283,X6,0.8846527,0.3038282,920.03876,xgb_shap_list_ir_1_subset_86,xgb_shap_list_ir_1
4284,X1,0.7898741,0.5030167,821.46906,xgb_shap_list_ir_2_subset_133,xgb_shap_list_ir_2
4285,X2,0.5012627,0.5109982,521.31323,xgb_shap_list_ir_2_subset_133,xgb_shap_list_ir_2
4286,X3,0.61392444,0.34805945,638.48145,xgb_shap_list_ir_2_subset_133,xgb_shap_list_ir_2
4287,X4,1.6257491,0.88038146,1690.779,xgb_shap_list_ir_2_subset_133,xgb_shap_list_ir_2
4288,X5,1.262852,0.49900565,1313.3661,xgb_shap_list_ir_2_subset_133,xgb_shap_list_ir_2
4289,X6,1.4881339,0.7370919,1547.6593,xgb_shap_list_ir_2_subset_133,xgb_shap_list_ir_2
4290,X1,0.5161173,0.42282894,536.76196,xgb_shap_list_ir_3_subset_138,xgb_shap_list_ir_3
4291,X2,0.56130993,0.5012678,583.7623,xgb_shap_list_ir_3_subset_138,xgb_shap_list_ir_3
4292,X3,0.6387545,0.35053438,664.3047,xgb_shap_list_ir_3_subset_138,xgb_shap_list_ir_3
4293,X4,1.2393247,0.7473482,1288.8977,xgb_shap_list_ir_3_subset_138,xgb_shap_list_ir_3
4294,X5,1.0785689,0.74899757,1121.7117,xgb_shap_list_ir_3_subset_138,xgb_shap_list_ir_3
4295,X6,0.72634286,0.46288937,755.39655,xgb_shap_list_ir_3_subset_138,xgb_shap_list_ir_3
4296,X1,0.83773863,0.52935207,871.24817,xgb_shap_list_ir_5_subset_21,xgb_shap_list_ir_5
4297,X2,0.5926725,0.55841506,616.37946,xgb_shap_list_ir_5_subset_21,xgb_shap_list_ir_5
4298,X3,0.83543783,0.40377098,868.85535,xgb_shap_list_ir_5_subset_21,xgb_shap_list_ir_5
4299,X4,1.8005543,0.78988856,1872.5764,xgb_shap_list_ir_5_subset_21,xgb_shap_list_ir_5
4300,X5,1.1122577,0.7283168,1156.748,xgb_shap_list_ir_5_subset_21,xgb_shap_list_ir_5
4301,X6,0.92363507,0.55414015,960.58044,xgb_shap_list_ir_5_subset_21,xgb_shap_list_ir_5
4302,X1,1.1249809,0.7486088,1169.9801,xgb_shap_list_ir_4_subset_26,xgb_shap_list_ir_4
4303,X2,0.6149881,0.60587287,639.5876,xgb_shap_list_ir_4_subset_26,xgb_shap_list_ir_4
4304,X3,0.6528066,0.34316123,678.9188,xgb_shap_list_ir_4_subset_26,xgb_shap_list_ir_4
4305,X4,1.8141446,0.73912907,1886.7104,xgb_shap_list_ir_4_subset_26,xgb_shap_list_ir_4
4306,X5,0.91230386,0.6229757,948.796,xgb_shap_list_ir_4_subset_26,xgb_shap_list_ir_4
4307,X6,0.88145787,0.5265939,916.7162,xgb_shap_list_ir_4_subset_26,xgb_shap_list_ir_4
4308,X1,0.6061336,0.38688827,630.3789,xgb_shap_list_ir_3_subset_107,xgb_shap_list_ir_3
4309,X2,0.46351936,0.49594232,482.06015,xgb_shap_list_ir_3_subset_107,xgb_shap_list_ir_3
4310,X3,0.9078976,0.38467264,944.2135,xgb_shap_list_ir_3_subset_107,xgb_shap_list_ir_3
4311,X4,1.5002954,0.6735797,1560.3073,xgb_shap_list_ir_3_subset_107,xgb_shap_list_ir_3
4312,X5,0.95888895,0.6554272,997.2445,xgb_shap_list_ir_3_subset_107,xgb_shap_list_ir_3
4313,X6,0.9582908,0.5203114,996.62244,xgb_shap_list_ir_3_subset_107,xgb_shap_list_ir_3
4314,X1,0.6899703,0.41353762,717.56915,xgb_shap_list_ir_4_subset_71,xgb_shap_list_ir_4
4315,X2,0.5569576,0.49927455,579.2359,xgb_shap_list_ir_4_subset_71,xgb_shap_list_ir_4
4316,X3,0.75341934,0.41543907,783.5561,xgb_shap_list_ir_4_subset_71,xgb_shap_list_ir_4
4317,X4,1.2669615,0.7143647,1317.6399,xgb_shap_list_ir_4_subset_71,xgb_shap_list_ir_4
4318,X5,1.279749,0.87874407,1330.939,xgb_shap_list_ir_4_subset_71,xgb_shap_list_ir_4
4319,X6,0.7999319,0.49321797,831.92914,xgb_shap_list_ir_4_subset_71,xgb_shap_list_ir_4
4320,X1,0.8737699,0.59805506,908.7207,xgb_shap_list_ir_5_subset_4,xgb_shap_list_ir_5
4321,X2,0.6865116,0.68331116,713.97205,xgb_shap_list_ir_5_subset_4,xgb_shap_list_ir_5
4322,X3,0.7121232,0.3453894,740.60815,xgb_shap_list_ir_5_subset_4,xgb_shap_list_ir_5
4323,X4,1.7215621,0.76325196,1790.4247,xgb_shap_list_ir_5_subset_4,xgb_shap_list_ir_5
4324,X5,1.1718717,0.7809146,1218.7466,xgb_shap_list_ir_5_subset_4,xgb_shap_list_ir_5
4325,X6,0.75844234,0.5235857,788.78,xgb_shap_list_ir_5_subset_4,xgb_shap_list_ir_5
4326,X1,0.668126,0.49786025,694.851,xgb_shap_list_ir_5_subset_107,xgb_shap_list_ir_5
4327,X2,0.71938115,0.70912206,748.1564,xgb_shap_list_ir_5_subset_107,xgb_shap_list_ir_5
4328,X3,0.8332515,0.530764,866.58154,xgb_shap_list_ir_5_subset_107,xgb_shap_list_ir_5
4329,X4,1.1206951,0.5605612,1165.523,xgb_shap_list_ir_5_subset_107,xgb_shap_list_ir_5
4330,X5,1.5028447,1.0372301,1562.9585,xgb_shap_list_ir_5_subset_107,xgb_shap_list_ir_5
4331,X6,0.93187124,0.5610725,969.14606,xgb_shap_list_ir_5_subset_107,xgb_shap_list_ir_5
4332,X1,0.6451713,0.3411818,670.97815,xgb_shap_list_ir_1_subset_136,xgb_shap_list_ir_1
4333,X2,0.31614935,0.22774372,328.79532,xgb_shap_list_ir_1_subset_136,xgb_shap_list_ir_1
4334,X3,1.2613581,0.41724387,1311.8125,xgb_shap_list_ir_1_subset_136,xgb_shap_list_ir_1
4335,X4,1.9542196,0.3985932,2032.3883,xgb_shap_list_ir_1_subset_136,xgb_shap_list_ir_1
4336,X5,0.8879066,0.40678653,923.42285,xgb_shap_list_ir_1_subset_136,xgb_shap_list_ir_1
4337,X6,1.1258527,0.4285326,1170.8868,xgb_shap_list_ir_1_subset_136,xgb_shap_list_ir_1
4338,X1,1.7127441,0.9207511,1781.2539,xgb_shap_list_ir_2_subset_75,xgb_shap_list_ir_2
4339,X2,0.8077387,0.56086266,840.0483,xgb_shap_list_ir_2_subset_75,xgb_shap_list_ir_2
4340,X3,0.73136395,0.31812915,760.6185,xgb_shap_list_ir_2_subset_75,xgb_shap_list_ir_2
4341,X4,1.1238664,0.5758961,1168.821,xgb_shap_list_ir_2_subset_75,xgb_shap_list_ir_2
4342,X5,1.0129678,0.5493222,1053.4866,xgb_shap_list_ir_2_subset_75,xgb_shap_list_ir_2
4343,X6,0.61698866,0.37069535,641.6682,xgb_shap_list_ir_2_subset_75,xgb_shap_list_ir_2
4344,X1,0.78146935,0.5634622,812.7281,xgb_shap_list_ir_4_subset_124,xgb_shap_list_ir_4
4345,X2,0.7970697,0.66468143,828.9525,xgb_shap_list_ir_4_subset_124,xgb_shap_list_ir_4
4346,X3,0.68907773,0.39927122,716.64087,xgb_shap_list_ir_4_subset_124,xgb_shap_list_ir_4
4347,X4,1.2550105,0.61034626,1305.2109,xgb_shap_list_ir_4_subset_124,xgb_shap_list_ir_4
4348,X5,1.2995923,1.02801,1351.5759,xgb_shap_list_ir_4_subset_124,xgb_shap_list_ir_4
4349,X6,0.87706167,0.5437388,912.1441,xgb_shap_list_ir_4_subset_124,xgb_shap_list_ir_4
4350,X1,0.523114,0.33286908,544.0386,xgb_shap_list_ir_3_subset_70,xgb_shap_list_ir_3
4351,X2,0.63559616,0.43021652,661.02,xgb_shap_list_ir_3_subset_70,xgb_shap_list_ir_3
4352,X3,0.74928087,0.43381286,779.2521,xgb_shap_list_ir_3_subset_70,xgb_shap_list_ir_3
4353,X4,1.5543162,0.62637794,1616.4888,xgb_shap_list_ir_3_subset_70,xgb_shap_list_ir_3
4354,X5,1.3898962,0.7441974,1445.492,xgb_shap_list_ir_3_subset_70,xgb_shap_list_ir_3
4355,X6,0.5836738,0.49784392,607.02075,xgb_shap_list_ir_3_subset_70,xgb_shap_list_ir_3
4356,X1,0.82775235,0.3650515,860.8624,xgb_shap_list_ir_1_subset_40,xgb_shap_list_ir_1
4357,X2,0.7276168,0.4817605,756.72144,xgb_shap_list_ir_1_subset_40,xgb_shap_list_ir_1
4358,X3,0.2543129,0.16128929,264.4854,xgb_shap_list_ir_1_subset_40,xgb_shap_list_ir_1
4359,X4,1.4237807,0.5292571,1480.7319,xgb_shap_list_ir_1_subset_40,xgb_shap_list_ir_1
4360,X5,0.8835053,0.4450921,918.8455,xgb_shap_list_ir_1_subset_40,xgb_shap_list_ir_1
4361,X6,0.58710873,0.6033442,610.5931,xgb_shap_list_ir_1_subset_40,xgb_shap_list_ir_1
4362,X1,0.9381927,0.62803674,975.72046,xgb_shap_list_ir_3_subset_73,xgb_shap_list_ir_3
4363,X2,0.56096745,0.50314647,583.4061,xgb_shap_list_ir_3_subset_73,xgb_shap_list_ir_3
4364,X3,0.45815045,0.26071933,476.47647,xgb_shap_list_ir_3_subset_73,xgb_shap_list_ir_3
4365,X4,1.1287483,0.53743947,1173.8982,xgb_shap_list_ir_3_subset_73,xgb_shap_list_ir_3
4366,X5,1.5103835,0.8605522,1570.7988,xgb_shap_list_ir_3_subset_73,xgb_shap_list_ir_3
4367,X6,0.8403927,0.49735653,874.0084,xgb_shap_list_ir_3_subset_73,xgb_shap_list_ir_3
4368,X1,0.8995234,0.6085015,935.50433,xgb_shap_list_ir_4_subset_129,xgb_shap_list_ir_4
4369,X2,0.7854014,0.5115578,816.81744,xgb_shap_list_ir_4_subset_129,xgb_shap_list_ir_4
4370,X3,0.8142907,0.43061417,846.8623,xgb_shap_list_ir_4_subset_129,xgb_shap_list_ir_4
4371,X4,1.6250172,0.76246953,1690.0178,xgb_shap_list_ir_4_subset_129,xgb_shap_list_ir_4
4372,X5,1.3148476,0.9851965,1367.4415,xgb_shap_list_ir_4_subset_129,xgb_shap_list_ir_4
4373,X6,0.96159637,0.51421535,1000.06024,xgb_shap_list_ir_4_subset_129,xgb_shap_list_ir_4
4374,X1,0.74908614,0.37067834,779.04956,xgb_shap_list_ir_1_subset_62,xgb_shap_list_ir_1
4375,X2,0.71799856,0.4054414,746.7185,xgb_shap_list_ir_1_subset_62,xgb_shap_list_ir_1
4376,X3,0.9031127,0.45496786,939.23724,xgb_shap_list_ir_1_subset_62,xgb_shap_list_ir_1
4377,X4,0.64443284,0.31747845,670.21014,xgb_shap_list_ir_1_subset_62,xgb_shap_list_ir_1
4378,X5,0.8003498,0.35314587,832.3638,xgb_shap_list_ir_1_subset_62,xgb_shap_list_ir_1
4379,X6,0.749028,0.46532232,778.98914,xgb_shap_list_ir_1_subset_62,xgb_shap_list_ir_1
4380,X1,0.97982585,0.6469839,1019.01886,xgb_shap_list_ir_5_subset_64,xgb_shap_list_ir_5
4381,X2,0.7178353,0.6269201,746.5487,xgb_shap_list_ir_5_subset_64,xgb_shap_list_ir_5
4382,X3,0.68830025,0.4616828,715.8323,xgb_shap_list_ir_5_subset_64,xgb_shap_list_ir_5
4383,X4,1.3673728,0.68710285,1422.0676,xgb_shap_list_ir_5_subset_64,xgb_shap_list_ir_5
4384,X5,1.1017255,0.83950615,1145.7944,xgb_shap_list_ir_5_subset_64,xgb_shap_list_ir_5
4385,X6,1.0747575,0.61338,1117.7478,xgb_shap_list_ir_5_subset_64,xgb_shap_list_ir_5
4386,X1,0.7240043,0.6256305,752.9645,xgb_shap_list_ir_3_subset_100,xgb_shap_list_ir_3
4387,X2,0.68780196,0.55400336,715.314,xgb_shap_list_ir_3_subset_100,xgb_shap_list_ir_3
4388,X3,0.4196397,0.31203797,436.4253,xgb_shap_list_ir_3_subset_100,xgb_shap_list_ir_3
4389,X4,1.2583134,0.5089151,1308.646,xgb_shap_list_ir_3_subset_100,xgb_shap_list_ir_3
4390,X5,1.1027715,0.7551819,1146.8823,xgb_shap_list_ir_3_subset_100,xgb_shap_list_ir_3
4391,X6,0.70571977,0.49063507,733.94855,xgb_shap_list_ir_3_subset_100,xgb_shap_list_ir_3
4392,X1,0.8466297,0.66312045,880.4949,xgb_shap_list_ir_4_subset_122,xgb_shap_list_ir_4
4393,X2,0.762077,0.6613155,792.56006,xgb_shap_list_ir_4_subset_122,xgb_shap_list_ir_4
4394,X3,0.66315824,0.37366864,689.6846,xgb_shap_list_ir_4_subset_122,xgb_shap_list_ir_4
4395,X4,1.2055361,0.7193395,1253.7576,xgb_shap_list_ir_4_subset_122,xgb_shap_list_ir_4
4396,X5,0.8526497,0.5863741,886.7557,xgb_shap_list_ir_4_subset_122,xgb_shap_list_ir_4
4397,X6,0.7881006,0.4900143,819.62463,xgb_shap_list_ir_4_subset_122,xgb_shap_list_ir_4
4398,X1,1.9272387,0.9878743,2004.3282,xgb_shap_list_ir_2_subset_53,xgb_shap_list_ir_2
4399,X2,0.6328879,0.48293647,658.2034,xgb_shap_list_ir_2_subset_53,xgb_shap_list_ir_2
4400,X3,0.4416791,0.33697435,459.34625,xgb_shap_list_ir_2_subset_53,xgb_shap_list_ir_2
4401,X4,0.6516423,0.6026781,677.708,xgb_shap_list_ir_2_subset_53,xgb_shap_list_ir_2
4402,X5,1.1407802,0.6596456,1186.4114,xgb_shap_list_ir_2_subset_53,xgb_shap_list_ir_2
4403,X6,1.224927,0.52711344,1273.9241,xgb_shap_list_ir_2_subset_53,xgb_shap_list_ir_2
4404,X1,0.80589235,0.59745204,838.12805,xgb_shap_list_ir_5_subset_148,xgb_shap_list_ir_5
4405,X2,0.72116876,0.6983553,750.0155,xgb_shap_list_ir_5_subset_148,xgb_shap_list_ir_5
4406,X3,0.7459763,0.48599565,775.81537,xgb_shap_list_ir_5_subset_148,xgb_shap_list_ir_5
4407,X4,1.5969435,0.81760526,1660.8213,xgb_shap_list_ir_5_subset_148,xgb_shap_list_ir_5
4408,X5,1.1374103,0.87544376,1182.9067,xgb_shap_list_ir_5_subset_148,xgb_shap_list_ir_5
4409,X6,1.014064,0.5223267,1054.6265,xgb_shap_list_ir_5_subset_148,xgb_shap_list_ir_5
4410,X1,0.78668433,0.5297202,818.15173,xgb_shap_list_ir_5_subset_46,xgb_shap_list_ir_5
4411,X2,0.6525624,0.46464875,678.66486,xgb_shap_list_ir_5_subset_46,xgb_shap_list_ir_5
4412,X3,0.6106496,0.37387484,635.07556,xgb_shap_list_ir_5_subset_46,xgb_shap_list_ir_5
4413,X4,1.6741592,0.7606623,1741.1255,xgb_shap_list_ir_5_subset_46,xgb_shap_list_ir_5
4414,X5,1.1512855,0.86701035,1197.3369,xgb_shap_list_ir_5_subset_46,xgb_shap_list_ir_5
4415,X6,0.93232197,0.6094878,969.61487,xgb_shap_list_ir_5_subset_46,xgb_shap_list_ir_5
4416,X1,0.8841438,0.620005,919.5096,xgb_shap_list_ir_5_subset_88,xgb_shap_list_ir_5
4417,X2,0.7820972,0.7151431,813.3811,xgb_shap_list_ir_5_subset_88,xgb_shap_list_ir_5
4418,X3,0.7522643,0.451286,782.3549,xgb_shap_list_ir_5_subset_88,xgb_shap_list_ir_5
4419,X4,1.2695276,0.60508555,1320.3087,xgb_shap_list_ir_5_subset_88,xgb_shap_list_ir_5
4420,X5,1.3040907,0.9477333,1356.2544,xgb_shap_list_ir_5_subset_88,xgb_shap_list_ir_5
4421,X6,0.8317356,0.62756306,865.00507,xgb_shap_list_ir_5_subset_88,xgb_shap_list_ir_5
4422,X1,0.8334841,0.61746186,866.8235,xgb_shap_list_ir_3_subset_5,xgb_shap_list_ir_3
4423,X2,0.69122386,0.8060622,718.8728,xgb_shap_list_ir_3_subset_5,xgb_shap_list_ir_3
4424,X3,0.70868295,0.48633373,737.0303,xgb_shap_list_ir_3_subset_5,xgb_shap_list_ir_3
4425,X4,1.1749144,0.5226056,1221.9109,xgb_shap_list_ir_3_subset_5,xgb_shap_list_ir_3
4426,X5,1.0051417,0.64854676,1045.3474,xgb_shap_list_ir_3_subset_5,xgb_shap_list_ir_3
4427,X6,0.7274452,0.42265886,756.54297,xgb_shap_list_ir_3_subset_5,xgb_shap_list_ir_3
4428,X1,0.959858,0.41387787,998.2523,xgb_shap_list_ir_2_subset_74,xgb_shap_list_ir_2
4429,X2,0.7027134,0.5870452,730.8219,xgb_shap_list_ir_2_subset_74,xgb_shap_list_ir_2
4430,X3,0.40128523,0.2060793,417.33664,xgb_shap_list_ir_2_subset_74,xgb_shap_list_ir_2
4431,X4,1.1848149,0.5972867,1232.2075,xgb_shap_list_ir_2_subset_74,xgb_shap_list_ir_2
4432,X5,0.91530925,0.49796262,951.92163,xgb_shap_list_ir_2_subset_74,xgb_shap_list_ir_2
4433,X6,0.7884293,0.41006693,819.9665,xgb_shap_list_ir_2_subset_74,xgb_shap_list_ir_2
4434,X1,0.6838873,0.62803966,711.2428,xgb_shap_list_ir_5_subset_101,xgb_shap_list_ir_5
4435,X2,0.67030627,0.59956723,697.1185,xgb_shap_list_ir_5_subset_101,xgb_shap_list_ir_5
4436,X3,0.4646633,0.28694788,483.24982,xgb_shap_list_ir_5_subset_101,xgb_shap_list_ir_5
4437,X4,1.8399212,0.7834273,1913.5181,xgb_shap_list_ir_5_subset_101,xgb_shap_list_ir_5
4438,X5,1.0975323,0.7978484,1141.4336,xgb_shap_list_ir_5_subset_101,xgb_shap_list_ir_5
4439,X6,0.70477575,0.54007626,732.9668,xgb_shap_list_ir_5_subset_101,xgb_shap_list_ir_5
